7.006492e-45 7.006492e-45 7.006492e-45 8.407791e-45 8.407791e-45 1.121039e-44 1.121039e-44 1.261169e-44 4.070772e-42 2.051221e-41 3.448890e-40 2.993921e-35 1.002067e-31 1.227493e-30 7.547744e-28 8.303712e-24 8.254132e-20 3.450729e-18 1.321982e-16 3.076170e-15 1.451053e-12 3.234740e-11 6.414840e-10 2.184682e-09 3.671916e-08 6.946644e-08 2.196262e-07 1.295785e-06 4.413394e-06 3.299854e-05 3.713785e-05 1.196813e-04 6.508803e-05 1.580756e-04 3.069245e-04 2.568476e-04 6.036780e-04 4.596062e-04 1.089044e-03 2.156035e-03 1.442942e-03 3.938705e-03 3.397960e-03 2.886373e-03 7.161510e-03 3.994810e-03 8.624389e-03 1.256500e-02 1.072031e-02 2.848488e-02 2.219008e-02 2.185241e-02 3.791290e-02 2.227448e-02 2.214290e-02 2.249528e-02 1.860864e-02 1.801908e-02 1.248584e-02 1.407573e-02 1.227158e-02 9.105495e-03 1.214841e-02 5.685051e-03 4.271442e-03 4.031482e-03 1.561402e-03 9.767191e-04 5.681465e-04 1.966829e-04 1.338427e-04 6.582903e-05 2.442322e-05 2.853450e-05 2.579763e-05 8.806341e-06 8.312468e-06 1.748993e-05 1.336264e-05 7.083298e-06 1.131886e-05 1.586842e-05 7.930810e-06 6.701267e-06 1.506688e-05 2.026492e-05 9.013965e-06 5.990119e-06 9.881582e-06 1.009891e-05 3.829954e-06 2.055461e-06 2.911065e-06 3.019698e-06 9.123673e-07 1.962073e-07 8.478524e-08 5.074845e-08 1.748114e-08 3.766629e-09 1.383010e-09 1.213913e-09 1.552227e-09 1.445236e-09 8.553596e-10 6.563748e-10 1.134491e-09 3.639244e-09 6.822523e-09 3.816115e-09 1.164750e-09 6.467904e-10 7.589305e-10 5.786223e-10 1.301188e-10 1.949573e-11 9.270184e-12 1.795552e-11 2.520662e-11 5.665302e-12 3.546871e-13 3.825219e-14 2.601967e-14 5.552348e-14 5.870579e-14 6.645162e-15 1.725683e-16 6.513631e-18 8.643383e-19 1.194526e-19 4.229742e-21 3.220930e-23 4.848686e-26 8.293808e-30 8.150792e-35 7.332995e-41 2.802597e-45 2.802597e-45 1.401298e-45 1.401298e-45 1.401298e-45 1.401298e-45 1.401298e-45 1.401298e-45 1.401298e-45 1.401298e-45 1.401298e-45 1.401298e-45 1.401298e-45 1.401298e-45 0.000000e+00 1.401298e-45 1.401298e-45 1.401298e-45 1.401298e-45 1.401298e-45 1.401298e-45 1.401298e-45 1.401298e-45 1.401298e-45 1.401298e-45 1.401298e-45 1.401298e-45 1.401298e-45 0.000000e+00 0.000000e+00 0.000000e+00 0.000000e+00 0.000000e+00 0.000000e+00 0.000000e+00 0.000000e+00 0.000000e+00 0.000000e+00 0.000000e+00 0.000000e+00 0.000000e+00 0.000000e+00 0.000000e+00 0.000000e+00 0.000000e+00 0.000000e+00 0.000000e+00 0.000000e+00 0.000000e+00
5.605194e-45 5.605194e-45 5.605194e-45 7.006492e-45 7.006492e-45 9.809089e-45 1.121039e-44 1.401298e-44 4.344025e-44 3.298657e-42 6.661839e-37 1.893983e-33 1.198386e-32 7.305457e-29 3.234070e-24 2.348347e-20 3.709854e-19 4.211483e-17 1.598357e-15 1.706147e-12 1.822656e-11 6.559875e-10 1.385968e-09 4.398016e-08 6.809917e-08 5.056621e-07 2.913358e-06 1.348120e-05 6.474471e-05 7.487392e-05 2.490453e-04 1.712869e-04 3.698810e-04 7.310432e-04 6.271662e-04 1.756074e-03 1.294680e-03 3.495011e-03 5.875989e-03 4.489304e-03 9.992918e-03 8.289785e-03 9.433690e-03 1.527020e-02 1.133728e-02 2.238191e-02 2.992526e-02 2.650651e-02 6.322077e-02 5.073961e-02 4.720695e-02 8.749587e-02 5.240444e-02 5.917481e-02 6.480426e-02 4.744255e-02 5.293779e-02 4.216321e-02 4.255620e-02 3.899547e-02 3.086218e-02 3.468503e-02 1.674017e-02 1.280091e-02 1.369526e-02 5.199994e-03 3.393086e-03 2.599253e-03 8.566407e-04 5.172864e-04 3.138914e-04 1.309016e-04 1.263207e-04 9.458374e-05 3.516727e-05 3.509290e-05 5.635491e-05 3.180577e-05 1.793447e-05 2.786875e-05 3.171335e-05 1.754506e-05 1.796252e-05 3.937682e-05 3.750835e-05 1.511727e-05 1.339979e-05 1.991778e-05 1.175936e-05 4.337595e-06 4.373622e-06 8.291083e-06 6.475573e-06 2.058935e-06 9.381519e-07 7.748647e-07 4.699063e-07 1.344399e-07 3.580005e-08 1.638328e-08 1.158541e-08 7.787125e-09 4.343430e-09 2.622946e-09 2.559362e-09 4.930009e-09 1.035906e-08 1.110131e-08 4.790168e-09 2.122240e-09 2.184982e-09 3.529815e-09 2.847652e-09 7.294879e-10 1.665132e-10 1.233920e-10 2.266237e-10 2.030302e-10 3.130561e-11 2.023792e-12 5.181524e-13 9.689027e-13 3.102810e-12 1.637091e-12 1.143747e-13 5.394582e-15 1.371312e-15 1.940370e-15 2.290197e-15 2.228146e-16 8.456931e-19 5.049719e-22 1.619903e-25 4.081708e-29 9.201978e-33 2.116509e-36 1.304637e-40 2.802597e-45 2.802597e-45 1.401298e-45 1.401298e-45 1.401298e-45 1.401298e-45 1.401298e-45 1.401298e-45 1.401298e-45 1.401298e-45 1.401298e-45 1.401298e-45 1.401298e-45 1.401298e-45 1.401298e-45 1.401298e-45 1.401298e-45 1.401298e-45 1.401298e-45 1.401298e-45 1.401298e-45 1.401298e-45 1.401298e-45 1.401298e-45 1.401298e-45 1.401298e-45 1.401298e-45 1.401298e-45 1.401298e-45 1.401298e-45 0.000000e+00 0.000000e+00 0.000000e+00 0.000000e+00 0.000000e+00 0.000000e+00 0.000000e+00 0.000000e+00 0.000000e+00 0.000000e+00 0.000000e+00 0.000000e+00 0.000000e+00 0.000000e+00 0.000000e+00 0.000000e+00 0.000000e+00 0.000000e+00
5.605194e-45 4.203895e-45 5.605194e-45 4.203895e-45 5.605194e-45 7.006492e-45 8.407791e-45 1.121039e-44 1.261169e-44 5.643938e-39 3.345892e-35 2.811864e-34 1.710310e-29 7.946967e-25 4.734567e-21 3.620679e-20 3.195227e-17 9.006502e-16 1.632225e-12 6.256444e-12 6.138714e-10 9.215260e-10 5.160892e-08 7.032882e-08 7.097680e-07 5.477867e-06 2.019582e-05 1.257565e-04 9.258339e-05 4.801851e-04 2.979807e-04 7.695166e-04 1.395041e-03 1.233891e-03 4.390732e-03 2.905846e-03 8.798378e-03 1.107111e-02 9.977038e-03 2.062266e-02 1.458255e-02 2.538721e-02 2.947690e-02 2.774385e-02 5.680011e-02 6.131496e-02 6.424201e-02 1.203600e-01 9.583874e-02 1.022662e-01 1.607964e-01 1.021918e-01 1.334453e-01 1.414554e-01 9.785496e-02 1.247691e-01 1.026451e-01 9.692778e-02 8.716905e-02 7.668245e-02 7.103577e-02 3.773753e-02 3.296251e-02 3.203292e-02 1.232371e-02 9.700076e-03 8.113231e-03 2.715838e-03 1.881437e-03 1.364203e-03 5.515914e-04 4.823028e-04 3.448111e-04 1.309860e-04 1.321606e-04 1.770976e-04 7.825565e-05 4.521068e-05 7.029981e-05 7.038155e-05 3.955647e-05 4.714170e-05 9.552702e-05 7.301223e-05 3.349077e-05 3.609316e-05 3.966161e-05 1.606418e-05 6.316089e-06 7.916848e-06 1.094987e-05 5.098462e-06 1.991073e-06 1.810165e-06 2.195145e-06 1.364494e-06 5.309175e-07 2.640011e-07 1.673044e-07 8.741264e-08 4.123322e-08 2.275220e-08 1.728133e-08 1.767441e-08 2.270609e-08 2.844933e-08 1.974966e-08 9.160378e-09 5.363967e-09 6.193154e-09 8.517957e-09 6.290230e-09 2.439815e-09 1.127182e-09 1.266722e-09 1.933131e-09 9.807695e-10 9.526491e-11 8.266556e-12 3.357013e-12 9.729081e-12 2.239488e-11 8.080693e-12 5.549850e-13 7.693699e-14 9.183705e-14 4.598995e-13 6.650400e-13 3.292668e-14 8.291797e-17 9.713661e-20 4.986978e-22 1.181540e-23 4.678388e-25 5.541415e-27 8.528014e-30 2.517167e-34 4.129627e-41 2.802597e-45 2.802597e-45 1.401298e-45 1.401298e-45 1.401298e-45 1.401298e-45 1.401298e-45 1.401298e-45 1.401298e-45 1.401298e-45 1.401298e-45 1.401298e-45 1.401298e-45 1.401298e-45 1.401298e-45 0.000000e+00 0.000000e+00 1.401298e-45 1.401298e-45 1.401298e-45 1.401298e-45 1.401298e-45 1.401298e-45 1.401298e-45 1.401298e-45 1.401298e-45 1.401298e-45 1.401298e-45 1.401298e-45 0.000000e+00 0.000000e+00 0.000000e+00 0.000000e+00 0.000000e+00 0.000000e+00 0.000000e+00 0.000000e+00 0.000000e+00 0.000000e+00 0.000000e+00 0.000000e+00 0.000000e+00 0.000000e+00 0.000000e+00 0.000000e+00 0.000000e+00 0.000000e+00
4.203895e-45 4.203895e-45 4.203895e-45 4.203895e-45 4.203895e-45 5.605194e-45 5.605194e-45 8.407791e-45 2.087935e-43 1.036253e-37 1.329728e-35 1.361919e-29 1.756521e-25 1.284518e-21 8.584541e-21 3.492116e-17 4.741123e-16 9.395758e-13 3.333339e-12 5.274205e-10 9.530459e-10 3.834555e-08 9.477923e-08 7.620211e-07 1.143785e-05 2.318888e-05 2.253428e-04 8.656144e-05 6.817872e-04 3.920225e-04 1.377200e-03 2.387049e-03 1.983789e-03 8.165101e-03 4.939731e-03 1.756286e-02 1.576700e-02 1.749782e-02 3.651280e-02 2.125203e-02 5.293297e-02 4.500104e-02 5.498939e-02 1.117733e-01 9.440237e-02 1.317053e-01 1.656755e-01 1.451106e-01 1.782728e-01 2.161477e-01 1.662168e-01 2.092217e-01 2.144660e-01 1.506924e-01 1.935810e-01 1.663634e-01 1.494220e-01 1.326773e-01 1.222596e-01 1.054035e-01 6.230061e-02 6.363430e-02 5.272105e-02 2.169846e-02 2.133642e-02 1.752616e-02 6.616121e-03 5.608177e-03 4.520500e-03 1.893426e-03 1.676720e-03 1.185271e-03 4.815278e-04 4.924278e-04 5.611079e-04 2.184192e-04 1.372474e-04 2.141298e-04 1.788277e-04 9.750681e-05 1.275378e-04 2.178193e-04 1.447883e-04 8.527079e-05 1.026298e-04 9.474919e-05 3.501374e-05 1.719192e-05 1.889703e-05 1.380530e-05 4.564058e-06 2.125899e-06 2.149125e-06 2.144533e-06 1.302917e-06 8.590832e-07 7.535445e-07 5.141194e-07 2.436998e-07 1.308548e-07 1.134827e-07 1.099545e-07 9.656036e-08 8.386746e-08 7.179203e-08 5.091443e-08 2.799703e-08 2.142325e-08 2.577572e-08 3.116293e-08 2.005624e-08 8.259440e-09 5.062955e-09 6.089050e-09 7.173885e-09 2.664192e-09 3.299739e-10 4.501354e-11 3.052018e-11 5.182835e-11 5.350034e-11 8.059526e-12 6.071650e-13 1.857320e-13 6.804538e-13 4.709861e-12 3.659220e-12 1.136514e-13 5.613719e-16 7.105050e-18 1.120948e-18 1.492428e-18 9.523568e-19 4.533855e-20 7.194969e-23 4.456952e-27 1.285392e-32 4.264455e-39 2.802597e-45 2.802597e-45 1.401298e-45 1.401298e-45 1.401298e-45 1.401298e-45 1.401298e-45 1.401298e-45 1.401298e-45 1.401298e-45 1.401298e-45 1.401298e-45 1.401298e-45 1.401298e-45 1.401298e-45 1.401298e-45 0.000000e+00 1.401298e-45 1.401298e-45 1.401298e-45 1.401298e-45 1.401298e-45 1.401298e-45 1.401298e-45 1.401298e-45 1.401298e-45 1.401298e-45 1.401298e-45 1.401298e-45 1.401298e-45 0.000000e+00 0.000000e+00 0.000000e+00 0.000000e+00 0.000000e+00 0.000000e+00 0.000000e+00 0.000000e+00 0.000000e+00 0.000000e+00 0.000000e+00 0.000000e+00 0.000000e+00 0.000000e+00 0.000000e+00 0.000000e+00 0.000000e+00
4.203895e-45 4.203895e-45 4.203895e-45 2.802597e-45 4.203895e-45 4.203895e-45 5.605194e-45 7.006492e-45 2.984766e-43 3.709468e-38 5.586574e-30 7.265364e-26 2.009391e-21 2.015043e-20 5.717974e-17 3.467231e-16 6.095570e-13 3.832553e-12 3.432455e-10 8.014217e-10 1.958422e-08 1.407045e-07 9.065292e-07 2.046313e-05 2.592204e-05 2.766571e-04 8.236412e-05 7.418224e-04 5.472456e-04 2.154007e-03 3.589642e-03 2.873938e-03 1.093133e-02 7.470847e-03 2.539908e-02 2.105976e-02 2.612589e-02 5.429726e-02 2.973706e-02 7.756143e-02 6.077952e-02 8.320397e-02 1.647464e-01 1.167011e-01 1.984430e-01 1.804166e-01 1.780255e-01 2.254894e-01 2.157534e-01 2.051364e-01 2.074781e-01 2.117539e-01 1.721465e-01 1.777710e-01 1.850116e-01 1.564840e-01 1.305779e-01 1.452981e-01 1.103455e-01 7.168514e-02 9.232853e-02 6.331769e-02 2.925609e-02 3.746787e-02 2.907084e-02 1.206070e-02 1.279676e-02 1.139310e-02 5.185383e-03 4.811906e-03 3.931196e-03 1.835072e-03 1.762577e-03 1.718223e-03 7.170193e-04 5.114242e-04 7.150831e-04 4.908645e-04 2.902109e-04 3.967978e-04 5.132955e-04 3.020421e-04 2.267557e-04 3.008001e-04 2.310015e-04 9.500205e-05 6.418144e-05 6.535886e-05 3.173667e-05 1.019193e-05 5.154487e-06 4.008300e-06 2.477499e-06 1.349945e-06 1.019333e-06 8.280933e-07 4.593533e-07 2.362213e-07 2.076847e-07 2.670027e-07 2.940125e-07 2.290634e-07 1.877042e-07 1.700225e-07 1.332868e-07 9.468078e-08 7.784943e-08 9.664470e-08 1.012092e-07 5.897281e-08 2.579163e-08 1.829954e-08 2.158511e-08 1.625637e-08 4.363881e-09 6.318553e-10 1.822313e-10 1.766241e-10 2.877972e-10 1.045042e-10 7.480493e-12 5.237552e-13 3.289034e-13 1.837791e-12 9.387172e-12 4.097004e-12 1.080857e-13 1.738868e-15 1.901314e-16 3.729976e-16 2.504686e-15 5.002480e-15 2.935924e-16 4.452841e-19 8.727243e-23 8.150211e-27 4.244433e-31 8.484980e-36 2.656441e-41 2.802597e-45 1.401298e-45 1.401298e-45 1.401298e-45 1.401298e-45 1.401298e-45 1.401298e-45 1.401298e-45 1.401298e-45 1.401298e-45 1.401298e-45 1.401298e-45 1.401298e-45 1.401298e-45 1.401298e-45 1.401298e-45 1.401298e-45 0.000000e+00 0.000000e+00 0.000000e+00 1.401298e-45 1.401298e-45 1.401298e-45 1.401298e-45 1.401298e-45 1.401298e-45 1.401298e-45 1.401298e-45 1.401298e-45 1.401298e-45 1.401298e-45 0.000000e+00 0.000000e+00 0.000000e+00 0.000000e+00 0.000000e+00 0.000000e+00 0.000000e+00 0.000000e+00 0.000000e+00 0.000000e+00 0.000000e+00 0.000000e+00 0.000000e+00 0.000000e+00 0.000000e+00
2.802597e-45 2.802597e-45 2.802597e-45 2.802597e-45 2.802597e-45 2.802597e-45 4.203895e-45 7.006492e-45 1.401298e-44 7.892614e-33 7.718193e-27 1.304948e-20 4.861168e-19 2.677612e-16 9.868247e-16 1.022679e-12 6.564808e-12 1.661655e-10 6.503813e-10 1.525243e-08 2.342521e-07 1.306730e-06 2.896542e-05 3.386914e-05 2.612922e-04 1.028072e-04 7.340537e-04 9.107645e-04 2.734762e-03 5.093450e-03 4.058255e-03 1.308342e-02 1.083920e-02 3.061124e-02 2.770765e-02 3.621218e-02 6.091824e-02 3.905177e-02 8.058412e-02 7.440004e-02 1.008955e-01 1.820442e-01 1.201460e-01 2.155968e-01 1.615577e-01 1.767567e-01 2.103561e-01 1.628752e-01 1.832871e-01 1.457083e-01 1.525524e-01 1.441670e-01 1.221835e-01 1.508374e-01 1.247724e-01 9.956298e-02 1.365527e-01 9.242306e-02 6.571164e-02 1.077254e-01 6.181549e-02 3.552255e-02 6.039439e-02 3.937802e-02 1.863475e-02 2.575093e-02 2.131674e-02 1.059471e-02 1.254921e-02 1.145460e-02 5.668185e-03 5.582495e-03 5.178118e-03 2.295099e-03 1.862298e-03 2.342346e-03 1.379151e-03 8.777247e-04 1.208509e-03 1.177665e-03 6.627192e-04 6.413091e-04 8.153077e-04 5.013065e-04 2.631957e-04 2.721696e-04 2.566977e-04 1.129959e-04 4.513889e-05 2.771773e-05 1.680985e-05 7.669641e-06 4.103848e-06 2.675271e-06 1.258665e-06 4.883705e-07 2.717210e-07 2.638284e-07 3.038691e-07 2.688070e-07 2.289201e-07 2.274034e-07 2.567946e-07 2.467917e-07 2.009083e-07 1.882302e-07 1.919844e-07 1.805799e-07 1.069109e-07 5.941580e-08 4.794647e-08 4.697642e-08 2.464821e-08 4.894163e-09 8.646230e-10 3.849625e-10 4.953207e-10 5.155876e-10 1.381236e-10 1.026188e-11 1.416060e-12 1.558785e-12 5.925628e-12 9.036162e-12 1.158521e-12 4.046759e-14 3.260768e-15 3.789543e-15 3.227557e-14 2.969561e-13 3.429268e-13 1.627547e-14 4.795398e-17 7.084904e-20 2.834772e-22 1.393681e-24 2.165590e-27 3.620648e-31 3.416188e-36 8.379765e-43 2.802597e-45 2.802597e-45 2.802597e-45 2.802597e-45 1.401298e-45 1.401298e-45 1.401298e-45 1.401298e-45 1.401298e-45 1.401298e-45 1.401298e-45 1.401298e-45 1.401298e-45 1.401298e-45 1.401298e-45 1.401298e-45 0.000000e+00 0.000000e+00 0.000000e+00 1.401298e-45 1.401298e-45 1.401298e-45 1.401298e-45 1.401298e-45 1.401298e-45 1.401298e-45 1.401298e-45 1.401298e-45 1.401298e-45 1.401298e-45 1.401298e-45 0.000000e+00 0.000000e+00 0.000000e+00 0.000000e+00 0.000000e+00 0.000000e+00 0.000000e+00 0.000000e+00 0.000000e+00 0.000000e+00 0.000000e+00 0.000000e+00 0.000000e+00 0.000000e+00
2.802597e-45 2.802597e-45 2.802597e-45 2.802597e-45 2.802597e-45 2.802597e-45 4.203895e-45 5.605194e-45 1.208673e-39 2.174667e-30 4.866887e-21 6.950285e-18 1.834680e-15 1.205912e-14 4.574458e-12 1.369128e-11 1.172489e-10 9.534628e-10 2.530815e-08 3.831449e-07 2.497065e-06 3.940512e-05 5.576065e-05 2.264354e-04 1.550910e-04 8.027689e-04 1.635044e-03 3.184738e-03 6.734435e-03 5.758311e-03 1.536964e-02 1.454384e-02 3.562404e-02 3.419635e-02 4.502198e-02 5.433883e-02 4.566237e-02 7.568890e-02 8.834191e-02 1.097861e-01 1.724502e-01 1.106758e-01 1.827786e-01 1.280409e-01 1.312933e-01 1.535809e-01 9.654085e-02 1.254490e-01 8.894114e-02 9.001535e-02 1.077304e-01 7.600178e-02 1.038906e-01 9.673332e-02 6.698263e-02 1.156680e-01 7.569762e-02 5.412896e-02 1.104656e-01 5.622730e-02 4.032510e-02 8.456213e-02 4.518204e-02 2.705551e-02 4.543325e-02 3.096395e-02 1.854809e-02 2.931056e-02 2.453957e-02 1.275105e-02 1.531526e-02 1.366825e-02 5.952673e-03 5.485699e-03 6.709001e-03 3.534790e-03 2.295432e-03 3.092240e-03 2.654530e-03 1.517274e-03 1.561782e-03 1.613103e-03 9.691081e-04 7.207515e-04 9.100297e-04 7.943438e-04 4.269364e-04 2.632502e-04 1.840232e-04 8.973231e-05 3.865312e-05 2.320909e-05 1.232067e-05 4.061807e-06 1.374926e-06 8.227697e-07 6.638356e-07 4.314484e-07 2.493668e-07 1.778424e-07 1.798740e-07 2.043811e-07 2.343634e-07 2.430036e-07 2.274147e-07 2.167395e-07 1.800519e-07 1.401813e-07 9.849931e-08 8.291342e-08 6.644873e-08 2.967058e-08 6.825648e-09 1.723027e-09 1.032945e-09 1.013641e-09 5.526037e-10 9.582900e-11 1.273766e-11 5.321658e-12 1.052949e-11 2.805203e-11 1.131768e-11 6.236804e-13 2.446867e-14 9.337687e-15 4.752996e-14 8.366397e-13 4.606352e-12 1.640884e-12 3.812134e-14 2.697638e-16 4.195556e-18 3.197065e-19 5.478264e-20 2.307644e-21 5.130589e-24 9.964059e-28 4.069528e-32 2.448137e-37 3.208973e-43 2.802597e-45 2.802597e-45 2.802597e-45 1.401298e-45 1.401298e-45 1.401298e-45 1.401298e-45 1.401298e-45 1.401298e-45 1.401298e-45 1.401298e-45 1.401298e-45 1.401298e-45 1.401298e-45 1.401298e-45 1.401298e-45 0.000000e+00 0.000000e+00 1.401298e-45 1.401298e-45 1.401298e-45 1.401298e-45 1.401298e-45 1.401298e-45 1.401298e-45 1.401298e-45 1.401298e-45 1.401298e-45 1.401298e-45 1.401298e-45 1.401298e-45 1.401298e-45 0.000000e+00 0.000000e+00 0.000000e+00 0.000000e+00 0.000000e+00 0.000000e+00 0.000000e+00 0.000000e+00 0.000000e+00 0.000000e+00 0.000000e+00 0.000000e+00
2.802597e-45 2.802597e-45 2.802597e-45 1.401298e-45 2.802597e-45 2.802597e-45 4.203895e-45 7.006492e-45 1.461539e-36 4.808491e-24 1.198539e-18 1.326400e-15 1.287074e-13 3.244771e-11 5.204014e-11 2.519698e-10 2.993992e-09 6.228397e-08 6.596463e-07 5.207925e-06 4.945781e-05 7.475632e-05 1.808079e-04 2.405423e-04 1.049046e-03 2.692754e-03 3.759099e-03 8.266484e-03 7.988470e-03 1.801073e-02 1.755765e-02 3.816235e-02 3.494968e-02 4.384254e-02 4.237740e-02 4.479717e-02 6.929291e-02 9.000561e-02 1.021080e-01 1.270687e-01 8.984290e-02 1.126058e-01 8.732269e-02 7.184924e-02 8.639901e-02 5.200608e-02 6.999125e-02 5.532265e-02 5.112259e-02 7.810685e-02 4.869015e-02 6.769439e-02 7.857192e-02 4.428863e-02 9.109180e-02 6.379069e-02 4.070156e-02 1.018049e-01 4.966910e-02 3.979117e-02 9.980746e-02 4.500880e-02 3.331695e-02 6.564489e-02 3.750290e-02 2.819544e-02 5.244870e-02 3.713245e-02 2.205094e-02 3.224091e-02 2.703820e-02 1.262571e-02 1.334280e-02 1.480345e-02 7.296501e-03 5.185997e-03 6.676290e-03 5.299563e-03 3.273600e-03 2.965290e-03 2.418372e-03 1.641704e-03 1.643643e-03 1.929938e-03 1.638219e-03 1.254627e-03 1.081887e-03 6.984866e-04 3.091187e-04 1.673645e-04 1.100245e-04 4.583043e-05 1.314863e-05 5.415730e-06 3.728015e-06 2.459875e-06 1.127074e-06 5.041692e-07 2.901241e-07 1.906790e-07 1.548196e-07 1.505684e-07 1.527750e-07 1.438101e-07 1.426872e-07 1.661221e-07 1.630055e-07 1.371639e-07 1.113941e-07 9.590973e-08 5.420123e-08 1.631871e-08 4.806551e-09 2.653331e-09 2.117660e-09 9.270309e-10 1.712507e-10 3.658613e-11 2.726157e-11 5.790004e-11 7.157176e-11 1.535592e-11 7.450067e-13 7.826483e-14 7.918457e-14 6.272853e-13 5.115716e-12 7.007095e-12 9.064031e-13 2.540983e-14 9.672967e-16 1.486666e-16 9.723299e-17 1.090811e-16 2.828054e-17 3.567203e-19 5.145263e-22 5.313067e-25 5.310512e-28 1.693005e-31 4.527911e-36 3.709237e-42 2.802597e-45 2.802597e-45 1.401298e-45 1.401298e-45 1.401298e-45 1.401298e-45 1.401298e-45 1.401298e-45 1.401298e-45 1.401298e-45 1.401298e-45 1.401298e-45 1.401298e-45 1.401298e-45 1.401298e-45 1.401298e-45 1.401298e-45 1.401298e-45 0.000000e+00 0.000000e+00 1.401298e-45 1.401298e-45 1.401298e-45 1.401298e-45 1.401298e-45 2.802597e-45 1.401298e-45 1.401298e-45 1.401298e-45 1.401298e-45 1.401298e-45 0.000000e+00 0.000000e+00 0.000000e+00 0.000000e+00 0.000000e+00 0.000000e+00 0.000000e+00 0.000000e+00 0.000000e+00 0.000000e+00 0.000000e+00 0.000000e+00
1.401298e-45 2.802597e-45 1.401298e-45 1.401298e-45 2.802597e-45 2.802597e-45 5.605194e-45 9.668959e-44 3.682520e-29 5.005649e-22 6.998800e-18 8.902675e-14 8.763411e-11 2.797186e-10 1.318313e-09 1.529421e-08 2.140885e-07 1.470654e-06 1.055854e-05 5.206363e-05 7.839616e-05 1.425571e-04 3.903113e-04 1.371539e-03 3.790024e-03 4.554367e-03 9.712731e-03 1.091363e-02 1.967546e-02 1.976453e-02 3.217120e-02 3.083352e-02 3.381418e-02 3.470739e-02 4.037178e-02 6.070508e-02 7.448528e-02 7.609218e-02 7.378996e-02 6.107686e-02 5.447969e-02 5.007488e-02 3.490822e-02 4.111518e-02 2.959717e-02 3.555212e-02 3.539211e-02 3.124921e-02 4.965100e-02 3.417682e-02 4.212959e-02 5.768117e-02 3.150330e-02 5.955057e-02 4.902900e-02 2.990568e-02 7.298695e-02 4.002444e-02 3.451484e-02 8.732529e-02 3.882765e-02 3.504805e-02 7.663090e-02 3.838393e-02 3.617040e-02 6.997666e-02 4.008852e-02 2.994615e-02 4.914596e-02 3.634649e-02 2.156152e-02 2.482502e-02 2.194309e-02 1.258045e-02 1.055652e-02 1.102059e-02 8.751369e-03 6.490376e-03 4.705974e-03 3.117240e-03 2.765947e-03 3.130937e-03 2.767764e-03 2.313319e-03 2.532909e-03 2.298911e-03 1.227898e-03 6.534922e-04 5.025711e-04 3.045538e-04 1.009032e-04 3.219396e-05 1.827949e-05 1.408066e-05 8.186686e-06 3.612258e-06 1.696308e-06 8.996882e-07 4.617511e-07 2.521243e-07 1.769165e-07 1.292455e-07 9.444210e-08 9.353548e-08 1.265084e-07 1.579696e-07 1.461210e-07 1.429403e-07 1.434509e-07 1.005567e-07 4.366501e-08 1.937100e-08 1.362033e-08 9.537016e-09 3.178054e-09 5.937056e-10 1.801887e-10 1.718503e-10 2.519692e-10 1.477646e-10 2.057138e-11 2.122610e-12 7.854516e-13 2.140785e-12 1.229717e-11 1.701572e-11 2.885867e-12 1.659339e-13 1.679179e-14 5.342785e-15 5.970948e-15 1.351359e-14 2.130064e-14 7.772313e-15 2.762718e-16 1.187033e-18 3.627290e-21 4.828724e-23 5.098593e-25 3.633161e-28 8.374422e-33 2.937494e-39 2.802597e-45 1.401298e-45 1.401298e-45 1.401298e-45 1.401298e-45 1.401298e-45 1.401298e-45 1.401298e-45 1.401298e-45 1.401298e-45 1.401298e-45 1.401298e-45 1.401298e-45 1.401298e-45 1.401298e-45 1.401298e-45 1.401298e-45 1.401298e-45 1.401298e-45 0.000000e+00 1.401298e-45 1.401298e-45 1.401298e-45 1.401298e-45 1.401298e-45 1.401298e-45 1.401298e-45 1.401298e-45 1.401298e-45 1.401298e-45 1.401298e-45 1.401298e-45 0.000000e+00 0.000000e+00 0.000000e+00 0.000000e+00 0.000000e+00 0.000000e+00 0.000000e+00 0.000000e+00 0.000000e+00 0.000000e+00 0.000000e+00
1.401298e-45 1.401298e-45 1.401298e-45 1.401298e-45 2.802597e-45 4.203895e-45 5.605194e-45 1.355193e-36 5.011990e-28 1.914295e-22 6.206658e-16 9.890127e-12 2.618058e-10 4.990300e-09 8.797281e-08 1.222925e-06 4.594677e-06 2.263221e-05 4.825783e-05 7.715003e-05 1.170863e-04 5.757064e-04 1.585513e-03 4.345658e-03 5.303479e-03 9.596133e-03 1.260903e-02 1.614119e-02 1.865362e-02 2.029732e-02 2.405774e-02 2.286952e-02 2.659497e-02 3.244876e-02 4.236621e-02 5.050951e-02 4.381301e-02 3.748442e-02 3.579286e-02 2.496508e-02 2.843492e-02 1.815521e-02 2.160435e-02 1.951206e-02 2.035865e-02 2.628294e-02 2.148494e-02 3.302025e-02 2.647474e-02 2.698614e-02 4.136240e-02 2.380412e-02 3.710304e-02 3.650533e-02 2.290053e-02 4.702071e-02 3.102712e-02 2.896934e-02 6.075055e-02 3.171476e-02 3.539507e-02 6.964310e-02 3.604453e-02 4.217880e-02 7.225536e-02 3.547138e-02 3.388977e-02 5.537874e-02 3.560042e-02 2.744840e-02 3.304346e-02 2.536616e-02 1.825833e-02 1.652825e-02 1.441160e-02 1.318115e-02 1.053372e-02 6.051027e-03 4.388586e-03 5.196246e-03 4.665361e-03 3.032399e-03 2.990154e-03 3.694000e-03 2.478309e-03 1.267513e-03 1.063547e-03 9.875835e-04 4.626871e-04 1.431314e-04 6.586719e-05 5.130241e-05 3.862679e-05 2.038129e-05 9.820616e-06 5.666668e-06 3.327163e-06 1.622721e-06 7.552039e-07 3.997176e-07 2.309371e-07 1.419176e-07 1.152333e-07 1.279026e-07 1.338038e-07 1.225791e-07 1.293835e-07 1.654391e-07 1.696586e-07 1.186004e-07 7.821691e-08 6.276538e-08 4.429403e-08 1.582387e-08 3.689200e-09 1.487846e-09 1.470366e-09 1.456771e-09 4.939307e-10 6.904749e-11 1.530518e-11 1.668240e-11 6.345204e-11 1.367871e-10 3.694532e-11 1.512582e-12 8.322524e-14 2.561069e-14 4.746404e-14 1.667998e-13 4.713439e-13 5.694250e-13 1.604672e-13 6.355950e-15 3.007189e-17 8.887282e-20 1.310736e-21 1.022125e-22 2.306662e-24 1.079574e-27 1.650271e-32 1.852814e-38 2.802597e-45 1.401298e-45 1.401298e-45 1.401298e-45 1.401298e-45 1.401298e-45 1.401298e-45 1.401298e-45 1.401298e-45 1.401298e-45 1.401298e-45 1.401298e-45 1.401298e-45 1.401298e-45 1.401298e-45 1.401298e-45 1.401298e-45 1.401298e-45 1.401298e-45 1.401298e-45 1.401298e-45 1.401298e-45 1.401298e-45 1.401298e-45 1.401298e-45 1.401298e-45 1.401298e-45 1.401298e-45 1.401298e-45 1.401298e-45 1.401298e-45 1.401298e-45 1.401298e-45 1.401298e-45 0.000000e+00 0.000000e+00 0.000000e+00 0.000000e+00 0.000000e+00 0.000000e+00 0.000000e+00 0.000000e+00 0.000000e+00
1.401298e-45 1.401298e-45 1.401298e-45 1.401298e-45 2.802597e-45 4.203895e-45 7.006492e-45 5.031588e-36 1.778913e-28 1.106929e-19 4.336390e-14 1.898598e-11 6.126307e-09 4.373564e-07 9.628478e-06 1.762510e-05 4.429613e-05 3.948508e-05 7.494108e-05 1.137986e-04 7.785346e-04 1.776737e-03 4.110456e-03 5.185217e-03 7.304404e-03 1.050811e-02 9.158535e-03 1.323050e-02 1.055918e-02 1.624674e-02 1.369643e-02 1.716667e-02 2.117855e-02 2.327460e-02 2.902585e-02 2.140520e-02 1.872709e-02 1.865731e-02 1.201040e-02 1.647358e-02 9.874527e-03 1.315734e-02 1.354802e-02 1.368575e-02 2.128909e-02 1.552691e-02 2.428608e-02 2.055002e-02 1.839370e-02 2.934556e-02 1.721224e-02 2.398399e-02 2.566108e-02 1.665023e-02 3.056132e-02 2.240256e-02 2.309919e-02 4.084804e-02 2.560150e-02 3.426551e-02 5.322357e-02 3.225140e-02 4.467066e-02 5.680468e-02 2.999143e-02 3.563128e-02 4.497391e-02 2.949517e-02 2.946244e-02 3.012379e-02 2.433356e-02 2.413785e-02 1.960735e-02 1.578368e-02 1.840230e-02 1.347024e-02 6.652246e-03 6.631977e-03 8.335413e-03 5.054016e-03 3.199402e-03 3.839809e-03 3.473965e-03 1.732467e-03 1.233275e-03 1.477141e-03 1.112776e-03 4.428574e-04 1.938892e-04 1.361486e-04 1.126370e-04 7.753127e-05 4.541994e-05 2.634185e-05 1.600654e-05 8.735611e-06 4.147721e-06 2.108630e-06 1.216899e-06 7.037231e-07 4.215062e-07 3.073223e-07 2.561947e-07 2.000320e-07 1.449269e-07 1.289613e-07 1.505942e-07 1.824792e-07 1.832726e-07 1.790788e-07 1.973179e-07 1.784734e-07 9.271589e-08 3.458273e-08 1.767344e-08 1.491801e-08 9.780405e-09 2.538918e-09 4.696230e-10 2.279283e-10 4.563128e-10 1.069410e-09 5.569583e-10 3.843359e-11 1.580221e-12 2.381190e-13 3.646620e-13 1.920295e-12 5.539983e-12 3.962366e-12 1.395421e-12 2.989788e-13 1.559608e-14 2.138838e-16 2.179104e-18 7.219302e-20 1.482021e-20 2.789761e-21 2.157539e-23 3.609461e-27 6.436898e-32 1.626224e-37 1.121039e-44 1.401298e-45 1.401298e-45 1.401298e-45 1.401298e-45 1.401298e-45 1.401298e-45 1.401298e-45 1.401298e-45 1.401298e-45 1.401298e-45 1.401298e-45 1.401298e-45 1.401298e-45 1.401298e-45 1.401298e-45 1.401298e-45 1.401298e-45 1.401298e-45 1.401298e-45 1.401298e-45 1.401298e-45 1.401298e-45 1.401298e-45 1.401298e-45 1.401298e-45 1.401298e-45 1.401298e-45 1.401298e-45 1.401298e-45 1.401298e-45 1.401298e-45 1.401298e-45 1.401298e-45 0.000000e+00 0.000000e+00 0.000000e+00 0.000000e+00 0.000000e+00 0.000000e+00 0.000000e+00 0.000000e+00 0.000000e+00
1.401298e-45 1.401298e-45 1.401298e-45 2.802597e-45 2.802597e-45 4.203895e-45 7.006492e-45 3.232642e-36 5.783666e-25 1.125565e-17 1.609608e-13 1.535089e-09 9.867955e-07 4.574084e-05 4.908705e-05 6.259424e-05 3.628933e-05 9.043540e-05 1.596708e-04 1.080775e-03 2.043508e-03 3.274660e-03 3.952102e-03 4.259248e-03 6.570010e-03 4.336088e-03 8.186001e-03 5.778593e-03 1.053062e-02 8.333245e-03 1.094910e-02 1.384852e-02 1.277508e-02 1.731418e-02 1.102882e-02 1.075486e-02 1.050300e-02 6.760119e-03 1.052151e-02 5.928363e-03 9.538696e-03 9.755308e-03 1.019258e-02 1.739553e-02 1.130476e-02 1.849034e-02 1.536925e-02 1.321502e-02 2.012653e-02 1.208613e-02 1.609235e-02 1.636806e-02 1.163535e-02 1.926292e-02 1.480429e-02 1.784723e-02 2.708059e-02 1.967150e-02 3.047392e-02 3.655135e-02 2.721295e-02 4.264739e-02 3.876296e-02 2.586729e-02 3.574923e-02 3.070327e-02 2.315391e-02 2.727402e-02 2.069465e-02 1.990858e-02 2.656686e-02 1.701047e-02 1.465518e-02 2.304521e-02 1.352076e-02 6.141120e-03 8.497154e-03 9.995618e-03 4.497151e-03 3.220465e-03 3.905042e-03 2.494263e-03 1.235798e-03 1.242229e-03 1.426969e-03 8.608982e-04 4.257972e-04 3.119895e-04 2.711138e-04 2.061095e-04 1.439769e-04 9.553565e-05 5.824606e-05 3.437508e-05 1.984751e-05 1.130237e-05 6.712269e-06 4.162828e-06 2.630097e-06 1.760017e-06 1.282387e-06 8.814513e-07 5.245998e-07 3.184440e-07 2.277607e-07 2.023871e-07 1.966377e-07 1.966959e-07 2.234812e-07 3.228221e-07 4.437689e-07 3.929119e-07 2.408005e-07 1.630592e-07 1.347308e-07 8.034274e-08 2.335300e-08 5.954233e-09 4.084004e-09 7.133714e-09 7.659398e-09 1.358094e-09 7.615321e-11 7.402782e-12 5.164463e-12 1.831144e-11 6.835191e-11 5.685475e-11 9.632579e-12 1.236143e-12 2.714653e-13 7.854468e-14 1.165779e-14 1.152279e-15 1.775231e-16 5.201106e-17 8.272753e-18 1.076113e-19 4.585588e-23 2.453611e-27 1.331091e-31 2.078197e-36 5.563155e-43 1.401298e-45 1.401298e-45 1.401298e-45 1.401298e-45 1.401298e-45 1.401298e-45 1.401298e-45 1.401298e-45 1.401298e-45 1.401298e-45 1.401298e-45 1.401298e-45 1.401298e-45 1.401298e-45 1.401298e-45 1.401298e-45 1.401298e-45 1.401298e-45 1.401298e-45 1.401298e-45 1.401298e-45 1.401298e-45 1.401298e-45 1.401298e-45 1.401298e-45 1.401298e-45 1.401298e-45 1.401298e-45 1.401298e-45 1.401298e-45 1.401298e-45 1.401298e-45 1.401298e-45 1.401298e-45 1.401298e-45 0.000000e+00 0.000000e+00 0.000000e+00 0.000000e+00 0.000000e+00 0.000000e+00 0.000000e+00
0.000000e+00 1.401298e-45 1.401298e-45 2.802597e-45 2.802597e-45 4.203895e-45 5.605194e-45 1.500954e-36 4.689033e-26 2.716138e-19 6.775057e-13 3.383265e-08 1.325692e-05 2.883912e-05 4.853594e-05 4.769132e-05 1.552023e-04 2.967792e-04 1.387048e-03 1.977141e-03 2.047727e-03 2.246026e-03 2.057371e-03 3.433700e-03 2.302851e-03 5.361895e-03 3.962175e-03 7.313068e-03 5.886453e-03 7.857299e-03 9.889136e-03 8.063210e-03 1.083311e-02 6.496445e-03 6.684153e-03 6.581416e-03 4.309829e-03 7.112175e-03 3.950420e-03 7.469073e-03 7.256609e-03 7.782986e-03 1.346961e-02 7.610829e-03 1.302349e-02 1.023919e-02 8.942980e-03 1.343245e-02 8.031105e-03 1.113979e-02 1.050443e-02 8.204287e-03 1.319975e-02 1.019883e-02 1.400738e-02 1.898909e-02 1.486375e-02 2.504363e-02 2.518580e-02 2.251959e-02 3.618854e-02 2.743857e-02 2.283587e-02 3.192629e-02 2.205197e-02 1.808444e-02 2.072353e-02 1.397956e-02 1.490316e-02 2.026306e-02 1.269029e-02 1.326274e-02 2.097271e-02 9.957983e-03 5.291060e-03 8.857211e-03 8.241521e-03 3.497514e-03 3.126098e-03 3.303504e-03 1.648692e-03 1.008837e-03 1.182945e-03 1.088981e-03 6.560520e-04 5.040019e-04 5.034653e-04 4.565784e-04 3.703711e-04 3.074575e-04 2.148118e-04 1.220042e-04 7.114982e-05 4.759303e-05 3.395419e-05 2.307728e-05 1.558374e-05 1.117232e-05 8.188272e-06 5.476328e-06 3.194137e-06 1.785236e-06 1.087609e-06 7.169166e-07 4.809796e-07 3.562872e-07 3.106008e-07 3.380971e-07 4.455842e-07 6.693100e-07 8.522027e-07 8.118397e-07 7.425465e-07 7.520333e-07 5.734221e-07 2.414639e-07 8.953423e-08 5.977480e-08 7.395242e-08 4.771872e-08 6.597360e-09 4.327919e-10 1.035236e-10 1.696335e-10 5.591833e-10 6.451739e-10 1.502013e-10 1.722943e-11 3.090489e-12 2.135790e-12 3.752665e-12 4.296870e-12 1.164331e-12 1.805991e-13 3.651916e-14 3.719454e-15 5.852914e-17 1.137147e-19 8.904663e-23 1.146263e-25 1.594601e-28 1.204942e-32 8.443559e-39 2.802597e-45 1.401298e-45 1.401298e-45 1.401298e-45 1.401298e-45 1.401298e-45 1.401298e-45 1.401298e-45 1.401298e-45 1.401298e-45 1.401298e-45 1.401298e-45 1.401298e-45 1.401298e-45 1.401298e-45 1.401298e-45 1.401298e-45 1.401298e-45 1.401298e-45 1.401298e-45 1.401298e-45 1.401298e-45 1.401298e-45 1.401298e-45 1.401298e-45 1.401298e-45 1.401298e-45 1.401298e-45 1.401298e-45 1.401298e-45 1.401298e-45 1.401298e-45 1.401298e-45 1.401298e-45 1.401298e-45 1.401298e-45 0.000000e+00 0.000000e+00 0.000000e+00 0.000000e+00 0.000000e+00 0.000000e+00
0.000000e+00 0.000000e+00 1.401298e-45 1.401298e-45 2.802597e-45 2.802597e-45 4.203895e-45 5.605194e-45 3.524791e-37 2.295354e-24 7.830992e-15 2.213327e-09 2.062124e-07 4.638297e-06 3.116056e-05 1.671076e-04 3.487128e-04 1.173416e-03 1.327006e-03 1.102387e-03 1.215895e-03 1.218117e-03 2.295417e-03 1.839033e-03 4.352834e-03 3.223906e-03 5.521837e-03 4.456487e-03 5.799825e-03 6.907743e-03 5.427917e-03 6.745190e-03 4.063173e-03 4.216610e-03 4.136086e-03 2.912615e-03 4.795535e-03 2.852495e-03 6.021375e-03 5.521852e-03 6.096702e-03 9.697513e-03 5.041225e-03 8.959208e-03 6.549821e-03 6.320783e-03 9.546816e-03 5.646685e-03 8.603252e-03 7.627598e-03 6.178725e-03 1.049285e-02 7.526450e-03 1.061675e-02 1.429904e-02 1.076103e-02 1.956163e-02 1.976331e-02 1.844325e-02 3.054080e-02 2.238742e-02 2.022646e-02 2.659850e-02 1.731137e-02 1.460217e-02 1.509294e-02 1.020330e-02 1.134951e-02 1.335566e-02 8.986388e-03 1.103950e-02 1.431498e-02 6.609492e-03 4.663042e-03 7.487742e-03 5.486093e-03 2.744842e-03 2.861694e-03 2.570505e-03 1.281541e-03 9.939803e-04 1.108614e-03 8.322571e-04 5.899449e-04 6.219735e-04 6.974006e-04 6.790794e-04 6.961468e-04 6.721170e-04 4.670489e-04 2.665982e-04 1.757598e-04 1.375216e-04 1.047481e-04 7.359168e-05 5.532014e-05 4.626808e-05 3.496859e-05 2.174111e-05 1.196532e-05 7.056307e-06 4.375465e-06 2.619460e-06 1.536961e-06 1.006895e-06 8.628172e-07 8.845280e-07 9.831451e-07 1.086406e-06 1.196522e-06 1.260623e-06 1.495613e-06 2.069978e-06 2.346088e-06 1.501990e-06 7.216128e-07 5.142845e-07 4.845758e-07 2.498217e-07 3.473595e-08 3.417172e-09 1.196082e-09 2.452069e-09 6.056990e-09 3.336351e-09 4.707705e-10 6.835680e-11 3.602326e-11 7.219762e-11 2.214546e-10 2.625455e-10 5.259517e-11 3.293751e-12 2.814091e-13 6.434418e-14 1.104316e-14 6.976719e-16 2.510959e-17 8.052135e-19 8.021586e-21 8.337399e-24 1.399362e-28 3.619777e-35 2.413036e-42 2.802597e-45 2.802597e-45 2.802597e-45 1.401298e-45 1.401298e-45 1.401298e-45 1.401298e-45 1.401298e-45 1.401298e-45 1.401298e-45 1.401298e-45 1.401298e-45 1.401298e-45 1.401298e-45 1.401298e-45 1.401298e-45 1.401298e-45 1.401298e-45 1.401298e-45 1.401298e-45 1.401298e-45 1.401298e-45 1.401298e-45 1.401298e-45 1.401298e-45 1.401298e-45 1.401298e-45 1.401298e-45 1.401298e-45 2.802597e-45 1.401298e-45 1.401298e-45 1.401298e-45 1.401298e-45 1.401298e-45 0.000000e+00 0.000000e+00 0.000000e+00 0.000000e+00 0.000000e+00 0.000000e+00
0.000000e+00 0.000000e+00 0.000000e+00 1.401298e-45 1.401298e-45 1.401298e-45 2.802597e-45 2.802597e-45 4.203895e-45 9.787030e-34 5.380493e-21 2.540698e-14 1.608821e-09 1.590049e-06 6.262981e-05 2.558059e-04 7.947430e-04 8.148659e-04 7.099421e-04 9.931602e-04 1.234344e-03 2.324990e-03 1.749601e-03 3.112890e-03 1.953551e-03 2.932283e-03 2.315599e-03 3.038465e-03 3.592350e-03 3.032707e-03 3.508281e-03 2.274845e-03 2.505565e-03 2.621799e-03 2.168137e-03 3.707993e-03 2.448073e-03 5.429565e-03 4.759815e-03 5.485306e-03 7.689269e-03 4.163000e-03 7.418401e-03 5.169307e-03 6.041270e-03 8.401632e-03 5.406398e-03 8.508237e-03 6.944770e-03 6.138056e-03 9.557760e-03 6.583482e-03 8.984628e-03 1.102866e-02 8.909202e-03 1.619530e-02 1.699748e-02 1.659052e-02 2.703895e-02 2.075740e-02 1.870786e-02 2.376693e-02 1.619073e-02 1.375046e-02 1.374332e-02 9.631334e-03 1.006866e-02 1.018079e-02 7.120902e-03 9.153648e-03 1.028130e-02 5.114778e-03 4.433470e-03 6.385440e-03 4.130399e-03 2.404543e-03 2.642894e-03 2.288857e-03 1.338731e-03 1.113116e-03 1.082328e-03 7.920553e-04 6.268388e-04 6.613344e-04 7.455173e-04 8.724661e-04 1.087360e-03 1.158831e-03 8.728468e-04 5.885529e-04 4.473864e-04 3.781438e-04 2.995112e-04 2.268256e-04 1.871203e-04 1.571623e-04 1.201632e-04 7.882129e-05 4.774310e-05 2.783874e-05 1.611578e-05 9.241610e-06 5.609827e-06 3.825111e-06 3.001526e-06 2.700804e-06 2.434425e-06 2.195894e-06 1.963991e-06 2.039930e-06 2.604733e-06 4.033884e-06 5.348357e-06 4.377181e-06 2.683305e-06 2.058414e-06 1.882886e-06 8.664742e-07 1.574536e-07 2.559041e-08 1.364841e-08 2.540461e-08 4.115874e-08 1.429044e-08 1.659619e-09 4.192762e-10 5.382668e-10 1.543194e-09 2.425828e-09 8.956554e-10 8.844661e-11 5.777131e-12 9.400372e-13 8.711323e-13 2.186347e-12 2.476173e-12 6.882140e-13 5.132938e-14 6.585863e-16 4.894190e-19 1.973992e-23 1.868323e-28 1.019881e-33 5.673203e-39 1.821688e-44 2.802597e-45 2.802597e-45 2.802597e-45 1.401298e-45 1.401298e-45 1.401298e-45 1.401298e-45 1.401298e-45 1.401298e-45 1.401298e-45 1.401298e-45 1.401298e-45 1.401298e-45 1.401298e-45 1.401298e-45 1.401298e-45 1.401298e-45 1.401298e-45 1.401298e-45 1.401298e-45 1.401298e-45 1.401298e-45 1.401298e-45 1.401298e-45 1.401298e-45 1.401298e-45 1.401298e-45 1.401298e-45 1.401298e-45 1.401298e-45 1.401298e-45 1.401298e-45 1.401298e-45 1.401298e-45 1.401298e-45 0.000000e+00 0.000000e+00 0.000000e+00 0.000000e+00 0.000000e+00
0.000000e+00 1.401298e-45 0.000000e+00 0.000000e+00 1.401298e-45 1.401298e-45 1.401298e-45 2.802597e-45 2.802597e-45 4.203895e-45 8.251096e-32 9.621147e-19 1.719694e-10 3.118474e-06 1.607219e-04 6.550879e-04 4.775602e-04 3.392004e-04 5.580927e-04 7.005350e-04 1.099670e-03 6.254190e-04 8.575366e-04 4.610330e-04 6.605367e-04 5.193418e-04 8.107014e-04 1.026575e-03 1.063907e-03 1.300707e-03 1.047686e-03 1.521031e-03 1.842855e-03 1.993484e-03 3.381411e-03 2.514008e-03 5.712321e-03 4.828918e-03 6.348673e-03 7.281220e-03 4.445535e-03 7.819267e-03 4.793087e-03 7.579764e-03 7.988157e-03 5.901402e-03 9.790421e-03 6.587584e-03 7.217076e-03 9.194980e-03 6.240915e-03 9.304055e-03 9.786271e-03 9.422253e-03 1.679729e-02 1.564281e-02 1.717955e-02 2.639876e-02 1.973194e-02 1.929672e-02 2.479187e-02 1.741978e-02 1.584024e-02 1.664521e-02 1.178503e-02 1.096233e-02 1.014456e-02 7.494768e-03 8.689647e-03 8.691497e-03 5.186895e-03 5.064058e-03 6.519635e-03 4.190043e-03 2.747685e-03 3.038953e-03 2.613273e-03 1.668772e-03 1.368004e-03 1.254105e-03 9.516505e-04 7.011162e-04 6.357190e-04 7.211522e-04 9.341793e-04 1.209783e-03 1.347341e-03 1.222482e-03 1.022471e-03 9.210656e-04 8.420034e-04 7.077234e-04 5.628915e-04 4.751905e-04 4.292660e-04 3.593948e-04 2.496680e-04 1.464561e-04 8.381339e-05 5.006525e-05 3.259672e-05 2.112614e-05 1.415389e-05 1.039637e-05 7.876560e-06 5.932970e-06 4.445054e-06 4.064970e-06 4.789364e-06 6.757993e-06 8.700918e-06 9.179156e-06 7.428869e-06 5.082202e-06 3.963486e-06 3.520182e-06 2.183702e-06 6.632519e-07 2.005066e-07 1.422295e-07 2.421716e-07 2.882615e-07 8.594874e-08 1.145929e-08 3.843806e-09 7.248319e-09 1.919738e-08 1.148594e-08 1.469611e-09 1.529684e-10 3.534191e-11 3.236036e-11 9.339665e-11 3.772175e-10 4.941862e-10 8.255815e-11 2.120269e-12 2.208101e-14 5.674591e-17 4.254931e-20 2.335695e-23 3.181031e-26 5.051579e-29 2.245624e-32 4.213381e-37 4.666324e-43 2.802597e-45 2.802597e-45 2.802597e-45 1.401298e-45 1.401298e-45 1.401298e-45 1.401298e-45 1.401298e-45 1.401298e-45 1.401298e-45 1.401298e-45 1.401298e-45 1.401298e-45 1.401298e-45 1.401298e-45 1.401298e-45 1.401298e-45 1.401298e-45 1.401298e-45 1.401298e-45 1.401298e-45 1.401298e-45 1.401298e-45 1.401298e-45 1.401298e-45 1.401298e-45 1.401298e-45 1.401298e-45 1.401298e-45 1.401298e-45 1.401298e-45 1.401298e-45 1.401298e-45 1.401298e-45 1.401298e-45 0.000000e+00 0.000000e+00 0.000000e+00 0.000000e+00
0.000000e+00 0.000000e+00 1.401298e-45 1.401298e-45 1.401298e-45 1.401298e-45 1.401298e-45 1.401298e-45 1.401298e-45 2.802597e-45 5.605194e-45 6.612027e-26 1.499279e-14 9.569926e-09 1.961151e-06 6.102053e-06 6.107565e-06 1.473986e-05 2.186287e-05 4.243616e-05 2.859281e-05 5.306155e-05 3.541695e-05 6.436416e-05 6.179570e-05 1.317382e-04 1.998334e-04 2.759851e-04 4.722340e-04 5.171716e-04 1.220094e-03 1.640126e-03 2.346903e-03 3.665974e-03 3.146776e-03 7.675840e-03 5.927667e-03 8.517465e-03 7.615289e-03 4.658657e-03 9.271716e-03 4.450428e-03 1.013519e-02 7.489162e-03 6.308896e-03 1.227714e-02 5.757221e-03 9.103238e-03 9.036018e-03 6.538741e-03 1.234576e-02 1.041393e-02 1.181900e-02 1.964677e-02 1.519777e-02 2.008964e-02 2.860698e-02 2.023882e-02 2.429615e-02 2.925860e-02 2.032994e-02 2.193471e-02 2.218080e-02 1.507402e-02 1.445307e-02 1.259249e-02 9.351075e-03 9.951751e-03 8.968650e-03 6.366457e-03 6.897448e-03 7.935603e-03 5.659342e-03 4.282125e-03 4.296704e-03 3.452228e-03 2.356836e-03 1.972797e-03 1.761256e-03 1.257526e-03 8.038001e-04 6.602515e-04 7.456816e-04 9.170158e-04 1.077209e-03 1.187908e-03 1.211659e-03 1.269416e-03 1.387673e-03 1.437589e-03 1.273707e-03 1.062481e-03 9.439184e-04 9.010905e-04 7.615814e-04 5.083347e-04 3.053265e-04 1.953171e-04 1.389837e-04 9.590348e-05 6.412209e-05 4.443755e-05 3.265193e-05 2.260010e-05 1.439327e-05 1.046235e-05 1.035281e-05 1.457728e-05 2.110550e-05 2.384239e-05 1.901371e-05 1.319832e-05 9.524932e-06 7.249711e-06 5.725032e-06 3.851263e-06 1.982243e-06 1.048383e-06 1.132422e-06 1.983884e-06 2.163043e-06 7.438822e-07 1.446409e-07 5.595268e-08 6.973355e-08 1.056924e-07 4.525154e-08 5.611680e-09 9.531734e-10 8.963291e-10 2.887337e-09 9.384487e-09 1.081307e-08 3.356989e-09 2.728244e-10 1.064991e-11 3.561210e-13 1.790367e-14 6.218225e-16 1.973443e-17 8.281790e-19 4.612097e-20 3.339857e-22 5.912974e-26 3.911031e-31 3.176932e-37 1.499389e-43 2.802597e-45 2.802597e-45 2.802597e-45 1.401298e-45 1.401298e-45 1.401298e-45 1.401298e-45 1.401298e-45 1.401298e-45 1.401298e-45 1.401298e-45 1.401298e-45 1.401298e-45 1.401298e-45 1.401298e-45 1.401298e-45 1.401298e-45 1.401298e-45 1.401298e-45 1.401298e-45 1.401298e-45 1.401298e-45 1.401298e-45 1.401298e-45 1.401298e-45 1.401298e-45 1.401298e-45 1.401298e-45 1.401298e-45 1.401298e-45 1.401298e-45 1.401298e-45 1.401298e-45 1.401298e-45 1.401298e-45 0.000000e+00 0.000000e+00 0.000000e+00
0.000000e+00 1.401298e-45 1.401298e-45 1.401298e-45 1.401298e-45 1.401298e-45 1.401298e-45 1.401298e-45 1.401298e-45 2.802597e-45 4.203895e-45 8.625412e-41 1.867146e-25 2.153725e-17 2.122035e-13 2.142892e-11 1.161367e-09 1.418083e-08 1.497755e-07 4.224361e-07 2.140328e-06 2.940439e-06 8.006576e-06 1.235780e-05 3.440591e-05 7.195636e-05 1.103727e-04 2.661838e-04 3.582087e-04 1.172127e-03 1.752833e-03 2.926244e-03 4.785936e-03 4.563639e-03 1.015597e-02 6.896252e-03 7.664010e-03 7.116309e-03 3.674993e-03 1.030797e-02 4.374097e-03 1.114704e-02 8.116721e-03 5.931038e-03 1.572899e-02 5.106736e-03 1.205856e-02 1.091912e-02 7.648744e-03 1.889234e-02 1.089798e-02 1.396964e-02 2.203230e-02 1.444726e-02 2.522521e-02 3.041345e-02 2.212173e-02 3.288510e-02 3.203755e-02 2.534436e-02 3.202342e-02 2.611215e-02 1.957435e-02 2.129899e-02 1.615205e-02 1.231975e-02 1.348300e-02 1.045405e-02 7.973377e-03 9.615898e-03 9.767700e-03 7.518753e-03 6.944057e-03 6.469166e-03 4.928524e-03 3.768525e-03 3.147759e-03 2.472018e-03 1.640772e-03 1.029180e-03 8.137163e-04 8.270202e-04 8.719019e-04 8.712129e-04 8.936293e-04 1.000214e-03 1.261532e-03 1.641895e-03 1.826130e-03 1.779235e-03 1.710312e-03 1.673535e-03 1.459070e-03 1.050864e-03 6.684180e-04 4.533027e-04 3.531144e-04 2.851991e-04 2.162566e-04 1.557725e-04 1.181353e-04 8.709657e-05 5.915996e-05 3.888761e-05 3.031588e-05 3.463708e-05 4.874933e-05 6.085034e-05 5.281652e-05 3.891749e-05 3.026376e-05 2.523746e-05 1.968955e-05 1.313346e-05 8.118481e-06 4.769218e-06 3.466743e-06 4.065621e-06 7.395984e-06 8.811370e-06 4.335833e-06 1.406482e-06 7.509811e-07 8.474553e-07 8.996407e-07 3.687402e-07 5.843678e-08 1.396582e-08 1.523871e-08 4.510147e-08 7.136200e-08 2.973221e-08 5.489210e-09 1.016982e-09 2.552830e-10 7.002837e-11 1.664415e-11 3.182757e-12 3.522412e-13 2.744159e-14 3.090853e-15 1.363388e-16 5.600865e-19 9.731833e-23 2.945287e-27 4.405054e-32 1.050179e-37 8.407791e-45 2.802597e-45 2.802597e-45 2.802597e-45 1.401298e-45 1.401298e-45 1.401298e-45 1.401298e-45 1.401298e-45 1.401298e-45 1.401298e-45 1.401298e-45 1.401298e-45 1.401298e-45 1.401298e-45 1.401298e-45 1.401298e-45 1.401298e-45 1.401298e-45 1.401298e-45 1.401298e-45 1.401298e-45 1.401298e-45 1.401298e-45 1.401298e-45 1.401298e-45 1.401298e-45 1.401298e-45 1.401298e-45 1.401298e-45 1.401298e-45 1.401298e-45 1.401298e-45 1.401298e-45 1.401298e-45 0.000000e+00 0.000000e+00 0.000000e+00
0.000000e+00 1.401298e-45 1.401298e-45 1.401298e-45 1.401298e-45 1.401298e-45 1.401298e-45 1.401298e-45 1.401298e-45 1.401298e-45 2.802597e-45 5.605194e-45 1.261169e-44 2.332950e-35 6.989865e-27 8.121254e-21 9.446964e-17 1.485018e-13 2.434881e-11 1.776273e-09 2.120948e-08 1.997638e-07 1.041857e-06 4.355833e-06 1.384931e-05 2.385866e-05 8.096681e-05 1.652865e-04 6.286775e-04 1.298908e-03 2.421828e-03 4.761690e-03 4.894386e-03 7.764043e-03 5.838737e-03 4.401010e-03 6.421272e-03 3.080376e-03 1.043070e-02 5.591027e-03 9.706081e-03 1.051569e-02 5.130288e-03 1.778320e-02 5.689529e-03 1.424250e-02 1.578614e-02 8.424897e-03 2.361485e-02 9.945221e-03 1.292691e-02 2.302787e-02 1.361071e-02 2.952222e-02 3.139428e-02 2.311297e-02 3.960364e-02 3.053231e-02 2.985927e-02 4.058694e-02 2.605217e-02 2.629886e-02 2.989124e-02 1.874469e-02 1.748553e-02 1.835970e-02 1.183838e-02 1.028515e-02 1.206825e-02 1.062037e-02 9.343276e-03 9.600284e-03 8.518342e-03 6.991149e-03 5.862919e-03 4.647162e-03 3.367926e-03 2.274031e-03 1.493477e-03 1.121595e-03 1.002025e-03 8.635016e-04 6.989334e-04 6.517500e-04 7.956627e-04 1.133465e-03 1.527702e-03 1.892863e-03 2.267742e-03 2.595654e-03 2.426748e-03 1.825098e-03 1.218776e-03 8.425171e-04 6.234970e-04 5.032700e-04 4.432571e-04 4.009715e-04 3.520976e-04 2.926695e-04 2.386497e-04 1.801364e-04 1.320223e-04 1.086991e-04 1.099726e-04 1.219915e-04 1.108847e-04 8.605423e-05 6.925850e-05 6.812683e-05 6.948221e-05 5.926552e-05 4.013956e-05 2.263583e-05 1.300325e-05 8.925475e-06 9.084339e-06 1.233146e-05 1.586128e-05 1.090167e-05 5.297418e-06 4.028586e-06 5.693509e-06 6.922599e-06 2.985013e-06 5.711864e-07 1.305747e-07 8.858342e-08 1.381184e-07 1.362088e-07 4.880792e-08 1.775234e-08 1.647816e-08 1.946967e-08 1.075536e-08 1.779629e-09 1.610395e-10 1.647800e-11 3.454589e-12 7.301067e-13 2.238084e-13 2.857325e-14 6.593026e-16 2.409913e-18 2.690819e-21 2.838093e-25 9.440398e-31 4.486422e-38 4.203895e-45 2.802597e-45 2.802597e-45 2.802597e-45 1.401298e-45 1.401298e-45 1.401298e-45 1.401298e-45 1.401298e-45 1.401298e-45 1.401298e-45 1.401298e-45 1.401298e-45 1.401298e-45 1.401298e-45 1.401298e-45 1.401298e-45 1.401298e-45 1.401298e-45 1.401298e-45 1.401298e-45 1.401298e-45 1.401298e-45 1.401298e-45 1.401298e-45 1.401298e-45 1.401298e-45 1.401298e-45 1.401298e-45 1.401298e-45 1.401298e-45 1.401298e-45 1.401298e-45 1.401298e-45 1.401298e-45 0.000000e+00 0.000000e+00
0.000000e+00 1.401298e-45 1.401298e-45 1.401298e-45 1.401298e-45 1.401298e-45 1.401298e-45 1.401298e-45 1.401298e-45 1.401298e-45 1.401298e-45 2.802597e-45 5.605194e-45 8.407791e-45 1.261169e-44 1.971715e-36 3.404470e-29 1.177516e-23 2.418629e-19 3.857750e-16 1.414298e-13 1.781986e-11 5.840315e-10 1.065338e-08 7.465879e-08 7.657813e-07 4.689916e-06 3.163659e-05 1.337264e-04 4.066578e-04 1.143912e-03 1.698257e-03 2.537822e-03 3.278662e-03 2.753211e-03 5.929491e-03 3.366138e-03 9.114925e-03 7.373159e-03 7.365935e-03 1.207353e-02 4.840961e-03 1.628869e-02 7.246863e-03 1.277140e-02 1.820971e-02 7.587733e-03 1.864822e-02 7.960994e-03 1.056351e-02 2.191059e-02 1.332758e-02 2.987535e-02 3.028855e-02 2.270343e-02 3.730379e-02 2.700264e-02 3.039700e-02 4.038138e-02 2.605372e-02 3.329249e-02 3.530575e-02 2.044545e-02 2.431970e-02 2.339119e-02 1.333162e-02 1.356906e-02 1.417214e-02 1.062638e-02 1.077282e-02 1.112086e-02 9.463279e-03 9.050149e-03 8.131059e-03 5.977627e-03 4.623077e-03 3.529507e-03 2.329390e-03 1.677994e-03 1.384763e-03 9.751777e-04 6.234357e-04 5.373869e-04 6.663904e-04 9.094298e-04 1.186913e-03 1.662589e-03 2.468312e-03 3.040051e-03 2.751674e-03 2.063074e-03 1.540144e-03 1.149351e-03 8.732945e-04 7.418538e-04 7.547946e-04 8.151613e-04 8.219355e-04 8.032741e-04 7.668799e-04 6.663210e-04 4.878515e-04 3.540655e-04 2.815283e-04 2.295623e-04 1.791126e-04 1.356185e-04 1.231647e-04 1.308298e-04 1.355043e-04 1.091541e-04 7.147554e-05 4.670240e-05 3.449702e-05 3.042908e-05 2.880812e-05 2.685207e-05 2.048293e-05 1.275137e-05 7.524479e-06 7.221038e-06 1.270158e-05 1.891184e-05 1.129787e-05 2.893705e-06 7.843744e-07 4.491997e-07 4.866554e-07 4.568074e-07 2.153978e-07 8.622494e-08 7.181380e-08 9.295762e-08 3.865950e-08 3.408564e-09 2.292828e-10 5.821050e-11 6.091515e-11 1.318034e-10 1.489398e-10 5.168981e-11 5.750452e-12 2.328333e-13 2.922637e-15 8.559144e-18 1.488772e-21 3.668804e-27 5.164137e-34 9.813293e-42 2.802597e-45 2.802597e-45 1.401298e-45 1.401298e-45 1.401298e-45 1.401298e-45 1.401298e-45 1.401298e-45 1.401298e-45 1.401298e-45 1.401298e-45 1.401298e-45 1.401298e-45 1.401298e-45 1.401298e-45 1.401298e-45 1.401298e-45 1.401298e-45 1.401298e-45 1.401298e-45 1.401298e-45 1.401298e-45 1.401298e-45 1.401298e-45 1.401298e-45 1.401298e-45 1.401298e-45 1.401298e-45 1.401298e-45 1.401298e-45 1.401298e-45 1.401298e-45 1.401298e-45 1.401298e-45 1.401298e-45 0.000000e+00
0.000000e+00 1.401298e-45 1.401298e-45 1.401298e-45 1.401298e-45 1.401298e-45 1.401298e-45 1.401298e-45 1.401298e-45 1.401298e-45 1.401298e-45 2.802597e-45 2.802597e-45 5.605194e-45 5.605194e-45 7.006492e-45 9.809089e-45 1.611215e-38 1.074947e-31 5.536159e-26 2.846261e-21 7.353071e-18 4.794379e-15 7.124590e-13 7.658470e-11 2.935060e-09 7.100586e-08 9.408706e-07 7.266204e-06 4.234328e-05 1.362698e-04 3.686955e-04 1.072342e-03 1.700141e-03 4.292272e-03 3.774559e-03 7.055633e-03 7.754023e-03 6.022135e-03 1.154350e-02 5.628823e-03 1.382766e-02 9.352917e-03 1.054328e-02 1.704982e-02 7.370960e-03 1.452992e-02 8.409595e-03 1.110338e-02 2.220363e-02 1.453585e-02 2.946810e-02 2.721730e-02 2.145741e-02 3.057322e-02 2.297164e-02 2.944714e-02 3.472748e-02 2.731314e-02 3.810952e-02 3.400716e-02 2.416029e-02 3.182144e-02 2.665515e-02 1.644349e-02 1.776097e-02 1.609418e-02 1.151523e-02 1.190471e-02 1.182715e-02 1.037777e-02 1.061403e-02 9.643874e-03 7.639299e-03 6.603181e-03 5.203325e-03 3.540487e-03 2.709117e-03 2.094203e-03 1.254135e-03 7.277124e-04 5.903582e-04 6.366044e-04 7.202929e-04 8.769630e-04 1.270359e-03 1.962729e-03 2.483928e-03 2.428294e-03 2.195200e-03 1.961042e-03 1.639414e-03 1.336458e-03 1.276079e-03 1.469300e-03 1.789338e-03 2.059623e-03 2.246245e-03 2.276179e-03 1.923544e-03 1.403431e-03 9.624717e-04 6.916426e-04 4.984941e-04 3.459530e-04 2.541278e-04 2.081643e-04 1.941349e-04 1.622260e-04 1.130206e-04 7.779858e-05 6.960944e-05 8.393511e-05 1.015482e-04 9.293061e-05 5.797720e-05 3.072922e-05 1.640771e-05 1.091491e-05 1.046050e-05 1.465853e-05 1.956985e-05 1.288192e-05 4.860847e-06 2.161730e-06 1.890418e-06 2.303941e-06 1.964580e-06 8.113088e-07 2.195039e-07 8.406908e-08 4.984465e-08 2.088914e-08 4.047194e-09 1.037396e-09 1.101903e-09 4.526541e-09 2.043223e-08 1.937498e-08 2.556413e-09 1.054308e-10 3.932614e-12 1.275907e-13 4.388882e-15 2.827225e-17 2.248248e-20 7.583610e-25 1.395792e-30 2.801507e-37 2.802597e-45 2.802597e-45 1.401298e-45 1.401298e-45 1.401298e-45 2.802597e-45 1.401298e-45 1.401298e-45 1.401298e-45 1.401298e-45 1.401298e-45 1.401298e-45 1.401298e-45 1.401298e-45 1.401298e-45 1.401298e-45 1.401298e-45 1.401298e-45 1.401298e-45 1.401298e-45 1.401298e-45 1.401298e-45 1.401298e-45 1.401298e-45 1.401298e-45 1.401298e-45 1.401298e-45 1.401298e-45 1.401298e-45 1.401298e-45 1.401298e-45 1.401298e-45 1.401298e-45 1.401298e-45 1.401298e-45 0.000000e+00
0.000000e+00 1.401298e-45 1.401298e-45 1.401298e-45 1.401298e-45 1.401298e-45 1.401298e-45 1.401298e-45 2.802597e-45 2.802597e-45 2.802597e-45 2.802597e-45 2.802597e-45 2.802597e-45 4.203895e-45 4.203895e-45 5.605194e-45 7.006492e-45 1.121039e-44 5.274834e-37 1.366274e-30 4.784609e-25 1.592986e-20 1.204539e-16 8.727228e-14 1.552440e-11 9.724533e-10 2.674545e-08 4.861327e-07 3.787233e-06 2.411569e-05 1.384997e-04 5.783310e-04 1.830717e-03 2.858405e-03 4.627993e-03 6.153159e-03 5.382605e-03 9.336935e-03 7.249168e-03 1.117981e-02 1.180321e-02 9.728459e-03 1.704452e-02 9.929578e-03 1.459302e-02 1.243054e-02 1.385028e-02 2.583295e-02 1.898647e-02 3.074728e-02 2.791828e-02 2.136436e-02 2.816353e-02 2.377008e-02 2.936307e-02 3.356767e-02 3.104357e-02 3.845475e-02 3.330075e-02 3.143403e-02 3.703612e-02 2.800624e-02 2.131270e-02 2.152026e-02 1.756286e-02 1.383354e-02 1.343957e-02 1.235730e-02 1.176980e-02 1.164976e-02 1.012424e-02 9.508513e-03 8.858365e-03 6.342704e-03 4.663710e-03 4.099996e-03 2.942315e-03 1.641815e-03 1.074537e-03 8.922698e-04 7.464963e-04 6.476050e-04 7.140266e-04 9.824552e-04 1.348592e-03 1.658399e-03 1.900777e-03 2.153491e-03 2.297781e-03 2.190800e-03 2.080698e-03 2.314931e-03 2.981164e-03 3.714995e-03 4.131893e-03 4.331714e-03 4.337936e-03 3.854670e-03 2.942618e-03 2.199386e-03 1.662430e-03 1.220185e-03 7.872565e-04 4.738439e-04 3.220692e-04 2.378698e-04 1.697721e-04 1.087507e-04 8.482007e-05 1.024991e-04 1.587249e-04 1.946877e-04 1.426229e-04 7.905449e-05 4.708729e-05 3.544998e-05 2.786906e-05 2.154778e-05 1.841279e-05 1.614140e-05 1.034168e-05 4.467613e-06 2.744319e-06 3.536888e-06 5.963052e-06 5.503556e-06 2.208395e-06 6.178398e-07 1.988080e-07 1.084323e-07 8.366737e-08 5.381302e-08 2.782565e-08 3.138483e-08 9.827716e-08 2.030651e-07 8.528282e-08 6.701039e-09 2.527827e-10 1.377720e-11 3.000099e-12 5.517347e-13 4.800219e-14 9.355780e-16 2.146174e-18 3.869981e-22 3.517812e-27 1.028827e-33 2.098024e-41 2.802597e-45 1.401298e-45 1.401298e-45 1.401298e-45 2.802597e-45 2.802597e-45 1.401298e-45 1.401298e-45 1.401298e-45 1.401298e-45 1.401298e-45 1.401298e-45 1.401298e-45 1.401298e-45 1.401298e-45 1.401298e-45 1.401298e-45 1.401298e-45 1.401298e-45 1.401298e-45 1.401298e-45 1.401298e-45 1.401298e-45 1.401298e-45 1.401298e-45 1.401298e-45 1.401298e-45 1.401298e-45 1.401298e-45 1.401298e-45 1.401298e-45 1.401298e-45 1.401298e-45 1.401298e-45 1.401298e-45
0.000000e+00 0.000000e+00 1.401298e-45 1.401298e-45 1.401298e-45 1.401298e-45 1.401298e-45 1.401298e-45 2.802597e-45 2.802597e-45 2.802597e-45 2.802597e-45 2.802597e-45 2.802597e-45 2.802597e-45 2.802597e-45 2.802597e-45 4.203895e-45 5.605194e-45 7.006492e-45 1.404844e-40 1.776482e-32 7.340056e-26 6.350252e-21 5.436263e-17 7.280880e-14 1.789873e-11 1.785165e-09 4.029516e-08 9.423540e-07 1.200742e-05 1.508581e-04 5.820901e-04 1.447017e-03 2.708590e-03 4.009459e-03 5.247207e-03 6.305443e-03 8.280125e-03 8.076489e-03 1.371018e-02 1.111517e-02 1.820471e-02 1.577744e-02 1.405166e-02 1.917457e-02 1.817011e-02 3.056129e-02 2.812125e-02 3.137924e-02 3.189335e-02 2.447876e-02 3.009933e-02 3.204214e-02 3.286038e-02 3.855802e-02 4.042185e-02 3.720492e-02 3.733477e-02 4.072870e-02 3.600992e-02 2.994140e-02 2.722574e-02 2.281325e-02 1.966091e-02 1.747232e-02 1.450887e-02 1.330793e-02 1.336605e-02 1.160088e-02 9.886723e-03 1.029946e-02 9.245350e-03 6.292685e-03 5.287758e-03 5.150716e-03 3.471914e-03 2.059547e-03 1.619088e-03 1.376540e-03 9.783237e-04 7.226210e-04 7.260636e-04 8.803967e-04 1.025644e-03 1.179832e-03 1.529883e-03 2.117714e-03 2.620035e-03 2.781597e-03 3.033558e-03 3.974474e-03 5.465722e-03 6.226208e-03 5.835551e-03 5.499521e-03 5.608505e-03 5.475444e-03 4.758281e-03 3.917706e-03 3.243161e-03 2.317554e-03 1.384301e-03 7.621357e-04 4.510944e-04 2.987616e-04 1.894858e-04 1.256040e-04 1.057830e-04 1.286674e-04 1.716431e-04 1.694766e-04 1.202299e-04 8.507192e-05 8.172671e-05 8.805952e-05 7.399925e-05 4.361211e-05 2.469901e-05 1.660826e-05 1.084254e-05 5.864737e-06 3.221862e-06 2.925366e-06 3.888226e-06 4.361007e-06 2.906105e-06 1.423829e-06 8.926528e-07 8.075126e-07 8.031591e-07 5.496087e-07 2.295675e-07 9.294175e-08 7.230829e-08 8.083970e-08 3.263094e-08 3.653296e-09 2.589803e-10 4.089426e-11 1.673917e-11 1.241653e-11 3.979759e-12 1.807602e-13 1.939227e-15 3.960525e-18 8.118314e-22 7.516572e-27 3.766781e-33 2.291922e-40 2.802597e-45 1.401298e-45 1.401298e-45 1.401298e-45 1.401298e-45 2.802597e-45 2.802597e-45 1.401298e-45 1.401298e-45 1.401298e-45 1.401298e-45 1.401298e-45 1.401298e-45 1.401298e-45 1.401298e-45 1.401298e-45 1.401298e-45 1.401298e-45 1.401298e-45 1.401298e-45 1.401298e-45 1.401298e-45 1.401298e-45 1.401298e-45 1.401298e-45 1.401298e-45 1.401298e-45 1.401298e-45 1.401298e-45 1.401298e-45 1.401298e-45 1.401298e-45 1.401298e-45 1.401298e-45 1.401298e-45
0.000000e+00 1.401298e-45 0.000000e+00 1.401298e-45 1.401298e-45 1.401298e-45 1.401298e-45 1.401298e-45 1.401298e-45 1.401298e-45 2.802597e-45 2.802597e-45 2.802597e-45 2.802597e-45 1.401298e-45 1.401298e-45 2.802597e-45 2.802597e-45 2.802597e-45 4.203895e-45 7.006492e-45 4.621482e-42 5.899715e-34 4.111685e-27 1.494571e-21 2.606603e-17 7.883159e-14 2.059660e-11 4.856792e-09 2.456902e-07 9.165142e-06 5.451904e-05 2.594472e-04 9.394576e-04 1.534877e-03 3.538400e-03 2.323675e-03 4.963797e-03 4.050098e-03 9.038309e-03 1.041589e-02 1.087380e-02 1.834615e-02 1.020974e-02 2.304756e-02 2.178962e-02 2.642876e-02 3.452899e-02 2.456784e-02 2.986416e-02 2.565148e-02 2.925966e-02 3.911196e-02 3.582684e-02 4.384864e-02 4.502146e-02 3.374086e-02 4.071396e-02 4.243232e-02 3.128288e-02 3.358562e-02 3.131165e-02 2.304494e-02 2.475998e-02 2.231804e-02 1.622942e-02 1.687832e-02 1.564912e-02 1.136131e-02 1.040801e-02 1.042871e-02 8.321707e-03 6.490273e-03 6.192395e-03 5.613098e-03 3.906793e-03 2.762413e-03 2.313324e-03 1.860443e-03 1.292538e-03 9.459311e-04 8.683621e-04 9.062698e-04 9.160247e-04 9.776038e-04 1.298189e-03 1.977790e-03 2.676296e-03 3.087986e-03 3.903803e-03 5.875057e-03 8.012651e-03 7.834251e-03 6.447203e-03 5.930856e-03 6.323863e-03 6.427955e-03 5.701114e-03 4.715960e-03 3.751128e-03 2.734034e-03 1.695438e-03 1.007271e-03 6.081263e-04 3.700915e-04 2.261541e-04 1.405712e-04 1.107241e-04 1.161845e-04 1.355026e-04 1.340093e-04 1.137897e-04 1.134813e-04 1.390221e-04 1.495586e-04 9.765023e-05 4.611831e-05 2.499487e-05 1.998383e-05 1.844012e-05 1.274020e-05 6.707435e-06 4.049793e-06 3.642737e-06 3.198130e-06 2.028237e-06 1.495803e-06 1.837471e-06 2.907666e-06 3.241956e-06 1.929344e-06 6.357287e-07 1.718504e-07 8.064647e-08 7.230961e-08 4.914967e-08 7.310953e-09 5.149938e-10 6.793725e-11 2.751778e-11 2.148046e-11 1.081370e-11 1.972623e-12 6.458767e-14 6.814777e-16 1.790267e-18 4.848450e-22 6.845548e-27 9.134124e-33 1.769603e-39 1.401298e-45 1.401298e-45 1.401298e-45 1.401298e-45 1.401298e-45 2.802597e-45 2.802597e-45 2.802597e-45 1.401298e-45 1.401298e-45 1.401298e-45 1.401298e-45 1.401298e-45 1.401298e-45 1.401298e-45 1.401298e-45 1.401298e-45 1.401298e-45 1.401298e-45 1.401298e-45 1.401298e-45 1.401298e-45 1.401298e-45 1.401298e-45 1.401298e-45 1.401298e-45 1.401298e-45 1.401298e-45 1.401298e-45 1.401298e-45 1.401298e-45 1.401298e-45 1.401298e-45 1.401298e-45 1.401298e-45
0.000000e+00 0.000000e+00 1.401298e-45 1.401298e-45 1.401298e-45 1.401298e-45 1.401298e-45 1.401298e-45 1.401298e-45 1.401298e-45 1.401298e-45 2.802597e-45 4.203895e-45 4.203895e-45 4.203895e-45 2.802597e-45 2.802597e-45 2.802597e-45 2.802597e-45 2.802597e-45 4.203895e-45 7.006492e-45 4.256528e-40 1.270313e-32 2.058359e-26 4.493956e-21 5.201736e-17 2.861746e-13 1.209848e-10 2.567740e-08 7.246639e-07 1.275117e-05 1.416894e-04 3.428369e-04 1.221578e-03 6.126227e-04 1.793034e-03 1.737104e-03 2.867221e-03 6.176667e-03 3.777670e-03 1.284457e-02 5.628887e-03 1.392366e-02 1.754529e-02 1.259643e-02 2.810356e-02 1.375102e-02 1.959824e-02 2.282915e-02 2.164632e-02 3.922649e-02 3.616738e-02 4.270069e-02 4.340586e-02 3.153432e-02 4.296686e-02 3.845198e-02 2.930506e-02 4.067176e-02 3.298007e-02 2.653099e-02 3.596808e-02 2.882730e-02 2.204244e-02 2.586560e-02 1.985680e-02 1.400234e-02 1.414274e-02 1.207052e-02 9.303561e-03 8.544823e-03 7.649092e-03 6.339662e-03 5.299098e-03 4.150510e-03 3.154949e-03 2.535305e-03 1.874770e-03 1.313982e-03 1.082005e-03 9.952154e-04 8.705480e-04 8.515631e-04 1.148361e-03 1.773132e-03 2.285823e-03 2.649160e-03 3.789976e-03 6.440229e-03 8.708948e-03 7.874618e-03 6.285772e-03 5.873251e-03 6.223211e-03 6.099784e-03 5.033324e-03 3.874575e-03 3.048739e-03 2.382825e-03 1.769411e-03 1.182968e-03 7.597171e-04 4.541282e-04 2.490131e-04 1.417744e-04 9.754742e-05 9.598683e-05 1.141080e-04 1.287797e-04 1.322388e-04 1.437603e-04 1.710744e-04 1.591168e-04 9.198405e-05 4.352461e-05 3.172029e-05 4.106542e-05 5.379755e-05 3.931145e-05 1.691546e-05 8.031456e-06 5.924686e-06 4.881864e-06 2.631564e-06 1.091644e-06 9.003717e-07 1.702803e-06 3.511609e-06 3.422771e-06 1.682228e-06 7.259909e-07 4.035596e-07 3.032026e-07 1.377779e-07 1.585669e-08 6.248922e-10 5.947467e-11 4.275092e-11 6.551402e-11 8.142841e-11 2.972183e-11 2.359931e-12 5.814132e-14 6.237772e-16 1.260491e-18 2.085312e-22 1.506291e-27 2.192500e-33 1.329904e-39 1.401298e-45 1.401298e-45 1.401298e-45 1.401298e-45 1.401298e-45 1.401298e-45 2.802597e-45 2.802597e-45 1.401298e-45 1.401298e-45 1.401298e-45 1.401298e-45 1.401298e-45 1.401298e-45 1.401298e-45 1.401298e-45 1.401298e-45 1.401298e-45 1.401298e-45 1.401298e-45 1.401298e-45 1.401298e-45 1.401298e-45 1.401298e-45 1.401298e-45 1.401298e-45 1.401298e-45 1.401298e-45 1.401298e-45 1.401298e-45 1.401298e-45 1.401298e-45 1.401298e-45 1.401298e-45 1.401298e-45
0.000000e+00 1.401298e-45 1.401298e-45 1.401298e-45 1.401298e-45 1.401298e-45 1.401298e-45 1.401298e-45 1.401298e-45 1.401298e-45 1.401298e-45 2.802597e-45 2.802597e-45 4.203895e-45 4.203895e-45 4.203895e-45 4.203895e-45 4.203895e-45 2.802597e-45 4.203895e-45 4.203895e-45 7.006492e-45 1.374674e-41 2.924026e-35 3.761661e-29 4.876714e-24 2.714583e-19 1.106791e-15 2.121342e-12 5.485851e-10 7.084454e-08 3.414206e-06 3.117208e-05 1.683953e-04 1.795057e-04 5.858726e-04 8.403753e-04 1.196058e-03 3.730554e-03 1.956645e-03 6.484409e-03 3.215931e-03 5.869800e-03 1.188245e-02 6.250223e-03 2.005008e-02 9.083582e-03 1.251478e-02 2.327156e-02 1.616231e-02 3.918013e-02 3.803074e-02 3.584985e-02 4.669968e-02 3.481054e-02 4.469842e-02 3.923348e-02 3.214419e-02 4.826277e-02 3.607550e-02 3.426053e-02 5.262375e-02 3.692977e-02 3.167602e-02 3.921858e-02 2.612999e-02 2.018605e-02 2.181970e-02 1.648889e-02 1.358758e-02 1.298982e-02 1.011120e-02 9.126120e-03 8.770640e-03 6.156493e-03 4.742510e-03 4.466543e-03 3.090686e-03 1.828278e-03 1.486081e-03 1.290126e-03 9.275254e-04 8.138476e-04 1.101898e-03 1.490824e-03 1.536829e-03 1.774140e-03 3.071704e-03 5.748644e-03 7.198552e-03 6.206692e-03 5.303694e-03 5.355950e-03 5.557808e-03 4.833749e-03 3.610232e-03 2.794865e-03 2.436018e-03 2.117430e-03 1.653817e-03 1.220192e-03 8.468583e-04 5.446724e-04 3.074537e-04 1.722413e-04 1.238696e-04 1.177622e-04 1.283736e-04 1.256728e-04 1.151490e-04 1.227386e-04 1.472074e-04 1.458658e-04 9.818532e-05 6.559054e-05 7.045220e-05 1.082815e-04 1.181604e-04 6.203131e-05 2.374992e-05 1.340569e-05 1.375786e-05 1.331274e-05 5.758779e-06 1.467545e-06 5.905343e-07 8.054690e-07 1.866550e-06 3.076706e-06 2.720738e-06 1.970484e-06 1.477892e-06 8.715539e-07 2.381000e-07 2.457000e-08 1.559504e-09 2.372545e-10 2.367754e-10 1.159395e-09 2.541466e-09 6.998856e-10 3.591505e-11 5.621596e-13 3.898715e-15 2.026411e-17 2.051453e-20 1.709351e-24 2.546928e-29 9.541819e-35 2.332812e-40 1.401298e-45 1.401298e-45 1.401298e-45 1.401298e-45 1.401298e-45 1.401298e-45 2.802597e-45 2.802597e-45 1.401298e-45 2.802597e-45 2.802597e-45 1.401298e-45 1.401298e-45 1.401298e-45 1.401298e-45 1.401298e-45 1.401298e-45 1.401298e-45 1.401298e-45 1.401298e-45 1.401298e-45 1.401298e-45 1.401298e-45 1.401298e-45 1.401298e-45 1.401298e-45 1.401298e-45 1.401298e-45 1.401298e-45 1.401298e-45 1.401298e-45 1.401298e-45 1.401298e-45 1.401298e-45 1.401298e-45
0.000000e+00 0.000000e+00 0.000000e+00 0.000000e+00 0.000000e+00 0.000000e+00 0.000000e+00 0.000000e+00 1.401298e-45 1.401298e-45 1.401298e-45 1.401298e-45 1.401298e-45 1.401298e-45 2.802597e-45 2.802597e-45 2.802597e-45 2.802597e-45 2.802597e-45 4.203895e-45 4.203895e-45 7.006492e-45 3.300058e-42 3.299591e-36 4.367085e-31 4.722674e-26 6.152596e-22 7.420339e-18 1.119023e-14 1.643325e-11 5.022761e-09 3.988815e-07 7.783748e-06 4.421347e-05 2.810804e-04 6.993459e-04 1.393853e-03 2.962078e-03 2.056686e-03 3.481840e-03 2.625510e-03 3.618842e-03 8.936324e-03 5.403086e-03 1.230262e-02 7.447598e-03 7.820673e-03 2.009674e-02 1.291569e-02 3.014903e-02 3.533552e-02 2.577092e-02 4.424522e-02 3.694313e-02 3.706874e-02 4.098915e-02 3.569754e-02 4.569648e-02 3.996406e-02 4.195688e-02 5.797159e-02 4.103208e-02 3.719017e-02 4.606304e-02 3.132151e-02 2.615706e-02 2.957987e-02 2.304087e-02 1.949886e-02 1.884771e-02 1.523757e-02 1.491926e-02 1.407751e-02 9.679702e-03 8.532282e-03 8.478657e-03 5.077571e-03 2.844668e-03 2.439786e-03 1.976872e-03 1.189704e-03 9.389173e-04 1.111308e-03 1.175361e-03 1.033618e-03 1.271983e-03 2.496990e-03 4.522166e-03 5.071292e-03 4.470714e-03 4.366896e-03 4.829900e-03 4.895889e-03 4.071507e-03 3.102893e-03 2.497713e-03 2.102523e-03 1.721130e-03 1.370638e-03 1.143245e-03 9.840804e-04 7.481816e-04 5.081313e-04 3.327510e-04 2.374297e-04 1.921121e-04 1.500339e-04 1.094302e-04 8.317212e-05 8.085303e-05 1.004602e-04 1.176585e-04 1.107646e-04 1.030392e-04 1.261047e-04 1.629634e-04 1.326631e-04 6.300355e-05 3.197259e-05 3.111692e-05 4.358169e-05 3.686802e-05 1.194861e-05 2.422170e-06 9.785839e-07 1.221269e-06 2.694694e-06 3.023234e-06 1.632327e-06 9.954998e-07 1.078367e-06 1.076279e-06 5.309230e-07 1.098665e-07 1.858772e-08 5.649647e-09 7.172430e-09 2.375002e-08 3.791105e-08 7.052984e-09 2.190473e-10 3.812306e-12 5.807507e-14 6.105132e-16 3.285506e-18 5.494760e-21 9.063915e-25 4.057145e-29 5.743502e-34 1.353234e-39 1.401298e-45 1.401298e-45 1.401298e-45 1.401298e-45 1.401298e-45 1.401298e-45 1.401298e-45 1.401298e-45 2.802597e-45 2.802597e-45 2.802597e-45 1.401298e-45 1.401298e-45 1.401298e-45 1.401298e-45 1.401298e-45 1.401298e-45 1.401298e-45 1.401298e-45 1.401298e-45 1.401298e-45 1.401298e-45 1.401298e-45 1.401298e-45 1.401298e-45 1.401298e-45 1.401298e-45 1.401298e-45 1.401298e-45 1.401298e-45 1.401298e-45 1.401298e-45 1.401298e-45 1.401298e-45 1.401298e-45
0.000000e+00 0.000000e+00 0.000000e+00 0.000000e+00 0.000000e+00 0.000000e+00 0.000000e+00 0.000000e+00 0.000000e+00 0.000000e+00 1.401298e-45 1.401298e-45 1.401298e-45 1.401298e-45 1.401298e-45 1.401298e-45 1.401298e-45 2.802597e-45 2.802597e-45 2.802597e-45 2.802597e-45 4.203895e-45 9.809089e-45 7.123885e-39 4.628162e-33 2.072421e-28 6.891154e-24 1.545619e-20 9.291392e-17 1.138841e-13 1.450497e-10 2.901132e-08 1.676527e-06 4.951699e-05 2.636789e-04 1.113692e-03 1.598171e-03 2.061364e-03 2.036385e-03 2.323180e-03 3.015300e-03 6.429848e-03 5.747576e-03 5.985313e-03 5.630186e-03 4.482388e-03 1.122594e-02 9.801187e-03 1.599603e-02 2.497200e-02 1.571358e-02 2.734526e-02 2.902473e-02 2.404611e-02 3.663491e-02 3.553066e-02 3.448039e-02 4.032690e-02 4.356171e-02 4.702871e-02 3.965563e-02 3.774685e-02 4.242229e-02 3.323718e-02 2.931180e-02 3.466731e-02 2.984364e-02 2.429596e-02 2.543814e-02 2.349517e-02 2.099698e-02 1.973473e-02 1.634584e-02 1.498743e-02 1.371620e-02 8.558426e-03 5.262638e-03 4.484932e-03 3.307601e-03 1.800280e-03 1.245208e-03 1.240197e-03 1.150264e-03 1.001328e-03 1.225805e-03 2.197562e-03 3.549817e-03 3.802559e-03 3.540451e-03 3.971765e-03 4.980789e-03 5.306958e-03 4.431719e-03 3.342734e-03 2.589868e-03 2.114066e-03 1.751219e-03 1.472117e-03 1.308717e-03 1.225610e-03 1.121747e-03 8.883705e-04 6.393665e-04 4.352769e-04 2.861759e-04 1.853387e-04 1.177040e-04 8.541065e-05 7.809601e-05 8.437092e-05 8.917578e-05 8.427910e-05 8.853422e-05 1.158104e-04 1.429686e-04 1.196306e-04 7.948584e-05 6.853554e-05 9.156991e-05 1.186526e-04 7.315574e-05 1.917313e-05 4.930607e-06 3.029541e-06 5.330987e-06 9.434288e-06 6.388306e-06 1.568528e-06 4.769673e-07 4.840728e-07 1.110223e-06 1.486675e-06 7.758142e-07 2.741510e-07 1.668467e-07 2.071867e-07 3.121197e-07 2.378897e-07 4.006261e-08 1.822836e-09 8.231097e-11 7.157210e-12 4.550735e-13 1.207391e-14 7.374440e-17 1.181046e-19 2.929243e-23 1.396749e-27 1.359905e-32 9.943671e-39 2.802597e-45 1.401298e-45 1.401298e-45 1.401298e-45 1.401298e-45 1.401298e-45 1.401298e-45 1.401298e-45 1.401298e-45 1.401298e-45 2.802597e-45 1.401298e-45 1.401298e-45 1.401298e-45 1.401298e-45 1.401298e-45 1.401298e-45 1.401298e-45 1.401298e-45 1.401298e-45 1.401298e-45 1.401298e-45 1.401298e-45 1.401298e-45 1.401298e-45 1.401298e-45 1.401298e-45 1.401298e-45 1.401298e-45 1.401298e-45 1.401298e-45 1.401298e-45 1.401298e-45 1.401298e-45 1.401298e-45
0.000000e+00 0.000000e+00 0.000000e+00 0.000000e+00 0.000000e+00 0.000000e+00 0.000000e+00 0.000000e+00 0.000000e+00 0.000000e+00 1.401298e-45 1.401298e-45 1.401298e-45 1.401298e-45 1.401298e-45 1.401298e-45 1.401298e-45 1.401298e-45 1.401298e-45 2.802597e-45 2.802597e-45 2.802597e-45 4.203895e-45 4.892634e-41 2.351608e-35 5.173123e-30 3.767561e-26 9.384450e-22 5.158962e-18 4.317916e-14 3.685913e-11 1.551797e-08 2.257094e-06 3.163313e-05 3.831379e-04 6.256583e-04 1.652641e-03 1.460845e-03 2.318663e-03 3.916616e-03 6.110664e-03 7.754541e-03 4.515302e-03 6.228009e-03 4.390810e-03 8.755597e-03 1.087020e-02 1.053544e-02 1.917832e-02 1.154914e-02 1.634750e-02 2.224773e-02 1.750730e-02 3.224525e-02 3.441812e-02 2.851222e-02 4.329188e-02 4.402544e-02 3.886814e-02 4.102581e-02 3.848956e-02 3.691718e-02 3.313815e-02 3.121056e-02 3.714840e-02 3.401227e-02 2.807465e-02 3.304109e-02 3.278026e-02 2.697993e-02 2.783291e-02 2.660386e-02 2.229969e-02 2.067803e-02 1.590192e-02 1.078273e-02 9.038040e-03 6.572776e-03 3.337581e-03 2.180130e-03 2.189808e-03 1.944741e-03 1.420660e-03 1.533608e-03 2.632892e-03 3.994993e-03 4.013228e-03 3.905888e-03 5.036373e-03 6.890559e-03 7.152072e-03 5.664746e-03 4.205407e-03 3.391184e-03 2.937322e-03 2.552995e-03 2.217044e-03 1.996269e-03 1.816216e-03 1.617936e-03 1.362551e-03 1.044779e-03 7.648768e-04 5.227228e-04 3.322657e-04 2.099713e-04 1.348169e-04 9.564769e-05 7.515115e-05 6.401966e-05 6.143290e-05 7.260174e-05 1.065430e-04 1.504800e-04 1.597046e-04 1.441862e-04 1.610424e-04 2.322817e-04 2.635671e-04 1.452047e-04 4.677688e-05 1.834566e-05 1.733373e-05 3.074758e-05 4.205518e-05 1.862846e-05 3.770846e-06 1.115220e-06 1.204112e-06 3.119541e-06 4.992773e-06 2.600952e-06 9.988744e-07 7.648295e-07 1.134330e-06 1.779543e-06 1.388385e-06 3.663403e-07 4.387408e-08 5.852620e-09 1.552443e-09 5.162439e-10 3.352158e-11 4.554907e-13 2.264820e-15 3.339884e-18 1.370719e-21 8.087142e-26 4.181221e-31 1.283550e-37 2.802597e-45 2.802597e-45 1.401298e-45 1.401298e-45 1.401298e-45 1.401298e-45 1.401298e-45 1.401298e-45 1.401298e-45 1.401298e-45 1.401298e-45 1.401298e-45 1.401298e-45 1.401298e-45 1.401298e-45 1.401298e-45 1.401298e-45 1.401298e-45 1.401298e-45 1.401298e-45 1.401298e-45 1.401298e-45 1.401298e-45 1.401298e-45 1.401298e-45 1.401298e-45 1.401298e-45 1.401298e-45 1.401298e-45 1.401298e-45 1.401298e-45 1.401298e-45 1.401298e-45 1.401298e-45 1.401298e-45
1.401298e-45 0.000000e+00 0.000000e+00 0.000000e+00 0.000000e+00 0.000000e+00 0.000000e+00 0.000000e+00 0.000000e+00 0.000000e+00 1.401298e-45 1.401298e-45 1.401298e-45 1.401298e-45 1.401298e-45 1.401298e-45 1.401298e-45 1.401298e-45 1.401298e-45 1.401298e-45 2.802597e-45 2.802597e-45 4.203895e-45 6.587504e-42 9.135662e-36 2.950087e-31 2.318883e-26 2.984270e-22 7.101504e-18 2.470808e-14 6.030905e-11 3.769279e-08 1.650312e-06 5.539146e-05 1.316546e-04 5.436941e-04 5.422903e-04 1.182112e-03 2.979330e-03 3.837404e-03 6.956599e-03 3.639666e-03 7.539007e-03 6.518738e-03 1.010281e-02 1.503783e-02 9.341614e-03 1.931938e-02 1.208513e-02 1.361327e-02 2.332815e-02 1.582504e-02 2.973807e-02 3.482547e-02 2.630637e-02 4.766464e-02 4.336321e-02 3.437889e-02 4.548162e-02 3.731629e-02 3.147382e-02 3.376165e-02 3.258342e-02 3.685687e-02 3.715027e-02 3.405142e-02 4.199822e-02 4.328196e-02 3.710787e-02 4.071005e-02 3.930763e-02 3.154250e-02 3.212926e-02 2.941594e-02 2.123856e-02 1.848360e-02 1.422460e-02 7.496770e-03 5.404391e-03 5.656317e-03 4.119330e-03 2.545435e-03 2.986174e-03 5.239364e-03 6.312579e-03 5.475201e-03 6.074119e-03 8.982361e-03 1.145442e-02 1.028259e-02 7.895648e-03 6.602764e-03 6.174028e-03 5.687423e-03 4.758682e-03 3.808142e-03 3.180408e-03 2.848902e-03 2.595629e-03 2.289390e-03 1.941039e-03 1.558105e-03 1.205195e-03 8.298822e-04 4.828906e-04 2.542304e-04 1.343849e-04 8.782973e-05 7.746938e-05 8.954660e-05 1.247606e-04 1.827300e-04 2.396618e-04 2.606331e-04 2.716595e-04 3.381056e-04 4.734988e-04 5.029585e-04 3.074212e-04 1.320003e-04 7.554281e-05 8.912098e-05 1.575653e-04 1.491228e-04 4.757156e-05 9.453353e-06 4.206830e-06 7.380757e-06 2.045291e-05 2.070790e-05 4.194833e-06 7.023688e-07 4.458662e-07 1.272810e-06 3.600150e-06 4.163414e-06 1.940301e-06 6.282613e-07 2.117115e-07 1.182467e-07 5.389122e-08 9.644467e-09 4.153929e-10 6.429445e-12 1.029121e-13 6.781384e-16 5.353133e-19 4.438376e-23 1.864271e-28 2.788459e-35 7.567012e-43 2.802597e-45 2.802597e-45 1.401298e-45 1.401298e-45 1.401298e-45 1.401298e-45 1.401298e-45 1.401298e-45 1.401298e-45 1.401298e-45 1.401298e-45 1.401298e-45 1.401298e-45 1.401298e-45 1.401298e-45 1.401298e-45 1.401298e-45 1.401298e-45 1.401298e-45 1.401298e-45 1.401298e-45 1.401298e-45 1.401298e-45 1.401298e-45 1.401298e-45 1.401298e-45 1.401298e-45 1.401298e-45 1.401298e-45 1.401298e-45 1.401298e-45 1.401298e-45 1.401298e-45 1.401298e-45
1.401298e-45 1.401298e-45 1.401298e-45 1.401298e-45 0.000000e+00 1.401298e-45 0.000000e+00 0.000000e+00 1.401298e-45 1.401298e-45 1.401298e-45 1.401298e-45 1.401298e-45 1.401298e-45 1.401298e-45 1.401298e-45 1.401298e-45 1.401298e-45 1.401298e-45 1.401298e-45 2.802597e-45 4.203895e-45 9.809089e-45 7.614955e-38 1.594098e-33 2.948031e-29 2.176801e-25 1.882851e-21 9.337668e-18 4.596544e-14 9.589034e-11 1.789636e-08 1.184393e-06 6.758002e-06 4.097542e-05 6.400015e-05 1.458303e-04 4.368440e-04 6.000074e-04 1.417922e-03 1.157740e-03 3.899126e-03 5.515974e-03 8.102288e-03 1.377636e-02 8.235421e-03 1.799821e-02 1.233444e-02 1.221319e-02 2.334780e-02 1.381438e-02 2.386832e-02 2.928226e-02 2.040046e-02 3.989509e-02 3.509399e-02 2.846812e-02 4.450245e-02 3.247548e-02 2.741931e-02 3.688959e-02 3.359098e-02 3.643343e-02 4.410015e-02 4.232353e-02 5.135439e-02 5.772685e-02 4.967055e-02 5.477779e-02 5.499993e-02 4.305034e-02 4.561073e-02 4.644781e-02 3.421344e-02 3.049602e-02 2.712083e-02 1.743472e-02 1.306425e-02 1.193500e-02 8.116545e-03 5.934832e-03 7.756909e-03 1.099740e-02 1.026692e-02 9.219909e-03 1.179130e-02 1.658553e-02 1.820605e-02 1.592853e-02 1.406892e-02 1.391575e-02 1.377957e-02 1.172119e-02 8.599830e-03 6.557686e-03 6.043753e-03 6.210788e-03 5.900537e-03 4.812125e-03 3.819874e-03 3.281503e-03 2.766519e-03 2.011107e-03 1.152744e-03 5.914706e-04 3.454891e-04 2.516877e-04 2.313369e-04 2.410936e-04 2.647277e-04 3.100763e-04 3.781284e-04 4.568925e-04 5.534092e-04 7.197255e-04 9.163723e-04 8.647381e-04 5.035989e-04 2.537648e-04 2.085292e-04 3.385820e-04 5.436240e-04 3.655436e-04 9.139526e-05 2.295250e-05 1.711440e-05 3.782317e-05 7.931115e-05 3.979994e-05 5.576807e-06 7.998351e-07 6.214728e-07 1.828055e-06 5.281938e-06 4.477733e-06 2.206401e-06 1.194960e-06 1.212679e-06 1.285082e-06 1.083765e-06 5.786077e-07 1.080004e-07 9.044396e-09 5.261874e-10 1.682014e-11 1.212347e-13 9.868094e-17 6.992092e-21 8.578271e-26 5.046557e-32 2.289492e-39 2.802597e-45 2.802597e-45 2.802597e-45 1.401298e-45 1.401298e-45 1.401298e-45 1.401298e-45 1.401298e-45 1.401298e-45 1.401298e-45 1.401298e-45 1.401298e-45 1.401298e-45 1.401298e-45 1.401298e-45 1.401298e-45 1.401298e-45 1.401298e-45 2.802597e-45 1.401298e-45 1.401298e-45 1.401298e-45 1.401298e-45 1.401298e-45 1.401298e-45 1.401298e-45 1.401298e-45 1.401298e-45 1.401298e-45 1.401298e-45 1.401298e-45 1.401298e-45 1.401298e-45 1.401298e-45
1.401298e-45 1.401298e-45 1.401298e-45 1.401298e-45 1.401298e-45 1.401298e-45 1.401298e-45 1.401298e-45 1.401298e-45 1.401298e-45 1.401298e-45 1.401298e-45 1.401298e-45 1.401298e-45 1.401298e-45 1.401298e-45 1.401298e-45 1.401298e-45 1.401298e-45 2.802597e-45 2.802597e-45 5.605194e-45 2.696897e-40 8.396170e-35 1.880167e-30 6.747533e-27 5.331768e-24 1.244385e-20 6.949792e-17 3.521607e-13 3.248668e-10 4.068881e-08 8.747502e-07 5.386214e-06 1.225908e-05 2.338913e-05 6.226661e-05 9.935454e-05 2.368642e-04 3.799438e-04 1.669030e-03 3.795704e-03 6.104744e-03 1.008420e-02 7.012685e-03 1.267089e-02 9.749431e-03 1.023666e-02 1.743494e-02 1.053477e-02 1.673685e-02 1.995862e-02 1.456842e-02 2.729237e-02 2.420228e-02 2.254173e-02 3.627300e-02 2.673339e-02 2.655030e-02 3.763269e-02 3.074031e-02 3.460877e-02 4.592865e-02 4.177885e-02 5.168894e-02 6.194539e-02 5.156257e-02 5.852787e-02 6.227929e-02 4.728810e-02 5.169234e-02 5.669776e-02 4.123893e-02 3.880703e-02 4.283569e-02 3.013786e-02 2.137052e-02 2.021678e-02 1.709845e-02 1.433154e-02 1.609341e-02 1.739482e-02 1.525136e-02 1.575105e-02 2.120202e-02 2.670667e-02 2.710753e-02 2.634602e-02 2.808689e-02 3.032178e-02 2.812605e-02 2.109190e-02 1.524898e-02 1.375313e-02 1.560034e-02 1.670025e-02 1.345012e-02 9.206968e-03 6.973932e-03 6.264084e-03 5.606628e-03 4.151733e-03 2.712297e-03 1.746839e-03 1.202885e-03 9.207099e-04 7.321554e-04 6.082691e-04 5.501647e-04 5.860310e-04 7.525563e-04 1.058685e-03 1.433203e-03 1.676806e-03 1.582755e-03 1.136479e-03 6.998898e-04 5.024180e-04 5.954656e-04 1.029673e-03 1.328202e-03 6.726714e-04 1.760222e-04 6.278058e-05 6.245772e-05 1.232292e-04 1.371531e-04 4.365385e-05 6.312687e-06 2.046206e-06 2.794229e-06 9.291605e-06 1.221251e-05 3.506256e-06 4.587142e-07 1.918192e-07 2.613791e-07 6.349312e-07 1.500280e-06 2.570657e-06 2.983552e-06 1.418124e-06 1.516198e-07 4.936199e-09 7.082939e-11 2.142337e-13 2.883608e-16 1.527525e-19 1.172189e-23 6.055333e-29 5.324448e-36 7.006492e-44 2.802597e-45 2.802597e-45 1.401298e-45 1.401298e-45 1.401298e-45 1.401298e-45 1.401298e-45 1.401298e-45 1.401298e-45 1.401298e-45 1.401298e-45 1.401298e-45 1.401298e-45 1.401298e-45 1.401298e-45 1.401298e-45 1.401298e-45 1.401298e-45 1.401298e-45 1.401298e-45 1.401298e-45 1.401298e-45 1.401298e-45 1.401298e-45 1.401298e-45 1.401298e-45 1.401298e-45 1.401298e-45 1.401298e-45 1.401298e-45 1.401298e-45 1.401298e-45 1.401298e-45
1.401298e-45 1.401298e-45 1.401298e-45 1.401298e-45 1.401298e-45 1.401298e-45 1.401298e-45 1.401298e-45 1.401298e-45 1.401298e-45 1.401298e-45 1.401298e-45 1.401298e-45 1.401298e-45 1.401298e-45 1.401298e-45 2.802597e-45 2.802597e-45 2.802597e-45 2.802597e-45 4.203895e-45 9.809089e-45 2.875364e-37 1.327332e-31 9.685153e-27 7.223044e-24 6.796478e-21 8.386338e-18 1.132204e-14 7.713538e-12 5.651179e-10 3.147131e-08 1.859845e-07 9.037240e-07 1.841854e-06 4.351813e-06 9.066288e-06 1.865824e-05 6.498803e-05 3.343649e-04 1.484452e-03 3.109825e-03 5.144737e-03 4.885748e-03 7.256690e-03 7.745517e-03 9.546576e-03 1.379946e-02 1.089544e-02 1.611622e-02 1.842991e-02 1.494020e-02 2.367048e-02 2.152974e-02 2.113859e-02 2.978995e-02 2.365300e-02 2.577936e-02 3.087308e-02 2.506983e-02 3.088052e-02 3.685658e-02 3.201044e-02 4.014489e-02 4.616401e-02 3.891312e-02 4.573508e-02 4.962195e-02 3.985212e-02 4.493865e-02 5.021860e-02 3.956717e-02 4.223065e-02 4.997698e-02 3.636098e-02 2.825208e-02 3.152215e-02 2.862445e-02 2.262669e-02 2.228652e-02 2.252879e-02 2.096554e-02 2.342214e-02 2.973425e-02 3.301277e-02 3.403816e-02 3.931288e-02 4.700487e-02 4.753041e-02 3.966065e-02 3.218919e-02 3.051711e-02 3.432804e-02 3.749331e-02 3.153533e-02 2.089882e-02 1.446401e-02 1.264269e-02 1.229686e-02 1.062359e-02 7.900942e-03 5.595856e-03 4.145083e-03 3.070293e-03 2.267297e-03 1.784084e-03 1.483488e-03 1.367251e-03 1.467672e-03 1.841626e-03 2.424900e-03 2.768574e-03 2.528145e-03 1.990809e-03 1.595352e-03 1.423157e-03 1.549102e-03 2.082506e-03 2.778284e-03 2.266172e-03 9.296416e-04 2.919658e-04 1.537021e-04 1.789958e-04 2.514741e-04 1.783615e-04 4.722247e-05 1.178873e-05 7.528193e-06 1.732621e-05 4.088589e-05 2.450172e-05 2.283123e-06 1.505983e-07 3.324471e-08 5.255998e-08 2.386014e-07 1.123566e-06 4.548888e-06 1.268158e-05 8.863310e-06 9.934375e-07 3.301003e-08 6.645212e-10 2.160167e-11 5.665702e-13 5.932980e-15 3.437222e-17 1.304002e-20 1.036830e-25 5.870652e-32 7.212880e-39 4.203895e-45 2.802597e-45 2.802597e-45 2.802597e-45 1.401298e-45 1.401298e-45 1.401298e-45 1.401298e-45 1.401298e-45 1.401298e-45 1.401298e-45 1.401298e-45 1.401298e-45 1.401298e-45 1.401298e-45 1.401298e-45 1.401298e-45 1.401298e-45 2.802597e-45 2.802597e-45 1.401298e-45 1.401298e-45 1.401298e-45 1.401298e-45 1.401298e-45 1.401298e-45 1.401298e-45 1.401298e-45 1.401298e-45 1.401298e-45 1.401298e-45 1.401298e-45 1.401298e-45
2.802597e-45 1.401298e-45 2.802597e-45 1.401298e-45 1.401298e-45 2.802597e-45 1.401298e-45 1.401298e-45 2.802597e-45 2.802597e-45 2.802597e-45 2.802597e-45 2.802597e-45 2.802597e-45 2.802597e-45 2.802597e-45 2.802597e-45 4.203895e-45 5.605194e-45 9.809089e-45 5.493090e-43 2.996811e-38 2.421859e-34 5.320065e-29 2.696873e-25 2.903298e-21 9.110050e-18 9.845615e-15 4.501049e-12 1.958522e-10 1.479920e-08 5.063901e-08 2.757405e-07 4.362697e-07 6.865658e-07 1.595390e-06 1.827484e-06 1.158842e-05 5.282549e-05 3.161395e-04 8.509397e-04 1.415882e-03 2.276623e-03 2.873936e-03 4.684281e-03 7.070777e-03 1.025322e-02 1.305452e-02 1.734751e-02 2.061128e-02 1.970862e-02 2.497914e-02 2.393023e-02 2.212517e-02 2.705544e-02 2.365210e-02 2.278592e-02 2.467569e-02 2.251480e-02 2.602870e-02 2.756416e-02 2.462241e-02 2.902491e-02 3.197627e-02 2.808467e-02 3.140650e-02 3.425321e-02 2.912579e-02 3.115165e-02 3.636593e-02 3.373714e-02 3.681056e-02 4.367544e-02 3.722624e-02 3.413877e-02 3.886818e-02 3.387390e-02 2.655934e-02 2.738729e-02 2.830645e-02 2.642822e-02 2.793411e-02 3.147610e-02 3.258341e-02 3.646272e-02 4.584016e-02 5.169829e-02 4.910620e-02 4.682427e-02 4.970129e-02 5.482064e-02 5.844028e-02 5.401573e-02 4.065749e-02 2.861736e-02 2.368972e-02 2.367778e-02 2.329379e-02 1.892352e-02 1.353473e-02 9.738490e-03 7.103075e-03 5.450774e-03 4.535666e-03 4.156138e-03 4.044194e-03 3.779377e-03 3.562155e-03 3.539089e-03 3.579289e-03 3.411172e-03 3.087448e-03 3.027917e-03 3.492750e-03 4.490477e-03 5.519569e-03 5.908288e-03 4.926327e-03 2.863290e-03 1.200699e-03 5.321241e-04 3.801877e-04 4.273526e-04 4.172931e-04 1.971629e-04 5.805757e-05 2.450851e-05 3.143780e-05 7.429738e-05 9.458072e-05 2.468108e-05 2.079357e-06 2.059750e-07 9.351326e-08 2.249175e-07 8.533364e-07 1.919944e-06 2.664842e-06 2.745406e-06 1.410862e-06 3.142363e-07 3.780013e-08 9.654967e-09 6.930478e-09 3.219969e-09 4.296740e-10 8.675385e-12 2.306943e-14 9.812214e-18 3.481407e-22 4.981203e-27 1.361563e-31 8.371098e-37 4.792441e-43 2.802597e-45 2.802597e-45 2.802597e-45 1.401298e-45 1.401298e-45 1.401298e-45 1.401298e-45 1.401298e-45 1.401298e-45 1.401298e-45 1.401298e-45 1.401298e-45 1.401298e-45 1.401298e-45 1.401298e-45 1.401298e-45 1.401298e-45 2.802597e-45 2.802597e-45 1.401298e-45 1.401298e-45 1.401298e-45 1.401298e-45 1.401298e-45 1.401298e-45 1.401298e-45 1.401298e-45 1.401298e-45 1.401298e-45 1.401298e-45 1.401298e-45
2.802597e-45 2.802597e-45 2.802597e-45 2.802597e-45 1.401298e-45 2.802597e-45 2.802597e-45 2.802597e-45 2.802597e-45 4.203895e-45 2.802597e-45 2.802597e-45 2.802597e-45 4.203895e-45 4.203895e-45 4.203895e-45 5.605194e-45 7.006492e-45 1.413350e-41 1.811512e-37 3.161434e-33 2.508864e-31 3.039391e-28 4.603212e-26 2.508578e-22 1.868255e-18 4.627111e-15 5.865098e-12 3.695070e-10 3.509261e-08 1.583733e-07 9.791895e-07 9.859945e-07 7.670126e-07 1.019578e-06 7.477798e-07 5.722279e-06 1.988152e-05 1.115938e-04 3.458779e-04 5.311481e-04 1.214014e-03 1.352101e-03 2.896914e-03 4.593997e-03 6.250766e-03 1.004363e-02 1.104816e-02 1.494264e-02 1.668049e-02 1.899484e-02 2.148001e-02 1.976200e-02 2.520685e-02 2.450375e-02 2.141860e-02 2.632833e-02 2.468340e-02 2.351683e-02 2.578835e-02 2.266463e-02 2.422078e-02 2.784269e-02 2.321167e-02 2.451731e-02 2.892572e-02 2.357330e-02 2.434883e-02 3.220489e-02 2.965509e-02 2.941580e-02 3.858698e-02 3.782634e-02 3.487793e-02 3.945615e-02 3.693244e-02 3.095616e-02 3.200929e-02 3.209830e-02 2.924657e-02 3.011052e-02 3.232713e-02 3.350947e-02 3.808542e-02 4.401054e-02 4.440012e-02 4.521564e-02 5.320873e-02 6.187165e-02 6.510163e-02 6.616463e-02 6.264816e-02 5.145005e-02 4.192052e-02 4.031342e-02 4.244604e-02 3.899312e-02 2.897750e-02 2.025943e-02 1.541593e-02 1.269268e-02 1.058552e-02 9.666692e-03 9.499842e-03 8.962099e-03 7.585683e-03 5.938094e-03 4.920214e-03 4.468740e-03 4.307774e-03 4.533859e-03 5.505091e-03 7.538184e-03 9.704393e-03 1.017903e-02 8.565342e-03 6.184876e-03 3.803232e-03 2.076905e-03 1.219601e-03 9.137880e-04 7.583013e-04 4.693856e-04 1.862187e-04 6.753762e-05 4.666632e-05 7.288554e-05 1.357304e-04 1.019610e-04 2.176040e-05 2.823466e-06 8.450350e-07 1.254246e-06 4.069260e-06 7.687811e-06 3.170088e-06 5.300166e-07 1.279707e-07 1.117246e-07 1.478267e-07 2.506605e-07 8.167148e-07 3.458648e-06 7.007537e-06 1.444558e-06 1.574419e-08 5.124148e-11 1.508226e-13 2.901288e-16 7.331297e-19 8.743723e-22 2.197541e-25 8.291314e-31 2.763795e-39 4.203895e-45 2.802597e-45 2.802597e-45 1.401298e-45 1.401298e-45 1.401298e-45 1.401298e-45 1.401298e-45 1.401298e-45 1.401298e-45 1.401298e-45 1.401298e-45 1.401298e-45 1.401298e-45 1.401298e-45 1.401298e-45 2.802597e-45 2.802597e-45 2.802597e-45 1.401298e-45 1.401298e-45 1.401298e-45 1.401298e-45 1.401298e-45 1.401298e-45 1.401298e-45 1.401298e-45 1.401298e-45 1.401298e-45 1.401298e-45 1.401298e-45
2.802597e-45 2.802597e-45 2.802597e-45 2.802597e-45 4.203895e-45 4.203895e-45 5.605194e-45 7.006492e-45 8.407791e-45 8.407791e-45 7.006492e-45 7.006492e-45 7.006492e-45 7.006492e-45 8.407791e-45 1.401298e-44 1.196709e-41 6.069924e-37 2.512863e-34 9.479462e-30 2.708752e-26 7.332644e-23 9.214168e-22 3.113661e-20 5.813265e-18 1.423869e-15 8.508475e-13 9.066170e-11 2.071957e-08 5.398428e-07 7.938289e-06 1.581870e-05 1.306909e-05 1.078853e-05 5.392468e-06 1.740163e-05 2.992727e-05 8.965808e-05 2.287314e-04 3.305833e-04 8.757200e-04 1.030394e-03 2.219680e-03 3.374613e-03 4.459667e-03 7.171392e-03 6.681469e-03 9.595033e-03 1.040106e-02 1.176376e-02 1.538978e-02 1.449030e-02 2.139130e-02 2.272377e-02 2.159557e-02 3.082692e-02 2.580264e-02 2.406666e-02 2.931836e-02 2.266596e-02 2.353358e-02 2.696273e-02 2.012157e-02 2.389646e-02 3.030148e-02 2.344117e-02 2.703484e-02 3.599180e-02 2.849814e-02 2.877786e-02 4.076668e-02 3.863069e-02 3.452016e-02 4.238924e-02 4.246355e-02 3.445141e-02 3.414685e-02 3.475483e-02 3.293457e-02 3.457433e-02 3.625664e-02 3.620634e-02 3.901791e-02 4.122667e-02 4.081686e-02 4.409036e-02 5.074804e-02 5.275656e-02 5.421868e-02 6.324973e-02 7.107727e-02 6.555285e-02 5.789161e-02 5.946404e-02 6.381869e-02 5.685276e-02 4.191004e-02 3.094178e-02 2.545499e-02 2.218312e-02 1.995342e-02 1.851576e-02 1.728849e-02 1.443438e-02 1.074756e-02 8.356033e-03 7.283416e-03 7.048647e-03 6.886090e-03 6.819068e-03 7.542714e-03 9.528324e-03 1.201900e-02 1.283125e-02 1.139476e-02 8.935283e-03 6.481437e-03 4.256905e-03 2.618439e-03 1.618429e-03 9.515087e-04 4.508481e-04 1.742172e-04 8.315055e-05 7.426883e-05 1.171892e-04 1.519225e-04 8.124917e-05 2.011350e-05 6.206636e-06 6.227483e-06 1.504786e-05 3.164370e-05 1.485101e-05 1.690181e-06 1.542911e-07 7.288297e-08 1.809435e-07 9.020247e-07 3.478790e-06 1.399746e-05 7.311546e-05 1.537102e-04 2.806250e-05 4.431308e-07 2.886177e-09 4.148552e-11 4.924666e-12 6.470754e-13 2.238014e-14 8.782917e-17 2.628811e-21 1.326696e-28 1.821525e-38 2.802597e-45 2.802597e-45 1.401298e-45 1.401298e-45 1.401298e-45 1.401298e-45 1.401298e-45 1.401298e-45 1.401298e-45 1.401298e-45 1.401298e-45 1.401298e-45 1.401298e-45 1.401298e-45 1.401298e-45 1.401298e-45 2.802597e-45 2.802597e-45 2.802597e-45 2.802597e-45 2.802597e-45 1.401298e-45 1.401298e-45 1.401298e-45 1.401298e-45 1.401298e-45 1.401298e-45 1.401298e-45 1.401298e-45 1.401298e-45 1.401298e-45
2.802597e-45 4.203895e-45 4.203895e-45 4.203895e-45 4.203895e-45 4.203895e-45 5.605194e-45 7.006492e-45 8.407791e-45 7.006492e-45 8.407791e-45 1.121039e-44 1.681558e-44 2.421444e-42 1.024756e-39 5.017713e-36 5.759777e-32 1.520912e-29 1.882053e-27 3.685496e-25 6.127515e-22 2.005801e-19 3.177026e-17 1.879811e-15 2.045670e-14 4.410669e-13 1.362645e-11 1.242573e-09 8.601565e-08 2.418906e-06 3.606926e-05 1.300613e-04 2.966115e-04 2.312205e-04 2.709675e-04 2.279063e-04 2.239717e-04 3.542397e-04 3.404598e-04 6.670080e-04 7.855978e-04 1.357779e-03 2.270897e-03 2.806083e-03 4.244050e-03 4.021554e-03 5.796998e-03 6.460896e-03 7.516806e-03 9.959229e-03 9.309107e-03 1.395328e-02 1.546117e-02 1.651521e-02 2.378758e-02 1.912148e-02 2.078160e-02 2.505432e-02 1.904699e-02 2.219694e-02 2.401061e-02 1.872596e-02 2.461779e-02 2.875977e-02 2.322986e-02 2.892268e-02 3.388111e-02 2.692209e-02 3.111163e-02 4.206366e-02 3.822329e-02 3.768071e-02 4.830972e-02 4.819391e-02 3.887025e-02 3.825935e-02 4.062861e-02 4.008475e-02 3.978056e-02 3.874929e-02 3.898935e-02 4.275586e-02 4.299160e-02 3.971478e-02 4.112772e-02 4.428646e-02 4.365613e-02 4.703724e-02 6.150031e-02 7.379348e-02 6.937848e-02 6.642197e-02 7.838874e-02 9.226613e-02 8.404432e-02 6.341910e-02 4.873683e-02 4.072380e-02 3.503187e-02 3.110854e-02 2.916998e-02 2.649471e-02 2.236295e-02 1.810412e-02 1.562362e-02 1.473805e-02 1.323563e-02 1.084851e-02 8.968134e-03 8.943024e-03 1.105525e-02 1.410176e-02 1.545448e-02 1.420516e-02 1.182764e-02 8.849997e-03 5.822002e-03 3.410917e-03 1.888477e-03 1.002072e-03 5.090556e-04 2.670967e-04 1.723448e-04 1.606981e-04 1.798920e-04 1.515375e-04 7.043355e-05 2.693004e-05 1.835511e-05 2.815572e-05 6.024268e-05 4.990163e-05 1.059214e-05 1.121539e-06 3.186555e-07 4.185476e-07 1.634649e-06 4.140777e-06 3.662577e-06 2.788343e-06 5.745205e-06 1.270215e-05 5.861349e-06 4.243214e-07 1.327659e-08 1.828796e-09 1.930981e-09 4.255328e-09 2.044724e-09 1.567141e-11 1.871048e-15 3.120063e-21 2.463686e-29 9.393171e-39 2.802597e-45 1.401298e-45 1.401298e-45 1.401298e-45 1.401298e-45 1.401298e-45 1.401298e-45 1.401298e-45 1.401298e-45 1.401298e-45 1.401298e-45 1.401298e-45 1.401298e-45 1.401298e-45 1.401298e-45 1.401298e-45 2.802597e-45 2.802597e-45 2.802597e-45 2.802597e-45 2.802597e-45 2.802597e-45 1.401298e-45 1.401298e-45 1.401298e-45 1.401298e-45 1.401298e-45 1.401298e-45 1.401298e-45 1.401298e-45 1.401298e-45
2.802597e-45 4.203895e-45 2.802597e-45 4.203895e-45 2.802597e-45 4.203895e-45 7.006492e-45 8.407791e-45 8.407791e-45 3.126297e-42 1.493784e-42 4.002333e-40 5.978507e-38 4.603445e-35 8.363877e-32 1.443363e-27 2.093205e-24 2.412792e-22 8.069715e-21 9.722327e-20 1.690691e-17 3.663775e-15 8.783934e-13 1.561395e-11 4.896501e-11 1.370307e-10 7.045548e-10 2.883295e-08 3.109696e-07 8.853923e-06 4.967373e-05 3.970343e-04 1.273861e-03 2.429644e-03 3.425600e-03 1.900668e-03 2.196084e-03 1.207176e-03 1.519444e-03 1.514650e-03 1.479771e-03 2.246455e-03 2.021941e-03 2.811420e-03 2.860501e-03 3.314247e-03 4.035756e-03 4.451458e-03 5.951865e-03 6.134959e-03 8.617475e-03 1.064496e-02 1.128988e-02 1.484857e-02 1.294247e-02 1.395155e-02 1.725476e-02 1.498596e-02 1.741410e-02 1.958260e-02 1.684951e-02 2.109806e-02 2.587286e-02 2.326549e-02 2.610937e-02 2.963025e-02 2.631103e-02 3.087520e-02 4.004058e-02 3.968574e-02 4.365956e-02 5.647263e-02 5.726526e-02 4.967441e-02 4.946950e-02 5.292512e-02 5.082630e-02 4.575930e-02 4.314581e-02 4.677283e-02 5.022439e-02 4.295057e-02 3.660680e-02 4.049547e-02 4.391504e-02 3.968099e-02 4.343833e-02 6.091117e-02 7.037758e-02 6.320000e-02 6.800752e-02 9.668813e-02 1.213652e-01 1.070753e-01 8.079080e-02 6.499693e-02 5.671559e-02 5.186819e-02 4.956026e-02 4.809979e-02 4.364120e-02 3.634960e-02 3.156850e-02 2.884696e-02 2.511373e-02 1.964450e-02 1.429752e-02 1.168162e-02 1.183234e-02 1.420568e-02 1.664149e-02 1.608262e-02 1.290359e-02 9.740852e-03 7.346020e-03 5.165705e-03 3.301156e-03 2.019692e-03 1.324877e-03 9.458640e-04 6.776518e-04 4.875244e-04 3.687310e-04 2.790951e-04 1.731762e-04 8.983468e-05 5.512823e-05 5.754657e-05 1.025205e-04 1.381857e-04 7.618633e-05 1.682246e-05 4.216679e-06 2.484373e-06 4.151471e-06 7.670712e-06 6.013681e-06 1.632482e-06 4.584895e-07 3.377286e-07 6.926196e-07 9.001863e-07 1.950888e-07 2.509156e-08 1.138581e-08 1.658373e-08 5.195949e-08 2.577191e-08 3.592668e-10 2.348063e-13 1.073162e-17 3.597334e-23 1.419386e-29 2.406111e-37 2.802597e-45 1.401298e-45 1.401298e-45 1.401298e-45 1.401298e-45 1.401298e-45 1.401298e-45 1.401298e-45 1.401298e-45 1.401298e-45 1.401298e-45 1.401298e-45 1.401298e-45 1.401298e-45 1.401298e-45 1.401298e-45 1.401298e-45 2.802597e-45 2.802597e-45 2.802597e-45 2.802597e-45 2.802597e-45 2.802597e-45 1.401298e-45 1.401298e-45 1.401298e-45 1.401298e-45 1.401298e-45 1.401298e-45 1.401298e-45 1.401298e-45
4.203895e-45 2.802597e-45 4.203895e-45 4.203895e-45 5.605194e-45 8.407791e-45 6.529024e-39 5.367253e-41 1.052637e-38 6.726233e-43 1.862788e-35 1.679407e-32 2.554273e-29 1.154621e-25 1.768303e-22 6.240513e-21 3.683108e-19 1.880156e-16 2.167133e-14 8.254243e-13 3.616771e-12 5.843268e-11 5.003469e-10 2.548995e-09 1.404887e-08 5.086615e-08 7.113696e-07 1.552636e-06 1.469746e-05 2.656911e-05 1.305154e-04 4.131544e-04 1.096082e-03 3.240512e-03 2.346114e-03 4.103880e-03 2.328865e-03 3.088686e-03 3.262116e-03 2.584329e-03 3.697935e-03 2.382518e-03 3.057891e-03 2.999132e-03 2.884295e-03 3.812662e-03 3.596661e-03 5.072722e-03 5.536928e-03 6.785114e-03 9.007309e-03 8.402258e-03 1.084436e-02 1.044217e-02 9.899999e-03 1.303979e-02 1.206822e-02 1.307726e-02 1.693430e-02 1.480477e-02 1.765127e-02 2.536578e-02 2.169271e-02 2.332184e-02 3.126054e-02 2.822249e-02 3.124155e-02 4.439304e-02 4.631862e-02 5.084236e-02 6.777999e-02 7.126737e-02 6.520087e-02 6.965513e-02 7.419963e-02 6.628488e-02 5.774126e-02 5.969321e-02 6.611491e-02 6.027747e-02 4.579043e-02 4.172105e-02 4.740802e-02 4.472533e-02 3.759685e-02 4.447299e-02 6.211148e-02 6.145507e-02 5.309269e-02 6.828228e-02 1.098368e-01 1.272835e-01 1.004422e-01 7.923748e-02 7.477344e-02 7.566268e-02 7.480688e-02 7.218736e-02 6.695420e-02 5.863878e-02 5.054988e-02 4.420728e-02 3.977195e-02 3.392194e-02 2.669217e-02 2.130683e-02 1.888284e-02 1.941906e-02 2.043491e-02 1.861637e-02 1.418947e-02 1.036373e-02 8.160118e-03 6.647240e-03 5.115837e-03 3.672126e-03 2.753100e-03 2.267822e-03 1.959806e-03 1.573083e-03 1.075002e-03 6.738810e-04 4.267153e-04 2.820864e-04 1.938139e-04 1.635917e-04 2.138461e-04 3.312909e-04 3.675143e-04 1.852811e-04 5.906027e-05 2.321473e-05 2.089516e-05 3.052199e-05 2.894328e-05 9.598922e-06 1.918328e-06 6.420458e-07 7.516427e-07 1.887136e-06 1.862895e-06 2.776507e-07 2.343625e-08 8.195312e-09 2.639540e-08 9.909009e-08 4.532263e-08 1.945958e-09 9.863050e-12 1.550163e-14 2.206206e-17 2.135856e-21 7.974318e-27 1.344923e-33 4.767217e-42 1.401298e-45 1.401298e-45 1.401298e-45 1.401298e-45 1.401298e-45 1.401298e-45 1.401298e-45 1.401298e-45 1.401298e-45 1.401298e-45 1.401298e-45 1.401298e-45 1.401298e-45 1.401298e-45 1.401298e-45 1.401298e-45 2.802597e-45 2.802597e-45 2.802597e-45 2.802597e-45 2.802597e-45 2.802597e-45 2.802597e-45 1.401298e-45 1.401298e-45 1.401298e-45 1.401298e-45 1.401298e-45 1.401298e-45 1.401298e-45
2.802597e-45 4.203895e-45 4.203895e-45 5.605194e-45 7.006492e-45 4.400077e-43 7.006492e-45 1.576755e-40 1.958582e-33 7.098381e-23 8.914094e-22 4.128908e-21 1.378035e-22 7.235514e-20 1.888645e-18 1.226836e-17 1.297832e-16 1.581527e-14 3.569006e-12 2.210399e-10 3.649742e-09 6.722655e-09 1.159325e-08 7.652469e-08 5.579648e-07 8.831898e-06 2.819825e-05 1.352818e-04 1.866311e-04 4.204312e-04 6.671677e-04 8.953594e-04 2.170734e-03 1.993752e-03 4.248902e-03 3.752339e-03 5.908001e-03 6.710931e-03 5.478998e-03 6.134022e-03 3.218881e-03 3.324691e-03 2.657459e-03 2.499231e-03 3.430723e-03 3.405010e-03 5.578015e-03 6.097354e-03 7.619250e-03 1.082656e-02 8.765694e-03 1.184395e-02 1.011817e-02 8.411597e-03 1.187178e-02 9.557595e-03 1.046590e-02 1.411596e-02 1.117144e-02 1.502804e-02 2.257631e-02 1.819355e-02 2.276491e-02 3.193717e-02 2.614953e-02 3.181516e-02 5.042084e-02 4.981263e-02 5.566752e-02 7.966417e-02 8.265391e-02 7.848553e-02 9.107707e-02 9.621329e-02 8.361521e-02 7.863268e-02 8.607069e-02 8.781144e-02 7.237145e-02 5.901771e-02 5.941096e-02 6.197006e-02 5.096868e-02 4.298387e-02 5.263450e-02 6.583456e-02 5.711098e-02 5.165519e-02 7.314242e-02 1.088717e-01 1.058349e-01 8.262704e-02 7.782058e-02 8.684290e-02 9.201768e-02 8.791320e-02 8.088689e-02 7.327984e-02 6.484449e-02 5.807393e-02 5.464215e-02 5.074967e-02 4.533833e-02 3.879213e-02 3.386499e-02 3.179783e-02 2.974330e-02 2.626650e-02 2.095035e-02 1.564602e-02 1.195161e-02 9.833753e-03 8.260264e-03 6.538025e-03 4.987080e-03 4.025683e-03 3.733096e-03 3.538513e-03 2.836808e-03 1.899266e-03 1.239293e-03 9.167495e-04 7.272584e-04 6.072261e-04 6.065063e-04 7.565056e-04 9.774932e-04 8.284090e-04 3.948918e-04 1.467114e-04 8.499715e-05 9.291400e-05 1.073778e-04 5.779275e-05 1.261157e-05 2.557062e-06 1.435335e-06 2.874052e-06 5.930294e-06 3.392632e-06 3.044297e-07 1.281541e-08 3.108243e-09 1.656379e-08 1.816700e-07 2.756932e-07 2.433239e-08 2.999101e-10 3.572742e-12 3.608339e-14 1.343852e-16 3.041665e-20 7.430185e-26 5.262752e-33 1.893715e-41 2.802597e-45 1.401298e-45 1.401298e-45 1.401298e-45 1.401298e-45 1.401298e-45 1.401298e-45 1.401298e-45 1.401298e-45 1.401298e-45 1.401298e-45 1.401298e-45 1.401298e-45 1.401298e-45 1.401298e-45 1.401298e-45 2.802597e-45 2.802597e-45 2.802597e-45 2.802597e-45 2.802597e-45 2.802597e-45 2.802597e-45 1.401298e-45 1.401298e-45 1.401298e-45 1.401298e-45 1.401298e-45 1.401298e-45 1.401298e-45
4.203895e-45 4.203895e-45 2.802597e-45 4.203895e-45 5.605194e-45 9.809089e-45 2.141233e-34 1.616805e-24 6.601225e-20 2.488895e-24 1.127376e-25 8.211150e-22 9.610471e-16 1.317578e-14 1.421595e-12 3.440679e-11 2.181366e-09 5.118791e-09 2.531046e-08 4.253276e-08 4.235819e-08 2.069425e-08 5.194918e-08 4.395380e-07 5.025696e-06 4.344102e-05 2.413751e-04 1.075456e-03 1.904288e-03 3.028470e-03 2.640397e-03 2.709700e-03 2.025479e-03 2.315825e-03 3.058264e-03 4.631238e-03 6.972455e-03 6.950928e-03 6.963123e-03 4.570245e-03 4.024549e-03 3.217532e-03 2.914853e-03 2.963549e-03 2.572867e-03 3.709920e-03 4.525224e-03 7.256140e-03 9.810438e-03 9.135294e-03 1.271388e-02 1.004604e-02 9.338243e-03 1.162918e-02 8.154571e-03 9.543822e-03 1.152398e-02 9.395112e-03 1.463019e-02 1.896495e-02 1.530027e-02 2.143335e-02 2.641138e-02 2.232765e-02 3.278219e-02 4.749006e-02 4.368207e-02 5.471601e-02 7.838003e-02 7.576520e-02 7.657968e-02 9.580819e-02 1.022419e-01 9.669294e-02 9.852737e-02 1.031547e-01 1.016663e-01 9.231902e-02 8.372772e-02 8.410016e-02 8.266372e-02 6.591674e-02 5.563407e-02 6.688505e-02 7.853270e-02 6.498595e-02 5.997803e-02 8.284117e-02 1.052899e-01 8.932373e-02 7.411058e-02 8.028194e-02 9.105930e-02 8.928493e-02 8.397106e-02 8.299094e-02 7.940407e-02 6.986392e-02 5.996866e-02 5.322051e-02 4.858056e-02 4.363443e-02 3.995686e-02 3.704051e-02 3.501589e-02 3.420288e-02 3.205581e-02 2.765658e-02 2.175317e-02 1.648753e-02 1.253193e-02 9.655284e-03 7.630073e-03 6.491079e-03 6.175757e-03 6.181747e-03 5.863390e-03 4.897891e-03 3.792625e-03 3.084750e-03 2.734385e-03 2.520314e-03 2.252949e-03 2.051208e-03 2.089741e-03 2.041598e-03 1.455864e-03 7.168773e-04 3.686830e-04 2.959362e-04 3.328285e-04 2.918690e-04 1.135071e-04 2.555382e-05 8.139539e-06 8.066945e-06 1.494647e-05 2.109869e-05 8.308340e-06 1.008397e-06 1.149342e-07 6.433310e-08 1.972954e-07 1.213822e-06 1.277209e-06 6.543333e-08 1.457035e-09 5.000577e-11 1.644294e-12 3.759502e-14 9.286849e-17 1.157557e-20 5.709169e-26 1.898058e-32 4.831033e-40 2.802597e-45 2.802597e-45 2.802597e-45 1.401298e-45 1.401298e-45 1.401298e-45 1.401298e-45 1.401298e-45 1.401298e-45 1.401298e-45 1.401298e-45 1.401298e-45 1.401298e-45 1.401298e-45 1.401298e-45 1.401298e-45 1.401298e-45 2.802597e-45 2.802597e-45 2.802597e-45 2.802597e-45 2.802597e-45 2.802597e-45 1.401298e-45 1.401298e-45 1.401298e-45 1.401298e-45 1.401298e-45 1.401298e-45 1.401298e-45
4.203895e-45 1.401298e-45 2.802597e-45 2.802597e-45 7.006492e-45 1.347737e-34 1.076228e-27 4.076834e-24 2.729582e-23 8.130856e-17 2.734679e-13 6.900579e-12 3.399427e-14 1.755569e-13 1.986885e-12 1.858234e-09 2.616225e-08 9.510580e-07 1.645540e-06 5.581745e-06 4.142022e-06 1.130935e-05 3.062672e-05 4.651229e-05 1.224672e-04 1.335542e-04 5.238356e-04 6.595514e-04 2.300863e-03 2.148375e-03 2.343412e-03 2.019212e-03 1.466687e-03 2.359609e-03 2.155045e-03 3.340465e-03 3.379702e-03 3.385811e-03 3.788150e-03 3.562746e-03 4.188253e-03 3.924807e-03 3.549868e-03 3.469544e-03 3.745438e-03 4.257586e-03 5.672822e-03 5.816851e-03 6.826662e-03 8.173766e-03 7.390721e-03 8.956942e-03 9.626920e-03 8.422781e-03 1.026081e-02 1.091442e-02 1.056969e-02 1.491234e-02 1.638084e-02 1.551610e-02 2.196760e-02 2.491740e-02 2.326419e-02 3.283282e-02 4.006638e-02 3.781268e-02 5.246022e-02 6.823127e-02 6.330784e-02 7.402200e-02 9.783871e-02 1.014074e-01 1.024505e-01 1.068480e-01 1.049328e-01 1.084278e-01 1.117641e-01 1.052927e-01 1.048832e-01 1.045270e-01 8.714277e-02 7.893215e-02 9.349360e-02 9.413513e-02 6.922926e-02 6.420799e-02 8.564148e-02 9.437387e-02 7.619569e-02 6.918667e-02 7.563668e-02 7.485499e-02 6.820236e-02 7.019230e-02 7.573038e-02 6.955002e-02 5.582802e-02 4.634468e-02 4.104508e-02 3.580201e-02 3.038432e-02 2.625830e-02 2.561332e-02 2.761513e-02 3.061805e-02 3.247331e-02 2.956153e-02 2.335924e-02 1.696371e-02 1.242524e-02 9.815508e-03 8.611654e-03 8.450724e-03 9.089516e-03 1.014865e-02 1.057813e-02 9.627881e-03 8.134223e-03 7.350824e-03 7.285631e-03 6.824252e-03 5.727182e-03 4.873767e-03 4.463956e-03 3.930096e-03 2.808782e-03 1.737933e-03 1.171213e-03 1.040513e-03 1.050471e-03 7.216697e-04 2.753355e-04 8.298473e-05 4.684291e-05 6.254187e-05 1.382835e-04 1.516428e-04 4.992148e-05 7.654083e-06 2.369957e-06 2.785766e-06 8.946035e-06 1.722945e-05 3.568910e-06 1.085515e-07 3.606279e-09 4.596768e-10 2.140037e-10 3.070951e-11 5.646198e-13 1.339829e-15 6.411962e-19 4.076931e-23 5.788193e-28 3.040918e-34 1.078860e-41 2.802597e-45 2.802597e-45 1.401298e-45 1.401298e-45 1.401298e-45 1.401298e-45 1.401298e-45 1.401298e-45 1.401298e-45 1.401298e-45 1.401298e-45 1.401298e-45 1.401298e-45 1.401298e-45 1.401298e-45 1.401298e-45 2.802597e-45 2.802597e-45 2.802597e-45 2.802597e-45 2.802597e-45 2.802597e-45 1.401298e-45 1.401298e-45 1.401298e-45 1.401298e-45 1.401298e-45 1.401298e-45 1.401298e-45
1.401298e-45 1.401298e-45 1.401298e-45 2.802597e-45 9.865141e-43 6.936864e-34 5.265966e-24 1.885786e-18 2.297498e-15 1.344966e-14 4.998337e-12 1.838082e-11 9.578735e-09 5.201728e-08 8.270276e-07 1.727435e-07 5.935256e-07 2.281132e-07 1.030190e-06 2.973543e-06 4.701180e-05 3.088249e-04 6.178480e-04 1.573121e-03 9.526644e-04 2.409191e-03 1.114509e-03 2.654203e-03 1.579861e-03 1.886486e-03 1.473966e-03 1.044111e-03 1.697688e-03 1.277638e-03 1.920281e-03 1.387296e-03 1.197247e-03 1.399262e-03 1.254119e-03 2.180499e-03 2.195296e-03 2.557921e-03 3.375537e-03 3.377682e-03 4.793354e-03 4.893648e-03 4.808587e-03 5.768820e-03 4.954599e-03 5.632628e-03 6.425886e-03 6.532508e-03 8.078791e-03 8.713552e-03 9.808239e-03 1.129725e-02 1.323187e-02 1.612597e-02 1.857412e-02 2.362444e-02 2.769993e-02 2.785535e-02 3.513158e-02 4.112250e-02 3.966026e-02 4.970363e-02 6.019709e-02 5.843611e-02 7.139610e-02 9.204894e-02 9.233406e-02 9.450272e-02 1.031987e-01 1.045852e-01 1.129651e-01 1.216365e-01 1.203449e-01 1.285986e-01 1.374020e-01 1.257896e-01 1.205270e-01 1.262891e-01 1.091520e-01 8.620167e-02 9.231480e-02 1.154663e-01 1.066358e-01 7.930148e-02 6.966522e-02 6.910883e-02 6.359237e-02 6.011730e-02 6.375302e-02 6.279913e-02 5.194063e-02 4.298035e-02 3.975370e-02 3.652627e-02 2.948396e-02 2.273448e-02 1.961530e-02 1.928636e-02 2.130212e-02 2.410670e-02 2.535776e-02 2.415797e-02 2.053960e-02 1.694278e-02 1.416514e-02 1.238317e-02 1.174125e-02 1.230562e-02 1.399397e-02 1.606614e-02 1.690669e-02 1.586813e-02 1.448812e-02 1.411773e-02 1.431703e-02 1.408782e-02 1.310140e-02 1.212002e-02 1.140400e-02 9.853788e-03 7.000996e-03 4.220868e-03 2.739654e-03 2.250970e-03 1.897494e-03 1.194861e-03 5.088844e-04 2.423981e-04 2.076766e-04 3.569349e-04 5.315433e-04 3.288592e-04 6.721303e-05 1.132473e-05 4.513235e-06 7.362725e-06 2.397674e-05 3.161556e-05 7.513611e-06 5.062546e-07 3.246412e-08 9.772479e-09 9.574475e-09 4.219509e-09 2.085143e-10 2.205305e-12 1.187526e-14 4.750620e-17 6.418746e-20 4.092172e-24 5.052742e-30 1.593126e-37 2.802597e-45 2.802597e-45 2.802597e-45 1.401298e-45 1.401298e-45 1.401298e-45 1.401298e-45 1.401298e-45 1.401298e-45 1.401298e-45 1.401298e-45 1.401298e-45 1.401298e-45 1.401298e-45 1.401298e-45 1.401298e-45 2.802597e-45 2.802597e-45 2.802597e-45 2.802597e-45 2.802597e-45 2.802597e-45 1.401298e-45 1.401298e-45 1.401298e-45 1.401298e-45 1.401298e-45 1.401298e-45 1.401298e-45
1.401298e-45 1.401298e-45 2.802597e-45 4.203895e-45 7.684020e-41 1.446584e-26 3.948021e-20 1.036646e-17 5.948697e-12 4.202863e-08 1.216504e-08 7.499424e-09 2.617482e-08 1.152806e-06 1.477368e-06 1.153712e-05 6.802500e-06 1.574988e-05 1.479745e-05 6.728066e-05 1.142747e-04 1.489216e-04 4.654331e-04 5.704598e-04 1.951230e-03 9.193789e-04 2.827624e-03 1.680892e-03 3.419444e-03 2.550662e-03 2.765183e-03 3.257567e-03 2.161395e-03 3.040006e-03 1.623957e-03 1.535061e-03 1.265750e-03 1.095147e-03 1.898706e-03 1.648459e-03 2.611792e-03 3.330008e-03 3.418939e-03 5.691770e-03 4.526340e-03 5.522050e-03 6.062761e-03 4.757113e-03 6.685213e-03 5.997805e-03 6.624587e-03 8.478584e-03 7.010279e-03 9.560920e-03 1.148431e-02 1.296250e-02 2.031739e-02 2.209086e-02 2.643828e-02 3.574859e-02 3.458444e-02 3.985151e-02 4.588427e-02 3.989549e-02 4.638080e-02 5.848616e-02 5.618908e-02 6.458822e-02 8.290912e-02 8.252496e-02 8.417100e-02 9.678424e-02 9.969773e-02 1.049952e-01 1.176092e-01 1.232658e-01 1.351798e-01 1.493487e-01 1.455170e-01 1.444446e-01 1.514667e-01 1.445348e-01 1.368425e-01 1.474903e-01 1.514789e-01 1.230021e-01 9.582943e-02 8.770023e-02 8.446191e-02 7.869513e-02 7.779617e-02 7.868861e-02 6.881985e-02 5.391016e-02 4.556487e-02 4.266088e-02 3.806000e-02 3.090390e-02 2.482991e-02 2.126752e-02 1.965734e-02 1.906373e-02 1.949775e-02 1.964347e-02 1.864856e-02 1.754423e-02 1.663078e-02 1.637223e-02 1.622116e-02 1.609983e-02 1.643251e-02 1.754823e-02 1.924761e-02 2.054957e-02 2.080690e-02 2.103861e-02 2.319449e-02 2.696312e-02 2.946129e-02 3.011975e-02 3.087036e-02 3.060967e-02 2.466267e-02 1.472963e-02 7.728352e-03 4.655841e-03 3.584575e-03 3.065667e-03 2.196522e-03 1.356745e-03 9.482568e-04 1.035065e-03 1.369000e-03 1.225476e-03 4.258518e-04 7.768983e-05 1.844097e-05 1.346750e-05 2.996506e-05 6.806834e-05 6.263705e-05 1.723811e-05 2.749155e-06 6.423277e-07 3.064527e-07 1.419095e-07 2.743890e-08 1.165014e-09 3.067421e-11 1.968412e-12 3.295404e-13 1.721778e-14 6.524245e-17 4.288017e-21 1.433539e-26 8.778753e-33 5.680610e-39 2.802597e-45 2.802597e-45 2.802597e-45 2.802597e-45 1.401298e-45 1.401298e-45 1.401298e-45 1.401298e-45 1.401298e-45 1.401298e-45 1.401298e-45 1.401298e-45 1.401298e-45 2.802597e-45 1.401298e-45 1.401298e-45 1.401298e-45 2.802597e-45 2.802597e-45 2.802597e-45 2.802597e-45 2.802597e-45 2.802597e-45 1.401298e-45 1.401298e-45 1.401298e-45 1.401298e-45 1.401298e-45
1.401298e-45 1.401298e-45 2.802597e-45 4.203895e-45 2.272089e-38 1.733558e-27 2.372129e-19 9.118699e-11 1.188106e-08 6.567462e-09 9.034509e-07 2.971401e-05 3.619433e-05 1.275039e-06 5.707121e-07 9.750698e-07 1.710624e-05 1.214504e-04 9.071993e-04 1.320211e-03 8.268983e-04 5.416850e-04 2.521774e-04 5.756285e-04 4.879341e-04 2.102893e-03 1.189801e-03 2.622223e-03 1.806690e-03 3.145815e-03 4.203003e-03 3.756493e-03 5.788211e-03 2.673704e-03 3.309234e-03 2.127668e-03 1.992107e-03 2.417771e-03 1.637996e-03 2.996541e-03 3.061810e-03 3.991882e-03 5.503675e-03 4.040746e-03 5.501722e-03 5.108575e-03 5.164084e-03 6.850820e-03 5.594289e-03 7.084416e-03 7.674675e-03 6.897249e-03 1.020311e-02 1.058877e-02 1.353206e-02 2.134130e-02 2.166038e-02 2.879645e-02 3.877588e-02 3.540835e-02 4.366374e-02 4.983610e-02 4.237249e-02 5.274411e-02 6.186603e-02 5.358109e-02 6.430240e-02 7.865826e-02 7.063019e-02 7.718690e-02 8.990785e-02 8.433565e-02 9.515404e-02 1.153074e-01 1.079319e-01 1.112192e-01 1.359394e-01 1.391357e-01 1.332143e-01 1.452976e-01 1.578239e-01 1.612347e-01 1.664516e-01 1.623350e-01 1.419574e-01 1.257895e-01 1.186902e-01 1.104418e-01 1.066899e-01 1.130757e-01 1.111354e-01 8.805300e-02 6.565234e-02 5.596988e-02 5.237450e-02 4.754854e-02 4.104884e-02 3.504951e-02 2.927407e-02 2.401587e-02 2.073908e-02 1.856996e-02 1.698564e-02 1.563979e-02 1.529894e-02 1.672314e-02 1.865098e-02 2.015276e-02 2.072610e-02 2.128759e-02 2.278111e-02 2.502359e-02 2.728152e-02 2.946109e-02 3.311453e-02 3.901881e-02 4.589263e-02 5.218538e-02 5.658264e-02 5.655017e-02 4.742458e-02 3.111953e-02 1.709349e-02 9.644694e-03 7.047780e-03 6.915286e-03 7.153973e-03 6.341178e-03 4.780803e-03 3.913323e-03 3.831669e-03 3.659030e-03 2.222462e-03 7.761845e-04 2.435152e-04 1.270396e-04 1.542446e-04 2.567973e-04 2.842155e-04 1.186731e-04 3.137720e-05 1.092683e-05 7.749722e-06 5.453627e-06 1.644021e-06 1.443374e-07 7.661252e-09 8.141318e-10 5.803504e-10 1.046255e-09 9.714486e-10 4.654336e-11 1.142149e-13 2.348491e-17 4.256806e-21 4.527464e-25 1.033248e-29 1.234491e-36 2.802597e-45 2.802597e-45 2.802597e-45 2.802597e-45 1.401298e-45 1.401298e-45 1.401298e-45 1.401298e-45 1.401298e-45 1.401298e-45 1.401298e-45 1.401298e-45 1.401298e-45 1.401298e-45 1.401298e-45 1.401298e-45 2.802597e-45 2.802597e-45 2.802597e-45 2.802597e-45 2.802597e-45 2.802597e-45 2.802597e-45 1.401298e-45 1.401298e-45 1.401298e-45 1.401298e-45
0.000000e+00 1.401298e-45 1.401298e-45 2.802597e-45 4.203895e-45 3.826568e-35 9.065318e-20 6.551017e-14 4.726876e-10 1.136479e-06 4.022424e-05 1.733075e-05 3.098346e-06 5.304179e-06 1.361362e-05 4.905035e-05 1.323901e-04 4.472377e-04 6.976564e-04 9.489439e-04 1.610325e-03 1.543500e-03 2.354804e-03 1.356953e-03 2.780378e-03 1.612652e-03 3.155880e-03 1.764839e-03 2.448778e-03 2.654202e-03 2.540482e-03 4.409920e-03 2.529971e-03 4.402031e-03 2.725278e-03 3.174304e-03 3.170325e-03 2.143966e-03 3.448548e-03 2.468514e-03 3.491856e-03 3.674331e-03 3.059334e-03 4.295772e-03 3.782044e-03 4.847942e-03 5.395438e-03 5.306838e-03 6.747798e-03 6.429509e-03 7.598026e-03 9.747555e-03 1.071154e-02 1.662287e-02 1.890649e-02 2.068082e-02 2.956907e-02 3.113406e-02 3.384649e-02 4.471598e-02 4.533458e-02 4.637500e-02 5.853879e-02 5.889402e-02 5.811540e-02 7.333829e-02 7.540211e-02 7.100521e-02 8.314887e-02 8.468684e-02 8.315863e-02 1.061806e-01 1.112368e-01 9.146447e-02 1.013539e-01 1.229756e-01 1.093850e-01 1.016982e-01 1.224458e-01 1.409784e-01 1.439620e-01 1.523996e-01 1.623828e-01 1.617674e-01 1.569259e-01 1.506352e-01 1.470275e-01 1.579423e-01 1.749857e-01 1.609971e-01 1.228643e-01 9.900495e-02 9.295552e-02 9.009684e-02 8.242435e-02 7.251604e-02 6.146605e-02 4.881697e-02 3.783733e-02 3.032182e-02 2.490284e-02 2.013538e-02 1.760945e-02 1.778676e-02 2.001536e-02 2.320819e-02 2.494258e-02 2.608437e-02 2.826108e-02 3.247364e-02 3.753079e-02 4.088739e-02 4.230136e-02 4.512996e-02 5.309945e-02 6.498033e-02 7.457282e-02 7.549970e-02 6.594814e-02 4.870914e-02 3.090386e-02 1.937437e-02 1.513069e-02 1.589259e-02 1.885535e-02 1.966100e-02 1.536995e-02 1.020798e-02 7.342280e-03 6.293991e-03 5.206592e-03 3.172472e-03 1.469795e-03 7.175489e-04 5.598840e-04 6.119758e-04 5.990586e-04 2.981659e-04 9.646136e-05 3.433011e-05 2.259753e-05 2.154384e-05 1.415646e-05 4.056495e-06 6.823876e-07 1.500493e-07 1.185931e-07 2.820531e-07 8.478785e-07 7.237746e-07 6.301411e-08 6.660922e-10 4.385570e-12 1.797842e-14 3.377497e-17 8.336937e-21 6.378894e-27 1.424956e-35 2.802597e-45 2.802597e-45 2.802597e-45 2.802597e-45 2.802597e-45 2.802597e-45 1.401298e-45 1.401298e-45 1.401298e-45 1.401298e-45 1.401298e-45 1.401298e-45 1.401298e-45 1.401298e-45 1.401298e-45 2.802597e-45 2.802597e-45 2.802597e-45 2.802597e-45 2.802597e-45 2.802597e-45 2.802597e-45 2.802597e-45 1.401298e-45 1.401298e-45 1.401298e-45 1.401298e-45
1.401298e-45 1.401298e-45 1.401298e-45 1.401298e-45 1.401298e-45 4.203895e-45 2.068229e-31 3.361305e-19 1.180489e-10 6.983554e-06 4.041776e-05 1.158551e-05 9.739202e-06 5.554274e-05 3.064394e-04 1.197119e-03 2.661131e-03 2.218149e-03 1.317587e-03 1.844498e-03 2.612869e-03 4.389457e-03 3.565905e-03 4.629457e-03 3.208908e-03 4.077885e-03 3.336704e-03 3.763409e-03 3.594877e-03 2.463590e-03 2.927419e-03 1.810292e-03 3.051514e-03 2.698621e-03 3.901667e-03 4.466086e-03 3.637879e-03 5.080936e-03 3.784262e-03 4.460191e-03 4.071377e-03 3.554578e-03 4.825257e-03 4.966191e-03 6.297232e-03 7.228394e-03 7.665344e-03 7.892882e-03 8.144055e-03 9.518188e-03 1.017395e-02 1.352956e-02 1.760041e-02 1.871740e-02 2.642272e-02 3.248500e-02 3.158325e-02 3.915466e-02 4.397536e-02 4.389817e-02 5.279389e-02 5.805511e-02 5.963600e-02 7.160478e-02 8.052947e-02 7.976361e-02 8.472276e-02 8.881854e-02 8.884303e-02 1.017898e-01 1.168653e-01 1.072066e-01 9.951339e-02 1.098277e-01 1.111723e-01 1.002027e-01 1.018386e-01 1.096597e-01 1.057675e-01 1.002187e-01 1.059351e-01 1.192583e-01 1.337055e-01 1.418789e-01 1.446399e-01 1.587387e-01 1.939691e-01 2.166617e-01 1.942331e-01 1.647750e-01 1.565306e-01 1.548238e-01 1.437209e-01 1.294235e-01 1.171211e-01 1.032258e-01 8.547906e-02 6.928603e-02 5.580818e-02 4.205461e-02 3.050314e-02 2.388738e-02 2.271451e-02 2.436753e-02 2.602911e-02 2.741845e-02 2.903388e-02 3.254452e-02 3.673652e-02 4.009569e-02 4.256475e-02 4.702532e-02 5.713570e-02 7.252151e-02 8.791455e-02 9.537544e-02 9.074029e-02 7.456459e-02 5.344911e-02 3.823408e-02 3.207195e-02 3.280033e-02 3.785429e-02 4.172882e-02 3.639969e-02 2.534680e-02 1.732295e-02 1.430047e-02 1.376875e-02 1.184066e-02 7.760278e-03 4.230668e-03 2.628075e-03 2.144851e-03 2.029123e-03 1.455763e-03 6.924534e-04 2.662635e-04 1.361606e-04 1.152019e-04 1.108057e-04 7.412842e-05 3.029333e-05 1.177493e-05 8.610453e-06 1.576835e-05 3.986261e-05 4.905070e-05 9.838931e-06 3.110371e-07 6.139731e-09 5.403116e-10 8.836423e-11 7.186961e-12 8.786359e-15 1.303060e-19 2.837415e-26 2.588628e-34 7.651090e-43 2.802597e-45 2.802597e-45 2.802597e-45 2.802597e-45 1.401298e-45 1.401298e-45 1.401298e-45 1.401298e-45 1.401298e-45 1.401298e-45 1.401298e-45 1.401298e-45 1.401298e-45 1.401298e-45 2.802597e-45 2.802597e-45 2.802597e-45 2.802597e-45 2.802597e-45 2.802597e-45 2.802597e-45 2.802597e-45 1.401298e-45 1.401298e-45 1.401298e-45 1.401298e-45
1.401298e-45 1.401298e-45 1.401298e-45 1.401298e-45 2.802597e-45 2.802597e-45 1.061503e-39 3.129667e-20 2.649313e-09 8.974783e-06 7.807393e-05 5.364267e-04 2.192697e-03 1.879104e-03 2.387291e-03 2.574082e-03 3.693290e-03 3.731207e-03 4.483390e-03 3.855669e-03 3.239023e-03 2.790925e-03 2.595777e-03 2.715907e-03 2.712452e-03 3.035060e-03 2.541507e-03 2.579326e-03 1.752703e-03 1.624373e-03 1.180819e-03 1.489252e-03 1.941681e-03 2.503689e-03 3.603360e-03 3.518768e-03 5.038275e-03 5.847557e-03 5.558293e-03 5.821957e-03 4.247315e-03 4.617590e-03 5.728528e-03 6.624645e-03 9.971182e-03 9.478099e-03 9.025740e-03 1.189358e-02 1.073089e-02 1.252364e-02 1.716173e-02 1.471972e-02 1.975927e-02 2.801840e-02 2.675599e-02 3.275545e-02 3.568799e-02 3.360509e-02 3.900375e-02 4.213511e-02 4.528346e-02 5.456401e-02 6.193328e-02 7.030731e-02 7.953805e-02 8.116294e-02 8.571995e-02 9.714540e-02 1.079153e-01 1.152502e-01 1.155461e-01 1.137364e-01 1.176543e-01 1.235601e-01 1.209329e-01 1.125753e-01 1.081322e-01 1.030045e-01 9.405674e-02 9.336966e-02 1.041980e-01 1.129778e-01 1.132614e-01 1.197325e-01 1.462694e-01 1.825993e-01 1.931877e-01 1.771223e-01 1.698209e-01 1.763317e-01 1.800186e-01 1.748342e-01 1.692393e-01 1.639110e-01 1.542685e-01 1.433861e-01 1.308744e-01 1.060190e-01 7.123064e-02 4.516752e-02 3.434109e-02 3.221858e-02 3.329242e-02 3.314133e-02 3.168197e-02 3.161844e-02 3.237581e-02 3.409890e-02 3.635605e-02 4.135991e-02 5.224597e-02 7.168061e-02 9.757239e-02 1.151187e-01 1.107642e-01 9.014186e-02 6.845424e-02 5.398641e-02 4.728319e-02 4.796305e-02 5.446737e-02 6.045289e-02 5.794350e-02 4.819104e-02 3.909413e-02 3.567671e-02 3.717699e-02 3.784259e-02 3.184969e-02 2.048521e-02 1.217261e-02 8.576867e-03 7.925536e-03 7.542684e-03 5.631211e-03 3.166891e-03 1.809882e-03 1.431727e-03 1.452743e-03 1.298582e-03 7.279088e-04 3.273526e-04 1.797664e-04 1.993927e-04 3.889737e-04 7.034987e-04 4.500145e-04 7.581266e-05 3.859007e-06 2.751373e-07 7.399150e-08 1.307350e-07 1.215297e-07 4.394103e-09 1.609924e-12 3.610832e-17 1.341554e-22 3.632434e-28 1.389455e-34 9.374687e-43 2.802597e-45 2.802597e-45 2.802597e-45 2.802597e-45 1.401298e-45 1.401298e-45 1.401298e-45 1.401298e-45 1.401298e-45 1.401298e-45 1.401298e-45 1.401298e-45 1.401298e-45 1.401298e-45 1.401298e-45 2.802597e-45 2.802597e-45 2.802597e-45 2.802597e-45 2.802597e-45 2.802597e-45 2.802597e-45 1.401298e-45 1.401298e-45 1.401298e-45
1.401298e-45 1.401298e-45 1.401298e-45 1.401298e-45 1.401298e-45 2.802597e-45 5.605194e-45 2.238273e-30 6.337248e-18 5.325557e-11 1.667925e-06 2.820904e-04 7.031077e-04 9.178278e-04 5.222007e-04 3.477484e-04 4.900683e-04 1.389368e-03 2.607112e-03 1.866125e-03 1.136951e-03 7.402048e-04 8.729126e-04 8.140908e-04 1.078080e-03 1.242668e-03 2.061741e-03 2.292220e-03 1.979742e-03 1.692064e-03 1.349407e-03 1.818641e-03 1.907042e-03 3.040396e-03 3.134903e-03 3.521768e-03 4.793460e-03 3.638005e-03 5.180876e-03 4.285019e-03 5.204157e-03 7.744484e-03 6.263801e-03 8.857612e-03 7.637406e-03 8.206262e-03 1.197629e-02 8.326961e-03 1.254200e-02 1.712348e-02 1.406503e-02 2.338252e-02 2.372948e-02 1.821406e-02 2.488165e-02 2.241023e-02 2.120674e-02 2.906543e-02 2.819917e-02 3.216967e-02 4.196647e-02 4.621437e-02 5.865523e-02 6.488076e-02 6.138192e-02 7.268625e-02 8.460317e-02 8.853294e-02 1.023577e-01 1.153741e-01 1.227383e-01 1.385602e-01 1.451246e-01 1.291655e-01 1.223762e-01 1.299881e-01 1.243001e-01 1.099288e-01 1.070762e-01 1.087411e-01 1.051454e-01 1.075053e-01 1.256536e-01 1.529769e-01 1.721322e-01 1.716654e-01 1.649202e-01 1.703286e-01 1.867334e-01 2.017851e-01 2.133309e-01 2.283104e-01 2.428093e-01 2.485268e-01 2.408922e-01 2.107147e-01 1.581886e-01 1.080628e-01 8.003602e-02 7.066549e-02 6.929526e-02 6.335889e-02 5.387314e-02 4.576326e-02 4.076352e-02 3.867180e-02 3.813612e-02 4.261151e-02 5.366252e-02 7.197215e-02 9.079947e-02 9.793706e-02 9.045863e-02 7.597366e-02 6.343482e-02 5.515373e-02 5.280056e-02 5.914306e-02 7.174819e-02 8.070464e-02 7.718682e-02 6.668262e-02 5.832560e-02 5.467327e-02 5.502978e-02 5.576298e-02 4.959145e-02 3.473452e-02 2.126162e-02 1.426093e-02 1.193524e-02 1.147229e-02 1.055133e-02 8.062143e-03 5.444367e-03 4.142957e-03 4.013225e-03 3.863353e-03 2.362626e-03 9.530249e-04 3.457259e-04 2.168420e-04 2.921642e-04 5.995957e-04 8.282873e-04 5.315234e-04 1.297198e-04 1.934247e-05 3.219818e-06 1.234679e-06 9.066332e-07 7.349924e-07 7.617579e-08 6.435766e-10 1.098821e-12 7.554890e-16 1.429943e-19 1.339382e-24 9.486561e-32 3.968898e-41 2.802597e-45 2.802597e-45 2.802597e-45 2.802597e-45 2.802597e-45 2.802597e-45 1.401298e-45 1.401298e-45 1.401298e-45 1.401298e-45 1.401298e-45 1.401298e-45 1.401298e-45 1.401298e-45 1.401298e-45 2.802597e-45 2.802597e-45 2.802597e-45 2.802597e-45 2.802597e-45 2.802597e-45 2.802597e-45 1.401298e-45 1.401298e-45 1.401298e-45
1.401298e-45 1.401298e-45 1.401298e-45 1.401298e-45 1.401298e-45 1.401298e-45 2.802597e-45 5.605194e-45 1.518407e-36 4.936057e-22 2.553730e-13 1.784637e-09 8.328121e-08 5.772732e-07 3.143260e-06 1.412340e-05 5.251291e-05 1.704704e-04 3.466859e-04 7.804016e-04 8.686321e-04 8.774799e-04 6.887522e-04 9.395443e-04 1.208905e-03 1.726965e-03 2.177712e-03 2.425529e-03 4.008829e-03 3.865894e-03 5.099999e-03 3.696504e-03 3.924395e-03 4.348923e-03 4.772128e-03 6.552716e-03 3.722629e-03 4.046269e-03 3.371662e-03 4.562295e-03 9.380245e-03 8.617347e-03 1.349237e-02 1.106597e-02 9.597756e-03 1.265293e-02 8.757281e-03 1.408180e-02 1.954874e-02 1.677192e-02 2.995849e-02 2.601186e-02 2.102234e-02 3.090904e-02 2.413268e-02 2.170962e-02 3.078670e-02 2.772697e-02 2.885677e-02 4.175261e-02 4.581511e-02 4.994738e-02 5.664418e-02 5.750587e-02 6.825783e-02 8.130837e-02 8.586581e-02 9.710661e-02 1.149926e-01 1.242243e-01 1.228705e-01 1.223531e-01 1.288698e-01 1.400827e-01 1.434051e-01 1.375370e-01 1.323089e-01 1.262438e-01 1.149291e-01 1.078849e-01 1.109902e-01 1.194841e-01 1.284482e-01 1.364152e-01 1.416982e-01 1.471380e-01 1.590918e-01 1.771671e-01 1.996743e-01 2.282329e-01 2.605400e-01 2.852606e-01 2.954993e-01 2.905193e-01 2.618471e-01 2.174148e-01 1.780236e-01 1.580898e-01 1.524031e-01 1.399899e-01 1.166904e-01 9.230132e-02 7.782797e-02 6.966077e-02 6.502853e-02 6.587018e-02 7.081859e-02 8.013043e-02 8.632595e-02 8.574080e-02 7.954925e-02 7.160188e-02 6.610596e-02 6.358779e-02 6.522419e-02 7.006489e-02 7.549421e-02 8.006388e-02 8.010492e-02 7.575882e-02 6.933073e-02 6.394493e-02 6.129250e-02 5.896703e-02 5.221554e-02 4.008575e-02 2.875083e-02 2.204622e-02 2.018320e-02 2.211981e-02 2.417462e-02 2.146428e-02 1.463560e-02 9.644908e-03 7.629890e-03 6.749242e-03 4.850355e-03 2.538771e-03 1.039980e-03 5.302616e-04 4.952731e-04 8.252361e-04 1.438272e-03 1.419773e-03 5.090703e-04 7.311978e-05 9.701687e-06 2.639099e-06 1.488003e-06 1.343543e-06 8.215349e-07 1.282653e-07 9.275840e-09 3.022486e-10 1.946470e-11 2.895375e-13 8.196323e-17 1.024190e-22 2.458145e-30 2.683384e-39 2.802597e-45 2.802597e-45 2.802597e-45 2.802597e-45 2.802597e-45 2.802597e-45 1.401298e-45 1.401298e-45 1.401298e-45 1.401298e-45 1.401298e-45 1.401298e-45 1.401298e-45 1.401298e-45 1.401298e-45 2.802597e-45 2.802597e-45 2.802597e-45 2.802597e-45 2.802597e-45 2.802597e-45 1.401298e-45 1.401298e-45 1.401298e-45 1.401298e-45
1.401298e-45 1.401298e-45 1.401298e-45 2.802597e-45 2.802597e-45 2.802597e-45 2.802597e-45 2.802597e-45 4.203895e-45 3.215840e-41 2.497199e-28 7.899966e-20 8.756522e-15 1.865898e-11 1.026951e-08 1.428945e-06 4.246104e-05 2.212853e-04 7.215005e-04 1.561217e-03 3.079724e-03 3.669971e-03 3.991654e-03 3.827578e-03 3.611240e-03 3.326277e-03 2.557538e-03 2.819621e-03 3.304560e-03 5.521809e-03 6.353990e-03 6.949908e-03 7.101523e-03 4.891037e-03 5.362549e-03 3.519430e-03 4.566504e-03 4.188782e-03 4.602250e-03 8.753741e-03 7.029194e-03 1.137620e-02 1.181633e-02 1.111276e-02 1.851367e-02 1.294156e-02 1.940081e-02 2.638922e-02 1.782297e-02 2.747592e-02 2.104930e-02 1.814432e-02 3.490869e-02 2.440050e-02 2.396455e-02 3.707534e-02 2.421432e-02 2.501441e-02 3.979136e-02 3.409825e-02 3.668785e-02 5.035380e-02 4.666400e-02 5.026015e-02 6.523445e-02 6.947863e-02 7.829425e-02 9.865512e-02 1.074088e-01 1.075599e-01 1.214983e-01 1.370883e-01 1.354509e-01 1.353773e-01 1.474674e-01 1.505947e-01 1.398003e-01 1.303874e-01 1.264973e-01 1.262157e-01 1.267958e-01 1.275806e-01 1.257744e-01 1.220469e-01 1.232848e-01 1.338298e-01 1.496865e-01 1.683470e-01 1.936058e-01 2.262310e-01 2.598766e-01 2.878722e-01 3.030404e-01 2.936074e-01 2.649224e-01 2.420181e-01 2.352972e-01 2.304962e-01 2.106094e-01 1.796462e-01 1.578663e-01 1.446011e-01 1.372595e-01 1.281613e-01 1.189967e-01 1.138039e-01 1.054869e-01 9.688085e-02 9.086751e-02 9.150258e-02 9.674703e-02 9.992862e-02 9.589877e-02 8.366603e-02 7.254383e-02 6.767646e-02 6.829131e-02 7.249574e-02 7.702407e-02 8.120149e-02 8.237235e-02 7.661199e-02 6.528693e-02 5.260217e-02 4.236325e-02 3.567781e-02 3.404908e-02 3.749925e-02 4.190761e-02 4.066916e-02 3.088750e-02 2.063547e-02 1.458441e-02 1.212028e-02 1.112020e-02 9.607499e-03 6.740039e-03 4.421131e-03 3.848503e-03 5.015726e-03 7.643008e-03 8.561361e-03 4.927285e-03 1.207278e-03 2.186707e-04 5.626188e-05 2.868060e-05 3.017854e-05 4.752587e-05 3.669282e-05 2.337719e-05 5.824103e-06 1.132283e-06 1.917454e-07 1.420445e-08 6.034042e-11 5.141402e-15 5.198480e-21 1.968077e-27 4.200474e-34 5.160842e-41 2.802597e-45 2.802597e-45 2.802597e-45 2.802597e-45 2.802597e-45 1.401298e-45 1.401298e-45 1.401298e-45 1.401298e-45 1.401298e-45 1.401298e-45 1.401298e-45 1.401298e-45 1.401298e-45 1.401298e-45 1.401298e-45 1.401298e-45 2.802597e-45 2.802597e-45 2.802597e-45 1.401298e-45 1.401298e-45 1.401298e-45 1.401298e-45
1.401298e-45 1.401298e-45 1.401298e-45 1.401298e-45 2.802597e-45 5.605194e-45 5.605194e-45 4.203895e-45 4.203895e-45 7.006492e-45 1.891417e-40 5.929942e-32 7.645832e-24 2.016906e-17 4.447550e-13 6.820468e-10 1.742318e-07 9.966658e-06 1.072337e-04 3.993324e-04 8.592671e-04 1.715557e-03 3.265678e-03 3.969819e-03 4.059304e-03 3.608075e-03 3.333396e-03 3.397014e-03 2.895539e-03 3.475330e-03 3.377890e-03 4.709130e-03 3.764082e-03 4.157458e-03 3.181743e-03 3.615014e-03 4.629951e-03 5.434265e-03 1.114330e-02 7.336698e-03 9.610337e-03 9.498295e-03 7.400071e-03 1.349175e-02 1.022874e-02 1.773114e-02 2.398267e-02 1.420693e-02 2.204315e-02 1.686809e-02 1.584567e-02 2.945418e-02 1.995805e-02 2.382507e-02 3.527268e-02 2.112507e-02 2.684876e-02 3.988263e-02 2.967401e-02 3.712834e-02 4.806995e-02 3.743300e-02 4.331830e-02 5.746901e-02 5.484623e-02 5.969714e-02 7.363314e-02 7.920434e-02 8.587234e-02 1.029285e-01 1.188152e-01 1.302468e-01 1.443639e-01 1.567264e-01 1.582126e-01 1.556770e-01 1.537032e-01 1.502701e-01 1.503601e-01 1.522362e-01 1.424882e-01 1.242807e-01 1.139071e-01 1.172736e-01 1.284848e-01 1.393330e-01 1.503439e-01 1.704881e-01 2.020889e-01 2.350624e-01 2.606836e-01 2.767950e-01 2.847914e-01 2.910501e-01 3.008395e-01 3.162871e-01 3.233924e-01 3.105793e-01 2.841328e-01 2.627004e-01 2.529964e-01 2.366012e-01 2.132256e-01 1.837990e-01 1.568181e-01 1.418452e-01 1.379361e-01 1.490146e-01 1.633764e-01 1.666593e-01 1.508992e-01 1.251959e-01 1.049360e-01 9.396993e-02 9.361854e-02 1.016228e-01 1.126239e-01 1.219982e-01 1.202760e-01 1.073401e-01 9.050696e-02 7.443751e-02 6.049404e-02 4.962637e-02 4.383797e-02 4.125414e-02 3.867912e-02 3.422028e-02 2.689789e-02 1.938428e-02 1.405035e-02 1.150535e-02 1.084295e-02 1.045531e-02 9.164853e-03 7.649364e-03 7.304064e-03 8.166393e-03 9.747556e-03 1.033477e-02 8.372241e-03 4.031939e-03 1.413089e-03 5.324348e-04 2.873425e-04 2.287833e-04 2.921395e-04 2.742014e-04 2.903766e-04 2.398111e-04 1.115525e-04 3.390611e-05 3.948024e-06 1.159535e-07 1.121114e-09 9.179749e-13 1.212303e-16 6.997255e-21 8.146806e-26 3.627131e-31 5.264635e-38 4.203895e-45 2.802597e-45 2.802597e-45 2.802597e-45 2.802597e-45 2.802597e-45 2.802597e-45 2.802597e-45 1.401298e-45 1.401298e-45 1.401298e-45 1.401298e-45 1.401298e-45 1.401298e-45 1.401298e-45 1.401298e-45 1.401298e-45 2.802597e-45 2.802597e-45 1.401298e-45 1.401298e-45 1.401298e-45 1.401298e-45 1.401298e-45
1.401298e-45 1.401298e-45 1.401298e-45 1.401298e-45 2.802597e-45 4.203895e-45 2.246422e-40 2.368530e-32 4.553644e-36 2.226334e-39 7.001558e-38 1.169448e-33 9.936450e-29 2.619416e-23 4.377786e-18 3.985699e-14 3.299142e-11 5.615933e-09 2.975551e-07 6.142769e-06 4.667333e-05 1.598658e-04 3.302623e-04 6.735927e-04 1.479604e-03 2.133119e-03 3.073139e-03 2.402263e-03 3.245207e-03 2.515006e-03 3.121166e-03 2.649402e-03 3.535825e-03 4.231303e-03 4.530629e-03 6.145522e-03 6.189746e-03 1.036790e-02 7.698960e-03 9.033900e-03 9.250678e-03 6.789058e-03 1.163698e-02 9.624943e-03 1.375788e-02 1.849585e-02 1.304925e-02 2.146656e-02 2.106213e-02 2.252024e-02 3.524745e-02 2.515277e-02 2.574133e-02 3.027262e-02 1.996345e-02 2.554790e-02 3.473461e-02 3.052717e-02 4.391108e-02 5.274538e-02 4.077641e-02 4.902989e-02 5.942677e-02 4.796435e-02 4.850899e-02 5.994765e-02 5.885179e-02 6.198323e-02 8.123789e-02 9.472604e-02 1.014085e-01 1.216581e-01 1.409593e-01 1.426025e-01 1.496131e-01 1.647557e-01 1.677027e-01 1.668447e-01 1.710712e-01 1.631522e-01 1.471768e-01 1.416964e-01 1.451405e-01 1.451316e-01 1.439116e-01 1.515709e-01 1.691667e-01 1.887603e-01 2.014889e-01 2.113884e-01 2.324351e-01 2.650343e-01 2.936816e-01 3.131154e-01 3.335875e-01 3.611715e-01 3.800266e-01 3.725525e-01 3.395943e-01 3.006373e-01 2.745380e-01 2.550936e-01 2.469175e-01 2.430702e-01 2.410227e-01 2.476923e-01 2.523160e-01 2.510988e-01 2.287365e-01 1.920553e-01 1.586522e-01 1.389904e-01 1.370373e-01 1.456117e-01 1.540838e-01 1.504019e-01 1.334065e-01 1.142861e-01 9.664642e-02 8.368488e-02 7.616890e-02 7.297746e-02 7.141825e-02 6.773520e-02 6.170888e-02 5.359551e-02 4.363732e-02 3.399552e-02 2.633426e-02 2.144211e-02 1.893935e-02 1.750558e-02 1.591261e-02 1.366297e-02 1.146632e-02 1.015685e-02 1.005766e-02 9.924864e-03 8.274549e-03 4.947923e-03 2.286880e-03 1.007100e-03 5.002006e-04 3.137330e-04 2.835083e-04 2.378141e-04 1.815769e-04 1.249502e-04 6.140834e-05 2.841014e-05 8.458817e-06 9.410500e-07 4.429155e-08 8.914419e-10 5.377674e-12 3.683393e-14 8.120162e-17 1.300882e-19 2.225473e-23 7.759755e-29 9.482833e-36 4.063766e-44 2.802597e-45 2.802597e-45 2.802597e-45 2.802597e-45 2.802597e-45 2.802597e-45 2.802597e-45 1.401298e-45 1.401298e-45 1.401298e-45 1.401298e-45 1.401298e-45 1.401298e-45 1.401298e-45 1.401298e-45 1.401298e-45 2.802597e-45 1.401298e-45 1.401298e-45 1.401298e-45 1.401298e-45 1.401298e-45 1.401298e-45
1.401298e-45 1.401298e-45 1.401298e-45 2.802597e-45 2.802597e-45 2.802597e-45 5.605194e-45 2.605499e-34 1.463616e-22 8.084560e-22 3.245544e-25 8.204964e-28 1.313946e-27 2.833061e-25 1.036349e-21 8.871955e-18 2.255932e-14 1.699122e-11 3.198987e-09 2.000773e-07 2.656348e-06 2.256640e-05 8.784245e-05 3.411151e-04 6.051048e-04 1.404840e-03 1.869056e-03 2.806922e-03 2.514269e-03 2.101733e-03 1.942546e-03 1.865290e-03 3.112956e-03 3.990189e-03 6.062797e-03 6.737615e-03 8.436208e-03 7.982600e-03 9.481170e-03 1.031172e-02 8.591668e-03 1.035616e-02 9.501252e-03 1.202133e-02 1.672200e-02 1.305959e-02 1.706022e-02 2.098549e-02 2.228116e-02 3.252311e-02 2.971459e-02 2.819918e-02 3.108145e-02 2.257359e-02 2.586494e-02 3.507947e-02 3.344730e-02 4.313911e-02 4.975766e-02 4.177707e-02 5.416919e-02 6.376515e-02 4.705399e-02 5.066722e-02 6.114504e-02 4.696735e-02 4.455455e-02 5.830641e-02 5.967390e-02 6.152503e-02 8.216766e-02 9.687361e-02 9.825540e-02 1.156194e-01 1.377365e-01 1.388622e-01 1.397599e-01 1.531060e-01 1.609613e-01 1.609055e-01 1.695526e-01 1.811523e-01 1.775715e-01 1.710343e-01 1.778699e-01 1.904454e-01 1.915742e-01 1.885482e-01 1.997768e-01 2.229225e-01 2.391993e-01 2.435012e-01 2.589023e-01 3.056989e-01 3.706611e-01 4.030945e-01 3.764083e-01 3.357631e-01 3.201110e-01 3.299307e-01 3.511911e-01 3.595888e-01 3.631380e-01 3.631052e-01 3.576663e-01 3.451653e-01 3.074005e-01 2.633115e-01 2.229962e-01 1.959071e-01 1.817396e-01 1.744822e-01 1.706711e-01 1.638512e-01 1.529287e-01 1.381961e-01 1.212346e-01 1.089777e-01 1.017172e-01 9.731168e-02 9.213091e-02 8.564162e-02 7.969537e-02 7.433797e-02 6.841787e-02 6.210901e-02 5.406291e-02 4.519593e-02 3.773306e-02 3.273684e-02 2.999912e-02 2.807933e-02 2.637818e-02 2.545842e-02 2.584031e-02 2.657284e-02 2.621274e-02 2.271792e-02 1.618088e-02 9.466603e-03 4.781005e-03 2.539151e-03 1.644202e-03 1.112180e-03 7.507899e-04 5.501291e-04 3.622458e-04 2.617481e-04 1.314593e-04 3.596940e-05 4.684017e-06 4.541739e-07 2.444126e-08 2.510338e-09 1.754245e-10 7.585861e-12 1.064100e-13 1.526329e-16 1.371697e-20 7.683908e-26 1.679689e-32 1.115138e-39 4.203895e-45 4.203895e-45 2.802597e-45 2.802597e-45 2.802597e-45 2.802597e-45 2.802597e-45 2.802597e-45 2.802597e-45 1.401298e-45 1.401298e-45 1.401298e-45 1.401298e-45 1.401298e-45 1.401298e-45 2.802597e-45 1.401298e-45 1.401298e-45 1.401298e-45 1.401298e-45 1.401298e-45 1.401298e-45 1.401298e-45
1.401298e-45 1.401298e-45 1.401298e-45 1.401298e-45 2.802597e-45 7.006492e-45 1.855039e-41 2.180593e-36 3.810649e-28 6.813990e-22 4.152823e-21 2.289677e-23 2.851490e-25 1.606179e-25 8.281427e-24 4.227926e-21 1.325203e-17 1.654974e-14 1.888647e-11 3.082381e-09 4.042845e-07 9.012080e-06 1.438943e-04 4.146679e-04 8.969508e-04 1.013620e-03 1.154114e-03 1.580395e-03 1.291500e-03 1.840304e-03 1.531897e-03 2.852963e-03 2.862857e-03 3.658608e-03 5.015813e-03 5.330404e-03 6.807171e-03 6.324633e-03 7.095650e-03 7.249623e-03 8.739097e-03 1.098583e-02 1.287991e-02 1.677745e-02 1.538428e-02 1.739557e-02 2.503744e-02 2.459362e-02 3.009167e-02 3.016763e-02 2.615622e-02 2.996181e-02 2.826935e-02 3.100421e-02 4.429816e-02 4.327454e-02 4.830570e-02 5.474402e-02 4.789469e-02 5.885423e-02 6.240309e-02 4.774952e-02 5.781866e-02 6.658892e-02 4.920054e-02 5.125254e-02 6.219161e-02 5.240821e-02 5.157876e-02 6.442283e-02 6.687563e-02 6.910092e-02 8.411079e-02 9.345824e-02 9.869810e-02 1.147636e-01 1.277903e-01 1.317542e-01 1.492790e-01 1.790608e-01 1.891429e-01 1.794412e-01 1.800386e-01 1.954345e-01 2.011081e-01 1.913433e-01 1.878511e-01 1.975329e-01 2.058179e-01 2.038293e-01 2.079070e-01 2.358145e-01 2.836934e-01 3.210825e-01 3.240458e-01 3.126780e-01 3.141468e-01 3.362207e-01 3.640667e-01 3.798879e-01 3.836792e-01 3.704636e-01 3.571706e-01 3.473592e-01 3.448405e-01 3.497970e-01 3.363804e-01 3.100448e-01 2.773430e-01 2.511353e-01 2.345701e-01 2.224839e-01 2.120354e-01 2.004572e-01 1.898778e-01 1.766191e-01 1.558158e-01 1.318708e-01 1.085601e-01 8.954439e-02 7.574244e-02 6.757352e-02 6.407058e-02 6.261732e-02 5.977151e-02 5.439117e-02 4.678126e-02 3.806963e-02 3.099925e-02 2.657229e-02 2.455396e-02 2.387256e-02 2.410278e-02 2.572181e-02 2.878693e-02 3.195282e-02 3.095587e-02 2.429732e-02 1.530571e-02 8.934645e-03 5.409216e-03 3.393821e-03 2.390237e-03 2.095818e-03 1.883956e-03 1.901687e-03 1.464555e-03 6.905170e-04 1.673912e-04 3.042762e-05 3.913585e-06 7.280262e-07 1.730179e-07 3.027915e-08 3.498635e-09 5.898502e-11 9.855804e-14 2.784818e-17 1.328937e-21 2.656778e-26 1.291796e-31 2.277083e-38 4.203895e-45 4.203895e-45 4.203895e-45 2.802597e-45 2.802597e-45 2.802597e-45 2.802597e-45 1.401298e-45 1.401298e-45 1.401298e-45 2.802597e-45 2.802597e-45 2.802597e-45 1.401298e-45 1.401298e-45 1.401298e-45 1.401298e-45 1.401298e-45 1.401298e-45 1.401298e-45 1.401298e-45 1.401298e-45 1.401298e-45
1.401298e-45 1.401298e-45 1.401298e-45 2.802597e-45 5.605194e-45 5.605194e-45 7.006492e-45 9.809089e-45 1.112771e-41 4.621764e-35 8.810826e-27 6.126687e-22 1.195560e-20 3.922089e-20 5.555406e-20 4.950659e-19 5.235604e-18 7.792126e-16 1.373268e-13 1.283254e-10 2.001811e-08 2.187414e-06 2.753839e-05 1.687148e-04 5.070374e-04 5.935674e-04 1.042405e-03 5.039591e-04 1.270617e-03 1.099902e-03 2.640266e-03 2.040024e-03 2.143493e-03 3.068397e-03 2.809300e-03 5.417990e-03 4.328257e-03 5.867940e-03 6.588739e-03 7.982428e-03 1.429497e-02 1.517270e-02 2.132754e-02 1.870690e-02 1.923693e-02 3.267810e-02 2.895625e-02 3.187890e-02 3.003867e-02 1.952667e-02 2.489055e-02 2.761550e-02 3.104711e-02 5.343188e-02 5.328479e-02 5.625845e-02 6.955810e-02 6.126311e-02 7.213444e-02 7.284277e-02 5.908205e-02 7.654657e-02 7.711015e-02 5.578535e-02 6.413598e-02 6.849568e-02 5.226754e-02 5.458956e-02 6.049125e-02 5.273737e-02 5.430939e-02 6.416854e-02 6.319745e-02 6.535505e-02 8.167998e-02 9.367207e-02 1.007714e-01 1.267503e-01 1.593929e-01 1.648168e-01 1.681062e-01 2.000136e-01 2.325711e-01 2.282190e-01 2.152968e-01 2.205691e-01 2.284966e-01 2.211790e-01 2.130770e-01 2.227554e-01 2.501871e-01 2.779786e-01 2.889332e-01 2.841855e-01 2.848242e-01 3.077091e-01 3.474209e-01 3.743057e-01 3.737502e-01 3.623724e-01 3.623742e-01 3.692713e-01 3.908134e-01 4.145527e-01 4.213322e-01 4.061272e-01 3.605161e-01 3.105324e-01 2.671735e-01 2.411807e-01 2.320901e-01 2.314098e-01 2.305297e-01 2.193213e-01 1.986306e-01 1.719624e-01 1.439889e-01 1.186878e-01 9.900509e-02 8.874598e-02 8.730206e-02 9.115522e-02 9.505586e-02 9.665320e-02 9.440874e-02 8.629913e-02 7.440964e-02 6.177583e-02 5.154471e-02 4.421125e-02 4.045667e-02 4.058636e-02 4.262285e-02 4.428126e-02 4.262745e-02 3.570563e-02 2.420118e-02 1.411489e-02 8.404078e-03 5.777630e-03 4.853866e-03 4.542236e-03 4.240072e-03 4.493684e-03 4.334801e-03 2.959206e-03 1.151343e-03 2.871595e-04 5.780463e-05 1.239921e-05 4.042289e-06 1.147229e-06 3.094028e-07 3.528852e-08 1.008755e-09 6.586616e-12 9.799114e-15 4.337220e-18 2.898282e-21 4.010494e-25 9.268967e-30 2.806019e-36 1.401298e-44 4.203895e-45 4.203895e-45 2.802597e-45 2.802597e-45 2.802597e-45 2.802597e-45 1.401298e-45 1.401298e-45 1.401298e-45 2.802597e-45 2.802597e-45 2.802597e-45 2.802597e-45 2.802597e-45 1.401298e-45 1.401298e-45 1.401298e-45 1.401298e-45 1.401298e-45 1.401298e-45 1.401298e-45 1.401298e-45
1.401298e-45 1.401298e-45 1.401298e-45 1.401298e-45 2.802597e-45 2.802597e-45 4.203895e-45 8.269237e-32 3.590876e-26 6.855868e-25 2.999770e-22 1.271608e-17 7.675208e-14 1.171037e-12 3.102074e-12 7.372401e-13 8.083308e-13 9.002137e-13 1.972591e-11 2.893609e-10 1.668723e-08 4.661634e-07 7.515878e-06 7.599167e-05 1.099609e-04 3.505190e-04 1.936871e-04 7.891067e-04 4.920414e-04 1.294265e-03 1.009902e-03 1.322919e-03 2.393533e-03 1.714991e-03 3.140524e-03 1.647918e-03 3.174114e-03 4.218273e-03 4.830117e-03 1.054860e-02 9.743506e-03 1.842456e-02 1.523827e-02 1.516270e-02 2.513777e-02 1.674095e-02 2.405171e-02 2.610254e-02 1.706723e-02 2.704579e-02 2.569774e-02 2.860669e-02 5.359818e-02 4.616204e-02 5.104383e-02 6.434518e-02 5.542249e-02 6.982788e-02 6.741996e-02 5.981964e-02 8.792956e-02 8.171046e-02 6.920075e-02 9.439354e-02 8.264521e-02 6.034636e-02 6.733911e-02 6.167147e-02 4.551949e-02 4.741014e-02 5.048284e-02 4.231577e-02 4.362005e-02 5.506207e-02 6.020005e-02 6.481659e-02 8.409332e-02 1.115007e-01 1.281926e-01 1.463226e-01 1.791171e-01 2.043263e-01 2.096991e-01 2.209573e-01 2.500628e-01 2.703463e-01 2.668370e-01 2.622989e-01 2.731288e-01 2.937353e-01 3.058788e-01 2.968991e-01 2.790789e-01 2.800265e-01 3.065975e-01 3.365511e-01 3.418273e-01 3.317772e-01 3.317858e-01 3.465287e-01 3.675895e-01 3.781148e-01 3.816559e-01 3.651645e-01 3.307122e-01 3.005031e-01 2.790270e-01 2.749643e-01 2.797044e-01 2.915961e-01 3.060766e-01 3.123139e-01 2.999377e-01 2.633618e-01 2.187555e-01 1.818854e-01 1.584817e-01 1.467965e-01 1.415183e-01 1.387353e-01 1.356362e-01 1.325308e-01 1.276614e-01 1.211142e-01 1.125935e-01 1.003542e-01 8.583302e-02 7.168864e-02 6.295858e-02 6.147446e-02 6.639918e-02 7.644641e-02 8.522892e-02 8.079983e-02 6.261031e-02 4.439654e-02 3.410923e-02 3.096466e-02 3.395015e-02 3.835227e-02 3.838285e-02 3.546454e-02 2.847293e-02 1.867887e-02 9.954673e-03 4.105899e-03 1.488402e-03 5.606026e-04 3.555875e-04 2.767837e-04 2.264173e-04 9.350877e-05 1.190675e-05 5.066000e-07 1.156917e-08 1.054261e-10 1.169971e-12 4.578413e-15 6.851381e-18 1.780890e-21 1.010916e-26 3.892872e-33 7.684861e-41 4.203895e-45 4.203895e-45 4.203895e-45 2.802597e-45 2.802597e-45 2.802597e-45 2.802597e-45 2.802597e-45 2.802597e-45 2.802597e-45 1.401298e-45 2.802597e-45 2.802597e-45 2.802597e-45 2.802597e-45 2.802597e-45 1.401298e-45 1.401298e-45 1.401298e-45 1.401298e-45 1.401298e-45 1.401298e-45
1.401298e-45 1.401298e-45 1.401298e-45 2.802597e-45 2.802597e-45 1.143019e-38 3.362678e-32 9.971466e-26 4.742453e-20 1.841685e-19 7.581500e-21 2.335930e-19 4.068641e-16 5.840957e-13 1.305797e-11 9.432147e-11 1.411316e-10 5.652895e-10 1.921808e-09 1.865539e-08 1.855279e-07 1.176402e-06 1.151310e-05 2.332168e-05 1.298055e-04 7.993410e-05 2.686317e-04 1.961139e-04 5.569321e-04 5.556901e-04 6.516248e-04 1.250141e-03 8.592507e-04 1.676102e-03 6.889403e-04 1.388643e-03 1.621643e-03 2.265946e-03 6.193512e-03 5.014600e-03 1.095677e-02 8.231423e-03 9.893926e-03 2.085245e-02 1.294597e-02 2.044496e-02 1.551561e-02 1.046161e-02 2.174677e-02 2.082057e-02 2.899634e-02 5.307831e-02 4.259413e-02 5.258760e-02 6.505716e-02 6.433617e-02 7.997980e-02 7.651130e-02 8.701569e-02 1.158090e-01 1.027346e-01 1.132823e-01 1.389062e-01 1.058998e-01 9.434348e-02 1.019789e-01 7.802054e-02 6.224056e-02 6.338266e-02 5.283257e-02 4.118748e-02 4.188724e-02 4.439523e-02 4.371219e-02 4.853182e-02 6.164059e-02 7.684306e-02 9.363271e-02 1.189452e-01 1.491530e-01 1.708677e-01 1.945733e-01 2.359254e-01 2.784131e-01 2.917146e-01 2.889184e-01 2.973829e-01 3.218011e-01 3.430248e-01 3.342517e-01 2.970093e-01 2.676661e-01 2.729639e-01 3.075115e-01 3.344325e-01 3.287437e-01 3.163440e-01 3.246312e-01 3.461253e-01 3.549970e-01 3.488251e-01 3.339694e-01 3.299282e-01 3.338013e-01 3.378887e-01 3.442604e-01 3.494496e-01 3.660608e-01 3.744960e-01 3.607349e-01 3.254977e-01 2.805330e-01 2.440611e-01 2.202936e-01 2.099805e-01 2.056531e-01 2.007778e-01 1.925917e-01 1.782032e-01 1.591284e-01 1.420340e-01 1.336145e-01 1.296013e-01 1.216811e-01 1.061849e-01 8.764379e-02 7.247008e-02 6.470554e-02 6.518852e-02 7.329846e-02 8.220719e-02 8.001284e-02 6.563686e-02 4.871434e-02 3.775229e-02 3.526581e-02 4.270912e-02 5.781325e-02 6.569162e-02 5.558655e-02 3.626940e-02 2.098743e-02 1.219423e-02 7.269698e-03 4.699791e-03 3.610570e-03 4.343805e-03 6.078612e-03 8.212016e-03 8.071647e-03 3.149922e-03 4.645871e-04 3.684548e-05 1.494948e-06 7.756528e-08 4.128002e-09 7.767050e-11 6.091431e-13 1.940319e-16 4.980270e-21 1.428474e-26 5.252079e-33 2.950542e-39 4.203895e-45 4.203895e-45 4.203895e-45 4.203895e-45 2.802597e-45 2.802597e-45 2.802597e-45 2.802597e-45 1.401298e-45 1.401298e-45 1.401298e-45 1.401298e-45 2.802597e-45 2.802597e-45 2.802597e-45 1.401298e-45 1.401298e-45 1.401298e-45 1.401298e-45 1.401298e-45 1.401298e-45 1.401298e-45
1.401298e-45 1.401298e-45 1.401298e-45 1.401298e-45 1.401298e-45 1.401298e-45 2.802597e-45 4.203895e-45 8.407791e-45 7.987090e-38 9.108417e-34 4.722687e-31 7.303062e-27 2.910644e-22 2.304947e-18 1.116978e-15 1.412777e-13 5.688272e-12 2.508097e-10 1.417139e-08 2.814323e-07 4.048477e-06 9.798669e-06 5.020868e-05 4.891109e-05 1.358319e-04 1.096616e-04 1.882004e-04 2.708269e-04 3.528668e-04 7.774165e-04 4.538338e-04 9.980249e-04 5.725536e-04 1.529810e-03 1.635316e-03 1.837439e-03 3.657726e-03 2.303410e-03 4.534725e-03 3.350098e-03 4.759047e-03 1.006760e-02 8.209839e-03 1.388177e-02 1.187299e-02 1.043567e-02 1.848703e-02 1.751254e-02 2.718159e-02 4.365334e-02 3.812993e-02 4.701362e-02 6.256070e-02 6.593683e-02 6.848362e-02 7.918437e-02 1.027596e-01 1.128027e-01 1.281814e-01 1.576094e-01 1.440603e-01 1.309444e-01 1.463832e-01 1.355023e-01 1.090302e-01 1.006837e-01 8.750609e-02 6.576890e-02 5.633200e-02 5.348368e-02 4.638852e-02 4.290579e-02 4.907606e-02 5.909661e-02 6.739304e-02 7.966734e-02 9.958895e-02 1.192996e-01 1.388838e-01 1.740859e-01 2.207110e-01 2.470269e-01 2.601296e-01 2.874110e-01 3.224177e-01 3.399057e-01 3.384666e-01 3.228723e-01 2.962801e-01 2.804873e-01 2.948104e-01 3.285211e-01 3.523352e-01 3.570821e-01 3.634844e-01 3.733538e-01 3.689490e-01 3.459369e-01 3.300574e-01 3.389338e-01 3.536232e-01 3.629219e-01 3.606989e-01 3.581447e-01 3.625806e-01 3.510102e-01 3.248657e-01 2.937799e-01 2.760933e-01 2.761745e-01 2.860585e-01 2.952207e-01 2.925830e-01 2.772732e-01 2.531103e-01 2.251055e-01 2.017370e-01 1.872518e-01 1.837453e-01 1.848703e-01 1.845485e-01 1.762885e-01 1.591648e-01 1.395735e-01 1.263362e-01 1.246009e-01 1.329469e-01 1.425084e-01 1.375635e-01 1.122995e-01 7.907295e-02 5.660591e-02 4.816235e-02 5.167695e-02 6.230033e-02 6.696618e-02 5.521357e-02 3.449903e-02 1.855475e-02 1.021400e-02 6.729192e-03 5.686655e-03 5.502869e-03 6.708537e-03 9.225949e-03 1.207757e-02 1.278970e-02 6.995902e-03 1.749922e-03 2.881144e-04 3.730058e-05 5.082918e-06 1.185982e-06 1.668363e-07 1.740603e-08 3.639891e-10 6.749741e-13 1.745953e-16 3.956243e-21 3.030753e-26 5.593108e-31 2.596297e-36 1.745177e-41 5.605194e-45 4.203895e-45 4.203895e-45 2.802597e-45 2.802597e-45 2.802597e-45 2.802597e-45 1.401298e-45 1.401298e-45 1.401298e-45 1.401298e-45 2.802597e-45 2.802597e-45 2.802597e-45 1.401298e-45 1.401298e-45 1.401298e-45 1.401298e-45 1.401298e-45 1.401298e-45 1.401298e-45
0.000000e+00 0.000000e+00 1.401298e-45 1.401298e-45 1.401298e-45 1.401298e-45 1.401298e-45 1.401298e-45 2.802597e-45 2.802597e-45 5.605194e-45 6.301849e-40 4.261716e-35 4.204982e-30 3.373546e-25 3.740014e-21 6.702366e-18 4.174298e-15 1.296478e-12 2.823042e-10 3.752282e-08 1.065580e-06 1.121757e-05 2.072053e-05 3.457078e-05 4.283759e-05 5.385726e-05 7.553701e-05 8.103230e-05 2.258427e-04 2.235482e-04 4.566355e-04 2.964478e-04 5.822591e-04 8.512716e-04 9.715675e-04 1.790871e-03 1.264547e-03 1.868332e-03 1.601604e-03 1.938296e-03 3.824890e-03 3.473345e-03 4.510522e-03 5.404846e-03 6.176068e-03 1.195969e-02 1.622485e-02 1.946311e-02 2.822277e-02 2.498418e-02 2.727562e-02 4.199518e-02 3.937582e-02 4.309550e-02 6.934988e-02 7.477243e-02 8.217435e-02 1.182928e-01 1.132472e-01 1.031940e-01 1.296912e-01 1.326010e-01 1.209385e-01 1.350515e-01 1.351467e-01 1.147044e-01 9.923486e-02 8.513744e-02 7.531795e-02 6.952446e-02 6.318963e-02 6.282545e-02 6.846465e-02 7.047672e-02 7.472429e-02 9.111733e-02 1.107462e-01 1.258527e-01 1.470052e-01 1.714067e-01 1.876579e-01 2.044609e-01 2.199684e-01 2.194273e-01 2.219219e-01 2.470436e-01 2.664391e-01 2.584798e-01 2.558275e-01 2.832267e-01 3.196738e-01 3.346418e-01 3.302633e-01 3.261897e-01 3.229057e-01 3.129002e-01 3.056588e-01 3.161508e-01 3.399291e-01 3.627797e-01 3.681284e-01 3.735218e-01 3.801144e-01 3.879503e-01 3.958508e-01 3.874782e-01 3.742835e-01 3.561007e-01 3.388478e-01 3.206169e-01 2.950804e-01 2.617339e-01 2.235145e-01 1.923524e-01 1.766855e-01 1.756975e-01 1.866991e-01 2.043189e-01 2.191704e-01 2.176561e-01 1.962023e-01 1.691292e-01 1.517550e-01 1.494219e-01 1.628532e-01 1.887091e-01 2.090177e-01 1.972081e-01 1.559435e-01 1.214299e-01 1.067454e-01 1.100310e-01 1.248214e-01 1.336445e-01 1.169881e-01 8.060853e-02 5.192569e-02 3.811298e-02 3.444410e-02 3.699614e-02 3.980884e-02 4.218989e-02 4.343691e-02 4.060910e-02 3.299807e-02 2.073704e-02 9.746570e-03 3.653656e-03 1.394501e-03 6.542620e-04 5.361694e-04 4.104367e-04 1.826631e-04 2.994522e-05 1.004148e-06 9.013238e-09 2.462193e-11 1.324105e-14 4.370290e-18 4.907934e-22 3.226451e-26 1.987920e-30 4.233681e-36 2.282715e-42 4.203895e-45 4.203895e-45 4.203895e-45 2.802597e-45 2.802597e-45 2.802597e-45 2.802597e-45 2.802597e-45 2.802597e-45 1.401298e-45 1.401298e-45 1.401298e-45 2.802597e-45 2.802597e-45 1.401298e-45 1.401298e-45 1.401298e-45 1.401298e-45 1.401298e-45 1.401298e-45
1.401298e-45 1.401298e-45 1.401298e-45 1.401298e-45 1.401298e-45 1.401298e-45 1.401298e-45 1.401298e-45 2.802597e-45 2.802597e-45 4.203895e-45 8.407791e-45 1.139518e-36 1.497666e-32 1.321691e-28 2.120696e-24 2.803317e-20 1.663956e-16 2.856119e-13 7.251636e-11 1.084084e-08 1.882363e-07 1.188475e-06 1.539998e-06 3.947506e-06 4.012641e-06 1.100966e-05 1.484172e-05 4.924415e-05 8.874043e-05 1.757091e-04 2.571842e-04 3.165986e-04 4.390002e-04 4.413982e-04 9.818937e-04 1.003831e-03 1.169443e-03 1.142805e-03 1.099892e-03 1.956770e-03 1.491975e-03 1.517285e-03 2.416575e-03 2.755776e-03 6.315307e-03 1.082890e-02 1.203549e-02 2.137739e-02 1.843851e-02 1.850771e-02 3.422650e-02 2.744441e-02 3.527849e-02 5.857694e-02 4.982903e-02 7.070214e-02 1.005227e-01 8.067243e-02 9.266294e-02 1.147207e-01 9.728012e-02 1.043392e-01 1.267435e-01 1.190515e-01 1.175916e-01 1.240863e-01 1.199316e-01 1.193686e-01 1.133055e-01 9.722732e-02 9.372250e-02 9.697462e-02 8.984001e-02 9.101193e-02 1.105404e-01 1.238044e-01 1.239350e-01 1.333204e-01 1.479928e-01 1.549502e-01 1.613244e-01 1.704160e-01 1.809933e-01 2.047838e-01 2.393723e-01 2.546955e-01 2.526638e-01 2.727109e-01 3.231421e-01 3.672579e-01 3.746010e-01 3.538454e-01 3.259913e-01 3.068571e-01 3.086760e-01 3.352905e-01 3.661477e-01 3.741401e-01 3.627446e-01 3.638125e-01 3.792588e-01 4.042363e-01 4.117564e-01 3.947160e-01 3.719497e-01 3.456572e-01 3.217033e-01 2.903176e-01 2.584111e-01 2.327429e-01 2.127288e-01 2.028485e-01 2.063996e-01 2.261657e-01 2.578417e-01 2.871149e-01 2.978660e-01 2.794998e-01 2.396650e-01 1.990996e-01 1.699955e-01 1.554716e-01 1.579542e-01 1.743547e-01 1.934177e-01 1.947684e-01 1.681760e-01 1.327314e-01 1.060112e-01 9.479398e-02 9.517696e-02 9.570291e-02 8.417128e-02 6.182610e-02 4.425513e-02 3.675247e-02 3.662366e-02 4.189563e-02 4.777228e-02 4.893521e-02 4.303135e-02 3.281356e-02 2.420561e-02 1.760105e-02 1.404059e-02 1.206955e-02 1.225476e-02 1.543602e-02 2.299425e-02 3.080912e-02 2.876320e-02 1.494635e-02 2.856871e-03 2.511989e-04 1.067267e-05 2.176158e-07 2.096062e-09 7.017866e-12 3.172008e-15 4.500383e-19 7.872293e-24 5.890471e-29 1.142495e-34 2.956600e-41 4.203895e-45 4.203895e-45 4.203895e-45 4.203895e-45 2.802597e-45 2.802597e-45 2.802597e-45 2.802597e-45 1.401298e-45 1.401298e-45 1.401298e-45 1.401298e-45 1.401298e-45 2.802597e-45 1.401298e-45 1.401298e-45 1.401298e-45 1.401298e-45 1.401298e-45 1.401298e-45
1.401298e-45 1.401298e-45 1.401298e-45 1.401298e-45 1.401298e-45 1.401298e-45 2.802597e-45 2.802597e-45 2.802597e-45 4.203895e-45 5.605194e-45 1.121039e-44 6.366524e-36 1.263682e-31 1.004169e-27 5.304412e-24 2.513669e-20 2.065735e-16 1.926138e-13 1.255742e-10 1.544056e-09 4.057887e-08 7.674289e-08 4.096452e-07 2.572194e-07 8.479944e-07 1.410083e-06 6.806456e-06 2.203984e-05 3.599623e-05 9.968985e-05 1.284195e-04 3.869065e-04 3.588339e-04 6.097549e-04 6.094946e-04 5.866071e-04 9.724029e-04 9.580051e-04 1.665917e-03 1.187859e-03 9.685647e-04 1.637254e-03 1.645484e-03 3.606901e-03 6.124718e-03 6.816414e-03 1.341451e-02 1.377826e-02 1.655102e-02 3.105303e-02 2.812045e-02 3.952447e-02 5.751044e-02 5.322489e-02 7.766758e-02 8.619524e-02 7.304686e-02 9.338763e-02 9.334134e-02 7.864384e-02 9.235296e-02 1.041902e-01 1.026922e-01 1.152108e-01 1.317651e-01 1.473436e-01 1.628799e-01 1.647784e-01 1.600060e-01 1.616244e-01 1.566764e-01 1.502231e-01 1.596086e-01 1.685470e-01 1.634277e-01 1.597942e-01 1.628195e-01 1.612048e-01 1.532306e-01 1.453200e-01 1.439187e-01 1.512416e-01 1.650362e-01 1.753895e-01 1.774754e-01 1.881664e-01 2.171568e-01 2.458446e-01 2.578790e-01 2.591254e-01 2.525359e-01 2.454651e-01 2.543375e-01 2.838307e-01 3.160273e-01 3.257422e-01 3.184366e-01 3.217817e-01 3.438840e-01 3.769902e-01 3.982057e-01 4.092631e-01 4.047205e-01 3.847865e-01 3.644125e-01 3.413810e-01 3.286554e-01 3.148628e-01 2.981441e-01 2.844356e-01 2.797575e-01 2.904155e-01 3.080821e-01 3.175968e-01 3.128651e-01 2.935939e-01 2.614523e-01 2.232066e-01 1.895761e-01 1.742184e-01 1.821685e-01 2.096387e-01 2.454111e-01 2.620814e-01 2.382414e-01 1.911402e-01 1.516872e-01 1.350924e-01 1.340223e-01 1.341538e-01 1.220710e-01 9.632670e-02 7.068930e-02 5.425589e-02 4.698563e-02 4.497555e-02 4.286554e-02 3.675908e-02 2.810359e-02 2.033192e-02 1.599927e-02 1.330000e-02 1.184810e-02 1.200297e-02 1.368107e-02 1.738694e-02 2.317014e-02 2.624277e-02 2.161683e-02 1.299651e-02 5.179447e-03 1.763108e-03 5.363509e-04 9.933770e-05 1.077483e-05 4.785422e-07 4.530801e-09 1.432027e-11 8.112254e-15 1.377308e-18 1.463110e-22 5.358089e-27 1.176329e-31 2.032300e-37 9.809089e-45 4.203895e-45 4.203895e-45 2.802597e-45 2.802597e-45 2.802597e-45 2.802597e-45 2.802597e-45 1.401298e-45 1.401298e-45 1.401298e-45 1.401298e-45 1.401298e-45 2.802597e-45 2.802597e-45 1.401298e-45 1.401298e-45 1.401298e-45 1.401298e-45 1.401298e-45
2.802597e-45 2.802597e-45 2.802597e-45 2.802597e-45 2.802597e-45 4.203895e-45 4.203895e-45 5.605194e-45 5.605194e-45 8.407791e-45 5.044674e-44 2.021203e-38 6.486441e-34 1.174368e-28 1.176974e-25 6.091080e-23 1.510324e-19 8.110783e-17 6.249367e-13 9.113568e-11 2.684949e-08 5.368529e-08 8.267581e-07 4.032464e-07 7.979609e-07 6.121581e-07 1.426477e-06 4.323960e-06 3.953036e-06 2.312164e-05 1.719055e-05 1.073437e-04 9.038283e-05 2.185582e-04 3.547934e-04 3.231457e-04 7.306508e-04 5.617498e-04 1.125812e-03 8.496534e-04 7.109456e-04 1.515758e-03 1.520185e-03 3.210802e-03 4.588803e-03 4.362103e-03 7.996145e-03 8.245415e-03 1.064542e-02 2.136315e-02 2.221869e-02 2.850121e-02 4.362877e-02 4.751291e-02 6.439672e-02 7.284939e-02 6.835012e-02 7.735415e-02 6.833982e-02 6.037477e-02 7.542657e-02 8.580670e-02 9.261861e-02 1.149061e-01 1.367921e-01 1.560655e-01 1.776592e-01 1.848110e-01 1.892933e-01 2.014886e-01 1.992918e-01 1.903463e-01 1.982737e-01 2.114294e-01 2.110487e-01 2.029074e-01 2.010834e-01 2.035449e-01 1.902597e-01 1.704379e-01 1.743767e-01 1.970433e-01 1.995541e-01 1.832909e-01 1.868756e-01 2.108394e-01 2.203658e-01 2.098895e-01 2.043232e-01 2.130873e-01 2.278733e-01 2.448175e-01 2.676480e-01 2.888358e-01 2.937065e-01 2.870710e-01 2.876322e-01 3.054227e-01 3.428941e-01 3.865243e-01 4.119043e-01 3.886984e-01 3.484775e-01 3.179245e-01 3.034328e-01 2.946953e-01 2.696844e-01 2.427927e-01 2.209589e-01 2.094993e-01 2.096180e-01 2.181336e-01 2.369723e-01 2.634644e-01 2.838339e-01 2.784878e-01 2.455395e-01 2.100856e-01 1.943297e-01 2.028748e-01 2.327035e-01 2.732789e-01 2.938026e-01 2.722191e-01 2.254783e-01 1.894475e-01 1.790572e-01 1.913379e-01 2.154764e-01 2.251914e-01 2.035462e-01 1.660860e-01 1.362529e-01 1.216308e-01 1.145401e-01 1.047075e-01 8.867319e-02 7.315647e-02 6.133167e-02 5.648886e-02 5.748994e-02 6.154791e-02 6.490152e-02 6.239737e-02 5.393730e-02 4.517572e-02 3.710050e-02 2.579072e-02 1.551625e-02 8.812183e-03 5.800661e-03 5.665903e-03 6.386398e-03 4.843205e-03 1.562726e-03 9.761166e-05 1.764811e-06 1.483063e-08 7.160961e-11 7.013990e-13 4.702674e-15 1.975050e-17 1.079335e-20 7.872851e-26 6.063774e-33 2.743742e-42 2.802597e-45 2.802597e-45 2.802597e-45 1.401298e-45 1.401298e-45 2.802597e-45 2.802597e-45 2.802597e-45 2.802597e-45 1.401298e-45 1.401298e-45 1.401298e-45 1.401298e-45 1.401298e-45 1.401298e-45 1.401298e-45 1.401298e-45 1.401298e-45 1.401298e-45
4.203895e-45 4.203895e-45 4.203895e-45 4.203895e-45 4.203895e-45 7.006492e-45 9.809089e-45 1.261169e-44 1.821688e-44 1.163078e-43 6.320257e-38 8.597900e-35 8.507782e-31 7.177233e-28 1.371835e-24 1.977255e-21 9.857257e-19 9.595669e-15 1.297329e-12 8.655915e-10 8.616894e-09 5.425934e-07 5.609406e-07 1.112044e-06 9.603222e-07 5.799332e-07 1.109001e-06 5.045075e-07 4.734756e-06 2.985851e-06 3.102631e-05 2.646385e-05 7.117566e-05 1.377600e-04 1.158813e-04 4.255127e-04 3.456712e-04 7.810611e-04 6.672842e-04 7.396778e-04 1.950674e-03 1.957678e-03 4.164873e-03 5.359437e-03 5.272305e-03 8.412288e-03 7.114414e-03 8.978618e-03 1.560275e-02 1.485844e-02 2.058553e-02 3.132556e-02 3.507439e-02 4.982524e-02 6.197142e-02 6.583241e-02 7.255575e-02 6.416378e-02 6.136290e-02 7.416766e-02 7.807952e-02 8.444903e-02 1.093047e-01 1.296606e-01 1.435338e-01 1.620486e-01 1.700632e-01 1.764676e-01 1.959411e-01 2.103774e-01 2.172086e-01 2.331638e-01 2.460634e-01 2.366335e-01 2.287575e-01 2.413862e-01 2.469531e-01 2.309822e-01 2.349002e-01 2.809956e-01 3.040938e-01 2.548823e-01 2.212981e-01 2.434728e-01 2.614741e-01 2.256866e-01 1.924341e-01 1.954770e-01 2.111540e-01 2.162064e-01 2.211178e-01 2.340527e-01 2.484521e-01 2.628592e-01 2.826642e-01 2.989799e-01 2.988002e-01 2.935976e-01 2.936043e-01 2.931156e-01 2.910433e-01 2.860063e-01 2.927497e-01 3.014269e-01 3.052119e-01 3.044929e-01 2.873510e-01 2.725267e-01 2.709439e-01 2.947676e-01 3.480296e-01 4.115618e-01 4.534709e-01 4.446706e-01 3.886772e-01 3.194776e-01 2.694688e-01 2.550375e-01 2.757495e-01 3.150745e-01 3.379695e-01 3.198860e-01 2.721964e-01 2.234830e-01 1.912622e-01 1.792958e-01 1.804684e-01 1.744314e-01 1.509200e-01 1.195751e-01 9.427821e-02 7.968946e-02 7.252109e-02 6.838868e-02 6.227453e-02 5.447600e-02 4.907706e-02 4.863410e-02 5.298115e-02 5.960883e-02 6.426281e-02 6.042051e-02 5.164535e-02 4.068946e-02 3.032354e-02 2.201337e-02 1.620599e-02 1.312513e-02 1.269138e-02 1.517093e-02 2.237178e-02 2.835461e-02 1.997887e-02 5.285154e-03 4.145351e-04 1.741883e-05 5.391452e-07 3.387327e-08 4.491857e-09 5.338606e-10 2.187265e-11 1.748834e-14 4.080876e-20 2.032736e-28 4.206028e-39 2.802597e-45 2.802597e-45 1.401298e-45 1.401298e-45 1.401298e-45 1.401298e-45 1.401298e-45 1.401298e-45 2.802597e-45 2.802597e-45 2.802597e-45 1.401298e-45 1.401298e-45 1.401298e-45 1.401298e-45 1.401298e-45 1.401298e-45 1.401298e-45 1.401298e-45 1.401298e-45
4.203895e-45 4.203895e-45 5.605194e-45 5.605194e-45 7.006492e-45 8.407791e-45 1.541428e-44 3.461207e-43 7.002148e-41 1.301314e-38 1.534318e-35 3.897271e-31 2.291391e-28 8.767785e-26 2.636886e-22 1.736929e-19 6.100734e-16 3.626590e-14 9.484619e-12 6.643097e-11 4.634184e-09 2.764689e-08 1.280284e-07 5.741438e-07 4.674270e-07 1.908349e-06 6.598434e-07 6.900305e-06 4.112015e-06 1.619811e-05 8.900575e-06 1.266073e-05 4.322041e-05 3.114230e-05 1.411524e-04 1.107940e-04 3.061587e-04 3.972899e-04 5.096766e-04 1.568125e-03 1.936561e-03 4.438263e-03 6.293401e-03 6.287633e-03 9.423624e-03 8.894713e-03 1.199119e-02 1.831719e-02 1.731823e-02 2.434702e-02 3.417015e-02 3.812074e-02 5.301060e-02 6.244361e-02 6.245354e-02 6.743148e-02 6.784880e-02 7.404555e-02 8.622770e-02 8.982702e-02 9.740341e-02 1.145432e-01 1.205064e-01 1.189343e-01 1.271290e-01 1.375875e-01 1.454237e-01 1.610674e-01 1.822529e-01 1.936067e-01 2.049385e-01 2.303724e-01 2.469769e-01 2.425923e-01 2.451024e-01 2.561859e-01 2.626397e-01 2.816661e-01 3.122871e-01 3.118696e-01 2.914948e-01 3.134704e-01 3.620356e-01 3.444110e-01 2.806788e-01 2.567701e-01 2.679464e-01 2.612791e-01 2.334416e-01 2.187738e-01 2.280990e-01 2.550960e-01 2.906787e-01 3.105981e-01 2.905574e-01 2.509314e-01 2.265363e-01 2.259131e-01 2.358191e-01 2.462196e-01 2.612075e-01 2.717055e-01 2.770619e-01 2.656557e-01 2.458665e-01 2.417514e-01 2.536538e-01 2.917268e-01 3.468848e-01 4.027136e-01 4.359746e-01 4.239915e-01 3.709827e-01 3.051226e-01 2.608623e-01 2.550671e-01 2.879567e-01 3.478845e-01 4.022129e-01 4.119252e-01 3.688729e-01 3.048561e-01 2.585084e-01 2.411128e-01 2.416626e-01 2.346631e-01 2.075932e-01 1.694128e-01 1.373582e-01 1.192028e-01 1.125338e-01 1.127384e-01 1.078947e-01 9.425780e-02 8.138183e-02 7.454524e-02 7.091288e-02 6.708682e-02 6.374906e-02 5.650770e-02 4.680117e-02 3.634001e-02 2.696615e-02 1.999185e-02 1.534580e-02 1.170023e-02 1.013878e-02 1.034989e-02 1.074536e-02 9.391021e-03 4.752014e-03 1.178320e-03 1.528753e-04 1.554752e-05 2.085165e-06 5.260508e-07 3.257719e-07 2.198016e-07 7.067675e-08 1.621240e-09 4.492380e-13 8.901762e-19 8.538308e-27 2.302378e-36 2.802597e-45 1.401298e-45 1.401298e-45 1.401298e-45 1.401298e-45 1.401298e-45 1.401298e-45 1.401298e-45 1.401298e-45 2.802597e-45 2.802597e-45 2.802597e-45 2.802597e-45 1.401298e-45 1.401298e-45 1.401298e-45 1.401298e-45 1.401298e-45 1.401298e-45 1.401298e-45 1.401298e-45
4.203895e-45 5.605194e-45 5.605194e-45 7.006492e-45 7.006492e-45 9.809089e-45 1.401298e-44 1.608691e-42 1.886519e-37 5.433210e-32 7.476905e-30 9.013565e-27 1.895984e-25 8.258995e-23 5.581468e-22 1.480262e-18 6.094307e-17 1.307793e-13 8.596004e-12 7.720142e-10 2.327484e-09 4.157187e-09 7.782518e-08 1.358727e-07 1.759351e-06 6.801375e-07 1.166590e-05 1.275113e-05 5.071600e-05 4.858470e-05 2.788046e-05 6.527540e-05 2.254843e-05 1.293926e-04 1.245967e-04 2.817388e-04 4.416156e-04 4.356307e-04 1.668248e-03 1.963868e-03 3.465747e-03 5.532875e-03 5.156700e-03 8.518163e-03 1.075857e-02 1.566536e-02 2.704411e-02 2.821850e-02 3.706161e-02 4.781459e-02 4.768543e-02 6.104317e-02 6.696858e-02 5.870300e-02 5.906599e-02 5.771964e-02 5.988418e-02 7.626007e-02 8.881034e-02 9.657634e-02 1.085274e-01 1.082109e-01 1.007177e-01 1.027943e-01 1.036041e-01 1.021406e-01 1.135761e-01 1.277110e-01 1.374023e-01 1.671627e-01 2.032224e-01 2.038149e-01 2.031469e-01 2.300229e-01 2.478631e-01 2.455199e-01 2.536425e-01 2.663914e-01 2.696730e-01 2.864832e-01 3.259059e-01 3.402514e-01 3.143747e-01 3.056144e-01 3.301566e-01 3.448857e-01 3.261048e-01 2.996145e-01 2.878286e-01 2.966411e-01 3.189756e-01 3.322960e-01 3.116012e-01 2.695538e-01 2.433987e-01 2.421507e-01 2.473527e-01 2.440184e-01 2.323225e-01 2.187800e-01 2.113380e-01 2.052597e-01 2.118811e-01 2.310007e-01 2.618705e-01 3.141438e-01 3.744429e-01 4.363305e-01 4.684216e-01 4.633310e-01 4.364261e-01 4.092279e-01 3.997194e-01 4.100757e-01 4.465036e-01 5.015669e-01 5.378493e-01 5.171441e-01 4.391043e-01 3.487070e-01 2.846949e-01 2.502038e-01 2.357714e-01 2.244716e-01 2.047406e-01 1.770342e-01 1.554419e-01 1.513781e-01 1.635166e-01 1.842009e-01 1.965512e-01 1.931915e-01 1.792897e-01 1.615591e-01 1.485912e-01 1.410598e-01 1.371835e-01 1.314401e-01 1.250621e-01 1.187691e-01 1.126200e-01 1.060477e-01 9.655581e-02 8.328340e-02 6.854308e-02 5.555946e-02 4.325166e-02 3.118354e-02 1.780010e-02 6.630023e-03 1.617221e-03 3.212290e-04 7.838211e-05 3.930390e-05 5.347276e-05 1.227726e-04 1.443848e-04 2.647802e-05 1.625968e-07 2.699965e-11 1.621463e-16 7.798293e-23 3.096575e-29 1.084062e-35 9.626920e-42 2.802597e-45 1.401298e-45 1.401298e-45 1.401298e-45 1.401298e-45 1.401298e-45 1.401298e-45 1.401298e-45 1.401298e-45 2.802597e-45 2.802597e-45 2.802597e-45 2.802597e-45 2.802597e-45 1.401298e-45 1.401298e-45 1.401298e-45 1.401298e-45 1.401298e-45 1.401298e-45
4.203895e-45 5.605194e-45 5.605194e-45 5.605194e-45 7.006492e-45 9.809089e-45 6.305843e-44 8.898245e-43 4.470402e-38 6.893163e-33 3.397212e-28 2.578669e-27 1.110250e-22 1.952323e-21 6.649779e-18 9.730991e-17 1.220490e-13 2.763437e-12 5.646055e-10 6.857904e-09 1.578358e-08 5.974659e-08 1.695552e-08 1.857385e-07 1.054403e-07 4.517147e-06 6.249042e-06 5.963454e-05 1.071493e-04 1.053010e-04 2.897381e-04 8.088976e-05 2.324292e-04 1.344366e-04 2.625128e-04 5.769174e-04 5.723555e-04 2.217360e-03 2.077385e-03 3.267035e-03 5.761337e-03 4.679888e-03 8.774960e-03 1.190661e-02 1.614233e-02 2.976672e-02 3.306235e-02 4.579633e-02 5.966726e-02 5.745307e-02 7.111494e-02 7.378148e-02 6.437401e-02 6.758519e-02 6.330211e-02 6.338159e-02 7.692416e-02 8.147460e-02 8.640300e-02 1.014947e-01 1.047217e-01 1.053069e-01 1.109475e-01 1.040311e-01 9.771485e-02 1.023326e-01 1.035170e-01 1.125263e-01 1.409689e-01 1.516062e-01 1.489771e-01 1.777001e-01 2.133324e-01 2.138640e-01 2.151770e-01 2.307894e-01 2.344786e-01 2.325914e-01 2.433076e-01 2.513445e-01 2.492392e-01 2.577180e-01 2.899745e-01 3.261099e-01 3.421251e-01 3.379295e-01 3.314875e-01 3.357075e-01 3.469304e-01 3.491684e-01 3.297371e-01 2.985893e-01 2.801214e-01 2.742689e-01 2.649634e-01 2.498672e-01 2.345926e-01 2.180733e-01 1.998419e-01 1.895704e-01 2.007950e-01 2.279136e-01 2.761569e-01 3.452946e-01 4.232073e-01 4.917391e-01 5.090640e-01 4.978554e-01 4.780888e-01 4.682172e-01 4.612912e-01 4.534874e-01 4.626274e-01 4.851983e-01 4.943566e-01 4.647530e-01 4.007634e-01 3.334405e-01 2.760172e-01 2.328341e-01 2.059522e-01 1.876023e-01 1.691001e-01 1.470787e-01 1.293792e-01 1.209803e-01 1.209131e-01 1.249758e-01 1.243673e-01 1.157676e-01 1.003967e-01 8.548063e-02 7.792157e-02 7.557695e-02 7.508295e-02 7.411942e-02 7.412021e-02 7.408120e-02 7.262179e-02 7.239833e-02 7.292074e-02 7.392969e-02 7.293226e-02 6.679465e-02 5.604961e-02 4.733007e-02 3.850155e-02 2.767413e-02 1.679344e-02 8.871232e-03 4.655848e-03 2.990391e-03 2.844735e-03 3.505973e-03 3.683836e-03 1.448816e-03 8.410919e-05 4.529508e-07 3.422249e-10 7.884793e-14 1.308185e-17 3.347077e-21 6.462575e-25 5.717871e-29 1.390460e-34 2.399023e-42 2.802597e-45 2.802597e-45 2.802597e-45 2.802597e-45 1.401298e-45 1.401298e-45 1.401298e-45 1.401298e-45 1.401298e-45 2.802597e-45 2.802597e-45 2.802597e-45 1.401298e-45 1.401298e-45 1.401298e-45 1.401298e-45 1.401298e-45 1.401298e-45 1.401298e-45
5.605194e-45 5.605194e-45 5.605194e-45 7.006492e-45 8.407791e-45 9.809089e-45 9.300418e-42 3.460933e-34 3.061534e-30 1.654006e-27 7.194355e-25 8.047326e-22 1.895072e-21 1.991939e-18 2.246461e-17 3.479771e-15 4.365819e-14 7.799241e-12 1.327265e-10 1.186039e-09 4.690064e-08 3.800395e-08 1.744404e-07 3.127417e-08 1.462648e-06 2.177026e-06 2.498483e-05 3.505528e-05 7.683848e-05 2.850342e-04 1.913403e-04 5.790101e-04 3.281856e-04 4.692463e-04 5.557259e-04 6.596493e-04 2.395831e-03 2.479509e-03 3.841119e-03 5.582736e-03 4.669481e-03 9.778954e-03 1.257509e-02 1.663047e-02 2.664791e-02 2.717961e-02 3.655090e-02 4.653817e-02 5.106923e-02 6.399202e-02 6.537618e-02 6.441008e-02 6.839730e-02 7.248186e-02 8.739822e-02 1.024880e-01 1.042668e-01 1.079315e-01 1.119473e-01 1.079112e-01 1.050466e-01 1.035286e-01 1.025528e-01 1.079147e-01 1.122538e-01 1.124795e-01 1.204711e-01 1.276306e-01 1.205913e-01 1.194666e-01 1.345663e-01 1.476397e-01 1.522961e-01 1.646508e-01 1.878174e-01 2.089133e-01 2.177934e-01 2.144677e-01 2.095404e-01 2.100634e-01 2.134286e-01 2.224909e-01 2.420627e-01 2.680418e-01 2.896577e-01 3.069578e-01 3.260252e-01 3.501979e-01 3.639778e-01 3.621833e-01 3.594991e-01 3.596544e-01 3.485794e-01 3.232634e-01 2.987679e-01 2.798417e-01 2.494849e-01 2.123134e-01 1.905188e-01 1.953749e-01 2.275226e-01 2.672915e-01 3.075886e-01 3.394910e-01 3.632930e-01 3.875956e-01 3.979957e-01 4.061768e-01 4.102458e-01 4.199384e-01 4.362111e-01 4.493504e-01 4.684854e-01 4.864357e-01 4.947006e-01 4.823396e-01 4.392459e-01 3.828332e-01 3.285912e-01 2.797623e-01 2.380760e-01 2.067972e-01 1.919631e-01 1.923434e-01 2.036688e-01 2.160990e-01 2.150980e-01 1.982925e-01 1.738925e-01 1.556802e-01 1.494687e-01 1.510110e-01 1.569226e-01 1.618593e-01 1.578457e-01 1.413316e-01 1.148526e-01 9.073384e-02 7.185186e-02 5.862179e-02 4.722394e-02 3.710602e-02 2.869599e-02 2.166435e-02 1.669494e-02 1.376601e-02 1.136203e-02 8.338057e-03 5.229909e-03 2.796554e-03 1.468895e-03 7.404084e-04 3.345806e-04 1.113000e-04 1.665045e-05 1.069207e-06 2.831549e-08 4.006426e-10 7.413725e-12 1.585853e-13 3.886382e-15 1.884396e-17 4.546800e-21 2.056078e-26 6.944473e-34 7.174648e-43 2.802597e-45 2.802597e-45 1.401298e-45 1.401298e-45 1.401298e-45 1.401298e-45 1.401298e-45 1.401298e-45 1.401298e-45 2.802597e-45 2.802597e-45 2.802597e-45 1.401298e-45 1.401298e-45 1.401298e-45 1.401298e-45 1.401298e-45 1.401298e-45 1.401298e-45
4.203895e-45 5.605194e-45 4.203895e-45 5.605194e-45 7.006492e-45 9.809089e-45 3.853571e-41 4.174194e-33 2.423091e-29 1.084936e-26 1.817216e-25 1.915960e-22 8.405273e-21 1.141007e-18 9.177619e-17 7.267592e-14 3.442089e-12 1.334703e-10 3.496000e-10 6.963018e-09 1.938015e-08 1.577810e-07 2.012250e-07 1.401952e-06 1.355496e-06 4.786048e-06 8.228163e-06 1.662088e-05 5.856194e-05 7.215847e-05 2.617422e-04 3.451237e-04 6.781193e-04 9.595399e-04 1.041566e-03 1.706994e-03 1.751199e-03 2.974718e-03 4.929346e-03 5.317768e-03 9.236656e-03 1.096658e-02 1.551819e-02 2.218294e-02 2.138154e-02 2.469309e-02 2.779089e-02 3.204961e-02 3.917385e-02 4.455375e-02 4.930573e-02 4.968804e-02 6.276709e-02 8.241175e-02 8.749708e-02 9.965347e-02 1.092439e-01 1.064501e-01 1.015162e-01 9.577423e-02 9.303078e-02 9.506844e-02 9.455674e-02 9.271542e-02 9.859084e-02 1.059783e-01 1.056351e-01 1.062067e-01 1.116241e-01 1.153502e-01 1.202421e-01 1.266343e-01 1.354166e-01 1.529072e-01 1.705786e-01 1.744248e-01 1.772084e-01 1.906919e-01 2.013790e-01 1.999124e-01 1.971394e-01 2.015949e-01 2.156461e-01 2.361040e-01 2.507796e-01 2.581934e-01 2.738438e-01 3.110591e-01 3.550428e-01 3.822657e-01 3.883035e-01 3.814530e-01 3.855096e-01 4.001963e-01 3.883925e-01 3.317667e-01 2.635266e-01 2.221563e-01 2.159014e-01 2.362288e-01 2.731020e-01 3.038479e-01 3.345851e-01 3.651597e-01 3.967927e-01 4.263242e-01 4.251003e-01 4.094345e-01 3.907078e-01 3.984975e-01 4.419733e-01 4.940647e-01 5.321553e-01 5.352439e-01 5.059127e-01 4.470857e-01 3.619221e-01 2.797985e-01 2.237368e-01 1.981859e-01 1.960614e-01 2.085821e-01 2.270308e-01 2.362393e-01 2.251710e-01 1.979600e-01 1.699786e-01 1.545302e-01 1.556085e-01 1.722401e-01 2.026173e-01 2.328661e-01 2.404334e-01 2.255027e-01 1.968433e-01 1.632880e-01 1.320111e-01 1.122431e-01 1.022234e-01 9.225471e-02 7.806852e-02 6.371748e-02 5.161563e-02 4.603121e-02 4.380919e-02 3.787140e-02 2.909633e-02 1.800048e-02 8.868043e-03 3.972358e-03 1.615754e-03 5.907602e-04 1.718897e-04 3.405974e-05 5.973258e-06 9.302057e-07 2.165134e-07 6.554313e-08 1.299210e-08 1.158411e-09 8.236062e-12 3.152753e-15 3.726761e-20 2.086521e-26 4.967782e-33 3.084692e-40 2.802597e-45 2.802597e-45 2.802597e-45 1.401298e-45 1.401298e-45 1.401298e-45 1.401298e-45 1.401298e-45 1.401298e-45 1.401298e-45 2.802597e-45 2.802597e-45 2.802597e-45 1.401298e-45 1.401298e-45 1.401298e-45 1.401298e-45 1.401298e-45 1.401298e-45
4.203895e-45 4.203895e-45 4.203895e-45 4.203895e-45 7.006492e-45 8.407791e-45 4.220054e-36 5.958744e-36 1.217172e-30 5.272386e-28 1.358048e-23 4.354778e-22 3.271969e-17 1.143885e-16 1.217123e-13 1.996802e-12 3.867300e-10 9.307885e-10 8.965324e-09 1.971306e-08 8.018318e-08 5.339115e-07 1.420156e-06 1.325333e-05 6.834171e-06 1.608157e-05 9.172586e-06 3.799948e-05 3.824210e-05 9.841572e-05 2.116228e-04 3.504496e-04 1.228563e-03 1.646206e-03 3.952784e-03 4.093734e-03 3.669985e-03 4.642108e-03 4.989996e-03 9.208451e-03 1.185191e-02 1.423503e-02 1.726848e-02 1.614940e-02 1.907915e-02 2.079109e-02 2.117543e-02 2.299094e-02 2.593620e-02 2.940522e-02 3.322297e-02 4.807119e-02 5.548604e-02 5.362806e-02 6.492693e-02 6.874931e-02 6.711468e-02 7.506473e-02 7.820162e-02 7.748850e-02 7.961924e-02 7.646165e-02 7.591593e-02 8.079012e-02 7.633495e-02 7.243671e-02 8.240896e-02 8.912811e-02 9.076574e-02 1.066291e-01 1.221217e-01 1.218020e-01 1.310754e-01 1.545744e-01 1.727818e-01 1.897073e-01 2.096870e-01 2.182339e-01 2.177396e-01 2.180831e-01 2.162407e-01 2.103135e-01 2.030379e-01 1.938593e-01 1.944189e-01 2.250559e-01 2.869590e-01 3.450724e-01 3.644604e-01 3.695148e-01 4.014283e-01 4.648954e-01 5.074142e-01 4.696224e-01 3.846340e-01 3.184339e-01 2.838117e-01 2.733645e-01 2.790840e-01 2.955701e-01 3.265947e-01 3.595181e-01 4.004210e-01 4.231281e-01 4.090461e-01 3.829033e-01 3.614852e-01 3.717257e-01 3.985459e-01 4.329720e-01 4.737263e-01 5.036657e-01 5.027991e-01 4.504423e-01 3.697321e-01 3.027585e-01 2.651430e-01 2.535393e-01 2.589380e-01 2.746924e-01 2.887416e-01 2.833291e-01 2.495947e-01 1.996924e-01 1.561146e-01 1.303060e-01 1.232257e-01 1.300541e-01 1.444716e-01 1.545965e-01 1.518914e-01 1.362801e-01 1.128968e-01 9.360473e-02 8.232763e-02 7.900959e-02 8.326200e-02 8.888540e-02 8.750925e-02 8.035231e-02 7.030566e-02 6.063461e-02 6.072468e-02 6.570870e-02 6.936314e-02 6.937353e-02 6.000270e-02 4.681877e-02 3.618989e-02 2.501061e-02 1.444780e-02 7.209958e-03 2.865826e-03 1.110432e-03 4.611736e-04 2.162673e-04 7.041676e-05 1.024245e-05 3.059585e-07 1.403456e-09 1.347919e-12 3.135660e-16 2.176996e-20 6.628968e-25 5.953603e-30 2.038454e-35 4.167462e-42 2.802597e-45 2.802597e-45 2.802597e-45 2.802597e-45 1.401298e-45 1.401298e-45 1.401298e-45 1.401298e-45 1.401298e-45 1.401298e-45 1.401298e-45 2.802597e-45 1.401298e-45 1.401298e-45 1.401298e-45 1.401298e-45 1.401298e-45 1.401298e-45
4.203895e-45 5.605194e-45 5.605194e-45 8.407791e-45 9.809089e-45 2.711839e-36 4.220684e-34 9.030581e-29 7.277586e-29 4.084803e-24 5.011956e-22 7.778343e-18 6.409062e-18 4.739693e-14 2.207510e-13 3.377871e-11 1.807797e-10 7.765016e-09 4.162784e-08 4.823854e-08 8.178268e-07 8.425737e-07 8.585213e-06 2.381290e-06 3.039994e-05 1.847609e-05 9.931930e-05 8.137397e-05 1.562030e-04 4.425765e-04 3.749867e-04 1.665642e-03 1.466285e-03 4.291740e-03 4.318316e-03 5.068011e-03 7.097288e-03 5.581345e-03 8.515957e-03 9.720559e-03 1.381812e-02 1.894598e-02 1.784078e-02 2.010082e-02 2.059197e-02 2.050074e-02 2.242320e-02 2.263415e-02 2.247832e-02 2.692265e-02 3.696390e-02 4.216573e-02 4.833071e-02 5.588898e-02 5.027305e-02 4.878181e-02 5.634542e-02 5.685119e-02 6.123438e-02 7.119362e-02 7.136677e-02 7.703119e-02 8.187551e-02 7.228964e-02 7.674922e-02 9.152061e-02 8.802836e-02 9.270333e-02 1.148993e-01 1.167475e-01 1.148220e-01 1.386385e-01 1.629326e-01 1.691162e-01 1.798729e-01 1.923356e-01 1.961590e-01 2.079672e-01 2.259138e-01 2.291485e-01 2.212860e-01 2.163574e-01 2.094601e-01 2.047220e-01 2.189361e-01 2.551267e-01 2.876930e-01 3.001574e-01 3.176637e-01 3.675784e-01 4.340840e-01 4.572005e-01 4.187016e-01 3.668237e-01 3.335117e-01 3.202348e-01 3.156534e-01 3.150472e-01 3.131822e-01 3.156733e-01 3.407396e-01 3.792219e-01 4.197170e-01 4.286580e-01 4.059065e-01 3.906131e-01 3.954347e-01 4.420536e-01 5.072137e-01 5.460098e-01 5.288153e-01 4.688245e-01 4.072639e-01 3.581032e-01 3.259734e-01 3.154030e-01 3.271454e-01 3.531910e-01 3.713631e-01 3.632712e-01 3.266326e-01 2.788167e-01 2.380522e-01 2.150775e-01 2.146320e-01 2.349383e-01 2.733783e-01 3.128354e-01 3.316698e-01 3.153583e-01 2.722101e-01 2.317718e-01 2.052686e-01 1.929460e-01 1.913545e-01 1.883532e-01 1.729480e-01 1.440464e-01 1.105021e-01 8.085281e-02 6.322018e-02 5.487412e-02 4.958866e-02 4.404518e-02 4.025905e-02 3.531939e-02 3.095920e-02 2.789262e-02 2.207655e-02 1.474941e-02 8.003444e-03 3.471475e-03 1.506270e-03 5.903451e-04 1.776046e-04 3.633601e-05 2.970213e-06 9.784821e-08 1.408688e-09 1.334344e-11 1.251787e-13 9.435491e-16 3.443092e-18 8.848077e-22 1.524430e-26 6.252633e-33 8.544137e-41 4.203895e-45 2.802597e-45 2.802597e-45 1.401298e-45 1.401298e-45 1.401298e-45 1.401298e-45 1.401298e-45 1.401298e-45 1.401298e-45 1.401298e-45 2.802597e-45 1.401298e-45 1.401298e-45 1.401298e-45 1.401298e-45 1.401298e-45 1.401298e-45
7.006492e-45 7.006492e-45 8.407791e-45 8.407791e-45 9.263624e-36 1.211571e-33 4.764869e-31 1.500175e-29 1.052514e-24 7.866975e-22 9.774815e-18 4.151156e-17 4.603027e-14 1.509653e-12 1.782048e-10 2.245463e-10 2.132440e-09 2.174364e-08 2.230644e-07 2.755723e-06 2.644444e-06 9.911999e-06 3.636930e-06 2.169204e-05 1.936081e-05 1.191111e-04 1.705643e-04 2.761225e-04 7.237285e-04 6.471230e-04 2.688823e-03 2.396092e-03 5.469461e-03 4.903181e-03 5.735883e-03 9.060498e-03 8.942305e-03 1.273801e-02 1.136288e-02 1.210166e-02 1.456398e-02 1.526953e-02 1.861904e-02 2.090734e-02 2.084941e-02 2.489773e-02 2.569223e-02 2.393627e-02 2.785780e-02 3.018028e-02 3.172518e-02 3.920923e-02 4.178223e-02 4.146983e-02 4.535588e-02 4.443746e-02 4.201908e-02 4.489530e-02 4.992809e-02 5.525304e-02 6.537964e-02 6.852925e-02 6.885412e-02 8.251912e-02 9.179706e-02 9.514361e-02 1.177985e-01 1.401211e-01 1.416602e-01 1.573088e-01 1.759326e-01 1.738081e-01 1.758316e-01 1.870787e-01 1.952815e-01 2.136560e-01 2.417869e-01 2.452997e-01 2.306577e-01 2.278825e-01 2.326974e-01 2.280250e-01 2.187504e-01 2.190548e-01 2.294806e-01 2.392984e-01 2.514825e-01 2.819597e-01 3.313350e-01 3.687985e-01 3.678602e-01 3.489101e-01 3.400804e-01 3.492199e-01 3.663372e-01 3.744253e-01 3.625834e-01 3.473837e-01 3.555533e-01 3.975483e-01 4.653676e-01 5.114430e-01 5.332618e-01 5.303399e-01 5.145906e-01 5.133865e-01 5.177119e-01 5.314489e-01 5.224574e-01 4.815522e-01 4.215457e-01 3.602599e-01 3.200208e-01 3.026649e-01 3.030480e-01 3.091189e-01 3.142360e-01 3.132831e-01 3.013690e-01 2.800284e-01 2.578081e-01 2.477484e-01 2.537200e-01 2.723652e-01 2.990606e-01 3.166719e-01 3.135188e-01 2.847096e-01 2.457223e-01 2.128929e-01 1.886103e-01 1.767450e-01 1.763670e-01 1.769775e-01 1.703935e-01 1.534856e-01 1.326559e-01 1.169987e-01 1.100775e-01 1.056969e-01 1.050003e-01 1.001490e-01 8.833902e-02 7.607705e-02 6.385356e-02 5.751817e-02 4.910900e-02 3.526627e-02 2.234712e-02 1.246103e-02 6.388264e-03 3.593747e-03 1.814656e-03 7.623776e-04 2.207897e-04 3.906036e-05 5.701079e-06 6.505740e-07 8.880507e-08 9.468070e-09 7.676020e-10 1.414033e-11 2.756932e-14 3.274255e-18 1.085446e-23 7.092415e-30 9.476504e-37 7.707142e-44 2.802597e-45 2.802597e-45 2.802597e-45 1.401298e-45 1.401298e-45 1.401298e-45 1.401298e-45 1.401298e-45 1.401298e-45 1.401298e-45 1.401298e-45 1.401298e-45 1.401298e-45 1.401298e-45 1.401298e-45 1.401298e-45 1.401298e-45
7.006492e-45 7.006492e-45 7.006492e-45 1.148545e-33 6.926715e-31 5.702765e-30 1.674252e-27 1.335608e-23 1.756357e-20 1.865687e-18 1.250820e-17 1.922315e-14 2.622730e-12 4.413002e-11 3.039038e-10 6.952873e-09 9.486885e-08 2.699890e-07 9.861355e-07 1.368473e-06 2.977026e-06 2.946096e-06 1.136313e-05 2.775632e-05 5.953652e-05 1.322207e-04 2.504115e-04 9.126870e-04 1.013906e-03 2.019899e-03 1.913792e-03 2.363455e-03 2.639398e-03 2.607211e-03 4.666825e-03 5.016054e-03 7.465869e-03 9.499859e-03 8.812104e-03 1.006398e-02 8.025584e-03 9.315213e-03 1.222072e-02 1.151135e-02 1.374596e-02 1.335445e-02 1.265941e-02 1.836511e-02 1.891876e-02 1.990914e-02 2.516330e-02 2.501233e-02 2.800930e-02 3.160154e-02 3.295011e-02 3.490296e-02 3.407120e-02 3.717275e-02 4.138402e-02 4.215731e-02 4.731843e-02 5.635144e-02 6.788839e-02 8.310986e-02 1.016908e-01 1.219615e-01 1.437954e-01 1.623788e-01 1.727839e-01 1.826099e-01 1.998966e-01 2.208256e-01 2.397938e-01 2.602455e-01 2.613634e-01 2.356118e-01 2.199307e-01 2.283509e-01 2.460994e-01 2.537710e-01 2.452485e-01 2.340674e-01 2.331305e-01 2.375577e-01 2.288170e-01 2.165222e-01 2.323193e-01 2.753551e-01 3.053619e-01 3.086143e-01 3.113742e-01 3.205788e-01 3.303781e-01 3.464214e-01 3.730179e-01 4.032193e-01 4.287898e-01 4.529133e-01 4.856597e-01 5.286801e-01 5.727380e-01 5.729991e-01 5.398397e-01 5.029950e-01 4.933411e-01 5.197418e-01 5.365476e-01 5.312214e-01 5.030609e-01 4.796169e-01 4.633051e-01 4.417771e-01 4.191488e-01 4.011041e-01 3.922612e-01 3.818375e-01 3.652696e-01 3.465740e-01 3.341421e-01 3.342235e-01 3.409051e-01 3.550867e-01 3.702467e-01 3.744986e-01 3.589694e-01 3.158873e-01 2.621054e-01 2.134305e-01 1.783957e-01 1.601329e-01 1.528744e-01 1.461196e-01 1.358261e-01 1.233350e-01 1.089384e-01 9.941640e-02 9.932853e-02 1.052072e-01 1.124111e-01 1.144589e-01 1.081018e-01 1.027400e-01 1.000571e-01 1.000150e-01 1.022108e-01 9.719980e-02 8.463427e-02 7.279076e-02 6.138602e-02 5.764753e-02 5.929372e-02 5.172619e-02 3.854699e-02 2.133917e-02 9.395647e-03 3.984970e-03 1.600305e-03 4.364583e-04 6.322141e-05 2.997388e-06 3.777413e-08 1.995817e-10 1.813895e-13 8.496319e-17 8.085517e-21 1.676090e-25 1.268760e-30 3.569320e-37 5.605194e-45 2.802597e-45 2.802597e-45 2.802597e-45 2.802597e-45 2.802597e-45 1.401298e-45 1.401298e-45 1.401298e-45 1.401298e-45 1.401298e-45 1.401298e-45 1.401298e-45 1.401298e-45 1.401298e-45 1.401298e-45 1.401298e-45
8.407791e-45 7.006492e-45 1.235973e-29 9.398972e-27 1.011927e-26 6.310763e-24 8.137602e-23 1.566160e-19 2.209661e-17 1.786428e-15 8.356180e-13 4.133795e-11 6.524182e-11 4.269067e-10 4.659241e-09 2.159167e-07 6.479194e-07 4.312490e-06 2.869609e-06 6.230368e-06 4.159888e-06 1.495023e-05 3.131446e-05 6.892309e-05 1.555580e-04 1.784706e-04 3.280872e-04 3.835882e-04 8.465183e-04 1.126207e-03 9.955032e-04 1.387604e-03 1.256194e-03 2.547936e-03 2.230847e-03 2.819238e-03 3.684303e-03 3.157386e-03 5.349545e-03 4.502614e-03 4.672888e-03 4.971810e-03 3.708768e-03 5.824251e-03 6.511531e-03 6.504639e-03 9.243461e-03 8.166635e-03 9.557204e-03 1.343239e-02 1.386042e-02 1.740334e-02 2.196098e-02 2.526078e-02 2.862333e-02 3.344800e-02 4.190360e-02 4.379969e-02 4.092696e-02 4.367310e-02 4.629301e-02 5.152817e-02 6.562280e-02 7.811400e-02 9.974258e-02 1.396730e-01 1.611713e-01 1.758795e-01 2.205725e-01 2.549479e-01 2.547772e-01 2.739946e-01 3.045833e-01 2.949463e-01 2.722059e-01 2.668079e-01 2.648858e-01 2.623954e-01 2.507199e-01 2.236991e-01 2.074269e-01 2.145504e-01 2.159596e-01 1.958048e-01 1.882763e-01 2.125552e-01 2.524586e-01 2.803002e-01 2.983838e-01 3.189059e-01 3.341738e-01 3.343707e-01 3.335896e-01 3.521684e-01 3.907341e-01 4.321116e-01 4.636880e-01 4.937576e-01 5.303440e-01 5.617346e-01 5.736076e-01 5.606150e-01 5.569893e-01 5.629476e-01 5.666662e-01 5.658334e-01 5.402636e-01 4.990785e-01 4.362950e-01 3.765942e-01 3.383255e-01 3.182891e-01 3.057365e-01 2.906330e-01 2.808595e-01 2.773156e-01 2.755848e-01 2.735299e-01 2.783788e-01 2.992176e-01 3.289048e-01 3.567387e-01 3.675651e-01 3.566094e-01 3.363432e-01 3.143806e-01 3.012396e-01 2.955890e-01 2.911892e-01 2.833812e-01 2.731668e-01 2.560728e-01 2.351506e-01 2.189993e-01 2.117196e-01 2.133020e-01 2.172941e-01 2.052568e-01 1.741375e-01 1.408769e-01 1.090677e-01 8.782421e-02 7.200600e-02 5.685061e-02 4.141818e-02 3.030036e-02 2.509473e-02 2.464447e-02 2.952480e-02 3.198935e-02 2.949972e-02 2.379368e-02 1.377227e-02 6.928834e-03 3.472326e-03 1.147468e-03 2.957555e-04 3.731312e-05 1.301858e-06 3.335109e-08 4.186942e-10 7.286596e-12 2.128578e-13 1.496232e-15 5.564267e-18 5.107336e-22 8.913719e-28 1.975678e-35 5.605194e-45 4.203895e-45 2.802597e-45 2.802597e-45 1.401298e-45 1.401298e-45 1.401298e-45 1.401298e-45 1.401298e-45 1.401298e-45 1.401298e-45 1.401298e-45 1.401298e-45 1.401298e-45 1.401298e-45 1.401298e-45 0.000000e+00
5.605194e-45 1.823962e-28 4.560343e-23 7.716141e-23 4.093588e-21 4.869349e-21 3.024450e-16 5.251783e-15 1.890129e-14 3.388937e-12 2.440569e-10 2.671426e-10 4.888153e-09 3.231625e-08 7.077163e-07 4.309832e-07 2.874737e-06 1.522680e-06 7.893866e-06 6.000485e-06 6.584347e-05 1.119449e-04 3.261646e-04 4.311364e-04 5.584367e-04 8.254523e-04 6.325085e-04 8.099370e-04 6.190503e-04 6.778059e-04 8.376249e-04 8.771890e-04 1.702046e-03 1.763229e-03 2.541275e-03 2.708231e-03 1.948208e-03 2.699122e-03 2.208290e-03 2.972197e-03 3.428344e-03 2.501082e-03 3.652483e-03 3.522496e-03 4.283458e-03 6.057067e-03 5.191640e-03 6.225826e-03 7.188747e-03 7.554107e-03 1.055532e-02 1.357238e-02 1.669714e-02 2.173278e-02 2.706166e-02 3.334501e-02 3.922457e-02 4.341613e-02 5.067275e-02 5.863459e-02 6.075968e-02 6.331673e-02 7.201064e-02 8.568135e-02 1.007443e-01 1.106466e-01 1.313980e-01 1.747270e-01 2.077409e-01 2.330869e-01 2.882118e-01 3.377915e-01 3.340219e-01 3.235399e-01 3.389235e-01 3.642982e-01 3.589067e-01 3.072191e-01 2.587207e-01 2.477658e-01 2.395916e-01 1.995578e-01 1.690094e-01 1.780944e-01 2.147345e-01 2.539230e-01 2.861291e-01 3.076839e-01 3.205816e-01 3.371428e-01 3.588755e-01 3.792527e-01 3.925584e-01 3.929677e-01 3.837169e-01 3.867298e-01 4.180996e-01 4.665156e-01 4.956750e-01 4.883547e-01 4.767515e-01 4.798661e-01 5.088915e-01 5.389844e-01 5.474172e-01 5.303934e-01 4.865283e-01 4.502386e-01 4.321337e-01 4.357704e-01 4.521675e-01 4.667378e-01 4.717143e-01 4.561524e-01 4.277196e-01 3.986458e-01 3.799819e-01 3.718898e-01 3.725247e-01 3.825753e-01 3.939943e-01 3.975578e-01 3.836219e-01 3.550359e-01 3.243753e-01 2.988701e-01 2.792851e-01 2.618685e-01 2.411064e-01 2.162692e-01 1.955073e-01 1.857616e-01 1.822586e-01 1.837171e-01 1.882734e-01 1.886017e-01 1.827023e-01 1.680548e-01 1.460631e-01 1.302148e-01 1.174503e-01 9.890786e-02 8.158962e-02 6.584829e-02 5.540475e-02 4.907001e-02 4.731083e-02 4.624433e-02 3.701012e-02 2.576089e-02 1.574602e-02 8.623315e-03 5.358580e-03 2.713780e-03 9.792593e-04 3.534984e-04 5.688717e-05 9.540980e-06 1.311576e-06 1.081664e-07 2.265337e-08 2.683863e-09 2.642914e-10 5.189984e-12 1.926645e-15 3.815809e-20 3.789756e-27 9.264224e-36 4.203895e-45 2.802597e-45 2.802597e-45 1.401298e-45 1.401298e-45 1.401298e-45 1.401298e-45 1.401298e-45 1.401298e-45 1.401298e-45 1.401298e-45 1.401298e-45 1.401298e-45 1.401298e-45 1.401298e-45 1.401298e-45 0.000000e+00
5.605194e-45 2.531756e-25 1.800764e-21 8.891604e-19 6.585788e-18 7.730190e-13 4.098213e-13 3.798737e-13 2.253290e-10 5.467028e-09 1.488070e-09 1.552880e-08 1.279176e-07 2.044194e-06 1.136270e-06 3.643832e-06 1.557642e-06 8.507593e-06 8.590523e-06 7.517674e-05 6.929300e-05 2.231844e-04 2.986303e-04 5.342371e-04 5.499499e-04 4.756507e-04 7.141588e-04 6.849183e-04 1.239059e-03 1.276567e-03 1.996332e-03 2.367877e-03 2.161637e-03 2.569403e-03 2.395541e-03 2.431319e-03 2.667343e-03 2.347466e-03 2.879963e-03 2.928764e-03 3.235658e-03 3.851341e-03 3.627619e-03 4.160288e-03 4.242820e-03 4.558365e-03 5.145373e-03 5.267017e-03 6.442542e-03 7.236863e-03 9.022911e-03 1.212860e-02 1.372433e-02 1.828148e-02 2.415107e-02 2.902947e-02 3.773945e-02 4.855326e-02 6.366981e-02 7.652174e-02 8.720599e-02 1.031311e-01 1.023550e-01 9.468014e-02 9.753370e-02 1.087651e-01 1.325231e-01 1.628991e-01 1.853801e-01 2.170257e-01 2.568119e-01 2.616993e-01 2.545837e-01 2.923469e-01 3.543046e-01 3.563720e-01 3.243175e-01 3.252726e-01 3.258637e-01 2.813828e-01 2.324794e-01 2.194238e-01 2.367133e-01 2.573487e-01 2.748912e-01 3.045857e-01 3.444389e-01 3.799334e-01 4.038348e-01 4.156604e-01 4.231681e-01 4.324392e-01 4.362983e-01 4.308454e-01 4.272355e-01 4.411292e-01 4.640058e-01 4.839434e-01 4.945889e-01 4.920909e-01 4.831900e-01 4.750208e-01 4.849355e-01 4.973488e-01 4.885980e-01 4.643380e-01 4.330745e-01 4.223339e-01 4.280256e-01 4.387979e-01 4.435929e-01 4.399135e-01 4.342209e-01 4.232697e-01 4.074399e-01 3.950837e-01 3.993651e-01 4.204395e-01 4.449432e-01 4.553086e-01 4.368167e-01 3.947352e-01 3.395106e-01 2.898644e-01 2.519323e-01 2.263243e-01 2.107713e-01 2.014960e-01 2.000514e-01 2.008991e-01 2.011427e-01 2.046237e-01 2.048776e-01 1.929953e-01 1.769736e-01 1.663372e-01 1.598651e-01 1.632995e-01 1.723630e-01 1.729660e-01 1.671306e-01 1.550801e-01 1.414667e-01 1.410819e-01 1.523363e-01 1.560551e-01 1.471412e-01 1.251294e-01 1.000024e-01 7.767920e-02 6.504828e-02 5.794936e-02 4.321837e-02 3.251517e-02 1.860654e-02 8.513427e-03 5.311918e-03 2.098718e-03 9.928507e-04 2.946241e-04 2.869791e-05 2.128932e-06 2.088184e-08 4.323011e-11 6.580909e-15 2.881795e-20 1.907644e-26 2.334698e-34 3.138909e-43 2.802597e-45 2.802597e-45 1.401298e-45 1.401298e-45 1.401298e-45 1.401298e-45 1.401298e-45 1.401298e-45 1.401298e-45 1.401298e-45 1.401298e-45 1.401298e-45 1.401298e-45 1.401298e-45 1.401298e-45 1.401298e-45
2.802597e-45 1.208114e-34 3.163469e-19 4.416825e-15 5.846566e-10 9.417880e-11 3.444394e-10 4.883932e-08 3.574071e-08 5.251918e-09 4.015451e-07 4.558798e-06 8.527347e-06 1.067988e-06 1.280358e-06 2.765368e-06 1.994375e-05 4.350423e-05 1.595646e-04 1.948025e-04 2.519345e-04 2.635561e-04 2.691423e-04 3.665780e-04 4.282944e-04 5.944529e-04 5.549651e-04 8.911125e-04 9.631246e-04 1.798089e-03 2.029788e-03 2.570840e-03 2.796749e-03 2.270587e-03 2.365584e-03 2.174274e-03 2.806709e-03 3.021748e-03 2.959264e-03 3.837771e-03 3.851550e-03 5.491615e-03 5.573162e-03 5.044397e-03 5.811406e-03 4.718737e-03 5.924996e-03 7.097873e-03 6.227166e-03 9.244027e-03 9.645457e-03 9.643404e-03 1.653511e-02 1.865842e-02 2.268722e-02 3.560764e-02 3.857632e-02 4.979651e-02 7.294180e-02 8.328413e-02 1.082494e-01 1.322716e-01 1.227663e-01 1.299234e-01 1.399655e-01 1.337074e-01 1.364114e-01 1.412831e-01 1.556515e-01 1.873976e-01 1.963685e-01 2.016274e-01 2.598166e-01 3.112568e-01 2.815672e-01 2.732632e-01 3.259645e-01 3.488489e-01 3.138123e-01 3.043500e-01 3.243174e-01 3.326966e-01 3.336636e-01 3.406599e-01 3.460544e-01 3.504800e-01 3.627514e-01 3.754988e-01 3.840702e-01 4.017601e-01 4.291326e-01 4.405890e-01 4.310867e-01 4.273953e-01 4.388329e-01 4.544063e-01 4.624932e-01 4.651902e-01 4.699781e-01 4.861728e-01 5.137586e-01 5.182651e-01 4.975341e-01 4.609605e-01 4.318612e-01 4.251720e-01 4.261132e-01 4.331522e-01 4.360234e-01 4.380424e-01 4.451342e-01 4.551210e-01 4.687909e-01 4.817747e-01 4.941609e-01 5.059168e-01 5.207301e-01 5.270104e-01 5.122718e-01 4.673493e-01 3.991114e-01 3.320836e-01 2.769206e-01 2.424883e-01 2.278380e-01 2.277272e-01 2.387291e-01 2.484598e-01 2.541253e-01 2.567667e-01 2.524529e-01 2.410698e-01 2.290215e-01 2.195892e-01 2.118196e-01 2.023552e-01 1.886416e-01 1.659060e-01 1.369609e-01 1.100710e-01 9.094709e-02 7.804104e-02 7.298434e-02 7.041704e-02 6.476539e-02 6.037472e-02 5.304045e-02 4.773703e-02 4.876407e-02 5.277549e-02 5.555837e-02 5.866556e-02 5.602650e-02 4.766072e-02 4.444679e-02 2.998522e-02 1.835118e-02 8.521552e-03 1.629282e-03 1.776155e-04 5.613270e-06 6.522382e-08 4.861052e-10 1.143212e-12 1.028112e-15 1.123146e-19 5.458837e-25 1.676775e-31 1.787160e-40 2.802597e-45 2.802597e-45 1.401298e-45 1.401298e-45 1.401298e-45 1.401298e-45 1.401298e-45 1.401298e-45 1.401298e-45 1.401298e-45 1.401298e-45 1.401298e-45 1.401298e-45 1.401298e-45 1.401298e-45 1.401298e-45
2.802597e-45 3.292525e-34 1.134892e-18 2.084700e-10 4.909952e-10 1.353248e-08 1.625925e-06 2.752683e-07 6.468230e-08 6.435258e-06 2.644972e-05 1.611955e-05 2.716657e-06 3.715626e-06 9.760198e-06 2.521007e-05 9.525350e-05 1.772995e-04 5.256116e-04 2.966954e-04 6.899143e-04 3.941315e-04 9.122065e-04 6.816899e-04 1.090614e-03 8.779546e-04 8.880558e-04 9.814710e-04 1.119085e-03 1.701823e-03 1.827334e-03 2.126801e-03 2.066039e-03 2.240923e-03 2.380909e-03 2.776261e-03 2.956404e-03 3.464035e-03 4.063431e-03 3.958614e-03 5.487973e-03 5.378729e-03 6.570296e-03 7.859301e-03 6.324603e-03 7.611948e-03 7.063920e-03 7.503558e-03 1.228465e-02 1.143673e-02 1.311715e-02 1.964386e-02 1.842002e-02 2.634001e-02 4.084616e-02 3.816497e-02 5.169361e-02 7.081652e-02 6.796238e-02 9.822443e-02 1.367763e-01 1.308933e-01 1.593258e-01 1.825055e-01 1.558908e-01 1.614218e-01 1.739929e-01 1.635962e-01 1.651131e-01 1.669517e-01 1.731910e-01 2.068507e-01 2.258565e-01 2.124870e-01 2.323534e-01 2.755146e-01 2.667772e-01 2.509228e-01 2.856569e-01 3.283790e-01 3.308533e-01 3.376575e-01 3.754276e-01 4.090529e-01 4.152891e-01 4.121658e-01 4.150518e-01 4.275192e-01 4.433535e-01 4.499700e-01 4.412707e-01 4.282109e-01 4.291069e-01 4.551364e-01 4.987039e-01 5.367371e-01 5.393040e-01 5.153697e-01 4.982696e-01 5.047557e-01 5.210209e-01 5.063026e-01 4.713588e-01 4.367862e-01 4.247718e-01 4.461250e-01 4.738550e-01 4.992784e-01 5.115821e-01 5.215611e-01 5.343373e-01 5.408397e-01 5.449764e-01 5.510786e-01 5.615820e-01 5.573593e-01 5.263433e-01 4.728080e-01 4.116601e-01 3.597847e-01 3.229914e-01 3.091506e-01 3.125394e-01 3.234153e-01 3.321947e-01 3.251674e-01 3.048383e-01 2.738014e-01 2.408826e-01 2.183398e-01 2.037278e-01 1.914037e-01 1.837656e-01 1.815591e-01 1.751694e-01 1.611823e-01 1.413324e-01 1.195720e-01 1.075758e-01 1.021364e-01 9.858267e-02 1.005809e-01 9.722179e-02 8.562647e-02 7.316506e-02 6.107472e-02 5.403327e-02 4.780006e-02 3.852109e-02 3.183101e-02 2.533553e-02 1.895905e-02 1.697833e-02 1.352106e-02 9.665977e-03 6.347615e-03 2.464285e-03 8.784926e-04 1.998015e-04 2.360858e-05 2.206261e-06 9.391557e-08 3.469847e-09 8.235328e-11 4.845275e-13 3.042576e-16 3.870642e-21 6.398482e-28 9.830819e-37 2.802597e-45 2.802597e-45 2.802597e-45 1.401298e-45 1.401298e-45 1.401298e-45 1.401298e-45 1.401298e-45 1.401298e-45 1.401298e-45 1.401298e-45 1.401298e-45 1.401298e-45 1.401298e-45 1.401298e-45 1.401298e-45
2.802597e-45 5.614223e-37 2.066908e-17 1.839469e-12 1.239439e-09 7.490128e-06 1.657464e-06 5.183031e-07 3.816418e-05 6.529702e-05 2.512596e-05 5.625739e-06 1.121820e-05 6.092515e-05 1.821813e-04 5.191445e-04 3.597611e-04 9.472891e-04 4.096431e-04 2.084100e-03 9.412101e-04 3.204181e-03 1.341167e-03 2.375808e-03 1.662297e-03 1.595121e-03 1.861073e-03 1.300266e-03 2.297000e-03 1.499509e-03 2.376873e-03 2.079559e-03 2.359611e-03 3.117759e-03 3.025708e-03 4.273141e-03 3.571886e-03 4.185442e-03 4.880663e-03 5.814759e-03 6.819519e-03 6.303753e-03 7.998492e-03 8.596742e-03 9.990679e-03 1.084793e-02 8.996637e-03 1.035534e-02 1.085654e-02 1.323703e-02 2.084357e-02 2.232980e-02 2.884297e-02 3.630900e-02 3.666899e-02 5.911858e-02 7.895415e-02 7.197627e-02 9.908944e-02 1.206072e-01 1.051472e-01 1.277371e-01 1.653228e-01 1.728614e-01 1.955847e-01 2.160161e-01 1.995685e-01 1.950409e-01 2.006012e-01 2.005362e-01 2.169539e-01 2.212793e-01 2.014881e-01 2.128673e-01 2.421169e-01 2.342026e-01 2.353224e-01 2.784601e-01 3.101799e-01 3.009653e-01 3.083005e-01 3.474797e-01 3.690987e-01 3.643860e-01 3.767117e-01 4.222949e-01 4.769129e-01 5.013562e-01 4.947211e-01 4.944505e-01 5.139308e-01 5.322781e-01 5.369883e-01 5.240418e-01 4.965954e-01 4.777095e-01 4.866528e-01 5.197902e-01 5.438363e-01 5.385149e-01 5.195263e-01 4.927405e-01 4.778324e-01 4.735216e-01 4.777595e-01 4.911056e-01 4.921990e-01 4.857150e-01 4.706647e-01 4.596556e-01 4.591333e-01 4.593473e-01 4.559401e-01 4.445644e-01 4.319140e-01 4.139077e-01 3.855667e-01 3.515472e-01 3.234442e-01 3.118547e-01 3.142046e-01 3.245464e-01 3.348221e-01 3.349847e-01 3.279873e-01 3.106483e-01 2.873398e-01 2.670270e-01 2.517732e-01 2.420432e-01 2.357506e-01 2.228077e-01 1.968009e-01 1.657608e-01 1.405541e-01 1.237190e-01 1.190127e-01 1.312533e-01 1.601783e-01 1.958583e-01 2.200498e-01 2.226655e-01 2.065749e-01 1.874523e-01 1.733026e-01 1.653378e-01 1.581465e-01 1.449431e-01 1.262296e-01 1.063250e-01 9.746220e-02 8.181016e-02 6.337267e-02 4.792935e-02 2.779811e-02 1.641145e-02 9.735999e-03 4.947930e-03 2.859066e-03 1.169060e-03 3.232546e-04 5.526150e-05 3.123877e-06 6.043608e-08 1.646570e-10 2.819912e-14 2.149750e-19 2.139838e-26 1.254630e-34 7.006492e-45 2.802597e-45 2.802597e-45 1.401298e-45 1.401298e-45 1.401298e-45 1.401298e-45 1.401298e-45 1.401298e-45 1.401298e-45 1.401298e-45 1.401298e-45 1.401298e-45 1.401298e-45 1.401298e-45 1.401298e-45
4.203895e-45 1.298385e-36 6.789285e-26 3.681383e-15 6.917079e-08 4.453500e-06 9.063137e-06 1.163557e-03 8.173099e-04 9.378770e-05 1.348735e-05 5.731910e-05 3.353061e-04 5.939010e-04 7.369660e-04 5.848770e-04 1.192573e-03 6.349803e-04 1.980534e-03 1.064524e-03 2.380679e-03 1.056639e-03 1.499801e-03 1.117331e-03 1.364212e-03 1.717927e-03 1.397710e-03 2.448121e-03 1.527764e-03 2.871989e-03 1.993848e-03 2.871716e-03 3.575859e-03 3.240020e-03 5.716067e-03 4.187051e-03 6.874909e-03 6.665667e-03 6.257134e-03 7.419215e-03 4.830266e-03 6.742136e-03 6.037749e-03 7.647035e-03 1.170549e-02 9.244520e-03 1.387641e-02 1.305328e-02 1.104277e-02 1.787265e-02 1.813211e-02 2.310463e-02 3.310255e-02 3.380936e-02 4.735010e-02 5.629334e-02 5.933625e-02 8.816749e-02 9.821380e-02 8.324779e-02 9.798361e-02 1.248798e-01 1.286555e-01 1.519316e-01 2.082619e-01 2.371408e-01 2.496056e-01 2.719857e-01 2.691594e-01 2.467283e-01 2.264460e-01 2.197011e-01 2.451493e-01 2.683374e-01 2.510233e-01 2.427012e-01 2.720953e-01 2.881459e-01 2.747444e-01 2.923507e-01 3.513068e-01 3.698123e-01 3.339954e-01 3.332871e-01 3.857031e-01 4.260419e-01 4.156063e-01 4.025781e-01 4.181648e-01 4.441439e-01 4.674350e-01 4.851843e-01 4.897417e-01 4.802337e-01 4.827449e-01 5.132594e-01 5.481109e-01 5.529294e-01 5.208478e-01 4.725363e-01 4.381754e-01 4.259191e-01 4.501486e-01 4.942910e-01 5.244215e-01 5.263095e-01 5.038366e-01 5.007927e-01 5.255997e-01 5.747222e-01 6.382678e-01 6.967036e-01 7.331467e-01 7.190593e-01 6.565540e-01 5.807297e-01 5.158844e-01 4.783658e-01 4.629385e-01 4.609887e-01 4.586665e-01 4.410948e-01 4.155931e-01 3.867259e-01 3.615915e-01 3.459208e-01 3.303461e-01 3.121766e-01 2.863474e-01 2.482745e-01 2.069667e-01 1.691301e-01 1.405135e-01 1.249021e-01 1.238254e-01 1.341388e-01 1.505862e-01 1.615708e-01 1.492067e-01 1.231135e-01 9.513865e-02 7.301247e-02 6.472556e-02 6.304593e-02 6.617707e-02 7.214060e-02 7.457051e-02 7.392083e-02 7.704487e-02 7.392716e-02 6.368186e-02 5.776226e-02 4.419304e-02 3.651191e-02 3.315591e-02 2.682422e-02 2.429179e-02 1.848452e-02 1.040756e-02 4.939210e-03 9.273269e-04 7.301226e-05 1.647391e-06 6.922642e-09 9.228692e-12 2.088441e-15 6.921874e-20 2.477228e-25 1.888319e-32 8.703325e-41 2.802597e-45 2.802597e-45 1.401298e-45 1.401298e-45 1.401298e-45 1.401298e-45 1.401298e-45 1.401298e-45 1.401298e-45 1.401298e-45 1.401298e-45 1.401298e-45 0.000000e+00 0.000000e+00 0.000000e+00
4.203895e-45 6.813088e-19 6.975529e-26 3.610102e-25 3.017461e-18 3.045829e-11 9.326180e-06 2.437978e-04 3.396553e-05 6.135022e-06 4.492347e-05 1.968379e-04 2.830449e-04 2.511053e-04 2.309918e-04 2.842054e-04 2.924710e-04 5.316879e-04 5.392921e-04 4.510027e-04 2.875209e-04 3.263528e-04 4.042258e-04 5.044462e-04 6.912173e-04 7.808656e-04 1.362282e-03 1.336971e-03 2.356420e-03 2.239110e-03 3.123193e-03 3.678081e-03 4.087123e-03 6.825007e-03 5.042761e-03 8.157841e-03 7.901543e-03 8.397339e-03 9.498742e-03 6.476687e-03 9.667249e-03 9.204911e-03 1.020078e-02 1.161764e-02 1.013469e-02 1.727553e-02 1.712564e-02 1.606279e-02 2.141722e-02 1.813048e-02 2.155764e-02 3.008770e-02 2.797769e-02 3.252265e-02 3.940576e-02 3.990115e-02 5.144360e-02 6.440406e-02 6.553911e-02 8.047422e-02 9.952351e-02 1.000859e-01 1.179562e-01 1.600166e-01 1.802764e-01 2.007947e-01 2.578957e-01 2.760135e-01 2.508818e-01 2.609567e-01 2.810921e-01 2.823884e-01 2.824762e-01 2.649771e-01 2.544722e-01 2.798814e-01 3.028135e-01 2.976816e-01 3.249305e-01 3.894316e-01 4.029219e-01 3.844422e-01 4.182799e-01 4.731539e-01 4.633326e-01 4.228094e-01 4.161837e-01 4.303468e-01 4.417090e-01 4.581226e-01 4.783453e-01 4.817442e-01 4.763409e-01 4.837351e-01 4.975013e-01 4.952944e-01 4.765541e-01 4.708714e-01 4.892795e-01 5.155969e-01 5.353885e-01 5.356146e-01 5.241696e-01 4.895609e-01 4.384164e-01 4.008598e-01 3.868752e-01 4.109051e-01 4.630813e-01 5.212915e-01 5.538881e-01 5.368656e-01 4.951364e-01 4.523299e-01 4.208918e-01 4.052038e-01 4.015352e-01 4.094043e-01 4.217118e-01 4.332576e-01 4.414369e-01 4.391385e-01 4.335369e-01 4.271792e-01 4.129641e-01 3.883671e-01 3.508461e-01 3.083600e-01 2.716327e-01 2.401004e-01 2.197272e-01 2.177136e-01 2.325000e-01 2.555730e-01 2.721730e-01 2.678815e-01 2.370841e-01 1.920487e-01 1.474313e-01 1.147459e-01 9.984809e-02 9.536579e-02 9.324428e-02 9.098326e-02 8.121946e-02 6.324837e-02 4.716858e-02 3.443518e-02 2.360140e-02 1.628532e-02 1.096649e-02 7.841371e-03 7.283641e-03 7.505763e-03 7.917857e-03 8.720164e-03 7.654014e-03 5.941086e-03 3.703766e-03 1.441392e-03 3.492605e-04 2.944027e-05 9.532833e-07 1.521095e-08 9.004419e-11 3.817148e-13 3.314281e-16 2.946665e-20 4.816758e-26 5.761492e-34 3.923636e-44 2.802597e-45 2.802597e-45 2.802597e-45 1.401298e-45 1.401298e-45 1.401298e-45 1.401298e-45 1.401298e-45 1.401298e-45 1.401298e-45 1.401298e-45 0.000000e+00 0.000000e+00 0.000000e+00
4.203895e-45 5.402304e-26 1.255862e-03 5.149305e-15 8.149102e-22 2.390563e-19 7.830430e-14 6.627119e-09 8.057242e-06 6.663511e-04 2.526421e-03 1.564221e-03 7.654817e-04 4.934606e-04 2.927299e-04 2.047241e-04 2.123327e-04 2.556808e-04 2.169996e-04 2.519988e-04 2.822676e-04 3.955659e-04 4.643769e-04 7.565581e-04 9.671950e-04 1.348707e-03 1.443626e-03 1.842808e-03 2.386658e-03 3.011629e-03 4.397477e-03 4.532729e-03 5.224351e-03 5.205791e-03 8.260523e-03 9.158467e-03 7.894831e-03 7.310967e-03 5.753421e-03 8.059741e-03 1.044566e-02 1.280910e-02 1.642453e-02 1.317149e-02 1.395203e-02 1.331956e-02 1.228487e-02 1.967458e-02 2.276767e-02 2.573198e-02 3.142025e-02 2.568443e-02 3.074054e-02 3.929531e-02 3.673686e-02 4.867970e-02 5.863329e-02 4.932151e-02 6.101983e-02 8.542904e-02 8.713415e-02 1.049023e-01 1.347106e-01 1.374567e-01 1.653559e-01 2.225635e-01 2.266711e-01 2.404008e-01 3.098642e-01 3.274084e-01 3.065667e-01 3.065966e-01 2.827826e-01 2.673905e-01 2.983869e-01 3.113902e-01 2.936850e-01 3.163285e-01 3.627969e-01 3.716329e-01 3.727388e-01 4.155303e-01 4.576934e-01 4.516776e-01 4.338596e-01 4.261980e-01 4.160680e-01 4.119189e-01 4.239322e-01 4.317235e-01 4.255014e-01 4.270790e-01 4.465751e-01 4.683075e-01 4.779692e-01 4.826377e-01 4.920636e-01 5.107686e-01 5.375242e-01 5.599527e-01 5.642636e-01 5.304396e-01 4.838190e-01 4.462170e-01 4.372258e-01 4.728874e-01 5.363391e-01 6.144549e-01 6.583183e-01 6.435234e-01 5.914493e-01 5.361515e-01 5.107523e-01 5.115362e-01 5.256066e-01 5.382087e-01 5.398611e-01 5.323489e-01 5.137060e-01 4.879292e-01 4.609855e-01 4.323461e-01 4.067855e-01 3.839748e-01 3.606378e-01 3.334041e-01 3.123220e-01 3.023114e-01 3.076865e-01 3.263677e-01 3.462830e-01 3.602982e-01 3.582287e-01 3.303171e-01 2.800478e-01 2.397887e-01 2.225164e-01 2.250976e-01 2.491217e-01 2.824340e-01 3.135460e-01 3.228903e-01 2.957542e-01 2.532504e-01 2.101211e-01 1.723939e-01 1.420595e-01 1.248572e-01 1.083766e-01 9.828120e-02 9.155747e-02 8.568281e-02 8.488393e-02 7.304972e-02 6.108229e-02 4.834450e-02 3.937666e-02 3.147220e-02 2.312570e-02 1.367371e-02 6.190245e-03 1.686083e-03 2.522274e-04 1.860560e-05 5.437929e-07 4.298729e-09 5.953127e-12 3.683940e-16 5.611007e-22 3.997013e-30 4.089549e-40 4.203895e-45 2.802597e-45 2.802597e-45 1.401298e-45 1.401298e-45 1.401298e-45 1.401298e-45 1.401298e-45 1.401298e-45 1.401298e-45 1.401298e-45 1.401298e-45 0.000000e+00 0.000000e+00
1.513402e-42 2.097147e-20 3.542570e-23 1.255477e-05 5.495043e-04 8.709056e-15 6.522695e-18 6.571200e-15 2.879421e-10 6.077211e-07 4.456454e-05 5.253735e-04 1.172975e-03 1.841988e-03 1.714193e-03 2.216826e-03 1.285710e-03 1.279513e-03 9.242780e-04 1.491055e-03 1.321963e-03 2.142608e-03 2.209326e-03 3.316515e-03 3.401515e-03 3.317350e-03 3.456281e-03 2.952886e-03 3.943194e-03 3.930224e-03 5.399138e-03 5.171805e-03 5.165376e-03 5.074423e-03 4.612856e-03 5.287996e-03 5.710787e-03 5.966897e-03 7.629393e-03 9.044658e-03 1.101199e-02 1.184604e-02 1.186382e-02 1.609129e-02 1.529968e-02 1.474130e-02 2.082766e-02 2.292261e-02 2.665462e-02 2.969178e-02 2.659013e-02 3.012820e-02 3.410392e-02 3.675223e-02 4.896015e-02 5.033233e-02 4.488400e-02 5.303537e-02 6.037366e-02 6.149886e-02 7.815846e-02 1.045342e-01 1.195506e-01 1.449510e-01 1.756931e-01 1.838294e-01 2.098549e-01 2.565377e-01 2.789649e-01 2.958374e-01 3.252694e-01 3.442330e-01 3.468180e-01 3.421622e-01 3.325748e-01 3.333385e-01 3.616984e-01 3.785180e-01 3.704752e-01 3.877665e-01 4.277225e-01 4.430645e-01 4.320813e-01 4.256868e-01 4.264470e-01 4.212828e-01 4.195758e-01 4.342608e-01 4.522451e-01 4.551068e-01 4.513068e-01 4.559824e-01 4.707326e-01 4.826213e-01 4.902035e-01 5.081865e-01 5.329521e-01 5.507683e-01 5.483748e-01 5.378072e-01 5.331442e-01 5.165533e-01 4.953711e-01 4.744819e-01 4.668303e-01 4.815121e-01 4.934063e-01 5.012513e-01 5.059144e-01 5.186650e-01 5.326412e-01 5.225583e-01 4.913689e-01 4.552398e-01 4.323491e-01 4.235646e-01 4.186589e-01 4.174521e-01 4.174662e-01 4.182416e-01 4.177169e-01 4.057173e-01 3.829431e-01 3.551530e-01 3.388817e-01 3.335038e-01 3.369882e-01 3.439724e-01 3.387538e-01 3.168050e-01 2.720039e-01 2.209276e-01 1.805476e-01 1.568235e-01 1.505896e-01 1.585290e-01 1.788814e-01 1.990457e-01 2.003807e-01 1.762681e-01 1.389823e-01 1.085505e-01 9.210100e-02 8.444276e-02 8.381435e-02 8.967644e-02 9.577928e-02 1.037466e-01 1.214962e-01 1.269627e-01 1.252057e-01 1.226796e-01 1.023297e-01 9.291649e-02 8.849353e-02 7.949048e-02 7.477289e-02 6.005973e-02 3.973258e-02 2.490491e-02 1.237959e-02 5.048956e-03 1.061854e-03 6.722876e-05 1.219698e-06 3.452322e-09 1.899567e-12 1.245908e-16 4.989075e-22 4.902977e-29 1.075855e-37 4.203895e-45 2.802597e-45 2.802597e-45 1.401298e-45 1.401298e-45 1.401298e-45 1.401298e-45 1.401298e-45 1.401298e-45 1.401298e-45 1.401298e-45 0.000000e+00 0.000000e+00 0.000000e+00
1.668946e-42 9.284155e-17 1.641769e-12 1.481717e-17 2.849811e-11 2.517852e-04 3.912457e-05 7.772122e-09 4.744946e-11 6.907157e-11 3.131440e-09 2.335256e-07 2.765126e-05 2.678633e-04 9.971976e-04 6.369489e-04 1.783136e-03 1.238348e-03 3.294263e-03 1.433371e-03 3.037104e-03 1.837995e-03 3.859259e-03 3.203429e-03 3.788115e-03 4.905140e-03 3.684022e-03 7.148194e-03 4.247605e-03 8.174666e-03 5.494813e-03 6.532895e-03 6.006586e-03 4.041566e-03 4.716831e-03 3.714408e-03 6.490729e-03 9.379271e-03 1.096371e-02 1.253919e-02 9.690131e-03 1.130581e-02 1.194154e-02 1.152105e-02 1.635471e-02 2.068247e-02 2.374722e-02 2.350726e-02 2.357335e-02 2.748712e-02 3.152905e-02 3.775061e-02 3.913970e-02 4.154260e-02 4.694756e-02 4.381460e-02 5.038578e-02 6.473327e-02 6.310766e-02 6.860581e-02 8.535979e-02 8.854474e-02 1.012692e-01 1.402723e-01 1.591890e-01 1.625016e-01 1.970280e-01 2.294655e-01 2.432115e-01 2.890487e-01 3.338327e-01 3.258759e-01 3.286435e-01 3.694443e-01 4.014736e-01 3.907949e-01 3.658282e-01 3.625980e-01 3.750762e-01 3.751894e-01 3.708289e-01 3.825966e-01 3.955724e-01 3.903675e-01 3.784840e-01 3.770628e-01 3.888561e-01 4.070924e-01 4.319789e-01 4.684883e-01 5.117384e-01 5.405799e-01 5.440642e-01 5.391283e-01 5.453035e-01 5.578593e-01 5.570132e-01 5.426925e-01 5.298271e-01 5.199817e-01 5.156733e-01 5.038171e-01 4.974263e-01 4.901383e-01 4.833664e-01 4.940164e-01 5.199533e-01 5.639233e-01 5.919569e-01 5.902519e-01 5.661855e-01 5.295027e-01 4.971235e-01 4.763080e-01 4.774096e-01 5.052894e-01 5.438733e-01 5.682570e-01 5.561619e-01 5.151796e-01 4.712952e-01 4.421667e-01 4.374596e-01 4.452128e-01 4.605115e-01 4.685408e-01 4.555689e-01 4.233442e-01 3.719120e-01 3.269481e-01 3.011995e-01 2.948193e-01 3.047442e-01 3.234089e-01 3.472208e-01 3.417960e-01 3.020582e-01 2.466938e-01 1.887015e-01 1.481370e-01 1.231283e-01 1.092166e-01 1.063714e-01 1.067631e-01 1.022908e-01 9.283207e-02 8.137645e-02 6.491013e-02 4.747207e-02 3.278734e-02 2.312110e-02 1.631422e-02 1.409256e-02 1.333810e-02 1.231387e-02 1.254337e-02 9.934826e-03 8.409460e-03 7.092584e-03 5.454712e-03 3.730226e-03 1.639821e-03 3.041010e-04 1.647200e-05 2.895333e-07 1.730757e-09 4.424507e-12 5.006741e-15 5.987269e-19 7.245970e-24 3.582331e-31 3.005435e-40 2.802597e-45 2.802597e-45 2.802597e-45 1.401298e-45 1.401298e-45 1.401298e-45 1.401298e-45 1.401298e-45 1.401298e-45 1.401298e-45 0.000000e+00 0.000000e+00 0.000000e+00
8.349204e-38 1.358265e-17 1.228854e-10 7.180594e-14 2.720474e-13 3.662777e-08 7.609804e-05 1.555849e-05 1.828599e-07 1.318120e-08 4.989012e-08 1.683920e-06 1.757806e-05 1.429503e-04 2.358185e-04 5.722314e-04 2.935340e-04 6.902664e-04 4.859391e-04 1.543654e-03 1.209606e-03 2.309389e-03 1.426334e-03 1.804209e-03 2.404284e-03 2.299451e-03 4.774031e-03 2.896377e-03 7.199503e-03 4.463963e-03 7.465686e-03 6.037842e-03 5.306851e-03 7.242995e-03 4.504622e-03 7.287323e-03 6.551147e-03 8.512882e-03 1.056279e-02 8.534481e-03 1.137346e-02 1.094619e-02 1.318804e-02 1.735556e-02 1.806724e-02 2.371613e-02 2.361363e-02 2.353258e-02 2.715243e-02 3.071486e-02 3.727099e-02 4.065837e-02 4.414980e-02 4.038002e-02 3.266174e-02 3.992463e-02 4.903401e-02 5.062390e-02 6.546261e-02 7.767545e-02 7.363772e-02 8.524474e-02 1.127758e-01 1.202918e-01 1.258136e-01 1.581095e-01 1.846638e-01 1.934861e-01 2.228423e-01 2.592307e-01 2.744049e-01 3.049052e-01 3.496232e-01 3.567556e-01 3.506847e-01 3.764221e-01 4.083707e-01 4.148872e-01 4.097458e-01 4.051251e-01 3.932995e-01 3.878861e-01 4.049261e-01 4.267461e-01 4.337071e-01 4.413326e-01 4.567679e-01 4.703389e-01 4.856505e-01 5.117046e-01 5.378032e-01 5.437576e-01 5.371262e-01 5.368749e-01 5.414484e-01 5.427582e-01 5.394757e-01 5.370562e-01 5.283666e-01 5.102733e-01 5.018272e-01 5.024206e-01 5.221231e-01 5.551636e-01 5.943628e-01 6.340050e-01 6.347967e-01 6.032017e-01 5.422769e-01 4.826340e-01 4.517849e-01 4.543419e-01 4.920936e-01 5.396696e-01 5.656434e-01 5.553393e-01 5.201052e-01 4.836901e-01 4.542792e-01 4.370229e-01 4.317042e-01 4.343046e-01 4.411165e-01 4.386726e-01 4.242334e-01 4.101685e-01 4.002486e-01 3.960581e-01 3.945859e-01 4.004492e-01 4.195056e-01 4.287694e-01 4.115383e-01 3.658593e-01 3.109044e-01 2.649436e-01 2.289929e-01 2.140325e-01 2.207580e-01 2.403101e-01 2.625050e-01 2.763410e-01 2.704453e-01 2.579170e-01 2.365643e-01 2.052604e-01 1.773215e-01 1.477199e-01 1.117920e-01 8.962426e-02 7.301241e-02 6.555359e-02 6.034011e-02 5.118376e-02 4.213280e-02 3.192287e-02 2.694607e-02 2.609576e-02 2.748812e-02 2.444066e-02 1.713979e-02 6.937302e-03 1.634967e-03 2.165251e-04 1.032548e-05 4.028398e-07 5.184511e-09 2.300214e-11 1.972100e-14 2.836823e-19 1.477214e-25 6.088716e-35 4.203895e-45 4.203895e-45 2.802597e-45 2.802597e-45 1.401298e-45 1.401298e-45 1.401298e-45 1.401298e-45 1.401298e-45 1.401298e-45 1.401298e-45 0.000000e+00 0.000000e+00
1.165076e-30 2.138737e-15 7.863419e-16 2.266000e-05 1.488078e-08 1.505928e-14 1.102308e-11 1.204836e-06 4.614682e-04 6.776616e-04 2.350243e-04 1.039175e-04 1.379301e-04 1.545595e-04 1.614212e-04 1.747255e-04 3.177091e-04 4.412489e-04 6.196522e-04 7.551023e-04 7.116750e-04 8.603611e-04 1.102415e-03 1.798250e-03 1.701404e-03 2.411912e-03 2.023863e-03 3.169623e-03 2.649447e-03 3.791323e-03 3.480520e-03 3.938578e-03 5.449578e-03 5.486954e-03 8.662293e-03 6.389949e-03 6.906129e-03 6.713992e-03 6.627174e-03 1.000294e-02 8.898920e-03 1.026271e-02 1.157149e-02 1.358574e-02 1.713300e-02 1.432013e-02 1.680268e-02 2.356136e-02 2.530459e-02 2.787051e-02 2.986213e-02 2.741669e-02 2.904743e-02 3.148173e-02 3.363100e-02 3.833132e-02 4.184938e-02 4.684748e-02 5.385194e-02 5.846721e-02 7.390621e-02 9.617373e-02 9.783848e-02 1.010394e-01 1.303189e-01 1.558137e-01 1.630628e-01 1.895011e-01 2.088616e-01 1.983778e-01 2.142317e-01 2.488069e-01 2.629548e-01 3.075282e-01 3.936349e-01 4.129054e-01 3.868985e-01 4.080554e-01 4.361592e-01 4.378955e-01 4.642354e-01 5.137735e-01 5.246754e-01 5.044504e-01 5.014765e-01 5.135529e-01 5.210249e-01 5.320581e-01 5.518304e-01 5.520986e-01 5.244437e-01 5.020527e-01 5.040929e-01 5.131322e-01 5.075872e-01 5.020587e-01 5.149687e-01 5.485669e-01 5.781351e-01 5.852696e-01 5.890971e-01 5.924692e-01 5.960309e-01 5.803227e-01 5.473909e-01 5.255691e-01 5.124508e-01 5.162309e-01 5.219747e-01 5.293036e-01 5.390952e-01 5.457844e-01 5.469941e-01 5.320682e-01 5.025183e-01 4.654611e-01 4.360739e-01 4.316753e-01 4.510816e-01 4.827449e-01 5.066500e-01 5.038131e-01 4.766224e-01 4.381959e-01 4.000391e-01 3.722396e-01 3.558103e-01 3.427947e-01 3.263429e-01 3.007347e-01 2.690327e-01 2.349665e-01 2.030528e-01 1.807058e-01 1.692016e-01 1.759767e-01 1.911949e-01 2.041111e-01 2.133219e-01 2.047893e-01 1.808760e-01 1.543384e-01 1.350316e-01 1.225462e-01 1.184695e-01 1.223100e-01 1.257420e-01 1.312482e-01 1.410456e-01 1.431652e-01 1.434136e-01 1.467585e-01 1.270464e-01 1.212980e-01 1.113777e-01 9.673975e-02 1.032937e-01 8.464856e-02 6.758676e-02 4.303094e-02 1.749532e-02 7.543861e-03 2.184746e-03 4.317148e-04 5.786241e-05 1.689871e-06 3.007458e-08 7.106778e-11 3.536092e-14 1.679220e-18 1.284197e-24 1.660168e-32 2.536350e-43 2.802597e-45 2.802597e-45 1.401298e-45 1.401298e-45 1.401298e-45 1.401298e-45 1.401298e-45 1.401298e-45 0.000000e+00 0.000000e+00 0.000000e+00 0.000000e+00
4.556887e-36 2.502892e-12 7.050210e-08 3.261319e-20 1.503390e-13 5.657010e-06 5.787351e-05 1.767127e-05 1.710669e-05 6.821094e-05 8.286558e-05 5.705950e-05 4.577561e-05 3.054881e-05 3.402031e-05 2.760343e-05 9.315449e-05 1.477060e-04 6.050896e-04 4.456447e-04 1.082324e-03 6.578242e-04 1.155644e-03 9.302847e-04 1.453264e-03 1.670836e-03 1.626572e-03 2.206907e-03 1.634714e-03 2.559034e-03 2.558536e-03 4.339067e-03 4.437093e-03 5.596620e-03 7.360104e-03 7.958317e-03 8.691924e-03 6.746189e-03 7.161187e-03 7.515328e-03 9.336154e-03 1.174018e-02 1.267261e-02 1.476596e-02 1.390032e-02 1.566366e-02 2.056095e-02 2.385850e-02 3.037281e-02 3.069838e-02 2.701198e-02 2.767728e-02 2.557226e-02 3.101729e-02 4.677575e-02 4.838668e-02 5.036659e-02 5.669123e-02 5.919078e-02 7.623549e-02 9.049936e-02 8.908789e-02 1.016048e-01 1.167057e-01 1.224761e-01 1.406922e-01 1.682606e-01 1.817365e-01 1.909707e-01 2.027315e-01 2.065565e-01 2.166580e-01 2.465290e-01 2.749991e-01 2.934773e-01 3.311639e-01 3.913317e-01 4.379176e-01 4.504310e-01 4.554878e-01 4.837529e-01 5.228689e-01 5.378575e-01 5.386854e-01 5.624596e-01 6.058581e-01 6.338365e-01 6.299613e-01 5.963026e-01 5.446879e-01 5.057766e-01 4.942891e-01 4.923114e-01 4.805865e-01 4.672814e-01 4.770541e-01 5.088586e-01 5.490847e-01 5.918925e-01 6.401538e-01 6.790952e-01 6.628702e-01 6.131080e-01 5.678009e-01 5.425830e-01 5.362854e-01 5.257075e-01 5.339868e-01 5.598608e-01 5.882260e-01 5.937743e-01 5.702803e-01 5.469391e-01 5.454937e-01 5.717753e-01 6.117732e-01 6.346815e-01 6.286647e-01 5.915788e-01 5.409210e-01 4.986295e-01 4.756605e-01 4.724696e-01 4.841634e-01 5.017939e-01 5.073728e-01 4.960223e-01 4.725429e-01 4.468329e-01 4.220192e-01 3.966605e-01 3.817624e-01 3.729864e-01 3.694884e-01 3.542548e-01 3.268647e-01 3.017415e-01 2.621718e-01 2.159553e-01 1.847659e-01 1.606786e-01 1.420588e-01 1.284200e-01 1.124494e-01 9.538869e-02 7.869185e-02 6.280311e-02 4.652944e-02 3.329130e-02 2.418639e-02 1.800640e-02 1.386163e-02 1.366325e-02 1.300778e-02 1.484097e-02 1.719277e-02 1.558033e-02 1.684450e-02 1.263456e-02 1.003311e-02 8.606335e-03 4.549678e-03 2.623960e-03 6.574873e-04 7.552745e-05 4.029062e-06 5.227854e-08 7.160531e-10 1.878444e-12 3.195489e-15 1.943383e-19 1.665245e-25 1.839695e-34 4.203895e-45 2.802597e-45 2.802597e-45 1.401298e-45 1.401298e-45 1.401298e-45 1.401298e-45 1.401298e-45 1.401298e-45 0.000000e+00 0.000000e+00 0.000000e+00
2.161257e-24 2.296190e-17 1.837660e-16 1.607648e-04 8.006267e-05 9.796975e-08 2.790235e-08 3.303269e-09 3.975624e-10 2.487394e-10 3.230738e-08 2.026998e-06 1.545206e-05 3.074585e-05 3.043112e-05 3.847604e-05 2.809574e-05 9.097419e-05 1.052421e-04 3.828761e-04 2.725269e-04 6.185253e-04 4.554090e-04 6.525030e-04 8.542020e-04 8.931189e-04 1.521024e-03 8.730378e-04 1.951078e-03 1.583630e-03 3.179369e-03 3.126841e-03 3.623414e-03 5.709391e-03 5.207366e-03 9.677029e-03 8.618849e-03 1.068497e-02 1.055011e-02 9.432446e-03 1.345110e-02 1.505023e-02 1.832476e-02 1.548249e-02 1.569423e-02 2.444701e-02 2.478407e-02 2.300434e-02 2.208538e-02 2.043488e-02 2.127255e-02 2.488213e-02 3.217925e-02 3.921368e-02 4.147437e-02 4.916429e-02 6.092685e-02 6.294802e-02 7.136025e-02 8.656377e-02 8.781978e-02 9.231571e-02 1.022595e-01 1.051275e-01 1.208574e-01 1.509436e-01 1.692804e-01 1.810458e-01 1.951622e-01 2.052425e-01 2.019764e-01 1.977774e-01 2.177745e-01 2.497580e-01 2.709996e-01 3.117970e-01 3.921159e-01 4.461230e-01 4.637784e-01 5.118024e-01 5.531295e-01 5.269154e-01 5.019759e-01 5.358241e-01 5.836596e-01 5.981047e-01 5.999954e-01 5.977138e-01 5.840423e-01 5.752589e-01 5.803123e-01 5.721160e-01 5.426930e-01 5.313805e-01 5.538923e-01 5.815818e-01 5.874510e-01 5.975407e-01 6.336855e-01 6.651459e-01 6.675019e-01 6.451296e-01 6.366169e-01 6.341908e-01 6.256615e-01 6.155015e-01 5.842996e-01 5.497804e-01 5.156060e-01 4.941944e-01 4.808585e-01 4.578297e-01 4.304406e-01 4.100250e-01 4.067968e-01 4.147446e-01 4.166140e-01 4.061137e-01 3.916587e-01 3.850173e-01 3.863064e-01 3.932956e-01 4.012969e-01 4.085366e-01 4.177709e-01 4.191965e-01 4.065994e-01 3.897289e-01 3.780657e-01 3.739381e-01 3.656481e-01 3.506987e-01 3.288986e-01 2.988854e-01 2.686171e-01 2.370879e-01 2.204313e-01 2.166729e-01 2.121493e-01 2.089923e-01 2.078762e-01 2.052944e-01 1.930683e-01 1.788928e-01 1.658953e-01 1.520385e-01 1.345448e-01 1.183348e-01 9.663251e-02 7.854023e-02 6.805164e-02 5.948028e-02 5.809436e-02 6.074164e-02 5.510825e-02 5.122476e-02 4.571669e-02 3.967878e-02 4.350088e-02 4.282890e-02 4.146745e-02 3.239615e-02 1.371667e-02 5.728310e-03 1.092094e-03 1.607101e-04 1.484083e-05 8.441597e-07 5.498051e-08 6.004736e-10 1.044225e-12 5.617697e-18 2.753718e-26 7.711809e-39 4.203895e-45 2.802597e-45 2.802597e-45 1.401298e-45 1.401298e-45 1.401298e-45 1.401298e-45 1.401298e-45 0.000000e+00 0.000000e+00 0.000000e+00
2.876831e-32 7.223416e-10 2.174971e-07 2.516800e-13 7.082509e-14 6.374265e-13 3.220420e-11 8.714503e-08 3.962504e-07 7.626012e-07 4.270667e-07 7.466690e-06 6.611475e-05 3.638404e-04 3.259605e-04 2.528101e-04 1.179853e-04 9.812731e-05 1.646612e-04 2.385417e-04 2.983596e-04 2.879635e-04 3.213006e-04 4.511822e-04 3.745228e-04 5.677784e-04 4.851430e-04 1.023930e-03 9.623520e-04 1.589964e-03 1.698061e-03 2.006444e-03 3.106196e-03 2.940016e-03 4.554734e-03 3.827716e-03 6.309140e-03 9.198461e-03 9.292638e-03 1.218160e-02 1.204317e-02 1.322469e-02 1.208219e-02 1.177487e-02 1.556862e-02 1.432919e-02 1.603218e-02 1.914265e-02 1.763460e-02 2.086977e-02 2.499981e-02 2.894633e-02 3.986736e-02 4.544867e-02 4.693650e-02 5.366111e-02 5.600449e-02 7.416546e-02 9.471292e-02 8.204874e-02 9.255437e-02 1.123757e-01 1.054456e-01 1.325030e-01 1.744590e-01 1.617409e-01 1.656417e-01 1.870683e-01 1.800037e-01 1.784266e-01 1.961443e-01 2.098977e-01 2.174961e-01 2.358673e-01 2.737206e-01 3.129742e-01 3.368180e-01 3.842607e-01 4.652406e-01 4.981211e-01 4.655292e-01 4.585686e-01 5.000355e-01 5.460759e-01 5.811383e-01 6.108047e-01 6.202950e-01 6.161118e-01 6.298170e-01 6.510600e-01 6.345938e-01 5.980519e-01 5.862775e-01 6.010242e-01 6.101261e-01 6.043823e-01 6.015735e-01 6.112879e-01 6.239001e-01 6.339695e-01 6.562287e-01 6.783490e-01 6.932778e-01 6.759380e-01 6.279396e-01 5.905738e-01 5.745593e-01 5.916512e-01 6.199495e-01 6.444688e-01 6.670427e-01 6.811761e-01 6.804174e-01 6.557216e-01 6.186166e-01 5.886973e-01 5.722342e-01 5.633967e-01 5.569637e-01 5.544150e-01 5.455447e-01 5.250657e-01 4.942235e-01 4.568651e-01 4.227210e-01 3.947268e-01 3.700774e-01 3.521320e-01 3.434567e-01 3.361425e-01 3.179052e-01 2.894780e-01 2.633295e-01 2.437378e-01 2.399678e-01 2.484328e-01 2.592271e-01 2.752458e-01 2.781681e-01 2.536562e-01 2.240795e-01 1.980157e-01 1.812354e-01 1.671741e-01 1.629859e-01 1.694960e-01 1.729132e-01 1.749669e-01 1.818358e-01 1.737145e-01 1.671270e-01 1.717119e-01 1.507914e-01 1.467605e-01 1.274586e-01 1.058329e-01 9.803171e-02 8.198375e-02 7.266504e-02 5.868625e-02 3.539539e-02 2.057284e-02 9.204223e-03 4.499552e-03 2.385393e-03 7.324764e-04 2.206164e-04 2.095135e-05 2.215819e-06 4.237241e-08 6.890492e-11 1.379896e-15 6.572772e-24 9.375635e-36 4.203895e-45 2.802597e-45 2.802597e-45 1.401298e-45 1.401298e-45 1.401298e-45 1.401298e-45 0.000000e+00 0.000000e+00 0.000000e+00 0.000000e+00
3.006631e-27 5.047694e-15 3.290805e-10 1.688672e-08 3.677436e-07 7.753359e-05 3.232696e-05 8.201106e-06 2.245753e-04 1.775926e-04 1.551653e-04 5.384941e-05 1.857832e-04 2.014301e-04 4.868189e-04 2.454580e-04 4.503884e-04 3.069541e-04 5.068156e-04 3.175907e-04 4.246208e-04 1.918620e-04 2.546352e-04 2.276593e-04 5.047928e-04 5.049497e-04 6.661716e-04 6.417192e-04 6.587678e-04 7.842318e-04 7.188775e-04 1.165308e-03 1.172004e-03 1.344356e-03 1.295664e-03 1.675811e-03 2.592037e-03 2.937977e-03 5.360389e-03 7.014030e-03 7.406647e-03 7.532670e-03 7.818644e-03 1.183435e-02 1.282322e-02 1.176720e-02 1.202745e-02 1.214784e-02 1.512694e-02 1.966149e-02 3.068313e-02 4.361846e-02 4.396887e-02 5.245984e-02 6.005627e-02 6.467103e-02 9.083772e-02 1.011484e-01 9.966333e-02 1.258771e-01 1.331130e-01 1.386980e-01 1.920622e-01 2.088102e-01 1.808963e-01 1.883521e-01 1.881651e-01 1.669936e-01 1.670676e-01 1.822210e-01 1.961319e-01 2.096672e-01 2.257314e-01 2.506816e-01 2.802048e-01 3.084013e-01 3.519111e-01 4.038768e-01 4.312313e-01 4.532865e-01 4.920889e-01 5.205226e-01 5.331774e-01 5.642416e-01 6.107678e-01 6.502460e-01 6.901070e-01 7.327088e-01 7.377215e-01 6.900641e-01 6.411779e-01 6.357462e-01 6.576406e-01 6.717305e-01 6.769848e-01 6.967389e-01 7.234334e-01 7.285258e-01 6.982213e-01 6.690264e-01 6.771278e-01 6.977533e-01 7.112200e-01 7.054949e-01 7.019516e-01 7.186443e-01 7.265229e-01 7.154858e-01 6.669270e-01 5.945482e-01 5.251721e-01 4.730959e-01 4.496142e-01 4.482967e-01 4.620493e-01 4.828403e-01 5.085880e-01 5.350274e-01 5.528231e-01 5.541417e-01 5.361877e-01 5.022632e-01 4.698237e-01 4.452490e-01 4.266317e-01 4.194996e-01 4.231338e-01 4.258215e-01 4.191847e-01 4.082782e-01 3.976936e-01 3.825140e-01 3.700206e-01 3.624184e-01 3.502546e-01 3.258699e-01 2.844431e-01 2.364079e-01 1.962656e-01 1.681027e-01 1.478923e-01 1.330363e-01 1.197293e-01 1.061530e-01 9.058036e-02 7.483365e-02 6.595236e-02 5.633999e-02 4.897138e-02 4.567290e-02 4.040333e-02 3.916476e-02 4.226385e-02 4.215721e-02 5.003494e-02 5.199776e-02 5.079617e-02 5.053432e-02 3.984937e-02 3.645899e-02 3.070958e-02 2.381785e-02 2.699849e-02 1.916489e-02 1.793487e-02 1.111072e-02 2.445226e-03 8.302904e-04 5.557463e-05 7.441494e-06 5.759334e-08 7.031971e-12 1.943936e-18 2.528825e-30 4.203895e-45 2.802597e-45 2.802597e-45 1.401298e-45 1.401298e-45 1.401298e-45 1.401298e-45 1.401298e-45 0.000000e+00 0.000000e+00 0.000000e+00
1.379275e-27 1.517342e-09 7.839613e-11 1.443682e-10 9.209204e-11 6.596625e-09 2.764832e-07 6.976416e-07 1.656685e-07 2.859029e-06 2.168293e-05 7.264574e-05 2.839074e-05 3.601789e-05 2.941116e-05 6.244998e-05 8.322869e-05 1.441492e-04 1.525649e-04 1.926992e-04 1.428110e-04 1.792568e-04 1.978083e-04 3.164752e-04 3.736856e-04 5.163468e-04 5.346726e-04 4.128537e-04 4.157646e-04 3.455342e-04 5.174925e-04 4.325655e-04 4.792222e-04 5.338697e-04 6.733725e-04 1.059498e-03 1.102458e-03 1.811300e-03 2.582120e-03 2.943184e-03 4.113445e-03 4.312248e-03 6.310430e-03 8.027785e-03 7.902691e-03 1.030423e-02 9.888841e-03 1.063410e-02 1.702522e-02 2.300571e-02 2.867750e-02 3.678231e-02 3.993519e-02 4.398502e-02 5.856257e-02 6.974743e-02 7.490441e-02 8.786907e-02 1.050359e-01 1.371637e-01 1.745487e-01 1.959077e-01 2.079216e-01 1.975343e-01 1.930285e-01 2.024445e-01 1.822325e-01 1.641051e-01 1.741854e-01 1.802114e-01 1.903732e-01 2.282107e-01 2.537987e-01 2.536875e-01 2.837730e-01 3.384680e-01 3.565512e-01 3.531031e-01 3.780457e-01 4.351673e-01 5.088218e-01 5.863169e-01 6.471021e-01 6.829978e-01 7.110952e-01 7.398035e-01 7.634983e-01 7.768957e-01 7.821966e-01 7.813081e-01 7.790565e-01 7.760954e-01 7.621033e-01 7.424742e-01 7.425319e-01 7.710077e-01 7.909232e-01 7.848097e-01 7.691720e-01 7.551647e-01 7.453932e-01 7.320229e-01 7.395988e-01 7.600200e-01 7.744585e-01 7.765437e-01 7.538154e-01 7.310156e-01 7.035010e-01 6.775954e-01 6.619254e-01 6.582158e-01 6.711035e-01 6.834065e-01 6.771953e-01 6.445190e-01 6.034402e-01 5.698849e-01 5.458691e-01 5.271475e-01 5.157741e-01 5.142666e-01 5.158314e-01 5.080944e-01 4.796617e-01 4.443116e-01 4.199927e-01 4.014297e-01 3.818799e-01 3.636136e-01 3.463148e-01 3.301002e-01 3.112172e-01 2.892411e-01 2.715048e-01 2.567675e-01 2.403156e-01 2.172455e-01 2.029943e-01 1.938541e-01 1.784002e-01 1.643148e-01 1.459244e-01 1.310191e-01 1.166731e-01 1.015295e-01 8.850195e-02 8.002167e-02 6.927511e-02 6.216984e-02 5.846762e-02 5.482367e-02 5.999164e-02 6.865836e-02 7.433749e-02 8.536467e-02 8.397698e-02 7.852063e-02 9.144740e-02 9.331387e-02 1.214540e-01 1.519011e-01 1.319237e-01 1.481855e-01 8.375870e-02 4.927511e-02 2.757199e-02 7.488719e-03 6.344269e-03 2.552288e-03 4.336628e-04 1.295011e-06 5.578744e-13 2.188114e-23 6.927039e-41 4.203895e-45 2.802597e-45 1.401298e-45 1.401298e-45 1.401298e-45 1.401298e-45 0.000000e+00 0.000000e+00 0.000000e+00 0.000000e+00
1.787601e-33 3.033847e-31 3.031428e-23 6.158605e-20 1.021795e-16 3.218387e-15 1.055107e-12 5.347933e-11 1.266708e-09 3.552808e-09 5.908499e-08 6.005667e-07 1.789022e-06 2.472652e-06 2.474021e-06 7.002985e-06 7.980128e-06 2.715860e-05 2.592613e-05 5.781708e-05 2.783139e-05 6.824220e-05 7.564822e-05 1.681110e-04 1.770313e-04 2.313670e-04 2.534143e-04 2.377275e-04 2.474134e-04 2.192364e-04 2.048689e-04 2.005937e-04 2.232136e-04 2.968493e-04 3.845099e-04 4.858436e-04 7.057870e-04 8.608332e-04 1.013071e-03 1.373429e-03 1.945534e-03 3.414410e-03 3.991478e-03 3.849150e-03 4.918400e-03 5.165534e-03 7.601556e-03 1.204268e-02 1.218176e-02 1.553141e-02 1.728085e-02 1.507768e-02 2.279686e-02 2.993562e-02 3.218755e-02 4.913718e-02 6.253709e-02 7.332648e-02 1.118957e-01 1.282236e-01 1.392400e-01 1.791411e-01 1.792444e-01 1.833650e-01 2.107040e-01 1.903940e-01 1.833283e-01 2.184640e-01 2.222080e-01 2.133521e-01 2.394870e-01 2.687886e-01 3.018408e-01 3.512629e-01 3.535515e-01 3.201317e-01 3.310349e-01 3.754159e-01 4.061575e-01 4.372861e-01 4.943800e-01 5.671252e-01 6.346151e-01 6.757648e-01 6.964241e-01 7.295854e-01 7.580801e-01 7.401481e-01 7.107920e-01 7.200587e-01 7.534741e-01 7.739820e-01 7.877247e-01 8.161107e-01 8.402905e-01 8.264140e-01 7.839053e-01 7.608560e-01 7.614800e-01 7.499492e-01 7.164278e-01 6.764822e-01 6.739581e-01 7.005765e-01 7.288575e-01 7.400125e-01 7.171297e-01 6.983782e-01 6.912425e-01 6.874452e-01 6.712589e-01 6.391989e-01 6.107996e-01 5.942069e-01 5.823739e-01 5.675977e-01 5.591857e-01 5.678301e-01 5.878273e-01 5.993795e-01 5.920448e-01 5.738913e-01 5.493148e-01 5.248916e-01 5.011995e-01 4.703531e-01 4.404248e-01 4.189708e-01 4.039838e-01 3.914358e-01 3.825662e-01 3.770165e-01 3.637493e-01 3.449002e-01 3.361509e-01 3.411163e-01 3.492664e-01 3.484812e-01 3.277009e-01 2.981334e-01 2.647633e-01 2.294303e-01 2.128921e-01 1.995604e-01 1.902927e-01 1.902413e-01 1.798718e-01 1.737270e-01 1.742229e-01 1.589539e-01 1.522300e-01 1.426077e-01 1.212767e-01 1.079594e-01 9.295674e-02 7.850563e-02 7.257231e-02 7.332020e-02 6.965119e-02 7.781697e-02 6.912690e-02 5.368986e-02 3.739858e-02 1.926007e-02 9.237538e-03 4.315524e-03 1.794692e-03 9.999296e-04 8.518487e-04 7.528927e-04 4.972318e-04 1.691175e-06 3.436003e-12 1.347809e-23 2.923669e-41 2.802597e-45 2.802597e-45 1.401298e-45 1.401298e-45 1.401298e-45 0.000000e+00 0.000000e+00 0.000000e+00 0.000000e+00 0.000000e+00
8.773781e-22 5.106654e-21 2.450834e-26 5.003882e-24 4.004365e-21 1.190188e-17 1.582851e-16 1.097751e-14 1.478086e-12 8.618388e-11 7.409550e-10 4.886993e-09 4.921444e-08 8.089423e-08 2.551049e-07 2.038389e-07 3.104252e-06 4.098843e-06 3.378875e-05 1.563853e-05 6.412387e-05 1.613370e-05 4.176823e-05 3.566476e-05 9.298520e-05 1.250381e-04 1.178701e-04 1.954107e-04 1.302004e-04 2.288467e-04 1.589813e-04 2.125520e-04 2.316783e-04 2.167594e-04 3.283845e-04 3.300467e-04 5.302490e-04 6.280966e-04 6.234469e-04 1.124429e-03 1.397503e-03 1.835117e-03 2.349786e-03 2.668274e-03 3.762578e-03 5.133560e-03 6.994570e-03 8.909969e-03 9.987204e-03 1.043048e-02 1.143660e-02 1.625936e-02 1.957715e-02 2.571381e-02 3.942588e-02 4.386382e-02 6.022295e-02 9.015038e-02 9.296391e-02 1.150725e-01 1.492374e-01 1.445167e-01 1.617662e-01 1.864916e-01 1.740826e-01 2.002674e-01 2.677535e-01 2.670136e-01 2.794341e-01 3.650272e-01 3.805124e-01 3.303187e-01 3.306081e-01 3.498067e-01 3.662758e-01 4.109631e-01 4.407018e-01 4.193639e-01 4.012704e-01 4.117739e-01 4.424433e-01 4.834786e-01 5.240237e-01 5.763870e-01 6.625090e-01 7.499647e-01 8.000341e-01 8.487031e-01 9.238199e-01 9.663377e-01 9.418303e-01 9.069244e-01 8.947860e-01 8.740733e-01 8.308277e-01 8.020649e-01 8.052400e-01 8.192055e-01 7.988087e-01 7.404839e-01 6.890765e-01 6.575814e-01 6.596066e-01 6.850682e-01 7.294980e-01 7.916425e-01 8.210825e-01 8.076420e-01 7.584671e-01 7.101423e-01 6.856720e-01 6.739313e-01 6.639068e-01 6.551077e-01 6.555896e-01 6.636438e-01 6.715937e-01 6.651077e-01 6.344267e-01 5.813652e-01 5.204024e-01 4.685944e-01 4.332815e-01 4.130405e-01 4.102964e-01 4.155344e-01 4.156119e-01 4.125061e-01 4.020192e-01 3.835301e-01 3.637815e-01 3.393420e-01 3.132630e-01 2.886690e-01 2.597256e-01 2.303853e-01 2.034455e-01 1.820552e-01 1.597109e-01 1.454975e-01 1.390846e-01 1.322147e-01 1.255569e-01 1.155212e-01 1.045943e-01 9.108232e-02 8.170021e-02 7.286811e-02 6.384561e-02 5.853629e-02 5.203965e-02 4.536647e-02 4.085403e-02 3.765135e-02 3.464548e-02 3.174659e-02 2.813551e-02 2.197570e-02 1.655779e-02 1.197912e-02 7.957176e-03 6.521598e-03 5.517656e-03 4.049089e-03 4.501315e-03 2.569108e-03 2.023805e-03 1.511802e-03 8.024636e-04 1.772959e-03 4.457183e-04 1.113565e-05 1.897040e-11 8.201050e-23 1.521810e-40 2.802597e-45 1.401298e-45 1.401298e-45 1.401298e-45 0.000000e+00 0.000000e+00 0.000000e+00 0.000000e+00 0.000000e+00 0.000000e+00
5.289743e-33 2.081854e-21 1.441828e-22 1.177734e-25 2.075719e-24 6.819069e-22 1.194186e-18 1.749519e-17 2.313660e-16 1.550269e-13 1.228025e-11 1.458216e-10 1.808207e-10 1.602388e-09 5.517298e-09 1.259000e-07 1.697696e-07 2.717294e-06 2.113353e-06 1.170614e-05 4.415610e-06 1.364783e-05 9.136430e-06 2.542587e-05 3.676522e-05 4.551276e-05 9.325895e-05 6.336028e-05 1.628258e-04 8.315069e-05 1.623173e-04 1.831798e-04 2.126795e-04 3.575924e-04 2.570027e-04 4.950020e-04 4.092506e-04 5.686053e-04 1.171564e-03 9.977481e-04 1.454926e-03 1.232381e-03 1.489542e-03 3.052490e-03 3.354167e-03 5.885020e-03 7.469117e-03 6.887055e-03 9.949825e-03 1.109202e-02 1.472965e-02 2.364204e-02 2.966736e-02 3.786698e-02 4.897546e-02 6.452039e-02 7.123941e-02 7.268378e-02 9.216691e-02 9.826346e-02 9.279042e-02 1.150553e-01 1.331601e-01 1.400956e-01 1.922409e-01 2.350321e-01 2.339134e-01 3.010749e-01 3.784107e-01 3.512328e-01 3.665587e-01 4.429733e-01 4.420733e-01 4.173884e-01 4.414148e-01 4.341371e-01 3.942885e-01 3.993871e-01 4.272591e-01 4.197594e-01 4.003496e-01 4.200419e-01 4.897358e-01 5.707268e-01 6.070014e-01 6.197819e-01 6.755005e-01 7.716218e-01 8.434789e-01 8.661451e-01 8.758937e-01 8.803263e-01 8.716830e-01 8.680120e-01 8.956697e-01 9.397172e-01 9.352983e-01 8.683102e-01 7.911367e-01 7.438759e-01 7.301778e-01 7.119901e-01 6.994581e-01 6.999398e-01 7.210743e-01 7.731532e-01 8.248934e-01 8.752319e-01 9.152801e-01 9.521908e-01 9.795497e-01 9.729746e-01 9.250429e-01 8.472447e-01 7.702772e-01 7.110546e-01 6.624888e-01 6.148939e-01 5.676062e-01 5.343342e-01 5.190130e-01 5.119944e-01 5.032642e-01 4.927852e-01 4.884789e-01 4.893929e-01 4.775270e-01 4.545718e-01 4.282025e-01 3.998173e-01 3.689625e-01 3.368582e-01 3.082308e-01 2.843025e-01 2.585646e-01 2.304823e-01 2.076254e-01 1.911742e-01 1.802662e-01 1.678175e-01 1.613673e-01 1.576179e-01 1.463750e-01 1.405563e-01 1.312831e-01 1.177011e-01 1.070161e-01 9.186275e-02 7.931037e-02 7.448123e-02 6.643607e-02 6.624911e-02 6.854605e-02 7.035255e-02 8.033101e-02 8.230124e-02 7.048719e-02 5.982080e-02 4.323984e-02 2.891366e-02 3.184535e-02 3.129271e-02 4.540218e-02 7.925906e-02 8.100158e-02 1.388507e-01 8.546515e-02 6.689607e-02 7.907330e-02 7.456601e-02 1.693682e-01 4.246481e-03 5.048165e-08 1.111921e-18 2.216862e-37 2.802597e-45 1.401298e-45 1.401298e-45 1.401298e-45 0.000000e+00 0.000000e+00 0.000000e+00 0.000000e+00 0.000000e+00 0.000000e+00
4.075650e-36 2.678909e-37 7.545903e-26 8.253673e-26 5.336570e-27 4.808260e-26 1.305402e-23 1.071285e-20 2.401174e-18 9.266896e-18 3.048497e-15 8.115097e-14 6.802369e-12 3.113129e-11 4.937772e-10 1.403311e-09 1.976776e-08 4.215459e-08 4.068451e-07 7.007826e-07 2.558673e-06 4.175816e-06 1.510118e-05 2.896394e-05 3.687767e-05 7.965063e-05 7.669179e-05 1.434611e-04 9.461497e-05 1.685372e-04 1.611493e-04 1.739335e-04 2.679111e-04 2.095109e-04 4.415222e-04 3.979000e-04 6.506315e-04 1.009858e-03 9.731271e-04 1.636124e-03 1.270046e-03 1.722874e-03 2.586336e-03 2.699835e-03 5.411953e-03 5.958036e-03 6.706138e-03 1.051366e-02 1.095443e-02 1.689876e-02 2.500119e-02 2.593756e-02 3.768370e-02 5.076183e-02 5.228097e-02 5.996831e-02 7.037032e-02 7.418324e-02 6.976695e-02 7.061085e-02 8.237626e-02 9.154630e-02 1.144254e-01 1.619161e-01 1.937010e-01 2.306244e-01 2.920386e-01 3.149022e-01 3.297154e-01 3.945882e-01 4.441161e-01 4.287734e-01 4.175393e-01 4.223163e-01 4.019028e-01 3.821359e-01 4.020433e-01 4.321162e-01 4.469268e-01 4.753662e-01 5.029649e-01 4.920124e-01 4.747119e-01 4.990952e-01 5.642309e-01 6.479656e-01 7.330382e-01 7.905539e-01 8.001484e-01 7.959793e-01 8.216146e-01 8.715602e-01 9.139550e-01 9.502732e-01 9.824798e-01 9.884397e-01 9.412400e-01 8.702738e-01 8.097886e-01 7.783532e-01 7.863539e-01 8.139552e-01 8.484715e-01 8.466753e-01 8.017046e-01 7.592456e-01 7.328905e-01 7.317640e-01 7.183037e-01 6.737239e-01 6.116266e-01 5.555737e-01 5.221969e-01 5.077446e-01 5.040309e-01 5.038744e-01 5.016797e-01 4.932118e-01 4.825420e-01 4.835811e-01 4.942325e-01 5.043400e-01 5.076081e-01 5.075104e-01 5.081174e-01 5.073982e-01 5.021985e-01 4.846084e-01 4.704961e-01 4.686746e-01 4.638792e-01 4.571578e-01 4.516018e-01 4.417177e-01 4.252272e-01 4.026272e-01 3.770985e-01 3.529187e-01 3.293105e-01 2.935285e-01 2.598968e-01 2.365638e-01 2.216770e-01 2.138887e-01 2.075568e-01 2.045523e-01 1.888030e-01 1.753359e-01 1.661990e-01 1.480717e-01 1.453448e-01 1.299817e-01 1.129523e-01 1.042890e-01 8.511233e-02 7.451748e-02 7.165091e-02 5.921202e-02 5.801053e-02 5.747619e-02 5.054464e-02 6.278758e-02 4.757049e-02 3.571473e-02 2.172028e-02 7.114085e-03 2.775680e-03 6.242256e-04 3.543225e-04 5.658364e-04 1.074670e-03 1.243536e-04 3.587307e-09 5.829267e-20 3.347307e-38 1.401298e-45 1.401298e-45 1.401298e-45 1.401298e-45 0.000000e+00 0.000000e+00 0.000000e+00 0.000000e+00 0.000000e+00 0.000000e+00
7.006492e-45 7.651090e-43 6.747252e-42 4.063117e-30 4.430626e-29 1.223047e-28 3.894785e-28 6.686522e-25 1.835892e-22 5.097560e-19 1.012265e-18 9.011994e-16 5.410534e-15 2.989835e-13 1.820535e-12 1.464746e-10 1.906522e-09 3.528128e-08 1.527957e-07 3.267939e-07 8.861265e-07 2.103279e-06 6.874969e-06 1.264374e-05 4.682666e-05 5.375773e-05 6.292320e-05 6.700063e-05 7.534416e-05 1.330728e-04 1.505684e-04 2.163307e-04 1.924522e-04 3.432332e-04 3.982520e-04 5.979047e-04 1.040317e-03 1.143730e-03 1.725954e-03 1.656946e-03 2.606501e-03 3.994942e-03 4.827186e-03 7.683763e-03 7.756602e-03 9.001365e-03 1.236289e-02 1.403405e-02 2.126580e-02 2.511906e-02 2.722870e-02 4.105233e-02 4.687488e-02 5.432156e-02 6.992438e-02 6.382746e-02 6.604651e-02 7.205272e-02 6.787240e-02 8.034891e-02 9.833430e-02 1.063576e-01 1.312870e-01 1.660107e-01 1.941173e-01 2.335632e-01 2.743895e-01 3.025647e-01 3.284064e-01 3.369011e-01 3.351783e-01 3.653085e-01 4.191145e-01 4.266087e-01 3.938095e-01 3.761854e-01 3.872808e-01 4.301781e-01 4.914758e-01 5.257925e-01 5.403830e-01 5.784869e-01 6.152233e-01 6.148892e-01 6.180327e-01 6.299650e-01 6.061646e-01 5.834362e-01 6.372792e-01 7.491602e-01 8.229874e-01 8.429685e-01 8.801055e-01 9.416767e-01 9.766196e-01 9.770866e-01 9.744359e-01 9.694608e-01 9.442185e-01 9.115524e-01 9.031517e-01 9.013177e-01 9.019262e-01 8.783712e-01 8.331265e-01 7.994645e-01 7.805126e-01 7.946893e-01 8.176687e-01 8.387600e-01 8.648475e-01 8.972256e-01 9.342072e-01 9.532666e-01 9.334979e-01 8.833569e-01 8.140178e-01 7.466788e-01 6.899448e-01 6.534587e-01 6.323207e-01 6.210055e-01 6.150398e-01 6.054274e-01 5.833609e-01 5.492753e-01 5.145753e-01 4.772029e-01 4.385080e-01 4.010142e-01 3.680778e-01 3.373234e-01 3.068812e-01 2.770971e-01 2.473785e-01 2.214254e-01 1.968668e-01 1.761557e-01 1.575986e-01 1.473695e-01 1.353106e-01 1.251615e-01 1.205977e-01 1.115168e-01 1.081663e-01 1.069257e-01 1.056300e-01 1.075311e-01 1.053709e-01 9.766792e-02 8.658176e-02 7.313316e-02 6.161794e-02 5.122839e-02 4.662532e-02 4.404788e-02 4.283288e-02 4.541973e-02 4.014317e-02 4.345936e-02 4.091357e-02 3.384715e-02 2.805051e-02 1.255585e-02 6.444959e-03 2.119633e-03 6.420186e-04 1.889426e-04 5.595545e-05 8.124652e-05 7.908710e-05 1.033650e-05 2.004800e-10 4.658157e-21 3.281925e-40 1.401298e-45 1.401298e-45 1.401298e-45 1.401298e-45 0.000000e+00 0.000000e+00 0.000000e+00 0.000000e+00 0.000000e+00 0.000000e+00
7.006492e-45 7.006492e-45 8.407791e-45 1.821688e-44 1.861070e-33 4.080375e-32 8.063827e-30 1.691290e-28 9.604821e-25 1.671355e-23 9.282243e-20 2.180365e-19 1.596260e-16 3.432287e-15 4.235600e-13 1.693164e-12 1.262253e-10 1.960106e-09 9.341902e-09 5.161094e-08 9.127574e-08 8.264907e-07 1.928187e-06 8.917626e-06 1.744208e-05 3.236835e-05 6.259983e-05 5.814440e-05 1.340818e-04 9.443105e-05 1.614194e-04 1.638742e-04 2.533897e-04 3.014575e-04 3.304668e-04 6.103725e-04 7.201683e-04 1.239928e-03 1.752266e-03 3.035132e-03 4.957064e-03 6.448287e-03 9.367068e-03 1.008942e-02 1.217716e-02 1.543252e-02 1.932635e-02 2.424199e-02 2.563717e-02 3.297906e-02 4.237700e-02 4.659937e-02 6.165734e-02 6.199453e-02 6.004239e-02 7.443625e-02 6.551749e-02 6.768418e-02 9.949277e-02 1.041358e-01 1.102391e-01 1.523163e-01 1.578957e-01 1.465610e-01 1.740441e-01 1.929140e-01 1.977613e-01 2.397780e-01 2.880495e-01 3.120041e-01 3.412336e-01 3.514408e-01 3.349727e-01 3.390428e-01 3.824062e-01 4.487204e-01 4.971321e-01 4.997666e-01 5.089037e-01 5.769910e-01 6.566754e-01 6.605324e-01 6.359740e-01 6.396298e-01 6.352807e-01 6.132432e-01 6.300991e-01 6.768506e-01 6.906171e-01 6.970627e-01 7.655442e-01 8.761207e-01 9.495330e-01 9.722823e-01 9.782665e-01 9.624159e-01 9.061325e-01 8.535252e-01 8.495392e-01 8.969381e-01 9.645248e-01 9.837170e-01 9.573250e-01 8.952959e-01 8.286942e-01 7.751597e-01 7.074459e-01 6.494428e-01 6.095372e-01 6.011558e-01 6.102139e-01 6.055533e-01 5.846990e-01 5.632797e-01 5.559061e-01 5.635697e-01 5.793315e-01 6.008795e-01 6.213447e-01 6.308532e-01 6.264681e-01 6.108196e-01 5.903109e-01 5.619196e-01 5.245059e-01 4.912156e-01 4.696394e-01 4.574405e-01 4.366696e-01 4.021819e-01 3.715478e-01 3.490480e-01 3.268813e-01 3.059639e-01 2.869951e-01 2.686782e-01 2.495362e-01 2.284349e-01 2.088979e-01 1.920239e-01 1.742809e-01 1.566086e-01 1.431995e-01 1.311750e-01 1.197501e-01 1.078598e-01 9.684139e-02 8.593238e-02 7.333416e-02 6.575743e-02 5.751231e-02 5.830160e-02 6.518904e-02 7.512037e-02 9.335705e-02 1.175220e-01 1.316609e-01 1.398183e-01 1.418873e-01 1.221116e-01 1.387319e-01 1.256731e-01 1.227879e-01 1.331718e-01 1.047175e-01 1.451168e-01 1.199306e-01 9.538306e-02 6.399491e-02 4.967095e-02 7.711546e-02 4.914431e-03 3.010222e-07 7.136301e-18 6.692720e-37 2.802597e-45 1.401298e-45 1.401298e-45 1.401298e-45 1.401298e-45 0.000000e+00 0.000000e+00 0.000000e+00 0.000000e+00 0.000000e+00
5.605194e-45 5.605194e-45 7.006492e-45 8.407791e-45 5.324934e-44 5.437791e-35 1.863785e-32 3.158026e-29 2.248015e-27 5.497433e-23 2.730431e-21 7.627463e-19 3.189477e-19 4.591640e-17 7.404329e-16 1.160092e-13 2.237969e-12 9.345191e-11 1.934656e-09 1.126346e-08 7.297604e-08 1.347142e-07 1.488232e-06 4.290252e-06 9.164696e-06 2.451096e-05 4.705342e-05 1.468655e-04 1.566586e-04 2.718738e-04 2.679773e-04 3.293740e-04 4.459194e-04 4.505730e-04 7.702276e-04 8.034099e-04 1.151919e-03 1.880233e-03 2.836986e-03 5.608021e-03 7.851136e-03 9.568194e-03 1.195433e-02 1.259094e-02 1.668761e-02 2.397346e-02 2.590453e-02 3.345389e-02 4.162598e-02 4.143232e-02 5.423453e-02 6.012492e-02 5.650224e-02 6.820086e-02 6.296914e-02 5.860742e-02 7.793543e-02 8.600025e-02 9.297743e-02 1.259521e-01 1.471374e-01 1.440759e-01 1.537505e-01 1.572140e-01 1.375873e-01 1.419861e-01 1.778585e-01 1.960670e-01 2.071673e-01 2.522009e-01 2.993954e-01 3.161238e-01 3.460124e-01 3.975856e-01 4.214789e-01 4.218149e-01 4.472782e-01 4.949105e-01 5.258329e-01 5.370269e-01 5.611875e-01 5.915409e-01 5.931295e-01 5.720177e-01 5.629606e-01 5.624546e-01 5.627753e-01 5.894802e-01 6.612118e-01 7.519215e-01 8.214242e-01 8.634213e-01 9.001822e-01 9.375343e-01 9.744968e-01 1.012267e+00 1.051531e+00 1.093807e+00 1.113517e+00 1.072878e+00 9.883196e-01 8.841426e-01 8.320364e-01 8.293430e-01 8.598078e-01 9.050874e-01 9.222559e-01 9.193838e-01 8.838806e-01 8.323696e-01 7.873830e-01 7.582192e-01 7.659743e-01 8.067834e-01 8.567105e-01 8.795472e-01 8.636115e-01 8.334220e-01 7.983678e-01 7.486369e-01 6.823503e-01 6.187995e-01 5.768466e-01 5.479980e-01 5.229031e-01 4.999968e-01 4.813933e-01 4.644816e-01 4.442659e-01 4.209531e-01 4.060893e-01 4.044870e-01 4.032947e-01 3.909270e-01 3.721899e-01 3.525139e-01 3.286098e-01 3.068009e-01 2.914950e-01 2.669588e-01 2.457982e-01 2.218854e-01 1.949569e-01 1.785593e-01 1.581581e-01 1.411253e-01 1.319748e-01 1.250034e-01 1.212738e-01 1.174293e-01 1.190010e-01 1.218452e-01 1.275172e-01 1.331817e-01 1.237295e-01 1.152992e-01 1.108460e-01 9.659146e-02 9.574434e-02 8.656782e-02 6.990733e-02 5.884153e-02 3.268827e-02 1.847646e-02 1.030573e-02 5.550777e-03 4.995614e-03 2.640655e-03 1.759776e-03 2.062435e-03 4.823228e-03 2.943665e-03 1.156529e-06 3.553349e-16 1.977286e-34 2.802597e-45 2.802597e-45 1.401298e-45 1.401298e-45 1.401298e-45 0.000000e+00 0.000000e+00 0.000000e+00 0.000000e+00 0.000000e+00
4.203895e-45 5.605194e-45 5.605194e-45 7.006492e-45 7.006492e-45 2.219657e-42 3.632477e-34 4.492911e-33 3.209258e-30 5.748941e-27 1.418956e-23 1.197044e-21 1.750734e-18 1.260399e-17 1.898562e-15 1.528434e-13 4.005898e-12 3.589505e-11 2.528493e-10 3.843869e-09 3.185868e-08 4.656184e-07 2.140989e-06 7.604839e-06 2.298818e-05 3.542089e-05 9.475063e-05 1.006196e-04 1.955655e-04 2.961502e-04 3.924482e-04 5.012713e-04 4.540378e-04 8.559871e-04 1.009226e-03 1.439919e-03 2.355009e-03 2.779112e-03 6.130107e-03 7.195930e-03 9.597945e-03 1.413170e-02 1.292747e-02 2.096204e-02 2.507230e-02 2.824176e-02 4.417130e-02 4.396378e-02 5.141978e-02 6.458523e-02 5.802144e-02 7.316200e-02 7.861091e-02 6.832114e-02 8.518159e-02 8.893637e-02 9.684701e-02 1.255428e-01 1.242042e-01 1.287680e-01 1.504832e-01 1.462849e-01 1.538272e-01 1.739808e-01 1.660219e-01 1.495080e-01 1.418575e-01 1.504395e-01 1.849277e-01 2.157564e-01 2.347952e-01 2.870384e-01 3.509638e-01 3.731531e-01 4.050488e-01 4.658337e-01 4.934185e-01 4.989066e-01 5.450540e-01 5.922445e-01 5.689664e-01 5.304825e-01 5.343832e-01 5.515430e-01 5.587807e-01 5.812958e-01 6.089525e-01 6.108958e-01 6.126872e-01 6.556618e-01 7.310019e-01 8.073513e-01 8.815637e-01 9.480559e-01 9.777127e-01 9.671847e-01 9.529056e-01 9.643217e-01 9.861904e-01 9.990088e-01 1.018102e+00 1.037166e+00 1.066680e+00 1.063968e+00 1.015821e+00 9.574383e-01 8.926117e-01 8.470019e-01 8.003622e-01 7.561026e-01 7.311490e-01 7.274083e-01 7.378743e-01 7.393785e-01 7.156931e-01 6.757915e-01 6.343436e-01 6.029437e-01 5.839930e-01 5.754575e-01 5.767490e-01 5.846784e-01 5.926526e-01 5.877707e-01 5.674818e-01 5.296584e-01 4.850199e-01 4.393663e-01 3.961300e-01 3.571550e-01 3.236695e-01 2.910070e-01 2.612156e-01 2.365768e-01 2.151625e-01 1.967191e-01 1.807706e-01 1.688246e-01 1.591813e-01 1.536268e-01 1.464478e-01 1.367566e-01 1.275823e-01 1.173033e-01 1.094002e-01 1.120307e-01 1.196532e-01 1.291899e-01 1.497884e-01 1.499661e-01 1.473261e-01 1.385540e-01 1.146320e-01 9.338512e-02 7.589770e-02 5.643588e-02 4.673063e-02 4.389576e-02 3.615776e-02 3.726269e-02 3.077239e-02 2.060098e-02 1.194830e-02 3.691741e-03 1.232914e-03 4.314542e-04 1.545638e-04 7.564680e-05 2.341683e-05 2.169305e-05 5.452946e-05 8.940940e-05 2.040535e-07 2.996617e-16 6.681457e-34 4.203895e-45 2.802597e-45 1.401298e-45 1.401298e-45 1.401298e-45 0.000000e+00 0.000000e+00 0.000000e+00 0.000000e+00 0.000000e+00
5.605194e-45 5.605194e-45 5.605194e-45 7.006492e-45 7.006492e-45 8.551144e-41 3.393761e-36 9.884091e-30 1.992379e-26 8.354257e-26 3.117365e-24 1.809414e-22 1.239862e-20 1.235145e-18 1.460652e-16 4.959877e-15 3.986254e-13 1.060108e-11 1.831721e-10 1.304554e-09 2.968671e-08 2.079276e-07 8.714425e-07 3.565653e-06 1.583864e-05 6.443837e-05 8.027003e-05 1.407959e-04 1.832790e-04 2.492234e-04 3.689473e-04 4.799555e-04 7.197610e-04 8.122481e-04 1.247693e-03 2.002179e-03 2.852324e-03 4.642187e-03 4.997911e-03 6.740432e-03 8.720190e-03 1.127013e-02 1.816902e-02 2.036146e-02 2.578657e-02 3.243109e-02 3.617334e-02 5.019424e-02 5.826101e-02 6.493189e-02 7.557911e-02 7.214112e-02 8.676850e-02 1.104242e-01 1.234203e-01 1.538049e-01 1.627650e-01 1.613009e-01 1.750200e-01 1.568316e-01 1.415711e-01 1.586458e-01 1.608852e-01 1.560274e-01 1.791381e-01 1.938801e-01 1.845395e-01 1.722488e-01 1.588400e-01 1.614001e-01 1.898552e-01 2.248415e-01 2.660412e-01 3.356450e-01 4.096168e-01 4.515141e-01 4.848155e-01 5.041602e-01 4.767284e-01 4.471084e-01 4.728237e-01 5.308886e-01 5.625385e-01 5.635691e-01 5.534043e-01 5.321812e-01 5.157614e-01 5.350188e-01 5.881198e-01 6.620634e-01 7.620359e-01 8.726225e-01 9.421930e-01 9.573312e-01 9.627720e-01 9.878605e-01 1.007845e+00 1.007355e+00 9.919194e-01 9.836205e-01 1.000142e+00 1.006225e+00 1.013292e+00 1.007567e+00 9.890968e-01 9.657735e-01 9.118935e-01 8.595016e-01 8.158788e-01 7.934177e-01 7.931699e-01 7.915332e-01 7.778088e-01 7.547654e-01 7.404565e-01 7.522748e-01 7.762360e-01 7.915295e-01 7.878392e-01 7.724890e-01 7.588371e-01 7.335933e-01 6.918382e-01 6.445042e-01 6.026204e-01 5.696038e-01 5.364900e-01 5.059395e-01 4.895935e-01 4.838582e-01 4.702841e-01 4.432568e-01 4.119288e-01 3.824274e-01 3.518181e-01 3.211583e-01 2.945785e-01 2.735893e-01 2.562488e-01 2.427587e-01 2.345877e-01 2.317701e-01 2.299253e-01 2.251102e-01 2.190057e-01 1.992627e-01 1.775396e-01 1.584559e-01 1.298650e-01 1.130690e-01 9.552760e-02 8.018642e-02 7.364855e-02 6.778442e-02 6.177642e-02 5.799529e-02 5.232804e-02 4.971903e-02 5.282928e-02 5.241757e-02 6.211672e-02 7.843614e-02 8.814114e-02 1.018645e-01 1.074888e-01 1.332903e-01 1.900593e-01 1.720096e-01 1.217447e-01 7.651336e-02 1.544593e-01 1.609122e-01 3.737094e-04 5.627507e-13 1.008323e-30 5.605194e-45 2.802597e-45 1.401298e-45 1.401298e-45 1.401298e-45 1.401298e-45 0.000000e+00 0.000000e+00 0.000000e+00 0.000000e+00
5.605194e-45 5.605194e-45 5.605194e-45 7.006492e-45 9.809089e-45 1.954465e-39 3.754671e-35 2.477172e-29 1.691599e-25 6.976450e-24 4.796450e-23 1.798231e-21 9.535196e-20 3.943791e-17 8.668326e-16 6.962779e-14 7.623014e-13 2.288788e-11 1.667946e-10 2.513606e-09 1.722151e-08 1.674669e-07 1.606148e-06 6.340983e-06 2.255229e-05 3.353286e-05 6.191131e-05 9.350647e-05 1.205465e-04 1.323226e-04 2.236358e-04 4.312469e-04 8.252076e-04 9.367606e-04 1.193428e-03 1.757514e-03 2.317625e-03 3.668624e-03 3.614529e-03 5.106003e-03 7.062693e-03 8.746636e-03 1.601580e-02 1.868159e-02 2.379093e-02 3.076243e-02 3.156568e-02 4.443378e-02 5.303712e-02 5.695402e-02 7.171842e-02 7.058037e-02 8.319371e-02 1.115290e-01 1.294398e-01 1.690954e-01 1.829773e-01 1.637196e-01 1.746760e-01 1.733637e-01 1.517674e-01 1.508933e-01 1.482113e-01 1.441018e-01 1.618636e-01 1.734049e-01 1.695109e-01 1.683116e-01 1.579337e-01 1.495223e-01 1.675411e-01 2.058782e-01 2.596400e-01 3.384670e-01 4.084347e-01 4.333935e-01 4.634076e-01 5.192806e-01 5.344691e-01 5.103919e-01 5.248632e-01 5.793511e-01 6.175357e-01 6.185434e-01 5.994079e-01 5.681888e-01 5.418212e-01 5.502608e-01 5.977803e-01 6.693049e-01 7.541193e-01 8.280659e-01 8.694404e-01 8.826860e-01 8.896424e-01 9.051121e-01 9.217709e-01 9.345041e-01 9.472317e-01 9.631755e-01 9.976340e-01 1.022182e+00 1.043448e+00 1.043876e+00 1.020779e+00 9.910251e-01 9.386479e-01 8.960069e-01 8.637412e-01 8.494455e-01 8.567809e-01 8.623511e-01 8.584514e-01 8.428966e-01 8.275878e-01 8.259321e-01 8.265744e-01 8.184873e-01 8.013442e-01 7.878075e-01 7.837824e-01 7.733944e-01 7.465331e-01 7.110122e-01 6.768265e-01 6.422021e-01 5.951024e-01 5.445706e-01 5.053740e-01 4.783262e-01 4.462945e-01 4.085537e-01 3.727479e-01 3.426410e-01 3.150072e-01 2.886779e-01 2.677446e-01 2.504453e-01 2.358910e-01 2.237467e-01 2.143190e-01 2.089758e-01 2.037126e-01 1.959133e-01 1.872174e-01 1.690900e-01 1.504510e-01 1.365952e-01 1.160937e-01 1.078130e-01 9.874474e-02 9.001435e-02 8.994032e-02 8.907924e-02 8.516710e-02 8.313110e-02 7.674292e-02 7.276108e-02 7.881700e-02 7.670093e-02 9.157995e-02 1.107050e-01 1.199576e-01 1.260539e-01 1.125917e-01 1.221251e-01 1.341392e-01 1.078614e-01 6.160126e-02 3.599825e-02 7.522788e-02 9.164546e-02 2.755019e-04 5.280060e-13 1.036228e-30 5.605194e-45 2.802597e-45 1.401298e-45 1.401298e-45 1.401298e-45 1.401298e-45 0.000000e+00 0.000000e+00 0.000000e+00 0.000000e+00
5.605194e-45 5.605194e-45 5.605194e-45 7.006492e-45 8.407791e-45 5.432834e-42 1.378548e-34 6.472085e-34 2.829854e-30 1.430422e-27 7.901392e-25 2.112432e-23 3.268914e-19 3.167646e-18 1.270361e-15 4.294104e-14 6.340372e-12 3.466031e-11 9.274430e-10 1.064243e-08 6.718795e-08 4.726011e-07 2.800322e-06 1.661712e-05 2.831375e-05 5.116201e-05 9.193879e-05 1.090941e-04 1.877198e-04 2.806061e-04 3.762247e-04 5.281689e-04 6.477839e-04 1.305387e-03 1.437295e-03 1.722944e-03 2.323317e-03 2.388416e-03 4.769147e-03 5.060518e-03 6.449799e-03 9.827935e-03 8.939990e-03 1.561325e-02 2.001036e-02 2.236644e-02 3.415228e-02 3.276648e-02 4.009472e-02 5.360335e-02 4.835495e-02 6.466611e-02 7.410352e-02 7.017489e-02 9.405646e-02 9.207617e-02 9.990742e-02 1.416297e-01 1.361434e-01 1.364891e-01 1.618877e-01 1.479041e-01 1.426986e-01 1.516487e-01 1.358452e-01 1.233922e-01 1.223989e-01 1.243934e-01 1.440612e-01 1.738261e-01 1.982012e-01 2.407226e-01 2.905014e-01 3.187026e-01 3.741917e-01 4.810694e-01 5.480880e-01 5.544794e-01 6.014299e-01 6.711282e-01 6.627645e-01 6.231853e-01 6.283187e-01 6.254460e-01 5.651124e-01 5.023479e-01 4.729968e-01 4.643529e-01 4.820110e-01 5.419891e-01 6.309739e-01 7.167528e-01 7.864569e-01 8.389235e-01 8.532704e-01 8.363103e-01 8.259621e-01 8.557479e-01 9.193038e-01 9.901143e-01 1.066891e+00 1.122971e+00 1.159671e+00 1.135823e+00 1.058957e+00 9.845232e-01 9.255506e-01 8.987207e-01 8.687751e-01 8.305326e-01 8.036272e-01 7.919427e-01 7.942805e-01 7.886059e-01 7.611774e-01 7.193883e-01 6.769661e-01 6.474354e-01 6.291542e-01 6.180803e-01 6.087435e-01 6.004502e-01 5.890744e-01 5.695834e-01 5.426478e-01 5.073252e-01 4.671048e-01 4.250161e-01 3.815759e-01 3.396137e-01 3.002200e-01 2.623414e-01 2.299473e-01 2.055997e-01 1.870258e-01 1.738208e-01 1.647397e-01 1.585341e-01 1.524973e-01 1.494236e-01 1.442253e-01 1.362261e-01 1.291476e-01 1.200213e-01 1.130239e-01 1.150898e-01 1.193559e-01 1.257989e-01 1.437418e-01 1.445995e-01 1.451667e-01 1.398959e-01 1.165758e-01 9.603407e-02 8.001908e-02 5.905878e-02 5.003140e-02 4.655085e-02 3.788121e-02 3.948039e-02 3.168323e-02 2.133486e-02 1.154885e-02 3.102763e-03 8.001993e-04 1.917850e-04 4.911244e-05 1.686411e-05 4.091771e-06 3.317454e-06 9.320421e-06 2.508757e-05 1.053871e-07 2.890429e-16 9.999423e-34 4.203895e-45 2.802597e-45 1.401298e-45 1.401298e-45 1.401298e-45 0.000000e+00 0.000000e+00 0.000000e+00 0.000000e+00 0.000000e+00
7.006492e-45 5.605194e-45 7.006492e-45 8.407791e-45 3.643376e-44 7.072112e-36 8.511688e-34 7.217520e-30 4.237659e-29 1.393551e-24 2.072549e-22 1.539021e-18 1.004568e-18 4.807372e-16 5.766666e-15 1.378587e-12 8.835881e-12 3.199331e-10 2.977435e-09 2.482762e-08 5.488116e-07 1.826283e-06 1.205994e-05 1.470634e-05 4.071775e-05 6.819446e-05 8.950310e-05 2.015927e-04 2.681580e-04 7.844325e-04 8.544761e-04 1.117622e-03 1.332721e-03 1.388028e-03 2.311047e-03 1.889744e-03 2.359036e-03 3.113674e-03 4.162584e-03 6.788634e-03 7.775914e-03 9.056521e-03 1.102488e-02 1.132655e-02 1.401429e-02 1.970210e-02 2.334326e-02 3.028371e-02 3.729376e-02 4.026945e-02 5.439091e-02 6.219952e-02 6.194927e-02 7.179710e-02 6.523510e-02 6.558049e-02 8.487352e-02 8.823819e-02 1.014809e-01 1.368727e-01 1.497883e-01 1.526888e-01 1.657711e-01 1.607096e-01 1.387180e-01 1.339933e-01 1.483007e-01 1.620561e-01 1.764954e-01 2.013060e-01 2.291584e-01 2.608166e-01 3.120304e-01 3.746390e-01 4.075782e-01 4.170122e-01 4.641367e-01 5.677218e-01 6.613781e-01 6.934241e-01 7.092810e-01 7.191455e-01 6.801233e-01 6.145235e-01 5.586134e-01 4.901648e-01 4.106270e-01 3.722762e-01 3.957574e-01 4.586755e-01 5.350940e-01 6.216961e-01 7.122025e-01 7.809356e-01 8.211675e-01 8.549278e-01 8.937002e-01 9.380599e-01 9.800918e-01 1.001455e+00 9.985936e-01 9.584087e-01 9.324524e-01 9.304870e-01 9.457644e-01 9.788185e-01 9.942771e-01 1.010560e+00 1.011910e+00 9.990937e-01 9.739830e-01 9.375824e-01 9.218179e-01 9.340662e-01 9.553633e-01 9.509223e-01 9.118023e-01 8.597512e-01 8.102099e-01 7.531842e-01 6.832660e-01 6.168778e-01 5.707366e-01 5.408368e-01 5.198612e-01 5.091107e-01 5.060984e-01 5.076998e-01 5.030117e-01 4.860179e-01 4.682567e-01 4.593966e-01 4.453656e-01 4.171320e-01 3.883312e-01 3.679697e-01 3.477434e-01 3.302906e-01 3.175950e-01 2.937170e-01 2.751768e-01 2.552047e-01 2.331236e-01 2.228096e-01 2.018664e-01 1.785715e-01 1.578269e-01 1.368685e-01 1.226438e-01 1.109459e-01 1.052585e-01 9.991179e-02 9.633778e-02 9.375624e-02 8.301441e-02 7.802406e-02 7.558266e-02 6.884875e-02 7.208231e-02 6.893068e-02 5.954957e-02 5.514801e-02 3.140629e-02 1.781112e-02 8.503137e-03 3.635017e-03 2.709902e-03 1.108540e-03 6.544959e-04 6.445868e-04 1.911508e-03 2.000232e-03 2.003537e-06 1.583573e-15 1.806556e-33 4.203895e-45 2.802597e-45 1.401298e-45 1.401298e-45 1.401298e-45 0.000000e+00 0.000000e+00 0.000000e+00 0.000000e+00 0.000000e+00
8.407791e-45 7.006492e-45 8.407791e-45 8.407791e-45 8.760116e-34 1.379203e-32 8.573009e-30 2.760909e-29 1.748258e-25 4.513351e-24 5.691551e-20 9.107805e-20 1.128719e-16 3.792836e-15 9.557339e-13 2.423217e-12 8.288691e-11 3.415663e-09 2.988214e-08 4.254385e-07 5.533014e-07 3.684899e-06 3.312849e-06 1.460255e-05 2.697455e-05 5.387578e-05 1.153375e-04 1.354848e-04 5.167805e-04 4.148911e-04 1.209501e-03 1.281437e-03 1.798802e-03 1.684927e-03 1.356816e-03 2.282880e-03 1.876900e-03 2.354616e-03 2.489062e-03 3.688882e-03 6.184189e-03 7.314825e-03 9.979651e-03 1.030479e-02 1.310898e-02 1.720700e-02 2.014403e-02 2.789628e-02 3.086665e-02 3.628104e-02 4.818449e-02 5.245943e-02 6.692719e-02 6.888308e-02 6.245339e-02 7.340240e-02 6.683876e-02 7.039393e-02 1.009100e-01 1.051347e-01 1.168329e-01 1.620101e-01 1.617756e-01 1.548518e-01 1.887241e-01 1.994497e-01 1.955791e-01 2.268417e-01 2.599779e-01 2.892268e-01 3.362970e-01 3.425872e-01 3.103569e-01 3.131785e-01 3.702407e-01 4.605726e-01 5.237451e-01 5.241685e-01 5.334012e-01 6.168099e-01 6.982373e-01 6.804359e-01 6.205050e-01 5.604092e-01 4.659274e-01 3.642129e-01 3.070050e-01 2.888899e-01 2.901848e-01 3.237582e-01 4.149784e-01 5.491323e-01 6.735610e-01 7.704073e-01 8.502625e-01 8.955577e-01 8.811901e-01 8.532789e-01 8.646044e-01 9.246322e-01 1.003587e+00 1.038982e+00 1.041653e+00 1.028016e+00 1.012475e+00 9.960207e-01 9.385769e-01 8.739322e-01 8.291999e-01 8.199000e-01 8.252263e-01 8.019668e-01 7.512134e-01 6.986825e-01 6.625668e-01 6.458341e-01 6.410819e-01 6.407576e-01 6.373789e-01 6.262884e-01 6.127522e-01 6.022732e-01 5.986714e-01 5.900380e-01 5.639708e-01 5.293342e-01 4.957429e-01 4.666023e-01 4.299789e-01 3.870501e-01 3.560005e-01 3.384455e-01 3.199162e-01 2.982979e-01 2.785421e-01 2.579336e-01 2.363773e-01 2.137540e-01 1.941310e-01 1.784039e-01 1.646753e-01 1.537544e-01 1.464327e-01 1.413141e-01 1.328434e-01 1.177389e-01 1.015817e-01 8.429804e-02 6.728442e-02 5.796807e-02 4.877749e-02 4.712677e-02 4.994884e-02 5.376586e-02 6.227509e-02 7.498431e-02 8.088046e-02 8.768560e-02 9.247366e-02 8.419006e-02 1.077864e-01 1.054539e-01 1.256976e-01 1.494245e-01 1.302983e-01 2.008137e-01 1.737529e-01 1.671652e-01 1.096766e-01 9.712091e-02 2.008093e-01 2.883135e-02 5.894554e-06 5.261855e-16 1.649900e-34 2.802597e-45 1.401298e-45 1.401298e-45 1.401298e-45 1.401298e-45 0.000000e+00 0.000000e+00 0.000000e+00 0.000000e+00 0.000000e+00
7.006492e-45 5.605194e-44 1.793662e-43 6.289546e-31 1.341447e-29 1.265393e-28 2.511638e-28 4.854147e-26 5.061001e-24 9.209693e-21 7.430543e-20 5.605030e-16 3.853399e-14 2.282327e-12 7.004329e-12 1.870517e-10 3.550597e-09 2.611037e-08 2.645395e-07 6.554563e-07 2.591271e-06 3.058819e-06 1.889827e-05 2.966257e-05 7.873838e-05 1.027611e-04 1.796117e-04 2.746757e-04 2.309868e-04 4.559806e-04 4.277151e-04 7.293362e-04 7.449094e-04 1.171950e-03 1.388916e-03 1.577098e-03 2.339742e-03 2.142285e-03 2.708064e-03 2.607682e-03 3.813211e-03 5.489405e-03 6.343591e-03 9.981909e-03 9.895301e-03 1.167307e-02 1.639749e-02 1.647050e-02 2.316308e-02 2.848049e-02 2.916180e-02 4.222852e-02 4.683568e-02 5.167281e-02 6.910572e-02 6.324942e-02 6.445984e-02 7.223716e-02 6.790750e-02 7.959557e-02 9.597368e-02 1.054118e-01 1.422751e-01 1.800464e-01 1.948088e-01 2.369494e-01 2.872189e-01 3.073481e-01 3.329351e-01 3.457260e-01 3.282503e-01 3.497849e-01 4.242412e-01 4.477020e-01 4.007139e-01 3.762106e-01 3.982743e-01 4.436851e-01 4.869403e-01 5.033948e-01 5.038775e-01 5.100623e-01 4.865727e-01 4.142520e-01 3.445978e-01 2.907047e-01 2.356817e-01 2.008102e-01 2.171914e-01 2.885623e-01 3.924334e-01 5.028893e-01 6.251857e-01 7.531945e-01 8.470701e-01 8.932859e-01 9.147788e-01 9.329941e-01 9.443274e-01 9.509401e-01 9.725427e-01 9.867824e-01 9.935089e-01 9.729449e-01 9.333380e-01 9.151958e-01 9.255050e-01 9.770588e-01 1.037161e+00 1.079778e+00 1.108799e+00 1.119891e+00 1.115398e+00 1.074482e+00 9.987310e-01 9.193336e-01 8.571488e-01 8.137797e-01 7.795179e-01 7.472085e-01 7.093096e-01 6.739667e-01 6.456410e-01 6.226797e-01 5.939762e-01 5.555901e-01 5.161976e-01 4.741460e-01 4.286066e-01 3.898068e-01 3.616562e-01 3.349606e-01 3.072265e-01 2.777832e-01 2.481658e-01 2.212361e-01 1.965879e-01 1.755831e-01 1.567553e-01 1.472735e-01 1.366370e-01 1.275460e-01 1.236356e-01 1.134862e-01 1.075995e-01 1.020169e-01 9.676794e-02 9.532022e-02 9.183547e-02 8.551519e-02 7.699158e-02 6.693000e-02 5.820326e-02 4.986555e-02 4.653699e-02 4.388892e-02 4.347265e-02 4.655056e-02 4.175843e-02 4.571824e-02 4.322183e-02 3.763506e-02 3.466618e-02 1.817664e-02 1.201970e-02 5.405468e-03 2.588783e-03 1.196707e-03 5.100564e-04 1.022519e-03 1.503636e-03 4.689187e-04 3.101994e-08 2.679501e-18 7.566975e-37 2.802597e-45 1.401298e-45 1.401298e-45 1.401298e-45 0.000000e+00 0.000000e+00 0.000000e+00 0.000000e+00 0.000000e+00 0.000000e+00
1.884265e-37 3.460647e-41 1.273044e-28 5.559311e-28 4.021745e-28 3.326689e-26 3.677561e-25 3.321523e-22 7.599260e-20 1.745821e-18 1.490164e-15 7.331236e-14 2.163338e-12 1.829283e-11 8.517900e-10 1.096853e-08 1.086046e-07 3.372798e-07 1.574704e-06 2.058674e-06 3.029719e-06 6.676468e-06 2.220656e-05 5.935519e-05 1.155837e-04 2.333967e-04 1.878679e-04 3.574349e-04 3.771591e-04 6.297157e-04 5.325208e-04 4.783917e-04 7.235134e-04 6.336709e-04 1.017763e-03 7.384716e-04 1.041927e-03 1.557399e-03 1.646846e-03 2.460694e-03 1.811584e-03 2.720540e-03 4.275825e-03 4.605768e-03 8.689499e-03 8.292322e-03 8.059536e-03 1.153313e-02 1.157283e-02 1.718918e-02 2.508018e-02 2.655588e-02 3.835356e-02 5.166695e-02 5.600466e-02 6.698409e-02 7.653360e-02 7.560368e-02 6.823155e-02 6.907662e-02 8.123013e-02 8.753265e-02 1.044330e-01 1.550163e-01 2.036474e-01 2.447098e-01 3.066273e-01 3.374110e-01 3.442106e-01 3.969420e-01 4.552065e-01 4.438244e-01 4.239849e-01 4.321322e-01 4.143184e-01 3.781180e-01 3.781559e-01 3.966391e-01 3.970803e-01 3.974660e-01 3.981211e-01 3.751535e-01 3.484413e-01 3.306427e-01 2.990472e-01 2.490419e-01 2.116033e-01 2.068122e-01 2.362484e-01 2.996037e-01 3.991818e-01 5.185179e-01 6.220708e-01 7.004614e-01 7.727896e-01 8.386824e-01 8.711567e-01 8.675140e-01 8.559990e-01 8.576936e-01 8.901175e-01 9.325206e-01 9.824148e-01 9.996467e-01 9.681355e-01 9.316112e-01 9.056823e-01 9.146106e-01 9.190927e-01 8.930662e-01 8.395057e-01 7.777107e-01 7.276582e-01 6.871023e-01 6.525722e-01 6.254168e-01 6.112667e-01 6.036832e-01 6.038938e-01 6.141506e-01 6.258454e-01 6.244813e-01 6.046128e-01 5.778909e-01 5.553566e-01 5.373399e-01 5.231193e-01 5.019585e-01 4.871745e-01 4.862726e-01 4.810328e-01 4.697536e-01 4.627495e-01 4.551697e-01 4.451517e-01 4.356958e-01 4.229887e-01 4.092029e-01 3.926703e-01 3.553869e-01 3.110532e-01 2.742224e-01 2.482438e-01 2.275582e-01 2.099550e-01 2.031588e-01 1.860537e-01 1.744563e-01 1.707073e-01 1.553217e-01 1.563581e-01 1.450071e-01 1.314875e-01 1.258007e-01 1.044933e-01 9.076756e-02 8.569183e-02 6.866702e-02 6.392854e-02 5.858365e-02 4.396243e-02 4.866211e-02 3.029024e-02 2.155278e-02 1.291110e-02 4.902013e-03 2.747225e-03 8.773265e-04 8.355325e-04 1.699158e-03 5.520212e-03 1.242400e-03 9.174789e-08 4.916523e-18 6.556130e-36 1.401298e-45 1.401298e-45 1.401298e-45 1.401298e-45 0.000000e+00 0.000000e+00 0.000000e+00 0.000000e+00 0.000000e+00 0.000000e+00
1.685491e-34 1.973722e-25 3.192687e-27 9.167540e-29 9.493595e-26 3.100417e-24 1.710122e-19 3.050092e-18 2.111084e-17 1.031855e-14 8.059967e-13 1.356238e-11 1.862146e-10 7.915319e-09 4.642061e-08 3.388688e-07 2.753243e-07 2.628914e-06 1.793168e-06 1.369242e-05 1.700908e-05 9.260288e-05 5.638058e-05 1.565678e-04 2.036061e-04 2.649121e-04 4.635121e-04 2.464433e-04 4.177453e-04 1.771852e-04 3.791639e-04 4.699362e-04 6.135732e-04 9.976537e-04 7.072486e-04 1.244040e-03 8.480715e-04 1.049091e-03 1.818949e-03 1.624977e-03 2.655410e-03 2.363057e-03 3.037193e-03 5.669273e-03 5.014330e-03 7.328685e-03 8.506505e-03 7.780479e-03 1.122379e-02 1.233434e-02 1.650770e-02 2.542713e-02 3.032609e-02 3.915049e-02 4.898325e-02 6.289956e-02 7.366183e-02 7.671405e-02 9.462318e-02 9.611978e-02 8.475239e-02 1.054199e-01 1.290148e-01 1.338367e-01 1.790174e-01 2.343857e-01 2.479685e-01 3.182543e-01 4.076141e-01 3.909049e-01 4.055080e-01 4.742964e-01 4.546473e-01 4.204926e-01 4.622307e-01 4.744140e-01 4.146152e-01 3.815199e-01 3.789899e-01 3.519482e-01 3.122668e-01 2.987336e-01 3.121485e-01 3.200306e-01 2.952003e-01 2.545869e-01 2.312810e-01 2.343028e-01 2.609549e-01 3.151567e-01 4.055405e-01 5.185122e-01 6.239940e-01 7.104121e-01 7.933012e-01 8.738374e-01 9.167448e-01 9.101622e-01 8.834830e-01 8.702649e-01 8.740859e-01 8.606942e-01 8.452083e-01 8.395688e-01 8.579552e-01 9.148096e-01 9.747410e-01 1.033147e+00 1.072327e+00 1.102027e+00 1.121437e+00 1.110438e+00 1.059360e+00 9.769259e-01 8.932360e-01 8.282004e-01 7.770026e-01 7.235774e-01 6.685297e-01 6.294904e-01 6.111724e-01 6.030441e-01 5.946857e-01 5.836281e-01 5.770788e-01 5.716758e-01 5.505187e-01 5.138667e-01 4.771318e-01 4.404820e-01 3.981335e-01 3.543330e-01 3.183182e-01 2.932393e-01 2.696590e-01 2.442889e-01 2.245512e-01 2.107869e-01 2.017999e-01 1.879317e-01 1.787930e-01 1.720085e-01 1.557321e-01 1.471724e-01 1.345686e-01 1.192459e-01 1.075494e-01 9.110015e-02 7.684293e-02 6.915378e-02 5.967163e-02 5.818936e-02 6.041620e-02 6.333173e-02 7.238735e-02 7.464249e-02 6.484994e-02 5.703068e-02 4.366441e-02 2.956756e-02 3.189322e-02 2.695649e-02 3.243367e-02 4.306705e-02 3.341972e-02 4.787865e-02 2.560631e-02 2.290518e-02 2.914437e-02 3.583936e-02 1.007475e-01 4.086406e-03 9.080349e-08 3.369274e-18 1.352343e-36 2.802597e-45 1.401298e-45 1.401298e-45 1.401298e-45 0.000000e+00 0.000000e+00 0.000000e+00 0.000000e+00 0.000000e+00 0.000000e+00
4.019886e-20 1.465214e-25 3.641135e-30 2.504397e-26 2.018566e-23 1.367713e-17 8.887947e-17 1.313036e-15 4.013603e-13 7.103120e-12 2.714366e-11 5.119582e-10 2.595051e-08 2.076801e-07 1.041446e-06 5.500638e-07 3.859997e-06 2.632631e-06 2.863413e-05 2.131272e-05 1.409577e-04 4.457786e-05 2.088398e-04 1.249972e-04 2.620085e-04 3.003474e-04 3.189417e-04 5.165075e-04 2.985304e-04 6.963246e-04 5.807963e-04 1.093886e-03 1.248730e-03 1.185514e-03 1.844959e-03 1.652188e-03 2.307516e-03 2.018374e-03 1.603496e-03 2.512354e-03 2.779719e-03 3.414140e-03 3.667348e-03 3.502273e-03 4.782858e-03 6.120307e-03 7.603761e-03 9.472281e-03 1.012933e-02 1.070630e-02 1.207869e-02 1.643174e-02 2.016411e-02 2.602413e-02 3.711870e-02 4.206401e-02 5.734624e-02 8.474748e-02 9.099436e-02 1.126116e-01 1.406191e-01 1.275216e-01 1.339045e-01 1.627363e-01 1.669378e-01 1.888127e-01 2.390260e-01 2.496125e-01 2.752029e-01 3.458353e-01 3.484542e-01 3.202882e-01 3.478492e-01 3.742028e-01 3.757207e-01 4.003200e-01 4.155688e-01 3.819743e-01 3.399188e-01 3.201284e-01 3.324815e-01 3.683047e-01 3.894407e-01 3.812684e-01 3.630848e-01 3.333950e-01 2.962103e-01 2.864675e-01 3.259366e-01 4.020441e-01 4.839024e-01 5.700247e-01 6.731597e-01 7.650588e-01 8.180742e-01 8.543792e-01 8.963318e-01 9.268264e-01 9.046040e-01 8.399504e-01 7.930180e-01 7.729482e-01 7.879739e-01 8.117598e-01 8.488304e-01 9.084529e-01 9.479969e-01 9.514205e-01 9.084715e-01 8.576333e-01 8.261335e-01 8.085452e-01 7.961181e-01 7.872863e-01 7.862668e-01 7.957669e-01 8.058437e-01 8.066713e-01 7.840506e-01 7.327726e-01 6.626337e-01 5.962536e-01 5.468682e-01 5.168874e-01 5.092457e-01 5.112206e-01 5.054798e-01 4.973799e-01 4.876772e-01 4.695903e-01 4.493968e-01 4.223655e-01 3.924957e-01 3.627801e-01 3.245774e-01 2.810788e-01 2.427553e-01 2.151159e-01 1.897481e-01 1.748623e-01 1.711016e-01 1.670967e-01 1.605805e-01 1.484068e-01 1.343816e-01 1.153348e-01 1.028194e-01 9.172965e-02 7.868127e-02 7.050290e-02 6.034550e-02 5.118987e-02 4.595463e-02 4.253818e-02 4.032510e-02 3.826781e-02 3.644848e-02 3.217538e-02 2.800420e-02 2.392151e-02 1.833160e-02 1.560670e-02 1.321187e-02 8.212588e-03 7.616642e-03 3.389040e-03 2.183679e-03 1.484542e-03 7.330865e-04 1.609955e-03 4.246693e-04 1.222818e-05 3.001352e-11 1.778750e-22 4.232440e-40 2.802597e-45 1.401298e-45 1.401298e-45 1.401298e-45 0.000000e+00 0.000000e+00 0.000000e+00 0.000000e+00 0.000000e+00 0.000000e+00
4.245820e-23 3.617947e-29 1.323606e-23 2.699079e-21 2.827854e-16 2.378821e-15 7.087855e-13 1.111278e-10 1.122220e-10 9.315652e-11 5.556200e-09 2.096751e-07 1.001114e-06 1.121007e-06 9.634888e-07 6.351895e-06 1.258082e-05 6.468027e-05 6.590477e-05 1.886776e-04 9.354032e-05 2.266577e-04 1.265043e-04 3.011088e-04 3.337064e-04 5.372292e-04 5.170029e-04 5.022574e-04 7.452058e-04 8.271756e-04 1.144722e-03 1.181836e-03 1.419315e-03 1.851543e-03 1.916732e-03 2.057058e-03 2.366039e-03 2.524513e-03 2.751465e-03 3.047773e-03 3.763178e-03 5.298561e-03 5.280181e-03 5.067984e-03 5.796876e-03 5.620515e-03 7.360800e-03 9.079266e-03 9.016038e-03 1.188242e-02 1.269048e-02 1.255707e-02 2.080338e-02 2.703000e-02 3.091989e-02 4.421907e-02 5.094373e-02 6.485312e-02 1.028119e-01 1.149651e-01 1.330609e-01 1.776879e-01 1.688585e-01 1.681429e-01 1.935059e-01 1.816575e-01 1.884303e-01 2.207522e-01 2.027664e-01 1.959378e-01 2.375202e-01 2.588171e-01 2.643239e-01 3.006932e-01 3.122691e-01 2.861487e-01 2.910892e-01 3.233579e-01 3.475354e-01 3.722160e-01 4.059729e-01 4.396605e-01 4.719687e-01 4.760171e-01 4.356389e-01 3.862433e-01 3.531327e-01 3.348704e-01 3.430644e-01 3.985734e-01 4.952065e-01 5.963511e-01 6.753722e-01 7.450196e-01 8.090916e-01 8.521235e-01 8.703480e-01 8.895775e-01 9.077966e-01 8.887252e-01 8.272480e-01 7.495297e-01 7.116187e-01 7.088909e-01 7.142486e-01 7.118190e-01 6.877894e-01 6.767898e-01 6.818674e-01 6.907545e-01 6.883402e-01 6.713588e-01 6.609404e-01 6.630649e-01 6.677876e-01 6.625572e-01 6.544321e-01 6.606531e-01 6.794791e-01 6.896470e-01 6.750710e-01 6.438732e-01 6.022607e-01 5.591358e-01 5.230163e-01 4.849243e-01 4.534567e-01 4.355156e-01 4.257833e-01 4.158922e-01 4.104514e-01 4.105817e-01 4.061922e-01 3.954361e-01 3.890501e-01 3.927295e-01 3.979523e-01 3.940112e-01 3.687569e-01 3.366745e-01 2.976864e-01 2.543163e-01 2.314410e-01 2.092151e-01 1.935744e-01 1.890441e-01 1.808954e-01 1.817786e-01 1.917480e-01 1.852845e-01 1.847875e-01 1.765741e-01 1.493763e-01 1.286527e-01 1.018265e-01 8.021989e-02 6.896553e-02 6.695393e-02 6.504857e-02 7.760024e-02 7.515869e-02 6.795206e-02 5.114073e-02 3.010380e-02 1.625942e-02 8.702843e-03 4.713096e-03 3.030392e-03 3.343027e-03 3.092515e-03 2.169945e-03 8.465238e-06 2.015528e-11 1.253685e-22 3.169443e-40 2.802597e-45 2.802597e-45 1.401298e-45 1.401298e-45 1.401298e-45 0.000000e+00 0.000000e+00 0.000000e+00 0.000000e+00 0.000000e+00
7.731095e-12 1.266267e-08 5.966783e-14 7.230025e-13 5.632785e-13 5.195521e-10 8.606446e-08 1.307949e-08 3.912386e-09 1.679737e-07 7.904230e-07 1.465588e-06 8.416033e-07 5.089035e-06 3.026520e-05 1.195002e-04 1.570594e-04 2.485756e-04 2.096281e-04 2.598447e-04 2.324567e-04 3.483815e-04 4.777806e-04 7.645720e-04 9.237836e-04 1.046960e-03 1.192184e-03 1.044754e-03 1.315873e-03 1.283810e-03 1.761274e-03 1.486744e-03 1.641709e-03 1.768296e-03 2.118409e-03 2.767497e-03 2.515929e-03 3.520206e-03 4.221942e-03 4.434973e-03 5.464936e-03 5.965080e-03 9.126088e-03 1.053690e-02 9.919974e-03 1.142286e-02 9.928697e-03 1.158253e-02 1.672853e-02 1.943210e-02 2.579219e-02 3.273021e-02 3.579931e-02 4.323207e-02 5.491678e-02 6.803009e-02 7.839838e-02 8.208002e-02 9.805921e-02 1.398852e-01 1.694738e-01 1.934941e-01 2.261263e-01 2.098288e-01 1.976207e-01 2.106903e-01 1.800144e-01 1.573123e-01 1.743021e-01 1.720100e-01 1.610064e-01 1.917520e-01 2.309147e-01 2.276982e-01 2.258776e-01 2.480560e-01 2.677878e-01 2.829322e-01 3.156631e-01 3.665176e-01 4.222654e-01 4.705761e-01 5.006000e-01 5.085250e-01 5.042841e-01 4.861622e-01 4.574629e-01 4.355688e-01 4.405248e-01 4.760698e-01 5.387260e-01 6.168694e-01 6.876383e-01 7.438846e-01 8.084190e-01 8.865821e-01 9.375667e-01 9.374466e-01 9.038501e-01 8.566994e-01 8.019319e-01 7.314999e-01 6.805637e-01 6.500859e-01 6.290926e-01 6.158420e-01 5.991529e-01 5.951681e-01 5.958395e-01 5.991306e-01 6.097655e-01 6.315431e-01 6.723730e-01 7.174755e-01 7.492956e-01 7.501385e-01 7.320887e-01 7.076051e-01 6.818957e-01 6.535708e-01 6.287064e-01 6.154997e-01 6.094010e-01 5.969248e-01 5.640453e-01 5.222113e-01 4.924186e-01 4.685420e-01 4.400744e-01 4.100221e-01 3.823674e-01 3.584192e-01 3.321754e-01 3.052088e-01 2.840109e-01 2.674823e-01 2.515951e-01 2.283288e-01 2.120289e-01 2.009586e-01 1.831527e-01 1.663484e-01 1.482541e-01 1.353752e-01 1.226016e-01 1.102905e-01 9.803517e-02 8.749846e-02 7.499936e-02 6.409006e-02 5.836166e-02 5.464596e-02 5.921882e-02 6.713761e-02 7.108380e-02 7.653844e-02 7.195786e-02 6.360865e-02 7.081486e-02 7.157431e-02 9.454890e-02 1.276838e-01 1.201423e-01 1.616557e-01 1.092146e-01 9.032631e-02 6.925758e-02 2.692795e-02 2.956952e-02 1.323077e-02 2.386523e-03 7.120641e-06 3.526542e-12 1.905636e-22 9.434915e-40 4.203895e-45 2.802597e-45 1.401298e-45 1.401298e-45 1.401298e-45 1.401298e-45 0.000000e+00 0.000000e+00 0.000000e+00 0.000000e+00
1.308130e-13 3.389695e-08 1.598859e-06 1.066092e-09 4.948542e-09 1.438249e-06 1.163386e-07 8.970697e-08 2.356672e-06 7.957772e-07 4.294349e-07 4.570201e-07 1.180841e-05 8.979037e-05 6.224528e-04 4.796598e-04 8.537465e-04 3.968294e-04 7.053588e-04 4.662125e-04 1.075166e-03 6.700317e-04 1.229470e-03 9.207366e-04 1.557034e-03 1.473256e-03 1.931115e-03 2.094876e-03 1.764466e-03 1.878810e-03 1.510625e-03 2.218314e-03 2.147508e-03 2.563574e-03 2.502836e-03 2.755352e-03 3.524383e-03 3.374324e-03 5.671775e-03 7.598869e-03 9.116645e-03 9.880877e-03 9.707751e-03 1.426975e-02 1.430168e-02 1.277145e-02 1.369411e-02 1.286266e-02 1.609345e-02 2.318988e-02 3.543374e-02 5.013516e-02 4.983366e-02 6.145481e-02 8.174130e-02 8.834374e-02 1.203252e-01 1.398524e-01 1.283560e-01 1.533352e-01 1.641779e-01 1.597409e-01 2.087013e-01 2.316222e-01 1.959876e-01 1.977400e-01 1.981890e-01 1.668811e-01 1.621768e-01 1.882400e-01 2.061819e-01 2.037522e-01 2.021408e-01 2.142462e-01 2.322644e-01 2.519318e-01 2.837265e-01 3.279435e-01 3.657785e-01 3.987031e-01 4.368941e-01 4.615690e-01 4.666686e-01 4.700682e-01 4.738396e-01 4.766850e-01 4.925966e-01 5.231985e-01 5.530809e-01 5.722371e-01 5.998161e-01 6.592604e-01 7.359886e-01 7.967101e-01 8.341466e-01 8.757288e-01 9.217541e-01 9.399239e-01 9.007141e-01 8.297729e-01 7.744044e-01 7.162060e-01 6.498013e-01 5.741642e-01 5.086907e-01 4.717607e-01 4.488062e-01 4.424930e-01 4.409824e-01 4.415565e-01 4.433048e-01 4.452704e-01 4.564811e-01 4.780535e-01 5.088788e-01 5.459434e-01 5.853227e-01 6.141744e-01 6.199137e-01 6.050884e-01 5.745925e-01 5.391451e-01 5.160738e-01 5.093372e-01 5.081643e-01 5.141894e-01 5.271998e-01 5.281143e-01 5.063972e-01 4.743086e-01 4.451894e-01 4.162333e-01 3.909523e-01 3.726841e-01 3.552782e-01 3.305917e-01 2.922818e-01 2.482105e-01 2.122456e-01 1.859333e-01 1.657522e-01 1.510063e-01 1.368341e-01 1.228310e-01 1.072043e-01 9.110254e-02 8.047125e-02 6.684301e-02 5.265826e-02 4.292770e-02 3.260374e-02 2.783317e-02 2.909422e-02 2.925518e-02 3.781526e-02 4.421800e-02 4.786072e-02 5.268763e-02 4.421647e-02 4.103620e-02 3.641505e-02 2.843519e-02 3.655730e-02 2.872246e-02 3.459711e-02 2.839116e-02 8.458028e-03 3.909334e-03 2.859591e-04 4.017277e-05 2.659137e-07 2.526078e-11 6.408532e-18 6.424015e-30 5.605194e-45 4.203895e-45 2.802597e-45 1.401298e-45 1.401298e-45 1.401298e-45 1.401298e-45 1.401298e-45 0.000000e+00 0.000000e+00 0.000000e+00
2.356260e-11 5.391819e-10 2.352167e-10 2.538459e-11 2.536589e-10 5.731767e-11 2.553409e-10 4.662117e-08 2.033420e-08 9.735960e-09 1.267213e-08 9.330913e-07 2.144489e-05 1.499878e-04 2.159847e-04 3.361233e-04 2.788014e-04 3.343785e-04 5.068607e-04 9.242938e-04 1.060090e-03 1.016483e-03 7.281036e-04 9.781328e-04 8.731076e-04 1.402570e-03 1.102299e-03 1.756944e-03 1.616327e-03 2.500321e-03 2.894951e-03 3.435299e-03 4.784489e-03 4.072619e-03 5.783580e-03 5.126309e-03 7.565396e-03 1.012081e-02 8.921700e-03 1.082830e-02 1.051325e-02 1.122225e-02 1.182071e-02 1.248309e-02 1.730085e-02 1.681779e-02 1.732277e-02 2.055057e-02 2.047311e-02 2.488312e-02 2.985234e-02 3.514450e-02 5.238044e-02 6.278932e-02 6.562048e-02 8.254598e-02 9.418990e-02 1.192592e-01 1.373635e-01 1.108151e-01 1.215853e-01 1.458605e-01 1.352181e-01 1.673014e-01 2.059461e-01 1.745309e-01 1.816094e-01 2.167661e-01 1.977187e-01 1.814899e-01 1.991338e-01 2.110330e-01 2.031070e-01 2.096822e-01 2.457310e-01 2.811835e-01 2.955854e-01 3.318069e-01 4.065815e-01 4.512318e-01 4.378363e-01 4.302607e-01 4.424982e-01 4.431398e-01 4.371873e-01 4.454813e-01 4.619203e-01 4.854428e-01 5.357276e-01 6.059101e-01 6.605442e-01 6.984254e-01 7.551481e-01 8.311506e-01 8.783640e-01 8.748729e-01 8.510841e-01 8.344649e-01 8.106507e-01 7.606576e-01 6.942180e-01 6.119096e-01 5.334842e-01 4.550080e-01 3.833430e-01 3.383060e-01 3.220182e-01 3.424461e-01 3.905432e-01 4.600720e-01 5.475836e-01 6.377416e-01 7.113554e-01 7.424467e-01 7.372426e-01 7.240497e-01 7.185754e-01 7.140861e-01 7.068334e-01 7.054995e-01 6.952155e-01 6.672860e-01 6.240931e-01 5.716048e-01 5.210176e-01 4.800629e-01 4.427184e-01 4.076053e-01 3.774157e-01 3.484933e-01 3.125886e-01 2.713833e-01 2.375502e-01 2.126804e-01 2.031610e-01 2.067107e-01 2.126217e-01 2.264608e-01 2.368416e-01 2.256723e-01 2.080979e-01 1.907145e-01 1.746037e-01 1.561849e-01 1.486325e-01 1.483900e-01 1.469114e-01 1.504060e-01 1.568428e-01 1.509705e-01 1.470383e-01 1.497815e-01 1.299044e-01 1.285476e-01 1.137353e-01 9.898877e-02 9.625707e-02 8.355623e-02 7.417790e-02 5.963267e-02 3.452679e-02 2.000238e-02 9.313026e-03 5.004856e-03 3.398520e-03 1.433313e-03 6.740807e-04 9.339135e-05 1.378954e-05 3.195527e-07 4.997145e-10 9.931232e-15 3.254240e-23 4.474785e-35 4.203895e-45 2.802597e-45 2.802597e-45 1.401298e-45 1.401298e-45 1.401298e-45 1.401298e-45 0.000000e+00 0.000000e+00 0.000000e+00 0.000000e+00
8.836925e-07 3.853526e-10 8.200773e-14 1.914873e-05 1.194946e-04 1.885318e-05 9.173119e-06 1.240144e-07 2.068318e-09 5.210282e-10 2.150462e-08 3.811532e-07 1.834135e-06 8.499885e-06 2.169340e-05 6.526594e-05 7.286792e-05 2.746354e-04 2.569440e-04 5.581377e-04 3.099876e-04 6.679368e-04 5.702545e-04 7.209914e-04 7.390868e-04 6.795201e-04 1.239407e-03 8.756965e-04 2.313778e-03 2.128410e-03 4.554035e-03 4.500031e-03 5.385770e-03 8.033740e-03 6.729690e-03 1.108145e-02 1.037958e-02 1.286752e-02 1.308696e-02 1.156970e-02 1.474117e-02 1.687643e-02 1.907370e-02 1.590482e-02 1.720074e-02 2.690351e-02 2.936819e-02 2.812139e-02 2.728561e-02 2.667622e-02 2.851458e-02 3.496758e-02 4.490212e-02 4.944564e-02 5.440266e-02 6.597817e-02 7.068033e-02 7.340609e-02 9.247617e-02 1.072483e-01 1.067173e-01 1.183649e-01 1.270057e-01 1.260409e-01 1.512725e-01 1.820024e-01 1.773777e-01 1.782682e-01 2.005413e-01 2.168560e-01 2.125476e-01 2.096160e-01 2.353712e-01 2.669294e-01 2.676716e-01 2.834588e-01 3.562086e-01 4.292033e-01 4.586974e-01 4.958000e-01 5.339657e-01 5.165856e-01 4.866729e-01 4.922199e-01 4.941706e-01 4.671837e-01 4.523094e-01 4.744532e-01 5.193412e-01 5.827979e-01 6.635855e-01 7.342943e-01 7.726572e-01 8.150923e-01 8.770675e-01 9.089255e-01 8.676557e-01 8.027179e-01 7.564858e-01 7.036203e-01 6.257586e-01 5.226495e-01 4.318392e-01 3.530431e-01 2.915913e-01 2.540376e-01 2.322915e-01 2.293433e-01 2.450300e-01 2.845930e-01 3.483475e-01 4.175355e-01 4.770498e-01 5.182514e-01 5.469018e-01 5.619695e-01 5.510962e-01 5.187508e-01 4.855017e-01 4.678660e-01 4.654750e-01 4.722839e-01 4.759382e-01 4.720195e-01 4.683587e-01 4.599196e-01 4.412124e-01 4.234360e-01 4.146380e-01 4.137931e-01 4.026473e-01 3.790147e-01 3.457668e-01 3.037302e-01 2.623238e-01 2.206417e-01 1.951367e-01 1.833453e-01 1.748898e-01 1.725510e-01 1.762470e-01 1.797397e-01 1.738358e-01 1.664450e-01 1.560061e-01 1.430957e-01 1.295766e-01 1.143345e-01 9.665334e-02 8.280158e-02 7.406634e-02 6.803782e-02 6.765517e-02 7.131992e-02 6.429672e-02 5.853229e-02 5.020577e-02 4.048727e-02 4.096425e-02 3.633517e-02 3.229969e-02 2.422583e-02 9.526166e-03 4.276233e-03 8.349281e-04 1.597051e-04 2.006671e-05 1.678637e-06 1.689880e-07 2.147159e-09 4.625228e-12 1.936013e-17 9.067560e-26 1.833244e-38 4.203895e-45 4.203895e-45 2.802597e-45 1.401298e-45 1.401298e-45 1.401298e-45 1.401298e-45 1.401298e-45 0.000000e+00 0.000000e+00 0.000000e+00
2.063021e-12 2.933288e-04 3.883708e-04 2.309043e-17 3.513061e-12 1.683880e-05 4.996099e-04 1.844042e-04 5.547581e-05 5.690162e-05 3.116078e-05 1.736438e-05 2.202604e-05 1.764636e-05 2.626131e-05 2.846603e-05 1.318534e-04 1.234087e-04 3.319240e-04 2.002684e-04 5.390409e-04 3.308787e-04 7.131881e-04 6.626194e-04 1.254531e-03 1.506429e-03 1.593819e-03 2.492326e-03 1.972308e-03 3.101400e-03 2.697723e-03 4.600440e-03 4.601887e-03 6.706528e-03 9.221657e-03 9.062206e-03 8.426250e-03 6.125912e-03 6.999705e-03 7.615507e-03 1.099933e-02 1.517390e-02 1.667703e-02 1.932565e-02 1.636648e-02 1.664609e-02 2.166479e-02 2.725530e-02 3.424558e-02 3.708647e-02 4.002358e-02 4.192761e-02 3.819995e-02 4.811085e-02 6.216291e-02 5.771365e-02 6.338734e-02 6.489611e-02 6.346256e-02 8.955433e-02 1.054052e-01 9.908462e-02 1.202324e-01 1.397491e-01 1.372274e-01 1.546415e-01 1.855968e-01 1.907134e-01 1.925199e-01 2.117886e-01 2.332200e-01 2.460376e-01 2.533519e-01 2.721761e-01 3.218464e-01 3.828143e-01 4.068308e-01 4.082538e-01 4.292597e-01 4.555632e-01 4.726621e-01 4.922760e-01 5.093365e-01 5.048851e-01 4.950907e-01 4.959067e-01 5.042370e-01 5.219634e-01 5.475655e-01 5.717752e-01 6.081483e-01 6.651279e-01 7.177551e-01 7.410291e-01 7.504866e-01 7.758996e-01 8.016806e-01 7.882399e-01 7.273549e-01 6.425027e-01 5.475004e-01 4.302960e-01 3.265449e-01 2.567390e-01 2.192457e-01 2.047397e-01 2.016861e-01 2.177947e-01 2.561318e-01 3.189979e-01 3.987231e-01 4.781222e-01 5.539700e-01 6.189451e-01 6.748754e-01 7.149927e-01 7.239670e-01 7.114052e-01 6.790961e-01 6.391991e-01 6.031342e-01 5.765870e-01 5.573058e-01 5.410180e-01 5.246918e-01 4.980325e-01 4.603443e-01 4.244044e-01 3.982413e-01 3.777043e-01 3.583940e-01 3.484308e-01 3.440056e-01 3.427431e-01 3.282249e-01 2.976381e-01 2.680460e-01 2.240221e-01 1.746383e-01 1.418952e-01 1.182026e-01 1.009247e-01 9.065684e-02 8.096149e-02 7.067569e-02 6.133694e-02 5.154371e-02 4.052326e-02 3.090086e-02 2.364684e-02 1.846214e-02 1.460002e-02 1.472094e-02 1.432846e-02 1.705923e-02 2.092025e-02 2.036400e-02 2.337897e-02 1.821933e-02 1.481354e-02 1.252456e-02 6.271071e-03 3.349736e-03 6.962699e-04 7.386923e-05 3.645662e-06 5.465722e-08 1.048026e-09 3.622362e-12 9.595210e-15 5.442555e-19 4.534620e-25 3.305886e-34 4.203895e-45 2.802597e-45 2.802597e-45 1.401298e-45 1.401298e-45 1.401298e-45 1.401298e-45 1.401298e-45 1.401298e-45 0.000000e+00 0.000000e+00 0.000000e+00
8.680723e-06 3.041980e-08 2.506304e-15 5.385525e-06 4.945438e-07 1.105358e-11 2.014868e-10 1.203773e-06 4.453519e-04 9.887693e-04 5.248006e-04 2.859754e-04 2.043236e-04 1.324722e-04 1.324294e-04 1.510526e-04 1.817658e-04 2.572343e-04 4.023201e-04 6.965335e-04 7.929459e-04 1.135657e-03 1.119007e-03 1.888825e-03 1.787514e-03 3.212304e-03 2.663273e-03 3.941908e-03 3.102977e-03 4.341728e-03 4.253578e-03 4.108961e-03 5.548637e-03 4.449137e-03 6.979452e-03 5.901001e-03 6.565017e-03 7.357951e-03 6.985473e-03 1.181731e-02 1.153594e-02 1.135199e-02 1.358826e-02 1.573350e-02 1.897777e-02 1.810602e-02 2.019595e-02 2.648337e-02 3.177543e-02 3.515430e-02 3.628755e-02 3.654429e-02 4.008032e-02 4.408418e-02 4.880827e-02 5.230903e-02 5.216662e-02 5.798746e-02 6.302256e-02 6.062836e-02 7.713656e-02 1.096434e-01 1.105382e-01 1.133465e-01 1.479321e-01 1.601540e-01 1.548947e-01 1.912179e-01 2.237185e-01 2.043831e-01 2.137159e-01 2.676451e-01 3.074917e-01 3.407498e-01 3.844750e-01 3.965911e-01 4.066404e-01 4.504097e-01 4.697366e-01 4.702671e-01 5.093693e-01 5.488161e-01 5.285473e-01 4.965012e-01 5.004939e-01 5.205439e-01 5.274995e-01 5.386035e-01 5.700582e-01 5.993736e-01 6.138126e-01 6.389756e-01 6.921677e-01 7.446402e-01 7.564630e-01 7.359939e-01 7.105814e-01 6.857384e-01 6.326298e-01 5.383811e-01 4.318618e-01 3.303261e-01 2.524160e-01 1.962564e-01 1.627778e-01 1.529821e-01 1.592246e-01 1.820775e-01 2.172228e-01 2.649064e-01 3.276299e-01 3.997521e-01 4.745297e-01 5.325015e-01 5.562192e-01 5.422441e-01 5.095427e-01 4.893262e-01 4.892339e-01 5.045659e-01 5.214647e-01 5.217766e-01 5.011121e-01 4.648579e-01 4.219751e-01 3.830084e-01 3.541778e-01 3.294392e-01 3.048843e-01 2.722098e-01 2.360408e-01 2.007463e-01 1.712355e-01 1.518703e-01 1.438258e-01 1.523496e-01 1.691486e-01 1.833394e-01 1.903292e-01 1.772375e-01 1.494867e-01 1.216520e-01 1.036239e-01 9.303848e-02 9.078986e-02 9.529850e-02 9.907444e-02 1.065694e-01 1.195992e-01 1.265208e-01 1.355264e-01 1.439679e-01 1.284979e-01 1.210449e-01 1.104131e-01 9.383439e-02 9.837536e-02 8.393908e-02 6.886669e-02 4.961419e-02 2.292261e-02 1.080291e-02 3.248075e-03 5.627061e-04 6.180480e-05 1.492279e-06 2.663231e-08 7.469984e-11 6.058535e-14 4.043126e-18 4.061787e-24 4.537275e-32 4.400077e-43 4.203895e-45 2.802597e-45 2.802597e-45 1.401298e-45 1.401298e-45 1.401298e-45 1.401298e-45 1.401298e-45 0.000000e+00 0.000000e+00 0.000000e+00 0.000000e+00
2.430732e-12 1.024317e-09 8.153562e-07 2.122436e-12 4.662386e-13 3.821502e-08 7.053516e-04 3.903089e-04 3.021310e-06 2.618950e-07 3.489786e-07 2.855435e-06 1.934451e-05 1.630534e-04 1.668157e-04 3.107220e-04 2.194720e-04 7.580200e-04 6.115441e-04 1.498631e-03 9.470806e-04 1.895795e-03 1.771160e-03 2.164665e-03 2.785364e-03 2.092168e-03 4.752148e-03 2.675961e-03 6.834977e-03 4.141057e-03 6.610583e-03 6.164541e-03 4.681647e-03 7.049345e-03 4.010059e-03 6.054337e-03 6.877328e-03 8.875185e-03 1.324274e-02 1.021654e-02 1.082403e-02 1.132750e-02 1.046375e-02 1.363838e-02 1.752808e-02 2.249615e-02 2.590689e-02 2.575577e-02 2.787682e-02 3.348647e-02 3.683131e-02 3.777783e-02 4.564443e-02 4.483691e-02 3.936045e-02 5.118752e-02 5.896965e-02 5.403027e-02 6.369229e-02 7.581901e-02 7.392640e-02 8.325487e-02 1.096428e-01 1.139419e-01 1.129111e-01 1.471477e-01 1.707314e-01 1.583702e-01 1.815101e-01 2.373570e-01 2.601756e-01 2.826660e-01 3.385712e-01 3.782525e-01 3.997410e-01 4.282978e-01 4.340605e-01 4.183000e-01 4.179803e-01 4.284770e-01 4.376087e-01 4.577089e-01 4.804973e-01 4.793273e-01 4.691023e-01 4.821221e-01 5.102452e-01 5.322439e-01 5.637968e-01 6.210668e-01 6.846796e-01 7.165003e-01 7.205865e-01 7.215834e-01 7.115614e-01 6.732854e-01 6.060293e-01 5.300701e-01 4.483538e-01 3.667383e-01 3.007959e-01 2.454373e-01 2.033187e-01 1.721481e-01 1.548024e-01 1.549642e-01 1.686047e-01 1.982450e-01 2.351702e-01 2.736299e-01 3.129848e-01 3.586556e-01 4.237744e-01 5.015058e-01 5.694538e-01 6.033639e-01 5.974123e-01 5.735809e-01 5.413419e-01 5.102319e-01 4.858814e-01 4.646944e-01 4.499933e-01 4.299283e-01 4.003926e-01 3.705082e-01 3.483352e-01 3.364750e-01 3.296598e-01 3.299532e-01 3.423424e-01 3.454018e-01 3.263806e-01 2.851630e-01 2.395647e-01 2.063464e-01 1.835045e-01 1.787225e-01 1.925165e-01 2.166409e-01 2.414287e-01 2.613893e-01 2.647446e-01 2.613829e-01 2.472014e-01 2.122466e-01 1.772350e-01 1.386027e-01 9.798499e-02 7.459804e-02 5.927557e-02 5.511926e-02 5.381349e-02 5.150957e-02 4.710754e-02 3.955565e-02 3.645463e-02 3.554613e-02 4.140616e-02 4.092902e-02 3.650407e-02 1.961655e-02 5.496826e-03 7.940844e-04 3.076371e-05 1.046901e-06 1.149125e-08 6.444589e-11 7.819719e-14 1.724607e-18 1.225128e-24 4.269377e-34 5.605194e-45 4.203895e-45 2.802597e-45 2.802597e-45 1.401298e-45 1.401298e-45 1.401298e-45 1.401298e-45 1.401298e-45 1.401298e-45 0.000000e+00 0.000000e+00 0.000000e+00
4.935308e-14 1.558493e-04 3.082335e-08 2.100222e-14 2.236249e-09 2.488925e-04 1.507529e-05 6.783922e-08 1.251859e-08 2.229880e-08 4.127948e-07 8.701915e-06 2.168381e-04 5.410315e-04 1.600385e-03 8.719163e-04 1.651774e-03 7.195293e-04 1.688145e-03 8.297297e-04 2.295201e-03 1.357379e-03 2.197963e-03 1.714699e-03 1.836585e-03 2.509217e-03 1.782526e-03 4.521419e-03 3.160106e-03 7.239954e-03 5.288583e-03 5.644620e-03 5.911516e-03 3.752677e-03 5.087229e-03 4.597545e-03 6.643869e-03 9.235993e-03 8.782082e-03 1.034851e-02 9.855444e-03 1.126116e-02 1.523183e-02 1.503360e-02 1.888981e-02 2.371642e-02 2.442318e-02 2.613634e-02 2.619533e-02 2.841832e-02 3.729294e-02 4.552203e-02 4.310936e-02 4.299962e-02 4.605519e-02 4.115624e-02 4.641986e-02 6.362242e-02 6.987977e-02 7.781286e-02 8.744808e-02 8.270615e-02 9.147062e-02 1.201003e-01 1.284291e-01 1.264686e-01 1.539926e-01 1.901994e-01 2.081759e-01 2.397594e-01 2.811045e-01 3.076192e-01 3.413034e-01 3.695700e-01 3.649212e-01 3.559457e-01 3.694341e-01 3.991124e-01 4.355609e-01 4.677337e-01 4.895836e-01 5.089974e-01 5.224456e-01 5.310326e-01 5.384494e-01 5.457602e-01 5.526794e-01 5.587109e-01 5.668285e-01 5.873737e-01 6.300692e-01 6.742126e-01 6.820292e-01 6.465755e-01 5.918020e-01 5.384465e-01 4.849985e-01 4.348365e-01 3.843069e-01 3.299281e-01 2.784673e-01 2.295411e-01 1.925139e-01 1.630571e-01 1.416869e-01 1.344620e-01 1.426941e-01 1.744520e-01 2.280904e-01 2.967009e-01 3.653332e-01 4.137077e-01 4.430424e-01 4.553217e-01 4.663232e-01 4.893530e-01 5.205452e-01 5.504256e-01 5.575510e-01 5.401859e-01 5.111856e-01 4.841465e-01 4.742966e-01 4.714961e-01 4.737377e-01 4.679657e-01 4.449223e-01 4.081548e-01 3.552430e-01 3.105158e-01 2.853250e-01 2.772495e-01 2.811196e-01 2.900566e-01 2.975153e-01 2.783848e-01 2.380206e-01 1.888355e-01 1.409036e-01 1.070846e-01 8.468021e-02 7.236382e-02 6.882977e-02 6.943151e-02 6.898760e-02 6.618080e-02 6.123969e-02 5.161348e-02 3.852256e-02 2.747773e-02 1.952876e-02 1.382538e-02 1.225393e-02 1.220395e-02 1.237323e-02 1.438633e-02 1.310720e-02 1.272458e-02 1.256860e-02 1.228054e-02 1.135897e-02 7.179033e-03 1.660579e-03 8.772168e-05 1.268439e-06 5.034040e-09 1.180025e-11 1.364457e-14 2.383223e-18 4.585440e-23 2.746306e-30 3.088123e-39 4.203895e-45 2.802597e-45 2.802597e-45 1.401298e-45 1.401298e-45 1.401298e-45 1.401298e-45 1.401298e-45 1.401298e-45 1.401298e-45 0.000000e+00 0.000000e+00 0.000000e+00
7.013008e-13 9.589957e-09 1.405567e-13 6.967700e-04 8.627239e-05 4.009675e-13 1.348071e-14 2.478704e-11 3.253176e-07 9.736916e-05 6.918617e-04 1.599730e-03 1.485612e-03 1.957799e-03 1.166071e-03 1.537887e-03 1.066720e-03 1.218599e-03 7.175199e-04 1.027650e-03 6.888745e-04 1.012468e-03 1.008623e-03 1.419917e-03 1.423187e-03 1.399342e-03 1.826280e-03 1.718109e-03 2.828353e-03 2.939750e-03 4.034788e-03 4.482271e-03 4.457996e-03 5.284133e-03 4.643373e-03 4.845603e-03 5.345952e-03 5.659300e-03 7.684273e-03 8.038631e-03 9.318345e-03 1.037883e-02 1.101526e-02 1.633855e-02 1.526719e-02 1.525340e-02 2.232253e-02 2.240990e-02 2.565915e-02 2.911676e-02 2.438311e-02 2.654679e-02 2.966980e-02 3.111399e-02 3.757621e-02 3.646018e-02 3.619668e-02 4.470215e-02 4.880092e-02 5.453062e-02 7.512666e-02 9.483583e-02 9.796974e-02 1.130817e-01 1.443300e-01 1.661945e-01 1.882887e-01 2.087739e-01 2.180240e-01 2.491669e-01 2.935477e-01 3.060808e-01 3.112619e-01 3.350273e-01 3.487257e-01 3.417805e-01 3.475671e-01 3.668914e-01 3.968870e-01 4.580839e-01 5.337477e-01 5.804427e-01 5.983396e-01 6.038567e-01 5.941244e-01 5.696338e-01 5.609815e-01 5.815828e-01 6.065196e-01 6.014090e-01 5.769051e-01 5.644715e-01 5.684540e-01 5.589690e-01 5.195501e-01 4.705952e-01 4.260882e-01 3.899081e-01 3.585804e-01 3.305782e-01 3.025238e-01 2.572359e-01 2.075870e-01 1.667300e-01 1.424495e-01 1.361123e-01 1.406323e-01 1.590382e-01 1.951970e-01 2.565850e-01 3.389982e-01 4.086822e-01 4.438318e-01 4.483036e-01 4.488876e-01 4.580881e-01 4.690070e-01 4.786890e-01 4.815037e-01 4.762566e-01 4.635926e-01 4.374674e-01 4.030990e-01 3.664553e-01 3.418145e-01 3.277834e-01 3.227468e-01 3.197939e-01 3.069099e-01 2.820264e-01 2.406364e-01 1.958718e-01 1.600656e-01 1.392124e-01 1.318220e-01 1.339716e-01 1.434313e-01 1.506390e-01 1.437877e-01 1.197832e-01 9.034850e-02 6.704963e-02 5.428965e-02 4.814099e-02 4.745949e-02 5.316981e-02 6.132457e-02 7.275134e-02 9.515165e-02 1.086251e-01 1.150262e-01 1.182962e-01 1.026687e-01 9.395085e-02 9.261609e-02 8.787746e-02 8.450365e-02 7.525547e-02 5.207056e-02 3.637415e-02 2.137266e-02 8.947968e-03 1.853773e-03 7.738867e-05 7.284652e-07 1.031814e-09 2.914489e-13 1.560295e-17 6.276944e-23 7.556564e-30 2.446946e-38 4.203895e-45 2.802597e-45 2.802597e-45 1.401298e-45 1.401298e-45 1.401298e-45 1.401298e-45 1.401298e-45 1.401298e-45 1.401298e-45 1.401298e-45 0.000000e+00 0.000000e+00 0.000000e+00
3.324748e-23 1.138945e-10 2.769988e-04 1.645731e-15 2.006418e-17 1.974459e-12 4.178003e-08 2.718912e-06 2.407744e-05 3.749707e-04 1.555242e-03 1.078135e-03 5.612523e-04 3.131888e-04 2.252623e-04 1.384147e-04 1.438590e-04 2.055303e-04 2.583359e-04 2.718026e-04 2.799953e-04 3.218290e-04 3.344290e-04 4.746984e-04 5.495093e-04 8.135904e-04 8.170377e-04 1.104551e-03 1.217981e-03 1.735549e-03 3.182872e-03 3.675217e-03 4.804545e-03 4.289787e-03 6.735055e-03 7.391166e-03 7.200263e-03 6.604014e-03 5.439414e-03 8.399581e-03 9.524929e-03 1.232658e-02 1.371203e-02 1.008028e-02 1.289977e-02 1.319227e-02 1.245865e-02 1.988584e-02 2.211274e-02 2.219278e-02 2.394655e-02 2.020325e-02 2.474236e-02 2.891010e-02 2.884910e-02 4.146747e-02 4.461333e-02 3.905093e-02 5.228971e-02 6.685276e-02 6.888973e-02 8.903836e-02 1.167172e-01 1.307256e-01 1.548639e-01 1.850517e-01 2.034570e-01 2.435203e-01 2.961200e-01 3.006845e-01 3.097823e-01 3.356704e-01 3.125297e-01 2.900871e-01 3.144442e-01 3.231677e-01 3.108685e-01 3.409761e-01 4.016899e-01 4.334972e-01 4.542647e-01 5.224611e-01 6.147038e-01 6.615088e-01 6.768891e-01 6.753298e-01 6.360449e-01 5.894853e-01 5.720105e-01 5.712118e-01 5.634227e-01 5.448008e-01 5.205449e-01 4.899424e-01 4.524816e-01 4.199755e-01 3.939057e-01 3.764348e-01 3.638417e-01 3.486381e-01 3.227023e-01 2.748017e-01 2.209386e-01 1.755054e-01 1.469572e-01 1.397917e-01 1.506308e-01 1.843204e-01 2.397349e-01 3.093906e-01 3.816335e-01 4.407299e-01 4.932114e-01 5.371488e-01 5.759250e-01 6.132718e-01 6.418619e-01 6.578301e-01 6.470672e-01 6.106436e-01 5.634062e-01 5.132480e-01 4.688040e-01 4.296958e-01 3.908342e-01 3.496837e-01 3.170365e-01 2.975530e-01 2.952958e-01 3.077939e-01 3.224887e-01 3.317237e-01 3.258189e-01 2.964372e-01 2.450251e-01 2.015854e-01 1.755028e-01 1.664035e-01 1.736689e-01 1.883496e-01 2.071483e-01 2.160775e-01 2.020626e-01 1.802821e-01 1.596436e-01 1.400011e-01 1.249048e-01 1.152003e-01 1.031172e-01 9.515753e-02 8.800168e-02 8.318271e-02 8.022048e-02 6.770290e-02 5.340688e-02 3.744151e-02 2.847961e-02 2.020181e-02 1.429925e-02 8.550670e-03 3.705229e-03 1.010121e-03 1.071629e-04 4.342425e-06 4.808586e-08 1.160569e-10 5.673075e-14 1.468166e-18 1.279863e-24 7.312603e-33 5.983544e-43 2.802597e-45 2.802597e-45 2.802597e-45 1.401298e-45 1.401298e-45 1.401298e-45 1.401298e-45 1.401298e-45 1.401298e-45 1.401298e-45 1.401298e-45 1.401298e-45 0.000000e+00 0.000000e+00
3.906617e-24 4.195700e-08 2.608996e-15 6.171878e-14 4.962951e-11 1.022043e-08 5.838767e-05 1.642374e-03 5.773648e-05 1.531600e-06 7.082139e-06 8.999229e-05 2.844691e-04 4.114220e-04 2.936437e-04 3.320661e-04 2.315085e-04 2.890589e-04 1.862367e-04 1.814803e-04 1.231818e-04 1.617694e-04 1.914602e-04 2.242992e-04 3.310815e-04 3.237658e-04 6.465145e-04 5.833062e-04 1.411868e-03 1.506416e-03 2.166217e-03 2.664625e-03 2.763986e-03 5.381497e-03 4.140549e-03 7.462146e-03 6.051509e-03 5.947188e-03 6.973091e-03 4.794843e-03 9.299012e-03 8.513838e-03 9.602742e-03 1.233044e-02 9.423603e-03 1.443167e-02 1.437726e-02 1.335828e-02 1.596985e-02 1.357759e-02 1.754638e-02 2.232652e-02 2.140639e-02 2.864880e-02 3.228611e-02 3.102518e-02 4.245893e-02 5.191553e-02 5.162318e-02 6.292119e-02 7.706492e-02 8.544622e-02 1.059690e-01 1.374803e-01 1.667408e-01 2.029615e-01 2.470389e-01 2.760948e-01 3.014978e-01 3.307864e-01 3.314033e-01 3.207715e-01 3.154330e-01 3.007712e-01 2.961570e-01 3.200168e-01 3.492565e-01 3.598826e-01 3.824110e-01 4.277319e-01 4.551174e-01 4.696446e-01 5.105219e-01 5.578594e-01 5.629473e-01 5.465893e-01 5.493407e-01 5.592801e-01 5.568983e-01 5.539281e-01 5.560301e-01 5.497991e-01 5.361333e-01 5.217564e-01 4.995913e-01 4.623776e-01 4.201202e-01 3.938977e-01 3.831628e-01 3.689299e-01 3.434368e-01 3.054564e-01 2.666714e-01 2.245317e-01 1.843476e-01 1.590783e-01 1.512331e-01 1.668900e-01 2.049165e-01 2.607822e-01 3.208313e-01 3.657266e-01 3.975455e-01 4.193462e-01 4.325894e-01 4.380737e-01 4.377480e-01 4.423313e-01 4.533178e-01 4.685743e-01 4.838951e-01 4.871010e-01 4.826702e-01 4.715193e-01 4.479353e-01 4.097981e-01 3.569018e-01 3.029797e-01 2.578030e-01 2.202570e-01 1.938345e-01 1.844437e-01 1.905927e-01 2.048982e-01 2.169050e-01 2.151243e-01 1.923549e-01 1.569986e-01 1.197800e-01 9.303170e-02 7.974190e-02 7.457674e-02 7.158517e-02 6.879986e-02 6.264485e-02 5.131152e-02 4.052846e-02 3.183280e-02 2.324641e-02 1.733988e-02 1.321080e-02 1.037224e-02 1.077685e-02 1.176971e-02 1.197165e-02 1.229236e-02 9.274473e-03 6.411955e-03 3.855021e-03 1.508163e-03 3.896093e-04 3.093837e-05 7.186556e-07 5.946775e-09 1.247064e-11 1.751984e-14 5.078720e-18 1.868033e-22 1.530982e-28 1.067559e-36 2.802597e-45 2.802597e-45 2.802597e-45 1.401298e-45 1.401298e-45 1.401298e-45 1.401298e-45 1.401298e-45 1.401298e-45 1.401298e-45 1.401298e-45 1.401298e-45 1.401298e-45 0.000000e+00 0.000000e+00
1.113211e-31 4.632756e-14 9.548901e-08 3.343714e-07 8.318852e-06 5.084805e-06 2.105458e-07 2.503333e-05 2.315279e-04 6.995571e-05 4.311609e-06 7.527311e-06 6.952148e-05 2.511244e-04 7.894513e-04 5.588451e-04 9.701551e-04 3.036873e-04 8.944424e-04 3.090200e-04 6.414340e-04 2.361557e-04 3.442618e-04 2.311496e-04 2.067658e-04 2.794424e-04 2.296199e-04 6.789420e-04 5.335878e-04 1.481185e-03 1.284720e-03 2.102931e-03 3.303454e-03 2.772653e-03 5.010759e-03 2.988009e-03 5.368117e-03 6.515822e-03 6.041370e-03 8.432145e-03 4.965967e-03 6.732867e-03 6.426312e-03 6.491465e-03 9.410286e-03 7.395503e-03 1.003469e-02 9.454396e-03 9.074572e-03 1.556616e-02 1.528357e-02 2.093206e-02 2.842887e-02 2.659684e-02 3.913748e-02 4.417474e-02 4.192251e-02 6.027506e-02 6.703696e-02 6.336982e-02 8.133059e-02 1.022765e-01 1.169092e-01 1.546921e-01 1.951969e-01 2.117617e-01 2.419323e-01 2.735235e-01 2.778127e-01 2.881609e-01 2.910863e-01 2.804449e-01 3.020715e-01 3.217427e-01 3.049023e-01 3.131875e-01 3.577455e-01 3.653648e-01 3.428385e-01 3.580837e-01 4.073920e-01 4.233841e-01 4.051904e-01 4.184027e-01 4.646516e-01 4.913370e-01 4.807824e-01 4.679267e-01 4.730415e-01 4.829998e-01 4.941192e-01 5.074112e-01 5.087410e-01 4.937839e-01 4.792770e-01 4.797407e-01 4.779204e-01 4.608553e-01 4.272704e-01 3.831013e-01 3.391606e-01 2.944189e-01 2.595332e-01 2.311128e-01 2.068451e-01 1.926985e-01 1.912185e-01 2.138546e-01 2.612119e-01 3.298553e-01 4.141327e-01 5.054890e-01 6.002236e-01 6.713554e-01 6.955636e-01 6.770539e-01 6.319376e-01 5.853394e-01 5.463578e-01 5.166020e-01 4.911070e-01 4.606569e-01 4.300988e-01 3.994358e-01 3.734557e-01 3.570987e-01 3.416531e-01 3.264052e-01 3.081125e-01 2.764470e-01 2.386257e-01 2.003827e-01 1.665968e-01 1.437699e-01 1.364588e-01 1.402049e-01 1.500375e-01 1.566622e-01 1.433448e-01 1.189971e-01 9.170423e-02 6.928210e-02 6.051035e-02 5.806442e-02 5.986897e-02 6.642062e-02 6.993022e-02 7.035957e-02 7.673705e-02 7.705539e-02 7.186496e-02 7.274008e-02 6.159590e-02 5.507019e-02 5.230048e-02 4.111472e-02 3.486814e-02 2.566335e-02 1.451216e-02 7.612816e-03 1.616872e-03 1.239341e-04 2.199661e-06 4.754135e-09 2.630033e-12 2.092076e-16 2.583651e-21 3.631741e-27 1.258247e-34 2.718519e-43 2.802597e-45 2.802597e-45 1.401298e-45 1.401298e-45 1.401298e-45 1.401298e-45 1.401298e-45 1.401298e-45 1.401298e-45 1.401298e-45 1.401298e-45 1.401298e-45 0.000000e+00 0.000000e+00 0.000000e+00
7.510918e-40 2.473153e-14 1.191138e-11 6.719006e-13 2.839578e-12 4.653572e-08 2.037176e-07 2.892523e-08 2.333094e-06 2.986447e-05 3.523026e-05 6.455433e-06 4.036686e-06 1.223604e-05 2.998662e-05 1.514529e-04 1.498113e-04 6.099697e-04 1.916085e-04 8.765932e-04 2.610887e-04 6.497494e-04 1.743583e-04 2.534684e-04 1.789871e-04 1.643388e-04 2.637253e-04 2.319412e-04 6.275553e-04 5.028651e-04 1.086001e-03 1.265242e-03 1.575253e-03 2.233132e-03 1.909464e-03 3.331401e-03 3.593293e-03 4.185322e-03 5.352618e-03 5.145106e-03 5.302647e-03 4.958075e-03 5.574706e-03 6.524381e-03 8.077105e-03 8.755474e-03 8.048972e-03 9.745285e-03 9.892631e-03 1.238954e-02 2.050674e-02 2.214680e-02 3.144095e-02 3.963594e-02 3.431226e-02 5.354948e-02 6.922743e-02 5.802638e-02 8.043645e-02 9.954105e-02 9.062111e-02 1.247420e-01 1.643271e-01 1.638976e-01 1.958636e-01 2.240152e-01 2.037998e-01 2.093598e-01 2.224098e-01 2.150024e-01 2.332060e-01 2.539827e-01 2.466827e-01 2.656178e-01 3.033592e-01 3.049212e-01 3.145710e-01 3.567907e-01 3.735754e-01 3.542464e-01 3.545877e-01 3.700498e-01 3.623139e-01 3.532127e-01 3.719482e-01 4.073612e-01 4.314744e-01 4.368387e-01 4.362491e-01 4.467562e-01 4.668456e-01 4.814745e-01 4.898838e-01 4.971101e-01 5.019308e-01 5.084013e-01 5.139082e-01 5.093717e-01 4.808753e-01 4.340546e-01 3.887768e-01 3.427816e-01 3.021792e-01 2.662883e-01 2.395259e-01 2.288374e-01 2.295525e-01 2.467660e-01 2.765994e-01 3.157385e-01 3.561709e-01 3.808030e-01 3.881065e-01 3.864812e-01 3.933376e-01 4.104039e-01 4.231156e-01 4.219120e-01 4.070468e-01 3.921411e-01 3.784648e-01 3.675812e-01 3.577832e-01 3.451438e-01 3.329756e-01 3.158548e-01 2.934211e-01 2.728019e-01 2.580257e-01 2.517556e-01 2.533795e-01 2.498538e-01 2.292148e-01 1.960495e-01 1.624204e-01 1.356987e-01 1.235922e-01 1.304040e-01 1.564789e-01 1.923085e-01 2.188909e-01 2.260858e-01 2.111908e-01 1.899321e-01 1.744338e-01 1.613182e-01 1.495181e-01 1.322290e-01 1.059499e-01 8.287284e-02 6.943822e-02 5.544534e-02 4.407892e-02 3.614666e-02 2.381687e-02 1.514530e-02 9.308758e-03 4.647893e-03 2.625592e-03 1.090461e-03 3.061718e-04 5.075704e-05 2.392229e-06 3.083099e-08 5.046615e-11 4.519451e-15 1.811779e-20 8.009073e-28 1.808313e-36 4.203895e-45 2.802597e-45 2.802597e-45 1.401298e-45 1.401298e-45 1.401298e-45 1.401298e-45 1.401298e-45 1.401298e-45 1.401298e-45 1.401298e-45 1.401298e-45 1.401298e-45 1.401298e-45 1.401298e-45 1.401298e-45
4.203895e-45 3.293054e-18 2.699329e-12 9.785285e-10 2.107445e-09 2.986148e-08 2.882574e-06 3.695920e-06 2.717152e-07 4.768173e-06 3.249815e-05 3.975299e-05 5.505450e-06 3.625437e-06 4.819504e-06 1.007663e-05 3.493844e-05 5.171447e-05 1.424327e-04 7.135962e-05 1.617181e-04 1.039629e-04 2.205536e-04 1.306103e-04 1.749189e-04 1.533210e-04 1.677131e-04 1.839147e-04 2.172265e-04 4.245063e-04 5.732655e-04 7.488645e-04 7.672819e-04 8.180574e-04 1.080925e-03 1.452824e-03 1.661045e-03 2.565349e-03 3.227234e-03 3.425541e-03 5.341597e-03 4.436410e-03 5.716583e-03 7.162057e-03 5.814511e-03 8.230085e-03 7.581268e-03 8.179029e-03 1.490493e-02 1.417054e-02 1.819921e-02 2.968802e-02 2.458471e-02 3.234618e-02 4.914669e-02 4.036345e-02 5.117338e-02 7.189389e-02 6.665277e-02 9.615932e-02 1.383702e-01 1.284589e-01 1.539192e-01 1.778877e-01 1.520135e-01 1.616664e-01 1.748988e-01 1.626649e-01 1.695226e-01 1.762910e-01 1.795934e-01 2.114743e-01 2.346985e-01 2.305572e-01 2.617343e-01 3.091833e-01 2.962505e-01 2.809297e-01 3.084372e-01 3.207870e-01 3.029045e-01 3.144465e-01 3.601838e-01 3.847139e-01 3.755312e-01 3.631365e-01 3.604040e-01 3.679957e-01 3.906960e-01 4.261600e-01 4.606583e-01 4.845775e-01 5.014917e-01 5.173542e-01 5.379513e-01 5.624346e-01 5.765911e-01 5.739800e-01 5.549415e-01 5.244721e-01 4.817935e-01 4.150907e-01 3.486551e-01 2.982670e-01 2.720528e-01 2.713509e-01 2.820767e-01 3.046068e-01 3.367011e-01 3.825504e-01 4.383983e-01 4.841122e-01 5.089346e-01 5.145285e-01 5.110130e-01 4.945765e-01 4.684835e-01 4.395141e-01 4.136120e-01 3.939846e-01 3.733350e-01 3.558284e-01 3.386267e-01 3.230678e-01 3.104200e-01 2.956782e-01 2.812072e-01 2.610611e-01 2.355878e-01 2.149706e-01 2.002669e-01 1.874966e-01 1.812909e-01 1.816487e-01 1.757937e-01 1.611106e-01 1.400773e-01 1.170700e-01 1.052905e-01 1.011629e-01 1.004486e-01 1.065875e-01 1.054558e-01 9.249034e-02 7.666425e-02 6.164145e-02 5.254650e-02 4.534491e-02 3.457532e-02 2.537526e-02 1.686188e-02 1.019839e-02 7.647726e-03 5.620961e-03 4.080138e-03 2.934328e-03 1.262132e-03 4.970939e-04 1.276186e-04 1.635362e-05 1.578718e-06 6.249545e-08 1.706710e-09 2.993301e-11 1.154589e-13 5.592679e-17 4.997919e-22 5.503636e-29 5.047864e-38 2.802597e-45 2.802597e-45 2.802597e-45 1.401298e-45 1.401298e-45 1.401298e-45 1.401298e-45 1.401298e-45 1.401298e-45 1.401298e-45 1.401298e-45 1.401298e-45 1.401298e-45 1.401298e-45 1.401298e-45 1.401298e-45
5.605194e-45 1.357009e-18 6.792849e-11 4.511180e-11 1.336024e-09 1.708937e-09 1.295278e-08 2.142569e-07 8.261326e-07 1.354112e-07 1.282241e-06 3.912405e-06 1.048941e-05 1.521880e-06 2.010611e-06 1.946679e-06 8.418820e-06 9.931879e-06 3.534075e-05 3.414322e-05 4.485413e-05 4.300346e-05 6.199027e-05 7.780178e-05 7.136984e-05 8.846491e-05 7.807541e-05 1.395560e-04 1.554332e-04 3.170752e-04 3.666419e-04 4.590464e-04 5.059646e-04 5.284129e-04 6.749359e-04 7.683642e-04 1.293040e-03 1.415752e-03 1.746811e-03 2.782689e-03 2.967512e-03 5.502453e-03 5.362397e-03 4.834076e-03 6.078163e-03 4.779431e-03 7.520478e-03 1.024046e-02 9.298837e-03 1.613599e-02 1.600904e-02 1.452933e-02 2.373298e-02 2.258319e-02 2.461287e-02 3.809323e-02 4.093486e-02 5.458203e-02 8.016817e-02 8.753943e-02 1.145655e-01 1.395058e-01 1.289477e-01 1.407110e-01 1.488220e-01 1.366657e-01 1.444116e-01 1.486467e-01 1.496887e-01 1.776641e-01 2.032832e-01 2.124962e-01 2.528529e-01 2.950885e-01 2.718975e-01 2.533573e-01 2.801364e-01 3.004976e-01 2.953717e-01 3.071227e-01 3.251382e-01 3.203357e-01 3.152164e-01 3.201417e-01 3.192603e-01 3.165329e-01 3.298343e-01 3.509977e-01 3.665031e-01 3.896048e-01 4.280198e-01 4.674616e-01 4.990311e-01 5.391399e-01 5.816530e-01 6.002611e-01 5.803785e-01 5.463588e-01 5.218338e-01 5.142662e-01 5.085739e-01 4.681905e-01 4.070372e-01 3.508625e-01 3.191631e-01 3.182735e-01 3.297351e-01 3.466263e-01 3.571581e-01 3.671366e-01 3.873917e-01 4.197737e-01 4.650187e-01 5.134106e-01 5.521328e-01 5.648326e-01 5.536084e-01 5.234461e-01 4.828822e-01 4.388985e-01 3.923365e-01 3.496736e-01 3.067910e-01 2.724540e-01 2.504734e-01 2.406934e-01 2.427045e-01 2.451735e-01 2.437879e-01 2.386649e-01 2.270211e-01 2.088445e-01 1.921913e-01 1.803373e-01 1.728748e-01 1.654052e-01 1.534914e-01 1.338641e-01 1.092863e-01 8.668917e-02 7.217207e-02 6.371901e-02 6.106686e-02 6.043341e-02 5.525423e-02 4.963824e-02 4.241775e-02 3.731240e-02 3.864460e-02 4.236756e-02 4.434086e-02 4.566906e-02 4.054130e-02 3.283232e-02 2.851109e-02 1.785444e-02 1.026808e-02 4.549606e-03 8.796153e-04 1.043178e-04 3.304919e-06 3.404982e-08 1.944283e-10 3.099066e-13 2.102919e-16 1.683462e-20 6.199605e-26 1.536805e-32 1.048031e-41 2.802597e-45 2.802597e-45 1.401298e-45 1.401298e-45 1.401298e-45 1.401298e-45 1.401298e-45 1.401298e-45 1.401298e-45 1.401298e-45 1.401298e-45 1.401298e-45 1.401298e-45 1.401298e-45 1.401298e-45 1.401298e-45
2.756941e-28 1.007828e-15 3.774630e-16 1.215033e-14 2.032262e-14 4.890506e-12 7.571977e-12 6.094640e-11 1.637982e-09 3.408339e-08 1.761503e-08 1.137240e-07 2.069589e-07 2.059119e-06 5.568067e-07 2.277865e-06 9.357480e-07 6.275216e-06 2.951997e-06 2.271905e-05 1.687174e-05 4.719383e-05 2.968605e-05 5.407912e-05 6.137446e-05 5.872655e-05 9.204049e-05 1.088600e-04 2.647821e-04 2.897244e-04 4.700698e-04 6.496608e-04 8.014523e-04 9.389556e-04 9.539357e-04 1.043144e-03 1.228847e-03 1.461013e-03 1.900607e-03 2.238726e-03 2.883324e-03 3.385113e-03 3.689774e-03 4.175344e-03 4.328670e-03 5.294621e-03 5.844371e-03 6.719367e-03 9.000046e-03 9.425629e-03 1.215417e-02 1.549823e-02 1.659723e-02 2.207116e-02 2.696469e-02 3.257928e-02 4.265459e-02 5.086662e-02 6.914897e-02 8.810035e-02 9.550648e-02 1.132641e-01 1.178883e-01 1.092474e-01 1.158179e-01 1.290645e-01 1.418610e-01 1.654425e-01 1.965485e-01 2.210577e-01 2.341098e-01 2.421796e-01 2.518386e-01 2.696760e-01 2.963636e-01 3.122556e-01 3.137287e-01 3.131440e-01 2.977332e-01 2.694026e-01 2.544505e-01 2.600178e-01 2.678023e-01 2.636437e-01 2.698303e-01 3.112894e-01 3.789931e-01 4.441864e-01 4.903403e-01 5.171638e-01 5.362523e-01 5.560230e-01 5.682387e-01 5.724391e-01 5.910024e-01 6.410035e-01 6.914271e-01 7.002959e-01 6.599509e-01 5.900573e-01 5.243640e-01 4.711722e-01 4.470950e-01 4.335286e-01 4.163428e-01 4.016164e-01 3.928782e-01 4.049264e-01 4.269268e-01 4.439397e-01 4.482480e-01 4.450329e-01 4.497348e-01 4.557719e-01 4.577395e-01 4.533780e-01 4.520062e-01 4.516623e-01 4.429362e-01 4.203278e-01 3.845145e-01 3.429879e-01 2.979302e-01 2.564268e-01 2.193186e-01 1.870596e-01 1.627545e-01 1.468264e-01 1.415613e-01 1.417980e-01 1.428738e-01 1.455719e-01 1.455169e-01 1.367605e-01 1.274837e-01 1.244128e-01 1.255905e-01 1.347434e-01 1.464598e-01 1.494033e-01 1.462439e-01 1.360714e-01 1.276738e-01 1.337717e-01 1.508094e-01 1.634761e-01 1.624973e-01 1.425906e-01 1.160957e-01 9.056642e-02 7.370910e-02 6.293979e-02 4.568217e-02 3.273408e-02 1.819405e-02 8.092907e-03 4.624124e-03 1.733112e-03 7.596253e-04 1.928561e-04 1.570686e-05 7.951400e-07 5.336403e-09 8.296765e-12 9.699256e-16 3.858140e-21 2.127062e-27 1.913475e-35 2.382207e-44 2.802597e-45 1.401298e-45 1.401298e-45 1.401298e-45 1.401298e-45 1.401298e-45 1.401298e-45 1.401298e-45 1.401298e-45 1.401298e-45 1.401298e-45 1.401298e-45 1.401298e-45 1.401298e-45 1.401298e-45 1.401298e-45
5.351427e-37 2.863403e-23 1.860550e-19 3.888533e-21 7.873834e-19 9.689003e-18 1.030761e-14 2.469480e-14 5.355313e-13 3.838174e-11 1.634291e-09 1.315363e-09 1.178120e-08 3.133662e-08 6.674570e-07 2.591049e-07 1.181625e-06 4.656288e-07 2.918380e-06 1.406724e-06 1.074223e-05 1.043682e-05 3.058280e-05 2.818029e-05 3.696528e-05 4.900029e-05 5.659443e-05 1.101655e-04 1.518653e-04 2.414473e-04 3.797160e-04 5.180824e-04 9.487320e-04 1.191298e-03 1.483149e-03 1.719185e-03 1.489635e-03 2.194331e-03 2.245077e-03 2.589877e-03 2.643303e-03 1.818890e-03 2.574350e-03 3.202308e-03 4.356501e-03 6.768612e-03 6.690067e-03 7.965390e-03 9.450928e-03 1.008022e-02 1.363698e-02 1.799995e-02 2.139186e-02 2.720351e-02 3.415800e-02 3.857665e-02 4.324989e-02 5.047427e-02 5.877725e-02 6.658298e-02 7.298938e-02 7.948615e-02 8.808217e-02 1.026380e-01 1.193183e-01 1.302328e-01 1.533468e-01 1.840710e-01 1.906601e-01 2.067472e-01 2.578184e-01 2.862640e-01 2.799559e-01 2.959312e-01 3.189659e-01 3.133374e-01 2.991868e-01 2.860137e-01 2.709452e-01 2.686051e-01 2.668315e-01 2.434953e-01 2.286639e-01 2.485417e-01 2.835695e-01 3.117788e-01 3.453248e-01 3.817082e-01 4.092666e-01 4.327970e-01 4.659107e-01 5.194753e-01 5.901660e-01 6.424646e-01 6.426173e-01 6.140997e-01 6.048562e-01 6.242704e-01 6.290740e-01 5.817643e-01 5.173346e-01 4.686790e-01 4.585551e-01 4.691770e-01 4.795003e-01 4.849291e-01 4.770127e-01 4.790257e-01 4.919479e-01 5.134798e-01 5.301954e-01 5.318869e-01 5.216929e-01 4.918742e-01 4.532762e-01 4.131863e-01 3.834261e-01 3.599377e-01 3.362541e-01 3.130424e-01 2.901754e-01 2.704183e-01 2.542808e-01 2.427262e-01 2.352169e-01 2.274437e-01 2.169327e-01 2.015846e-01 1.835265e-01 1.646527e-01 1.521930e-01 1.497089e-01 1.522941e-01 1.579000e-01 1.644317e-01 1.674126e-01 1.660908e-01 1.598242e-01 1.490152e-01 1.443130e-01 1.391356e-01 1.217511e-01 1.017004e-01 7.875527e-02 6.265408e-02 5.234951e-02 4.765958e-02 4.630230e-02 3.814901e-02 2.740510e-02 1.774095e-02 9.972585e-03 6.157279e-03 3.032646e-03 1.033907e-03 3.425447e-04 5.347971e-05 8.694155e-06 1.136470e-06 8.575073e-08 1.285051e-08 9.714916e-10 6.095396e-11 7.429281e-13 2.328788e-16 3.644989e-21 2.933223e-28 5.926016e-37 4.203895e-45 2.802597e-45 2.802597e-45 1.401298e-45 1.401298e-45 1.401298e-45 1.401298e-45 1.401298e-45 1.401298e-45 1.401298e-45 1.401298e-45 1.401298e-45 1.401298e-45 1.401298e-45 1.401298e-45 1.401298e-45 1.401298e-45
1.444739e-42 2.225514e-40 6.189643e-29 1.821547e-24 7.129078e-25 3.524718e-22 1.337152e-20 1.678713e-17 2.401950e-16 8.415260e-15 2.042303e-12 8.617954e-11 2.342520e-10 1.117008e-09 5.026886e-09 1.093975e-07 2.495513e-07 7.581041e-07 5.539055e-07 1.287360e-06 9.854321e-07 3.888626e-06 7.340499e-06 1.556222e-05 2.298594e-05 3.745793e-05 7.576384e-05 1.016187e-04 1.618408e-04 2.872561e-04 3.721520e-04 6.272289e-04 7.061155e-04 1.180078e-03 1.448907e-03 1.893228e-03 2.536958e-03 2.173101e-03 2.887508e-03 2.615691e-03 2.578758e-03 3.125765e-03 2.924856e-03 4.455347e-03 6.069680e-03 6.940430e-03 1.075637e-02 1.061506e-02 1.201926e-02 1.749801e-02 1.795250e-02 2.198013e-02 2.940122e-02 3.194083e-02 3.335967e-02 3.813280e-02 4.740679e-02 4.783165e-02 4.511320e-02 5.134305e-02 5.452759e-02 5.807339e-02 7.716262e-02 9.877877e-02 1.240366e-01 1.597839e-01 1.742723e-01 1.910118e-01 2.338268e-01 2.462569e-01 2.357326e-01 2.619019e-01 2.872978e-01 2.688212e-01 2.702481e-01 2.985182e-01 2.890579e-01 2.653810e-01 2.673899e-01 2.692576e-01 2.624845e-01 2.732300e-01 2.900684e-01 2.934323e-01 3.051098e-01 3.417862e-01 3.749664e-01 3.862289e-01 4.023706e-01 4.389475e-01 4.666207e-01 4.690460e-01 4.762149e-01 5.298111e-01 6.175877e-01 6.798561e-01 6.716313e-01 6.302584e-01 6.061952e-01 6.061801e-01 6.065047e-01 5.780705e-01 5.429431e-01 5.113246e-01 4.896018e-01 4.858890e-01 4.834357e-01 4.723491e-01 4.324205e-01 3.795837e-01 3.377100e-01 3.115100e-01 2.936566e-01 2.737944e-01 2.572749e-01 2.447938e-01 2.339783e-01 2.234032e-01 2.164287e-01 2.197429e-01 2.257723e-01 2.285542e-01 2.251756e-01 2.181378e-01 2.154130e-01 2.196163e-01 2.329180e-01 2.495230e-01 2.609152e-01 2.607631e-01 2.509533e-01 2.326797e-01 2.109493e-01 1.963672e-01 1.903723e-01 1.892092e-01 1.873691e-01 1.720774e-01 1.423696e-01 1.151129e-01 9.117862e-02 7.650714e-02 6.551481e-02 5.293912e-02 3.877659e-02 2.714243e-02 2.079674e-02 1.849623e-02 1.993547e-02 2.045635e-02 1.878490e-02 1.556434e-02 9.505877e-03 4.863471e-03 2.341030e-03 7.320183e-04 1.782728e-04 2.215681e-05 8.257978e-07 2.084622e-08 2.361882e-10 3.468480e-12 7.109015e-14 4.029832e-16 1.049715e-18 6.414206e-23 7.492414e-29 7.943503e-37 5.605194e-45 4.203895e-45 2.802597e-45 2.802597e-45 1.401298e-45 1.401298e-45 1.401298e-45 1.401298e-45 1.401298e-45 1.401298e-45 1.401298e-45 1.401298e-45 1.401298e-45 1.401298e-45 1.401298e-45 1.401298e-45 1.401298e-45
7.006492e-45 8.407791e-45 7.006492e-45 8.976530e-33 2.508896e-28 2.073180e-27 7.364388e-26 8.300567e-23 1.677131e-19 4.563232e-17 1.545852e-16 1.222897e-13 4.957920e-12 1.238440e-10 4.353574e-10 9.992836e-09 5.020746e-08 2.171159e-07 4.390921e-07 7.383706e-07 1.034814e-06 1.058660e-06 2.536480e-06 5.246198e-06 1.497595e-05 2.748079e-05 4.562911e-05 1.083071e-04 1.700217e-04 3.763383e-04 4.792172e-04 6.885705e-04 8.481928e-04 1.072897e-03 1.757540e-03 2.314624e-03 3.489220e-03 4.397990e-03 4.242872e-03 4.611221e-03 4.864857e-03 6.505968e-03 9.221219e-03 1.018381e-02 1.206365e-02 1.259470e-02 1.277622e-02 1.997537e-02 2.261392e-02 2.279118e-02 2.999818e-02 3.055823e-02 3.190295e-02 3.710073e-02 3.959416e-02 3.950641e-02 3.768779e-02 4.260825e-02 4.703218e-02 4.489025e-02 5.140500e-02 6.783720e-02 8.240960e-02 9.672208e-02 1.215822e-01 1.509256e-01 1.718962e-01 1.773061e-01 1.743849e-01 1.834059e-01 1.987423e-01 2.036468e-01 2.161330e-01 2.396422e-01 2.327351e-01 2.100789e-01 2.228300e-01 2.566588e-01 2.717864e-01 2.826383e-01 3.059309e-01 3.262651e-01 3.416630e-01 3.609718e-01 3.662988e-01 3.505565e-01 3.462971e-01 3.560698e-01 3.541386e-01 3.588986e-01 4.011517e-01 4.669092e-01 5.116900e-01 5.287275e-01 5.410441e-01 5.620891e-01 5.782382e-01 5.748870e-01 5.537484e-01 5.361034e-01 5.383760e-01 5.270007e-01 4.963593e-01 4.535287e-01 4.250424e-01 4.251724e-01 4.282977e-01 4.302153e-01 4.267995e-01 4.277496e-01 4.254473e-01 4.050488e-01 3.784359e-01 3.575658e-01 3.519478e-01 3.509901e-01 3.443863e-01 3.305214e-01 3.169597e-01 3.112861e-01 3.067831e-01 3.033211e-01 2.939873e-01 2.744201e-01 2.472758e-01 2.162286e-01 1.922297e-01 1.781733e-01 1.718917e-01 1.712075e-01 1.700090e-01 1.608579e-01 1.432684e-01 1.240648e-01 1.062040e-01 9.535512e-02 9.481999e-02 9.982970e-02 1.050728e-01 1.061847e-01 1.002365e-01 9.713601e-02 9.536090e-02 9.670300e-02 9.853496e-02 9.032950e-02 7.439723e-02 5.852903e-02 4.486044e-02 3.965064e-02 3.948720e-02 3.552112e-02 2.772202e-02 1.544483e-02 6.606471e-03 2.472390e-03 8.327993e-04 1.908257e-04 2.361211e-05 1.030992e-06 1.365556e-08 7.793768e-11 9.024553e-14 4.925061e-17 4.740614e-21 7.932844e-26 3.046677e-31 3.668795e-38 4.203895e-45 4.203895e-45 2.802597e-45 2.802597e-45 2.802597e-45 2.802597e-45 1.401298e-45 1.401298e-45 1.401298e-45 1.401298e-45 1.401298e-45 1.401298e-45 1.401298e-45 1.401298e-45 1.401298e-45 1.401298e-45 1.401298e-45
7.006492e-45 7.006492e-45 8.407791e-45 8.407791e-45 2.078614e-34 1.329324e-31 4.276885e-28 4.958326e-27 2.939297e-23 3.710212e-21 1.391308e-16 3.924497e-16 3.247299e-13 2.681955e-12 2.286911e-10 9.505517e-11 1.674192e-09 6.273104e-09 6.210195e-08 3.740743e-07 5.597853e-07 1.658493e-06 9.526927e-07 5.342310e-06 4.765703e-06 2.334584e-05 3.282858e-05 6.655276e-05 1.568716e-04 1.601184e-04 5.396907e-04 5.306646e-04 1.219936e-03 1.396678e-03 1.914516e-03 3.106816e-03 3.696987e-03 5.639766e-03 6.069859e-03 7.649500e-03 9.267873e-03 1.079504e-02 1.419815e-02 1.728961e-02 1.853958e-02 2.280814e-02 2.569622e-02 2.468158e-02 3.093521e-02 3.809866e-02 3.767909e-02 4.240407e-02 4.276826e-02 3.736420e-02 3.889922e-02 4.169280e-02 4.103516e-02 4.227072e-02 4.912353e-02 6.085833e-02 7.375615e-02 7.540685e-02 8.028395e-02 1.005893e-01 1.070175e-01 1.035734e-01 1.212017e-01 1.431854e-01 1.484369e-01 1.586135e-01 1.679006e-01 1.658642e-01 1.676430e-01 1.811071e-01 2.014633e-01 2.242536e-01 2.452852e-01 2.590272e-01 2.690048e-01 2.756601e-01 2.777511e-01 2.846120e-01 2.944939e-01 3.013163e-01 3.120362e-01 3.321493e-01 3.614091e-01 3.976171e-01 4.325384e-01 4.457853e-01 4.307601e-01 4.213811e-01 4.456954e-01 4.941665e-01 5.240606e-01 5.093760e-01 4.638048e-01 4.256738e-01 4.171403e-01 4.326009e-01 4.517419e-01 4.438046e-01 4.274026e-01 4.113925e-01 3.970210e-01 3.894905e-01 3.758024e-01 3.626107e-01 3.423505e-01 3.194059e-01 2.960994e-01 2.734127e-01 2.592104e-01 2.541134e-01 2.590604e-01 2.684850e-01 2.791643e-01 2.872682e-01 2.853387e-01 2.722878e-01 2.537290e-01 2.437621e-01 2.451247e-01 2.534658e-01 2.633850e-01 2.634766e-01 2.510529e-01 2.282200e-01 2.059194e-01 1.927614e-01 1.853179e-01 1.841440e-01 1.880367e-01 1.875498e-01 1.748231e-01 1.515395e-01 1.278094e-01 1.097283e-01 1.010986e-01 9.527154e-02 9.333630e-02 8.876146e-02 7.951098e-02 7.105818e-02 6.213027e-02 5.987750e-02 5.429990e-02 4.026043e-02 2.538129e-02 1.335413e-02 6.258237e-03 3.252984e-03 1.545579e-03 6.578614e-04 2.005708e-04 3.716833e-05 5.318454e-06 5.112561e-07 5.127370e-08 3.860253e-09 2.234231e-10 3.524151e-12 7.222891e-15 1.010300e-18 4.247812e-24 2.726614e-30 2.595652e-37 7.006492e-45 2.802597e-45 2.802597e-45 2.802597e-45 1.401298e-45 1.401298e-45 1.401298e-45 1.401298e-45 1.401298e-45 1.401298e-45 1.401298e-45 1.401298e-45 2.802597e-45 1.401298e-45 1.401298e-45 1.401298e-45 1.401298e-45 1.401298e-45
4.203895e-45 5.605194e-45 4.203895e-45 7.006492e-45 7.006492e-45 2.033972e-34 6.417215e-32 8.516134e-26 2.456265e-25 2.190564e-21 1.736183e-20 1.181124e-16 4.543377e-17 2.562693e-13 1.635198e-12 2.765441e-10 4.119854e-10 7.304958e-09 2.510394e-08 4.639315e-08 4.632058e-07 4.949941e-07 3.753953e-06 1.562101e-06 1.117974e-05 6.288643e-06 3.349431e-05 4.612235e-05 1.245286e-04 3.061407e-04 3.109282e-04 1.151138e-03 1.118833e-03 2.577127e-03 2.719650e-03 3.601369e-03 4.423216e-03 4.237656e-03 6.402728e-03 7.243503e-03 1.043549e-02 1.289344e-02 1.331167e-02 1.678075e-02 1.996590e-02 2.300567e-02 2.538484e-02 2.726722e-02 2.788643e-02 3.085233e-02 3.990497e-02 4.108940e-02 4.120132e-02 4.578755e-02 4.009292e-02 3.678680e-02 4.456724e-02 5.071982e-02 5.761764e-02 6.801638e-02 7.475489e-02 8.908214e-02 9.349186e-02 7.644108e-02 7.599641e-02 8.853656e-02 8.712213e-02 9.589057e-02 1.240356e-01 1.315386e-01 1.341616e-01 1.639051e-01 1.830191e-01 1.708445e-01 1.747455e-01 2.027789e-01 2.199303e-01 2.219663e-01 2.309091e-01 2.448162e-01 2.529325e-01 2.572387e-01 2.603694e-01 2.638147e-01 2.742630e-01 2.905052e-01 3.014262e-01 3.108465e-01 3.433250e-01 4.124257e-01 4.930936e-01 5.285161e-01 5.081439e-01 4.770197e-01 4.590982e-01 4.554350e-01 4.465951e-01 4.266901e-01 3.975180e-01 3.728256e-01 3.693942e-01 3.717388e-01 3.708335e-01 3.510180e-01 3.222423e-01 3.107150e-01 3.177039e-01 3.530117e-01 3.934807e-01 4.128183e-01 3.990753e-01 3.643009e-01 3.343551e-01 3.100486e-01 2.940176e-01 2.893708e-01 2.995232e-01 3.185919e-01 3.322221e-01 3.299429e-01 3.091544e-01 2.774819e-01 2.446193e-01 2.208843e-01 2.138864e-01 2.211485e-01 2.382729e-01 2.526446e-01 2.546762e-01 2.402431e-01 2.149649e-01 1.925246e-01 1.769039e-01 1.695258e-01 1.682782e-01 1.665409e-01 1.547154e-01 1.312510e-01 1.033483e-01 7.708044e-02 6.116759e-02 5.293968e-02 4.653494e-02 3.934931e-02 3.421436e-02 2.997222e-02 2.828644e-02 2.961303e-02 2.832915e-02 2.207283e-02 1.271292e-02 5.118042e-03 1.856451e-03 6.244760e-04 1.712509e-04 3.722727e-05 3.321263e-06 1.082031e-07 1.297305e-09 7.877052e-12 4.417163e-14 2.052477e-16 5.182018e-19 1.189872e-22 1.715776e-27 6.115726e-34 5.456656e-42 4.203895e-45 2.802597e-45 2.802597e-45 1.401298e-45 1.401298e-45 1.401298e-45 1.401298e-45 1.401298e-45 1.401298e-45 1.401298e-45 1.401298e-45 2.802597e-45 1.401298e-45 1.401298e-45 1.401298e-45 1.401298e-45 1.401298e-45 1.401298e-45
4.203895e-45 4.203895e-45 4.203895e-45 4.203895e-45 7.006492e-45 7.006492e-45 7.995490e-34 3.177423e-33 1.015973e-27 1.476120e-24 1.180469e-20 2.175243e-19 4.817192e-15 1.229574e-14 1.648216e-12 2.321558e-11 1.319710e-09 1.784245e-09 7.932881e-09 1.606331e-08 9.989753e-08 9.750088e-07 3.858090e-06 1.059041e-05 6.581452e-06 1.455912e-05 1.408441e-05 4.908742e-05 4.936769e-05 1.915240e-04 3.146260e-04 5.214034e-04 1.033262e-03 1.275450e-03 2.506336e-03 2.222356e-03 2.875735e-03 3.472396e-03 4.181084e-03 7.222936e-03 8.209269e-03 1.176649e-02 1.548452e-02 1.624972e-02 2.027823e-02 2.106104e-02 2.255280e-02 2.451815e-02 2.565797e-02 2.760051e-02 2.929466e-02 4.144755e-02 4.806511e-02 4.573206e-02 5.642024e-02 6.117766e-02 5.847112e-02 6.517035e-02 6.987201e-02 7.343107e-02 7.856956e-02 7.478191e-02 7.621556e-02 8.753582e-02 8.437754e-02 7.663965e-02 8.500241e-02 9.260780e-02 9.746243e-02 1.219340e-01 1.424218e-01 1.385451e-01 1.573952e-01 2.006932e-01 2.112255e-01 2.027349e-01 2.221116e-01 2.501238e-01 2.519511e-01 2.391836e-01 2.321653e-01 2.340817e-01 2.378742e-01 2.349202e-01 2.354747e-01 2.607150e-01 3.064405e-01 3.407736e-01 3.456739e-01 3.449493e-01 3.718351e-01 4.330683e-01 4.872488e-01 4.788949e-01 4.214843e-01 3.711542e-01 3.434586e-01 3.331909e-01 3.282480e-01 3.227850e-01 3.263705e-01 3.327609e-01 3.483848e-01 3.446284e-01 3.106402e-01 2.747542e-01 2.503553e-01 2.512320e-01 2.609644e-01 2.725801e-01 2.858349e-01 2.980394e-01 3.063278e-01 2.958075e-01 2.690159e-01 2.402471e-01 2.202085e-01 2.112163e-01 2.119028e-01 2.233474e-01 2.399180e-01 2.475830e-01 2.357104e-01 2.076562e-01 1.801332e-01 1.629510e-01 1.577868e-01 1.599057e-01 1.613705e-01 1.554091e-01 1.414889e-01 1.235561e-01 1.043797e-01 9.046682e-02 8.400349e-02 8.514072e-02 9.247741e-02 1.010434e-01 1.011923e-01 9.373430e-02 8.363262e-02 7.434011e-02 7.592946e-02 8.068388e-02 8.194012e-02 7.853118e-02 6.764987e-02 5.771513e-02 5.408889e-02 4.773349e-02 3.422247e-02 1.824635e-02 6.650525e-03 2.116398e-03 7.611766e-04 3.472267e-04 1.147186e-04 1.640433e-05 3.492580e-07 9.363504e-10 4.036798e-13 4.237967e-17 1.481976e-21 2.325341e-26 1.281971e-31 2.510595e-37 2.942727e-44 2.802597e-45 2.802597e-45 2.802597e-45 2.802597e-45 1.401298e-45 1.401298e-45 1.401298e-45 1.401298e-45 1.401298e-45 1.401298e-45 1.401298e-45 2.802597e-45 1.401298e-45 1.401298e-45 1.401298e-45 1.401298e-45 1.401298e-45 1.401298e-45
4.203895e-45 5.605194e-45 4.203895e-45 5.605194e-45 5.605194e-45 1.146262e-42 2.868374e-38 7.463494e-31 3.205727e-27 4.127502e-25 2.586825e-23 1.047840e-20 3.410470e-18 1.189740e-16 1.937214e-14 7.498331e-13 6.519955e-11 5.351452e-10 1.168253e-09 1.100795e-08 1.779130e-08 2.117770e-07 1.285352e-07 2.008808e-06 1.084775e-06 7.925626e-06 9.255149e-06 1.888663e-05 6.571695e-05 4.881394e-05 2.061407e-04 1.596769e-04 3.870054e-04 5.154812e-04 6.396342e-04 1.341584e-03 1.161638e-03 2.288383e-03 3.050205e-03 3.085286e-03 5.827628e-03 6.348034e-03 9.718095e-03 1.387105e-02 1.340958e-02 1.718276e-02 1.959301e-02 2.272927e-02 2.792144e-02 3.168108e-02 3.647961e-02 3.813578e-02 5.184418e-02 7.474745e-02 8.084827e-02 9.363332e-02 1.052072e-01 1.009148e-01 9.751608e-02 8.911481e-02 7.996403e-02 8.428946e-02 8.875040e-02 8.499491e-02 9.104831e-02 1.036278e-01 1.041133e-01 1.005612e-01 1.031992e-01 1.119122e-01 1.302708e-01 1.455175e-01 1.489041e-01 1.660531e-01 2.014190e-01 2.135301e-01 1.990741e-01 1.955432e-01 2.024506e-01 1.997570e-01 1.889562e-01 1.848351e-01 1.935557e-01 2.076833e-01 2.141102e-01 2.156561e-01 2.264378e-01 2.512157e-01 2.790788e-01 3.007357e-01 3.139204e-01 3.182472e-01 3.297798e-01 3.569343e-01 3.747743e-01 3.586205e-01 3.190926e-01 2.900526e-01 2.804541e-01 2.790940e-01 2.791207e-01 2.724812e-01 2.770151e-01 2.911446e-01 3.062393e-01 3.140308e-01 2.956325e-01 2.734983e-01 2.557701e-01 2.554988e-01 2.736903e-01 2.943329e-01 3.091780e-01 3.135761e-01 3.136168e-01 3.051150e-01 2.753786e-01 2.342357e-01 1.998318e-01 1.847028e-01 1.886402e-01 2.071726e-01 2.326816e-01 2.485314e-01 2.418850e-01 2.161511e-01 1.896195e-01 1.770645e-01 1.811616e-01 1.994250e-01 2.263339e-01 2.458057e-01 2.418503e-01 2.222098e-01 1.975067e-01 1.721071e-01 1.489073e-01 1.365461e-01 1.310093e-01 1.226060e-01 1.078042e-01 9.136163e-02 7.809836e-02 7.267326e-02 7.073341e-02 6.151183e-02 4.860679e-02 3.260809e-02 1.856861e-02 1.020042e-02 4.831659e-03 1.706768e-03 3.904173e-04 5.191984e-05 6.433738e-06 8.509244e-07 2.103569e-07 7.040890e-08 1.384374e-08 8.506268e-10 2.969526e-12 4.102141e-16 1.399478e-21 2.168804e-28 1.300912e-35 2.340168e-43 2.802597e-45 2.802597e-45 1.401298e-45 1.401298e-45 1.401298e-45 1.401298e-45 1.401298e-45 1.401298e-45 1.401298e-45 1.401298e-45 1.401298e-45 2.802597e-45 2.802597e-45 1.401298e-45 1.401298e-45 1.401298e-45 1.401298e-45 1.401298e-45 1.401298e-45
4.203895e-45 4.203895e-45 5.605194e-45 5.605194e-45 7.006492e-45 2.782937e-40 1.613284e-36 1.344436e-28 9.520829e-26 1.314828e-22 1.202415e-21 7.055218e-18 2.874389e-18 9.929955e-15 1.931387e-14 8.927924e-12 6.882853e-12 9.642270e-10 3.915570e-09 9.755248e-09 1.307825e-07 5.739044e-08 9.797475e-07 1.330810e-07 8.264954e-06 1.902940e-06 1.747121e-05 2.059563e-05 2.911121e-05 7.876160e-05 3.772319e-05 2.401162e-04 1.530760e-04 2.925965e-04 4.284043e-04 4.599956e-04 1.644727e-03 1.043626e-03 1.568228e-03 2.338576e-03 1.946495e-03 4.618091e-03 5.434202e-03 7.563345e-03 1.358581e-02 1.504371e-02 2.202980e-02 2.829677e-02 3.188218e-02 4.064618e-02 4.245741e-02 4.822815e-02 5.656192e-02 6.346443e-02 8.357139e-02 1.000285e-01 1.030108e-01 1.087994e-01 1.067314e-01 1.024366e-01 1.036755e-01 9.719988e-02 9.238061e-02 1.013726e-01 1.073411e-01 1.025343e-01 1.070837e-01 1.195871e-01 1.161157e-01 1.051814e-01 1.107141e-01 1.351378e-01 1.602096e-01 1.725080e-01 1.838902e-01 2.058269e-01 2.230808e-01 2.148805e-01 1.980082e-01 1.918399e-01 1.902439e-01 1.878710e-01 1.916545e-01 2.052433e-01 2.222596e-01 2.366856e-01 2.521253e-01 2.708769e-01 2.799784e-01 2.736064e-01 2.682112e-01 2.717269e-01 2.716791e-01 2.604890e-01 2.485687e-01 2.421734e-01 2.313116e-01 2.147287e-01 2.051989e-01 2.085896e-01 2.213587e-01 2.235021e-01 2.217683e-01 2.231976e-01 2.315207e-01 2.457574e-01 2.470119e-01 2.459455e-01 2.471106e-01 2.614088e-01 2.859950e-01 3.055630e-01 3.194653e-01 3.252316e-01 3.288229e-01 3.268233e-01 3.114358e-01 2.885225e-01 2.628598e-01 2.360701e-01 2.120724e-01 1.979745e-01 2.002571e-01 2.166496e-01 2.371101e-01 2.446660e-01 2.282826e-01 1.955585e-01 1.644461e-01 1.470473e-01 1.443703e-01 1.505735e-01 1.612384e-01 1.688226e-01 1.642184e-01 1.447017e-01 1.183043e-01 9.614041e-02 7.829464e-02 6.585266e-02 5.317330e-02 4.137427e-02 3.225312e-02 2.478209e-02 1.963562e-02 1.702763e-02 1.510940e-02 1.249450e-02 9.638132e-03 6.791846e-03 4.581668e-03 2.666028e-03 1.092224e-03 2.617427e-04 2.665878e-05 1.203925e-06 2.820235e-08 4.231472e-10 9.015449e-12 2.031423e-13 4.085552e-15 9.982115e-18 7.401398e-22 5.730749e-28 2.574727e-36 4.203895e-45 2.802597e-45 1.401298e-45 1.401298e-45 1.401298e-45 1.401298e-45 1.401298e-45 1.401298e-45 1.401298e-45 1.401298e-45 1.401298e-45 2.802597e-45 2.802597e-45 1.401298e-45 1.401298e-45 1.401298e-45 1.401298e-45 1.401298e-45 1.401298e-45 1.401298e-45
4.203895e-45 4.203895e-45 5.605194e-45 5.605194e-45 7.006492e-45 9.809089e-45 1.583679e-35 6.257290e-36 1.001040e-30 1.922523e-28 2.504235e-23 1.809917e-23 6.386152e-18 1.064337e-17 1.872753e-13 1.593043e-13 1.457773e-10 3.796904e-10 3.329224e-08 1.193682e-07 9.835885e-08 6.237638e-07 1.220878e-07 2.751558e-06 5.722687e-07 3.197906e-05 1.816898e-05 6.388884e-05 8.306542e-05 6.517473e-05 2.352344e-04 5.700595e-05 2.518909e-04 1.712256e-04 3.053060e-04 5.649862e-04 3.532704e-04 1.229123e-03 9.479063e-04 1.471681e-03 2.772832e-03 2.142231e-03 4.238482e-03 5.688077e-03 8.161391e-03 1.609080e-02 1.859506e-02 2.940709e-02 4.088918e-02 4.148242e-02 5.590437e-02 5.741173e-02 5.229412e-02 5.943006e-02 5.703192e-02 5.893770e-02 7.268556e-02 7.941116e-02 8.934364e-02 1.032341e-01 1.034648e-01 1.097090e-01 1.172183e-01 1.048978e-01 9.929491e-02 1.050588e-01 9.836744e-02 9.324676e-02 1.108234e-01 1.300141e-01 1.333090e-01 1.437956e-01 1.649214e-01 1.833148e-01 1.957186e-01 1.992817e-01 1.977485e-01 2.029049e-01 2.087540e-01 2.003520e-01 1.893669e-01 1.930066e-01 2.096062e-01 2.229461e-01 2.255864e-01 2.246711e-01 2.264433e-01 2.302961e-01 2.320942e-01 2.286832e-01 2.191036e-01 2.071247e-01 2.017896e-01 2.027069e-01 2.002248e-01 1.932794e-01 1.835085e-01 1.705195e-01 1.574217e-01 1.550393e-01 1.714991e-01 1.938740e-01 2.179458e-01 2.419810e-01 2.668399e-01 2.930569e-01 3.000015e-01 2.988249e-01 2.953348e-01 3.005644e-01 3.106982e-01 3.193878e-01 3.347859e-01 3.478984e-01 3.416016e-01 3.096212e-01 2.651971e-01 2.283039e-01 1.998248e-01 1.756595e-01 1.556955e-01 1.383769e-01 1.232420e-01 1.114142e-01 1.061259e-01 1.081530e-01 1.140783e-01 1.167141e-01 1.097797e-01 9.452248e-02 7.769442e-02 6.675161e-02 6.453072e-02 6.712682e-02 6.975089e-02 6.889141e-02 6.687044e-02 6.506486e-02 6.423745e-02 6.631894e-02 6.971196e-02 7.452998e-02 7.484446e-02 6.817050e-02 5.686054e-02 4.816440e-02 4.065592e-02 3.240341e-02 2.383129e-02 1.663834e-02 1.244289e-02 1.140459e-02 1.407887e-02 2.061909e-02 2.175174e-02 8.159755e-03 4.460867e-04 2.244584e-06 1.734021e-09 4.234763e-13 7.161729e-17 1.597119e-20 1.640563e-24 3.975114e-29 1.124403e-35 1.401298e-44 2.802597e-45 2.802597e-45 2.802597e-45 1.401298e-45 1.401298e-45 1.401298e-45 1.401298e-45 1.401298e-45 1.401298e-45 2.802597e-45 2.802597e-45 2.802597e-45 1.401298e-45 1.401298e-45 1.401298e-45 1.401298e-45 1.401298e-45 1.401298e-45 1.401298e-45
5.605194e-45 5.605194e-45 5.605194e-45 7.006492e-45 8.407791e-45 5.229646e-42 1.820987e-39 1.691729e-34 2.089815e-32 4.712865e-26 4.193021e-24 1.314102e-19 3.765844e-19 3.714402e-16 1.810190e-16 6.318665e-13 3.780974e-12 1.049552e-09 3.266662e-09 4.687449e-08 1.756820e-07 1.656040e-07 1.831610e-06 8.451336e-07 1.672309e-05 4.386615e-06 3.721385e-05 1.954705e-05 5.118897e-05 8.427547e-05 5.216710e-05 1.439393e-04 4.324694e-05 2.762664e-04 2.565061e-04 4.066240e-04 5.950889e-04 4.517750e-04 1.513830e-03 1.473349e-03 2.090686e-03 3.277384e-03 3.036025e-03 5.300437e-03 6.267939e-03 8.826016e-03 1.685071e-02 1.839830e-02 2.933349e-02 4.599276e-02 4.619838e-02 5.910045e-02 6.412922e-02 5.379479e-02 5.441859e-02 5.632216e-02 6.029153e-02 7.320963e-02 8.224253e-02 9.599287e-02 1.136582e-01 1.128016e-01 1.124508e-01 1.212931e-01 1.125329e-01 1.019765e-01 1.148958e-01 1.283315e-01 1.227072e-01 1.294060e-01 1.571257e-01 1.726125e-01 1.735160e-01 1.873614e-01 2.040387e-01 2.006501e-01 1.915655e-01 1.918377e-01 1.981069e-01 2.061620e-01 2.168800e-01 2.225366e-01 2.241568e-01 2.343800e-01 2.519991e-01 2.559862e-01 2.432658e-01 2.280369e-01 2.153686e-01 2.054932e-01 1.999942e-01 1.961240e-01 1.865261e-01 1.701395e-01 1.578792e-01 1.560455e-01 1.581352e-01 1.576498e-01 1.530456e-01 1.466436e-01 1.460673e-01 1.489174e-01 1.602307e-01 1.735063e-01 1.854113e-01 2.050936e-01 2.307948e-01 2.689923e-01 3.039493e-01 3.237859e-01 3.278303e-01 3.241723e-01 3.233612e-01 3.250870e-01 3.327357e-01 3.450184e-01 3.458308e-01 3.232680e-01 2.801710e-01 2.350779e-01 2.032986e-01 1.831752e-01 1.675180e-01 1.496550e-01 1.300142e-01 1.135281e-01 1.062676e-01 1.125825e-01 1.302696e-01 1.512734e-01 1.621695e-01 1.605999e-01 1.519237e-01 1.428214e-01 1.374291e-01 1.339092e-01 1.300280e-01 1.209126e-01 1.109268e-01 1.017358e-01 9.620097e-02 9.405323e-02 9.089413e-02 8.718935e-02 8.175997e-02 7.572586e-02 6.923542e-02 6.023875e-02 4.391421e-02 2.327601e-02 8.650482e-03 2.764490e-03 1.132997e-03 9.030997e-04 1.769573e-03 5.172433e-03 6.369125e-03 1.149133e-03 6.307764e-06 9.811932e-10 5.939337e-15 2.861686e-21 9.878861e-28 2.043035e-34 5.081809e-41 1.401298e-45 1.401298e-45 1.401298e-45 1.401298e-45 1.401298e-45 1.401298e-45 1.401298e-45 1.401298e-45 1.401298e-45 2.802597e-45 2.802597e-45 2.802597e-45 1.401298e-45 1.401298e-45 1.401298e-45 1.401298e-45 1.401298e-45 1.401298e-45 1.401298e-45 1.401298e-45
5.605194e-45 5.605194e-45 5.605194e-45 7.006492e-45 9.809089e-45 3.038576e-41 1.804093e-38 6.680277e-35 2.708803e-31 4.678103e-29 1.473898e-25 1.615090e-22 2.860042e-19 1.238713e-17 5.581277e-15 9.226369e-14 2.611829e-11 3.678102e-10 3.008133e-08 3.822114e-08 1.762897e-07 3.165406e-07 7.366621e-07 4.908837e-06 3.055140e-06 1.107019e-05 3.848580e-06 4.303018e-05 2.522558e-05 6.326786e-05 4.062150e-05 5.708537e-05 1.583409e-04 6.322694e-05 2.030181e-04 1.530829e-04 3.323770e-04 3.870448e-04 4.360321e-04 1.302260e-03 1.631922e-03 3.650404e-03 5.188080e-03 5.128364e-03 9.142010e-03 9.399437e-03 1.239036e-02 2.084286e-02 1.930282e-02 2.529197e-02 3.668613e-02 4.120623e-02 5.353198e-02 6.205749e-02 6.315839e-02 6.367278e-02 6.112416e-02 7.019855e-02 8.292595e-02 8.291153e-02 9.374935e-02 1.165097e-01 1.173744e-01 1.142813e-01 1.300347e-01 1.400078e-01 1.332311e-01 1.380280e-01 1.645096e-01 1.803343e-01 1.788297e-01 1.944122e-01 2.121120e-01 2.006339e-01 1.936832e-01 2.093101e-01 2.159642e-01 2.102640e-01 2.178875e-01 2.309494e-01 2.324241e-01 2.398351e-01 2.633051e-01 2.738187e-01 2.556587e-01 2.380608e-01 2.241720e-01 1.955209e-01 1.623784e-01 1.437566e-01 1.402693e-01 1.454810e-01 1.574127e-01 1.709718e-01 1.724887e-01 1.595197e-01 1.448154e-01 1.387542e-01 1.407997e-01 1.466949e-01 1.587384e-01 1.706684e-01 1.844402e-01 1.895093e-01 1.860650e-01 1.860738e-01 1.907171e-01 2.114789e-01 2.442023e-01 2.800888e-01 3.058719e-01 3.071878e-01 2.841952e-01 2.495761e-01 2.223265e-01 2.144635e-01 2.236920e-01 2.406078e-01 2.503642e-01 2.441243e-01 2.230262e-01 1.950416e-01 1.738496e-01 1.630080e-01 1.573237e-01 1.451445e-01 1.237900e-01 1.008620e-01 8.505360e-02 7.873052e-02 8.041044e-02 8.640084e-02 8.643042e-02 7.761973e-02 6.712689e-02 6.102001e-02 5.789675e-02 5.493023e-02 5.254959e-02 4.749479e-02 4.049694e-02 3.173614e-02 2.395867e-02 1.851126e-02 1.544049e-02 1.384105e-02 1.434941e-02 1.801117e-02 2.429093e-02 2.852446e-02 2.170500e-02 9.088005e-03 2.128849e-03 4.039995e-04 9.405991e-05 3.453455e-05 2.607994e-05 1.665931e-05 4.414653e-06 8.458802e-08 2.008588e-11 3.943425e-17 3.512689e-25 7.584523e-35 1.401298e-44 1.401298e-45 1.401298e-45 1.401298e-45 1.401298e-45 1.401298e-45 1.401298e-45 1.401298e-45 1.401298e-45 2.802597e-45 2.802597e-45 1.401298e-45 1.401298e-45 1.401298e-45 1.401298e-45 1.401298e-45 1.401298e-45 1.401298e-45 1.401298e-45 1.401298e-45 1.401298e-45
4.203895e-45 5.605194e-45 5.605194e-45 7.006492e-45 1.121039e-44 1.261169e-44 4.729466e-40 8.499131e-38 1.478231e-32 1.901199e-30 7.244508e-26 9.463145e-23 4.562563e-20 8.171369e-18 1.044137e-15 9.053140e-14 2.642188e-12 7.602574e-10 4.173263e-09 1.802614e-07 2.339392e-07 4.044596e-06 4.089384e-06 8.736440e-06 9.506406e-06 9.666869e-06 2.954269e-05 9.029081e-06 3.632740e-05 1.128463e-05 5.868912e-05 3.681689e-05 8.543651e-05 1.554862e-04 1.211554e-04 4.328502e-04 3.769026e-04 8.431301e-04 7.467775e-04 9.210064e-04 2.735550e-03 2.774960e-03 5.953469e-03 8.190568e-03 8.227946e-03 1.452526e-02 1.338912e-02 1.460031e-02 2.128725e-02 1.870508e-02 2.403381e-02 3.447235e-02 4.038655e-02 5.626915e-02 6.191771e-02 6.405854e-02 7.147923e-02 5.972399e-02 5.890538e-02 7.454862e-02 7.420924e-02 7.929745e-02 1.072301e-01 1.217467e-01 1.230572e-01 1.365101e-01 1.513172e-01 1.618539e-01 1.717840e-01 1.799524e-01 1.907344e-01 2.055105e-01 2.187168e-01 2.207275e-01 2.114380e-01 2.092953e-01 2.162621e-01 2.135835e-01 2.042138e-01 2.083523e-01 2.140077e-01 1.988605e-01 1.862357e-01 2.005012e-01 2.180010e-01 2.066624e-01 1.860529e-01 1.762491e-01 1.625857e-01 1.414298e-01 1.284924e-01 1.277139e-01 1.321671e-01 1.386831e-01 1.516803e-01 1.675766e-01 1.750378e-01 1.744498e-01 1.732694e-01 1.739713e-01 1.790855e-01 1.838609e-01 1.939207e-01 2.037082e-01 2.111470e-01 2.198496e-01 2.200377e-01 2.214961e-01 2.283435e-01 2.481610e-01 2.821763e-01 3.147034e-01 3.293426e-01 3.204187e-01 2.950451e-01 2.658983e-01 2.431860e-01 2.342321e-01 2.364617e-01 2.396841e-01 2.297103e-01 2.053064e-01 1.766600e-01 1.523794e-01 1.358736e-01 1.272420e-01 1.225152e-01 1.117974e-01 9.234727e-02 7.237585e-02 5.904972e-02 5.253293e-02 5.029114e-02 4.904943e-02 4.497496e-02 3.891709e-02 3.396391e-02 3.247160e-02 3.459908e-02 3.891587e-02 4.303700e-02 4.181991e-02 3.702315e-02 2.989423e-02 2.320530e-02 1.802023e-02 1.469398e-02 1.361220e-02 1.487422e-02 2.043532e-02 3.659912e-02 6.269895e-02 7.058998e-02 3.373955e-02 4.631041e-03 2.995893e-04 1.027410e-05 5.045955e-07 4.253450e-08 2.701030e-09 6.433046e-11 2.887120e-14 4.434591e-20 1.553437e-28 2.085585e-39 2.802597e-45 2.802597e-45 1.401298e-45 1.401298e-45 1.401298e-45 1.401298e-45 1.401298e-45 1.401298e-45 2.802597e-45 2.802597e-45 1.401298e-45 1.401298e-45 1.401298e-45 1.401298e-45 1.401298e-45 1.401298e-45 1.401298e-45 1.401298e-45 1.401298e-45 1.401298e-45
5.605194e-45 4.203895e-45 5.605194e-45 5.605194e-45 7.006492e-45 9.809089e-45 1.681558e-44 1.190143e-36 2.103681e-35 1.896864e-30 5.837811e-28 1.457345e-24 6.899155e-22 6.374022e-18 7.910700e-16 4.138881e-14 4.474941e-12 8.282400e-11 1.535267e-08 7.091217e-08 2.210915e-06 1.030660e-06 6.360347e-06 3.338495e-06 2.018893e-05 2.110259e-05 2.460053e-05 4.054469e-05 2.541320e-05 1.267172e-04 4.846442e-05 1.642823e-04 9.836413e-05 2.318612e-04 3.534292e-04 3.027814e-04 7.393524e-04 6.757496e-04 1.586594e-03 1.228412e-03 1.066988e-03 2.438679e-03 2.606230e-03 5.452085e-03 7.649351e-03 7.403206e-03 1.218940e-02 1.128156e-02 1.334732e-02 2.258627e-02 2.158979e-02 2.899721e-02 4.324181e-02 4.684990e-02 6.897162e-02 7.563841e-02 6.642640e-02 7.877272e-02 6.782833e-02 5.624076e-02 7.085153e-02 7.625090e-02 7.581871e-02 9.789955e-02 1.233237e-01 1.386945e-01 1.529103e-01 1.597562e-01 1.706451e-01 1.888435e-01 1.912495e-01 1.823893e-01 1.832915e-01 1.906721e-01 1.956692e-01 1.936633e-01 1.877709e-01 1.859402e-01 1.847385e-01 1.803189e-01 1.822023e-01 1.953726e-01 2.069600e-01 2.093558e-01 2.145713e-01 2.233563e-01 2.167356e-01 1.976876e-01 1.852977e-01 1.788248e-01 1.670911e-01 1.539960e-01 1.516268e-01 1.594993e-01 1.656616e-01 1.668911e-01 1.696594e-01 1.808702e-01 1.984654e-01 2.163990e-01 2.299748e-01 2.284392e-01 2.234462e-01 2.230572e-01 2.296706e-01 2.377180e-01 2.305808e-01 2.182813e-01 2.054759e-01 1.978768e-01 1.954265e-01 1.922206e-01 1.896258e-01 1.914671e-01 1.956322e-01 1.966726e-01 1.895209e-01 1.791281e-01 1.749940e-01 1.785184e-01 1.864394e-01 1.944742e-01 1.923669e-01 1.737882e-01 1.465491e-01 1.255272e-01 1.167394e-01 1.177470e-01 1.234136e-01 1.237127e-01 1.120822e-01 9.520259e-02 8.383205e-02 8.023717e-02 7.936472e-02 7.482606e-02 6.329697e-02 5.110338e-02 4.162678e-02 3.802568e-02 3.901541e-02 4.339466e-02 4.899646e-02 5.136568e-02 4.988352e-02 4.630128e-02 4.175422e-02 3.068725e-02 1.846132e-02 1.013694e-02 6.302838e-03 6.135559e-03 8.141163e-03 8.688793e-03 4.772306e-03 5.069245e-04 1.235699e-05 1.029072e-07 3.241669e-10 1.595660e-12 4.308837e-15 6.218768e-18 1.241880e-21 3.447384e-27 1.205627e-34 1.961818e-44 2.802597e-45 2.802597e-45 1.401298e-45 1.401298e-45 1.401298e-45 1.401298e-45 2.802597e-45 2.802597e-45 1.401298e-45 1.401298e-45 1.401298e-45 1.401298e-45 1.401298e-45 1.401298e-45 1.401298e-45 1.401298e-45 1.401298e-45 1.401298e-45 1.401298e-45
2.802597e-45 2.802597e-45 2.802597e-45 2.802597e-45 4.203895e-45 5.605194e-45 1.541428e-44 3.057633e-42 1.448375e-36 3.686694e-33 1.369294e-29 5.322078e-27 4.621071e-22 2.812566e-19 1.221037e-16 1.489053e-14 1.591505e-12 3.408829e-10 1.374240e-08 8.921911e-07 1.654735e-06 7.403631e-06 3.388742e-06 1.792955e-05 1.360325e-05 4.120276e-05 3.673496e-05 6.726089e-05 8.455819e-05 6.519906e-05 1.495531e-04 1.657173e-04 4.115718e-04 3.352019e-04 6.760506e-04 7.388428e-04 7.346963e-04 1.176719e-03 1.186625e-03 2.407661e-03 1.864263e-03 1.849420e-03 3.322404e-03 3.229971e-03 6.174011e-03 7.490711e-03 7.530467e-03 1.503217e-02 1.426417e-02 1.793501e-02 3.318432e-02 2.605141e-02 3.564258e-02 5.157407e-02 4.506158e-02 6.936099e-02 8.577445e-02 7.011358e-02 8.639772e-02 8.686200e-02 6.792922e-02 7.619815e-02 9.071957e-02 9.046073e-02 9.903907e-02 1.191700e-01 1.423889e-01 1.611682e-01 1.662273e-01 1.643635e-01 1.633017e-01 1.607868e-01 1.585184e-01 1.616232e-01 1.635923e-01 1.620664e-01 1.666359e-01 1.736133e-01 1.715559e-01 1.693841e-01 1.768163e-01 1.861733e-01 1.926098e-01 2.076367e-01 2.288931e-01 2.364331e-01 2.354905e-01 2.380582e-01 2.351801e-01 2.273210e-01 2.203256e-01 2.082205e-01 1.923944e-01 1.877891e-01 1.993586e-01 2.138778e-01 2.147189e-01 2.088896e-01 2.138187e-01 2.305082e-01 2.526043e-01 2.681660e-01 2.857044e-01 3.011785e-01 3.070310e-01 3.090402e-01 3.048659e-01 3.066502e-01 3.012871e-01 2.851985e-01 2.646893e-01 2.471375e-01 2.404658e-01 2.366717e-01 2.263413e-01 2.107600e-01 1.946339e-01 1.795296e-01 1.644262e-01 1.494534e-01 1.409606e-01 1.437263e-01 1.553609e-01 1.703359e-01 1.754011e-01 1.585803e-01 1.269594e-01 9.849457e-02 8.317769e-02 7.651608e-02 7.022719e-02 6.016648e-02 4.731117e-02 3.638510e-02 3.071171e-02 2.956277e-02 3.053150e-02 2.999911e-02 2.577673e-02 1.945252e-02 1.394687e-02 1.118325e-02 9.650001e-03 9.253925e-03 1.042341e-02 1.362921e-02 1.940368e-02 2.774291e-02 3.268038e-02 2.672613e-02 1.607195e-02 6.638967e-03 2.587951e-03 1.042020e-03 2.920390e-04 4.818832e-05 3.155719e-06 3.669783e-08 1.194498e-10 5.619046e-14 5.372216e-18 2.700382e-22 3.549424e-27 2.856413e-32 1.576572e-38 5.605194e-45 5.605194e-45 4.203895e-45 2.802597e-45 2.802597e-45 2.802597e-45 2.802597e-45 2.802597e-45 1.401298e-45 1.401298e-45 1.401298e-45 1.401298e-45 1.401298e-45 2.802597e-45 1.401298e-45 1.401298e-45 1.401298e-45 1.401298e-45 1.401298e-45 1.401298e-45
1.401298e-45 1.401298e-45 1.401298e-45 2.802597e-45 2.802597e-45 4.203895e-45 5.605194e-45 2.578389e-43 5.618101e-38 1.850427e-34 1.610266e-31 7.809540e-26 2.439501e-22 3.055692e-19 6.627346e-17 2.130056e-14 3.558369e-12 4.430022e-10 3.575462e-08 6.894614e-07 5.387653e-06 9.115535e-06 2.382084e-05 1.676297e-05 2.944766e-05 2.886517e-05 1.041227e-04 1.290342e-04 2.841269e-04 3.165932e-04 4.579510e-04 5.725458e-04 7.325726e-04 9.520466e-04 8.616186e-04 2.086386e-03 1.943636e-03 2.259319e-03 2.024171e-03 1.922973e-03 4.024482e-03 2.858372e-03 2.966976e-03 4.049708e-03 3.713215e-03 8.613648e-03 1.223291e-02 1.234049e-02 2.496900e-02 1.999901e-02 1.916255e-02 3.630495e-02 2.595261e-02 2.996689e-02 4.992570e-02 4.301214e-02 5.915135e-02 9.011378e-02 7.678927e-02 8.240001e-02 1.020720e-01 8.948599e-02 8.696631e-02 1.017374e-01 1.051721e-01 1.079918e-01 1.117766e-01 1.108044e-01 1.167763e-01 1.193861e-01 1.068116e-01 1.022701e-01 1.093600e-01 1.080428e-01 1.080417e-01 1.244974e-01 1.383187e-01 1.439606e-01 1.619583e-01 1.844192e-01 1.999657e-01 2.260750e-01 2.586876e-01 2.702188e-01 2.758805e-01 2.949483e-01 3.095835e-01 3.075339e-01 3.097638e-01 3.200152e-01 3.230319e-01 3.164412e-01 3.091902e-01 3.010559e-01 2.881301e-01 2.773989e-01 2.735482e-01 2.698434e-01 2.594500e-01 2.490171e-01 2.551019e-01 2.722203e-01 2.992498e-01 3.198433e-01 3.227820e-01 3.171300e-01 3.032330e-01 2.892493e-01 2.670173e-01 2.402647e-01 2.142843e-01 1.895971e-01 1.720693e-01 1.648737e-01 1.685884e-01 1.821800e-01 1.982722e-01 2.084211e-01 2.034024e-01 1.833450e-01 1.601588e-01 1.413846e-01 1.291784e-01 1.265816e-01 1.321610e-01 1.391184e-01 1.360557e-01 1.167014e-01 9.145530e-02 7.139479e-02 6.122711e-02 5.872503e-02 5.685441e-02 5.005454e-02 3.919899e-02 3.047826e-02 2.708586e-02 2.798873e-02 3.142970e-02 3.400355e-02 3.402608e-02 3.038610e-02 2.438011e-02 1.996262e-02 1.651899e-02 1.494643e-02 1.453295e-02 1.633855e-02 2.125867e-02 3.158823e-02 3.919899e-02 3.352349e-02 1.738913e-02 3.712647e-03 4.185425e-04 2.450236e-05 6.957747e-07 9.187211e-09 3.926203e-11 1.774416e-14 1.976873e-18 1.767746e-23 5.633582e-29 4.452778e-35 4.247336e-42 4.203895e-45 4.203895e-45 4.203895e-45 4.203895e-45 4.203895e-45 2.802597e-45 2.802597e-45 2.802597e-45 1.401298e-45 1.401298e-45 1.401298e-45 1.401298e-45 1.401298e-45 2.802597e-45 2.802597e-45 1.401298e-45 1.401298e-45 1.401298e-45 1.401298e-45 1.401298e-45
0.000000e+00 0.000000e+00 1.401298e-45 1.401298e-45 2.802597e-45 2.802597e-45 4.203895e-45 4.834480e-43 7.827530e-37 4.672981e-33 2.126269e-27 6.821217e-24 3.594507e-21 1.976091e-18 2.253782e-15 6.394723e-13 5.770182e-11 2.863525e-09 8.921674e-08 1.114851e-06 1.170192e-05 3.224915e-05 6.337534e-05 6.319376e-05 1.312795e-04 2.016568e-04 2.852836e-04 4.301953e-04 3.787425e-04 7.510484e-04 5.076341e-04 9.883104e-04 6.619748e-04 1.376734e-03 1.611384e-03 1.465044e-03 2.967965e-03 2.128401e-03 3.440185e-03 2.828860e-03 3.181050e-03 6.425648e-03 4.617615e-03 5.591666e-03 6.497438e-03 6.310331e-03 1.212280e-02 1.427782e-02 1.419883e-02 2.105667e-02 1.932693e-02 1.946372e-02 3.053345e-02 3.229349e-02 3.372173e-02 5.000052e-02 5.607838e-02 5.977273e-02 8.611115e-02 9.451269e-02 8.804963e-02 1.069257e-01 1.184606e-01 1.077383e-01 1.033206e-01 9.751546e-02 9.135594e-02 8.745842e-02 7.895769e-02 7.579859e-02 7.909594e-02 7.596546e-02 7.219385e-02 7.856008e-02 8.642564e-02 9.252173e-02 1.085357e-01 1.329228e-01 1.609421e-01 2.008357e-01 2.441517e-01 2.689713e-01 2.924712e-01 3.237105e-01 3.368306e-01 3.362096e-01 3.453300e-01 3.441183e-01 3.221195e-01 3.150864e-01 3.366651e-01 3.597689e-01 3.631429e-01 3.607504e-01 3.614724e-01 3.546478e-01 3.237715e-01 2.841608e-01 2.614291e-01 2.615192e-01 2.775744e-01 2.908326e-01 3.020485e-01 3.080373e-01 3.097201e-01 3.101048e-01 3.006756e-01 2.912888e-01 2.813071e-01 2.724261e-01 2.582419e-01 2.333991e-01 2.029888e-01 1.723868e-01 1.500933e-01 1.399799e-01 1.400237e-01 1.488229e-01 1.642741e-01 1.802495e-01 1.854659e-01 1.727069e-01 1.501784e-01 1.318174e-01 1.230306e-01 1.263698e-01 1.390914e-01 1.496916e-01 1.406182e-01 1.123869e-01 8.823832e-02 7.732899e-02 7.839681e-02 8.853507e-02 9.718544e-02 9.145426e-02 7.122757e-02 5.195183e-02 4.122940e-02 3.800132e-02 3.919236e-02 3.909075e-02 4.006155e-02 4.216616e-02 4.208786e-02 3.735179e-02 2.568615e-02 1.342601e-02 5.909187e-03 2.699866e-03 1.438927e-03 1.271353e-03 9.270613e-04 3.654835e-04 4.868226e-05 1.275689e-06 9.283742e-09 2.213737e-11 1.104280e-14 3.469466e-18 3.166181e-22 1.229622e-26 3.096494e-31 1.956454e-37 3.783506e-44 4.203895e-45 4.203895e-45 4.203895e-45 4.203895e-45 2.802597e-45 2.802597e-45 2.802597e-45 2.802597e-45 2.802597e-45 1.401298e-45 1.401298e-45 1.401298e-45 1.401298e-45 2.802597e-45 1.401298e-45 1.401298e-45 1.401298e-45 1.401298e-45 1.401298e-45 1.401298e-45
1.401298e-45 1.401298e-45 1.401298e-45 2.802597e-45 2.802597e-45 4.203895e-45 5.268882e-43 1.951306e-33 6.953700e-28 1.720998e-22 2.419754e-20 9.432128e-20 1.056918e-17 1.434251e-14 8.605960e-12 3.779321e-10 8.733517e-09 1.066937e-07 9.364607e-07 9.529532e-06 2.814289e-05 1.131064e-04 1.069865e-04 3.087877e-04 2.359531e-04 7.711503e-04 6.265185e-04 8.669442e-04 8.615617e-04 8.310179e-04 1.425038e-03 7.133752e-04 1.379009e-03 6.798176e-04 2.143370e-03 2.155245e-03 2.362075e-03 4.491689e-03 2.758472e-03 5.566197e-03 3.592432e-03 5.066472e-03 1.094838e-02 8.389414e-03 1.396473e-02 1.169300e-02 1.036221e-02 1.684038e-02 1.482793e-02 2.096839e-02 2.793422e-02 2.674661e-02 3.494523e-02 4.124551e-02 4.902647e-02 5.410943e-02 5.491431e-02 7.369489e-02 8.312975e-02 8.997943e-02 1.220277e-01 1.215829e-01 1.040606e-01 1.140250e-01 1.088730e-01 8.161072e-02 7.016712e-02 6.690633e-02 5.786893e-02 5.249522e-02 5.289853e-02 5.153492e-02 5.074657e-02 5.384225e-02 6.004190e-02 7.115254e-02 8.983979e-02 1.134276e-01 1.375827e-01 1.681112e-01 2.170967e-01 2.746637e-01 3.099129e-01 3.313809e-01 3.644799e-01 4.018315e-01 4.258854e-01 4.319392e-01 4.119799e-01 3.682116e-01 3.360088e-01 3.413611e-01 3.690918e-01 3.827546e-01 3.753418e-01 3.678519e-01 3.596731e-01 3.323150e-01 2.860796e-01 2.484037e-01 2.371925e-01 2.422152e-01 2.540122e-01 2.607420e-01 2.618246e-01 2.610739e-01 2.460943e-01 2.229390e-01 1.995317e-01 1.879356e-01 1.885667e-01 1.929512e-01 1.949847e-01 1.903095e-01 1.819112e-01 1.719514e-01 1.606850e-01 1.524479e-01 1.496270e-01 1.538224e-01 1.601831e-01 1.636574e-01 1.585544e-01 1.442750e-01 1.260668e-01 1.119926e-01 1.066195e-01 1.101250e-01 1.178522e-01 1.178985e-01 1.034673e-01 7.950858e-02 6.049919e-02 5.216509e-02 5.358614e-02 6.052040e-02 6.259812e-02 5.340822e-02 3.766283e-02 2.394220e-02 1.496156e-02 1.026227e-02 8.433540e-03 7.839944e-03 9.622600e-03 1.388761e-02 1.907665e-02 2.053961e-02 1.145975e-02 2.931562e-03 5.285775e-04 8.189978e-05 1.302357e-05 3.368286e-06 4.294167e-07 3.286643e-08 4.508606e-10 5.029839e-13 7.809247e-17 1.183512e-21 5.673494e-27 6.942864e-32 1.536946e-37 4.091792e-43 5.605194e-45 4.203895e-45 4.203895e-45 4.203895e-45 2.802597e-45 2.802597e-45 2.802597e-45 2.802597e-45 1.401298e-45 1.401298e-45 2.802597e-45 2.802597e-45 2.802597e-45 2.802597e-45 1.401298e-45 1.401298e-45 1.401298e-45 1.401298e-45 1.401298e-45 1.401298e-45 1.401298e-45
1.401298e-45 2.802597e-45 2.802597e-45 2.802597e-45 4.203895e-45 1.247326e-32 1.417449e-24 1.459390e-18 1.689189e-13 1.129738e-12 1.928486e-14 6.748340e-14 1.414638e-11 3.120435e-09 3.489196e-08 4.432426e-07 1.243081e-06 3.551538e-06 7.412686e-06 2.963793e-05 1.146327e-04 1.862058e-04 4.750468e-04 3.191370e-04 8.623710e-04 4.374056e-04 1.252689e-03 6.723941e-04 1.248213e-03 7.488721e-04 8.317162e-04 1.240826e-03 9.344167e-04 1.904493e-03 7.216576e-04 1.584805e-03 1.349546e-03 2.005779e-03 5.013139e-03 4.406409e-03 1.184961e-02 7.697961e-03 1.026376e-02 1.987633e-02 1.167272e-02 1.815344e-02 1.202493e-02 9.470304e-03 1.858640e-02 1.638841e-02 2.694226e-02 4.185564e-02 3.372461e-02 4.891418e-02 5.290338e-02 5.545697e-02 7.925124e-02 6.721100e-02 7.560688e-02 1.027881e-01 7.944507e-02 8.538763e-02 1.094620e-01 7.794166e-02 6.785685e-02 8.026567e-02 6.140790e-02 4.648915e-02 5.347257e-02 5.401349e-02 4.353089e-02 4.242321e-02 4.778862e-02 5.071235e-02 5.381742e-02 6.270175e-02 7.892088e-02 1.019073e-01 1.322632e-01 1.660249e-01 1.966751e-01 2.290162e-01 2.689320e-01 3.060930e-01 3.318528e-01 3.539991e-01 3.794276e-01 4.051483e-01 4.159788e-01 3.919994e-01 3.385860e-01 2.934710e-01 2.829950e-01 2.979569e-01 3.045714e-01 2.876699e-01 2.708509e-01 2.732141e-01 2.834440e-01 2.761594e-01 2.521465e-01 2.262596e-01 2.171186e-01 2.198752e-01 2.249321e-01 2.299124e-01 2.314710e-01 2.374809e-01 2.381228e-01 2.288674e-01 2.103698e-01 1.877250e-01 1.688807e-01 1.551686e-01 1.485310e-01 1.470839e-01 1.477774e-01 1.478256e-01 1.419122e-01 1.294551e-01 1.158406e-01 1.083131e-01 1.047073e-01 9.945054e-02 8.966010e-02 7.694729e-02 6.571762e-02 5.986469e-02 6.096406e-02 6.953502e-02 8.196331e-02 8.742928e-02 8.167402e-02 6.850388e-02 5.634388e-02 5.091983e-02 5.547486e-02 6.836261e-02 7.754338e-02 7.377823e-02 5.770389e-02 3.952664e-02 2.485650e-02 1.466067e-02 9.021905e-03 6.412337e-03 7.024602e-03 8.729320e-03 9.919990e-03 8.165349e-03 3.046018e-03 4.689285e-04 4.727221e-05 2.451581e-06 1.347372e-07 6.611259e-09 8.138473e-11 3.574254e-13 6.048798e-17 7.363272e-22 1.177503e-27 2.079131e-34 5.153695e-41 4.203895e-45 4.203895e-45 4.203895e-45 4.203895e-45 4.203895e-45 2.802597e-45 2.802597e-45 2.802597e-45 2.802597e-45 1.401298e-45 1.401298e-45 2.802597e-45 2.802597e-45 2.802597e-45 2.802597e-45 1.401298e-45 1.401298e-45 1.401298e-45 1.401298e-45 1.401298e-45 1.401298e-45 1.401298e-45
1.401298e-45 2.802597e-45 4.203895e-45 2.802597e-45 4.203895e-45 4.203895e-45 7.700997e-38 4.331705e-26 1.339756e-19 9.207439e-18 9.667626e-16 2.230103e-12 1.207680e-09 9.496792e-09 6.952103e-08 1.119949e-07 3.057784e-07 4.483092e-07 4.794609e-06 1.917608e-05 9.611630e-05 1.884528e-04 2.777696e-04 5.429012e-04 4.546848e-04 9.817309e-04 5.052555e-04 1.400776e-03 6.680411e-04 1.610091e-03 9.972495e-04 1.512220e-03 1.809149e-03 1.230173e-03 2.036681e-03 1.024868e-03 2.587375e-03 3.027915e-03 4.207767e-03 8.005165e-03 6.576326e-03 1.378531e-02 1.021209e-02 1.232772e-02 2.040834e-02 1.302695e-02 1.936142e-02 1.738566e-02 1.382489e-02 2.500057e-02 2.162615e-02 2.935470e-02 5.144570e-02 3.977523e-02 5.113124e-02 6.135282e-02 5.533423e-02 8.283349e-02 7.261689e-02 5.926090e-02 8.621874e-02 6.917813e-02 5.634278e-02 8.475579e-02 7.197511e-02 4.972022e-02 6.496502e-02 6.785522e-02 4.512254e-02 4.555706e-02 5.861577e-02 5.197149e-02 4.628688e-02 5.596753e-02 6.607776e-02 7.107486e-02 8.850346e-02 1.186591e-01 1.407804e-01 1.584838e-01 1.879459e-01 2.189898e-01 2.377553e-01 2.540907e-01 2.753420e-01 2.861815e-01 2.855329e-01 2.895084e-01 3.024841e-01 3.130214e-01 3.062890e-01 2.786856e-01 2.466005e-01 2.321749e-01 2.361279e-01 2.409201e-01 2.319033e-01 2.195209e-01 2.199813e-01 2.317439e-01 2.419939e-01 2.373556e-01 2.272221e-01 2.139044e-01 2.003066e-01 1.935587e-01 1.911701e-01 1.959445e-01 2.024137e-01 2.097517e-01 2.180742e-01 2.250248e-01 2.254995e-01 2.079542e-01 1.785938e-01 1.499256e-01 1.314611e-01 1.245408e-01 1.236909e-01 1.242950e-01 1.225395e-01 1.195137e-01 1.150695e-01 1.100491e-01 1.037919e-01 9.441507e-02 8.344517e-02 7.396850e-02 6.898439e-02 7.075604e-02 7.979076e-02 9.648670e-02 1.170631e-01 1.239714e-01 1.062192e-01 7.870293e-02 5.892348e-02 4.969160e-02 5.104726e-02 5.728815e-02 6.069130e-02 6.252209e-02 5.619110e-02 4.085227e-02 2.349653e-02 1.059816e-02 4.059543e-03 1.453839e-03 7.623098e-04 4.212101e-04 2.264613e-04 6.913707e-05 8.269404e-06 4.029506e-07 1.319983e-08 1.531274e-10 1.701207e-12 4.579731e-15 2.993838e-18 3.069461e-22 6.649174e-28 9.324919e-35 6.740246e-43 4.203895e-45 4.203895e-45 4.203895e-45 4.203895e-45 2.802597e-45 2.802597e-45 2.802597e-45 2.802597e-45 2.802597e-45 2.802597e-45 2.802597e-45 2.802597e-45 2.802597e-45 2.802597e-45 1.401298e-45 1.401298e-45 1.401298e-45 1.401298e-45 1.401298e-45 1.401298e-45 1.401298e-45 1.401298e-45
1.401298e-45 1.401298e-45 1.401298e-45 4.203895e-45 9.809089e-45 2.695538e-41 1.346873e-36 5.221444e-32 2.161919e-29 6.256868e-25 1.205587e-18 7.657556e-15 1.057597e-13 9.712114e-13 8.656158e-12 1.393039e-10 1.031567e-09 2.521794e-08 2.870439e-07 6.271644e-06 4.056497e-05 2.880860e-04 4.922902e-04 6.966800e-04 6.077017e-04 5.074698e-04 7.631388e-04 5.209924e-04 1.295599e-03 1.048506e-03 2.259278e-03 1.336095e-03 1.657006e-03 1.944511e-03 1.991177e-03 3.864785e-03 3.450222e-03 6.181195e-03 6.379748e-03 8.011064e-03 1.225266e-02 1.132866e-02 1.557165e-02 1.144763e-02 1.313011e-02 2.398329e-02 2.130499e-02 2.794538e-02 2.532618e-02 1.849365e-02 2.806250e-02 2.628859e-02 2.984919e-02 4.968354e-02 4.249386e-02 4.673950e-02 5.383321e-02 4.705020e-02 6.779227e-02 6.973895e-02 5.428545e-02 7.565090e-02 7.257522e-02 4.939746e-02 6.575488e-02 7.362299e-02 4.771499e-02 5.051432e-02 6.763702e-02 5.579552e-02 4.970143e-02 6.726968e-02 7.997745e-02 8.179317e-02 9.913035e-02 1.197967e-01 1.299337e-01 1.567219e-01 1.984563e-01 2.152174e-01 2.181767e-01 2.413128e-01 2.650744e-01 2.625061e-01 2.546055e-01 2.595747e-01 2.636479e-01 2.498814e-01 2.334972e-01 2.304208e-01 2.355711e-01 2.339224e-01 2.176193e-01 1.968565e-01 1.851635e-01 1.916155e-01 2.097885e-01 2.207364e-01 2.162072e-01 2.079667e-01 2.094315e-01 2.139603e-01 2.208445e-01 2.235318e-01 2.202420e-01 2.154874e-01 2.037369e-01 1.904481e-01 1.751582e-01 1.638457e-01 1.593963e-01 1.611007e-01 1.666157e-01 1.678155e-01 1.627299e-01 1.494289e-01 1.299963e-01 1.088652e-01 9.084895e-02 8.088958e-02 7.871867e-02 8.222319e-02 8.836433e-02 9.568643e-02 1.022664e-01 1.031270e-01 9.760915e-02 8.781547e-02 7.783050e-02 7.042945e-02 6.690835e-02 6.921324e-02 7.438150e-02 7.933687e-02 7.992052e-02 7.107685e-02 5.140221e-02 3.153415e-02 1.919083e-02 1.315575e-02 1.124817e-02 1.090593e-02 1.027637e-02 1.047831e-02 9.491432e-03 6.354763e-03 2.716901e-03 8.746572e-04 2.336121e-04 6.195806e-05 2.002856e-05 4.554545e-06 8.716551e-07 7.513184e-08 1.987210e-09 1.435382e-11 2.777279e-14 1.286884e-17 6.073629e-21 3.218416e-25 1.778304e-30 1.199360e-37 4.203895e-45 4.203895e-45 4.203895e-45 2.802597e-45 2.802597e-45 2.802597e-45 2.802597e-45 2.802597e-45 2.802597e-45 2.802597e-45 2.802597e-45 1.401298e-45 1.401298e-45 1.401298e-45 1.401298e-45 1.401298e-45 1.401298e-45 1.401298e-45 2.802597e-45 1.401298e-45 1.401298e-45 1.401298e-45 1.401298e-45
1.401298e-45 2.802597e-45 2.802597e-45 2.802597e-45 4.203895e-45 1.300724e-38 1.051309e-29 2.261514e-25 7.078941e-20 4.018492e-15 6.256759e-14 8.271904e-15 1.609622e-15 1.628759e-15 1.296047e-14 7.668441e-13 1.580423e-10 8.953307e-09 2.865602e-07 3.707755e-06 5.235677e-05 2.065029e-04 6.909068e-04 7.611134e-04 1.187326e-03 1.117071e-03 1.305427e-03 1.407743e-03 1.191105e-03 1.306656e-03 1.039102e-03 1.897425e-03 1.924126e-03 3.203571e-03 4.433115e-03 5.411767e-03 5.926786e-03 4.853583e-03 5.744661e-03 5.616582e-03 7.953550e-03 1.067177e-02 1.238586e-02 1.699520e-02 1.275357e-02 1.428206e-02 2.263301e-02 2.161091e-02 3.224852e-02 3.295349e-02 2.788342e-02 3.771590e-02 3.283302e-02 3.442293e-02 4.773164e-02 3.986911e-02 4.419884e-02 4.894030e-02 4.050891e-02 5.781200e-02 6.615993e-02 4.800788e-02 6.236397e-02 7.254991e-02 4.745792e-02 5.145602e-02 7.123998e-02 5.538770e-02 5.045756e-02 7.465007e-02 8.502925e-02 8.087853e-02 9.999318e-02 1.225407e-01 1.311837e-01 1.530243e-01 1.796654e-01 1.900343e-01 2.072926e-01 2.397807e-01 2.543688e-01 2.462915e-01 2.473744e-01 2.622176e-01 2.616477e-01 2.377765e-01 2.184678e-01 2.142114e-01 2.112311e-01 1.987613e-01 1.876090e-01 1.875747e-01 1.935057e-01 1.916094e-01 1.778538e-01 1.648798e-01 1.644845e-01 1.775337e-01 1.935466e-01 1.995473e-01 1.986465e-01 1.927929e-01 1.905953e-01 1.899025e-01 1.915091e-01 1.975358e-01 1.953627e-01 1.875850e-01 1.758557e-01 1.663367e-01 1.597878e-01 1.521626e-01 1.431415e-01 1.343865e-01 1.301697e-01 1.274888e-01 1.206373e-01 1.093311e-01 9.488513e-02 8.144706e-02 7.092629e-02 6.492583e-02 6.305137e-02 6.385979e-02 6.515662e-02 6.621803e-02 6.617305e-02 6.284514e-02 5.760788e-02 5.289704e-02 5.008351e-02 4.908343e-02 4.984877e-02 5.441027e-02 6.324797e-02 7.351618e-02 7.543456e-02 6.202766e-02 4.031548e-02 2.426517e-02 1.511844e-02 9.764260e-03 7.260131e-03 6.613686e-03 6.078440e-03 6.133531e-03 4.858887e-03 2.476237e-03 7.036048e-04 1.610563e-04 2.637127e-05 5.977960e-06 1.516223e-06 2.488227e-07 2.268724e-08 3.006020e-10 4.206740e-13 1.184734e-16 5.704882e-21 7.467675e-26 1.355540e-31 4.238426e-39 4.203895e-45 4.203895e-45 2.802597e-45 2.802597e-45 2.802597e-45 2.802597e-45 2.802597e-45 2.802597e-45 1.401298e-45 1.401298e-45 1.401298e-45 1.401298e-45 1.401298e-45 1.401298e-45 1.401298e-45 1.401298e-45 1.401298e-45 1.401298e-45 1.401298e-45 2.802597e-45 1.401298e-45 1.401298e-45 1.401298e-45
1.401298e-45 1.401298e-45 2.802597e-45 4.203895e-45 4.203895e-45 4.203895e-45 9.388700e-44 9.082350e-25 3.194881e-14 3.158508e-12 8.534834e-14 9.669258e-16 1.526194e-16 4.688951e-16 3.677576e-14 7.459406e-12 5.765949e-10 2.400199e-08 8.787352e-07 1.656102e-05 9.744013e-05 3.218107e-04 5.240580e-04 1.058321e-03 1.333352e-03 2.620171e-03 2.826811e-03 3.526680e-03 2.459401e-03 2.247212e-03 1.950444e-03 1.853321e-03 2.803067e-03 3.098162e-03 4.897272e-03 4.915108e-03 6.518658e-03 6.024884e-03 7.005071e-03 9.077761e-03 7.882648e-03 1.035011e-02 1.007563e-02 1.262218e-02 1.995252e-02 1.520818e-02 2.081886e-02 2.786523e-02 2.564158e-02 3.809875e-02 3.442346e-02 3.076560e-02 4.120401e-02 3.208255e-02 3.566505e-02 4.961713e-02 4.049660e-02 4.631260e-02 5.432636e-02 4.166868e-02 5.334447e-02 6.963290e-02 5.108487e-02 5.729687e-02 8.052550e-02 6.145383e-02 5.568913e-02 8.113493e-02 8.135524e-02 7.228457e-02 9.778493e-02 1.219495e-01 1.225821e-01 1.518389e-01 1.920103e-01 1.985224e-01 2.172610e-01 2.633747e-01 2.859440e-01 2.815999e-01 2.833565e-01 2.764305e-01 2.476717e-01 2.259949e-01 2.269996e-01 2.308631e-01 2.167592e-01 1.956414e-01 1.865980e-01 1.857093e-01 1.781942e-01 1.636560e-01 1.552991e-01 1.634591e-01 1.806912e-01 1.855762e-01 1.696568e-01 1.539205e-01 1.565684e-01 1.733130e-01 1.886744e-01 1.854527e-01 1.775272e-01 1.723016e-01 1.710492e-01 1.705474e-01 1.584411e-01 1.428385e-01 1.279513e-01 1.184215e-01 1.143645e-01 1.142446e-01 1.164557e-01 1.156496e-01 1.111088e-01 1.019942e-01 9.100872e-02 8.346597e-02 8.043300e-02 8.047211e-02 8.070122e-02 8.072512e-02 8.174871e-02 8.405099e-02 8.616456e-02 8.828831e-02 8.938011e-02 8.892028e-02 8.815163e-02 8.604395e-02 8.088918e-02 7.144341e-02 6.126738e-02 5.652485e-02 5.995868e-02 6.953575e-02 8.038826e-02 8.059853e-02 6.574127e-02 4.309085e-02 2.393646e-02 1.346771e-02 8.543150e-03 5.104158e-03 2.793411e-03 1.641643e-03 9.582592e-04 6.835289e-04 4.146671e-04 1.551382e-04 2.911764e-05 3.967442e-06 2.500144e-07 2.387366e-08 1.175125e-09 2.906499e-11 2.119463e-13 1.654624e-16 8.084778e-21 2.491609e-26 2.402865e-33 5.299010e-41 4.203895e-45 4.203895e-45 2.802597e-45 2.802597e-45 2.802597e-45 2.802597e-45 2.802597e-45 1.401298e-45 1.401298e-45 1.401298e-45 1.401298e-45 1.401298e-45 1.401298e-45 1.401298e-45 1.401298e-45 1.401298e-45 1.401298e-45 1.401298e-45 1.401298e-45 2.802597e-45 1.401298e-45 1.401298e-45 1.401298e-45
1.401298e-45 1.401298e-45 2.802597e-45 2.802597e-45 2.802597e-45 5.605194e-45 9.998221e-33 5.609740e-26 3.810152e-27 1.747792e-27 3.095452e-25 5.354507e-22 9.173667e-19 3.411659e-15 5.288733e-12 1.442417e-09 1.134315e-07 3.934151e-06 3.749886e-05 1.624116e-04 4.268513e-04 8.812833e-04 1.458161e-03 2.066950e-03 2.955765e-03 2.984289e-03 3.802787e-03 2.772268e-03 3.603451e-03 2.398131e-03 2.864381e-03 2.454413e-03 3.255612e-03 4.055773e-03 3.845666e-03 4.852207e-03 4.871347e-03 8.275157e-03 6.967697e-03 7.594942e-03 7.912597e-03 6.151978e-03 1.043979e-02 9.503542e-03 1.454501e-02 2.265649e-02 1.611476e-02 2.573347e-02 2.708971e-02 2.675465e-02 4.243159e-02 3.153948e-02 2.866640e-02 3.824286e-02 2.812577e-02 3.311023e-02 4.789276e-02 3.950127e-02 4.672499e-02 5.744434e-02 4.564638e-02 5.312317e-02 6.902827e-02 5.662132e-02 5.657546e-02 7.817154e-02 7.737160e-02 7.511826e-02 1.015006e-01 1.168611e-01 1.171466e-01 1.436950e-01 1.680570e-01 1.727695e-01 2.085555e-01 2.539105e-01 2.548888e-01 2.566997e-01 2.740575e-01 2.611599e-01 2.327419e-01 2.236029e-01 2.173409e-01 1.927788e-01 1.695367e-01 1.620187e-01 1.629262e-01 1.596531e-01 1.504163e-01 1.428683e-01 1.432643e-01 1.472661e-01 1.466873e-01 1.434516e-01 1.451684e-01 1.552341e-01 1.633395e-01 1.581608e-01 1.431203e-01 1.315804e-01 1.313532e-01 1.328323e-01 1.318874e-01 1.253252e-01 1.189456e-01 1.211937e-01 1.277281e-01 1.347182e-01 1.296510e-01 1.130926e-01 9.513793e-02 8.377793e-02 8.299217e-02 8.981238e-02 9.944627e-02 1.037103e-01 9.900800e-02 9.054706e-02 8.091610e-02 7.420114e-02 7.199294e-02 7.386627e-02 7.721189e-02 7.934329e-02 8.036532e-02 8.087769e-02 7.905083e-02 7.582030e-02 7.211064e-02 6.905269e-02 6.693550e-02 6.296954e-02 5.425137e-02 4.242386e-02 3.252753e-02 2.836103e-02 3.030719e-02 3.503909e-02 3.489522e-02 2.368018e-02 1.208486e-02 6.027730e-03 3.514589e-03 2.551144e-03 2.379024e-03 1.663461e-03 8.060467e-04 3.100348e-04 8.960743e-05 3.181065e-05 1.137509e-05 2.074766e-06 1.940618e-07 7.038526e-09 5.434119e-11 3.252987e-13 4.452357e-16 3.607199e-19 2.118104e-23 1.991657e-29 5.254276e-37 4.203895e-45 2.802597e-45 2.802597e-45 2.802597e-45 2.802597e-45 2.802597e-45 2.802597e-45 1.401298e-45 1.401298e-45 1.401298e-45 1.401298e-45 1.401298e-45 1.401298e-45 1.401298e-45 1.401298e-45 1.401298e-45 1.401298e-45 2.802597e-45 2.802597e-45 1.401298e-45 1.401298e-45 1.401298e-45 1.401298e-45 1.401298e-45
1.401298e-45 1.401298e-45 1.401298e-45 2.802597e-45 4.203895e-45 2.421177e-40 5.060928e-39 2.553166e-42 4.143233e-40 7.571986e-34 9.949264e-27 1.118307e-20 2.219103e-15 2.156346e-11 1.693757e-08 2.072659e-06 6.960026e-05 5.863306e-04 1.487980e-03 2.177345e-03 2.881491e-03 3.835001e-03 4.242234e-03 3.957032e-03 3.354602e-03 2.869179e-03 2.461017e-03 2.688997e-03 2.320074e-03 2.860894e-03 2.560670e-03 3.022879e-03 2.537379e-03 2.598977e-03 2.405537e-03 3.125809e-03 3.818337e-03 4.717573e-03 7.792212e-03 6.272787e-03 9.369195e-03 1.076535e-02 1.090566e-02 1.973039e-02 1.522515e-02 2.341152e-02 3.060938e-02 1.860329e-02 2.834541e-02 2.502099e-02 2.240219e-02 3.912652e-02 2.690525e-02 2.500032e-02 3.466040e-02 2.350343e-02 2.814551e-02 4.482929e-02 3.945786e-02 4.866383e-02 6.104025e-02 4.802571e-02 5.333691e-02 6.669144e-02 5.951324e-02 6.439143e-02 8.770661e-02 9.627126e-02 1.014097e-01 1.248088e-01 1.390429e-01 1.464418e-01 1.714598e-01 1.881970e-01 1.871836e-01 2.113762e-01 2.455203e-01 2.434020e-01 2.359351e-01 2.387892e-01 2.139579e-01 1.726332e-01 1.514698e-01 1.480013e-01 1.404178e-01 1.254010e-01 1.166591e-01 1.180935e-01 1.222402e-01 1.210584e-01 1.165240e-01 1.124338e-01 1.091944e-01 1.070395e-01 1.067882e-01 1.106350e-01 1.161932e-01 1.188248e-01 1.158206e-01 1.099895e-01 1.066928e-01 1.015691e-01 9.510034e-02 8.581686e-02 7.591297e-02 7.019258e-02 6.911009e-02 7.673644e-02 8.908862e-02 9.836880e-02 9.618405e-02 8.446188e-02 7.326313e-02 6.704336e-02 6.813043e-02 7.574795e-02 8.708984e-02 9.852662e-02 1.018730e-01 9.569317e-02 8.575250e-02 7.744402e-02 7.115842e-02 6.714055e-02 6.737050e-02 7.080149e-02 7.463954e-02 7.645397e-02 7.180517e-02 6.121479e-02 5.046770e-02 4.409390e-02 4.177407e-02 3.893669e-02 3.177850e-02 2.458363e-02 2.246158e-02 2.633916e-02 3.548940e-02 4.391215e-02 3.841520e-02 1.728323e-02 5.081033e-03 1.607958e-03 7.976176e-04 6.472626e-04 8.498706e-04 7.369432e-04 5.924162e-04 3.255544e-04 9.584674e-05 2.139153e-05 2.571770e-06 1.065238e-07 1.775240e-09 2.349962e-12 4.233143e-16 2.435764e-20 2.209991e-25 4.413547e-31 2.232396e-38 4.203895e-45 2.802597e-45 2.802597e-45 2.802597e-45 2.802597e-45 2.802597e-45 1.401298e-45 1.401298e-45 1.401298e-45 1.401298e-45 1.401298e-45 1.401298e-45 1.401298e-45 1.401298e-45 1.401298e-45 1.401298e-45 1.401298e-45 2.802597e-45 2.802597e-45 2.802597e-45 1.401298e-45 1.401298e-45 1.401298e-45 1.401298e-45
1.401298e-45 1.401298e-45 1.401298e-45 4.203895e-45 4.203895e-45 2.802597e-45 2.802597e-45 4.203895e-45 6.834413e-41 1.086342e-25 2.667102e-16 2.976991e-11 3.731439e-09 6.793525e-08 1.085543e-06 2.675944e-05 2.759134e-04 9.012371e-04 1.803310e-03 2.554218e-03 2.977573e-03 2.771240e-03 3.151824e-03 2.923924e-03 2.566995e-03 2.242228e-03 2.157700e-03 2.379784e-03 2.587952e-03 3.394735e-03 3.099693e-03 3.306502e-03 2.877367e-03 2.482829e-03 2.475474e-03 1.784276e-03 2.725034e-03 2.848617e-03 4.501826e-03 7.954013e-03 7.351716e-03 1.203638e-02 1.247982e-02 1.345356e-02 2.112073e-02 1.620973e-02 2.383939e-02 3.178280e-02 2.109182e-02 2.692313e-02 2.159435e-02 1.767151e-02 2.974970e-02 2.365483e-02 2.219375e-02 3.128846e-02 2.459055e-02 2.740026e-02 4.227538e-02 4.073745e-02 4.762729e-02 6.168422e-02 5.375928e-02 5.859181e-02 7.941548e-02 8.063427e-02 8.501086e-02 1.119497e-01 1.241706e-01 1.209696e-01 1.388050e-01 1.555643e-01 1.548859e-01 1.721790e-01 1.970976e-01 1.918764e-01 1.824759e-01 1.816091e-01 1.708284e-01 1.599523e-01 1.560798e-01 1.473955e-01 1.293168e-01 1.138726e-01 1.066105e-01 1.009636e-01 9.245338e-02 8.648182e-02 8.724263e-02 9.088215e-02 9.100644e-02 8.773904e-02 8.512581e-02 8.339449e-02 8.106799e-02 8.035724e-02 8.241335e-02 8.483059e-02 8.376504e-02 7.896592e-02 7.546986e-02 7.180123e-02 6.830154e-02 6.331671e-02 5.971899e-02 5.958571e-02 5.848156e-02 5.660995e-02 5.544963e-02 5.885214e-02 6.689937e-02 7.554340e-02 7.954987e-02 7.583212e-02 7.131501e-02 7.212514e-02 7.838503e-02 8.802276e-02 9.653391e-02 1.030893e-01 1.052077e-01 9.940043e-02 8.803396e-02 7.803321e-02 7.362954e-02 7.535071e-02 8.495128e-02 1.035603e-01 1.226334e-01 1.277950e-01 1.105738e-01 8.605022e-02 6.833807e-02 5.877410e-02 5.206490e-02 4.240029e-02 2.768703e-02 1.666984e-02 1.310257e-02 1.588217e-02 2.441889e-02 3.086356e-02 2.016174e-02 4.967884e-03 7.528886e-04 1.368536e-04 4.657915e-05 3.599701e-05 5.062340e-05 4.283750e-05 3.118999e-05 8.452689e-06 1.534034e-06 2.293710e-07 1.750828e-08 8.619862e-11 9.791221e-15 1.219100e-20 3.749952e-27 4.589201e-34 2.514210e-41 2.802597e-45 2.802597e-45 2.802597e-45 2.802597e-45 2.802597e-45 2.802597e-45 1.401298e-45 1.401298e-45 1.401298e-45 1.401298e-45 1.401298e-45 1.401298e-45 1.401298e-45 1.401298e-45 1.401298e-45 1.401298e-45 1.401298e-45 2.802597e-45 2.802597e-45 2.802597e-45 2.802597e-45 1.401298e-45 1.401298e-45 1.401298e-45
1.401298e-45 1.401298e-45 2.802597e-45 1.401298e-45 2.802597e-45 2.802597e-45 5.605194e-45 1.702017e-41 3.111664e-26 2.233724e-15 1.434103e-08 7.275544e-06 4.007220e-05 2.459251e-05 2.543497e-05 3.374408e-05 8.846262e-05 2.371759e-04 4.036531e-04 5.720629e-04 5.909236e-04 6.358390e-04 6.082816e-04 8.966696e-04 1.270591e-03 1.737448e-03 1.690443e-03 1.512354e-03 1.899952e-03 2.008196e-03 3.033788e-03 2.264978e-03 2.448387e-03 2.105583e-03 2.411504e-03 3.424385e-03 2.364411e-03 3.106145e-03 2.990270e-03 4.560824e-03 8.300534e-03 7.262835e-03 9.806896e-03 8.046377e-03 8.114090e-03 1.203489e-02 1.027242e-02 1.550574e-02 1.983917e-02 1.653706e-02 2.244923e-02 1.945896e-02 1.778557e-02 2.429119e-02 2.192243e-02 2.282533e-02 2.890492e-02 2.746833e-02 3.240803e-02 4.370723e-02 4.577875e-02 5.472495e-02 6.761625e-02 6.714443e-02 7.484872e-02 8.921237e-02 9.633275e-02 1.093922e-01 1.303372e-01 1.391283e-01 1.416735e-01 1.493132e-01 1.510403e-01 1.543751e-01 1.605562e-01 1.545236e-01 1.425785e-01 1.328689e-01 1.198563e-01 1.053480e-01 9.887195e-02 9.823679e-02 9.588952e-02 9.002700e-02 8.458328e-02 8.298086e-02 8.280490e-02 7.929363e-02 7.455394e-02 7.388758e-02 7.686639e-02 7.749099e-02 7.424468e-02 7.086477e-02 6.879988e-02 6.689686e-02 6.502583e-02 6.551179e-02 6.789788e-02 6.668060e-02 6.139447e-02 5.507320e-02 5.195220e-02 4.956466e-02 4.643829e-02 4.533037e-02 4.694351e-02 5.294772e-02 5.933250e-02 6.322262e-02 6.427006e-02 6.472690e-02 6.773853e-02 7.326350e-02 8.254350e-02 9.517610e-02 1.089198e-01 1.228479e-01 1.303435e-01 1.298177e-01 1.243189e-01 1.190538e-01 1.164576e-01 1.143470e-01 1.067686e-01 9.228170e-02 7.808413e-02 6.997439e-02 7.110284e-02 8.223616e-02 9.508272e-02 9.294889e-02 7.212077e-02 5.276981e-02 4.417987e-02 4.031854e-02 3.071737e-02 1.769040e-02 7.793660e-03 3.739253e-03 2.779656e-03 3.461712e-03 4.811391e-03 4.721867e-03 2.094714e-03 3.963848e-04 6.273104e-05 1.660698e-05 7.383243e-06 4.747522e-06 2.247222e-06 3.119749e-07 2.292768e-08 8.055134e-10 4.578921e-11 6.578129e-13 2.069005e-16 3.219539e-22 7.581190e-30 4.700856e-39 2.802597e-45 2.802597e-45 2.802597e-45 2.802597e-45 2.802597e-45 2.802597e-45 1.401298e-45 1.401298e-45 1.401298e-45 1.401298e-45 1.401298e-45 1.401298e-45 1.401298e-45 1.401298e-45 1.401298e-45 1.401298e-45 2.802597e-45 2.802597e-45 2.802597e-45 2.802597e-45 2.802597e-45 2.802597e-45 1.401298e-45 1.401298e-45 1.401298e-45
1.401298e-45 1.401298e-45 1.401298e-45 2.802597e-45 2.802597e-45 5.605194e-45 1.541428e-44 3.716202e-25 4.036683e-15 4.540475e-10 2.080600e-06 4.985546e-04 1.552803e-03 2.116818e-03 1.175660e-03 8.764128e-04 8.200440e-04 1.115945e-03 1.074043e-03 5.939827e-04 3.603561e-04 3.036736e-04 4.224884e-04 5.381256e-04 8.043036e-04 9.028348e-04 1.364462e-03 1.513420e-03 1.559185e-03 1.463939e-03 1.137865e-03 1.452362e-03 1.380519e-03 2.184432e-03 2.311149e-03 2.624805e-03 3.798670e-03 2.816910e-03 3.473197e-03 3.062601e-03 3.672824e-03 5.652232e-03 4.942989e-03 6.481405e-03 6.021686e-03 6.219630e-03 8.273375e-03 6.435667e-03 9.233682e-03 1.221529e-02 1.192934e-02 1.861604e-02 1.897279e-02 1.791981e-02 2.308190e-02 2.030874e-02 2.245174e-02 2.960114e-02 2.656396e-02 3.211161e-02 4.390081e-02 4.755211e-02 5.941955e-02 6.800140e-02 6.787365e-02 8.272185e-02 9.457703e-02 9.645575e-02 1.173822e-01 1.351440e-01 1.278373e-01 1.320856e-01 1.414659e-01 1.255563e-01 1.138855e-01 1.179717e-01 1.076428e-01 8.827740e-02 8.141016e-02 7.801957e-02 6.821167e-02 6.212373e-02 6.507502e-02 7.164216e-02 7.304988e-02 6.848901e-02 6.528415e-02 6.759632e-02 7.074330e-02 6.884140e-02 6.574028e-02 6.696440e-02 7.170798e-02 7.635036e-02 7.879911e-02 7.728557e-02 6.871618e-02 5.687396e-02 4.923743e-02 4.737347e-02 4.797451e-02 4.521559e-02 4.132952e-02 3.917549e-02 3.885501e-02 3.914951e-02 3.858496e-02 4.106958e-02 4.841024e-02 6.137379e-02 7.618511e-02 8.645909e-02 9.109640e-02 9.179124e-02 9.193152e-02 9.087005e-02 9.197579e-02 1.047449e-01 1.307424e-01 1.561943e-01 1.606840e-01 1.465258e-01 1.326162e-01 1.284792e-01 1.356096e-01 1.468381e-01 1.413160e-01 1.075403e-01 7.231277e-02 5.387354e-02 5.004114e-02 5.377774e-02 5.646747e-02 5.070930e-02 4.019858e-02 3.408731e-02 3.498462e-02 3.495703e-02 2.285229e-02 1.032741e-02 4.196825e-03 2.541167e-03 2.690411e-03 3.870230e-03 3.716711e-03 2.079142e-03 6.146319e-04 1.395292e-04 3.882170e-05 2.142517e-05 1.560625e-05 9.564380e-06 7.186777e-07 4.666481e-09 7.117612e-12 4.147701e-15 7.262569e-19 6.879950e-24 4.154538e-31 1.027937e-40 2.802597e-45 2.802597e-45 2.802597e-45 2.802597e-45 2.802597e-45 2.802597e-45 2.802597e-45 1.401298e-45 1.401298e-45 1.401298e-45 1.401298e-45 1.401298e-45 1.401298e-45 1.401298e-45 1.401298e-45 1.401298e-45 2.802597e-45 2.802597e-45 2.802597e-45 2.802597e-45 2.802597e-45 2.802597e-45 1.401298e-45 1.401298e-45 1.401298e-45
1.401298e-45 1.401298e-45 1.401298e-45 2.802597e-45 2.802597e-45 4.203895e-45 4.511165e-35 1.341515e-19 1.779305e-09 1.123157e-05 4.115421e-05 9.212987e-05 4.313212e-04 7.212561e-04 1.753392e-03 2.505252e-03 3.416350e-03 2.932017e-03 2.750838e-03 1.731628e-03 1.154720e-03 8.958188e-04 9.344544e-04 9.531645e-04 9.581932e-04 1.149616e-03 1.137092e-03 1.312809e-03 9.581570e-04 1.023495e-03 8.983336e-04 1.248294e-03 1.814468e-03 2.309212e-03 3.110469e-03 3.150341e-03 4.015494e-03 4.850134e-03 4.683665e-03 4.299628e-03 3.542826e-03 3.681609e-03 4.444328e-03 5.110916e-03 6.191663e-03 5.856755e-03 5.735728e-03 7.019347e-03 7.623633e-03 1.043198e-02 1.524414e-02 1.685123e-02 2.245290e-02 2.625946e-02 2.613750e-02 3.126990e-02 2.955855e-02 2.739604e-02 3.403227e-02 3.739797e-02 3.902876e-02 4.824241e-02 5.767373e-02 6.656303e-02 7.597058e-02 7.912754e-02 8.697553e-02 9.977263e-02 1.044362e-01 1.131590e-01 1.244176e-01 1.214527e-01 1.144600e-01 1.133441e-01 1.058473e-01 9.434904e-02 8.743670e-02 7.820262e-02 6.525671e-02 5.786467e-02 5.606320e-02 5.347201e-02 4.960062e-02 5.009320e-02 5.765022e-02 6.719784e-02 6.806706e-02 6.260057e-02 6.160023e-02 6.534341e-02 6.752215e-02 6.680785e-02 6.759437e-02 7.138225e-02 7.500409e-02 7.826459e-02 8.019440e-02 7.394664e-02 5.806381e-02 4.308295e-02 3.677125e-02 3.614951e-02 3.698079e-02 3.564274e-02 3.382098e-02 3.500181e-02 3.849921e-02 4.378664e-02 4.909717e-02 5.604412e-02 6.761848e-02 8.733061e-02 1.162433e-01 1.446268e-01 1.590127e-01 1.534923e-01 1.339749e-01 1.148876e-01 1.045608e-01 1.092688e-01 1.308169e-01 1.566158e-01 1.625590e-01 1.426773e-01 1.187920e-01 1.108578e-01 1.209127e-01 1.346188e-01 1.273086e-01 9.178456e-02 5.982768e-02 4.637911e-02 4.768089e-02 5.215446e-02 4.769266e-02 3.454929e-02 2.562183e-02 2.501966e-02 2.841954e-02 2.491140e-02 1.230062e-02 4.462823e-03 1.946832e-03 1.658885e-03 2.484774e-03 3.734436e-03 2.085755e-03 3.506733e-04 1.964048e-05 1.557062e-06 4.674510e-07 8.951396e-07 8.961489e-07 3.869572e-08 1.623900e-11 3.592157e-16 1.127531e-21 1.737857e-27 2.915948e-34 5.787363e-43 2.802597e-45 2.802597e-45 2.802597e-45 2.802597e-45 2.802597e-45 2.802597e-45 2.802597e-45 1.401298e-45 1.401298e-45 1.401298e-45 1.401298e-45 1.401298e-45 1.401298e-45 1.401298e-45 1.401298e-45 1.401298e-45 2.802597e-45 2.802597e-45 2.802597e-45 2.802597e-45 2.802597e-45 2.802597e-45 1.401298e-45 1.401298e-45 1.401298e-45
1.401298e-45 1.401298e-45 1.401298e-45 1.401298e-45 2.802597e-45 4.203895e-45 2.297464e-28 1.985066e-18 2.935780e-11 2.622186e-06 5.510177e-05 1.755348e-05 6.169225e-06 1.136235e-05 3.986875e-05 1.993646e-04 7.925269e-04 1.185194e-03 1.028414e-03 1.462586e-03 1.725479e-03 1.932363e-03 1.038248e-03 1.256117e-03 9.075860e-04 1.196183e-03 1.067086e-03 1.276988e-03 1.420788e-03 1.058927e-03 1.432610e-03 1.087367e-03 1.935815e-03 1.954584e-03 2.809501e-03 3.239687e-03 2.933748e-03 3.557517e-03 2.692311e-03 3.239481e-03 2.748265e-03 2.684869e-03 3.757392e-03 3.851601e-03 5.555280e-03 5.997684e-03 6.608851e-03 8.082276e-03 8.067296e-03 1.063446e-02 1.331109e-02 1.662318e-02 2.322495e-02 2.638946e-02 3.153424e-02 3.472165e-02 3.476012e-02 4.123462e-02 3.981373e-02 3.824014e-02 4.828474e-02 5.180842e-02 5.260228e-02 6.676912e-02 7.793854e-02 7.832183e-02 8.510761e-02 9.267110e-02 9.252117e-02 9.765270e-02 1.056696e-01 1.007917e-01 9.658126e-02 1.017366e-01 9.489213e-02 8.096578e-02 7.630257e-02 7.126789e-02 5.877729e-02 5.105142e-02 5.116037e-02 5.213777e-02 5.209827e-02 5.330796e-02 5.629777e-02 6.265169e-02 7.374451e-02 8.117045e-02 7.719053e-02 7.202997e-02 7.435724e-02 7.971352e-02 8.240695e-02 8.552297e-02 9.049376e-02 9.172805e-02 8.523218e-02 7.552540e-02 6.574601e-02 5.361247e-02 4.224659e-02 3.561036e-02 3.522531e-02 3.750137e-02 3.861311e-02 3.942861e-02 4.204826e-02 4.984862e-02 6.137767e-02 7.295225e-02 8.189084e-02 9.106108e-02 1.071531e-01 1.296910e-01 1.520816e-01 1.680779e-01 1.744797e-01 1.663138e-01 1.399101e-01 1.120924e-01 9.875564e-02 1.029817e-01 1.239455e-01 1.470563e-01 1.385883e-01 1.002196e-01 6.840878e-02 5.732029e-02 5.917278e-02 5.848303e-02 4.627093e-02 3.066740e-02 2.286755e-02 2.237380e-02 2.494621e-02 2.018516e-02 1.073961e-02 4.852518e-03 3.188219e-03 3.719084e-03 4.571465e-03 3.036713e-03 9.010672e-04 1.888629e-04 7.420668e-05 8.613664e-05 1.914197e-04 2.748798e-04 6.638742e-05 2.109211e-06 3.168304e-08 1.835518e-09 2.399083e-10 2.262782e-11 4.382095e-14 1.175478e-18 2.958409e-25 2.004472e-33 1.988443e-42 2.802597e-45 2.802597e-45 2.802597e-45 2.802597e-45 2.802597e-45 1.401298e-45 1.401298e-45 1.401298e-45 1.401298e-45 1.401298e-45 1.401298e-45 1.401298e-45 1.401298e-45 2.802597e-45 2.802597e-45 1.401298e-45 1.401298e-45 2.802597e-45 2.802597e-45 2.802597e-45 2.802597e-45 2.802597e-45 1.401298e-45 1.401298e-45 1.401298e-45 1.401298e-45
0.000000e+00 1.401298e-45 1.401298e-45 2.802597e-45 4.203895e-45 4.481793e-33 6.502807e-20 1.451202e-13 3.199978e-10 1.768600e-07 1.840729e-05 3.682759e-05 6.122133e-06 4.354703e-06 4.927905e-06 1.435605e-05 4.185888e-05 1.468417e-04 2.431286e-04 2.968622e-04 5.464168e-04 6.491381e-04 1.129909e-03 6.481108e-04 1.269876e-03 6.987660e-04 1.108543e-03 6.467644e-04 8.804942e-04 1.132096e-03 1.082891e-03 1.714195e-03 1.007871e-03 1.448040e-03 9.894391e-04 1.140168e-03 1.291975e-03 1.286922e-03 2.519651e-03 2.358402e-03 3.858407e-03 3.990219e-03 3.488143e-03 5.174179e-03 4.463134e-03 6.303212e-03 7.070290e-03 6.608064e-03 9.539764e-03 8.978527e-03 1.038321e-02 1.507697e-02 1.593059e-02 2.314949e-02 2.815535e-02 2.980460e-02 3.713077e-02 3.663109e-02 3.974883e-02 4.803299e-02 4.415660e-02 4.647223e-02 6.016285e-02 5.950411e-02 6.181972e-02 8.065052e-02 7.784117e-02 6.919990e-02 8.296638e-02 8.712251e-02 7.938328e-02 8.907341e-02 8.956632e-02 7.500573e-02 7.784130e-02 8.227086e-02 6.936379e-02 6.374628e-02 6.630702e-02 6.012473e-02 5.348900e-02 5.784824e-02 6.603545e-02 6.860381e-02 7.123871e-02 7.695726e-02 8.226871e-02 8.902145e-02 9.719388e-02 9.574081e-02 8.649101e-02 8.475687e-02 9.317935e-02 1.008193e-01 1.010352e-01 9.771059e-02 9.230004e-02 8.208591e-02 7.025143e-02 6.002171e-02 5.101426e-02 4.180483e-02 3.654990e-02 3.642098e-02 4.021992e-02 4.573561e-02 4.914997e-02 5.292523e-02 6.096317e-02 7.644223e-02 9.701091e-02 1.125611e-01 1.174438e-01 1.184525e-01 1.253070e-01 1.371730e-01 1.453631e-01 1.475368e-01 1.403140e-01 1.209640e-01 9.189257e-02 6.670389e-02 5.660107e-02 6.148278e-02 7.559829e-02 8.333752e-02 6.938163e-02 4.791813e-02 3.504656e-02 3.174227e-02 3.008089e-02 2.268960e-02 1.369035e-02 8.851754e-03 8.921166e-03 1.200481e-02 1.346468e-02 7.045140e-03 2.360549e-03 9.550302e-04 8.170322e-04 1.127185e-03 9.895703e-04 2.779009e-04 3.148071e-05 3.438991e-06 1.426114e-06 2.341292e-06 7.382755e-06 7.956587e-06 7.701201e-07 6.613197e-09 2.646115e-11 6.860460e-14 1.029661e-16 2.525228e-20 2.109821e-26 3.931219e-35 4.203895e-45 2.802597e-45 2.802597e-45 2.802597e-45 2.802597e-45 2.802597e-45 1.401298e-45 1.401298e-45 1.401298e-45 1.401298e-45 1.401298e-45 1.401298e-45 1.401298e-45 1.401298e-45 1.401298e-45 1.401298e-45 1.401298e-45 2.802597e-45 2.802597e-45 2.802597e-45 2.802597e-45 2.802597e-45 1.401298e-45 1.401298e-45 1.401298e-45 1.401298e-45 1.401298e-45
1.401298e-45 1.401298e-45 4.203895e-45 4.203895e-45 3.464620e-33 1.708090e-23 3.550320e-17 6.117604e-11 1.738091e-08 2.359674e-08 8.832971e-07 1.210152e-05 2.736448e-05 2.545263e-06 1.682635e-06 1.254609e-06 6.230637e-06 2.185736e-05 1.227313e-04 2.051840e-04 1.481135e-04 1.790300e-04 1.801005e-04 6.013667e-04 4.226123e-04 1.212349e-03 5.780178e-04 9.371810e-04 6.349219e-04 8.343538e-04 1.109584e-03 9.306865e-04 1.296640e-03 7.736725e-04 9.736870e-04 9.151877e-04 1.133863e-03 1.724865e-03 1.634473e-03 3.519497e-03 4.280799e-03 6.209245e-03 8.547000e-03 6.116573e-03 7.952582e-03 6.997271e-03 6.934992e-03 9.874563e-03 8.025693e-03 1.054500e-02 1.207973e-02 1.061254e-02 1.628738e-02 1.703029e-02 1.939864e-02 2.741871e-02 2.749585e-02 3.422722e-02 4.120526e-02 3.763980e-02 4.757094e-02 5.414803e-02 4.920454e-02 6.425444e-02 7.239334e-02 6.336403e-02 8.007415e-02 9.393433e-02 7.408027e-02 7.479015e-02 8.861029e-02 7.876374e-02 7.370712e-02 8.027126e-02 7.946162e-02 7.959616e-02 8.083930e-02 7.385323e-02 7.310428e-02 7.955447e-02 7.854529e-02 7.654041e-02 8.667934e-02 9.950265e-02 1.000669e-01 1.000203e-01 1.072526e-01 1.095630e-01 1.063325e-01 1.067116e-01 1.044419e-01 9.402943e-02 8.777696e-02 9.412084e-02 1.030276e-01 1.002713e-01 8.825292e-02 7.647807e-02 6.633848e-02 5.747904e-02 5.186325e-02 4.725455e-02 4.310074e-02 3.954523e-02 3.910623e-02 4.399586e-02 5.154232e-02 5.900346e-02 6.409451e-02 6.886397e-02 7.660255e-02 8.743801e-02 9.782264e-02 1.031112e-01 1.053695e-01 1.081516e-01 1.115710e-01 1.161835e-01 1.209801e-01 1.221400e-01 1.084880e-01 7.844056e-02 4.883165e-02 3.124639e-02 2.546178e-02 2.726726e-02 3.085760e-02 2.985332e-02 2.439708e-02 2.179940e-02 2.405394e-02 2.781287e-02 2.240788e-02 1.120555e-02 5.160032e-03 3.770619e-03 5.615936e-03 9.892254e-03 1.085579e-02 4.536881e-03 1.352237e-03 6.449358e-04 6.992502e-04 8.047640e-04 3.427210e-04 2.972856e-05 1.098153e-06 6.431981e-08 2.737795e-08 4.139093e-08 4.664980e-08 2.746668e-09 7.536791e-12 1.206606e-15 1.363410e-19 6.986767e-24 6.454467e-29 3.029340e-36 4.203895e-45 2.802597e-45 2.802597e-45 1.401298e-45 1.401298e-45 1.401298e-45 1.401298e-45 1.401298e-45 1.401298e-45 1.401298e-45 1.401298e-45 1.401298e-45 1.401298e-45 1.401298e-45 1.401298e-45 1.401298e-45 1.401298e-45 2.802597e-45 2.802597e-45 2.802597e-45 2.802597e-45 2.802597e-45 1.401298e-45 1.401298e-45 1.401298e-45 1.401298e-45 1.401298e-45
1.401298e-45 1.401298e-45 2.802597e-45 5.605194e-45 7.318573e-36 4.329330e-22 5.704583e-16 4.874669e-14 1.955970e-10 3.478882e-07 1.131233e-07 1.176748e-07 2.354095e-07 2.951898e-06 1.293155e-06 5.305413e-06 3.594459e-06 8.828517e-06 1.010006e-05 4.148383e-05 9.528296e-05 1.291965e-04 3.502347e-04 3.915771e-04 1.216741e-03 5.578704e-04 1.212557e-03 7.108768e-04 1.050638e-03 8.558739e-04 8.765433e-04 1.347750e-03 1.128005e-03 1.496792e-03 1.078256e-03 1.172951e-03 1.295787e-03 1.487401e-03 2.855368e-03 2.839200e-03 4.421281e-03 5.653010e-03 5.578478e-03 8.383158e-03 6.075421e-03 6.336330e-03 6.873921e-03 5.393834e-03 8.172901e-03 8.621517e-03 9.794272e-03 1.389221e-02 1.263411e-02 1.559283e-02 1.854898e-02 2.043440e-02 2.726095e-02 2.848309e-02 3.362422e-02 4.291577e-02 4.124780e-02 4.545232e-02 5.116598e-02 4.775979e-02 5.775975e-02 6.989115e-02 6.239517e-02 7.020880e-02 9.232111e-02 8.521491e-02 7.451414e-02 8.484566e-02 9.181406e-02 8.580603e-02 8.454665e-02 9.486518e-02 1.115097e-01 1.094770e-01 9.357410e-02 9.498963e-02 1.088126e-01 1.089530e-01 1.068826e-01 1.265240e-01 1.497397e-01 1.406619e-01 1.247702e-01 1.263468e-01 1.282561e-01 1.175655e-01 1.090882e-01 1.062336e-01 9.846353e-02 8.848246e-02 8.754965e-02 9.363416e-02 9.341360e-02 8.276089e-02 6.979847e-02 5.943251e-02 5.286584e-02 4.940451e-02 4.970053e-02 5.050527e-02 4.970629e-02 5.015561e-02 5.300212e-02 6.007915e-02 6.883762e-02 7.576320e-02 7.967687e-02 8.176696e-02 8.273060e-02 8.078693e-02 7.514030e-02 6.955609e-02 6.878513e-02 7.196348e-02 7.279232e-02 7.245377e-02 7.577270e-02 7.828662e-02 6.655161e-02 4.271750e-02 2.466506e-02 1.657405e-02 1.436821e-02 1.404948e-02 1.203086e-02 9.322911e-03 8.210276e-03 1.085897e-02 1.667493e-02 1.815299e-02 8.967420e-03 2.799784e-03 1.210894e-03 1.386493e-03 3.464294e-03 6.635135e-03 4.780655e-03 1.187323e-03 2.450933e-04 1.055713e-04 1.017480e-04 9.132916e-05 2.414150e-05 9.117654e-07 1.534239e-08 5.366825e-10 5.597026e-11 2.750653e-12 1.329192e-14 1.299853e-18 5.773169e-24 2.710082e-30 9.500593e-37 3.222986e-44 2.802597e-45 2.802597e-45 2.802597e-45 1.401298e-45 1.401298e-45 1.401298e-45 1.401298e-45 1.401298e-45 1.401298e-45 1.401298e-45 1.401298e-45 1.401298e-45 1.401298e-45 1.401298e-45 1.401298e-45 1.401298e-45 1.401298e-45 2.802597e-45 2.802597e-45 2.802597e-45 2.802597e-45 2.802597e-45 1.401298e-45 1.401298e-45 1.401298e-45 1.401298e-45 1.401298e-45
1.401298e-45 2.802597e-45 2.802597e-45 4.203895e-45 7.461473e-37 4.512279e-30 1.248023e-20 3.987296e-15 4.895149e-12 6.209006e-12 2.039277e-09 3.796501e-09 1.591023e-07 1.965711e-07 1.758392e-06 6.416085e-07 2.385357e-06 1.266506e-06 3.762350e-06 7.707034e-06 5.551434e-05 2.582860e-04 3.981141e-04 7.818853e-04 4.082376e-04 7.996848e-04 4.238157e-04 8.255194e-04 7.343656e-04 9.009039e-04 1.055912e-03 8.660121e-04 1.460015e-03 1.441914e-03 1.965745e-03 1.756008e-03 1.786534e-03 2.323035e-03 2.317204e-03 3.383698e-03 2.921266e-03 2.825978e-03 3.455365e-03 3.547845e-03 5.281634e-03 6.154478e-03 5.988626e-03 7.719092e-03 7.109342e-03 7.914673e-03 1.080195e-02 1.091802e-02 1.298452e-02 1.592462e-02 1.643987e-02 1.718107e-02 2.029389e-02 2.287312e-02 2.484830e-02 2.982577e-02 3.317397e-02 3.458210e-02 4.065675e-02 4.212886e-02 3.965488e-02 4.933083e-02 6.016209e-02 5.698817e-02 6.364894e-02 8.330308e-02 9.026116e-02 8.806835e-02 9.325161e-02 1.055933e-01 1.165310e-01 1.128748e-01 1.124721e-01 1.320108e-01 1.403479e-01 1.211959e-01 1.194964e-01 1.416587e-01 1.415873e-01 1.250048e-01 1.386605e-01 1.704681e-01 1.580093e-01 1.217878e-01 1.093102e-01 1.077570e-01 9.739180e-02 9.086237e-02 9.724583e-02 1.019016e-01 9.366649e-02 8.507717e-02 8.420424e-02 8.370612e-02 7.646096e-02 6.661576e-02 6.022386e-02 5.683696e-02 5.801406e-02 6.253184e-02 6.735425e-02 7.062026e-02 6.993954e-02 6.883439e-02 6.745714e-02 6.605214e-02 6.642470e-02 6.959639e-02 7.449383e-02 7.656031e-02 7.144435e-02 6.057786e-02 5.145696e-02 4.727975e-02 4.535173e-02 4.253002e-02 3.867057e-02 3.667953e-02 3.702178e-02 3.538928e-02 2.827298e-02 1.922563e-02 1.397413e-02 1.274722e-02 1.238940e-02 9.791303e-03 5.786747e-03 4.053691e-03 4.831051e-03 9.789695e-03 1.505928e-02 1.027937e-02 2.926953e-03 9.012083e-04 6.995039e-04 1.724703e-03 5.461896e-03 5.135244e-03 8.854244e-04 6.019929e-05 6.459451e-06 4.520567e-06 9.890752e-06 8.144012e-06 4.541606e-07 3.728151e-09 1.290598e-11 3.653171e-14 4.868523e-17 4.592885e-21 8.338007e-27 3.777615e-34 1.360661e-42 2.802597e-45 2.802597e-45 2.802597e-45 2.802597e-45 1.401298e-45 1.401298e-45 1.401298e-45 1.401298e-45 1.401298e-45 1.401298e-45 1.401298e-45 1.401298e-45 1.401298e-45 1.401298e-45 1.401298e-45 1.401298e-45 1.401298e-45 2.802597e-45 2.802597e-45 2.802597e-45 2.802597e-45 2.802597e-45 2.802597e-45 1.401298e-45 1.401298e-45 1.401298e-45 1.401298e-45 1.401298e-45
5.605194e-45 2.802597e-45 4.203895e-45 4.203895e-45 8.407791e-45 6.689295e-30 1.766487e-25 2.434060e-21 1.574994e-19 8.988332e-13 1.824853e-10 2.498680e-09 4.906657e-11 3.341006e-10 1.208000e-09 8.937344e-08 3.690602e-07 2.841092e-06 3.853282e-06 6.898498e-06 1.057853e-05 3.123425e-05 9.321608e-05 1.098872e-04 2.122674e-04 1.941063e-04 4.844796e-04 5.522444e-04 8.541549e-04 9.243491e-04 8.315977e-04 1.127935e-03 1.126238e-03 1.954347e-03 2.527077e-03 3.568509e-03 3.760151e-03 3.400699e-03 3.284588e-03 2.889098e-03 3.002598e-03 2.858876e-03 2.803592e-03 3.227141e-03 4.265004e-03 5.323709e-03 8.141801e-03 8.165252e-03 9.473074e-03 1.216029e-02 1.000151e-02 1.342651e-02 1.556075e-02 1.246917e-02 1.585593e-02 1.654157e-02 1.451377e-02 1.940796e-02 2.048005e-02 1.957365e-02 2.703027e-02 2.898094e-02 2.768981e-02 3.901833e-02 4.452631e-02 3.920164e-02 4.882516e-02 6.140407e-02 5.989594e-02 6.748910e-02 8.586273e-02 9.748992e-02 1.048926e-01 1.096724e-01 1.166898e-01 1.309277e-01 1.317564e-01 1.246184e-01 1.380010e-01 1.521542e-01 1.317826e-01 1.210661e-01 1.470650e-01 1.551984e-01 1.196597e-01 1.073715e-01 1.280952e-01 1.293445e-01 1.023947e-01 9.079486e-02 9.238738e-02 8.506829e-02 7.544321e-02 8.048740e-02 9.597170e-02 1.022314e-01 9.541173e-02 8.882740e-02 8.637697e-02 8.335986e-02 7.872307e-02 7.298009e-02 7.108182e-02 7.355034e-02 8.004414e-02 9.021923e-02 9.584172e-02 9.307985e-02 8.250050e-02 6.938998e-02 5.752785e-02 4.865899e-02 4.399855e-02 4.362297e-02 4.594829e-02 4.582243e-02 4.028048e-02 3.337094e-02 3.026327e-02 3.086790e-02 2.992281e-02 2.583397e-02 2.260050e-02 2.199548e-02 2.129610e-02 1.726282e-02 1.256417e-02 1.034551e-02 1.132710e-02 1.373290e-02 1.135891e-02 5.580378e-03 2.415461e-03 2.042591e-03 3.818964e-03 9.980579e-03 1.140520e-02 4.161384e-03 8.509651e-04 4.192927e-04 7.459701e-04 2.617700e-03 3.762845e-03 5.211454e-04 1.420872e-05 7.203088e-07 2.401069e-07 3.259539e-07 9.911749e-08 2.414823e-09 4.438535e-12 1.558554e-15 8.964629e-20 1.531910e-24 1.211750e-30 6.091419e-38 2.802597e-45 2.802597e-45 2.802597e-45 1.401298e-45 1.401298e-45 1.401298e-45 1.401298e-45 1.401298e-45 1.401298e-45 1.401298e-45 1.401298e-45 1.401298e-45 1.401298e-45 1.401298e-45 1.401298e-45 1.401298e-45 1.401298e-45 1.401298e-45 2.802597e-45 2.802597e-45 2.802597e-45 2.802597e-45 2.802597e-45 1.401298e-45 1.401298e-45 1.401298e-45 1.401298e-45 1.401298e-45 1.401298e-45
5.605194e-45 5.605194e-45 4.203895e-45 5.605194e-45 2.101948e-44 6.762666e-41 1.542007e-29 8.771421e-23 8.014505e-18 4.736550e-21 2.022680e-20 4.442154e-17 6.815618e-12 3.133765e-11 7.406422e-10 6.948082e-09 9.429321e-08 3.432610e-07 1.478078e-06 4.703425e-06 2.750442e-06 2.661221e-06 3.661180e-06 1.645137e-05 6.214322e-05 1.960830e-04 3.569038e-04 4.773223e-04 6.525534e-04 5.840842e-04 7.951832e-04 8.625453e-04 1.194568e-03 1.720881e-03 2.223379e-03 3.702403e-03 4.939421e-03 4.984554e-03 4.744450e-03 3.208441e-03 3.260495e-03 2.987438e-03 3.403189e-03 4.205755e-03 4.040067e-03 5.935836e-03 6.538495e-03 1.045125e-02 1.311499e-02 1.149637e-02 1.738625e-02 1.370315e-02 1.379426e-02 1.975119e-02 1.387933e-02 1.569557e-02 1.881702e-02 1.450155e-02 1.995008e-02 2.367831e-02 1.877551e-02 2.647936e-02 3.213761e-02 2.566527e-02 3.452448e-02 4.701957e-02 4.201408e-02 4.824040e-02 6.324091e-02 6.313904e-02 6.661410e-02 8.354562e-02 9.391864e-02 9.409568e-02 9.713005e-02 1.075452e-01 1.204621e-01 1.206718e-01 1.154168e-01 1.283866e-01 1.450702e-01 1.258773e-01 1.076910e-01 1.258397e-01 1.410190e-01 1.083922e-01 8.525054e-02 9.262186e-02 9.701579e-02 7.915127e-02 6.942585e-02 7.833703e-02 8.714904e-02 8.229970e-02 7.797108e-02 8.494852e-02 9.761592e-02 1.056934e-01 1.070871e-01 1.056368e-01 1.043546e-01 1.018558e-01 1.008020e-01 9.830748e-02 9.431789e-02 9.377909e-02 9.425244e-02 9.342260e-02 8.734101e-02 7.671190e-02 6.356356e-02 4.969344e-02 3.798282e-02 3.080652e-02 2.863523e-02 2.920921e-02 2.954378e-02 2.673968e-02 2.240646e-02 1.975040e-02 1.901824e-02 1.902422e-02 1.840310e-02 1.811497e-02 1.969395e-02 2.039177e-02 1.563746e-02 8.636449e-03 5.372083e-03 5.529420e-03 8.084763e-03 8.973408e-03 4.449266e-03 1.357382e-03 6.325551e-04 8.953158e-04 2.153566e-03 3.493574e-03 1.520403e-03 2.337633e-04 4.001328e-05 3.378575e-05 1.180884e-04 5.045690e-04 2.857680e-04 1.025737e-05 3.062912e-07 2.561142e-08 3.092382e-09 2.119724e-10 9.002447e-13 1.069353e-16 3.590466e-22 1.010176e-28 2.519783e-36 2.382207e-44 2.802597e-45 2.802597e-45 1.401298e-45 1.401298e-45 1.401298e-45 1.401298e-45 1.401298e-45 1.401298e-45 1.401298e-45 1.401298e-45 1.401298e-45 1.401298e-45 1.401298e-45 1.401298e-45 1.401298e-45 1.401298e-45 1.401298e-45 2.802597e-45 2.802597e-45 2.802597e-45 2.802597e-45 2.802597e-45 1.401298e-45 1.401298e-45 1.401298e-45 1.401298e-45 1.401298e-45 1.401298e-45 1.401298e-45
4.203895e-45 4.203895e-45 5.605194e-45 7.006492e-45 7.006492e-45 7.071145e-38 5.668129e-39 7.651212e-34 1.525438e-30 2.518892e-20 1.760392e-18 6.070255e-17 3.224435e-18 1.806616e-15 4.994927e-14 7.288497e-13 1.959605e-11 4.568193e-10 2.777841e-08 1.934959e-07 1.606809e-06 1.022495e-06 2.223314e-06 5.085755e-06 1.907284e-05 6.906187e-05 9.243960e-05 1.612521e-04 1.075109e-04 2.149357e-04 2.787372e-04 5.082827e-04 9.525386e-04 1.319411e-03 3.005979e-03 2.879896e-03 5.107051e-03 5.800250e-03 5.963064e-03 7.261833e-03 4.226159e-03 4.839107e-03 4.103414e-03 4.411821e-03 6.598257e-03 6.861066e-03 1.080667e-02 1.048455e-02 1.273771e-02 1.722039e-02 1.299052e-02 1.811204e-02 1.558050e-02 1.282550e-02 1.854055e-02 1.450836e-02 1.468524e-02 1.927702e-02 1.485624e-02 1.847403e-02 2.563957e-02 1.919170e-02 2.291524e-02 3.201909e-02 2.637947e-02 3.037771e-02 4.385707e-02 4.278563e-02 4.747349e-02 6.420261e-02 6.450441e-02 6.013646e-02 6.942631e-02 7.821520e-02 7.450005e-02 7.284348e-02 8.296046e-02 9.844790e-02 1.002998e-01 9.352963e-02 1.010935e-01 1.142166e-01 9.948414e-02 8.088794e-02 8.890902e-02 1.012794e-01 8.172221e-02 6.394155e-02 6.965734e-02 7.915736e-02 6.680053e-02 5.398720e-02 5.802215e-02 7.362615e-02 8.350733e-02 8.345003e-02 8.489563e-02 9.291116e-02 1.035651e-01 1.119948e-01 1.176781e-01 1.167107e-01 1.115016e-01 1.048415e-01 1.013488e-01 1.020599e-01 9.835798e-02 8.911260e-02 7.485469e-02 6.008580e-02 4.843871e-02 4.031148e-02 3.337181e-02 2.631127e-02 2.076980e-02 1.816401e-02 1.916243e-02 2.166791e-02 2.165423e-02 1.823390e-02 1.461209e-02 1.267348e-02 1.122752e-02 9.994521e-03 1.039340e-02 1.366376e-02 1.886436e-02 1.729780e-02 9.113106e-03 3.913245e-03 2.768511e-03 3.768186e-03 5.244266e-03 3.435709e-03 1.018082e-03 3.213538e-04 2.985944e-04 8.436953e-04 1.940920e-03 1.027769e-03 8.621111e-05 4.243666e-06 1.434708e-06 9.900979e-06 1.070841e-04 1.212207e-04 7.565578e-06 8.609641e-08 1.537936e-09 3.442864e-11 3.207330e-13 1.143594e-16 3.165158e-22 1.745684e-29 4.341715e-38 2.802597e-45 2.802597e-45 1.401298e-45 1.401298e-45 1.401298e-45 1.401298e-45 1.401298e-45 1.401298e-45 1.401298e-45 1.401298e-45 1.401298e-45 1.401298e-45 1.401298e-45 1.401298e-45 1.401298e-45 1.401298e-45 1.401298e-45 2.802597e-45 2.802597e-45 2.802597e-45 2.802597e-45 2.802597e-45 2.802597e-45 1.401298e-45 1.401298e-45 1.401298e-45 1.401298e-45 1.401298e-45 1.401298e-45 1.401298e-45
4.203895e-45 4.203895e-45 4.203895e-45 4.203895e-45 5.605194e-45 8.407791e-45 1.080051e-34 9.464760e-35 2.788044e-31 4.771753e-37 2.913360e-31 3.496022e-28 1.406125e-23 6.396651e-20 2.435998e-16 1.024331e-14 3.557319e-13 7.395982e-11 2.497182e-09 4.478062e-08 6.851494e-08 5.267057e-07 8.228969e-07 2.931538e-06 6.020824e-06 1.156899e-05 2.796102e-05 2.752859e-05 8.017951e-05 7.562154e-05 2.418517e-04 5.401120e-04 1.416481e-03 2.972962e-03 2.865802e-03 5.205201e-03 3.214293e-03 4.420721e-03 4.420660e-03 4.331836e-03 7.191990e-03 5.206470e-03 6.928684e-03 6.659881e-03 6.402104e-03 8.192616e-03 7.303955e-03 9.320498e-03 8.841939e-03 1.024545e-02 1.316386e-02 1.159584e-02 1.527078e-02 1.447157e-02 1.301473e-02 1.637172e-02 1.371116e-02 1.396262e-02 1.812569e-02 1.515515e-02 1.733978e-02 2.477603e-02 2.103502e-02 2.213886e-02 2.859719e-02 2.620234e-02 3.002926e-02 4.195099e-02 4.228048e-02 4.539919e-02 6.027931e-02 6.370223e-02 5.558240e-02 5.480290e-02 5.870092e-02 5.985516e-02 5.946376e-02 6.340789e-02 7.453015e-02 8.133820e-02 7.334190e-02 7.172718e-02 8.451309e-02 8.328550e-02 6.717670e-02 6.630393e-02 7.395910e-02 6.124887e-02 4.530446e-02 4.890219e-02 6.581005e-02 6.775955e-02 5.401437e-02 4.897640e-02 5.715477e-02 7.026347e-02 7.928579e-02 8.528154e-02 9.241189e-02 9.981140e-02 1.062031e-01 1.091341e-01 1.086821e-01 9.941953e-02 8.406457e-02 7.305428e-02 6.948715e-02 7.327504e-02 7.530787e-02 6.606706e-02 4.930313e-02 3.596225e-02 2.870665e-02 2.406780e-02 1.964922e-02 1.569715e-02 1.381393e-02 1.405747e-02 1.576302e-02 1.699866e-02 1.586006e-02 1.343721e-02 1.097354e-02 8.602749e-03 6.379602e-03 5.413164e-03 6.822245e-03 1.038934e-02 1.202971e-02 6.870214e-03 2.726176e-03 1.396910e-03 1.602907e-03 2.679296e-03 2.610984e-03 9.163225e-04 2.410990e-04 1.331831e-04 2.740970e-04 9.494179e-04 8.945891e-04 9.405081e-05 5.241126e-06 1.556292e-06 6.004545e-06 3.478296e-05 2.294633e-05 1.116889e-06 5.488251e-09 8.722507e-12 1.282216e-14 1.425776e-18 6.480441e-24 1.001773e-30 3.038257e-39 1.401298e-45 1.401298e-45 1.401298e-45 1.401298e-45 1.401298e-45 1.401298e-45 1.401298e-45 1.401298e-45 1.401298e-45 1.401298e-45 1.401298e-45 1.401298e-45 1.401298e-45 1.401298e-45 1.401298e-45 1.401298e-45 2.802597e-45 2.802597e-45 2.802597e-45 2.802597e-45 2.802597e-45 2.802597e-45 1.401298e-45 1.401298e-45 1.401298e-45 1.401298e-45 1.401298e-45 1.401298e-45 1.401298e-45 1.401298e-45
4.203895e-45 4.203895e-45 4.203895e-45 4.203895e-45 4.203895e-45 5.605194e-45 7.006492e-45 5.540706e-40 1.088882e-39 5.415705e-33 6.198987e-33 8.876669e-31 4.948470e-30 8.015426e-27 2.159640e-23 7.361140e-19 5.857023e-16 5.244090e-14 1.449759e-12 1.046764e-11 3.054456e-10 7.840546e-09 2.221781e-07 5.197197e-07 6.222143e-07 6.003523e-07 1.027434e-06 4.088502e-06 1.112601e-05 7.207941e-05 1.486152e-04 4.523624e-04 9.277691e-04 1.778730e-03 2.401470e-03 1.662081e-03 2.309872e-03 1.536319e-03 2.378339e-03 2.813843e-03 2.909841e-03 4.722141e-03 4.209534e-03 5.275753e-03 4.813940e-03 4.854471e-03 5.411297e-03 5.661795e-03 7.257599e-03 7.053358e-03 9.777635e-03 1.226619e-02 1.340730e-02 1.887937e-02 1.625348e-02 1.692655e-02 2.057304e-02 1.590943e-02 1.732819e-02 2.059413e-02 1.810198e-02 2.248906e-02 2.751830e-02 2.495420e-02 2.878579e-02 3.200050e-02 2.756827e-02 3.326528e-02 4.581777e-02 4.589984e-02 4.635458e-02 5.561021e-02 5.817564e-02 5.333555e-02 5.083968e-02 5.025743e-02 5.064989e-02 5.261743e-02 5.365429e-02 5.886226e-02 6.820284e-02 6.723737e-02 6.276347e-02 6.960679e-02 7.403428e-02 6.275031e-02 5.754597e-02 6.268022e-02 5.693965e-02 4.177542e-02 3.755060e-02 4.682515e-02 5.606957e-02 5.258967e-02 4.707589e-02 4.868356e-02 5.562056e-02 6.314250e-02 7.117087e-02 8.041503e-02 8.765682e-02 8.857028e-02 9.069334e-02 9.344591e-02 8.756980e-02 7.138287e-02 5.336317e-02 4.373896e-02 4.285339e-02 4.771364e-02 5.120177e-02 4.626071e-02 3.668264e-02 2.904385e-02 2.428425e-02 2.003988e-02 1.617747e-02 1.334587e-02 1.223618e-02 1.216496e-02 1.190931e-02 1.127953e-02 1.076634e-02 9.871416e-03 7.149534e-03 4.136400e-03 2.666030e-03 2.745956e-03 4.628762e-03 5.982800e-03 3.395611e-03 8.600369e-04 2.852552e-04 2.403816e-04 5.426917e-04 1.106354e-03 7.848934e-04 1.820414e-04 5.122124e-05 4.624370e-05 1.292979e-04 2.060346e-04 4.561408e-05 5.311470e-06 2.450462e-06 4.519599e-06 1.955634e-05 1.368059e-05 2.283721e-07 1.406291e-10 4.888154e-15 1.183050e-20 3.252533e-27 4.241553e-35 1.961818e-43 1.401298e-45 1.401298e-45 1.401298e-45 1.401298e-45 1.401298e-45 1.401298e-45 1.401298e-45 1.401298e-45 1.401298e-45 1.401298e-45 1.401298e-45 1.401298e-45 1.401298e-45 1.401298e-45 1.401298e-45 1.401298e-45 1.401298e-45 1.401298e-45 2.802597e-45 2.802597e-45 2.802597e-45 1.401298e-45 1.401298e-45 1.401298e-45 1.401298e-45 1.401298e-45 1.401298e-45 1.401298e-45 1.401298e-45 1.401298e-45
4.203895e-45 4.203895e-45 4.203895e-45 5.605194e-45 5.605194e-45 5.605194e-45 7.006492e-45 7.006492e-45 8.407791e-45 9.809089e-45 1.401298e-44 2.982552e-40 4.016538e-35 3.015892e-32 6.455935e-29 7.949489e-26 7.632093e-22 1.462091e-19 4.739590e-17 2.932417e-15 1.031824e-12 3.051459e-11 5.364129e-10 5.312102e-09 1.853503e-08 8.342385e-08 3.081938e-07 1.934553e-06 6.845137e-06 2.479505e-05 7.029825e-05 8.882815e-05 1.216713e-04 1.359022e-04 3.193399e-04 4.396285e-04 4.603209e-04 7.403760e-04 6.641126e-04 1.097617e-03 1.276822e-03 1.747346e-03 2.596954e-03 2.858751e-03 3.851113e-03 3.509486e-03 4.480687e-03 4.748975e-03 5.712120e-03 7.988438e-03 7.919817e-03 1.269981e-02 1.466948e-02 1.679100e-02 2.745871e-02 2.246247e-02 2.365413e-02 3.020491e-02 2.248698e-02 2.490424e-02 2.784660e-02 2.257197e-02 3.037189e-02 3.517379e-02 2.780995e-02 3.547561e-02 4.334506e-02 3.352961e-02 3.578944e-02 4.859265e-02 4.852017e-02 4.821542e-02 5.618899e-02 5.417246e-02 4.732082e-02 4.904001e-02 4.936867e-02 4.632331e-02 4.896012e-02 5.342482e-02 5.607264e-02 6.237104e-02 6.807053e-02 6.890737e-02 7.131480e-02 7.041019e-02 5.927021e-02 5.064882e-02 5.098617e-02 4.908399e-02 3.979730e-02 3.405929e-02 3.673738e-02 4.252540e-02 4.292627e-02 4.038729e-02 4.113591e-02 4.537006e-02 4.968221e-02 5.407090e-02 6.113841e-02 6.716900e-02 6.764351e-02 6.311461e-02 6.019358e-02 6.120493e-02 5.809065e-02 4.849981e-02 3.847066e-02 3.478498e-02 3.754916e-02 4.162165e-02 4.103409e-02 3.664166e-02 3.268714e-02 2.897793e-02 2.454500e-02 1.958529e-02 1.566588e-02 1.266649e-02 9.911010e-03 7.511333e-03 6.205363e-03 6.450674e-03 7.280538e-03 6.043954e-03 2.867811e-03 1.159500e-03 8.332973e-04 1.310132e-03 2.775493e-03 2.286707e-03 5.154283e-04 6.352561e-05 2.368225e-05 4.229067e-05 2.059121e-04 5.264559e-04 3.721845e-04 2.002770e-04 3.196069e-04 6.375178e-04 3.093879e-04 2.759567e-05 1.289581e-06 3.144548e-07 7.075949e-07 3.117870e-06 2.333089e-06 2.119555e-08 2.102089e-12 2.317868e-18 1.006806e-26 1.708330e-36 2.802597e-45 1.401298e-45 1.401298e-45 1.401298e-45 1.401298e-45 1.401298e-45 1.401298e-45 1.401298e-45 1.401298e-45 1.401298e-45 1.401298e-45 1.401298e-45 1.401298e-45 1.401298e-45 1.401298e-45 1.401298e-45 1.401298e-45 1.401298e-45 1.401298e-45 1.401298e-45 2.802597e-45 1.401298e-45 1.401298e-45 1.401298e-45 1.401298e-45 1.401298e-45 1.401298e-45 1.401298e-45 1.401298e-45 1.401298e-45 1.401298e-45
4.203895e-45 4.203895e-45 4.203895e-45 4.203895e-45 5.605194e-45 7.006492e-45 8.407791e-45 9.809089e-45 1.121039e-44 1.121039e-44 1.261169e-44 1.401298e-44 2.184064e-41 5.280156e-37 3.155434e-35 1.766831e-31 5.970482e-28 3.801750e-23 5.034676e-21 3.252262e-17 4.050998e-15 1.790730e-12 4.259690e-12 4.189622e-11 7.219119e-10 1.173936e-08 3.024906e-07 1.349123e-06 1.099723e-05 1.107372e-05 3.023059e-05 3.491641e-05 3.083330e-05 3.561862e-05 3.124655e-05 1.253852e-04 2.218978e-04 3.421928e-04 5.309757e-04 4.873239e-04 8.451566e-04 9.121629e-04 1.564039e-03 2.378074e-03 3.155087e-03 5.075828e-03 5.216838e-03 7.195456e-03 7.395051e-03 8.630544e-03 1.194768e-02 1.163733e-02 1.875108e-02 2.105438e-02 2.006782e-02 3.247906e-02 2.945872e-02 2.762262e-02 3.663011e-02 2.915096e-02 3.012097e-02 3.580224e-02 2.686194e-02 3.286852e-02 4.338870e-02 3.171851e-02 3.466336e-02 4.944491e-02 4.140772e-02 3.872148e-02 5.004798e-02 4.888511e-02 4.751171e-02 5.823780e-02 5.438141e-02 4.461396e-02 4.886126e-02 5.195900e-02 4.683702e-02 4.916874e-02 5.689153e-02 6.039441e-02 6.402884e-02 6.844354e-02 7.009585e-02 7.054145e-02 6.638952e-02 5.355404e-02 4.256624e-02 3.883202e-02 3.628675e-02 3.120507e-02 2.803031e-02 2.976156e-02 3.341772e-02 3.367178e-02 3.168985e-02 3.247698e-02 3.674858e-02 4.108326e-02 4.424283e-02 4.763563e-02 5.163764e-02 4.974052e-02 4.197922e-02 3.633349e-02 3.533321e-02 3.773253e-02 3.860643e-02 3.661412e-02 3.554025e-02 3.725629e-02 3.875709e-02 3.592386e-02 3.098843e-02 2.742600e-02 2.537156e-02 2.231008e-02 1.847531e-02 1.556998e-02 1.310740e-02 9.247629e-03 5.218250e-03 3.231670e-03 3.152467e-03 4.657589e-03 5.229977e-03 2.476420e-03 5.850453e-04 1.851120e-04 1.912674e-04 4.795820e-04 1.064684e-03 5.626008e-04 7.683112e-05 8.919926e-06 5.447953e-06 1.616233e-05 8.071402e-05 2.719003e-04 9.208326e-04 4.536984e-03 1.031573e-02 2.090678e-03 3.644740e-05 3.082392e-07 7.655226e-09 1.972152e-09 6.170972e-10 4.424899e-11 2.913578e-13 1.209294e-17 5.471937e-25 4.418404e-35 2.802597e-45 2.802597e-45 1.401298e-45 1.401298e-45 1.401298e-45 1.401298e-45 1.401298e-45 1.401298e-45 1.401298e-45 1.401298e-45 1.401298e-45 1.401298e-45 1.401298e-45 1.401298e-45 1.401298e-45 1.401298e-45 1.401298e-45 1.401298e-45 1.401298e-45 1.401298e-45 1.401298e-45 1.401298e-45 1.401298e-45 1.401298e-45 1.401298e-45 1.401298e-45 1.401298e-45 1.401298e-45 1.401298e-45 1.401298e-45 1.401298e-45
2.802597e-45 2.802597e-45 2.802597e-45 2.802597e-45 2.802597e-45 4.203895e-45 5.605194e-45 5.605194e-45 5.605194e-45 7.006492e-45 5.605194e-45 7.006492e-45 9.809089e-45 1.121039e-44 1.261169e-44 1.031636e-41 2.586429e-37 6.931973e-33 2.707402e-26 9.347205e-23 1.689700e-18 2.823261e-17 1.030618e-14 8.511062e-14 1.441613e-11 1.800512e-09 8.422860e-08 1.953259e-06 3.789763e-06 1.752739e-05 4.801152e-06 6.081786e-06 5.800647e-06 6.003570e-06 1.052414e-05 9.365528e-06 5.064414e-05 1.205684e-04 2.794095e-04 5.066592e-04 5.610388e-04 1.042908e-03 1.212341e-03 2.181867e-03 3.430949e-03 4.731065e-03 7.571255e-03 9.461642e-03 1.370214e-02 1.445281e-02 1.616602e-02 1.924664e-02 1.726891e-02 2.354351e-02 2.527606e-02 2.225181e-02 3.084641e-02 3.129407e-02 3.062978e-02 3.740320e-02 3.286625e-02 3.492491e-02 4.256280e-02 3.352224e-02 3.485656e-02 4.629960e-02 3.796864e-02 3.519218e-02 4.594228e-02 4.503360e-02 4.462294e-02 5.474765e-02 5.216432e-02 5.040007e-02 6.061457e-02 5.618009e-02 4.681309e-02 5.323800e-02 5.978910e-02 5.529223e-02 5.692552e-02 6.491781e-02 6.794984e-02 6.911975e-02 7.072110e-02 6.596784e-02 5.767494e-02 4.992436e-02 4.066113e-02 3.273541e-02 2.858303e-02 2.537206e-02 2.141636e-02 1.979335e-02 2.262649e-02 2.782453e-02 2.951762e-02 2.719061e-02 2.596564e-02 2.786825e-02 3.068274e-02 3.139419e-02 3.253341e-02 3.521649e-02 3.685053e-02 3.507255e-02 3.090135e-02 2.867950e-02 2.861961e-02 2.881704e-02 2.880858e-02 2.988362e-02 3.262923e-02 3.398349e-02 3.111825e-02 2.605243e-02 2.186692e-02 1.781861e-02 1.368556e-02 1.104160e-02 1.058617e-02 1.079740e-02 8.415403e-03 4.318458e-03 1.970052e-03 1.507903e-03 2.200843e-03 3.450006e-03 2.176954e-03 4.294512e-04 5.644281e-05 1.802942e-05 2.772783e-05 9.433833e-05 1.962667e-04 1.022718e-04 2.389324e-05 8.361124e-06 9.213618e-06 1.280310e-05 2.055869e-05 7.303420e-05 4.153127e-04 1.403756e-03 4.984854e-04 8.441987e-06 3.752050e-08 1.558512e-10 4.585795e-13 1.826008e-15 3.739717e-18 1.559235e-21 8.589162e-27 3.190580e-35 4.203895e-45 2.802597e-45 2.802597e-45 2.802597e-45 1.401298e-45 1.401298e-45 1.401298e-45 1.401298e-45 1.401298e-45 1.401298e-45 1.401298e-45 1.401298e-45 1.401298e-45 1.401298e-45 1.401298e-45 1.401298e-45 1.401298e-45 1.401298e-45 2.802597e-45 1.401298e-45 1.401298e-45 1.401298e-45 1.401298e-45 1.401298e-45 1.401298e-45 1.401298e-45 1.401298e-45 1.401298e-45 1.401298e-45 1.401298e-45 1.401298e-45
2.802597e-45 2.802597e-45 2.802597e-45 1.401298e-45 1.401298e-45 2.802597e-45 2.802597e-45 4.203895e-45 4.203895e-45 4.203895e-45 5.605194e-45 5.605194e-45 4.203895e-45 4.203895e-45 5.605194e-45 8.407791e-45 1.401298e-44 2.491312e-40 2.141561e-34 9.843405e-28 3.386201e-24 3.780413e-20 2.913877e-18 7.605005e-15 4.495578e-13 8.347076e-11 4.330879e-09 7.953029e-08 7.407170e-07 1.006750e-06 4.779996e-06 2.005096e-06 2.876774e-06 5.882159e-06 1.351221e-05 3.872801e-05 3.963109e-05 1.263633e-04 3.024183e-04 6.687164e-04 1.044181e-03 1.292481e-03 1.870440e-03 2.607340e-03 3.903237e-03 5.738209e-03 8.533672e-03 1.059123e-02 1.521755e-02 2.190212e-02 2.169854e-02 2.685437e-02 2.663022e-02 2.331573e-02 2.871545e-02 2.644587e-02 2.580985e-02 3.167142e-02 3.061400e-02 3.608232e-02 4.254596e-02 3.689172e-02 4.187115e-02 5.076858e-02 4.248299e-02 4.230767e-02 5.006138e-02 4.615695e-02 4.598159e-02 5.117742e-02 4.918297e-02 5.397660e-02 6.397015e-02 5.729888e-02 5.632718e-02 6.851868e-02 6.338879e-02 5.288951e-02 6.012598e-02 6.886843e-02 6.592736e-02 6.874380e-02 7.744355e-02 7.440002e-02 6.508929e-02 5.914875e-02 5.207631e-02 4.173306e-02 3.177051e-02 2.492899e-02 2.145006e-02 2.056201e-02 1.948224e-02 1.659803e-02 1.436836e-02 1.537454e-02 1.971951e-02 2.381091e-02 2.370790e-02 2.172774e-02 2.114754e-02 2.103248e-02 2.112526e-02 2.155837e-02 2.280598e-02 2.468677e-02 2.544753e-02 2.620769e-02 2.793822e-02 2.941862e-02 2.793879e-02 2.339720e-02 1.951717e-02 1.825212e-02 1.920086e-02 2.069768e-02 2.199429e-02 2.130949e-02 1.683354e-02 1.043233e-02 6.538233e-03 5.896175e-03 7.491765e-03 7.884206e-03 4.103569e-03 1.347822e-03 5.990523e-04 7.061564e-04 1.344130e-03 1.367966e-03 3.182835e-04 2.839148e-05 3.314104e-06 1.820921e-06 4.875862e-06 2.007320e-05 4.938759e-05 8.387155e-05 1.151603e-04 8.289665e-05 2.544417e-05 4.106565e-06 1.359443e-06 1.401317e-06 1.109538e-06 2.888569e-07 1.167287e-08 6.048682e-11 4.483787e-14 2.452119e-18 4.879091e-23 1.503305e-27 9.676896e-33 4.174767e-39 2.802597e-45 2.802597e-45 2.802597e-45 1.401298e-45 1.401298e-45 1.401298e-45 1.401298e-45 1.401298e-45 1.401298e-45 1.401298e-45 1.401298e-45 1.401298e-45 1.401298e-45 1.401298e-45 1.401298e-45 1.401298e-45 1.401298e-45 1.401298e-45 1.401298e-45 1.401298e-45 1.401298e-45 1.401298e-45 1.401298e-45 1.401298e-45 1.401298e-45 1.401298e-45 1.401298e-45 1.401298e-45 1.401298e-45 1.401298e-45 1.401298e-45
1.401298e-45 1.401298e-45 1.401298e-45 1.401298e-45 1.401298e-45 1.401298e-45 1.401298e-45 2.802597e-45 2.802597e-45 2.802597e-45 2.802597e-45 2.802597e-45 2.802597e-45 2.802597e-45 2.802597e-45 4.203895e-45 5.605194e-45 9.809089e-45 7.756187e-42 2.638633e-35 4.924228e-29 1.204209e-24 8.330133e-20 1.036513e-16 9.860050e-14 2.348449e-12 8.589730e-11 2.951584e-09 5.302148e-08 4.965302e-07 9.875722e-07 4.139665e-06 4.702694e-06 6.389145e-06 1.280262e-05 2.905530e-05 5.929788e-05 9.506234e-05 2.056748e-04 7.267139e-04 1.749728e-03 2.878262e-03 4.492533e-03 4.501320e-03 8.101996e-03 8.968114e-03 1.036134e-02 1.513606e-02 1.199388e-02 1.734690e-02 2.307545e-02 2.025167e-02 3.036238e-02 2.718753e-02 2.425952e-02 3.235544e-02 2.556792e-02 2.724081e-02 3.559193e-02 3.007786e-02 3.710085e-02 4.813242e-02 4.028067e-02 4.551358e-02 5.562566e-02 4.847677e-02 5.237448e-02 5.838547e-02 5.146930e-02 5.701303e-02 6.375343e-02 5.511723e-02 6.170839e-02 7.432923e-02 6.177311e-02 5.823335e-02 7.298248e-02 6.998077e-02 6.020147e-02 6.771742e-02 7.410800e-02 6.523910e-02 6.402861e-02 7.205829e-02 6.847475e-02 5.216071e-02 3.962729e-02 3.231021e-02 2.588042e-02 1.918530e-02 1.416896e-02 1.231983e-02 1.327809e-02 1.508940e-02 1.454262e-02 1.215400e-02 1.112982e-02 1.282518e-02 1.602713e-02 1.768926e-02 1.711493e-02 1.606962e-02 1.603048e-02 1.622888e-02 1.625722e-02 1.637883e-02 1.595820e-02 1.590389e-02 1.727360e-02 2.076834e-02 2.526840e-02 2.631362e-02 2.169162e-02 1.511052e-02 1.050448e-02 8.312786e-03 8.592176e-03 1.205849e-02 1.890072e-02 2.018583e-02 1.150045e-02 5.009736e-03 3.321772e-03 4.255067e-03 5.911653e-03 4.002400e-03 1.049975e-03 2.585790e-04 1.533313e-04 2.886953e-04 5.211949e-04 2.580473e-04 2.384580e-05 1.836914e-06 4.947692e-07 9.115342e-07 4.390537e-06 2.220168e-05 1.033667e-04 3.799262e-04 3.911580e-04 6.769573e-05 3.646143e-06 1.182217e-07 6.008770e-09 2.471694e-10 4.412692e-12 4.849894e-14 3.752476e-17 6.021317e-22 5.557396e-28 8.229376e-35 2.588058e-41 2.802597e-45 2.802597e-45 2.802597e-45 1.401298e-45 1.401298e-45 1.401298e-45 1.401298e-45 1.401298e-45 1.401298e-45 1.401298e-45 1.401298e-45 2.802597e-45 2.802597e-45 1.401298e-45 1.401298e-45 1.401298e-45 1.401298e-45 1.401298e-45 1.401298e-45 1.401298e-45 1.401298e-45 1.401298e-45 1.401298e-45 1.401298e-45 1.401298e-45 1.401298e-45 1.401298e-45 1.401298e-45 1.401298e-45 1.401298e-45 1.401298e-45 1.401298e-45
1.401298e-45 1.401298e-45 1.401298e-45 1.401298e-45 1.401298e-45 1.401298e-45 1.401298e-45 1.401298e-45 1.401298e-45 1.401298e-45 2.802597e-45 1.401298e-45 1.401298e-45 1.401298e-45 2.802597e-45 2.802597e-45 2.802597e-45 4.203895e-45 1.261169e-44 1.264686e-40 1.431852e-33 6.423596e-27 5.303697e-22 2.870095e-18 9.192255e-16 1.212446e-13 4.467302e-12 1.629431e-10 6.572598e-09 1.061052e-07 7.862531e-07 3.014368e-06 9.343205e-06 2.372010e-05 3.324061e-05 9.765884e-05 3.194132e-04 5.168045e-04 9.604669e-04 1.016054e-03 3.615828e-03 6.072701e-03 8.234580e-03 1.396629e-02 9.281512e-03 1.811044e-02 1.607568e-02 1.530339e-02 2.450631e-02 1.489841e-02 2.123006e-02 2.589728e-02 1.988466e-02 3.540988e-02 3.080298e-02 2.608397e-02 3.901256e-02 2.817769e-02 2.653359e-02 3.835521e-02 3.136928e-02 3.446372e-02 4.830841e-02 4.392878e-02 4.955883e-02 5.898201e-02 5.189504e-02 5.826969e-02 6.353188e-02 5.240724e-02 5.848631e-02 6.569216e-02 5.582632e-02 6.143429e-02 7.120739e-02 5.727162e-02 5.465600e-02 6.667708e-02 6.089211e-02 5.163678e-02 6.065603e-02 6.672014e-02 5.152858e-02 4.119615e-02 4.213824e-02 4.106251e-02 3.096435e-02 2.150451e-02 1.674181e-02 1.444633e-02 1.201469e-02 9.097309e-03 7.157313e-03 7.146404e-03 8.877451e-03 1.070609e-02 1.048468e-02 9.395484e-03 9.479818e-03 1.117640e-02 1.333891e-02 1.367267e-02 1.259990e-02 1.143445e-02 1.107149e-02 1.176982e-02 1.236855e-02 1.225315e-02 1.156116e-02 1.139305e-02 1.243288e-02 1.433841e-02 1.623237e-02 1.661410e-02 1.426274e-02 9.807195e-03 6.196996e-03 4.856882e-03 6.483172e-03 1.288316e-02 2.011301e-02 1.344929e-02 4.693599e-03 2.026405e-03 2.062599e-03 3.619207e-03 3.484311e-03 9.898356e-04 1.350665e-04 3.964119e-05 4.648180e-05 1.285426e-04 1.508430e-04 4.212228e-05 5.738563e-06 2.303944e-06 2.673082e-06 5.514222e-06 1.328040e-05 2.955210e-05 5.327065e-05 4.116096e-05 7.444873e-06 4.086033e-07 1.046583e-08 5.628419e-11 1.440175e-13 1.498314e-16 2.454473e-20 2.879612e-25 5.197919e-32 1.023717e-39 2.802597e-45 2.802597e-45 2.802597e-45 1.401298e-45 1.401298e-45 1.401298e-45 1.401298e-45 1.401298e-45 1.401298e-45 1.401298e-45 1.401298e-45 1.401298e-45 2.802597e-45 2.802597e-45 1.401298e-45 1.401298e-45 1.401298e-45 1.401298e-45 1.401298e-45 1.401298e-45 1.401298e-45 1.401298e-45 1.401298e-45 1.401298e-45 1.401298e-45 1.401298e-45 1.401298e-45 1.401298e-45 1.401298e-45 1.401298e-45 1.401298e-45 1.401298e-45 1.401298e-45
1.401298e-45 1.401298e-45 1.401298e-45 1.401298e-45 1.401298e-45 1.401298e-45 1.401298e-45 1.401298e-45 1.401298e-45 1.401298e-45 1.401298e-45 1.401298e-45 1.401298e-45 1.401298e-45 1.401298e-45 1.401298e-45 1.401298e-45 2.802597e-45 4.203895e-45 1.121039e-44 1.946952e-38 1.019902e-30 7.004061e-25 1.420036e-20 1.179865e-17 4.410660e-15 7.356511e-13 1.388080e-10 6.334940e-09 1.926138e-07 2.164751e-06 7.081635e-06 3.027115e-05 4.472959e-05 1.590447e-04 1.808615e-04 5.001660e-04 1.581356e-03 1.781700e-03 3.430279e-03 1.997886e-03 5.848044e-03 7.094728e-03 7.536432e-03 1.260443e-02 6.898379e-03 1.392476e-02 1.192616e-02 1.193122e-02 2.209340e-02 1.362566e-02 2.151371e-02 2.722969e-02 2.038713e-02 4.082731e-02 3.867116e-02 3.049911e-02 4.674474e-02 3.520508e-02 2.882126e-02 3.873397e-02 3.458126e-02 3.529954e-02 4.340771e-02 4.257863e-02 5.014206e-02 5.761490e-02 5.157856e-02 5.600845e-02 5.773704e-02 4.933910e-02 5.334344e-02 5.446940e-02 4.704051e-02 5.305803e-02 5.415300e-02 3.982367e-02 3.911480e-02 4.866502e-02 3.967329e-02 2.872531e-02 3.300891e-02 4.008481e-02 3.062976e-02 2.054190e-02 1.879815e-02 1.909638e-02 1.549017e-02 1.073957e-02 8.414156e-03 7.856708e-03 7.493469e-03 6.398963e-03 5.157108e-03 4.721354e-03 5.382341e-03 6.802433e-03 8.015634e-03 8.446016e-03 8.790067e-03 9.911551e-03 1.145497e-02 1.236932e-02 1.117585e-02 8.839186e-03 7.467318e-03 7.392325e-03 8.432011e-03 9.513593e-03 9.703754e-03 9.425354e-03 9.127175e-03 8.884287e-03 9.104472e-03 1.049265e-02 1.250801e-02 1.185632e-02 7.556192e-03 4.485089e-03 4.327053e-03 7.848497e-03 1.415260e-02 1.154277e-02 3.729643e-03 1.102290e-03 7.743743e-04 1.298681e-03 1.960126e-03 8.115658e-04 1.073611e-04 1.534958e-05 1.060008e-05 2.580451e-05 6.642674e-05 5.969366e-05 3.094246e-05 1.508086e-05 1.070308e-05 7.459737e-06 5.102791e-06 3.175763e-06 9.225490e-07 1.342652e-07 1.241759e-08 6.019348e-10 7.249224e-12 1.209809e-14 2.063645e-18 7.392477e-23 1.406440e-28 2.118765e-35 8.225622e-43 2.802597e-45 2.802597e-45 1.401298e-45 1.401298e-45 1.401298e-45 1.401298e-45 1.401298e-45 1.401298e-45 1.401298e-45 1.401298e-45 2.802597e-45 2.802597e-45 2.802597e-45 2.802597e-45 1.401298e-45 1.401298e-45 1.401298e-45 1.401298e-45 1.401298e-45 1.401298e-45 1.401298e-45 1.401298e-45 1.401298e-45 1.401298e-45 1.401298e-45 1.401298e-45 1.401298e-45 1.401298e-45 1.401298e-45 1.401298e-45 1.401298e-45 1.401298e-45 1.401298e-45
1.401298e-45 1.401298e-45 0.000000e+00 0.000000e+00 0.000000e+00 0.000000e+00 0.000000e+00 1.401298e-45 1.401298e-45 1.401298e-45 1.401298e-45 1.401298e-45 1.401298e-45 1.401298e-45 1.401298e-45 1.401298e-45 1.401298e-45 2.802597e-45 4.203895e-45 7.006492e-45 4.296661e-41 2.264602e-33 6.011389e-27 2.565683e-22 1.831519e-18 8.100399e-16 7.130238e-13 8.525947e-11 1.314467e-08 2.394358e-07 4.623968e-06 4.184419e-05 8.416755e-05 4.105913e-04 4.035029e-04 1.341822e-03 1.082184e-03 2.328050e-03 5.928855e-03 5.756799e-03 8.956189e-03 3.549981e-03 6.751732e-03 6.540785e-03 7.960390e-03 1.181591e-02 7.282896e-03 1.392824e-02 1.079139e-02 1.273168e-02 2.133279e-02 1.417731e-02 2.262075e-02 2.727582e-02 2.221677e-02 4.171668e-02 4.401535e-02 3.551750e-02 4.676922e-02 4.099705e-02 3.372118e-02 3.595302e-02 3.423842e-02 3.626195e-02 3.737320e-02 3.497008e-02 4.262353e-02 4.844411e-02 4.469021e-02 4.647559e-02 4.450473e-02 3.915455e-02 4.095336e-02 3.673912e-02 3.044699e-02 3.473685e-02 3.377516e-02 2.186633e-02 1.975964e-02 2.536599e-02 2.162093e-02 1.384243e-02 1.358130e-02 1.724654e-02 1.493103e-02 9.831076e-03 8.508313e-03 9.609614e-03 9.178983e-03 6.757441e-03 5.147451e-03 4.927627e-03 5.265884e-03 5.164415e-03 4.585605e-03 4.287323e-03 4.681971e-03 5.738645e-03 7.089934e-03 8.357216e-03 9.441799e-03 1.017187e-02 1.107873e-02 1.178438e-02 1.136322e-02 9.688347e-03 7.463381e-03 6.184649e-03 6.051920e-03 6.811961e-03 8.128447e-03 9.300868e-03 9.399839e-03 8.392401e-03 7.900458e-03 9.597669e-03 1.335609e-02 1.407269e-02 8.926210e-03 4.363108e-03 2.965077e-03 3.911515e-03 6.956378e-03 6.626966e-03 2.330385e-03 5.278843e-04 2.268041e-04 2.944756e-04 5.198099e-04 3.715321e-04 6.861620e-05 1.169847e-05 7.042956e-06 1.646968e-05 3.849096e-05 4.187560e-05 2.111830e-05 6.721449e-06 1.787812e-06 6.477036e-07 2.046328e-07 3.537633e-08 1.974699e-09 4.733167e-11 1.168768e-12 1.120195e-14 1.271206e-17 1.774599e-21 1.535378e-26 6.118388e-33 4.990304e-40 2.802597e-45 2.802597e-45 1.401298e-45 1.401298e-45 1.401298e-45 1.401298e-45 1.401298e-45 1.401298e-45 1.401298e-45 1.401298e-45 1.401298e-45 2.802597e-45 2.802597e-45 1.401298e-45 1.401298e-45 1.401298e-45 1.401298e-45 1.401298e-45 1.401298e-45 1.401298e-45 1.401298e-45 1.401298e-45 1.401298e-45 1.401298e-45 1.401298e-45 1.401298e-45 1.401298e-45 1.401298e-45 1.401298e-45 1.401298e-45 1.401298e-45 1.401298e-45 1.401298e-45 1.401298e-45
0.000000e+00 0.000000e+00 0.000000e+00 0.000000e+00 0.000000e+00 0.000000e+00 0.000000e+00 0.000000e+00 0.000000e+00 1.401298e-45 1.401298e-45 1.401298e-45 1.401298e-45 1.401298e-45 1.401298e-45 1.401298e-45 2.802597e-45 2.802597e-45 4.203895e-45 8.407791e-45 1.582416e-40 4.251535e-33 3.873166e-27 3.828625e-22 1.342675e-18 3.240390e-15 6.374091e-13 3.419465e-10 2.429101e-08 1.842451e-06 1.469600e-05 1.109110e-04 5.987583e-04 7.408482e-04 2.270925e-03 2.137705e-03 5.055135e-03 3.152723e-03 3.340733e-03 4.765917e-03 5.899435e-03 7.828470e-03 4.427250e-03 6.028920e-03 5.251419e-03 9.466562e-03 1.134316e-02 1.076121e-02 1.813490e-02 1.281521e-02 1.835819e-02 2.386805e-02 1.849477e-02 2.711858e-02 2.780071e-02 2.492916e-02 3.660146e-02 4.092132e-02 3.716050e-02 3.755645e-02 3.691985e-02 3.559293e-02 3.186073e-02 3.010071e-02 3.464310e-02 3.368125e-02 2.980841e-02 3.432262e-02 3.648230e-02 3.326837e-02 3.206971e-02 2.779297e-02 2.509683e-02 2.553517e-02 2.029786e-02 1.606901e-02 1.791857e-02 1.719558e-02 1.148117e-02 9.691447e-03 1.128001e-02 1.043802e-02 7.430970e-03 6.768603e-03 8.138644e-03 8.084559e-03 5.964146e-03 4.983871e-03 5.731295e-03 6.679025e-03 6.050299e-03 4.915547e-03 4.579427e-03 4.978629e-03 5.376335e-03 5.296596e-03 5.232885e-03 5.812232e-03 7.039516e-03 8.566008e-03 1.010055e-02 1.115680e-02 1.205356e-02 1.245857e-02 1.231956e-02 1.219844e-02 1.164024e-02 1.077360e-02 9.453846e-03 7.973939e-03 7.058809e-03 7.259246e-03 8.744218e-03 9.949194e-03 8.917133e-03 7.549082e-03 8.607656e-03 1.302645e-02 1.521474e-02 8.611350e-03 2.983113e-03 1.331517e-03 1.372903e-03 2.315985e-03 2.694926e-03 1.053712e-03 2.080949e-04 6.055882e-05 5.505190e-05 1.009993e-04 1.101394e-04 4.480431e-05 1.558426e-05 1.103192e-05 1.407931e-05 1.796744e-05 1.197146e-05 2.898266e-06 3.250876e-07 3.511459e-08 6.492866e-09 1.443318e-09 7.596509e-11 1.232920e-12 9.407779e-15 2.398768e-17 1.560856e-20 1.261825e-24 7.987907e-30 2.824662e-36 4.764415e-44 2.802597e-45 1.401298e-45 1.401298e-45 1.401298e-45 1.401298e-45 1.401298e-45 1.401298e-45 1.401298e-45 1.401298e-45 1.401298e-45 2.802597e-45 2.802597e-45 2.802597e-45 1.401298e-45 1.401298e-45 1.401298e-45 1.401298e-45 1.401298e-45 1.401298e-45 1.401298e-45 1.401298e-45 1.401298e-45 1.401298e-45 1.401298e-45 1.401298e-45 1.401298e-45 1.401298e-45 1.401298e-45 1.401298e-45 1.401298e-45 1.401298e-45 1.401298e-45 1.401298e-45 1.401298e-45
0.000000e+00 0.000000e+00 0.000000e+00 0.000000e+00 0.000000e+00 0.000000e+00 0.000000e+00 0.000000e+00 1.401298e-45 1.401298e-45 1.401298e-45 1.401298e-45 1.401298e-45 1.401298e-45 2.802597e-45 2.802597e-45 2.802597e-45 4.203895e-45 5.605194e-45 1.121039e-44 1.420779e-38 1.310909e-31 5.383125e-26 1.549465e-21 1.223850e-17 7.331533e-15 5.684724e-12 5.152906e-10 8.600890e-08 1.612312e-06 2.442873e-05 8.565123e-05 2.534314e-04 9.915319e-04 1.094830e-03 1.838737e-03 1.999122e-03 2.907178e-03 2.696948e-03 2.497397e-03 2.829859e-03 5.012490e-03 4.668537e-03 5.000113e-03 5.120806e-03 4.649051e-03 1.106970e-02 9.101053e-03 1.329280e-02 1.785323e-02 1.196923e-02 2.029406e-02 1.993976e-02 1.861079e-02 2.545651e-02 2.331340e-02 2.607661e-02 2.976226e-02 3.287471e-02 3.762022e-02 3.086977e-02 3.025761e-02 3.530105e-02 2.850727e-02 2.572523e-02 2.939665e-02 2.723549e-02 2.488986e-02 2.468302e-02 2.223012e-02 2.171485e-02 1.937199e-02 1.391735e-02 1.348396e-02 1.457452e-02 1.047099e-02 8.016575e-03 9.229562e-03 8.905598e-03 6.186490e-03 5.401599e-03 6.242601e-03 5.808670e-03 4.524280e-03 4.555321e-03 6.005959e-03 6.609051e-03 5.276288e-03 4.484248e-03 5.226996e-03 6.854121e-03 7.468686e-03 6.770520e-03 6.367853e-03 6.909653e-03 7.869199e-03 8.257329e-03 8.197491e-03 8.560015e-03 9.871745e-03 1.184937e-02 1.333587e-02 1.453529e-02 1.549638e-02 1.581594e-02 1.532751e-02 1.370643e-02 1.263160e-02 1.271656e-02 1.325149e-02 1.251405e-02 1.036786e-02 9.536646e-03 1.090066e-02 1.180375e-02 8.921473e-03 5.648740e-03 5.035581e-03 7.385193e-03 1.047047e-02 6.756074e-03 1.833032e-03 4.949821e-04 3.228730e-04 5.646128e-04 8.820192e-04 4.819758e-04 9.589093e-05 2.456270e-05 2.135004e-05 4.172625e-05 4.916575e-05 2.342914e-05 7.533734e-06 3.886872e-06 3.841374e-06 4.452874e-06 2.731707e-06 3.882528e-07 1.453155e-08 4.808691e-10 2.632896e-11 1.074243e-12 2.201951e-14 1.385901e-16 3.127953e-19 1.314837e-22 1.080412e-26 1.495478e-31 1.013290e-37 2.802597e-45 1.401298e-45 1.401298e-45 1.401298e-45 1.401298e-45 1.401298e-45 1.401298e-45 1.401298e-45 1.401298e-45 1.401298e-45 2.802597e-45 2.802597e-45 2.802597e-45 1.401298e-45 1.401298e-45 1.401298e-45 1.401298e-45 1.401298e-45 1.401298e-45 1.401298e-45 1.401298e-45 1.401298e-45 1.401298e-45 1.401298e-45 1.401298e-45 1.401298e-45 1.401298e-45 1.401298e-45 1.401298e-45 1.401298e-45 1.401298e-45 1.401298e-45 1.401298e-45 1.401298e-45 1.401298e-45
1.401298e-45 1.401298e-45 0.000000e+00 0.000000e+00 0.000000e+00 0.000000e+00 0.000000e+00 1.401298e-45 1.401298e-45 1.401298e-45 1.401298e-45 2.802597e-45 2.802597e-45 4.203895e-45 4.203895e-45 4.203895e-45 5.605194e-45 5.605194e-45 8.407791e-45 7.391990e-41 2.169412e-35 5.948904e-30 1.183864e-24 3.001352e-20 6.628547e-17 9.281767e-14 1.601817e-11 3.243637e-09 1.283485e-07 5.510771e-06 6.116628e-05 2.502585e-04 3.649288e-04 3.698099e-04 8.803516e-04 1.190635e-03 1.465244e-03 2.688293e-03 2.165312e-03 3.410062e-03 2.500060e-03 3.123883e-03 7.574831e-03 4.737668e-03 9.779127e-03 6.505699e-03 7.032380e-03 1.775202e-02 1.116446e-02 2.362124e-02 2.328418e-02 1.707727e-02 2.860166e-02 2.038447e-02 2.307443e-02 2.602125e-02 2.094970e-02 3.018488e-02 2.769709e-02 2.810014e-02 3.974747e-02 2.928241e-02 2.685082e-02 3.363688e-02 2.516454e-02 2.156498e-02 2.246422e-02 1.897087e-02 1.846582e-02 1.614462e-02 1.166168e-02 1.245628e-02 1.196268e-02 7.389351e-03 6.868140e-03 8.451498e-03 6.160711e-03 4.324125e-03 5.025321e-03 5.344003e-03 3.877170e-03 3.548294e-03 4.651974e-03 4.875380e-03 3.789494e-03 3.884169e-03 5.988328e-03 8.223615e-03 7.575472e-03 6.516003e-03 7.260360e-03 9.711288e-03 1.177848e-02 1.167217e-02 1.116138e-02 1.212129e-02 1.397949e-02 1.484966e-02 1.432952e-02 1.424178e-02 1.526966e-02 1.578448e-02 1.583012e-02 1.596166e-02 1.711652e-02 1.939855e-02 1.960875e-02 1.713156e-02 1.415340e-02 1.311433e-02 1.410021e-02 1.404058e-02 1.179973e-02 1.019529e-02 1.140920e-02 1.304188e-02 9.587280e-03 4.511515e-03 2.479293e-03 2.695614e-03 4.095754e-03 3.592412e-03 1.173809e-03 2.449424e-04 1.055444e-04 1.390439e-04 2.919129e-04 2.696200e-04 1.086106e-04 4.989031e-05 4.441954e-05 4.289633e-05 2.449605e-05 6.294842e-06 1.129010e-06 2.814031e-07 2.392098e-07 5.425858e-07 6.717578e-07 1.088540e-07 2.887631e-09 3.970088e-11 4.342839e-13 3.063874e-15 1.254705e-17 1.958893e-20 3.867038e-24 2.464261e-28 4.263389e-33 9.389043e-39 2.802597e-45 1.401298e-45 1.401298e-45 1.401298e-45 1.401298e-45 1.401298e-45 1.401298e-45 1.401298e-45 2.802597e-45 1.401298e-45 2.802597e-45 2.802597e-45 1.401298e-45 1.401298e-45 1.401298e-45 1.401298e-45 1.401298e-45 1.401298e-45 1.401298e-45 1.401298e-45 1.401298e-45 1.401298e-45 1.401298e-45 1.401298e-45 1.401298e-45 1.401298e-45 1.401298e-45 1.401298e-45 1.401298e-45 1.401298e-45 1.401298e-45 1.401298e-45 1.401298e-45 1.401298e-45 1.401298e-45
0.000000e+00 1.401298e-45 1.401298e-45 1.401298e-45 1.401298e-45 1.401298e-45 1.401298e-45 1.401298e-45 1.401298e-45 2.802597e-45 2.802597e-45 4.203895e-45 5.605194e-45 7.006492e-45 7.006492e-45 1.261169e-44 7.006492e-45 1.401298e-44 1.471363e-43 3.904340e-40 1.711012e-35 5.258052e-30 7.916305e-25 2.839582e-20 2.402607e-16 1.783378e-13 9.067337e-11 6.953703e-09 4.287531e-07 5.889746e-06 4.656964e-05 1.831009e-04 2.917576e-04 4.955134e-04 3.146159e-04 7.232289e-04 9.637566e-04 1.034320e-03 2.872575e-03 1.749472e-03 5.292293e-03 2.919712e-03 4.591839e-03 9.289623e-03 5.133249e-03 1.387464e-02 6.676491e-03 9.746696e-03 1.771866e-02 1.322308e-02 3.301944e-02 2.725349e-02 2.747424e-02 3.784901e-02 2.443081e-02 3.335937e-02 3.156476e-02 2.420006e-02 3.667934e-02 2.910412e-02 2.645712e-02 3.801975e-02 2.845561e-02 2.430819e-02 2.786024e-02 2.110015e-02 1.781859e-02 1.646373e-02 1.281226e-02 1.286516e-02 1.118261e-02 7.121823e-03 6.984718e-03 7.523539e-03 5.110520e-03 4.273965e-03 5.098667e-03 4.325686e-03 3.130231e-03 3.366088e-03 3.835423e-03 3.275342e-03 3.164466e-03 4.430779e-03 5.693950e-03 5.195494e-03 5.159920e-03 7.438718e-03 1.134541e-02 1.260885e-02 1.134661e-02 1.166331e-02 1.492367e-02 1.935169e-02 2.086862e-02 1.997237e-02 2.022461e-02 2.263111e-02 2.416875e-02 2.289969e-02 2.115302e-02 1.968326e-02 1.853718e-02 1.636385e-02 1.428404e-02 1.449443e-02 1.657388e-02 1.890380e-02 1.804059e-02 1.551973e-02 1.477977e-02 1.492551e-02 1.262570e-02 7.991093e-03 5.416053e-03 5.688475e-03 7.739258e-03 7.281001e-03 3.671340e-03 1.579244e-03 1.071675e-03 1.245908e-03 1.227890e-03 5.163806e-04 1.305724e-04 5.332803e-05 7.038859e-05 1.465040e-04 2.128290e-04 1.664617e-04 1.047747e-04 6.941988e-05 4.279561e-05 1.500790e-05 2.105163e-06 1.501589e-07 1.813094e-08 1.161503e-08 3.386490e-08 5.126193e-08 1.207870e-08 6.138881e-10 9.488747e-12 6.246827e-14 2.741908e-16 2.292634e-19 1.846485e-23 3.094250e-28 1.393147e-33 3.196600e-39 1.401298e-45 1.401298e-45 1.401298e-45 1.401298e-45 1.401298e-45 1.401298e-45 1.401298e-45 1.401298e-45 1.401298e-45 2.802597e-45 2.802597e-45 1.401298e-45 1.401298e-45 1.401298e-45 1.401298e-45 1.401298e-45 1.401298e-45 1.401298e-45 1.401298e-45 1.401298e-45 1.401298e-45 1.401298e-45 1.401298e-45 1.401298e-45 1.401298e-45 1.401298e-45 1.401298e-45 1.401298e-45 1.401298e-45 1.401298e-45 1.401298e-45 1.401298e-45 1.401298e-45 1.401298e-45 1.401298e-45
0.000000e+00 0.000000e+00 1.401298e-45 1.401298e-45 1.401298e-45 1.401298e-45 1.401298e-45 1.401298e-45 1.401298e-45 1.401298e-45 2.802597e-45 4.203895e-45 3.877393e-42 1.089089e-41 4.203895e-45 4.203895e-45 4.203895e-45 4.203895e-45 5.605194e-45 2.942727e-44 1.283385e-37 4.407368e-31 5.083787e-25 8.013109e-20 7.312018e-16 1.220561e-12 1.796813e-10 2.383383e-08 5.857897e-07 1.155880e-05 5.484797e-05 1.892466e-04 5.351391e-04 5.003400e-04 9.804579e-04 4.919996e-04 1.300760e-03 1.462884e-03 2.008140e-03 3.815409e-03 2.413198e-03 7.145095e-03 3.721775e-03 8.774389e-03 1.097190e-02 8.654794e-03 1.588173e-02 7.040611e-03 1.129605e-02 1.246233e-02 1.304882e-02 2.872888e-02 2.472318e-02 3.283441e-02 3.889143e-02 2.777443e-02 3.886930e-02 3.765311e-02 2.968523e-02 3.823993e-02 3.191895e-02 2.597632e-02 3.098225e-02 2.664508e-02 2.145988e-02 2.061035e-02 1.721109e-02 1.496766e-02 1.258937e-02 9.611440e-03 9.231274e-03 8.457492e-03 6.065238e-03 5.210354e-03 5.230490e-03 4.379679e-03 3.764797e-03 3.946564e-03 3.730179e-03 3.222815e-03 3.424064e-03 4.047901e-03 4.149466e-03 4.299754e-03 5.561422e-03 7.553994e-03 8.301089e-03 8.372872e-03 1.040473e-02 1.524019e-02 1.892277e-02 1.830462e-02 1.788014e-02 2.126674e-02 2.727990e-02 3.085427e-02 2.958977e-02 2.768013e-02 2.705248e-02 2.607105e-02 2.427447e-02 2.176251e-02 2.026337e-02 1.846614e-02 1.552183e-02 1.292068e-02 1.151913e-02 1.223278e-02 1.324758e-02 1.252116e-02 1.108389e-02 1.078259e-02 1.127257e-02 9.058714e-03 4.868339e-03 2.437723e-03 1.948191e-03 2.441613e-03 2.713041e-03 1.776091e-03 8.648529e-04 5.600961e-04 5.464105e-04 4.741853e-04 2.169596e-04 7.117059e-05 4.759688e-05 7.717100e-05 1.496818e-04 1.526660e-04 8.227981e-05 3.702457e-05 2.137933e-05 1.739884e-05 9.662678e-06 1.365318e-06 5.656618e-08 4.347190e-09 2.001748e-09 1.981356e-09 1.758966e-09 5.632711e-10 4.782246e-11 1.384012e-12 1.632057e-14 3.003224e-17 3.677601e-21 2.197210e-26 3.106799e-32 1.684623e-38 1.401298e-45 1.401298e-45 1.401298e-45 1.401298e-45 1.401298e-45 1.401298e-45 1.401298e-45 2.802597e-45 1.401298e-45 1.401298e-45 1.401298e-45 1.401298e-45 1.401298e-45 1.401298e-45 1.401298e-45 1.401298e-45 1.401298e-45 1.401298e-45 1.401298e-45 1.401298e-45 1.401298e-45 1.401298e-45 1.401298e-45 1.401298e-45 1.401298e-45 1.401298e-45 1.401298e-45 1.401298e-45 1.401298e-45 1.401298e-45 1.401298e-45 1.401298e-45 1.401298e-45 1.401298e-45 1.401298e-45
0.000000e+00 1.401298e-45 1.401298e-45 1.401298e-45 1.401298e-45 1.401298e-45 1.401298e-45 1.401298e-45 1.401298e-45 2.802597e-45 2.802597e-45 4.203895e-45 2.802597e-45 2.802597e-45 2.802597e-45 2.802597e-45 2.802597e-45 4.203895e-45 5.605194e-45 2.382207e-44 6.769432e-36 1.762395e-28 1.632218e-22 8.853063e-18 3.995591e-14 1.556219e-11 2.410632e-09 5.999520e-08 1.842790e-06 2.027492e-05 1.769844e-04 3.651235e-04 7.143353e-04 1.415984e-03 1.655374e-03 2.917413e-03 2.087619e-03 4.071661e-03 3.358156e-03 6.518336e-03 6.389314e-03 6.525643e-03 9.289009e-03 5.024558e-03 1.203160e-02 1.080838e-02 1.517021e-02 1.918896e-02 1.152785e-02 1.594581e-02 1.391035e-02 1.643244e-02 2.703845e-02 2.689036e-02 3.470001e-02 3.965066e-02 3.324743e-02 3.925782e-02 4.222276e-02 3.588158e-02 3.552580e-02 3.346976e-02 2.681875e-02 2.387956e-02 2.243113e-02 1.922083e-02 1.574398e-02 1.383494e-02 1.333904e-02 1.119099e-02 8.724746e-03 7.987250e-03 7.097978e-03 6.023064e-03 5.679468e-03 5.059665e-03 4.309077e-03 4.287063e-03 4.552781e-03 4.291928e-03 4.036498e-03 4.563526e-03 5.536643e-03 5.989932e-03 6.312596e-03 7.542131e-03 9.597605e-03 1.072272e-02 1.079842e-02 1.257031e-02 1.765290e-02 2.297142e-02 2.318676e-02 2.179107e-02 2.400625e-02 2.947080e-02 3.179322e-02 2.863488e-02 2.501773e-02 2.320984e-02 2.186542e-02 1.910242e-02 1.692810e-02 1.544513e-02 1.370944e-02 1.148082e-02 8.984563e-03 8.069846e-03 8.518378e-03 8.744837e-03 7.087597e-03 5.066241e-03 4.612349e-03 5.281538e-03 5.088270e-03 2.998725e-03 1.435446e-03 8.953775e-04 8.105712e-04 7.245526e-04 4.453140e-04 2.413995e-04 1.978958e-04 2.626551e-04 2.632818e-04 1.295669e-04 6.015549e-05 4.948062e-05 6.412502e-05 7.377774e-05 5.297032e-05 2.142552e-05 6.936431e-06 3.839667e-06 4.417747e-06 3.673221e-06 5.794109e-07 3.512006e-08 3.401888e-09 9.224069e-10 5.021464e-10 2.160286e-10 4.344018e-11 1.979229e-12 3.085177e-14 9.550960e-17 2.263079e-20 1.965592e-25 1.376951e-31 1.377434e-38 2.802597e-45 1.401298e-45 1.401298e-45 1.401298e-45 1.401298e-45 1.401298e-45 1.401298e-45 2.802597e-45 2.802597e-45 1.401298e-45 1.401298e-45 1.401298e-45 1.401298e-45 1.401298e-45 1.401298e-45 1.401298e-45 1.401298e-45 1.401298e-45 1.401298e-45 1.401298e-45 1.401298e-45 1.401298e-45 1.401298e-45 1.401298e-45 1.401298e-45 1.401298e-45 1.401298e-45 1.401298e-45 1.401298e-45 1.401298e-45 1.401298e-45 1.401298e-45 1.401298e-45 1.401298e-45 1.401298e-45
0.000000e+00 1.401298e-45 1.401298e-45 1.401298e-45 1.401298e-45 1.401298e-45 1.401298e-45 1.401298e-45 2.802597e-45 4.203895e-45 4.203895e-45 4.203895e-45 2.802597e-45 2.802597e-45 2.802597e-45 4.203895e-45 4.203895e-45 5.605194e-45 9.809089e-45 4.283701e-38 1.813862e-30 3.151327e-24 4.617337e-19 3.768959e-15 4.356438e-12 9.318876e-10 3.602122e-08 7.566437e-07 5.141184e-06 3.744453e-05 1.759251e-04 7.895295e-04 1.409783e-03 2.072634e-03 2.906924e-03 3.871879e-03 4.219992e-03 5.061687e-03 6.519277e-03 5.880365e-03 9.970209e-03 7.336221e-03 1.258269e-02 1.099435e-02 8.581068e-03 1.308563e-02 1.173724e-02 2.045476e-02 2.113383e-02 2.146961e-02 2.348845e-02 2.122909e-02 2.595378e-02 2.903142e-02 3.450695e-02 3.928344e-02 3.875321e-02 4.023170e-02 3.783924e-02 3.912029e-02 3.995248e-02 3.128450e-02 2.895840e-02 2.810035e-02 2.006755e-02 1.702125e-02 1.786741e-02 1.402086e-02 1.143755e-02 1.244959e-02 1.124104e-02 9.402549e-03 8.906679e-03 7.482469e-03 6.713219e-03 7.413399e-03 6.683371e-03 5.256342e-03 5.288485e-03 5.818078e-03 5.298664e-03 4.771149e-03 5.418335e-03 6.595836e-03 7.030576e-03 7.202244e-03 8.400888e-03 1.028647e-02 1.118935e-02 1.093947e-02 1.167539e-02 1.518151e-02 2.026591e-02 2.218209e-02 2.048959e-02 2.003997e-02 2.155928e-02 2.192535e-02 1.904972e-02 1.568952e-02 1.422440e-02 1.301249e-02 1.149873e-02 9.847417e-03 8.645711e-03 7.680133e-03 5.868671e-03 4.261577e-03 3.641991e-03 4.217786e-03 5.134481e-03 4.434987e-03 2.757081e-03 1.815014e-03 1.725676e-03 1.799730e-03 1.380214e-03 7.701613e-04 4.830077e-04 4.011180e-04 2.989176e-04 1.565176e-04 8.034228e-05 7.823401e-05 1.254949e-04 1.610177e-04 9.917407e-05 3.612849e-05 1.507363e-05 1.051650e-05 1.064167e-05 9.104655e-06 4.831212e-06 2.370773e-06 2.438501e-06 3.992541e-06 2.533579e-06 3.823113e-07 2.673589e-08 2.894318e-09 6.932090e-10 3.130886e-10 8.241724e-11 4.739891e-12 9.127604e-14 3.601822e-16 1.100116e-19 9.174459e-25 2.896032e-31 7.476303e-39 2.802597e-45 1.401298e-45 1.401298e-45 1.401298e-45 1.401298e-45 1.401298e-45 1.401298e-45 1.401298e-45 1.401298e-45 1.401298e-45 1.401298e-45 1.401298e-45 1.401298e-45 1.401298e-45 1.401298e-45 1.401298e-45 1.401298e-45 1.401298e-45 1.401298e-45 1.401298e-45 1.401298e-45 1.401298e-45 1.401298e-45 1.401298e-45 1.401298e-45 1.401298e-45 1.401298e-45 1.401298e-45 1.401298e-45 1.401298e-45 1.401298e-45 1.401298e-45 1.401298e-45 1.401298e-45 1.401298e-45
0.000000e+00 1.401298e-45 1.401298e-45 1.401298e-45 1.401298e-45 1.401298e-45 1.401298e-45 2.802597e-45 2.802597e-45 2.802597e-45 2.802597e-45 2.802597e-45 2.802597e-45 4.203895e-45 4.203895e-45 5.605194e-45 7.006492e-45 3.923636e-44 2.435085e-36 1.970387e-29 5.403192e-24 3.133983e-19 1.585158e-15 2.079135e-12 3.729197e-10 2.240733e-08 5.140187e-07 4.986589e-06 3.411703e-05 1.221427e-04 3.647407e-04 9.429550e-04 1.754689e-03 2.878008e-03 3.276766e-03 4.688192e-03 6.428307e-03 5.320200e-03 8.187094e-03 6.912459e-03 9.732903e-03 1.098827e-02 9.414716e-03 1.749837e-02 1.243850e-02 1.710688e-02 1.580435e-02 1.823139e-02 2.971543e-02 2.331670e-02 3.586204e-02 3.013390e-02 2.822515e-02 3.896248e-02 3.031998e-02 4.111129e-02 4.529170e-02 3.576271e-02 4.548140e-02 3.640539e-02 3.123194e-02 3.912001e-02 2.730738e-02 2.111705e-02 2.525904e-02 1.768171e-02 1.242106e-02 1.500203e-02 1.351780e-02 1.056532e-02 1.155921e-02 1.168839e-02 1.097427e-02 1.116651e-02 9.766972e-03 8.703414e-03 9.478558e-03 8.669538e-03 6.367017e-03 5.644151e-03 5.901530e-03 5.359076e-03 4.649321e-03 4.933674e-03 6.111271e-03 7.053207e-03 7.330260e-03 7.852479e-03 9.094033e-03 1.017909e-02 9.953474e-03 9.542206e-03 1.058818e-02 1.313572e-02 1.467730e-02 1.391814e-02 1.246523e-02 1.154587e-02 1.056831e-02 8.949823e-03 7.495365e-03 6.307759e-03 5.528318e-03 4.783068e-03 4.116671e-03 3.822525e-03 3.465017e-03 2.745196e-03 1.801351e-03 1.330459e-03 1.483951e-03 2.157730e-03 2.549907e-03 1.785061e-03 9.560535e-04 5.754580e-04 4.439118e-04 3.417574e-04 2.496175e-04 2.127242e-04 2.116018e-04 1.626346e-04 7.511573e-05 4.152008e-05 4.532778e-05 7.215272e-05 7.228741e-05 3.196038e-05 8.147272e-06 2.017510e-06 8.530117e-07 6.431903e-07 4.852220e-07 2.926535e-07 3.580452e-07 1.335345e-06 4.528493e-06 3.957296e-06 6.482497e-07 3.835098e-08 2.147865e-09 3.044790e-10 3.106495e-11 1.730787e-12 3.392599e-14 1.307456e-16 4.093629e-20 5.111749e-25 1.373381e-31 1.712116e-39 2.802597e-45 2.802597e-45 1.401298e-45 1.401298e-45 1.401298e-45 1.401298e-45 1.401298e-45 1.401298e-45 1.401298e-45 1.401298e-45 1.401298e-45 1.401298e-45 1.401298e-45 1.401298e-45 1.401298e-45 1.401298e-45 1.401298e-45 1.401298e-45 1.401298e-45 1.401298e-45 1.401298e-45 1.401298e-45 1.401298e-45 1.401298e-45 1.401298e-45 1.401298e-45 1.401298e-45 1.401298e-45 1.401298e-45 1.401298e-45 1.401298e-45 1.401298e-45 1.401298e-45 1.401298e-45 1.401298e-45
0.000000e+00 1.401298e-45 1.401298e-45 1.401298e-45 1.401298e-45 1.401298e-45 1.401298e-45 1.401298e-45 1.401298e-45 1.401298e-45 2.802597e-45 2.802597e-45 4.203895e-45 5.605194e-45 7.006492e-45 5.324934e-44 2.713062e-36 9.239723e-30 3.964865e-24 1.277647e-19 8.162054e-16 4.143954e-13 8.440109e-11 3.248070e-09 9.509485e-08 9.776752e-07 8.380337e-06 4.142233e-05 1.433780e-04 4.439512e-04 8.700076e-04 1.627014e-03 3.022728e-03 3.678901e-03 6.561400e-03 4.966395e-03 8.349672e-03 8.879608e-03 7.776334e-03 1.327479e-02 7.502514e-03 1.752257e-02 1.163469e-02 1.426411e-02 2.235530e-02 1.225969e-02 2.455403e-02 1.431140e-02 2.108309e-02 3.602105e-02 2.296188e-02 4.548835e-02 3.453344e-02 2.939819e-02 4.608431e-02 3.126321e-02 4.139648e-02 4.830019e-02 3.278838e-02 4.296491e-02 3.472175e-02 2.327081e-02 3.137339e-02 2.330936e-02 1.420519e-02 1.800327e-02 1.478487e-02 9.193271e-03 1.098348e-02 1.205384e-02 1.007551e-02 1.084180e-02 1.139164e-02 1.088693e-02 1.172818e-02 1.114909e-02 9.429114e-03 9.391295e-03 8.856981e-03 6.281207e-03 4.644283e-03 4.550366e-03 4.736948e-03 4.354359e-03 4.237784e-03 5.142404e-03 6.835583e-03 7.620584e-03 7.235116e-03 7.422717e-03 8.151958e-03 7.946271e-03 6.761553e-03 6.170260e-03 6.459002e-03 6.818614e-03 6.399654e-03 5.521893e-03 4.702487e-03 3.925039e-03 3.352740e-03 2.878535e-03 2.506700e-03 2.117610e-03 1.763619e-03 1.591632e-03 1.534599e-03 1.545994e-03 1.327336e-03 9.219899e-04 6.144003e-04 5.150040e-04 6.041364e-04 7.509623e-04 7.132197e-04 4.491136e-04 2.392489e-04 1.315264e-04 8.896604e-05 8.079044e-05 1.037647e-04 1.315574e-04 8.953118e-05 3.623117e-05 1.597738e-05 1.201412e-05 1.180089e-05 9.016317e-06 3.845664e-06 1.092605e-06 3.762243e-07 1.894044e-07 7.298365e-08 1.523645e-08 4.525132e-09 5.576798e-09 2.679527e-08 1.639297e-07 2.817698e-07 8.407480e-08 7.881127e-09 5.085803e-10 1.841997e-11 4.800901e-13 2.279653e-15 1.535348e-18 5.593807e-23 1.366975e-28 2.930975e-35 2.900688e-43 2.802597e-45 2.802597e-45 1.401298e-45 1.401298e-45 2.802597e-45 1.401298e-45 1.401298e-45 1.401298e-45 1.401298e-45 1.401298e-45 1.401298e-45 1.401298e-45 1.401298e-45 1.401298e-45 1.401298e-45 1.401298e-45 1.401298e-45 1.401298e-45 1.401298e-45 1.401298e-45 1.401298e-45 1.401298e-45 1.401298e-45 1.401298e-45 1.401298e-45 1.401298e-45 1.401298e-45 1.401298e-45 1.401298e-45 1.401298e-45 1.401298e-45 1.401298e-45 1.401298e-45 1.401298e-45 0.000000e+00
0.000000e+00 1.401298e-45 1.401298e-45 1.401298e-45 1.401298e-45 1.401298e-45 1.401298e-45 1.401298e-45 1.401298e-45 1.401298e-45 2.802597e-45 4.203895e-45 7.006492e-45 1.527415e-43 1.250473e-33 7.757029e-27 1.822091e-21 2.900261e-17 6.513382e-14 1.792337e-11 1.030497e-09 2.567565e-08 2.060697e-07 1.674924e-06 5.568543e-06 3.231067e-05 8.577833e-05 2.975471e-04 5.986001e-04 1.049969e-03 2.030139e-03 2.248209e-03 3.187454e-03 3.346975e-03 3.304964e-03 6.998378e-03 4.467950e-03 1.175752e-02 8.004147e-03 9.636004e-03 1.449190e-02 7.047070e-03 2.475488e-02 9.971260e-03 1.928587e-02 2.440649e-02 1.188919e-02 3.033922e-02 1.195922e-02 1.830470e-02 3.406717e-02 1.920165e-02 4.464259e-02 3.725902e-02 2.620799e-02 4.615084e-02 3.050945e-02 3.474659e-02 4.790843e-02 2.848700e-02 3.390401e-02 3.160065e-02 1.730011e-02 2.153195e-02 1.839425e-02 9.724813e-03 1.123882e-02 1.144340e-02 7.697894e-03 8.407438e-03 9.572702e-03 8.874739e-03 9.571256e-03 9.405300e-03 8.555798e-03 9.393298e-03 9.197788e-03 7.436450e-03 7.157081e-03 7.204652e-03 5.342245e-03 3.669564e-03 3.463781e-03 3.974801e-03 4.082705e-03 3.879023e-03 4.349287e-03 5.798084e-03 6.885996e-03 6.425811e-03 5.578851e-03 5.287481e-03 4.911114e-03 4.068370e-03 3.215862e-03 2.772052e-03 2.518674e-03 2.226926e-03 1.937357e-03 1.673628e-03 1.420711e-03 1.169901e-03 1.055897e-03 1.034488e-03 9.633655e-04 8.136573e-04 6.535892e-04 6.062686e-04 6.277181e-04 6.107893e-04 4.718441e-04 3.027542e-04 1.972513e-04 1.490135e-04 1.431639e-04 1.507308e-04 1.486194e-04 1.116460e-04 6.729183e-05 3.907058e-05 3.590441e-05 5.335626e-05 6.389990e-05 3.417435e-05 9.352326e-06 2.723642e-06 1.379310e-06 1.103804e-06 8.006114e-07 3.575457e-07 1.493086e-07 1.240227e-07 1.479429e-07 6.427793e-08 7.249187e-09 6.831182e-10 2.234480e-10 2.736025e-10 6.668829e-10 9.609233e-10 5.314983e-10 1.138148e-10 9.350949e-12 2.102259e-13 8.268557e-16 1.409895e-19 3.015405e-25 3.161807e-32 5.075307e-40 2.802597e-45 2.802597e-45 1.401298e-45 1.401298e-45 2.802597e-45 1.401298e-45 1.401298e-45 1.401298e-45 1.401298e-45 1.401298e-45 1.401298e-45 1.401298e-45 1.401298e-45 1.401298e-45 1.401298e-45 1.401298e-45 1.401298e-45 1.401298e-45 1.401298e-45 1.401298e-45 1.401298e-45 1.401298e-45 1.401298e-45 1.401298e-45 1.401298e-45 1.401298e-45 1.401298e-45 1.401298e-45 1.401298e-45 1.401298e-45 1.401298e-45 1.401298e-45 1.401298e-45 1.401298e-45 1.401298e-45 0.000000e+00
0.000000e+00 1.401298e-45 1.401298e-45 1.401298e-45 1.401298e-45 1.401298e-45 1.401298e-45 1.401298e-45 1.401298e-45 2.802597e-45 4.203895e-45 9.809089e-45 1.765401e-35 9.008604e-26 3.514982e-20 4.508724e-16 3.374123e-13 1.015708e-10 4.618750e-09 1.465669e-07 1.051428e-06 6.550690e-06 2.243807e-05 5.187267e-05 1.119950e-04 1.257402e-04 3.515329e-04 4.416151e-04 1.239514e-03 1.630506e-03 2.240368e-03 3.370043e-03 2.784551e-03 4.750201e-03 3.126212e-03 2.846333e-03 4.071224e-03 2.424162e-03 9.388125e-03 4.370066e-03 8.927241e-03 8.348287e-03 4.781391e-03 1.880485e-02 5.710169e-03 1.686352e-02 1.695104e-02 9.757530e-03 2.842197e-02 1.019155e-02 1.504452e-02 2.649454e-02 1.402873e-02 3.283526e-02 3.135957e-02 2.123076e-02 3.731300e-02 2.625493e-02 2.593640e-02 3.703854e-02 2.301574e-02 2.306264e-02 2.299104e-02 1.315430e-02 1.340288e-02 1.302083e-02 7.714326e-03 7.316654e-03 8.471027e-03 7.353375e-03 6.963667e-03 7.228706e-03 7.371976e-03 7.609348e-03 6.931530e-03 6.367766e-03 6.711311e-03 6.222022e-03 4.958059e-03 4.741904e-03 5.078036e-03 4.231148e-03 3.102453e-03 2.806279e-03 3.137164e-03 3.470159e-03 3.436882e-03 3.470315e-03 3.932528e-03 4.645840e-03 4.700015e-03 3.996837e-03 3.177896e-03 2.642090e-03 2.180725e-03 1.699458e-03 1.258811e-03 9.508951e-04 7.864658e-04 7.027140e-04 6.394577e-04 5.276721e-04 4.222483e-04 3.851116e-04 4.188240e-04 4.610388e-04 3.900313e-04 2.780572e-04 2.120872e-04 1.991131e-04 1.925014e-04 1.546902e-04 1.021994e-04 5.951734e-05 3.792344e-05 3.057891e-05 3.613722e-05 5.233337e-05 6.399220e-05 3.988111e-05 1.841343e-05 1.319892e-05 1.615245e-05 1.542966e-05 5.676464e-06 1.076405e-06 2.580202e-07 1.583167e-07 1.881384e-07 1.375502e-07 4.209351e-08 1.609634e-08 1.843122e-08 3.043693e-08 2.433819e-08 6.105590e-09 8.529981e-10 1.289804e-10 3.439361e-11 7.749613e-12 2.299585e-12 3.167432e-13 9.239776e-15 4.758498e-17 8.284709e-20 1.331023e-23 5.145570e-29 1.736423e-36 4.203895e-45 2.802597e-45 2.802597e-45 2.802597e-45 2.802597e-45 1.401298e-45 1.401298e-45 1.401298e-45 1.401298e-45 1.401298e-45 1.401298e-45 1.401298e-45 1.401298e-45 1.401298e-45 1.401298e-45 1.401298e-45 1.401298e-45 1.401298e-45 1.401298e-45 1.401298e-45 1.401298e-45 1.401298e-45 1.401298e-45 1.401298e-45 1.401298e-45 1.401298e-45 1.401298e-45 1.401298e-45 1.401298e-45 1.401298e-45 1.401298e-45 1.401298e-45 1.401298e-45 1.401298e-45 1.401298e-45 1.401298e-45 0.000000e+00
0.000000e+00 1.401298e-45 1.401298e-45 1.401298e-45 1.401298e-45 1.401298e-45 1.401298e-45 1.401298e-45 2.802597e-45 2.802597e-45 5.605194e-45 2.186458e-33 4.053805e-19 7.694396e-13 1.739971e-10 9.415287e-10 1.108605e-08 7.601316e-08 8.192625e-07 2.083868e-06 1.044809e-05 1.475186e-05 4.544264e-05 7.527872e-05 1.783185e-04 2.968764e-04 3.027430e-04 6.006719e-04 5.213472e-04 1.362176e-03 1.468917e-03 2.041886e-03 2.697885e-03 2.090860e-03 4.793363e-03 2.831133e-03 3.311443e-03 2.650280e-03 1.564201e-03 5.230782e-03 2.221869e-03 6.648962e-03 4.131984e-03 3.189197e-03 9.369969e-03 3.033240e-03 9.086969e-03 8.162994e-03 6.100474e-03 1.661698e-02 8.145174e-03 1.127308e-02 1.883736e-02 1.114051e-02 2.010250e-02 2.329704e-02 1.666033e-02 2.496964e-02 2.231053e-02 1.825757e-02 2.394059e-02 1.883368e-02 1.454091e-02 1.450968e-02 1.006758e-02 8.313316e-03 9.111944e-03 7.161317e-03 5.763021e-03 6.523131e-03 7.017423e-03 6.298323e-03 5.736252e-03 5.939481e-03 6.018436e-03 5.231009e-03 4.723829e-03 4.872776e-03 4.303663e-03 3.147294e-03 2.856844e-03 3.206277e-03 3.051148e-03 2.475045e-03 2.250303e-03 2.352417e-03 2.503597e-03 2.578796e-03 2.500025e-03 2.438823e-03 2.522554e-03 2.692070e-03 2.541797e-03 1.971528e-03 1.359412e-03 1.002311e-03 8.078204e-04 6.182889e-04 4.217656e-04 2.986886e-04 2.632547e-04 2.509712e-04 2.132657e-04 1.559001e-04 1.192010e-04 1.203053e-04 1.390599e-04 1.367210e-04 9.610141e-05 6.233446e-05 4.787977e-05 4.228513e-05 3.521214e-05 2.437680e-05 1.600584e-05 1.073971e-05 9.514764e-06 1.361006e-05 2.702249e-05 3.071504e-05 1.395495e-05 4.320792e-06 2.235929e-06 2.204699e-06 1.918634e-06 6.661176e-07 1.011950e-07 2.429964e-08 2.445123e-08 5.325520e-08 5.800103e-08 2.137299e-08 5.460990e-09 1.995855e-09 1.099752e-09 6.136658e-10 2.492508e-10 7.081498e-11 1.041858e-11 1.040944e-12 1.484957e-13 7.409320e-15 2.670926e-17 3.781886e-21 9.746431e-26 1.522189e-30 4.016802e-36 2.550363e-43 2.802597e-45 2.802597e-45 2.802597e-45 1.401298e-45 1.401298e-45 1.401298e-45 1.401298e-45 1.401298e-45 1.401298e-45 1.401298e-45 1.401298e-45 1.401298e-45 1.401298e-45 1.401298e-45 1.401298e-45 1.401298e-45 1.401298e-45 1.401298e-45 1.401298e-45 1.401298e-45 1.401298e-45 1.401298e-45 1.401298e-45 1.401298e-45 1.401298e-45 1.401298e-45 1.401298e-45 1.401298e-45 1.401298e-45 1.401298e-45 1.401298e-45 1.401298e-45 1.401298e-45 1.401298e-45 0.000000e+00 0.000000e+00 0.000000e+00
0.000000e+00 0.000000e+00 1.401298e-45 1.401298e-45 1.401298e-45 1.401298e-45 1.401298e-45 1.401298e-45 2.802597e-45 2.802597e-45 3.811532e-43 2.107449e-23 4.013183e-12 1.058608e-06 3.885612e-05 3.753317e-05 1.780724e-05 3.221986e-05 3.871502e-05 7.846580e-05 5.132859e-05 1.057349e-04 7.654605e-05 1.645026e-04 1.851051e-04 3.945169e-04 5.666024e-04 5.685408e-04 8.626273e-04 6.713344e-04 1.307631e-03 1.412519e-03 1.788951e-03 2.470216e-03 1.759523e-03 3.909489e-03 2.646260e-03 3.641639e-03 2.702542e-03 1.742133e-03 3.779323e-03 1.943865e-03 5.114038e-03 3.405315e-03 2.929951e-03 5.878055e-03 2.692230e-03 5.328589e-03 5.435548e-03 4.267248e-03 9.361299e-03 7.220699e-03 8.586947e-03 1.522097e-02 1.114541e-02 1.466364e-02 1.990034e-02 1.450576e-02 1.842442e-02 2.020108e-02 1.448383e-02 1.718847e-02 1.670696e-02 1.110027e-02 1.043744e-02 8.828660e-03 6.544782e-03 7.077145e-03 7.613663e-03 6.033010e-03 5.645619e-03 6.718916e-03 6.102048e-03 4.741635e-03 4.862805e-03 4.904510e-03 3.900480e-03 3.448437e-03 3.602157e-03 3.095340e-03 2.119088e-03 1.763768e-03 1.939908e-03 1.998686e-03 1.771807e-03 1.642386e-03 1.620505e-03 1.600682e-03 1.577187e-03 1.570704e-03 1.475062e-03 1.339892e-03 1.261200e-03 1.216710e-03 9.959806e-04 6.447371e-04 4.004369e-04 2.854425e-04 2.244212e-04 1.628460e-04 1.148585e-04 9.104854e-05 8.187695e-05 6.821962e-05 4.696144e-05 3.173705e-05 2.563159e-05 2.678685e-05 2.802272e-05 2.377987e-05 1.620901e-05 1.150158e-05 1.012231e-05 9.978229e-06 9.512666e-06 6.946617e-06 3.850696e-06 2.474984e-06 3.425858e-06 7.045619e-06 7.881417e-06 2.658487e-06 5.337854e-07 2.091732e-07 2.343821e-07 2.880784e-07 1.067130e-07 1.298987e-08 2.286329e-09 1.906947e-09 4.543040e-09 1.040639e-08 1.076588e-08 4.927671e-09 1.036509e-09 1.449061e-10 1.557660e-11 1.515260e-12 5.950520e-14 1.825473e-15 7.966279e-17 5.072769e-18 3.948754e-20 5.942879e-24 2.501938e-29 1.258636e-35 3.619554e-42 2.802597e-45 2.802597e-45 2.802597e-45 1.401298e-45 1.401298e-45 1.401298e-45 1.401298e-45 1.401298e-45 1.401298e-45 1.401298e-45 1.401298e-45 1.401298e-45 1.401298e-45 1.401298e-45 1.401298e-45 1.401298e-45 1.401298e-45 1.401298e-45 1.401298e-45 1.401298e-45 1.401298e-45 1.401298e-45 1.401298e-45 1.401298e-45 1.401298e-45 1.401298e-45 1.401298e-45 1.401298e-45 1.401298e-45 1.401298e-45 1.401298e-45 1.401298e-45 1.401298e-45 1.401298e-45 1.401298e-45 0.000000e+00 0.000000e+00 0.000000e+00
0.000000e+00 1.401298e-45 0.000000e+00 1.401298e-45 1.401298e-45 1.401298e-45 1.401298e-45 2.802597e-45 4.203895e-45 5.605194e-45 7.620210e-33 4.911169e-19 2.682629e-10 7.325279e-06 5.606254e-04 1.901684e-03 1.359988e-03 8.309659e-04 1.195938e-03 1.073625e-03 1.315871e-03 6.070045e-04 8.272916e-04 4.535984e-04 6.978728e-04 6.514741e-04 1.004121e-03 1.298706e-03 1.085173e-03 1.397684e-03 1.080152e-03 1.526455e-03 1.787658e-03 1.787200e-03 2.916208e-03 1.968777e-03 3.673219e-03 2.887849e-03 3.501251e-03 3.501984e-03 2.285336e-03 3.917654e-03 2.586380e-03 4.554901e-03 4.394201e-03 3.490507e-03 5.717160e-03 3.647918e-03 4.698354e-03 6.163843e-03 4.522535e-03 7.970987e-03 8.057071e-03 7.929694e-03 1.445363e-02 1.268742e-02 1.413761e-02 2.001622e-02 1.526274e-02 1.699869e-02 2.014145e-02 1.399153e-02 1.491340e-02 1.583052e-02 1.005223e-02 9.032844e-03 9.083848e-03 6.424217e-03 6.698324e-03 8.694070e-03 6.791288e-03 5.740439e-03 6.784100e-03 5.406469e-03 3.981253e-03 4.335491e-03 4.070484e-03 2.953507e-03 2.678550e-03 2.735032e-03 2.229911e-03 1.583933e-03 1.283258e-03 1.246958e-03 1.238978e-03 1.163850e-03 1.096086e-03 1.041940e-03 9.510408e-04 8.804933e-04 8.439962e-04 7.763027e-04 6.560189e-04 5.480679e-04 4.608042e-04 3.516139e-04 2.263693e-04 1.360390e-04 9.029564e-05 6.590421e-05 5.063262e-05 3.710215e-05 2.721310e-05 2.110496e-05 1.627169e-05 1.190950e-05 8.097732e-06 6.059150e-06 5.362737e-06 5.575921e-06 5.690924e-06 5.337110e-06 4.645769e-06 4.177022e-06 4.752362e-06 5.646028e-06 3.979645e-06 1.320732e-06 4.701805e-07 4.275098e-07 8.880186e-07 1.182839e-06 3.866753e-07 5.662565e-08 1.980931e-08 3.455060e-08 7.686260e-08 4.008186e-08 5.263866e-09 6.183999e-10 1.565893e-10 1.268419e-10 2.646312e-10 7.826020e-10 1.130368e-09 4.172574e-10 4.455614e-11 2.171646e-12 1.742660e-14 1.957892e-17 9.063958e-21 8.715346e-24 9.722988e-27 3.054905e-30 3.205461e-35 1.354355e-41 2.802597e-45 2.802597e-45 2.802597e-45 1.401298e-45 1.401298e-45 1.401298e-45 1.401298e-45 1.401298e-45 1.401298e-45 1.401298e-45 1.401298e-45 1.401298e-45 1.401298e-45 1.401298e-45 1.401298e-45 1.401298e-45 1.401298e-45 1.401298e-45 1.401298e-45 1.401298e-45 1.401298e-45 1.401298e-45 1.401298e-45 1.401298e-45 1.401298e-45 1.401298e-45 1.401298e-45 1.401298e-45 1.401298e-45 1.401298e-45 1.401298e-45 1.401298e-45 1.401298e-45 1.401298e-45 1.401298e-45 1.401298e-45 0.000000e+00 0.000000e+00 0.000000e+00
0.000000e+00 0.000000e+00 0.000000e+00 1.401298e-45 1.401298e-45 1.401298e-45 2.802597e-45 2.802597e-45 4.203895e-45 4.306307e-36 8.958638e-23 1.895598e-15 2.673988e-10 4.073429e-07 1.603609e-05 1.135951e-04 5.707861e-04 1.115374e-03 1.167751e-03 1.867297e-03 2.051784e-03 3.162888e-03 1.740125e-03 2.556882e-03 1.388783e-03 1.752673e-03 1.501617e-03 1.863142e-03 2.483736e-03 1.820355e-03 2.313348e-03 1.687336e-03 2.012636e-03 2.431505e-03 2.027551e-03 3.500017e-03 2.395192e-03 4.232415e-03 3.605291e-03 3.836622e-03 4.638072e-03 2.842382e-03 4.704412e-03 3.499939e-03 4.677852e-03 5.851224e-03 4.295980e-03 6.819963e-03 5.306499e-03 5.403990e-03 8.644282e-03 6.386317e-03 1.020255e-02 1.252399e-02 1.024954e-02 1.762564e-02 1.721038e-02 1.687723e-02 2.466023e-02 1.871657e-02 1.919049e-02 2.342533e-02 1.501399e-02 1.477724e-02 1.646510e-02 9.973509e-03 9.219282e-03 1.096654e-02 7.883446e-03 8.132257e-03 1.055873e-02 7.609475e-03 6.631324e-03 7.905649e-03 5.276258e-03 3.692702e-03 4.489389e-03 3.938276e-03 2.430778e-03 2.282624e-03 2.439379e-03 1.744671e-03 1.170859e-03 1.003606e-03 9.184580e-04 8.072900e-04 7.387680e-04 7.061269e-04 6.255256e-04 5.258220e-04 4.558518e-04 4.191287e-04 3.567829e-04 2.697868e-04 2.021601e-04 1.511961e-04 1.061080e-04 6.787447e-05 4.411697e-05 3.061443e-05 2.182415e-05 1.487317e-05 1.020179e-05 7.380996e-06 5.545307e-06 4.279481e-06 3.222375e-06 2.476110e-06 1.902293e-06 1.630371e-06 1.703509e-06 2.264210e-06 2.903945e-06 2.633774e-06 2.158027e-06 2.499375e-06 3.286722e-06 1.888676e-06 3.858146e-07 7.129445e-08 4.499504e-08 1.016694e-07 1.954718e-07 7.716147e-08 1.019586e-08 3.013238e-09 4.207030e-09 1.122194e-08 1.550531e-08 5.890239e-09 7.979810e-10 8.000568e-11 1.696796e-11 1.394883e-11 2.268078e-11 1.740398e-11 5.799866e-12 1.194720e-12 7.445350e-14 2.475668e-16 2.602702e-20 2.898011e-25 1.166411e-30 3.744028e-36 5.431433e-42 2.802597e-45 2.802597e-45 1.401298e-45 1.401298e-45 1.401298e-45 1.401298e-45 1.401298e-45 1.401298e-45 1.401298e-45 1.401298e-45 1.401298e-45 1.401298e-45 1.401298e-45 1.401298e-45 1.401298e-45 1.401298e-45 1.401298e-45 1.401298e-45 1.401298e-45 1.401298e-45 1.401298e-45 1.401298e-45 1.401298e-45 1.401298e-45 1.401298e-45 1.401298e-45 1.401298e-45 1.401298e-45 1.401298e-45 2.802597e-45 1.401298e-45 1.401298e-45 1.401298e-45 1.401298e-45 1.401298e-45 0.000000e+00 0.000000e+00 0.000000e+00 0.000000e+00 0.000000e+00
0.000000e+00 0.000000e+00 1.401298e-45 1.401298e-45 2.802597e-45 2.802597e-45 4.203895e-45 7.006492e-45 1.784653e-39 1.416079e-26 2.118024e-16 2.310208e-10 6.855733e-08 1.895065e-06 1.033298e-05 3.416967e-05 9.034458e-05 4.677925e-04 1.153172e-03 1.247645e-03 1.745845e-03 1.845160e-03 3.562412e-03 2.208475e-03 4.016540e-03 2.376365e-03 2.989264e-03 2.368055e-03 2.727244e-03 3.834744e-03 2.802259e-03 3.667533e-03 2.458183e-03 2.708310e-03 3.130049e-03 2.469059e-03 4.079502e-03 2.827351e-03 5.120505e-03 4.533157e-03 4.992530e-03 6.286426e-03 3.677583e-03 6.016321e-03 4.419064e-03 5.192291e-03 7.181834e-03 4.870740e-03 8.064757e-03 7.019839e-03 6.593072e-03 1.187685e-02 9.031566e-03 1.452678e-02 2.057082e-02 1.590636e-02 2.715003e-02 2.508902e-02 2.324048e-02 3.502582e-02 2.390484e-02 2.363194e-02 3.141805e-02 1.778166e-02 1.607563e-02 2.058689e-02 1.266213e-02 1.150040e-02 1.529763e-02 1.184268e-02 1.232238e-02 1.519210e-02 9.562828e-03 8.431819e-03 1.178438e-02 7.184993e-03 4.070805e-03 5.373763e-03 5.078468e-03 2.376744e-03 1.886772e-03 2.213044e-03 1.488233e-03 8.222423e-04 7.000943e-04 6.827622e-04 5.495843e-04 4.544565e-04 4.253759e-04 3.685839e-04 2.790375e-04 2.186723e-04 1.864615e-04 1.473030e-04 9.779963e-05 6.462245e-05 4.791763e-05 3.486903e-05 2.269366e-05 1.435942e-05 1.036895e-05 7.717646e-06 5.065096e-06 3.082729e-06 2.039106e-06 1.628260e-06 1.374210e-06 1.182597e-06 1.061753e-06 1.018031e-06 9.620207e-07 1.034267e-06 1.376890e-06 1.599518e-06 1.182468e-06 7.648431e-07 8.205612e-07 1.160673e-06 7.950215e-07 1.317774e-07 1.434508e-08 5.589580e-09 1.283885e-08 3.450640e-08 2.087222e-08 3.698006e-09 7.706397e-10 5.704844e-10 1.329072e-09 4.020191e-09 5.065149e-09 1.449995e-09 1.785569e-10 3.086400e-11 9.637614e-12 1.264392e-12 4.920488e-14 1.470996e-15 7.463014e-17 2.239499e-18 9.321397e-21 4.754451e-25 2.011728e-31 1.007400e-38 2.802597e-45 2.802597e-45 1.401298e-45 1.401298e-45 1.401298e-45 1.401298e-45 1.401298e-45 1.401298e-45 1.401298e-45 1.401298e-45 1.401298e-45 1.401298e-45 1.401298e-45 1.401298e-45 1.401298e-45 1.401298e-45 1.401298e-45 1.401298e-45 1.401298e-45 1.401298e-45 1.401298e-45 1.401298e-45 1.401298e-45 1.401298e-45 1.401298e-45 1.401298e-45 1.401298e-45 1.401298e-45 1.401298e-45 2.802597e-45 1.401298e-45 1.401298e-45 1.401298e-45 1.401298e-45 1.401298e-45 0.000000e+00 0.000000e+00 0.000000e+00 0.000000e+00 0.000000e+00 0.000000e+00
0.000000e+00 1.401298e-45 1.401298e-45 2.802597e-45 2.802597e-45 4.203895e-45 5.605194e-45 5.709332e-37 6.077324e-27 2.555731e-20 5.061171e-14 4.947496e-09 3.865962e-06 1.815958e-05 3.716239e-05 3.432468e-05 7.241862e-05 1.263360e-04 6.099328e-04 1.402586e-03 1.672668e-03 2.191680e-03 2.035061e-03 4.055964e-03 2.529622e-03 5.184570e-03 3.285856e-03 4.539945e-03 3.453510e-03 3.971435e-03 5.513917e-03 4.451033e-03 5.774108e-03 3.792030e-03 4.042076e-03 4.275638e-03 3.408023e-03 5.254684e-03 3.512690e-03 6.256064e-03 5.662560e-03 6.941579e-03 9.186015e-03 5.582950e-03 9.008254e-03 6.129576e-03 6.669466e-03 9.439337e-03 6.069258e-03 9.986516e-03 9.106743e-03 8.447855e-03 1.508008e-02 1.188873e-02 1.893528e-02 2.662752e-02 2.195723e-02 3.759326e-02 3.361435e-02 3.039822e-02 4.815294e-02 3.234948e-02 2.800579e-02 4.200837e-02 2.460851e-02 1.889888e-02 2.729056e-02 1.953673e-02 1.730088e-02 2.386932e-02 1.845455e-02 1.986363e-02 2.815221e-02 1.522250e-02 1.126317e-02 1.998728e-02 1.421988e-02 5.558190e-03 6.135800e-03 7.069640e-03 2.904018e-03 1.489035e-03 1.680068e-03 1.361381e-03 6.446190e-04 4.374087e-04 4.470965e-04 3.952888e-04 2.912177e-04 2.439667e-04 2.068473e-04 1.503843e-04 1.034419e-04 7.550223e-05 5.570597e-05 3.676516e-05 2.281746e-05 1.523642e-05 1.098771e-05 7.798712e-06 5.313163e-06 3.726151e-06 2.687836e-06 1.819656e-06 1.142216e-06 7.948698e-07 6.529928e-07 6.126377e-07 6.470617e-07 7.913806e-07 8.920347e-07 8.125004e-07 7.663698e-07 8.249533e-07 7.022558e-07 3.566491e-07 1.770111e-07 1.705343e-07 3.058991e-07 2.753403e-07 4.746645e-08 3.492057e-09 8.826561e-10 1.467807e-09 4.748073e-09 5.768953e-09 1.753890e-09 3.430681e-10 1.163669e-10 1.338482e-10 3.029492e-10 3.740593e-10 1.304780e-10 4.115547e-11 2.255725e-11 5.309179e-12 1.182087e-13 2.099135e-16 1.380806e-19 2.112965e-22 6.175194e-25 1.340004e-28 2.231013e-34 4.646706e-42 2.802597e-45 1.401298e-45 1.401298e-45 1.401298e-45 1.401298e-45 1.401298e-45 1.401298e-45 1.401298e-45 1.401298e-45 1.401298e-45 1.401298e-45 1.401298e-45 1.401298e-45 1.401298e-45 1.401298e-45 1.401298e-45 1.401298e-45 1.401298e-45 1.401298e-45 1.401298e-45 1.401298e-45 1.401298e-45 1.401298e-45 1.401298e-45 1.401298e-45 1.401298e-45 1.401298e-45 1.401298e-45 1.401298e-45 1.401298e-45 1.401298e-45 1.401298e-45 1.401298e-45 1.401298e-45 1.401298e-45 0.000000e+00 0.000000e+00 0.000000e+00 0.000000e+00 0.000000e+00 0.000000e+00
1.401298e-45 1.401298e-45 1.401298e-45 2.802597e-45 4.203895e-45 5.605194e-45 1.261169e-44 2.711891e-35 2.004398e-24 3.159220e-17 5.734067e-13 2.917070e-09 1.284108e-06 4.419249e-05 5.355692e-05 7.519275e-05 5.074903e-05 1.170500e-04 1.700610e-04 8.370310e-04 1.679681e-03 2.535459e-03 3.233023e-03 3.119202e-03 5.485367e-03 3.731494e-03 6.977151e-03 4.795592e-03 6.979594e-03 5.432540e-03 6.578167e-03 8.268161e-03 8.159708e-03 9.443942e-03 6.621388e-03 6.745036e-03 6.459188e-03 5.530227e-03 7.500693e-03 4.977282e-03 7.901689e-03 6.989440e-03 9.407821e-03 1.277884e-02 8.952392e-03 1.455694e-02 9.362487e-03 9.610449e-03 1.343020e-02 8.103689e-03 1.319996e-02 1.249911e-02 1.060336e-02 1.968728e-02 1.497936e-02 2.091294e-02 3.200062e-02 2.418187e-02 4.079591e-02 4.387932e-02 3.239667e-02 5.550819e-02 4.498051e-02 2.923581e-02 4.563284e-02 3.432301e-02 2.271560e-02 3.184133e-02 2.826064e-02 2.701070e-02 3.634777e-02 2.745016e-02 2.957316e-02 4.789785e-02 2.726074e-02 1.531329e-02 2.578293e-02 2.509016e-02 8.474464e-03 5.915960e-03 7.341153e-03 3.690036e-03 1.300566e-03 1.099719e-03 1.149955e-03 6.234498e-04 3.159500e-04 2.722449e-04 2.650624e-04 2.028069e-04 1.447626e-04 1.075950e-04 7.545503e-05 4.984454e-05 3.183520e-05 2.013088e-05 1.270246e-05 8.026921e-06 5.183514e-06 3.611664e-06 2.740765e-06 2.084566e-06 1.489030e-06 1.061310e-06 7.704163e-07 6.143526e-07 5.349950e-07 4.909177e-07 4.979926e-07 6.147081e-07 7.632449e-07 6.673201e-07 4.485525e-07 3.487579e-07 3.389053e-07 2.345742e-07 8.176503e-08 2.591793e-08 2.308024e-08 5.556621e-08 8.370883e-08 1.973989e-08 1.334534e-09 1.412368e-10 9.641360e-11 3.083259e-10 1.079487e-09 1.125335e-09 3.631183e-10 1.202408e-10 6.319576e-11 2.912420e-11 4.766399e-12 5.056714e-13 1.251052e-13 1.025917e-13 5.663709e-14 2.208554e-15 1.772224e-18 1.222309e-22 8.039474e-27 1.898021e-31 1.014066e-37 1.401298e-45 1.401298e-45 1.401298e-45 1.401298e-45 1.401298e-45 1.401298e-45 1.401298e-45 1.401298e-45 1.401298e-45 1.401298e-45 1.401298e-45 1.401298e-45 1.401298e-45 1.401298e-45 1.401298e-45 1.401298e-45 1.401298e-45 1.401298e-45 1.401298e-45 1.401298e-45 1.401298e-45 1.401298e-45 1.401298e-45 1.401298e-45 1.401298e-45 1.401298e-45 1.401298e-45 1.401298e-45 1.401298e-45 1.401298e-45 1.401298e-45 1.401298e-45 1.401298e-45 1.401298e-45 0.000000e+00 0.000000e+00 0.000000e+00 0.000000e+00 0.000000e+00 0.000000e+00 0.000000e+00 0.000000e+00
1.401298e-45 1.401298e-45 1.401298e-45 2.802597e-45 4.203895e-45 4.203895e-45 1.821688e-44 1.703121e-33 3.877990e-26 8.878543e-18 2.464268e-12 1.434284e-09 1.719797e-07 3.978909e-06 3.091004e-05 3.790307e-05 7.845839e-05 7.213663e-05 1.521114e-04 2.116305e-04 1.024083e-03 1.934960e-03 3.658034e-03 4.176606e-03 4.924818e-03 6.862342e-03 6.161135e-03 8.610565e-03 7.413080e-03 9.796073e-03 8.724852e-03 1.129792e-02 1.289043e-02 1.690862e-02 1.676130e-02 1.348645e-02 1.250631e-02 1.108926e-02 1.011221e-02 1.212732e-02 8.260771e-03 1.152311e-02 9.510597e-03 1.289828e-02 1.751712e-02 1.377988e-02 2.331047e-02 1.507056e-02 1.520429e-02 2.153964e-02 1.201065e-02 2.012793e-02 1.953631e-02 1.447951e-02 2.966540e-02 2.100661e-02 2.412245e-02 4.295479e-02 2.676930e-02 4.004584e-02 5.786784e-02 3.273829e-02 5.183778e-02 6.081227e-02 2.963872e-02 3.960855e-02 4.700959e-02 2.840339e-02 3.156884e-02 3.846417e-02 3.772483e-02 4.152089e-02 3.652988e-02 3.819647e-02 5.348039e-02 3.720774e-02 1.915619e-02 2.234156e-02 2.496005e-02 1.017379e-02 4.800628e-03 4.895383e-03 3.389373e-03 1.214499e-03 7.084624e-04 7.943587e-04 6.200025e-04 2.992978e-04 1.750365e-04 1.490907e-04 1.286879e-04 9.007704e-05 5.587602e-05 3.413786e-05 2.146702e-05 1.295548e-05 7.311735e-06 4.432427e-06 2.924601e-06 1.941369e-06 1.308378e-06 1.010413e-06 8.744096e-07 7.625495e-07 6.292167e-07 5.607583e-07 5.731616e-07 5.901361e-07 5.421028e-07 5.053587e-07 5.493249e-07 5.149935e-07 3.050946e-07 1.361059e-07 8.647372e-08 8.888005e-08 6.940583e-08 2.079129e-08 4.371037e-09 2.436675e-09 6.001224e-09 1.914494e-08 1.425061e-08 1.349496e-09 6.902113e-11 1.093831e-11 1.451900e-11 6.541506e-11 2.042293e-10 2.613688e-10 2.644962e-10 1.870422e-10 2.389575e-11 4.725803e-13 5.100037e-15 1.973806e-16 7.962799e-17 5.751703e-17 2.034232e-18 1.214451e-21 4.582012e-26 1.939493e-31 2.362494e-38 1.401298e-45 1.401298e-45 1.401298e-45 1.401298e-45 1.401298e-45 1.401298e-45 1.401298e-45 1.401298e-45 1.401298e-45 1.401298e-45 1.401298e-45 1.401298e-45 1.401298e-45 1.401298e-45 1.401298e-45 1.401298e-45 1.401298e-45 1.401298e-45 1.401298e-45 1.401298e-45 1.401298e-45 1.401298e-45 1.401298e-45 1.401298e-45 1.401298e-45 1.401298e-45 1.401298e-45 1.401298e-45 1.401298e-45 1.401298e-45 1.401298e-45 1.401298e-45 1.401298e-45 0.000000e+00 0.000000e+00 0.000000e+00 0.000000e+00 0.000000e+00 0.000000e+00 0.000000e+00 0.000000e+00 0.000000e+00
1.401298e-45 1.401298e-45 1.401298e-45 1.401298e-45 2.802597e-45 4.203895e-45 5.605194e-45 3.857621e-35 1.246563e-25 8.816599e-20 2.079422e-13 1.724995e-09 6.089191e-08 4.126350e-07 2.332030e-06 9.421042e-06 2.128496e-05 6.397297e-05 1.107648e-04 1.658287e-04 2.395965e-04 9.001072e-04 2.005019e-03 4.503838e-03 4.604820e-03 7.070729e-03 7.499084e-03 9.859819e-03 9.735832e-03 1.188399e-02 1.269664e-02 1.294700e-02 1.734561e-02 1.801700e-02 3.187523e-02 3.131370e-02 2.853155e-02 2.736875e-02 2.067808e-02 2.057838e-02 2.178406e-02 1.486212e-02 2.027318e-02 1.408579e-02 1.900908e-02 2.327409e-02 2.008700e-02 3.509356e-02 2.294697e-02 2.536711e-02 3.443346e-02 1.859050e-02 3.404703e-02 3.042257e-02 2.096036e-02 4.783117e-02 2.917112e-02 2.950153e-02 6.201472e-02 3.008381e-02 3.758453e-02 7.097510e-02 3.194411e-02 4.128462e-02 7.042643e-02 3.108428e-02 3.162734e-02 5.466958e-02 3.535691e-02 2.892255e-02 4.074756e-02 4.179878e-02 3.670128e-02 3.483754e-02 3.635729e-02 4.153598e-02 3.347756e-02 1.820068e-02 1.360932e-02 1.401565e-02 7.896967e-03 3.157541e-03 2.231418e-03 2.055598e-03 1.088484e-03 5.026535e-04 4.298181e-04 4.518948e-04 2.772597e-04 1.222643e-04 7.315217e-05 6.205338e-05 4.650466e-05 2.551223e-05 1.310412e-05 7.940777e-06 5.065271e-06 2.946846e-06 1.720117e-06 1.142668e-06 8.250254e-07 6.214302e-07 5.505419e-07 6.009991e-07 6.187987e-07 5.683272e-07 5.676703e-07 6.387427e-07 6.044541e-07 4.299389e-07 3.089321e-07 2.703263e-07 2.170132e-07 9.253277e-08 2.695069e-08 1.326559e-08 1.578987e-08 1.841669e-08 7.212036e-09 1.107775e-09 2.596830e-10 3.086808e-10 1.445902e-09 4.359479e-09 1.807015e-09 1.085321e-10 7.632247e-12 2.397216e-12 3.602375e-12 1.148627e-11 4.692396e-11 1.597689e-10 2.003473e-10 3.287045e-11 3.944251e-13 1.686030e-15 3.250117e-17 4.591886e-18 2.890660e-19 4.891744e-22 2.528392e-26 9.422300e-32 3.118419e-39 1.401298e-45 1.401298e-45 1.401298e-45 1.401298e-45 1.401298e-45 1.401298e-45 1.401298e-45 1.401298e-45 1.401298e-45 1.401298e-45 1.401298e-45 1.401298e-45 1.401298e-45 1.401298e-45 1.401298e-45 1.401298e-45 1.401298e-45 1.401298e-45 1.401298e-45 1.401298e-45 1.401298e-45 1.401298e-45 1.401298e-45 1.401298e-45 1.401298e-45 1.401298e-45 1.401298e-45 1.401298e-45 1.401298e-45 1.401298e-45 1.401298e-45 1.401298e-45 1.401298e-45 0.000000e+00 0.000000e+00 0.000000e+00 0.000000e+00 0.000000e+00 0.000000e+00 0.000000e+00 0.000000e+00 0.000000e+00
1.401298e-45 2.802597e-45 1.401298e-45 1.401298e-45 2.802597e-45 4.203895e-45 5.605194e-45 1.384483e-42 3.098744e-28 5.285278e-20 1.781642e-15 3.608114e-11 1.519210e-08 7.103119e-08 1.444351e-07 7.796913e-07 3.219655e-06 1.554914e-05 5.035841e-05 1.769028e-04 1.773514e-04 3.106516e-04 6.262992e-04 1.892681e-03 4.394609e-03 4.599306e-03 8.791284e-03 7.056025e-03 1.339878e-02 9.903286e-03 1.725504e-02 1.483529e-02 1.615508e-02 2.166109e-02 1.894274e-02 4.176734e-02 4.725197e-02 4.875498e-02 5.867999e-02 3.556101e-02 4.276647e-02 3.823053e-02 2.687674e-02 3.744049e-02 2.149755e-02 2.987308e-02 2.894539e-02 2.762684e-02 4.834183e-02 3.021481e-02 4.107547e-02 4.947057e-02 2.636248e-02 5.786708e-02 4.280802e-02 2.844535e-02 7.615893e-02 3.664803e-02 3.406259e-02 8.468062e-02 3.254090e-02 3.282798e-02 6.949040e-02 2.879581e-02 2.866589e-02 5.861268e-02 3.158454e-02 2.450901e-02 4.492490e-02 3.746649e-02 2.446363e-02 3.145242e-02 3.578697e-02 2.721690e-02 2.585789e-02 2.893703e-02 2.631270e-02 2.085114e-02 1.359701e-02 7.638396e-03 5.412866e-03 3.924987e-03 1.942429e-03 1.037052e-03 8.872682e-04 7.249161e-04 3.913760e-04 2.340883e-04 2.154793e-04 1.693217e-04 7.888356e-05 3.404090e-05 2.144510e-05 1.592561e-05 9.518309e-06 5.045409e-06 2.929925e-06 1.815974e-06 1.092584e-06 7.554755e-07 6.918862e-07 6.329287e-07 5.218740e-07 5.094321e-07 6.139973e-07 6.779536e-07 5.785831e-07 5.142666e-07 4.791025e-07 3.455170e-07 1.782169e-07 9.789531e-08 8.304561e-08 6.753525e-08 2.679259e-08 5.933628e-09 2.119530e-09 2.311101e-09 4.028563e-09 2.894310e-09 4.806019e-10 5.340288e-11 1.964824e-11 5.309280e-11 3.518456e-10 6.854777e-10 1.961149e-10 1.831814e-11 2.311180e-12 7.163468e-13 7.506068e-13 2.463672e-12 1.068977e-11 1.825214e-11 3.782306e-12 7.762377e-14 8.048332e-16 2.633768e-17 6.221948e-19 9.982865e-22 5.700475e-26 5.812791e-32 1.394376e-40 2.802597e-45 1.401298e-45 1.401298e-45 1.401298e-45 1.401298e-45 1.401298e-45 1.401298e-45 1.401298e-45 1.401298e-45 1.401298e-45 1.401298e-45 1.401298e-45 1.401298e-45 1.401298e-45 1.401298e-45 1.401298e-45 1.401298e-45 1.401298e-45 1.401298e-45 1.401298e-45 1.401298e-45 1.401298e-45 1.401298e-45 1.401298e-45 1.401298e-45 1.401298e-45 1.401298e-45 1.401298e-45 1.401298e-45 1.401298e-45 1.401298e-45 0.000000e+00 0.000000e+00 0.000000e+00 0.000000e+00 0.000000e+00 0.000000e+00 0.000000e+00 0.000000e+00 0.000000e+00 0.000000e+00 0.000000e+00
2.802597e-45 2.802597e-45 2.802597e-45 2.802597e-45 2.802597e-45 4.203895e-45 5.605194e-45 8.407791e-45 2.612493e-35 5.788519e-23 1.157720e-16 2.856485e-13 6.655004e-11 6.381181e-09 1.274263e-08 3.343681e-08 2.407017e-07 1.376291e-06 1.122408e-05 3.483934e-05 2.332380e-04 1.762582e-04 4.447461e-04 4.048930e-04 1.617128e-03 3.177820e-03 4.215507e-03 8.908244e-03 6.118223e-03 1.525459e-02 9.903855e-03 2.033495e-02 1.661984e-02 1.772936e-02 2.551012e-02 1.817747e-02 4.073492e-02 5.485872e-02 6.028108e-02 1.031212e-01 5.437075e-02 8.311448e-02 6.423024e-02 4.996360e-02 6.697486e-02 3.569953e-02 4.969078e-02 3.765359e-02 3.897659e-02 6.256901e-02 3.795046e-02 6.212456e-02 6.429451e-02 3.559406e-02 8.670019e-02 5.386236e-02 3.632196e-02 9.989899e-02 4.184937e-02 3.615130e-02 8.883619e-02 3.343246e-02 2.706502e-02 5.122803e-02 2.466906e-02 1.888336e-02 3.635411e-02 2.770871e-02 1.813934e-02 2.854423e-02 3.003708e-02 1.801057e-02 2.111616e-02 2.703399e-02 1.811967e-02 1.622555e-02 2.101352e-02 1.622884e-02 9.986894e-03 7.559668e-03 4.359040e-03 2.117469e-03 1.458384e-03 1.020436e-03 5.644084e-04 3.779001e-04 3.391120e-04 2.362008e-04 1.231922e-04 8.391239e-05 6.774627e-05 3.623730e-05 1.429683e-05 7.339028e-06 5.052947e-06 3.248063e-06 1.805769e-06 1.181126e-06 9.502917e-07 7.723261e-07 7.561743e-07 9.048705e-07 1.030325e-06 8.998887e-07 7.059319e-07 6.225213e-07 5.130142e-07 4.022608e-07 3.131825e-07 2.571307e-07 1.567287e-07 6.090477e-08 2.497191e-08 1.758487e-08 1.671564e-08 8.580505e-09 1.914862e-09 4.683169e-10 3.832441e-10 9.025829e-10 1.358142e-09 3.810464e-10 2.270820e-11 2.414441e-12 2.135123e-12 1.462029e-11 1.329143e-10 2.856524e-10 7.224685e-11 3.801987e-12 2.195604e-13 4.767744e-14 4.748232e-14 1.200852e-13 1.258269e-13 9.899755e-15 1.081252e-16 6.744998e-19 3.272397e-21 4.206105e-24 3.987766e-28 9.487358e-34 5.055885e-42 2.802597e-45 1.401298e-45 1.401298e-45 1.401298e-45 1.401298e-45 1.401298e-45 1.401298e-45 1.401298e-45 1.401298e-45 1.401298e-45 1.401298e-45 1.401298e-45 1.401298e-45 1.401298e-45 1.401298e-45 1.401298e-45 1.401298e-45 0.000000e+00 0.000000e+00 1.401298e-45 1.401298e-45 1.401298e-45 1.401298e-45 1.401298e-45 1.401298e-45 1.401298e-45 1.401298e-45 1.401298e-45 1.401298e-45 1.401298e-45 0.000000e+00 0.000000e+00 0.000000e+00 0.000000e+00 0.000000e+00 0.000000e+00 0.000000e+00 0.000000e+00 0.000000e+00 0.000000e+00 0.000000e+00 0.000000e+00
2.802597e-45 2.802597e-45 2.802597e-45 2.802597e-45 2.802597e-45 4.203895e-45 5.605194e-45 7.006492e-45 7.970998e-38 2.207948e-28 3.151143e-19 2.261456e-15 1.026576e-12 1.023014e-11 1.034257e-09 2.303086e-09 1.491789e-08 8.621212e-08 6.551835e-07 6.413495e-06 1.966275e-05 2.129791e-04 1.363021e-04 5.474517e-04 2.740713e-04 1.285291e-03 1.856264e-03 3.336028e-03 7.648346e-03 4.794842e-03 1.556754e-02 9.792936e-03 1.989141e-02 1.830197e-02 1.652564e-02 3.294982e-02 1.768188e-02 3.942636e-02 5.235986e-02 5.790517e-02 1.349930e-01 7.135648e-02 1.283912e-01 9.546646e-02 8.539931e-02 1.011899e-01 6.263577e-02 7.911683e-02 5.340020e-02 5.978940e-02 7.304635e-02 5.001158e-02 8.358289e-02 7.278043e-02 4.822205e-02 1.012693e-01 6.069625e-02 4.420965e-02 9.888728e-02 4.460002e-02 3.491493e-02 7.075651e-02 3.236984e-02 2.080892e-02 3.225980e-02 2.046557e-02 1.249025e-02 1.984588e-02 2.072158e-02 1.320265e-02 1.726216e-02 1.991897e-02 1.267481e-02 1.454520e-02 1.884312e-02 1.157330e-02 9.601221e-03 1.293916e-02 8.617036e-03 4.007289e-03 3.230731e-03 2.139917e-03 8.611816e-04 4.952091e-04 4.505159e-04 2.897320e-04 1.588985e-04 1.200445e-04 9.316533e-05 5.166290e-05 2.872901e-05 2.139366e-05 1.302086e-05 5.501825e-06 2.614035e-06 1.928730e-06 1.605983e-06 1.172348e-06 9.714624e-07 1.022416e-06 1.248883e-06 1.461645e-06 1.728625e-06 1.808950e-06 1.442702e-06 9.533171e-07 5.235871e-07 3.133337e-07 2.101169e-07 1.864542e-07 1.555907e-07 7.568822e-08 2.181714e-08 7.397691e-09 5.669596e-09 6.712747e-09 4.625414e-09 1.036897e-09 1.664568e-10 7.342100e-11 1.457253e-10 4.257183e-10 2.175509e-10 1.619813e-11 7.459157e-13 2.425197e-13 8.847934e-13 1.275544e-11 9.205766e-11 7.217250e-11 4.876668e-12 9.874081e-14 3.528373e-15 5.677952e-16 2.119605e-16 2.535604e-17 2.469751e-19 2.564067e-22 7.309610e-26 3.277194e-30 3.204801e-35 8.073861e-41 2.802597e-45 2.802597e-45 1.401298e-45 1.401298e-45 1.401298e-45 1.401298e-45 1.401298e-45 1.401298e-45 1.401298e-45 1.401298e-45 1.401298e-45 1.401298e-45 1.401298e-45 1.401298e-45 1.401298e-45 1.401298e-45 1.401298e-45 1.401298e-45 1.401298e-45 1.401298e-45 1.401298e-45 1.401298e-45 1.401298e-45 1.401298e-45 1.401298e-45 1.401298e-45 1.401298e-45 1.401298e-45 1.401298e-45 1.401298e-45 1.401298e-45 0.000000e+00 0.000000e+00 0.000000e+00 0.000000e+00 0.000000e+00 0.000000e+00 0.000000e+00 0.000000e+00 0.000000e+00 0.000000e+00 0.000000e+00 0.000000e+00
2.802597e-45 4.203895e-45 2.802597e-45 4.203895e-45 4.203895e-45 4.203895e-45 5.605194e-45 8.407791e-45 1.283309e-41 1.955071e-29 1.698922e-23 8.550780e-18 7.063955e-16 2.775973e-13 8.752947e-13 1.941109e-10 6.265070e-10 1.397488e-08 4.843821e-08 4.194424e-07 3.092037e-06 1.060837e-05 1.554043e-04 8.811192e-05 5.627480e-04 1.897292e-04 1.131895e-03 1.032975e-03 2.339765e-03 5.648816e-03 3.051753e-03 1.378887e-02 7.812467e-03 1.780000e-02 1.754715e-02 1.362788e-02 3.942228e-02 1.685920e-02 4.172117e-02 4.590581e-02 5.026082e-02 1.324026e-01 8.461521e-02 1.490005e-01 1.312361e-01 1.267159e-01 1.368560e-01 1.136596e-01 1.206830e-01 8.795746e-02 1.015731e-01 9.155495e-02 7.210049e-02 1.098687e-01 8.547733e-02 6.438348e-02 1.086361e-01 6.898537e-02 5.081582e-02 8.841284e-02 4.584565e-02 2.986739e-02 4.837314e-02 2.853604e-02 1.486643e-02 1.971074e-02 1.627915e-02 8.892069e-03 1.135014e-02 1.369180e-02 9.418687e-03 1.108312e-02 1.252855e-02 8.262930e-03 9.595614e-03 1.213621e-02 6.347049e-03 4.489291e-03 5.906324e-03 3.674277e-03 1.371371e-03 1.046363e-03 8.981418e-04 3.756585e-04 1.775523e-04 1.677976e-04 1.362512e-04 6.814011e-05 3.898283e-05 2.816610e-05 1.702207e-05 9.206185e-06 6.398076e-06 4.868236e-06 2.737305e-06 1.542129e-06 1.260253e-06 1.425537e-06 1.676295e-06 1.744748e-06 1.980557e-06 2.272299e-06 2.360352e-06 1.972692e-06 1.470968e-06 1.164207e-06 8.078366e-07 4.654626e-07 1.956771e-07 1.038002e-07 9.515981e-08 1.034868e-07 5.875258e-08 1.367916e-08 3.045941e-09 1.645698e-09 2.505185e-09 3.257319e-09 1.209080e-09 1.210550e-10 1.879110e-11 1.913007e-11 6.277567e-11 9.821140e-11 1.586789e-11 7.199663e-13 6.367951e-14 6.275771e-14 4.486491e-13 4.642539e-12 9.973983e-12 1.514126e-12 1.862736e-14 1.122417e-16 1.349036e-18 1.731866e-20 6.097073e-23 2.321211e-26 6.676719e-31 6.518233e-37 4.484155e-44 2.802597e-45 2.802597e-45 2.802597e-45 1.401298e-45 1.401298e-45 1.401298e-45 1.401298e-45 1.401298e-45 1.401298e-45 1.401298e-45 1.401298e-45 1.401298e-45 1.401298e-45 1.401298e-45 1.401298e-45 1.401298e-45 0.000000e+00 0.000000e+00 1.401298e-45 1.401298e-45 1.401298e-45 1.401298e-45 1.401298e-45 1.401298e-45 1.401298e-45 1.401298e-45 1.401298e-45 1.401298e-45 1.401298e-45 1.401298e-45 0.000000e+00 0.000000e+00 0.000000e+00 0.000000e+00 0.000000e+00 0.000000e+00 0.000000e+00 0.000000e+00 0.000000e+00 0.000000e+00 0.000000e+00 0.000000e+00 0.000000e+00 0.000000e+00
4.203895e-45 4.203895e-45 4.203895e-45 4.203895e-45 4.203895e-45 4.203895e-45 5.605194e-45 9.809089e-45 1.630949e-39 3.864092e-33 4.407100e-25 9.354904e-22 2.262666e-18 3.050502e-17 3.881748e-14 2.251277e-13 8.831791e-11 2.437062e-10 1.499855e-08 4.109268e-08 4.825031e-07 1.539241e-06 6.698709e-06 1.039574e-04 6.981939e-05 5.227145e-04 1.424719e-04 1.036255e-03 6.175122e-04 1.536600e-03 3.619539e-03 1.864113e-03 1.021157e-02 5.198393e-03 1.472139e-02 1.506023e-02 1.181487e-02 3.766168e-02 1.672839e-02 4.459479e-02 4.227239e-02 4.742403e-02 1.135342e-01 9.394749e-02 1.452981e-01 1.612155e-01 1.676535e-01 1.723583e-01 1.865735e-01 1.723674e-01 1.454618e-01 1.682503e-01 1.207260e-01 1.060708e-01 1.347884e-01 1.033613e-01 8.060954e-02 1.080166e-01 7.696914e-02 5.278133e-02 6.924073e-02 4.311923e-02 2.337714e-02 2.961820e-02 2.201881e-02 1.051118e-02 1.199585e-02 1.174710e-02 6.453079e-03 7.072754e-03 7.787867e-03 5.489687e-03 6.706228e-03 7.372788e-03 4.319984e-03 4.580922e-03 6.041462e-03 2.908120e-03 1.503322e-03 1.786982e-03 1.372213e-03 4.892864e-04 3.107092e-04 3.342500e-04 1.985200e-04 8.591559e-05 6.612415e-05 6.395637e-05 3.411503e-05 1.608900e-05 1.055949e-05 7.907152e-06 5.048770e-06 3.474085e-06 3.197742e-06 3.072479e-06 2.391341e-06 1.876280e-06 2.063464e-06 2.646491e-06 3.037662e-06 2.706329e-06 2.249665e-06 1.682821e-06 1.035100e-06 6.311308e-07 4.381117e-07 3.931783e-07 2.619598e-07 1.074773e-07 4.238651e-08 3.272711e-08 4.437189e-08 3.873931e-08 1.225471e-08 1.999252e-09 5.934688e-10 5.755781e-10 1.084842e-09 5.704538e-10 6.205590e-11 5.483464e-12 3.033761e-12 1.216638e-11 4.555230e-11 2.025286e-11 7.919604e-13 2.129980e-14 3.408394e-15 7.465149e-15 5.506819e-14 1.737842e-13 2.598240e-14 1.633482e-16 1.531807e-19 6.742885e-23 1.230651e-26 7.015954e-31 4.104222e-36 3.293051e-43 1.401298e-45 1.401298e-45 1.401298e-45 1.401298e-45 1.401298e-45 1.401298e-45 1.401298e-45 1.401298e-45 1.401298e-45 1.401298e-45 1.401298e-45 1.401298e-45 1.401298e-45 1.401298e-45 1.401298e-45 1.401298e-45 1.401298e-45 0.000000e+00 1.401298e-45 1.401298e-45 1.401298e-45 1.401298e-45 1.401298e-45 1.401298e-45 1.401298e-45 1.401298e-45 1.401298e-45 1.401298e-45 1.401298e-45 1.401298e-45 0.000000e+00 0.000000e+00 0.000000e+00 0.000000e+00 0.000000e+00 0.000000e+00 0.000000e+00 0.000000e+00 0.000000e+00 0.000000e+00 0.000000e+00 0.000000e+00 0.000000e+00 0.000000e+00 0.000000e+00
4.203895e-45 4.203895e-45 4.203895e-45 4.203895e-45 5.605194e-45 7.006492e-45 8.407791e-45 1.121039e-44 7.263677e-38 2.178588e-32 1.268162e-29 1.336533e-24 8.620188e-22 6.237113e-19 6.379770e-18 1.365555e-14 2.003711e-13 1.017680e-10 1.657506e-10 1.243683e-08 3.156139e-08 7.108175e-07 9.110711e-07 4.946641e-06 5.519799e-05 6.245566e-05 3.756859e-04 1.246017e-04 8.180987e-04 4.186421e-04 9.341323e-04 2.111636e-03 1.270611e-03 6.229547e-03 3.412841e-03 9.931531e-03 1.177891e-02 1.018502e-02 2.561295e-02 1.579303e-02 3.484983e-02 3.466797e-02 4.143950e-02 7.963215e-02 9.010936e-02 1.137913e-01 1.544244e-01 1.782709e-01 1.678939e-01 2.325120e-01 1.941071e-01 1.920076e-01 2.258926e-01 1.395270e-01 1.404798e-01 1.380838e-01 1.087938e-01 8.957451e-02 9.246844e-02 7.410169e-02 4.585800e-02 4.536546e-02 3.491360e-02 1.674652e-02 1.747401e-02 1.496616e-02 6.884283e-03 7.116989e-03 7.126593e-03 3.944653e-03 4.351591e-03 4.009405e-03 2.553049e-03 3.404678e-03 3.825233e-03 1.820847e-03 1.603963e-03 2.213177e-03 1.109956e-03 4.238733e-04 4.414203e-04 4.781557e-04 2.043855e-04 1.112257e-04 1.413449e-04 1.241131e-04 5.289493e-05 3.339280e-05 3.728686e-05 2.689370e-05 1.130400e-05 6.838931e-06 6.939064e-06 6.765385e-06 4.916562e-06 4.033763e-06 4.280732e-06 3.984923e-06 2.905447e-06 2.057966e-06 1.818511e-06 1.653294e-06 1.400825e-06 1.056838e-06 6.684406e-07 3.384076e-07 1.453464e-07 9.389769e-08 8.810165e-08 7.479699e-08 3.505198e-08 1.265215e-08 8.111337e-09 1.119923e-08 1.593762e-08 7.171391e-09 1.007472e-09 1.351796e-10 7.958306e-11 1.246726e-10 1.446197e-10 3.122022e-11 3.103347e-12 9.274400e-13 2.269331e-12 1.060557e-11 8.127831e-12 4.169880e-13 4.916485e-15 1.454030e-16 4.290645e-17 7.944568e-17 6.777089e-17 6.179773e-18 2.936215e-20 9.103154e-24 1.591058e-28 2.920141e-34 3.928821e-41 2.802597e-45 1.401298e-45 1.401298e-45 1.401298e-45 1.401298e-45 1.401298e-45 1.401298e-45 1.401298e-45 1.401298e-45 1.401298e-45 1.401298e-45 1.401298e-45 1.401298e-45 1.401298e-45 1.401298e-45 1.401298e-45 1.401298e-45 1.401298e-45 1.401298e-45 1.401298e-45 1.401298e-45 1.401298e-45 1.401298e-45 1.401298e-45 1.401298e-45 1.401298e-45 1.401298e-45 1.401298e-45 1.401298e-45 0.000000e+00 0.000000e+00 0.000000e+00 0.000000e+00 0.000000e+00 0.000000e+00 0.000000e+00 0.000000e+00 0.000000e+00 0.000000e+00 0.000000e+00 0.000000e+00 0.000000e+00 0.000000e+00 0.000000e+00 0.000000e+00 0.000000e+00
5.605194e-45 5.605194e-45 5.605194e-45 5.605194e-45 7.006492e-45 8.407791e-45 1.261169e-44 5.184804e-43 1.286642e-38 7.002781e-33 8.312982e-30 5.041217e-29 2.531908e-25 1.011500e-21 1.863550e-18 1.873492e-17 9.632891e-15 2.018528e-13 1.207370e-10 2.252213e-10 1.001459e-08 1.967437e-08 7.692120e-07 5.613387e-07 4.059667e-06 2.245469e-05 5.240556e-05 1.853977e-04 1.152904e-04 5.189751e-04 2.946468e-04 5.305827e-04 1.068835e-03 8.478143e-04 2.834353e-03 2.117869e-03 4.798969e-03 7.824334e-03 6.604230e-03 1.307945e-02 1.227785e-02 1.814146e-02 2.244311e-02 2.617162e-02 4.348002e-02 6.601122e-02 6.452732e-02 1.112470e-01 1.304329e-01 1.069832e-01 1.940333e-01 1.481232e-01 1.589667e-01 2.021695e-01 1.258881e-01 1.281692e-01 1.136836e-01 8.928121e-02 7.275939e-02 6.533693e-02 5.374900e-02 2.906367e-02 2.494779e-02 2.253345e-02 9.894832e-03 9.235955e-03 8.782354e-03 3.857977e-03 3.704881e-03 3.577001e-03 2.042472e-03 2.302878e-03 1.949704e-03 1.076850e-03 1.438113e-03 1.680112e-03 6.826440e-04 4.639122e-04 6.368357e-04 3.764234e-04 1.311860e-04 1.200148e-04 1.814659e-04 1.071812e-04 5.115753e-05 6.845032e-05 8.709203e-05 4.235155e-05 2.172990e-05 2.783496e-05 3.309244e-05 1.626979e-05 7.742363e-06 7.512792e-06 9.105871e-06 6.831484e-06 3.721844e-06 2.481730e-06 2.124466e-06 1.543451e-06 9.147794e-07 5.115090e-07 3.499447e-07 2.964015e-07 2.717357e-07 2.129868e-07 9.361300e-08 3.210962e-08 1.570860e-08 1.554597e-08 1.761320e-08 1.110492e-08 3.908980e-09 1.719773e-09 1.974203e-09 3.452498e-09 2.279282e-09 2.794414e-10 2.370703e-11 7.199873e-12 1.382176e-11 2.805988e-11 1.239860e-11 1.294299e-12 2.066961e-13 1.937314e-13 6.216977e-13 7.625327e-13 6.258199e-14 4.528340e-16 1.884261e-18 2.417672e-20 1.018284e-21 6.063721e-23 1.459982e-24 7.876487e-27 1.288921e-30 1.668441e-36 1.821688e-44 2.802597e-45 1.401298e-45 1.401298e-45 1.401298e-45 1.401298e-45 1.401298e-45 1.401298e-45 1.401298e-45 1.401298e-45 1.401298e-45 1.401298e-45 1.401298e-45 1.401298e-45 1.401298e-45 1.401298e-45 1.401298e-45 1.401298e-45 1.401298e-45 1.401298e-45 1.401298e-45 1.401298e-45 1.401298e-45 1.401298e-45 1.401298e-45 1.401298e-45 1.401298e-45 1.401298e-45 1.401298e-45 0.000000e+00 0.000000e+00 0.000000e+00 0.000000e+00 0.000000e+00 0.000000e+00 0.000000e+00 0.000000e+00 0.000000e+00 0.000000e+00 0.000000e+00 0.000000e+00 0.000000e+00 0.000000e+00 0.000000e+00 0.000000e+00 0.000000e+00 0.000000e+00
7.006492e-45 7.006492e-45 7.006492e-45 8.407791e-45 8.407791e-45 1.121039e-44 2.382207e-44 8.816970e-39 3.692945e-37 2.222612e-35 1.338111e-31 8.426403e-29 2.583549e-28 4.270894e-25 3.605335e-21 1.289078e-17 1.742924e-16 1.038427e-14 2.028216e-13 9.023052e-11 4.820897e-10 9.280551e-09 1.996697e-08 6.131738e-07 4.262852e-07 2.724998e-06 9.095021e-06 3.473865e-05 7.914693e-05 8.684611e-05 2.488767e-04 1.620615e-04 2.586205e-04 4.649084e-04 4.554883e-04 1.035142e-03 1.053868e-03 1.931725e-03 3.837221e-03 3.246218e-03 5.277333e-03 7.217000e-03 6.919870e-03 1.117201e-02 1.269548e-02 1.735517e-02 3.438182e-02 2.728450e-02 5.516494e-02 7.041224e-02 4.888875e-02 1.138067e-01 8.736414e-02 8.306656e-02 1.227069e-01 8.296410e-02 7.650407e-02 7.002480e-02 5.475244e-02 4.295278e-02 3.443188e-02 3.117904e-02 1.460430e-02 1.228118e-02 1.215281e-02 5.095481e-03 4.553034e-03 4.400261e-03 1.983084e-03 1.786693e-03 1.503810e-03 9.020540e-04 1.113464e-03 8.997117e-04 4.017972e-04 4.804457e-04 6.159790e-04 2.411896e-04 1.229936e-04 1.673261e-04 1.299393e-04 4.883721e-05 4.074255e-05 7.655285e-05 6.893506e-05 3.341976e-05 3.927298e-05 6.791532e-05 4.529952e-05 2.060946e-05 2.117609e-05 3.240001e-05 2.280121e-05 8.407708e-06 4.747373e-06 4.760164e-06 3.895814e-06 1.658773e-06 6.438739e-07 3.851180e-07 3.274708e-07 2.311944e-07 1.185922e-07 5.789457e-08 4.081928e-08 5.037382e-08 6.167543e-08 4.077609e-08 1.261362e-08 4.714780e-09 4.268596e-09 6.185048e-09 4.643390e-09 1.151000e-09 2.521523e-10 1.811555e-10 3.693311e-10 4.261842e-10 8.413265e-11 5.736578e-12 1.011341e-12 1.051718e-12 2.065219e-12 1.180180e-12 1.250648e-13 8.420387e-15 1.939624e-15 1.941740e-15 2.242475e-15 3.873018e-16 4.795849e-18 1.042990e-20 1.081392e-23 5.767107e-27 2.641465e-30 1.314913e-33 2.878787e-37 4.629890e-42 2.802597e-45 1.401298e-45 1.401298e-45 1.401298e-45 1.401298e-45 1.401298e-45 1.401298e-45 1.401298e-45 1.401298e-45 1.401298e-45 1.401298e-45 1.401298e-45 1.401298e-45 1.401298e-45 1.401298e-45 1.401298e-45 1.401298e-45 1.401298e-45 1.401298e-45 1.401298e-45 1.401298e-45 1.401298e-45 1.401298e-45 1.401298e-45 1.401298e-45 1.401298e-45 1.401298e-45 1.401298e-45 1.401298e-45 0.000000e+00 0.000000e+00 0.000000e+00 0.000000e+00 0.000000e+00 0.000000e+00 0.000000e+00 0.000000e+00 0.000000e+00 0.000000e+00 0.000000e+00 0.000000e+00 0.000000e+00 0.000000e+00 0.000000e+00 0.000000e+00 0.000000e+00 0.000000e+00
7.006492e-45 8.407791e-45 8.407791e-45 9.809089e-45 8.407791e-45 3.152922e-43 9.547046e-42 1.538294e-38 1.766908e-35 1.683731e-35 1.921941e-34 9.399042e-31 2.349769e-27 1.971440e-26 6.880615e-24 1.292831e-20 4.326031e-17 1.391437e-15 2.570844e-14 3.748608e-13 5.896476e-11 8.180007e-10 7.093419e-09 2.597477e-08 3.869360e-07 3.465335e-07 1.035773e-06 3.264955e-06 1.199067e-05 2.963072e-05 3.975239e-05 9.394970e-05 5.972652e-05 1.127519e-04 1.575798e-04 2.032160e-04 3.105396e-04 4.374422e-04 6.540614e-04 1.388811e-03 1.310144e-03 1.738898e-03 3.177481e-03 2.078774e-03 5.099213e-03 5.225779e-03 6.231634e-03 1.448221e-02 1.034266e-02 2.156322e-02 2.955317e-02 2.089863e-02 5.095065e-02 4.087457e-02 3.541978e-02 5.266702e-02 4.195188e-02 3.444216e-02 2.962137e-02 2.519722e-02 1.843353e-02 1.472589e-02 1.530399e-02 6.752199e-03 6.208668e-03 5.881581e-03 2.511412e-03 2.344597e-03 1.946590e-03 9.680835e-04 9.464015e-04 6.528153e-04 3.566597e-04 4.869694e-04 3.994488e-04 1.330873e-04 1.255162e-04 1.842407e-04 7.942484e-05 3.223484e-05 4.551981e-05 5.130743e-05 2.246903e-05 1.930734e-05 4.195012e-05 5.495896e-05 3.093535e-05 2.769614e-05 4.806665e-05 4.580983e-05 1.856375e-05 1.056654e-05 1.333304e-05 1.283187e-05 4.694667e-06 1.446286e-06 9.092823e-07 7.929972e-07 4.267631e-07 1.343683e-07 5.869418e-08 4.931920e-08 5.223170e-08 3.599138e-08 1.465635e-08 7.603805e-09 8.553571e-09 1.723215e-08 2.104481e-08 8.971852e-09 2.359862e-09 1.206848e-09 1.327409e-09 1.010341e-09 2.286271e-10 3.106606e-11 1.225165e-11 2.109440e-11 3.477889e-11 1.240321e-11 1.106703e-12 1.149257e-13 4.306896e-14 4.682878e-14 3.209161e-14 3.725377e-15 1.177005e-16 5.054495e-18 7.056353e-19 1.168828e-19 8.391427e-21 2.177579e-22 1.762776e-24 1.409965e-27 4.707992e-32 8.643589e-38 6.726233e-44 2.802597e-45 1.401298e-45 1.401298e-45 1.401298e-45 1.401298e-45 1.401298e-45 1.401298e-45 1.401298e-45 1.401298e-45 1.401298e-45 1.401298e-45 1.401298e-45 1.401298e-45 1.401298e-45 1.401298e-45 1.401298e-45 1.401298e-45 1.401298e-45 1.401298e-45 1.401298e-45 1.401298e-45 1.401298e-45 1.401298e-45 1.401298e-45 1.401298e-45 1.401298e-45 1.401298e-45 0.000000e+00 0.000000e+00 0.000000e+00 0.000000e+00 0.000000e+00 0.000000e+00 0.000000e+00 0.000000e+00 0.000000e+00 0.000000e+00 0.000000e+00 0.000000e+00 0.000000e+00 0.000000e+00 0.000000e+00 0.000000e+00 0.000000e+00 0.000000e+00 0.000000e+00 0.000000e+00 0.000000e+00
