1.401298e-45 1.401298e-45 1.401298e-45 1.401298e-45 1.401298e-45 2.802597e-45 2.802597e-45 4.203895e-45 5.605194e-45 1.470166e-36 6.618190e-27 5.164985e-20 5.362354e-17 3.774455e-15 9.323311e-14 3.697949e-12 1.777937e-10 4.730853e-09 9.143677e-08 1.122935e-06 1.316877e-05 5.002163e-05 2.228349e-04 4.418758e-04 1.862591e-03 2.380500e-03 8.294800e-03 7.463141e-03 2.078384e-02 1.856596e-02 3.280433e-02 3.842589e-02 3.977707e-02 6.979309e-02 4.378175e-02 8.948464e-02 4.933027e-02 7.688139e-02 6.144722e-02 5.376868e-02 7.215901e-02 4.073179e-02 5.533829e-02 3.600556e-02 3.202722e-02 3.551472e-02 2.281135e-02 3.008357e-02 2.252713e-02 2.183120e-02 2.438022e-02 1.709566e-02 2.164745e-02 1.772385e-02 1.621582e-02 2.013118e-02 1.412264e-02 1.797255e-02 1.804414e-02 1.401605e-02 2.028885e-02 1.557082e-02 1.436953e-02 1.808445e-02 1.232028e-02 1.271836e-02 1.454149e-02 9.755964e-03 1.034324e-02 1.087655e-02 7.541315e-03 8.165466e-03 8.586492e-03 6.350728e-03 6.497329e-03 6.410184e-03 4.532333e-03 3.887476e-03 3.354965e-03 2.097551e-03 1.388167e-03 9.924537e-04 5.520290e-04 3.081976e-04 2.133865e-04 1.240564e-04 5.752060e-05 3.207888e-05 2.062656e-05 1.117344e-05 5.690662e-06 3.518591e-06 2.347630e-06 1.422898e-06 8.776245e-07 6.240004e-07 4.530829e-07 2.882049e-07 1.848933e-07 1.464961e-07 1.238501e-07 8.676728e-08 5.496038e-08 3.806644e-08 2.775515e-08 1.815407e-08 1.082868e-08 6.873194e-09 4.718089e-09 3.088935e-09 1.825525e-09 1.055200e-09 6.317263e-10 3.737692e-10 2.028817e-10 1.013474e-10 4.938451e-11 2.413704e-11 1.156000e-11 5.308713e-12 2.520146e-12 1.335443e-12 7.238686e-13 3.231271e-13 1.001709e-13 2.093487e-14 3.030849e-15 3.188147e-16 2.282296e-17 9.510268e-19 2.084626e-20 2.063653e-22 7.403183e-25 1.079618e-27 5.617012e-31 8.362816e-35 2.633683e-39 7.006492e-45 2.802597e-45 2.802597e-45 1.401298e-45 1.401298e-45 1.401298e-45 1.401298e-45 1.401298e-45 1.401298e-45 1.401298e-45 1.401298e-45 1.401298e-45 1.401298e-45 1.401298e-45 1.401298e-45 1.401298e-45 1.401298e-45 1.401298e-45 1.401298e-45 1.401298e-45 1.401298e-45 1.401298e-45 1.401298e-45 1.401298e-45 1.401298e-45 1.401298e-45 0.000000e+00 0.000000e+00 0.000000e+00 0.000000e+00 0.000000e+00 0.000000e+00 0.000000e+00 0.000000e+00 0.000000e+00 0.000000e+00 0.000000e+00 0.000000e+00 0.000000e+00 0.000000e+00 0.000000e+00 0.000000e+00 0.000000e+00 0.000000e+00 0.000000e+00 0.000000e+00 0.000000e+00 0.000000e+00
1.401298e-45 1.401298e-45 1.401298e-45 1.401298e-45 1.401298e-45 2.802597e-45 4.203895e-45 5.605194e-45 2.929784e-38 2.069894e-25 4.683408e-17 2.566477e-14 2.014398e-12 7.042367e-11 2.665560e-09 5.054092e-08 4.281374e-07 4.749203e-06 2.859472e-05 2.288907e-04 4.833507e-04 1.960182e-03 2.744079e-03 8.764985e-03 9.103652e-03 2.028539e-02 1.980398e-02 3.126827e-02 3.471974e-02 3.774688e-02 5.347073e-02 4.215621e-02 6.894585e-02 4.045250e-02 5.929095e-02 3.791121e-02 4.173959e-02 4.016049e-02 2.932799e-02 3.900557e-02 2.317733e-02 2.734277e-02 2.144965e-02 1.758080e-02 2.068583e-02 1.403664e-02 1.693424e-02 1.490328e-02 1.347563e-02 1.663882e-02 1.275446e-02 1.457498e-02 1.435046e-02 1.181350e-02 1.428452e-02 1.156078e-02 1.162500e-02 1.303085e-02 9.996909e-03 1.244224e-02 1.100066e-02 9.531514e-03 1.152873e-02 8.737546e-03 8.692621e-03 9.477879e-03 6.618779e-03 6.711062e-03 6.712769e-03 4.524128e-03 4.554519e-03 4.620804e-03 3.277013e-03 3.288981e-03 3.576989e-03 2.765533e-03 2.598646e-03 2.687215e-03 2.012915e-03 1.505830e-03 1.212821e-03 7.947358e-04 5.197439e-04 3.741088e-04 2.162392e-04 1.093390e-04 6.925434e-05 4.504537e-05 2.298556e-05 1.185422e-05 7.602407e-06 4.945800e-06 2.863462e-06 1.796004e-06 1.290849e-06 8.873280e-07 5.457139e-07 3.676259e-07 3.004717e-07 2.401201e-07 1.590089e-07 1.016301e-07 7.474169e-08 5.644470e-08 3.728871e-08 2.303178e-08 1.539074e-08 1.099837e-08 7.392073e-09 4.513053e-09 2.775825e-09 1.789146e-09 1.118035e-09 6.230832e-10 3.205431e-10 1.636356e-10 8.605434e-11 4.502870e-11 2.330966e-11 1.223884e-11 6.705959e-12 3.583919e-12 1.555597e-12 4.887055e-13 1.169713e-13 2.522569e-14 4.726659e-15 6.146052e-16 4.604195e-17 1.798236e-18 3.381707e-20 3.550331e-22 1.986006e-24 5.295623e-27 5.781999e-30 1.535416e-33 6.227944e-38 2.340168e-43 2.802597e-45 2.802597e-45 1.401298e-45 1.401298e-45 1.401298e-45 1.401298e-45 1.401298e-45 1.401298e-45 1.401298e-45 1.401298e-45 1.401298e-45 1.401298e-45 1.401298e-45 1.401298e-45 1.401298e-45 1.401298e-45 1.401298e-45 1.401298e-45 1.401298e-45 1.401298e-45 1.401298e-45 1.401298e-45 1.401298e-45 1.401298e-45 1.401298e-45 1.401298e-45 1.401298e-45 0.000000e+00 0.000000e+00 0.000000e+00 0.000000e+00 0.000000e+00 0.000000e+00 0.000000e+00 0.000000e+00 0.000000e+00 0.000000e+00 0.000000e+00 0.000000e+00 0.000000e+00 0.000000e+00 0.000000e+00 0.000000e+00 0.000000e+00 0.000000e+00 0.000000e+00 0.000000e+00
1.401298e-45 1.401298e-45 1.401298e-45 1.401298e-45 2.802597e-45 4.203895e-45 4.203895e-45 7.194266e-42 5.351406e-27 1.972746e-18 1.862677e-14 1.317285e-10 4.000329e-08 7.472950e-07 4.245231e-06 1.820548e-05 1.460765e-04 4.907764e-04 2.110164e-03 2.824278e-03 8.768528e-03 9.730050e-03 2.224139e-02 2.072249e-02 3.245362e-02 3.200147e-02 3.520761e-02 4.078655e-02 3.392408e-02 4.767313e-02 3.295439e-02 4.510807e-02 2.765198e-02 3.068865e-02 2.361512e-02 2.040658e-02 2.229195e-02 1.512195e-02 1.924870e-02 1.330180e-02 1.403165e-02 1.324778e-02 1.066619e-02 1.296841e-02 9.857618e-03 1.102755e-02 1.087361e-02 9.681243e-03 1.206312e-02 1.009446e-02 1.088895e-02 1.158004e-02 9.512367e-03 1.096825e-02 9.714380e-03 8.671088e-03 9.875384e-03 7.595800e-03 8.119614e-03 8.228515e-03 6.562811e-03 7.840372e-03 6.828276e-03 6.179588e-03 6.728415e-03 5.232499e-03 4.906489e-03 4.856521e-03 3.635031e-03 3.444574e-03 3.336351e-03 2.455177e-03 2.269137e-03 2.297969e-03 1.767413e-03 1.581016e-03 1.681753e-03 1.350671e-03 1.063661e-03 1.013389e-03 8.163954e-04 5.909282e-04 4.585815e-04 3.034757e-04 1.796047e-04 1.204372e-04 7.713583e-05 4.062235e-05 2.260632e-05 1.462541e-05 8.874184e-06 5.055284e-06 3.258212e-06 2.290612e-06 1.468864e-06 9.101231e-07 6.534729e-07 5.245102e-07 3.759858e-07 2.349152e-07 1.586487e-07 1.234997e-07 9.411490e-08 6.234733e-08 4.040571e-08 2.913557e-08 2.186910e-08 1.508920e-08 9.503938e-09 6.083372e-09 4.122370e-09 2.686593e-09 1.571875e-09 8.554227e-10 4.741649e-10 2.730022e-10 1.570502e-10 8.575485e-11 4.473550e-11 2.313304e-11 1.152406e-11 4.957521e-12 1.680928e-12 4.897853e-13 1.368294e-13 3.717651e-14 8.159017e-15 1.136042e-15 8.749936e-17 3.991016e-18 1.031703e-19 1.478699e-21 1.298720e-23 5.451588e-26 7.862088e-29 2.927082e-32 1.640091e-36 8.431613e-42 2.802597e-45 2.802597e-45 1.401298e-45 1.401298e-45 1.401298e-45 1.401298e-45 1.401298e-45 1.401298e-45 1.401298e-45 1.401298e-45 1.401298e-45 1.401298e-45 1.401298e-45 1.401298e-45 1.401298e-45 1.401298e-45 1.401298e-45 1.401298e-45 1.401298e-45 1.401298e-45 1.401298e-45 1.401298e-45 1.401298e-45 1.401298e-45 1.401298e-45 1.401298e-45 1.401298e-45 1.401298e-45 1.401298e-45 0.000000e+00 0.000000e+00 0.000000e+00 0.000000e+00 0.000000e+00 0.000000e+00 0.000000e+00 0.000000e+00 0.000000e+00 0.000000e+00 0.000000e+00 0.000000e+00 0.000000e+00 0.000000e+00 0.000000e+00 0.000000e+00 0.000000e+00 0.000000e+00
1.401298e-45 1.401298e-45 1.401298e-45 2.802597e-45 2.802597e-45 4.203895e-45 4.203895e-45 3.842219e-36 9.527899e-26 2.273970e-17 1.252246e-10 3.277943e-07 1.233073e-05 1.345670e-04 6.484704e-04 2.470942e-03 3.673440e-03 7.996144e-03 8.868098e-03 1.962865e-02 1.847408e-02 2.939190e-02 2.577447e-02 3.279969e-02 3.172859e-02 3.068700e-02 3.344776e-02 2.544055e-02 3.189191e-02 2.121460e-02 2.523974e-02 1.701063e-02 1.738702e-02 1.550203e-02 1.232091e-02 1.397218e-02 9.542236e-03 1.176178e-02 9.345755e-03 9.157986e-03 9.961782e-03 7.923179e-03 9.942695e-03 8.349193e-03 8.714894e-03 9.453897e-03 8.028037e-03 9.591102e-03 8.675480e-03 8.590246e-03 9.598564e-03 8.334406e-03 8.814118e-03 8.537731e-03 7.330270e-03 7.817238e-03 6.533517e-03 6.180822e-03 6.642608e-03 5.345356e-03 6.078083e-03 5.830632e-03 4.941486e-03 5.481434e-03 4.618900e-03 4.029950e-03 4.190140e-03 3.427848e-03 3.100291e-03 3.148450e-03 2.491027e-03 2.145354e-03 2.120700e-03 1.643274e-03 1.330664e-03 1.319052e-03 1.030770e-03 7.535759e-04 7.146862e-04 6.039338e-04 4.425337e-04 3.766998e-04 2.973437e-04 2.012654e-04 1.497617e-04 1.063285e-04 6.144753e-05 3.598477e-05 2.366462e-05 1.458074e-05 8.473724e-06 5.353875e-06 3.502780e-06 2.168787e-06 1.409827e-06 1.056884e-06 7.922512e-07 5.144199e-07 3.204295e-07 2.310724e-07 1.860552e-07 1.380233e-07 9.328414e-08 6.561655e-08 5.075597e-08 3.920551e-08 2.718737e-08 1.770169e-08 1.196186e-08 8.429200e-09 5.662657e-09 3.388269e-09 1.946529e-09 1.193310e-09 7.769829e-10 4.807901e-10 2.673543e-10 1.380450e-10 6.999901e-11 3.436000e-11 1.492658e-11 5.505151e-12 1.844972e-12 6.586579e-13 2.526231e-13 8.769278e-14 2.187806e-14 3.586332e-15 3.659329e-16 2.271910e-17 8.817939e-19 1.951052e-20 2.514668e-22 1.623764e-24 3.344325e-27 1.733306e-30 1.609353e-34 1.692895e-39 4.203895e-45 2.802597e-45 2.802597e-45 1.401298e-45 1.401298e-45 1.401298e-45 1.401298e-45 1.401298e-45 1.401298e-45 1.401298e-45 1.401298e-45 1.401298e-45 1.401298e-45 1.401298e-45 1.401298e-45 1.401298e-45 1.401298e-45 1.401298e-45 1.401298e-45 1.401298e-45 1.401298e-45 1.401298e-45 1.401298e-45 1.401298e-45 1.401298e-45 1.401298e-45 1.401298e-45 1.401298e-45 1.401298e-45 1.401298e-45 0.000000e+00 0.000000e+00 0.000000e+00 0.000000e+00 0.000000e+00 0.000000e+00 0.000000e+00 0.000000e+00 0.000000e+00 0.000000e+00 0.000000e+00 0.000000e+00 0.000000e+00 0.000000e+00 0.000000e+00 0.000000e+00 0.000000e+00
0.000000e+00 1.401298e-45 1.401298e-45 2.802597e-45 2.802597e-45 4.203895e-45 4.203895e-45 4.358038e-42 4.537358e-27 8.290227e-17 1.892798e-10 2.685557e-06 4.738291e-04 3.100349e-03 6.674026e-03 7.618375e-03 1.232394e-02 1.226585e-02 1.810814e-02 1.523505e-02 1.956585e-02 1.742666e-02 2.100373e-02 2.084673e-02 2.123767e-02 2.265215e-02 1.818839e-02 2.115754e-02 1.476261e-02 1.663598e-02 1.234262e-02 1.316017e-02 1.261602e-02 1.045750e-02 1.164874e-02 8.325658e-03 1.019099e-02 8.630479e-03 8.433751e-03 9.665395e-03 7.800456e-03 1.008751e-02 8.763443e-03 8.742773e-03 9.981995e-03 7.814482e-03 9.102711e-03 8.245622e-03 7.490270e-03 8.759465e-03 7.543160e-03 7.620150e-03 7.901577e-03 6.573852e-03 6.803685e-03 6.301931e-03 5.546211e-03 6.045091e-03 5.322334e-03 5.377161e-03 5.624450e-03 4.720300e-03 5.001691e-03 4.595598e-03 3.975359e-03 4.164921e-03 3.697856e-03 3.347553e-03 3.459336e-03 2.864811e-03 2.452184e-03 2.441043e-03 1.878048e-03 1.470644e-03 1.434817e-03 1.081086e-03 7.499601e-04 6.863982e-04 5.463224e-04 3.530433e-04 2.808647e-04 2.302409e-04 1.609559e-04 1.254676e-04 1.006868e-04 6.597237e-05 4.434573e-05 3.332912e-05 2.195357e-05 1.286323e-05 8.068226e-06 5.241786e-06 3.275851e-06 2.164633e-06 1.584322e-06 1.122133e-06 7.129624e-07 4.638704e-07 3.452244e-07 2.673142e-07 1.933020e-07 1.382481e-07 1.079171e-07 8.783519e-08 6.689027e-08 4.642491e-08 3.147830e-08 2.231534e-08 1.610734e-08 1.079579e-08 6.580827e-09 4.042388e-09 2.752548e-09 1.933113e-09 1.209091e-09 6.548471e-10 3.454566e-10 1.909265e-10 1.028078e-10 4.808882e-11 1.912461e-11 7.593614e-12 3.428631e-12 1.730806e-12 8.126847e-13 2.967618e-13 7.884449e-14 1.611414e-14 2.602145e-15 2.807235e-16 1.866969e-17 7.110351e-19 1.302006e-20 1.079794e-22 3.157972e-25 2.780950e-28 6.313046e-32 2.763640e-36 1.339081e-41 2.802597e-45 2.802597e-45 2.802597e-45 1.401298e-45 1.401298e-45 1.401298e-45 1.401298e-45 1.401298e-45 1.401298e-45 1.401298e-45 1.401298e-45 1.401298e-45 1.401298e-45 1.401298e-45 1.401298e-45 1.401298e-45 1.401298e-45 1.401298e-45 1.401298e-45 1.401298e-45 1.401298e-45 1.401298e-45 1.401298e-45 1.401298e-45 1.401298e-45 1.401298e-45 1.401298e-45 1.401298e-45 1.401298e-45 1.401298e-45 0.000000e+00 0.000000e+00 0.000000e+00 0.000000e+00 0.000000e+00 0.000000e+00 0.000000e+00 0.000000e+00 0.000000e+00 0.000000e+00 0.000000e+00 0.000000e+00 0.000000e+00 0.000000e+00 0.000000e+00 0.000000e+00
0.000000e+00 0.000000e+00 1.401298e-45 1.401298e-45 1.401298e-45 2.802597e-45 2.802597e-45 4.203895e-45 1.647268e-39 5.660116e-24 8.233837e-14 2.901062e-08 2.158592e-05 5.566381e-04 1.261310e-03 1.917407e-03 2.143363e-03 3.507561e-03 3.757184e-03 5.637304e-03 5.743959e-03 7.406128e-03 7.872206e-03 9.773051e-03 1.193047e-02 1.249525e-02 1.617708e-02 1.358414e-02 1.569198e-02 1.261330e-02 1.399660e-02 1.324565e-02 1.180241e-02 1.253280e-02 9.736397e-03 1.167042e-02 1.003108e-02 1.011860e-02 1.130413e-02 9.666901e-03 1.227225e-02 1.060425e-02 1.052919e-02 1.175167e-02 9.002969e-03 1.021123e-02 8.842580e-03 7.792292e-03 8.978247e-03 7.333645e-03 7.465725e-03 7.768286e-03 6.325081e-03 6.867386e-03 6.612384e-03 5.776752e-03 6.549728e-03 5.925224e-03 5.498402e-03 6.184456e-03 5.053116e-03 5.032270e-03 5.226133e-03 4.367098e-03 4.549003e-03 4.515022e-03 3.953622e-03 3.951496e-03 3.584455e-03 3.073171e-03 2.911216e-03 2.349937e-03 1.895989e-03 1.736848e-03 1.299887e-03 9.639559e-04 8.675801e-04 6.440092e-04 4.064073e-04 3.128908e-04 2.374555e-04 1.479187e-04 1.036803e-04 8.122928e-05 5.613481e-05 4.033642e-05 3.314420e-05 2.442729e-05 1.600362e-05 1.107047e-05 7.622247e-06 4.893861e-06 3.292845e-06 2.412978e-06 1.663164e-06 1.047871e-06 6.987722e-07 5.223637e-07 3.943675e-07 2.864222e-07 2.181863e-07 1.794205e-07 1.462216e-07 1.100214e-07 7.840450e-08 5.603679e-08 4.080825e-08 2.939755e-08 1.977078e-08 1.246780e-08 8.147052e-09 5.860173e-09 4.152054e-09 2.527444e-09 1.382069e-09 8.040466e-10 5.043136e-10 2.886408e-10 1.348846e-10 5.782308e-11 2.699045e-11 1.515183e-11 9.162204e-12 4.963012e-12 2.150524e-12 8.035255e-13 2.885202e-13 9.251505e-14 2.274538e-14 3.298777e-15 2.414170e-16 9.966023e-18 2.348331e-19 2.875913e-21 1.744316e-23 4.012106e-26 2.858787e-29 4.864677e-33 1.399290e-37 2.718519e-43 2.802597e-45 2.802597e-45 1.401298e-45 1.401298e-45 1.401298e-45 1.401298e-45 1.401298e-45 1.401298e-45 1.401298e-45 1.401298e-45 1.401298e-45 1.401298e-45 1.401298e-45 1.401298e-45 1.401298e-45 1.401298e-45 1.401298e-45 1.401298e-45 1.401298e-45 1.401298e-45 1.401298e-45 1.401298e-45 1.401298e-45 1.401298e-45 1.401298e-45 1.401298e-45 1.401298e-45 1.401298e-45 1.401298e-45 1.401298e-45 0.000000e+00 0.000000e+00 0.000000e+00 0.000000e+00 0.000000e+00 0.000000e+00 0.000000e+00 0.000000e+00 0.000000e+00 0.000000e+00 0.000000e+00 0.000000e+00 0.000000e+00 0.000000e+00 0.000000e+00
0.000000e+00 0.000000e+00 0.000000e+00 1.401298e-45 1.401298e-45 1.401298e-45 1.401298e-45 2.802597e-45 4.203895e-45 2.900688e-43 3.078483e-26 7.242066e-16 1.215813e-10 1.873891e-08 4.536053e-07 2.923509e-06 1.452975e-05 3.844139e-05 1.422473e-04 2.733834e-04 5.207633e-04 7.083007e-04 1.239251e-03 2.272595e-03 4.059160e-03 8.072890e-03 1.035011e-02 1.494436e-02 1.433786e-02 1.668409e-02 1.578288e-02 1.464739e-02 1.538749e-02 1.312992e-02 1.538512e-02 1.341647e-02 1.388992e-02 1.485827e-02 1.350635e-02 1.607165e-02 1.388078e-02 1.387783e-02 1.453373e-02 1.160032e-02 1.283248e-02 1.078818e-02 9.929609e-03 1.051491e-02 8.409936e-03 8.657509e-03 8.501735e-03 7.317717e-03 8.155492e-03 7.702375e-03 7.214973e-03 8.042024e-03 7.131310e-03 6.668719e-03 7.262672e-03 5.796422e-03 5.779455e-03 6.264455e-03 4.995234e-03 5.438264e-03 5.708870e-03 4.603667e-03 4.737269e-03 4.583917e-03 3.688693e-03 3.515895e-03 3.148644e-03 2.502518e-03 2.186607e-03 1.785610e-03 1.387335e-03 1.160811e-03 8.764903e-04 6.086290e-04 4.682873e-04 3.341913e-04 2.071511e-04 1.391506e-04 9.706962e-05 6.126203e-05 4.103302e-05 3.099379e-05 2.259391e-05 1.558564e-05 1.156887e-05 8.792123e-06 6.410404e-06 4.757379e-06 3.591335e-06 2.490503e-06 1.626044e-06 1.143611e-06 8.611929e-07 6.337970e-07 4.613920e-07 3.623037e-07 3.019857e-07 2.429813e-07 1.839729e-07 1.364596e-07 1.017987e-07 7.609177e-08 5.537009e-08 3.839158e-08 2.565662e-08 1.775994e-08 1.300467e-08 8.976421e-09 5.433585e-09 3.162042e-09 2.019447e-09 1.333628e-09 7.624575e-10 3.732471e-10 1.867950e-10 1.122149e-10 7.559715e-11 4.775242e-11 2.480706e-11 1.150433e-11 5.330422e-12 2.599815e-12 1.247551e-12 4.592350e-13 1.016338e-13 1.306959e-14 1.085040e-15 6.128629e-17 2.535948e-18 5.665326e-20 5.974605e-22 2.520139e-24 3.564039e-27 1.377643e-30 1.227170e-34 1.220307e-39 4.203895e-45 2.802597e-45 2.802597e-45 1.401298e-45 1.401298e-45 1.401298e-45 1.401298e-45 1.401298e-45 1.401298e-45 1.401298e-45 1.401298e-45 1.401298e-45 1.401298e-45 1.401298e-45 1.401298e-45 1.401298e-45 1.401298e-45 1.401298e-45 1.401298e-45 1.401298e-45 1.401298e-45 1.401298e-45 1.401298e-45 1.401298e-45 1.401298e-45 1.401298e-45 1.401298e-45 1.401298e-45 1.401298e-45 1.401298e-45 1.401298e-45 1.401298e-45 0.000000e+00 0.000000e+00 0.000000e+00 0.000000e+00 0.000000e+00 0.000000e+00 0.000000e+00 0.000000e+00 0.000000e+00 0.000000e+00 0.000000e+00 0.000000e+00 0.000000e+00
0.000000e+00 0.000000e+00 0.000000e+00 0.000000e+00 0.000000e+00 1.401298e-45 1.401298e-45 1.401298e-45 2.802597e-45 2.802597e-45 4.203895e-45 4.761833e-35 4.519749e-25 3.739635e-19 6.958662e-16 2.506512e-13 2.948471e-11 2.273076e-09 3.530740e-08 3.259530e-07 1.559795e-06 7.754507e-06 3.457051e-05 1.490883e-04 6.572220e-04 1.877865e-03 5.010962e-03 8.132922e-03 1.245536e-02 1.444757e-02 1.489671e-02 1.704207e-02 1.629960e-02 1.944793e-02 1.804534e-02 1.896438e-02 2.038955e-02 1.914602e-02 2.160942e-02 1.912264e-02 1.879299e-02 1.922284e-02 1.571578e-02 1.724058e-02 1.448996e-02 1.377004e-02 1.389297e-02 1.101556e-02 1.149797e-02 1.055188e-02 9.823555e-03 1.072058e-02 9.868870e-03 1.009808e-02 1.034096e-02 9.297043e-03 9.029353e-03 8.690160e-03 7.357392e-03 7.293665e-03 7.376494e-03 6.157512e-03 6.668172e-03 6.683160e-03 5.444584e-03 5.816012e-03 5.515883e-03 4.441258e-03 4.452228e-03 4.091788e-03 3.270580e-03 2.971774e-03 2.553364e-03 1.971209e-03 1.635808e-03 1.312798e-03 9.691916e-04 7.410786e-04 5.462951e-04 3.646140e-04 2.436150e-04 1.613677e-04 1.026298e-04 6.568855e-05 4.276121e-05 2.722498e-05 1.747883e-05 1.186273e-05 8.646743e-06 6.581774e-06 5.193172e-06 4.179017e-06 3.220531e-06 2.379197e-06 1.803361e-06 1.411915e-06 1.073169e-06 8.157107e-07 6.478551e-07 5.202660e-07 4.050342e-07 3.118763e-07 2.428233e-07 1.905479e-07 1.475620e-07 1.112469e-07 8.027710e-08 5.711490e-08 4.183181e-08 3.107541e-08 2.128009e-08 1.322805e-08 8.428244e-09 5.921557e-09 4.143697e-09 2.479492e-09 1.335542e-09 7.933156e-10 5.543181e-10 3.881940e-10 2.323577e-10 1.236172e-10 6.687059e-11 4.047305e-11 2.532434e-11 1.349086e-11 5.238116e-12 1.466765e-12 3.074682e-13 5.009635e-14 6.817125e-15 6.332690e-16 3.321001e-17 8.925010e-19 1.194735e-20 8.011000e-23 2.321747e-25 2.013735e-28 3.761170e-32 1.060741e-36 1.803471e-42 2.802597e-45 2.802597e-45 2.802597e-45 1.401298e-45 1.401298e-45 1.401298e-45 1.401298e-45 1.401298e-45 1.401298e-45 1.401298e-45 1.401298e-45 1.401298e-45 1.401298e-45 1.401298e-45 1.401298e-45 1.401298e-45 1.401298e-45 1.401298e-45 1.401298e-45 1.401298e-45 1.401298e-45 1.401298e-45 1.401298e-45 1.401298e-45 1.401298e-45 1.401298e-45 1.401298e-45 1.401298e-45 1.401298e-45 1.401298e-45 1.401298e-45 1.401298e-45 0.000000e+00 0.000000e+00 0.000000e+00 0.000000e+00 0.000000e+00 0.000000e+00 0.000000e+00 0.000000e+00 0.000000e+00 0.000000e+00 0.000000e+00 0.000000e+00
0.000000e+00 0.000000e+00 0.000000e+00 0.000000e+00 0.000000e+00 1.401298e-45 1.401298e-45 1.401298e-45 1.401298e-45 1.401298e-45 1.401298e-45 2.802597e-45 4.203895e-45 2.101948e-44 4.089384e-35 5.147856e-28 2.259967e-22 3.070040e-18 7.622259e-15 2.550959e-12 2.366768e-10 6.573733e-09 1.284135e-07 2.076707e-06 2.292676e-05 1.900264e-04 9.088216e-04 2.958804e-03 6.144163e-03 8.960082e-03 1.313086e-02 1.522358e-02 1.967079e-02 2.059540e-02 2.261951e-02 2.569422e-02 2.491559e-02 2.760471e-02 2.518093e-02 2.442899e-02 2.495210e-02 2.044186e-02 2.229970e-02 1.915455e-02 1.807334e-02 1.847299e-02 1.425883e-02 1.526752e-02 1.347550e-02 1.259458e-02 1.382673e-02 1.216610e-02 1.315525e-02 1.278534e-02 1.161116e-02 1.172677e-02 1.057880e-02 9.590969e-03 9.423131e-03 8.829118e-03 7.901443e-03 8.021699e-03 7.627723e-03 6.586354e-03 6.874838e-03 6.387322e-03 5.472483e-03 5.551074e-03 5.066597e-03 4.319061e-03 4.014696e-03 3.465894e-03 2.804634e-03 2.371274e-03 1.918104e-03 1.482360e-03 1.170457e-03 8.953515e-04 6.313052e-04 4.334777e-04 2.978588e-04 1.969407e-04 1.215777e-04 7.391875e-05 4.651252e-05 2.877399e-05 1.726127e-05 1.110250e-05 7.828751e-06 5.617347e-06 4.092732e-06 3.137046e-06 2.503285e-06 2.099397e-06 1.867527e-06 1.631341e-06 1.340570e-06 1.082004e-06 8.647094e-07 6.799064e-07 5.396697e-07 4.324428e-07 3.492044e-07 2.812931e-07 2.225891e-07 1.716387e-07 1.314850e-07 1.031601e-07 7.825351e-08 5.480478e-08 3.650819e-08 2.562421e-08 1.951435e-08 1.418001e-08 9.100753e-09 5.607594e-09 3.869761e-09 2.942624e-09 2.122384e-09 1.316439e-09 7.703848e-10 4.847571e-10 3.230226e-10 1.995040e-10 9.932297e-11 4.022271e-11 1.444795e-11 5.078487e-12 1.755504e-12 4.986180e-13 9.473391e-14 1.017522e-14 5.467361e-16 1.670666e-17 3.578981e-19 5.181609e-21 3.638459e-23 7.558651e-26 3.163689e-29 1.872320e-33 1.145281e-38 4.203895e-45 2.802597e-45 2.802597e-45 1.401298e-45 1.401298e-45 1.401298e-45 1.401298e-45 1.401298e-45 1.401298e-45 1.401298e-45 1.401298e-45 1.401298e-45 1.401298e-45 1.401298e-45 1.401298e-45 1.401298e-45 1.401298e-45 1.401298e-45 1.401298e-45 1.401298e-45 1.401298e-45 1.401298e-45 1.401298e-45 1.401298e-45 1.401298e-45 1.401298e-45 1.401298e-45 1.401298e-45 1.401298e-45 1.401298e-45 1.401298e-45 1.401298e-45 1.401298e-45 0.000000e+00 0.000000e+00 0.000000e+00 0.000000e+00 0.000000e+00 0.000000e+00 0.000000e+00 0.000000e+00 0.000000e+00 0.000000e+00 0.000000e+00
0.000000e+00 0.000000e+00 1.401298e-45 1.401298e-45 1.401298e-45 1.401298e-45 1.401298e-45 1.401298e-45 1.401298e-45 1.401298e-45 1.401298e-45 1.401298e-45 1.401298e-45 2.802597e-45 5.605194e-45 1.121039e-44 3.038183e-40 2.614466e-31 1.222205e-24 1.039590e-19 2.978546e-16 2.067643e-13 4.688167e-11 5.175627e-09 2.881841e-07 8.012689e-06 1.073861e-04 6.416267e-04 2.078986e-03 4.898017e-03 8.358892e-03 1.283289e-02 1.595654e-02 1.937286e-02 2.312228e-02 2.405012e-02 2.630734e-02 2.487528e-02 2.471074e-02 2.506088e-02 2.152150e-02 2.322803e-02 2.068658e-02 1.961124e-02 2.023903e-02 1.587147e-02 1.728630e-02 1.524137e-02 1.387277e-02 1.558649e-02 1.286700e-02 1.422424e-02 1.381171e-02 1.219456e-02 1.340812e-02 1.197898e-02 1.133753e-02 1.173622e-02 1.038610e-02 9.700540e-03 9.555043e-03 8.721981e-03 7.859147e-03 7.892104e-03 7.289276e-03 6.529247e-03 6.537118e-03 6.045107e-03 5.342913e-03 4.927437e-03 4.398315e-03 3.758666e-03 3.151834e-03 2.608725e-03 2.141834e-03 1.694679e-03 1.313873e-03 9.953888e-04 7.198238e-04 5.106096e-04 3.460249e-04 2.145621e-04 1.337319e-04 8.676517e-05 5.252089e-05 3.064095e-05 1.978051e-05 1.359091e-05 8.579472e-06 5.294707e-06 3.614767e-06 2.673045e-06 2.088920e-06 1.825530e-06 1.697635e-06 1.536364e-06 1.369662e-06 1.218536e-06 1.044692e-06 8.631121e-07 7.246198e-07 6.165939e-07 5.268662e-07 4.420045e-07 3.631115e-07 2.985913e-07 2.427818e-07 1.882448e-07 1.368864e-07 1.002104e-07 7.742279e-08 6.153434e-08 4.622591e-08 3.227404e-08 2.306939e-08 1.789994e-08 1.430855e-08 1.026522e-08 6.583811e-09 4.139276e-09 2.753293e-09 1.869930e-09 1.161403e-09 6.313540e-10 3.150900e-10 1.615826e-10 8.829335e-11 4.688704e-11 2.078439e-11 6.638693e-12 1.285645e-12 1.414354e-13 9.599458e-15 4.764729e-16 2.047392e-17 6.271186e-19 9.067873e-21 3.828127e-23 3.263242e-26 4.236769e-30 7.662344e-35 1.300531e-40 2.802597e-45 2.802597e-45 2.802597e-45 1.401298e-45 1.401298e-45 1.401298e-45 1.401298e-45 1.401298e-45 1.401298e-45 1.401298e-45 1.401298e-45 1.401298e-45 1.401298e-45 1.401298e-45 1.401298e-45 1.401298e-45 1.401298e-45 1.401298e-45 1.401298e-45 1.401298e-45 1.401298e-45 1.401298e-45 1.401298e-45 1.401298e-45 1.401298e-45 1.401298e-45 1.401298e-45 1.401298e-45 1.401298e-45 1.401298e-45 1.401298e-45 1.401298e-45 1.401298e-45 0.000000e+00 0.000000e+00 0.000000e+00 0.000000e+00 0.000000e+00 0.000000e+00 0.000000e+00 0.000000e+00 0.000000e+00 0.000000e+00
0.000000e+00 0.000000e+00 0.000000e+00 1.401298e-45 1.401298e-45 1.401298e-45 1.401298e-45 1.401298e-45 1.401298e-45 1.401298e-45 1.401298e-45 1.401298e-45 1.401298e-45 1.401298e-45 2.802597e-45 4.203895e-45 7.006492e-45 1.541428e-44 1.943181e-41 6.613741e-33 4.407124e-26 6.980205e-21 1.122222e-16 3.238366e-13 2.557708e-10 5.496086e-08 2.712727e-06 5.017432e-05 3.538970e-04 1.470702e-03 3.507803e-03 6.188225e-03 9.273217e-03 1.220035e-02 1.461142e-02 1.596922e-02 1.672769e-02 1.758093e-02 1.828449e-02 1.725603e-02 1.789854e-02 1.704853e-02 1.643783e-02 1.690004e-02 1.457233e-02 1.548742e-02 1.458173e-02 1.322275e-02 1.480845e-02 1.220753e-02 1.315436e-02 1.295981e-02 1.120830e-02 1.318299e-02 1.188620e-02 1.159349e-02 1.278757e-02 1.094751e-02 1.070097e-02 1.063949e-02 9.265355e-03 8.757725e-03 8.531949e-03 7.787157e-03 7.196234e-03 7.124777e-03 6.636857e-03 5.904542e-03 5.520515e-03 5.100474e-03 4.403380e-03 3.794326e-03 3.339577e-03 2.811595e-03 2.223731e-03 1.789680e-03 1.426864e-03 1.056324e-03 7.670454e-04 5.446284e-04 3.571895e-04 2.328328e-04 1.531048e-04 9.327747e-05 5.714128e-05 3.854636e-05 2.551187e-05 1.521733e-05 9.198681e-06 6.157696e-06 4.190897e-06 2.843043e-06 2.116025e-06 1.728740e-06 1.425338e-06 1.204713e-06 1.115336e-06 1.069776e-06 1.021631e-06 9.859373e-07 9.504118e-07 8.704984e-07 7.740061e-07 6.774193e-07 5.838239e-07 4.934522e-07 3.982741e-07 3.162378e-07 2.545781e-07 2.108791e-07 1.693538e-07 1.298812e-07 9.725611e-08 7.545481e-08 6.107193e-08 4.835781e-08 3.545756e-08 2.413813e-08 1.663706e-08 1.204135e-08 8.684275e-09 5.582449e-09 3.144190e-09 1.722490e-09 1.017356e-09 6.672649e-10 4.446054e-10 2.575273e-10 1.117553e-10 3.496869e-11 7.523049e-12 1.084147e-12 1.221991e-13 1.123557e-14 7.495613e-16 2.823779e-17 4.315624e-19 2.418363e-21 4.761154e-24 2.627270e-27 2.654380e-31 3.336894e-36 2.047297e-42 2.802597e-45 2.802597e-45 1.401298e-45 1.401298e-45 1.401298e-45 1.401298e-45 1.401298e-45 1.401298e-45 1.401298e-45 1.401298e-45 1.401298e-45 1.401298e-45 1.401298e-45 1.401298e-45 1.401298e-45 1.401298e-45 1.401298e-45 1.401298e-45 1.401298e-45 1.401298e-45 1.401298e-45 1.401298e-45 1.401298e-45 1.401298e-45 1.401298e-45 1.401298e-45 1.401298e-45 1.401298e-45 1.401298e-45 1.401298e-45 1.401298e-45 1.401298e-45 1.401298e-45 0.000000e+00 0.000000e+00 0.000000e+00 0.000000e+00 0.000000e+00 0.000000e+00 0.000000e+00 0.000000e+00 0.000000e+00
0.000000e+00 0.000000e+00 1.401298e-45 1.401298e-45 1.401298e-45 1.401298e-45 1.401298e-45 1.401298e-45 1.401298e-45 1.401298e-45 1.401298e-45 1.401298e-45 1.401298e-45 1.401298e-45 1.401298e-45 1.401298e-45 2.802597e-45 4.203895e-45 8.407791e-45 1.121039e-44 7.861284e-43 4.356042e-34 5.401802e-27 4.845711e-21 3.586620e-16 2.078222e-12 2.041840e-09 2.648008e-07 1.064429e-05 1.045835e-04 5.503313e-04 1.609383e-03 3.397026e-03 5.798982e-03 7.476483e-03 9.948106e-03 1.131188e-02 1.296737e-02 1.334757e-02 1.358126e-02 1.399050e-02 1.325219e-02 1.373444e-02 1.277159e-02 1.302599e-02 1.326529e-02 1.196937e-02 1.312712e-02 1.127415e-02 1.133656e-02 1.158289e-02 9.921650e-03 1.176148e-02 1.076558e-02 1.050165e-02 1.197796e-02 1.022038e-02 1.041327e-02 1.060455e-02 8.957240e-03 8.926344e-03 8.608937e-03 7.630671e-03 7.427916e-03 7.227855e-03 6.617770e-03 6.149643e-03 5.914060e-03 5.431662e-03 4.834265e-03 4.407229e-03 4.006907e-03 3.443550e-03 2.868321e-03 2.392847e-03 1.935461e-03 1.472960e-03 1.113358e-03 8.292901e-04 5.772935e-04 3.922973e-04 2.639194e-04 1.690020e-04 1.087096e-04 7.257101e-05 4.627233e-05 2.769018e-05 1.734769e-05 1.166438e-05 7.712469e-06 5.034092e-06 3.527943e-06 2.559007e-06 1.765075e-06 1.232661e-06 9.741369e-07 8.635276e-07 7.983784e-07 8.081992e-07 8.899600e-07 9.837464e-07 1.014014e-06 9.906030e-07 9.210819e-07 8.201624e-07 7.261268e-07 6.328085e-07 5.500358e-07 4.631120e-07 3.806528e-07 3.043972e-07 2.457802e-07 2.015689e-07 1.669457e-07 1.350505e-07 1.019648e-07 7.383998e-08 5.392752e-08 4.070937e-08 2.912625e-08 1.869966e-08 1.100627e-08 6.712111e-09 4.615495e-09 3.483117e-09 2.505517e-09 1.458521e-09 6.645562e-10 2.450841e-10 7.598978e-11 2.072243e-11 4.498596e-12 7.359698e-13 8.290028e-14 5.056578e-15 1.550043e-16 2.743949e-18 3.312025e-20 2.484745e-22 8.220706e-25 4.533177e-28 2.049593e-32 3.394275e-38 2.802597e-45 2.802597e-45 2.802597e-45 1.401298e-45 1.401298e-45 1.401298e-45 1.401298e-45 1.401298e-45 1.401298e-45 1.401298e-45 1.401298e-45 1.401298e-45 1.401298e-45 1.401298e-45 1.401298e-45 1.401298e-45 1.401298e-45 1.401298e-45 1.401298e-45 1.401298e-45 1.401298e-45 1.401298e-45 1.401298e-45 1.401298e-45 1.401298e-45 1.401298e-45 1.401298e-45 1.401298e-45 1.401298e-45 1.401298e-45 1.401298e-45 1.401298e-45 1.401298e-45 1.401298e-45 1.401298e-45 0.000000e+00 0.000000e+00 0.000000e+00 0.000000e+00 0.000000e+00 0.000000e+00 0.000000e+00
0.000000e+00 0.000000e+00 0.000000e+00 0.000000e+00 1.401298e-45 1.401298e-45 1.401298e-45 1.401298e-45 1.401298e-45 1.401298e-45 1.401298e-45 1.401298e-45 1.401298e-45 1.401298e-45 1.401298e-45 1.401298e-45 1.401298e-45 2.802597e-45 2.802597e-45 5.605194e-45 7.006492e-45 1.121039e-44 2.983505e-41 2.504275e-32 4.574162e-25 4.601350e-19 1.738131e-14 6.665216e-11 1.988844e-08 1.495625e-06 2.818067e-05 2.352885e-04 1.025031e-03 2.481168e-03 5.536020e-03 7.925090e-03 1.151702e-02 1.286296e-02 1.395947e-02 1.514697e-02 1.370418e-02 1.439484e-02 1.303285e-02 1.296329e-02 1.319732e-02 1.146868e-02 1.210930e-02 1.034800e-02 9.735363e-03 1.022783e-02 8.470282e-03 9.913037e-03 9.101188e-03 8.555870e-03 1.008207e-02 8.572743e-03 9.062246e-03 9.650002e-03 8.042583e-03 8.546190e-03 8.224794e-03 7.101044e-03 7.472722e-03 7.064702e-03 6.414738e-03 6.448538e-03 6.172740e-03 5.650135e-03 5.390271e-03 5.071923e-03 4.617323e-03 4.217538e-03 3.703877e-03 3.126394e-03 2.615023e-03 2.099475e-03 1.634378e-03 1.258504e-03 9.352811e-04 6.651081e-04 4.597806e-04 3.087495e-04 2.030617e-04 1.327421e-04 8.311152e-05 5.038994e-05 3.214866e-05 2.166220e-05 1.409527e-05 9.073512e-06 6.185184e-06 4.272872e-06 2.775475e-06 1.811777e-06 1.303918e-06 9.791852e-07 7.307661e-07 5.903443e-07 5.931740e-07 6.714508e-07 7.644040e-07 8.618273e-07 9.715953e-07 1.047594e-06 1.067390e-06 1.041788e-06 9.444881e-07 8.348056e-07 7.294574e-07 6.401191e-07 5.441466e-07 4.612898e-07 3.881351e-07 3.231689e-07 2.619936e-07 2.050333e-07 1.625049e-07 1.264588e-07 9.319244e-08 6.200348e-08 4.033019e-08 2.795801e-08 2.140074e-08 1.604266e-08 1.040648e-08 5.630077e-09 2.717860e-09 1.262220e-09 6.093434e-10 2.779771e-10 1.037955e-10 2.803589e-11 4.762630e-12 4.847700e-13 2.884471e-14 1.149920e-15 3.651359e-17 9.616215e-19 1.399168e-20 6.941239e-23 7.017281e-26 7.001589e-30 4.147095e-35 7.079360e-42 2.802597e-45 2.802597e-45 1.401298e-45 1.401298e-45 1.401298e-45 1.401298e-45 1.401298e-45 1.401298e-45 1.401298e-45 1.401298e-45 1.401298e-45 1.401298e-45 1.401298e-45 1.401298e-45 1.401298e-45 1.401298e-45 1.401298e-45 1.401298e-45 1.401298e-45 1.401298e-45 1.401298e-45 1.401298e-45 1.401298e-45 1.401298e-45 1.401298e-45 1.401298e-45 1.401298e-45 1.401298e-45 1.401298e-45 1.401298e-45 1.401298e-45 1.401298e-45 1.401298e-45 1.401298e-45 1.401298e-45 0.000000e+00 0.000000e+00 0.000000e+00 0.000000e+00 0.000000e+00 0.000000e+00
0.000000e+00 0.000000e+00 0.000000e+00 1.401298e-45 1.401298e-45 1.401298e-45 1.401298e-45 1.401298e-45 1.401298e-45 1.401298e-45 1.401298e-45 1.401298e-45 1.401298e-45 1.401298e-45 1.401298e-45 1.401298e-45 1.401298e-45 1.401298e-45 2.802597e-45 2.802597e-45 4.203895e-45 5.605194e-45 8.407791e-45 2.382207e-44 1.432782e-34 1.067450e-26 2.537831e-20 1.674823e-15 1.016311e-11 5.778576e-09 6.480225e-07 1.812725e-05 1.714981e-04 1.022283e-03 2.839420e-03 6.748235e-03 1.020965e-02 1.416053e-02 1.766466e-02 1.720349e-02 1.889499e-02 1.670115e-02 1.665102e-02 1.576624e-02 1.335629e-02 1.289428e-02 1.064236e-02 9.609918e-03 9.666035e-03 7.936584e-03 8.686756e-03 7.915967e-03 7.107702e-03 8.373109e-03 7.165959e-03 7.687435e-03 8.440915e-03 7.146855e-03 7.945109e-03 7.663918e-03 6.686235e-03 7.389344e-03 6.837003e-03 6.357907e-03 6.755538e-03 6.315391e-03 5.973927e-03 6.022946e-03 5.644470e-03 5.323200e-03 5.109571e-03 4.522996e-03 3.971619e-03 3.560757e-03 2.933344e-03 2.331197e-03 1.916567e-03 1.486355e-03 1.071353e-03 7.773358e-04 5.541768e-04 3.685736e-04 2.357096e-04 1.482276e-04 9.223681e-05 5.942685e-05 3.883457e-05 2.459006e-05 1.570025e-05 1.065629e-05 7.178907e-06 4.562447e-06 2.976990e-06 2.134169e-06 1.544171e-06 1.046230e-06 7.332537e-07 5.905439e-07 5.199711e-07 4.769067e-07 5.051855e-07 6.443829e-07 8.446959e-07 1.026675e-06 1.151794e-06 1.218174e-06 1.231309e-06 1.223118e-06 1.151479e-06 1.022426e-06 8.944361e-07 8.205473e-07 7.488014e-07 6.519178e-07 5.491609e-07 4.562310e-07 3.680217e-07 2.702337e-07 1.896002e-07 1.366635e-07 1.087480e-07 8.829529e-08 6.638010e-08 4.327769e-08 2.603326e-08 1.574794e-08 1.006763e-08 6.365968e-09 3.628272e-09 1.707763e-09 5.914946e-10 1.502722e-10 2.757638e-11 3.433283e-12 3.005731e-13 2.160989e-14 1.248341e-15 4.512090e-17 7.113803e-19 3.241087e-21 4.213290e-24 1.149193e-27 3.182568e-32 3.908415e-38 2.802597e-45 2.802597e-45 2.802597e-45 1.401298e-45 1.401298e-45 1.401298e-45 1.401298e-45 1.401298e-45 1.401298e-45 1.401298e-45 1.401298e-45 1.401298e-45 1.401298e-45 1.401298e-45 1.401298e-45 1.401298e-45 1.401298e-45 1.401298e-45 1.401298e-45 1.401298e-45 1.401298e-45 1.401298e-45 1.401298e-45 1.401298e-45 1.401298e-45 1.401298e-45 1.401298e-45 1.401298e-45 1.401298e-45 1.401298e-45 1.401298e-45 1.401298e-45 1.401298e-45 1.401298e-45 1.401298e-45 1.401298e-45 0.000000e+00 0.000000e+00 0.000000e+00 0.000000e+00 0.000000e+00
0.000000e+00 0.000000e+00 1.401298e-45 0.000000e+00 1.401298e-45 1.401298e-45 1.401298e-45 1.401298e-45 1.401298e-45 1.401298e-45 1.401298e-45 1.401298e-45 1.401298e-45 1.401298e-45 1.401298e-45 1.401298e-45 1.401298e-45 1.401298e-45 1.401298e-45 2.802597e-45 2.802597e-45 4.203895e-45 5.605194e-45 7.006492e-45 4.344025e-44 3.905767e-34 2.322389e-26 3.509697e-20 1.970890e-15 8.818305e-12 4.425949e-09 3.936630e-07 1.231598e-05 1.230609e-04 7.268947e-04 2.279019e-03 5.563497e-03 1.055170e-02 1.472868e-02 2.010852e-02 2.079694e-02 2.330383e-02 2.170002e-02 1.961721e-02 1.775576e-02 1.461542e-02 1.322230e-02 1.208664e-02 1.020524e-02 9.918278e-03 8.801572e-03 7.572061e-03 8.196223e-03 7.054895e-03 7.288027e-03 7.879230e-03 6.789268e-03 7.489149e-03 7.299811e-03 6.494074e-03 7.147980e-03 6.560826e-03 6.130464e-03 6.538425e-03 6.011307e-03 5.864200e-03 6.091281e-03 5.780119e-03 5.660157e-03 5.565838e-03 5.028297e-03 4.694921e-03 4.381100e-03 3.683713e-03 3.114827e-03 2.737883e-03 2.154976e-03 1.597669e-03 1.253813e-03 9.344835e-04 6.176195e-04 4.064646e-04 2.726085e-04 1.751836e-04 1.092942e-04 6.956591e-05 4.461981e-05 2.893776e-05 1.916166e-05 1.249440e-05 7.987201e-06 5.370380e-06 3.861817e-06 2.731638e-06 1.842925e-06 1.285081e-06 9.665447e-07 7.190999e-07 5.322998e-07 4.530749e-07 4.677574e-07 5.364299e-07 6.180335e-07 7.616747e-07 1.006568e-06 1.298138e-06 1.544338e-06 1.628967e-06 1.605732e-06 1.607850e-06 1.629330e-06 1.562354e-06 1.356941e-06 1.154162e-06 1.012814e-06 8.561142e-07 6.824590e-07 5.328935e-07 4.488020e-07 3.964662e-07 3.355039e-07 2.497777e-07 1.728726e-07 1.198871e-07 8.786097e-08 6.596269e-08 4.746392e-08 3.033838e-08 1.643834e-08 7.710428e-09 3.145826e-09 1.060871e-09 2.696615e-10 4.925692e-11 6.423687e-12 6.752610e-13 5.498328e-14 2.418248e-15 4.114725e-17 2.319793e-19 3.799085e-22 1.860750e-25 1.701255e-29 1.325129e-34 4.305630e-41 2.802597e-45 2.802597e-45 2.802597e-45 1.401298e-45 1.401298e-45 1.401298e-45 1.401298e-45 1.401298e-45 1.401298e-45 1.401298e-45 1.401298e-45 1.401298e-45 1.401298e-45 1.401298e-45 1.401298e-45 1.401298e-45 1.401298e-45 1.401298e-45 1.401298e-45 1.401298e-45 1.401298e-45 1.401298e-45 1.401298e-45 1.401298e-45 1.401298e-45 1.401298e-45 1.401298e-45 1.401298e-45 1.401298e-45 1.401298e-45 1.401298e-45 1.401298e-45 1.401298e-45 1.401298e-45 1.401298e-45 1.401298e-45 0.000000e+00 0.000000e+00 0.000000e+00 0.000000e+00
0.000000e+00 0.000000e+00 0.000000e+00 1.401298e-45 1.401298e-45 1.401298e-45 1.401298e-45 1.401298e-45 1.401298e-45 1.401298e-45 1.401298e-45 1.401298e-45 1.401298e-45 1.401298e-45 1.401298e-45 1.401298e-45 1.401298e-45 1.401298e-45 1.401298e-45 1.401298e-45 2.802597e-45 2.802597e-45 4.203895e-45 5.605194e-45 8.407791e-45 2.387112e-41 4.310364e-32 8.710385e-25 4.412241e-19 9.941768e-15 1.867631e-11 6.033318e-09 3.737173e-07 8.336820e-06 7.977465e-05 4.449488e-04 1.719714e-03 4.268822e-03 9.487119e-03 1.465723e-02 2.196658e-02 2.508195e-02 2.674877e-02 2.706965e-02 2.372118e-02 2.319321e-02 1.981815e-02 1.777190e-02 1.554680e-02 1.324933e-02 1.106303e-02 1.038911e-02 8.914628e-03 8.297060e-03 8.384990e-03 7.214301e-03 7.496875e-03 7.370742e-03 6.622067e-03 6.979729e-03 6.334511e-03 5.738371e-03 5.958457e-03 5.364842e-03 5.202652e-03 5.542607e-03 5.270308e-03 5.230566e-03 5.342651e-03 5.022027e-03 4.830109e-03 4.659554e-03 4.162143e-03 3.773270e-03 3.442409e-03 2.835802e-03 2.269178e-03 1.887176e-03 1.433809e-03 9.934426e-04 7.141198e-04 5.089323e-04 3.291820e-04 2.065553e-04 1.355949e-04 8.934283e-05 5.722345e-05 3.667151e-05 2.377003e-05 1.565676e-05 1.068693e-05 7.511916e-06 5.242717e-06 3.657314e-06 2.630256e-06 1.890875e-06 1.310581e-06 9.097149e-07 6.901589e-07 5.873893e-07 5.254532e-07 5.083743e-07 5.314502e-07 6.397713e-07 8.433324e-07 1.113091e-06 1.472597e-06 1.890115e-06 2.325559e-06 2.610352e-06 2.566069e-06 2.331067e-06 2.145880e-06 2.040228e-06 1.855802e-06 1.562411e-06 1.339428e-06 1.205390e-06 1.099151e-06 9.193320e-07 7.320131e-07 5.870187e-07 4.983515e-07 4.218240e-07 3.451832e-07 2.602291e-07 1.778118e-07 1.113652e-07 6.465129e-08 3.437641e-08 1.648795e-08 6.629620e-09 1.917549e-09 4.020558e-10 6.522832e-11 8.215515e-12 7.041406e-13 3.635775e-14 9.188922e-16 1.090355e-17 5.096251e-20 7.435604e-23 2.962461e-26 1.791936e-30 7.976673e-36 1.238748e-42 2.802597e-45 2.802597e-45 2.802597e-45 1.401298e-45 1.401298e-45 1.401298e-45 1.401298e-45 1.401298e-45 1.401298e-45 1.401298e-45 1.401298e-45 1.401298e-45 1.401298e-45 1.401298e-45 1.401298e-45 1.401298e-45 1.401298e-45 1.401298e-45 1.401298e-45 1.401298e-45 1.401298e-45 1.401298e-45 1.401298e-45 1.401298e-45 1.401298e-45 1.401298e-45 1.401298e-45 1.401298e-45 1.401298e-45 1.401298e-45 1.401298e-45 1.401298e-45 1.401298e-45 1.401298e-45 1.401298e-45 1.401298e-45 0.000000e+00 0.000000e+00 0.000000e+00
0.000000e+00 0.000000e+00 0.000000e+00 0.000000e+00 1.401298e-45 1.401298e-45 1.401298e-45 1.401298e-45 1.401298e-45 1.401298e-45 1.401298e-45 1.401298e-45 1.401298e-45 1.401298e-45 1.401298e-45 1.401298e-45 1.401298e-45 1.401298e-45 1.401298e-45 1.401298e-45 1.401298e-45 2.802597e-45 2.802597e-45 4.203895e-45 5.605194e-45 1.121039e-44 1.585786e-37 4.630395e-29 1.756948e-22 2.012025e-17 1.375296e-13 8.588756e-11 9.944064e-09 3.593788e-07 5.215143e-06 4.560475e-05 2.264435e-04 9.639788e-04 2.812518e-03 6.619684e-03 1.219294e-02 1.732730e-02 2.452170e-02 2.631971e-02 3.097078e-02 2.901876e-02 2.773344e-02 2.472221e-02 2.047401e-02 1.772160e-02 1.480204e-02 1.284215e-02 1.085111e-02 1.001280e-02 8.798897e-03 8.286200e-03 8.131442e-03 7.382256e-03 7.143979e-03 6.574845e-03 5.879056e-03 5.737184e-03 5.198867e-03 4.957806e-03 5.092428e-03 4.786694e-03 4.782029e-03 4.943022e-03 4.709429e-03 4.650344e-03 4.687954e-03 4.443589e-03 4.210613e-03 4.012369e-03 3.544228e-03 3.043493e-03 2.621889e-03 2.096664e-03 1.587765e-03 1.220734e-03 9.053751e-04 6.115308e-04 4.082816e-04 2.776862e-04 1.836290e-04 1.163199e-04 7.403068e-05 4.840436e-05 3.196949e-05 2.151168e-05 1.480795e-05 1.054415e-05 7.536289e-06 5.328005e-06 3.703973e-06 2.569125e-06 1.816392e-06 1.301710e-06 9.622539e-07 7.759726e-07 6.696584e-07 6.250759e-07 6.061927e-07 6.547414e-07 7.694144e-07 9.496420e-07 1.310063e-06 1.904917e-06 2.632272e-06 3.184913e-06 3.493628e-06 3.718666e-06 3.742765e-06 3.475578e-06 3.096792e-06 2.874413e-06 2.846093e-06 2.718728e-06 2.440364e-06 2.124681e-06 1.949123e-06 1.804499e-06 1.585671e-06 1.252814e-06 9.193175e-07 6.479913e-07 4.439953e-07 2.943485e-07 1.885478e-07 1.122862e-07 5.670860e-08 2.336768e-08 7.550829e-09 1.936446e-09 3.977623e-10 6.088586e-11 5.977309e-12 4.096670e-13 2.244605e-14 8.441846e-16 1.633949e-17 9.522058e-20 1.174859e-22 2.373077e-26 4.326506e-31 3.962149e-37 9.809089e-45 2.802597e-45 2.802597e-45 1.401298e-45 1.401298e-45 1.401298e-45 1.401298e-45 1.401298e-45 1.401298e-45 1.401298e-45 1.401298e-45 1.401298e-45 1.401298e-45 1.401298e-45 1.401298e-45 1.401298e-45 1.401298e-45 1.401298e-45 1.401298e-45 1.401298e-45 1.401298e-45 1.401298e-45 1.401298e-45 1.401298e-45 1.401298e-45 1.401298e-45 1.401298e-45 1.401298e-45 1.401298e-45 1.401298e-45 1.401298e-45 1.401298e-45 1.401298e-45 1.401298e-45 1.401298e-45 1.401298e-45 1.401298e-45 0.000000e+00 0.000000e+00
0.000000e+00 0.000000e+00 0.000000e+00 1.401298e-45 1.401298e-45 1.401298e-45 1.401298e-45 1.401298e-45 1.401298e-45 1.401298e-45 1.401298e-45 1.401298e-45 1.401298e-45 1.401298e-45 1.401298e-45 1.401298e-45 1.401298e-45 1.401298e-45 1.401298e-45 1.401298e-45 1.401298e-45 1.401298e-45 2.802597e-45 2.802597e-45 4.203895e-45 8.407791e-45 1.445902e-40 1.065655e-31 1.343236e-24 3.604706e-19 3.762162e-15 3.058901e-12 4.554903e-10 1.739792e-08 3.145588e-07 2.998943e-06 2.341284e-05 1.331553e-04 5.355518e-04 1.774493e-03 3.938798e-03 8.861925e-03 1.403765e-02 2.159947e-02 2.695963e-02 2.864614e-02 3.070160e-02 2.680623e-02 2.582074e-02 2.175898e-02 1.930249e-02 1.609679e-02 1.380844e-02 1.245557e-02 1.065821e-02 1.030390e-02 9.261967e-03 8.218527e-03 7.868689e-03 6.949556e-03 6.413461e-03 6.085935e-03 5.525018e-03 5.341457e-03 5.057670e-03 4.860947e-03 4.875184e-03 4.700831e-03 4.656850e-03 4.772022e-03 4.707309e-03 4.596849e-03 4.540895e-03 4.226011e-03 3.791790e-03 3.406938e-03 2.892192e-03 2.332047e-03 1.879608e-03 1.459378e-03 1.051174e-03 7.423594e-04 5.268342e-04 3.567516e-04 2.278893e-04 1.454371e-04 9.520941e-05 6.339314e-05 4.216681e-05 2.900077e-05 2.038317e-05 1.433519e-05 9.962397e-06 7.012291e-06 5.076519e-06 3.608424e-06 2.497530e-06 1.782324e-06 1.384125e-06 1.135126e-06 9.284570e-07 8.315712e-07 8.147224e-07 8.424498e-07 8.727939e-07 9.648552e-07 1.243574e-06 1.690310e-06 2.284537e-06 3.111062e-06 4.144782e-06 5.057670e-06 5.458360e-06 5.599435e-06 5.844447e-06 6.119968e-06 6.117079e-06 5.640801e-06 5.160665e-06 4.818170e-06 4.554385e-06 4.011375e-06 3.299371e-06 2.614557e-06 2.054725e-06 1.585112e-06 1.183870e-06 8.469926e-07 5.558030e-07 3.344219e-07 1.764750e-07 8.272678e-08 3.530468e-08 1.298719e-08 3.524630e-09 6.416981e-10 8.044220e-11 7.607366e-12 7.071536e-13 5.412555e-14 2.143343e-15 2.900841e-17 8.283025e-20 3.910897e-23 2.198657e-27 8.149532e-33 1.167827e-39 2.802597e-45 2.802597e-45 2.802597e-45 1.401298e-45 1.401298e-45 1.401298e-45 1.401298e-45 1.401298e-45 1.401298e-45 1.401298e-45 1.401298e-45 1.401298e-45 1.401298e-45 1.401298e-45 1.401298e-45 1.401298e-45 1.401298e-45 1.401298e-45 1.401298e-45 1.401298e-45 1.401298e-45 1.401298e-45 1.401298e-45 1.401298e-45 1.401298e-45 1.401298e-45 1.401298e-45 1.401298e-45 1.401298e-45 1.401298e-45 1.401298e-45 1.401298e-45 1.401298e-45 1.401298e-45 1.401298e-45 1.401298e-45 1.401298e-45 0.000000e+00
0.000000e+00 0.000000e+00 1.401298e-45 1.401298e-45 1.401298e-45 1.401298e-45 1.401298e-45 1.401298e-45 1.401298e-45 1.401298e-45 1.401298e-45 1.401298e-45 1.401298e-45 1.401298e-45 1.401298e-45 1.401298e-45 1.401298e-45 1.401298e-45 1.401298e-45 1.401298e-45 2.802597e-45 2.802597e-45 2.802597e-45 2.802597e-45 4.203895e-45 7.006492e-45 2.278133e-40 1.206382e-31 1.006771e-24 1.821538e-19 1.052981e-15 6.259936e-13 5.372996e-11 1.686642e-09 2.501835e-08 2.883895e-07 2.711497e-06 1.716201e-05 1.016747e-04 3.758082e-04 1.375669e-03 3.497785e-03 7.233759e-03 1.343193e-02 1.722177e-02 2.462275e-02 2.588824e-02 2.866988e-02 2.875251e-02 2.623700e-02 2.391617e-02 2.042680e-02 1.859135e-02 1.551937e-02 1.432368e-02 1.258811e-02 1.064366e-02 1.021821e-02 8.954486e-03 8.058489e-03 7.785686e-03 6.806596e-03 6.325211e-03 5.982372e-03 5.426873e-03 5.322902e-03 5.144340e-03 4.988630e-03 5.158243e-03 5.090599e-03 4.931809e-03 4.953418e-03 4.759399e-03 4.393626e-03 4.107940e-03 3.665205e-03 3.084565e-03 2.596324e-03 2.091156e-03 1.573483e-03 1.178972e-03 8.760885e-04 6.093067e-04 4.000778e-04 2.644420e-04 1.783463e-04 1.190677e-04 7.923769e-05 5.403938e-05 3.747961e-05 2.592214e-05 1.802257e-05 1.286785e-05 9.418112e-06 6.779262e-06 4.772335e-06 3.503300e-06 2.652802e-06 1.980162e-06 1.492909e-06 1.263557e-06 1.223478e-06 1.163246e-06 1.083730e-06 1.081148e-06 1.179428e-06 1.316773e-06 1.463858e-06 1.800193e-06 2.532471e-06 3.533807e-06 4.765640e-06 6.235692e-06 7.994307e-06 9.359755e-06 9.882638e-06 9.750595e-06 9.367577e-06 9.160000e-06 8.781717e-06 7.955950e-06 6.762046e-06 5.724402e-06 5.040744e-06 4.436584e-06 3.700629e-06 2.837215e-06 2.127291e-06 1.544154e-06 1.082103e-06 7.283506e-07 4.520340e-07 2.392152e-07 9.712791e-08 2.799969e-08 5.442819e-09 8.848841e-10 1.316294e-10 1.700720e-11 1.607699e-12 7.449029e-14 1.318040e-15 7.609482e-18 8.919923e-21 1.260787e-24 1.105410e-29 3.355374e-36 2.522337e-44 2.802597e-45 2.802597e-45 1.401298e-45 1.401298e-45 1.401298e-45 1.401298e-45 1.401298e-45 1.401298e-45 1.401298e-45 1.401298e-45 1.401298e-45 1.401298e-45 1.401298e-45 1.401298e-45 1.401298e-45 1.401298e-45 1.401298e-45 1.401298e-45 1.401298e-45 1.401298e-45 1.401298e-45 1.401298e-45 1.401298e-45 1.401298e-45 1.401298e-45 1.401298e-45 2.802597e-45 2.802597e-45 1.401298e-45 1.401298e-45 1.401298e-45 1.401298e-45 1.401298e-45 1.401298e-45 1.401298e-45 1.401298e-45 0.000000e+00
0.000000e+00 0.000000e+00 0.000000e+00 1.401298e-45 1.401298e-45 1.401298e-45 1.401298e-45 1.401298e-45 1.401298e-45 1.401298e-45 1.401298e-45 1.401298e-45 1.401298e-45 1.401298e-45 1.401298e-45 1.401298e-45 1.401298e-45 2.802597e-45 2.802597e-45 2.802597e-45 2.802597e-45 2.802597e-45 2.802597e-45 4.203895e-45 4.203895e-45 9.809089e-45 1.299404e-36 9.187947e-29 1.767147e-22 6.726785e-18 1.219072e-14 1.534635e-12 4.654680e-11 6.232861e-10 6.223229e-09 6.324795e-08 4.581928e-07 3.903419e-06 2.164033e-05 1.149168e-04 4.503811e-04 1.209809e-03 3.358494e-03 5.600707e-03 1.078041e-02 1.543753e-02 1.980862e-02 2.647594e-02 2.610842e-02 2.835229e-02 2.677253e-02 2.489092e-02 2.234808e-02 1.978826e-02 1.734168e-02 1.457132e-02 1.361285e-02 1.205844e-02 1.074144e-02 1.022524e-02 8.902858e-03 8.051786e-03 7.489587e-03 6.646991e-03 6.362032e-03 6.056441e-03 5.822544e-03 5.925727e-03 5.684836e-03 5.441516e-03 5.463223e-03 5.280792e-03 4.903414e-03 4.693243e-03 4.397027e-03 3.872168e-03 3.345467e-03 2.819386e-03 2.232803e-03 1.730862e-03 1.322493e-03 9.554209e-04 6.612482e-04 4.592905e-04 3.167600e-04 2.130344e-04 1.428952e-04 9.767379e-05 6.742694e-05 4.637856e-05 3.212420e-05 2.309460e-05 1.692813e-05 1.220480e-05 8.826533e-06 6.543421e-06 4.882874e-06 3.440696e-06 2.499694e-06 2.046267e-06 1.826670e-06 1.610876e-06 1.399340e-06 1.346893e-06 1.388334e-06 1.383340e-06 1.331285e-06 1.360571e-06 1.533004e-06 1.874733e-06 2.382696e-06 3.439273e-06 5.312474e-06 7.861881e-06 1.000159e-05 1.121860e-05 1.179620e-05 1.206144e-05 1.210301e-05 1.135464e-05 1.020379e-05 9.387638e-06 9.211085e-06 9.090862e-06 8.153503e-06 6.754707e-06 5.524623e-06 4.755624e-06 4.056711e-06 3.114893e-06 2.072644e-06 1.221472e-06 6.211316e-07 2.438754e-07 7.613401e-08 1.951463e-08 4.371981e-09 9.260828e-10 1.462223e-10 1.274091e-11 5.406731e-13 1.025182e-14 8.148237e-17 1.844862e-19 5.595012e-23 1.233956e-27 1.142924e-33 3.748193e-41 2.802597e-45 2.802597e-45 2.802597e-45 1.401298e-45 1.401298e-45 1.401298e-45 1.401298e-45 1.401298e-45 1.401298e-45 1.401298e-45 1.401298e-45 1.401298e-45 1.401298e-45 1.401298e-45 1.401298e-45 1.401298e-45 1.401298e-45 1.401298e-45 1.401298e-45 1.401298e-45 1.401298e-45 1.401298e-45 1.401298e-45 1.401298e-45 1.401298e-45 1.401298e-45 1.401298e-45 2.802597e-45 2.802597e-45 2.802597e-45 1.401298e-45 1.401298e-45 1.401298e-45 1.401298e-45 1.401298e-45 1.401298e-45 1.401298e-45
0.000000e+00 0.000000e+00 0.000000e+00 1.401298e-45 1.401298e-45 1.401298e-45 1.401298e-45 1.401298e-45 1.401298e-45 1.401298e-45 1.401298e-45 1.401298e-45 1.401298e-45 1.401298e-45 1.401298e-45 1.401298e-45 1.401298e-45 2.802597e-45 2.802597e-45 2.802597e-45 2.802597e-45 2.802597e-45 4.203895e-45 4.203895e-45 7.006492e-45 5.156167e-39 4.818557e-31 3.377748e-24 8.849067e-19 8.803285e-15 2.912509e-12 9.933420e-11 7.941376e-10 3.584747e-09 1.638326e-08 6.661481e-08 4.165082e-07 2.156027e-06 1.200434e-05 5.558554e-05 1.742903e-04 6.150533e-04 1.300329e-03 3.124640e-03 6.120012e-03 9.101316e-03 1.627773e-02 1.842471e-02 2.414040e-02 2.745807e-02 2.690589e-02 2.842709e-02 2.529794e-02 2.325337e-02 2.061098e-02 1.870941e-02 1.700363e-02 1.496676e-02 1.386322e-02 1.230770e-02 1.097506e-02 1.023589e-02 9.023338e-03 8.284184e-03 7.848975e-03 7.320314e-03 7.095400e-03 6.695623e-03 6.330682e-03 6.284753e-03 5.997697e-03 5.553985e-03 5.407365e-03 5.236451e-03 4.690578e-03 4.165751e-03 3.717602e-03 3.055360e-03 2.407587e-03 1.918363e-03 1.455363e-03 1.041960e-03 7.478393e-04 5.388216e-04 3.704168e-04 2.466107e-04 1.675498e-04 1.161189e-04 7.916925e-05 5.433885e-05 3.879173e-05 2.824839e-05 2.055260e-05 1.510027e-05 1.145064e-05 8.391129e-06 5.880783e-06 4.182520e-06 3.308415e-06 2.717220e-06 2.187285e-06 1.833285e-06 1.695799e-06 1.649644e-06 1.522092e-06 1.372496e-06 1.339588e-06 1.458969e-06 1.600380e-06 1.736324e-06 1.913475e-06 2.450598e-06 3.435258e-06 4.959525e-06 6.999716e-06 9.593526e-06 1.217303e-05 1.377014e-05 1.420422e-05 1.381685e-05 1.376888e-05 1.419437e-05 1.420828e-05 1.288282e-05 1.096676e-05 9.998213e-06 9.783250e-06 8.927058e-06 6.679697e-06 4.293486e-06 2.656279e-06 1.607580e-06 9.130914e-07 4.280367e-07 1.569190e-07 4.818190e-08 1.216740e-08 2.416100e-09 3.532210e-10 3.151699e-11 1.616731e-12 4.742684e-14 6.079926e-16 2.680953e-18 2.363267e-21 2.224844e-25 1.353528e-30 3.161417e-37 2.802597e-45 2.802597e-45 2.802597e-45 1.401298e-45 1.401298e-45 1.401298e-45 1.401298e-45 1.401298e-45 1.401298e-45 1.401298e-45 1.401298e-45 1.401298e-45 1.401298e-45 1.401298e-45 1.401298e-45 1.401298e-45 1.401298e-45 1.401298e-45 1.401298e-45 1.401298e-45 1.401298e-45 1.401298e-45 1.401298e-45 1.401298e-45 1.401298e-45 1.401298e-45 1.401298e-45 2.802597e-45 2.802597e-45 2.802597e-45 1.401298e-45 1.401298e-45 1.401298e-45 1.401298e-45 1.401298e-45 1.401298e-45 1.401298e-45
0.000000e+00 0.000000e+00 1.401298e-45 1.401298e-45 1.401298e-45 1.401298e-45 1.401298e-45 1.401298e-45 1.401298e-45 1.401298e-45 1.401298e-45 1.401298e-45 1.401298e-45 1.401298e-45 1.401298e-45 1.401298e-45 1.401298e-45 1.401298e-45 2.802597e-45 2.802597e-45 4.203895e-45 4.203895e-45 5.605194e-45 7.006492e-45 5.502899e-42 6.253542e-34 1.407233e-26 2.304361e-20 1.662949e-15 3.986663e-12 5.568285e-10 8.205488e-09 3.006672e-08 6.413093e-08 1.104884e-07 3.140501e-07 9.520042e-07 3.774858e-06 1.421380e-05 4.190922e-05 1.424396e-04 3.288534e-04 8.455495e-04 1.941408e-03 3.268503e-03 7.038215e-03 9.472492e-03 1.437795e-02 2.011801e-02 2.144367e-02 2.732569e-02 2.633678e-02 2.618964e-02 2.605065e-02 2.330687e-02 2.229164e-02 1.984795e-02 1.794252e-02 1.672941e-02 1.495485e-02 1.389859e-02 1.244468e-02 1.094395e-02 1.019592e-02 9.178189e-03 8.451689e-03 8.001793e-03 7.467127e-03 7.187114e-03 6.833799e-03 6.329954e-03 6.168105e-03 6.020941e-03 5.414109e-03 4.910687e-03 4.581612e-03 3.857974e-03 3.103534e-03 2.588405e-03 2.031258e-03 1.480553e-03 1.117140e-03 8.464272e-04 5.909735e-04 3.950920e-04 2.748541e-04 1.924906e-04 1.284813e-04 8.557372e-05 6.079942e-05 4.486444e-05 3.291740e-05 2.441063e-05 1.844000e-05 1.371288e-05 9.855069e-06 7.275154e-06 5.572286e-06 4.279670e-06 3.203999e-06 2.581457e-06 2.343499e-06 2.163818e-06 1.899496e-06 1.670801e-06 1.649413e-06 1.785108e-06 1.882152e-06 1.785339e-06 1.747047e-06 1.920082e-06 2.324176e-06 2.653265e-06 3.089862e-06 4.285094e-06 6.766290e-06 9.917140e-06 1.249827e-05 1.448061e-05 1.625405e-05 1.799615e-05 1.865131e-05 1.784592e-05 1.705680e-05 1.740159e-05 1.791727e-05 1.603400e-05 1.177741e-05 7.870531e-06 5.741274e-06 4.672158e-06 3.540450e-06 2.184030e-06 1.097889e-06 4.627801e-07 1.587248e-07 4.293641e-08 8.004082e-09 1.110025e-09 1.263914e-10 1.099286e-11 6.067557e-13 1.532131e-14 1.143488e-16 2.212688e-19 6.642795e-23 1.727861e-27 2.307807e-33 9.545225e-41 2.802597e-45 2.802597e-45 1.401298e-45 1.401298e-45 1.401298e-45 1.401298e-45 1.401298e-45 1.401298e-45 1.401298e-45 1.401298e-45 1.401298e-45 1.401298e-45 1.401298e-45 1.401298e-45 1.401298e-45 1.401298e-45 1.401298e-45 1.401298e-45 1.401298e-45 1.401298e-45 1.401298e-45 1.401298e-45 1.401298e-45 1.401298e-45 1.401298e-45 1.401298e-45 1.401298e-45 2.802597e-45 2.802597e-45 2.802597e-45 2.802597e-45 1.401298e-45 1.401298e-45 1.401298e-45 1.401298e-45 1.401298e-45
0.000000e+00 0.000000e+00 1.401298e-45 1.401298e-45 1.401298e-45 1.401298e-45 1.401298e-45 1.401298e-45 1.401298e-45 1.401298e-45 1.401298e-45 1.401298e-45 1.401298e-45 1.401298e-45 1.401298e-45 1.401298e-45 1.401298e-45 1.401298e-45 2.802597e-45 2.802597e-45 4.203895e-45 5.605194e-45 7.006492e-45 1.821688e-44 7.513366e-37 2.317274e-29 1.574162e-22 7.128579e-17 1.264117e-12 9.134530e-10 4.435486e-08 2.947142e-07 6.183801e-07 7.532057e-07 1.166993e-06 1.964245e-06 4.357665e-06 9.858341e-06 2.098399e-05 5.324305e-05 1.115773e-04 2.599012e-04 5.938372e-04 1.071492e-03 2.446111e-03 3.846037e-03 6.435323e-03 1.067623e-02 1.275523e-02 1.889174e-02 2.071150e-02 2.274762e-02 2.647865e-02 2.463481e-02 2.552521e-02 2.425319e-02 2.191701e-02 2.167910e-02 1.960811e-02 1.781633e-02 1.650653e-02 1.418727e-02 1.286230e-02 1.150453e-02 1.014106e-02 9.482907e-03 8.707950e-03 8.145961e-03 7.695253e-03 7.189166e-03 6.969688e-03 6.658010e-03 5.963521e-03 5.497850e-03 5.228302e-03 4.485056e-03 3.702919e-03 3.215872e-03 2.610839e-03 1.950230e-03 1.530170e-03 1.201446e-03 8.493780e-04 5.900629e-04 4.333817e-04 3.086466e-04 2.031837e-04 1.371775e-04 1.003312e-04 7.436937e-05 5.332894e-05 3.903812e-05 3.008894e-05 2.309512e-05 1.720160e-05 1.287169e-05 9.948203e-06 7.528858e-06 5.647953e-06 4.435599e-06 3.811740e-06 3.336828e-06 2.802600e-06 2.464036e-06 2.441177e-06 2.541776e-06 2.428029e-06 2.173807e-06 2.084421e-06 2.336441e-06 2.528786e-06 2.325355e-06 2.034189e-06 2.193901e-06 2.995709e-06 4.280221e-06 6.082433e-06 9.030743e-06 1.385217e-05 1.882060e-05 2.214770e-05 2.354015e-05 2.470288e-05 2.647634e-05 2.750977e-05 2.500997e-05 1.979130e-05 1.592005e-05 1.482665e-05 1.487039e-05 1.335850e-05 9.476490e-06 5.699644e-06 3.224838e-06 1.780869e-06 7.702276e-07 2.316072e-07 4.750482e-08 7.245287e-09 9.928296e-10 1.228899e-10 9.564544e-12 3.391118e-13 3.753148e-15 1.059853e-17 7.386238e-21 6.869968e-25 4.041846e-30 8.298240e-37 4.203895e-45 2.802597e-45 2.802597e-45 1.401298e-45 1.401298e-45 1.401298e-45 1.401298e-45 1.401298e-45 1.401298e-45 1.401298e-45 1.401298e-45 1.401298e-45 1.401298e-45 1.401298e-45 1.401298e-45 1.401298e-45 1.401298e-45 1.401298e-45 1.401298e-45 1.401298e-45 1.401298e-45 1.401298e-45 1.401298e-45 1.401298e-45 1.401298e-45 1.401298e-45 1.401298e-45 1.401298e-45 2.802597e-45 2.802597e-45 2.802597e-45 2.802597e-45 1.401298e-45 1.401298e-45 1.401298e-45 1.401298e-45
0.000000e+00 0.000000e+00 1.401298e-45 1.401298e-45 1.401298e-45 1.401298e-45 1.401298e-45 1.401298e-45 1.401298e-45 1.401298e-45 1.401298e-45 1.401298e-45 1.401298e-45 1.401298e-45 1.401298e-45 1.401298e-45 1.401298e-45 1.401298e-45 2.802597e-45 2.802597e-45 4.203895e-45 5.605194e-45 8.407791e-45 4.295400e-41 2.228769e-33 2.987156e-26 6.042698e-20 1.142361e-14 8.881223e-11 3.510452e-08 9.547756e-07 4.373524e-06 7.017469e-06 9.242820e-06 1.119659e-05 1.564588e-05 2.220871e-05 3.215687e-05 5.305035e-05 8.361683e-05 1.446857e-04 2.727428e-04 4.606532e-04 9.539637e-04 1.619192e-03 2.756115e-03 5.067156e-03 6.664598e-03 1.082394e-02 1.384201e-02 1.690699e-02 2.274298e-02 2.271445e-02 2.568346e-02 2.644860e-02 2.485647e-02 2.616111e-02 2.413040e-02 2.207659e-02 2.116576e-02 1.842771e-02 1.657574e-02 1.500104e-02 1.283635e-02 1.155611e-02 1.052593e-02 9.482211e-03 8.780072e-03 8.264872e-03 7.870295e-03 7.181221e-03 6.477882e-03 6.159240e-03 5.735890e-03 4.949545e-03 4.333497e-03 3.927748e-03 3.261433e-03 2.547177e-03 2.076104e-03 1.636358e-03 1.173367e-03 8.568066e-04 6.566272e-04 4.722305e-04 3.189269e-04 2.266169e-04 1.706940e-04 1.232751e-04 8.696437e-05 6.473824e-05 5.105040e-05 3.909465e-05 2.939913e-05 2.285003e-05 1.837947e-05 1.436204e-05 1.077851e-05 8.345584e-06 6.772392e-06 5.623086e-06 4.667593e-06 4.076406e-06 3.836699e-06 3.620394e-06 3.236567e-06 2.878047e-06 2.855752e-06 3.009961e-06 2.946054e-06 2.479729e-06 2.132864e-06 2.160747e-06 2.403812e-06 2.600359e-06 2.773216e-06 3.684438e-06 6.088115e-06 1.082502e-05 1.666503e-05 2.272657e-05 2.791756e-05 3.242098e-05 3.443092e-05 3.289987e-05 2.981018e-05 2.816705e-05 2.905071e-05 3.067201e-05 2.805709e-05 2.068088e-05 1.366631e-05 9.638773e-06 6.905707e-06 4.271648e-06 1.948900e-06 5.965329e-07 1.429785e-07 2.848794e-08 4.557403e-09 5.610955e-10 4.707657e-11 1.914427e-12 3.517215e-14 2.175785e-16 3.419986e-19 8.738443e-23 1.298916e-27 5.497017e-34 5.020852e-42 2.802597e-45 2.802597e-45 1.401298e-45 1.401298e-45 1.401298e-45 1.401298e-45 1.401298e-45 1.401298e-45 1.401298e-45 1.401298e-45 1.401298e-45 1.401298e-45 1.401298e-45 1.401298e-45 1.401298e-45 1.401298e-45 1.401298e-45 1.401298e-45 1.401298e-45 1.401298e-45 1.401298e-45 1.401298e-45 1.401298e-45 1.401298e-45 1.401298e-45 1.401298e-45 1.401298e-45 2.802597e-45 2.802597e-45 2.802597e-45 2.802597e-45 2.802597e-45 1.401298e-45 1.401298e-45 1.401298e-45
0.000000e+00 0.000000e+00 1.401298e-45 1.401298e-45 1.401298e-45 1.401298e-45 1.401298e-45 1.401298e-45 1.401298e-45 1.401298e-45 1.401298e-45 1.401298e-45 1.401298e-45 1.401298e-45 1.401298e-45 1.401298e-45 1.401298e-45 2.802597e-45 2.802597e-45 2.802597e-45 4.203895e-45 4.203895e-45 8.407791e-45 1.478940e-39 2.097347e-31 2.106896e-24 2.645832e-18 1.759165e-13 5.940846e-10 1.004456e-07 1.767246e-06 7.335447e-06 1.547759e-05 2.600842e-05 4.049290e-05 6.221436e-05 8.582749e-05 1.160665e-04 1.396077e-04 1.674281e-04 2.161214e-04 2.791536e-04 4.304625e-04 6.867966e-04 1.093794e-03 2.075024e-03 3.041370e-03 5.231162e-03 7.890128e-03 1.041969e-02 1.569485e-02 1.723902e-02 2.116366e-02 2.428382e-02 2.404699e-02 2.723864e-02 2.602880e-02 2.453372e-02 2.476045e-02 2.218095e-02 2.055703e-02 1.928562e-02 1.640586e-02 1.459591e-02 1.322557e-02 1.142703e-02 1.033224e-02 9.667375e-03 8.700474e-03 7.683954e-03 7.173477e-03 6.789915e-03 6.048338e-03 5.424294e-03 5.072749e-03 4.605455e-03 3.907323e-03 3.243014e-03 2.681924e-03 2.119091e-03 1.582248e-03 1.198730e-03 9.214844e-04 6.721203e-04 4.722055e-04 3.498801e-04 2.634037e-04 1.891027e-04 1.346039e-04 1.032018e-04 8.105782e-05 6.209849e-05 4.729584e-05 3.835119e-05 3.190326e-05 2.549898e-05 1.957821e-05 1.497935e-05 1.193548e-05 9.675741e-06 7.927330e-06 6.633004e-06 5.803955e-06 5.214832e-06 4.701414e-06 4.285794e-06 4.032892e-06 3.931710e-06 3.623030e-06 3.167751e-06 2.812845e-06 2.816898e-06 3.008767e-06 2.997341e-06 2.830009e-06 2.804328e-06 3.523523e-06 5.053954e-06 7.642713e-06 1.112306e-05 1.760844e-05 2.657985e-05 3.409761e-05 3.604173e-05 3.534865e-05 3.564320e-05 3.811476e-05 3.917108e-05 3.428170e-05 2.527133e-05 1.828464e-05 1.438193e-05 1.192577e-05 8.795780e-06 4.519376e-06 1.715382e-06 5.463088e-07 1.619020e-07 4.430261e-08 9.627002e-09 1.373311e-09 1.363535e-10 8.718255e-12 2.751938e-13 3.645441e-15 1.005848e-17 3.172465e-21 6.375769e-26 4.594678e-32 1.204070e-39 2.802597e-45 2.802597e-45 1.401298e-45 1.401298e-45 1.401298e-45 1.401298e-45 1.401298e-45 1.401298e-45 1.401298e-45 1.401298e-45 2.802597e-45 1.401298e-45 1.401298e-45 1.401298e-45 1.401298e-45 1.401298e-45 1.401298e-45 1.401298e-45 1.401298e-45 1.401298e-45 1.401298e-45 1.401298e-45 1.401298e-45 1.401298e-45 1.401298e-45 1.401298e-45 1.401298e-45 1.401298e-45 2.802597e-45 2.802597e-45 2.802597e-45 2.802597e-45 2.802597e-45 1.401298e-45 1.401298e-45
0.000000e+00 0.000000e+00 1.401298e-45 1.401298e-45 1.401298e-45 1.401298e-45 1.401298e-45 1.401298e-45 1.401298e-45 1.401298e-45 1.401298e-45 1.401298e-45 1.401298e-45 1.401298e-45 1.401298e-45 1.401298e-45 2.802597e-45 2.802597e-45 2.802597e-45 2.802597e-45 4.203895e-45 4.203895e-45 8.407791e-45 6.936807e-38 4.739936e-30 2.825444e-23 1.324567e-17 5.084836e-13 9.235626e-10 8.511797e-08 1.141090e-06 4.380886e-06 1.187243e-05 2.384937e-05 5.284745e-05 1.020391e-04 1.775993e-04 2.459648e-04 2.806308e-04 2.956402e-04 2.989484e-04 3.206277e-04 4.027072e-04 5.260751e-04 8.421151e-04 1.269504e-03 2.052388e-03 3.483281e-03 5.015570e-03 8.283293e-03 1.077400e-02 1.449392e-02 1.913590e-02 2.040941e-02 2.487860e-02 2.549268e-02 2.498804e-02 2.696855e-02 2.528375e-02 2.465908e-02 2.439424e-02 2.124784e-02 1.938642e-02 1.777359e-02 1.482730e-02 1.338701e-02 1.215161e-02 1.019934e-02 9.033361e-03 8.456639e-03 7.459522e-03 6.518737e-03 6.130607e-03 5.713406e-03 5.051844e-03 4.423908e-03 3.757036e-03 3.098641e-03 2.519602e-03 1.963782e-03 1.498477e-03 1.159680e-03 8.743275e-04 6.350254e-04 4.766389e-04 3.657415e-04 2.669340e-04 1.955399e-04 1.518493e-04 1.202849e-04 9.108739e-05 7.127476e-05 5.965728e-05 5.102637e-05 4.120927e-05 3.208050e-05 2.537776e-05 2.060882e-05 1.686428e-05 1.330196e-05 1.069282e-05 9.175866e-06 8.376106e-06 7.598377e-06 6.632782e-06 5.901009e-06 5.530948e-06 5.288509e-06 4.741891e-06 4.327138e-06 4.374734e-06 4.668618e-06 4.474162e-06 3.714102e-06 3.288701e-06 3.467696e-06 4.221766e-06 4.485732e-06 4.607049e-06 5.726471e-06 1.012352e-05 1.756180e-05 2.430969e-05 2.834070e-05 3.280693e-05 3.683519e-05 3.787791e-05 3.377274e-05 2.717691e-05 2.183125e-05 1.949801e-05 1.799509e-05 1.382059e-05 8.074050e-06 3.768657e-06 1.622175e-06 7.340554e-07 3.153292e-07 1.095166e-07 2.830968e-08 5.312966e-09 6.268585e-10 4.852218e-11 1.752678e-12 2.128887e-14 6.268616e-17 2.466097e-20 9.082631e-25 2.151624e-30 2.530505e-37 2.802597e-45 2.802597e-45 1.401298e-45 1.401298e-45 1.401298e-45 1.401298e-45 1.401298e-45 1.401298e-45 1.401298e-45 1.401298e-45 1.401298e-45 1.401298e-45 1.401298e-45 1.401298e-45 1.401298e-45 1.401298e-45 1.401298e-45 1.401298e-45 1.401298e-45 1.401298e-45 1.401298e-45 1.401298e-45 1.401298e-45 1.401298e-45 1.401298e-45 1.401298e-45 1.401298e-45 1.401298e-45 2.802597e-45 2.802597e-45 2.802597e-45 2.802597e-45 2.802597e-45 1.401298e-45 1.401298e-45
0.000000e+00 0.000000e+00 1.401298e-45 1.401298e-45 1.401298e-45 1.401298e-45 1.401298e-45 1.401298e-45 1.401298e-45 1.401298e-45 1.401298e-45 1.401298e-45 1.401298e-45 1.401298e-45 1.401298e-45 1.401298e-45 1.401298e-45 2.802597e-45 2.802597e-45 4.203895e-45 4.203895e-45 5.605194e-45 1.681558e-44 1.976928e-34 3.439585e-27 3.075898e-21 2.025931e-16 1.477391e-12 8.428220e-10 6.798447e-08 7.114828e-07 3.173774e-06 6.907911e-06 1.694898e-05 4.011500e-05 9.330322e-05 1.989779e-04 3.139831e-04 4.280412e-04 4.613950e-04 4.508231e-04 4.647099e-04 4.718819e-04 5.548258e-04 7.107233e-04 9.278700e-04 1.496276e-03 2.179838e-03 3.553498e-03 5.405973e-03 7.768018e-03 1.167810e-02 1.433144e-02 1.887693e-02 2.183015e-02 2.304546e-02 2.698287e-02 2.708613e-02 2.784146e-02 2.951852e-02 2.713530e-02 2.624476e-02 2.483295e-02 2.097628e-02 1.923644e-02 1.702706e-02 1.382237e-02 1.248442e-02 1.106085e-02 9.063141e-03 7.995754e-03 7.365439e-03 6.462201e-03 5.666736e-03 5.003690e-03 4.231745e-03 3.531101e-03 2.937728e-03 2.313843e-03 1.798445e-03 1.431666e-03 1.092537e-03 7.999039e-04 6.134215e-04 4.823603e-04 3.623196e-04 2.691718e-04 2.128909e-04 1.677422e-04 1.292861e-04 1.034792e-04 8.978144e-05 7.668127e-05 6.211229e-05 4.957720e-05 4.139866e-05 3.495288e-05 2.817410e-05 2.200844e-05 1.767133e-05 1.559222e-05 1.413703e-05 1.228392e-05 1.040514e-05 9.246596e-06 8.834332e-06 8.261610e-06 7.362914e-06 6.705575e-06 6.899937e-06 7.122817e-06 6.274953e-06 4.966163e-06 4.259052e-06 4.453192e-06 4.535146e-06 3.969902e-06 3.116134e-06 3.186914e-06 4.238870e-06 5.974538e-06 7.433992e-06 1.053373e-05 1.779339e-05 2.872765e-05 3.511366e-05 3.484304e-05 3.179359e-05 3.013983e-05 2.961981e-05 2.755311e-05 2.195032e-05 1.439811e-05 8.344312e-06 5.428376e-06 3.893140e-06 2.567021e-06 1.210893e-06 3.618445e-07 7.156546e-08 1.128539e-08 1.315684e-09 8.502989e-11 2.738371e-12 3.039107e-14 1.116809e-16 9.829816e-20 1.210998e-23 1.206021e-28 5.224668e-35 7.917336e-43 2.802597e-45 1.401298e-45 1.401298e-45 1.401298e-45 1.401298e-45 1.401298e-45 1.401298e-45 1.401298e-45 1.401298e-45 1.401298e-45 2.802597e-45 2.802597e-45 1.401298e-45 1.401298e-45 1.401298e-45 1.401298e-45 1.401298e-45 1.401298e-45 1.401298e-45 1.401298e-45 1.401298e-45 1.401298e-45 1.401298e-45 1.401298e-45 1.401298e-45 1.401298e-45 1.401298e-45 1.401298e-45 2.802597e-45 2.802597e-45 2.802597e-45 2.802597e-45 1.401298e-45 1.401298e-45
0.000000e+00 0.000000e+00 1.401298e-45 1.401298e-45 1.401298e-45 1.401298e-45 1.401298e-45 1.401298e-45 1.401298e-45 1.401298e-45 1.401298e-45 1.401298e-45 1.401298e-45 1.401298e-45 1.401298e-45 2.802597e-45 2.802597e-45 2.802597e-45 2.802597e-45 4.203895e-45 5.605194e-45 8.407791e-45 2.423682e-39 6.522793e-31 9.938209e-24 2.774746e-18 3.160040e-14 1.921167e-11 2.547750e-09 5.880017e-08 5.383118e-07 1.814436e-06 5.209497e-06 1.407067e-05 3.458278e-05 9.283372e-05 1.785326e-04 3.396369e-04 4.706199e-04 5.663289e-04 6.326012e-04 6.231652e-04 6.386492e-04 6.841544e-04 7.131326e-04 9.279200e-04 1.171199e-03 1.641962e-03 2.520080e-03 3.558609e-03 5.609686e-03 7.629975e-03 1.056897e-02 1.390308e-02 1.623074e-02 2.089194e-02 2.311045e-02 2.521780e-02 2.869071e-02 2.827739e-02 2.913815e-02 2.982993e-02 2.694945e-02 2.570097e-02 2.338319e-02 1.937886e-02 1.760993e-02 1.521030e-02 1.230637e-02 1.101000e-02 9.742131e-03 8.177851e-03 7.187345e-03 6.300155e-03 5.289334e-03 4.455213e-03 3.728020e-03 2.978710e-03 2.380036e-03 1.912834e-03 1.447121e-03 1.067376e-03 8.287873e-04 6.496841e-04 4.815444e-04 3.603844e-04 2.842206e-04 2.251335e-04 1.746894e-04 1.437213e-04 1.247016e-04 1.067271e-04 8.656678e-05 7.209995e-05 6.272816e-05 5.379936e-05 4.317575e-05 3.422917e-05 2.914925e-05 2.600208e-05 2.292420e-05 1.927019e-05 1.648450e-05 1.510033e-05 1.419236e-05 1.293830e-05 1.139980e-05 1.076578e-05 1.092372e-05 1.081108e-05 9.317395e-06 7.549557e-06 6.718244e-06 6.473087e-06 6.065532e-06 4.835080e-06 3.949127e-06 3.798868e-06 4.378725e-06 4.598032e-06 4.329726e-06 4.577271e-06 7.229617e-06 1.425336e-05 2.442891e-05 3.230654e-05 3.826281e-05 4.261979e-05 4.373792e-05 3.966147e-05 3.053138e-05 2.039809e-05 1.391769e-05 1.062678e-05 8.875529e-06 7.184898e-06 4.178419e-06 1.498699e-06 3.436338e-07 5.919425e-08 8.058465e-09 9.812441e-10 7.792213e-11 3.304821e-12 6.187042e-14 3.785507e-16 6.939384e-19 2.252555e-22 6.520075e-27 8.372201e-33 2.183545e-40 2.802597e-45 1.401298e-45 1.401298e-45 1.401298e-45 1.401298e-45 1.401298e-45 1.401298e-45 1.401298e-45 1.401298e-45 1.401298e-45 2.802597e-45 1.401298e-45 2.802597e-45 1.401298e-45 1.401298e-45 1.401298e-45 1.401298e-45 1.401298e-45 1.401298e-45 1.401298e-45 1.401298e-45 1.401298e-45 1.401298e-45 1.401298e-45 1.401298e-45 1.401298e-45 1.401298e-45 1.401298e-45 1.401298e-45 2.802597e-45 2.802597e-45 2.802597e-45 2.802597e-45 1.401298e-45
0.000000e+00 0.000000e+00 1.401298e-45 1.401298e-45 1.401298e-45 1.401298e-45 1.401298e-45 1.401298e-45 1.401298e-45 1.401298e-45 1.401298e-45 1.401298e-45 1.401298e-45 1.401298e-45 1.401298e-45 2.802597e-45 2.802597e-45 2.802597e-45 4.203895e-45 4.203895e-45 5.605194e-45 1.261169e-44 1.485692e-36 3.110969e-28 4.094400e-21 1.422762e-15 5.786606e-12 1.224372e-09 2.138104e-08 1.338882e-07 4.451521e-07 1.378098e-06 4.575621e-06 1.247754e-05 3.767594e-05 7.893992e-05 1.729345e-04 2.894401e-04 4.399302e-04 6.311301e-04 7.530453e-04 8.729470e-04 9.275213e-04 9.252312e-04 1.010544e-03 1.095169e-03 1.235436e-03 1.613826e-03 1.991956e-03 2.838639e-03 3.850361e-03 5.297143e-03 7.685523e-03 9.991162e-03 1.403593e-02 1.730987e-02 1.996113e-02 2.399855e-02 2.509127e-02 2.725080e-02 3.006779e-02 2.913835e-02 2.911853e-02 2.837912e-02 2.473659e-02 2.283973e-02 2.049232e-02 1.708143e-02 1.554965e-02 1.370532e-02 1.138161e-02 1.007128e-02 8.793099e-03 7.281581e-03 6.164927e-03 5.241966e-03 4.225484e-03 3.372813e-03 2.707749e-03 2.065155e-03 1.539977e-03 1.197002e-03 9.205168e-04 6.716189e-04 4.974282e-04 3.909066e-04 3.071656e-04 2.395253e-04 1.962440e-04 1.694562e-04 1.413528e-04 1.160461e-04 9.936568e-05 8.918504e-05 7.661794e-05 6.291130e-05 5.327111e-05 4.754575e-05 4.231616e-05 3.581985e-05 3.045081e-05 2.704942e-05 2.511555e-05 2.317212e-05 2.082258e-05 1.903473e-05 1.840716e-05 1.881965e-05 1.827615e-05 1.608959e-05 1.371341e-05 1.250009e-05 1.233040e-05 1.134347e-05 9.263877e-06 7.156575e-06 6.703833e-06 7.241055e-06 7.629304e-06 6.739449e-06 5.935371e-06 6.567059e-06 9.555980e-06 1.487935e-05 2.103407e-05 3.015556e-05 4.658016e-05 6.264602e-05 6.217568e-05 4.901195e-05 3.592341e-05 2.735739e-05 2.234316e-05 2.001636e-05 1.546900e-05 9.041993e-06 3.766579e-06 1.219361e-06 3.289683e-07 8.017690e-08 1.564365e-08 2.288115e-09 2.632817e-10 1.691643e-11 5.108550e-13 5.089886e-15 1.294305e-17 7.502367e-21 4.608997e-25 1.265708e-30 6.337744e-38 2.802597e-45 2.802597e-45 1.401298e-45 1.401298e-45 1.401298e-45 1.401298e-45 1.401298e-45 1.401298e-45 1.401298e-45 1.401298e-45 2.802597e-45 1.401298e-45 2.802597e-45 2.802597e-45 1.401298e-45 1.401298e-45 1.401298e-45 1.401298e-45 1.401298e-45 1.401298e-45 1.401298e-45 1.401298e-45 1.401298e-45 1.401298e-45 1.401298e-45 1.401298e-45 1.401298e-45 1.401298e-45 1.401298e-45 1.401298e-45 2.802597e-45 2.802597e-45 2.802597e-45 1.401298e-45
0.000000e+00 0.000000e+00 1.401298e-45 1.401298e-45 1.401298e-45 1.401298e-45 1.401298e-45 1.401298e-45 1.401298e-45 1.401298e-45 1.401298e-45 1.401298e-45 1.401298e-45 1.401298e-45 1.401298e-45 2.802597e-45 2.802597e-45 2.802597e-45 4.203895e-45 5.605194e-45 7.006492e-45 1.117606e-40 3.444176e-33 2.920541e-26 1.215340e-19 2.781591e-14 2.173187e-10 3.705055e-08 3.764372e-07 7.867433e-07 9.949515e-07 1.814194e-06 3.609274e-06 1.068507e-05 2.638985e-05 6.734272e-05 1.423029e-04 2.577271e-04 4.419614e-04 6.096575e-04 8.254263e-04 9.800779e-04 1.124430e-03 1.230333e-03 1.306838e-03 1.300087e-03 1.405232e-03 1.491721e-03 1.717695e-03 2.119059e-03 2.680016e-03 3.827289e-03 5.249505e-03 7.637501e-03 1.047912e-02 1.319040e-02 1.712212e-02 1.990262e-02 2.318772e-02 2.709509e-02 2.831390e-02 2.990551e-02 3.104101e-02 2.892044e-02 2.765759e-02 2.615948e-02 2.274638e-02 2.086872e-02 1.865070e-02 1.555922e-02 1.387654e-02 1.206497e-02 9.963664e-03 8.632731e-03 7.466803e-03 6.030334e-03 4.856751e-03 3.964340e-03 3.068171e-03 2.311561e-03 1.805324e-03 1.386415e-03 1.009975e-03 7.478278e-04 5.869277e-04 4.613721e-04 3.573378e-04 2.875985e-04 2.396096e-04 1.981736e-04 1.643983e-04 1.446361e-04 1.287133e-04 1.111337e-04 9.474103e-05 8.481661e-05 7.770088e-05 6.807214e-05 5.729581e-05 4.919995e-05 4.464487e-05 4.087938e-05 3.752617e-05 3.473822e-05 3.302611e-05 3.273104e-05 3.271534e-05 3.135713e-05 2.808862e-05 2.560317e-05 2.523243e-05 2.514403e-05 2.261683e-05 1.742303e-05 1.406233e-05 1.367820e-05 1.545897e-05 1.518349e-05 1.225698e-05 1.029886e-05 1.150932e-05 1.584679e-05 1.822772e-05 1.587472e-05 1.476312e-05 2.284717e-05 4.624581e-05 7.236128e-05 7.585635e-05 6.992266e-05 6.579762e-05 6.596604e-05 6.152882e-05 5.060379e-05 3.317063e-05 1.682677e-05 7.411325e-06 3.244425e-06 1.425299e-06 5.198293e-07 1.396057e-07 2.279946e-08 2.538109e-09 1.968691e-10 7.573025e-12 1.186534e-13 4.833121e-16 3.689676e-19 3.641092e-23 1.549801e-28 1.714002e-35 2.522337e-44 2.802597e-45 2.802597e-45 1.401298e-45 1.401298e-45 1.401298e-45 1.401298e-45 1.401298e-45 1.401298e-45 1.401298e-45 1.401298e-45 2.802597e-45 2.802597e-45 2.802597e-45 2.802597e-45 2.802597e-45 1.401298e-45 1.401298e-45 1.401298e-45 1.401298e-45 1.401298e-45 1.401298e-45 1.401298e-45 1.401298e-45 1.401298e-45 1.401298e-45 1.401298e-45 1.401298e-45 1.401298e-45 1.401298e-45 2.802597e-45 2.802597e-45 2.802597e-45 2.802597e-45
0.000000e+00 1.401298e-45 1.401298e-45 1.401298e-45 1.401298e-45 1.401298e-45 1.401298e-45 1.401298e-45 1.401298e-45 1.401298e-45 1.401298e-45 1.401298e-45 1.401298e-45 1.401298e-45 1.401298e-45 2.802597e-45 2.802597e-45 4.203895e-45 4.203895e-45 5.605194e-45 9.809089e-45 1.059397e-36 1.715612e-29 2.832488e-23 8.003997e-18 3.627565e-13 9.691429e-10 1.275554e-07 1.934955e-06 4.807129e-06 6.430093e-06 5.767360e-06 8.068746e-06 1.395751e-05 2.986732e-05 6.947380e-05 1.312697e-04 2.571494e-04 3.890957e-04 5.806371e-04 7.836589e-04 1.055213e-03 1.323646e-03 1.567590e-03 1.637740e-03 1.651518e-03 1.653278e-03 1.588820e-03 1.704163e-03 1.831535e-03 2.214964e-03 2.850953e-03 3.774866e-03 5.245277e-03 6.972367e-03 9.530456e-03 1.260466e-02 1.583906e-02 1.970331e-02 2.303839e-02 2.616452e-02 2.912231e-02 3.009765e-02 3.049986e-02 3.053530e-02 2.819073e-02 2.602156e-02 2.401816e-02 2.058635e-02 1.825102e-02 1.600178e-02 1.339330e-02 1.180271e-02 1.036317e-02 8.503149e-03 7.040054e-03 5.910323e-03 4.693520e-03 3.630456e-03 2.890115e-03 2.236993e-03 1.628302e-03 1.213038e-03 9.585686e-04 7.470507e-04 5.619440e-04 4.378337e-04 3.575743e-04 2.943189e-04 2.442944e-04 2.106760e-04 1.861921e-04 1.620431e-04 1.430165e-04 1.295032e-04 1.178879e-04 1.025923e-04 8.772498e-05 7.777999e-05 7.117028e-05 6.519060e-05 5.926524e-05 5.564438e-05 5.385536e-05 5.314966e-05 5.263280e-05 4.987471e-05 4.672013e-05 4.545621e-05 4.652589e-05 4.543480e-05 3.933964e-05 3.246970e-05 2.886944e-05 3.002410e-05 3.088282e-05 2.724526e-05 2.195639e-05 2.070737e-05 2.512030e-05 2.989720e-05 2.794365e-05 2.000169e-05 1.626991e-05 1.880011e-05 2.915782e-05 3.966046e-05 4.695085e-05 6.247433e-05 9.987249e-05 1.341090e-04 1.378636e-04 1.174511e-04 8.469749e-05 5.535311e-05 3.417975e-05 2.105544e-05 1.236607e-05 6.255549e-06 2.260721e-06 5.443985e-07 9.485461e-08 1.122457e-08 1.042115e-09 6.227811e-11 1.585838e-12 1.263686e-14 1.588551e-17 2.247918e-21 2.300256e-26 7.834654e-33 9.034872e-41 2.802597e-45 2.802597e-45 1.401298e-45 1.401298e-45 1.401298e-45 1.401298e-45 1.401298e-45 1.401298e-45 1.401298e-45 1.401298e-45 2.802597e-45 2.802597e-45 2.802597e-45 2.802597e-45 2.802597e-45 2.802597e-45 1.401298e-45 1.401298e-45 1.401298e-45 1.401298e-45 1.401298e-45 1.401298e-45 1.401298e-45 1.401298e-45 1.401298e-45 1.401298e-45 1.401298e-45 1.401298e-45 1.401298e-45 2.802597e-45 2.802597e-45 2.802597e-45 2.802597e-45
0.000000e+00 0.000000e+00 1.401298e-45 1.401298e-45 1.401298e-45 1.401298e-45 1.401298e-45 1.401298e-45 1.401298e-45 1.401298e-45 1.401298e-45 1.401298e-45 1.401298e-45 1.401298e-45 1.401298e-45 2.802597e-45 2.802597e-45 4.203895e-45 5.605194e-45 7.006492e-45 1.401298e-44 1.225531e-34 7.626177e-27 1.484404e-20 1.219564e-15 7.861386e-12 2.938485e-09 1.554328e-07 1.315856e-06 5.387540e-06 9.017834e-06 1.242320e-05 1.664256e-05 2.300683e-05 4.465134e-05 7.413076e-05 1.508557e-04 2.314515e-04 3.585319e-04 5.182292e-04 7.250585e-04 1.003576e-03 1.287751e-03 1.561867e-03 1.789347e-03 2.020921e-03 2.006184e-03 2.078884e-03 2.037050e-03 2.072813e-03 2.305721e-03 2.510428e-03 3.104637e-03 3.886954e-03 5.074917e-03 7.050619e-03 9.086457e-03 1.196572e-02 1.559189e-02 1.918326e-02 2.337331e-02 2.734451e-02 3.013571e-02 3.264345e-02 3.279139e-02 3.161822e-02 3.067647e-02 2.740556e-02 2.423416e-02 2.178688e-02 1.871777e-02 1.646156e-02 1.452185e-02 1.212161e-02 1.022509e-02 8.756909e-03 7.163988e-03 5.710916e-03 4.635744e-03 3.647448e-03 2.722769e-03 2.069146e-03 1.644181e-03 1.248646e-03 9.107272e-04 7.009461e-04 5.757599e-04 4.628664e-04 3.684151e-04 3.087258e-04 2.695168e-04 2.343967e-04 2.058653e-04 1.882615e-04 1.710227e-04 1.499497e-04 1.306144e-04 1.185356e-04 1.103723e-04 1.013876e-04 9.348022e-05 8.877285e-05 8.683503e-05 8.459813e-05 8.193415e-05 7.978085e-05 7.817971e-05 7.911612e-05 8.004602e-05 7.738629e-05 7.123996e-05 6.612639e-05 6.484403e-05 6.434265e-05 6.133406e-05 5.347573e-05 4.711558e-05 4.678419e-05 5.047259e-05 5.248766e-05 4.490429e-05 3.515977e-05 2.867619e-05 2.974401e-05 3.269189e-05 3.348236e-05 3.066646e-05 3.615755e-05 6.172643e-05 1.173675e-04 1.606170e-04 1.565432e-04 1.337639e-04 1.016706e-04 7.067787e-05 4.958409e-05 3.561060e-05 2.267563e-05 1.047756e-05 3.414489e-06 8.068799e-07 1.692986e-07 3.238935e-08 4.302037e-09 3.946848e-10 1.655541e-11 2.060104e-13 5.416462e-16 1.483741e-19 4.016642e-24 7.234668e-30 5.845344e-37 2.802597e-45 2.802597e-45 2.802597e-45 1.401298e-45 1.401298e-45 1.401298e-45 1.401298e-45 1.401298e-45 1.401298e-45 1.401298e-45 1.401298e-45 2.802597e-45 2.802597e-45 2.802597e-45 2.802597e-45 2.802597e-45 2.802597e-45 2.802597e-45 1.401298e-45 1.401298e-45 1.401298e-45 2.802597e-45 2.802597e-45 1.401298e-45 1.401298e-45 1.401298e-45 1.401298e-45 1.401298e-45 1.401298e-45 1.401298e-45 1.401298e-45 2.802597e-45 2.802597e-45
0.000000e+00 1.401298e-45 1.401298e-45 1.401298e-45 1.401298e-45 1.401298e-45 1.401298e-45 1.401298e-45 1.401298e-45 1.401298e-45 1.401298e-45 1.401298e-45 1.401298e-45 1.401298e-45 2.802597e-45 2.802597e-45 2.802597e-45 4.203895e-45 5.605194e-45 7.006492e-45 7.258446e-41 7.451761e-33 2.817265e-25 5.352116e-19 3.291723e-14 6.271673e-11 1.324222e-08 2.546467e-07 1.462313e-06 3.711857e-06 7.579124e-06 1.540752e-05 2.184268e-05 4.043496e-05 5.624045e-05 1.089220e-04 1.668066e-04 2.569658e-04 3.790522e-04 4.814022e-04 6.597574e-04 8.038064e-04 1.029325e-03 1.313990e-03 1.675419e-03 1.993336e-03 2.320692e-03 2.456777e-03 2.501876e-03 2.543545e-03 2.419643e-03 2.583219e-03 2.788030e-03 3.193751e-03 4.132710e-03 5.056079e-03 6.702137e-03 9.170979e-03 1.175362e-02 1.555806e-02 2.020091e-02 2.437188e-02 2.909081e-02 3.278351e-02 3.436819e-02 3.582191e-02 3.436647e-02 3.145199e-02 2.978590e-02 2.651494e-02 2.338364e-02 2.098897e-02 1.783175e-02 1.523978e-02 1.325639e-02 1.100800e-02 8.862183e-03 7.307228e-03 5.946154e-03 4.568188e-03 3.564173e-03 2.847216e-03 2.150981e-03 1.561993e-03 1.230723e-03 1.010042e-03 7.929438e-04 6.120765e-04 5.088756e-04 4.378098e-04 3.711469e-04 3.201301e-04 2.882513e-04 2.602607e-04 2.278268e-04 2.025383e-04 1.871577e-04 1.744358e-04 1.610189e-04 1.500798e-04 1.459570e-04 1.427388e-04 1.375249e-04 1.326665e-04 1.307665e-04 1.312645e-04 1.317103e-04 1.328610e-04 1.323107e-04 1.297030e-04 1.269578e-04 1.256117e-04 1.250652e-04 1.192530e-04 1.075582e-04 9.523842e-05 8.932768e-05 9.187189e-05 9.135754e-05 8.173630e-05 6.278917e-05 5.221326e-05 5.207840e-05 6.281251e-05 6.487866e-05 5.265225e-05 3.976747e-05 4.324542e-05 6.933333e-05 1.173892e-04 1.555856e-04 1.742570e-04 1.747055e-04 1.545066e-04 1.236734e-04 9.841250e-05 7.380663e-05 4.566860e-05 2.058034e-05 6.990640e-06 2.215714e-06 6.365757e-07 1.742507e-07 3.456634e-08 3.638699e-09 1.930438e-10 3.230545e-12 1.222332e-14 8.986094e-18 7.648663e-22 7.861635e-27 5.054215e-33 1.209601e-40 2.802597e-45 2.802597e-45 1.401298e-45 1.401298e-45 1.401298e-45 1.401298e-45 1.401298e-45 1.401298e-45 1.401298e-45 1.401298e-45 1.401298e-45 2.802597e-45 2.802597e-45 2.802597e-45 2.802597e-45 2.802597e-45 2.802597e-45 2.802597e-45 1.401298e-45 1.401298e-45 2.802597e-45 2.802597e-45 2.802597e-45 2.802597e-45 1.401298e-45 1.401298e-45 1.401298e-45 1.401298e-45 1.401298e-45 1.401298e-45 1.401298e-45 2.802597e-45
0.000000e+00 0.000000e+00 1.401298e-45 1.401298e-45 1.401298e-45 1.401298e-45 1.401298e-45 1.401298e-45 1.401298e-45 1.401298e-45 1.401298e-45 1.401298e-45 1.401298e-45 1.401298e-45 2.802597e-45 2.802597e-45 4.203895e-45 4.203895e-45 5.605194e-45 8.407791e-45 3.152763e-37 6.146367e-30 2.269450e-23 1.641616e-17 4.699697e-13 7.049019e-10 6.090208e-08 7.811872e-07 2.670795e-06 4.606820e-06 9.706420e-06 1.476542e-05 3.295040e-05 4.838713e-05 8.986965e-05 1.384683e-04 2.130847e-04 3.556640e-04 4.446059e-04 6.112932e-04 6.663859e-04 8.021396e-04 9.917725e-04 1.230620e-03 1.618339e-03 2.024305e-03 2.459366e-03 2.847244e-03 3.061569e-03 3.046052e-03 3.100087e-03 3.007018e-03 3.018225e-03 3.338251e-03 3.568783e-03 4.277089e-03 5.471948e-03 6.668370e-03 8.889878e-03 1.199131e-02 1.521540e-02 2.006758e-02 2.559272e-02 2.971516e-02 3.458351e-02 3.721261e-02 3.661690e-02 3.760002e-02 3.597224e-02 3.229211e-02 3.001915e-02 2.638211e-02 2.266013e-02 2.005972e-02 1.693938e-02 1.395026e-02 1.188053e-02 9.947452e-03 7.844210e-03 6.276556e-03 5.140826e-03 3.930276e-03 2.918066e-03 2.320398e-03 1.882675e-03 1.422670e-03 1.091846e-03 9.119630e-04 7.833985e-04 6.451760e-04 5.406064e-04 4.768191e-04 4.236091e-04 3.675680e-04 3.229980e-04 2.962244e-04 2.753455e-04 2.550741e-04 2.388654e-04 2.275450e-04 2.196165e-04 2.120059e-04 2.081320e-04 2.062727e-04 2.033827e-04 2.010475e-04 2.011354e-04 2.042078e-04 2.041226e-04 2.036656e-04 2.072730e-04 2.101774e-04 2.018161e-04 1.802653e-04 1.639803e-04 1.613099e-04 1.643318e-04 1.570614e-04 1.279929e-04 1.020650e-04 9.309963e-05 1.121055e-04 1.332723e-04 1.215110e-04 8.246200e-05 6.403094e-05 7.412199e-05 1.145368e-04 1.437343e-04 1.186209e-04 9.372595e-05 1.216654e-04 2.113791e-04 3.077898e-04 3.378378e-04 2.928470e-04 1.987982e-04 1.052237e-04 5.239825e-05 2.433673e-05 1.086069e-05 4.210277e-06 1.124746e-06 2.165603e-07 2.430694e-08 1.277714e-09 2.951357e-11 2.113649e-13 4.456296e-16 2.103886e-19 1.074735e-23 3.431215e-29 2.710609e-36 4.203895e-45 2.802597e-45 2.802597e-45 1.401298e-45 1.401298e-45 1.401298e-45 1.401298e-45 1.401298e-45 1.401298e-45 1.401298e-45 1.401298e-45 1.401298e-45 2.802597e-45 2.802597e-45 2.802597e-45 2.802597e-45 2.802597e-45 2.802597e-45 2.802597e-45 2.802597e-45 2.802597e-45 2.802597e-45 2.802597e-45 2.802597e-45 2.802597e-45 1.401298e-45 1.401298e-45 1.401298e-45 1.401298e-45 1.401298e-45 1.401298e-45 2.802597e-45
0.000000e+00 1.401298e-45 1.401298e-45 1.401298e-45 1.401298e-45 1.401298e-45 1.401298e-45 1.401298e-45 1.401298e-45 1.401298e-45 1.401298e-45 1.401298e-45 1.401298e-45 1.401298e-45 2.802597e-45 2.802597e-45 4.203895e-45 4.203895e-45 7.006492e-45 4.718172e-42 1.580350e-33 1.485708e-26 1.103065e-20 9.888462e-16 9.458632e-12 4.825869e-09 1.739621e-07 1.408179e-06 3.516026e-06 8.207142e-06 1.130025e-05 2.494513e-05 3.857344e-05 6.901006e-05 1.017526e-04 1.381626e-04 2.338801e-04 3.065756e-04 4.971766e-04 6.132376e-04 8.040142e-04 9.981672e-04 1.126822e-03 1.429924e-03 1.635442e-03 2.114693e-03 2.658886e-03 3.124691e-03 3.645827e-03 3.883571e-03 3.902014e-03 3.817003e-03 3.767592e-03 3.622993e-03 3.732386e-03 4.128077e-03 4.459803e-03 5.314468e-03 6.755808e-03 8.440522e-03 1.143214e-02 1.550935e-02 1.952603e-02 2.520494e-02 3.078590e-02 3.367364e-02 3.879999e-02 4.127813e-02 3.891016e-02 3.886977e-02 3.676962e-02 3.208121e-02 2.904064e-02 2.568609e-02 2.184510e-02 1.912081e-02 1.653978e-02 1.356583e-02 1.122433e-02 9.401595e-03 7.403901e-03 5.660176e-03 4.563022e-03 3.631136e-03 2.698158e-03 2.063806e-03 1.738183e-03 1.455158e-03 1.157377e-03 9.484851e-04 8.385053e-04 7.395307e-04 6.242869e-04 5.384681e-04 4.944719e-04 4.608936e-04 4.138808e-04 3.693633e-04 3.472376e-04 3.389590e-04 3.329988e-04 3.212694e-04 3.117688e-04 3.072996e-04 3.086101e-04 3.128699e-04 3.158094e-04 3.197452e-04 3.266918e-04 3.394186e-04 3.500425e-04 3.424127e-04 3.237992e-04 3.149584e-04 3.160994e-04 3.049489e-04 2.654328e-04 2.238383e-04 1.982215e-04 2.066586e-04 2.304179e-04 2.391151e-04 1.958555e-04 1.507393e-04 1.390817e-04 1.718896e-04 2.103620e-04 1.805509e-04 1.054859e-04 6.522507e-05 7.071225e-05 1.352956e-04 2.706884e-04 3.673258e-04 3.958578e-04 3.689647e-04 2.912771e-04 1.945503e-04 1.253781e-04 8.062717e-05 4.037662e-05 1.489279e-05 3.607393e-06 5.874128e-07 7.847886e-08 7.003664e-09 3.368048e-10 7.861024e-12 5.642854e-14 9.713671e-17 1.639306e-20 1.162245e-25 2.019030e-32 6.152681e-41 2.802597e-45 2.802597e-45 2.802597e-45 1.401298e-45 1.401298e-45 1.401298e-45 1.401298e-45 1.401298e-45 1.401298e-45 1.401298e-45 1.401298e-45 2.802597e-45 2.802597e-45 2.802597e-45 2.802597e-45 2.802597e-45 2.802597e-45 2.802597e-45 2.802597e-45 2.802597e-45 2.802597e-45 2.802597e-45 2.802597e-45 2.802597e-45 2.802597e-45 1.401298e-45 1.401298e-45 1.401298e-45 1.401298e-45 1.401298e-45 1.401298e-45
0.000000e+00 0.000000e+00 1.401298e-45 1.401298e-45 1.401298e-45 1.401298e-45 1.401298e-45 1.401298e-45 1.401298e-45 1.401298e-45 1.401298e-45 1.401298e-45 1.401298e-45 2.802597e-45 2.802597e-45 2.802597e-45 4.203895e-45 5.605194e-45 8.407791e-45 2.797796e-38 1.984759e-30 1.594599e-23 5.531109e-18 8.179591e-14 1.291848e-10 1.798857e-08 4.151192e-07 1.593530e-06 4.562036e-06 6.711236e-06 1.353326e-05 2.202957e-05 4.078711e-05 7.455454e-05 1.124538e-04 1.970975e-04 2.338989e-04 3.465346e-04 4.275945e-04 6.166120e-04 8.688848e-04 1.049819e-03 1.378635e-03 1.489938e-03 1.911816e-03 2.341107e-03 2.770885e-03 3.586359e-03 4.022767e-03 4.616956e-03 5.006363e-03 5.074650e-03 5.052603e-03 4.871894e-03 4.785842e-03 4.530711e-03 4.542748e-03 4.992781e-03 5.567048e-03 6.771405e-03 8.705808e-03 1.100125e-02 1.457217e-02 1.915608e-02 2.360671e-02 3.027253e-02 3.611019e-02 3.755873e-02 4.179918e-02 4.383868e-02 3.972884e-02 3.867320e-02 3.742532e-02 3.286229e-02 2.953320e-02 2.697066e-02 2.290767e-02 1.926281e-02 1.662114e-02 1.362480e-02 1.069926e-02 8.658553e-03 6.908095e-03 5.155102e-03 3.991505e-03 3.325638e-03 2.701747e-03 2.106051e-03 1.758569e-03 1.562624e-03 1.333994e-03 1.096244e-03 9.560598e-04 8.892781e-04 8.016191e-04 6.868522e-04 6.081145e-04 5.792837e-04 5.616810e-04 5.254308e-04 4.932699e-04 4.836931e-04 4.892900e-04 4.949826e-04 4.971293e-04 5.073785e-04 5.255581e-04 5.484738e-04 5.682790e-04 5.924102e-04 6.074523e-04 6.039559e-04 5.955587e-04 5.786276e-04 5.337686e-04 4.772315e-04 4.360426e-04 4.222102e-04 4.188187e-04 4.284100e-04 4.134966e-04 3.660208e-04 3.060286e-04 2.883523e-04 3.131872e-04 3.311672e-04 2.741744e-04 1.759477e-04 1.154711e-04 1.060478e-04 1.457650e-04 1.973332e-04 2.087389e-04 2.072903e-04 2.832852e-04 4.339703e-04 5.000770e-04 4.451749e-04 3.280595e-04 2.149749e-04 1.135276e-04 4.108381e-05 1.134512e-05 2.576929e-06 5.447006e-07 1.124157e-07 1.456344e-08 8.400618e-10 1.460764e-11 3.963222e-14 1.119436e-17 1.399737e-22 5.464966e-29 6.198073e-37 2.802597e-45 2.802597e-45 2.802597e-45 2.802597e-45 1.401298e-45 1.401298e-45 1.401298e-45 1.401298e-45 1.401298e-45 1.401298e-45 1.401298e-45 1.401298e-45 2.802597e-45 2.802597e-45 2.802597e-45 2.802597e-45 2.802597e-45 2.802597e-45 2.802597e-45 2.802597e-45 2.802597e-45 2.802597e-45 2.802597e-45 2.802597e-45 2.802597e-45 2.802597e-45 2.802597e-45 1.401298e-45 1.401298e-45 1.401298e-45 1.401298e-45
0.000000e+00 1.401298e-45 1.401298e-45 1.401298e-45 1.401298e-45 1.401298e-45 1.401298e-45 1.401298e-45 1.401298e-45 1.401298e-45 1.401298e-45 1.401298e-45 1.401298e-45 2.802597e-45 2.802597e-45 4.203895e-45 4.203895e-45 5.605194e-45 1.261169e-44 7.940807e-35 4.292765e-28 9.935185e-22 2.508059e-16 3.358614e-12 1.370237e-09 8.279455e-08 7.660059e-07 3.164253e-06 5.407273e-06 9.448221e-06 1.559809e-05 2.492328e-05 4.734077e-05 7.393075e-05 1.480873e-04 1.980517e-04 2.898777e-04 3.325292e-04 4.259169e-04 5.767403e-04 7.285248e-04 1.066510e-03 1.298413e-03 1.790449e-03 2.232757e-03 2.581515e-03 3.268285e-03 3.557539e-03 4.267461e-03 4.978507e-03 5.440387e-03 6.127981e-03 6.211224e-03 6.240855e-03 5.893247e-03 5.548258e-03 5.550303e-03 5.395163e-03 5.662866e-03 6.433318e-03 7.284901e-03 8.975219e-03 1.166962e-02 1.483798e-02 1.979663e-02 2.540590e-02 2.917483e-02 3.555520e-02 4.061184e-02 3.949071e-02 4.271473e-02 4.555463e-02 4.114634e-02 3.963008e-02 3.930065e-02 3.411428e-02 2.955261e-02 2.739743e-02 2.333149e-02 1.854887e-02 1.552980e-02 1.289577e-02 9.778786e-03 7.483403e-03 6.082248e-03 4.817191e-03 3.756270e-03 3.159922e-03 2.778449e-03 2.333982e-03 1.927500e-03 1.688760e-03 1.527060e-03 1.328161e-03 1.137150e-03 1.033306e-03 9.800470e-04 8.994553e-04 8.041687e-04 7.510359e-04 7.499164e-04 7.520923e-04 7.476587e-04 7.541173e-04 7.762903e-04 8.049408e-04 8.331083e-04 8.778764e-04 9.397988e-04 9.858954e-04 9.796435e-04 9.533443e-04 9.350569e-04 9.058526e-04 8.390443e-04 7.726274e-04 7.306765e-04 7.323014e-04 7.501601e-04 7.444146e-04 6.537574e-04 5.541595e-04 5.323890e-04 6.152511e-04 6.853692e-04 5.475070e-04 3.210920e-04 2.030072e-04 2.134729e-04 3.282662e-04 4.502345e-04 3.357755e-04 1.797471e-04 1.528370e-04 2.902563e-04 6.642535e-04 9.463326e-04 9.318875e-04 8.104984e-04 5.522058e-04 2.901344e-04 1.191797e-04 4.093427e-05 1.419901e-05 4.629745e-06 1.266653e-06 2.428072e-07 1.891125e-08 4.148833e-10 1.452600e-12 4.842272e-16 1.347900e-20 1.931319e-26 1.287052e-33 3.553693e-42 2.802597e-45 2.802597e-45 2.802597e-45 1.401298e-45 1.401298e-45 2.802597e-45 1.401298e-45 1.401298e-45 1.401298e-45 1.401298e-45 1.401298e-45 2.802597e-45 2.802597e-45 2.802597e-45 2.802597e-45 2.802597e-45 2.802597e-45 2.802597e-45 2.802597e-45 2.802597e-45 2.802597e-45 2.802597e-45 2.802597e-45 2.802597e-45 2.802597e-45 2.802597e-45 2.802597e-45 1.401298e-45 1.401298e-45 1.401298e-45
0.000000e+00 1.401298e-45 1.401298e-45 1.401298e-45 1.401298e-45 1.401298e-45 1.401298e-45 1.401298e-45 1.401298e-45 1.401298e-45 1.401298e-45 1.401298e-45 2.802597e-45 2.802597e-45 2.802597e-45 4.203895e-45 5.605194e-45 7.006492e-45 6.375390e-40 3.446792e-32 2.168578e-25 7.966924e-20 6.194782e-15 3.449198e-11 1.309495e-08 3.374972e-07 2.231196e-06 6.160125e-06 1.033882e-05 1.654022e-05 1.954065e-05 3.272899e-05 4.377393e-05 8.393713e-05 1.315328e-04 2.346963e-04 3.677086e-04 4.914451e-04 6.281319e-04 6.670888e-04 8.583166e-04 1.023297e-03 1.378834e-03 1.830311e-03 2.197184e-03 2.887072e-03 3.340935e-03 4.048501e-03 4.903055e-03 5.543605e-03 6.578122e-03 7.054711e-03 7.566803e-03 7.679469e-03 7.493360e-03 7.515256e-03 6.902453e-03 6.639569e-03 6.671729e-03 6.581229e-03 7.302161e-03 8.628917e-03 1.023457e-02 1.324375e-02 1.696332e-02 2.041568e-02 2.604202e-02 3.147298e-02 3.355410e-02 3.958524e-02 4.505423e-02 4.309985e-02 4.499946e-02 4.744852e-02 4.229514e-02 3.946574e-02 3.955664e-02 3.481210e-02 2.893605e-02 2.648180e-02 2.328712e-02 1.798647e-02 1.418529e-02 1.200171e-02 9.606369e-03 7.337102e-03 6.030124e-03 5.202923e-03 4.304955e-03 3.521312e-03 3.047847e-03 2.699566e-03 2.299154e-03 1.953170e-03 1.761636e-03 1.628729e-03 1.456040e-03 1.279592e-03 1.185785e-03 1.158059e-03 1.139126e-03 1.118568e-03 1.123447e-03 1.148384e-03 1.179211e-03 1.234012e-03 1.313493e-03 1.414691e-03 1.490497e-03 1.521893e-03 1.539498e-03 1.554099e-03 1.510165e-03 1.407401e-03 1.326910e-03 1.327242e-03 1.354772e-03 1.338956e-03 1.232952e-03 1.101413e-03 1.042614e-03 1.126677e-03 1.267591e-03 1.162754e-03 7.859343e-04 4.802160e-04 4.095825e-04 5.534372e-04 8.631698e-04 8.153798e-04 3.951819e-04 1.667179e-04 1.319073e-04 2.405992e-04 5.440240e-04 7.366121e-04 6.753933e-04 7.039832e-04 8.179887e-04 6.934342e-04 3.877344e-04 1.886746e-04 8.710434e-05 3.773949e-05 1.446125e-05 3.833973e-06 6.310838e-07 5.456947e-08 1.335367e-09 6.873671e-12 5.028824e-15 4.563209e-19 4.702915e-24 2.673719e-30 5.494502e-38 2.802597e-45 2.802597e-45 2.802597e-45 2.802597e-45 1.401298e-45 1.401298e-45 2.802597e-45 1.401298e-45 1.401298e-45 1.401298e-45 1.401298e-45 1.401298e-45 2.802597e-45 2.802597e-45 2.802597e-45 2.802597e-45 2.802597e-45 2.802597e-45 2.802597e-45 2.802597e-45 2.802597e-45 2.802597e-45 2.802597e-45 2.802597e-45 2.802597e-45 2.802597e-45 2.802597e-45 1.401298e-45 1.401298e-45 1.401298e-45
0.000000e+00 1.401298e-45 1.401298e-45 1.401298e-45 1.401298e-45 1.401298e-45 1.401298e-45 1.401298e-45 1.401298e-45 1.401298e-45 1.401298e-45 1.401298e-45 2.802597e-45 2.802597e-45 2.802597e-45 4.203895e-45 5.605194e-45 8.407791e-45 4.122377e-37 1.646227e-29 8.043265e-23 2.161257e-17 2.256786e-13 2.693937e-10 4.667111e-08 9.559302e-07 4.876021e-06 9.023372e-06 1.900191e-05 2.503109e-05 4.420576e-05 5.292060e-05 7.783919e-05 9.854852e-05 1.408037e-04 2.401362e-04 3.603560e-04 5.965236e-04 7.062017e-04 9.081767e-04 1.036772e-03 1.187807e-03 1.519971e-03 1.708820e-03 2.273378e-03 2.902812e-03 3.553071e-03 4.703714e-03 5.442112e-03 6.423340e-03 7.419192e-03 8.175152e-03 9.003201e-03 9.517393e-03 9.933364e-03 9.553737e-03 9.055473e-03 8.539424e-03 7.876667e-03 7.873152e-03 8.138935e-03 8.751784e-03 1.021829e-02 1.207643e-02 1.437656e-02 1.811753e-02 2.237124e-02 2.600501e-02 3.238994e-02 3.903043e-02 4.103114e-02 4.567087e-02 5.079010e-02 4.866049e-02 4.853807e-02 5.054978e-02 4.641263e-02 4.148291e-02 3.987040e-02 3.586015e-02 2.898587e-02 2.475877e-02 2.217888e-02 1.815157e-02 1.412187e-02 1.183863e-02 1.022931e-02 8.338122e-03 6.790280e-03 5.916468e-03 5.171495e-03 4.303817e-03 3.614108e-03 3.230845e-03 2.901061e-03 2.479139e-03 2.125878e-03 1.959797e-03 1.901848e-03 1.814947e-03 1.721251e-03 1.684930e-03 1.711050e-03 1.746228e-03 1.787922e-03 1.875481e-03 2.015270e-03 2.172434e-03 2.253550e-03 2.278771e-03 2.291360e-03 2.307751e-03 2.289200e-03 2.269408e-03 2.258847e-03 2.225179e-03 2.146298e-03 2.072027e-03 2.046013e-03 2.107084e-03 2.172649e-03 2.092995e-03 1.788757e-03 1.374765e-03 1.120398e-03 1.146226e-03 1.463975e-03 1.612349e-03 1.117131e-03 5.378957e-04 3.145370e-04 3.485026e-04 6.180226e-04 8.617922e-04 5.718548e-04 2.466852e-04 1.864790e-04 3.659144e-04 7.977643e-04 9.517542e-04 6.887793e-04 4.237349e-04 2.518563e-04 1.232893e-04 4.438380e-05 1.143056e-05 1.772964e-06 1.593244e-07 6.566728e-09 7.094861e-11 1.845348e-13 7.868811e-17 3.722073e-21 1.119812e-26 8.399318e-34 1.279385e-42 2.802597e-45 2.802597e-45 2.802597e-45 1.401298e-45 1.401298e-45 2.802597e-45 1.401298e-45 1.401298e-45 1.401298e-45 1.401298e-45 1.401298e-45 1.401298e-45 2.802597e-45 2.802597e-45 2.802597e-45 2.802597e-45 2.802597e-45 2.802597e-45 2.802597e-45 2.802597e-45 2.802597e-45 2.802597e-45 2.802597e-45 2.802597e-45 2.802597e-45 2.802597e-45 2.802597e-45 1.401298e-45 1.401298e-45
0.000000e+00 0.000000e+00 1.401298e-45 1.401298e-45 1.401298e-45 1.401298e-45 1.401298e-45 1.401298e-45 1.401298e-45 1.401298e-45 1.401298e-45 1.401298e-45 2.802597e-45 2.802597e-45 2.802597e-45 4.203895e-45 5.605194e-45 1.261169e-44 2.253777e-33 1.808442e-26 1.645570e-20 1.734382e-15 9.789815e-12 4.528340e-09 1.802972e-07 2.166703e-06 6.575386e-06 1.666010e-05 2.166350e-05 3.823328e-05 5.545117e-05 8.355794e-05 1.096665e-04 1.273387e-04 1.860844e-04 2.323617e-04 3.946215e-04 5.431827e-04 8.489660e-04 1.142289e-03 1.239712e-03 1.516018e-03 1.444978e-03 1.787718e-03 2.242966e-03 2.611540e-03 3.779077e-03 4.392924e-03 5.312573e-03 6.737797e-03 7.253126e-03 8.763837e-03 1.003667e-02 1.088559e-02 1.176013e-02 1.143247e-02 1.107831e-02 1.058484e-02 9.876497e-03 9.570090e-03 9.505968e-03 9.609575e-03 1.024953e-02 1.156388e-02 1.356234e-02 1.636670e-02 1.981854e-02 2.459955e-02 3.060667e-02 3.478344e-02 4.015640e-02 4.777449e-02 4.997961e-02 5.180172e-02 5.694500e-02 5.635429e-02 5.289726e-02 5.277860e-02 5.022828e-02 4.346637e-02 3.898577e-02 3.628422e-02 3.091735e-02 2.500503e-02 2.147582e-02 1.877608e-02 1.542993e-02 1.271955e-02 1.105479e-02 9.561484e-03 7.981068e-03 6.797041e-03 5.988987e-03 5.179108e-03 4.343578e-03 3.773161e-03 3.483009e-03 3.232616e-03 2.917086e-03 2.690761e-03 2.654744e-03 2.648318e-03 2.577397e-03 2.520033e-03 2.591370e-03 2.770080e-03 2.886944e-03 2.908995e-03 2.940597e-03 3.133237e-03 3.362610e-03 3.445745e-03 3.379612e-03 3.348511e-03 3.435673e-03 3.564054e-03 3.601259e-03 3.566639e-03 3.531790e-03 3.565279e-03 3.585390e-03 3.420992e-03 3.058156e-03 2.710762e-03 2.733906e-03 3.101898e-03 3.236770e-03 2.379665e-03 1.383110e-03 9.883787e-04 1.205177e-03 1.895958e-03 2.055848e-03 1.039880e-03 3.491132e-04 1.918758e-04 3.025641e-04 9.490654e-04 2.002096e-03 2.016342e-03 1.723051e-03 1.464864e-03 9.606936e-04 4.414462e-04 1.386238e-04 3.250289e-05 6.428130e-06 8.193489e-07 5.934895e-08 1.662959e-09 1.112326e-11 1.465884e-14 1.955454e-18 1.282979e-23 2.591454e-30 1.012370e-38 2.802597e-45 2.802597e-45 2.802597e-45 2.802597e-45 1.401298e-45 2.802597e-45 2.802597e-45 1.401298e-45 1.401298e-45 1.401298e-45 1.401298e-45 1.401298e-45 1.401298e-45 2.802597e-45 2.802597e-45 2.802597e-45 2.802597e-45 2.802597e-45 2.802597e-45 2.802597e-45 2.802597e-45 2.802597e-45 2.802597e-45 2.802597e-45 2.802597e-45 2.802597e-45 2.802597e-45 1.401298e-45 1.401298e-45
0.000000e+00 1.401298e-45 1.401298e-45 1.401298e-45 1.401298e-45 1.401298e-45 1.401298e-45 1.401298e-45 1.401298e-45 1.401298e-45 1.401298e-45 1.401298e-45 2.802597e-45 2.802597e-45 4.203895e-45 4.203895e-45 7.006492e-45 2.849251e-38 3.625043e-30 1.365495e-23 3.861868e-18 7.808791e-14 1.846951e-10 2.187856e-08 5.742588e-07 3.131110e-06 1.210481e-05 2.308461e-05 4.175647e-05 6.215211e-05 8.259978e-05 1.203551e-04 1.504657e-04 2.320864e-04 2.689020e-04 3.627078e-04 4.206462e-04 5.930390e-04 8.807352e-04 1.103877e-03 1.581150e-03 1.563818e-03 1.856370e-03 2.107542e-03 2.148897e-03 2.945321e-03 3.134482e-03 3.851062e-03 5.137516e-03 5.577024e-03 7.552367e-03 8.920742e-03 9.943292e-03 1.212259e-02 1.225001e-02 1.328192e-02 1.399121e-02 1.280619e-02 1.299982e-02 1.256785e-02 1.135103e-02 1.166908e-02 1.227233e-02 1.288010e-02 1.507367e-02 1.791350e-02 2.100397e-02 2.579493e-02 2.996093e-02 3.433863e-02 4.155760e-02 4.574292e-02 4.911669e-02 5.700028e-02 5.974440e-02 5.841841e-02 6.183608e-02 6.227743e-02 5.612699e-02 5.322311e-02 5.270886e-02 4.711975e-02 3.973487e-02 3.595034e-02 3.273363e-02 2.724415e-02 2.233605e-02 1.963899e-02 1.748130e-02 1.478683e-02 1.244151e-02 1.076050e-02 9.311951e-03 7.990886e-03 6.992483e-03 6.316294e-03 5.702983e-03 5.097221e-03 4.690172e-03 4.458182e-03 4.222721e-03 3.950853e-03 3.850285e-03 3.905538e-03 3.939485e-03 3.867193e-03 3.854436e-03 4.117315e-03 4.558669e-03 4.865346e-03 4.848399e-03 4.832570e-03 5.110946e-03 5.538541e-03 5.702085e-03 5.460841e-03 5.267863e-03 5.508263e-03 5.994429e-03 6.121273e-03 5.674054e-03 5.007133e-03 4.756756e-03 5.229699e-03 6.258879e-03 6.185383e-03 4.307745e-03 2.600678e-03 2.209432e-03 3.049935e-03 4.510965e-03 3.731855e-03 1.481656e-03 5.310309e-04 3.847200e-04 7.655018e-04 2.124360e-03 2.885437e-03 1.611423e-03 9.729781e-04 1.322590e-03 2.238962e-03 1.879465e-03 7.838745e-04 2.528853e-04 7.096917e-05 1.767182e-05 3.593664e-06 3.764109e-07 1.775518e-08 2.635366e-10 6.920011e-13 1.922480e-16 2.649119e-21 1.112318e-27 1.561030e-35 5.605194e-45 2.802597e-45 2.802597e-45 2.802597e-45 1.401298e-45 1.401298e-45 2.802597e-45 2.802597e-45 2.802597e-45 1.401298e-45 1.401298e-45 1.401298e-45 1.401298e-45 2.802597e-45 2.802597e-45 2.802597e-45 2.802597e-45 2.802597e-45 2.802597e-45 2.802597e-45 2.802597e-45 2.802597e-45 2.802597e-45 2.802597e-45 2.802597e-45 2.802597e-45 2.802597e-45 1.401298e-45 1.401298e-45
0.000000e+00 0.000000e+00 1.401298e-45 1.401298e-45 1.401298e-45 1.401298e-45 1.401298e-45 1.401298e-45 1.401298e-45 1.401298e-45 1.401298e-45 1.401298e-45 2.802597e-45 2.802597e-45 4.203895e-45 5.605194e-45 8.407791e-45 2.201056e-35 9.272136e-28 4.029797e-21 3.994020e-16 3.196888e-12 1.367021e-09 9.708450e-08 1.065609e-06 5.491772e-06 1.306728e-05 2.506431e-05 4.667840e-05 6.480912e-05 9.621343e-05 1.141594e-04 1.715834e-04 2.239225e-04 3.116278e-04 3.970326e-04 4.856828e-04 6.433530e-04 7.530864e-04 1.137650e-03 1.417288e-03 1.988369e-03 2.515922e-03 2.527775e-03 3.094951e-03 3.033987e-03 3.497509e-03 4.423660e-03 4.749553e-03 6.461921e-03 7.402686e-03 8.407188e-03 1.085450e-02 1.143780e-02 1.400383e-02 1.611608e-02 1.550770e-02 1.763288e-02 1.712602e-02 1.506669e-02 1.615279e-02 1.571184e-02 1.494384e-02 1.721717e-02 1.887518e-02 2.028259e-02 2.472375e-02 2.826420e-02 3.103998e-02 3.816916e-02 4.307697e-02 4.608865e-02 5.500623e-02 6.072131e-02 6.120804e-02 6.756051e-02 7.169960e-02 6.789078e-02 6.761564e-02 6.940057e-02 6.348848e-02 5.592944e-02 5.318450e-02 4.935334e-02 4.115224e-02 3.486361e-02 3.187419e-02 2.853856e-02 2.385143e-02 2.034598e-02 1.825004e-02 1.600676e-02 1.357415e-02 1.184356e-02 1.079399e-02 9.807398e-03 8.703453e-03 7.834231e-03 7.294906e-03 6.797886e-03 6.289906e-03 5.963576e-03 5.797547e-03 5.572590e-03 5.350166e-03 5.376004e-03 5.776166e-03 6.288518e-03 6.491118e-03 6.497037e-03 6.680113e-03 7.162292e-03 7.489151e-03 7.318964e-03 7.030509e-03 7.208639e-03 7.915599e-03 8.390797e-03 8.091277e-03 7.514690e-03 7.578623e-03 8.534261e-03 1.010051e-02 1.084651e-02 9.455571e-03 6.773374e-03 5.172354e-03 5.401233e-03 7.316471e-03 8.091838e-03 4.910708e-03 1.989379e-03 1.032969e-03 1.239228e-03 2.898812e-03 5.501086e-03 3.801463e-03 1.047014e-03 3.495319e-04 4.629990e-04 1.763499e-03 4.404057e-03 3.544651e-03 1.521505e-03 5.875896e-04 2.380983e-04 8.448659e-05 2.409350e-05 4.720647e-06 3.848679e-07 9.489598e-09 4.180283e-11 1.733979e-14 5.200113e-19 8.120611e-25 5.459709e-32 1.434930e-40 2.802597e-45 2.802597e-45 2.802597e-45 2.802597e-45 1.401298e-45 2.802597e-45 2.802597e-45 2.802597e-45 2.802597e-45 1.401298e-45 2.802597e-45 1.401298e-45 2.802597e-45 2.802597e-45 2.802597e-45 2.802597e-45 2.802597e-45 2.802597e-45 2.802597e-45 2.802597e-45 2.802597e-45 2.802597e-45 2.802597e-45 2.802597e-45 2.802597e-45 2.802597e-45 2.802597e-45 1.401298e-45
0.000000e+00 0.000000e+00 1.401298e-45 1.401298e-45 1.401298e-45 1.401298e-45 1.401298e-45 1.401298e-45 1.401298e-45 1.401298e-45 1.401298e-45 2.802597e-45 2.802597e-45 2.802597e-45 4.203895e-45 5.605194e-45 1.261169e-44 2.696302e-32 3.078146e-25 2.193655e-19 1.536309e-14 2.916878e-11 6.719604e-09 2.078823e-07 1.790118e-06 5.888784e-06 1.297463e-05 2.763204e-05 4.115209e-05 6.798372e-05 8.828736e-05 1.303172e-04 1.650152e-04 2.164455e-04 3.140278e-04 3.974382e-04 5.563910e-04 6.006365e-04 7.810258e-04 9.777839e-04 1.313368e-03 1.973911e-03 2.286427e-03 3.028468e-03 3.295650e-03 3.542538e-03 4.284898e-03 4.419317e-03 5.399705e-03 6.060282e-03 6.688684e-03 8.510223e-03 9.364204e-03 1.187616e-02 1.447922e-02 1.522360e-02 1.897329e-02 1.969236e-02 1.909274e-02 2.204757e-02 2.066623e-02 1.936799e-02 2.200999e-02 2.138331e-02 2.139419e-02 2.557877e-02 2.702874e-02 2.860379e-02 3.553712e-02 3.963742e-02 4.176353e-02 5.167865e-02 5.873654e-02 5.973509e-02 6.976049e-02 7.915565e-02 7.719638e-02 8.011662e-02 8.735330e-02 8.348906e-02 7.629632e-02 7.511654e-02 7.146705e-02 6.159969e-02 5.415608e-02 5.032100e-02 4.473802e-02 3.807708e-02 3.360960e-02 3.023282e-02 2.621255e-02 2.271560e-02 2.054692e-02 1.871676e-02 1.645279e-02 1.435315e-02 1.317540e-02 1.234370e-02 1.122597e-02 1.003305e-02 9.330467e-03 8.855562e-03 8.169749e-03 7.510803e-03 7.437139e-03 7.957328e-03 8.395619e-03 8.297459e-03 8.126548e-03 8.481345e-03 9.121859e-03 9.387587e-03 9.072243e-03 8.862883e-03 9.242333e-03 1.002033e-02 1.043249e-02 1.026199e-02 1.045206e-02 1.168742e-02 1.370726e-02 1.523879e-02 1.537771e-02 1.382450e-02 1.179780e-02 1.091341e-02 1.220776e-02 1.454059e-02 1.351027e-02 8.629937e-03 4.704763e-03 3.719129e-03 5.506818e-03 1.072756e-02 1.327253e-02 6.554940e-03 1.834616e-03 8.103262e-04 1.138247e-03 3.833863e-03 1.038270e-02 9.937959e-03 5.438825e-03 4.068028e-03 3.707050e-03 2.581383e-03 1.317748e-03 4.686904e-04 1.055300e-04 1.125749e-05 3.370371e-07 2.126819e-09 2.102266e-12 2.214756e-16 1.883573e-21 7.256998e-28 8.362988e-36 2.802597e-45 2.802597e-45 2.802597e-45 2.802597e-45 2.802597e-45 2.802597e-45 2.802597e-45 2.802597e-45 2.802597e-45 2.802597e-45 2.802597e-45 2.802597e-45 2.802597e-45 2.802597e-45 2.802597e-45 2.802597e-45 2.802597e-45 2.802597e-45 2.802597e-45 2.802597e-45 2.802597e-45 2.802597e-45 2.802597e-45 2.802597e-45 2.802597e-45 2.802597e-45 2.802597e-45 1.401298e-45
0.000000e+00 1.401298e-45 1.401298e-45 1.401298e-45 1.401298e-45 1.401298e-45 1.401298e-45 1.401298e-45 1.401298e-45 1.401298e-45 2.802597e-45 2.802597e-45 2.802597e-45 4.203895e-45 5.605194e-45 7.006492e-45 1.214726e-37 2.170118e-29 1.225592e-22 2.771883e-17 3.244340e-13 4.157630e-10 3.613236e-08 6.494608e-07 3.501304e-06 1.031933e-05 2.078709e-05 2.891846e-05 5.008862e-05 7.250629e-05 1.201402e-04 1.483838e-04 1.836300e-04 2.431981e-04 2.892842e-04 4.335872e-04 5.020982e-04 6.898657e-04 8.789685e-04 1.007420e-03 1.434255e-03 1.555214e-03 2.193938e-03 2.871184e-03 3.276935e-03 4.416493e-03 4.447677e-03 4.928622e-03 5.473170e-03 5.508326e-03 6.836106e-03 7.470000e-03 8.967837e-03 1.122690e-02 1.225106e-02 1.596441e-02 1.854385e-02 1.990778e-02 2.472340e-02 2.474671e-02 2.461038e-02 2.767489e-02 2.561576e-02 2.517409e-02 2.844147e-02 2.755900e-02 2.839268e-02 3.402865e-02 3.544253e-02 3.714102e-02 4.628374e-02 5.182000e-02 5.385873e-02 6.614440e-02 7.644153e-02 7.583306e-02 8.462213e-02 9.739436e-02 9.413684e-02 9.004761e-02 9.535280e-02 9.411440e-02 8.292034e-02 7.617822e-02 7.381711e-02 6.760263e-02 5.885793e-02 5.260750e-02 4.796764e-02 4.303282e-02 3.851973e-02 3.487967e-02 3.133578e-02 2.794391e-02 2.529986e-02 2.324410e-02 2.097396e-02 1.869102e-02 1.716899e-02 1.614712e-02 1.470952e-02 1.291214e-02 1.184235e-02 1.190201e-02 1.227188e-02 1.186684e-02 1.104957e-02 1.096860e-02 1.182164e-02 1.259534e-02 1.217131e-02 1.124699e-02 1.091194e-02 1.142458e-02 1.215927e-02 1.228414e-02 1.211433e-02 1.271808e-02 1.457883e-02 1.670412e-02 1.772021e-02 1.718945e-02 1.590979e-02 1.486639e-02 1.509784e-02 1.693316e-02 1.862649e-02 1.660052e-02 1.116291e-02 7.512933e-03 7.432763e-03 1.196674e-02 2.071633e-02 1.952622e-02 7.770802e-03 2.469832e-03 1.652434e-03 3.471710e-03 1.250586e-02 2.257703e-02 1.079302e-02 2.877554e-03 1.911714e-03 4.543988e-03 1.162165e-02 1.151612e-02 5.372857e-03 1.903901e-03 4.876558e-04 7.473909e-05 4.482388e-06 6.597354e-08 1.806790e-10 6.736798e-14 2.141337e-18 3.593883e-24 1.698005e-31 1.937295e-40 2.802597e-45 2.802597e-45 2.802597e-45 2.802597e-45 2.802597e-45 2.802597e-45 2.802597e-45 2.802597e-45 2.802597e-45 2.802597e-45 2.802597e-45 2.802597e-45 2.802597e-45 2.802597e-45 2.802597e-45 2.802597e-45 2.802597e-45 2.802597e-45 2.802597e-45 2.802597e-45 2.802597e-45 2.802597e-45 2.802597e-45 2.802597e-45 2.802597e-45 2.802597e-45 1.401298e-45
0.000000e+00 1.401298e-45 1.401298e-45 1.401298e-45 1.401298e-45 1.401298e-45 1.401298e-45 1.401298e-45 1.401298e-45 2.802597e-45 2.802597e-45 2.802597e-45 2.802597e-45 4.203895e-45 5.605194e-45 9.809089e-45 8.486187e-34 1.473131e-26 2.812712e-20 2.104000e-15 9.545070e-12 3.586530e-09 1.878780e-07 1.440465e-06 5.742416e-06 1.605504e-05 3.135828e-05 5.603312e-05 7.164371e-05 1.138964e-04 1.328746e-04 1.843436e-04 2.275006e-04 2.618782e-04 3.567103e-04 4.004154e-04 6.002509e-04 8.137846e-04 9.695657e-04 1.331243e-03 1.293941e-03 1.684927e-03 2.143510e-03 2.531241e-03 3.907683e-03 4.361909e-03 5.284247e-03 6.280628e-03 6.060629e-03 7.175336e-03 7.233643e-03 7.763045e-03 9.342063e-03 9.632133e-03 1.233046e-02 1.497724e-02 1.640310e-02 2.197354e-02 2.488965e-02 2.643324e-02 3.178525e-02 3.155257e-02 3.147669e-02 3.435624e-02 3.215957e-02 3.218180e-02 3.607724e-02 3.537643e-02 3.637843e-02 4.345760e-02 4.670130e-02 4.892287e-02 6.033508e-02 6.917256e-02 7.135161e-02 8.498333e-02 1.011196e-01 1.017798e-01 1.068287e-01 1.205756e-01 1.202626e-01 1.102046e-01 1.087051e-01 1.079591e-01 9.750102e-02 8.573267e-02 7.903389e-02 7.290085e-02 6.499841e-02 5.820604e-02 5.333805e-02 4.908924e-02 4.443393e-02 4.030086e-02 3.679273e-02 3.343958e-02 3.044387e-02 2.811177e-02 2.590944e-02 2.326021e-02 2.095789e-02 1.980626e-02 1.936128e-02 1.839808e-02 1.668190e-02 1.552784e-02 1.568563e-02 1.653545e-02 1.621573e-02 1.474476e-02 1.344670e-02 1.341203e-02 1.411125e-02 1.446107e-02 1.409560e-02 1.393509e-02 1.516697e-02 1.760656e-02 1.959090e-02 1.951291e-02 1.841187e-02 1.783966e-02 1.845236e-02 2.022884e-02 2.222052e-02 2.209730e-02 1.813479e-02 1.362820e-02 1.172172e-02 1.404610e-02 2.133248e-02 2.639751e-02 1.714699e-02 6.728542e-03 3.232436e-03 3.753681e-03 1.013259e-02 2.527558e-02 2.169585e-02 5.418389e-03 9.855482e-04 5.037790e-04 1.404458e-03 8.242548e-03 2.071629e-02 1.551927e-02 7.273748e-03 3.275278e-03 1.251649e-03 2.879560e-04 3.065359e-05 1.024284e-06 7.583038e-09 9.733531e-12 1.413365e-15 1.208839e-20 3.638584e-27 2.561536e-35 5.605194e-45 2.802597e-45 2.802597e-45 2.802597e-45 2.802597e-45 2.802597e-45 2.802597e-45 2.802597e-45 2.802597e-45 2.802597e-45 2.802597e-45 2.802597e-45 2.802597e-45 2.802597e-45 2.802597e-45 2.802597e-45 2.802597e-45 2.802597e-45 2.802597e-45 2.802597e-45 2.802597e-45 2.802597e-45 2.802597e-45 2.802597e-45 2.802597e-45 2.802597e-45 1.401298e-45
0.000000e+00 1.401298e-45 1.401298e-45 1.401298e-45 1.401298e-45 1.401298e-45 1.401298e-45 1.401298e-45 1.401298e-45 2.802597e-45 2.802597e-45 2.802597e-45 2.802597e-45 4.203895e-45 7.006492e-45 1.029934e-38 2.350122e-30 2.066310e-23 6.280161e-18 1.657223e-13 1.923060e-10 1.696209e-08 2.909673e-07 2.411069e-06 8.209755e-06 1.840801e-05 4.142578e-05 6.713201e-05 1.113334e-04 1.163555e-04 1.578456e-04 1.887923e-04 2.427721e-04 3.264946e-04 3.589546e-04 5.013300e-04 6.169470e-04 7.814480e-04 1.100738e-03 1.218255e-03 1.621068e-03 1.951453e-03 2.126408e-03 2.891741e-03 3.224823e-03 4.235725e-03 5.694849e-03 6.436233e-03 8.268211e-03 8.657763e-03 9.031972e-03 1.018100e-02 9.729246e-03 1.124698e-02 1.256166e-02 1.294019e-02 1.683702e-02 1.932815e-02 2.133003e-02 2.843071e-02 3.140264e-02 3.315453e-02 3.818212e-02 3.718480e-02 3.705681e-02 3.971760e-02 3.795163e-02 3.837220e-02 4.284484e-02 4.373340e-02 4.500200e-02 5.268312e-02 5.862026e-02 6.214238e-02 7.461748e-02 8.817822e-02 9.264958e-02 1.037312e-01 1.219291e-01 1.277505e-01 1.288467e-01 1.371942e-01 1.416962e-01 1.346944e-01 1.258289e-01 1.185451e-01 1.093132e-01 9.930545e-02 9.106355e-02 8.310264e-02 7.479788e-02 6.834275e-02 6.362515e-02 5.843000e-02 5.219414e-02 4.717590e-02 4.437305e-02 4.189036e-02 3.805701e-02 3.398464e-02 3.172679e-02 3.043064e-02 2.834640e-02 2.529940e-02 2.313223e-02 2.284265e-02 2.301735e-02 2.183497e-02 1.948566e-02 1.804254e-02 1.803824e-02 1.843745e-02 1.803606e-02 1.714381e-02 1.726734e-02 1.913419e-02 2.164621e-02 2.248088e-02 2.158016e-02 2.102907e-02 2.212157e-02 2.448126e-02 2.657185e-02 2.737023e-02 2.630826e-02 2.427670e-02 2.264171e-02 2.363509e-02 2.937376e-02 3.784232e-02 3.711745e-02 2.372325e-02 1.253898e-02 9.503450e-03 1.466029e-02 3.145590e-02 4.116325e-02 1.934144e-02 4.598964e-03 1.490830e-03 1.548340e-03 4.984753e-03 1.988997e-02 3.084177e-02 1.645445e-02 7.767926e-03 6.418128e-03 5.576448e-03 3.016192e-03 9.789099e-04 1.902020e-04 1.615581e-05 3.564494e-07 1.225215e-09 4.360468e-13 1.022479e-17 9.687929e-24 3.350026e-31 4.368968e-40 2.802597e-45 2.802597e-45 2.802597e-45 2.802597e-45 2.802597e-45 2.802597e-45 2.802597e-45 2.802597e-45 2.802597e-45 2.802597e-45 2.802597e-45 2.802597e-45 2.802597e-45 2.802597e-45 2.802597e-45 2.802597e-45 2.802597e-45 4.203895e-45 2.802597e-45 2.802597e-45 2.802597e-45 2.802597e-45 2.802597e-45 2.802597e-45 2.802597e-45 2.802597e-45
0.000000e+00 1.401298e-45 1.401298e-45 1.401298e-45 1.401298e-45 1.401298e-45 1.401298e-45 1.401298e-45 1.401298e-45 2.802597e-45 2.802597e-45 2.802597e-45 2.802597e-45 5.605194e-45 8.407791e-45 2.363238e-35 2.150951e-27 9.729595e-21 1.027371e-15 4.533143e-12 1.924028e-09 9.565237e-08 1.052700e-06 4.637691e-06 1.206668e-05 2.541916e-05 4.407327e-05 8.840398e-05 1.245830e-04 1.741585e-04 1.988499e-04 2.319532e-04 3.046893e-04 3.609177e-04 5.048839e-04 5.829531e-04 6.909412e-04 8.882756e-04 1.104174e-03 1.554290e-03 1.986800e-03 2.233792e-03 2.678986e-03 2.842002e-03 3.306169e-03 4.201063e-03 5.027205e-03 6.703182e-03 8.071627e-03 9.326565e-03 1.111652e-02 1.134522e-02 1.259237e-02 1.326362e-02 1.274655e-02 1.473389e-02 1.564160e-02 1.664709e-02 2.158578e-02 2.435345e-02 2.702664e-02 3.404907e-02 3.688306e-02 3.935596e-02 4.473705e-02 4.496165e-02 4.565506e-02 4.911913e-02 4.852523e-02 4.828312e-02 5.241245e-02 5.615073e-02 5.904965e-02 6.677764e-02 7.656853e-02 8.350273e-02 9.476949e-02 1.093809e-01 1.175312e-01 1.254511e-01 1.383380e-01 1.464878e-01 1.467994e-01 1.459902e-01 1.449723e-01 1.414568e-01 1.346208e-01 1.241949e-01 1.130059e-01 1.055880e-01 1.007608e-01 9.396327e-02 8.422219e-02 7.599413e-02 7.202360e-02 6.926997e-02 6.337623e-02 5.588663e-02 5.114876e-02 4.969043e-02 4.762690e-02 4.204959e-02 3.636554e-02 3.400063e-02 3.459511e-02 3.425638e-02 3.054812e-02 2.631834e-02 2.456597e-02 2.510781e-02 2.515944e-02 2.318390e-02 2.085312e-02 2.047901e-02 2.244784e-02 2.448181e-02 2.416366e-02 2.251486e-02 2.234975e-02 2.444666e-02 2.703416e-02 2.813515e-02 2.745844e-02 2.664794e-02 2.644955e-02 2.733256e-02 3.050904e-02 3.594996e-02 3.988852e-02 3.573551e-02 2.469611e-02 1.688634e-02 1.718960e-02 2.777589e-02 4.536936e-02 4.030405e-02 1.623836e-02 5.048970e-03 2.961791e-03 5.175801e-03 1.854469e-02 4.631905e-02 3.386288e-02 7.661821e-03 1.778128e-03 1.569503e-03 4.443956e-03 1.003557e-02 8.404889e-03 3.612990e-03 9.650535e-04 1.133422e-04 3.193223e-06 1.347392e-08 6.810041e-12 3.229896e-16 1.080057e-21 1.957421e-28 1.689660e-36 4.203895e-45 2.802597e-45 2.802597e-45 2.802597e-45 2.802597e-45 2.802597e-45 2.802597e-45 2.802597e-45 2.802597e-45 2.802597e-45 2.802597e-45 2.802597e-45 2.802597e-45 2.802597e-45 2.802597e-45 2.802597e-45 2.802597e-45 2.802597e-45 4.203895e-45 2.802597e-45 4.203895e-45 2.802597e-45 2.802597e-45 2.802597e-45 2.802597e-45 2.802597e-45
0.000000e+00 1.401298e-45 1.401298e-45 1.401298e-45 1.401298e-45 1.401298e-45 1.401298e-45 1.401298e-45 1.401298e-45 2.802597e-45 2.802597e-45 2.802597e-45 4.203895e-45 5.605194e-45 1.121039e-44 2.127103e-31 3.693607e-24 2.659202e-18 1.287635e-13 1.842544e-10 2.089258e-08 4.199528e-07 2.693522e-06 7.504720e-06 1.933812e-05 3.943950e-05 6.900037e-05 9.908952e-05 1.428807e-04 2.221111e-04 2.593322e-04 3.170814e-04 3.375400e-04 4.544815e-04 5.871253e-04 7.334537e-04 9.141564e-04 1.068164e-03 1.351295e-03 1.763785e-03 2.184527e-03 2.705670e-03 3.086536e-03 3.340334e-03 3.764843e-03 4.072589e-03 4.744194e-03 5.738770e-03 7.077155e-03 9.085734e-03 1.068915e-02 1.274906e-02 1.455212e-02 1.499259e-02 1.690016e-02 1.765014e-02 1.763619e-02 2.039424e-02 2.137653e-02 2.238213e-02 2.777102e-02 3.128973e-02 3.479587e-02 4.279777e-02 4.712539e-02 5.019693e-02 5.591068e-02 5.713072e-02 5.619787e-02 5.924900e-02 6.144007e-02 6.086415e-02 6.424932e-02 7.163219e-02 7.616468e-02 8.132406e-02 9.233425e-02 1.045439e-01 1.149639e-01 1.280069e-01 1.422271e-01 1.540857e-01 1.622186e-01 1.670883e-01 1.696129e-01 1.685320e-01 1.618976e-01 1.541876e-01 1.483220e-01 1.424035e-01 1.315610e-01 1.199496e-01 1.126685e-01 1.087501e-01 1.025698e-01 9.250663e-02 8.371293e-02 7.920144e-02 7.598519e-02 6.927428e-02 6.044385e-02 5.462416e-02 5.320581e-02 5.239518e-02 4.795896e-02 4.142527e-02 3.724251e-02 3.686278e-02 3.713737e-02 3.446160e-02 2.966215e-02 2.660668e-02 2.695498e-02 2.895988e-02 2.914878e-02 2.660684e-02 2.489444e-02 2.618408e-02 2.923778e-02 3.114487e-02 3.069974e-02 3.003986e-02 3.105864e-02 3.397485e-02 3.742068e-02 3.981345e-02 4.142251e-02 4.079771e-02 3.482695e-02 2.632388e-02 2.219770e-02 2.573353e-02 3.749772e-02 4.419092e-02 2.865195e-02 1.152940e-02 5.476124e-03 5.670751e-03 1.345410e-02 3.674633e-02 4.673099e-02 1.817661e-02 3.319806e-03 8.850078e-04 8.446716e-04 2.878577e-03 1.240407e-02 2.261140e-02 1.594036e-02 7.280475e-03 2.520282e-03 4.148162e-04 1.960233e-05 1.751596e-07 2.233312e-10 3.370114e-14 4.496359e-19 3.470428e-25 1.325843e-32 1.857281e-41 2.802597e-45 2.802597e-45 2.802597e-45 2.802597e-45 2.802597e-45 2.802597e-45 2.802597e-45 2.802597e-45 2.802597e-45 2.802597e-45 2.802597e-45 2.802597e-45 2.802597e-45 2.802597e-45 2.802597e-45 2.802597e-45 2.802597e-45 2.802597e-45 4.203895e-45 4.203895e-45 2.802597e-45 2.802597e-45 2.802597e-45 2.802597e-45 2.802597e-45
0.000000e+00 1.401298e-45 1.401298e-45 1.401298e-45 1.401298e-45 1.401298e-45 1.401298e-45 1.401298e-45 1.401298e-45 2.802597e-45 2.802597e-45 2.802597e-45 4.203895e-45 5.605194e-45 3.274539e-38 2.197539e-29 5.405797e-22 3.515513e-16 4.402445e-12 3.036258e-09 1.266483e-07 1.138768e-06 3.762576e-06 1.059056e-05 2.215523e-05 3.959887e-05 7.096914e-05 9.826950e-05 1.668729e-04 2.039661e-04 3.058330e-04 3.533291e-04 4.141817e-04 4.741441e-04 5.100928e-04 6.980480e-04 8.588278e-04 1.078710e-03 1.310642e-03 1.555813e-03 2.016510e-03 2.644614e-03 3.238292e-03 3.830838e-03 4.279300e-03 4.615953e-03 5.206986e-03 6.081197e-03 7.350049e-03 8.789554e-03 1.081549e-02 1.267322e-02 1.398795e-02 1.654775e-02 1.812339e-02 1.828223e-02 2.033524e-02 2.066009e-02 2.038568e-02 2.393020e-02 2.616583e-02 2.818312e-02 3.504995e-02 3.993116e-02 4.334839e-02 5.151517e-02 5.710247e-02 5.916731e-02 6.431043e-02 6.813007e-02 6.716599e-02 6.854261e-02 7.280527e-02 7.308710e-02 7.387003e-02 8.120303e-02 8.900870e-02 9.483659e-02 1.062697e-01 1.222624e-01 1.348266e-01 1.440869e-01 1.569836e-01 1.726591e-01 1.820879e-01 1.824430e-01 1.832245e-01 1.880624e-01 1.862859e-01 1.730976e-01 1.592003e-01 1.543819e-01 1.539539e-01 1.466793e-01 1.317835e-01 1.188009e-01 1.133281e-01 1.092594e-01 1.006436e-01 8.945776e-02 8.217968e-02 7.972937e-02 7.706253e-02 6.994858e-02 6.187903e-02 5.794252e-02 5.768074e-02 5.624285e-02 5.009682e-02 4.307479e-02 3.925929e-02 3.889187e-02 3.850692e-02 3.499656e-02 3.028890e-02 2.808425e-02 2.948444e-02 3.207062e-02 3.278245e-02 3.194709e-02 3.254076e-02 3.616433e-02 4.103149e-02 4.380118e-02 4.442471e-02 4.537532e-02 4.684108e-02 4.650427e-02 4.384983e-02 4.334903e-02 4.971244e-02 5.953190e-02 5.658834e-02 3.734018e-02 2.184095e-02 1.750553e-02 2.450471e-02 4.716553e-02 6.744424e-02 4.465712e-02 1.407450e-02 4.258420e-03 2.672254e-03 4.532349e-03 1.271728e-02 2.571164e-02 2.385795e-02 1.478423e-02 1.207890e-02 1.351148e-02 1.023320e-02 3.061081e-03 2.398390e-04 4.044316e-06 1.112884e-08 4.093222e-12 1.400142e-16 3.502845e-22 3.873491e-29 1.811199e-37 2.802597e-45 2.802597e-45 2.802597e-45 2.802597e-45 2.802597e-45 2.802597e-45 2.802597e-45 2.802597e-45 2.802597e-45 2.802597e-45 2.802597e-45 2.802597e-45 2.802597e-45 2.802597e-45 2.802597e-45 2.802597e-45 2.802597e-45 2.802597e-45 4.203895e-45 2.802597e-45 4.203895e-45 4.203895e-45 4.203895e-45 2.802597e-45 2.802597e-45
0.000000e+00 1.401298e-45 1.401298e-45 1.401298e-45 1.401298e-45 1.401298e-45 1.401298e-45 1.401298e-45 2.802597e-45 2.802597e-45 2.802597e-45 2.802597e-45 4.203895e-45 7.006492e-45 1.573092e-35 1.513194e-26 1.826960e-19 2.145129e-14 8.553788e-11 1.887723e-08 5.518335e-07 2.951313e-06 9.516692e-06 2.180092e-05 3.832606e-05 6.654317e-05 9.570175e-05 1.787954e-04 1.975247e-04 2.441491e-04 2.849249e-04 3.581410e-04 4.695858e-04 4.648071e-04 5.743565e-04 6.379184e-04 8.469892e-04 1.137300e-03 1.372964e-03 1.656317e-03 1.994891e-03 2.465569e-03 3.205960e-03 4.114124e-03 4.758651e-03 5.475159e-03 6.150693e-03 6.780891e-03 7.529879e-03 8.743641e-03 1.013434e-02 1.196106e-02 1.529009e-02 1.775085e-02 1.906553e-02 2.195531e-02 2.261436e-02 2.192235e-02 2.475979e-02 2.588197e-02 2.555972e-02 3.009276e-02 3.334931e-02 3.495895e-02 4.258717e-02 4.942049e-02 5.291326e-02 6.136066e-02 7.006069e-02 7.145875e-02 7.415161e-02 7.990885e-02 7.917710e-02 7.585233e-02 8.011109e-02 8.707503e-02 8.928597e-02 9.439617e-02 1.073287e-01 1.202707e-01 1.298793e-01 1.429018e-01 1.603861e-01 1.743303e-01 1.833158e-01 1.954100e-01 2.091913e-01 2.110955e-01 2.031619e-01 2.010528e-01 2.071668e-01 2.053647e-01 1.877279e-01 1.681356e-01 1.596761e-01 1.576694e-01 1.493945e-01 1.315769e-01 1.167846e-01 1.118383e-01 1.116002e-01 1.055723e-01 9.312436e-02 8.304460e-02 8.024268e-02 8.113702e-02 7.726865e-02 6.773748e-02 5.890296e-02 5.478308e-02 5.294729e-02 4.900682e-02 4.209136e-02 3.595562e-02 3.376231e-02 3.455732e-02 3.517430e-02 3.394653e-02 3.297155e-02 3.428715e-02 3.718356e-02 3.874790e-02 3.767731e-02 3.647762e-02 3.775809e-02 4.114277e-02 4.206123e-02 3.899138e-02 3.720541e-02 4.075005e-02 4.711623e-02 4.664528e-02 3.720660e-02 2.896553e-02 2.926570e-02 3.973232e-02 5.388414e-02 5.064342e-02 2.778429e-02 1.192995e-02 6.802116e-03 7.563921e-03 1.461323e-02 2.877408e-02 3.205050e-02 1.816557e-02 7.468807e-03 4.474716e-03 5.348016e-03 9.406906e-03 9.793281e-03 3.640350e-03 4.328664e-04 1.378626e-05 9.121413e-08 7.976095e-11 7.309567e-15 4.379747e-20 1.624585e-26 2.730810e-34 2.017870e-43 2.802597e-45 2.802597e-45 2.802597e-45 2.802597e-45 2.802597e-45 2.802597e-45 2.802597e-45 2.802597e-45 2.802597e-45 2.802597e-45 2.802597e-45 2.802597e-45 2.802597e-45 2.802597e-45 2.802597e-45 2.802597e-45 2.802597e-45 2.802597e-45 2.802597e-45 4.203895e-45 4.203895e-45 4.203895e-45 2.802597e-45 2.802597e-45
0.000000e+00 1.401298e-45 1.401298e-45 1.401298e-45 1.401298e-45 1.401298e-45 1.401298e-45 1.401298e-45 2.802597e-45 2.802597e-45 2.802597e-45 4.203895e-45 5.605194e-45 9.809089e-45 6.019341e-31 2.640193e-23 2.621398e-17 1.065534e-12 1.306785e-09 8.999624e-08 1.024744e-06 5.855688e-06 1.877516e-05 4.048826e-05 7.995171e-05 1.205963e-04 1.792681e-04 2.355754e-04 3.130412e-04 3.908992e-04 3.995415e-04 4.898222e-04 5.315564e-04 7.435755e-04 8.496332e-04 9.255362e-04 1.071602e-03 1.228323e-03 1.595770e-03 1.983832e-03 2.281505e-03 2.690710e-03 3.230533e-03 3.975012e-03 5.195972e-03 6.467890e-03 7.457787e-03 8.149653e-03 8.849015e-03 9.632657e-03 1.076906e-02 1.321588e-02 1.531466e-02 1.754231e-02 2.182163e-02 2.434230e-02 2.540081e-02 2.978510e-02 3.043189e-02 2.865454e-02 3.289161e-02 3.428910e-02 3.341602e-02 4.000660e-02 4.565379e-02 4.735990e-02 5.636854e-02 6.673769e-02 6.961189e-02 7.524949e-02 8.405352e-02 8.316795e-02 8.021235e-02 8.647711e-02 9.013452e-02 8.443154e-02 8.676001e-02 9.910329e-02 1.042026e-01 1.038876e-01 1.157302e-01 1.374587e-01 1.511133e-01 1.590686e-01 1.776774e-01 2.044487e-01 2.183426e-01 2.207297e-01 2.284166e-01 2.420244e-01 2.446599e-01 2.327005e-01 2.209541e-01 2.174642e-01 2.123722e-01 1.975011e-01 1.790476e-01 1.677646e-01 1.640124e-01 1.570839e-01 1.425951e-01 1.274325e-01 1.191396e-01 1.171653e-01 1.134313e-01 1.034587e-01 9.118477e-02 8.348730e-02 7.984362e-02 7.566895e-02 6.730379e-02 5.706885e-02 4.998048e-02 4.738186e-02 4.762406e-02 4.761883e-02 4.645089e-02 4.548829e-02 4.628512e-02 4.776144e-02 4.827220e-02 4.753388e-02 4.794586e-02 5.100819e-02 5.339545e-02 5.055847e-02 4.442053e-02 4.117439e-02 4.309353e-02 4.600366e-02 4.280709e-02 3.425090e-02 2.841280e-02 2.901303e-02 3.513777e-02 3.959641e-02 3.147784e-02 1.800228e-02 1.028128e-02 8.560167e-03 1.153493e-02 1.923399e-02 2.427542e-02 1.874736e-02 9.853023e-03 5.029273e-03 3.189577e-03 2.759215e-03 3.137038e-03 4.218453e-03 5.270274e-03 3.662581e-03 9.808933e-04 6.964966e-05 9.704099e-07 2.011487e-09 4.304075e-13 9.327110e-18 1.481286e-23 1.603820e-30 9.717607e-39 2.802597e-45 2.802597e-45 2.802597e-45 2.802597e-45 2.802597e-45 2.802597e-45 2.802597e-45 2.802597e-45 2.802597e-45 2.802597e-45 2.802597e-45 2.802597e-45 2.802597e-45 2.802597e-45 2.802597e-45 2.802597e-45 2.802597e-45 2.802597e-45 2.802597e-45 2.802597e-45 4.203895e-45 4.203895e-45 2.802597e-45 2.802597e-45
0.000000e+00 1.401298e-45 1.401298e-45 1.401298e-45 1.401298e-45 1.401298e-45 1.401298e-45 1.401298e-45 2.802597e-45 2.802597e-45 2.802597e-45 4.203895e-45 7.006492e-45 1.349269e-35 3.749908e-27 3.168509e-20 7.732300e-15 5.197417e-11 1.419411e-08 3.771592e-07 2.429038e-06 8.297764e-06 2.190714e-05 5.068772e-05 1.044774e-04 1.703584e-04 2.401253e-04 2.669470e-04 4.004232e-04 4.375681e-04 5.130418e-04 4.837318e-04 5.495888e-04 6.871225e-04 8.006021e-04 1.036498e-03 1.095061e-03 1.279671e-03 1.590677e-03 1.997212e-03 2.589009e-03 3.044016e-03 3.494981e-03 4.214704e-03 5.126171e-03 6.231822e-03 7.498671e-03 8.964120e-03 1.021326e-02 1.124670e-02 1.267181e-02 1.354127e-02 1.484217e-02 1.798166e-02 2.053707e-02 2.339146e-02 2.916578e-02 3.143650e-02 3.164186e-02 3.671721e-02 3.650688e-02 3.443281e-02 4.034297e-02 4.274618e-02 4.192524e-02 5.026880e-02 5.832061e-02 5.913034e-02 6.603198e-02 7.661822e-02 7.756037e-02 7.873230e-02 8.741156e-02 9.022861e-02 8.576313e-02 8.972548e-02 9.756783e-02 9.591556e-02 9.618184e-02 1.089129e-01 1.218729e-01 1.262093e-01 1.364937e-01 1.595251e-01 1.792398e-01 1.846829e-01 1.924222e-01 2.141889e-01 2.376288e-01 2.405621e-01 2.310034e-01 2.305013e-01 2.401306e-01 2.452105e-01 2.349054e-01 2.190047e-01 2.101030e-01 2.075895e-01 2.008697e-01 1.856732e-01 1.696579e-01 1.595946e-01 1.546973e-01 1.484443e-01 1.372549e-01 1.245043e-01 1.144356e-01 1.074109e-01 9.946667e-02 8.892095e-02 7.749291e-02 6.866422e-02 6.415429e-02 6.257630e-02 6.110413e-02 5.862961e-02 5.651847e-02 5.594945e-02 5.651106e-02 5.708840e-02 5.718324e-02 5.850155e-02 6.107887e-02 6.197662e-02 5.842515e-02 5.337810e-02 5.270021e-02 5.747209e-02 6.155753e-02 5.719548e-02 4.843508e-02 4.305890e-02 4.469161e-02 5.046368e-02 5.025309e-02 3.942932e-02 2.667730e-02 1.970816e-02 1.954639e-02 2.511349e-02 3.125064e-02 2.955312e-02 2.112949e-02 1.379827e-02 1.045147e-02 9.379064e-03 8.646436e-03 7.043424e-03 5.429479e-03 5.045504e-03 6.803014e-03 9.046956e-03 5.267890e-03 8.277848e-04 2.325593e-05 1.014554e-07 5.940734e-11 3.712186e-15 2.393142e-20 1.139784e-26 3.605359e-34 6.291830e-43 2.802597e-45 2.802597e-45 2.802597e-45 2.802597e-45 2.802597e-45 2.802597e-45 2.802597e-45 2.802597e-45 2.802597e-45 2.802597e-45 2.802597e-45 2.802597e-45 2.802597e-45 2.802597e-45 2.802597e-45 2.802597e-45 2.802597e-45 2.802597e-45 2.802597e-45 2.802597e-45 4.203895e-45 2.802597e-45 2.802597e-45
0.000000e+00 1.401298e-45 1.401298e-45 1.401298e-45 1.401298e-45 1.401298e-45 1.401298e-45 1.401298e-45 2.802597e-45 2.802597e-45 2.802597e-45 4.203895e-45 7.006492e-45 7.140741e-34 5.709070e-25 6.373811e-18 8.306195e-13 1.333335e-09 1.118656e-07 1.379648e-06 5.888050e-06 1.319772e-05 2.611200e-05 5.953004e-05 9.567391e-05 1.655659e-04 1.983496e-04 3.060742e-04 3.201590e-04 4.048625e-04 4.925638e-04 5.683494e-04 6.851465e-04 6.349914e-04 8.075170e-04 9.313168e-04 1.145980e-03 1.402757e-03 1.560681e-03 1.999718e-03 2.575697e-03 3.285241e-03 4.033916e-03 4.495099e-03 4.969031e-03 5.802082e-03 7.279282e-03 9.177842e-03 1.117089e-02 1.315926e-02 1.397016e-02 1.477138e-02 1.654272e-02 1.777920e-02 2.001440e-02 2.427904e-02 2.740739e-02 3.041282e-02 3.679628e-02 3.863848e-02 3.866437e-02 4.416171e-02 4.377152e-02 4.178302e-02 4.842117e-02 5.193539e-02 5.151890e-02 6.018589e-02 6.990898e-02 7.129449e-02 7.687669e-02 8.803269e-02 9.087954e-02 8.869317e-02 9.363888e-02 9.789706e-02 9.312607e-02 9.169633e-02 1.010406e-01 1.106168e-01 1.149925e-01 1.244050e-01 1.416791e-01 1.574504e-01 1.685129e-01 1.836725e-01 2.050544e-01 2.226528e-01 2.294949e-01 2.350979e-01 2.493669e-01 2.646816e-01 2.683205e-01 2.628237e-01 2.613705e-01 2.653185e-01 2.649413e-01 2.515922e-01 2.309387e-01 2.161623e-01 2.102905e-01 2.063525e-01 1.953079e-01 1.772696e-01 1.606341e-01 1.511746e-01 1.451342e-01 1.349376e-01 1.186187e-01 1.019602e-01 9.140485e-02 8.728194e-02 8.595758e-02 8.253421e-02 7.628899e-02 6.989618e-02 6.601180e-02 6.468675e-02 6.425654e-02 6.352659e-02 6.302273e-02 6.262068e-02 5.985236e-02 5.278899e-02 4.606846e-02 4.461574e-02 4.772948e-02 5.010833e-02 4.641762e-02 3.921365e-02 3.554003e-02 3.737683e-02 4.189478e-02 4.325994e-02 3.764002e-02 2.941103e-02 2.483441e-02 2.536552e-02 2.750334e-02 2.670007e-02 2.234643e-02 1.754207e-02 1.507413e-02 1.365128e-02 1.144882e-02 8.259078e-03 5.587750e-03 4.128500e-03 4.090725e-03 5.346957e-03 7.805011e-03 9.262520e-03 6.250789e-03 1.407850e-03 7.446613e-05 5.552811e-07 6.247480e-10 9.801080e-14 1.672838e-18 2.608230e-24 2.527358e-31 1.395619e-39 2.802597e-45 2.802597e-45 2.802597e-45 2.802597e-45 2.802597e-45 2.802597e-45 2.802597e-45 2.802597e-45 2.802597e-45 2.802597e-45 2.802597e-45 2.802597e-45 2.802597e-45 2.802597e-45 2.802597e-45 2.802597e-45 2.802597e-45 2.802597e-45 2.802597e-45 2.802597e-45 2.802597e-45 2.802597e-45 2.802597e-45
0.000000e+00 1.401298e-45 1.401298e-45 1.401298e-45 1.401298e-45 1.401298e-45 1.401298e-45 2.802597e-45 2.802597e-45 2.802597e-45 2.802597e-45 5.605194e-45 9.809089e-45 1.093831e-30 1.376366e-22 3.571076e-16 1.160609e-11 1.366024e-08 6.984383e-07 4.895818e-06 1.180813e-05 2.198719e-05 4.272053e-05 5.741312e-05 1.047497e-04 1.333096e-04 2.357248e-04 2.854259e-04 3.850048e-04 5.000356e-04 5.592240e-04 7.453008e-04 7.189926e-04 8.980099e-04 9.433182e-04 1.065044e-03 1.369262e-03 1.550800e-03 1.968861e-03 2.319926e-03 2.840261e-03 3.668169e-03 4.381717e-03 5.125382e-03 5.720515e-03 6.510859e-03 7.501294e-03 8.792195e-03 1.095126e-02 1.275753e-02 1.519537e-02 1.815154e-02 1.940500e-02 2.126204e-02 2.380144e-02 2.545658e-02 2.843670e-02 3.420265e-02 3.826971e-02 4.167500e-02 4.798222e-02 4.898040e-02 4.804675e-02 5.232619e-02 5.230605e-02 5.077970e-02 5.672934e-02 6.256200e-02 6.527857e-02 7.348169e-02 8.549907e-02 9.072641e-02 9.266465e-02 9.870185e-02 1.035145e-01 1.003058e-01 1.005239e-01 1.082662e-01 1.129069e-01 1.116677e-01 1.179401e-01 1.317670e-01 1.407359e-01 1.442360e-01 1.553289e-01 1.757255e-01 1.928115e-01 2.004050e-01 2.093246e-01 2.285788e-01 2.512520e-01 2.657107e-01 2.724496e-01 2.793434e-01 2.901348e-01 2.977530e-01 2.955587e-01 2.859849e-01 2.762760e-01 2.691788e-01 2.621455e-01 2.505334e-01 2.343501e-01 2.193758e-01 2.074609e-01 1.964459e-01 1.814633e-01 1.623987e-01 1.443813e-01 1.327669e-01 1.276434e-01 1.234441e-01 1.153451e-01 1.044729e-01 9.561658e-02 9.143855e-02 9.188420e-02 9.361295e-02 9.379804e-02 9.135955e-02 8.659065e-02 7.925720e-02 7.215670e-02 6.955252e-02 7.370604e-02 8.100692e-02 8.033679e-02 6.810196e-02 5.554002e-02 5.063965e-02 5.290695e-02 5.658442e-02 5.298904e-02 4.216935e-02 3.198227e-02 2.670387e-02 2.491665e-02 2.382025e-02 2.141094e-02 1.784967e-02 1.569618e-02 1.475870e-02 1.259927e-02 8.359030e-03 4.667151e-03 2.847161e-03 2.681958e-03 3.824249e-03 6.191300e-03 6.984369e-03 4.184187e-03 1.495949e-03 5.797048e-04 2.393337e-04 3.670770e-05 9.039139e-07 2.407728e-09 9.172461e-13 3.798300e-17 1.197093e-22 2.448546e-29 2.579262e-37 2.802597e-45 2.802597e-45 2.802597e-45 2.802597e-45 2.802597e-45 2.802597e-45 2.802597e-45 2.802597e-45 2.802597e-45 2.802597e-45 2.802597e-45 2.802597e-45 2.802597e-45 2.802597e-45 2.802597e-45 2.802597e-45 2.802597e-45 2.802597e-45 2.802597e-45 2.802597e-45 2.802597e-45 4.203895e-45 2.802597e-45
0.000000e+00 1.401298e-45 1.401298e-45 1.401298e-45 1.401298e-45 1.401298e-45 1.401298e-45 2.802597e-45 2.802597e-45 2.802597e-45 4.203895e-45 5.605194e-45 3.281996e-36 1.318142e-26 4.113422e-19 8.667374e-14 5.132459e-10 7.909745e-08 1.200776e-06 4.143639e-06 9.828963e-06 2.408194e-05 4.382291e-05 8.751049e-05 1.107108e-04 1.814725e-04 2.194299e-04 3.136501e-04 4.620775e-04 5.578873e-04 6.831869e-04 6.642903e-04 8.391144e-04 9.087705e-04 9.874551e-04 1.175985e-03 1.348367e-03 1.789621e-03 2.148720e-03 2.532664e-03 2.932609e-03 3.473961e-03 4.434122e-03 5.456033e-03 6.755983e-03 7.381055e-03 7.886776e-03 9.014547e-03 9.836940e-03 1.222243e-02 1.540841e-02 1.743966e-02 2.067370e-02 2.269318e-02 2.355191e-02 2.607086e-02 2.943160e-02 3.273588e-02 3.664370e-02 4.305089e-02 4.776029e-02 5.018411e-02 5.544902e-02 5.726172e-02 5.501669e-02 5.701959e-02 5.981531e-02 6.025591e-02 6.534272e-02 7.550807e-02 8.224045e-02 8.700296e-02 9.619533e-02 1.038982e-01 1.036779e-01 1.053893e-01 1.140321e-01 1.185923e-01 1.161815e-01 1.198730e-01 1.307970e-01 1.387138e-01 1.432069e-01 1.540597e-01 1.703306e-01 1.825914e-01 1.902396e-01 2.033695e-01 2.237106e-01 2.422472e-01 2.523219e-01 2.598210e-01 2.731514e-01 2.914159e-01 3.042277e-01 3.055068e-01 3.020004e-01 3.001910e-01 3.040903e-01 3.050596e-01 2.945477e-01 2.739300e-01 2.567579e-01 2.484183e-01 2.413286e-01 2.250310e-01 1.986858e-01 1.752786e-01 1.625842e-01 1.575672e-01 1.510690e-01 1.375951e-01 1.221011e-01 1.118331e-01 1.092175e-01 1.109091e-01 1.113500e-01 1.069669e-01 1.002986e-01 9.402032e-02 8.957985e-02 8.816888e-02 9.174135e-02 1.011581e-01 1.082041e-01 1.043181e-01 9.336141e-02 8.674134e-02 9.159120e-02 1.045432e-01 1.098244e-01 9.487788e-02 7.107788e-02 5.489806e-02 4.872240e-02 4.860264e-02 4.798172e-02 4.249074e-02 3.607133e-02 3.109809e-02 2.513384e-02 1.703571e-02 9.709600e-03 5.610265e-03 4.685642e-03 6.469158e-03 1.176917e-02 1.731637e-02 1.263591e-02 4.017368e-03 7.747248e-04 1.979392e-04 1.268372e-04 1.695451e-04 1.009543e-04 5.733493e-06 2.602132e-08 1.210141e-11 7.367712e-16 4.173104e-21 1.725074e-27 5.687826e-35 1.373272e-43 2.802597e-45 2.802597e-45 2.802597e-45 2.802597e-45 2.802597e-45 2.802597e-45 2.802597e-45 2.802597e-45 2.802597e-45 2.802597e-45 2.802597e-45 2.802597e-45 2.802597e-45 2.802597e-45 2.802597e-45 2.802597e-45 2.802597e-45 2.802597e-45 2.802597e-45 2.802597e-45 2.802597e-45 2.802597e-45
0.000000e+00 1.401298e-45 1.401298e-45 1.401298e-45 1.401298e-45 1.401298e-45 1.401298e-45 2.802597e-45 2.802597e-45 2.802597e-45 4.203895e-45 8.407791e-45 3.258298e-32 1.786178e-23 1.244422e-16 1.219353e-11 1.185562e-08 5.023955e-07 2.084793e-06 4.909704e-06 9.458397e-06 1.676627e-05 3.355727e-05 6.087584e-05 1.192565e-04 1.689859e-04 2.561649e-04 3.343831e-04 4.178004e-04 4.913860e-04 5.477869e-04 6.313688e-04 7.127416e-04 8.734012e-04 1.063322e-03 1.319037e-03 1.492590e-03 1.775066e-03 2.233898e-03 2.613914e-03 3.246683e-03 3.676053e-03 4.260764e-03 5.505945e-03 6.347559e-03 7.855182e-03 9.320989e-03 9.721270e-03 1.142613e-02 1.273355e-02 1.391635e-02 1.729690e-02 1.957548e-02 2.221084e-02 2.571111e-02 2.756378e-02 2.954733e-02 3.177217e-02 3.560024e-02 3.951529e-02 4.305029e-02 5.055038e-02 5.564595e-02 5.595474e-02 5.996130e-02 6.275912e-02 6.033661e-02 6.353978e-02 7.128832e-02 7.489875e-02 7.879966e-02 9.003684e-02 1.020132e-01 1.080237e-01 1.154628e-01 1.270516e-01 1.319357e-01 1.306961e-01 1.353561e-01 1.419209e-01 1.397143e-01 1.361555e-01 1.443962e-01 1.590875e-01 1.675242e-01 1.738682e-01 1.889939e-01 2.131391e-01 2.338737e-01 2.448207e-01 2.536632e-01 2.689843e-01 2.879445e-01 3.024640e-01 3.088589e-01 3.122777e-01 3.202969e-01 3.334509e-01 3.439664e-01 3.418227e-01 3.308352e-01 3.229327e-01 3.212407e-01 3.140750e-01 2.929946e-01 2.650591e-01 2.422620e-01 2.301674e-01 2.190918e-01 2.008678e-01 1.769951e-01 1.561914e-01 1.449635e-01 1.419344e-01 1.415955e-01 1.364900e-01 1.264212e-01 1.146126e-01 1.058446e-01 1.019139e-01 1.044410e-01 1.127513e-01 1.194460e-01 1.163133e-01 1.028600e-01 8.991592e-02 8.680218e-02 9.328190e-02 9.950903e-02 9.233136e-02 7.297789e-02 5.538218e-02 4.669701e-02 4.681982e-02 5.076588e-02 5.045247e-02 4.505761e-02 3.795363e-02 3.040816e-02 2.281691e-02 1.592808e-02 1.100997e-02 9.311128e-03 1.128859e-02 1.768429e-02 2.645878e-02 2.480955e-02 1.197695e-02 3.360506e-03 9.181103e-04 4.250500e-04 4.687319e-04 9.725516e-04 1.523210e-03 5.992217e-04 2.689690e-05 1.336163e-07 9.885903e-11 1.038477e-14 1.394866e-19 1.784748e-25 1.784266e-32 1.708281e-40 2.802597e-45 2.802597e-45 2.802597e-45 2.802597e-45 2.802597e-45 2.802597e-45 2.802597e-45 2.802597e-45 2.802597e-45 2.802597e-45 2.802597e-45 2.802597e-45 2.802597e-45 2.802597e-45 2.802597e-45 2.802597e-45 2.802597e-45 2.802597e-45 2.802597e-45 2.802597e-45 2.802597e-45 2.802597e-45
0.000000e+00 1.401298e-45 1.401298e-45 1.401298e-45 1.401298e-45 1.401298e-45 1.401298e-45 2.802597e-45 2.802597e-45 4.203895e-45 4.203895e-45 2.003464e-40 3.076196e-29 3.713609e-21 9.978737e-15 2.356136e-10 1.058882e-07 1.883927e-06 9.689305e-06 1.478581e-05 2.118375e-05 2.891565e-05 5.562527e-05 9.285920e-05 1.457522e-04 2.241836e-04 2.780852e-04 3.677064e-04 3.625818e-04 5.160060e-04 5.902358e-04 7.205684e-04 8.201286e-04 8.898700e-04 1.244702e-03 1.293283e-03 1.631935e-03 1.834447e-03 2.060990e-03 2.930123e-03 3.353708e-03 4.177052e-03 5.061985e-03 5.378505e-03 6.935326e-03 8.410266e-03 1.002091e-02 1.297096e-02 1.397671e-02 1.463613e-02 1.644927e-02 1.768357e-02 2.074781e-02 2.481582e-02 2.760151e-02 3.026070e-02 3.206991e-02 3.445258e-02 3.660252e-02 3.902014e-02 4.487634e-02 4.878083e-02 5.154612e-02 5.946562e-02 6.376984e-02 6.337665e-02 6.858143e-02 7.405641e-02 7.375124e-02 7.676467e-02 8.751015e-02 9.593461e-02 1.007622e-01 1.115239e-01 1.277907e-01 1.357787e-01 1.362732e-01 1.419115e-01 1.497982e-01 1.511605e-01 1.516069e-01 1.572699e-01 1.618845e-01 1.632940e-01 1.693502e-01 1.823273e-01 1.965816e-01 2.081624e-01 2.193392e-01 2.332385e-01 2.508776e-01 2.660758e-01 2.735018e-01 2.742169e-01 2.770091e-01 2.900760e-01 3.086101e-01 3.205820e-01 3.203073e-01 3.177324e-01 3.257224e-01 3.412118e-01 3.484750e-01 3.355373e-01 3.123800e-01 2.959737e-01 2.889037e-01 2.799678e-01 2.579026e-01 2.292591e-01 2.066764e-01 1.963164e-01 1.938359e-01 1.897673e-01 1.775625e-01 1.601111e-01 1.462449e-01 1.404197e-01 1.425790e-01 1.489919e-01 1.546682e-01 1.533838e-01 1.430498e-01 1.312236e-01 1.273571e-01 1.333468e-01 1.409179e-01 1.341122e-01 1.102093e-01 8.307647e-02 6.554434e-02 6.056505e-02 6.275310e-02 6.256481e-02 5.511373e-02 4.399429e-02 3.441883e-02 2.766218e-02 2.174990e-02 1.640398e-02 1.354480e-02 1.401894e-02 1.753928e-02 2.245949e-02 2.260884e-02 1.477981e-02 6.324518e-03 2.377824e-03 1.174480e-03 1.087331e-03 1.908611e-03 4.364900e-03 6.263858e-03 3.058042e-03 3.625105e-04 1.365993e-05 1.544921e-07 3.538601e-10 1.178754e-13 4.677311e-18 1.978581e-23 7.686134e-30 2.116698e-37 2.802597e-45 2.802597e-45 2.802597e-45 2.802597e-45 2.802597e-45 2.802597e-45 2.802597e-45 4.203895e-45 4.203895e-45 2.802597e-45 2.802597e-45 2.802597e-45 2.802597e-45 2.802597e-45 2.802597e-45 2.802597e-45 2.802597e-45 2.802597e-45 2.802597e-45 2.802597e-45 2.802597e-45 2.802597e-45
0.000000e+00 1.401298e-45 1.401298e-45 1.401298e-45 1.401298e-45 1.401298e-45 1.401298e-45 2.802597e-45 2.802597e-45 4.203895e-45 5.605194e-45 4.600162e-35 8.130828e-26 1.339919e-18 3.138393e-13 2.181900e-09 4.871024e-07 9.474194e-06 1.889028e-05 3.802460e-05 5.152210e-05 1.115079e-04 1.286359e-04 1.733174e-04 2.009002e-04 2.354883e-04 3.427840e-04 3.420084e-04 5.167481e-04 5.330297e-04 7.591741e-04 8.857831e-04 9.758239e-04 1.334467e-03 1.232298e-03 1.767417e-03 1.921385e-03 2.173701e-03 2.777543e-03 2.792495e-03 3.860886e-03 4.702531e-03 5.401818e-03 6.736872e-03 7.032660e-03 8.141828e-03 9.853660e-03 1.126906e-02 1.344276e-02 1.550577e-02 1.709806e-02 1.910364e-02 2.156269e-02 2.462373e-02 2.818235e-02 3.211234e-02 3.634144e-02 3.850954e-02 4.040659e-02 4.358076e-02 4.426644e-02 4.644082e-02 5.288517e-02 5.704745e-02 6.096873e-02 6.892287e-02 7.397519e-02 7.421840e-02 7.784654e-02 8.513279e-02 8.950345e-02 9.378661e-02 1.059226e-01 1.205094e-01 1.279780e-01 1.356259e-01 1.495971e-01 1.591546e-01 1.581353e-01 1.586757e-01 1.666610e-01 1.723692e-01 1.721662e-01 1.725437e-01 1.789117e-01 1.896047e-01 2.002620e-01 2.077363e-01 2.174358e-01 2.340612e-01 2.535659e-01 2.646479e-01 2.669826e-01 2.732393e-01 2.880689e-01 3.051148e-01 3.127447e-01 3.103756e-01 3.103987e-01 3.216915e-01 3.371652e-01 3.401116e-01 3.285164e-01 3.165592e-01 3.154794e-01 3.196655e-01 3.106322e-01 2.845925e-01 2.573829e-01 2.410561e-01 2.371614e-01 2.348265e-01 2.243145e-01 2.043345e-01 1.844438e-01 1.718061e-01 1.663518e-01 1.654257e-01 1.639873e-01 1.592468e-01 1.478286e-01 1.337983e-01 1.240898e-01 1.212307e-01 1.218927e-01 1.172904e-01 1.043054e-01 8.823077e-02 7.817034e-02 7.782244e-02 8.491294e-02 9.124663e-02 8.875336e-02 7.611211e-02 6.173185e-02 5.163680e-02 4.469809e-02 3.834303e-02 3.301212e-02 3.091282e-02 3.249909e-02 3.651105e-02 3.674572e-02 2.730180e-02 1.449427e-02 6.449019e-03 3.201658e-03 2.509525e-03 3.473163e-03 6.989303e-03 1.252320e-02 1.214575e-02 4.854343e-03 7.717567e-04 6.807235e-05 4.186606e-06 1.711989e-07 2.034392e-09 2.739725e-12 3.543516e-16 4.188965e-21 3.985767e-27 3.019563e-34 1.313017e-42 2.802597e-45 2.802597e-45 2.802597e-45 2.802597e-45 2.802597e-45 2.802597e-45 4.203895e-45 4.203895e-45 4.203895e-45 4.203895e-45 2.802597e-45 2.802597e-45 2.802597e-45 2.802597e-45 2.802597e-45 2.802597e-45 2.802597e-45 2.802597e-45 2.802597e-45 2.802597e-45 2.802597e-45
0.000000e+00 1.401298e-45 1.401298e-45 1.401298e-45 1.401298e-45 1.401298e-45 1.401298e-45 2.802597e-45 2.802597e-45 4.203895e-45 7.006492e-45 2.031962e-32 3.568501e-23 1.153500e-15 1.306266e-10 1.043325e-07 3.346730e-06 1.303840e-05 3.994010e-05 5.162490e-05 1.188814e-04 1.478691e-04 2.625657e-04 2.968411e-04 3.397363e-04 4.064525e-04 3.787657e-04 5.844946e-04 5.714261e-04 7.944806e-04 8.643178e-04 1.026970e-03 1.384991e-03 1.242531e-03 1.601210e-03 1.574341e-03 1.932424e-03 2.457782e-03 2.509397e-03 3.244931e-03 3.552795e-03 4.544879e-03 5.827636e-03 6.700481e-03 8.101725e-03 8.579089e-03 9.521303e-03 1.087632e-02 1.276042e-02 1.569916e-02 1.770784e-02 1.945042e-02 2.096174e-02 2.216770e-02 2.516207e-02 2.927398e-02 3.293835e-02 3.746239e-02 4.136693e-02 4.322635e-02 4.622103e-02 5.014388e-02 5.348799e-02 5.868719e-02 6.584612e-02 7.162968e-02 7.564113e-02 8.002319e-02 8.667671e-02 9.181716e-02 9.608450e-02 1.057139e-01 1.173170e-01 1.233771e-01 1.303138e-01 1.423320e-01 1.523889e-01 1.604619e-01 1.713705e-01 1.821235e-01 1.905758e-01 1.987706e-01 2.057119e-01 2.094974e-01 2.110472e-01 2.120281e-01 2.113283e-01 2.140730e-01 2.227202e-01 2.314156e-01 2.342930e-01 2.373972e-01 2.506199e-01 2.710478e-01 2.873593e-01 2.933358e-01 2.956494e-01 3.049733e-01 3.237115e-01 3.401323e-01 3.434112e-01 3.379744e-01 3.375589e-01 3.463420e-01 3.526151e-01 3.442444e-01 3.239847e-01 3.068074e-01 3.007977e-01 3.009368e-01 2.967303e-01 2.827772e-01 2.622408e-01 2.440815e-01 2.330772e-01 2.272962e-01 2.214232e-01 2.129423e-01 1.989602e-01 1.794176e-01 1.596479e-01 1.450128e-01 1.358164e-01 1.268153e-01 1.121009e-01 9.246679e-02 7.562745e-02 6.670287e-02 6.541702e-02 6.752556e-02 6.593535e-02 5.785478e-02 4.862574e-02 4.322490e-02 4.197627e-02 4.169654e-02 4.032519e-02 3.849370e-02 3.796715e-02 3.930194e-02 3.924417e-02 3.301595e-02 2.281576e-02 1.413172e-02 8.872182e-03 6.882543e-03 7.384349e-03 1.015761e-02 1.429372e-02 1.365344e-02 7.209789e-03 2.212080e-03 5.319712e-04 1.303753e-04 3.042210e-05 5.295568e-06 4.510168e-07 9.284009e-09 2.319421e-11 4.113062e-15 6.597316e-20 9.806721e-26 1.131913e-32 1.197410e-40 2.802597e-45 2.802597e-45 2.802597e-45 2.802597e-45 2.802597e-45 2.802597e-45 4.203895e-45 4.203895e-45 4.203895e-45 4.203895e-45 4.203895e-45 2.802597e-45 2.802597e-45 2.802597e-45 2.802597e-45 2.802597e-45 2.802597e-45 2.802597e-45 2.802597e-45 2.802597e-45 2.802597e-45
0.000000e+00 1.401298e-45 1.401298e-45 1.401298e-45 1.401298e-45 1.401298e-45 2.802597e-45 2.802597e-45 2.802597e-45 4.203895e-45 8.407791e-45 6.608423e-29 4.726854e-20 9.935808e-14 2.997457e-09 1.172406e-06 1.441432e-05 3.655461e-05 4.595615e-05 9.536991e-05 1.196297e-04 2.168065e-04 2.984616e-04 4.232061e-04 5.045965e-04 4.870361e-04 6.204235e-04 6.315088e-04 8.186961e-04 8.747004e-04 1.015896e-03 1.190947e-03 1.165785e-03 1.460874e-03 1.548284e-03 1.720953e-03 2.005029e-03 2.327402e-03 3.010280e-03 3.534619e-03 4.140033e-03 4.562198e-03 5.514794e-03 6.729869e-03 7.878280e-03 9.459928e-03 1.005419e-02 1.147643e-02 1.336791e-02 1.495497e-02 1.801246e-02 2.047840e-02 2.243931e-02 2.497205e-02 2.685041e-02 2.948478e-02 3.355683e-02 3.822179e-02 4.318609e-02 4.765750e-02 5.160756e-02 5.589831e-02 5.956559e-02 6.362587e-02 6.883100e-02 7.378624e-02 7.988244e-02 8.862259e-02 9.502377e-02 9.905353e-02 1.087270e-01 1.191325e-01 1.227321e-01 1.287273e-01 1.414978e-01 1.533837e-01 1.634821e-01 1.737866e-01 1.857196e-01 1.995364e-01 2.106744e-01 2.131994e-01 2.166468e-01 2.295179e-01 2.393342e-01 2.366038e-01 2.340202e-01 2.389556e-01 2.420532e-01 2.378122e-01 2.365514e-01 2.467685e-01 2.623495e-01 2.728039e-01 2.767101e-01 2.822400e-01 2.952497e-01 3.131372e-01 3.267603e-01 3.292785e-01 3.283077e-01 3.331490e-01 3.467000e-01 3.559935e-01 3.490865e-01 3.332147e-01 3.224327e-01 3.233551e-01 3.303858e-01 3.311286e-01 3.196512e-01 3.003528e-01 2.847534e-01 2.786848e-01 2.767752e-01 2.719204e-01 2.586166e-01 2.376973e-01 2.131941e-01 1.930656e-01 1.811096e-01 1.723129e-01 1.600603e-01 1.410366e-01 1.208577e-01 1.063050e-01 9.924145e-02 9.706160e-02 9.274796e-02 8.228852e-02 6.919452e-02 5.931723e-02 5.441004e-02 5.145230e-02 4.720102e-02 4.135056e-02 3.586759e-02 3.282576e-02 3.161565e-02 2.988985e-02 2.607525e-02 2.093223e-02 1.615635e-02 1.345400e-02 1.275874e-02 1.291281e-02 1.296977e-02 1.113786e-02 7.182060e-03 3.530918e-03 1.470324e-03 6.298884e-04 3.039826e-04 1.475408e-04 5.658314e-05 1.080697e-05 7.154151e-07 1.060879e-08 2.120864e-11 4.565904e-15 9.827992e-20 2.933198e-25 1.032033e-31 2.982298e-39 2.802597e-45 2.802597e-45 2.802597e-45 2.802597e-45 2.802597e-45 2.802597e-45 2.802597e-45 4.203895e-45 4.203895e-45 4.203895e-45 4.203895e-45 4.203895e-45 4.203895e-45 2.802597e-45 2.802597e-45 2.802597e-45 2.802597e-45 2.802597e-45 2.802597e-45 2.802597e-45 2.802597e-45
0.000000e+00 1.401298e-45 1.401298e-45 1.401298e-45 1.401298e-45 1.401298e-45 2.802597e-45 2.802597e-45 4.203895e-45 4.203895e-45 6.444197e-37 1.771460e-26 5.158371e-18 8.905424e-12 5.286607e-08 6.700123e-06 5.069585e-05 8.229327e-05 7.174677e-05 7.148107e-05 1.086350e-04 1.701167e-04 2.330986e-04 3.335290e-04 4.851199e-04 7.339009e-04 9.380089e-04 9.932001e-04 1.096823e-03 1.173469e-03 1.424794e-03 1.439531e-03 1.534583e-03 1.796815e-03 1.912632e-03 2.311745e-03 2.446518e-03 2.673249e-03 3.437812e-03 3.893528e-03 4.678805e-03 5.600681e-03 5.879455e-03 7.292512e-03 8.576352e-03 9.844151e-03 1.260000e-02 1.341766e-02 1.452703e-02 1.675507e-02 1.795366e-02 2.168271e-02 2.552331e-02 2.769831e-02 3.096190e-02 3.305952e-02 3.587065e-02 4.001356e-02 4.420685e-02 5.098019e-02 5.764553e-02 6.173234e-02 6.637254e-02 7.054237e-02 7.345659e-02 7.837594e-02 8.597891e-02 9.419779e-02 1.032817e-01 1.132934e-01 1.214848e-01 1.281068e-01 1.366894e-01 1.452200e-01 1.506982e-01 1.557163e-01 1.637899e-01 1.768540e-01 1.948789e-01 2.095321e-01 2.185288e-01 2.313468e-01 2.499887e-01 2.601882e-01 2.594007e-01 2.608360e-01 2.637621e-01 2.596688e-01 2.492723e-01 2.445589e-01 2.482336e-01 2.533546e-01 2.539030e-01 2.534240e-01 2.587385e-01 2.733716e-01 2.934894e-01 3.109749e-01 3.188441e-01 3.236986e-01 3.362327e-01 3.535847e-01 3.631201e-01 3.574768e-01 3.482851e-01 3.473569e-01 3.555469e-01 3.626207e-01 3.601632e-01 3.459020e-01 3.302750e-01 3.177485e-01 3.106301e-01 3.017631e-01 2.893417e-01 2.742437e-01 2.560894e-01 2.370289e-01 2.195032e-01 2.054076e-01 1.905781e-01 1.712561e-01 1.472868e-01 1.248594e-01 1.082926e-01 9.899499e-02 9.338299e-02 8.649291e-02 7.648662e-02 6.742729e-02 6.343906e-02 6.380657e-02 6.378032e-02 5.956397e-02 5.318591e-02 5.003939e-02 5.137780e-02 5.442972e-02 5.489360e-02 5.132042e-02 4.459586e-02 3.832910e-02 3.377448e-02 3.036442e-02 2.778989e-02 2.387684e-02 1.751495e-02 1.140124e-02 7.037945e-03 4.311175e-03 2.775341e-03 1.710758e-03 1.017797e-03 5.560317e-04 2.489153e-04 6.147981e-05 4.136479e-06 4.456030e-08 6.540538e-11 1.821074e-14 1.268216e-18 1.609812e-23 2.853986e-29 3.697118e-36 2.802597e-44 2.802597e-45 2.802597e-45 2.802597e-45 2.802597e-45 2.802597e-45 2.802597e-45 4.203895e-45 4.203895e-45 4.203895e-45 4.203895e-45 4.203895e-45 4.203895e-45 2.802597e-45 2.802597e-45 2.802597e-45 2.802597e-45 2.802597e-45 2.802597e-45 2.802597e-45 2.802597e-45
0.000000e+00 1.401298e-45 1.401298e-45 1.401298e-45 1.401298e-45 1.401298e-45 2.802597e-45 2.802597e-45 4.203895e-45 5.605194e-45 3.388171e-32 4.060649e-23 9.878478e-16 1.836572e-10 3.890733e-07 1.222210e-05 5.724426e-05 8.346619e-05 1.306015e-04 1.347586e-04 1.896267e-04 2.321171e-04 3.320467e-04 4.189953e-04 5.172137e-04 7.691641e-04 8.753912e-04 1.290085e-03 1.296893e-03 1.464575e-03 1.454903e-03 1.555213e-03 1.860813e-03 1.707252e-03 2.199756e-03 2.418815e-03 2.803726e-03 3.433925e-03 3.298023e-03 4.246210e-03 5.110565e-03 5.774518e-03 7.444091e-03 7.488111e-03 8.596543e-03 1.074617e-02 1.126373e-02 1.394627e-02 1.571824e-02 1.604108e-02 1.966907e-02 2.161497e-02 2.396167e-02 2.955595e-02 3.224254e-02 3.554292e-02 3.966135e-02 4.284538e-02 4.859120e-02 5.409438e-02 5.971184e-02 6.701705e-02 7.219314e-02 7.665101e-02 8.328468e-02 9.032686e-02 9.753518e-02 1.046872e-01 1.118836e-01 1.197965e-01 1.264266e-01 1.301646e-01 1.364613e-01 1.475230e-01 1.592800e-01 1.697761e-01 1.819191e-01 1.935192e-01 2.020817e-01 2.105296e-01 2.260633e-01 2.445118e-01 2.553241e-01 2.614964e-01 2.740160e-01 2.875066e-01 2.909345e-01 2.846396e-01 2.821248e-01 2.851874e-01 2.827175e-01 2.712634e-01 2.582150e-01 2.547826e-01 2.618465e-01 2.724381e-01 2.771097e-01 2.754550e-01 2.780236e-01 2.935344e-01 3.159638e-01 3.271413e-01 3.232215e-01 3.184978e-01 3.264821e-01 3.476983e-01 3.687567e-01 3.744881e-01 3.666229e-01 3.539959e-01 3.476019e-01 3.491357e-01 3.493882e-01 3.422664e-01 3.262442e-01 3.036336e-01 2.800435e-01 2.626155e-01 2.493151e-01 2.335373e-01 2.103639e-01 1.842463e-01 1.618684e-01 1.451299e-01 1.303816e-01 1.144996e-01 9.634653e-02 7.982611e-02 6.773315e-02 6.010352e-02 5.447222e-02 4.794872e-02 4.076599e-02 3.623184e-02 3.672043e-02 4.243896e-02 5.107712e-02 5.804242e-02 5.835251e-02 5.343091e-02 4.759648e-02 4.309566e-02 4.070479e-02 3.865322e-02 3.417475e-02 2.755203e-02 2.121571e-02 1.577634e-02 1.208658e-02 8.897913e-03 6.042148e-03 4.245891e-03 3.315279e-03 2.973167e-03 2.142721e-03 6.888078e-04 4.547372e-05 4.159551e-07 7.061338e-10 4.254012e-13 1.284506e-16 1.101849e-20 7.882033e-26 3.458075e-32 5.779445e-40 2.802597e-45 2.802597e-45 2.802597e-45 2.802597e-45 2.802597e-45 2.802597e-45 2.802597e-45 4.203895e-45 4.203895e-45 4.203895e-45 4.203895e-45 4.203895e-45 2.802597e-45 2.802597e-45 2.802597e-45 2.802597e-45 2.802597e-45 2.802597e-45 2.802597e-45 2.802597e-45
0.000000e+00 1.401298e-45 1.401298e-45 1.401298e-45 1.401298e-45 1.401298e-45 2.802597e-45 2.802597e-45 4.203895e-45 8.407791e-45 6.728975e-29 6.531787e-20 2.092161e-13 5.782811e-09 2.055661e-06 4.653056e-05 9.273345e-05 1.427636e-04 1.697210e-04 3.241753e-04 3.673868e-04 4.176993e-04 4.763692e-04 5.275583e-04 7.057980e-04 6.405300e-04 8.991793e-04 9.675827e-04 1.296729e-03 1.369397e-03 1.403741e-03 1.743354e-03 1.706876e-03 2.176120e-03 2.199971e-03 2.494587e-03 3.137676e-03 3.242168e-03 3.941273e-03 4.100623e-03 4.714577e-03 6.264120e-03 7.021262e-03 8.674921e-03 9.767607e-03 9.984114e-03 1.269521e-02 1.450424e-02 1.659017e-02 2.053078e-02 2.057174e-02 2.260049e-02 2.681082e-02 2.825334e-02 3.288346e-02 3.834546e-02 4.142899e-02 4.661550e-02 5.150720e-02 5.694273e-02 6.363764e-02 6.933656e-02 7.803691e-02 8.698776e-02 9.150630e-02 9.785105e-02 1.047964e-01 1.098907e-01 1.172663e-01 1.253823e-01 1.309202e-01 1.404133e-01 1.517576e-01 1.582939e-01 1.637689e-01 1.734057e-01 1.826619e-01 1.904542e-01 2.004443e-01 2.168162e-01 2.367997e-01 2.515557e-01 2.604017e-01 2.703901e-01 2.808568e-01 2.832507e-01 2.821594e-01 2.859598e-01 2.910148e-01 2.898293e-01 2.823320e-01 2.767519e-01 2.785136e-01 2.842800e-01 2.864514e-01 2.813050e-01 2.749940e-01 2.779225e-01 2.915728e-01 3.032731e-01 3.025194e-01 2.954203e-01 2.979466e-01 3.127026e-01 3.315530e-01 3.446470e-01 3.486485e-01 3.511531e-01 3.582910e-01 3.703650e-01 3.810108e-01 3.848070e-01 3.819927e-01 3.707983e-01 3.506604e-01 3.269307e-01 3.056407e-01 2.870947e-01 2.668185e-01 2.422245e-01 2.167209e-01 1.945313e-01 1.774509e-01 1.634056e-01 1.486508e-01 1.326693e-01 1.184892e-01 1.061852e-01 9.468652e-02 8.100090e-02 6.623091e-02 5.538604e-02 5.181298e-02 5.538712e-02 6.199693e-02 6.510661e-02 5.940267e-02 4.831783e-02 3.850626e-02 3.228774e-02 2.924879e-02 2.839232e-02 2.780206e-02 2.541141e-02 2.155955e-02 1.737973e-02 1.384937e-02 1.090712e-02 7.837411e-03 5.518476e-03 4.275438e-03 4.152480e-03 5.096051e-03 5.852730e-03 3.940879e-03 9.467230e-04 6.222936e-05 1.005610e-06 4.361878e-09 8.141300e-12 6.871392e-15 1.567604e-18 3.131287e-23 1.943953e-29 5.329600e-37 4.203895e-45 2.802597e-45 2.802597e-45 2.802597e-45 2.802597e-45 2.802597e-45 2.802597e-45 4.203895e-45 4.203895e-45 4.203895e-45 4.203895e-45 4.203895e-45 4.203895e-45 2.802597e-45 2.802597e-45 2.802597e-45 2.802597e-45 2.802597e-45 2.802597e-45 2.802597e-45
0.000000e+00 1.401298e-45 1.401298e-45 1.401298e-45 1.401298e-45 2.802597e-45 2.802597e-45 4.203895e-45 5.605194e-45 9.633405e-34 3.031359e-24 1.475527e-16 1.000597e-10 3.523461e-07 1.906084e-05 6.257366e-05 1.272166e-04 1.585563e-04 2.284780e-04 3.035977e-04 4.304416e-04 5.960877e-04 5.886556e-04 7.364512e-04 6.475378e-04 8.234868e-04 8.063667e-04 9.365642e-04 1.095917e-03 1.238874e-03 1.646294e-03 1.728225e-03 2.146298e-03 2.364534e-03 2.527806e-03 2.905055e-03 2.931933e-03 3.556615e-03 4.247184e-03 4.824518e-03 5.637760e-03 6.068407e-03 7.504231e-03 9.335459e-03 1.052944e-02 1.248404e-02 1.349775e-02 1.521919e-02 1.853114e-02 2.025834e-02 2.374547e-02 2.664581e-02 2.727638e-02 3.148673e-02 3.522253e-02 3.860613e-02 4.517053e-02 4.971190e-02 5.383183e-02 5.834362e-02 6.336574e-02 7.202472e-02 7.847802e-02 8.468664e-02 9.763953e-02 1.053613e-01 1.064784e-01 1.149782e-01 1.237383e-01 1.252605e-01 1.335546e-01 1.476612e-01 1.566519e-01 1.660510e-01 1.822492e-01 1.963579e-01 2.026055e-01 2.068918e-01 2.141256e-01 2.214233e-01 2.236879e-01 2.269323e-01 2.416425e-01 2.621070e-01 2.717688e-01 2.769156e-01 2.903131e-01 3.065473e-01 3.076378e-01 2.969976e-01 2.925245e-01 2.972828e-01 3.012520e-01 2.939443e-01 2.805545e-01 2.756111e-01 2.845124e-01 2.996280e-01 3.067049e-01 2.999760e-01 2.925712e-01 2.953318e-01 3.078949e-01 3.230227e-01 3.318852e-01 3.362927e-01 3.399591e-01 3.516653e-01 3.749181e-01 4.020562e-01 4.234488e-01 4.291499e-01 4.186139e-01 3.977542e-01 3.760415e-01 3.594525e-01 3.437617e-01 3.221363e-01 2.958276e-01 2.689811e-01 2.446694e-01 2.220341e-01 2.004386e-01 1.795127e-01 1.602992e-01 1.414019e-01 1.224390e-01 1.019917e-01 8.373918e-02 7.190198e-02 6.901316e-02 7.431480e-02 8.369486e-02 9.027448e-02 8.677922e-02 7.540995e-02 6.406967e-02 5.702494e-02 5.448777e-02 5.430985e-02 5.293737e-02 4.684339e-02 3.797732e-02 2.987872e-02 2.355568e-02 1.880358e-02 1.428314e-02 1.009839e-02 7.220481e-03 5.893747e-03 5.995118e-03 6.841131e-03 6.924251e-03 4.748765e-03 1.838436e-03 3.763477e-04 3.572303e-05 1.321733e-06 1.367646e-08 3.393361e-11 2.961649e-14 6.836594e-18 1.877008e-22 2.630118e-28 1.434437e-35 6.165713e-44 2.802597e-45 2.802597e-45 2.802597e-45 2.802597e-45 2.802597e-45 2.802597e-45 4.203895e-45 4.203895e-45 4.203895e-45 4.203895e-45 4.203895e-45 4.203895e-45 4.203895e-45 2.802597e-45 2.802597e-45 2.802597e-45 2.802597e-45 2.802597e-45 2.802597e-45
0.000000e+00 1.401298e-45 1.401298e-45 1.401298e-45 1.401298e-45 2.802597e-45 2.802597e-45 4.203895e-45 5.605194e-45 2.582608e-30 5.716412e-21 1.173123e-13 7.380046e-09 3.758226e-06 6.062482e-05 1.585022e-04 1.685451e-04 1.923311e-04 2.755213e-04 3.141957e-04 4.755051e-04 5.235233e-04 7.804126e-04 7.087442e-04 8.718342e-04 8.821125e-04 9.460093e-04 1.066800e-03 1.096461e-03 1.492858e-03 1.597005e-03 2.005204e-03 2.243439e-03 2.333137e-03 2.821862e-03 2.876691e-03 3.251518e-03 3.750073e-03 4.085012e-03 5.044071e-03 5.536118e-03 6.281757e-03 7.587023e-03 8.550385e-03 1.084667e-02 1.289098e-02 1.378505e-02 1.564568e-02 1.697156e-02 1.914061e-02 2.254713e-02 2.526130e-02 2.886100e-02 3.176481e-02 3.535624e-02 4.049943e-02 4.447562e-02 5.042509e-02 5.663360e-02 6.209690e-02 6.992345e-02 7.743839e-02 8.672730e-02 9.935570e-02 1.046826e-01 1.083035e-01 1.179825e-01 1.208444e-01 1.207929e-01 1.344817e-01 1.539839e-01 1.633614e-01 1.726246e-01 1.879703e-01 1.961267e-01 1.963623e-01 2.041054e-01 2.209836e-01 2.302352e-01 2.292242e-01 2.312261e-01 2.400333e-01 2.470490e-01 2.489354e-01 2.570602e-01 2.769720e-01 2.943993e-01 3.026428e-01 3.112217e-01 3.266203e-01 3.377415e-01 3.356996e-01 3.262056e-01 3.201095e-01 3.201886e-01 3.238027e-01 3.232724e-01 3.186459e-01 3.133306e-01 3.116437e-01 3.165564e-01 3.194797e-01 3.165027e-01 3.104561e-01 3.087459e-01 3.165173e-01 3.351806e-01 3.601499e-01 3.853454e-01 4.058554e-01 4.181745e-01 4.196112e-01 4.124123e-01 4.033746e-01 3.954684e-01 3.861755e-01 3.689418e-01 3.445691e-01 3.186967e-01 2.950909e-01 2.750906e-01 2.553239e-01 2.327558e-01 2.081480e-01 1.826102e-01 1.562161e-01 1.287867e-01 1.060799e-01 9.210394e-02 8.787508e-02 8.835696e-02 8.572823e-02 7.479051e-02 6.096764e-02 5.134650e-02 4.797109e-02 4.949414e-02 5.376166e-02 5.704297e-02 5.506318e-02 4.852191e-02 4.041150e-02 3.326099e-02 2.859345e-02 2.500251e-02 2.063974e-02 1.619245e-02 1.293498e-02 1.155643e-02 1.176777e-02 1.143116e-02 9.106641e-03 5.227970e-03 2.352120e-03 8.694834e-04 2.434560e-04 4.109503e-05 2.554826e-06 4.311704e-08 1.485345e-10 1.121231e-13 2.034450e-17 5.441536e-22 1.581039e-27 4.640307e-34 1.287933e-41 4.203895e-45 2.802597e-45 2.802597e-45 2.802597e-45 2.802597e-45 2.802597e-45 2.802597e-45 4.203895e-45 4.203895e-45 4.203895e-45 4.203895e-45 4.203895e-45 4.203895e-45 2.802597e-45 2.802597e-45 2.802597e-45 2.802597e-45 2.802597e-45 2.802597e-45
0.000000e+00 1.401298e-45 1.401298e-45 1.401298e-45 1.401298e-45 2.802597e-45 2.802597e-45 4.203895e-45 7.006492e-45 1.881396e-28 5.558091e-19 3.239620e-12 9.550818e-08 3.088496e-05 2.840383e-04 3.708309e-04 2.511818e-04 2.186932e-04 2.029254e-04 3.063133e-04 3.087551e-04 4.405388e-04 4.906279e-04 7.577466e-04 9.319932e-04 1.032415e-03 1.146106e-03 1.148960e-03 1.448814e-03 1.419372e-03 1.597911e-03 1.824133e-03 1.999945e-03 2.371631e-03 2.520535e-03 3.023456e-03 3.594519e-03 3.813261e-03 4.388598e-03 4.860411e-03 5.833330e-03 7.290427e-03 7.806913e-03 9.280697e-03 1.071644e-02 1.177375e-02 1.453699e-02 1.581917e-02 1.717006e-02 2.002798e-02 2.169554e-02 2.469635e-02 2.908033e-02 3.316560e-02 3.775105e-02 4.216148e-02 4.897900e-02 5.464712e-02 5.993598e-02 7.016460e-02 7.747433e-02 8.259706e-02 9.279408e-02 1.002280e-01 1.052253e-01 1.165942e-01 1.239220e-01 1.266666e-01 1.372699e-01 1.451710e-01 1.429147e-01 1.522333e-01 1.756231e-01 1.900791e-01 1.972933e-01 2.203837e-01 2.450817e-01 2.443581e-01 2.354409e-01 2.392398e-01 2.460581e-01 2.467334e-01 2.499423e-01 2.610472e-01 2.773218e-01 2.913083e-01 3.047176e-01 3.202462e-01 3.362453e-01 3.499572e-01 3.558265e-01 3.546099e-01 3.536721e-01 3.573000e-01 3.635648e-01 3.648179e-01 3.567772e-01 3.472810e-01 3.432795e-01 3.461118e-01 3.488815e-01 3.423084e-01 3.307714e-01 3.207437e-01 3.183371e-01 3.292390e-01 3.497737e-01 3.729161e-01 3.889739e-01 3.949772e-01 3.925753e-01 3.877617e-01 3.897961e-01 3.974754e-01 4.022433e-01 3.972550e-01 3.830554e-01 3.629798e-01 3.409630e-01 3.192240e-01 2.983016e-01 2.760526e-01 2.483676e-01 2.158549e-01 1.828080e-01 1.561401e-01 1.398495e-01 1.339693e-01 1.333048e-01 1.294410e-01 1.146527e-01 9.428218e-02 7.798731e-02 6.892810e-02 6.556460e-02 6.436256e-02 6.081145e-02 5.216588e-02 4.095031e-02 3.112931e-02 2.439281e-02 2.069356e-02 1.861536e-02 1.640187e-02 1.405142e-02 1.219728e-02 1.090454e-02 1.056824e-02 1.017344e-02 8.752605e-03 6.439080e-03 4.089910e-03 2.489106e-03 1.479791e-03 8.249361e-04 3.430365e-04 8.364916e-05 8.172569e-06 2.162474e-07 1.085354e-09 7.778825e-13 8.309733e-17 2.226773e-21 1.941127e-26 5.637720e-32 2.400965e-38 4.203895e-45 2.802597e-45 2.802597e-45 2.802597e-45 2.802597e-45 2.802597e-45 2.802597e-45 4.203895e-45 4.203895e-45 4.203895e-45 4.203895e-45 4.203895e-45 4.203895e-45 4.203895e-45 2.802597e-45 2.802597e-45 2.802597e-45 2.802597e-45 2.802597e-45
0.000000e+00 1.401298e-45 1.401298e-45 1.401298e-45 1.401298e-45 2.802597e-45 2.802597e-45 4.203895e-45 6.886302e-38 9.641976e-27 8.313092e-18 3.123719e-11 3.427010e-07 2.424515e-05 9.778924e-05 1.265713e-04 1.684927e-04 2.114915e-04 2.865964e-04 3.414082e-04 4.317354e-04 4.809514e-04 5.673302e-04 6.793583e-04 7.590291e-04 9.149166e-04 1.093648e-03 1.381242e-03 1.396615e-03 1.434434e-03 1.436819e-03 1.574273e-03 1.824596e-03 2.095592e-03 2.322358e-03 2.784450e-03 3.186434e-03 3.766359e-03 4.382300e-03 4.950400e-03 6.131889e-03 7.125214e-03 8.731087e-03 9.971364e-03 1.064550e-02 1.303627e-02 1.497296e-02 1.747483e-02 2.052237e-02 2.143016e-02 2.416377e-02 2.759068e-02 3.061176e-02 3.526674e-02 4.000027e-02 4.471283e-02 4.871788e-02 5.459891e-02 6.445896e-02 6.962248e-02 7.571555e-02 8.740520e-02 9.043060e-02 9.335428e-02 1.083859e-01 1.169718e-01 1.200355e-01 1.359309e-01 1.457530e-01 1.425105e-01 1.547992e-01 1.731758e-01 1.740412e-01 1.805102e-01 2.062306e-01 2.213583e-01 2.199995e-01 2.325228e-01 2.568135e-01 2.650985e-01 2.612801e-01 2.639632e-01 2.717577e-01 2.779351e-01 2.858200e-01 2.961344e-01 3.092655e-01 3.253340e-01 3.398313e-01 3.543286e-01 3.688909e-01 3.850861e-01 3.989771e-01 4.039721e-01 4.035411e-01 4.033374e-01 4.050749e-01 4.047180e-01 3.971275e-01 3.842791e-01 3.703276e-01 3.588102e-01 3.504540e-01 3.465861e-01 3.496242e-01 3.574896e-01 3.660927e-01 3.712358e-01 3.717187e-01 3.684929e-01 3.691544e-01 3.798323e-01 3.960994e-01 4.051951e-01 4.010412e-01 3.873483e-01 3.726275e-01 3.604032e-01 3.490363e-01 3.340228e-01 3.109573e-01 2.808171e-01 2.497654e-01 2.216023e-01 1.993103e-01 1.833926e-01 1.730838e-01 1.627476e-01 1.456891e-01 1.239553e-01 1.056882e-01 9.535750e-02 9.293288e-02 9.282335e-02 8.894463e-02 7.902449e-02 6.741884e-02 5.685939e-02 4.840191e-02 4.283094e-02 3.880193e-02 3.388662e-02 2.757945e-02 2.160511e-02 1.702855e-02 1.451795e-02 1.303311e-02 1.095099e-02 8.244002e-03 5.591630e-03 3.637872e-03 2.446494e-03 1.663825e-03 1.062094e-03 6.317963e-04 3.348500e-04 1.256111e-04 2.262395e-05 1.000551e-06 6.455965e-09 5.039421e-12 6.672454e-16 3.785519e-20 1.919157e-24 5.667770e-29 2.457896e-34 4.567953e-41 4.203895e-45 2.802597e-45 2.802597e-45 2.802597e-45 2.802597e-45 2.802597e-45 2.802597e-45 4.203895e-45 4.203895e-45 4.203895e-45 4.203895e-45 4.203895e-45 4.203895e-45 2.802597e-45 2.802597e-45 2.802597e-45 2.802597e-45 2.802597e-45
0.000000e+00 1.401298e-45 1.401298e-45 1.401298e-45 1.401298e-45 2.802597e-45 2.802597e-45 5.605194e-45 4.613923e-31 1.812322e-21 1.702871e-14 2.391910e-09 1.705569e-06 3.438468e-05 8.903938e-05 1.178114e-04 1.628662e-04 2.407044e-04 4.053040e-04 3.798173e-04 4.416782e-04 4.177176e-04 5.664133e-04 5.813004e-04 7.391093e-04 8.892288e-04 1.023303e-03 1.102411e-03 1.187797e-03 1.418634e-03 1.544036e-03 1.649985e-03 1.923630e-03 2.107172e-03 2.644538e-03 2.939155e-03 3.386249e-03 4.155465e-03 4.776767e-03 5.860399e-03 6.257033e-03 7.154698e-03 8.539311e-03 9.648273e-03 1.171850e-02 1.306860e-02 1.474523e-02 1.756594e-02 1.991225e-02 2.340690e-02 2.678815e-02 3.002210e-02 3.438727e-02 3.778033e-02 4.199030e-02 4.688527e-02 5.236660e-02 5.901585e-02 6.475463e-02 7.289448e-02 8.188161e-02 8.511432e-02 9.125938e-02 1.011652e-01 1.036346e-01 1.128725e-01 1.362767e-01 1.477471e-01 1.509513e-01 1.673306e-01 1.736044e-01 1.629461e-01 1.700675e-01 1.943871e-01 2.067054e-01 2.132443e-01 2.319581e-01 2.500024e-01 2.560783e-01 2.657822e-01 2.812493e-01 2.897734e-01 2.899014e-01 2.905490e-01 2.961574e-01 3.041144e-01 3.139507e-01 3.243980e-01 3.379160e-01 3.570309e-01 3.799871e-01 3.996689e-01 4.132252e-01 4.232715e-01 4.317387e-01 4.377251e-01 4.382251e-01 4.356838e-01 4.305300e-01 4.197596e-01 4.061736e-01 3.925330e-01 3.861224e-01 3.868508e-01 3.895671e-01 3.871425e-01 3.742912e-01 3.558364e-01 3.433864e-01 3.454709e-01 3.621900e-01 3.826920e-01 3.951617e-01 3.945402e-01 3.864419e-01 3.779228e-01 3.728651e-01 3.677228e-01 3.541694e-01 3.301434e-01 2.976969e-01 2.649673e-01 2.397438e-01 2.248430e-01 2.193841e-01 2.146636e-01 2.019183e-01 1.817590e-01 1.593468e-01 1.390595e-01 1.222802e-01 1.069938e-01 9.122612e-02 7.515873e-02 6.204841e-02 5.326570e-02 4.881976e-02 4.805782e-02 4.828780e-02 4.600537e-02 3.976435e-02 3.190463e-02 2.572466e-02 2.237976e-02 2.088408e-02 1.897918e-02 1.591080e-02 1.225194e-02 8.841895e-03 6.247381e-03 4.409529e-03 3.026305e-03 2.093841e-03 1.524430e-03 1.165017e-03 8.710827e-04 4.407361e-04 8.289883e-05 3.624045e-06 2.672895e-08 3.931600e-11 1.909469e-14 4.395424e-18 7.406791e-22 4.894292e-26 4.795835e-31 2.193495e-37 4.203895e-45 4.203895e-45 2.802597e-45 2.802597e-45 2.802597e-45 2.802597e-45 2.802597e-45 4.203895e-45 4.203895e-45 4.203895e-45 4.203895e-45 4.203895e-45 4.203895e-45 2.802597e-45 2.802597e-45 2.802597e-45 2.802597e-45 2.802597e-45
0.000000e+00 1.401298e-45 1.401298e-45 1.401298e-45 1.401298e-45 2.802597e-45 4.203895e-45 7.006492e-45 7.196568e-28 1.918511e-18 2.552083e-11 2.456789e-07 3.494792e-05 1.849189e-04 2.293464e-04 2.326613e-04 2.360516e-04 3.517177e-04 2.959490e-04 4.276753e-04 3.356610e-04 4.804002e-04 4.174013e-04 5.678182e-04 6.186677e-04 7.277004e-04 8.583370e-04 1.018916e-03 1.415402e-03 1.599518e-03 1.939915e-03 2.157696e-03 2.394198e-03 2.737832e-03 2.886717e-03 3.199215e-03 3.697460e-03 4.298873e-03 5.120221e-03 5.752642e-03 6.704743e-03 7.645655e-03 8.656212e-03 1.074417e-02 1.287211e-02 1.493489e-02 1.709652e-02 1.910225e-02 2.231424e-02 2.633014e-02 3.017701e-02 3.321477e-02 3.603902e-02 4.054482e-02 4.489563e-02 5.015938e-02 5.732647e-02 6.161454e-02 6.645371e-02 7.327557e-02 7.787696e-02 8.609112e-02 9.699288e-02 1.042677e-01 1.161299e-01 1.297528e-01 1.322508e-01 1.406740e-01 1.598752e-01 1.669998e-01 1.700750e-01 1.911546e-01 2.077913e-01 1.996824e-01 1.966851e-01 2.152968e-01 2.346181e-01 2.442098e-01 2.591520e-01 2.855238e-01 3.058833e-01 3.129584e-01 3.151602e-01 3.183398e-01 3.187883e-01 3.185806e-01 3.226975e-01 3.343999e-01 3.519517e-01 3.688023e-01 3.869633e-01 4.108918e-01 4.402426e-01 4.660709e-01 4.768178e-01 4.742450e-01 4.694206e-01 4.677589e-01 4.626771e-01 4.480428e-01 4.301029e-01 4.189857e-01 4.181440e-01 4.167563e-01 4.059930e-01 3.851160e-01 3.636281e-01 3.520866e-01 3.533767e-01 3.650105e-01 3.722330e-01 3.676334e-01 3.573552e-01 3.532156e-01 3.578738e-01 3.666252e-01 3.689345e-01 3.572129e-01 3.345663e-01 3.088452e-01 2.864048e-01 2.689562e-01 2.580391e-01 2.497978e-01 2.389890e-01 2.206245e-01 1.965591e-01 1.741607e-01 1.582029e-01 1.451046e-01 1.304435e-01 1.130159e-01 9.707849e-02 8.478936e-02 7.616401e-02 6.948769e-02 6.183176e-02 5.181402e-02 3.998278e-02 2.960065e-02 2.222227e-02 1.810590e-02 1.650255e-02 1.583437e-02 1.440708e-02 1.203583e-02 9.449238e-03 7.359975e-03 5.781214e-03 4.183429e-03 2.835301e-03 1.939670e-03 1.455292e-03 1.260127e-03 1.130040e-03 7.911493e-04 3.294632e-04 5.903210e-05 3.351779e-06 5.920016e-08 2.607006e-10 3.288478e-13 1.202256e-16 1.373141e-20 6.669482e-25 8.623729e-30 1.284516e-35 6.768272e-43 4.203895e-45 2.802597e-45 2.802597e-45 2.802597e-45 2.802597e-45 2.802597e-45 2.802597e-45 4.203895e-45 4.203895e-45 4.203895e-45 4.203895e-45 4.203895e-45 4.203895e-45 2.802597e-45 2.802597e-45 2.802597e-45 1.401298e-45
0.000000e+00 1.401298e-45 1.401298e-45 1.401298e-45 2.802597e-45 2.802597e-45 4.203895e-45 8.019688e-33 7.308140e-24 5.405956e-16 4.914952e-10 3.269757e-06 1.045376e-04 2.880201e-04 2.888184e-04 2.735745e-04 3.835660e-04 3.789426e-04 5.558038e-04 4.741936e-04 7.077679e-04 5.876711e-04 7.996949e-04 7.844605e-04 8.876031e-04 8.860498e-04 9.552302e-04 1.211691e-03 1.364812e-03 1.811210e-03 2.016590e-03 2.323466e-03 2.600038e-03 2.926504e-03 3.230475e-03 3.915311e-03 4.690510e-03 5.027029e-03 5.695742e-03 6.230579e-03 7.237045e-03 8.605223e-03 9.667168e-03 1.116928e-02 1.267230e-02 1.462409e-02 1.760174e-02 1.995336e-02 2.281077e-02 2.630442e-02 2.918981e-02 3.366656e-02 3.822425e-02 4.191751e-02 4.840616e-02 5.348781e-02 5.677691e-02 6.377175e-02 6.731658e-02 6.914060e-02 7.851755e-02 8.732257e-02 9.313826e-02 1.071792e-01 1.185601e-01 1.194189e-01 1.290509e-01 1.450785e-01 1.514713e-01 1.625606e-01 1.843324e-01 1.887045e-01 1.818990e-01 1.941542e-01 2.177581e-01 2.261532e-01 2.305362e-01 2.522320e-01 2.809859e-01 2.918844e-01 2.940789e-01 3.111618e-01 3.348444e-01 3.418900e-01 3.363122e-01 3.385744e-01 3.483930e-01 3.567583e-01 3.613722e-01 3.709773e-01 3.876019e-01 4.080575e-01 4.299936e-01 4.493087e-01 4.669548e-01 4.856745e-01 4.970616e-01 4.954965e-01 4.807686e-01 4.686596e-01 4.695812e-01 4.724275e-01 4.634665e-01 4.380951e-01 4.098806e-01 3.928558e-01 3.913165e-01 4.010109e-01 4.088665e-01 4.038047e-01 3.893467e-01 3.754975e-01 3.690009e-01 3.693823e-01 3.729375e-01 3.738687e-01 3.665015e-01 3.494183e-01 3.275164e-01 3.094390e-01 2.994061e-01 2.975386e-01 2.964823e-01 2.854446e-01 2.625495e-01 2.344812e-01 2.082597e-01 1.836848e-01 1.586118e-01 1.348153e-01 1.173476e-01 1.070744e-01 1.021956e-01 9.956776e-02 9.579025e-02 8.789749e-02 7.426172e-02 5.951691e-02 4.747334e-02 4.027516e-02 3.721021e-02 3.526180e-02 3.102792e-02 2.467614e-02 1.837848e-02 1.325189e-02 9.826375e-03 7.248898e-03 5.018980e-03 3.361093e-03 2.313383e-03 1.784319e-03 1.582054e-03 1.406366e-03 1.068708e-03 6.260140e-04 2.304457e-04 4.958520e-05 4.626113e-06 1.265700e-07 8.763127e-10 1.177058e-12 4.460911e-16 6.568982e-20 5.122650e-24 2.011053e-28 9.359760e-34 1.721902e-40 4.203895e-45 4.203895e-45 2.802597e-45 2.802597e-45 2.802597e-45 2.802597e-45 2.802597e-45 2.802597e-45 4.203895e-45 4.203895e-45 4.203895e-45 4.203895e-45 4.203895e-45 2.802597e-45 2.802597e-45 2.802597e-45 1.401298e-45
0.000000e+00 1.401298e-45 1.401298e-45 1.401298e-45 2.802597e-45 2.802597e-45 4.203895e-45 8.407581e-32 4.663018e-21 1.909627e-13 1.499002e-08 7.105637e-06 8.412359e-05 1.193281e-04 1.453368e-04 2.272960e-04 3.954999e-04 6.950860e-04 8.544010e-04 1.034791e-03 9.492566e-04 1.151112e-03 1.163509e-03 1.265151e-03 1.176020e-03 1.280338e-03 1.351500e-03 1.385409e-03 1.548892e-03 1.750733e-03 2.278946e-03 2.631196e-03 3.326047e-03 3.562778e-03 4.235507e-03 4.496117e-03 4.576770e-03 5.321881e-03 5.564086e-03 6.650529e-03 7.634605e-03 8.412299e-03 1.047989e-02 1.136557e-02 1.288683e-02 1.582865e-02 1.763120e-02 2.095532e-02 2.409156e-02 2.543964e-02 2.962689e-02 3.385054e-02 3.803992e-02 4.422992e-02 4.730960e-02 5.198441e-02 5.804665e-02 5.894706e-02 6.548917e-02 7.542451e-02 7.619072e-02 8.330685e-02 9.942345e-02 1.036064e-01 1.067861e-01 1.241240e-01 1.345755e-01 1.325916e-01 1.416173e-01 1.588288e-01 1.656039e-01 1.715230e-01 1.898810e-01 2.037692e-01 2.040431e-01 2.103022e-01 2.326608e-01 2.542631e-01 2.632357e-01 2.755417e-01 3.005405e-01 3.205518e-01 3.274578e-01 3.385085e-01 3.634028e-01 3.864418e-01 3.914768e-01 3.896708e-01 3.948113e-01 4.124115e-01 4.321544e-01 4.404542e-01 4.394037e-01 4.453894e-01 4.647545e-01 4.847321e-01 4.865497e-01 4.757062e-01 4.700643e-01 4.762093e-01 4.871826e-01 4.859029e-01 4.740676e-01 4.606012e-01 4.569338e-01 4.641484e-01 4.708146e-01 4.648207e-01 4.421092e-01 4.136876e-01 3.937960e-01 3.874956e-01 3.876114e-01 3.872263e-01 3.795962e-01 3.660386e-01 3.526138e-01 3.438441e-01 3.394199e-01 3.386100e-01 3.378350e-01 3.329461e-01 3.177345e-01 2.920054e-01 2.630033e-01 2.387851e-01 2.189700e-01 2.000811e-01 1.825649e-01 1.682220e-01 1.595233e-01 1.516124e-01 1.379711e-01 1.164538e-01 9.236038e-02 7.368691e-02 6.169643e-02 5.583009e-02 5.504698e-02 5.585489e-02 5.402575e-02 4.769438e-02 3.955765e-02 3.166419e-02 2.576892e-02 2.153997e-02 1.728303e-02 1.319535e-02 9.992790e-03 7.815531e-03 6.613681e-03 5.780859e-03 4.717813e-03 3.504525e-03 2.269778e-03 1.218129e-03 5.087689e-04 1.211002e-04 1.370133e-05 5.143635e-07 5.329773e-09 1.665637e-11 1.682591e-14 7.355538e-18 1.303605e-21 5.188523e-26 2.633226e-31 9.053852e-38 4.203895e-45 4.203895e-45 2.802597e-45 2.802597e-45 2.802597e-45 2.802597e-45 2.802597e-45 2.802597e-45 4.203895e-45 4.203895e-45 4.203895e-45 4.203895e-45 2.802597e-45 2.802597e-45 2.802597e-45 1.401298e-45 1.401298e-45
0.000000e+00 1.401298e-45 1.401298e-45 1.401298e-45 2.802597e-45 2.802597e-45 8.624252e-37 7.264871e-27 9.014787e-18 5.559196e-11 8.599890e-07 6.235186e-05 2.303842e-04 2.529339e-04 2.226922e-04 3.273227e-04 4.513377e-04 7.117664e-04 7.025501e-04 8.040097e-04 8.017514e-04 9.963730e-04 1.056961e-03 1.146639e-03 1.336217e-03 1.352740e-03 1.507460e-03 1.538656e-03 1.727416e-03 1.848392e-03 2.000069e-03 2.395239e-03 2.660439e-03 3.538664e-03 3.751757e-03 3.973011e-03 4.657390e-03 5.102372e-03 6.406909e-03 7.230294e-03 8.211232e-03 1.002669e-02 1.065212e-02 1.272645e-02 1.516197e-02 1.602739e-02 1.900032e-02 2.139140e-02 2.350769e-02 2.831974e-02 3.121394e-02 3.459083e-02 4.030026e-02 4.397038e-02 4.887578e-02 5.424274e-02 5.795967e-02 6.578191e-02 7.181858e-02 7.463834e-02 8.535480e-02 9.366944e-02 9.233524e-02 1.014756e-01 1.167282e-01 1.183983e-01 1.219142e-01 1.388018e-01 1.495798e-01 1.483787e-01 1.546624e-01 1.697285e-01 1.791155e-01 1.864222e-01 2.038357e-01 2.284399e-01 2.445665e-01 2.523723e-01 2.657562e-01 2.865602e-01 3.039668e-01 3.174669e-01 3.384281e-01 3.699630e-01 3.930402e-01 4.013405e-01 4.098589e-01 4.307382e-01 4.527291e-01 4.626430e-01 4.641988e-01 4.684568e-01 4.801574e-01 4.911999e-01 4.920799e-01 4.822274e-01 4.745106e-01 4.801813e-01 4.935797e-01 4.973772e-01 4.864227e-01 4.737924e-01 4.781669e-01 4.974237e-01 5.196604e-01 5.285464e-01 5.184907e-01 4.985247e-01 4.778950e-01 4.574479e-01 4.378899e-01 4.197971e-01 4.056288e-01 3.910976e-01 3.748858e-01 3.556269e-01 3.400978e-01 3.333153e-01 3.359597e-01 3.415742e-01 3.416687e-01 3.316575e-01 3.153036e-01 2.947778e-01 2.703569e-01 2.439933e-01 2.206153e-01 2.056664e-01 2.007325e-01 2.002590e-01 1.955802e-01 1.808944e-01 1.576721e-01 1.326953e-01 1.109378e-01 9.429792e-02 8.305177e-02 7.285213e-02 6.051518e-02 4.631022e-02 3.431413e-02 2.620866e-02 2.204446e-02 2.001800e-02 1.811681e-02 1.605869e-02 1.413467e-02 1.238355e-02 1.096172e-02 9.625915e-03 7.818766e-03 5.856527e-03 4.084095e-03 2.750356e-03 1.860589e-03 1.135642e-03 5.365597e-04 1.676398e-04 2.758118e-05 2.171904e-06 6.405322e-08 5.423194e-10 1.209779e-12 5.646652e-16 6.144106e-20 1.402684e-24 7.898462e-30 1.525136e-35 5.589780e-42 4.203895e-45 2.802597e-45 2.802597e-45 2.802597e-45 2.802597e-45 2.802597e-45 2.802597e-45 4.203895e-45 4.203895e-45 4.203895e-45 4.203895e-45 2.802597e-45 2.802597e-45 2.802597e-45 1.401298e-45 1.401298e-45
0.000000e+00 1.401298e-45 1.401298e-45 1.401298e-45 2.802597e-45 2.802597e-45 2.046892e-34 1.259154e-24 1.422865e-16 7.630394e-10 9.366810e-06 6.372159e-04 1.160468e-03 8.775908e-04 6.807264e-04 4.913051e-04 5.621650e-04 3.962232e-04 4.967804e-04 4.248261e-04 6.777369e-04 7.102668e-04 1.015177e-03 1.186935e-03 1.345800e-03 1.654154e-03 1.606189e-03 1.933110e-03 1.833837e-03 2.073884e-03 2.124378e-03 2.193118e-03 2.676135e-03 2.918982e-03 3.538189e-03 4.265342e-03 4.853026e-03 5.789892e-03 6.425731e-03 7.497733e-03 9.089227e-03 1.040443e-02 1.267803e-02 1.513179e-02 1.720190e-02 2.030000e-02 2.245211e-02 2.442873e-02 2.783021e-02 3.052291e-02 3.434873e-02 3.875787e-02 4.019712e-02 4.413932e-02 4.929325e-02 5.211064e-02 5.936673e-02 6.815869e-02 7.362307e-02 8.276056e-02 8.976828e-02 9.265900e-02 1.013627e-01 1.090520e-01 1.132202e-01 1.260190e-01 1.395504e-01 1.405395e-01 1.406781e-01 1.494347e-01 1.574269e-01 1.641577e-01 1.792271e-01 2.009144e-01 2.170449e-01 2.232566e-01 2.301502e-01 2.491497e-01 2.726611e-01 2.868175e-01 2.957214e-01 3.144635e-01 3.419744e-01 3.632115e-01 3.795623e-01 4.036978e-01 4.365709e-01 4.630026e-01 4.746350e-01 4.791112e-01 4.888348e-01 5.033311e-01 5.138388e-01 5.065810e-01 4.900609e-01 4.819391e-01 4.871880e-01 4.971377e-01 4.983908e-01 4.943106e-01 5.001388e-01 5.188478e-01 5.421408e-01 5.579187e-01 5.621262e-01 5.548266e-01 5.385408e-01 5.198912e-01 5.035246e-01 4.862909e-01 4.663318e-01 4.423988e-01 4.183944e-01 3.998252e-01 3.870948e-01 3.783802e-01 3.725271e-01 3.691628e-01 3.657965e-01 3.608404e-01 3.471515e-01 3.279744e-01 3.066187e-01 2.877964e-01 2.746111e-01 2.689768e-01 2.700715e-01 2.714982e-01 2.634757e-01 2.394646e-01 2.032578e-01 1.686351e-01 1.438419e-01 1.304201e-01 1.241350e-01 1.165360e-01 1.034103e-01 8.624358e-02 6.932478e-02 5.555611e-02 4.610660e-02 4.052380e-02 3.604111e-02 3.071945e-02 2.490075e-02 1.953684e-02 1.538152e-02 1.226598e-02 9.195013e-03 6.488936e-03 4.425169e-03 2.944607e-03 2.059397e-03 1.477364e-03 1.003400e-03 6.207735e-04 3.148743e-04 1.179214e-04 2.951272e-05 3.511666e-06 1.514582e-07 1.505784e-09 2.763694e-12 1.130177e-15 1.300311e-19 7.950480e-24 2.557355e-28 3.504888e-33 7.425446e-39 4.203895e-45 4.203895e-45 2.802597e-45 2.802597e-45 2.802597e-45 2.802597e-45 4.203895e-45 4.203895e-45 4.203895e-45 4.203895e-45 4.203895e-45 4.203895e-45 2.802597e-45 2.802597e-45 1.401298e-45 1.401298e-45
0.000000e+00 1.401298e-45 1.401298e-45 1.401298e-45 2.802597e-45 4.203895e-45 1.620237e-32 1.594492e-22 9.326036e-14 2.997362e-08 7.280442e-05 1.142045e-03 1.779319e-03 9.174667e-04 7.762665e-04 1.075765e-03 9.002006e-04 8.947891e-04 5.573644e-04 8.014356e-04 7.021737e-04 1.036009e-03 1.083161e-03 1.405749e-03 1.587100e-03 1.591098e-03 2.008932e-03 1.908937e-03 2.418727e-03 2.454363e-03 2.859916e-03 3.075253e-03 2.827383e-03 3.351082e-03 3.863390e-03 4.839137e-03 5.771080e-03 6.648568e-03 7.655125e-03 8.864617e-03 1.013502e-02 1.160011e-02 1.427432e-02 1.561054e-02 1.753158e-02 2.100218e-02 2.260454e-02 2.599301e-02 2.960822e-02 3.190686e-02 3.566044e-02 3.865134e-02 4.282600e-02 4.631981e-02 4.904824e-02 5.681432e-02 6.120389e-02 6.479782e-02 7.805861e-02 8.566845e-02 8.727398e-02 9.821564e-02 1.059075e-01 1.069590e-01 1.157373e-01 1.238004e-01 1.259203e-01 1.355951e-01 1.491380e-01 1.557425e-01 1.608401e-01 1.718832e-01 1.819515e-01 1.872623e-01 1.970106e-01 2.179283e-01 2.404481e-01 2.495527e-01 2.554104e-01 2.750932e-01 3.063532e-01 3.269622e-01 3.289751e-01 3.344475e-01 3.577076e-01 3.907955e-01 4.162535e-01 4.306062e-01 4.454324e-01 4.663035e-01 4.919354e-01 5.103859e-01 5.181528e-01 5.197021e-01 5.235922e-01 5.252995e-01 5.165082e-01 5.033140e-01 4.958184e-01 5.037447e-01 5.205664e-01 5.386109e-01 5.582684e-01 5.796635e-01 5.952652e-01 5.991467e-01 5.854376e-01 5.604869e-01 5.367016e-01 5.167680e-01 4.974534e-01 4.701418e-01 4.354308e-01 4.023651e-01 3.814612e-01 3.757971e-01 3.795487e-01 3.835468e-01 3.786993e-01 3.670136e-01 3.515880e-01 3.329804e-01 3.137743e-01 3.023675e-01 3.051080e-01 3.184447e-01 3.268810e-01 3.183683e-01 2.945635e-01 2.677746e-01 2.422909e-01 2.185911e-01 1.966095e-01 1.729398e-01 1.462437e-01 1.188263e-01 9.632345e-02 8.229548e-02 7.654974e-02 7.598018e-02 7.487648e-02 6.942015e-02 6.011258e-02 5.007865e-02 4.098702e-02 3.333182e-02 2.649243e-02 2.000592e-02 1.481089e-02 1.078240e-02 7.727301e-03 5.473020e-03 3.631789e-03 2.244215e-03 1.335823e-03 7.504646e-04 4.012531e-04 1.784178e-04 4.765469e-05 6.165178e-06 2.566909e-07 2.984936e-09 8.381532e-12 6.726735e-15 2.393808e-18 4.036238e-22 2.815061e-26 3.881010e-31 5.426479e-37 7.847271e-44 4.203895e-45 2.802597e-45 2.802597e-45 2.802597e-45 2.802597e-45 2.802597e-45 4.203895e-45 4.203895e-45 4.203895e-45 4.203895e-45 2.802597e-45 2.802597e-45 2.802597e-45 1.401298e-45 1.401298e-45
0.000000e+00 1.401298e-45 1.401298e-45 1.401298e-45 2.802597e-45 4.203895e-45 7.350623e-27 3.372179e-17 9.488944e-11 1.079132e-06 3.146840e-05 1.397401e-04 1.706152e-04 3.024151e-04 5.207626e-04 9.178557e-04 1.526218e-03 1.517960e-03 1.679596e-03 1.088215e-03 1.363981e-03 1.306047e-03 1.695092e-03 1.589351e-03 1.758277e-03 1.940647e-03 1.984988e-03 2.460760e-03 2.477920e-03 2.952407e-03 3.002090e-03 3.202845e-03 3.432794e-03 3.689986e-03 4.219493e-03 4.453175e-03 5.321258e-03 6.176869e-03 7.521851e-03 8.638912e-03 9.583515e-03 1.161133e-02 1.209411e-02 1.485973e-02 1.786190e-02 1.838402e-02 2.330804e-02 2.672404e-02 2.874345e-02 3.390146e-02 3.570246e-02 3.840974e-02 4.297774e-02 4.776268e-02 5.428745e-02 5.705364e-02 6.402316e-02 7.366320e-02 7.316649e-02 8.084213e-02 1.003583e-01 1.024939e-01 1.031614e-01 1.180213e-01 1.211808e-01 1.179599e-01 1.321546e-01 1.484920e-01 1.517786e-01 1.611490e-01 1.774321e-01 1.848896e-01 1.872162e-01 1.939524e-01 2.037670e-01 2.120018e-01 2.237331e-01 2.448518e-01 2.697488e-01 2.857718e-01 2.930621e-01 3.074223e-01 3.336407e-01 3.562914e-01 3.637213e-01 3.704661e-01 3.885044e-01 4.161862e-01 4.432590e-01 4.624873e-01 4.731089e-01 4.828621e-01 4.983517e-01 5.210471e-01 5.434610e-01 5.538823e-01 5.495380e-01 5.406592e-01 5.347046e-01 5.372851e-01 5.491146e-01 5.702928e-01 5.936505e-01 6.062531e-01 6.086715e-01 6.068677e-01 6.061039e-01 6.078879e-01 6.041837e-01 5.884165e-01 5.629600e-01 5.310622e-01 4.992925e-01 4.717232e-01 4.521659e-01 4.398985e-01 4.252593e-01 4.013059e-01 3.706647e-01 3.424214e-01 3.245992e-01 3.188218e-01 3.235709e-01 3.348884e-01 3.438611e-01 3.379879e-01 3.144723e-01 2.836959e-01 2.579895e-01 2.424707e-01 2.338581e-01 2.247149e-01 2.099641e-01 1.896148e-01 1.696827e-01 1.533177e-01 1.396161e-01 1.258222e-01 1.068550e-01 8.415163e-02 6.328011e-02 4.835288e-02 3.936200e-02 3.494919e-02 3.306964e-02 3.086313e-02 2.743374e-02 2.349898e-02 1.998411e-02 1.678320e-02 1.332287e-02 9.707294e-03 6.621527e-03 4.519578e-03 3.125146e-03 2.179890e-03 1.342455e-03 6.174589e-04 1.772072e-04 2.450592e-05 1.428776e-06 2.772531e-08 1.472328e-10 2.088238e-13 7.833629e-17 1.047853e-20 4.381053e-25 5.811325e-30 2.763674e-35 3.329625e-41 4.203895e-45 4.203895e-45 2.802597e-45 2.802597e-45 2.802597e-45 2.802597e-45 4.203895e-45 4.203895e-45 4.203895e-45 2.802597e-45 2.802597e-45 2.802597e-45 2.802597e-45 1.401298e-45 1.401298e-45
0.000000e+00 1.401298e-45 1.401298e-45 1.401298e-45 2.802597e-45 9.757794e-32 5.108678e-22 3.374353e-15 1.466013e-09 5.118312e-06 1.490114e-04 1.021539e-04 7.295106e-05 1.133325e-04 3.460857e-04 7.489241e-04 1.124563e-03 1.440133e-03 1.489062e-03 1.756151e-03 1.452701e-03 1.519468e-03 1.281473e-03 1.459948e-03 1.469359e-03 1.778081e-03 1.963669e-03 2.157784e-03 2.535699e-03 2.664734e-03 3.122255e-03 3.263271e-03 3.836478e-03 4.223068e-03 4.429408e-03 5.001705e-03 5.449662e-03 6.906861e-03 7.610172e-03 9.043658e-03 1.100115e-02 1.141326e-02 1.388418e-02 1.493406e-02 1.701789e-02 2.189779e-02 2.311314e-02 2.664833e-02 3.078754e-02 3.235419e-02 3.792450e-02 4.221310e-02 4.564581e-02 5.167492e-02 5.679462e-02 6.594492e-02 7.177724e-02 7.159913e-02 8.148666e-02 8.849368e-02 8.598018e-02 1.000341e-01 1.170668e-01 1.152900e-01 1.219122e-01 1.394225e-01 1.409456e-01 1.415183e-01 1.614212e-01 1.827038e-01 1.877818e-01 1.895382e-01 1.967225e-01 2.065861e-01 2.133429e-01 2.185736e-01 2.304219e-01 2.540170e-01 2.797190e-01 3.000550e-01 3.205040e-01 3.429940e-01 3.589424e-01 3.708252e-01 3.837740e-01 3.927130e-01 3.953643e-01 4.063771e-01 4.332452e-01 4.640335e-01 4.861981e-01 5.027257e-01 5.193612e-01 5.349992e-01 5.477562e-01 5.627400e-01 5.749400e-01 5.763162e-01 5.682252e-01 5.659104e-01 5.770035e-01 5.917161e-01 5.963677e-01 5.917889e-01 5.910591e-01 6.054136e-01 6.303042e-01 6.501367e-01 6.464316e-01 6.198552e-01 5.878645e-01 5.674804e-01 5.606169e-01 5.569603e-01 5.389519e-01 5.057685e-01 4.626488e-01 4.221804e-01 3.911551e-01 3.694592e-01 3.590384e-01 3.582681e-01 3.599119e-01 3.527430e-01 3.340914e-01 3.131680e-01 3.001723e-01 2.939964e-01 2.864684e-01 2.708445e-01 2.488669e-01 2.286502e-01 2.149074e-01 2.063039e-01 2.006707e-01 1.933814e-01 1.768658e-01 1.491572e-01 1.164851e-01 8.963960e-02 7.170802e-02 5.950508e-02 5.003738e-02 4.070810e-02 3.206831e-02 2.511371e-02 1.985859e-02 1.606474e-02 1.315214e-02 1.060464e-02 8.292253e-03 6.262384e-03 4.733354e-03 3.598943e-03 2.742406e-03 2.024976e-03 1.361124e-03 7.478076e-04 2.935652e-04 6.580136e-05 5.964595e-06 1.642914e-07 1.036538e-09 1.358655e-12 5.059635e-16 7.758042e-20 9.580810e-24 9.242647e-28 5.637155e-32 5.949395e-37 1.751623e-43 4.203895e-45 2.802597e-45 2.802597e-45 2.802597e-45 2.802597e-45 4.203895e-45 4.203895e-45 4.203895e-45 2.802597e-45 2.802597e-45 2.802597e-45 2.802597e-45 1.401298e-45 1.401298e-45
0.000000e+00 1.401298e-45 1.401298e-45 1.401298e-45 2.802597e-45 4.536649e-32 6.238227e-22 2.100324e-13 7.002993e-08 3.379714e-05 3.807646e-04 4.239798e-04 2.384218e-04 1.822656e-04 2.996416e-04 6.206294e-04 9.902513e-04 1.055974e-03 1.119668e-03 1.352291e-03 1.692792e-03 1.641285e-03 1.600995e-03 1.483724e-03 1.595420e-03 1.610061e-03 1.929784e-03 2.108060e-03 2.357091e-03 2.751301e-03 3.129576e-03 3.881890e-03 3.988727e-03 4.605620e-03 5.294612e-03 5.831744e-03 6.350711e-03 6.324105e-03 7.741774e-03 8.983080e-03 1.022216e-02 1.305726e-02 1.480838e-02 1.745607e-02 1.980741e-02 2.189476e-02 2.640321e-02 2.847236e-02 3.187944e-02 3.719321e-02 3.947940e-02 4.591567e-02 5.232792e-02 5.460728e-02 6.116205e-02 6.539946e-02 6.913720e-02 8.003502e-02 8.387043e-02 8.409517e-02 9.379374e-02 1.000722e-01 1.057091e-01 1.234280e-01 1.358540e-01 1.387688e-01 1.527019e-01 1.689179e-01 1.704518e-01 1.717736e-01 1.883006e-01 2.081430e-01 2.148905e-01 2.162294e-01 2.283718e-01 2.512428e-01 2.658659e-01 2.682798e-01 2.780881e-01 3.040089e-01 3.326283e-01 3.523439e-01 3.690758e-01 3.883287e-01 4.090483e-01 4.289759e-01 4.475823e-01 4.618625e-01 4.702061e-01 4.828725e-01 5.037786e-01 5.273184e-01 5.483576e-01 5.679642e-01 5.828395e-01 5.909314e-01 5.962861e-01 6.095096e-01 6.294827e-01 6.405070e-01 6.294045e-01 6.040535e-01 5.843874e-01 5.844247e-01 6.008999e-01 6.229386e-01 6.386178e-01 6.420168e-01 6.351523e-01 6.266217e-01 6.192909e-01 6.144709e-01 6.055762e-01 5.806940e-01 5.385845e-01 4.888082e-01 4.459020e-01 4.181389e-01 4.041331e-01 3.998740e-01 3.979490e-01 3.937832e-01 3.837431e-01 3.674837e-01 3.469692e-01 3.260119e-01 3.082686e-01 2.966066e-01 2.881228e-01 2.845961e-01 2.859356e-01 2.928879e-01 2.946453e-01 2.803817e-01 2.435239e-01 1.950789e-01 1.524853e-01 1.236084e-01 1.074644e-01 9.948198e-02 9.495092e-02 8.801664e-02 7.777009e-02 6.693450e-02 5.709306e-02 4.865095e-02 4.087549e-02 3.256113e-02 2.449078e-02 1.783761e-02 1.276817e-02 9.140969e-03 6.358104e-03 4.274316e-03 2.917131e-03 2.052963e-03 1.434923e-03 9.177572e-04 4.128624e-04 9.869108e-05 9.536775e-06 2.775430e-07 2.650258e-09 7.920083e-12 1.077759e-14 9.598728e-18 7.215657e-21 4.099186e-24 4.808167e-28 4.505386e-33 9.864076e-40 4.203895e-45 4.203895e-45 2.802597e-45 2.802597e-45 2.802597e-45 2.802597e-45 4.203895e-45 4.203895e-45 2.802597e-45 2.802597e-45 2.802597e-45 1.401298e-45 1.401298e-45 1.401298e-45
0.000000e+00 1.401298e-45 1.401298e-45 2.802597e-45 2.802597e-45 3.163767e-27 8.784765e-18 7.262697e-11 1.948659e-06 3.749831e-04 6.788293e-04 6.802361e-04 3.940370e-04 4.392581e-04 4.682118e-04 6.403771e-04 6.415627e-04 7.186027e-04 7.901766e-04 8.692663e-04 1.116124e-03 1.294646e-03 1.564548e-03 1.467171e-03 1.557202e-03 1.581703e-03 1.722249e-03 1.994812e-03 2.240479e-03 2.679287e-03 3.062320e-03 3.582534e-03 4.016208e-03 4.470557e-03 5.423290e-03 5.925482e-03 6.685908e-03 7.574693e-03 8.066780e-03 9.151962e-03 1.064586e-02 1.203981e-02 1.436638e-02 1.674373e-02 1.899875e-02 2.161225e-02 2.375881e-02 2.744295e-02 3.117605e-02 3.427089e-02 4.091959e-02 4.625146e-02 5.135885e-02 5.996527e-02 6.197277e-02 6.474639e-02 7.469149e-02 7.818084e-02 8.310399e-02 9.752244e-02 1.030037e-01 1.030704e-01 1.119149e-01 1.218194e-01 1.331527e-01 1.533719e-01 1.675091e-01 1.700811e-01 1.796253e-01 1.920880e-01 1.927449e-01 1.993225e-01 2.264676e-01 2.534611e-01 2.568406e-01 2.547143e-01 2.692173e-01 2.939000e-01 3.128079e-01 3.234909e-01 3.398788e-01 3.683728e-01 4.002520e-01 4.188567e-01 4.265018e-01 4.389380e-01 4.651513e-01 4.982906e-01 5.234693e-01 5.389341e-01 5.504816e-01 5.668030e-01 5.806976e-01 5.890372e-01 5.929159e-01 5.992241e-01 6.190818e-01 6.464937e-01 6.660085e-01 6.609631e-01 6.463494e-01 6.343883e-01 6.360425e-01 6.439468e-01 6.467562e-01 6.373136e-01 6.196246e-01 6.076296e-01 6.110916e-01 6.284910e-01 6.437194e-01 6.413860e-01 6.169775e-01 5.790119e-01 5.363886e-01 4.959602e-01 4.642142e-01 4.475041e-01 4.463206e-01 4.496965e-01 4.434806e-01 4.261642e-01 4.085497e-01 3.981075e-01 3.885703e-01 3.719976e-01 3.491768e-01 3.283020e-01 3.147646e-01 3.060268e-01 2.960000e-01 2.783110e-01 2.513238e-01 2.185508e-01 1.882256e-01 1.659513e-01 1.514954e-01 1.418908e-01 1.322846e-01 1.169886e-01 9.750248e-02 8.064627e-02 7.010978e-02 6.431662e-02 6.067294e-02 5.701820e-02 5.276192e-02 4.844865e-02 4.333083e-02 3.694228e-02 2.949715e-02 2.156190e-02 1.458884e-02 9.663802e-03 6.585266e-03 4.739005e-03 3.339595e-03 1.831260e-03 6.999545e-04 1.497686e-04 1.632142e-05 9.161404e-07 2.200319e-08 2.695542e-10 1.290589e-12 2.786586e-15 2.834593e-18 8.916737e-22 8.323128e-26 8.394176e-31 1.120899e-36 1.415311e-43 4.203895e-45 4.203895e-45 2.802597e-45 2.802597e-45 2.802597e-45 4.203895e-45 4.203895e-45 2.802597e-45 2.802597e-45 2.802597e-45 1.401298e-45 1.401298e-45 1.401298e-45
0.000000e+00 1.401298e-45 1.401298e-45 1.401298e-45 2.802597e-45 8.040258e-23 1.738635e-15 9.564408e-10 8.964950e-06 3.696223e-04 1.029226e-03 3.059990e-04 3.059741e-04 3.862811e-04 6.134161e-04 4.187073e-04 3.633021e-04 3.335465e-04 4.188781e-04 5.477035e-04 6.450312e-04 9.663021e-04 1.080924e-03 1.540710e-03 1.478620e-03 1.751908e-03 1.681037e-03 1.844249e-03 2.174178e-03 2.386965e-03 2.961412e-03 3.095288e-03 3.965606e-03 4.432374e-03 4.901335e-03 5.906951e-03 6.567566e-03 7.863542e-03 8.767557e-03 9.792609e-03 1.116087e-02 1.271144e-02 1.457347e-02 1.749353e-02 2.121370e-02 2.297247e-02 2.673167e-02 3.118913e-02 3.397262e-02 4.042226e-02 4.430520e-02 4.680798e-02 5.269088e-02 5.576394e-02 6.309124e-02 7.067144e-02 6.992183e-02 7.831599e-02 9.167741e-02 9.276796e-02 1.016648e-01 1.184053e-01 1.200106e-01 1.242201e-01 1.414868e-01 1.515881e-01 1.577710e-01 1.756040e-01 1.931749e-01 2.034407e-01 2.168820e-01 2.306552e-01 2.381606e-01 2.514586e-01 2.751188e-01 2.949747e-01 3.022399e-01 3.092977e-01 3.217283e-01 3.388720e-01 3.617796e-01 3.843167e-01 4.039388e-01 4.252531e-01 4.575646e-01 4.939818e-01 5.136521e-01 5.194423e-01 5.311902e-01 5.589232e-01 5.891067e-01 6.065427e-01 6.071299e-01 6.041086e-01 6.114163e-01 6.314002e-01 6.525229e-01 6.609873e-01 6.620246e-01 6.692020e-01 6.851004e-01 6.944904e-01 6.903116e-01 6.735485e-01 6.527868e-01 6.328265e-01 6.191337e-01 6.106458e-01 6.125292e-01 6.170661e-01 6.184235e-01 6.083149e-01 5.837485e-01 5.546539e-01 5.288211e-01 5.114912e-01 5.020364e-01 4.958278e-01 4.898525e-01 4.800569e-01 4.639018e-01 4.436724e-01 4.203968e-01 3.940694e-01 3.738782e-01 3.657703e-01 3.687289e-01 3.722681e-01 3.669876e-01 3.455125e-01 3.087163e-01 2.633799e-01 2.232786e-01 1.972065e-01 1.857493e-01 1.820875e-01 1.766760e-01 1.653931e-01 1.500243e-01 1.345688e-01 1.214284e-01 1.094928e-01 9.872793e-02 8.754023e-02 7.455526e-02 6.240951e-02 5.279581e-02 4.545552e-02 3.846797e-02 3.037316e-02 2.277854e-02 1.697407e-02 1.295752e-02 1.030689e-02 8.190063e-03 6.011403e-03 3.806515e-03 1.951592e-03 7.456486e-04 2.197696e-04 4.298666e-05 4.964161e-06 2.790282e-07 5.277724e-09 3.228925e-11 5.537602e-14 3.348641e-17 1.154096e-20 1.958510e-24 1.750263e-28 2.209578e-33 1.535561e-39 4.203895e-45 4.203895e-45 4.203895e-45 2.802597e-45 2.802597e-45 2.802597e-45 4.203895e-45 2.802597e-45 2.802597e-45 2.802597e-45 1.401298e-45 1.401298e-45 1.401298e-45
0.000000e+00 1.401298e-45 1.401298e-45 2.802597e-45 4.203895e-45 1.487157e-20 2.878676e-12 6.769665e-07 1.283598e-04 3.644540e-04 1.279973e-04 7.973825e-05 7.103407e-05 1.371349e-04 2.401773e-04 3.866129e-04 4.012044e-04 3.923942e-04 3.909451e-04 4.716208e-04 6.546181e-04 7.350335e-04 1.006146e-03 1.118026e-03 1.519096e-03 1.640631e-03 2.034846e-03 2.263803e-03 2.310202e-03 2.592065e-03 2.594707e-03 3.346328e-03 3.651634e-03 4.217161e-03 5.206516e-03 6.090958e-03 7.576410e-03 8.651747e-03 1.016666e-02 1.180130e-02 1.299748e-02 1.475019e-02 1.734884e-02 1.856826e-02 2.041751e-02 2.545164e-02 2.762862e-02 3.082106e-02 3.812513e-02 4.012498e-02 4.377549e-02 5.040498e-02 5.206457e-02 5.792393e-02 6.555528e-02 7.101618e-02 8.239254e-02 8.637550e-02 8.630259e-02 9.973463e-02 1.098435e-01 1.150903e-01 1.350891e-01 1.481933e-01 1.416834e-01 1.505824e-01 1.743869e-01 1.879091e-01 1.972395e-01 2.179940e-01 2.437866e-01 2.614373e-01 2.717170e-01 2.782113e-01 2.881356e-01 3.044750e-01 3.191396e-01 3.288244e-01 3.412386e-01 3.591099e-01 3.772173e-01 3.949687e-01 4.171540e-01 4.455942e-01 4.757329e-01 5.001891e-01 5.170358e-01 5.311028e-01 5.434182e-01 5.540792e-01 5.631156e-01 5.720630e-01 5.872623e-01 6.081995e-01 6.273033e-01 6.357083e-01 6.340910e-01 6.391962e-01 6.582941e-01 6.846794e-01 7.067937e-01 7.162280e-01 7.109255e-01 6.918101e-01 6.688555e-01 6.551220e-01 6.493412e-01 6.497885e-01 6.506595e-01 6.481357e-01 6.374092e-01 6.174359e-01 5.865909e-01 5.572535e-01 5.409473e-01 5.408639e-01 5.489149e-01 5.477712e-01 5.234730e-01 4.855846e-01 4.475554e-01 4.143373e-01 3.849987e-01 3.598776e-01 3.429317e-01 3.339179e-01 3.243412e-01 3.058151e-01 2.821787e-01 2.626730e-01 2.516973e-01 2.476146e-01 2.445887e-01 2.395613e-01 2.305792e-01 2.149650e-01 1.967347e-01 1.833274e-01 1.803847e-01 1.849843e-01 1.866673e-01 1.776079e-01 1.555557e-01 1.303569e-01 1.083991e-01 9.012000e-02 7.460210e-02 6.035636e-02 4.663702e-02 3.534869e-02 2.677324e-02 2.044235e-02 1.593112e-02 1.163271e-02 7.848318e-03 4.960731e-03 2.881921e-03 1.692935e-03 9.375199e-04 4.010469e-04 1.237196e-04 1.831823e-05 1.080724e-06 2.191578e-08 1.286682e-10 2.799957e-13 2.813899e-16 1.990029e-19 1.097145e-22 2.533771e-26 6.442317e-31 5.814092e-37 1.681558e-44 4.203895e-45 4.203895e-45 2.802597e-45 2.802597e-45 2.802597e-45 4.203895e-45 2.802597e-45 2.802597e-45 2.802597e-45 1.401298e-45 1.401298e-45 1.401298e-45
0.000000e+00 1.401298e-45 1.401298e-45 2.802597e-45 4.203895e-45 3.270724e-17 3.176238e-11 1.991686e-07 1.709754e-05 5.878155e-05 4.034101e-05 4.221366e-05 6.407042e-05 1.607722e-04 3.235057e-04 5.969752e-04 6.152960e-04 5.978767e-04 5.931971e-04 6.895839e-04 8.254410e-04 9.341536e-04 1.126008e-03 1.234450e-03 1.687411e-03 2.003584e-03 2.586152e-03 2.672020e-03 2.999611e-03 3.148658e-03 3.725979e-03 4.272560e-03 4.502534e-03 5.326702e-03 6.243799e-03 7.333450e-03 8.241417e-03 9.093419e-03 1.078407e-02 1.196241e-02 1.428973e-02 1.650173e-02 1.746868e-02 2.030110e-02 2.275852e-02 2.526333e-02 3.047688e-02 3.387664e-02 3.548795e-02 4.082190e-02 4.545928e-02 4.820099e-02 5.637717e-02 6.176217e-02 6.344929e-02 7.334035e-02 8.082981e-02 8.577371e-02 9.666637e-02 1.022130e-01 1.085685e-01 1.240247e-01 1.322509e-01 1.436398e-01 1.689643e-01 1.758963e-01 1.690330e-01 1.893209e-01 2.249043e-01 2.402041e-01 2.495923e-01 2.711544e-01 2.915481e-01 2.980475e-01 3.002118e-01 3.084100e-01 3.255532e-01 3.457392e-01 3.588270e-01 3.662003e-01 3.763115e-01 3.959351e-01 4.221485e-01 4.487419e-01 4.742199e-01 4.964834e-01 5.171984e-01 5.350579e-01 5.509910e-01 5.597872e-01 5.625843e-01 5.688038e-01 5.797425e-01 5.904120e-01 6.012497e-01 6.156231e-01 6.355102e-01 6.534896e-01 6.619759e-01 6.680149e-01 6.847913e-01 7.053084e-01 7.157719e-01 7.054664e-01 6.844976e-01 6.660029e-01 6.586081e-01 6.556878e-01 6.463207e-01 6.223285e-01 5.921419e-01 5.716635e-01 5.657312e-01 5.694784e-01 5.747740e-01 5.749183e-01 5.615674e-01 5.319109e-01 4.884405e-01 4.411521e-01 4.024042e-01 3.786583e-01 3.689456e-01 3.666693e-01 3.620599e-01 3.485394e-01 3.251298e-01 2.952380e-01 2.659408e-01 2.422741e-01 2.247835e-01 2.133098e-01 2.061302e-01 2.028896e-01 2.051208e-01 2.139160e-01 2.305708e-01 2.441179e-01 2.417443e-01 2.202273e-01 1.865307e-01 1.552612e-01 1.338280e-01 1.224614e-01 1.181054e-01 1.165874e-01 1.123477e-01 1.014789e-01 8.808492e-02 7.402665e-02 6.015442e-02 4.724132e-02 3.506895e-02 2.554381e-02 1.804165e-02 1.238359e-02 8.820603e-03 5.919253e-03 3.429193e-03 1.524522e-03 4.025749e-04 6.075316e-05 4.177177e-06 1.177385e-07 1.335012e-09 5.553958e-12 1.010400e-14 8.838049e-18 4.283128e-21 9.025834e-25 4.406230e-29 2.681308e-34 1.539382e-40 4.203895e-45 4.203895e-45 4.203895e-45 2.802597e-45 2.802597e-45 4.203895e-45 4.203895e-45 2.802597e-45 2.802597e-45 1.401298e-45 1.401298e-45 1.401298e-45
0.000000e+00 1.401298e-45 1.401298e-45 2.802597e-45 4.975636e-24 9.479562e-15 1.141632e-09 4.298640e-06 1.989074e-04 2.828397e-04 2.143010e-04 1.504170e-04 3.097484e-04 4.643548e-04 6.520701e-04 5.302486e-04 6.723559e-04 7.893681e-04 9.663386e-04 1.046138e-03 9.921016e-04 1.272527e-03 1.204086e-03 1.735805e-03 1.586250e-03 2.199529e-03 2.172631e-03 2.806324e-03 3.301511e-03 3.805819e-03 4.579491e-03 4.386376e-03 5.635153e-03 5.630972e-03 6.503373e-03 7.560786e-03 8.158587e-03 1.022604e-02 1.128789e-02 1.367363e-02 1.557429e-02 1.667705e-02 1.904987e-02 2.128232e-02 2.405640e-02 2.629071e-02 2.945279e-02 3.372458e-02 3.611803e-02 3.941821e-02 4.552581e-02 5.202376e-02 5.574836e-02 6.236660e-02 7.174395e-02 7.286245e-02 7.858840e-02 9.490360e-02 1.010752e-01 1.076423e-01 1.245183e-01 1.319904e-01 1.395741e-01 1.555461e-01 1.631101e-01 1.784468e-01 2.079933e-01 2.151542e-01 2.121217e-01 2.346916e-01 2.603539e-01 2.642575e-01 2.706978e-01 2.918121e-01 3.150813e-01 3.268565e-01 3.245848e-01 3.253696e-01 3.490084e-01 3.851027e-01 4.056888e-01 4.114999e-01 4.237934e-01 4.455786e-01 4.654050e-01 4.843674e-01 5.069650e-01 5.260183e-01 5.369093e-01 5.433286e-01 5.558971e-01 5.725054e-01 5.877805e-01 5.969054e-01 6.021649e-01 6.047680e-01 6.113983e-01 6.290685e-01 6.600074e-01 6.893962e-01 7.015356e-01 6.974211e-01 6.939131e-01 7.028338e-01 7.156074e-01 7.199522e-01 7.092023e-01 6.861132e-01 6.526302e-01 6.180667e-01 5.893429e-01 5.749576e-01 5.775098e-01 5.869253e-01 5.869157e-01 5.667616e-01 5.319166e-01 4.920542e-01 4.584488e-01 4.312254e-01 4.140476e-01 4.046772e-01 3.981688e-01 3.880397e-01 3.714971e-01 3.486878e-01 3.267856e-01 3.087497e-01 2.933238e-01 2.752834e-01 2.530173e-01 2.327992e-01 2.203074e-01 2.174864e-01 2.212985e-01 2.252777e-01 2.225053e-01 2.078357e-01 1.820896e-01 1.560514e-01 1.386922e-01 1.313048e-01 1.265262e-01 1.186649e-01 1.077334e-01 9.548744e-02 8.351975e-02 7.308523e-02 6.506576e-02 5.947408e-02 5.482186e-02 5.093739e-02 4.635505e-02 4.049406e-02 3.295964e-02 2.407852e-02 1.562311e-02 9.075127e-03 4.767755e-03 2.133229e-03 7.518081e-04 1.769661e-04 2.269899e-05 1.278173e-06 2.512853e-08 1.578996e-10 3.126869e-13 2.630071e-16 1.721287e-19 1.067864e-22 6.500717e-26 1.043019e-29 1.083194e-34 1.234544e-41 4.203895e-45 4.203895e-45 2.802597e-45 2.802597e-45 2.802597e-45 4.203895e-45 2.802597e-45 2.802597e-45 1.401298e-45 1.401298e-45 1.401298e-45
0.000000e+00 1.401298e-45 1.401298e-45 2.802597e-45 6.708851e-21 8.355511e-13 2.998342e-07 1.512309e-04 1.123805e-03 8.508420e-04 4.175979e-04 3.278390e-04 3.606825e-04 5.858380e-04 7.565276e-04 7.394321e-04 6.346335e-04 7.122368e-04 9.247604e-04 1.051566e-03 1.275299e-03 1.186854e-03 1.518089e-03 1.403936e-03 1.743351e-03 1.723904e-03 2.191958e-03 2.613082e-03 3.006539e-03 3.577160e-03 3.480853e-03 4.630434e-03 4.884007e-03 5.666143e-03 6.002391e-03 6.424430e-03 8.143325e-03 8.800375e-03 1.079434e-02 1.272994e-02 1.378351e-02 1.668156e-02 1.948384e-02 2.169427e-02 2.550255e-02 2.875367e-02 3.019027e-02 3.359773e-02 3.964269e-02 4.381239e-02 4.590501e-02 5.096325e-02 5.807393e-02 6.231198e-02 6.831811e-02 8.015876e-02 8.689848e-02 9.010776e-02 1.079909e-01 1.267201e-01 1.281143e-01 1.391679e-01 1.570836e-01 1.620152e-01 1.771077e-01 2.046797e-01 2.198144e-01 2.280445e-01 2.371163e-01 2.401848e-01 2.483363e-01 2.699445e-01 2.898605e-01 3.020413e-01 3.108936e-01 3.219989e-01 3.417772e-01 3.596582e-01 3.621032e-01 3.645346e-01 3.900535e-01 4.284416e-01 4.504846e-01 4.555982e-01 4.652160e-01 4.833800e-01 5.011420e-01 5.172098e-01 5.307112e-01 5.451415e-01 5.589849e-01 5.712715e-01 5.804722e-01 5.868704e-01 5.911123e-01 5.969977e-01 6.104115e-01 6.367202e-01 6.683011e-01 6.864944e-01 6.930572e-01 7.013866e-01 7.221593e-01 7.493501e-01 7.636549e-01 7.494100e-01 7.075251e-01 6.644924e-01 6.359039e-01 6.270822e-01 6.203118e-01 6.061789e-01 5.879437e-01 5.711713e-01 5.538167e-01 5.300883e-01 4.967628e-01 4.675099e-01 4.544659e-01 4.566862e-01 4.649280e-01 4.644063e-01 4.513864e-01 4.336313e-01 4.105639e-01 3.786274e-01 3.408804e-01 3.064749e-01 2.838521e-01 2.708811e-01 2.662360e-01 2.695877e-01 2.768389e-01 2.759560e-01 2.582436e-01 2.250281e-01 1.891514e-01 1.633682e-01 1.515681e-01 1.527183e-01 1.618172e-01 1.716683e-01 1.739330e-01 1.637363e-01 1.452256e-01 1.239288e-01 1.018855e-01 8.308812e-02 6.653627e-02 5.460691e-02 4.744152e-02 4.152165e-02 3.603677e-02 2.872062e-02 2.030829e-02 1.319649e-02 8.107694e-03 5.182815e-03 3.416040e-03 2.172417e-03 1.134999e-03 3.740831e-04 6.209315e-05 4.105452e-06 1.053440e-07 9.014717e-10 3.366654e-12 8.102872e-15 1.883360e-17 9.870943e-20 3.625881e-22 3.815586e-25 8.586784e-30 8.883419e-37 4.203895e-45 4.203895e-45 4.203895e-45 2.802597e-45 2.802597e-45 2.802597e-45 2.802597e-45 2.802597e-45 1.401298e-45 1.401298e-45 1.401298e-45
0.000000e+00 1.401298e-45 1.401298e-45 2.802597e-45 2.954705e-16 1.467898e-10 9.153096e-07 1.618828e-04 5.117972e-04 3.625125e-04 1.373375e-04 1.851488e-04 2.773285e-04 4.325750e-04 3.346630e-04 3.506429e-04 3.441212e-04 4.471760e-04 5.992383e-04 9.134510e-04 1.221203e-03 1.377569e-03 1.503446e-03 1.494344e-03 1.805670e-03 1.935025e-03 2.520718e-03 2.819363e-03 3.309077e-03 3.551866e-03 4.346098e-03 4.830681e-03 5.184591e-03 5.755276e-03 6.650401e-03 8.370949e-03 9.058278e-03 1.093115e-02 1.238538e-02 1.339016e-02 1.707095e-02 1.899720e-02 2.094828e-02 2.422268e-02 2.528304e-02 2.835489e-02 3.234834e-02 3.437640e-02 3.872954e-02 4.464423e-02 4.940809e-02 5.343248e-02 5.902503e-02 6.697934e-02 7.510434e-02 8.334942e-02 9.515538e-02 1.083632e-01 1.132466e-01 1.212066e-01 1.400429e-01 1.498677e-01 1.552271e-01 1.813766e-01 2.049835e-01 2.053700e-01 2.157053e-01 2.461629e-01 2.674321e-01 2.706412e-01 2.752466e-01 2.898049e-01 3.081195e-01 3.248124e-01 3.362413e-01 3.427421e-01 3.501725e-01 3.646323e-01 3.822460e-01 3.963891e-01 4.032320e-01 4.118801e-01 4.317538e-01 4.611146e-01 4.883818e-01 4.986903e-01 4.914934e-01 4.870965e-01 4.987113e-01 5.224258e-01 5.417941e-01 5.490924e-01 5.523450e-01 5.633263e-01 5.808367e-01 6.023078e-01 6.220142e-01 6.353657e-01 6.447391e-01 6.620075e-01 6.930312e-01 7.240937e-01 7.428217e-01 7.435468e-01 7.408801e-01 7.394622e-01 7.364273e-01 7.182302e-01 6.898685e-01 6.619986e-01 6.406972e-01 6.224878e-01 5.980166e-01 5.701229e-01 5.463461e-01 5.268942e-01 5.118382e-01 4.990256e-01 4.912868e-01 4.869258e-01 4.799817e-01 4.658755e-01 4.445245e-01 4.213275e-01 3.961898e-01 3.708328e-01 3.490105e-01 3.339627e-01 3.234181e-01 3.157216e-01 3.038869e-01 2.853928e-01 2.608864e-01 2.362300e-01 2.168058e-01 2.070406e-01 2.084493e-01 2.177475e-01 2.247786e-01 2.223891e-01 2.086600e-01 1.882945e-01 1.702856e-01 1.594702e-01 1.535152e-01 1.491226e-01 1.457576e-01 1.431229e-01 1.400410e-01 1.353421e-01 1.244055e-01 1.067344e-01 8.271795e-02 5.787466e-02 3.841232e-02 2.597860e-02 1.871314e-02 1.441314e-02 1.086193e-02 7.114914e-03 3.545326e-03 1.035393e-03 1.678999e-04 1.369888e-05 4.799803e-07 9.000686e-09 7.208310e-11 3.943486e-13 2.051357e-15 1.133140e-17 7.417760e-20 9.403917e-23 9.957582e-27 7.471435e-33 1.691227e-41 4.203895e-45 4.203895e-45 2.802597e-45 2.802597e-45 2.802597e-45 2.802597e-45 2.802597e-45 1.401298e-45 1.401298e-45 1.401298e-45
0.000000e+00 1.401298e-45 1.401298e-45 2.802597e-45 2.780046e-12 1.347407e-07 2.757651e-05 1.772073e-04 1.482349e-04 5.117032e-05 6.672509e-05 1.004619e-04 2.158591e-04 2.298171e-04 3.529587e-04 4.478410e-04 6.716178e-04 7.685628e-04 7.920832e-04 9.527603e-04 1.082194e-03 1.666906e-03 1.638547e-03 2.351746e-03 2.058553e-03 2.721544e-03 2.479844e-03 2.764120e-03 3.138181e-03 3.645345e-03 4.498923e-03 4.544575e-03 5.441493e-03 6.020949e-03 6.884723e-03 8.064861e-03 9.241595e-03 1.016890e-02 1.119636e-02 1.321653e-02 1.447374e-02 1.699029e-02 1.989112e-02 2.187004e-02 2.526394e-02 2.797220e-02 3.135296e-02 3.680880e-02 3.881123e-02 4.193159e-02 5.032822e-02 5.596879e-02 6.029187e-02 7.028031e-02 7.761794e-02 8.565009e-02 1.005939e-01 1.111590e-01 1.188744e-01 1.290649e-01 1.399627e-01 1.599842e-01 1.821558e-01 1.841484e-01 1.878366e-01 2.173333e-01 2.403208e-01 2.394153e-01 2.579756e-01 3.008957e-01 3.220005e-01 3.181049e-01 3.258075e-01 3.498537e-01 3.745237e-01 3.821657e-01 3.776877e-01 3.801204e-01 3.924312e-01 4.025589e-01 4.070722e-01 4.210034e-01 4.437796e-01 4.644785e-01 4.739103e-01 4.836084e-01 4.960751e-01 5.038886e-01 5.066127e-01 5.062404e-01 5.058297e-01 5.079955e-01 5.214092e-01 5.439681e-01 5.741261e-01 6.042855e-01 6.269189e-01 6.475946e-01 6.699823e-01 6.961761e-01 7.195261e-01 7.349377e-01 7.404914e-01 7.363129e-01 7.310608e-01 7.292302e-01 7.224627e-01 7.094765e-01 6.891878e-01 6.687455e-01 6.484210e-01 6.237470e-01 5.937418e-01 5.605420e-01 5.322157e-01 5.197358e-01 5.237718e-01 5.377542e-01 5.447528e-01 5.335274e-01 5.060586e-01 4.703623e-01 4.327794e-01 3.961588e-01 3.677703e-01 3.528043e-01 3.519956e-01 3.574938e-01 3.599126e-01 3.521771e-01 3.329808e-01 3.038206e-01 2.701236e-01 2.432746e-01 2.285543e-01 2.242477e-01 2.203810e-01 2.096686e-01 1.942182e-01 1.806659e-01 1.720579e-01 1.671986e-01 1.651699e-01 1.639313e-01 1.591153e-01 1.529633e-01 1.472081e-01 1.431869e-01 1.418298e-01 1.346676e-01 1.218022e-01 1.084284e-01 9.480218e-02 8.363425e-02 7.378616e-02 6.410439e-02 5.462237e-02 4.152317e-02 2.833804e-02 1.669764e-02 7.266001e-03 2.485307e-03 4.935202e-04 5.434394e-05 3.087979e-06 6.578600e-08 7.080421e-10 3.142540e-12 1.206628e-14 7.097873e-17 7.076229e-19 8.972837e-21 1.242418e-23 3.646561e-28 4.893768e-36 4.203895e-45 4.203895e-45 2.802597e-45 2.802597e-45 2.802597e-45 2.802597e-45 2.802597e-45 1.401298e-45 1.401298e-45 1.401298e-45
0.000000e+00 1.401298e-45 1.401298e-45 2.802597e-45 8.059259e-12 5.842209e-07 1.648356e-04 3.868850e-04 2.644756e-04 1.132779e-04 8.006459e-05 9.407279e-05 2.218264e-04 5.613171e-04 9.887109e-04 8.465159e-04 9.152867e-04 9.673553e-04 1.385404e-03 1.152683e-03 1.322877e-03 1.167892e-03 1.794146e-03 1.762298e-03 2.438769e-03 2.385778e-03 2.719633e-03 2.997402e-03 3.080177e-03 3.749968e-03 3.692269e-03 4.975829e-03 6.093449e-03 7.135559e-03 8.098147e-03 8.536933e-03 9.699692e-03 1.035972e-02 1.177994e-02 1.374131e-02 1.489954e-02 1.721744e-02 1.929301e-02 2.219343e-02 2.540715e-02 2.806984e-02 3.232959e-02 3.505595e-02 3.950685e-02 4.537521e-02 4.846213e-02 5.757247e-02 6.750583e-02 7.063429e-02 8.160575e-02 9.290981e-02 9.457630e-02 1.054752e-01 1.229290e-01 1.325693e-01 1.453755e-01 1.587779e-01 1.670953e-01 1.859701e-01 2.037627e-01 2.032166e-01 2.140813e-01 2.483087e-01 2.726444e-01 2.807646e-01 3.045165e-01 3.449858e-01 3.655293e-01 3.562485e-01 3.528943e-01 3.801177e-01 4.143530e-01 4.198781e-01 4.029822e-01 3.960961e-01 4.103344e-01 4.317751e-01 4.456779e-01 4.552055e-01 4.606704e-01 4.691657e-01 4.856248e-01 5.031570e-01 5.075029e-01 5.025815e-01 5.003397e-01 5.056778e-01 5.175315e-01 5.342529e-01 5.631337e-01 6.076414e-01 6.581669e-01 6.999093e-01 7.245921e-01 7.359736e-01 7.455269e-01 7.554756e-01 7.588520e-01 7.460839e-01 7.207953e-01 6.976955e-01 6.924472e-01 7.039998e-01 7.107235e-01 6.954703e-01 6.625617e-01 6.291329e-01 6.052514e-01 5.877928e-01 5.715451e-01 5.588816e-01 5.490354e-01 5.380197e-01 5.162476e-01 4.873842e-01 4.545799e-01 4.312568e-01 4.152135e-01 4.026871e-01 3.935134e-01 3.881913e-01 3.822866e-01 3.686803e-01 3.461560e-01 3.249387e-01 3.148173e-01 3.186602e-01 3.282110e-01 3.329703e-01 3.246572e-01 3.018517e-01 2.691070e-01 2.394189e-01 2.233212e-01 2.218893e-01 2.294541e-01 2.349662e-01 2.314801e-01 2.188348e-01 2.004647e-01 1.806180e-01 1.603147e-01 1.415013e-01 1.239576e-01 1.085621e-01 9.843290e-02 9.452324e-02 9.403697e-02 9.284852e-02 8.532051e-02 7.023663e-02 5.213623e-02 3.731719e-02 2.581017e-02 1.671492e-02 9.818157e-03 4.193082e-03 1.207837e-03 1.726019e-04 1.134444e-05 3.275426e-07 3.807652e-09 2.975312e-11 1.793523e-13 3.014544e-15 1.317544e-16 7.064473e-18 7.161184e-20 2.750232e-24 7.271248e-32 1.961818e-44 4.203895e-45 4.203895e-45 2.802597e-45 2.802597e-45 2.802597e-45 2.802597e-45 1.401298e-45 1.401298e-45 1.401298e-45
0.000000e+00 1.401298e-45 1.401298e-45 1.642985e-14 6.189606e-11 5.359529e-08 4.961486e-06 1.325441e-04 9.803843e-05 1.147664e-04 1.014372e-04 3.855097e-04 4.641369e-04 6.931979e-04 4.034741e-04 5.759916e-04 4.712652e-04 7.462414e-04 7.427480e-04 1.171854e-03 1.116728e-03 1.258351e-03 1.222153e-03 1.527685e-03 1.921049e-03 2.232764e-03 2.941996e-03 3.178728e-03 3.858397e-03 3.676566e-03 4.731309e-03 5.654667e-03 6.611681e-03 7.953275e-03 8.082435e-03 9.624313e-03 1.014930e-02 1.168389e-02 1.295678e-02 1.377686e-02 1.676300e-02 1.812818e-02 2.090316e-02 2.450369e-02 2.838551e-02 3.424274e-02 3.595915e-02 3.987795e-02 4.676833e-02 5.004949e-02 5.495534e-02 6.116169e-02 6.942686e-02 8.042986e-02 8.465812e-02 9.040366e-02 1.029729e-01 1.090591e-01 1.179953e-01 1.383439e-01 1.471355e-01 1.526482e-01 1.737916e-01 1.911569e-01 1.984300e-01 2.162318e-01 2.363789e-01 2.486254e-01 2.644270e-01 2.906522e-01 3.137321e-01 3.283599e-01 3.498786e-01 3.793705e-01 3.976410e-01 3.954702e-01 3.920941e-01 4.043566e-01 4.211303e-01 4.271647e-01 4.226198e-01 4.176571e-01 4.188561e-01 4.314664e-01 4.583496e-01 4.836749e-01 4.950018e-01 4.991777e-01 5.028699e-01 5.056143e-01 5.055094e-01 5.113341e-01 5.285488e-01 5.525808e-01 5.767469e-01 6.093119e-01 6.526008e-01 7.032656e-01 7.468455e-01 7.762544e-01 7.892398e-01 7.878093e-01 7.759128e-01 7.581069e-01 7.402577e-01 7.270517e-01 7.168949e-01 7.022627e-01 6.810840e-01 6.522079e-01 6.240665e-01 6.092986e-01 6.106594e-01 6.191965e-01 6.174859e-01 6.006840e-01 5.721066e-01 5.387498e-01 5.041346e-01 4.697011e-01 4.408177e-01 4.253836e-01 4.215412e-01 4.231111e-01 4.231538e-01 4.203608e-01 4.159351e-01 4.119376e-01 4.038913e-01 3.908705e-01 3.721529e-01 3.470122e-01 3.170400e-01 2.874350e-01 2.671772e-01 2.624209e-01 2.717618e-01 2.896186e-01 3.034640e-01 3.006184e-01 2.797806e-01 2.522892e-01 2.282407e-01 2.097378e-01 2.002734e-01 1.939634e-01 1.879359e-01 1.791553e-01 1.654784e-01 1.544175e-01 1.433292e-01 1.277118e-01 1.101204e-01 8.862333e-02 6.640592e-02 4.890830e-02 3.549365e-02 2.662702e-02 2.067866e-02 1.437341e-02 8.903126e-03 4.132828e-03 1.268868e-03 2.676970e-04 2.804929e-05 1.797528e-06 6.439434e-08 1.260422e-09 2.738219e-11 6.504566e-13 3.404793e-14 1.236673e-15 6.252927e-18 3.846020e-22 9.161091e-30 1.987181e-41 4.203895e-45 4.203895e-45 2.802597e-45 2.802597e-45 2.802597e-45 2.802597e-45 1.401298e-45 1.401298e-45 1.401298e-45
0.000000e+00 1.401298e-45 2.802597e-45 9.553759e-19 1.128487e-07 4.969525e-06 2.551285e-05 7.863341e-06 1.524836e-05 1.076322e-05 3.677880e-05 3.895434e-05 1.403428e-04 1.234430e-04 2.447707e-04 2.143636e-04 4.146291e-04 4.054741e-04 5.330970e-04 5.851296e-04 7.541321e-04 1.024037e-03 1.134490e-03 1.524155e-03 1.596806e-03 2.335101e-03 2.597109e-03 3.295482e-03 3.676110e-03 4.646245e-03 5.596256e-03 5.875616e-03 6.865876e-03 7.433027e-03 8.788061e-03 1.048457e-02 1.163178e-02 1.310974e-02 1.445096e-02 1.639889e-02 1.788505e-02 1.990216e-02 2.194659e-02 2.383748e-02 2.674446e-02 2.943183e-02 3.495278e-02 4.085262e-02 4.250238e-02 4.931371e-02 5.868373e-02 6.147437e-02 6.744719e-02 7.725025e-02 8.638576e-02 9.528254e-02 1.049166e-01 1.192337e-01 1.287454e-01 1.319593e-01 1.490931e-01 1.702636e-01 1.734421e-01 1.822399e-01 2.154936e-01 2.444707e-01 2.526141e-01 2.638902e-01 2.847373e-01 3.023844e-01 3.192592e-01 3.408063e-01 3.621094e-01 3.818126e-01 4.011544e-01 4.168229e-01 4.265700e-01 4.250696e-01 4.205328e-01 4.264658e-01 4.389751e-01 4.458896e-01 4.412800e-01 4.376669e-01 4.441165e-01 4.674298e-01 4.975889e-01 5.199527e-01 5.257413e-01 5.188934e-01 5.152397e-01 5.204471e-01 5.354142e-01 5.589620e-01 5.865992e-01 6.150666e-01 6.480085e-01 6.934073e-01 7.420415e-01 7.733366e-01 7.759171e-01 7.585266e-01 7.425859e-01 7.407303e-01 7.455818e-01 7.443088e-01 7.231722e-01 6.927073e-01 6.680463e-01 6.542528e-01 6.495788e-01 6.503479e-01 6.495868e-01 6.443221e-01 6.308422e-01 6.062415e-01 5.735185e-01 5.399022e-01 5.130185e-01 4.970492e-01 4.878741e-01 4.782145e-01 4.672318e-01 4.557972e-01 4.467006e-01 4.382704e-01 4.288988e-01 4.197382e-01 4.116302e-01 3.979248e-01 3.736984e-01 3.407859e-01 3.081678e-01 2.846016e-01 2.690878e-01 2.570072e-01 2.443303e-01 2.269297e-01 2.051042e-01 1.842993e-01 1.699276e-01 1.644851e-01 1.643322e-01 1.653572e-01 1.660789e-01 1.673369e-01 1.705609e-01 1.739689e-01 1.781598e-01 1.814213e-01 1.794594e-01 1.707580e-01 1.545873e-01 1.363963e-01 1.215434e-01 1.035276e-01 8.594812e-02 6.636490e-02 4.501314e-02 2.965219e-02 1.600201e-02 7.953915e-03 3.494680e-03 1.045991e-03 2.475661e-04 3.019033e-05 2.172056e-06 8.606833e-08 1.734181e-09 4.255890e-11 9.785815e-13 4.056798e-14 4.724472e-16 2.463206e-19 1.427515e-25 2.387269e-36 4.203895e-45 4.203895e-45 2.802597e-45 2.802597e-45 1.401298e-45 1.401298e-45 1.401298e-45 1.401298e-45 1.401298e-45
0.000000e+00 1.401298e-45 2.802597e-45 3.127034e-14 6.600564e-08 3.591260e-05 6.050579e-05 7.251878e-05 8.895130e-06 1.069454e-05 1.261176e-05 5.085105e-05 3.564703e-05 6.402187e-05 6.940094e-05 1.604845e-04 2.426155e-04 4.111266e-04 5.777663e-04 6.216412e-04 8.882216e-04 9.907376e-04 1.525821e-03 1.441712e-03 1.772906e-03 1.825145e-03 2.223382e-03 2.907819e-03 3.588891e-03 4.802971e-03 4.770220e-03 5.707189e-03 6.015561e-03 6.818153e-03 7.796262e-03 8.535900e-03 1.127714e-02 1.204859e-02 1.421687e-02 1.664035e-02 1.763392e-02 2.137780e-02 2.356444e-02 2.623746e-02 2.890456e-02 3.129859e-02 3.575172e-02 3.926400e-02 4.604056e-02 5.157365e-02 5.513680e-02 6.426146e-02 6.859428e-02 7.147599e-02 8.375738e-02 9.390564e-02 1.017543e-01 1.143497e-01 1.261679e-01 1.384951e-01 1.483347e-01 1.564012e-01 1.784871e-01 2.025699e-01 2.080382e-01 2.238741e-01 2.607834e-01 2.849674e-01 2.891440e-01 3.008431e-01 3.235385e-01 3.454979e-01 3.604208e-01 3.762275e-01 4.000716e-01 4.231152e-01 4.321173e-01 4.383588e-01 4.500524e-01 4.571018e-01 4.527421e-01 4.490261e-01 4.576758e-01 4.717251e-01 4.812348e-01 4.856202e-01 4.887863e-01 5.006489e-01 5.247368e-01 5.541981e-01 5.712633e-01 5.695866e-01 5.634814e-01 5.704595e-01 5.962774e-01 6.312689e-01 6.649788e-01 6.895686e-01 7.055825e-01 7.189538e-01 7.355253e-01 7.502982e-01 7.598960e-01 7.593732e-01 7.485523e-01 7.290853e-01 7.038009e-01 6.773410e-01 6.580464e-01 6.514043e-01 6.568720e-01 6.582265e-01 6.436267e-01 6.164844e-01 5.947706e-01 5.785598e-01 5.586560e-01 5.312529e-01 5.077510e-01 4.950226e-01 4.935987e-01 4.902960e-01 4.822996e-01 4.780997e-01 4.807451e-01 4.803301e-01 4.670635e-01 4.396663e-01 4.075845e-01 3.803384e-01 3.622554e-01 3.555344e-01 3.607368e-01 3.667856e-01 3.551392e-01 3.175302e-01 2.667294e-01 2.203176e-01 1.875172e-01 1.671775e-01 1.573535e-01 1.537910e-01 1.508611e-01 1.467451e-01 1.393340e-01 1.319712e-01 1.238609e-01 1.139378e-01 1.032380e-01 9.372241e-02 8.678946e-02 8.432323e-02 8.597404e-02 9.011660e-02 9.497746e-02 9.512501e-02 8.652343e-02 7.256663e-02 5.897855e-02 4.654613e-02 3.780660e-02 2.935746e-02 1.910632e-02 9.810721e-03 2.851501e-03 4.792787e-04 3.800487e-05 1.710696e-06 5.271107e-08 1.573612e-09 1.063267e-10 1.143614e-11 1.530104e-12 7.639820e-15 5.781548e-20 6.016882e-30 4.203895e-45 2.802597e-45 2.802597e-45 2.802597e-45 1.401298e-45 1.401298e-45 1.401298e-45 1.401298e-45 1.401298e-45
0.000000e+00 1.401298e-45 5.282619e-15 7.709970e-07 6.348189e-05 2.978663e-05 1.105460e-04 7.113909e-05 2.012807e-04 1.313045e-04 1.366608e-04 7.232148e-05 1.293872e-04 1.350420e-04 1.839503e-04 1.694400e-04 1.968506e-04 3.298657e-04 4.424539e-04 7.770438e-04 8.000807e-04 1.164937e-03 1.185270e-03 1.663602e-03 1.914112e-03 2.064729e-03 2.453875e-03 2.577291e-03 3.379783e-03 3.248183e-03 4.116959e-03 4.481255e-03 5.345675e-03 6.183267e-03 6.385855e-03 8.547458e-03 9.228306e-03 1.211023e-02 1.388685e-02 1.550635e-02 1.937021e-02 1.976892e-02 2.316723e-02 2.565138e-02 2.742649e-02 3.182389e-02 3.320392e-02 3.788481e-02 4.459645e-02 4.897320e-02 5.451334e-02 5.967010e-02 6.845809e-02 7.668115e-02 7.801840e-02 8.858471e-02 1.038570e-01 1.087525e-01 1.192942e-01 1.357872e-01 1.475287e-01 1.656272e-01 1.820126e-01 1.929438e-01 2.123767e-01 2.281493e-01 2.349526e-01 2.592381e-01 2.952155e-01 3.118802e-01 3.141002e-01 3.244766e-01 3.466180e-01 3.714314e-01 3.900010e-01 3.990696e-01 4.180025e-01 4.508282e-01 4.733844e-01 4.728575e-01 4.710273e-01 4.730151e-01 4.721163e-01 4.738962e-01 4.826614e-01 4.906283e-01 4.957973e-01 5.074385e-01 5.284552e-01 5.501404e-01 5.663323e-01 5.799018e-01 5.960078e-01 6.134256e-01 6.299554e-01 6.478135e-01 6.637160e-01 6.704335e-01 6.755490e-01 6.899110e-01 7.144364e-01 7.375470e-01 7.432412e-01 7.310526e-01 7.142262e-01 7.036721e-01 6.989528e-01 6.893723e-01 6.795197e-01 6.740192e-01 6.749260e-01 6.694552e-01 6.528692e-01 6.245857e-01 5.934747e-01 5.680578e-01 5.507774e-01 5.433812e-01 5.436360e-01 5.449362e-01 5.433913e-01 5.348151e-01 5.203565e-01 5.005108e-01 4.785880e-01 4.533820e-01 4.290680e-01 4.077621e-01 3.924637e-01 3.831086e-01 3.719195e-01 3.535865e-01 3.271173e-01 2.954057e-01 2.682526e-01 2.511204e-01 2.442076e-01 2.421837e-01 2.356500e-01 2.205725e-01 1.961899e-01 1.693949e-01 1.479386e-01 1.334629e-01 1.265036e-01 1.239924e-01 1.214375e-01 1.188642e-01 1.140192e-01 1.061932e-01 9.868161e-02 9.067988e-02 8.294525e-02 7.594044e-02 6.673250e-02 5.875203e-02 5.191185e-02 4.705649e-02 4.445595e-02 4.241830e-02 4.131903e-02 3.580061e-02 2.551744e-02 1.306367e-02 4.259728e-03 8.065022e-04 9.780968e-05 8.069359e-06 6.133399e-07 5.751872e-08 7.277326e-09 2.047783e-09 2.946546e-10 4.401363e-12 8.419358e-17 3.686335e-26 6.506229e-42 2.802597e-45 2.802597e-45 2.802597e-45 1.401298e-45 1.401298e-45 1.401298e-45 1.401298e-45 1.401298e-45
0.000000e+00 1.401298e-45 1.636092e-11 2.137796e-07 2.184774e-05 2.516344e-04 2.089892e-04 2.147863e-04 6.889944e-05 9.210606e-05 1.266766e-04 3.204154e-04 4.565411e-04 6.262276e-04 5.099334e-04 4.516889e-04 4.530951e-04 3.815992e-04 5.228980e-04 5.869740e-04 8.638721e-04 8.604890e-04 1.141479e-03 1.375831e-03 1.682872e-03 2.280431e-03 2.551743e-03 3.140260e-03 2.862049e-03 3.359259e-03 3.760361e-03 4.575024e-03 5.625662e-03 6.441283e-03 7.854613e-03 8.392211e-03 1.008715e-02 1.150668e-02 1.356811e-02 1.627158e-02 1.830560e-02 2.203270e-02 2.352175e-02 2.664836e-02 3.115976e-02 3.257352e-02 3.835899e-02 4.242209e-02 4.365246e-02 5.032185e-02 5.558129e-02 6.012419e-02 6.586600e-02 7.306916e-02 8.429562e-02 8.891727e-02 9.324531e-02 1.070054e-01 1.170921e-01 1.277020e-01 1.468709e-01 1.595829e-01 1.720201e-01 1.934084e-01 2.069547e-01 2.176370e-01 2.389629e-01 2.531793e-01 2.652420e-01 2.938194e-01 3.230563e-01 3.390901e-01 3.529903e-01 3.640093e-01 3.779235e-01 4.103872e-01 4.424092e-01 4.518577e-01 4.588451e-01 4.809806e-01 4.937545e-01 4.873312e-01 4.810993e-01 4.816488e-01 4.804687e-01 4.867129e-01 5.089288e-01 5.337533e-01 5.454093e-01 5.509304e-01 5.686916e-01 5.976974e-01 6.236541e-01 6.428272e-01 6.560288e-01 6.666496e-01 6.726395e-01 6.747636e-01 6.771781e-01 6.869147e-01 7.052985e-01 7.271799e-01 7.421864e-01 7.424942e-01 7.263837e-01 7.051054e-01 6.881075e-01 6.846470e-01 6.869761e-01 6.899351e-01 6.871940e-01 6.699729e-01 6.450084e-01 6.116093e-01 5.772372e-01 5.515578e-01 5.407546e-01 5.432662e-01 5.483590e-01 5.490860e-01 5.435822e-01 5.331538e-01 5.152551e-01 4.866660e-01 4.522981e-01 4.221985e-01 4.044854e-01 3.964585e-01 3.886914e-01 3.797470e-01 3.694479e-01 3.554828e-01 3.361139e-01 3.118070e-01 2.890033e-01 2.691279e-01 2.473298e-01 2.218626e-01 1.956115e-01 1.752081e-01 1.616993e-01 1.529973e-01 1.479628e-01 1.443121e-01 1.411187e-01 1.373206e-01 1.320333e-01 1.271487e-01 1.235705e-01 1.188568e-01 1.128953e-01 1.064588e-01 1.002689e-01 9.420133e-02 8.849417e-02 8.420683e-02 8.196494e-02 7.825641e-02 7.067370e-02 6.079594e-02 4.895748e-02 3.622672e-02 2.371029e-02 1.214389e-02 4.550451e-03 1.187248e-03 2.044568e-04 2.807409e-05 3.300039e-06 3.177474e-07 3.378343e-08 3.550563e-09 4.487604e-10 8.409377e-12 9.800763e-16 5.586483e-24 6.307902e-39 2.802597e-45 2.802597e-45 2.802597e-45 1.401298e-45 1.401298e-45 1.401298e-45 1.401298e-45 1.401298e-45
0.000000e+00 1.401298e-45 2.802597e-45 9.464754e-07 2.952395e-05 4.050171e-05 7.359961e-05 1.036706e-04 1.148925e-04 9.656702e-05 2.355629e-04 5.439144e-04 7.190556e-04 6.023966e-04 6.633131e-04 9.023333e-04 1.001336e-03 1.023730e-03 7.968252e-04 7.428062e-04 7.738936e-04 1.024793e-03 1.287341e-03 1.486561e-03 1.932481e-03 2.272570e-03 2.837044e-03 2.924570e-03 3.531587e-03 4.207775e-03 4.722365e-03 5.697378e-03 6.329766e-03 7.800496e-03 8.729283e-03 1.028395e-02 1.213239e-02 1.283828e-02 1.465460e-02 1.655336e-02 1.839636e-02 2.102693e-02 2.406266e-02 2.667308e-02 3.007683e-02 3.575687e-02 3.927621e-02 4.231856e-02 4.665630e-02 4.961900e-02 5.603174e-02 6.397746e-02 7.011484e-02 7.947963e-02 8.890411e-02 9.542287e-02 1.017324e-01 1.106058e-01 1.249564e-01 1.353924e-01 1.420461e-01 1.588391e-01 1.746608e-01 1.817242e-01 1.996283e-01 2.237338e-01 2.343860e-01 2.465681e-01 2.686011e-01 2.901393e-01 3.143896e-01 3.364436e-01 3.558693e-01 3.828648e-01 4.123228e-01 4.268334e-01 4.389245e-01 4.622836e-01 4.774376e-01 4.797949e-01 4.899033e-01 5.083050e-01 5.115215e-01 5.041904e-01 5.055933e-01 5.167145e-01 5.288291e-01 5.462153e-01 5.705926e-01 5.905682e-01 6.007383e-01 6.110669e-01 6.341295e-01 6.607684e-01 6.775107e-01 6.856325e-01 6.920106e-01 7.041913e-01 7.141978e-01 7.176897e-01 7.182202e-01 7.202545e-01 7.267505e-01 7.286522e-01 7.203798e-01 7.064315e-01 6.974148e-01 6.993244e-01 7.034298e-01 6.946273e-01 6.695960e-01 6.369678e-01 6.144741e-01 6.048380e-01 5.994485e-01 5.924126e-01 5.863859e-01 5.842006e-01 5.811597e-01 5.642149e-01 5.335194e-01 5.002001e-01 4.745732e-01 4.547215e-01 4.371116e-01 4.229496e-01 4.123249e-01 4.015363e-01 3.847646e-01 3.630679e-01 3.481894e-01 3.434319e-01 3.425507e-01 3.364474e-01 3.206391e-01 2.937393e-01 2.584029e-01 2.234527e-01 1.969465e-01 1.821812e-01 1.751560e-01 1.704640e-01 1.628536e-01 1.527341e-01 1.394843e-01 1.243454e-01 1.089376e-01 9.491152e-02 8.363798e-02 7.596288e-02 7.114581e-02 7.023932e-02 7.313290e-02 7.688753e-02 8.088198e-02 8.294086e-02 8.194069e-02 7.704915e-02 6.761105e-02 5.671052e-02 4.473460e-02 3.417416e-02 2.283448e-02 1.211397e-02 4.862067e-03 1.266900e-03 2.333849e-04 3.234563e-05 3.657611e-06 3.781257e-07 3.513022e-08 5.095053e-09 1.264806e-09 1.340538e-10 1.767645e-13 1.092738e-20 1.015391e-34 4.203895e-45 2.802597e-45 2.802597e-45 1.401298e-45 1.401298e-45 1.401298e-45 1.401298e-45 1.401298e-45
0.000000e+00 1.401298e-45 8.435805e-12 4.297567e-04 6.410778e-04 1.290361e-04 3.044549e-05 1.176484e-05 4.973911e-05 2.288250e-04 2.680388e-04 1.292671e-04 1.094042e-04 1.802008e-04 4.050597e-04 6.618142e-04 1.016420e-03 1.435783e-03 1.506178e-03 1.452012e-03 1.335491e-03 1.668985e-03 1.747838e-03 2.174437e-03 2.185764e-03 2.450197e-03 2.543675e-03 3.082174e-03 3.837875e-03 4.119459e-03 4.927870e-03 5.177442e-03 6.460537e-03 7.344379e-03 8.421034e-03 1.026976e-02 1.111938e-02 1.280727e-02 1.375260e-02 1.536106e-02 1.769567e-02 1.943178e-02 2.359297e-02 2.716950e-02 3.063953e-02 3.576478e-02 3.845459e-02 4.322111e-02 4.942706e-02 5.279160e-02 5.772962e-02 6.530589e-02 7.417466e-02 8.023578e-02 8.476705e-02 9.620128e-02 1.106773e-01 1.169550e-01 1.223173e-01 1.354733e-01 1.485795e-01 1.541370e-01 1.651912e-01 1.847914e-01 1.984697e-01 2.108675e-01 2.340464e-01 2.583162e-01 2.699959e-01 2.739426e-01 2.932756e-01 3.316998e-01 3.651166e-01 3.814274e-01 3.990225e-01 4.285948e-01 4.541803e-01 4.669031e-01 4.801956e-01 4.974790e-01 5.091603e-01 5.133718e-01 5.229333e-01 5.409478e-01 5.597993e-01 5.746300e-01 5.818232e-01 5.825807e-01 5.838882e-01 5.947861e-01 6.165924e-01 6.404999e-01 6.635563e-01 6.834738e-01 6.954476e-01 7.044681e-01 7.125664e-01 7.249824e-01 7.332685e-01 7.300525e-01 7.137469e-01 6.953048e-01 6.939725e-01 7.151848e-01 7.526489e-01 7.803709e-01 7.798579e-01 7.577240e-01 7.251303e-01 6.878590e-01 6.503471e-01 6.207608e-01 6.101729e-01 6.152440e-01 6.248711e-01 6.307211e-01 6.329519e-01 6.280602e-01 6.124911e-01 5.849760e-01 5.500665e-01 5.179781e-01 4.932458e-01 4.707541e-01 4.477346e-01 4.239888e-01 4.048260e-01 3.913142e-01 3.839687e-01 3.772042e-01 3.664813e-01 3.455220e-01 3.150023e-01 2.833400e-01 2.586954e-01 2.466930e-01 2.473301e-01 2.538602e-01 2.582384e-01 2.496119e-01 2.273388e-01 1.980147e-01 1.686155e-01 1.457905e-01 1.283320e-01 1.145579e-01 1.040628e-01 9.440910e-02 8.584934e-02 7.947892e-02 7.504383e-02 7.247992e-02 7.039820e-02 6.831346e-02 6.630505e-02 6.397931e-02 6.284525e-02 6.298690e-02 6.372668e-02 6.215392e-02 5.610653e-02 4.711320e-02 3.322164e-02 1.982921e-02 8.553646e-03 2.712668e-03 6.934276e-04 1.373312e-04 2.847214e-05 5.453825e-06 1.002620e-06 2.931233e-07 1.195717e-07 3.502738e-08 1.818244e-10 1.146995e-16 7.276460e-30 4.203895e-45 2.802597e-45 2.802597e-45 1.401298e-45 1.401298e-45 1.401298e-45 1.401298e-45 1.401298e-45
0.000000e+00 1.401298e-45 4.753570e-07 3.827518e-05 1.454312e-06 3.624328e-06 3.264182e-05 2.538133e-04 1.273352e-04 5.704454e-05 3.892043e-05 6.891439e-05 1.276966e-04 2.538209e-04 2.953225e-04 3.726891e-04 4.822728e-04 6.412667e-04 1.141647e-03 1.696207e-03 2.290660e-03 1.921108e-03 2.191313e-03 2.152721e-03 2.484693e-03 2.506999e-03 2.919544e-03 3.554016e-03 3.722782e-03 4.498105e-03 4.685610e-03 5.844081e-03 6.413830e-03 7.280988e-03 8.408445e-03 8.683961e-03 1.049409e-02 1.195198e-02 1.343961e-02 1.493055e-02 1.722731e-02 2.098350e-02 2.259541e-02 2.744427e-02 3.168115e-02 3.189008e-02 3.814494e-02 4.319122e-02 4.702420e-02 5.703048e-02 6.236034e-02 6.668808e-02 7.422663e-02 7.886245e-02 8.805883e-02 9.966258e-02 1.067761e-01 1.189924e-01 1.304836e-01 1.351929e-01 1.458697e-01 1.589912e-01 1.688767e-01 1.822643e-01 1.992464e-01 2.160440e-01 2.295844e-01 2.391137e-01 2.577589e-01 2.866190e-01 3.043426e-01 3.116854e-01 3.314373e-01 3.654056e-01 3.977288e-01 4.213243e-01 4.432823e-01 4.684529e-01 4.972832e-01 5.174678e-01 5.276229e-01 5.377358e-01 5.558001e-01 5.728127e-01 5.826254e-01 5.861245e-01 5.868267e-01 5.902856e-01 6.037793e-01 6.287218e-01 6.576692e-01 6.741767e-01 6.847227e-01 7.003787e-01 7.238537e-01 7.442832e-01 7.511305e-01 7.452042e-01 7.360526e-01 7.275312e-01 7.202367e-01 7.157357e-01 7.211322e-01 7.358049e-01 7.523614e-01 7.629446e-01 7.570550e-01 7.409745e-01 7.190505e-01 6.965188e-01 6.756920e-01 6.556247e-01 6.370317e-01 6.257000e-01 6.242063e-01 6.329274e-01 6.350444e-01 6.213591e-01 5.965874e-01 5.761197e-01 5.657566e-01 5.570927e-01 5.437381e-01 5.271946e-01 5.110930e-01 4.937042e-01 4.728898e-01 4.476877e-01 4.242987e-01 4.040295e-01 3.837297e-01 3.636142e-01 3.484670e-01 3.392811e-01 3.324477e-01 3.195193e-01 2.964261e-01 2.670020e-01 2.359409e-01 2.065797e-01 1.815730e-01 1.626902e-01 1.483438e-01 1.339744e-01 1.198216e-01 1.079454e-01 9.933646e-02 9.356564e-02 9.039184e-02 8.911993e-02 8.884887e-02 8.772528e-02 8.458136e-02 8.114190e-02 7.868344e-02 7.781660e-02 7.802007e-02 7.949009e-02 7.886975e-02 7.489038e-02 6.847643e-02 5.883586e-02 5.251867e-02 4.239661e-02 2.949433e-02 1.805146e-02 7.900077e-03 3.100337e-03 9.212772e-04 1.990752e-04 3.330009e-05 3.880078e-06 7.761114e-07 1.248273e-07 2.657292e-09 2.802181e-14 9.030853e-26 4.203895e-45 2.802597e-45 2.802597e-45 1.401298e-45 1.401298e-45 1.401298e-45 1.401298e-45 1.401298e-45
1.401298e-45 1.401298e-45 5.457589e-08 3.752208e-04 3.023058e-05 3.758665e-06 9.486876e-06 3.266485e-05 1.138017e-04 1.013448e-04 1.256539e-04 2.127509e-04 4.002477e-04 4.324902e-04 4.807473e-04 5.111290e-04 4.995672e-04 5.695375e-04 6.482887e-04 9.490018e-04 1.256579e-03 1.902705e-03 2.232118e-03 2.553212e-03 2.690681e-03 3.049036e-03 3.504598e-03 3.510473e-03 4.239728e-03 4.574646e-03 5.692757e-03 5.988757e-03 6.546860e-03 7.459867e-03 7.624581e-03 9.087926e-03 1.021481e-02 1.159864e-02 1.370217e-02 1.595492e-02 1.834719e-02 2.004164e-02 2.447036e-02 2.640221e-02 2.903661e-02 3.610015e-02 3.850922e-02 4.341061e-02 5.102456e-02 5.512493e-02 6.475191e-02 6.949812e-02 7.123148e-02 8.689216e-02 9.726849e-02 9.852002e-02 1.114944e-01 1.231525e-01 1.315571e-01 1.442957e-01 1.515726e-01 1.644742e-01 1.829884e-01 1.920175e-01 2.002085e-01 2.144574e-01 2.277064e-01 2.467192e-01 2.694537e-01 2.835117e-01 2.970956e-01 3.219607e-01 3.466822e-01 3.672170e-01 3.882826e-01 4.140908e-01 4.470333e-01 4.861416e-01 5.144684e-01 5.265310e-01 5.395665e-01 5.598763e-01 5.740262e-01 5.762690e-01 5.713910e-01 5.704706e-01 5.752100e-01 5.850047e-01 6.005114e-01 6.277242e-01 6.666397e-01 7.051346e-01 7.326037e-01 7.470193e-01 7.550725e-01 7.603672e-01 7.560325e-01 7.454262e-01 7.340693e-01 7.253314e-01 7.221169e-01 7.212807e-01 7.203664e-01 7.198942e-01 7.270626e-01 7.452663e-01 7.605384e-01 7.535949e-01 7.240967e-01 6.893348e-01 6.657404e-01 6.556830e-01 6.499608e-01 6.472157e-01 6.478535e-01 6.521597e-01 6.510400e-01 6.369026e-01 6.140847e-01 5.944369e-01 5.830854e-01 5.748044e-01 5.689845e-01 5.687047e-01 5.716277e-01 5.654505e-01 5.376179e-01 4.916252e-01 4.406182e-01 3.983086e-01 3.648701e-01 3.425299e-01 3.337848e-01 3.347230e-01 3.333167e-01 3.174398e-01 2.878465e-01 2.537883e-01 2.224440e-01 1.978588e-01 1.788016e-01 1.652102e-01 1.544043e-01 1.422468e-01 1.282360e-01 1.138345e-01 1.001493e-01 8.830588e-02 7.793797e-02 7.060187e-02 6.783566e-02 6.866502e-02 7.334469e-02 8.238845e-02 9.268120e-02 1.046412e-01 1.107186e-01 1.098324e-01 1.044003e-01 9.354828e-02 8.585548e-02 8.591909e-02 9.173380e-02 1.019096e-01 1.062514e-01 8.832408e-02 6.031131e-02 2.689506e-02 8.424745e-03 1.578294e-03 1.639157e-04 1.404437e-05 1.551123e-06 4.022658e-07 3.775161e-08 7.931083e-12 6.474570e-22 8.884232e-43 4.203895e-45 2.802597e-45 1.401298e-45 1.401298e-45 1.401298e-45 1.401298e-45 0.000000e+00
1.401298e-45 1.401298e-45 2.725573e-08 3.486635e-04 6.984565e-06 4.225880e-06 2.462051e-06 3.670792e-06 1.689463e-05 1.490183e-04 4.670807e-04 4.517744e-04 3.150812e-04 3.006408e-04 3.998064e-04 4.422866e-04 6.361989e-04 7.321188e-04 8.309951e-04 7.824435e-04 9.855102e-04 1.379304e-03 1.734908e-03 2.197722e-03 2.539113e-03 3.229312e-03 3.359598e-03 3.983565e-03 4.215458e-03 4.948019e-03 5.297826e-03 5.871486e-03 6.833494e-03 6.961104e-03 8.242602e-03 8.719981e-03 1.029102e-02 1.230709e-02 1.394481e-02 1.696648e-02 1.917337e-02 2.284941e-02 2.498969e-02 2.733285e-02 3.272604e-02 3.595036e-02 4.184474e-02 4.761091e-02 5.141299e-02 5.795182e-02 5.997170e-02 6.918363e-02 8.272900e-02 8.161660e-02 8.948230e-02 1.055403e-01 1.084023e-01 1.155364e-01 1.314558e-01 1.438065e-01 1.593355e-01 1.711354e-01 1.775387e-01 1.924852e-01 2.081313e-01 2.172091e-01 2.338067e-01 2.519715e-01 2.639346e-01 2.851272e-01 3.106144e-01 3.286636e-01 3.461775e-01 3.701743e-01 4.010348e-01 4.352291e-01 4.614010e-01 4.812505e-01 5.109142e-01 5.479743e-01 5.693262e-01 5.673231e-01 5.560418e-01 5.510079e-01 5.504890e-01 5.510309e-01 5.495960e-01 5.547773e-01 5.728158e-01 6.054577e-01 6.482546e-01 7.029220e-01 7.589811e-01 7.926093e-01 7.941172e-01 7.823784e-01 7.736759e-01 7.616452e-01 7.437994e-01 7.316963e-01 7.367654e-01 7.473760e-01 7.477151e-01 7.336779e-01 7.152880e-01 7.021995e-01 6.945718e-01 6.867077e-01 6.806005e-01 6.787806e-01 6.825545e-01 6.835316e-01 6.746933e-01 6.527166e-01 6.265521e-01 6.040006e-01 5.910292e-01 5.875516e-01 5.914750e-01 6.018371e-01 6.139913e-01 6.234195e-01 6.198463e-01 6.008233e-01 5.680152e-01 5.305744e-01 4.950934e-01 4.650747e-01 4.445350e-01 4.265679e-01 4.044981e-01 3.727463e-01 3.333316e-01 2.949729e-01 2.671493e-01 2.551622e-01 2.588469e-01 2.715662e-01 2.808447e-01 2.757216e-01 2.540040e-01 2.224707e-01 1.905242e-01 1.630496e-01 1.417066e-01 1.255099e-01 1.108589e-01 9.787431e-02 8.639942e-02 7.758468e-02 7.212229e-02 6.986762e-02 7.072412e-02 7.235555e-02 7.475109e-02 7.477400e-02 7.409214e-02 7.165489e-02 6.842799e-02 6.587682e-02 6.429178e-02 6.473599e-02 6.568497e-02 6.559324e-02 6.135841e-02 5.202563e-02 3.799462e-02 2.324735e-02 1.210559e-02 4.971075e-03 1.689196e-03 5.507162e-04 2.294204e-04 2.023723e-04 8.223367e-05 9.358789e-08 3.182037e-17 5.166132e-38 4.203895e-45 2.802597e-45 1.401298e-45 1.401298e-45 1.401298e-45 1.401298e-45 0.000000e+00
1.401298e-45 1.401298e-45 5.096406e-06 2.906388e-04 1.352107e-06 3.168516e-07 6.468635e-06 7.596514e-05 8.701761e-05 3.884377e-05 2.631828e-05 3.880942e-05 7.222239e-05 1.858235e-04 2.713579e-04 4.445250e-04 4.639771e-04 6.207732e-04 6.853079e-04 9.699340e-04 1.156492e-03 1.257456e-03 1.591482e-03 1.773531e-03 2.340187e-03 2.399346e-03 3.160438e-03 3.592893e-03 4.386059e-03 4.646892e-03 5.017309e-03 5.922999e-03 6.288704e-03 8.054366e-03 8.484778e-03 9.797457e-03 1.191570e-02 1.287189e-02 1.534750e-02 1.685175e-02 2.019498e-02 2.234878e-02 2.433860e-02 2.908443e-02 3.069784e-02 3.491456e-02 4.070809e-02 4.469878e-02 5.067958e-02 5.452604e-02 6.205788e-02 7.119466e-02 7.601555e-02 8.648410e-02 9.410553e-02 9.848867e-02 1.127012e-01 1.241626e-01 1.306808e-01 1.468946e-01 1.602282e-01 1.694146e-01 1.834529e-01 1.961914e-01 2.093000e-01 2.263888e-01 2.368209e-01 2.483024e-01 2.679804e-01 2.854983e-01 3.010982e-01 3.213617e-01 3.457269e-01 3.698006e-01 3.949445e-01 4.203840e-01 4.536105e-01 4.894582e-01 5.141918e-01 5.311851e-01 5.548441e-01 5.767907e-01 5.799202e-01 5.586480e-01 5.324010e-01 5.160910e-01 5.194219e-01 5.415232e-01 5.737543e-01 6.068221e-01 6.403142e-01 6.782901e-01 7.200286e-01 7.623985e-01 7.943573e-01 8.070702e-01 7.974260e-01 7.780275e-01 7.587478e-01 7.454696e-01 7.371336e-01 7.322258e-01 7.293879e-01 7.185864e-01 6.985130e-01 6.760893e-01 6.673419e-01 6.770517e-01 6.969184e-01 7.135595e-01 7.172364e-01 7.097496e-01 6.962457e-01 6.780390e-01 6.521521e-01 6.246989e-01 6.028196e-01 5.983178e-01 6.087020e-01 6.221796e-01 6.256681e-01 6.167349e-01 5.998747e-01 5.719116e-01 5.346557e-01 4.972410e-01 4.685481e-01 4.487824e-01 4.295160e-01 4.066672e-01 3.860835e-01 3.703349e-01 3.577860e-01 3.457612e-01 3.310351e-01 3.171713e-01 3.000112e-01 2.772914e-01 2.513253e-01 2.301947e-01 2.171296e-01 2.066735e-01 1.963781e-01 1.853829e-01 1.748287e-01 1.642775e-01 1.549518e-01 1.471798e-01 1.418530e-01 1.353627e-01 1.242304e-01 1.112091e-01 9.623130e-02 8.089934e-02 6.871086e-02 5.987124e-02 5.696368e-02 5.881830e-02 6.248158e-02 6.857902e-02 7.089973e-02 6.665797e-02 5.723613e-02 4.320197e-02 3.213970e-02 2.565808e-02 2.078443e-02 2.004378e-02 1.981957e-02 2.165103e-02 2.539858e-02 2.462376e-02 2.503500e-02 2.906200e-02 3.105486e-02 2.182077e-04 7.166838e-13 3.468205e-33 4.203895e-45 2.802597e-45 1.401298e-45 1.401298e-45 1.401298e-45 1.401298e-45 0.000000e+00
1.401298e-45 1.401298e-45 1.296475e-04 8.878542e-04 8.796716e-06 9.083616e-06 2.441335e-05 1.027854e-04 1.852182e-04 8.490185e-05 2.566577e-05 1.942205e-05 4.297914e-05 8.701874e-05 2.095873e-04 3.155016e-04 5.394193e-04 6.849958e-04 1.188792e-03 1.465428e-03 1.550728e-03 1.535021e-03 1.573531e-03 2.059270e-03 2.222635e-03 3.010844e-03 3.296082e-03 4.048639e-03 4.173311e-03 4.742965e-03 5.283912e-03 5.495222e-03 6.806584e-03 7.191374e-03 8.997607e-03 1.001835e-02 1.088998e-02 1.331989e-02 1.407031e-02 1.655228e-02 1.872798e-02 2.132783e-02 2.554838e-02 2.805394e-02 3.335856e-02 3.756411e-02 4.050138e-02 4.616095e-02 5.015507e-02 5.749004e-02 6.577454e-02 6.826656e-02 7.584313e-02 8.598839e-02 9.282231e-02 1.032423e-01 1.136746e-01 1.251540e-01 1.378155e-01 1.450011e-01 1.568179e-01 1.748143e-01 1.886329e-01 1.993526e-01 2.098476e-01 2.236836e-01 2.428087e-01 2.559444e-01 2.642646e-01 2.800173e-01 3.008216e-01 3.203678e-01 3.387856e-01 3.585541e-01 3.805546e-01 4.071494e-01 4.371364e-01 4.721985e-01 5.103959e-01 5.450417e-01 5.609941e-01 5.647915e-01 5.637646e-01 5.612872e-01 5.584104e-01 5.546939e-01 5.493106e-01 5.422035e-01 5.495421e-01 5.746090e-01 6.153786e-01 6.669109e-01 7.184989e-01 7.593237e-01 7.755820e-01 7.704844e-01 7.613350e-01 7.621301e-01 7.610216e-01 7.495910e-01 7.237656e-01 6.937464e-01 6.733518e-01 6.697760e-01 6.743715e-01 6.817018e-01 6.885582e-01 7.015309e-01 7.175843e-01 7.236397e-01 7.168282e-01 7.091408e-01 7.143914e-01 7.281325e-01 7.292602e-01 7.135778e-01 6.924853e-01 6.817962e-01 6.809111e-01 6.744063e-01 6.553919e-01 6.327884e-01 6.126438e-01 5.915923e-01 5.627348e-01 5.269537e-01 4.905415e-01 4.573059e-01 4.235722e-01 3.909233e-01 3.697695e-01 3.630967e-01 3.652043e-01 3.660794e-01 3.584104e-01 3.404678e-01 3.133610e-01 2.800834e-01 2.497423e-01 2.279337e-01 2.161618e-01 2.102677e-01 2.035265e-01 1.952526e-01 1.840884e-01 1.688956e-01 1.530126e-01 1.388226e-01 1.276424e-01 1.182245e-01 1.098673e-01 1.011777e-01 9.357297e-02 8.758670e-02 8.137830e-02 8.011296e-02 8.192514e-02 8.624625e-02 9.513199e-02 1.002728e-01 1.034765e-01 1.029019e-01 8.881576e-02 7.489851e-02 5.921696e-02 4.898809e-02 4.795445e-02 4.384327e-02 4.515942e-02 3.909614e-02 3.116324e-02 1.983755e-02 7.136869e-03 5.782935e-03 9.212190e-03 1.037267e-03 1.374504e-10 1.279276e-29 4.203895e-45 2.802597e-45 1.401298e-45 1.401298e-45 1.401298e-45 1.401298e-45 0.000000e+00
1.401298e-45 1.401298e-45 4.621088e-06 1.296613e-04 6.970309e-07 5.453554e-07 1.901943e-05 1.458134e-04 2.121955e-04 1.167089e-04 1.063207e-04 1.146821e-04 1.584415e-04 2.879174e-04 5.064948e-04 8.573976e-04 1.089914e-03 1.341791e-03 1.146590e-03 1.142512e-03 1.291297e-03 1.675279e-03 2.125649e-03 2.358077e-03 2.932589e-03 3.094978e-03 3.507243e-03 3.451429e-03 4.162497e-03 4.582748e-03 5.359531e-03 6.267399e-03 6.583662e-03 8.077952e-03 8.439937e-03 9.814573e-03 1.202170e-02 1.291891e-02 1.590775e-02 1.751131e-02 1.930963e-02 2.252053e-02 2.588470e-02 2.983173e-02 3.306310e-02 3.784440e-02 4.226124e-02 4.606875e-02 5.410243e-02 6.069303e-02 6.480465e-02 7.253930e-02 7.853529e-02 8.540017e-02 9.821361e-02 1.087873e-01 1.159617e-01 1.259578e-01 1.382786e-01 1.496109e-01 1.612760e-01 1.736803e-01 1.858849e-01 2.022178e-01 2.205937e-01 2.316957e-01 2.412736e-01 2.607416e-01 2.795133e-01 2.908978e-01 3.070162e-01 3.286441e-01 3.478031e-01 3.697276e-01 3.976384e-01 4.251522e-01 4.535871e-01 4.803969e-01 5.037786e-01 5.294975e-01 5.623142e-01 5.906572e-01 6.042313e-01 6.026909e-01 5.906732e-01 5.725592e-01 5.613419e-01 5.630682e-01 5.811170e-01 6.107128e-01 6.487882e-01 6.855816e-01 7.130314e-01 7.320053e-01 7.511510e-01 7.653636e-01 7.700890e-01 7.600091e-01 7.431323e-01 7.222170e-01 6.982374e-01 6.735848e-01 6.560692e-01 6.476686e-01 6.456393e-01 6.509575e-01 6.569234e-01 6.659031e-01 6.744404e-01 6.799973e-01 6.804581e-01 6.763155e-01 6.738670e-01 6.754282e-01 6.834084e-01 6.954904e-01 7.035291e-01 7.002969e-01 6.874816e-01 6.689773e-01 6.506106e-01 6.323824e-01 6.100052e-01 5.826286e-01 5.529817e-01 5.269129e-01 5.078993e-01 4.968822e-01 4.918073e-01 4.862563e-01 4.720465e-01 4.417146e-01 3.945484e-01 3.423252e-01 3.010311e-01 2.770851e-01 2.735653e-01 2.835625e-01 2.940938e-01 2.955049e-01 2.816083e-01 2.570860e-01 2.306242e-01 2.080268e-01 1.904317e-01 1.767592e-01 1.639844e-01 1.488183e-01 1.324175e-01 1.157455e-01 1.014281e-01 9.159675e-02 8.399760e-02 7.993393e-02 7.764284e-02 7.481497e-02 7.096751e-02 6.733919e-02 6.131616e-02 5.826519e-02 5.786033e-02 5.887416e-02 6.547362e-02 6.819072e-02 7.297916e-02 7.933189e-02 7.986566e-02 7.828987e-02 5.656130e-02 3.775234e-02 2.124696e-02 8.151128e-03 2.480529e-03 1.192224e-03 3.885208e-03 1.532123e-03 1.626426e-09 6.637006e-28 4.203895e-45 2.802597e-45 1.401298e-45 1.401298e-45 1.401298e-45 1.401298e-45 0.000000e+00
1.401298e-45 1.401298e-45 7.637798e-09 3.291841e-04 5.130371e-07 9.101513e-07 7.247337e-06 4.240773e-05 6.891388e-05 1.981017e-04 4.909256e-04 9.467052e-04 8.814183e-04 9.781084e-04 9.387329e-04 8.559641e-04 8.393313e-04 8.632414e-04 1.032413e-03 1.162662e-03 1.570382e-03 2.025441e-03 2.471334e-03 2.616520e-03 2.755126e-03 3.031385e-03 3.233230e-03 3.830880e-03 4.003380e-03 4.781623e-03 5.058644e-03 5.694971e-03 6.658786e-03 7.133654e-03 8.683976e-03 9.371027e-03 1.102545e-02 1.280169e-02 1.366402e-02 1.586615e-02 1.880165e-02 2.219296e-02 2.561325e-02 3.011684e-02 3.526254e-02 3.829280e-02 4.427957e-02 5.126850e-02 5.484042e-02 6.025295e-02 6.656553e-02 7.303589e-02 8.174966e-02 8.932517e-02 9.538148e-02 1.040570e-01 1.159351e-01 1.262056e-01 1.350606e-01 1.481016e-01 1.593841e-01 1.689424e-01 1.869905e-01 2.060576e-01 2.187580e-01 2.364738e-01 2.563663e-01 2.677968e-01 2.835504e-01 3.083766e-01 3.241042e-01 3.398505e-01 3.707274e-01 4.048796e-01 4.295265e-01 4.535845e-01 4.819628e-01 5.082633e-01 5.306751e-01 5.555550e-01 5.815259e-01 6.073186e-01 6.296607e-01 6.402762e-01 6.280030e-01 6.017804e-01 5.794502e-01 5.690765e-01 5.808964e-01 6.153626e-01 6.596970e-01 6.995614e-01 7.247147e-01 7.404279e-01 7.502987e-01 7.553474e-01 7.497343e-01 7.345563e-01 7.132607e-01 6.925976e-01 6.804620e-01 6.721424e-01 6.634881e-01 6.488199e-01 6.354695e-01 6.318132e-01 6.360143e-01 6.391682e-01 6.362591e-01 6.389891e-01 6.484854e-01 6.593360e-01 6.627359e-01 6.615539e-01 6.665459e-01 6.817971e-01 6.963606e-01 6.955293e-01 6.775139e-01 6.516791e-01 6.270195e-01 6.041442e-01 5.803507e-01 5.656986e-01 5.648028e-01 5.715499e-01 5.752730e-01 5.618148e-01 5.352043e-01 5.012674e-01 4.598962e-01 4.165109e-01 3.786123e-01 3.481754e-01 3.209606e-01 2.913451e-01 2.601249e-01 2.329915e-01 2.143358e-01 2.038562e-01 2.010456e-01 2.038079e-01 2.099641e-01 2.140909e-01 2.149749e-01 2.134135e-01 2.101249e-01 2.065028e-01 1.968167e-01 1.839176e-01 1.699190e-01 1.529002e-01 1.357050e-01 1.163897e-01 9.705766e-02 7.825731e-02 6.030080e-02 4.484284e-02 3.468941e-02 2.778170e-02 2.465182e-02 2.501252e-02 2.814524e-02 3.593706e-02 4.726630e-02 6.531483e-02 9.038001e-02 1.025437e-01 1.076765e-01 9.698094e-02 1.064096e-01 9.095029e-02 4.791861e-02 3.275310e-02 7.132551e-02 2.271063e-02 1.001220e-08 1.819193e-27 4.203895e-45 2.802597e-45 1.401298e-45 1.401298e-45 1.401298e-45 0.000000e+00 0.000000e+00
1.401298e-45 1.401298e-45 1.944658e-06 1.207264e-04 2.653074e-06 8.789980e-07 3.469105e-06 3.571679e-05 4.224404e-04 6.381895e-04 3.871247e-04 3.067767e-04 6.313208e-04 7.932704e-04 7.108274e-04 6.061630e-04 5.179955e-04 6.049742e-04 7.865076e-04 1.363600e-03 1.620240e-03 1.872126e-03 1.891363e-03 2.381998e-03 2.761851e-03 3.209229e-03 3.849873e-03 4.106890e-03 4.912880e-03 4.811454e-03 5.608866e-03 5.929605e-03 6.603905e-03 7.899562e-03 8.457573e-03 1.006485e-02 1.098694e-02 1.261172e-02 1.430506e-02 1.622649e-02 1.993856e-02 2.186033e-02 2.526390e-02 2.882017e-02 3.201942e-02 3.824631e-02 4.210247e-02 4.644134e-02 5.232942e-02 5.632631e-02 6.414694e-02 7.276994e-02 7.955515e-02 8.740736e-02 9.394997e-02 1.021986e-01 1.128229e-01 1.229688e-01 1.339833e-01 1.440365e-01 1.570809e-01 1.737443e-01 1.817162e-01 1.905589e-01 2.124569e-01 2.357309e-01 2.511159e-01 2.713536e-01 2.947076e-01 3.154144e-01 3.438793e-01 3.744829e-01 3.945874e-01 4.196670e-01 4.584953e-01 4.899763e-01 5.081204e-01 5.308666e-01 5.669008e-01 6.094790e-01 6.469362e-01 6.638748e-01 6.628438e-01 6.573026e-01 6.371650e-01 5.986451e-01 5.617387e-01 5.518886e-01 5.748334e-01 6.169115e-01 6.612857e-01 6.999676e-01 7.327075e-01 7.566526e-01 7.687089e-01 7.695120e-01 7.623262e-01 7.472978e-01 7.192316e-01 6.888273e-01 6.676567e-01 6.534598e-01 6.430744e-01 6.318794e-01 6.270745e-01 6.313789e-01 6.376442e-01 6.366937e-01 6.297238e-01 6.269581e-01 6.359494e-01 6.519845e-01 6.626554e-01 6.687974e-01 6.781459e-01 6.893915e-01 6.935085e-01 6.820747e-01 6.584623e-01 6.352314e-01 6.166709e-01 5.987563e-01 5.811539e-01 5.688701e-01 5.665220e-01 5.688003e-01 5.626091e-01 5.407169e-01 5.122228e-01 4.833021e-01 4.549891e-01 4.272447e-01 4.036657e-01 3.861090e-01 3.657596e-01 3.345497e-01 2.941425e-01 2.553141e-01 2.265674e-01 2.081018e-01 2.000523e-01 2.010566e-01 2.070805e-01 2.116244e-01 2.097864e-01 2.033056e-01 1.940916e-01 1.850792e-01 1.760223e-01 1.671016e-01 1.580851e-01 1.458316e-01 1.307161e-01 1.115841e-01 9.303896e-02 7.523908e-02 5.997088e-02 4.860576e-02 4.179522e-02 3.877996e-02 3.951863e-02 4.417107e-02 5.448788e-02 7.074849e-02 9.461117e-02 1.287464e-01 1.700142e-01 1.979874e-01 1.960184e-01 1.943640e-01 2.186282e-01 2.192588e-01 1.140813e-01 7.285462e-02 1.458117e-01 4.700577e-02 2.716745e-08 4.166299e-27 4.203895e-45 2.802597e-45 1.401298e-45 1.401298e-45 1.401298e-45 0.000000e+00 0.000000e+00
1.401298e-45 1.401298e-45 1.564963e-04 7.483357e-05 5.879026e-08 8.030225e-08 1.113799e-05 3.285625e-04 3.890867e-04 1.554800e-04 1.005594e-04 1.044738e-04 1.146589e-04 1.656196e-04 3.068003e-04 4.157549e-04 6.224245e-04 6.884667e-04 1.000858e-03 1.036795e-03 1.360925e-03 1.421381e-03 1.892913e-03 2.177036e-03 2.585082e-03 3.025648e-03 3.246427e-03 4.115199e-03 4.232000e-03 5.472573e-03 5.884218e-03 7.244233e-03 8.559417e-03 9.310620e-03 1.066420e-02 1.024908e-02 1.215994e-02 1.293570e-02 1.509747e-02 1.835746e-02 1.904014e-02 2.297746e-02 2.583192e-02 2.807584e-02 3.302660e-02 3.727249e-02 4.301633e-02 4.738839e-02 5.209052e-02 5.987693e-02 6.480375e-02 7.237234e-02 8.100733e-02 8.640883e-02 9.759922e-02 1.087455e-01 1.139328e-01 1.224203e-01 1.345028e-01 1.494586e-01 1.635989e-01 1.700978e-01 1.834969e-01 2.046736e-01 2.143606e-01 2.252598e-01 2.529038e-01 2.864453e-01 3.155037e-01 3.417030e-01 3.685460e-01 4.067596e-01 4.480700e-01 4.708363e-01 4.778962e-01 5.033968e-01 5.468879e-01 5.915158e-01 6.265591e-01 6.524730e-01 6.743318e-01 6.969420e-01 7.039462e-01 6.755420e-01 6.187837e-01 5.657336e-01 5.332142e-01 5.224644e-01 5.378366e-01 5.802311e-01 6.380278e-01 6.976503e-01 7.419688e-01 7.741187e-01 7.896485e-01 7.896628e-01 7.714934e-01 7.418759e-01 7.139657e-01 6.913012e-01 6.713520e-01 6.516797e-01 6.366755e-01 6.282254e-01 6.210766e-01 6.141611e-01 6.100253e-01 6.148540e-01 6.297716e-01 6.544150e-01 6.833993e-01 7.058481e-01 7.165584e-01 7.146176e-01 7.054881e-01 6.942201e-01 6.846424e-01 6.760695e-01 6.669800e-01 6.558285e-01 6.405864e-01 6.201707e-01 5.927276e-01 5.587702e-01 5.207376e-01 4.858545e-01 4.580313e-01 4.415801e-01 4.358215e-01 4.363459e-01 4.372392e-01 4.263662e-01 4.017322e-01 3.699152e-01 3.411031e-01 3.245701e-01 3.224239e-01 3.295028e-01 3.354898e-01 3.294243e-01 3.075560e-01 2.754806e-01 2.426424e-01 2.148438e-01 1.918010e-01 1.722995e-01 1.552050e-01 1.380467e-01 1.216242e-01 1.070963e-01 9.500280e-02 8.662276e-02 7.967997e-02 7.589906e-02 7.430316e-02 7.391025e-02 7.638043e-02 8.191963e-02 9.044398e-02 1.069186e-01 1.264854e-01 1.530797e-01 1.775908e-01 1.860877e-01 1.874043e-01 1.721314e-01 1.612520e-01 1.351810e-01 9.676582e-02 6.930377e-02 4.552228e-02 2.456622e-02 7.326702e-03 3.340705e-03 1.053622e-02 7.422419e-03 2.161503e-08 1.668756e-26 4.203895e-45 2.802597e-45 1.401298e-45 1.401298e-45 1.401298e-45 1.401298e-45 0.000000e+00
1.401298e-45 1.401298e-45 1.914263e-05 9.794879e-05 9.674857e-07 5.346894e-06 2.682461e-05 8.482576e-05 6.167984e-05 3.457041e-05 2.172179e-05 2.536511e-05 3.228511e-05 8.312312e-05 1.707497e-04 3.812012e-04 5.296281e-04 9.397104e-04 9.710013e-04 1.025590e-03 8.971740e-04 1.200090e-03 1.435339e-03 1.777576e-03 2.123532e-03 2.390129e-03 2.927858e-03 3.099199e-03 4.222732e-03 4.873859e-03 6.278676e-03 7.225895e-03 8.195926e-03 9.555963e-03 1.023336e-02 1.214276e-02 1.353987e-02 1.615732e-02 1.832538e-02 1.904961e-02 2.222531e-02 2.368951e-02 2.535804e-02 2.874924e-02 3.140727e-02 3.478168e-02 3.875611e-02 4.497046e-02 5.179666e-02 5.864115e-02 6.749144e-02 7.271097e-02 7.946263e-02 9.372875e-02 1.032347e-01 1.086651e-01 1.182533e-01 1.310144e-01 1.416519e-01 1.476179e-01 1.591602e-01 1.809092e-01 1.972375e-01 2.048967e-01 2.224680e-01 2.493851e-01 2.729090e-01 2.947854e-01 3.250571e-01 3.689957e-01 4.095239e-01 4.296165e-01 4.469469e-01 4.830176e-01 5.210479e-01 5.452786e-01 5.667387e-01 5.954787e-01 6.313689e-01 6.782786e-01 7.152030e-01 7.079139e-01 6.747509e-01 6.401433e-01 6.029890e-01 5.517763e-01 5.053543e-01 4.824784e-01 4.887446e-01 5.233712e-01 5.895419e-01 6.793297e-01 7.615737e-01 8.069066e-01 8.117663e-01 7.942620e-01 7.718368e-01 7.556750e-01 7.445645e-01 7.265933e-01 6.938834e-01 6.498539e-01 6.159926e-01 6.055090e-01 6.136912e-01 6.261836e-01 6.339713e-01 6.433970e-01 6.599197e-01 6.725142e-01 6.781881e-01 6.800221e-01 6.939254e-01 7.129446e-01 7.196894e-01 7.041941e-01 6.782697e-01 6.597286e-01 6.506762e-01 6.362945e-01 6.093805e-01 5.776178e-01 5.527110e-01 5.296652e-01 5.018755e-01 4.701354e-01 4.397578e-01 4.146524e-01 3.892095e-01 3.632967e-01 3.453227e-01 3.421495e-01 3.495757e-01 3.619615e-01 3.710463e-01 3.706533e-01 3.589166e-01 3.347236e-01 3.059385e-01 2.816085e-01 2.631086e-01 2.460207e-01 2.271753e-01 2.088098e-01 1.923772e-01 1.761907e-01 1.616403e-01 1.483120e-01 1.351419e-01 1.214037e-01 1.064820e-01 9.182153e-02 7.966256e-02 7.044339e-02 6.401909e-02 6.227536e-02 6.371613e-02 6.912712e-02 7.741542e-02 8.490614e-02 9.333386e-02 9.619824e-02 8.985587e-02 7.824908e-02 5.781832e-02 4.569926e-02 3.516421e-02 2.862267e-02 2.531839e-02 1.978578e-02 2.067536e-02 1.324695e-02 6.024531e-03 3.854955e-03 1.009956e-02 5.523270e-03 5.689921e-09 5.142396e-27 4.203895e-45 2.802597e-45 1.401298e-45 1.401298e-45 1.401298e-45 1.401298e-45 0.000000e+00
1.401298e-45 1.401298e-45 4.446430e-10 8.429959e-04 1.791525e-05 3.195119e-06 1.091560e-05 1.521600e-05 3.637700e-05 6.240155e-05 8.985966e-05 7.509111e-05 1.342050e-04 1.508675e-04 2.272612e-04 3.247626e-04 5.434516e-04 5.370656e-04 5.436110e-04 6.441624e-04 9.139512e-04 1.081508e-03 1.137984e-03 1.250622e-03 1.490114e-03 1.927067e-03 2.428308e-03 3.116583e-03 3.814398e-03 4.674280e-03 5.669876e-03 6.408763e-03 7.186094e-03 8.454183e-03 9.918291e-03 1.167045e-02 1.412365e-02 1.568026e-02 1.686425e-02 1.898196e-02 2.145182e-02 2.323654e-02 2.679178e-02 3.077141e-02 3.325105e-02 3.701947e-02 4.217102e-02 4.825524e-02 5.518754e-02 6.163780e-02 6.866504e-02 7.616555e-02 8.398212e-02 9.117284e-02 9.672894e-02 1.070337e-01 1.211217e-01 1.288102e-01 1.377984e-01 1.532623e-01 1.643682e-01 1.746809e-01 1.940292e-01 2.192713e-01 2.459349e-01 2.649142e-01 2.800162e-01 3.079186e-01 3.379595e-01 3.552189e-01 3.801069e-01 4.228510e-01 4.537794e-01 4.681625e-01 4.985308e-01 5.422879e-01 5.772158e-01 6.102191e-01 6.416141e-01 6.500171e-01 6.518487e-01 6.692225e-01 6.802316e-01 6.502631e-01 5.909780e-01 5.216020e-01 4.665989e-01 4.423043e-01 4.641082e-01 5.242244e-01 6.024860e-01 6.796154e-01 7.499164e-01 8.043360e-01 8.289464e-01 8.238835e-01 8.079513e-01 7.897327e-01 7.638847e-01 7.288331e-01 6.957713e-01 6.669923e-01 6.441923e-01 6.210636e-01 5.960951e-01 5.751866e-01 5.669032e-01 5.762249e-01 6.005904e-01 6.266347e-01 6.490265e-01 6.637563e-01 6.770570e-01 6.814936e-01 6.731449e-01 6.489092e-01 6.202950e-01 5.965766e-01 5.788255e-01 5.608568e-01 5.443500e-01 5.292705e-01 5.210871e-01 5.124146e-01 4.972325e-01 4.776815e-01 4.591009e-01 4.411828e-01 4.186632e-01 3.911958e-01 3.644002e-01 3.486719e-01 3.405394e-01 3.383349e-01 3.401685e-01 3.428586e-01 3.402069e-01 3.256948e-01 3.016697e-01 2.799835e-01 2.640308e-01 2.497139e-01 2.348269e-01 2.174367e-01 1.997577e-01 1.806793e-01 1.618102e-01 1.458471e-01 1.336906e-01 1.229897e-01 1.114089e-01 1.002419e-01 8.989814e-02 8.025729e-02 7.142414e-02 6.520233e-02 6.250755e-02 6.127741e-02 6.048903e-02 5.939876e-02 5.695475e-02 5.370272e-02 4.980488e-02 4.288778e-02 3.745947e-02 3.133911e-02 2.725666e-02 2.485925e-02 2.327967e-02 2.730582e-02 3.185362e-02 3.993211e-02 2.968204e-02 3.316854e-02 5.838726e-02 2.894972e-03 2.205964e-10 1.017530e-29 4.203895e-45 2.802597e-45 1.401298e-45 1.401298e-45 1.401298e-45 1.401298e-45 0.000000e+00
1.401298e-45 1.401298e-45 2.484516e-08 9.098679e-04 8.215623e-06 2.959133e-06 7.362586e-06 8.327950e-05 1.854621e-04 1.886106e-04 1.399309e-04 2.306305e-04 2.418429e-04 3.569525e-04 4.262984e-04 4.282322e-04 4.025713e-04 4.185240e-04 6.453500e-04 8.274487e-04 1.073445e-03 9.735077e-04 1.155063e-03 1.279594e-03 1.534996e-03 1.886312e-03 2.298224e-03 3.225598e-03 3.612458e-03 4.633167e-03 4.843823e-03 5.673224e-03 6.906061e-03 7.849869e-03 1.016293e-02 1.109201e-02 1.296759e-02 1.509199e-02 1.685768e-02 1.961120e-02 2.113436e-02 2.528006e-02 2.847263e-02 3.021576e-02 3.476053e-02 3.796055e-02 4.189061e-02 4.731304e-02 5.329799e-02 5.974528e-02 6.454123e-02 7.473538e-02 8.370645e-02 8.538355e-02 9.532678e-02 1.085242e-01 1.174835e-01 1.309471e-01 1.431439e-01 1.545481e-01 1.736450e-01 1.896398e-01 2.063445e-01 2.303801e-01 2.495524e-01 2.738500e-01 3.038749e-01 3.106925e-01 3.186348e-01 3.505265e-01 3.707527e-01 3.753646e-01 4.083034e-01 4.564956e-01 4.896816e-01 5.207681e-01 5.557382e-01 5.777758e-01 5.998467e-01 6.269134e-01 6.442323e-01 6.502653e-01 6.507179e-01 6.351078e-01 5.875556e-01 5.214584e-01 4.618899e-01 4.279836e-01 4.332110e-01 4.873422e-01 5.829130e-01 6.877235e-01 7.660047e-01 8.079511e-01 8.225951e-01 8.160306e-01 7.928677e-01 7.601696e-01 7.260621e-01 6.953902e-01 6.744940e-01 6.555694e-01 6.334158e-01 6.058695e-01 5.777551e-01 5.573869e-01 5.500865e-01 5.557906e-01 5.726799e-01 5.967227e-01 6.256455e-01 6.517925e-01 6.687746e-01 6.694435e-01 6.622799e-01 6.526065e-01 6.392908e-01 6.225275e-01 6.002645e-01 5.799488e-01 5.640959e-01 5.567366e-01 5.504397e-01 5.424749e-01 5.288069e-01 5.101792e-01 4.881329e-01 4.667914e-01 4.478388e-01 4.292997e-01 4.058205e-01 3.746963e-01 3.369875e-01 3.023380e-01 2.792602e-01 2.740567e-01 2.869244e-01 3.110950e-01 3.345211e-01 3.436348e-01 3.333018e-01 3.065962e-01 2.710384e-01 2.364157e-01 2.033035e-01 1.730285e-01 1.440908e-01 1.186736e-01 9.776730e-02 8.252674e-02 7.305983e-02 6.846717e-02 6.848247e-02 6.995326e-02 7.266609e-02 7.433460e-02 7.426643e-02 7.242948e-02 6.861229e-02 6.374025e-02 6.266986e-02 6.456679e-02 7.255373e-02 8.426871e-02 9.185173e-02 9.167875e-02 7.639463e-02 5.474065e-02 3.496477e-02 1.875251e-02 9.343905e-03 3.399553e-03 1.250375e-03 7.084066e-04 4.933227e-04 3.672018e-06 2.295298e-14 4.739682e-34 4.203895e-45 2.802597e-45 1.401298e-45 1.401298e-45 1.401298e-45 1.401298e-45 0.000000e+00
1.401298e-45 1.401298e-45 1.951406e-04 1.046086e-03 1.647603e-05 3.025292e-06 1.046568e-05 3.297375e-05 7.129333e-05 6.762600e-05 9.749250e-05 1.153423e-04 1.606929e-04 2.126901e-04 2.624357e-04 3.146163e-04 3.035025e-04 5.027252e-04 6.064904e-04 8.512368e-04 7.318974e-04 1.126861e-03 1.352503e-03 1.850970e-03 2.136257e-03 2.395574e-03 3.086289e-03 3.208254e-03 4.256891e-03 4.129568e-03 4.942643e-03 5.652061e-03 6.433947e-03 8.257948e-03 8.234285e-03 9.780604e-03 1.133737e-02 1.226295e-02 1.521418e-02 1.720179e-02 2.019594e-02 2.325090e-02 2.699691e-02 3.144755e-02 3.589982e-02 4.241426e-02 4.663698e-02 4.930114e-02 5.240712e-02 5.762136e-02 6.573554e-02 6.878820e-02 7.370068e-02 8.658316e-02 9.608912e-02 1.039117e-01 1.137311e-01 1.249426e-01 1.447474e-01 1.636236e-01 1.750869e-01 1.928573e-01 2.106290e-01 2.230468e-01 2.389608e-01 2.527573e-01 2.718509e-01 3.079553e-01 3.267158e-01 3.222720e-01 3.409597e-01 3.806271e-01 4.058885e-01 4.258640e-01 4.584636e-01 4.890424e-01 5.152042e-01 5.461729e-01 5.733204e-01 5.990474e-01 6.256453e-01 6.379886e-01 6.256592e-01 6.018047e-01 5.627990e-01 5.004146e-01 4.414114e-01 4.166794e-01 4.357015e-01 4.912820e-01 5.742919e-01 6.659867e-01 7.435113e-01 7.920902e-01 8.179286e-01 8.271766e-01 8.091702e-01 7.677158e-01 7.188059e-01 6.787549e-01 6.514683e-01 6.293300e-01 6.032649e-01 5.733502e-01 5.489724e-01 5.393954e-01 5.438469e-01 5.538035e-01 5.644323e-01 5.823499e-01 6.055678e-01 6.310194e-01 6.478360e-01 6.592236e-01 6.693645e-01 6.796162e-01 6.785711e-01 6.628454e-01 6.344662e-01 6.063156e-01 5.787547e-01 5.534436e-01 5.308575e-01 5.161660e-01 5.104783e-01 5.054939e-01 4.888134e-01 4.593402e-01 4.269170e-01 3.997875e-01 3.806161e-01 3.668554e-01 3.626901e-01 3.640319e-01 3.585545e-01 3.422302e-01 3.164523e-01 2.915108e-01 2.733893e-01 2.617382e-01 2.543469e-01 2.492762e-01 2.399364e-01 2.240341e-01 2.024098e-01 1.796914e-01 1.569771e-01 1.359960e-01 1.160458e-01 9.873328e-02 8.646771e-02 7.890929e-02 7.496116e-02 7.557455e-02 7.982925e-02 8.616899e-02 9.353501e-02 9.790452e-02 9.622698e-02 9.259349e-02 8.490781e-02 8.489777e-02 8.950129e-02 9.305665e-02 9.081370e-02 6.994089e-02 4.561101e-02 2.344273e-02 1.002410e-02 3.310796e-03 6.678652e-04 8.272090e-05 8.335065e-06 1.563188e-06 2.124176e-07 2.937867e-10 3.500623e-19 5.211762e-39 4.203895e-45 2.802597e-45 1.401298e-45 1.401298e-45 1.401298e-45 1.401298e-45 0.000000e+00
0.000000e+00 1.401298e-45 3.616379e-10 3.594310e-05 1.101008e-06 2.554166e-06 1.141758e-05 1.886563e-05 2.113240e-05 4.716781e-05 8.249695e-05 9.274263e-05 1.060091e-04 9.752073e-05 1.221236e-04 1.823367e-04 4.346919e-04 5.304004e-04 6.081511e-04 5.662381e-04 8.784992e-04 1.055077e-03 1.362443e-03 1.672538e-03 2.079685e-03 2.727485e-03 2.799683e-03 3.343886e-03 3.402676e-03 4.221935e-03 4.899638e-03 5.553868e-03 6.767197e-03 7.043972e-03 8.463297e-03 9.339984e-03 1.064153e-02 1.357210e-02 1.470832e-02 1.741566e-02 2.128991e-02 2.295988e-02 2.569835e-02 3.063159e-02 3.478815e-02 3.795595e-02 4.236339e-02 4.677314e-02 5.002739e-02 5.344361e-02 5.810337e-02 6.501973e-02 7.367082e-02 8.380978e-02 9.577648e-02 1.057054e-01 1.168827e-01 1.328204e-01 1.454354e-01 1.583414e-01 1.789746e-01 1.967365e-01 2.060352e-01 2.150869e-01 2.314543e-01 2.524489e-01 2.615994e-01 2.680098e-01 2.961281e-01 3.353678e-01 3.514646e-01 3.564928e-01 3.763846e-01 4.080628e-01 4.333499e-01 4.486836e-01 4.636461e-01 4.958509e-01 5.409526e-01 5.752941e-01 5.953610e-01 6.065761e-01 6.038191e-01 5.722792e-01 5.243130e-01 4.770107e-01 4.338843e-01 4.048546e-01 4.117215e-01 4.642490e-01 5.485123e-01 6.353082e-01 7.066137e-01 7.593702e-01 7.961810e-01 8.133039e-01 8.076813e-01 7.792780e-01 7.353746e-01 6.855392e-01 6.421895e-01 6.053097e-01 5.740366e-01 5.522903e-01 5.414661e-01 5.424190e-01 5.509529e-01 5.614080e-01 5.746511e-01 5.893218e-01 6.104170e-01 6.319066e-01 6.448451e-01 6.501473e-01 6.595945e-01 6.747200e-01 6.825783e-01 6.695373e-01 6.426052e-01 6.166406e-01 5.970875e-01 5.751963e-01 5.424553e-01 5.041976e-01 4.721426e-01 4.504626e-01 4.323276e-01 4.169959e-01 4.051669e-01 3.974075e-01 3.916402e-01 3.821462e-01 3.734583e-01 3.689782e-01 3.624206e-01 3.481606e-01 3.233160e-01 2.942430e-01 2.649929e-01 2.381628e-01 2.183729e-01 2.052501e-01 1.974485e-01 1.896154e-01 1.796025e-01 1.695426e-01 1.629083e-01 1.575199e-01 1.520430e-01 1.477965e-01 1.413644e-01 1.309497e-01 1.170633e-01 1.022952e-01 9.027345e-02 8.343811e-02 7.994751e-02 7.909845e-02 7.902517e-02 7.346565e-02 6.465605e-02 5.303796e-02 3.895507e-02 2.515052e-02 1.174500e-02 4.492841e-03 1.420008e-03 4.430345e-04 1.759762e-04 6.756274e-05 2.326220e-05 4.911368e-06 8.312405e-07 1.329996e-07 4.085887e-09 3.072208e-13 1.345280e-23 1.821688e-44 2.802597e-45 2.802597e-45 1.401298e-45 1.401298e-45 1.401298e-45 1.401298e-45 1.401298e-45
0.000000e+00 1.401298e-45 2.802597e-45 1.435764e-06 4.388899e-06 4.520370e-06 7.564035e-06 2.685670e-05 8.547928e-05 1.307673e-04 9.193762e-05 9.240947e-05 7.861506e-05 1.301591e-04 2.336020e-04 5.067685e-04 6.426941e-04 6.855549e-04 7.014656e-04 7.877074e-04 1.036156e-03 1.155281e-03 1.584396e-03 1.679868e-03 2.220384e-03 2.290555e-03 2.738089e-03 2.875149e-03 3.130271e-03 3.891287e-03 4.369864e-03 5.492176e-03 5.799234e-03 7.005722e-03 7.968367e-03 8.932433e-03 1.090573e-02 1.107803e-02 1.365883e-02 1.610868e-02 1.736506e-02 2.212882e-02 2.517838e-02 2.757782e-02 3.152819e-02 3.469840e-02 3.958768e-02 4.467626e-02 5.061891e-02 5.563270e-02 5.772528e-02 6.398592e-02 7.331172e-02 7.958475e-02 8.671837e-02 9.956930e-02 1.176003e-01 1.296206e-01 1.371872e-01 1.549156e-01 1.724822e-01 1.822426e-01 2.031020e-01 2.298830e-01 2.382288e-01 2.399621e-01 2.577495e-01 2.815851e-01 2.956187e-01 3.062837e-01 3.288945e-01 3.619069e-01 3.868324e-01 3.915625e-01 3.938374e-01 4.157126e-01 4.542150e-01 4.902290e-01 5.180662e-01 5.439521e-01 5.663903e-01 5.784996e-01 5.747678e-01 5.519376e-01 5.103182e-01 4.586000e-01 4.132092e-01 3.896479e-01 3.986793e-01 4.442541e-01 5.202005e-01 6.103662e-01 6.967644e-01 7.630019e-01 7.999206e-01 8.032768e-01 7.840339e-01 7.591712e-01 7.320884e-01 6.943928e-01 6.444167e-01 5.916356e-01 5.505514e-01 5.285249e-01 5.232597e-01 5.257674e-01 5.332159e-01 5.478041e-01 5.691341e-01 5.907264e-01 6.091271e-01 6.236256e-01 6.455961e-01 6.730865e-01 6.979288e-01 7.103792e-01 7.103336e-01 7.019312e-01 6.849193e-01 6.536571e-01 6.133285e-01 5.713076e-01 5.337441e-01 4.983886e-01 4.649603e-01 4.338417e-01 4.103179e-01 3.983026e-01 3.971606e-01 4.019790e-01 4.040139e-01 3.964080e-01 3.749881e-01 3.473887e-01 3.222629e-01 3.056013e-01 2.992437e-01 2.977422e-01 2.905895e-01 2.726896e-01 2.454357e-01 2.160705e-01 1.920640e-01 1.749983e-01 1.619937e-01 1.511384e-01 1.403549e-01 1.286945e-01 1.188089e-01 1.121089e-01 1.098883e-01 1.125169e-01 1.144610e-01 1.145068e-01 1.115306e-01 1.036626e-01 9.559245e-02 9.008139e-02 8.421034e-02 7.689435e-02 6.714327e-02 5.107929e-02 3.347226e-02 1.483181e-02 4.258257e-03 7.741065e-04 1.033623e-04 1.554954e-05 2.937396e-06 9.224077e-07 3.048843e-07 1.149844e-07 5.513900e-08 1.204576e-08 1.788613e-10 5.168533e-16 5.542580e-28 4.203895e-45 2.802597e-45 2.802597e-45 1.401298e-45 1.401298e-45 1.401298e-45 1.401298e-45 1.401298e-45
0.000000e+00 1.401298e-45 1.829043e-11 1.723443e-04 2.383467e-04 3.515392e-05 3.768863e-05 1.272709e-04 2.599955e-04 2.360629e-04 4.173359e-04 4.784273e-04 6.395321e-04 6.333966e-04 8.711360e-04 9.166110e-04 7.568314e-04 8.014100e-04 8.773358e-04 1.287355e-03 1.099552e-03 1.494744e-03 1.404941e-03 1.987008e-03 1.862314e-03 2.217913e-03 2.380231e-03 2.798089e-03 3.649659e-03 3.704962e-03 4.687802e-03 4.904798e-03 6.355192e-03 7.291637e-03 8.092456e-03 1.023967e-02 1.106500e-02 1.411905e-02 1.497889e-02 1.644379e-02 1.996906e-02 2.080114e-02 2.509788e-02 2.765655e-02 2.897536e-02 3.359485e-02 3.639068e-02 4.121736e-02 4.711489e-02 5.234682e-02 6.113918e-02 6.773541e-02 7.161564e-02 7.770227e-02 8.685877e-02 9.942812e-02 1.069286e-01 1.156235e-01 1.365373e-01 1.486792e-01 1.545751e-01 1.778186e-01 1.956431e-01 2.008441e-01 2.242490e-01 2.521535e-01 2.628855e-01 2.704998e-01 2.839538e-01 3.058485e-01 3.345889e-01 3.469631e-01 3.500415e-01 3.729513e-01 4.109033e-01 4.406411e-01 4.614285e-01 4.830618e-01 5.052820e-01 5.331345e-01 5.591034e-01 5.703525e-01 5.631834e-01 5.422061e-01 4.996035e-01 4.414305e-01 3.928012e-01 3.797970e-01 4.056848e-01 4.646293e-01 5.429721e-01 6.246087e-01 6.976447e-01 7.498760e-01 7.802041e-01 7.931956e-01 7.910144e-01 7.769143e-01 7.482861e-01 7.051243e-01 6.574063e-01 6.085699e-01 5.666110e-01 5.283910e-01 4.959422e-01 4.760308e-01 4.750277e-01 4.965650e-01 5.319221e-01 5.684400e-01 5.967882e-01 6.185915e-01 6.406373e-01 6.614799e-01 6.722381e-01 6.728879e-01 6.680922e-01 6.676512e-01 6.623312e-01 6.410853e-01 6.041825e-01 5.653987e-01 5.379306e-01 5.194929e-01 5.045806e-01 4.913426e-01 4.818059e-01 4.687320e-01 4.479141e-01 4.204499e-01 3.981386e-01 3.885728e-01 3.864627e-01 3.814339e-01 3.655270e-01 3.356864e-01 2.960695e-01 2.554206e-01 2.217095e-01 2.007033e-01 1.880296e-01 1.801671e-01 1.735025e-01 1.665680e-01 1.600745e-01 1.528888e-01 1.438496e-01 1.346457e-01 1.247106e-01 1.156317e-01 1.105431e-01 1.090219e-01 1.142676e-01 1.222153e-01 1.265775e-01 1.272647e-01 1.205128e-01 1.069153e-01 9.186123e-02 7.438553e-02 5.867819e-02 4.528356e-02 2.863754e-02 1.385119e-02 4.107918e-03 6.832909e-04 7.790150e-05 6.545403e-06 7.315428e-07 8.037923e-08 9.685315e-09 1.410572e-09 2.495983e-10 3.507653e-11 8.940261e-14 5.343435e-20 3.870388e-33 4.203895e-45 2.802597e-45 2.802597e-45 1.401298e-45 1.401298e-45 1.401298e-45 1.401298e-45 1.401298e-45
0.000000e+00 1.401298e-45 2.802597e-45 1.269466e-04 1.570716e-04 6.208415e-04 5.345356e-04 1.313682e-04 6.502664e-05 1.290175e-04 1.801356e-04 3.373973e-04 5.508200e-04 9.419415e-04 8.493569e-04 7.245224e-04 9.627903e-04 1.282015e-03 1.613984e-03 1.287421e-03 1.489857e-03 1.362053e-03 1.663743e-03 1.533134e-03 1.791066e-03 1.917189e-03 2.432688e-03 3.063894e-03 3.620890e-03 4.448148e-03 4.499920e-03 5.629689e-03 6.263587e-03 7.778165e-03 8.975599e-03 9.547596e-03 1.189122e-02 1.239218e-02 1.454503e-02 1.645899e-02 1.746418e-02 2.083120e-02 2.206261e-02 2.544961e-02 3.032362e-02 3.264932e-02 3.756817e-02 4.172107e-02 4.523789e-02 5.288032e-02 6.061218e-02 6.523396e-02 6.966399e-02 7.981987e-02 8.932076e-02 9.104886e-02 9.999492e-02 1.160722e-01 1.233783e-01 1.344777e-01 1.529717e-01 1.599048e-01 1.715411e-01 1.951111e-01 2.104021e-01 2.277903e-01 2.586537e-01 2.801048e-01 2.920697e-01 3.069581e-01 3.222391e-01 3.437311e-01 3.747307e-01 3.998655e-01 4.208734e-01 4.511909e-01 4.819028e-01 4.966071e-01 5.034371e-01 5.180203e-01 5.440851e-01 5.623073e-01 5.517206e-01 5.159423e-01 4.721552e-01 4.344690e-01 4.046083e-01 3.910140e-01 4.030236e-01 4.476502e-01 5.276243e-01 6.284065e-01 7.150370e-01 7.594203e-01 7.646644e-01 7.602037e-01 7.599232e-01 7.637534e-01 7.518086e-01 7.203433e-01 6.730605e-01 6.196476e-01 5.666056e-01 5.178536e-01 4.777957e-01 4.540794e-01 4.503625e-01 4.692341e-01 5.034630e-01 5.448199e-01 5.865270e-01 6.244581e-01 6.509661e-01 6.582713e-01 6.492926e-01 6.317302e-01 6.197175e-01 6.167308e-01 6.180568e-01 6.181340e-01 6.128537e-01 6.013054e-01 5.794368e-01 5.450689e-01 5.068266e-01 4.752181e-01 4.586526e-01 4.518619e-01 4.463509e-01 4.340540e-01 4.122644e-01 3.839058e-01 3.501543e-01 3.159237e-01 2.874330e-01 2.668934e-01 2.483795e-01 2.273218e-01 2.050070e-01 1.854896e-01 1.711708e-01 1.620812e-01 1.554774e-01 1.528314e-01 1.525535e-01 1.541070e-01 1.580417e-01 1.636926e-01 1.703498e-01 1.737980e-01 1.679771e-01 1.576697e-01 1.459573e-01 1.321178e-01 1.205013e-01 1.093515e-01 9.872474e-02 8.762427e-02 7.298674e-02 6.005219e-02 4.724644e-02 3.592276e-02 2.482213e-02 1.298072e-02 4.514140e-03 9.293543e-04 1.089151e-04 1.097700e-05 1.003373e-06 9.220695e-08 7.518223e-09 5.098772e-10 4.289877e-11 9.033930e-13 4.131779e-16 1.915753e-23 3.572635e-37 2.802597e-45 2.802597e-45 2.802597e-45 1.401298e-45 1.401298e-45 1.401298e-45 1.401298e-45 1.401298e-45
0.000000e+00 1.401298e-45 2.802597e-45 1.065689e-07 1.976770e-05 8.583444e-05 1.417171e-04 7.505207e-05 3.211122e-05 2.150344e-05 4.123796e-05 6.102556e-05 7.457854e-05 6.267422e-05 9.944113e-05 2.332643e-04 5.516191e-04 8.422227e-04 1.072838e-03 1.282612e-03 1.507090e-03 1.496375e-03 1.484562e-03 1.512705e-03 1.765618e-03 2.292891e-03 2.718369e-03 3.390721e-03 3.657514e-03 4.388905e-03 5.189141e-03 5.620286e-03 6.447182e-03 7.029687e-03 8.280018e-03 9.945759e-03 1.118584e-02 1.286388e-02 1.448836e-02 1.653280e-02 1.895207e-02 2.094377e-02 2.335535e-02 2.602311e-02 2.907721e-02 3.258606e-02 3.565376e-02 3.922857e-02 4.511921e-02 5.013114e-02 5.329053e-02 6.223581e-02 7.504030e-02 7.906199e-02 8.276439e-02 9.426002e-02 1.012606e-01 1.064051e-01 1.166138e-01 1.260535e-01 1.370836e-01 1.515679e-01 1.618423e-01 1.772051e-01 2.052409e-01 2.261076e-01 2.345911e-01 2.582714e-01 2.987128e-01 3.228200e-01 3.271852e-01 3.414483e-01 3.725357e-01 4.026284e-01 4.225558e-01 4.342563e-01 4.498930e-01 4.796082e-01 5.176802e-01 5.355819e-01 5.301899e-01 5.249172e-01 5.256629e-01 5.117817e-01 4.736824e-01 4.287944e-01 3.985603e-01 3.950530e-01 4.223641e-01 4.766703e-01 5.449114e-01 6.167931e-01 6.843172e-01 7.398549e-01 7.771045e-01 7.910772e-01 7.803354e-01 7.555475e-01 7.305710e-01 7.062961e-01 6.744764e-01 6.237484e-01 5.602472e-01 5.002866e-01 4.610020e-01 4.463029e-01 4.509501e-01 4.648924e-01 4.843487e-01 5.130147e-01 5.521556e-01 5.935379e-01 6.267542e-01 6.438732e-01 6.511312e-01 6.503959e-01 6.410895e-01 6.270167e-01 6.113591e-01 5.985479e-01 5.843745e-01 5.704787e-01 5.542349e-01 5.342253e-01 5.075791e-01 4.769618e-01 4.488926e-01 4.305876e-01 4.233594e-01 4.232161e-01 4.190938e-01 4.020773e-01 3.715970e-01 3.323913e-01 2.950736e-01 2.708770e-01 2.592720e-01 2.535670e-01 2.477463e-01 2.348797e-01 2.147041e-01 1.913792e-01 1.719545e-01 1.591466e-01 1.529958e-01 1.500283e-01 1.483636e-01 1.475791e-01 1.467777e-01 1.448557e-01 1.414851e-01 1.376805e-01 1.303943e-01 1.218950e-01 1.099255e-01 9.625073e-02 8.495879e-02 7.536832e-02 6.757234e-02 6.247710e-02 5.818859e-02 5.152282e-02 4.061733e-02 2.335124e-02 8.408720e-03 1.488071e-03 1.501712e-04 9.658191e-06 5.837955e-07 3.977934e-08 2.771162e-09 3.264987e-10 2.450881e-11 3.725813e-13 2.545724e-17 9.287608e-26 1.973210e-40 2.802597e-45 2.802597e-45 2.802597e-45 1.401298e-45 1.401298e-45 1.401298e-45 1.401298e-45 1.401298e-45
0.000000e+00 1.401298e-45 2.802597e-45 4.844705e-10 2.111285e-06 7.744841e-06 7.079747e-06 3.159064e-05 8.793546e-05 9.977435e-05 6.854694e-05 6.206115e-05 3.999848e-05 4.939818e-05 9.433111e-05 2.505415e-04 3.645020e-04 4.792763e-04 5.009287e-04 7.536914e-04 8.859189e-04 1.289899e-03 1.432699e-03 1.941887e-03 2.195893e-03 2.505530e-03 2.757906e-03 2.842886e-03 3.508827e-03 3.889143e-03 4.746902e-03 5.263848e-03 6.043722e-03 6.773621e-03 7.420259e-03 8.492105e-03 9.458859e-03 1.132897e-02 1.252749e-02 1.481268e-02 1.757392e-02 1.923788e-02 2.270843e-02 2.528426e-02 2.797568e-02 3.240893e-02 3.600719e-02 4.131015e-02 4.599716e-02 4.880205e-02 5.544050e-02 6.189197e-02 6.699628e-02 7.506314e-02 8.251213e-02 8.965529e-02 9.845299e-02 1.027913e-01 1.093440e-01 1.238932e-01 1.331601e-01 1.438455e-01 1.710407e-01 1.905626e-01 1.895772e-01 2.035767e-01 2.402612e-01 2.682521e-01 2.775659e-01 2.949825e-01 3.292271e-01 3.547314e-01 3.626325e-01 3.764761e-01 4.018356e-01 4.235919e-01 4.395089e-01 4.611439e-01 4.838081e-01 5.016172e-01 5.106236e-01 5.091484e-01 5.006580e-01 4.889310e-01 4.660713e-01 4.325501e-01 4.068820e-01 4.065357e-01 4.428612e-01 5.067491e-01 5.760036e-01 6.281648e-01 6.658419e-01 7.052926e-01 7.494000e-01 7.892997e-01 8.068955e-01 7.926652e-01 7.519282e-01 7.024385e-01 6.549665e-01 6.106501e-01 5.670270e-01 5.224509e-01 4.837878e-01 4.569573e-01 4.443811e-01 4.467528e-01 4.642187e-01 5.013619e-01 5.560792e-01 6.144281e-01 6.575512e-01 6.754216e-01 6.801127e-01 6.723136e-01 6.485495e-01 6.121584e-01 5.792353e-01 5.607026e-01 5.544993e-01 5.477667e-01 5.347188e-01 5.233890e-01 5.171524e-01 5.059916e-01 4.801417e-01 4.399180e-01 4.001641e-01 3.687407e-01 3.496967e-01 3.434741e-01 3.490609e-01 3.570916e-01 3.479345e-01 3.141891e-01 2.679226e-01 2.260635e-01 1.967091e-01 1.797914e-01 1.726359e-01 1.706549e-01 1.682991e-01 1.627213e-01 1.537113e-01 1.432726e-01 1.322664e-01 1.205217e-01 1.086347e-01 9.900422e-02 9.362492e-02 9.334882e-02 9.889892e-02 1.079854e-01 1.172407e-01 1.220216e-01 1.151841e-01 1.003018e-01 8.475842e-02 6.603187e-02 5.155543e-02 3.710375e-02 2.296224e-02 1.158737e-02 3.438731e-03 5.617031e-04 4.437015e-05 1.886908e-06 5.752463e-08 1.345024e-09 4.742417e-11 2.247469e-12 1.246435e-13 6.839891e-16 9.324564e-21 4.762967e-30 4.203895e-45 4.203895e-45 2.802597e-45 2.802597e-45 1.401298e-45 1.401298e-45 1.401298e-45 1.401298e-45 1.401298e-45
0.000000e+00 1.401298e-45 2.802597e-45 4.812410e-16 8.977074e-09 2.828014e-06 1.051604e-04 8.670623e-05 8.009365e-05 1.087599e-04 1.626368e-04 1.656929e-04 3.302329e-04 6.725737e-04 7.709005e-04 4.826416e-04 4.244125e-04 5.423307e-04 7.756311e-04 8.397322e-04 9.508349e-04 1.162839e-03 1.787649e-03 2.164073e-03 2.640818e-03 2.594150e-03 2.947752e-03 3.089335e-03 3.421445e-03 3.595373e-03 3.744574e-03 4.664881e-03 5.391099e-03 6.751007e-03 6.844476e-03 7.818673e-03 9.384562e-03 1.038929e-02 1.337837e-02 1.486445e-02 1.643096e-02 1.965270e-02 2.126831e-02 2.439962e-02 2.701935e-02 2.988468e-02 3.589560e-02 3.995243e-02 4.318978e-02 4.960251e-02 5.567690e-02 6.002317e-02 6.395961e-02 7.193822e-02 8.337162e-02 8.960836e-02 9.376108e-02 1.053377e-01 1.136733e-01 1.157213e-01 1.301277e-01 1.522757e-01 1.556664e-01 1.603321e-01 1.893126e-01 2.168289e-01 2.211098e-01 2.338040e-01 2.606633e-01 2.857794e-01 3.079410e-01 3.322805e-01 3.501865e-01 3.615402e-01 3.767073e-01 3.994844e-01 4.208987e-01 4.365230e-01 4.484680e-01 4.642747e-01 4.841749e-01 4.974127e-01 4.878199e-01 4.615265e-01 4.372086e-01 4.255201e-01 4.287734e-01 4.431900e-01 4.707393e-01 5.109339e-01 5.620813e-01 6.198667e-01 6.766592e-01 7.291586e-01 7.691618e-01 7.900596e-01 7.939863e-01 7.869052e-01 7.713817e-01 7.374570e-01 6.807879e-01 6.128710e-01 5.511046e-01 5.087939e-01 4.815301e-01 4.618980e-01 4.454879e-01 4.386050e-01 4.511610e-01 4.858965e-01 5.358105e-01 5.893515e-01 6.399097e-01 6.779583e-01 6.971369e-01 6.921514e-01 6.666374e-01 6.329027e-01 6.025895e-01 5.806392e-01 5.632951e-01 5.435995e-01 5.195652e-01 4.955364e-01 4.742115e-01 4.546443e-01 4.332622e-01 4.123410e-01 3.930336e-01 3.709717e-01 3.410762e-01 3.040688e-01 2.696649e-01 2.447246e-01 2.303901e-01 2.213430e-01 2.141064e-01 2.049327e-01 1.901927e-01 1.745806e-01 1.629926e-01 1.577070e-01 1.560942e-01 1.555214e-01 1.547809e-01 1.565468e-01 1.615287e-01 1.683588e-01 1.752733e-01 1.778731e-01 1.752513e-01 1.633459e-01 1.450324e-01 1.261159e-01 1.098365e-01 9.484899e-02 8.101333e-02 6.593674e-02 4.919915e-02 3.292800e-02 1.711972e-02 7.239526e-03 2.358059e-03 5.471249e-04 9.105201e-05 9.613021e-06 6.040294e-07 2.510517e-08 5.635981e-10 1.064602e-11 1.746347e-13 3.113725e-15 2.861830e-17 1.466544e-20 1.907400e-26 8.370980e-37 4.203895e-45 4.203895e-45 2.802597e-45 2.802597e-45 1.401298e-45 1.401298e-45 1.401298e-45 1.401298e-45 1.401298e-45
0.000000e+00 1.401298e-45 1.401298e-45 5.854785e-17 1.843453e-08 3.311705e-06 4.690896e-05 2.523433e-04 1.586289e-04 1.085982e-04 1.662904e-04 5.705270e-04 1.217847e-03 9.964810e-04 8.406799e-04 7.184194e-04 8.657192e-04 6.800961e-04 8.214842e-04 8.059938e-04 1.225071e-03 1.379271e-03 1.709898e-03 2.008138e-03 2.074138e-03 2.535352e-03 2.375713e-03 3.057192e-03 2.904296e-03 3.492483e-03 3.955946e-03 4.329382e-03 5.337287e-03 5.402308e-03 6.917198e-03 7.788984e-03 9.181765e-03 1.099944e-02 1.122333e-02 1.362471e-02 1.543128e-02 1.761603e-02 2.089451e-02 2.323647e-02 2.858805e-02 3.314724e-02 3.567297e-02 4.081390e-02 4.673863e-02 5.212101e-02 5.615263e-02 6.017469e-02 6.790277e-02 7.448399e-02 7.736638e-02 8.509217e-02 9.751749e-02 1.042077e-01 1.118451e-01 1.277814e-01 1.363950e-01 1.347266e-01 1.464582e-01 1.703356e-01 1.822280e-01 1.909309e-01 2.107711e-01 2.270398e-01 2.387328e-01 2.602264e-01 2.807217e-01 2.948856e-01 3.190631e-01 3.484535e-01 3.645009e-01 3.695095e-01 3.764086e-01 3.912655e-01 4.169360e-01 4.395368e-01 4.457828e-01 4.474506e-01 4.581375e-01 4.672930e-01 4.642041e-01 4.518758e-01 4.441335e-01 4.460920e-01 4.639737e-01 5.024075e-01 5.590297e-01 6.223080e-01 6.800649e-01 7.298279e-01 7.677916e-01 7.925857e-01 8.020189e-01 7.977662e-01 7.779695e-01 7.444658e-01 6.939331e-01 6.314611e-01 5.661502e-01 5.064443e-01 4.604031e-01 4.320703e-01 4.240202e-01 4.384399e-01 4.696823e-01 5.078675e-01 5.446891e-01 5.790038e-01 6.159611e-01 6.521471e-01 6.792771e-01 6.843294e-01 6.739866e-01 6.498156e-01 6.121100e-01 5.628152e-01 5.160517e-01 4.837951e-01 4.695312e-01 4.664358e-01 4.638795e-01 4.545719e-01 4.392153e-01 4.160246e-01 3.864272e-01 3.511703e-01 3.153213e-01 2.803137e-01 2.466005e-01 2.174729e-01 1.979970e-01 1.899525e-01 1.931890e-01 2.036451e-01 2.134768e-01 2.145061e-01 2.055735e-01 1.922088e-01 1.810507e-01 1.748254e-01 1.736578e-01 1.754724e-01 1.772634e-01 1.750107e-01 1.686850e-01 1.643726e-01 1.583013e-01 1.464316e-01 1.268949e-01 9.987815e-02 7.130007e-02 4.756303e-02 3.079703e-02 2.030982e-02 1.317287e-02 7.696141e-03 3.612032e-03 1.144514e-03 2.312515e-04 2.899897e-05 2.152683e-06 1.005273e-07 3.273827e-09 6.866182e-11 1.288579e-12 2.679790e-14 6.506044e-16 1.478708e-17 5.590733e-20 4.762939e-24 3.422819e-31 1.392891e-42 4.203895e-45 4.203895e-45 2.802597e-45 2.802597e-45 2.802597e-45 1.401298e-45 1.401298e-45 1.401298e-45 1.401298e-45
0.000000e+00 1.401298e-45 1.401298e-45 4.203895e-45 3.799926e-09 3.335491e-06 5.206012e-05 1.196071e-04 2.169361e-04 1.838594e-04 2.245496e-04 3.082544e-04 2.716405e-04 3.330656e-04 3.069390e-04 5.246167e-04 5.000664e-04 7.597793e-04 5.506947e-04 8.615764e-04 7.900484e-04 1.112236e-03 1.008845e-03 1.121543e-03 1.381046e-03 1.539391e-03 2.187515e-03 2.099967e-03 2.916145e-03 3.153403e-03 3.842383e-03 4.292976e-03 4.376452e-03 5.607088e-03 6.103323e-03 8.498050e-03 9.228488e-03 1.016307e-02 1.216640e-02 1.269395e-02 1.556802e-02 1.705215e-02 1.949790e-02 2.433331e-02 2.617254e-02 3.021417e-02 3.424256e-02 3.739540e-02 4.423987e-02 4.854616e-02 5.311537e-02 6.214431e-02 6.836274e-02 7.269313e-02 8.136435e-02 9.169026e-02 9.857334e-02 1.103074e-01 1.262232e-01 1.311764e-01 1.348646e-01 1.478895e-01 1.600511e-01 1.694960e-01 1.817329e-01 1.891144e-01 1.970231e-01 2.155510e-01 2.310116e-01 2.363948e-01 2.504728e-01 2.762768e-01 2.922632e-01 2.962334e-01 3.055305e-01 3.316272e-01 3.667381e-01 3.894740e-01 3.942429e-01 4.042853e-01 4.360352e-01 4.713542e-01 4.797395e-01 4.703497e-01 4.639304e-01 4.626732e-01 4.623860e-01 4.652875e-01 4.799086e-01 5.063695e-01 5.469725e-01 6.040003e-01 6.690195e-01 7.275925e-01 7.675092e-01 7.900907e-01 8.006945e-01 7.966629e-01 7.655731e-01 7.133610e-01 6.572108e-01 5.984334e-01 5.395983e-01 4.827634e-01 4.386397e-01 4.132936e-01 4.137611e-01 4.400728e-01 4.841250e-01 5.304459e-01 5.642750e-01 5.830061e-01 5.948163e-01 6.060809e-01 6.158376e-01 6.242276e-01 6.329263e-01 6.342154e-01 6.226778e-01 5.980849e-01 5.644320e-01 5.318906e-01 5.034906e-01 4.750828e-01 4.494400e-01 4.290679e-01 4.094167e-01 3.826801e-01 3.460048e-01 3.103520e-01 2.850707e-01 2.706631e-01 2.619894e-01 2.512175e-01 2.336726e-01 2.100433e-01 1.835940e-01 1.617997e-01 1.517711e-01 1.528581e-01 1.618739e-01 1.711793e-01 1.754739e-01 1.740599e-01 1.674307e-01 1.555011e-01 1.392126e-01 1.208141e-01 1.016796e-01 8.484201e-02 7.290974e-02 6.641134e-02 6.198742e-02 5.734467e-02 4.935852e-02 3.696446e-02 2.470598e-02 1.548273e-02 9.155528e-03 5.023364e-03 2.283591e-03 7.308965e-04 1.437723e-04 1.471405e-05 7.469376e-07 1.837011e-08 2.260613e-10 1.658661e-12 9.658790e-15 9.218066e-17 1.941925e-18 5.034094e-20 2.847765e-22 1.605214e-26 4.396364e-34 5.605194e-45 4.203895e-45 4.203895e-45 2.802597e-45 2.802597e-45 2.802597e-45 1.401298e-45 1.401298e-45 1.401298e-45 1.401298e-45
0.000000e+00 1.401298e-45 1.401298e-45 2.802597e-45 1.345002e-12 2.262456e-07 1.525127e-04 7.415281e-04 3.023860e-04 1.579979e-04 7.547553e-05 4.292278e-05 5.343161e-05 8.834345e-05 2.232690e-04 2.967954e-04 5.377140e-04 5.827526e-04 1.138913e-03 1.010463e-03 1.204886e-03 9.313634e-04 1.129387e-03 1.217464e-03 1.435261e-03 1.793302e-03 1.945066e-03 2.739511e-03 2.975099e-03 3.773203e-03 3.952188e-03 4.622039e-03 5.671406e-03 6.215783e-03 7.166392e-03 7.214646e-03 8.643887e-03 9.285743e-03 1.046252e-02 1.294614e-02 1.361345e-02 1.724994e-02 2.049898e-02 2.231493e-02 2.702443e-02 2.887040e-02 3.320261e-02 3.935595e-02 4.060527e-02 4.595548e-02 5.390323e-02 5.821605e-02 6.404665e-02 7.206542e-02 7.845385e-02 8.537553e-02 9.578606e-02 1.053204e-01 1.134204e-01 1.241820e-01 1.373710e-01 1.517715e-01 1.637852e-01 1.637840e-01 1.658488e-01 1.846392e-01 2.013214e-01 2.018419e-01 2.107065e-01 2.318610e-01 2.425276e-01 2.435901e-01 2.527156e-01 2.729592e-01 3.015778e-01 3.284363e-01 3.421871e-01 3.555271e-01 3.884485e-01 4.249486e-01 4.450343e-01 4.576135e-01 4.746912e-01 4.837071e-01 4.756006e-01 4.682447e-01 4.723058e-01 4.815069e-01 4.955950e-01 5.191368e-01 5.585982e-01 6.149850e-01 6.780905e-01 7.345235e-01 7.721834e-01 7.831108e-01 7.700897e-01 7.445024e-01 7.160543e-01 6.835946e-01 6.407928e-01 5.841158e-01 5.178294e-01 4.613481e-01 4.256205e-01 4.135349e-01 4.193124e-01 4.372699e-01 4.647413e-01 4.982874e-01 5.300428e-01 5.509878e-01 5.614864e-01 5.651629e-01 5.699301e-01 5.798644e-01 5.973042e-01 6.133707e-01 6.178697e-01 6.086567e-01 5.906416e-01 5.699722e-01 5.433871e-01 5.042535e-01 4.581829e-01 4.191318e-01 3.939729e-01 3.804602e-01 3.687347e-01 3.538779e-01 3.317648e-01 3.000509e-01 2.633412e-01 2.310200e-01 2.103072e-01 1.988400e-01 1.894555e-01 1.758368e-01 1.603083e-01 1.474279e-01 1.390836e-01 1.352295e-01 1.348261e-01 1.354079e-01 1.339238e-01 1.289084e-01 1.215773e-01 1.127282e-01 1.032039e-01 9.012843e-02 7.576838e-02 6.287958e-02 5.395497e-02 4.714296e-02 4.096852e-02 3.496486e-02 2.740572e-02 1.903446e-02 1.199581e-02 6.258683e-03 2.577556e-03 7.674373e-04 1.404966e-04 1.467477e-05 7.978034e-07 2.010854e-08 2.198674e-10 1.102378e-12 3.046057e-15 1.000866e-17 4.911437e-20 2.483621e-22 2.811590e-25 4.412526e-30 6.513696e-38 4.203895e-45 4.203895e-45 4.203895e-45 2.802597e-45 2.802597e-45 2.802597e-45 1.401298e-45 1.401298e-45 1.401298e-45 1.401298e-45
0.000000e+00 1.401298e-45 1.401298e-45 2.802597e-45 1.389116e-13 2.722772e-09 1.574403e-06 1.032882e-04 7.620460e-04 3.163083e-04 1.031007e-04 7.749673e-05 1.382793e-04 2.622464e-04 3.832970e-04 5.033481e-04 5.688843e-04 8.515892e-04 8.770378e-04 1.010091e-03 8.911083e-04 1.112371e-03 1.168920e-03 1.436599e-03 1.553370e-03 1.793721e-03 2.247591e-03 2.564447e-03 3.177599e-03 3.309386e-03 4.091939e-03 4.718089e-03 5.804446e-03 6.435751e-03 6.775734e-03 7.719345e-03 7.940641e-03 9.730246e-03 1.078316e-02 1.193309e-02 1.497261e-02 1.584970e-02 1.803629e-02 2.066827e-02 2.181127e-02 2.657400e-02 3.035120e-02 3.210356e-02 3.726073e-02 4.227200e-02 4.748661e-02 5.505302e-02 6.139685e-02 6.898114e-02 7.858030e-02 8.399152e-02 9.027467e-02 9.918203e-02 1.047543e-01 1.166947e-01 1.358630e-01 1.438907e-01 1.454511e-01 1.593724e-01 1.734486e-01 1.728191e-01 1.780590e-01 2.015687e-01 2.210310e-01 2.233361e-01 2.279617e-01 2.419680e-01 2.610491e-01 2.821473e-01 2.977753e-01 3.109978e-01 3.393257e-01 3.804976e-01 4.109721e-01 4.298885e-01 4.456275e-01 4.517240e-01 4.534056e-01 4.603423e-01 4.662130e-01 4.620714e-01 4.544716e-01 4.628226e-01 4.948512e-01 5.413811e-01 5.886382e-01 6.274016e-01 6.578434e-01 6.894733e-01 7.246257e-01 7.551427e-01 7.644360e-01 7.440291e-01 7.032157e-01 6.598523e-01 6.196164e-01 5.730698e-01 5.211409e-01 4.740925e-01 4.427496e-01 4.274904e-01 4.257991e-01 4.347172e-01 4.531104e-01 4.782987e-01 5.072122e-01 5.287357e-01 5.410230e-01 5.445067e-01 5.484264e-01 5.550502e-01 5.612906e-01 5.651860e-01 5.697861e-01 5.730447e-01 5.697186e-01 5.550187e-01 5.405301e-01 5.250430e-01 5.075123e-01 4.815054e-01 4.488793e-01 4.142824e-01 3.830506e-01 3.537990e-01 3.240279e-01 2.920651e-01 2.599772e-01 2.300986e-01 2.056746e-01 1.901447e-01 1.853039e-01 1.866915e-01 1.860915e-01 1.772263e-01 1.589024e-01 1.386576e-01 1.232010e-01 1.149220e-01 1.132952e-01 1.135520e-01 1.137977e-01 1.127290e-01 1.091646e-01 1.000230e-01 8.680084e-02 6.982312e-02 5.114252e-02 3.588137e-02 2.478412e-02 1.752864e-02 1.350503e-02 1.059479e-02 7.761742e-03 4.825892e-03 2.114645e-03 5.652444e-04 8.309588e-05 6.287115e-06 2.381610e-07 4.506304e-09 4.398939e-11 2.107246e-13 7.757976e-16 2.509216e-18 7.536829e-21 8.495087e-24 6.940890e-28 7.409816e-34 1.242952e-42 4.203895e-45 4.203895e-45 2.802597e-45 2.802597e-45 2.802597e-45 2.802597e-45 2.802597e-45 1.401298e-45 1.401298e-45 1.401298e-45
0.000000e+00 1.401298e-45 1.401298e-45 2.802597e-45 2.311606e-18 1.834170e-12 3.614090e-08 2.053594e-05 1.252520e-04 1.779797e-04 1.423852e-04 2.466887e-04 3.527533e-04 6.381876e-04 5.927079e-04 6.621265e-04 6.434785e-04 6.579625e-04 6.185600e-04 6.816990e-04 8.968529e-04 1.002952e-03 1.267894e-03 1.389054e-03 1.838840e-03 2.092924e-03 2.463359e-03 2.733032e-03 2.931826e-03 3.452860e-03 3.806524e-03 4.502690e-03 4.540773e-03 4.945056e-03 5.378594e-03 6.278457e-03 7.634525e-03 7.978885e-03 9.810233e-03 1.132861e-02 1.256162e-02 1.527414e-02 1.647621e-02 1.899402e-02 2.338047e-02 2.607878e-02 2.924463e-02 3.400884e-02 3.870692e-02 4.318546e-02 4.634482e-02 5.018998e-02 5.825389e-02 6.552600e-02 7.015190e-02 8.001862e-02 8.843166e-02 9.125117e-02 1.038536e-01 1.176019e-01 1.189404e-01 1.301615e-01 1.509346e-01 1.587558e-01 1.695911e-01 1.905244e-01 1.998872e-01 2.009566e-01 2.097441e-01 2.229460e-01 2.392734e-01 2.623561e-01 2.851222e-01 3.025152e-01 3.199084e-01 3.392714e-01 3.661828e-01 3.962980e-01 4.130181e-01 4.159760e-01 4.243812e-01 4.417983e-01 4.479962e-01 4.390168e-01 4.327976e-01 4.425016e-01 4.601329e-01 4.799344e-01 5.038313e-01 5.344068e-01 5.747225e-01 6.237998e-01 6.729507e-01 7.111027e-01 7.309111e-01 7.358716e-01 7.364335e-01 7.348250e-01 7.211214e-01 6.822686e-01 6.231901e-01 5.613255e-01 5.125552e-01 4.784884e-01 4.531509e-01 4.297942e-01 4.086457e-01 3.981580e-01 4.105224e-01 4.443409e-01 4.895795e-01 5.335052e-01 5.642891e-01 5.818023e-01 5.862424e-01 5.787205e-01 5.625191e-01 5.448791e-01 5.373797e-01 5.424584e-01 5.439352e-01 5.287026e-01 4.989024e-01 4.704840e-01 4.463859e-01 4.191767e-01 3.859576e-01 3.524006e-01 3.250069e-01 3.038404e-01 2.891319e-01 2.838376e-01 2.857758e-01 2.828652e-01 2.643824e-01 2.314432e-01 1.957203e-01 1.689573e-01 1.556814e-01 1.543937e-01 1.593720e-01 1.631410e-01 1.588251e-01 1.461080e-01 1.284236e-01 1.112272e-01 9.558742e-02 8.138560e-02 6.880214e-02 5.902657e-02 5.174562e-02 4.511798e-02 3.770845e-02 2.836695e-02 1.923286e-02 1.217128e-02 7.451676e-03 4.690126e-03 2.889398e-03 1.612422e-03 6.999715e-04 1.929924e-04 2.710445e-05 1.686701e-06 4.147627e-08 3.897809e-10 1.418657e-12 2.645050e-15 3.862201e-18 8.692048e-21 2.167173e-23 1.537529e-26 5.208741e-31 8.374518e-38 5.605194e-45 4.203895e-45 4.203895e-45 2.802597e-45 2.802597e-45 2.802597e-45 2.802597e-45 2.802597e-45 1.401298e-45 1.401298e-45 1.401298e-45
0.000000e+00 1.401298e-45 1.401298e-45 2.802597e-45 5.406310e-21 2.494656e-13 3.361292e-08 5.533511e-06 4.558724e-05 5.570432e-05 1.084392e-04 1.484289e-04 3.211827e-04 3.057739e-04 5.135572e-04 4.697421e-04 5.032406e-04 3.673536e-04 4.506505e-04 5.756211e-04 8.105200e-04 1.122585e-03 1.385440e-03 1.827762e-03 1.983175e-03 2.390830e-03 2.432751e-03 2.834544e-03 3.190962e-03 3.850106e-03 4.310591e-03 4.387342e-03 4.811963e-03 4.837539e-03 5.806467e-03 6.723615e-03 7.672628e-03 9.505248e-03 1.012927e-02 1.226899e-02 1.364083e-02 1.473387e-02 1.783018e-02 1.955261e-02 2.167521e-02 2.465281e-02 2.800989e-02 3.267217e-02 3.738564e-02 4.168171e-02 4.616848e-02 5.190330e-02 5.582240e-02 6.035241e-02 7.048767e-02 7.681479e-02 8.285222e-02 9.811746e-02 1.045749e-01 1.059035e-01 1.185616e-01 1.270611e-01 1.351561e-01 1.580217e-01 1.717587e-01 1.777243e-01 1.978993e-01 2.090876e-01 2.083093e-01 2.290166e-01 2.583279e-01 2.666533e-01 2.729129e-01 2.954903e-01 3.293218e-01 3.588270e-01 3.681031e-01 3.674188e-01 3.867489e-01 4.234489e-01 4.372399e-01 4.217053e-01 4.122012e-01 4.217689e-01 4.361392e-01 4.490556e-01 4.629471e-01 4.771573e-01 4.978287e-01 5.333650e-01 5.796167e-01 6.205117e-01 6.499308e-01 6.745083e-01 6.959997e-01 7.127185e-01 7.201428e-01 7.188650e-01 7.084623e-01 6.813862e-01 6.311134e-01 5.641207e-01 4.982764e-01 4.468658e-01 4.144635e-01 3.970082e-01 3.906274e-01 3.929102e-01 4.048402e-01 4.279175e-01 4.628853e-01 5.036445e-01 5.488033e-01 5.881724e-01 6.121195e-01 6.166556e-01 6.056056e-01 5.840482e-01 5.564270e-01 5.274352e-01 4.996146e-01 4.749610e-01 4.524436e-01 4.267628e-01 3.972749e-01 3.677071e-01 3.439197e-01 3.283310e-01 3.174511e-01 3.035978e-01 2.830978e-01 2.630444e-01 2.481728e-01 2.423484e-01 2.445492e-01 2.486687e-01 2.468856e-01 2.326647e-01 2.068675e-01 1.777341e-01 1.578534e-01 1.467031e-01 1.371939e-01 1.251498e-01 1.093628e-01 9.438139e-02 8.114386e-02 7.006390e-02 6.031200e-02 5.158060e-02 4.276465e-02 3.432692e-02 2.685291e-02 2.037147e-02 1.480717e-02 1.016680e-02 6.334202e-03 3.547415e-03 1.698249e-03 6.513418e-04 1.862996e-04 3.547186e-05 4.026090e-06 2.184171e-07 4.903303e-09 3.633538e-11 7.417966e-14 5.507079e-17 2.057853e-20 9.766686e-24 4.462420e-27 1.075857e-30 1.964478e-35 4.247336e-42 4.203895e-45 4.203895e-45 4.203895e-45 2.802597e-45 2.802597e-45 2.802597e-45 2.802597e-45 2.802597e-45 1.401298e-45 1.401298e-45 1.401298e-45
0.000000e+00 1.401298e-45 1.401298e-45 2.802597e-45 1.237783e-21 2.208567e-14 4.122970e-10 9.349782e-07 9.557598e-05 6.577562e-04 2.916288e-04 1.150749e-04 6.372316e-05 1.714696e-04 2.544216e-04 3.859188e-04 3.184969e-04 5.635312e-04 7.839408e-04 1.251501e-03 1.419582e-03 1.787916e-03 1.996528e-03 2.115176e-03 2.291338e-03 2.316901e-03 2.869426e-03 2.897855e-03 3.541614e-03 3.415257e-03 3.813129e-03 4.281336e-03 4.770466e-03 5.998821e-03 5.925147e-03 7.079388e-03 7.730901e-03 8.395593e-03 1.023214e-02 1.052055e-02 1.281936e-02 1.477836e-02 1.614149e-02 1.987355e-02 2.205764e-02 2.480039e-02 2.892498e-02 3.240548e-02 3.570854e-02 4.013257e-02 4.753013e-02 5.223837e-02 5.656545e-02 6.359755e-02 6.641407e-02 7.303174e-02 8.380538e-02 9.086201e-02 1.008734e-01 1.086875e-01 1.123048e-01 1.258970e-01 1.357034e-01 1.370576e-01 1.547505e-01 1.759344e-01 1.797357e-01 1.955897e-01 2.292448e-01 2.412456e-01 2.415802e-01 2.634107e-01 2.930115e-01 3.062959e-01 3.105053e-01 3.178556e-01 3.357850e-01 3.609825e-01 3.728188e-01 3.716202e-01 3.803325e-01 4.021805e-01 4.171934e-01 4.235257e-01 4.356185e-01 4.531035e-01 4.704173e-01 4.893184e-01 5.117810e-01 5.342901e-01 5.598981e-01 5.888766e-01 6.174920e-01 6.432575e-01 6.706817e-01 7.005190e-01 7.259257e-01 7.281939e-01 6.930435e-01 6.333666e-01 5.753236e-01 5.269589e-01 4.818942e-01 4.346979e-01 3.932928e-01 3.674463e-01 3.621434e-01 3.759718e-01 4.037726e-01 4.345816e-01 4.653179e-01 4.967202e-01 5.336257e-01 5.736998e-01 6.078160e-01 6.247577e-01 6.209340e-01 5.981768e-01 5.632472e-01 5.217048e-01 4.816796e-01 4.472879e-01 4.192060e-01 3.951094e-01 3.723235e-01 3.475773e-01 3.208918e-01 2.947891e-01 2.735029e-01 2.587059e-01 2.510868e-01 2.478185e-01 2.472150e-01 2.473602e-01 2.484109e-01 2.549603e-01 2.683770e-01 2.801799e-01 2.772581e-01 2.533959e-01 2.156686e-01 1.758457e-01 1.453008e-01 1.225352e-01 1.061722e-01 9.313456e-02 8.026256e-02 6.786815e-02 5.745626e-02 4.878977e-02 4.090404e-02 3.267263e-02 2.434084e-02 1.732008e-02 1.171145e-02 7.604488e-03 4.918323e-03 2.894602e-03 1.415992e-03 4.907545e-04 1.057453e-04 1.331380e-05 8.810009e-07 3.019933e-08 4.523415e-10 2.739685e-12 5.697615e-15 4.148032e-18 1.522130e-21 2.617159e-25 1.919795e-29 2.892953e-34 5.410413e-40 4.203895e-45 4.203895e-45 4.203895e-45 2.802597e-45 2.802597e-45 2.802597e-45 2.802597e-45 2.802597e-45 2.802597e-45 1.401298e-45 1.401298e-45 1.401298e-45
0.000000e+00 1.401298e-45 1.401298e-45 2.802597e-45 3.731817e-38 1.014317e-17 3.239060e-11 1.956098e-06 5.296622e-04 9.866022e-04 3.155918e-04 1.197790e-04 2.007140e-04 2.640393e-04 4.373860e-04 4.395503e-04 9.109994e-04 1.086273e-03 1.673009e-03 1.586680e-03 2.115310e-03 1.894591e-03 2.006673e-03 1.905081e-03 2.027354e-03 2.385894e-03 2.361319e-03 3.032848e-03 2.705759e-03 3.143378e-03 3.150686e-03 3.774040e-03 4.691228e-03 4.627008e-03 6.160440e-03 6.243181e-03 7.335919e-03 8.441553e-03 8.981830e-03 1.150065e-02 1.234591e-02 1.484020e-02 1.775061e-02 1.869677e-02 2.235038e-02 2.571346e-02 2.851956e-02 3.132625e-02 3.477076e-02 4.069429e-02 4.392499e-02 4.924681e-02 5.803492e-02 6.175804e-02 6.732856e-02 7.653309e-02 8.399505e-02 8.942320e-02 9.445173e-02 1.078487e-01 1.203023e-01 1.190123e-01 1.265662e-01 1.434946e-01 1.448620e-01 1.504932e-01 1.807404e-01 2.070476e-01 2.129467e-01 2.271229e-01 2.527708e-01 2.693061e-01 2.745844e-01 2.820014e-01 2.983913e-01 3.190875e-01 3.308422e-01 3.382252e-01 3.506482e-01 3.656605e-01 3.743083e-01 3.835391e-01 4.046189e-01 4.266585e-01 4.379748e-01 4.485313e-01 4.726581e-01 5.044572e-01 5.256572e-01 5.336169e-01 5.414619e-01 5.615329e-01 5.953209e-01 6.354318e-01 6.682569e-01 6.826452e-01 6.743187e-01 6.578890e-01 6.387387e-01 6.139829e-01 5.734615e-01 5.179816e-01 4.581423e-01 4.069680e-01 3.724029e-01 3.566211e-01 3.558958e-01 3.676631e-01 3.889807e-01 4.184506e-01 4.503586e-01 4.799980e-01 5.001584e-01 5.097416e-01 5.188383e-01 5.335941e-01 5.513597e-01 5.578889e-01 5.410617e-01 5.063828e-01 4.669958e-01 4.322677e-01 3.998513e-01 3.716778e-01 3.515857e-01 3.422674e-01 3.353304e-01 3.217300e-01 3.048032e-01 2.948678e-01 2.958712e-01 3.042921e-01 3.126236e-01 3.137101e-01 3.031194e-01 2.776503e-01 2.438587e-01 2.163562e-01 2.034659e-01 2.022994e-01 2.012711e-01 1.895076e-01 1.653952e-01 1.347749e-01 1.083519e-01 8.566920e-02 6.690889e-02 5.108376e-02 3.783104e-02 2.805078e-02 2.110649e-02 1.648638e-02 1.322835e-02 1.016711e-02 7.367385e-03 4.899532e-03 3.014312e-03 1.720151e-03 8.411104e-04 3.018857e-04 6.942231e-05 8.404751e-06 4.788891e-07 1.104698e-08 1.006865e-10 3.114522e-13 4.003556e-16 2.663780e-19 1.235742e-22 3.261027e-26 1.564314e-30 5.021332e-36 7.721155e-43 4.203895e-45 4.203895e-45 4.203895e-45 2.802597e-45 2.802597e-45 2.802597e-45 2.802597e-45 2.802597e-45 2.802597e-45 1.401298e-45 1.401298e-45 1.401298e-45
0.000000e+00 1.401298e-45 1.401298e-45 2.802597e-45 4.203895e-45 4.672240e-22 1.456715e-13 3.844970e-08 1.666861e-05 1.804988e-04 5.382680e-04 8.365066e-04 5.151749e-04 4.752225e-04 5.614387e-04 1.285384e-03 1.145930e-03 1.168992e-03 7.692816e-04 1.013508e-03 8.535428e-04 1.129939e-03 1.153779e-03 1.519141e-03 1.715533e-03 1.781369e-03 2.132253e-03 1.943484e-03 2.438822e-03 2.497559e-03 3.142606e-03 3.492077e-03 3.655266e-03 4.472983e-03 4.834231e-03 6.226677e-03 6.802502e-03 7.574927e-03 9.089991e-03 9.742862e-03 1.197713e-02 1.382919e-02 1.633545e-02 1.994567e-02 2.224268e-02 2.579533e-02 2.871218e-02 3.254690e-02 3.760684e-02 3.947684e-02 4.383743e-02 4.961447e-02 5.232805e-02 5.983666e-02 7.066072e-02 7.510626e-02 7.851698e-02 8.812017e-02 9.708411e-02 1.006278e-01 1.104435e-01 1.295107e-01 1.397161e-01 1.435235e-01 1.587999e-01 1.739007e-01 1.786151e-01 1.914378e-01 2.155382e-01 2.324342e-01 2.448914e-01 2.634995e-01 2.771118e-01 2.848431e-01 3.009099e-01 3.207674e-01 3.317917e-01 3.367856e-01 3.462380e-01 3.624441e-01 3.774515e-01 3.842754e-01 3.874985e-01 4.049921e-01 4.372003e-01 4.656475e-01 4.771637e-01 4.858449e-01 5.058442e-01 5.354522e-01 5.597166e-01 5.727232e-01 5.830283e-01 6.004846e-01 6.250498e-01 6.475994e-01 6.488274e-01 6.247530e-01 5.927336e-01 5.639479e-01 5.334558e-01 4.861588e-01 4.279104e-01 3.772069e-01 3.437963e-01 3.318272e-01 3.374126e-01 3.560587e-01 3.840885e-01 4.166336e-01 4.497573e-01 4.758273e-01 4.956254e-01 5.067523e-01 5.102316e-01 5.067393e-01 5.006577e-01 4.947483e-01 4.882860e-01 4.783542e-01 4.620956e-01 4.428719e-01 4.193036e-01 3.924406e-01 3.707465e-01 3.632061e-01 3.667112e-01 3.728595e-01 3.697093e-01 3.541744e-01 3.246252e-01 2.874064e-01 2.538547e-01 2.337391e-01 2.279162e-01 2.277290e-01 2.205221e-01 2.009611e-01 1.741118e-01 1.503112e-01 1.324207e-01 1.194353e-01 1.074028e-01 9.391852e-02 7.741437e-02 6.039659e-02 4.699288e-02 3.622768e-02 2.738101e-02 1.975385e-02 1.385762e-02 9.875851e-03 7.398572e-03 5.934207e-03 4.865320e-03 3.797521e-03 2.535257e-03 1.336499e-03 4.993596e-04 1.299334e-04 2.200470e-05 2.278306e-06 1.301152e-07 3.245598e-09 2.911088e-11 7.285773e-14 5.321447e-17 1.457907e-20 2.052766e-24 1.466382e-28 2.510519e-33 3.972262e-39 4.203895e-45 4.203895e-45 4.203895e-45 4.203895e-45 2.802597e-45 2.802597e-45 2.802597e-45 2.802597e-45 2.802597e-45 2.802597e-45 1.401298e-45 1.401298e-45 1.401298e-45
0.000000e+00 1.401298e-45 1.401298e-45 2.802597e-45 4.203895e-45 4.119520e-23 3.768467e-16 9.073159e-11 1.896722e-06 6.095503e-04 1.561899e-03 4.309277e-04 2.776899e-04 4.602366e-04 1.106997e-03 1.042572e-03 1.050456e-03 7.412317e-04 8.762744e-04 6.718209e-04 8.617335e-04 8.783305e-04 1.252485e-03 1.409409e-03 1.684857e-03 1.938810e-03 1.931752e-03 2.121783e-03 2.108939e-03 2.462672e-03 2.731762e-03 3.065408e-03 3.607760e-03 3.909502e-03 4.691287e-03 5.354891e-03 6.366883e-03 7.589210e-03 8.573174e-03 1.008309e-02 1.193761e-02 1.348773e-02 1.499544e-02 1.737276e-02 2.047117e-02 2.298862e-02 2.662620e-02 3.084939e-02 3.340956e-02 3.782359e-02 4.330952e-02 4.687134e-02 5.407872e-02 6.291352e-02 6.595965e-02 7.252952e-02 8.083118e-02 8.363989e-02 9.179385e-02 1.046300e-01 1.134119e-01 1.234852e-01 1.375239e-01 1.504516e-01 1.637320e-01 1.781778e-01 1.869536e-01 1.904135e-01 2.031120e-01 2.258782e-01 2.362648e-01 2.402860e-01 2.668164e-01 3.018075e-01 3.109709e-01 3.131158e-01 3.365769e-01 3.665623e-01 3.717241e-01 3.630629e-01 3.654027e-01 3.832037e-01 4.005731e-01 4.028725e-01 4.041985e-01 4.235126e-01 4.582641e-01 4.879892e-01 5.059109e-01 5.218015e-01 5.428979e-01 5.620210e-01 5.749308e-01 5.821211e-01 5.892006e-01 6.001310e-01 6.071327e-01 6.048399e-01 5.821161e-01 5.414604e-01 4.957780e-01 4.562975e-01 4.232201e-01 3.937656e-01 3.684574e-01 3.496130e-01 3.433830e-01 3.554772e-01 3.867583e-01 4.296873e-01 4.711140e-01 4.952547e-01 5.007571e-01 4.925173e-01 4.792703e-01 4.610493e-01 4.407256e-01 4.234658e-01 4.168253e-01 4.180069e-01 4.155585e-01 4.038803e-01 3.887697e-01 3.753990e-01 3.605848e-01 3.409080e-01 3.192321e-01 3.043306e-01 2.974241e-01 2.960490e-01 2.921820e-01 2.825862e-01 2.635374e-01 2.403098e-01 2.184418e-01 2.028145e-01 1.923151e-01 1.831243e-01 1.688080e-01 1.440885e-01 1.132255e-01 8.766299e-02 7.068816e-02 6.102864e-02 5.457017e-02 4.892019e-02 4.285716e-02 3.636305e-02 2.939140e-02 2.182109e-02 1.470184e-02 8.938682e-03 5.115601e-03 3.018515e-03 1.998259e-03 1.509411e-03 1.138094e-03 6.806504e-04 2.611267e-04 5.221434e-05 5.138650e-06 2.534980e-07 6.426138e-09 9.616097e-11 6.565484e-13 2.109501e-15 2.346731e-18 7.718461e-22 5.605352e-26 5.289939e-31 7.268221e-37 1.064987e-43 4.203895e-45 4.203895e-45 4.203895e-45 2.802597e-45 2.802597e-45 2.802597e-45 4.203895e-45 2.802597e-45 2.802597e-45 2.802597e-45 1.401298e-45 1.401298e-45 1.401298e-45
0.000000e+00 1.401298e-45 1.401298e-45 1.401298e-45 2.802597e-45 2.249082e-27 1.837542e-18 2.402321e-11 4.518043e-07 4.310587e-05 2.313031e-04 4.216778e-04 5.028317e-04 6.606753e-04 6.923336e-04 8.747534e-04 8.756586e-04 1.017853e-03 9.352973e-04 1.150930e-03 1.353771e-03 1.657835e-03 1.638556e-03 1.572630e-03 1.629428e-03 1.702695e-03 1.872919e-03 2.091258e-03 2.247406e-03 2.487841e-03 2.607915e-03 3.164412e-03 3.486452e-03 3.847034e-03 4.629115e-03 5.029768e-03 5.882621e-03 6.645066e-03 7.969064e-03 9.601981e-03 1.053719e-02 1.238442e-02 1.417047e-02 1.592105e-02 1.817547e-02 2.115452e-02 2.507206e-02 2.810853e-02 3.287281e-02 3.868075e-02 4.245102e-02 4.959079e-02 5.585178e-02 5.821994e-02 6.468146e-02 7.059247e-02 7.586226e-02 8.670054e-02 9.492416e-02 1.018680e-01 1.137665e-01 1.223739e-01 1.303409e-01 1.476731e-01 1.629672e-01 1.683677e-01 1.816285e-01 2.013190e-01 2.043201e-01 2.014265e-01 2.226473e-01 2.563688e-01 2.696273e-01 2.758834e-01 3.039697e-01 3.356621e-01 3.437485e-01 3.443218e-01 3.586020e-01 3.747467e-01 3.807852e-01 3.807772e-01 3.817635e-01 3.896149e-01 4.058906e-01 4.274682e-01 4.520386e-01 4.747770e-01 4.890082e-01 4.996585e-01 5.127939e-01 5.306699e-01 5.506114e-01 5.650873e-01 5.691243e-01 5.644743e-01 5.601435e-01 5.607743e-01 5.565689e-01 5.309149e-01 4.840257e-01 4.354549e-01 4.008467e-01 3.837551e-01 3.760393e-01 3.711470e-01 3.709917e-01 3.784311e-01 3.983815e-01 4.304388e-01 4.674502e-01 5.003834e-01 5.173757e-01 5.136877e-01 4.915395e-01 4.615123e-01 4.319938e-01 4.095700e-01 3.927999e-01 3.815290e-01 3.731655e-01 3.684695e-01 3.652291e-01 3.595861e-01 3.483680e-01 3.307230e-01 3.137765e-01 3.001498e-01 2.917888e-01 2.881216e-01 2.898104e-01 2.942275e-01 2.914180e-01 2.711359e-01 2.318485e-01 1.840466e-01 1.447800e-01 1.196718e-01 1.071850e-01 1.017188e-01 9.765356e-02 8.823407e-02 7.348617e-02 5.804769e-02 4.479477e-02 3.489863e-02 2.726095e-02 2.122352e-02 1.657206e-02 1.320236e-02 1.055872e-02 8.034609e-03 5.523648e-03 3.453535e-03 2.086669e-03 1.303496e-03 8.400199e-04 4.968597e-04 2.128871e-04 5.049017e-05 4.800717e-06 1.596437e-07 1.805928e-09 7.173714e-12 1.265947e-14 1.163340e-17 7.970550e-21 3.413334e-24 3.720575e-28 4.150272e-33 1.331049e-39 4.203895e-45 4.203895e-45 4.203895e-45 2.802597e-45 2.802597e-45 2.802597e-45 2.802597e-45 2.802597e-45 2.802597e-45 2.802597e-45 2.802597e-45 1.401298e-45 1.401298e-45 1.401298e-45
0.000000e+00 1.401298e-45 1.401298e-45 1.401298e-45 2.802597e-45 1.720734e-30 1.390403e-21 1.190175e-14 2.913916e-09 4.446663e-06 1.590489e-04 5.379959e-04 6.268623e-04 4.351748e-04 4.020428e-04 4.248983e-04 5.121652e-04 6.049195e-04 7.427369e-04 9.719410e-04 1.017883e-03 1.132508e-03 1.067478e-03 1.211290e-03 1.120917e-03 1.228937e-03 1.417573e-03 1.706666e-03 2.190128e-03 2.401784e-03 2.978776e-03 3.046681e-03 3.436823e-03 3.809393e-03 4.314699e-03 5.327222e-03 5.987262e-03 7.362202e-03 8.227757e-03 9.321149e-03 1.085093e-02 1.192196e-02 1.414873e-02 1.550577e-02 1.743416e-02 2.034158e-02 2.224623e-02 2.626357e-02 3.085008e-02 3.503908e-02 4.189114e-02 4.675952e-02 5.045889e-02 5.665944e-02 6.211003e-02 6.979198e-02 7.981481e-02 8.690380e-02 9.741075e-02 1.066571e-01 1.089098e-01 1.197845e-01 1.385337e-01 1.458531e-01 1.540032e-01 1.768714e-01 1.900784e-01 1.888995e-01 2.041827e-01 2.322782e-01 2.392144e-01 2.420816e-01 2.684388e-01 2.957860e-01 3.067890e-01 3.248940e-01 3.514776e-01 3.650275e-01 3.704368e-01 3.820247e-01 3.902313e-01 3.879494e-01 3.882404e-01 3.996288e-01 4.155603e-01 4.278704e-01 4.371392e-01 4.513921e-01 4.712074e-01 4.891873e-01 5.011411e-01 5.103202e-01 5.184556e-01 5.278649e-01 5.373673e-01 5.448982e-01 5.425623e-01 5.283799e-01 5.096644e-01 4.909481e-01 4.742484e-01 4.516616e-01 4.210625e-01 3.930608e-01 3.792730e-01 3.830398e-01 3.993852e-01 4.185452e-01 4.325125e-01 4.420213e-01 4.555390e-01 4.773615e-01 5.020577e-01 5.162663e-01 5.064906e-01 4.746081e-01 4.332283e-01 3.960122e-01 3.673739e-01 3.454908e-01 3.313053e-01 3.262761e-01 3.288429e-01 3.301690e-01 3.251258e-01 3.153866e-01 3.059173e-01 2.968075e-01 2.815986e-01 2.557635e-01 2.262119e-01 2.020303e-01 1.852310e-01 1.757386e-01 1.700709e-01 1.644759e-01 1.522706e-01 1.298868e-01 1.027379e-01 8.046876e-02 6.645022e-02 5.797568e-02 5.216645e-02 4.576752e-02 3.828049e-02 3.126885e-02 2.479956e-02 1.971561e-02 1.583145e-02 1.283106e-02 1.049049e-02 8.532532e-03 6.905417e-03 5.317715e-03 3.846781e-03 2.496613e-03 1.374158e-03 5.970116e-04 1.844797e-04 3.394808e-05 3.059419e-06 1.022519e-07 9.688531e-10 2.227211e-12 1.157775e-15 2.042872e-19 1.867267e-23 1.263949e-27 6.370518e-32 7.197742e-37 4.498168e-43 4.203895e-45 4.203895e-45 2.802597e-45 2.802597e-45 2.802597e-45 2.802597e-45 4.203895e-45 2.802597e-45 2.802597e-45 2.802597e-45 2.802597e-45 2.802597e-45 1.401298e-45 1.401298e-45
0.000000e+00 1.401298e-45 1.401298e-45 1.401298e-45 2.802597e-45 7.009361e-34 8.710725e-25 7.508987e-17 5.946616e-11 7.733274e-07 7.710444e-05 2.174480e-04 1.165934e-04 8.894756e-05 1.115169e-04 1.990985e-04 3.193303e-04 3.849298e-04 4.770621e-04 4.823978e-04 6.151374e-04 6.292518e-04 8.856731e-04 8.958501e-04 1.162402e-03 1.246314e-03 1.568518e-03 1.870000e-03 2.140418e-03 2.673400e-03 2.857753e-03 3.486875e-03 3.538423e-03 4.421455e-03 4.902730e-03 5.568364e-03 6.615199e-03 7.130582e-03 8.767997e-03 9.299956e-03 1.084267e-02 1.291192e-02 1.370485e-02 1.701174e-02 1.928665e-02 2.110234e-02 2.531013e-02 2.805457e-02 3.171039e-02 3.560013e-02 3.819164e-02 4.276214e-02 4.646683e-02 5.121002e-02 5.889918e-02 6.445894e-02 7.315054e-02 8.446125e-02 8.797274e-02 9.542898e-02 1.136091e-01 1.230985e-01 1.277548e-01 1.450344e-01 1.604618e-01 1.632126e-01 1.766684e-01 2.027332e-01 2.159939e-01 2.261284e-01 2.513788e-01 2.695134e-01 2.746406e-01 2.943115e-01 3.202964e-01 3.251841e-01 3.317921e-01 3.609433e-01 3.813181e-01 3.763600e-01 3.710704e-01 3.866901e-01 4.100243e-01 4.229372e-01 4.249088e-01 4.287640e-01 4.441410e-01 4.693750e-01 4.937527e-01 5.038648e-01 5.018385e-01 5.014682e-01 5.111011e-01 5.246609e-01 5.308662e-01 5.276754e-01 5.183782e-01 5.058734e-01 4.914984e-01 4.751104e-01 4.590663e-01 4.422024e-01 4.200744e-01 3.949633e-01 3.720985e-01 3.609561e-01 3.651503e-01 3.829650e-01 4.072092e-01 4.260918e-01 4.371552e-01 4.410110e-01 4.402720e-01 4.376560e-01 4.327070e-01 4.240904e-01 4.058306e-01 3.782175e-01 3.472111e-01 3.219986e-01 3.077069e-01 3.022523e-01 3.035818e-01 3.087535e-01 3.137237e-01 3.094869e-01 2.932822e-01 2.726368e-01 2.545373e-01 2.402189e-01 2.275038e-01 2.110927e-01 1.904912e-01 1.690353e-01 1.514861e-01 1.409670e-01 1.352323e-01 1.286790e-01 1.155361e-01 9.442922e-02 7.283656e-02 5.670783e-02 4.724362e-02 4.273064e-02 4.109753e-02 3.782115e-02 3.203133e-02 2.534258e-02 1.939153e-02 1.480245e-02 1.117685e-02 8.395622e-03 6.306839e-03 4.871778e-03 3.765243e-03 2.689312e-03 1.570955e-03 6.270812e-04 1.483614e-04 1.844909e-05 1.147650e-06 2.989441e-08 2.863405e-10 6.778018e-13 4.162182e-16 5.818004e-20 2.093381e-24 2.356869e-29 9.438146e-35 1.428820e-40 4.203895e-45 4.203895e-45 4.203895e-45 2.802597e-45 2.802597e-45 2.802597e-45 2.802597e-45 4.203895e-45 2.802597e-45 2.802597e-45 2.802597e-45 2.802597e-45 2.802597e-45 1.401298e-45 1.401298e-45
0.000000e+00 1.401298e-45 1.401298e-45 1.401298e-45 2.802597e-45 4.203895e-45 8.966775e-28 7.509831e-19 9.738516e-12 3.987798e-07 8.233229e-05 2.871441e-04 2.133834e-04 1.357845e-04 1.741372e-04 2.802380e-04 4.236095e-04 5.526146e-04 5.248473e-04 5.368416e-04 5.245453e-04 6.836408e-04 7.013245e-04 9.246852e-04 1.029815e-03 1.433131e-03 1.579200e-03 1.864482e-03 2.090045e-03 2.457353e-03 3.004848e-03 3.428324e-03 4.219899e-03 4.344989e-03 5.348039e-03 5.577858e-03 6.298051e-03 7.269023e-03 7.553827e-03 9.816731e-03 1.091823e-02 1.242482e-02 1.496064e-02 1.566382e-02 1.864574e-02 2.180425e-02 2.404830e-02 2.724599e-02 2.904683e-02 3.279222e-02 3.650650e-02 3.921314e-02 4.581333e-02 5.060941e-02 5.481621e-02 6.379398e-02 6.798406e-02 7.174495e-02 8.479697e-02 9.605849e-02 1.016715e-01 1.151190e-01 1.296032e-01 1.341307e-01 1.405867e-01 1.549496e-01 1.690173e-01 1.874290e-01 2.148082e-01 2.325463e-01 2.413145e-01 2.604774e-01 2.808647e-01 2.863595e-01 2.993110e-01 3.286805e-01 3.456160e-01 3.396871e-01 3.414779e-01 3.608989e-01 3.780050e-01 3.827668e-01 3.857570e-01 3.971507e-01 4.217341e-01 4.485005e-01 4.619852e-01 4.603566e-01 4.654914e-01 4.823153e-01 5.000396e-01 5.058898e-01 5.021283e-01 4.980871e-01 4.994471e-01 4.980542e-01 4.902791e-01 4.774143e-01 4.679924e-01 4.630754e-01 4.573244e-01 4.428432e-01 4.242445e-01 4.050841e-01 3.908422e-01 3.794992e-01 3.720824e-01 3.696096e-01 3.742035e-01 3.852862e-01 3.956436e-01 3.954447e-01 3.847792e-01 3.718377e-01 3.663023e-01 3.682241e-01 3.720247e-01 3.694385e-01 3.576236e-01 3.430399e-01 3.311302e-01 3.205446e-01 3.100776e-01 3.043994e-01 3.090942e-01 3.216247e-01 3.268219e-01 3.162526e-01 2.947097e-01 2.736194e-01 2.547338e-01 2.330524e-01 2.084894e-01 1.791901e-01 1.465106e-01 1.160174e-01 9.310671e-02 8.075129e-02 7.691370e-02 7.744550e-02 7.524213e-02 6.552073e-02 5.229980e-02 4.062632e-02 3.219913e-02 2.658818e-02 2.215437e-02 1.742637e-02 1.286041e-02 9.024856e-03 6.237608e-03 4.408473e-03 3.195110e-03 2.337789e-03 1.679963e-03 1.110996e-03 6.142759e-04 2.408155e-04 5.507415e-05 6.412519e-06 3.230380e-07 6.331557e-09 3.702454e-11 6.488546e-14 3.634134e-17 6.994196e-21 4.907374e-25 6.248071e-30 1.277784e-35 2.435457e-42 4.203895e-45 4.203895e-45 2.802597e-45 2.802597e-45 2.802597e-45 2.802597e-45 4.203895e-45 2.802597e-45 2.802597e-45 2.802597e-45 2.802597e-45 2.802597e-45 2.802597e-45 1.401298e-45 1.401298e-45
0.000000e+00 1.401298e-45 1.401298e-45 1.401298e-45 2.802597e-45 4.203895e-45 5.118772e-32 1.269338e-22 7.266589e-15 1.958696e-09 2.367256e-06 8.199304e-05 3.222179e-04 4.905516e-04 4.760632e-04 4.911805e-04 5.912441e-04 6.033208e-04 5.676730e-04 5.503965e-04 6.545582e-04 7.693048e-04 9.928534e-04 1.170558e-03 1.492519e-03 1.633778e-03 1.804392e-03 1.790939e-03 1.937662e-03 1.988144e-03 2.396949e-03 2.707464e-03 3.096169e-03 3.755424e-03 4.044563e-03 5.000650e-03 5.154413e-03 5.925896e-03 6.918648e-03 7.547670e-03 9.416081e-03 1.073851e-02 1.291018e-02 1.581449e-02 1.761910e-02 2.082076e-02 2.304724e-02 2.524584e-02 2.853255e-02 2.992665e-02 3.322712e-02 3.793573e-02 4.064623e-02 4.668896e-02 5.285700e-02 5.550839e-02 6.204671e-02 6.950053e-02 7.511524e-02 8.684304e-02 1.001357e-01 1.073507e-01 1.150648e-01 1.245534e-01 1.331781e-01 1.474906e-01 1.667961e-01 1.783556e-01 1.875771e-01 2.114415e-01 2.368970e-01 2.483273e-01 2.623383e-01 2.856021e-01 2.953293e-01 2.954747e-01 3.054577e-01 3.225405e-01 3.321601e-01 3.333561e-01 3.368563e-01 3.513840e-01 3.723390e-01 3.885598e-01 3.989542e-01 4.173125e-01 4.431994e-01 4.619183e-01 4.639134e-01 4.657404e-01 4.796029e-01 4.981844e-01 5.013649e-01 4.863831e-01 4.717993e-01 4.704341e-01 4.819915e-01 4.918891e-01 4.870320e-01 4.678859e-01 4.501716e-01 4.373469e-01 4.257686e-01 4.068725e-01 3.839215e-01 3.628051e-01 3.491367e-01 3.450893e-01 3.491288e-01 3.564353e-01 3.648773e-01 3.708845e-01 3.719310e-01 3.705810e-01 3.690505e-01 3.682278e-01 3.694564e-01 3.716703e-01 3.726290e-01 3.695213e-01 3.593785e-01 3.438429e-01 3.263814e-01 3.116318e-01 3.009111e-01 2.960771e-01 2.966360e-01 2.955873e-01 2.828796e-01 2.550098e-01 2.176212e-01 1.826314e-01 1.599524e-01 1.463745e-01 1.370843e-01 1.234338e-01 1.023837e-01 8.031827e-02 6.224806e-02 5.075293e-02 4.488863e-02 4.252604e-02 3.969005e-02 3.373950e-02 2.603183e-02 1.959984e-02 1.522300e-02 1.241504e-02 1.000864e-02 7.596664e-03 5.487155e-03 3.912589e-03 2.949370e-03 2.390100e-03 1.941764e-03 1.393020e-03 7.288146e-04 2.392629e-04 4.386647e-05 4.012929e-06 1.635132e-07 2.307634e-09 8.667504e-12 7.953660e-15 1.873865e-18 1.745923e-22 6.830733e-27 1.261880e-31 3.384268e-37 3.503246e-44 4.203895e-45 4.203895e-45 2.802597e-45 2.802597e-45 2.802597e-45 2.802597e-45 2.802597e-45 4.203895e-45 4.203895e-45 4.203895e-45 4.203895e-45 2.802597e-45 2.802597e-45 2.802597e-45 1.401298e-45
0.000000e+00 1.401298e-45 1.401298e-45 1.401298e-45 2.802597e-45 4.203895e-45 8.835782e-34 5.925434e-24 1.359507e-16 3.510928e-11 2.564011e-07 4.645948e-05 2.747146e-04 2.527406e-04 1.743044e-04 2.014277e-04 2.817414e-04 4.090307e-04 5.633150e-04 7.413426e-04 7.918056e-04 8.495186e-04 9.786376e-04 1.187249e-03 1.280568e-03 1.249806e-03 1.388654e-03 1.569260e-03 1.823137e-03 2.097825e-03 2.142997e-03 2.469209e-03 2.455318e-03 3.259395e-03 3.723733e-03 4.141406e-03 5.359800e-03 5.867430e-03 7.386006e-03 8.219733e-03 8.888118e-03 1.108629e-02 1.205090e-02 1.436588e-02 1.689407e-02 1.753931e-02 2.002946e-02 2.227307e-02 2.446636e-02 2.830668e-02 3.086026e-02 3.393558e-02 3.890120e-02 4.331589e-02 4.928124e-02 5.599825e-02 6.111564e-02 6.943819e-02 7.756601e-02 8.211764e-02 9.173111e-02 1.029823e-01 1.080586e-01 1.202634e-01 1.402720e-01 1.482348e-01 1.526140e-01 1.740407e-01 1.927143e-01 1.938428e-01 2.057270e-01 2.324847e-01 2.499218e-01 2.638560e-01 2.878028e-01 2.998446e-01 2.952823e-01 2.971953e-01 3.096006e-01 3.199457e-01 3.292595e-01 3.417173e-01 3.579999e-01 3.782960e-01 3.986784e-01 4.108471e-01 4.199199e-01 4.375531e-01 4.548659e-01 4.582618e-01 4.483158e-01 4.419474e-01 4.485537e-01 4.593235e-01 4.602116e-01 4.534918e-01 4.533814e-01 4.656822e-01 4.784153e-01 4.714133e-01 4.417801e-01 4.052979e-01 3.782398e-01 3.630370e-01 3.543816e-01 3.482394e-01 3.428803e-01 3.421538e-01 3.463488e-01 3.540909e-01 3.628908e-01 3.739410e-01 3.867296e-01 3.957328e-01 3.959136e-01 3.878095e-01 3.815922e-01 3.838881e-01 3.925324e-01 3.985803e-01 3.921179e-01 3.712996e-01 3.432361e-01 3.140014e-01 2.845253e-01 2.555595e-01 2.312786e-01 2.159039e-01 2.096100e-01 2.057353e-01 1.949292e-01 1.757296e-01 1.524151e-01 1.309342e-01 1.145307e-01 1.018811e-01 9.169980e-02 8.047651e-02 6.562608e-02 4.945237e-02 3.685481e-02 2.988127e-02 2.689549e-02 2.610786e-02 2.478450e-02 2.204799e-02 1.894243e-02 1.607070e-02 1.377811e-02 1.171780e-02 9.282595e-03 6.631167e-03 4.394943e-03 2.942685e-03 2.052279e-03 1.372030e-03 7.016162e-04 2.158359e-04 3.066915e-05 1.907517e-06 4.448039e-08 3.683916e-10 9.375935e-13 6.359020e-16 1.012247e-19 3.671593e-24 3.299531e-29 1.013508e-34 5.773630e-41 4.203895e-45 4.203895e-45 2.802597e-45 2.802597e-45 2.802597e-45 2.802597e-45 2.802597e-45 2.802597e-45 4.203895e-45 4.203895e-45 4.203895e-45 2.802597e-45 2.802597e-45 2.802597e-45 2.802597e-45 1.401298e-45
0.000000e+00 1.401298e-45 1.401298e-45 1.401298e-45 2.802597e-45 2.802597e-45 2.922119e-37 2.230917e-28 4.010796e-20 5.356568e-13 5.872988e-08 2.138657e-05 1.776872e-04 2.115386e-04 1.873749e-04 1.730743e-04 2.363181e-04 3.905267e-04 5.935996e-04 6.834701e-04 8.035692e-04 9.561109e-04 1.170043e-03 1.165305e-03 1.147118e-03 1.225482e-03 1.246743e-03 1.467616e-03 1.557098e-03 1.908199e-03 2.174339e-03 2.320951e-03 2.946555e-03 2.918995e-03 3.752783e-03 4.193324e-03 4.725002e-03 6.008239e-03 6.078099e-03 7.436318e-03 8.730455e-03 9.574318e-03 1.207562e-02 1.305698e-02 1.437342e-02 1.722641e-02 1.897375e-02 2.137155e-02 2.417215e-02 2.668936e-02 3.049371e-02 3.442794e-02 3.821399e-02 4.228263e-02 4.546816e-02 5.164573e-02 6.050615e-02 6.611059e-02 7.359324e-02 8.272143e-02 8.440620e-02 9.004638e-02 1.077917e-01 1.199016e-01 1.267500e-01 1.471130e-01 1.640029e-01 1.598991e-01 1.650494e-01 1.876535e-01 2.028735e-01 2.150271e-01 2.379133e-01 2.490350e-01 2.480542e-01 2.609155e-01 2.825584e-01 2.893102e-01 2.895738e-01 3.008586e-01 3.167497e-01 3.271446e-01 3.372529e-01 3.552446e-01 3.795974e-01 3.992588e-01 4.050552e-01 4.016812e-01 4.027696e-01 4.125556e-01 4.216031e-01 4.206987e-01 4.158704e-01 4.204842e-01 4.397506e-01 4.612703e-01 4.673558e-01 4.558373e-01 4.408920e-01 4.307670e-01 4.196075e-01 3.955624e-01 3.646342e-01 3.388244e-01 3.263873e-01 3.257481e-01 3.302727e-01 3.334380e-01 3.338935e-01 3.354292e-01 3.445518e-01 3.621304e-01 3.804968e-01 3.951341e-01 4.000768e-01 3.970039e-01 3.900275e-01 3.869080e-01 3.852177e-01 3.856531e-01 3.847624e-01 3.758495e-01 3.536446e-01 3.207195e-01 2.854245e-01 2.548766e-01 2.313629e-01 2.091063e-01 1.880358e-01 1.727469e-01 1.623458e-01 1.539509e-01 1.401728e-01 1.191902e-01 9.681408e-02 7.846786e-02 6.718396e-02 6.134864e-02 5.966685e-02 5.887515e-02 5.431984e-02 4.564344e-02 3.632684e-02 2.871107e-02 2.386925e-02 2.072872e-02 1.759728e-02 1.408248e-02 1.080481e-02 8.401942e-03 6.818195e-03 5.592861e-03 4.355887e-03 3.077855e-03 1.977848e-03 1.086917e-03 4.683500e-04 1.238990e-04 1.555296e-05 6.541288e-07 7.629539e-09 2.297527e-11 2.033950e-14 6.243179e-18 7.399732e-22 2.398759e-26 1.260297e-31 7.189500e-38 4.203895e-45 4.203895e-45 2.802597e-45 2.802597e-45 2.802597e-45 2.802597e-45 2.802597e-45 2.802597e-45 2.802597e-45 4.203895e-45 4.203895e-45 4.203895e-45 2.802597e-45 2.802597e-45 2.802597e-45 2.802597e-45 2.802597e-45
0.000000e+00 1.401298e-45 1.401298e-45 1.401298e-45 1.401298e-45 2.802597e-45 4.203895e-45 4.883828e-33 8.885056e-23 1.181345e-14 2.774598e-09 3.650837e-06 7.959220e-05 2.115761e-04 2.053084e-04 2.449575e-04 3.989910e-04 6.325787e-04 7.730629e-04 9.078734e-04 1.048399e-03 1.165482e-03 9.992026e-04 9.687706e-04 1.030162e-03 1.240334e-03 1.440646e-03 1.442336e-03 1.697757e-03 1.744880e-03 2.184527e-03 2.475395e-03 2.713785e-03 3.277301e-03 3.356802e-03 4.279501e-03 4.774649e-03 5.133994e-03 6.230341e-03 7.144800e-03 8.672397e-03 1.018818e-02 1.083495e-02 1.189141e-02 1.361841e-02 1.546524e-02 1.792153e-02 2.078153e-02 2.310581e-02 2.614349e-02 2.989635e-02 3.345623e-02 3.669398e-02 3.941718e-02 4.443856e-02 4.904156e-02 5.299100e-02 6.164162e-02 6.812062e-02 7.214814e-02 8.341872e-02 9.126279e-02 9.352631e-02 1.068084e-01 1.210082e-01 1.239713e-01 1.348161e-01 1.539055e-01 1.613954e-01 1.676741e-01 1.810311e-01 1.870254e-01 1.897862e-01 2.080108e-01 2.317694e-01 2.386067e-01 2.373795e-01 2.474387e-01 2.629201e-01 2.726571e-01 2.837729e-01 3.056426e-01 3.340311e-01 3.544785e-01 3.618704e-01 3.643576e-01 3.661252e-01 3.693805e-01 3.757193e-01 3.877701e-01 4.012587e-01 4.145544e-01 4.241948e-01 4.324268e-01 4.402747e-01 4.495827e-01 4.528762e-01 4.449812e-01 4.242091e-01 4.044041e-01 3.949573e-01 3.893280e-01 3.759710e-01 3.514425e-01 3.270094e-01 3.133944e-01 3.129182e-01 3.211586e-01 3.294527e-01 3.333066e-01 3.370539e-01 3.457491e-01 3.614212e-01 3.811271e-01 4.011511e-01 4.129199e-01 4.113267e-01 3.969276e-01 3.783945e-01 3.665646e-01 3.681166e-01 3.781099e-01 3.851504e-01 3.738202e-01 3.396798e-01 2.966124e-01 2.580304e-01 2.234719e-01 1.905533e-01 1.602968e-01 1.368394e-01 1.227305e-01 1.140731e-01 1.081473e-01 1.015017e-01 9.187052e-02 7.814153e-02 6.320602e-02 5.160781e-02 4.497685e-02 4.217062e-02 3.979444e-02 3.427574e-02 2.634994e-02 1.935885e-02 1.447851e-02 1.150866e-02 9.476065e-03 7.533516e-03 5.777732e-03 4.541579e-03 3.944533e-03 3.874978e-03 3.817713e-03 3.127153e-03 1.868718e-03 7.193477e-04 1.596942e-04 1.817472e-05 7.131050e-07 7.471797e-09 1.473518e-11 5.264136e-15 4.674308e-19 1.533680e-23 2.272439e-28 6.446847e-34 9.953283e-41 4.203895e-45 4.203895e-45 2.802597e-45 2.802597e-45 2.802597e-45 2.802597e-45 2.802597e-45 2.802597e-45 4.203895e-45 4.203895e-45 4.203895e-45 4.203895e-45 4.203895e-45 2.802597e-45 2.802597e-45 2.802597e-45 2.802597e-45
0.000000e+00 1.401298e-45 1.401298e-45 1.401298e-45 1.401298e-45 2.802597e-45 4.203895e-45 2.891236e-35 3.738403e-25 2.644773e-17 2.982899e-11 4.812225e-07 1.226611e-04 7.672626e-04 1.045596e-03 8.656526e-04 8.702685e-04 9.319803e-04 1.100361e-03 1.131957e-03 1.000818e-03 8.557816e-04 8.901386e-04 1.041128e-03 1.207347e-03 1.273200e-03 1.411499e-03 1.670295e-03 1.859668e-03 2.231657e-03 2.382098e-03 2.633241e-03 2.899496e-03 3.363194e-03 3.696101e-03 3.772231e-03 4.171214e-03 4.730319e-03 5.763547e-03 6.619036e-03 7.750567e-03 8.598727e-03 9.642321e-03 1.163644e-02 1.295274e-02 1.495871e-02 1.704114e-02 1.888415e-02 2.276346e-02 2.624405e-02 2.889007e-02 3.153434e-02 3.400760e-02 3.838263e-02 4.246221e-02 4.796546e-02 5.416854e-02 5.682781e-02 6.398745e-02 7.178044e-02 7.611081e-02 8.927538e-02 1.003182e-01 1.006166e-01 1.091396e-01 1.198246e-01 1.189660e-01 1.276887e-01 1.475728e-01 1.537279e-01 1.575928e-01 1.752423e-01 1.852264e-01 1.768673e-01 1.760067e-01 1.913340e-01 2.095542e-01 2.230733e-01 2.387259e-01 2.600072e-01 2.826614e-01 3.002064e-01 3.101567e-01 3.165980e-01 3.255909e-01 3.374584e-01 3.502576e-01 3.628728e-01 3.784044e-01 3.943896e-01 4.102649e-01 4.256240e-01 4.402973e-01 4.475821e-01 4.424633e-01 4.287467e-01 4.157144e-01 4.095206e-01 4.054798e-01 3.955079e-01 3.794648e-01 3.650915e-01 3.567663e-01 3.475665e-01 3.317281e-01 3.133282e-01 2.988710e-01 2.942619e-01 3.008551e-01 3.140423e-01 3.256787e-01 3.323060e-01 3.400974e-01 3.581642e-01 3.880435e-01 4.209320e-01 4.420701e-01 4.383000e-01 4.118251e-01 3.775688e-01 3.488544e-01 3.331518e-01 3.302594e-01 3.317357e-01 3.250708e-01 3.000440e-01 2.611285e-01 2.230977e-01 1.966107e-01 1.768845e-01 1.574378e-01 1.360016e-01 1.146887e-01 9.796219e-02 8.555523e-02 7.676624e-02 6.833766e-02 5.842355e-02 4.735871e-02 3.732555e-02 3.060138e-02 2.715558e-02 2.603721e-02 2.532529e-02 2.261832e-02 1.838334e-02 1.441669e-02 1.166289e-02 9.833616e-03 8.018174e-03 6.305027e-03 4.985509e-03 4.314784e-03 4.075078e-03 3.785037e-03 2.692557e-03 1.126306e-03 2.307438e-04 1.845561e-05 5.575185e-07 5.272514e-09 1.137075e-11 5.086726e-15 3.852785e-19 7.511540e-24 3.582623e-29 2.017913e-35 6.263804e-43 4.203895e-45 2.802597e-45 2.802597e-45 2.802597e-45 2.802597e-45 2.802597e-45 2.802597e-45 2.802597e-45 4.203895e-45 4.203895e-45 4.203895e-45 4.203895e-45 4.203895e-45 2.802597e-45 2.802597e-45 2.802597e-45 2.802597e-45
0.000000e+00 1.401298e-45 1.401298e-45 1.401298e-45 1.401298e-45 2.802597e-45 4.203895e-45 1.307308e-39 4.672997e-29 2.137002e-20 4.296335e-13 4.870622e-08 2.687869e-05 4.787114e-04 8.337379e-04 8.779448e-04 7.812108e-04 1.069260e-03 1.168999e-03 1.047380e-03 7.787974e-04 6.997852e-04 9.051936e-04 1.082669e-03 1.323585e-03 1.349548e-03 1.511456e-03 1.722712e-03 1.971634e-03 2.314938e-03 2.290096e-03 2.422289e-03 2.642031e-03 2.786366e-03 3.326472e-03 3.480692e-03 4.274114e-03 4.892897e-03 5.472574e-03 6.331397e-03 6.489829e-03 7.830826e-03 9.155059e-03 1.049737e-02 1.250251e-02 1.330378e-02 1.544608e-02 1.802974e-02 1.990401e-02 2.311092e-02 2.547805e-02 2.872472e-02 3.384390e-02 3.870051e-02 4.410227e-02 4.858705e-02 5.376463e-02 5.861276e-02 6.063576e-02 6.947551e-02 7.990211e-02 8.183665e-02 9.117967e-02 1.027407e-01 9.930527e-02 1.046535e-01 1.246568e-01 1.296382e-01 1.314628e-01 1.510001e-01 1.604069e-01 1.526181e-01 1.589077e-01 1.772198e-01 1.844471e-01 1.870378e-01 1.968899e-01 2.109740e-01 2.249447e-01 2.394793e-01 2.592850e-01 2.820367e-01 3.025262e-01 3.116606e-01 3.164749e-01 3.294625e-01 3.524642e-01 3.753658e-01 3.888010e-01 3.996913e-01 4.127804e-01 4.276203e-01 4.360868e-01 4.354666e-01 4.294658e-01 4.189193e-01 4.033539e-01 3.864650e-01 3.721474e-01 3.624926e-01 3.521500e-01 3.364457e-01 3.208454e-01 3.114790e-01 3.087879e-01 3.072014e-01 3.018501e-01 2.954476e-01 2.931164e-01 3.009550e-01 3.185150e-01 3.399679e-01 3.587337e-01 3.711161e-01 3.789515e-01 3.861339e-01 3.950085e-01 4.041586e-01 4.032231e-01 3.828476e-01 3.439837e-01 2.992620e-01 2.661605e-01 2.523431e-01 2.557172e-01 2.631820e-01 2.564329e-01 2.311676e-01 1.970994e-01 1.661269e-01 1.433081e-01 1.251120e-01 1.075919e-01 8.982120e-02 7.357434e-02 6.164559e-02 5.440747e-02 5.155616e-02 5.081924e-02 4.915093e-02 4.411531e-02 3.794704e-02 3.336433e-02 3.094853e-02 2.932360e-02 2.543889e-02 1.949315e-02 1.357247e-02 9.071945e-03 6.324686e-03 4.613819e-03 3.543232e-03 2.756060e-03 2.112524e-03 1.566203e-03 1.005573e-03 4.448550e-04 9.102069e-05 6.024015e-06 1.079834e-07 4.600700e-10 5.916832e-13 2.393840e-16 3.531985e-20 1.422292e-24 5.289362e-30 9.662211e-37 4.203895e-45 4.203895e-45 2.802597e-45 2.802597e-45 2.802597e-45 2.802597e-45 2.802597e-45 2.802597e-45 4.203895e-45 4.203895e-45 4.203895e-45 4.203895e-45 4.203895e-45 4.203895e-45 2.802597e-45 2.802597e-45 2.802597e-45 2.802597e-45
0.000000e+00 1.401298e-45 1.401298e-45 1.401298e-45 1.401298e-45 2.802597e-45 4.203895e-45 5.605194e-45 3.166789e-32 1.218042e-22 2.804868e-15 4.550604e-10 1.143052e-06 5.013159e-05 2.001322e-04 1.877495e-04 2.447057e-04 2.633198e-04 3.719648e-04 4.122442e-04 5.806515e-04 7.784146e-04 7.458743e-04 8.340356e-04 8.157144e-04 1.173303e-03 1.231213e-03 1.379750e-03 1.460623e-03 1.411675e-03 1.781691e-03 1.705180e-03 2.200857e-03 2.313443e-03 2.457833e-03 3.182084e-03 3.272384e-03 4.118742e-03 4.337924e-03 4.859758e-03 6.050808e-03 6.459536e-03 8.173849e-03 9.063765e-03 1.043965e-02 1.361327e-02 1.491311e-02 1.767105e-02 1.974862e-02 2.041304e-02 2.475585e-02 2.875767e-02 3.237087e-02 3.789126e-02 4.225780e-02 4.628012e-02 4.915916e-02 5.411718e-02 6.179676e-02 6.464319e-02 7.053282e-02 8.104143e-02 8.236446e-02 8.726079e-02 1.034226e-01 1.083329e-01 1.100843e-01 1.276953e-01 1.399931e-01 1.402635e-01 1.539477e-01 1.721291e-01 1.728460e-01 1.741336e-01 1.869029e-01 1.941035e-01 1.961474e-01 2.085181e-01 2.303089e-01 2.479895e-01 2.564167e-01 2.604898e-01 2.701303e-01 2.894102e-01 3.081262e-01 3.188237e-01 3.332616e-01 3.618073e-01 3.943789e-01 4.149882e-01 4.228805e-01 4.277550e-01 4.307475e-01 4.253612e-01 4.085023e-01 3.875302e-01 3.714367e-01 3.568335e-01 3.372835e-01 3.162021e-01 3.011383e-01 2.970102e-01 3.003348e-01 3.062642e-01 3.113471e-01 3.142379e-01 3.147975e-01 3.182487e-01 3.253734e-01 3.350596e-01 3.440115e-01 3.519760e-01 3.592351e-01 3.643028e-01 3.638812e-01 3.613544e-01 3.589725e-01 3.591427e-01 3.605833e-01 3.569894e-01 3.415075e-01 3.107472e-01 2.719896e-01 2.351357e-01 2.069155e-01 1.904307e-01 1.838661e-01 1.789335e-01 1.646039e-01 1.398455e-01 1.152357e-01 9.786955e-02 8.940869e-02 8.423851e-02 7.708000e-02 6.715803e-02 5.697387e-02 4.845694e-02 4.159709e-02 3.671794e-02 3.299883e-02 2.909248e-02 2.490039e-02 2.124265e-02 1.880125e-02 1.768959e-02 1.644091e-02 1.321231e-02 8.916065e-03 5.256530e-03 3.129284e-03 2.108461e-03 1.590107e-03 1.260963e-03 9.077514e-04 5.569267e-04 2.368822e-04 5.258493e-05 4.061410e-06 6.457144e-08 1.570993e-10 6.433547e-14 7.353638e-18 5.561934e-22 1.309504e-26 3.586990e-32 2.941652e-39 4.203895e-45 2.802597e-45 2.802597e-45 2.802597e-45 2.802597e-45 2.802597e-45 2.802597e-45 2.802597e-45 4.203895e-45 4.203895e-45 4.203895e-45 4.203895e-45 4.203895e-45 2.802597e-45 2.802597e-45 2.802597e-45 2.802597e-45 2.802597e-45
0.000000e+00 1.401298e-45 1.401298e-45 1.401298e-45 1.401298e-45 2.802597e-45 2.802597e-45 4.203895e-45 3.487806e-36 3.020531e-26 5.368480e-18 9.833255e-12 9.504481e-08 1.380794e-05 7.813278e-05 1.166331e-04 7.741744e-05 8.865333e-05 1.101980e-04 2.151784e-04 3.141810e-04 3.851046e-04 4.576053e-04 4.915756e-04 6.983690e-04 6.952512e-04 9.149903e-04 8.726288e-04 9.615692e-04 1.094719e-03 1.108549e-03 1.478658e-03 1.443922e-03 1.887334e-03 2.063110e-03 2.308638e-03 2.930349e-03 2.867089e-03 3.691832e-03 4.178454e-03 5.047928e-03 6.572007e-03 6.619554e-03 8.298352e-03 9.481477e-03 1.056431e-02 1.380495e-02 1.467909e-02 1.713725e-02 2.087278e-02 2.245425e-02 2.701538e-02 3.124731e-02 3.420503e-02 3.879950e-02 4.237754e-02 4.810073e-02 5.382210e-02 5.913218e-02 6.732506e-02 7.100911e-02 7.410151e-02 8.263194e-02 8.793748e-02 9.470729e-02 1.119018e-01 1.232663e-01 1.258499e-01 1.355241e-01 1.429824e-01 1.418912e-01 1.518345e-01 1.749554e-01 1.867644e-01 1.909223e-01 2.080020e-01 2.234630e-01 2.182155e-01 2.100550e-01 2.172677e-01 2.322630e-01 2.418196e-01 2.509358e-01 2.722169e-01 3.046314e-01 3.348692e-01 3.540960e-01 3.666243e-01 3.837925e-01 4.048731e-01 4.160479e-01 4.083090e-01 3.938008e-01 3.862062e-01 3.819773e-01 3.665866e-01 3.399547e-01 3.148121e-01 3.012620e-01 2.980313e-01 2.964520e-01 2.933859e-01 2.933076e-01 2.982910e-01 3.082002e-01 3.220843e-01 3.362570e-01 3.464687e-01 3.508100e-01 3.527654e-01 3.566679e-01 3.642087e-01 3.739479e-01 3.818516e-01 3.832108e-01 3.783056e-01 3.707772e-01 3.607212e-01 3.487356e-01 3.362257e-01 3.224882e-01 3.047428e-01 2.767465e-01 2.378500e-01 1.967901e-01 1.635242e-01 1.434308e-01 1.369440e-01 1.383357e-01 1.358052e-01 1.203612e-01 9.687123e-02 7.691474e-02 6.362586e-02 5.630540e-02 5.217162e-02 4.807962e-02 4.181402e-02 3.420598e-02 2.726947e-02 2.239442e-02 1.971206e-02 1.822321e-02 1.687841e-02 1.573400e-02 1.535019e-02 1.568285e-02 1.684513e-02 1.711627e-02 1.472149e-02 1.068963e-02 6.836554e-03 4.422504e-03 3.019468e-03 2.045590e-03 1.132322e-03 4.063019e-04 7.334891e-05 4.662044e-06 7.337795e-08 1.805042e-10 5.779283e-14 3.768563e-18 5.569319e-23 2.069482e-28 7.445893e-35 1.299004e-42 4.203895e-45 2.802597e-45 2.802597e-45 2.802597e-45 2.802597e-45 2.802597e-45 2.802597e-45 2.802597e-45 4.203895e-45 4.203895e-45 4.203895e-45 4.203895e-45 4.203895e-45 2.802597e-45 2.802597e-45 2.802597e-45 2.802597e-45 2.802597e-45
0.000000e+00 1.401298e-45 1.401298e-45 1.401298e-45 1.401298e-45 2.802597e-45 2.802597e-45 4.203895e-45 1.231940e-39 1.609395e-28 8.899344e-20 4.471451e-13 1.540459e-08 3.827693e-06 3.426709e-05 5.214327e-05 6.074720e-05 8.206150e-05 1.649713e-04 2.842973e-04 3.642917e-04 3.821986e-04 4.609261e-04 5.896981e-04 6.622463e-04 7.553785e-04 7.240191e-04 8.904914e-04 9.431466e-04 1.125598e-03 1.192352e-03 1.359800e-03 1.713953e-03 1.775251e-03 2.259077e-03 2.291924e-03 2.545843e-03 3.099866e-03 3.275517e-03 4.218095e-03 4.680971e-03 5.422367e-03 7.023020e-03 7.770148e-03 9.727301e-03 1.135564e-02 1.214333e-02 1.463032e-02 1.652327e-02 1.933791e-02 2.303998e-02 2.473138e-02 2.761116e-02 3.061354e-02 3.391533e-02 3.982473e-02 4.562937e-02 5.224373e-02 5.839316e-02 6.310827e-02 6.959020e-02 7.472340e-02 8.121921e-02 9.304997e-02 1.008294e-01 1.056188e-01 1.154869e-01 1.226455e-01 1.246354e-01 1.358911e-01 1.525745e-01 1.588150e-01 1.632790e-01 1.785779e-01 1.885125e-01 1.852821e-01 1.898080e-01 2.099256e-01 2.219590e-01 2.198287e-01 2.266510e-01 2.488602e-01 2.670132e-01 2.757023e-01 2.936906e-01 3.273535e-01 3.602206e-01 3.769602e-01 3.825704e-01 3.890017e-01 3.959065e-01 3.938278e-01 3.806520e-01 3.623625e-01 3.473625e-01 3.345205e-01 3.167924e-01 2.941487e-01 2.757397e-01 2.689348e-01 2.729957e-01 2.768968e-01 2.782285e-01 2.792963e-01 2.867906e-01 3.022832e-01 3.209017e-01 3.374603e-01 3.461880e-01 3.494993e-01 3.529561e-01 3.580030e-01 3.646533e-01 3.685123e-01 3.710418e-01 3.673226e-01 3.558805e-01 3.398757e-01 3.241371e-01 3.096339e-01 2.954261e-01 2.799847e-01 2.624843e-01 2.397069e-01 2.127086e-01 1.812142e-01 1.482011e-01 1.206677e-01 1.045524e-01 1.006860e-01 1.025137e-01 9.964362e-02 8.587546e-02 6.742916e-02 5.411460e-02 4.735362e-02 4.574409e-02 4.726272e-02 4.919950e-02 4.851714e-02 4.447680e-02 3.853365e-02 3.234509e-02 2.763051e-02 2.381546e-02 1.983767e-02 1.662826e-02 1.473472e-02 1.489398e-02 1.720743e-02 1.868483e-02 1.681297e-02 1.140776e-02 5.948125e-03 2.678053e-03 9.738169e-04 2.507185e-04 3.171743e-05 1.351765e-06 1.368482e-08 2.768898e-11 1.123323e-14 6.009745e-19 3.279858e-24 1.668601e-30 6.208282e-38 4.203895e-45 2.802597e-45 2.802597e-45 2.802597e-45 2.802597e-45 2.802597e-45 2.802597e-45 2.802597e-45 4.203895e-45 4.203895e-45 4.203895e-45 4.203895e-45 4.203895e-45 4.203895e-45 2.802597e-45 2.802597e-45 2.802597e-45 2.802597e-45 2.802597e-45
0.000000e+00 1.401298e-45 1.401298e-45 1.401298e-45 1.401298e-45 2.802597e-45 2.802597e-45 4.203895e-45 7.006492e-45 1.510333e-31 8.512859e-23 9.824534e-16 1.312334e-10 2.698720e-07 1.366918e-05 5.444905e-05 1.066299e-04 1.518454e-04 2.421165e-04 2.665150e-04 3.624261e-04 4.850287e-04 5.672803e-04 6.443944e-04 5.809058e-04 6.905114e-04 7.603929e-04 9.517192e-04 1.162120e-03 1.257500e-03 1.608906e-03 1.545956e-03 1.877115e-03 2.033947e-03 2.128775e-03 2.667919e-03 2.643768e-03 3.221542e-03 3.734256e-03 4.015319e-03 4.899500e-03 5.284084e-03 6.489864e-03 8.080740e-03 9.016837e-03 1.056495e-02 1.151089e-02 1.316626e-02 1.591847e-02 1.806498e-02 2.146104e-02 2.455309e-02 2.647484e-02 3.078707e-02 3.534944e-02 4.022699e-02 4.618545e-02 5.074920e-02 5.579322e-02 6.042589e-02 6.489202e-02 7.313113e-02 8.062550e-02 8.626910e-02 9.548560e-02 1.028962e-01 1.065687e-01 1.145638e-01 1.245147e-01 1.304688e-01 1.388433e-01 1.521079e-01 1.592261e-01 1.627801e-01 1.747858e-01 1.883083e-01 1.881295e-01 1.887711e-01 2.040752e-01 2.202206e-01 2.255782e-01 2.385894e-01 2.749487e-01 3.160366e-01 3.351647e-01 3.457638e-01 3.665364e-01 3.880644e-01 3.887683e-01 3.689340e-01 3.499251e-01 3.424882e-01 3.376674e-01 3.217961e-01 2.950824e-01 2.741327e-01 2.664292e-01 2.660150e-01 2.620246e-01 2.528522e-01 2.489497e-01 2.575561e-01 2.758035e-01 2.939017e-01 3.039624e-01 3.079263e-01 3.110679e-01 3.194974e-01 3.332496e-01 3.464276e-01 3.544419e-01 3.547846e-01 3.506262e-01 3.439662e-01 3.382785e-01 3.347342e-01 3.284473e-01 3.149853e-01 2.972756e-01 2.788499e-01 2.615075e-01 2.427971e-01 2.230681e-01 2.040979e-01 1.872733e-01 1.704889e-01 1.515104e-01 1.285768e-01 1.048209e-01 8.835760e-02 8.251110e-02 8.616155e-02 9.413125e-02 9.771633e-02 9.034907e-02 7.475429e-02 5.970645e-02 4.944960e-02 4.407042e-02 4.170527e-02 3.929740e-02 3.457380e-02 2.864828e-02 2.289698e-02 1.805801e-02 1.414008e-02 1.052030e-02 7.610207e-03 5.868137e-03 5.228298e-03 5.853729e-03 7.028535e-03 6.944593e-03 4.477758e-03 1.619671e-03 3.491079e-04 4.830778e-05 3.588474e-06 1.050471e-07 7.272958e-10 1.325666e-12 4.579084e-16 1.527740e-20 2.931463e-26 2.595923e-33 1.919639e-41 2.802597e-45 2.802597e-45 2.802597e-45 2.802597e-45 2.802597e-45 2.802597e-45 2.802597e-45 4.203895e-45 4.203895e-45 4.203895e-45 4.203895e-45 4.203895e-45 4.203895e-45 4.203895e-45 2.802597e-45 2.802597e-45 2.802597e-45 2.802597e-45 2.802597e-45
0.000000e+00 1.401298e-45 1.401298e-45 1.401298e-45 1.401298e-45 1.401298e-45 2.802597e-45 4.203895e-45 5.605194e-45 2.062937e-36 4.377098e-27 3.094038e-19 4.160296e-13 7.776877e-09 2.442737e-06 4.981356e-05 1.060977e-04 1.498924e-04 1.291045e-04 2.142587e-04 2.657595e-04 3.631916e-04 3.971214e-04 3.838015e-04 5.404160e-04 5.357711e-04 7.625098e-04 7.083729e-04 9.217263e-04 1.093764e-03 1.157260e-03 1.641187e-03 1.526961e-03 1.936623e-03 1.953968e-03 2.063614e-03 2.692302e-03 2.616340e-03 3.218808e-03 3.658800e-03 4.203626e-03 5.823886e-03 6.265133e-03 7.418648e-03 8.656678e-03 9.256292e-03 1.208155e-02 1.389219e-02 1.553094e-02 1.844835e-02 1.893659e-02 2.152861e-02 2.597859e-02 2.867891e-02 3.319084e-02 3.689361e-02 4.001181e-02 4.487126e-02 4.880076e-02 5.479808e-02 6.241158e-02 6.808119e-02 7.546423e-02 8.269729e-02 8.635736e-02 9.119606e-02 9.724978e-02 1.039907e-01 1.153687e-01 1.281247e-01 1.365115e-01 1.444080e-01 1.527787e-01 1.544959e-01 1.517303e-01 1.577502e-01 1.733869e-01 1.863274e-01 1.985348e-01 2.267527e-01 2.635941e-01 2.827266e-01 2.911984e-01 3.136003e-01 3.361326e-01 3.372160e-01 3.274131e-01 3.267028e-01 3.307076e-01 3.275150e-01 3.151898e-01 3.042233e-01 2.983793e-01 2.958094e-01 2.873169e-01 2.720600e-01 2.578362e-01 2.534887e-01 2.576807e-01 2.629730e-01 2.637152e-01 2.665300e-01 2.782876e-01 2.974464e-01 3.131248e-01 3.181604e-01 3.153160e-01 3.134912e-01 3.193847e-01 3.292678e-01 3.344233e-01 3.281703e-01 3.151085e-01 3.019658e-01 2.923827e-01 2.860195e-01 2.798038e-01 2.695323e-01 2.522295e-01 2.310575e-01 2.116351e-01 1.981008e-01 1.882065e-01 1.780353e-01 1.654411e-01 1.509333e-01 1.384479e-01 1.285351e-01 1.179544e-01 1.026065e-01 8.366627e-02 6.923782e-02 6.351736e-02 6.599513e-02 7.065243e-02 6.963562e-02 5.924670e-02 4.527985e-02 3.445619e-02 2.810723e-02 2.522031e-02 2.454549e-02 2.420248e-02 2.207365e-02 1.832402e-02 1.391700e-02 1.004675e-02 7.047714e-03 4.657048e-03 3.234182e-03 2.649324e-03 2.760662e-03 3.420208e-03 3.594829e-03 2.110842e-03 5.090664e-04 4.513218e-05 1.540794e-06 1.926604e-08 9.983244e-11 1.775437e-13 5.162873e-17 1.052647e-21 6.639818e-28 2.104179e-35 4.344025e-44 2.802597e-45 2.802597e-45 2.802597e-45 2.802597e-45 2.802597e-45 2.802597e-45 2.802597e-45 4.203895e-45 4.203895e-45 4.203895e-45 4.203895e-45 4.203895e-45 2.802597e-45 2.802597e-45 2.802597e-45 2.802597e-45 2.802597e-45 2.802597e-45 2.802597e-45
0.000000e+00 1.401298e-45 1.401298e-45 1.401298e-45 1.401298e-45 1.401298e-45 2.802597e-45 4.203895e-45 4.203895e-45 7.270357e-41 9.427937e-30 1.688795e-21 7.784238e-15 4.805031e-10 6.811635e-07 1.957285e-05 6.973119e-05 6.057678e-05 8.914930e-05 1.174152e-04 2.072742e-04 2.216517e-04 2.533186e-04 3.203005e-04 3.462258e-04 5.195960e-04 5.322439e-04 8.172392e-04 7.834823e-04 9.413813e-04 1.065206e-03 1.147654e-03 1.516578e-03 1.394692e-03 1.778064e-03 1.985997e-03 2.193029e-03 2.959566e-03 3.001072e-03 3.871211e-03 4.774525e-03 5.079131e-03 6.528222e-03 6.673676e-03 7.730113e-03 1.003969e-02 1.072852e-02 1.323442e-02 1.496364e-02 1.534443e-02 1.853375e-02 2.045906e-02 2.337339e-02 2.851486e-02 3.111636e-02 3.508115e-02 3.849800e-02 4.099175e-02 4.725924e-02 5.294234e-02 5.877660e-02 6.704238e-02 7.155276e-02 7.537672e-02 8.152243e-02 8.601002e-02 9.211992e-02 1.012594e-01 1.081320e-01 1.152399e-01 1.234992e-01 1.266416e-01 1.279217e-01 1.356693e-01 1.444755e-01 1.502682e-01 1.624033e-01 1.823925e-01 1.992392e-01 2.126829e-01 2.401663e-01 2.756422e-01 2.937488e-01 2.955455e-01 3.065612e-01 3.237106e-01 3.237574e-01 3.076515e-01 2.960232e-01 2.962770e-01 2.953380e-01 2.833687e-01 2.662439e-01 2.563784e-01 2.555980e-01 2.543524e-01 2.466681e-01 2.362608e-01 2.347869e-01 2.472879e-01 2.673264e-01 2.816008e-01 2.876776e-01 2.944364e-01 3.093272e-01 3.292236e-01 3.412591e-01 3.374903e-01 3.236492e-01 3.105519e-01 3.069383e-01 3.097330e-01 3.100454e-01 2.999198e-01 2.806690e-01 2.597749e-01 2.435787e-01 2.356285e-01 2.311282e-01 2.203201e-01 1.999772e-01 1.777556e-01 1.610902e-01 1.519184e-01 1.447749e-01 1.335900e-01 1.177351e-01 1.014168e-01 8.945431e-02 8.155926e-02 7.405365e-02 6.413440e-02 5.293382e-02 4.583904e-02 4.597978e-02 5.277899e-02 6.166121e-02 6.587856e-02 6.103195e-02 5.043886e-02 4.108476e-02 3.567940e-02 3.400445e-02 3.393641e-02 3.165833e-02 2.578498e-02 1.871250e-02 1.224433e-02 7.996608e-03 5.342240e-03 3.626880e-03 2.804647e-03 2.498633e-03 2.457799e-03 1.976951e-03 8.332503e-04 1.019144e-04 2.691608e-06 1.641938e-08 3.543797e-11 2.557551e-14 3.426738e-18 2.663519e-23 1.030294e-29 1.591153e-37 2.802597e-45 2.802597e-45 2.802597e-45 2.802597e-45 2.802597e-45 2.802597e-45 2.802597e-45 4.203895e-45 4.203895e-45 4.203895e-45 4.203895e-45 4.203895e-45 2.802597e-45 2.802597e-45 2.802597e-45 4.203895e-45 2.802597e-45 2.802597e-45 2.802597e-45 2.802597e-45
0.000000e+00 1.401298e-45 1.401298e-45 1.401298e-45 1.401298e-45 1.401298e-45 2.802597e-45 2.802597e-45 4.203895e-45 7.006492e-45 2.187332e-33 1.161565e-23 4.096732e-16 1.243905e-10 1.652800e-07 6.304646e-06 2.246625e-05 5.092606e-05 7.409624e-05 1.102339e-04 1.347244e-04 1.904820e-04 2.696532e-04 3.463516e-04 4.583235e-04 5.271319e-04 7.321454e-04 8.179036e-04 1.026297e-03 1.010551e-03 1.148120e-03 1.279800e-03 1.351940e-03 1.665172e-03 1.766825e-03 2.113520e-03 2.391952e-03 2.597652e-03 3.504259e-03 3.832974e-03 4.503185e-03 5.327509e-03 5.529557e-03 7.151774e-03 8.106503e-03 9.262565e-03 1.156010e-02 1.190542e-02 1.362747e-02 1.581068e-02 1.748846e-02 2.176446e-02 2.408771e-02 2.673156e-02 3.136091e-02 3.307096e-02 3.745664e-02 4.280238e-02 4.596379e-02 5.292530e-02 5.884845e-02 6.252240e-02 6.971986e-02 7.395262e-02 7.624576e-02 8.484337e-02 9.277581e-02 9.786434e-02 1.075598e-01 1.143599e-01 1.158768e-01 1.216423e-01 1.265759e-01 1.271249e-01 1.338386e-01 1.457787e-01 1.548716e-01 1.701186e-01 2.000246e-01 2.269811e-01 2.398704e-01 2.545903e-01 2.737273e-01 2.787530e-01 2.724269e-01 2.709666e-01 2.717128e-01 2.651985e-01 2.520168e-01 2.437804e-01 2.445299e-01 2.476458e-01 2.452830e-01 2.385533e-01 2.343928e-01 2.384652e-01 2.491321e-01 2.581050e-01 2.615982e-01 2.659448e-01 2.783139e-01 2.955437e-01 3.086450e-01 3.127026e-01 3.141301e-01 3.185927e-01 3.230296e-01 3.201602e-01 3.059299e-01 2.868811e-01 2.722972e-01 2.653182e-01 2.628056e-01 2.561743e-01 2.437382e-01 2.295792e-01 2.160427e-01 2.039901e-01 1.954993e-01 1.882733e-01 1.774460e-01 1.598420e-01 1.379541e-01 1.199028e-01 1.097569e-01 1.073236e-01 1.079695e-01 1.039969e-01 9.361805e-02 8.281993e-02 7.795462e-02 7.785605e-02 7.567681e-02 6.734594e-02 5.680931e-02 5.078418e-02 5.084093e-02 5.354865e-02 5.379100e-02 4.856109e-02 3.972971e-02 3.164307e-02 2.694905e-02 2.551801e-02 2.643677e-02 2.665670e-02 2.202819e-02 1.485186e-02 8.695923e-03 4.828308e-03 2.906153e-03 1.851922e-03 1.265962e-03 9.108743e-04 6.452250e-04 3.300834e-04 6.674355e-05 2.923305e-06 1.880978e-08 1.898670e-11 3.308473e-15 7.060111e-20 1.502817e-25 1.881853e-32 1.159715e-40 2.802597e-45 2.802597e-45 2.802597e-45 2.802597e-45 2.802597e-45 2.802597e-45 2.802597e-45 4.203895e-45 4.203895e-45 4.203895e-45 4.203895e-45 4.203895e-45 2.802597e-45 2.802597e-45 2.802597e-45 4.203895e-45 2.802597e-45 2.802597e-45 2.802597e-45 2.802597e-45
0.000000e+00 1.401298e-45 1.401298e-45 1.401298e-45 1.401298e-45 1.401298e-45 2.802597e-45 2.802597e-45 4.203895e-45 5.605194e-45 1.744605e-37 1.869695e-27 3.126809e-19 2.501357e-13 3.433963e-09 8.302723e-07 1.543394e-05 4.102470e-05 4.779100e-05 5.748953e-05 8.189178e-05 1.666607e-04 2.404241e-04 3.719126e-04 4.719738e-04 5.998897e-04 6.930770e-04 7.060678e-04 8.748592e-04 9.395149e-04 1.124837e-03 1.195186e-03 1.315846e-03 1.595350e-03 1.843764e-03 2.173385e-03 2.479862e-03 2.865291e-03 3.244160e-03 3.950077e-03 4.377041e-03 5.018123e-03 6.043815e-03 6.796442e-03 8.518682e-03 9.258182e-03 9.928863e-03 1.178621e-02 1.243444e-02 1.528125e-02 1.827947e-02 1.991893e-02 2.473752e-02 2.625408e-02 2.767394e-02 3.359526e-02 3.659255e-02 4.164225e-02 4.840248e-02 4.984815e-02 5.366383e-02 5.788809e-02 5.922669e-02 6.698605e-02 7.699553e-02 8.240124e-02 9.272552e-02 1.036829e-01 1.061345e-01 1.106297e-01 1.175676e-01 1.183660e-01 1.218277e-01 1.322195e-01 1.414271e-01 1.509814e-01 1.670763e-01 1.813320e-01 1.906020e-01 2.056960e-01 2.172906e-01 2.194070e-01 2.246844e-01 2.380643e-01 2.430767e-01 2.350526e-01 2.282653e-01 2.310874e-01 2.345494e-01 2.303875e-01 2.239799e-01 2.238154e-01 2.282335e-01 2.317974e-01 2.324797e-01 2.351834e-01 2.439099e-01 2.557015e-01 2.647087e-01 2.675664e-01 2.710879e-01 2.821925e-01 2.987531e-01 3.089615e-01 3.052371e-01 2.948678e-01 2.883081e-01 2.907803e-01 2.933559e-01 2.851979e-01 2.642503e-01 2.404602e-01 2.257284e-01 2.218360e-01 2.209875e-01 2.156842e-01 2.016423e-01 1.833168e-01 1.664096e-01 1.558028e-01 1.532852e-01 1.530950e-01 1.452313e-01 1.281038e-01 1.101276e-01 9.956731e-02 9.907267e-02 1.047845e-01 1.074862e-01 9.838074e-02 8.240876e-02 6.927145e-02 6.290970e-02 5.960743e-02 5.487035e-02 4.813820e-02 4.215861e-02 3.923750e-02 3.882024e-02 3.799383e-02 3.365925e-02 2.681075e-02 2.044883e-02 1.706136e-02 1.696345e-02 1.893430e-02 2.162883e-02 2.135233e-02 1.581260e-02 8.828325e-03 4.101350e-03 1.890901e-03 9.665822e-04 5.520416e-04 3.132761e-04 1.407142e-04 3.656568e-05 2.755303e-06 2.762456e-08 1.894493e-11 8.176520e-16 3.326123e-21 1.097985e-27 2.755245e-35 6.165713e-44 2.802597e-45 2.802597e-45 2.802597e-45 2.802597e-45 2.802597e-45 2.802597e-45 4.203895e-45 4.203895e-45 4.203895e-45 4.203895e-45 2.802597e-45 2.802597e-45 2.802597e-45 2.802597e-45 4.203895e-45 2.802597e-45 2.802597e-45 2.802597e-45 2.802597e-45 2.802597e-45
0.000000e+00 1.401298e-45 1.401298e-45 1.401298e-45 1.401298e-45 1.401298e-45 2.802597e-45 2.802597e-45 4.203895e-45 5.605194e-45 3.950961e-41 2.318043e-30 1.380341e-22 6.312590e-16 5.581301e-11 1.307171e-07 5.778240e-06 2.263208e-05 3.585716e-05 4.869125e-05 9.954136e-05 1.352717e-04 2.507395e-04 2.840803e-04 4.023579e-04 4.579040e-04 5.435265e-04 7.231334e-04 6.761428e-04 9.091657e-04 9.313490e-04 1.246888e-03 1.427536e-03 1.501944e-03 1.811388e-03 1.859789e-03 2.279163e-03 2.686859e-03 2.918810e-03 3.402403e-03 4.022643e-03 4.778994e-03 6.035211e-03 7.107280e-03 7.805882e-03 9.442802e-03 1.013782e-02 1.145444e-02 1.461924e-02 1.568962e-02 1.857181e-02 2.148871e-02 2.140731e-02 2.539800e-02 2.868562e-02 3.057232e-02 3.641773e-02 4.004542e-02 4.339733e-02 4.864386e-02 5.003551e-02 5.339006e-02 5.970405e-02 6.382196e-02 7.209705e-02 8.396355e-02 9.037248e-02 9.615811e-02 1.037922e-01 1.059642e-01 1.076403e-01 1.150823e-01 1.219444e-01 1.264079e-01 1.351718e-01 1.495454e-01 1.638755e-01 1.782535e-01 1.935750e-01 2.071380e-01 2.149283e-01 2.179097e-01 2.195736e-01 2.193159e-01 2.130782e-01 2.049929e-01 1.995459e-01 1.986696e-01 2.002258e-01 2.006898e-01 1.987677e-01 1.982681e-01 2.040515e-01 2.164910e-01 2.294610e-01 2.388613e-01 2.456279e-01 2.561927e-01 2.732831e-01 2.888334e-01 2.943714e-01 2.944077e-01 2.991839e-01 3.103971e-01 3.185925e-01 3.134315e-01 2.969287e-01 2.820071e-01 2.752197e-01 2.716274e-01 2.612889e-01 2.404886e-01 2.146543e-01 1.928008e-01 1.793860e-01 1.711464e-01 1.632533e-01 1.540650e-01 1.437031e-01 1.319720e-01 1.221524e-01 1.166018e-01 1.153043e-01 1.127088e-01 1.020921e-01 8.539925e-02 7.109113e-02 6.554160e-02 6.958075e-02 7.890684e-02 8.448442e-02 7.944387e-02 6.926657e-02 6.233926e-02 6.052818e-02 6.014139e-02 5.826170e-02 5.617275e-02 5.662302e-02 6.057502e-02 6.201863e-02 5.334530e-02 3.726774e-02 2.334473e-02 1.512200e-02 1.229711e-02 1.386304e-02 1.977924e-02 2.877134e-02 2.943906e-02 1.759225e-02 6.332996e-03 1.857079e-03 5.950985e-04 2.389667e-04 1.096417e-04 3.775129e-05 4.183663e-06 4.363239e-08 2.020610e-11 4.994053e-16 6.746155e-22 5.640247e-29 3.415713e-37 2.802597e-45 2.802597e-45 2.802597e-45 2.802597e-45 2.802597e-45 2.802597e-45 2.802597e-45 4.203895e-45 4.203895e-45 4.203895e-45 2.802597e-45 2.802597e-45 2.802597e-45 2.802597e-45 4.203895e-45 2.802597e-45 2.802597e-45 2.802597e-45 2.802597e-45 2.802597e-45 2.802597e-45
0.000000e+00 1.401298e-45 1.401298e-45 1.401298e-45 1.401298e-45 1.401298e-45 2.802597e-45 2.802597e-45 2.802597e-45 4.203895e-45 8.407791e-45 8.003469e-34 9.870033e-25 2.662089e-17 1.124645e-11 3.088467e-08 2.525851e-06 1.917433e-05 5.091857e-05 9.622419e-05 1.374845e-04 2.493565e-04 2.852330e-04 4.254844e-04 3.972762e-04 5.125516e-04 5.539467e-04 6.355950e-04 8.075598e-04 7.772300e-04 1.123184e-03 1.203425e-03 1.488608e-03 1.651841e-03 1.654272e-03 2.095318e-03 2.234126e-03 2.617227e-03 3.171556e-03 3.358723e-03 4.174726e-03 5.109940e-03 5.690156e-03 6.786429e-03 7.363264e-03 7.958545e-03 9.966330e-03 1.148777e-02 1.335718e-02 1.652162e-02 1.767640e-02 1.957203e-02 2.273325e-02 2.483919e-02 2.901161e-02 3.363941e-02 3.721578e-02 4.052576e-02 4.272680e-02 4.606530e-02 5.006859e-02 5.481424e-02 6.205986e-02 6.882523e-02 7.479750e-02 8.311073e-02 8.881657e-02 9.092928e-02 9.634421e-02 1.020477e-01 1.038516e-01 1.070638e-01 1.164130e-01 1.275993e-01 1.366475e-01 1.476605e-01 1.653588e-01 1.800543e-01 1.793522e-01 1.759558e-01 1.836545e-01 1.900525e-01 1.817505e-01 1.722897e-01 1.753690e-01 1.851322e-01 1.887684e-01 1.873739e-01 1.902359e-01 1.994785e-01 2.102062e-01 2.157062e-01 2.195079e-01 2.278703e-01 2.421377e-01 2.566014e-01 2.664733e-01 2.710969e-01 2.754956e-01 2.842145e-01 2.931316e-01 2.912696e-01 2.797848e-01 2.696235e-01 2.699041e-01 2.757822e-01 2.731917e-01 2.572241e-01 2.362879e-01 2.217591e-01 2.143445e-01 2.058049e-01 1.883820e-01 1.635804e-01 1.405376e-01 1.260588e-01 1.191198e-01 1.156039e-01 1.126230e-01 1.083717e-01 1.023105e-01 9.619225e-02 9.432539e-02 9.815034e-02 1.038804e-01 1.041246e-01 9.455060e-02 8.121484e-02 7.316230e-02 7.570495e-02 8.823432e-02 1.043345e-01 1.122368e-01 1.057959e-01 9.269443e-02 8.139384e-02 7.184879e-02 6.146940e-02 5.291767e-02 4.991924e-02 5.382275e-02 6.200214e-02 6.198981e-02 4.451475e-02 2.257755e-02 9.677949e-03 4.833132e-03 3.948586e-03 5.644067e-03 1.127599e-02 1.833581e-02 1.483302e-02 5.022279e-03 8.313734e-04 1.262767e-04 2.665430e-05 7.123384e-06 6.952947e-07 5.911080e-09 2.666193e-12 5.512182e-17 5.202448e-23 2.349375e-30 4.738006e-39 2.802597e-45 2.802597e-45 2.802597e-45 2.802597e-45 2.802597e-45 2.802597e-45 2.802597e-45 4.203895e-45 2.802597e-45 2.802597e-45 2.802597e-45 2.802597e-45 2.802597e-45 2.802597e-45 4.203895e-45 2.802597e-45 2.802597e-45 2.802597e-45 2.802597e-45 2.802597e-45 2.802597e-45
0.000000e+00 1.401298e-45 1.401298e-45 1.401298e-45 1.401298e-45 1.401298e-45 2.802597e-45 2.802597e-45 2.802597e-45 4.203895e-45 7.006492e-45 4.752362e-36 1.002668e-26 2.981307e-19 1.058519e-13 1.033250e-09 3.572435e-07 9.751770e-06 3.957124e-05 7.263583e-05 1.067244e-04 1.554170e-04 2.425034e-04 2.885287e-04 4.045240e-04 4.070896e-04 5.137134e-04 5.385235e-04 6.556917e-04 8.909767e-04 9.944335e-04 1.199209e-03 1.252986e-03 1.452988e-03 1.723507e-03 1.817139e-03 2.166307e-03 2.321152e-03 2.621549e-03 3.410582e-03 3.764864e-03 4.399280e-03 5.082531e-03 5.526186e-03 6.974934e-03 8.285756e-03 9.632675e-03 1.214226e-02 1.338258e-02 1.459089e-02 1.696893e-02 1.892404e-02 2.251504e-02 2.656814e-02 3.004700e-02 3.342261e-02 3.518690e-02 3.807733e-02 4.075017e-02 4.382640e-02 5.133160e-02 5.715969e-02 6.311887e-02 7.459515e-02 7.900791e-02 7.872875e-02 8.674596e-02 9.261965e-02 9.088507e-02 9.770525e-02 1.104408e-01 1.146681e-01 1.162527e-01 1.273966e-01 1.426731e-01 1.488238e-01 1.491876e-01 1.559106e-01 1.669694e-01 1.683481e-01 1.638487e-01 1.646398e-01 1.676914e-01 1.650898e-01 1.619378e-01 1.662370e-01 1.751834e-01 1.824595e-01 1.866405e-01 1.950151e-01 2.098440e-01 2.245924e-01 2.291662e-01 2.288969e-01 2.346638e-01 2.503939e-01 2.669784e-01 2.739866e-01 2.709982e-01 2.668570e-01 2.700604e-01 2.766751e-01 2.769175e-01 2.661244e-01 2.515887e-01 2.444394e-01 2.451774e-01 2.464164e-01 2.358921e-01 2.162286e-01 1.964778e-01 1.834411e-01 1.744548e-01 1.623050e-01 1.435757e-01 1.232352e-01 1.087318e-01 1.026512e-01 1.025271e-01 1.043599e-01 1.052813e-01 1.028048e-01 9.779514e-02 9.357100e-02 9.599499e-02 1.057947e-01 1.154629e-01 1.119048e-01 9.254724e-02 7.051369e-02 5.741135e-02 5.598673e-02 6.275749e-02 6.953282e-02 6.873354e-02 6.130933e-02 5.250638e-02 4.398134e-02 3.497947e-02 2.671070e-02 2.288849e-02 2.559112e-02 3.571116e-02 4.998621e-02 5.095323e-02 3.052578e-02 1.123612e-02 3.611212e-03 1.678261e-03 1.591085e-03 2.899341e-03 6.357034e-03 7.490362e-03 3.199627e-03 4.812604e-04 4.749616e-05 3.381942e-06 7.564014e-08 2.510701e-10 6.638947e-14 1.016911e-18 7.619565e-25 2.004623e-32 2.730290e-41 2.802597e-45 2.802597e-45 2.802597e-45 2.802597e-45 2.802597e-45 2.802597e-45 2.802597e-45 2.802597e-45 2.802597e-45 2.802597e-45 2.802597e-45 2.802597e-45 2.802597e-45 2.802597e-45 2.802597e-45 2.802597e-45 2.802597e-45 2.802597e-45 2.802597e-45 2.802597e-45 2.802597e-45
0.000000e+00 1.401298e-45 1.401298e-45 1.401298e-45 1.401298e-45 1.401298e-45 1.401298e-45 2.802597e-45 2.802597e-45 4.203895e-45 5.605194e-45 6.953243e-41 1.647517e-30 2.108057e-22 5.495592e-16 3.435617e-11 5.601915e-08 3.049408e-06 1.455876e-05 2.144016e-05 3.036274e-05 4.615857e-05 8.924203e-05 1.426188e-04 2.038973e-04 2.714931e-04 3.344050e-04 4.413156e-04 4.820296e-04 6.061220e-04 6.704956e-04 7.647289e-04 8.552322e-04 1.018770e-03 1.227952e-03 1.436248e-03 1.594884e-03 1.924857e-03 2.341854e-03 2.839572e-03 3.574957e-03 3.946272e-03 4.651445e-03 5.708924e-03 6.615858e-03 8.614617e-03 1.021300e-02 1.111528e-02 1.329972e-02 1.447446e-02 1.625994e-02 2.015605e-02 2.287420e-02 2.638545e-02 2.928388e-02 3.050164e-02 3.266322e-02 3.462193e-02 3.885492e-02 4.375172e-02 4.857342e-02 5.841144e-02 6.493258e-02 6.687360e-02 7.466375e-02 7.914974e-02 7.684715e-02 8.283241e-02 9.337736e-02 9.604782e-02 1.015749e-01 1.176517e-01 1.315877e-01 1.351610e-01 1.428526e-01 1.563038e-01 1.583624e-01 1.501984e-01 1.518342e-01 1.560232e-01 1.456088e-01 1.324728e-01 1.340447e-01 1.449606e-01 1.507392e-01 1.522906e-01 1.613484e-01 1.806192e-01 2.008269e-01 2.127585e-01 2.211162e-01 2.358290e-01 2.557550e-01 2.698001e-01 2.718405e-01 2.712834e-01 2.775261e-01 2.882956e-01 2.926612e-01 2.848661e-01 2.725737e-01 2.647232e-01 2.623048e-01 2.569745e-01 2.431078e-01 2.270480e-01 2.162399e-01 2.134975e-01 2.110679e-01 1.998625e-01 1.801005e-01 1.602923e-01 1.464120e-01 1.380201e-01 1.296798e-01 1.170515e-01 1.010359e-01 8.718152e-02 7.833256e-02 7.475945e-02 7.556087e-02 7.914384e-02 8.104838e-02 7.721265e-02 6.938551e-02 6.403368e-02 6.610298e-02 7.482063e-02 8.157438e-02 7.586730e-02 6.028778e-02 4.680455e-02 4.145356e-02 4.456402e-02 5.275897e-02 5.948012e-02 6.119284e-02 5.893351e-02 5.241423e-02 4.161844e-02 2.946595e-02 2.057595e-02 1.782289e-02 2.283753e-02 3.845727e-02 5.998483e-02 5.457325e-02 2.354586e-02 5.795516e-03 1.433390e-03 6.734407e-04 8.202107e-04 2.118746e-03 4.794401e-03 3.499904e-03 4.530264e-04 9.569031e-06 4.442723e-08 3.227937e-11 2.534042e-15 1.484918e-20 3.841253e-27 4.857165e-35 2.662467e-44 2.802597e-45 2.802597e-45 2.802597e-45 2.802597e-45 2.802597e-45 2.802597e-45 2.802597e-45 2.802597e-45 2.802597e-45 2.802597e-45 2.802597e-45 2.802597e-45 2.802597e-45 2.802597e-45 2.802597e-45 2.802597e-45 2.802597e-45 2.802597e-45 2.802597e-45 2.802597e-45 2.802597e-45
0.000000e+00 1.401298e-45 1.401298e-45 1.401298e-45 1.401298e-45 1.401298e-45 1.401298e-45 2.802597e-45 2.802597e-45 2.802597e-45 4.203895e-45 8.407791e-45 1.796298e-34 6.152488e-26 1.569203e-18 7.927621e-13 4.296891e-09 4.039614e-07 4.000879e-06 1.064924e-05 1.843064e-05 3.197328e-05 5.268735e-05 1.030173e-04 1.523813e-04 2.599409e-04 3.221826e-04 4.260943e-04 4.984465e-04 5.384705e-04 6.398372e-04 6.815345e-04 8.611919e-04 9.259661e-04 1.064550e-03 1.296083e-03 1.556084e-03 1.962186e-03 2.430301e-03 2.768314e-03 3.294214e-03 4.136452e-03 4.970964e-03 6.189158e-03 7.465499e-03 8.152947e-03 9.603173e-03 1.102038e-02 1.204182e-02 1.491481e-02 1.733597e-02 1.912250e-02 2.237037e-02 2.379428e-02 2.510891e-02 2.816554e-02 3.156530e-02 3.552335e-02 4.046537e-02 4.730459e-02 5.228165e-02 5.578923e-02 6.248824e-02 6.546141e-02 6.582370e-02 7.186867e-02 7.644588e-02 7.692484e-02 8.363513e-02 9.492809e-02 1.009025e-01 1.056034e-01 1.176459e-01 1.293129e-01 1.280503e-01 1.264262e-01 1.359432e-01 1.399934e-01 1.309974e-01 1.285242e-01 1.385734e-01 1.445753e-01 1.437592e-01 1.499405e-01 1.641026e-01 1.753520e-01 1.810779e-01 1.910795e-01 2.088626e-01 2.259645e-01 2.344102e-01 2.386125e-01 2.496555e-01 2.681719e-01 2.793663e-01 2.744215e-01 2.610497e-01 2.546580e-01 2.584327e-01 2.614337e-01 2.529408e-01 2.347627e-01 2.201288e-01 2.151520e-01 2.142098e-01 2.076780e-01 1.931224e-01 1.787058e-01 1.716228e-01 1.694971e-01 1.635488e-01 1.490544e-01 1.311563e-01 1.172692e-01 1.099437e-01 1.060505e-01 1.004178e-01 9.089979e-02 8.044363e-02 7.285345e-02 6.889070e-02 6.837333e-02 7.177423e-02 7.791735e-02 8.103136e-02 7.671619e-02 7.052261e-02 7.089446e-02 8.168756e-02 9.837499e-02 1.036465e-01 8.736433e-02 6.487711e-02 5.138694e-02 4.825060e-02 5.157932e-02 5.457556e-02 5.202588e-02 4.756075e-02 4.419332e-02 3.919858e-02 2.960681e-02 1.890301e-02 1.215987e-02 1.098367e-02 1.591355e-02 2.996043e-02 4.577095e-02 3.480065e-02 1.212088e-02 2.695913e-03 8.557330e-04 8.063926e-04 2.057733e-03 3.291249e-03 6.231786e-04 9.949138e-06 1.563417e-08 2.799740e-12 4.840341e-17 5.408459e-23 3.748811e-30 1.298102e-38 2.802597e-45 2.802597e-45 2.802597e-45 2.802597e-45 2.802597e-45 2.802597e-45 2.802597e-45 2.802597e-45 2.802597e-45 2.802597e-45 2.802597e-45 2.802597e-45 2.802597e-45 2.802597e-45 2.802597e-45 2.802597e-45 2.802597e-45 2.802597e-45 2.802597e-45 2.802597e-45 2.802597e-45 2.802597e-45
0.000000e+00 1.401298e-45 1.401298e-45 1.401298e-45 1.401298e-45 1.401298e-45 1.401298e-45 2.802597e-45 2.802597e-45 2.802597e-45 4.203895e-45 7.006492e-45 2.718351e-37 8.094608e-28 3.304910e-20 1.688833e-14 1.743573e-10 8.414678e-08 1.936188e-06 9.520166e-06 1.817034e-05 3.522752e-05 6.161864e-05 1.136030e-04 2.203613e-04 2.734023e-04 3.936755e-04 3.765205e-04 4.851488e-04 5.340031e-04 6.140642e-04 7.326640e-04 7.601489e-04 9.510550e-04 1.056101e-03 1.263610e-03 1.660422e-03 1.987851e-03 2.388200e-03 2.871071e-03 3.178993e-03 3.898807e-03 4.853524e-03 5.606219e-03 6.497835e-03 7.131586e-03 7.528324e-03 8.695606e-03 1.051337e-02 1.221887e-02 1.504202e-02 1.749493e-02 1.829742e-02 2.045474e-02 2.319533e-02 2.564176e-02 3.052298e-02 3.731244e-02 4.184284e-02 4.638926e-02 5.253440e-02 5.258491e-02 5.286784e-02 5.835190e-02 5.952871e-02 6.079984e-02 7.070483e-02 7.848456e-02 8.021579e-02 8.738952e-02 9.841972e-02 1.026254e-01 1.036760e-01 1.107577e-01 1.189897e-01 1.182244e-01 1.178127e-01 1.261398e-01 1.299132e-01 1.247394e-01 1.281092e-01 1.425583e-01 1.508839e-01 1.503447e-01 1.566874e-01 1.755589e-01 1.942209e-01 2.015168e-01 2.060845e-01 2.197820e-01 2.401097e-01 2.524740e-01 2.520300e-01 2.499857e-01 2.565136e-01 2.653610e-01 2.658804e-01 2.547652e-01 2.411437e-01 2.341292e-01 2.319022e-01 2.265694e-01 2.150813e-01 2.035652e-01 1.959950e-01 1.914044e-01 1.834305e-01 1.715893e-01 1.592424e-01 1.508822e-01 1.450976e-01 1.374226e-01 1.249389e-01 1.109982e-01 1.003808e-01 9.402002e-02 9.048834e-02 8.671244e-02 8.157518e-02 7.587290e-02 7.080603e-02 6.620561e-02 6.329861e-02 6.448724e-02 7.032276e-02 7.568281e-02 7.173116e-02 5.997053e-02 5.158069e-02 5.233915e-02 6.026923e-02 6.575169e-02 5.794227e-02 4.207029e-02 3.048790e-02 2.655721e-02 2.777347e-02 3.062593e-02 3.098264e-02 2.766312e-02 2.471824e-02 2.315039e-02 2.083412e-02 1.593408e-02 1.107798e-02 8.862267e-03 1.049663e-02 1.709785e-02 2.818143e-02 3.001984e-02 1.750109e-02 7.711654e-03 5.395892e-03 6.699645e-03 4.761883e-03 5.808603e-04 5.974837e-06 4.564239e-09 2.213958e-13 5.984480e-19 1.023700e-25 1.181278e-33 8.197596e-43 2.802597e-45 2.802597e-45 2.802597e-45 2.802597e-45 2.802597e-45 2.802597e-45 2.802597e-45 2.802597e-45 2.802597e-45 2.802597e-45 2.802597e-45 2.802597e-45 2.802597e-45 2.802597e-45 2.802597e-45 2.802597e-45 2.802597e-45 2.802597e-45 2.802597e-45 2.802597e-45 2.802597e-45 2.802597e-45
0.000000e+00 1.401298e-45 1.401298e-45 1.401298e-45 1.401298e-45 1.401298e-45 1.401298e-45 2.802597e-45 2.802597e-45 2.802597e-45 4.203895e-45 5.605194e-45 1.121039e-44 4.901483e-31 3.358233e-23 6.613872e-17 4.125301e-12 6.340696e-09 4.986852e-07 3.482854e-06 1.088820e-05 1.995744e-05 5.131006e-05 8.951634e-05 1.320162e-04 1.789588e-04 2.010846e-04 2.914035e-04 3.224313e-04 4.804308e-04 5.468608e-04 6.605595e-04 7.928249e-04 8.612509e-04 1.092375e-03 1.235421e-03 1.421104e-03 1.724454e-03 1.955778e-03 2.444332e-03 3.145745e-03 3.763149e-03 4.579886e-03 5.195104e-03 5.675311e-03 6.509703e-03 7.619168e-03 8.856589e-03 1.040346e-02 1.223153e-02 1.317009e-02 1.462206e-02 1.690467e-02 1.807112e-02 2.064984e-02 2.530845e-02 2.815897e-02 3.213161e-02 3.857575e-02 3.988973e-02 4.120525e-02 4.687565e-02 4.614988e-02 4.619848e-02 5.454915e-02 5.869841e-02 6.071147e-02 7.173920e-02 8.138701e-02 8.208437e-02 8.603597e-02 9.418885e-02 9.501895e-02 9.203875e-02 9.750333e-02 1.052031e-01 1.024257e-01 1.014111e-01 1.134784e-01 1.259291e-01 1.285886e-01 1.352486e-01 1.528416e-01 1.706893e-01 1.818558e-01 1.928296e-01 2.089043e-01 2.244433e-01 2.319919e-01 2.336659e-01 2.379631e-01 2.437048e-01 2.428638e-01 2.353732e-01 2.300200e-01 2.325030e-01 2.363993e-01 2.317868e-01 2.183084e-01 2.050658e-01 1.990157e-01 1.958975e-01 1.886193e-01 1.736449e-01 1.593388e-01 1.526052e-01 1.502527e-01 1.451658e-01 1.328410e-01 1.180236e-01 1.073538e-01 1.021393e-01 9.746212e-02 8.906976e-02 7.826794e-02 6.923963e-02 6.378555e-02 6.102354e-02 5.888374e-02 5.640962e-02 5.462814e-02 5.396685e-02 5.255578e-02 4.870644e-02 4.601831e-02 4.840619e-02 5.428356e-02 5.613976e-02 4.968418e-02 4.175193e-02 4.043267e-02 4.794290e-02 5.953277e-02 6.251051e-02 5.070196e-02 3.607186e-02 2.896428e-02 3.023891e-02 3.656439e-02 4.156010e-02 4.076230e-02 3.600677e-02 3.209666e-02 2.802930e-02 2.215569e-02 1.590212e-02 1.185324e-02 1.075876e-02 1.308415e-02 1.819103e-02 2.324226e-02 2.340764e-02 1.949961e-02 1.178229e-02 3.878771e-03 3.118639e-04 3.351944e-06 2.376530e-09 6.687653e-14 5.934734e-20 1.988578e-27 3.228339e-36 4.203895e-45 2.802597e-45 2.802597e-45 2.802597e-45 2.802597e-45 2.802597e-45 2.802597e-45 2.802597e-45 2.802597e-45 2.802597e-45 2.802597e-45 2.802597e-45 2.802597e-45 2.802597e-45 2.802597e-45 2.802597e-45 2.802597e-45 2.802597e-45 2.802597e-45 2.802597e-45 2.802597e-45 2.802597e-45 2.802597e-45
0.000000e+00 1.401298e-45 1.401298e-45 1.401298e-45 1.401298e-45 1.401298e-45 1.401298e-45 2.802597e-45 2.802597e-45 2.802597e-45 4.203895e-45 5.605194e-45 8.407791e-45 3.295420e-35 5.050350e-27 5.984120e-20 2.025342e-14 1.347217e-10 3.184133e-08 6.781257e-07 2.861710e-06 8.350922e-06 1.514050e-05 3.366876e-05 5.267765e-05 8.403431e-05 1.186694e-04 1.553619e-04 2.485283e-04 2.999422e-04 4.355721e-04 5.129105e-04 6.554780e-04 8.069960e-04 9.292345e-04 1.206034e-03 1.326259e-03 1.552385e-03 1.969976e-03 2.398315e-03 3.192273e-03 3.779491e-03 4.193973e-03 4.880895e-03 5.576843e-03 6.815449e-03 8.341990e-03 1.003205e-02 1.151331e-02 1.230347e-02 1.374149e-02 1.443735e-02 1.594597e-02 1.975746e-02 2.209090e-02 2.491664e-02 3.020027e-02 3.158730e-02 3.258147e-02 3.793151e-02 3.822061e-02 3.883751e-02 4.615259e-02 4.799345e-02 4.872856e-02 5.818301e-02 6.444190e-02 6.556959e-02 7.319764e-02 8.130172e-02 8.066503e-02 8.115903e-02 8.803149e-02 9.072961e-02 8.765361e-02 9.299152e-02 1.044011e-01 1.064842e-01 1.084893e-01 1.238595e-01 1.395345e-01 1.428979e-01 1.503481e-01 1.710595e-01 1.876578e-01 1.905549e-01 1.935741e-01 2.058844e-01 2.179901e-01 2.162995e-01 2.072896e-01 2.033431e-01 2.080336e-01 2.112460e-01 2.056534e-01 1.958172e-01 1.919603e-01 1.955764e-01 1.972416e-01 1.909553e-01 1.795036e-01 1.688161e-01 1.614583e-01 1.540966e-01 1.439399e-01 1.331077e-01 1.240561e-01 1.175454e-01 1.114449e-01 1.029403e-01 9.271462e-02 8.385665e-02 7.825001e-02 7.371440e-02 6.784365e-02 6.080086e-02 5.499150e-02 5.182752e-02 5.060217e-02 5.022454e-02 5.037561e-02 5.230531e-02 5.579619e-02 5.763089e-02 5.565554e-02 5.297900e-02 5.574746e-02 6.550685e-02 7.404564e-02 7.019796e-02 5.948742e-02 5.412779e-02 5.979654e-02 7.299332e-02 7.694148e-02 6.035498e-02 3.868829e-02 2.671031e-02 2.504897e-02 3.162268e-02 4.062830e-02 4.169565e-02 3.252485e-02 2.213942e-02 1.617076e-02 1.265402e-02 9.785939e-03 6.981592e-03 4.989034e-03 4.737593e-03 7.025029e-03 1.087696e-02 9.373019e-03 3.712611e-03 5.905717e-04 3.121635e-05 2.867288e-07 2.129049e-10 6.200886e-15 4.462340e-21 7.108689e-29 3.026339e-38 2.802597e-45 2.802597e-45 2.802597e-45 2.802597e-45 2.802597e-45 2.802597e-45 2.802597e-45 2.802597e-45 2.802597e-45 2.802597e-45 2.802597e-45 2.802597e-45 2.802597e-45 2.802597e-45 2.802597e-45 2.802597e-45 2.802597e-45 2.802597e-45 2.802597e-45 4.203895e-45 2.802597e-45 2.802597e-45 2.802597e-45
0.000000e+00 1.401298e-45 1.401298e-45 1.401298e-45 1.401298e-45 1.401298e-45 1.401298e-45 1.401298e-45 2.802597e-45 2.802597e-45 2.802597e-45 4.203895e-45 7.006492e-45 3.442850e-41 2.203098e-30 7.335216e-23 6.176314e-17 1.944558e-12 1.862902e-09 1.129737e-07 9.711579e-07 2.826315e-06 5.869807e-06 1.161332e-05 2.991240e-05 6.064502e-05 1.082538e-04 1.491275e-04 2.162779e-04 3.044627e-04 3.758942e-04 5.023223e-04 5.719526e-04 7.323720e-04 8.504774e-04 9.181955e-04 1.165774e-03 1.339144e-03 1.750809e-03 2.270750e-03 2.513127e-03 3.156153e-03 3.586196e-03 4.283110e-03 5.552114e-03 6.464865e-03 7.988512e-03 9.163444e-03 1.023376e-02 1.155700e-02 1.219757e-02 1.426833e-02 1.603485e-02 1.791136e-02 2.258897e-02 2.507803e-02 2.636464e-02 3.049399e-02 3.046456e-02 3.025415e-02 3.555167e-02 3.728024e-02 3.960352e-02 4.891763e-02 5.391363e-02 5.695906e-02 6.614599e-02 7.156043e-02 7.201519e-02 7.700011e-02 8.163176e-02 8.000343e-02 7.940431e-02 8.535971e-02 8.898823e-02 8.726980e-02 9.303314e-02 1.077053e-01 1.149091e-01 1.166530e-01 1.296324e-01 1.509517e-01 1.618761e-01 1.645110e-01 1.756056e-01 1.922870e-01 1.994558e-01 1.972094e-01 1.979049e-01 2.019624e-01 2.010301e-01 1.946674e-01 1.908038e-01 1.912447e-01 1.906186e-01 1.835046e-01 1.739751e-01 1.699242e-01 1.703708e-01 1.671512e-01 1.564170e-01 1.434603e-01 1.358369e-01 1.315122e-01 1.237691e-01 1.109904e-01 9.807756e-02 9.104151e-02 8.855020e-02 8.566638e-02 7.875054e-02 6.989381e-02 6.326029e-02 6.014286e-02 5.799346e-02 5.402950e-02 4.861432e-02 4.454330e-02 4.307805e-02 4.335909e-02 4.329406e-02 4.271939e-02 4.374455e-02 4.770654e-02 5.161402e-02 5.055605e-02 4.613225e-02 4.436084e-02 4.787314e-02 5.212061e-02 4.906964e-02 3.989326e-02 3.410466e-02 3.681600e-02 4.803578e-02 5.680750e-02 4.455154e-02 2.331327e-02 1.170314e-02 8.828585e-03 1.166468e-02 2.019245e-02 2.741145e-02 2.227116e-02 1.163618e-02 5.699306e-03 3.627325e-03 3.227778e-03 3.853816e-03 5.474658e-03 7.259623e-03 6.551201e-03 3.130415e-03 6.637180e-04 5.401606e-05 1.186923e-06 4.258929e-09 1.480828e-12 2.385445e-17 1.056057e-23 8.653961e-32 1.450484e-41 2.802597e-45 2.802597e-45 2.802597e-45 2.802597e-45 2.802597e-45 2.802597e-45 2.802597e-45 2.802597e-45 2.802597e-45 2.802597e-45 2.802597e-45 2.802597e-45 2.802597e-45 2.802597e-45 2.802597e-45 2.802597e-45 2.802597e-45 2.802597e-45 2.802597e-45 4.203895e-45 2.802597e-45 2.802597e-45 2.802597e-45
0.000000e+00 1.401298e-45 1.401298e-45 1.401298e-45 1.401298e-45 1.401298e-45 1.401298e-45 1.401298e-45 2.802597e-45 2.802597e-45 2.802597e-45 4.203895e-45 5.605194e-45 9.809089e-45 1.086981e-33 1.868310e-25 1.056066e-18 1.156117e-13 2.851946e-10 2.685131e-08 3.312131e-07 1.144703e-06 3.619900e-06 1.030572e-05 2.757875e-05 5.759361e-05 9.389377e-05 1.570209e-04 1.898431e-04 2.450751e-04 2.875039e-04 3.494624e-04 4.782338e-04 5.482903e-04 7.028090e-04 8.268799e-04 9.935999e-04 1.430984e-03 1.655870e-03 1.954156e-03 2.222993e-03 2.363940e-03 3.208617e-03 3.987724e-03 4.828901e-03 6.014438e-03 6.495461e-03 7.526452e-03 8.442379e-03 9.577176e-03 1.146167e-02 1.311327e-02 1.619715e-02 1.858977e-02 1.982686e-02 2.323296e-02 2.419248e-02 2.406164e-02 2.706783e-02 2.716714e-02 2.791867e-02 3.384927e-02 3.698279e-02 4.153308e-02 5.245398e-02 5.740825e-02 6.014096e-02 6.802657e-02 6.946903e-02 6.703918e-02 7.114179e-02 7.557721e-02 7.484610e-02 7.739081e-02 8.642798e-02 9.271937e-02 9.543304e-02 1.050205e-01 1.187120e-01 1.279988e-01 1.359235e-01 1.479846e-01 1.601879e-01 1.657440e-01 1.683552e-01 1.748545e-01 1.810035e-01 1.786641e-01 1.717562e-01 1.702244e-01 1.750119e-01 1.736066e-01 1.624562e-01 1.516402e-01 1.496271e-01 1.525375e-01 1.488526e-01 1.363030e-01 1.253791e-01 1.238815e-01 1.263086e-01 1.214022e-01 1.084392e-01 9.672341e-02 9.190729e-02 9.016215e-02 8.362243e-02 7.291583e-02 6.463668e-02 6.211193e-02 6.223425e-02 6.003161e-02 5.396526e-02 4.815208e-02 4.583007e-02 4.566719e-02 4.362518e-02 3.906329e-02 3.536368e-02 3.493850e-02 3.679747e-02 3.814702e-02 3.773515e-02 3.748206e-02 3.955753e-02 4.325872e-02 4.440264e-02 4.190114e-02 4.125655e-02 4.626844e-02 5.327740e-02 5.126317e-02 3.945439e-02 3.033958e-02 3.180477e-02 4.724090e-02 7.187609e-02 7.236789e-02 3.911914e-02 1.513401e-02 7.502086e-03 7.623124e-03 1.510215e-02 3.396609e-02 4.503023e-02 2.863828e-02 1.181317e-02 6.654764e-03 8.196052e-03 1.684618e-02 2.423663e-02 1.520226e-02 4.083343e-03 4.411325e-04 1.314539e-05 6.917509e-08 4.860551e-11 2.725608e-15 8.891807e-21 9.049547e-28 2.196468e-36 2.802597e-45 2.802597e-45 2.802597e-45 2.802597e-45 2.802597e-45 2.802597e-45 2.802597e-45 2.802597e-45 2.802597e-45 2.802597e-45 2.802597e-45 2.802597e-45 2.802597e-45 2.802597e-45 2.802597e-45 2.802597e-45 2.802597e-45 2.802597e-45 4.203895e-45 4.203895e-45 4.203895e-45 2.802597e-45 2.802597e-45 2.802597e-45
0.000000e+00 0.000000e+00 1.401298e-45 1.401298e-45 1.401298e-45 1.401298e-45 1.401298e-45 1.401298e-45 2.802597e-45 2.802597e-45 2.802597e-45 4.203895e-45 5.605194e-45 8.407791e-45 2.024412e-36 6.324055e-28 7.236007e-21 1.923348e-15 1.282768e-11 3.347002e-09 7.087760e-08 6.227907e-07 2.804012e-06 1.020442e-05 2.097199e-05 4.150016e-05 7.161481e-05 1.166774e-04 1.945592e-04 2.425112e-04 3.229257e-04 3.691375e-04 4.130265e-04 5.146857e-04 5.829665e-04 8.132305e-04 1.035384e-03 1.203219e-03 1.517631e-03 1.673825e-03 2.125463e-03 2.754313e-03 3.284222e-03 4.226932e-03 4.831194e-03 5.317043e-03 6.130587e-03 6.834447e-03 8.091050e-03 9.686517e-03 1.182459e-02 1.406113e-02 1.605113e-02 1.885056e-02 1.973662e-02 1.983269e-02 2.162741e-02 2.152061e-02 2.235907e-02 2.678483e-02 2.846437e-02 3.179570e-02 4.066467e-02 4.456786e-02 4.910443e-02 5.975170e-02 6.188058e-02 6.085908e-02 6.567722e-02 6.521796e-02 6.137701e-02 6.649153e-02 7.428716e-02 7.397722e-02 7.839468e-02 9.358860e-02 1.019680e-01 1.024367e-01 1.136227e-01 1.300366e-01 1.355596e-01 1.378452e-01 1.493244e-01 1.627510e-01 1.663336e-01 1.631166e-01 1.634638e-01 1.673219e-01 1.653916e-01 1.543155e-01 1.443738e-01 1.417521e-01 1.422347e-01 1.372498e-01 1.266451e-01 1.192432e-01 1.182660e-01 1.187473e-01 1.131354e-01 1.038203e-01 9.812070e-02 9.716331e-02 9.528466e-02 8.700024e-02 7.664204e-02 7.014224e-02 6.780932e-02 6.478184e-02 5.823448e-02 5.207334e-02 5.021018e-02 5.199295e-02 5.292147e-02 4.922593e-02 4.374971e-02 4.147150e-02 4.276877e-02 4.424802e-02 4.243917e-02 3.926016e-02 3.832535e-02 4.045103e-02 4.382106e-02 4.595324e-02 4.718000e-02 4.924044e-02 5.082306e-02 4.927491e-02 4.561162e-02 4.569799e-02 5.421193e-02 6.624735e-02 6.231484e-02 4.019224e-02 2.318296e-02 1.885536e-02 2.769982e-02 5.763103e-02 9.183627e-02 6.773265e-02 2.300363e-02 6.919973e-03 3.959191e-03 5.899521e-03 1.542724e-02 3.174523e-02 3.145162e-02 1.997727e-02 1.567084e-02 1.689165e-02 1.524296e-02 8.012523e-03 2.038761e-03 1.715795e-04 2.646307e-06 4.747591e-09 6.120173e-13 5.404337e-18 2.079139e-24 3.108339e-32 1.389808e-41 2.802597e-45 2.802597e-45 2.802597e-45 2.802597e-45 2.802597e-45 2.802597e-45 2.802597e-45 2.802597e-45 2.802597e-45 2.802597e-45 2.802597e-45 2.802597e-45 2.802597e-45 2.802597e-45 2.802597e-45 2.802597e-45 2.802597e-45 4.203895e-45 4.203895e-45 4.203895e-45 2.802597e-45 2.802597e-45 2.802597e-45 2.802597e-45
0.000000e+00 1.401298e-45 1.401298e-45 1.401298e-45 1.401298e-45 1.401298e-45 1.401298e-45 1.401298e-45 2.802597e-45 2.802597e-45 2.802597e-45 4.203895e-45 4.203895e-45 7.006492e-45 7.220997e-39 5.658138e-30 7.811953e-23 3.015230e-17 4.940478e-13 4.262030e-10 3.737601e-08 4.648016e-07 2.159572e-06 5.594224e-06 1.728671e-05 3.994994e-05 7.914926e-05 1.225495e-04 1.656090e-04 2.296027e-04 2.629537e-04 3.293614e-04 3.850616e-04 4.760651e-04 6.351339e-04 7.644875e-04 9.946300e-04 1.138713e-03 1.352583e-03 1.750241e-03 2.194098e-03 2.902341e-03 3.458138e-03 3.825998e-03 4.344656e-03 4.831471e-03 5.630434e-03 6.625671e-03 8.038128e-03 9.579498e-03 1.116289e-02 1.369434e-02 1.481924e-02 1.566497e-02 1.770608e-02 1.702692e-02 1.739279e-02 2.053011e-02 2.128825e-02 2.459475e-02 3.274696e-02 3.617822e-02 4.158266e-02 5.172098e-02 5.203005e-02 5.268511e-02 5.829534e-02 5.537730e-02 5.196323e-02 5.646482e-02 5.847985e-02 5.606417e-02 6.253177e-02 7.538196e-02 7.938124e-02 8.383831e-02 1.011074e-01 1.167868e-01 1.218941e-01 1.324035e-01 1.487277e-01 1.566503e-01 1.571612e-01 1.597991e-01 1.633251e-01 1.601837e-01 1.510163e-01 1.430929e-01 1.382473e-01 1.317203e-01 1.215159e-01 1.124605e-01 1.080842e-01 1.063575e-01 1.027150e-01 9.643419e-02 9.152468e-02 9.071219e-02 9.080094e-02 8.622435e-02 7.785597e-02 7.182290e-02 7.020844e-02 6.868394e-02 6.219251e-02 5.330785e-02 4.767434e-02 4.682254e-02 4.636748e-02 4.253932e-02 3.747774e-02 3.557028e-02 3.827946e-02 4.244198e-02 4.260375e-02 3.858428e-02 3.596401e-02 3.748585e-02 4.066671e-02 4.142129e-02 3.918680e-02 3.703436e-02 3.677543e-02 3.821686e-02 4.024804e-02 4.237825e-02 4.473044e-02 4.463239e-02 3.769962e-02 2.822156e-02 2.425718e-02 2.942454e-02 4.403608e-02 5.100093e-02 3.136953e-02 1.233694e-02 6.099549e-03 6.778442e-03 1.710663e-02 4.863674e-02 6.459156e-02 2.629635e-02 5.034439e-03 1.311130e-03 1.071349e-03 2.761771e-03 8.520865e-03 1.140231e-02 6.514993e-03 2.571822e-03 9.419392e-04 2.960054e-04 5.948184e-05 4.404921e-06 5.802131e-08 5.858186e-11 2.969916e-15 4.693818e-21 2.512021e-28 4.665631e-37 4.203895e-45 2.802597e-45 2.802597e-45 2.802597e-45 2.802597e-45 2.802597e-45 2.802597e-45 2.802597e-45 2.802597e-45 2.802597e-45 2.802597e-45 2.802597e-45 2.802597e-45 2.802597e-45 2.802597e-45 2.802597e-45 2.802597e-45 4.203895e-45 4.203895e-45 4.203895e-45 4.203895e-45 2.802597e-45 2.802597e-45 2.802597e-45 2.802597e-45
0.000000e+00 1.401298e-45 1.401298e-45 1.401298e-45 1.401298e-45 1.401298e-45 1.401298e-45 1.401298e-45 2.802597e-45 2.802597e-45 2.802597e-45 2.802597e-45 4.203895e-45 7.006492e-45 1.261169e-44 7.569229e-33 1.552322e-25 2.878776e-19 2.129969e-14 8.260614e-11 1.729582e-08 3.881396e-07 1.758985e-06 5.720990e-06 1.463793e-05 3.653649e-05 7.403739e-05 1.288760e-04 1.839002e-04 2.275094e-04 2.942152e-04 3.479268e-04 4.405657e-04 5.146588e-04 6.142685e-04 6.992627e-04 7.789850e-04 1.008289e-03 1.240894e-03 1.642532e-03 2.023782e-03 2.264806e-03 2.688459e-03 2.897097e-03 3.296333e-03 3.971758e-03 4.764872e-03 6.150609e-03 7.381997e-03 9.056037e-03 1.041309e-02 1.083564e-02 1.254941e-02 1.249192e-02 1.244074e-02 1.505019e-02 1.559107e-02 1.738015e-02 2.341492e-02 2.586004e-02 3.029726e-02 4.031288e-02 4.173355e-02 4.394544e-02 4.965789e-02 4.522695e-02 4.226437e-02 4.537031e-02 4.359473e-02 4.192420e-02 4.835318e-02 5.408872e-02 5.452119e-02 6.230375e-02 7.722378e-02 8.390712e-02 9.060721e-02 1.079860e-01 1.219772e-01 1.254252e-01 1.322926e-01 1.420722e-01 1.432586e-01 1.359755e-01 1.313324e-01 1.290782e-01 1.232219e-01 1.114845e-01 1.009392e-01 9.584692e-02 9.277226e-02 8.692451e-02 7.939512e-02 7.501580e-02 7.483440e-02 7.478648e-02 7.103181e-02 6.528749e-02 6.264908e-02 6.355857e-02 6.325032e-02 5.754307e-02 5.034041e-02 4.687677e-02 4.694648e-02 4.567270e-02 4.022598e-02 3.484691e-02 3.305793e-02 3.421761e-02 3.430540e-02 3.165410e-02 2.925968e-02 3.042486e-02 3.488175e-02 3.824320e-02 3.683290e-02 3.381068e-02 3.375705e-02 3.709688e-02 4.026581e-02 4.033772e-02 3.838071e-02 3.659304e-02 3.543266e-02 3.533272e-02 3.808056e-02 4.415629e-02 4.850007e-02 4.222409e-02 2.806705e-02 1.921324e-02 2.060834e-02 3.534788e-02 5.722674e-02 4.577619e-02 1.551017e-02 4.203089e-03 2.419128e-03 4.719081e-03 1.965699e-02 5.476582e-02 4.008229e-02 8.303521e-03 1.751994e-03 1.372551e-03 3.156756e-03 5.326817e-03 2.883310e-03 7.447317e-04 1.470492e-04 2.284110e-05 2.294198e-06 9.519265e-08 8.513455e-10 7.372649e-13 2.285180e-17 1.482745e-23 1.753403e-31 4.370230e-41 2.802597e-45 2.802597e-45 2.802597e-45 2.802597e-45 2.802597e-45 2.802597e-45 2.802597e-45 2.802597e-45 2.802597e-45 2.802597e-45 2.802597e-45 2.802597e-45 2.802597e-45 2.802597e-45 2.802597e-45 2.802597e-45 4.203895e-45 4.203895e-45 4.203895e-45 4.203895e-45 2.802597e-45 2.802597e-45 2.802597e-45 2.802597e-45 2.802597e-45
0.000000e+00 1.401298e-45 1.401298e-45 1.401298e-45 1.401298e-45 1.401298e-45 1.401298e-45 1.401298e-45 2.802597e-45 2.802597e-45 2.802597e-45 2.802597e-45 4.203895e-45 5.605194e-45 8.407791e-45 4.566703e-36 3.905394e-28 1.884784e-21 6.255477e-16 6.030753e-12 2.740573e-09 9.888407e-08 1.227063e-06 5.142342e-06 1.386572e-05 2.870297e-05 5.331109e-05 8.857666e-05 1.221010e-04 1.630656e-04 2.074279e-04 2.774505e-04 3.610294e-04 4.713618e-04 5.432938e-04 6.614329e-04 7.804336e-04 9.595541e-04 1.306604e-03 1.531473e-03 1.868917e-03 2.124756e-03 2.295607e-03 2.874877e-03 3.298658e-03 4.038887e-03 5.147065e-03 6.084585e-03 7.503140e-03 8.184006e-03 8.984195e-03 9.646480e-03 9.434247e-03 1.102678e-02 1.216745e-02 1.322464e-02 1.789370e-02 2.104086e-02 2.439624e-02 3.277891e-02 3.508290e-02 3.689048e-02 4.263346e-02 3.976913e-02 3.733276e-02 3.888539e-02 3.508330e-02 3.306065e-02 3.723931e-02 3.877467e-02 3.929497e-02 4.804573e-02 5.760443e-02 5.974542e-02 6.880238e-02 8.575073e-02 9.284719e-02 9.755845e-02 1.116046e-01 1.225061e-01 1.224756e-01 1.213387e-01 1.226771e-01 1.197440e-01 1.102492e-01 9.990021e-02 9.203845e-02 8.565667e-02 7.859687e-02 7.118065e-02 6.586349e-02 6.320712e-02 6.081395e-02 5.722716e-02 5.324729e-02 5.129066e-02 5.123266e-02 5.043881e-02 4.728120e-02 4.350682e-02 4.205814e-02 4.210571e-02 4.084210e-02 3.732695e-02 3.407957e-02 3.314098e-02 3.280479e-02 3.100017e-02 2.823225e-02 2.728901e-02 2.866424e-02 3.018653e-02 2.986701e-02 2.867406e-02 2.988932e-02 3.463670e-02 4.003972e-02 4.082814e-02 3.770804e-02 3.600385e-02 3.801335e-02 4.217380e-02 4.489739e-02 4.412824e-02 4.042980e-02 3.576865e-02 3.208145e-02 3.222698e-02 3.887518e-02 4.846412e-02 4.476707e-02 2.610396e-02 1.254222e-02 9.170877e-03 1.468410e-02 3.353052e-02 4.241545e-02 1.664791e-02 2.936996e-03 7.375645e-04 7.300408e-04 2.888858e-03 1.573995e-02 3.066430e-02 1.595072e-02 6.001092e-03 3.718619e-03 2.423952e-03 9.733517e-04 2.467557e-04 4.355508e-05 5.072265e-06 2.784517e-07 4.936567e-09 1.811381e-11 6.442396e-15 9.147841e-20 2.667847e-26 1.106851e-34 8.407791e-45 2.802597e-45 2.802597e-45 2.802597e-45 2.802597e-45 2.802597e-45 2.802597e-45 2.802597e-45 2.802597e-45 2.802597e-45 2.802597e-45 2.802597e-45 2.802597e-45 2.802597e-45 2.802597e-45 2.802597e-45 2.802597e-45 4.203895e-45 4.203895e-45 4.203895e-45 2.802597e-45 2.802597e-45 2.802597e-45 2.802597e-45 2.802597e-45 1.401298e-45
0.000000e+00 1.401298e-45 1.401298e-45 1.401298e-45 1.401298e-45 1.401298e-45 1.401298e-45 1.401298e-45 1.401298e-45 2.802597e-45 2.802597e-45 2.802597e-45 2.802597e-45 4.203895e-45 7.006492e-45 1.555161e-41 1.983009e-31 4.648458e-24 2.726664e-18 8.505561e-14 1.136907e-10 2.043196e-08 4.118267e-07 2.874749e-06 8.174601e-06 1.729650e-05 3.512582e-05 6.362597e-05 1.152704e-04 1.622370e-04 2.115896e-04 2.566433e-04 3.207021e-04 4.029746e-04 5.131779e-04 6.246754e-04 8.195072e-04 1.014282e-03 1.190843e-03 1.450615e-03 1.560117e-03 1.847356e-03 2.226243e-03 2.672468e-03 3.669579e-03 4.501516e-03 5.365935e-03 6.303839e-03 6.688935e-03 7.267164e-03 7.445394e-03 8.057225e-03 9.130013e-03 1.014603e-02 1.316261e-02 1.625301e-02 1.941300e-02 2.587032e-02 2.924306e-02 3.199758e-02 3.720491e-02 3.560457e-02 3.418735e-02 3.499306e-02 3.112709e-02 2.938520e-02 3.106390e-02 2.971149e-02 3.021530e-02 3.676345e-02 4.158798e-02 4.485168e-02 5.702565e-02 7.012374e-02 7.370857e-02 8.341337e-02 9.895842e-02 1.025518e-01 1.019644e-01 1.064483e-01 1.061372e-01 9.905890e-02 9.305031e-02 8.756749e-02 7.970050e-02 7.080588e-02 6.351446e-02 5.806906e-02 5.319873e-02 4.870480e-02 4.514874e-02 4.272322e-02 4.107752e-02 3.942908e-02 3.739525e-02 3.543398e-02 3.401450e-02 3.334023e-02 3.269166e-02 3.111934e-02 2.954633e-02 2.900673e-02 2.933175e-02 2.865645e-02 2.651023e-02 2.477307e-02 2.480327e-02 2.580276e-02 2.532125e-02 2.358723e-02 2.290364e-02 2.467923e-02 2.771551e-02 2.891723e-02 2.778397e-02 2.717485e-02 3.002499e-02 3.563922e-02 3.890050e-02 3.628206e-02 3.172379e-02 2.946766e-02 3.018115e-02 3.282027e-02 3.470159e-02 3.222284e-02 2.451129e-02 1.708182e-02 1.379798e-02 1.560886e-02 2.237379e-02 2.594154e-02 1.552925e-02 5.492510e-03 2.372928e-03 2.610203e-03 7.167815e-03 1.848592e-02 1.481389e-02 2.934098e-03 3.812497e-04 1.536047e-04 4.287667e-04 3.309925e-03 1.188644e-02 1.114546e-02 4.934638e-03 1.571613e-03 3.696673e-04 6.204518e-05 7.519620e-06 5.262695e-07 1.435895e-08 1.015093e-10 1.068689e-13 7.905968e-18 2.155742e-23 1.193215e-30 1.395141e-39 2.802597e-45 2.802597e-45 2.802597e-45 2.802597e-45 2.802597e-45 2.802597e-45 2.802597e-45 2.802597e-45 2.802597e-45 2.802597e-45 2.802597e-45 2.802597e-45 2.802597e-45 2.802597e-45 2.802597e-45 2.802597e-45 2.802597e-45 4.203895e-45 4.203895e-45 4.203895e-45 2.802597e-45 2.802597e-45 2.802597e-45 2.802597e-45 2.802597e-45 2.802597e-45
0.000000e+00 1.401298e-45 1.401298e-45 1.401298e-45 1.401298e-45 1.401298e-45 1.401298e-45 1.401298e-45 1.401298e-45 2.802597e-45 2.802597e-45 2.802597e-45 2.802597e-45 4.203895e-45 7.006492e-45 1.121039e-44 9.179236e-35 2.581470e-27 6.465812e-21 6.660616e-16 6.256989e-12 2.658115e-09 1.272920e-07 1.019240e-06 4.463045e-06 1.202898e-05 2.685247e-05 5.205292e-05 7.617456e-05 1.154777e-04 1.512082e-04 2.088796e-04 2.695566e-04 3.386457e-04 4.467600e-04 5.695759e-04 7.292995e-04 9.156832e-04 1.064108e-03 1.227475e-03 1.457240e-03 1.722728e-03 2.246263e-03 2.819211e-03 3.403500e-03 4.171167e-03 4.655336e-03 5.106098e-03 5.411878e-03 5.839653e-03 6.514915e-03 7.226556e-03 9.004127e-03 1.082146e-02 1.313908e-02 1.786940e-02 2.084687e-02 2.437304e-02 3.000908e-02 2.955005e-02 2.962445e-02 3.127222e-02 2.750513e-02 2.625050e-02 2.709033e-02 2.463102e-02 2.483314e-02 2.848995e-02 2.936927e-02 3.186876e-02 4.153624e-02 4.889703e-02 5.269261e-02 6.568165e-02 7.868829e-02 7.921872e-02 8.344226e-02 9.171670e-02 8.893984e-02 8.229219e-02 8.001892e-02 7.605242e-02 6.779091e-02 6.093508e-02 5.652857e-02 5.135012e-02 4.504423e-02 3.996677e-02 3.643788e-02 3.365795e-02 3.115200e-02 2.899799e-02 2.728304e-02 2.646505e-02 2.613031e-02 2.537086e-02 2.382364e-02 2.226346e-02 2.194423e-02 2.251817e-02 2.253272e-02 2.135926e-02 2.060265e-02 2.117360e-02 2.188975e-02 2.101802e-02 1.925909e-02 1.899164e-02 2.059971e-02 2.238915e-02 2.248599e-02 2.191916e-02 2.284651e-02 2.560779e-02 2.823899e-02 2.792551e-02 2.603788e-02 2.590469e-02 2.876374e-02 3.226924e-02 3.247754e-02 2.880560e-02 2.416083e-02 2.121070e-02 2.095461e-02 2.280702e-02 2.360712e-02 1.922225e-02 1.188953e-02 7.449649e-03 6.974462e-03 1.052686e-02 1.649783e-02 1.366935e-02 4.718774e-03 1.316148e-03 8.129534e-04 1.697174e-03 6.223202e-03 1.077038e-02 4.313015e-03 8.447563e-04 4.042324e-04 7.785037e-04 2.021414e-03 2.563522e-03 1.611835e-03 6.710420e-04 1.747648e-04 2.822786e-05 2.486117e-06 9.392495e-08 1.067758e-09 2.226173e-12 4.435846e-16 4.542117e-21 1.290401e-27 8.883748e-36 2.802597e-45 2.802597e-45 2.802597e-45 2.802597e-45 2.802597e-45 2.802597e-45 2.802597e-45 2.802597e-45 2.802597e-45 2.802597e-45 1.401298e-45 1.401298e-45 2.802597e-45 2.802597e-45 2.802597e-45 2.802597e-45 2.802597e-45 4.203895e-45 4.203895e-45 4.203895e-45 2.802597e-45 2.802597e-45 2.802597e-45 2.802597e-45 2.802597e-45 2.802597e-45 1.401298e-45
0.000000e+00 1.401298e-45 1.401298e-45 1.401298e-45 1.401298e-45 1.401298e-45 1.401298e-45 1.401298e-45 1.401298e-45 2.802597e-45 2.802597e-45 2.802597e-45 2.802597e-45 4.203895e-45 5.605194e-45 8.407791e-45 5.536540e-38 3.254608e-30 1.350296e-23 6.669960e-18 1.475395e-13 1.841750e-10 1.451287e-08 2.537789e-07 1.443647e-06 5.996078e-06 1.668992e-05 3.188006e-05 5.646601e-05 8.384734e-05 1.405708e-04 1.833590e-04 2.341811e-04 2.899173e-04 3.515019e-04 4.985521e-04 6.165795e-04 7.879893e-04 9.715353e-04 1.108532e-03 1.461863e-03 1.838831e-03 2.362075e-03 3.049581e-03 3.332144e-03 3.798219e-03 4.096389e-03 4.331495e-03 4.943696e-03 5.180158e-03 6.284855e-03 7.816604e-03 9.165586e-03 1.281003e-02 1.524658e-02 1.714171e-02 2.220308e-02 2.261535e-02 2.332697e-02 2.673572e-02 2.399159e-02 2.274256e-02 2.381534e-02 2.126586e-02 2.106485e-02 2.359752e-02 2.364850e-02 2.573333e-02 3.277205e-02 3.708224e-02 4.105553e-02 5.308651e-02 6.264522e-02 6.528962e-02 7.500650e-02 8.434147e-02 8.239920e-02 8.051094e-02 8.034719e-02 7.425483e-02 6.579124e-02 5.978001e-02 5.349922e-02 4.600744e-02 3.967289e-02 3.485619e-02 3.042568e-02 2.648054e-02 2.382180e-02 2.190478e-02 2.016777e-02 1.885481e-02 1.813695e-02 1.757038e-02 1.685611e-02 1.647982e-02 1.667328e-02 1.666077e-02 1.592167e-02 1.519880e-02 1.550076e-02 1.625837e-02 1.636845e-02 1.588592e-02 1.591863e-02 1.665763e-02 1.692178e-02 1.625482e-02 1.579981e-02 1.686495e-02 1.896123e-02 2.057939e-02 2.110278e-02 2.171117e-02 2.375222e-02 2.629895e-02 2.676838e-02 2.454281e-02 2.273443e-02 2.323306e-02 2.523245e-02 2.611979e-02 2.407817e-02 1.962934e-02 1.557668e-02 1.401603e-02 1.533724e-02 1.703330e-02 1.416938e-02 7.890439e-03 3.924106e-03 2.979384e-03 4.384240e-03 7.958390e-03 8.105072e-03 2.953354e-03 6.118144e-04 2.280422e-04 3.328879e-04 1.323563e-03 4.016681e-03 3.500932e-03 1.411602e-03 6.985451e-04 4.532320e-04 2.610495e-04 1.275004e-04 4.857020e-05 1.373924e-05 2.364927e-06 1.978369e-07 6.328923e-09 4.778686e-11 4.523965e-14 2.635737e-18 5.112290e-24 2.407046e-31 2.174661e-40 2.802597e-45 2.802597e-45 2.802597e-45 2.802597e-45 2.802597e-45 2.802597e-45 2.802597e-45 2.802597e-45 2.802597e-45 2.802597e-45 1.401298e-45 1.401298e-45 2.802597e-45 2.802597e-45 2.802597e-45 2.802597e-45 2.802597e-45 4.203895e-45 4.203895e-45 2.802597e-45 2.802597e-45 2.802597e-45 2.802597e-45 2.802597e-45 2.802597e-45 2.802597e-45 1.401298e-45
0.000000e+00 1.401298e-45 1.401298e-45 1.401298e-45 1.401298e-45 1.401298e-45 1.401298e-45 1.401298e-45 1.401298e-45 2.802597e-45 2.802597e-45 2.802597e-45 2.802597e-45 4.203895e-45 5.605194e-45 7.006492e-45 2.942727e-44 2.168960e-33 5.477124e-26 6.975087e-20 3.384614e-15 7.341299e-12 1.990459e-09 7.446410e-08 7.250841e-07 2.805862e-06 8.078614e-06 2.124742e-05 4.540588e-05 8.625101e-05 1.128139e-04 1.576894e-04 1.924126e-04 2.623544e-04 3.585800e-04 4.172963e-04 5.724168e-04 6.499345e-04 8.667934e-04 1.220318e-03 1.490817e-03 2.139771e-03 2.377240e-03 2.730537e-03 3.260001e-03 3.205337e-03 3.862258e-03 4.230773e-03 4.734959e-03 6.117354e-03 6.712785e-03 8.727795e-03 1.132541e-02 1.260181e-02 1.689555e-02 1.859178e-02 1.849039e-02 2.143549e-02 1.967525e-02 1.831348e-02 1.965607e-02 1.783079e-02 1.737416e-02 1.891721e-02 1.869253e-02 2.025048e-02 2.466341e-02 2.740066e-02 3.190755e-02 4.147364e-02 4.775453e-02 5.280232e-02 6.389204e-02 6.973559e-02 6.972569e-02 7.420445e-02 7.457481e-02 6.799445e-02 6.386527e-02 5.926192e-02 5.067895e-02 4.316457e-02 3.818183e-02 3.272382e-02 2.666468e-02 2.256032e-02 1.997690e-02 1.759099e-02 1.538540e-02 1.413469e-02 1.358278e-02 1.300294e-02 1.229194e-02 1.195287e-02 1.191916e-02 1.183561e-02 1.166147e-02 1.172421e-02 1.203576e-02 1.206807e-02 1.191763e-02 1.203501e-02 1.251747e-02 1.280877e-02 1.275010e-02 1.287435e-02 1.340137e-02 1.383870e-02 1.368423e-02 1.365394e-02 1.457661e-02 1.640037e-02 1.792103e-02 1.822622e-02 1.823430e-02 1.928971e-02 2.125067e-02 2.176004e-02 1.944891e-02 1.628623e-02 1.456630e-02 1.463728e-02 1.556272e-02 1.508816e-02 1.190434e-02 7.983934e-03 5.931090e-03 6.243470e-03 8.373280e-03 8.550503e-03 4.520731e-03 1.566369e-03 7.474811e-04 9.014379e-04 2.202757e-03 3.842250e-03 1.954763e-03 3.371830e-04 7.573665e-05 9.011373e-05 4.257397e-04 1.419611e-03 1.259708e-03 4.449251e-04 1.149809e-04 2.775649e-05 6.138227e-06 1.272447e-06 2.324763e-07 2.859479e-08 1.952269e-09 4.754236e-11 2.243297e-13 9.999309e-17 2.147433e-21 1.278165e-27 1.499548e-35 2.802597e-45 2.802597e-45 2.802597e-45 2.802597e-45 2.802597e-45 2.802597e-45 2.802597e-45 2.802597e-45 2.802597e-45 1.401298e-45 1.401298e-45 1.401298e-45 1.401298e-45 2.802597e-45 2.802597e-45 2.802597e-45 2.802597e-45 2.802597e-45 2.802597e-45 4.203895e-45 2.802597e-45 2.802597e-45 2.802597e-45 2.802597e-45 2.802597e-45 2.802597e-45 1.401298e-45 1.401298e-45
0.000000e+00 1.401298e-45 1.401298e-45 1.401298e-45 1.401298e-45 1.401298e-45 1.401298e-45 1.401298e-45 1.401298e-45 1.401298e-45 2.802597e-45 2.802597e-45 2.802597e-45 2.802597e-45 4.203895e-45 7.006492e-45 9.809089e-45 2.896897e-36 9.532410e-29 1.714257e-22 2.039421e-17 2.431034e-13 2.318008e-10 2.022009e-08 2.553197e-07 1.400067e-06 5.171143e-06 1.707425e-05 4.379887e-05 7.277650e-05 1.041008e-04 1.232322e-04 1.864191e-04 2.496350e-04 3.301678e-04 4.170086e-04 4.419345e-04 6.271194e-04 7.590908e-04 1.084326e-03 1.513594e-03 1.646083e-03 2.194038e-03 2.198426e-03 2.504333e-03 3.133839e-03 3.247500e-03 4.211479e-03 4.927258e-03 5.864459e-03 8.033172e-03 9.133985e-03 1.161623e-02 1.403910e-02 1.448718e-02 1.711176e-02 1.679356e-02 1.544518e-02 1.596142e-02 1.412987e-02 1.337053e-02 1.418633e-02 1.394916e-02 1.519158e-02 1.776635e-02 1.923279e-02 2.286643e-02 2.928446e-02 3.320204e-02 3.947894e-02 5.025190e-02 5.419914e-02 5.745251e-02 6.564094e-02 6.443869e-02 5.932363e-02 5.979086e-02 5.586503e-02 4.694734e-02 4.191761e-02 3.817427e-02 3.149962e-02 2.563903e-02 2.233391e-02 1.917586e-02 1.556889e-02 1.305881e-02 1.179493e-02 1.082257e-02 9.841984e-03 9.229436e-03 9.002112e-03 8.801824e-03 8.621586e-03 8.585284e-03 8.617788e-03 8.496814e-03 8.337227e-03 8.490435e-03 8.846343e-03 8.989508e-03 8.908873e-03 9.060749e-03 9.467904e-03 9.644251e-03 9.455482e-03 9.341892e-03 9.752013e-03 1.034042e-02 1.052822e-02 1.035613e-02 1.071138e-02 1.198409e-02 1.358869e-02 1.428663e-02 1.383147e-02 1.347282e-02 1.399280e-02 1.449452e-02 1.347461e-02 1.105913e-02 8.627582e-03 7.389901e-03 7.416091e-03 7.991386e-03 7.054043e-03 4.428346e-03 2.553501e-03 2.199061e-03 3.186851e-03 4.796793e-03 3.631590e-03 1.210342e-03 3.623781e-04 2.470347e-04 5.134261e-04 1.472667e-03 1.715528e-03 6.647684e-04 2.637633e-04 2.757147e-04 4.702959e-04 4.854557e-04 2.377222e-04 6.743471e-05 1.157025e-05 1.328240e-06 1.241263e-07 9.014967e-09 5.493397e-10 2.154314e-11 3.042817e-13 7.638806e-16 1.530413e-19 1.130556e-24 1.929574e-31 5.149323e-40 2.802597e-45 2.802597e-45 2.802597e-45 2.802597e-45 2.802597e-45 2.802597e-45 2.802597e-45 1.401298e-45 1.401298e-45 1.401298e-45 1.401298e-45 1.401298e-45 1.401298e-45 2.802597e-45 2.802597e-45 2.802597e-45 2.802597e-45 2.802597e-45 2.802597e-45 2.802597e-45 2.802597e-45 2.802597e-45 2.802597e-45 2.802597e-45 2.802597e-45 2.802597e-45 1.401298e-45 1.401298e-45
0.000000e+00 1.401298e-45 1.401298e-45 1.401298e-45 1.401298e-45 1.401298e-45 1.401298e-45 1.401298e-45 1.401298e-45 2.802597e-45 2.802597e-45 2.802597e-45 2.802597e-45 2.802597e-45 4.203895e-45 5.605194e-45 8.407791e-45 2.015964e-39 7.335742e-32 3.171576e-25 1.792096e-19 9.074217e-15 1.986202e-11 3.074243e-09 1.058415e-07 1.098632e-06 5.138194e-06 1.179103e-05 2.301481e-05 4.324852e-05 7.871618e-05 1.386212e-04 1.771018e-04 2.406479e-04 2.756935e-04 3.535458e-04 4.830325e-04 6.060023e-04 9.222353e-04 1.044069e-03 1.300040e-03 1.547000e-03 1.624539e-03 2.207469e-03 2.420794e-03 3.026081e-03 3.944987e-03 4.446738e-03 5.860096e-03 6.941145e-03 8.407768e-03 1.078074e-02 1.163395e-02 1.358126e-02 1.393040e-02 1.302200e-02 1.350893e-02 1.197104e-02 1.103736e-02 1.122627e-02 1.042960e-02 1.096537e-02 1.253066e-02 1.344209e-02 1.617286e-02 2.055919e-02 2.336066e-02 2.866102e-02 3.721914e-02 4.123034e-02 4.732022e-02 5.713591e-02 5.676823e-02 5.521426e-02 5.796657e-02 5.231480e-02 4.400224e-02 4.091389e-02 3.662222e-02 2.925623e-02 2.445683e-02 2.166916e-02 1.774965e-02 1.404285e-02 1.190904e-02 1.025990e-02 8.512848e-03 7.359076e-03 6.932005e-03 6.606808e-03 6.195730e-03 6.045531e-03 6.134626e-03 6.116354e-03 5.942416e-03 5.919649e-03 6.052889e-03 6.052520e-03 5.861858e-03 5.858735e-03 6.207939e-03 6.519032e-03 6.540013e-03 6.507544e-03 6.683373e-03 6.940168e-03 6.948306e-03 6.790926e-03 6.781577e-03 7.115164e-03 7.454625e-03 7.580744e-03 7.686949e-03 8.106804e-03 8.738871e-03 9.164044e-03 9.159222e-03 8.997433e-03 8.806491e-03 8.416706e-03 7.574673e-03 6.269799e-03 4.948707e-03 3.985815e-03 3.668614e-03 3.740844e-03 3.399693e-03 2.191984e-03 1.164296e-03 8.331489e-04 1.076702e-03 1.750673e-03 1.738869e-03 7.101853e-04 1.891324e-04 9.341440e-05 1.579443e-04 5.522854e-04 1.134043e-03 8.661856e-04 4.731111e-04 2.763353e-04 1.598089e-04 8.432694e-05 3.257260e-05 7.412836e-06 9.747706e-07 6.606489e-08 2.900253e-09 8.513575e-11 1.242379e-12 6.333742e-15 5.481336e-18 3.476086e-22 7.924808e-28 3.470891e-35 2.522337e-44 2.802597e-45 2.802597e-45 2.802597e-45 1.401298e-45 2.802597e-45 2.802597e-45 1.401298e-45 1.401298e-45 1.401298e-45 1.401298e-45 1.401298e-45 1.401298e-45 2.802597e-45 2.802597e-45 2.802597e-45 2.802597e-45 2.802597e-45 2.802597e-45 2.802597e-45 2.802597e-45 2.802597e-45 2.802597e-45 2.802597e-45 2.802597e-45 2.802597e-45 1.401298e-45 1.401298e-45 1.401298e-45
0.000000e+00 1.401298e-45 1.401298e-45 1.401298e-45 1.401298e-45 1.401298e-45 1.401298e-45 1.401298e-45 1.401298e-45 1.401298e-45 2.802597e-45 2.802597e-45 2.802597e-45 2.802597e-45 4.203895e-45 5.605194e-45 7.006492e-45 1.401298e-44 9.660066e-35 1.448053e-27 2.779485e-21 2.499231e-16 1.765320e-12 1.068604e-09 7.108353e-08 8.286300e-07 2.978562e-06 8.726704e-06 1.886045e-05 4.386287e-05 8.159105e-05 1.276208e-04 1.735492e-04 1.880437e-04 2.494854e-04 3.082855e-04 4.680808e-04 6.470906e-04 7.752524e-04 1.002164e-03 1.005860e-03 1.277282e-03 1.522864e-03 1.842263e-03 2.575756e-03 2.979135e-03 3.918201e-03 4.972546e-03 5.898600e-03 7.670471e-03 8.495593e-03 9.984896e-03 1.102953e-02 1.054037e-02 1.113842e-02 9.957839e-03 9.010676e-03 9.309524e-03 8.551050e-03 8.739433e-03 9.850857e-03 1.014716e-02 1.180841e-02 1.487670e-02 1.697590e-02 2.106731e-02 2.765267e-02 3.140079e-02 3.744850e-02 4.598765e-02 4.697220e-02 4.965260e-02 5.450412e-02 4.919199e-02 4.378223e-02 4.235405e-02 3.624203e-02 2.856453e-02 2.478035e-02 2.137044e-02 1.671057e-02 1.343413e-02 1.161655e-02 9.606279e-03 7.678202e-03 6.609402e-03 5.906674e-03 5.092738e-03 4.519132e-03 4.410018e-03 4.421285e-03 4.269837e-03 4.196636e-03 4.326080e-03 4.438589e-03 4.326783e-03 4.208189e-03 4.261903e-03 4.346627e-03 4.291227e-03 4.284616e-03 4.448950e-03 4.677272e-03 4.793550e-03 4.838576e-03 4.925026e-03 5.042113e-03 5.102885e-03 5.048322e-03 5.054097e-03 5.170235e-03 5.266315e-03 5.259866e-03 5.355794e-03 5.655457e-03 5.900745e-03 5.719016e-03 5.269104e-03 4.940079e-03 4.918448e-03 4.844135e-03 4.228774e-03 3.136503e-03 2.091768e-03 1.540125e-03 1.459063e-03 1.679405e-03 1.595116e-03 9.150216e-04 3.777311e-04 2.104899e-04 2.518640e-04 4.834685e-04 6.124043e-04 2.905064e-04 8.207215e-05 4.924509e-05 1.085660e-04 3.205048e-04 4.489167e-04 2.720905e-04 1.063884e-04 3.764659e-05 1.307714e-05 4.200000e-06 1.118306e-06 1.781225e-07 1.540299e-08 6.924647e-10 1.236783e-11 8.232431e-14 1.350226e-16 2.994567e-20 4.158583e-25 1.666906e-31 1.173730e-39 2.802597e-45 2.802597e-45 2.802597e-45 1.401298e-45 1.401298e-45 2.802597e-45 1.401298e-45 1.401298e-45 1.401298e-45 1.401298e-45 1.401298e-45 1.401298e-45 1.401298e-45 2.802597e-45 2.802597e-45 2.802597e-45 2.802597e-45 2.802597e-45 2.802597e-45 2.802597e-45 2.802597e-45 2.802597e-45 2.802597e-45 2.802597e-45 2.802597e-45 2.802597e-45 1.401298e-45 1.401298e-45 1.401298e-45
0.000000e+00 1.401298e-45 1.401298e-45 1.401298e-45 1.401298e-45 1.401298e-45 1.401298e-45 1.401298e-45 1.401298e-45 1.401298e-45 1.401298e-45 2.802597e-45 2.802597e-45 2.802597e-45 4.203895e-45 4.203895e-45 7.006492e-45 9.809089e-45 2.310918e-37 7.812011e-30 1.911057e-23 6.306289e-18 1.521177e-13 2.991369e-10 3.048892e-08 3.966392e-07 2.177979e-06 6.743748e-06 2.020764e-05 3.717839e-05 6.578808e-05 8.938786e-05 1.273503e-04 1.803305e-04 2.346473e-04 3.614163e-04 4.469291e-04 6.345242e-04 7.144675e-04 8.184449e-04 1.035667e-03 1.124682e-03 1.608612e-03 1.905335e-03 2.443346e-03 3.323470e-03 3.769504e-03 5.103620e-03 6.010357e-03 6.938205e-03 8.372980e-03 8.142740e-03 8.748588e-03 8.389181e-03 7.356396e-03 7.507408e-03 6.719191e-03 6.496187e-03 7.359228e-03 7.623591e-03 8.776121e-03 1.119695e-02 1.280430e-02 1.555248e-02 2.026529e-02 2.357572e-02 2.889194e-02 3.616241e-02 3.892575e-02 4.356519e-02 4.804130e-02 4.433062e-02 4.275974e-02 4.256243e-02 3.597748e-02 3.004939e-02 2.725373e-02 2.288023e-02 1.776275e-02 1.463385e-02 1.224788e-02 9.568882e-03 7.547242e-03 6.314837e-03 5.162647e-03 4.186281e-03 3.682829e-03 3.421622e-03 3.116240e-03 2.866079e-03 2.842123e-03 2.933759e-03 2.948642e-03 2.947088e-03 3.031666e-03 3.112934e-03 3.076561e-03 3.009695e-03 3.041632e-03 3.068187e-03 3.020345e-03 3.013365e-03 3.151545e-03 3.308054e-03 3.351412e-03 3.342015e-03 3.370138e-03 3.435870e-03 3.415919e-03 3.329688e-03 3.298295e-03 3.399513e-03 3.427125e-03 3.254940e-03 3.099244e-03 3.183448e-03 3.389613e-03 3.379459e-03 2.944240e-03 2.431042e-03 2.155570e-03 2.197656e-03 2.232123e-03 1.758015e-03 1.018990e-03 5.615831e-04 4.548568e-04 5.933327e-04 8.230157e-04 6.302009e-04 2.380959e-04 8.680218e-05 7.126440e-05 1.532987e-04 3.625847e-04 3.690858e-04 1.991681e-04 1.305046e-04 1.310928e-04 1.304334e-04 9.200129e-05 4.781113e-05 1.792031e-05 4.989890e-06 1.140431e-06 2.014989e-07 2.614050e-08 2.279053e-09 8.038395e-11 9.282978e-13 2.733211e-15 1.515789e-18 9.653051e-23 3.065520e-28 2.251635e-35 3.363116e-44 2.802597e-45 2.802597e-45 2.802597e-45 1.401298e-45 1.401298e-45 1.401298e-45 1.401298e-45 1.401298e-45 1.401298e-45 1.401298e-45 1.401298e-45 1.401298e-45 2.802597e-45 2.802597e-45 2.802597e-45 2.802597e-45 2.802597e-45 2.802597e-45 2.802597e-45 2.802597e-45 2.802597e-45 2.802597e-45 2.802597e-45 2.802597e-45 2.802597e-45 1.401298e-45 1.401298e-45 1.401298e-45 1.401298e-45
0.000000e+00 1.401298e-45 1.401298e-45 1.401298e-45 1.401298e-45 1.401298e-45 1.401298e-45 1.401298e-45 1.401298e-45 1.401298e-45 1.401298e-45 1.401298e-45 2.802597e-45 2.802597e-45 2.802597e-45 4.203895e-45 5.605194e-45 8.407791e-45 1.136944e-40 6.524262e-33 6.108151e-26 4.975593e-20 4.233958e-15 1.410929e-11 4.457906e-09 1.666721e-07 1.449944e-06 5.638451e-06 1.233701e-05 2.837206e-05 4.470049e-05 7.970026e-05 1.133740e-04 1.844826e-04 2.821403e-04 3.712626e-04 5.047891e-04 5.287963e-04 7.195174e-04 8.185235e-04 1.077385e-03 1.430988e-03 1.574672e-03 2.207625e-03 2.451057e-03 3.128829e-03 4.101619e-03 4.432160e-03 5.722822e-03 6.121609e-03 6.532608e-03 7.104130e-03 6.335635e-03 6.457524e-03 6.038588e-03 5.532320e-03 6.013125e-03 6.095988e-03 6.657039e-03 8.453230e-03 1.006114e-02 1.249764e-02 1.667096e-02 2.013571e-02 2.426072e-02 2.971966e-02 3.314192e-02 3.810044e-02 4.261952e-02 4.156525e-02 4.250000e-02 4.195933e-02 3.567828e-02 3.178348e-02 2.902594e-02 2.362250e-02 1.899407e-02 1.619305e-02 1.333329e-02 1.037775e-02 8.258619e-03 6.614532e-03 5.101403e-03 4.032768e-03 3.376861e-03 2.796307e-03 2.353959e-03 2.174909e-03 2.141247e-03 2.061117e-03 1.979859e-03 2.004513e-03 2.092194e-03 2.112278e-03 2.106412e-03 2.156743e-03 2.205649e-03 2.148733e-03 2.077035e-03 2.102760e-03 2.169138e-03 2.136470e-03 2.074139e-03 2.097028e-03 2.191445e-03 2.258970e-03 2.230626e-03 2.184067e-03 2.157605e-03 2.125683e-03 2.027955e-03 1.950670e-03 1.967631e-03 1.993278e-03 1.904512e-03 1.743976e-03 1.623611e-03 1.624172e-03 1.635718e-03 1.534796e-03 1.242345e-03 9.848493e-04 8.932133e-04 9.423344e-04 8.976377e-04 5.994714e-04 3.113000e-04 1.913640e-04 1.982337e-04 2.819902e-04 3.092593e-04 1.716799e-04 7.240490e-05 5.864644e-05 1.236797e-04 3.108750e-04 3.874117e-04 2.526334e-04 1.317321e-04 6.149083e-05 2.823074e-05 1.189489e-05 3.982326e-06 1.055273e-06 2.025289e-07 2.915659e-08 3.543597e-09 2.670455e-10 9.273960e-12 9.538940e-14 1.774765e-16 4.306992e-20 7.263315e-25 4.429776e-31 7.060109e-39 2.802597e-45 2.802597e-45 2.802597e-45 1.401298e-45 1.401298e-45 1.401298e-45 1.401298e-45 1.401298e-45 1.401298e-45 1.401298e-45 1.401298e-45 1.401298e-45 2.802597e-45 2.802597e-45 2.802597e-45 2.802597e-45 2.802597e-45 2.802597e-45 2.802597e-45 2.802597e-45 2.802597e-45 2.802597e-45 2.802597e-45 2.802597e-45 2.802597e-45 2.802597e-45 1.401298e-45 1.401298e-45 1.401298e-45 1.401298e-45
0.000000e+00 0.000000e+00 1.401298e-45 1.401298e-45 1.401298e-45 1.401298e-45 1.401298e-45 1.401298e-45 1.401298e-45 1.401298e-45 1.401298e-45 1.401298e-45 2.802597e-45 2.802597e-45 2.802597e-45 4.203895e-45 5.605194e-45 7.006492e-45 1.261169e-44 2.878156e-36 5.749999e-29 2.642413e-22 5.543104e-17 7.445593e-13 4.599342e-10 3.890378e-08 4.866518e-07 2.180870e-06 6.320737e-06 1.408410e-05 3.422554e-05 5.829549e-05 1.082922e-04 1.489244e-04 2.271171e-04 2.971723e-04 3.735673e-04 5.028002e-04 5.838805e-04 8.589470e-04 9.886721e-04 1.282240e-03 1.614626e-03 1.785857e-03 2.522884e-03 2.878688e-03 3.694153e-03 4.608699e-03 4.732570e-03 5.389120e-03 5.138316e-03 5.006085e-03 5.006758e-03 4.552516e-03 4.716500e-03 4.869050e-03 5.170951e-03 6.328993e-03 7.654146e-03 9.412669e-03 1.252323e-02 1.602766e-02 2.002043e-02 2.524658e-02 2.977885e-02 3.461575e-02 3.821234e-02 3.903667e-02 4.181296e-02 4.132616e-02 3.666822e-02 3.467193e-02 3.112882e-02 2.503472e-02 2.102256e-02 1.788139e-02 1.423232e-02 1.126095e-02 9.238422e-03 7.362505e-03 5.736571e-03 4.570581e-03 3.612678e-03 2.785741e-03 2.277786e-03 1.999352e-03 1.749216e-03 1.529761e-03 1.463604e-03 1.489303e-03 1.485766e-03 1.447566e-03 1.472564e-03 1.530943e-03 1.520792e-03 1.464377e-03 1.458901e-03 1.494631e-03 1.476959e-03 1.400030e-03 1.367770e-03 1.397681e-03 1.424932e-03 1.397839e-03 1.356463e-03 1.358105e-03 1.401838e-03 1.435788e-03 1.413532e-03 1.354025e-03 1.276177e-03 1.202446e-03 1.172859e-03 1.179508e-03 1.158887e-03 1.073894e-03 9.648137e-04 8.859414e-04 8.305130e-04 8.057888e-04 7.176201e-04 5.714618e-04 4.370363e-04 3.940251e-04 4.095383e-04 3.886438e-04 2.675239e-04 1.455569e-04 9.059696e-05 8.686363e-05 1.140122e-04 1.241469e-04 9.056761e-05 6.633089e-05 8.261156e-05 1.380722e-04 1.666343e-04 1.244974e-04 6.378964e-05 2.782013e-05 1.133222e-05 3.841900e-06 1.065204e-06 2.092169e-07 2.806795e-08 2.878923e-09 2.010588e-10 9.364018e-12 2.528136e-13 2.228563e-15 4.043762e-18 6.328526e-22 4.025972e-27 6.871935e-34 2.645652e-42 2.802597e-45 2.802597e-45 2.802597e-45 1.401298e-45 1.401298e-45 1.401298e-45 1.401298e-45 1.401298e-45 1.401298e-45 1.401298e-45 1.401298e-45 2.802597e-45 2.802597e-45 2.802597e-45 2.802597e-45 2.802597e-45 2.802597e-45 2.802597e-45 2.802597e-45 2.802597e-45 2.802597e-45 2.802597e-45 2.802597e-45 2.802597e-45 1.401298e-45 1.401298e-45 1.401298e-45 1.401298e-45 1.401298e-45 1.401298e-45
0.000000e+00 1.401298e-45 1.401298e-45 1.401298e-45 1.401298e-45 1.401298e-45 1.401298e-45 1.401298e-45 1.401298e-45 1.401298e-45 1.401298e-45 1.401298e-45 2.802597e-45 2.802597e-45 2.802597e-45 4.203895e-45 4.203895e-45 5.605194e-45 8.407791e-45 9.596400e-40 9.325190e-32 7.631944e-25 5.438609e-19 2.145940e-14 6.718746e-11 9.178051e-09 2.063210e-07 1.140063e-06 4.074729e-06 1.001740e-05 2.209273e-05 5.267244e-05 9.172156e-05 1.611549e-04 1.955242e-04 2.800798e-04 3.600638e-04 4.902616e-04 6.558076e-04 7.274832e-04 9.434054e-04 1.015773e-03 1.340740e-03 1.769560e-03 2.164261e-03 2.977508e-03 3.191678e-03 3.605198e-03 3.795943e-03 3.554415e-03 3.625149e-03 3.378472e-03 3.376158e-03 3.622804e-03 3.937461e-03 4.736203e-03 5.883953e-03 7.550160e-03 1.005215e-02 1.333415e-02 1.716810e-02 2.142348e-02 2.597745e-02 3.070014e-02 3.415940e-02 3.650968e-02 3.988821e-02 3.928322e-02 3.654302e-02 3.649572e-02 3.285509e-02 2.728722e-02 2.434998e-02 2.048976e-02 1.600653e-02 1.302299e-02 1.065144e-02 8.309831e-03 6.508015e-03 5.201404e-03 4.010082e-03 3.069131e-03 2.470272e-03 1.975632e-03 1.544944e-03 1.289652e-03 1.185521e-03 1.086002e-03 9.835993e-04 9.541699e-04 9.932853e-04 1.011817e-03 9.889975e-04 9.890563e-04 1.014691e-03 1.004499e-03 9.569307e-04 9.332453e-04 9.485566e-04 9.531665e-04 9.257121e-04 8.861671e-04 8.721931e-04 8.780579e-04 8.851993e-04 8.754032e-04 8.404254e-04 8.140090e-04 8.099626e-04 8.305332e-04 8.367032e-04 7.818987e-04 6.987014e-04 6.525152e-04 6.619801e-04 6.666855e-04 6.072188e-04 5.101553e-04 4.239608e-04 4.018394e-04 4.045465e-04 3.743781e-04 2.676593e-04 1.825657e-04 1.592299e-04 1.951911e-04 2.258509e-04 1.631077e-04 7.696891e-05 4.369929e-05 5.184125e-05 1.091832e-04 1.841115e-04 1.673356e-04 1.256320e-04 1.096129e-04 1.037916e-04 8.184547e-05 4.777178e-05 2.122339e-05 7.063069e-06 2.001755e-06 4.719219e-07 8.394608e-08 1.117762e-08 8.504314e-10 3.411235e-11 8.359248e-13 9.693132e-15 4.547760e-17 3.827794e-20 2.394604e-24 5.441560e-30 2.731098e-37 2.802597e-45 2.802597e-45 2.802597e-45 1.401298e-45 1.401298e-45 1.401298e-45 1.401298e-45 1.401298e-45 1.401298e-45 1.401298e-45 1.401298e-45 1.401298e-45 2.802597e-45 2.802597e-45 2.802597e-45 2.802597e-45 2.802597e-45 2.802597e-45 2.802597e-45 2.802597e-45 2.802597e-45 2.802597e-45 2.802597e-45 2.802597e-45 1.401298e-45 1.401298e-45 1.401298e-45 1.401298e-45 1.401298e-45 1.401298e-45 1.401298e-45
0.000000e+00 1.401298e-45 1.401298e-45 1.401298e-45 1.401298e-45 1.401298e-45 1.401298e-45 1.401298e-45 1.401298e-45 1.401298e-45 1.401298e-45 1.401298e-45 2.802597e-45 2.802597e-45 2.802597e-45 2.802597e-45 4.203895e-45 5.605194e-45 7.006492e-45 7.230700e-43 2.293599e-34 2.453606e-27 3.615539e-21 6.964292e-16 5.398083e-12 2.530539e-09 8.091079e-08 8.431014e-07 2.868616e-06 8.728929e-06 2.007141e-05 4.446851e-05 8.697149e-05 1.239073e-04 1.842072e-04 2.099236e-04 2.929351e-04 3.605865e-04 4.658556e-04 5.896925e-04 6.904209e-04 9.837743e-04 1.226941e-03 1.806346e-03 2.366376e-03 2.749048e-03 3.136452e-03 2.886585e-03 2.809937e-03 2.681723e-03 2.547097e-03 2.667770e-03 2.876459e-03 3.359074e-03 4.193289e-03 5.625228e-03 7.597195e-03 1.035173e-02 1.432523e-02 1.841518e-02 2.315879e-02 2.806241e-02 3.106629e-02 3.370588e-02 3.666328e-02 3.639639e-02 3.542802e-02 3.652182e-02 3.327190e-02 2.891752e-02 2.713991e-02 2.309855e-02 1.857098e-02 1.584273e-02 1.289802e-02 9.865724e-03 7.845408e-03 6.283765e-03 4.763745e-03 3.634177e-03 2.851967e-03 2.145817e-03 1.602462e-03 1.298489e-03 1.085639e-03 8.712310e-04 7.461700e-04 7.113021e-04 6.890075e-04 6.420549e-04 6.284066e-04 6.622745e-04 6.876926e-04 6.730366e-04 6.626523e-04 6.778166e-04 6.818562e-04 6.563762e-04 6.369979e-04 6.356878e-04 6.403560e-04 6.265836e-04 6.128576e-04 6.040921e-04 5.943678e-04 5.880890e-04 5.817198e-04 5.698201e-04 5.369600e-04 5.057693e-04 5.015643e-04 5.177015e-04 5.106946e-04 4.581566e-04 4.065627e-04 3.892621e-04 3.961087e-04 3.841869e-04 3.131016e-04 2.358170e-04 1.932967e-04 2.039891e-04 2.119312e-04 1.682585e-04 1.001128e-04 7.152041e-05 8.217675e-05 1.254534e-04 1.379165e-04 8.951354e-05 6.000590e-05 8.056088e-05 1.608556e-04 2.290778e-04 1.800073e-04 1.021738e-04 5.723178e-05 3.592717e-05 2.427267e-05 1.324724e-05 5.197019e-06 1.446867e-06 2.805740e-07 4.430904e-08 4.877261e-09 3.101836e-10 1.112030e-11 1.729143e-13 1.129094e-15 2.151928e-18 5.593724e-22 1.074728e-26 6.043788e-33 6.431399e-41 2.802597e-45 2.802597e-45 1.401298e-45 1.401298e-45 1.401298e-45 1.401298e-45 1.401298e-45 1.401298e-45 1.401298e-45 1.401298e-45 2.802597e-45 2.802597e-45 2.802597e-45 2.802597e-45 2.802597e-45 2.802597e-45 2.802597e-45 2.802597e-45 2.802597e-45 2.802597e-45 2.802597e-45 2.802597e-45 2.802597e-45 1.401298e-45 1.401298e-45 1.401298e-45 1.401298e-45 1.401298e-45 1.401298e-45 1.401298e-45 1.401298e-45
0.000000e+00 1.401298e-45 1.401298e-45 1.401298e-45 1.401298e-45 1.401298e-45 1.401298e-45 1.401298e-45 1.401298e-45 1.401298e-45 1.401298e-45 1.401298e-45 1.401298e-45 2.802597e-45 2.802597e-45 2.802597e-45 4.203895e-45 4.203895e-45 5.605194e-45 1.121039e-44 1.091147e-37 2.295408e-30 1.546286e-23 8.172649e-18 1.652362e-13 1.456135e-10 1.524372e-08 1.814378e-07 1.078644e-06 3.487611e-06 1.284432e-05 2.944508e-05 5.598221e-05 8.970995e-05 1.176066e-04 1.708543e-04 1.918833e-04 2.549758e-04 3.119117e-04 4.411271e-04 6.535815e-04 9.420065e-04 1.470343e-03 1.860411e-03 2.385404e-03 2.563406e-03 2.537137e-03 2.480894e-03 2.221571e-03 2.167221e-03 2.246560e-03 2.510702e-03 3.000475e-03 3.928504e-03 5.286151e-03 7.142488e-03 1.042118e-02 1.410271e-02 1.840681e-02 2.398318e-02 2.756535e-02 3.067589e-02 3.344696e-02 3.333306e-02 3.305404e-02 3.393332e-02 3.159871e-02 2.904261e-02 2.824877e-02 2.463117e-02 2.078107e-02 1.832092e-02 1.496829e-02 1.184606e-02 9.746480e-03 7.703549e-03 5.770422e-03 4.458677e-03 3.524236e-03 2.635006e-03 1.957596e-03 1.515755e-03 1.149521e-03 8.598040e-04 7.090168e-04 6.224979e-04 5.367957e-04 4.742785e-04 4.642542e-04 4.699223e-04 4.562823e-04 4.482734e-04 4.691869e-04 4.924924e-04 4.870680e-04 4.756131e-04 4.799194e-04 4.837091e-04 4.680438e-04 4.468310e-04 4.430313e-04 4.430718e-04 4.334039e-04 4.201352e-04 4.147896e-04 4.142807e-04 4.058807e-04 3.978800e-04 3.856149e-04 3.680820e-04 3.471367e-04 3.338327e-04 3.364975e-04 3.379128e-04 3.207585e-04 2.867205e-04 2.628885e-04 2.598988e-04 2.540911e-04 2.223810e-04 1.626274e-04 1.224339e-04 1.070860e-04 1.096889e-04 9.464013e-05 6.424266e-05 4.322387e-05 4.561671e-05 7.597066e-05 1.244370e-04 1.359080e-04 1.171222e-04 1.037104e-04 9.559013e-05 7.675053e-05 4.896310e-05 2.476531e-05 1.171612e-05 5.393849e-06 2.353145e-06 9.392590e-07 2.798272e-07 6.053158e-08 8.045936e-09 6.192207e-10 3.137808e-11 8.519775e-13 9.931340e-15 3.816719e-17 2.580383e-20 2.479938e-24 1.307884e-29 1.888540e-36 4.203895e-45 2.802597e-45 2.802597e-45 1.401298e-45 1.401298e-45 1.401298e-45 1.401298e-45 1.401298e-45 1.401298e-45 1.401298e-45 1.401298e-45 2.802597e-45 2.802597e-45 2.802597e-45 2.802597e-45 2.802597e-45 2.802597e-45 2.802597e-45 1.401298e-45 1.401298e-45 2.802597e-45 2.802597e-45 2.802597e-45 2.802597e-45 1.401298e-45 1.401298e-45 1.401298e-45 1.401298e-45 1.401298e-45 1.401298e-45 1.401298e-45 1.401298e-45
0.000000e+00 0.000000e+00 1.401298e-45 1.401298e-45 1.401298e-45 1.401298e-45 1.401298e-45 1.401298e-45 1.401298e-45 1.401298e-45 1.401298e-45 1.401298e-45 1.401298e-45 1.401298e-45 2.802597e-45 2.802597e-45 2.802597e-45 4.203895e-45 5.605194e-45 8.407791e-45 2.066635e-41 2.951622e-33 6.997771e-26 5.345090e-20 1.998915e-15 5.737330e-12 1.274963e-09 4.825566e-08 4.215815e-07 2.580486e-06 7.723678e-06 2.120718e-05 3.642761e-05 5.519853e-05 7.763905e-05 9.524576e-05 1.401739e-04 1.789893e-04 2.836957e-04 4.349478e-04 7.166534e-04 1.107853e-03 1.480207e-03 1.868107e-03 1.948479e-03 2.008731e-03 1.888160e-03 1.830766e-03 1.859146e-03 1.974780e-03 2.263413e-03 2.798207e-03 3.785968e-03 5.101529e-03 7.461105e-03 1.043182e-02 1.364351e-02 1.867300e-02 2.286715e-02 2.648974e-02 3.037302e-02 3.147656e-02 3.133652e-02 3.156195e-02 2.973089e-02 2.783463e-02 2.726891e-02 2.470103e-02 2.213356e-02 2.028630e-02 1.708065e-02 1.440339e-02 1.219553e-02 9.567327e-03 7.418399e-03 5.938105e-03 4.596094e-03 3.397884e-03 2.562181e-03 1.964247e-03 1.460058e-03 1.078934e-03 8.357470e-04 6.483009e-04 5.080604e-04 4.278391e-04 3.884608e-04 3.540391e-04 3.312495e-04 3.341391e-04 3.475568e-04 3.492153e-04 3.472778e-04 3.590711e-04 3.710529e-04 3.658737e-04 3.501386e-04 3.415784e-04 3.374162e-04 3.204854e-04 2.981220e-04 2.843274e-04 2.824367e-04 2.786626e-04 2.695420e-04 2.624448e-04 2.572497e-04 2.551576e-04 2.488035e-04 2.356285e-04 2.178491e-04 2.043274e-04 2.006814e-04 2.013266e-04 1.988316e-04 1.824221e-04 1.651547e-04 1.600352e-04 1.635160e-04 1.593128e-04 1.292752e-04 9.625158e-05 7.447223e-05 7.036294e-05 6.703355e-05 5.493997e-05 3.904140e-05 3.719301e-05 5.876643e-05 1.122175e-04 1.508647e-04 1.273026e-04 8.581920e-05 5.446997e-05 3.461131e-05 2.120746e-05 1.150514e-05 5.249318e-06 1.941117e-06 6.471610e-07 1.843196e-07 4.496851e-08 7.899063e-09 7.788244e-10 4.707530e-11 1.594680e-12 2.782838e-14 2.046604e-16 3.502995e-19 1.118953e-22 3.537789e-27 5.374476e-33 2.110426e-40 2.802597e-45 2.802597e-45 1.401298e-45 1.401298e-45 1.401298e-45 1.401298e-45 1.401298e-45 1.401298e-45 1.401298e-45 1.401298e-45 2.802597e-45 2.802597e-45 2.802597e-45 2.802597e-45 2.802597e-45 2.802597e-45 2.802597e-45 1.401298e-45 1.401298e-45 1.401298e-45 2.802597e-45 2.802597e-45 1.401298e-45 1.401298e-45 1.401298e-45 1.401298e-45 1.401298e-45 1.401298e-45 1.401298e-45 1.401298e-45 1.401298e-45 2.802597e-45
0.000000e+00 1.401298e-45 1.401298e-45 1.401298e-45 1.401298e-45 1.401298e-45 1.401298e-45 1.401298e-45 1.401298e-45 1.401298e-45 1.401298e-45 1.401298e-45 1.401298e-45 1.401298e-45 2.802597e-45 2.802597e-45 2.802597e-45 4.203895e-45 5.605194e-45 7.006492e-45 1.681558e-44 1.286306e-35 1.600359e-28 1.919978e-22 2.331492e-17 2.946941e-13 2.509879e-10 2.170216e-08 3.962140e-07 1.773115e-06 4.993248e-06 8.476110e-06 1.718168e-05 2.755991e-05 4.429677e-05 7.029634e-05 1.075041e-04 2.036916e-04 3.289833e-04 5.803047e-04 8.445641e-04 1.161087e-03 1.408458e-03 1.517172e-03 1.569935e-03 1.479469e-03 1.436419e-03 1.430270e-03 1.589215e-03 1.890514e-03 2.496680e-03 3.317427e-03 4.706147e-03 6.873335e-03 9.312663e-03 1.354273e-02 1.776361e-02 2.137408e-02 2.573575e-02 2.809420e-02 2.914229e-02 2.987047e-02 2.929976e-02 2.808445e-02 2.702959e-02 2.497493e-02 2.307933e-02 2.118209e-02 1.850129e-02 1.663571e-02 1.440124e-02 1.159089e-02 9.723231e-03 8.057864e-03 6.160340e-03 4.674003e-03 3.646144e-03 2.741842e-03 2.001631e-03 1.487762e-03 1.112570e-03 8.169222e-04 6.176622e-04 4.902833e-04 3.977895e-04 3.285027e-04 2.923009e-04 2.762298e-04 2.635468e-04 2.574821e-04 2.671862e-04 2.843777e-04 2.886257e-04 2.841837e-04 2.850477e-04 2.880307e-04 2.804692e-04 2.627979e-04 2.487723e-04 2.371650e-04 2.208854e-04 1.980992e-04 1.826633e-04 1.761434e-04 1.738455e-04 1.719783e-04 1.654636e-04 1.581275e-04 1.528276e-04 1.499023e-04 1.419622e-04 1.257546e-04 1.097403e-04 1.017244e-04 1.069950e-04 1.123777e-04 1.032299e-04 8.543046e-05 7.947993e-05 9.013962e-05 9.815943e-05 8.216785e-05 5.278876e-05 3.865946e-05 4.096873e-05 5.645600e-05 6.462121e-05 6.025573e-05 6.336964e-05 8.389440e-05 1.015811e-04 9.449338e-05 7.066793e-05 4.593046e-05 2.892246e-05 1.691856e-05 8.508548e-06 3.291958e-06 1.024795e-06 2.651896e-07 5.760581e-08 1.077949e-08 1.415235e-09 1.368339e-10 8.126724e-12 2.386376e-13 2.937887e-15 1.004693e-17 7.728869e-21 8.572231e-25 6.521470e-30 2.412161e-36 1.681558e-44 2.802597e-45 2.802597e-45 1.401298e-45 1.401298e-45 1.401298e-45 1.401298e-45 1.401298e-45 1.401298e-45 1.401298e-45 1.401298e-45 2.802597e-45 2.802597e-45 2.802597e-45 2.802597e-45 2.802597e-45 1.401298e-45 1.401298e-45 1.401298e-45 1.401298e-45 1.401298e-45 2.802597e-45 2.802597e-45 1.401298e-45 1.401298e-45 1.401298e-45 1.401298e-45 1.401298e-45 1.401298e-45 1.401298e-45 1.401298e-45 1.401298e-45 2.802597e-45
0.000000e+00 0.000000e+00 1.401298e-45 1.401298e-45 1.401298e-45 1.401298e-45 1.401298e-45 1.401298e-45 1.401298e-45 1.401298e-45 1.401298e-45 1.401298e-45 1.401298e-45 1.401298e-45 2.802597e-45 2.802597e-45 2.802597e-45 4.203895e-45 4.203895e-45 5.605194e-45 9.809089e-45 4.346431e-39 1.156594e-31 5.423390e-25 6.864674e-19 3.806112e-14 9.167535e-11 1.013022e-08 1.391286e-07 6.199612e-07 1.459944e-06 3.844316e-06 8.174561e-06 2.265991e-05 4.632931e-05 9.760378e-05 1.793648e-04 3.035556e-04 5.444813e-04 7.253319e-04 9.831100e-04 1.055955e-03 1.119816e-03 1.136161e-03 1.117007e-03 1.151963e-03 1.229820e-03 1.379411e-03 1.747128e-03 2.352307e-03 3.341347e-03 5.080071e-03 6.981969e-03 1.033913e-02 1.421748e-02 1.780237e-02 2.341600e-02 2.683087e-02 2.941050e-02 3.102943e-02 3.013191e-02 2.954829e-02 2.797882e-02 2.603626e-02 2.520010e-02 2.311255e-02 2.036970e-02 1.893058e-02 1.631599e-02 1.336179e-02 1.195687e-02 1.002026e-02 7.723926e-03 6.321008e-03 5.135013e-03 3.831548e-03 2.854588e-03 2.176966e-03 1.593594e-03 1.134899e-03 8.398527e-04 6.311077e-04 4.692285e-04 3.623259e-04 3.018318e-04 2.587168e-04 2.259269e-04 2.124775e-04 2.127956e-04 2.121385e-04 2.094014e-04 2.176532e-04 2.305945e-04 2.329628e-04 2.232369e-04 2.171797e-04 2.148770e-04 2.050613e-04 1.875322e-04 1.722863e-04 1.636635e-04 1.519135e-04 1.371009e-04 1.236390e-04 1.145295e-04 1.111191e-04 1.088270e-04 1.048341e-04 9.770256e-05 9.263495e-05 9.078718e-05 8.841526e-05 8.122393e-05 6.747413e-05 5.808333e-05 5.784462e-05 6.517297e-05 6.414273e-05 5.148949e-05 4.162743e-05 4.352347e-05 5.479083e-05 5.622466e-05 4.165885e-05 3.221789e-05 4.219416e-05 7.746686e-05 1.105027e-04 9.844212e-05 7.040880e-05 5.061342e-05 3.908157e-05 2.869420e-05 1.909469e-05 1.185029e-05 6.972471e-06 3.731943e-06 1.635341e-06 5.359925e-07 1.133530e-07 1.635350e-08 1.610411e-09 1.326347e-10 9.942150e-12 5.348279e-13 1.728734e-14 2.150492e-16 7.694188e-19 5.099275e-22 2.381501e-26 4.915600e-32 2.354424e-39 2.802597e-45 2.802597e-45 1.401298e-45 1.401298e-45 1.401298e-45 1.401298e-45 1.401298e-45 1.401298e-45 1.401298e-45 1.401298e-45 2.802597e-45 2.802597e-45 2.802597e-45 2.802597e-45 2.802597e-45 1.401298e-45 1.401298e-45 1.401298e-45 1.401298e-45 1.401298e-45 2.802597e-45 1.401298e-45 1.401298e-45 1.401298e-45 1.401298e-45 1.401298e-45 1.401298e-45 1.401298e-45 1.401298e-45 1.401298e-45 2.802597e-45 2.802597e-45 2.802597e-45
0.000000e+00 1.401298e-45 1.401298e-45 1.401298e-45 1.401298e-45 1.401298e-45 1.401298e-45 1.401298e-45 1.401298e-45 1.401298e-45 1.401298e-45 1.401298e-45 1.401298e-45 1.401298e-45 1.401298e-45 2.802597e-45 2.802597e-45 4.203895e-45 4.203895e-45 5.605194e-45 8.407791e-45 3.225789e-42 2.025848e-34 7.142217e-27 2.023699e-20 2.569195e-15 5.775733e-12 7.633537e-10 1.116440e-08 7.283870e-08 3.577276e-07 1.498345e-06 6.712826e-06 2.052716e-05 7.009270e-05 1.490644e-04 3.082672e-04 4.647148e-04 6.135872e-04 8.121055e-04 8.392902e-04 9.246587e-04 8.874843e-04 8.733631e-04 9.365416e-04 1.017618e-03 1.247334e-03 1.685192e-03 2.250846e-03 3.478359e-03 5.018147e-03 7.551821e-03 1.134893e-02 1.442640e-02 1.988657e-02 2.344406e-02 2.613663e-02 3.003097e-02 2.970475e-02 3.025814e-02 2.945217e-02 2.630471e-02 2.552635e-02 2.359433e-02 2.082400e-02 2.036511e-02 1.824652e-02 1.519765e-02 1.413073e-02 1.193002e-02 9.269187e-03 8.046966e-03 6.779345e-03 5.093469e-03 3.992203e-03 3.195493e-03 2.347773e-03 1.700445e-03 1.291226e-03 9.482616e-04 6.626244e-04 4.849836e-04 3.759107e-04 2.902158e-04 2.301520e-04 1.998768e-04 1.835933e-04 1.702960e-04 1.662194e-04 1.741973e-04 1.786801e-04 1.750198e-04 1.740940e-04 1.810996e-04 1.808801e-04 1.681571e-04 1.549214e-04 1.480158e-04 1.402212e-04 1.252894e-04 1.127241e-04 1.055113e-04 1.008175e-04 9.284903e-05 8.209000e-05 7.409449e-05 6.994661e-05 6.845512e-05 6.428093e-05 5.855852e-05 5.443087e-05 5.362198e-05 5.502033e-05 5.271655e-05 4.627027e-05 3.878038e-05 3.731703e-05 3.976619e-05 4.065645e-05 3.462211e-05 2.834768e-05 2.803902e-05 3.558485e-05 4.732951e-05 5.573192e-05 6.443479e-05 8.028418e-05 9.177322e-05 8.239369e-05 5.799617e-05 3.609875e-05 2.196533e-05 1.306156e-05 7.495063e-06 3.849430e-06 1.853327e-06 8.716540e-07 3.949991e-07 1.455969e-07 3.706513e-08 5.352614e-09 4.183654e-10 2.256217e-11 8.178341e-13 2.163355e-14 3.535190e-16 3.037636e-18 1.132327e-20 7.438717e-24 3.013273e-28 2.703698e-34 3.842360e-42 2.802597e-45 1.401298e-45 1.401298e-45 1.401298e-45 1.401298e-45 1.401298e-45 1.401298e-45 1.401298e-45 1.401298e-45 1.401298e-45 1.401298e-45 2.802597e-45 2.802597e-45 2.802597e-45 1.401298e-45 1.401298e-45 1.401298e-45 1.401298e-45 1.401298e-45 1.401298e-45 1.401298e-45 1.401298e-45 1.401298e-45 1.401298e-45 1.401298e-45 1.401298e-45 1.401298e-45 1.401298e-45 1.401298e-45 2.802597e-45 2.802597e-45 2.802597e-45 2.802597e-45
0.000000e+00 0.000000e+00 1.401298e-45 1.401298e-45 1.401298e-45 1.401298e-45 1.401298e-45 1.401298e-45 1.401298e-45 1.401298e-45 1.401298e-45 1.401298e-45 1.401298e-45 1.401298e-45 1.401298e-45 2.802597e-45 2.802597e-45 2.802597e-45 4.203895e-45 5.605194e-45 7.006492e-45 1.401298e-44 2.411358e-37 2.166374e-29 1.294131e-22 1.246941e-17 5.518249e-14 1.414976e-11 9.212030e-10 1.642368e-08 1.881791e-07 1.460047e-06 8.784173e-06 4.265296e-05 1.146499e-04 2.780268e-04 3.930684e-04 5.444525e-04 5.753356e-04 5.735077e-04 6.041220e-04 5.692744e-04 6.039963e-04 6.616609e-04 7.489239e-04 1.016412e-03 1.346397e-03 1.982557e-03 3.100953e-03 4.503466e-03 7.137804e-03 9.722635e-03 1.390756e-02 1.858704e-02 2.159753e-02 2.706059e-02 2.815937e-02 2.895326e-02 3.028884e-02 2.736231e-02 2.627863e-02 2.476512e-02 2.133997e-02 2.036424e-02 1.877805e-02 1.602194e-02 1.534992e-02 1.362112e-02 1.101412e-02 9.977979e-03 8.503065e-03 6.516110e-03 5.398297e-03 4.551073e-03 3.438119e-03 2.588269e-03 2.037087e-03 1.491961e-03 1.040312e-03 7.726856e-04 5.834412e-04 4.135965e-04 2.990566e-04 2.384926e-04 1.980311e-04 1.660967e-04 1.495181e-04 1.460588e-04 1.435690e-04 1.432143e-04 1.484998e-04 1.540626e-04 1.484424e-04 1.396811e-04 1.358908e-04 1.326644e-04 1.213194e-04 1.066890e-04 9.803988e-05 9.174143e-05 8.314120e-05 7.240009e-05 6.600188e-05 6.390585e-05 6.114926e-05 5.492417e-05 4.734168e-05 4.380347e-05 4.286388e-05 4.122571e-05 3.681599e-05 3.315124e-05 3.385187e-05 3.660562e-05 3.781500e-05 3.325345e-05 2.910303e-05 2.825339e-05 3.088365e-05 3.012045e-05 2.629566e-05 2.497309e-05 3.372524e-05 5.581077e-05 8.357782e-05 9.859075e-05 9.762415e-05 8.312747e-05 6.385068e-05 4.579408e-05 3.071923e-05 1.889311e-05 1.131418e-05 6.318223e-06 3.147470e-06 1.453361e-06 5.940343e-07 2.068449e-07 5.948082e-08 1.391515e-08 2.220149e-09 2.251136e-10 1.145290e-11 2.935360e-13 4.194330e-15 3.043484e-17 1.214524e-19 1.921388e-22 6.056212e-26 1.480561e-30 8.706721e-37 1.121039e-44 2.802597e-45 1.401298e-45 1.401298e-45 1.401298e-45 1.401298e-45 1.401298e-45 1.401298e-45 1.401298e-45 1.401298e-45 2.802597e-45 2.802597e-45 2.802597e-45 1.401298e-45 1.401298e-45 1.401298e-45 1.401298e-45 1.401298e-45 1.401298e-45 1.401298e-45 1.401298e-45 1.401298e-45 1.401298e-45 1.401298e-45 1.401298e-45 1.401298e-45 1.401298e-45 1.401298e-45 1.401298e-45 2.802597e-45 2.802597e-45 2.802597e-45 2.802597e-45 1.401298e-45
0.000000e+00 1.401298e-45 1.401298e-45 1.401298e-45 1.401298e-45 1.401298e-45 1.401298e-45 1.401298e-45 1.401298e-45 1.401298e-45 1.401298e-45 1.401298e-45 1.401298e-45 1.401298e-45 2.802597e-45 2.802597e-45 2.802597e-45 2.802597e-45 4.203895e-45 5.605194e-45 5.605194e-45 8.407791e-45 7.377458e-40 8.167117e-32 3.027010e-25 4.831500e-20 4.342411e-16 7.674470e-13 2.113404e-10 1.760066e-08 3.405598e-07 3.671319e-06 2.153656e-05 8.564021e-05 2.223831e-04 3.326790e-04 4.354103e-04 4.254502e-04 4.426799e-04 4.225170e-04 4.123476e-04 4.519188e-04 5.040374e-04 6.325807e-04 8.667004e-04 1.185394e-03 1.859508e-03 2.720609e-03 4.307052e-03 6.535155e-03 9.402524e-03 1.372469e-02 1.664355e-02 2.184794e-02 2.543545e-02 2.728811e-02 3.094481e-02 2.949454e-02 2.845555e-02 2.736703e-02 2.389650e-02 2.204329e-02 2.008577e-02 1.726360e-02 1.604808e-02 1.427257e-02 1.202712e-02 1.112580e-02 9.727266e-03 7.915226e-03 6.940054e-03 5.974395e-03 4.642847e-03 3.727061e-03 3.091706e-03 2.338625e-03 1.699380e-03 1.302698e-03 9.614322e-04 6.587543e-04 4.734857e-04 3.661573e-04 2.740750e-04 2.032121e-04 1.644933e-04 1.451896e-04 1.306061e-04 1.227806e-04 1.211530e-04 1.222638e-04 1.214692e-04 1.226131e-04 1.220170e-04 1.159912e-04 1.048335e-04 9.588752e-05 8.915514e-05 8.002923e-05 6.932492e-05 6.109395e-05 5.719213e-05 5.302048e-05 4.672891e-05 4.142518e-05 3.950709e-05 3.955106e-05 3.705096e-05 3.222890e-05 2.854347e-05 2.879828e-05 2.975503e-05 2.770891e-05 2.457512e-05 2.408188e-05 2.821103e-05 3.148152e-05 2.989301e-05 2.529248e-05 2.644776e-05 3.359391e-05 4.270472e-05 4.630083e-05 5.550671e-05 7.800567e-05 1.046156e-04 1.107010e-04 9.673720e-05 7.536534e-05 5.482435e-05 3.746244e-05 2.454142e-05 1.568256e-05 9.710418e-06 5.339196e-06 2.653952e-06 1.141322e-06 4.115390e-07 1.231040e-07 3.117433e-08 6.772091e-09 1.275198e-09 1.631793e-10 1.007320e-11 2.938033e-13 3.619618e-15 1.912270e-17 3.533336e-20 1.606200e-23 1.287771e-27 9.366774e-33 3.706378e-39 2.802597e-45 2.802597e-45 1.401298e-45 1.401298e-45 1.401298e-45 1.401298e-45 1.401298e-45 1.401298e-45 1.401298e-45 1.401298e-45 2.802597e-45 2.802597e-45 1.401298e-45 1.401298e-45 1.401298e-45 1.401298e-45 1.401298e-45 1.401298e-45 1.401298e-45 1.401298e-45 1.401298e-45 1.401298e-45 1.401298e-45 1.401298e-45 1.401298e-45 1.401298e-45 1.401298e-45 2.802597e-45 2.802597e-45 2.802597e-45 2.802597e-45 2.802597e-45 2.802597e-45 1.401298e-45
0.000000e+00 0.000000e+00 1.401298e-45 1.401298e-45 1.401298e-45 1.401298e-45 1.401298e-45 1.401298e-45 1.401298e-45 1.401298e-45 1.401298e-45 1.401298e-45 1.401298e-45 1.401298e-45 1.401298e-45 2.802597e-45 2.802597e-45 2.802597e-45 4.203895e-45 4.203895e-45 4.203895e-45 7.006492e-45 1.387285e-43 2.321079e-35 2.134832e-28 1.447750e-22 1.362547e-17 1.464928e-13 1.942431e-10 2.597279e-08 8.537467e-07 8.125078e-06 4.234300e-05 1.208107e-04 2.335626e-04 3.100001e-04 2.973655e-04 2.674080e-04 2.450823e-04 2.574736e-04 2.934331e-04 3.620560e-04 4.947525e-04 7.068768e-04 1.092267e-03 1.684366e-03 2.667614e-03 4.243887e-03 6.122157e-03 9.466440e-03 1.240561e-02 1.683228e-02 2.120254e-02 2.319489e-02 2.755900e-02 2.761302e-02 2.795551e-02 2.807949e-02 2.492558e-02 2.329981e-02 2.074757e-02 1.801166e-02 1.673168e-02 1.476817e-02 1.277991e-02 1.179430e-02 1.015366e-02 8.494373e-03 7.690561e-03 6.720506e-03 5.578619e-03 4.815930e-03 4.142396e-03 3.284214e-03 2.575251e-03 2.070587e-03 1.554519e-03 1.096278e-03 8.053250e-04 5.979457e-04 4.218157e-04 3.027029e-04 2.354284e-04 1.887274e-04 1.492736e-04 1.232279e-04 1.100913e-04 1.053029e-04 1.023104e-04 1.007148e-04 9.831842e-05 9.655651e-05 9.386303e-05 8.982565e-05 8.216624e-05 7.290299e-05 6.429708e-05 5.675512e-05 4.962505e-05 4.201090e-05 3.694171e-05 3.444379e-05 3.276842e-05 2.993296e-05 2.664082e-05 2.501283e-05 2.499412e-05 2.512037e-05 2.304666e-05 2.098492e-05 2.072814e-05 2.194579e-05 2.225289e-05 2.078642e-05 2.100709e-05 2.419877e-05 3.070201e-05 3.368303e-05 3.521857e-05 4.250538e-05 6.677752e-05 9.964286e-05 1.212031e-04 1.238853e-04 1.165629e-04 1.009528e-04 8.212979e-05 6.387247e-05 4.634431e-05 3.060052e-05 1.858853e-05 1.076205e-05 6.002206e-06 3.199408e-06 1.534215e-06 5.825682e-07 1.765263e-07 4.353147e-08 8.983936e-09 1.701892e-09 3.074387e-10 4.281510e-11 4.243756e-12 2.274311e-13 5.100624e-15 3.557151e-17 4.471610e-20 7.018736e-24 1.074506e-28 1.342068e-34 1.227397e-41 2.802597e-45 2.802597e-45 1.401298e-45 1.401298e-45 1.401298e-45 1.401298e-45 1.401298e-45 1.401298e-45 1.401298e-45 1.401298e-45 1.401298e-45 1.401298e-45 1.401298e-45 1.401298e-45 1.401298e-45 1.401298e-45 1.401298e-45 1.401298e-45 1.401298e-45 1.401298e-45 1.401298e-45 1.401298e-45 1.401298e-45 1.401298e-45 1.401298e-45 1.401298e-45 1.401298e-45 2.802597e-45 2.802597e-45 2.802597e-45 2.802597e-45 2.802597e-45 1.401298e-45 1.401298e-45
0.000000e+00 0.000000e+00 1.401298e-45 1.401298e-45 1.401298e-45 1.401298e-45 1.401298e-45 1.401298e-45 1.401298e-45 1.401298e-45 1.401298e-45 1.401298e-45 1.401298e-45 1.401298e-45 1.401298e-45 2.802597e-45 2.802597e-45 2.802597e-45 2.802597e-45 4.203895e-45 4.203895e-45 5.605194e-45 1.261169e-44 7.540790e-38 1.751389e-30 4.765133e-24 1.940092e-18 8.055829e-14 2.020112e-10 4.462562e-08 1.343131e-06 1.181324e-05 4.248629e-05 8.869961e-05 1.293861e-04 1.496312e-04 1.460070e-04 1.370277e-04 1.312780e-04 1.590824e-04 2.261890e-04 3.420137e-04 5.705258e-04 9.091870e-04 1.499742e-03 2.576990e-03 3.841985e-03 6.397953e-03 9.233278e-03 1.268698e-02 1.798817e-02 2.033533e-02 2.578202e-02 2.762022e-02 2.764235e-02 2.949374e-02 2.595532e-02 2.466663e-02 2.261658e-02 1.890324e-02 1.742257e-02 1.522339e-02 1.302321e-02 1.228323e-02 1.075914e-02 9.174499e-03 8.477131e-03 7.237861e-03 6.050268e-03 5.430739e-03 4.735634e-03 3.978116e-03 3.432174e-03 2.895304e-03 2.277660e-03 1.759923e-03 1.357008e-03 9.968110e-04 7.004442e-04 4.970259e-04 3.624489e-04 2.668010e-04 1.998811e-04 1.573842e-04 1.321143e-04 1.148151e-04 9.943520e-05 8.928151e-05 8.614486e-05 8.712047e-05 8.509745e-05 8.052136e-05 7.602165e-05 7.284063e-05 6.737221e-05 5.889092e-05 5.017732e-05 4.311709e-05 3.795843e-05 3.236864e-05 2.731019e-05 2.412664e-05 2.280841e-05 2.188961e-05 2.030632e-05 1.882790e-05 1.816144e-05 1.844549e-05 1.809496e-05 1.721317e-05 1.655952e-05 1.728542e-05 1.851728e-05 1.869482e-05 1.887342e-05 2.047776e-05 2.712132e-05 3.906423e-05 5.773608e-05 8.075441e-05 1.147278e-04 1.488906e-04 1.644384e-04 1.545554e-04 1.282584e-04 9.692444e-05 6.877686e-05 4.821774e-05 3.418505e-05 2.428956e-05 1.616789e-05 9.368230e-06 4.837963e-06 2.354603e-06 1.020257e-06 3.857732e-07 1.222256e-07 2.893499e-08 4.938634e-09 6.317354e-10 6.178227e-11 5.779232e-12 5.085159e-13 3.071481e-14 1.040356e-15 1.067127e-17 1.690756e-20 2.262784e-24 1.442461e-29 3.851249e-36 4.624285e-44 2.802597e-45 2.802597e-45 1.401298e-45 1.401298e-45 1.401298e-45 1.401298e-45 1.401298e-45 1.401298e-45 1.401298e-45 1.401298e-45 1.401298e-45 1.401298e-45 1.401298e-45 1.401298e-45 1.401298e-45 1.401298e-45 1.401298e-45 1.401298e-45 1.401298e-45 1.401298e-45 1.401298e-45 1.401298e-45 1.401298e-45 1.401298e-45 1.401298e-45 1.401298e-45 2.802597e-45 2.802597e-45 2.802597e-45 2.802597e-45 2.802597e-45 1.401298e-45 1.401298e-45 1.401298e-45
0.000000e+00 1.401298e-45 1.401298e-45 1.401298e-45 1.401298e-45 1.401298e-45 1.401298e-45 1.401298e-45 1.401298e-45 1.401298e-45 1.401298e-45 1.401298e-45 1.401298e-45 1.401298e-45 1.401298e-45 2.802597e-45 2.802597e-45 2.802597e-45 2.802597e-45 2.802597e-45 4.203895e-45 5.605194e-45 1.261169e-44 1.724519e-39 5.345245e-32 2.873940e-25 2.707423e-19 2.013794e-14 9.244223e-11 2.505203e-08 8.101792e-07 6.246906e-06 2.010862e-05 4.174180e-05 5.569841e-05 6.528727e-05 6.852343e-05 7.366740e-05 9.511896e-05 1.257486e-04 2.139108e-04 3.942132e-04 6.857592e-04 1.341564e-03 2.144346e-03 3.550518e-03 5.928192e-03 7.979604e-03 1.273197e-02 1.616027e-02 2.051352e-02 2.587535e-02 2.578800e-02 2.949023e-02 2.806860e-02 2.565911e-02 2.506757e-02 2.060775e-02 1.818705e-02 1.638995e-02 1.347081e-02 1.224014e-02 1.104185e-02 9.418712e-03 8.880025e-03 7.927424e-03 6.761071e-03 6.215191e-03 5.396632e-03 4.562650e-03 4.078837e-03 3.510154e-03 2.924567e-03 2.524321e-03 2.074058e-03 1.589083e-03 1.218482e-03 9.113372e-04 6.453926e-04 4.587771e-04 3.305463e-04 2.369272e-04 1.780032e-04 1.422374e-04 1.168765e-04 1.014547e-04 9.399150e-05 8.725718e-05 7.869556e-05 7.482705e-05 7.544809e-05 7.427116e-05 6.751379e-05 6.059719e-05 5.623955e-05 5.153101e-05 4.376453e-05 3.502133e-05 2.963123e-05 2.663197e-05 2.367066e-05 1.993928e-05 1.744192e-05 1.697481e-05 1.689303e-05 1.589130e-05 1.472978e-05 1.511548e-05 1.634671e-05 1.674017e-05 1.532369e-05 1.496797e-05 1.705815e-05 2.013510e-05 2.210203e-05 2.412127e-05 3.365470e-05 5.720715e-05 9.738687e-05 1.365752e-04 1.657897e-04 1.767871e-04 1.681269e-04 1.478932e-04 1.226723e-04 9.678183e-05 6.876794e-05 4.393355e-05 2.685772e-05 1.708863e-05 1.114094e-05 6.917478e-06 3.900272e-06 1.903683e-06 8.205213e-07 3.081750e-07 9.166306e-08 2.047087e-08 3.051148e-09 2.695190e-10 1.702503e-11 9.965722e-13 4.741621e-14 1.831807e-15 4.068036e-17 3.396012e-19 5.977912e-22 7.836321e-26 3.249431e-31 3.195370e-38 2.802597e-45 2.802597e-45 2.802597e-45 1.401298e-45 1.401298e-45 1.401298e-45 1.401298e-45 1.401298e-45 1.401298e-45 1.401298e-45 1.401298e-45 1.401298e-45 1.401298e-45 1.401298e-45 1.401298e-45 1.401298e-45 1.401298e-45 1.401298e-45 1.401298e-45 1.401298e-45 1.401298e-45 1.401298e-45 1.401298e-45 1.401298e-45 1.401298e-45 1.401298e-45 1.401298e-45 2.802597e-45 2.802597e-45 2.802597e-45 2.802597e-45 1.401298e-45 1.401298e-45 1.401298e-45 1.401298e-45
0.000000e+00 0.000000e+00 1.401298e-45 1.401298e-45 1.401298e-45 1.401298e-45 1.401298e-45 1.401298e-45 1.401298e-45 1.401298e-45 1.401298e-45 1.401298e-45 1.401298e-45 1.401298e-45 1.401298e-45 1.401298e-45 1.401298e-45 2.802597e-45 2.802597e-45 4.203895e-45 4.203895e-45 7.006492e-45 9.809089e-45 2.547561e-42 6.490380e-35 1.074411e-27 2.607266e-21 4.885471e-16 3.528755e-12 1.670814e-09 7.304949e-08 7.177543e-07 2.883779e-06 6.572620e-06 1.285695e-05 1.785008e-05 2.520808e-05 3.591209e-05 5.514787e-05 1.087173e-04 1.960739e-04 4.109853e-04 8.672265e-04 1.536548e-03 3.152203e-03 4.868792e-03 7.745421e-03 1.202891e-02 1.455031e-02 2.069237e-02 2.290603e-02 2.590907e-02 2.850144e-02 2.598655e-02 2.648596e-02 2.348249e-02 2.001510e-02 1.818035e-02 1.487292e-02 1.252356e-02 1.128869e-02 9.731173e-03 8.897348e-03 8.161128e-03 7.317487e-03 6.846217e-03 6.093326e-03 5.441744e-03 4.963514e-03 4.294411e-03 3.756177e-03 3.346920e-03 2.784409e-03 2.302053e-03 1.984960e-03 1.577671e-03 1.168210e-03 8.853961e-04 6.501239e-04 4.520881e-04 3.282752e-04 2.454825e-04 1.808892e-04 1.387208e-04 1.147419e-04 9.831322e-05 8.788663e-05 8.438862e-05 8.103531e-05 7.364239e-05 6.718474e-05 6.548055e-05 6.382777e-05 5.706255e-05 4.802740e-05 4.152656e-05 3.733741e-05 3.172783e-05 2.540906e-05 2.081645e-05 1.881439e-05 1.735450e-05 1.509296e-05 1.335363e-05 1.316704e-05 1.379310e-05 1.355980e-05 1.277678e-05 1.293759e-05 1.521042e-05 1.733504e-05 1.753350e-05 1.780718e-05 2.248689e-05 3.394832e-05 4.883484e-05 6.711348e-05 9.639339e-05 1.402204e-04 1.759803e-04 1.922219e-04 1.912966e-04 1.730083e-04 1.396859e-04 1.023928e-04 7.283711e-05 4.994110e-05 3.255466e-05 1.920200e-05 1.043329e-05 5.450276e-06 2.787317e-06 1.339746e-06 5.888824e-07 2.431287e-07 8.538522e-08 2.488325e-08 5.563632e-09 8.106611e-10 6.948067e-11 3.597767e-12 1.080313e-13 2.148526e-15 2.938830e-17 2.491990e-19 1.253404e-21 1.627378e-24 1.780528e-28 6.344325e-34 3.290809e-41 2.802597e-45 2.802597e-45 1.401298e-45 1.401298e-45 1.401298e-45 1.401298e-45 1.401298e-45 1.401298e-45 1.401298e-45 1.401298e-45 1.401298e-45 1.401298e-45 1.401298e-45 1.401298e-45 1.401298e-45 1.401298e-45 1.401298e-45 1.401298e-45 1.401298e-45 1.401298e-45 1.401298e-45 1.401298e-45 1.401298e-45 1.401298e-45 1.401298e-45 1.401298e-45 2.802597e-45 2.802597e-45 2.802597e-45 2.802597e-45 1.401298e-45 1.401298e-45 1.401298e-45 1.401298e-45 1.401298e-45
0.000000e+00 0.000000e+00 1.401298e-45 1.401298e-45 1.401298e-45 1.401298e-45 1.401298e-45 1.401298e-45 1.401298e-45 1.401298e-45 1.401298e-45 1.401298e-45 1.401298e-45 1.401298e-45 1.401298e-45 1.401298e-45 1.401298e-45 2.802597e-45 2.802597e-45 4.203895e-45 4.203895e-45 5.605194e-45 7.006492e-45 9.809089e-45 1.487215e-39 5.475403e-32 4.173145e-25 1.812255e-19 4.923843e-15 6.453336e-12 8.983530e-10 1.798123e-08 1.191624e-07 4.590608e-07 1.268719e-06 3.670842e-06 8.233958e-06 1.877974e-05 4.263027e-05 9.511835e-05 2.543019e-04 5.486544e-04 1.207645e-03 2.543241e-03 4.295758e-03 8.232377e-03 1.157540e-02 1.656487e-02 2.181640e-02 2.403781e-02 2.874108e-02 2.806441e-02 2.858669e-02 2.697449e-02 2.353484e-02 2.142511e-02 1.814378e-02 1.519958e-02 1.303594e-02 1.115341e-02 9.612607e-03 8.493567e-03 7.926212e-03 7.372362e-03 6.569169e-03 6.263841e-03 5.820674e-03 5.063384e-03 4.725277e-03 4.309325e-03 3.639427e-03 3.260136e-03 2.944676e-03 2.360785e-03 1.907145e-03 1.625568e-03 1.252868e-03 8.991372e-04 6.691925e-04 4.879037e-04 3.451123e-04 2.572222e-04 1.982276e-04 1.512380e-04 1.205109e-04 1.026740e-04 8.943320e-05 8.107856e-05 7.901080e-05 7.747465e-05 7.026098e-05 6.147918e-05 5.654552e-05 5.334715e-05 4.698790e-05 3.781646e-05 3.083643e-05 2.604694e-05 2.210787e-05 1.806785e-05 1.540664e-05 1.425943e-05 1.333683e-05 1.202359e-05 1.089251e-05 1.074828e-05 1.132337e-05 1.178988e-05 1.166909e-05 1.248696e-05 1.509835e-05 1.997230e-05 2.537522e-05 3.371199e-05 5.247307e-05 8.747922e-05 1.280832e-04 1.560811e-04 1.695167e-04 1.681925e-04 1.590553e-04 1.476976e-04 1.335217e-04 1.127596e-04 8.399641e-05 5.551587e-05 3.377091e-05 1.998302e-05 1.100826e-05 5.524430e-06 2.498307e-06 1.028601e-06 3.769665e-07 1.214971e-07 3.357261e-08 7.808725e-09 1.682007e-09 3.277152e-10 5.867418e-11 7.995369e-12 5.732338e-13 1.668188e-14 1.878550e-16 7.765313e-19 1.584723e-21 1.429488e-24 3.508722e-28 1.203167e-32 2.124535e-38 2.802597e-45 2.802597e-45 2.802597e-45 1.401298e-45 1.401298e-45 1.401298e-45 1.401298e-45 1.401298e-45 1.401298e-45 1.401298e-45 1.401298e-45 1.401298e-45 1.401298e-45 1.401298e-45 1.401298e-45 1.401298e-45 1.401298e-45 1.401298e-45 1.401298e-45 1.401298e-45 1.401298e-45 1.401298e-45 1.401298e-45 1.401298e-45 1.401298e-45 1.401298e-45 2.802597e-45 2.802597e-45 2.802597e-45 1.401298e-45 1.401298e-45 1.401298e-45 1.401298e-45 1.401298e-45 1.401298e-45 1.401298e-45
0.000000e+00 0.000000e+00 1.401298e-45 1.401298e-45 1.401298e-45 1.401298e-45 1.401298e-45 1.401298e-45 1.401298e-45 1.401298e-45 1.401298e-45 1.401298e-45 1.401298e-45 1.401298e-45 1.401298e-45 1.401298e-45 2.802597e-45 2.802597e-45 2.802597e-45 4.203895e-45 4.203895e-45 4.203895e-45 4.203895e-45 5.605194e-45 1.261169e-44 3.905982e-37 5.550775e-30 9.359042e-24 8.395260e-19 5.275087e-15 2.059079e-12 1.396570e-10 2.413275e-09 2.199994e-08 1.470440e-07 7.226539e-07 3.415423e-06 1.241671e-05 4.027078e-05 1.258792e-04 3.346521e-04 9.513871e-04 2.057395e-03 4.084134e-03 7.355846e-03 1.099105e-02 1.699083e-02 2.066200e-02 2.546877e-02 2.691792e-02 2.766551e-02 2.716032e-02 2.462704e-02 2.326712e-02 1.971612e-02 1.731586e-02 1.456986e-02 1.224924e-02 1.062369e-02 8.872444e-03 8.233347e-03 7.615295e-03 6.645336e-03 6.612983e-03 6.285414e-03 5.461928e-03 5.343750e-03 4.977824e-03 4.283354e-03 4.086757e-03 3.765698e-03 3.111979e-03 2.779652e-03 2.543536e-03 2.016452e-03 1.550280e-03 1.262917e-03 9.557822e-04 6.799361e-04 4.980652e-04 3.632478e-04 2.623599e-04 2.018738e-04 1.605596e-04 1.266371e-04 1.043652e-04 9.170004e-05 8.148739e-05 7.333277e-05 7.059966e-05 6.968694e-05 6.343551e-05 5.373837e-05 4.655761e-05 4.217621e-05 3.584628e-05 2.805435e-05 2.181066e-05 1.837321e-05 1.577145e-05 1.344047e-05 1.215566e-05 1.174775e-05 1.145351e-05 1.059776e-05 9.911225e-06 1.007383e-05 1.083419e-05 1.147363e-05 1.252965e-05 1.501623e-05 2.183733e-05 3.487850e-05 5.668751e-05 8.788121e-05 1.252402e-04 1.522014e-04 1.598890e-04 1.564733e-04 1.438983e-04 1.234501e-04 1.003998e-04 8.245125e-05 6.856105e-05 5.335970e-05 3.686764e-05 2.242695e-05 1.244603e-05 6.452556e-06 3.152938e-06 1.378836e-06 5.323776e-07 1.787337e-07 5.115870e-08 1.146489e-08 2.065209e-09 2.991988e-10 3.858482e-11 5.109696e-12 5.764735e-13 4.515314e-14 1.905928e-15 2.998884e-17 1.357199e-19 1.270690e-22 1.651856e-26 2.704702e-31 4.551339e-37 7.286752e-44 2.802597e-45 2.802597e-45 1.401298e-45 1.401298e-45 1.401298e-45 1.401298e-45 1.401298e-45 1.401298e-45 1.401298e-45 1.401298e-45 1.401298e-45 1.401298e-45 1.401298e-45 1.401298e-45 1.401298e-45 1.401298e-45 1.401298e-45 1.401298e-45 1.401298e-45 1.401298e-45 1.401298e-45 1.401298e-45 1.401298e-45 1.401298e-45 1.401298e-45 2.802597e-45 2.802597e-45 2.802597e-45 1.401298e-45 1.401298e-45 1.401298e-45 1.401298e-45 1.401298e-45 1.401298e-45 1.401298e-45 1.401298e-45
0.000000e+00 0.000000e+00 1.401298e-45 1.401298e-45 1.401298e-45 1.401298e-45 1.401298e-45 1.401298e-45 1.401298e-45 1.401298e-45 1.401298e-45 1.401298e-45 1.401298e-45 1.401298e-45 1.401298e-45 1.401298e-45 2.802597e-45 2.802597e-45 2.802597e-45 2.802597e-45 2.802597e-45 2.802597e-45 2.802597e-45 4.203895e-45 5.605194e-45 5.002636e-43 1.113522e-35 1.711856e-28 1.340837e-22 3.453723e-18 6.592249e-15 1.417251e-12 9.511381e-11 2.654739e-09 4.027547e-08 4.342595e-07 3.015886e-06 1.748837e-05 7.801159e-05 2.663036e-04 8.262597e-04 1.981784e-03 4.491896e-03 7.951429e-03 1.257699e-02 1.708814e-02 2.173340e-02 2.517406e-02 2.670931e-02 2.784444e-02 2.505490e-02 2.411120e-02 2.005801e-02 1.769785e-02 1.543833e-02 1.261634e-02 1.144318e-02 9.346077e-03 8.207782e-03 7.589038e-03 6.352644e-03 6.313366e-03 6.226470e-03 5.465158e-03 5.608054e-03 5.409183e-03 4.730513e-03 4.670259e-03 4.343212e-03 3.720103e-03 3.561031e-03 3.320963e-03 2.710301e-03 2.335829e-03 2.103449e-03 1.658825e-03 1.222177e-03 9.295829e-04 6.859773e-04 4.934737e-04 3.635806e-04 2.661362e-04 1.948140e-04 1.529072e-04 1.260861e-04 1.034909e-04 8.701545e-05 7.745254e-05 6.908528e-05 6.118457e-05 5.681394e-05 5.516038e-05 5.040276e-05 4.146187e-05 3.393108e-05 2.893652e-05 2.418141e-05 1.849468e-05 1.455441e-05 1.272708e-05 1.154138e-05 1.034258e-05 9.630563e-06 1.006598e-05 1.064986e-05 1.035777e-05 1.005418e-05 1.086455e-05 1.281357e-05 1.602681e-05 2.112005e-05 3.240761e-05 5.191284e-05 7.787837e-05 1.048229e-04 1.311849e-04 1.464167e-04 1.412767e-04 1.264926e-04 1.102544e-04 9.174112e-05 6.848301e-05 4.736621e-05 3.317415e-05 2.474935e-05 1.885019e-05 1.300019e-05 7.639341e-06 3.895792e-06 1.792513e-06 7.650435e-07 3.066842e-07 1.071383e-07 3.027142e-08 6.622032e-09 1.112579e-09 1.343059e-10 1.337914e-11 1.053189e-12 6.513419e-14 3.261689e-15 1.110640e-16 2.161055e-18 1.420100e-20 1.362205e-23 9.459867e-28 2.910812e-33 3.802956e-40 2.802597e-45 2.802597e-45 2.802597e-45 1.401298e-45 1.401298e-45 1.401298e-45 1.401298e-45 1.401298e-45 1.401298e-45 1.401298e-45 1.401298e-45 1.401298e-45 1.401298e-45 1.401298e-45 1.401298e-45 1.401298e-45 1.401298e-45 1.401298e-45 1.401298e-45 1.401298e-45 1.401298e-45 1.401298e-45 1.401298e-45 1.401298e-45 1.401298e-45 1.401298e-45 2.802597e-45 1.401298e-45 1.401298e-45 1.401298e-45 1.401298e-45 1.401298e-45 1.401298e-45 1.401298e-45 1.401298e-45 1.401298e-45 1.401298e-45
0.000000e+00 0.000000e+00 1.401298e-45 1.401298e-45 1.401298e-45 1.401298e-45 1.401298e-45 1.401298e-45 1.401298e-45 1.401298e-45 1.401298e-45 1.401298e-45 1.401298e-45 1.401298e-45 1.401298e-45 1.401298e-45 2.802597e-45 2.802597e-45 2.802597e-45 2.802597e-45 2.802597e-45 2.802597e-45 2.802597e-45 2.802597e-45 4.203895e-45 9.809089e-45 1.106153e-39 1.105111e-31 2.573966e-25 2.310722e-20 1.157454e-16 9.272919e-14 1.628184e-11 1.158263e-09 3.882189e-08 6.467708e-07 6.961724e-06 4.492986e-05 2.207686e-04 8.353415e-04 2.298160e-03 5.312141e-03 9.616019e-03 1.537854e-02 2.066065e-02 2.518233e-02 2.654946e-02 2.872425e-02 2.663884e-02 2.600129e-02 2.322038e-02 1.995148e-02 1.814312e-02 1.413879e-02 1.268073e-02 1.054927e-02 8.801982e-03 8.288281e-03 6.917107e-03 6.452222e-03 6.328262e-03 5.519384e-03 5.626403e-03 5.674834e-03 5.140042e-03 5.202998e-03 4.994395e-03 4.458617e-03 4.390272e-03 4.085653e-03 3.471251e-03 3.249242e-03 3.024385e-03 2.439468e-03 1.975555e-03 1.669334e-03 1.290458e-03 9.346578e-04 6.769692e-04 4.836813e-04 3.496576e-04 2.616110e-04 1.944613e-04 1.441419e-04 1.139361e-04 9.604428e-05 8.128121e-05 6.959255e-05 6.160011e-05 5.474325e-05 4.728273e-05 4.175648e-05 3.868969e-05 3.467154e-05 2.799977e-05 2.155989e-05 1.756165e-05 1.445680e-05 1.133760e-05 9.140093e-06 8.396408e-06 8.391281e-06 7.894824e-06 7.566834e-06 8.224885e-06 9.606281e-06 1.084844e-05 1.216809e-05 1.576214e-05 2.381237e-05 3.520718e-05 4.991839e-05 6.778968e-05 8.559478e-05 9.515473e-05 1.008032e-04 1.078697e-04 1.087777e-04 9.665515e-05 7.882040e-05 6.534164e-05 5.278520e-05 3.690359e-05 2.131107e-05 1.136405e-05 6.357364e-06 3.926943e-06 2.526521e-06 1.470220e-06 6.953264e-07 2.726387e-07 9.525918e-08 3.059085e-08 8.905410e-09 2.154506e-09 3.804933e-10 4.453101e-11 3.288203e-12 1.579936e-13 6.224373e-15 1.978389e-16 4.528430e-18 5.729489e-20 2.230243e-22 1.452499e-25 7.206468e-30 1.232663e-35 5.324934e-43 2.802597e-45 2.802597e-45 2.802597e-45 1.401298e-45 1.401298e-45 1.401298e-45 1.401298e-45 1.401298e-45 1.401298e-45 1.401298e-45 1.401298e-45 1.401298e-45 1.401298e-45 1.401298e-45 1.401298e-45 1.401298e-45 1.401298e-45 1.401298e-45 1.401298e-45 1.401298e-45 1.401298e-45 1.401298e-45 1.401298e-45 1.401298e-45 1.401298e-45 2.802597e-45 2.802597e-45 1.401298e-45 1.401298e-45 1.401298e-45 1.401298e-45 1.401298e-45 1.401298e-45 1.401298e-45 1.401298e-45 1.401298e-45 0.000000e+00
0.000000e+00 0.000000e+00 1.401298e-45 1.401298e-45 1.401298e-45 1.401298e-45 1.401298e-45 1.401298e-45 1.401298e-45 1.401298e-45 1.401298e-45 1.401298e-45 1.401298e-45 1.401298e-45 1.401298e-45 1.401298e-45 1.401298e-45 1.401298e-45 1.401298e-45 1.401298e-45 1.401298e-45 2.802597e-45 2.802597e-45 2.802597e-45 4.203895e-45 9.809089e-45 4.984699e-41 1.114151e-32 4.966042e-26 7.413870e-21 8.237370e-17 1.060020e-13 3.499211e-11 3.539808e-09 1.483414e-07 3.039571e-06 2.956534e-05 1.906178e-04 7.549334e-04 2.312314e-03 5.631518e-03 1.047157e-02 1.637760e-02 2.160283e-02 2.508854e-02 2.795241e-02 2.735441e-02 2.555834e-02 2.391281e-02 1.996910e-02 1.900975e-02 1.532002e-02 1.355478e-02 1.186056e-02 9.478034e-03 8.820734e-03 7.386260e-03 6.598521e-03 6.404633e-03 5.695746e-03 5.669389e-03 5.661656e-03 5.262579e-03 5.410784e-03 5.256110e-03 4.971425e-03 5.021295e-03 4.663130e-03 4.247631e-03 4.193876e-03 3.857015e-03 3.278360e-03 2.956154e-03 2.630427e-03 2.086779e-03 1.602802e-03 1.236556e-03 9.222536e-04 6.730933e-04 4.803897e-04 3.349208e-04 2.394784e-04 1.797532e-04 1.367333e-04 1.041263e-04 8.298546e-05 7.003272e-05 6.058178e-05 5.262414e-05 4.620568e-05 3.997037e-05 3.354555e-05 2.840984e-05 2.498839e-05 2.159815e-05 1.680636e-05 1.245784e-05 9.757922e-06 8.207255e-06 6.921170e-06 5.843412e-06 5.623928e-06 5.843679e-06 6.107300e-06 6.418570e-06 7.595540e-06 1.056771e-05 1.490333e-05 2.089674e-05 3.064482e-05 4.394334e-05 5.675367e-05 6.512243e-05 7.047029e-05 6.987008e-05 6.464762e-05 6.155782e-05 6.278374e-05 6.167257e-05 5.058459e-05 3.606407e-05 2.542692e-05 1.870578e-05 1.274629e-05 7.015133e-06 3.064773e-06 1.251735e-06 5.560340e-07 2.754701e-07 1.365599e-07 5.626685e-08 1.729390e-08 4.110803e-09 8.342162e-10 1.507931e-10 2.398209e-11 2.946328e-12 2.193816e-13 1.024906e-14 3.149738e-16 6.345503e-18 7.718179e-20 4.002936e-22 6.234848e-25 1.824935e-28 4.829625e-33 4.607063e-39 2.802597e-45 2.802597e-45 2.802597e-45 1.401298e-45 1.401298e-45 1.401298e-45 1.401298e-45 1.401298e-45 1.401298e-45 1.401298e-45 1.401298e-45 1.401298e-45 1.401298e-45 1.401298e-45 1.401298e-45 1.401298e-45 1.401298e-45 1.401298e-45 1.401298e-45 1.401298e-45 1.401298e-45 1.401298e-45 1.401298e-45 1.401298e-45 1.401298e-45 1.401298e-45 1.401298e-45 1.401298e-45 1.401298e-45 1.401298e-45 1.401298e-45 1.401298e-45 1.401298e-45 1.401298e-45 1.401298e-45 1.401298e-45 1.401298e-45 0.000000e+00
0.000000e+00 0.000000e+00 1.401298e-45 1.401298e-45 1.401298e-45 1.401298e-45 1.401298e-45 1.401298e-45 1.401298e-45 1.401298e-45 1.401298e-45 1.401298e-45 1.401298e-45 1.401298e-45 1.401298e-45 1.401298e-45 1.401298e-45 1.401298e-45 1.401298e-45 1.401298e-45 1.401298e-45 2.802597e-45 2.802597e-45 4.203895e-45 7.006492e-45 1.681558e-44 1.110874e-37 7.725483e-30 1.249460e-23 8.769184e-19 5.195562e-15 5.135171e-12 1.099738e-09 8.321964e-08 2.430295e-06 3.340246e-05 2.573410e-04 1.081775e-03 3.280144e-03 6.980587e-03 1.200623e-02 1.807736e-02 2.251768e-02 2.515163e-02 2.620512e-02 2.461371e-02 2.453632e-02 2.102978e-02 1.922137e-02 1.626240e-02 1.371515e-02 1.252335e-02 9.992027e-03 9.267527e-03 7.855136e-03 6.901438e-03 6.497406e-03 5.639605e-03 5.571858e-03 5.395961e-03 5.122849e-03 5.471603e-03 5.264285e-03 5.142584e-03 5.381139e-03 4.883375e-03 4.688762e-03 4.839080e-03 4.342134e-03 3.901484e-03 3.845798e-03 3.449464e-03 2.864138e-03 2.473073e-03 2.054668e-03 1.563141e-03 1.161877e-03 8.426676e-04 5.982627e-04 4.361823e-04 3.130703e-04 2.157712e-04 1.540384e-04 1.169085e-04 9.002750e-05 7.073421e-05 5.837701e-05 4.937271e-05 4.167783e-05 3.608937e-05 3.192005e-05 2.700329e-05 2.154179e-05 1.733495e-05 1.473659e-05 1.225418e-05 9.397584e-06 6.942597e-06 5.488818e-06 4.810975e-06 4.347072e-06 4.183125e-06 4.289919e-06 4.904179e-06 5.913793e-06 7.437269e-06 1.077251e-05 1.651804e-05 2.424944e-05 3.192561e-05 3.792195e-05 4.197246e-05 4.354363e-05 4.485473e-05 4.468356e-05 4.006669e-05 3.199751e-05 2.594148e-05 2.423078e-05 2.374114e-05 2.019617e-05 1.351411e-05 7.920057e-06 4.638272e-06 2.693209e-06 1.389383e-06 5.745275e-07 1.923874e-07 6.173881e-08 2.144365e-08 7.827907e-09 2.586878e-09 6.398159e-10 1.059591e-10 1.215430e-11 1.137932e-12 8.705071e-14 5.467133e-15 2.482751e-16 6.124723e-18 7.282897e-20 3.506730e-22 6.318864e-25 3.484918e-28 3.462869e-32 2.707263e-37 7.707142e-44 2.802597e-45 2.802597e-45 1.401298e-45 1.401298e-45 1.401298e-45 1.401298e-45 1.401298e-45 1.401298e-45 1.401298e-45 1.401298e-45 1.401298e-45 1.401298e-45 1.401298e-45 1.401298e-45 1.401298e-45 1.401298e-45 1.401298e-45 1.401298e-45 1.401298e-45 1.401298e-45 1.401298e-45 1.401298e-45 1.401298e-45 1.401298e-45 1.401298e-45 1.401298e-45 1.401298e-45 1.401298e-45 1.401298e-45 1.401298e-45 1.401298e-45 1.401298e-45 1.401298e-45 1.401298e-45 1.401298e-45 0.000000e+00 0.000000e+00 0.000000e+00
0.000000e+00 0.000000e+00 0.000000e+00 1.401298e-45 1.401298e-45 1.401298e-45 1.401298e-45 1.401298e-45 1.401298e-45 1.401298e-45 1.401298e-45 1.401298e-45 1.401298e-45 1.401298e-45 1.401298e-45 1.401298e-45 1.401298e-45 1.401298e-45 1.401298e-45 1.401298e-45 2.802597e-45 2.802597e-45 4.203895e-45 5.605194e-45 1.121039e-44 5.932593e-40 2.199714e-31 1.170302e-24 1.697587e-19 1.995673e-15 3.084269e-12 9.399904e-10 8.703610e-08 2.886535e-06 4.433682e-05 3.493784e-04 1.513203e-03 4.546302e-03 9.123569e-03 1.473844e-02 1.991325e-02 2.229212e-02 2.475732e-02 2.401178e-02 2.291118e-02 2.069705e-02 1.855104e-02 1.715183e-02 1.490530e-02 1.391152e-02 1.153149e-02 1.066051e-02 9.145286e-03 7.903001e-03 7.597558e-03 6.405841e-03 6.282405e-03 5.953096e-03 5.337084e-03 5.717460e-03 5.408321e-03 5.268055e-03 5.841973e-03 5.349039e-03 5.220767e-03 5.560644e-03 4.885388e-03 4.492940e-03 4.625187e-03 4.127985e-03 3.522434e-03 3.302671e-03 2.868500e-03 2.277058e-03 1.846172e-03 1.426942e-03 1.030133e-03 7.488097e-04 5.257814e-04 3.563584e-04 2.581151e-04 1.886879e-04 1.308704e-04 9.518534e-05 7.508260e-05 5.856972e-05 4.560429e-05 3.859759e-05 3.345345e-05 2.739012e-05 2.272289e-05 2.006429e-05 1.696343e-05 1.281269e-05 9.723561e-06 7.992061e-06 6.580288e-06 5.052521e-06 3.960784e-06 3.518912e-06 3.350420e-06 3.423511e-06 3.775654e-06 4.882094e-06 6.815187e-06 9.104387e-06 1.208855e-05 1.572453e-05 2.001026e-05 2.389607e-05 2.653572e-05 2.745436e-05 2.580801e-05 2.368555e-05 2.254253e-05 2.198899e-05 1.925100e-05 1.415663e-05 9.774527e-06 7.338570e-06 6.192216e-06 5.031557e-06 3.342520e-06 1.797984e-06 8.990077e-07 4.590324e-07 2.211063e-07 8.852754e-08 2.790109e-08 7.167806e-09 1.760336e-09 4.363904e-10 9.652371e-11 1.574606e-11 1.686419e-12 1.179523e-13 5.783866e-15 2.285685e-16 5.617609e-18 7.269608e-20 3.748391e-22 7.056749e-25 4.877186e-28 8.258333e-32 1.611317e-36 1.542830e-42 2.802597e-45 2.802597e-45 2.802597e-45 1.401298e-45 1.401298e-45 1.401298e-45 1.401298e-45 1.401298e-45 1.401298e-45 1.401298e-45 1.401298e-45 1.401298e-45 1.401298e-45 1.401298e-45 1.401298e-45 1.401298e-45 1.401298e-45 1.401298e-45 1.401298e-45 1.401298e-45 1.401298e-45 1.401298e-45 1.401298e-45 1.401298e-45 1.401298e-45 1.401298e-45 1.401298e-45 1.401298e-45 1.401298e-45 1.401298e-45 1.401298e-45 1.401298e-45 1.401298e-45 1.401298e-45 1.401298e-45 0.000000e+00 0.000000e+00 0.000000e+00 0.000000e+00
0.000000e+00 0.000000e+00 0.000000e+00 0.000000e+00 1.401298e-45 1.401298e-45 1.401298e-45 1.401298e-45 1.401298e-45 1.401298e-45 1.401298e-45 1.401298e-45 1.401298e-45 1.401298e-45 1.401298e-45 1.401298e-45 1.401298e-45 1.401298e-45 1.401298e-45 2.802597e-45 4.203895e-45 4.203895e-45 5.605194e-45 9.809089e-45 9.550690e-41 8.469294e-32 9.349578e-25 2.251423e-19 3.289079e-15 5.135948e-12 1.570101e-09 1.360156e-07 4.060414e-06 5.591715e-05 4.015798e-04 1.691010e-03 4.821450e-03 9.197011e-03 1.447722e-02 1.798539e-02 2.012568e-02 2.042336e-02 1.931371e-02 1.813521e-02 1.692842e-02 1.590229e-02 1.404120e-02 1.353618e-02 1.189061e-02 1.157886e-02 1.087683e-02 9.354568e-03 9.406565e-03 7.715524e-03 7.332854e-03 7.214615e-03 6.161505e-03 6.613977e-03 6.294292e-03 5.796784e-03 6.455835e-03 5.904564e-03 5.693925e-03 6.278592e-03 5.578470e-03 5.263774e-03 5.487619e-03 4.899864e-03 4.314551e-03 4.142877e-03 3.670281e-03 3.072170e-03 2.631272e-03 2.130273e-03 1.633085e-03 1.252468e-03 9.031197e-04 6.266630e-04 4.501160e-04 3.099285e-04 2.053347e-04 1.489374e-04 1.125251e-04 8.014715e-05 5.933870e-05 4.858009e-05 3.867446e-05 2.957070e-05 2.474808e-05 2.181740e-05 1.774071e-05 1.409599e-05 1.223724e-05 1.032028e-05 7.554080e-06 5.354545e-06 4.324138e-06 3.685311e-06 3.026187e-06 2.717431e-06 2.955310e-06 3.592677e-06 4.341331e-06 5.673745e-06 8.021440e-06 1.063401e-05 1.261843e-05 1.353777e-05 1.400895e-05 1.448408e-05 1.524013e-05 1.646934e-05 1.654081e-05 1.476880e-05 1.193521e-05 9.940513e-06 8.759886e-06 7.371893e-06 5.318040e-06 3.340933e-06 2.108964e-06 1.438884e-06 9.889299e-07 5.920589e-07 2.917665e-07 1.265417e-07 5.321150e-08 2.182911e-08 7.647711e-09 2.067585e-09 4.448211e-10 7.995063e-11 1.279891e-11 1.734763e-12 1.683412e-13 1.030777e-14 4.126854e-16 1.012257e-17 1.356997e-19 9.206143e-22 2.378339e-24 2.336981e-27 5.892877e-31 1.923442e-35 3.640994e-41 2.802597e-45 2.802597e-45 2.802597e-45 1.401298e-45 1.401298e-45 1.401298e-45 1.401298e-45 1.401298e-45 1.401298e-45 1.401298e-45 1.401298e-45 1.401298e-45 1.401298e-45 1.401298e-45 1.401298e-45 1.401298e-45 1.401298e-45 1.401298e-45 1.401298e-45 1.401298e-45 1.401298e-45 1.401298e-45 1.401298e-45 1.401298e-45 1.401298e-45 1.401298e-45 1.401298e-45 1.401298e-45 1.401298e-45 1.401298e-45 1.401298e-45 1.401298e-45 1.401298e-45 1.401298e-45 1.401298e-45 0.000000e+00 0.000000e+00 0.000000e+00 0.000000e+00 0.000000e+00
0.000000e+00 0.000000e+00 1.401298e-45 1.401298e-45 1.401298e-45 1.401298e-45 1.401298e-45 1.401298e-45 1.401298e-45 1.401298e-45 1.401298e-45 1.401298e-45 1.401298e-45 1.401298e-45 1.401298e-45 1.401298e-45 1.401298e-45 1.401298e-45 2.802597e-45 4.203895e-45 5.605194e-45 7.006492e-45 1.121039e-44 1.289004e-39 1.331961e-30 1.559084e-23 3.760991e-18 4.498715e-14 5.056933e-11 1.003809e-08 5.681516e-07 1.161433e-05 1.182445e-04 6.369616e-04 2.160704e-03 5.278969e-03 9.275020e-03 1.360056e-02 1.649076e-02 1.799006e-02 1.863059e-02 1.772710e-02 1.650214e-02 1.515340e-02 1.330989e-02 1.311655e-02 1.211252e-02 1.144478e-02 1.143405e-02 9.954357e-03 1.065668e-02 9.591970e-03 8.805271e-03 8.982582e-03 7.316466e-03 7.450402e-03 7.230194e-03 6.416155e-03 7.120000e-03 6.690141e-03 6.340979e-03 6.984779e-03 6.228804e-03 5.896642e-03 6.172495e-03 5.502608e-03 5.003582e-03 4.881148e-03 4.379276e-03 3.818391e-03 3.418678e-03 2.900760e-03 2.385902e-03 1.925731e-03 1.434393e-03 1.039501e-03 7.741922e-04 5.447902e-04 3.689388e-04 2.597049e-04 1.782553e-04 1.189964e-04 8.681908e-05 6.736675e-05 4.979063e-05 3.793817e-05 3.188945e-05 2.588701e-05 1.956022e-05 1.604745e-05 1.423668e-05 1.160720e-05 8.988335e-06 7.604142e-06 6.554539e-06 4.818141e-06 3.375416e-06 2.772023e-06 2.680734e-06 2.706743e-06 3.107014e-06 4.258664e-06 5.815890e-06 7.113185e-06 8.183801e-06 9.262157e-06 1.011999e-05 1.056407e-05 1.046777e-05 9.830015e-06 8.762386e-06 8.290929e-06 8.419854e-06 8.550585e-06 7.466169e-06 5.733835e-06 4.274391e-06 3.320681e-06 2.542374e-06 1.697784e-06 9.533685e-07 4.860952e-07 2.589191e-07 1.425841e-07 7.183179e-08 3.062230e-08 1.159622e-08 4.102437e-09 1.347309e-09 3.760087e-10 7.293856e-11 9.400089e-12 9.339868e-13 7.829555e-14 5.395486e-15 2.736247e-16 8.522707e-18 1.401946e-19 1.311332e-21 5.867321e-24 1.220926e-26 7.965937e-30 7.172226e-34 3.673958e-39 2.802597e-45 2.802597e-45 2.802597e-45 1.401298e-45 1.401298e-45 1.401298e-45 1.401298e-45 1.401298e-45 1.401298e-45 1.401298e-45 1.401298e-45 1.401298e-45 1.401298e-45 1.401298e-45 1.401298e-45 1.401298e-45 1.401298e-45 1.401298e-45 1.401298e-45 1.401298e-45 1.401298e-45 1.401298e-45 1.401298e-45 1.401298e-45 1.401298e-45 1.401298e-45 1.401298e-45 1.401298e-45 1.401298e-45 1.401298e-45 1.401298e-45 1.401298e-45 1.401298e-45 1.401298e-45 1.401298e-45 0.000000e+00 0.000000e+00 0.000000e+00 0.000000e+00 0.000000e+00 0.000000e+00
0.000000e+00 0.000000e+00 0.000000e+00 0.000000e+00 1.401298e-45 1.401298e-45 1.401298e-45 1.401298e-45 1.401298e-45 1.401298e-45 1.401298e-45 1.401298e-45 1.401298e-45 1.401298e-45 1.401298e-45 1.401298e-45 1.401298e-45 2.802597e-45 4.203895e-45 5.605194e-45 8.407791e-45 1.821688e-44 7.724045e-36 1.324375e-27 6.387437e-21 9.427737e-16 6.474786e-12 3.294370e-09 2.808906e-07 6.752246e-06 6.855025e-05 3.890144e-04 1.326690e-03 3.494660e-03 6.592536e-03 1.008310e-02 1.332875e-02 1.497741e-02 1.648868e-02 1.638159e-02 1.621251e-02 1.620993e-02 1.520517e-02 1.494517e-02 1.361793e-02 1.238744e-02 1.224537e-02 1.106907e-02 1.122227e-02 1.083510e-02 9.817138e-03 1.059732e-02 9.278823e-03 9.128557e-03 9.095476e-03 7.763589e-03 8.137038e-03 7.706712e-03 7.141935e-03 7.795310e-03 7.156043e-03 6.911315e-03 7.226510e-03 6.375328e-03 5.932472e-03 5.798616e-03 5.172382e-03 4.600011e-03 4.162111e-03 3.611056e-03 3.126754e-03 2.669306e-03 2.125527e-03 1.669564e-03 1.289086e-03 9.134968e-04 6.321169e-04 4.505726e-04 3.123036e-04 2.146463e-04 1.514792e-04 1.028541e-04 6.931187e-05 5.233341e-05 4.164148e-05 3.131664e-05 2.443761e-05 2.132577e-05 1.783286e-05 1.343368e-05 1.075328e-05 9.487193e-06 7.896189e-06 6.087726e-06 5.100524e-06 4.527298e-06 3.743773e-06 3.058560e-06 3.069462e-06 3.606973e-06 4.275571e-06 5.060961e-06 6.184141e-06 7.281370e-06 7.762849e-06 7.660255e-06 7.310598e-06 7.073002e-06 6.988723e-06 7.018716e-06 6.448547e-06 5.414799e-06 4.444967e-06 4.059046e-06 3.835361e-06 3.276059e-06 2.357895e-06 1.571537e-06 1.086965e-06 7.671944e-07 4.840846e-07 2.451856e-07 1.064117e-07 4.378244e-08 1.794543e-08 6.890070e-09 2.269036e-09 6.441888e-10 1.790033e-10 4.684320e-11 9.479858e-12 1.223775e-12 9.015482e-14 4.327476e-15 1.633524e-16 5.085647e-18 1.167532e-19 1.832807e-21 1.572373e-23 6.119700e-26 8.892138e-29 2.356632e-32 5.886654e-37 5.465064e-43 2.802597e-45 2.802597e-45 1.401298e-45 1.401298e-45 1.401298e-45 1.401298e-45 1.401298e-45 1.401298e-45 1.401298e-45 1.401298e-45 1.401298e-45 1.401298e-45 1.401298e-45 1.401298e-45 1.401298e-45 1.401298e-45 1.401298e-45 1.401298e-45 1.401298e-45 1.401298e-45 1.401298e-45 1.401298e-45 1.401298e-45 1.401298e-45 1.401298e-45 1.401298e-45 1.401298e-45 1.401298e-45 1.401298e-45 1.401298e-45 1.401298e-45 1.401298e-45 1.401298e-45 1.401298e-45 0.000000e+00 0.000000e+00 0.000000e+00 0.000000e+00 0.000000e+00 0.000000e+00 0.000000e+00
0.000000e+00 0.000000e+00 1.401298e-45 1.401298e-45 1.401298e-45 1.401298e-45 1.401298e-45 1.401298e-45 1.401298e-45 1.401298e-45 1.401298e-45 1.401298e-45 1.401298e-45 1.401298e-45 1.401298e-45 2.802597e-45 2.802597e-45 5.605194e-45 9.809089e-45 1.681558e-44 2.866576e-37 4.899021e-29 2.631379e-22 7.174998e-17 1.374907e-12 2.297106e-09 4.004840e-07 1.365961e-05 1.226239e-04 5.876297e-04 1.648790e-03 3.707208e-03 6.493713e-03 9.129081e-03 1.274922e-02 1.458821e-02 1.677333e-02 1.714825e-02 1.637617e-02 1.689090e-02 1.525710e-02 1.538655e-02 1.515628e-02 1.423609e-02 1.494708e-02 1.332051e-02 1.271031e-02 1.249707e-02 1.096599e-02 1.166756e-02 1.068202e-02 9.949236e-03 1.048756e-02 9.092533e-03 9.433333e-03 9.240399e-03 8.450952e-03 9.061311e-03 8.347563e-03 8.164207e-03 8.575374e-03 7.530653e-03 7.440781e-03 7.225413e-03 6.295830e-03 5.913773e-03 5.320225e-03 4.630842e-03 4.191312e-03 3.530637e-03 2.867245e-03 2.475301e-03 1.992792e-03 1.453029e-03 1.108820e-03 8.288901e-04 5.532472e-04 3.783506e-04 2.672670e-04 1.769404e-04 1.225375e-04 9.300469e-05 6.521637e-05 4.341492e-05 3.327714e-05 2.759419e-05 2.101461e-05 1.635082e-05 1.451599e-05 1.263342e-05 9.787210e-06 7.771619e-06 6.797169e-06 5.751349e-06 4.724056e-06 4.316433e-06 4.462206e-06 4.512530e-06 4.583134e-06 5.021916e-06 5.711580e-06 5.996241e-06 5.893400e-06 5.777215e-06 5.849682e-06 5.986105e-06 5.798114e-06 5.281875e-06 4.614565e-06 4.318771e-06 4.255533e-06 4.020089e-06 3.189938e-06 2.350509e-06 1.836040e-06 1.590962e-06 1.328961e-06 9.445322e-07 5.681993e-07 3.241229e-07 1.894868e-07 1.030670e-07 4.641377e-08 1.739431e-08 6.235226e-09 2.202530e-09 7.064289e-10 1.881840e-10 4.056482e-11 7.335875e-12 1.212676e-12 1.542686e-13 1.209256e-14 5.260831e-16 1.233937e-17 1.787170e-19 2.018539e-21 1.935074e-23 1.232681e-25 3.896167e-28 2.723911e-31 2.583188e-35 1.691605e-40 2.802597e-45 2.802597e-45 2.802597e-45 1.401298e-45 1.401298e-45 1.401298e-45 1.401298e-45 1.401298e-45 1.401298e-45 1.401298e-45 1.401298e-45 1.401298e-45 1.401298e-45 1.401298e-45 1.401298e-45 1.401298e-45 1.401298e-45 1.401298e-45 1.401298e-45 1.401298e-45 1.401298e-45 1.401298e-45 1.401298e-45 1.401298e-45 1.401298e-45 1.401298e-45 1.401298e-45 1.401298e-45 1.401298e-45 1.401298e-45 1.401298e-45 1.401298e-45 1.401298e-45 1.401298e-45 1.401298e-45 0.000000e+00 0.000000e+00 0.000000e+00 0.000000e+00 0.000000e+00 0.000000e+00 0.000000e+00
0.000000e+00 0.000000e+00 0.000000e+00 1.401298e-45 1.401298e-45 1.401298e-45 1.401298e-45 1.401298e-45 1.401298e-45 1.401298e-45 1.401298e-45 1.401298e-45 1.401298e-45 1.401298e-45 2.802597e-45 5.605194e-45 9.809089e-45 1.961818e-44 1.020424e-35 1.619799e-27 1.778147e-21 8.701693e-17 4.584101e-13 5.907287e-10 1.608529e-07 1.093843e-05 1.856900e-04 8.929564e-04 2.613779e-03 4.356578e-03 7.700708e-03 1.004046e-02 1.420566e-02 1.726347e-02 1.822863e-02 2.105164e-02 2.003539e-02 2.153767e-02 2.067006e-02 1.847201e-02 1.940843e-02 1.643529e-02 1.695698e-02 1.659011e-02 1.498420e-02 1.664455e-02 1.398809e-02 1.380040e-02 1.336145e-02 1.126461e-02 1.227361e-02 1.051045e-02 9.996270e-03 1.013513e-02 8.740600e-03 9.454558e-03 9.069381e-03 8.772444e-03 9.633734e-03 8.662940e-03 8.858755e-03 8.887117e-03 7.514541e-03 7.446988e-03 6.808902e-03 5.845024e-03 5.520390e-03 4.699539e-03 3.876247e-03 3.587241e-03 2.928692e-03 2.141435e-03 1.794809e-03 1.409008e-03 9.245283e-04 6.767297e-04 5.184537e-04 3.339349e-04 2.227587e-04 1.645532e-04 1.096265e-04 7.462600e-05 5.999670e-05 4.600698e-05 3.130354e-05 2.365443e-05 1.983548e-05 1.536612e-05 1.195127e-05 1.076493e-05 9.742071e-06 7.874306e-06 6.571467e-06 6.138714e-06 5.760492e-06 5.317895e-06 5.457528e-06 6.033327e-06 6.375779e-06 6.097979e-06 5.706336e-06 5.431831e-06 5.178880e-06 4.728378e-06 4.219803e-06 3.950260e-06 3.921859e-06 3.950853e-06 3.599585e-06 2.987499e-06 2.471819e-06 2.295237e-06 2.144746e-06 1.756973e-06 1.200123e-06 7.953387e-07 5.801861e-07 4.488916e-07 3.118581e-07 1.797055e-07 9.269623e-08 4.542157e-08 2.084677e-08 8.082911e-09 2.620034e-09 7.582121e-10 2.150195e-10 5.541112e-11 1.135721e-11 1.818886e-12 2.266148e-13 2.143481e-14 1.590783e-15 7.809353e-17 2.026605e-18 2.527365e-20 1.561931e-22 5.084340e-25 9.303501e-28 6.737155e-31 1.081296e-34 2.824188e-39 4.203895e-45 2.802597e-45 2.802597e-45 1.401298e-45 1.401298e-45 1.401298e-45 1.401298e-45 1.401298e-45 1.401298e-45 1.401298e-45 1.401298e-45 1.401298e-45 1.401298e-45 1.401298e-45 1.401298e-45 1.401298e-45 1.401298e-45 1.401298e-45 1.401298e-45 1.401298e-45 1.401298e-45 1.401298e-45 1.401298e-45 1.401298e-45 1.401298e-45 1.401298e-45 1.401298e-45 1.401298e-45 1.401298e-45 1.401298e-45 1.401298e-45 1.401298e-45 1.401298e-45 1.401298e-45 0.000000e+00 0.000000e+00 0.000000e+00 0.000000e+00 0.000000e+00 0.000000e+00 0.000000e+00 0.000000e+00 0.000000e+00
0.000000e+00 0.000000e+00 1.401298e-45 1.401298e-45 1.401298e-45 1.401298e-45 1.401298e-45 1.401298e-45 1.401298e-45 1.401298e-45 1.401298e-45 1.401298e-45 2.802597e-45 4.203895e-45 5.605194e-45 1.821688e-44 2.223675e-35 6.137466e-27 1.181864e-20 3.073045e-16 5.488921e-13 1.299124e-10 1.635952e-08 8.084650e-07 2.549628e-05 2.897453e-04 1.590731e-03 4.304576e-03 5.950221e-03 8.980108e-03 9.774589e-03 1.457368e-02 1.549004e-02 1.974142e-02 2.210542e-02 2.231809e-02 2.544877e-02 2.291157e-02 2.483399e-02 2.387199e-02 2.129825e-02 2.333472e-02 1.896645e-02 2.008065e-02 1.907092e-02 1.696160e-02 1.919713e-02 1.541896e-02 1.555191e-02 1.406235e-02 1.178767e-02 1.235271e-02 1.014454e-02 1.000217e-02 9.632895e-03 8.569003e-03 9.414019e-03 8.610225e-03 8.764355e-03 9.357425e-03 8.150931e-03 8.624066e-03 8.080536e-03 6.785926e-03 6.675795e-03 5.792133e-03 4.863917e-03 4.616043e-03 3.821482e-03 2.952018e-03 2.677953e-03 2.172118e-03 1.449379e-03 1.128528e-03 8.912192e-04 5.678025e-04 3.932205e-04 3.094281e-04 2.080833e-04 1.382275e-04 1.047562e-04 7.407800e-05 5.114757e-05 4.163448e-05 3.422394e-05 2.484953e-05 1.898551e-05 1.602548e-05 1.264182e-05 9.954993e-06 9.298388e-06 9.266353e-06 8.515502e-06 7.946743e-06 7.998404e-06 7.732844e-06 7.002674e-06 6.413634e-06 6.139971e-06 5.680508e-06 4.874443e-06 4.085173e-06 3.696994e-06 3.539460e-06 3.267273e-06 2.826397e-06 2.425119e-06 2.292666e-06 2.310209e-06 2.204791e-06 1.802998e-06 1.380855e-06 1.103714e-06 9.456500e-07 7.597661e-07 5.197909e-07 3.161774e-07 1.960328e-07 1.286237e-07 7.863051e-08 3.997959e-08 1.721474e-08 7.000426e-09 2.694909e-09 9.358575e-10 2.767920e-10 6.908087e-11 1.377510e-11 2.208470e-12 2.805857e-13 2.620769e-14 1.821607e-15 9.254325e-17 3.106719e-18 7.042211e-20 8.753651e-22 4.551792e-24 8.688593e-27 5.593152e-30 8.166825e-34 2.661268e-38 1.079000e-43 2.802597e-45 2.802597e-45 2.802597e-45 1.401298e-45 1.401298e-45 1.401298e-45 1.401298e-45 1.401298e-45 1.401298e-45 1.401298e-45 1.401298e-45 1.401298e-45 1.401298e-45 1.401298e-45 1.401298e-45 1.401298e-45 1.401298e-45 1.401298e-45 1.401298e-45 1.401298e-45 1.401298e-45 1.401298e-45 1.401298e-45 1.401298e-45 1.401298e-45 1.401298e-45 1.401298e-45 1.401298e-45 1.401298e-45 1.401298e-45 1.401298e-45 1.401298e-45 1.401298e-45 0.000000e+00 0.000000e+00 0.000000e+00 0.000000e+00 0.000000e+00 0.000000e+00 0.000000e+00 0.000000e+00 0.000000e+00 0.000000e+00
0.000000e+00 0.000000e+00 1.401298e-45 0.000000e+00 0.000000e+00 1.401298e-45 1.401298e-45 1.401298e-45 1.401298e-45 1.401298e-45 2.802597e-45 4.203895e-45 9.809089e-45 1.443331e-37 1.327651e-29 9.430031e-24 3.973030e-19 1.842390e-15 1.744977e-12 3.446157e-10 1.396110e-08 3.067626e-07 3.100550e-06 3.686705e-05 2.247988e-04 1.231504e-03 3.058377e-03 5.875745e-03 8.343421e-03 8.781425e-03 1.141875e-02 1.113605e-02 1.533697e-02 1.476409e-02 1.792486e-02 1.943870e-02 1.997079e-02 2.302872e-02 2.075223e-02 2.296128e-02 2.261180e-02 2.066329e-02 2.331665e-02 1.872379e-02 2.017176e-02 1.819256e-02 1.665160e-02 1.825271e-02 1.491006e-02 1.529268e-02 1.287126e-02 1.129569e-02 1.100911e-02 9.102675e-03 9.504464e-03 8.600421e-03 8.188818e-03 8.980653e-03 7.610172e-03 8.168555e-03 8.101252e-03 6.777612e-03 7.326480e-03 6.507670e-03 5.455261e-03 5.395463e-03 4.505103e-03 3.624742e-03 3.407111e-03 2.798461e-03 2.030808e-03 1.716753e-03 1.373834e-03 8.941408e-04 6.478351e-04 5.101862e-04 3.427787e-04 2.330246e-04 1.793978e-04 1.304497e-04 9.151720e-05 7.006706e-05 5.246936e-05 3.810798e-05 3.091713e-05 2.634644e-05 2.095333e-05 1.713957e-05 1.518321e-05 1.311021e-05 1.141400e-05 1.138338e-05 1.196240e-05 1.168978e-05 1.082452e-05 9.753202e-06 8.159636e-06 6.280211e-06 4.931353e-06 4.282891e-06 3.909984e-06 3.317128e-06 2.657286e-06 2.243910e-06 2.111044e-06 2.035896e-06 1.785150e-06 1.476126e-06 1.287052e-06 1.234530e-06 1.160555e-06 9.676741e-07 7.067009e-07 5.028211e-07 3.731221e-07 2.705048e-07 1.715186e-07 9.414942e-08 4.998887e-08 2.703801e-08 1.422777e-08 6.478367e-09 2.450385e-09 7.836062e-10 2.252931e-10 5.883793e-11 1.356094e-11 2.528345e-12 3.431623e-13 2.983712e-14 1.799886e-15 8.472851e-17 2.855567e-18 7.012266e-20 1.233418e-21 1.163329e-23 4.732277e-26 6.224247e-29 2.083046e-32 1.598503e-36 1.946123e-41 4.203895e-45 2.802597e-45 2.802597e-45 1.401298e-45 1.401298e-45 1.401298e-45 1.401298e-45 1.401298e-45 1.401298e-45 1.401298e-45 1.401298e-45 1.401298e-45 1.401298e-45 1.401298e-45 1.401298e-45 1.401298e-45 1.401298e-45 1.401298e-45 1.401298e-45 1.401298e-45 1.401298e-45 1.401298e-45 1.401298e-45 1.401298e-45 1.401298e-45 1.401298e-45 1.401298e-45 1.401298e-45 1.401298e-45 1.401298e-45 1.401298e-45 1.401298e-45 1.401298e-45 0.000000e+00 0.000000e+00 0.000000e+00 0.000000e+00 0.000000e+00 0.000000e+00 0.000000e+00 0.000000e+00 0.000000e+00 0.000000e+00 0.000000e+00
0.000000e+00 0.000000e+00 0.000000e+00 0.000000e+00 0.000000e+00 1.401298e-45 1.401298e-45 1.401298e-45 2.802597e-45 2.802597e-45 4.203895e-45 1.886587e-31 3.546178e-22 1.963023e-16 3.097286e-13 6.018636e-11 2.720383e-09 6.289655e-08 5.507339e-07 2.684350e-06 1.161381e-05 3.691719e-05 1.701322e-04 4.862520e-04 1.765356e-03 3.235995e-03 6.360936e-03 7.207732e-03 8.931869e-03 1.007257e-02 1.017157e-02 1.213228e-02 1.106667e-02 1.345695e-02 1.220468e-02 1.365024e-02 1.477505e-02 1.469452e-02 1.731490e-02 1.557011e-02 1.728152e-02 1.731366e-02 1.601782e-02 1.843479e-02 1.514640e-02 1.632388e-02 1.429996e-02 1.348879e-02 1.392668e-02 1.209006e-02 1.253952e-02 1.039828e-02 9.827334e-03 9.031875e-03 7.805800e-03 8.397601e-03 7.256284e-03 7.293781e-03 7.785477e-03 6.416180e-03 6.956440e-03 6.439299e-03 5.413708e-03 5.651523e-03 4.989408e-03 4.195294e-03 4.011784e-03 3.341321e-03 2.605140e-03 2.297798e-03 1.850088e-03 1.325316e-03 1.029430e-03 7.878193e-04 5.343372e-04 3.764502e-04 2.854484e-04 2.061317e-04 1.450245e-04 1.084327e-04 8.369868e-05 6.435369e-05 5.027188e-05 3.954218e-05 3.146587e-05 2.657512e-05 2.352981e-05 2.142209e-05 2.063434e-05 2.031369e-05 1.889418e-05 1.702907e-05 1.579553e-05 1.461491e-05 1.256470e-05 1.007848e-05 8.019825e-06 6.259965e-06 4.599225e-06 3.366049e-06 2.779750e-06 2.565226e-06 2.314210e-06 1.871273e-06 1.484828e-06 1.313139e-06 1.234453e-06 1.086487e-06 8.708521e-07 7.136577e-07 6.301074e-07 5.643484e-07 4.551293e-07 3.169729e-07 2.049445e-07 1.343493e-07 8.815204e-08 5.121375e-08 2.515142e-08 1.074073e-08 4.377879e-09 1.747182e-09 6.665932e-10 2.256989e-10 6.274601e-11 1.383912e-11 2.607128e-12 4.527756e-13 6.114943e-14 5.030372e-15 2.307735e-16 5.609553e-18 8.653470e-20 1.037366e-21 9.651454e-24 6.488780e-26 2.263187e-28 2.429861e-31 7.340061e-35 5.377102e-39 3.643376e-44 2.802597e-45 2.802597e-45 2.802597e-45 1.401298e-45 1.401298e-45 1.401298e-45 1.401298e-45 1.401298e-45 1.401298e-45 1.401298e-45 1.401298e-45 1.401298e-45 1.401298e-45 1.401298e-45 1.401298e-45 1.401298e-45 1.401298e-45 1.401298e-45 1.401298e-45 1.401298e-45 1.401298e-45 1.401298e-45 1.401298e-45 1.401298e-45 1.401298e-45 1.401298e-45 1.401298e-45 1.401298e-45 1.401298e-45 1.401298e-45 1.401298e-45 1.401298e-45 0.000000e+00 0.000000e+00 0.000000e+00 0.000000e+00 0.000000e+00 0.000000e+00 0.000000e+00 0.000000e+00 0.000000e+00 0.000000e+00 0.000000e+00 0.000000e+00
0.000000e+00 0.000000e+00 0.000000e+00 1.401298e-45 1.401298e-45 1.401298e-45 1.401298e-45 2.802597e-45 4.203895e-45 5.923008e-41 2.355623e-24 2.001559e-14 1.542404e-09 1.213005e-07 2.200162e-06 1.207606e-05 5.717553e-05 1.481709e-04 3.747499e-04 6.655063e-04 8.222812e-04 1.262004e-03 1.569961e-03 3.529557e-03 4.875998e-03 9.135272e-03 9.043758e-03 1.092699e-02 9.543838e-03 1.003931e-02 1.083927e-02 1.009704e-02 1.130108e-02 9.797742e-03 1.096491e-02 1.001674e-02 1.004629e-02 1.117865e-02 1.036491e-02 1.249565e-02 1.145378e-02 1.244792e-02 1.276019e-02 1.185305e-02 1.338399e-02 1.184049e-02 1.225339e-02 1.094295e-02 1.031117e-02 9.795337e-03 9.201224e-03 9.344522e-03 8.153817e-03 8.325779e-03 7.378158e-03 6.893207e-03 7.146359e-03 6.059687e-03 6.363079e-03 6.196093e-03 5.366843e-03 5.652132e-03 4.922765e-03 4.337719e-03 4.274598e-03 3.694725e-03 3.189803e-03 2.897521e-03 2.359217e-03 1.880230e-03 1.540827e-03 1.162468e-03 8.500249e-04 6.418659e-04 4.693855e-04 3.329200e-04 2.390428e-04 1.752366e-04 1.335548e-04 1.015043e-04 7.637413e-05 6.156713e-05 5.261745e-05 4.390177e-05 3.710940e-05 3.427011e-05 3.302616e-05 3.157273e-05 3.103294e-05 3.118972e-05 2.994300e-05 2.602244e-05 2.044224e-05 1.581863e-05 1.267020e-05 9.911421e-06 7.407968e-06 5.648188e-06 4.497808e-06 3.466675e-06 2.561230e-06 2.009198e-06 1.815016e-06 1.690689e-06 1.392152e-06 1.063160e-06 8.749500e-07 7.920734e-07 6.857074e-07 5.323049e-07 3.959550e-07 3.099856e-07 2.545150e-07 1.972885e-07 1.322881e-07 7.830818e-08 4.463800e-08 2.475370e-08 1.292723e-08 5.842769e-09 2.210861e-09 7.053846e-10 2.075073e-10 6.021405e-11 1.596078e-11 3.382059e-12 5.393318e-13 7.007899e-14 7.722475e-15 6.982796e-16 3.798915e-17 9.739290e-19 1.154625e-20 5.986862e-23 1.944645e-25 4.873671e-28 7.329311e-31 4.782902e-34 9.798697e-38 3.211776e-42 4.203895e-45 2.802597e-45 2.802597e-45 1.401298e-45 1.401298e-45 1.401298e-45 1.401298e-45 1.401298e-45 1.401298e-45 1.401298e-45 1.401298e-45 1.401298e-45 1.401298e-45 1.401298e-45 1.401298e-45 1.401298e-45 1.401298e-45 1.401298e-45 1.401298e-45 1.401298e-45 1.401298e-45 1.401298e-45 1.401298e-45 1.401298e-45 1.401298e-45 1.401298e-45 1.401298e-45 1.401298e-45 1.401298e-45 1.401298e-45 1.401298e-45 1.401298e-45 0.000000e+00 0.000000e+00 0.000000e+00 0.000000e+00 0.000000e+00 0.000000e+00 0.000000e+00 0.000000e+00 0.000000e+00 0.000000e+00 0.000000e+00 0.000000e+00 0.000000e+00
0.000000e+00 0.000000e+00 1.401298e-45 1.401298e-45 1.401298e-45 2.802597e-45 4.203895e-45 4.203895e-45 1.514313e-40 6.046749e-24 1.091669e-13 4.537137e-08 3.133676e-05 1.178683e-03 2.455598e-03 3.575260e-03 2.975493e-03 4.369105e-03 5.026913e-03 6.549777e-03 7.702458e-03 7.094924e-03 9.367938e-03 7.912405e-03 1.227062e-02 1.035750e-02 1.422627e-02 1.125470e-02 1.234596e-02 1.098923e-02 1.071117e-02 1.182735e-02 9.651095e-03 1.055989e-02 8.789878e-03 9.467913e-03 9.040014e-03 8.084525e-03 9.310388e-03 8.155319e-03 9.809293e-03 9.514900e-03 9.857806e-03 1.059143e-02 9.757609e-03 1.051843e-02 9.993044e-03 9.754133e-03 9.085682e-03 8.408895e-03 7.475122e-03 7.490471e-03 7.289729e-03 6.919155e-03 7.482324e-03 6.468354e-03 6.604400e-03 6.356694e-03 5.351313e-03 5.732188e-03 4.987158e-03 4.505485e-03 4.600720e-03 3.887672e-03 3.503538e-03 3.307533e-03 2.783351e-03 2.439159e-03 2.131635e-03 1.676863e-03 1.356890e-03 1.072122e-03 7.783325e-04 5.769102e-04 4.386991e-04 3.229085e-04 2.421884e-04 1.799653e-04 1.330013e-04 1.089302e-04 9.196306e-05 7.349326e-05 6.504032e-05 6.398310e-05 6.022604e-05 5.643180e-05 5.604552e-05 5.457117e-05 5.023939e-05 4.427538e-05 3.774959e-05 3.194362e-05 2.568228e-05 1.875135e-05 1.333053e-05 9.927317e-06 7.456483e-06 5.473880e-06 4.157064e-06 3.418265e-06 2.818056e-06 2.122750e-06 1.599849e-06 1.388442e-06 1.308417e-06 1.110798e-06 8.226235e-07 6.231546e-07 5.187479e-07 4.334681e-07 3.242994e-07 2.194666e-07 1.481982e-07 1.058873e-07 7.600907e-08 5.033219e-08 2.967016e-08 1.523278e-08 6.945024e-09 2.891700e-09 1.102896e-09 3.612012e-10 9.675710e-11 2.236482e-11 4.869845e-12 9.962506e-13 1.565972e-13 1.688953e-14 1.275278e-15 7.370585e-17 3.042145e-18 8.491772e-20 1.058511e-21 4.753708e-24 8.742356e-27 7.537520e-30 3.746257e-33 8.832286e-37 4.868111e-41 4.203895e-45 2.802597e-45 2.802597e-45 1.401298e-45 1.401298e-45 1.401298e-45 1.401298e-45 1.401298e-45 1.401298e-45 1.401298e-45 1.401298e-45 1.401298e-45 1.401298e-45 1.401298e-45 1.401298e-45 1.401298e-45 1.401298e-45 1.401298e-45 1.401298e-45 1.401298e-45 1.401298e-45 1.401298e-45 1.401298e-45 1.401298e-45 1.401298e-45 1.401298e-45 1.401298e-45 1.401298e-45 1.401298e-45 1.401298e-45 1.401298e-45 0.000000e+00 0.000000e+00 0.000000e+00 0.000000e+00 0.000000e+00 0.000000e+00 0.000000e+00 0.000000e+00 0.000000e+00 0.000000e+00 0.000000e+00 0.000000e+00 0.000000e+00 0.000000e+00 0.000000e+00
0.000000e+00 1.401298e-45 1.401298e-45 2.802597e-45 2.802597e-45 4.203895e-45 4.203895e-45 5.605194e-45 1.620998e-30 2.667736e-19 1.111448e-11 4.337880e-07 1.849891e-04 1.222745e-03 5.262234e-03 6.407392e-03 1.484722e-02 1.300877e-02 1.919860e-02 1.706230e-02 1.958936e-02 2.082139e-02 1.883689e-02 2.391466e-02 1.649477e-02 2.177314e-02 1.433115e-02 1.823664e-02 1.361967e-02 1.535934e-02 1.414173e-02 1.295269e-02 1.452678e-02 1.087471e-02 1.184243e-02 9.551783e-03 9.833494e-03 9.608910e-03 8.035112e-03 9.068648e-03 7.917246e-03 9.091239e-03 9.208824e-03 9.210876e-03 1.007572e-02 9.270549e-03 9.375019e-03 9.080520e-03 8.473616e-03 8.122640e-03 7.537349e-03 6.593127e-03 6.922859e-03 6.411117e-03 6.617452e-03 7.211073e-03 6.179384e-03 6.848051e-03 6.045039e-03 5.241050e-03 5.475868e-03 4.404693e-03 4.087590e-03 3.969526e-03 3.320591e-03 2.994697e-03 2.694892e-03 2.229113e-03 1.967769e-03 1.654488e-03 1.258285e-03 1.026531e-03 8.118846e-04 5.891083e-04 4.528115e-04 3.554055e-04 2.735059e-04 2.232238e-04 1.812105e-04 1.451516e-04 1.343319e-04 1.313190e-04 1.199602e-04 1.158262e-04 1.170523e-04 1.111704e-04 1.003941e-04 8.706757e-05 7.342028e-05 6.059949e-05 4.712857e-05 3.571775e-05 2.807562e-05 2.182054e-05 1.569007e-05 1.094717e-05 7.990106e-06 5.959389e-06 4.333865e-06 3.244061e-06 2.722539e-06 2.375039e-06 1.849919e-06 1.324298e-06 1.046852e-06 9.497771e-07 8.312541e-07 6.350016e-07 4.559401e-07 3.421880e-07 2.630144e-07 1.865142e-07 1.175865e-07 6.987764e-08 4.157229e-08 2.515424e-08 1.535456e-08 8.841636e-09 4.303164e-09 1.679111e-09 5.619505e-10 1.730982e-10 4.669496e-11 1.011994e-11 1.768728e-12 2.670820e-13 3.353627e-14 3.175365e-15 1.946155e-16 7.465321e-18 1.945747e-19 3.597034e-21 3.698127e-23 1.707596e-25 2.258810e-28 9.263917e-32 1.416172e-35 7.273608e-40 5.605194e-45 2.802597e-45 2.802597e-45 2.802597e-45 1.401298e-45 1.401298e-45 1.401298e-45 1.401298e-45 1.401298e-45 1.401298e-45 1.401298e-45 1.401298e-45 1.401298e-45 1.401298e-45 1.401298e-45 1.401298e-45 1.401298e-45 1.401298e-45 1.401298e-45 1.401298e-45 1.401298e-45 1.401298e-45 1.401298e-45 1.401298e-45 1.401298e-45 1.401298e-45 1.401298e-45 1.401298e-45 1.401298e-45 1.401298e-45 1.401298e-45 0.000000e+00 0.000000e+00 0.000000e+00 0.000000e+00 0.000000e+00 0.000000e+00 0.000000e+00 0.000000e+00 0.000000e+00 0.000000e+00 0.000000e+00 0.000000e+00 0.000000e+00 0.000000e+00 0.000000e+00 0.000000e+00
1.401298e-45 1.401298e-45 1.401298e-45 2.802597e-45 2.802597e-45 4.203895e-45 5.605194e-45 3.965237e-37 1.551841e-26 3.891718e-18 6.882459e-12 5.247932e-08 1.784422e-06 3.568401e-05 1.014617e-04 7.007880e-04 9.779023e-04 4.712258e-03 6.076437e-03 1.733820e-02 1.838534e-02 2.728870e-02 2.913531e-02 2.886925e-02 3.595302e-02 2.496376e-02 3.301770e-02 2.157694e-02 2.841778e-02 2.102853e-02 2.348494e-02 2.099584e-02 1.877199e-02 2.106484e-02 1.595558e-02 1.692147e-02 1.320305e-02 1.274013e-02 1.233831e-02 1.021294e-02 1.071694e-02 9.405642e-03 9.840639e-03 9.989023e-03 9.703979e-03 1.032656e-02 9.451034e-03 9.066917e-03 8.703632e-03 7.800943e-03 7.880714e-03 7.322171e-03 6.784115e-03 7.451775e-03 6.387567e-03 7.352269e-03 7.498571e-03 6.525571e-03 7.815247e-03 6.245564e-03 5.838619e-03 5.870338e-03 4.494674e-03 4.238005e-03 3.888313e-03 3.151336e-03 2.851247e-03 2.448163e-03 1.960116e-03 1.729288e-03 1.439118e-03 1.058138e-03 8.682641e-04 7.228736e-04 5.448697e-04 4.393902e-04 3.763837e-04 3.235740e-04 2.981342e-04 2.800194e-04 2.615470e-04 2.590836e-04 2.566782e-04 2.402219e-04 2.175830e-04 1.896059e-04 1.603342e-04 1.293514e-04 9.798374e-05 7.482014e-05 5.820525e-05 4.282458e-05 3.076665e-05 2.346112e-05 1.808892e-05 1.286693e-05 8.700255e-06 6.236996e-06 4.772633e-06 3.552722e-06 2.600564e-06 2.104488e-06 1.863113e-06 1.528604e-06 1.105392e-06 8.100647e-07 6.622518e-07 5.578747e-07 4.254147e-07 2.939415e-07 2.012113e-07 1.394720e-07 9.270489e-08 5.631201e-08 3.108289e-08 1.571418e-08 7.614047e-09 3.780814e-09 1.890795e-09 8.379575e-10 2.937985e-10 8.190527e-11 1.918098e-11 3.776088e-12 5.998070e-13 7.570858e-14 7.427879e-15 5.397218e-16 2.510656e-17 6.860423e-19 1.081431e-20 1.034605e-22 6.754936e-25 2.556822e-27 3.250129e-30 1.133492e-33 7.942480e-38 1.048171e-42 4.203895e-45 2.802597e-45 2.802597e-45 1.401298e-45 1.401298e-45 1.401298e-45 1.401298e-45 1.401298e-45 1.401298e-45 1.401298e-45 1.401298e-45 1.401298e-45 1.401298e-45 1.401298e-45 1.401298e-45 1.401298e-45 1.401298e-45 1.401298e-45 1.401298e-45 1.401298e-45 1.401298e-45 1.401298e-45 1.401298e-45 1.401298e-45 1.401298e-45 1.401298e-45 1.401298e-45 1.401298e-45 1.401298e-45 1.401298e-45 0.000000e+00 0.000000e+00 0.000000e+00 0.000000e+00 0.000000e+00 0.000000e+00 0.000000e+00 0.000000e+00 0.000000e+00 0.000000e+00 0.000000e+00 0.000000e+00 0.000000e+00 0.000000e+00 0.000000e+00 0.000000e+00 0.000000e+00
1.401298e-45 1.401298e-45 1.401298e-45 1.401298e-45 2.802597e-45 4.203895e-45 4.203895e-45 7.805232e-43 1.318645e-26 1.879957e-17 4.222551e-13 2.298011e-10 6.490613e-08 2.692482e-07 1.662402e-06 2.234290e-06 3.042715e-05 6.626020e-05 7.260446e-04 1.126704e-03 5.507565e-03 7.383995e-03 1.731382e-02 2.120893e-02 2.698792e-02 3.650700e-02 3.056763e-02 4.384514e-02 3.262872e-02 4.687423e-02 3.501534e-02 3.920158e-02 3.291382e-02 3.104127e-02 3.388210e-02 2.748390e-02 2.824934e-02 2.124858e-02 2.014801e-02 1.865686e-02 1.600012e-02 1.537431e-02 1.321405e-02 1.269214e-02 1.210697e-02 1.140594e-02 1.157646e-02 1.027953e-02 9.853882e-03 9.262280e-03 8.162486e-03 9.009956e-03 8.060438e-03 8.463576e-03 9.372452e-03 7.533714e-03 9.605572e-03 8.631658e-03 7.969150e-03 9.577949e-03 7.277907e-03 7.316109e-03 6.989512e-03 5.370252e-03 5.063690e-03 4.343265e-03 3.476511e-03 3.125889e-03 2.541302e-03 1.963527e-03 1.712813e-03 1.445272e-03 1.094193e-03 9.084911e-04 8.208064e-04 7.072397e-04 6.169016e-04 5.820982e-04 5.899307e-04 5.831267e-04 5.486697e-04 5.216217e-04 4.760690e-04 4.064429e-04 3.406472e-04 2.746544e-04 2.149526e-04 1.703536e-04 1.297660e-04 9.158475e-05 6.619262e-05 5.025993e-05 3.651689e-05 2.519975e-05 1.818921e-05 1.371018e-05 9.776107e-06 6.514832e-06 4.593015e-06 3.597927e-06 2.787630e-06 2.029214e-06 1.561937e-06 1.325227e-06 1.094918e-06 8.053172e-07 5.700622e-07 4.363124e-07 3.475574e-07 2.562473e-07 1.695236e-07 1.048882e-07 6.311320e-08 3.748312e-08 2.212344e-08 1.223151e-08 5.751309e-09 2.271680e-09 8.408729e-10 3.202950e-10 1.210673e-10 4.023159e-11 1.054739e-11 2.030751e-12 2.801820e-13 2.796284e-14 2.048210e-15 1.066821e-16 3.776263e-18 8.789191e-20 1.119153e-21 7.874115e-24 3.628346e-26 9.946033e-29 1.224488e-31 4.472493e-35 2.605311e-39 1.961818e-44 2.802597e-45 2.802597e-45 1.401298e-45 1.401298e-45 1.401298e-45 1.401298e-45 1.401298e-45 1.401298e-45 1.401298e-45 1.401298e-45 1.401298e-45 1.401298e-45 1.401298e-45 1.401298e-45 1.401298e-45 1.401298e-45 1.401298e-45 1.401298e-45 1.401298e-45 1.401298e-45 1.401298e-45 1.401298e-45 1.401298e-45 1.401298e-45 1.401298e-45 1.401298e-45 1.401298e-45 1.401298e-45 1.401298e-45 0.000000e+00 0.000000e+00 0.000000e+00 0.000000e+00 0.000000e+00 0.000000e+00 0.000000e+00 0.000000e+00 0.000000e+00 0.000000e+00 0.000000e+00 0.000000e+00 0.000000e+00 0.000000e+00 0.000000e+00 0.000000e+00 0.000000e+00 0.000000e+00
1.401298e-45 1.401298e-45 1.401298e-45 1.401298e-45 1.401298e-45 2.802597e-45 4.203895e-45 5.605194e-45 2.698160e-38 5.216838e-25 3.229413e-16 2.111003e-12 2.290217e-11 1.276162e-09 5.985272e-09 9.329023e-08 1.158460e-07 1.853677e-06 4.148352e-06 7.794241e-05 1.470069e-04 1.073521e-03 1.759066e-03 6.401426e-03 9.133606e-03 1.643173e-02 2.523245e-02 2.908049e-02 4.367943e-02 3.928233e-02 6.102661e-02 4.900382e-02 6.031332e-02 4.755050e-02 5.193391e-02 5.086633e-02 4.910363e-02 4.841065e-02 3.850504e-02 3.789881e-02 3.225053e-02 3.036857e-02 2.635412e-02 2.263446e-02 2.042718e-02 1.727762e-02 1.594371e-02 1.494534e-02 1.274337e-02 1.292860e-02 1.152488e-02 1.068682e-02 1.269871e-02 1.040550e-02 1.285886e-02 1.318286e-02 1.064960e-02 1.421756e-02 1.104011e-02 1.103806e-02 1.224058e-02 9.345856e-03 9.754794e-03 8.959091e-03 7.033626e-03 6.679785e-03 5.480669e-03 4.305874e-03 3.874737e-03 3.072477e-03 2.321912e-03 2.030656e-03 1.835558e-03 1.552849e-03 1.350816e-03 1.319304e-03 1.315258e-03 1.172629e-03 1.073979e-03 1.084822e-03 9.946540e-04 8.333761e-04 7.054417e-04 5.664376e-04 4.417704e-04 3.484516e-04 2.611003e-04 1.929131e-04 1.491537e-04 1.106440e-04 7.473446e-05 5.123513e-05 3.767850e-05 2.726186e-05 1.834263e-05 1.247248e-05 8.970061e-06 6.339099e-06 4.206543e-06 2.959870e-06 2.365059e-06 1.891010e-06 1.383115e-06 1.013004e-06 8.152960e-07 6.701292e-07 4.960000e-07 3.387709e-07 2.372578e-07 1.731503e-07 1.231275e-07 8.021620e-08 4.727297e-08 2.524245e-08 1.292895e-08 6.763808e-09 3.567029e-09 1.676396e-09 6.266503e-10 1.890346e-10 5.139540e-11 1.374885e-11 3.612641e-12 8.402143e-13 1.498051e-13 1.805458e-14 1.335474e-15 5.734460e-17 1.485783e-18 2.345670e-20 2.089466e-22 1.157567e-24 3.997870e-27 9.314435e-30 1.244583e-32 5.184323e-36 4.103661e-40 4.203895e-45 2.802597e-45 2.802597e-45 1.401298e-45 1.401298e-45 1.401298e-45 1.401298e-45 1.401298e-45 1.401298e-45 1.401298e-45 1.401298e-45 1.401298e-45 1.401298e-45 1.401298e-45 1.401298e-45 1.401298e-45 1.401298e-45 1.401298e-45 1.401298e-45 1.401298e-45 1.401298e-45 1.401298e-45 1.401298e-45 1.401298e-45 1.401298e-45 1.401298e-45 1.401298e-45 1.401298e-45 1.401298e-45 0.000000e+00 0.000000e+00 0.000000e+00 0.000000e+00 0.000000e+00 0.000000e+00 0.000000e+00 0.000000e+00 0.000000e+00 0.000000e+00 0.000000e+00 0.000000e+00 0.000000e+00 0.000000e+00 0.000000e+00 0.000000e+00 0.000000e+00 0.000000e+00 0.000000e+00
1.401298e-45 1.401298e-45 1.401298e-45 1.401298e-45 1.401298e-45 2.802597e-45 2.802597e-45 4.203895e-45 5.605194e-45 5.420589e-37 2.345143e-27 4.631329e-20 1.462969e-15 4.627507e-14 5.448940e-12 4.502253e-11 2.407620e-09 5.905045e-09 1.295848e-07 3.249660e-07 6.836414e-06 1.668123e-05 1.430547e-04 2.919193e-04 1.491613e-03 2.486618e-03 6.679955e-03 1.067277e-02 1.938398e-02 2.592829e-02 3.226595e-02 4.728959e-02 4.912961e-02 6.776864e-02 5.397986e-02 7.090548e-02 5.905907e-02 7.672779e-02 7.118125e-02 6.817152e-02 7.141741e-02 5.538428e-02 6.088226e-02 4.739637e-02 4.180162e-02 3.784471e-02 2.708539e-02 2.612309e-02 2.234025e-02 1.776457e-02 2.110456e-02 1.613793e-02 1.738902e-02 2.056489e-02 1.490033e-02 2.166464e-02 1.898010e-02 1.616943e-02 2.131074e-02 1.504945e-02 1.548874e-02 1.638775e-02 1.250134e-02 1.303935e-02 1.208362e-02 9.547402e-03 9.141428e-03 7.616436e-03 5.960626e-03 5.438915e-03 4.607623e-03 3.663389e-03 3.214299e-03 3.122231e-03 2.868980e-03 2.414603e-03 2.308778e-03 2.235377e-03 1.816104e-03 1.514461e-03 1.341045e-03 1.088828e-03 8.654044e-04 6.881709e-04 5.067264e-04 3.760634e-04 2.893492e-04 2.076152e-04 1.446855e-04 1.082407e-04 7.971457e-05 5.279347e-05 3.409197e-05 2.370260e-05 1.665353e-05 1.086925e-05 7.043870e-06 4.988834e-06 3.581500e-06 2.381300e-06 1.616443e-06 1.249652e-06 1.012753e-06 7.494305e-07 5.262514e-07 3.980200e-07 3.182818e-07 2.411232e-07 1.652879e-07 1.072290e-07 6.912560e-08 4.436962e-08 2.779010e-08 1.614360e-08 8.340558e-09 3.794338e-09 1.623611e-09 6.935832e-10 2.901825e-10 1.089022e-10 3.245389e-11 7.387041e-12 1.395028e-12 2.435235e-13 3.941499e-14 5.253501e-15 4.941999e-16 2.840285e-17 9.188053e-19 1.562695e-20 1.303312e-22 5.150691e-25 1.026856e-27 1.392832e-30 1.154388e-33 4.636702e-37 4.903283e-41 4.203895e-45 2.802597e-45 2.802597e-45 1.401298e-45 1.401298e-45 1.401298e-45 1.401298e-45 1.401298e-45 1.401298e-45 1.401298e-45 1.401298e-45 1.401298e-45 1.401298e-45 1.401298e-45 1.401298e-45 1.401298e-45 1.401298e-45 1.401298e-45 1.401298e-45 1.401298e-45 1.401298e-45 1.401298e-45 1.401298e-45 1.401298e-45 1.401298e-45 1.401298e-45 1.401298e-45 0.000000e+00 0.000000e+00 0.000000e+00 0.000000e+00 0.000000e+00 0.000000e+00 0.000000e+00 0.000000e+00 0.000000e+00 0.000000e+00 0.000000e+00 0.000000e+00 0.000000e+00 0.000000e+00 0.000000e+00 0.000000e+00 0.000000e+00 0.000000e+00 0.000000e+00 0.000000e+00 0.000000e+00
