2.944445e-04 3.763459e-04 3.577971e-04 2.648363e-04 7.170818e-04 1.455651e-03 2.044482e-03 4.107106e-03 6.425446e-03 7.344225e-03 9.400737e-03 1.310152e-02 1.630710e-02 1.929072e-02 2.303648e-02 2.696833e-02 3.110253e-02 3.550297e-02 4.056588e-02 4.569012e-02 5.202552e-02 5.867933e-02 6.516852e-02 7.145156e-02 7.891154e-02 8.675746e-02 9.514165e-02 1.037535e-01 1.121014e-01 1.197824e-01 1.273442e-01 1.358850e-01 1.454827e-01 1.548244e-01 1.636414e-01 1.717197e-01 1.800809e-01 1.878605e-01 1.943342e-01 2.011957e-01 2.066620e-01 2.122477e-01 2.162807e-01 2.192388e-01 2.233779e-01 2.263210e-01 2.300389e-01 2.341526e-01 2.376046e-01 2.424781e-01 2.467782e-01 2.509182e-01 2.561304e-01 2.600235e-01 2.633697e-01 2.666013e-01 2.685665e-01 2.709623e-01 2.734217e-01 2.750796e-01 2.766624e-01 2.781112e-01 2.797712e-01 2.812701e-01 2.832753e-01 2.863134e-01 2.884979e-01 2.902251e-01 2.926081e-01 2.933567e-01 2.924619e-01 2.919428e-01 2.904144e-01 2.873244e-01 2.845546e-01 2.817912e-01 2.781789e-01 2.745250e-01 2.710111e-01 2.671744e-01 2.630934e-01 2.587477e-01 2.541038e-01 2.495124e-01 2.448352e-01 2.394548e-01 2.334477e-01 2.272851e-01 2.208986e-01 2.141365e-01 2.073948e-01 2.010670e-01 1.950531e-01 1.890761e-01 1.829934e-01 1.766787e-01 1.700662e-01 1.633676e-01 1.569895e-01 1.510669e-01 1.452628e-01 1.392013e-01 1.328774e-01 1.264382e-01 1.199621e-01 1.134677e-01 1.070213e-01 1.007173e-01 9.458520e-02 8.861915e-02 8.282864e-02 7.723328e-02 7.182980e-02 6.661166e-02 6.160899e-02 5.687144e-02 5.242945e-02 4.828304e-02 4.442226e-02 4.084172e-02 3.754885e-02 3.452928e-02 3.173708e-02 2.911627e-02 2.663391e-02 2.429021e-02 2.210016e-02 2.007380e-02 1.820465e-02 1.647412e-02 1.486806e-02 1.338019e-02 1.200697e-02 1.076220e-02 9.636649e-03 8.613329e-03 7.678420e-03 6.815387e-03 6.012258e-03 5.266442e-03 4.576623e-03 3.943822e-03 3.388486e-03 2.899500e-03 2.498279e-03 2.164759e-03 1.931025e-03 1.794520e-03 1.753436e-03 1.731617e-03 1.680154e-03 1.595523e-03 1.476145e-03 1.333038e-03 1.173796e-03 1.011529e-03 8.529451e-04 7.047151e-04 5.743910e-04 4.583116e-04 3.811228e-04 3.147156e-04 2.574473e-04 2.117455e-04 1.734918e-04 1.434219e-04 1.207208e-04 1.020871e-04 8.776477e-05 7.520464e-05 6.509425e-05 5.449808e-05 4.580591e-05 3.615080e-05 2.730322e-05 1.916360e-05 1.188260e-05 6.080838e-06 2.762808e-06 1.217833e-06 5.621454e-07 2.857235e-07 1.493797e-07 8.190467e-08 4.838498e-08
3.289369e-04 3.932576e-04 1.866225e-04 5.466919e-04 1.166844e-03 1.673481e-03 3.548837e-03 4.971412e-03 5.308282e-03 7.498245e-03 1.058212e-02 1.227339e-02 1.425134e-02 1.742039e-02 2.060488e-02 2.352172e-02 2.668647e-02 3.061090e-02 3.479183e-02 3.980113e-02 4.484973e-02 4.965400e-02 5.433588e-02 6.018857e-02 6.631881e-02 7.260900e-02 7.884970e-02 8.486985e-02 9.080587e-02 9.680299e-02 1.038651e-01 1.113463e-01 1.183344e-01 1.245779e-01 1.306413e-01 1.373702e-01 1.434082e-01 1.489776e-01 1.550016e-01 1.607079e-01 1.665388e-01 1.713385e-01 1.760274e-01 1.814672e-01 1.861153e-01 1.913425e-01 1.965754e-01 2.014825e-01 2.072591e-01 2.125472e-01 2.180336e-01 2.241788e-01 2.292553e-01 2.340155e-01 2.386800e-01 2.422201e-01 2.458303e-01 2.490856e-01 2.509795e-01 2.527688e-01 2.541840e-01 2.555608e-01 2.573416e-01 2.595359e-01 2.623540e-01 2.648180e-01 2.672766e-01 2.703057e-01 2.722266e-01 2.732694e-01 2.747520e-01 2.751849e-01 2.742082e-01 2.734502e-01 2.722860e-01 2.698973e-01 2.674472e-01 2.650652e-01 2.620158e-01 2.585988e-01 2.550549e-01 2.512873e-01 2.475599e-01 2.437199e-01 2.392135e-01 2.342205e-01 2.291965e-01 2.238536e-01 2.178892e-01 2.117505e-01 2.058851e-01 2.002020e-01 1.944684e-01 1.886370e-01 1.826503e-01 1.764705e-01 1.702483e-01 1.642323e-01 1.583877e-01 1.524283e-01 1.462219e-01 1.399120e-01 1.336354e-01 1.273431e-01 1.209855e-01 1.146364e-01 1.083962e-01 1.022951e-01 9.629818e-02 9.038910e-02 8.458884e-02 7.891932e-02 7.341693e-02 6.813342e-02 6.312793e-02 5.842688e-02 5.402756e-02 4.991481e-02 4.608859e-02 4.254176e-02 3.924780e-02 3.615638e-02 3.322015e-02 3.042868e-02 2.780611e-02 2.538228e-02 2.315621e-02 2.110001e-02 1.918670e-02 1.740347e-02 1.574087e-02 1.420930e-02 1.280453e-02 1.151772e-02 1.033678e-02 9.236678e-03 8.208272e-03 7.256791e-03 6.386550e-03 5.596407e-03 4.888252e-03 4.252190e-03 3.692084e-03 3.199972e-03 2.770273e-03 2.404553e-03 2.113898e-03 1.925368e-03 1.844224e-03 1.823486e-03 1.796787e-03 1.733434e-03 1.647276e-03 1.519607e-03 1.365704e-03 1.200718e-03 1.024069e-03 8.635077e-04 7.117651e-04 5.779519e-04 4.854924e-04 4.099555e-04 3.429826e-04 2.847994e-04 2.367260e-04 1.956130e-04 1.634795e-04 1.379296e-04 1.161024e-04 9.962951e-05 8.397217e-05 7.089882e-05 5.765548e-05 4.606577e-05 3.435940e-05 2.477597e-05 1.566359e-05 8.438328e-06 3.876562e-06 1.722872e-06 7.923935e-07 3.904412e-07 2.020593e-07 1.055464e-07 6.122090e-08
4.473558e-04 1.098743e-04 3.536377e-04 8.638118e-04 1.284988e-03 2.680782e-03 3.275121e-03 3.655525e-03 5.658486e-03 7.429512e-03 8.150474e-03 9.939155e-03 1.252050e-02 1.444242e-02 1.617304e-02 1.862503e-02 2.185874e-02 2.513556e-02 2.863693e-02 3.199718e-02 3.523367e-02 3.868303e-02 4.316091e-02 4.766624e-02 5.196068e-02 5.623456e-02 6.062302e-02 6.514506e-02 6.979404e-02 7.523003e-02 8.075548e-02 8.571082e-02 9.022985e-02 9.506534e-02 1.006569e-01 1.056538e-01 1.107713e-01 1.164619e-01 1.223055e-01 1.283134e-01 1.337570e-01 1.397185e-01 1.460642e-01 1.519273e-01 1.581822e-01 1.640301e-01 1.696951e-01 1.757233e-01 1.812875e-01 1.873498e-01 1.937466e-01 1.994761e-01 2.054084e-01 2.111979e-01 2.161274e-01 2.208685e-01 2.248700e-01 2.274249e-01 2.298619e-01 2.318559e-01 2.335630e-01 2.358301e-01 2.379640e-01 2.402419e-01 2.425421e-01 2.449035e-01 2.477987e-01 2.503431e-01 2.527170e-01 2.556415e-01 2.578702e-01 2.590220e-01 2.601430e-01 2.606192e-01 2.597998e-01 2.587149e-01 2.574796e-01 2.553595e-01 2.527579e-01 2.500687e-01 2.470743e-01 2.440221e-01 2.409424e-01 2.373088e-01 2.332421e-01 2.291628e-01 2.247403e-01 2.196212e-01 2.141851e-01 2.088230e-01 2.034188e-01 1.978245e-01 1.921259e-01 1.864297e-01 1.807851e-01 1.752579e-01 1.697834e-01 1.641048e-01 1.580178e-01 1.516688e-01 1.454067e-01 1.393391e-01 1.333251e-01 1.272691e-01 1.212373e-01 1.153029e-01 1.094169e-01 1.034936e-01 9.751911e-02 9.157029e-02 8.574041e-02 8.009622e-02 7.468338e-02 6.953227e-02 6.465313e-02 6.004232e-02 5.569962e-02 5.161950e-02 4.778973e-02 4.417994e-02 4.074997e-02 3.747485e-02 3.436352e-02 3.145884e-02 2.878673e-02 2.634087e-02 2.408748e-02 2.199710e-02 2.005297e-02 1.825541e-02 1.659078e-02 1.504216e-02 1.360246e-02 1.224994e-02 1.097507e-02 9.781240e-03 8.670829e-03 7.653272e-03 6.734001e-03 5.916452e-03 5.192569e-03 4.560557e-03 3.988243e-03 3.485791e-03 3.014368e-03 2.605494e-03 2.250677e-03 2.002260e-03 1.866760e-03 1.825000e-03 1.810064e-03 1.774050e-03 1.719632e-03 1.629664e-03 1.500951e-03 1.346127e-03 1.180211e-03 1.008072e-03 8.505895e-04 7.038726e-04 6.099206e-04 5.291013e-04 4.516742e-04 3.838432e-04 3.220524e-04 2.683209e-04 2.231338e-04 1.862079e-04 1.551919e-04 1.299994e-04 1.091418e-04 8.934379e-05 7.330951e-05 5.723789e-05 4.382908e-05 3.143817e-05 2.074841e-05 1.133176e-05 5.427309e-06 2.391772e-06 1.090221e-06 5.221449e-07 2.601153e-07 1.356985e-07 7.571385e-08
4.045332e-05 1.599493e-04 5.513669e-04 8.151476e-04 1.585337e-03 1.841576e-03 2.295834e-03 3.560813e-03 4.318636e-03 4.911945e-03 6.371665e-03 7.861000e-03 8.801796e-03 1.008880e-02 1.212733e-02 1.444779e-02 1.650156e-02 1.858106e-02 2.073286e-02 2.298377e-02 2.555690e-02 2.875218e-02 3.174692e-02 3.448147e-02 3.745612e-02 4.079576e-02 4.421091e-02 4.775285e-02 5.185775e-02 5.599903e-02 5.976504e-02 6.348244e-02 6.780810e-02 7.275041e-02 7.735700e-02 8.229636e-02 8.779527e-02 9.356773e-02 9.951109e-02 1.052161e-01 1.116531e-01 1.182021e-01 1.245514e-01 1.310292e-01 1.368258e-01 1.425372e-01 1.481780e-01 1.534724e-01 1.594384e-01 1.653636e-01 1.711491e-01 1.775300e-01 1.835901e-01 1.893468e-01 1.948971e-01 1.996842e-01 2.036697e-01 2.074596e-01 2.107825e-01 2.136893e-01 2.167827e-01 2.191738e-01 2.213225e-01 2.235083e-01 2.255080e-01 2.280203e-01 2.307044e-01 2.335522e-01 2.371541e-01 2.405086e-01 2.430529e-01 2.455739e-01 2.475338e-01 2.481503e-01 2.483130e-01 2.482686e-01 2.471659e-01 2.453307e-01 2.434531e-01 2.413440e-01 2.390837e-01 2.367642e-01 2.339441e-01 2.307613e-01 2.276162e-01 2.240526e-01 2.196410e-01 2.148339e-01 2.100514e-01 2.050733e-01 1.996818e-01 1.940988e-01 1.886427e-01 1.834765e-01 1.785658e-01 1.736248e-01 1.682287e-01 1.622441e-01 1.559937e-01 1.499158e-01 1.441405e-01 1.385050e-01 1.328868e-01 1.272747e-01 1.216465e-01 1.159171e-01 1.100323e-01 1.040717e-01 9.817528e-02 9.243820e-02 8.687287e-02 8.146434e-02 7.622567e-02 7.118546e-02 6.636398e-02 6.176254e-02 5.738876e-02 5.324144e-02 4.929860e-02 4.553501e-02 4.194257e-02 3.854809e-02 3.538856e-02 3.248617e-02 2.982275e-02 2.736206e-02 2.507296e-02 2.295188e-02 2.099336e-02 1.918064e-02 1.749452e-02 1.590448e-02 1.439888e-02 1.297192e-02 1.161951e-02 1.035825e-02 9.197316e-03 8.139102e-03 7.180315e-03 6.328706e-03 5.570563e-03 4.903865e-03 4.298664e-03 3.744587e-03 3.231477e-03 2.766257e-03 2.366172e-03 2.059183e-03 1.868864e-03 1.790764e-03 1.764746e-03 1.745133e-03 1.711336e-03 1.656938e-03 1.563627e-03 1.437386e-03 1.294461e-03 1.136233e-03 9.791364e-04 8.395875e-04 7.519170e-04 6.656573e-04 5.824977e-04 5.020567e-04 4.286298e-04 3.595590e-04 3.002554e-04 2.487736e-04 2.059161e-04 1.696258e-04 1.398716e-04 1.142960e-04 9.131330e-05 7.278196e-05 5.486271e-05 4.006758e-05 2.630688e-05 1.487945e-05 7.093794e-06 3.185607e-06 1.410689e-06 6.611673e-07 3.275161e-07 1.689017e-07 9.616836e-08
1.989814e-05 2.071364e-04 3.176470e-04 5.950827e-04 7.759236e-04 1.062970e-03 1.614600e-03 2.012897e-03 2.466652e-03 3.244981e-03 3.961427e-03 4.564796e-03 5.515439e-03 6.868879e-03 8.208864e-03 9.339964e-03 1.056359e-02 1.200974e-02 1.361041e-02 1.545084e-02 1.758639e-02 1.952622e-02 2.137960e-02 2.365759e-02 2.632939e-02 2.896628e-02 3.175231e-02 3.502358e-02 3.838554e-02 4.159784e-02 4.496977e-02 4.902182e-02 5.352192e-02 5.787320e-02 6.251744e-02 6.766354e-02 7.308105e-02 7.862905e-02 8.415184e-02 9.038214e-02 9.663236e-02 1.028332e-01 1.088825e-01 1.142688e-01 1.197053e-01 1.248253e-01 1.298139e-01 1.353322e-01 1.404967e-01 1.459233e-01 1.518924e-01 1.575077e-01 1.634153e-01 1.692353e-01 1.746796e-01 1.801387e-01 1.852326e-01 1.900517e-01 1.945371e-01 1.985656e-01 2.018539e-01 2.045719e-01 2.070545e-01 2.092432e-01 2.117603e-01 2.144254e-01 2.173630e-01 2.210838e-01 2.246603e-01 2.277272e-01 2.309996e-01 2.337599e-01 2.352379e-01 2.364494e-01 2.374618e-01 2.371858e-01 2.362043e-01 2.353961e-01 2.342809e-01 2.327333e-01 2.311567e-01 2.292945e-01 2.270408e-01 2.246680e-01 2.218340e-01 2.182449e-01 2.144110e-01 2.105499e-01 2.061621e-01 2.010768e-01 1.957435e-01 1.906106e-01 1.858125e-01 1.812557e-01 1.766341e-01 1.715681e-01 1.659538e-01 1.600823e-01 1.543272e-01 1.488137e-01 1.434833e-01 1.382486e-01 1.330213e-01 1.276752e-01 1.221319e-01 1.164319e-01 1.106938e-01 1.050367e-01 9.947758e-02 9.397529e-02 8.851122e-02 8.314288e-02 7.794384e-02 7.294209e-02 6.813639e-02 6.352583e-02 5.911502e-02 5.488941e-02 5.082503e-02 4.693137e-02 4.324727e-02 3.982757e-02 3.668422e-02 3.379308e-02 3.111519e-02 2.862911e-02 2.632852e-02 2.420565e-02 2.223987e-02 2.038924e-02 1.863011e-02 1.695191e-02 1.534748e-02 1.383120e-02 1.241048e-02 1.109642e-02 9.893311e-03 8.795813e-03 7.793562e-03 6.881235e-03 6.059275e-03 5.302197e-03 4.626476e-03 3.994751e-03 3.438446e-03 2.930539e-03 2.501748e-03 2.151106e-03 1.910070e-03 1.779838e-03 1.728080e-03 1.699237e-03 1.666158e-03 1.629331e-03 1.558653e-03 1.467876e-03 1.354411e-03 1.222200e-03 1.079601e-03 9.776474e-04 8.938222e-04 8.063101e-04 7.177662e-04 6.290418e-04 5.439706e-04 4.639832e-04 3.905505e-04 3.263608e-04 2.690976e-04 2.209254e-04 1.803830e-04 1.455045e-04 1.164530e-04 9.093536e-05 6.891098e-05 4.923617e-05 3.238723e-05 1.826822e-05 8.905457e-06 3.944219e-06 1.744924e-06 8.100944e-07 4.005896e-07 2.106036e-07 1.196936e-07
1.056893e-06 8.792384e-06 6.844322e-05 1.512160e-04 2.526378e-04 3.946825e-04 5.554720e-04 7.374444e-04 1.053314e-03 1.421994e-03 1.755773e-03 2.289306e-03 3.060033e-03 3.762231e-03 4.361821e-03 5.160208e-03 6.244244e-03 7.434319e-03 8.712522e-03 1.013527e-02 1.151909e-02 1.301354e-02 1.495027e-02 1.714602e-02 1.921173e-02 2.147033e-02 2.419885e-02 2.706719e-02 2.990679e-02 3.298449e-02 3.669604e-02 4.068582e-02 4.456829e-02 4.865812e-02 5.322765e-02 5.802596e-02 6.292149e-02 6.794285e-02 7.355312e-02 7.917486e-02 8.473305e-02 9.008367e-02 9.507839e-02 1.002852e-01 1.051712e-01 1.100922e-01 1.152757e-01 1.199881e-01 1.250571e-01 1.303919e-01 1.354691e-01 1.411453e-01 1.468428e-01 1.526341e-01 1.588431e-01 1.645785e-01 1.703732e-01 1.758887e-01 1.805972e-01 1.849800e-01 1.884928e-01 1.916179e-01 1.946795e-01 1.975291e-01 2.003867e-01 2.036053e-01 2.071660e-01 2.104725e-01 2.136611e-01 2.170698e-01 2.199167e-01 2.219146e-01 2.239255e-01 2.255445e-01 2.259143e-01 2.259253e-01 2.261512e-01 2.258794e-01 2.252077e-01 2.246629e-01 2.237829e-01 2.222800e-01 2.205826e-01 2.186146e-01 2.160988e-01 2.133344e-01 2.103948e-01 2.067849e-01 2.024269e-01 1.977871e-01 1.931918e-01 1.887009e-01 1.842919e-01 1.797867e-01 1.748980e-01 1.695837e-01 1.641123e-01 1.587426e-01 1.535487e-01 1.485175e-01 1.436234e-01 1.387365e-01 1.336707e-01 1.283589e-01 1.228984e-01 1.174334e-01 1.120178e-01 1.066227e-01 1.011930e-01 9.573592e-02 9.033804e-02 8.507711e-02 7.996504e-02 7.499234e-02 7.017472e-02 6.553430e-02 6.105004e-02 5.669596e-02 5.250612e-02 4.856159e-02 4.491407e-02 4.156361e-02 3.846368e-02 3.557466e-02 3.288001e-02 3.037953e-02 2.806139e-02 2.588874e-02 2.382803e-02 2.185254e-02 1.995323e-02 1.815004e-02 1.645332e-02 1.486330e-02 1.338770e-02 1.202093e-02 1.076070e-02 9.598619e-03 8.531997e-03 7.542369e-03 6.634270e-03 5.784976e-03 5.013170e-03 4.316849e-03 3.703052e-03 3.165057e-03 2.702783e-03 2.311313e-03 2.016817e-03 1.826360e-03 1.729753e-03 1.673909e-03 1.625234e-03 1.575668e-03 1.520305e-03 1.443316e-03 1.359658e-03 1.256604e-03 1.136599e-03 1.083421e-03 1.011799e-03 9.293230e-04 8.424702e-04 7.495924e-04 6.577647e-04 5.718333e-04 4.882347e-04 4.142904e-04 3.445623e-04 2.833310e-04 2.311400e-04 1.850619e-04 1.460991e-04 1.129383e-04 8.402617e-05 5.915706e-05 3.858492e-05 2.188892e-05 1.077409e-05 4.807924e-06 2.123622e-06 9.849468e-07 4.871662e-07 2.534062e-07 1.443176e-07
4.696510e-06 1.411500e-06 1.380103e-06 6.587937e-06 2.661852e-05 6.218617e-05 1.100327e-04 1.899609e-04 2.856232e-04 4.090347e-04 6.718347e-04 1.044452e-03 1.371298e-03 1.760870e-03 2.395681e-03 3.201397e-03 4.008065e-03 4.883977e-03 5.945934e-03 7.085402e-03 8.357257e-03 9.926520e-03 1.161101e-02 1.320976e-02 1.509202e-02 1.740659e-02 1.981672e-02 2.220681e-02 2.486360e-02 2.805370e-02 3.137704e-02 3.458848e-02 3.801286e-02 4.193356e-02 4.604203e-02 5.022029e-02 5.459838e-02 5.941143e-02 6.425770e-02 6.903011e-02 7.380819e-02 7.859141e-02 8.367079e-02 8.854628e-02 9.358603e-02 9.874836e-02 1.034966e-01 1.085045e-01 1.135291e-01 1.183730e-01 1.238220e-01 1.293469e-01 1.351533e-01 1.413235e-01 1.470758e-01 1.531052e-01 1.588824e-01 1.638580e-01 1.687903e-01 1.727544e-01 1.764480e-01 1.803479e-01 1.834733e-01 1.867532e-01 1.904045e-01 1.937221e-01 1.969174e-01 2.002680e-01 2.035366e-01 2.063794e-01 2.089554e-01 2.115803e-01 2.136484e-01 2.147757e-01 2.157390e-01 2.167341e-01 2.172291e-01 2.175221e-01 2.179237e-01 2.178290e-01 2.171206e-01 2.163156e-01 2.153266e-01 2.138432e-01 2.120594e-01 2.100140e-01 2.073489e-01 2.039920e-01 2.002606e-01 1.963383e-01 1.922587e-01 1.880467e-01 1.836019e-01 1.787822e-01 1.736947e-01 1.686346e-01 1.637315e-01 1.589205e-01 1.541430e-01 1.493891e-01 1.446069e-01 1.396887e-01 1.346266e-01 1.295209e-01 1.244490e-01 1.193850e-01 1.142256e-01 1.089178e-01 1.035008e-01 9.808543e-02 9.275806e-02 8.753860e-02 8.243486e-02 7.747485e-02 7.266884e-02 6.798537e-02 6.341697e-02 5.902947e-02 5.491310e-02 5.110300e-02 4.755839e-02 4.422268e-02 4.106429e-02 3.809316e-02 3.531012e-02 3.269820e-02 3.022723e-02 2.786654e-02 2.560475e-02 2.345752e-02 2.144269e-02 1.955497e-02 1.779433e-02 1.613587e-02 1.457949e-02 1.312585e-02 1.177262e-02 1.051818e-02 9.364124e-03 8.296482e-03 7.295217e-03 6.377153e-03 5.515533e-03 4.759660e-03 4.082459e-03 3.499563e-03 2.985316e-03 2.548311e-03 2.189506e-03 1.937708e-03 1.786777e-03 1.694640e-03 1.622162e-03 1.552967e-03 1.489017e-03 1.420225e-03 1.346454e-03 1.265046e-03 1.171525e-03 1.141699e-03 1.092379e-03 1.025351e-03 9.456810e-04 8.571695e-04 7.651933e-04 6.733833e-04 5.880056e-04 5.023516e-04 4.253032e-04 3.521845e-04 2.866643e-04 2.301443e-04 1.787765e-04 1.371645e-04 1.007960e-04 7.088284e-05 4.580492e-05 2.650670e-05 1.315785e-05 5.984826e-06 2.658538e-06 1.226987e-06 5.973058e-07 3.051018e-07 1.651235e-07
2.384248e-06 1.170454e-05 4.489110e-06 2.454371e-06 3.965536e-06 9.193463e-06 2.196403e-05 4.373187e-05 8.684784e-05 1.710417e-04 3.000330e-04 4.578847e-04 7.245886e-04 1.129039e-03 1.589502e-03 2.088261e-03 2.716058e-03 3.499530e-03 4.338315e-03 5.282193e-03 6.437830e-03 7.686844e-03 8.927618e-03 1.044241e-02 1.227447e-02 1.414736e-02 1.603558e-02 1.822977e-02 2.083672e-02 2.347619e-02 2.604603e-02 2.891707e-02 3.229348e-02 3.579973e-02 3.934245e-02 4.311670e-02 4.722368e-02 5.142115e-02 5.562707e-02 6.009802e-02 6.473588e-02 6.962809e-02 7.444718e-02 7.958511e-02 8.484025e-02 8.978552e-02 9.489811e-02 9.984199e-02 1.046744e-01 1.099991e-01 1.153764e-01 1.209528e-01 1.267074e-01 1.322198e-01 1.380634e-01 1.436946e-01 1.486453e-01 1.536031e-01 1.577659e-01 1.617332e-01 1.659389e-01 1.691437e-01 1.726938e-01 1.765849e-01 1.797230e-01 1.830690e-01 1.866877e-01 1.899035e-01 1.930385e-01 1.964038e-01 1.996761e-01 2.023224e-01 2.043588e-01 2.062711e-01 2.079622e-01 2.091603e-01 2.102480e-01 2.112656e-01 2.117096e-01 2.117105e-01 2.117566e-01 2.117074e-01 2.112514e-01 2.104507e-01 2.093121e-01 2.076158e-01 2.053071e-01 2.025033e-01 1.993266e-01 1.958393e-01 1.920413e-01 1.878649e-01 1.832934e-01 1.785761e-01 1.740208e-01 1.696553e-01 1.652380e-01 1.606247e-01 1.558550e-01 1.510280e-01 1.462285e-01 1.415027e-01 1.368436e-01 1.321724e-01 1.273587e-01 1.223096e-01 1.170346e-01 1.116592e-01 1.063201e-01 1.010830e-01 9.593245e-02 9.084960e-02 8.584218e-02 8.090860e-02 7.604325e-02 7.127997e-02 6.671757e-02 6.244195e-02 5.845176e-02 5.467798e-02 5.106788e-02 4.762640e-02 4.436373e-02 4.127231e-02 3.831805e-02 3.547146e-02 3.272923e-02 3.011916e-02 2.767079e-02 2.539017e-02 2.327914e-02 2.130313e-02 1.943698e-02 1.767326e-02 1.600790e-02 1.444788e-02 1.299281e-02 1.162824e-02 1.035144e-02 9.180091e-03 8.084022e-03 7.084463e-03 6.168205e-03 5.346829e-03 4.610480e-03 3.958538e-03 3.373880e-03 2.866670e-03 2.438678e-03 2.118730e-03 1.909749e-03 1.786149e-03 1.689643e-03 1.604429e-03 1.525578e-03 1.447842e-03 1.373369e-03 1.297282e-03 1.210451e-03 1.164923e-03 1.140950e-03 1.093290e-03 1.028069e-03 9.475754e-04 8.573500e-04 7.668912e-04 6.735773e-04 5.852504e-04 4.986361e-04 4.170382e-04 3.429407e-04 2.730528e-04 2.138678e-04 1.616516e-04 1.196142e-04 8.323870e-05 5.445760e-05 3.155186e-05 1.611527e-05 7.451592e-06 3.353822e-06 1.548706e-06 7.452832e-07 3.721464e-07 2.018896e-07
1.939746e-06 3.563020e-06 1.461606e-05 7.718584e-06 3.403751e-06 3.365173e-06 5.516287e-06 1.255819e-05 2.577390e-05 4.665263e-05 8.686799e-05 1.670098e-04 2.963190e-04 4.713228e-04 7.063488e-04 1.033403e-03 1.466318e-03 1.970571e-03 2.569849e-03 3.314205e-03 4.149768e-03 5.026422e-03 6.136068e-03 7.473275e-03 8.845896e-03 1.028193e-02 1.203176e-02 1.409359e-02 1.617856e-02 1.830032e-02 2.078355e-02 2.370231e-02 2.669098e-02 2.973207e-02 3.304777e-02 3.665065e-02 4.041455e-02 4.427924e-02 4.848045e-02 5.281802e-02 5.733649e-02 6.196786e-02 6.702331e-02 7.218084e-02 7.709188e-02 8.212289e-02 8.689670e-02 9.169684e-02 9.686413e-02 1.019649e-01 1.071303e-01 1.123133e-01 1.174814e-01 1.230233e-01 1.284103e-01 1.334051e-01 1.384423e-01 1.429134e-01 1.471797e-01 1.514980e-01 1.548905e-01 1.586221e-01 1.625977e-01 1.656467e-01 1.691818e-01 1.729382e-01 1.761161e-01 1.796989e-01 1.838134e-01 1.875826e-01 1.908526e-01 1.939450e-01 1.967956e-01 1.991190e-01 2.010752e-01 2.029237e-01 2.043765e-01 2.052018e-01 2.057946e-01 2.065263e-01 2.071553e-01 2.073897e-01 2.073096e-01 2.070626e-01 2.065062e-01 2.053833e-01 2.036398e-01 2.014436e-01 1.988758e-01 1.957968e-01 1.920950e-01 1.879553e-01 1.837849e-01 1.798902e-01 1.761840e-01 1.722743e-01 1.679063e-01 1.631913e-01 1.583821e-01 1.536680e-01 1.491355e-01 1.447045e-01 1.402214e-01 1.355295e-01 1.305844e-01 1.254709e-01 1.203327e-01 1.152631e-01 1.102334e-01 1.051896e-01 1.001091e-01 9.502090e-02 8.996318e-02 8.496596e-02 8.010075e-02 7.544925e-02 7.105801e-02 6.688204e-02 6.285097e-02 5.893688e-02 5.515865e-02 5.153379e-02 4.804334e-02 4.466713e-02 4.140411e-02 3.828881e-02 3.536297e-02 3.264181e-02 3.012282e-02 2.777098e-02 2.555536e-02 2.346003e-02 2.146535e-02 1.957777e-02 1.780569e-02 1.613292e-02 1.454823e-02 1.304930e-02 1.163413e-02 1.031343e-02 9.116618e-03 8.008759e-03 7.028262e-03 6.126891e-03 5.319124e-03 4.569665e-03 3.895516e-03 3.295599e-03 2.787209e-03 2.389726e-03 2.118971e-03 1.952677e-03 1.839968e-03 1.733736e-03 1.634035e-03 1.537284e-03 1.442404e-03 1.357137e-03 1.273086e-03 1.184056e-03 1.157761e-03 1.131298e-03 1.081493e-03 1.015316e-03 9.306993e-04 8.411182e-04 7.472864e-04 6.528288e-04 5.625653e-04 4.757707e-04 3.920488e-04 3.166797e-04 2.453432e-04 1.866050e-04 1.358037e-04 9.417304e-05 6.074817e-05 3.543219e-05 1.830412e-05 8.571617e-06 3.872368e-06 1.776457e-06 8.503164e-07 4.274993e-07 2.294077e-07
2.130818e-06 3.793775e-06 3.528467e-06 1.028632e-05 1.351866e-05 8.878463e-06 6.223082e-06 5.352397e-06 6.825463e-06 1.141198e-05 1.987946e-05 3.448200e-05 6.411887e-05 1.166458e-04 2.097339e-04 3.566354e-04 5.491278e-04 8.065596e-04 1.168929e-03 1.618502e-03 2.128755e-03 2.804879e-03 3.640735e-03 4.542535e-03 5.559399e-03 6.849623e-03 8.358653e-03 9.917973e-03 1.160606e-02 1.363048e-02 1.599623e-02 1.844296e-02 2.100912e-02 2.386402e-02 2.697332e-02 3.026797e-02 3.367146e-02 3.734350e-02 4.115852e-02 4.519312e-02 4.953707e-02 5.424906e-02 5.902196e-02 6.364848e-02 6.840945e-02 7.299836e-02 7.776867e-02 8.276597e-02 8.752896e-02 9.223403e-02 9.681291e-02 1.015674e-01 1.067284e-01 1.118159e-01 1.169468e-01 1.221537e-01 1.270179e-01 1.317966e-01 1.364337e-01 1.404481e-01 1.446673e-01 1.488459e-01 1.520773e-01 1.557235e-01 1.593779e-01 1.624232e-01 1.662959e-01 1.707067e-01 1.745629e-01 1.783412e-01 1.823051e-01 1.857892e-01 1.887883e-01 1.917765e-01 1.944798e-01 1.964015e-01 1.978111e-01 1.991378e-01 2.003649e-01 2.012973e-01 2.019064e-01 2.024352e-01 2.030575e-01 2.035097e-01 2.034291e-01 2.028811e-01 2.020967e-01 2.009349e-01 1.989677e-01 1.960982e-01 1.927171e-01 1.893319e-01 1.861512e-01 1.830080e-01 1.795188e-01 1.754974e-01 1.710981e-01 1.665394e-01 1.619583e-01 1.574386e-01 1.530154e-01 1.485781e-01 1.439948e-01 1.392310e-01 1.343753e-01 1.295424e-01 1.247265e-01 1.198599e-01 1.148872e-01 1.098416e-01 1.047755e-01 9.972751e-02 9.473137e-02 8.984072e-02 8.511380e-02 8.055702e-02 7.613155e-02 7.179067e-02 6.753460e-02 6.339158e-02 5.937953e-02 5.549417e-02 5.173597e-02 4.812509e-02 4.470011e-02 4.149088e-02 3.850278e-02 3.571035e-02 3.308057e-02 3.059757e-02 2.823723e-02 2.599727e-02 2.387824e-02 2.186800e-02 1.996587e-02 1.815531e-02 1.641866e-02 1.476028e-02 1.321141e-02 1.175171e-02 1.042919e-02 9.215427e-03 8.128378e-03 7.131989e-03 6.214695e-03 5.358274e-03 4.573303e-03 3.865771e-03 3.262552e-03 2.766556e-03 2.410871e-03 2.181805e-03 2.031410e-03 1.905552e-03 1.775293e-03 1.652702e-03 1.532439e-03 1.423292e-03 1.327174e-03 1.236213e-03 1.149772e-03 1.133502e-03 1.101414e-03 1.049620e-03 9.833399e-04 8.975776e-04 8.098591e-04 7.146682e-04 6.229961e-04 5.327992e-04 4.454398e-04 3.603466e-04 2.827721e-04 2.128532e-04 1.539641e-04 1.057822e-04 6.745264e-05 3.976893e-05 2.069068e-05 9.808379e-06 4.402897e-06 2.012811e-06 9.628180e-07 4.884033e-07 2.692377e-07
1.989215e-06 3.369099e-06 5.109619e-06 5.805955e-06 8.805260e-06 1.228524e-05 1.345798e-05 1.268028e-05 1.156004e-05 1.167120e-05 1.362109e-05 1.864559e-05 2.925850e-05 5.214524e-05 8.784313e-05 1.394357e-04 2.248738e-04 3.597671e-04 5.356015e-04 7.570828e-04 1.083845e-03 1.511951e-03 1.998331e-03 2.578853e-03 3.341707e-03 4.256565e-03 5.262813e-03 6.427656e-03 7.845378e-03 9.520740e-03 1.131252e-02 1.326966e-02 1.548964e-02 1.793995e-02 2.055855e-02 2.328246e-02 2.626282e-02 2.948314e-02 3.298358e-02 3.684890e-02 4.096235e-02 4.519924e-02 4.947557e-02 5.396041e-02 5.847711e-02 6.327120e-02 6.819166e-02 7.277016e-02 7.720996e-02 8.146151e-02 8.594428e-02 9.075610e-02 9.550620e-02 1.005242e-01 1.055661e-01 1.104719e-01 1.155698e-01 1.205508e-01 1.253365e-01 1.302341e-01 1.347430e-01 1.384578e-01 1.422842e-01 1.458951e-01 1.489998e-01 1.530048e-01 1.572588e-01 1.608850e-01 1.648840e-01 1.691812e-01 1.729539e-01 1.767402e-01 1.808341e-01 1.843273e-01 1.869799e-01 1.893878e-01 1.915538e-01 1.931992e-01 1.944723e-01 1.956159e-01 1.967774e-01 1.979965e-01 1.990522e-01 1.997867e-01 2.004157e-01 2.010277e-01 2.012063e-01 2.004921e-01 1.989088e-01 1.968474e-01 1.946131e-01 1.922325e-01 1.895341e-01 1.863605e-01 1.827272e-01 1.787976e-01 1.746704e-01 1.703256e-01 1.658397e-01 1.613518e-01 1.568844e-01 1.523611e-01 1.477942e-01 1.432464e-01 1.387299e-01 1.341850e-01 1.295141e-01 1.247092e-01 1.198107e-01 1.148620e-01 1.098719e-01 1.048783e-01 9.994059e-02 9.511354e-02 9.040526e-02 8.578617e-02 8.122989e-02 7.672985e-02 7.230967e-02 6.798857e-02 6.378455e-02 5.970279e-02 5.577119e-02 5.203081e-02 4.850970e-02 4.520841e-02 4.210354e-02 3.916901e-02 3.637338e-02 3.371863e-02 3.119828e-02 2.879391e-02 2.651369e-02 2.434432e-02 2.226212e-02 2.026532e-02 1.836665e-02 1.657694e-02 1.491816e-02 1.339610e-02 1.196230e-02 1.065656e-02 9.420799e-03 8.293687e-03 7.230683e-03 6.251033e-03 5.353915e-03 4.545114e-03 3.831264e-03 3.231756e-03 2.763191e-03 2.448059e-03 2.245378e-03 2.087794e-03 1.938429e-03 1.787171e-03 1.643175e-03 1.508276e-03 1.384138e-03 1.277144e-03 1.174053e-03 1.115824e-03 1.093943e-03 1.062174e-03 1.009491e-03 9.437545e-04 8.604386e-04 7.749781e-04 6.824837e-04 5.925594e-04 5.006324e-04 4.106554e-04 3.247932e-04 2.456115e-04 1.790351e-04 1.224520e-04 7.994825e-05 4.734215e-05 2.545450e-05 1.209301e-05 5.506437e-06 2.508850e-06 1.218567e-06 6.280431e-07 3.476599e-07
1.735792e-06 3.613008e-06 4.006119e-06 4.882184e-06 7.689170e-06 1.057653e-05 1.136252e-05 1.232214e-05 1.326580e-05 1.425587e-05 1.683955e-05 2.032306e-05 2.435000e-05 3.060267e-05 4.333151e-05 6.907457e-05 1.107447e-04 1.677527e-04 2.494131e-04 3.796722e-04 5.545333e-04 7.626318e-04 1.030757e-03 1.407355e-03 1.882503e-03 2.439602e-03 3.119324e-03 3.979313e-03 5.040529e-03 6.227008e-03 7.567186e-03 9.114846e-03 1.086922e-02 1.278152e-02 1.484351e-02 1.719422e-02 1.982735e-02 2.272460e-02 2.594842e-02 2.939618e-02 3.306957e-02 3.691227e-02 4.100452e-02 4.529748e-02 4.990660e-02 5.460395e-02 5.900387e-02 6.333470e-02 6.756435e-02 7.200428e-02 7.662831e-02 8.108594e-02 8.574601e-02 9.032986e-02 9.492978e-02 9.996037e-02 1.050009e-01 1.101556e-01 1.153618e-01 1.200455e-01 1.242906e-01 1.284715e-01 1.323496e-01 1.359423e-01 1.401145e-01 1.441664e-01 1.476429e-01 1.516584e-01 1.558808e-01 1.597841e-01 1.642135e-01 1.690106e-01 1.731044e-01 1.766684e-01 1.801569e-01 1.831167e-01 1.853784e-01 1.873979e-01 1.893384e-01 1.911201e-01 1.927694e-01 1.942664e-01 1.956273e-01 1.970243e-01 1.984049e-01 1.993910e-01 1.996968e-01 1.994411e-01 1.988515e-01 1.979450e-01 1.965567e-01 1.945499e-01 1.919395e-01 1.888638e-01 1.854624e-01 1.817443e-01 1.776674e-01 1.732962e-01 1.688448e-01 1.644374e-01 1.600984e-01 1.558376e-01 1.516595e-01 1.474659e-01 1.431453e-01 1.386684e-01 1.340576e-01 1.293593e-01 1.245795e-01 1.197359e-01 1.148613e-01 1.100242e-01 1.052567e-01 1.005500e-01 9.587070e-02 9.118173e-02 8.649316e-02 8.184512e-02 7.728262e-02 7.281465e-02 6.846010e-02 6.424575e-02 6.022101e-02 5.641122e-02 5.280943e-02 4.937768e-02 4.607188e-02 4.288992e-02 3.984354e-02 3.693734e-02 3.419077e-02 3.158181e-02 2.909091e-02 2.672083e-02 2.445803e-02 2.230557e-02 2.028864e-02 1.843821e-02 1.670275e-02 1.510925e-02 1.356296e-02 1.210435e-02 1.070967e-02 9.411647e-03 8.214984e-03 7.129576e-03 6.137339e-03 5.249356e-03 4.441158e-03 3.735943e-03 3.160972e-03 2.742048e-03 2.473984e-03 2.281727e-03 2.110542e-03 1.943196e-03 1.780000e-03 1.619568e-03 1.471957e-03 1.330822e-03 1.211459e-03 1.105780e-03 1.088293e-03 1.063612e-03 1.031341e-03 9.751345e-04 9.105381e-04 8.288124e-04 7.430115e-04 6.504800e-04 5.549298e-04 4.608759e-04 3.674245e-04 2.827836e-04 2.062107e-04 1.449798e-04 9.449924e-05 5.781060e-05 3.093481e-05 1.507373e-05 6.772514e-06 3.131237e-06 1.505734e-06 7.806252e-07 4.397092e-07
1.602634e-06 2.735483e-06 4.686558e-06 4.900116e-06 4.560204e-06 6.874339e-06 1.151852e-05 1.376107e-05 1.476926e-05 1.583973e-05 1.653520e-05 1.800958e-05 2.107365e-05 2.629265e-05 3.703610e-05 5.441529e-05 7.690298e-05 1.112957e-04 1.684361e-04 2.445191e-04 3.374644e-04 4.654425e-04 6.562609e-04 9.062354e-04 1.212296e-03 1.604133e-03 2.123574e-03 2.781402e-03 3.533216e-03 4.403724e-03 5.438618e-03 6.656449e-03 8.024031e-03 9.569984e-03 1.138762e-02 1.344900e-02 1.573848e-02 1.832427e-02 2.115210e-02 2.422788e-02 2.749140e-02 3.099843e-02 3.478212e-02 3.886324e-02 4.303352e-02 4.705793e-02 5.117936e-02 5.533433e-02 5.967695e-02 6.410971e-02 6.831022e-02 7.264373e-02 7.689857e-02 8.129089e-02 8.620328e-02 9.112569e-02 9.622733e-02 1.013354e-01 1.059865e-01 1.106109e-01 1.151400e-01 1.193902e-01 1.236270e-01 1.279898e-01 1.320380e-01 1.356820e-01 1.397192e-01 1.438212e-01 1.478245e-01 1.525283e-01 1.574899e-01 1.618704e-01 1.661011e-01 1.703518e-01 1.740085e-01 1.771059e-01 1.801049e-01 1.829268e-01 1.853489e-01 1.874586e-01 1.893810e-01 1.911597e-01 1.928480e-01 1.944274e-01 1.957259e-01 1.966815e-01 1.974368e-01 1.980411e-01 1.982491e-01 1.978098e-01 1.966787e-01 1.949588e-01 1.927590e-01 1.901466e-01 1.871128e-01 1.835939e-01 1.796273e-01 1.754032e-01 1.711710e-01 1.670543e-01 1.631059e-01 1.592698e-01 1.553986e-01 1.513469e-01 1.471185e-01 1.427792e-01 1.383297e-01 1.337873e-01 1.291693e-01 1.245310e-01 1.199011e-01 1.153024e-01 1.106991e-01 1.060503e-01 1.013414e-01 9.659372e-02 9.187093e-02 8.718967e-02 8.255750e-02 7.797594e-02 7.349717e-02 6.917417e-02 6.504215e-02 6.106811e-02 5.721153e-02 5.346373e-02 4.984708e-02 4.638801e-02 4.312510e-02 4.004104e-02 3.710442e-02 3.431481e-02 3.165255e-02 2.911673e-02 2.671484e-02 2.445750e-02 2.232995e-02 2.034599e-02 1.846839e-02 1.666711e-02 1.497898e-02 1.335086e-02 1.185145e-02 1.044168e-02 9.146354e-03 7.960026e-03 6.883017e-03 5.896644e-03 5.013477e-03 4.222934e-03 3.556549e-03 3.047518e-03 2.695940e-03 2.463162e-03 2.266341e-03 2.084789e-03 1.911016e-03 1.737079e-03 1.567828e-03 1.406322e-03 1.259709e-03 1.132610e-03 1.111701e-03 1.086395e-03 1.060781e-03 1.020821e-03 9.640979e-04 8.981638e-04 8.131603e-04 7.207616e-04 6.227283e-04 5.205027e-04 4.235454e-04 3.285469e-04 2.457499e-04 1.732425e-04 1.161850e-04 7.060287e-05 3.902833e-05 1.880008e-05 8.667129e-06 3.903958e-06 1.880079e-06 9.584016e-07 5.348967e-07
1.749416e-06 3.209752e-06 3.520981e-06 5.887565e-06 6.788535e-06 6.043184e-06 8.784948e-06 1.528520e-05 1.998270e-05 2.012884e-05 1.886614e-05 1.867527e-05 2.076773e-05 2.464219e-05 2.943242e-05 3.751717e-05 5.684201e-05 8.838685e-05 1.279046e-04 1.777437e-04 2.534367e-04 3.686315e-04 5.145826e-04 6.929589e-04 9.316569e-04 1.258546e-03 1.669455e-03 2.140726e-03 2.699367e-03 3.390632e-03 4.235572e-03 5.209010e-03 6.347782e-03 7.705569e-03 9.262708e-03 1.102820e-02 1.306503e-02 1.532508e-02 1.780115e-02 2.046923e-02 2.338755e-02 2.662982e-02 3.013435e-02 3.375807e-02 3.737723e-02 4.118298e-02 4.510955e-02 4.921551e-02 5.338437e-02 5.735957e-02 6.146774e-02 6.560498e-02 6.994744e-02 7.476152e-02 7.953727e-02 8.446787e-02 8.942632e-02 9.407093e-02 9.891277e-02 1.036210e-01 1.080729e-01 1.126763e-01 1.170867e-01 1.211982e-01 1.251257e-01 1.291701e-01 1.332282e-01 1.373251e-01 1.420210e-01 1.468094e-01 1.511836e-01 1.557002e-01 1.603376e-01 1.644669e-01 1.682710e-01 1.721324e-01 1.757364e-01 1.787590e-01 1.813924e-01 1.838128e-01 1.859020e-01 1.876415e-01 1.892179e-01 1.907186e-01 1.921357e-01 1.935351e-01 1.948318e-01 1.957666e-01 1.961696e-01 1.960430e-01 1.953799e-01 1.941714e-01 1.924982e-01 1.904236e-01 1.878746e-01 1.847838e-01 1.812497e-01 1.774770e-01 1.736417e-01 1.698734e-01 1.662316e-01 1.626196e-01 1.588598e-01 1.549063e-01 1.508043e-01 1.465784e-01 1.422470e-01 1.378792e-01 1.335188e-01 1.291806e-01 1.248473e-01 1.204749e-01 1.159875e-01 1.113667e-01 1.066591e-01 1.019070e-01 9.712996e-02 9.231718e-02 8.752166e-02 8.281507e-02 7.825798e-02 7.383657e-02 6.951787e-02 6.527838e-02 6.114085e-02 5.714719e-02 5.334735e-02 4.974041e-02 4.630526e-02 4.304060e-02 3.991489e-02 3.694094e-02 3.413640e-02 3.148165e-02 2.895946e-02 2.657600e-02 2.431827e-02 2.213649e-02 2.008823e-02 1.809675e-02 1.626503e-02 1.454419e-02 1.295087e-02 1.145761e-02 1.006663e-02 8.766343e-03 7.592821e-03 6.528187e-03 5.571739e-03 4.727094e-03 3.987485e-03 3.390911e-03 2.954476e-03 2.651696e-03 2.422423e-03 2.214263e-03 2.022623e-03 1.842209e-03 1.654368e-03 1.481686e-03 1.310866e-03 1.202724e-03 1.160800e-03 1.131327e-03 1.096896e-03 1.064241e-03 1.017359e-03 9.598701e-04 8.857258e-04 7.942683e-04 6.961809e-04 5.916028e-04 4.868124e-04 3.855848e-04 2.912232e-04 2.099218e-04 1.409387e-04 8.796300e-05 4.851973e-05 2.422740e-05 1.092191e-05 4.948505e-06 2.290190e-06 1.163242e-06 6.437076e-07
1.671440e-06 3.370632e-06 4.910665e-06 4.406010e-06 7.434714e-06 1.071042e-05 7.916407e-06 7.806609e-06 1.294523e-05 2.189846e-05 3.000842e-05 3.182952e-05 2.854784e-05 2.639612e-05 2.738032e-05 3.096245e-05 3.912103e-05 5.116152e-05 6.943742e-05 1.011235e-04 1.517026e-04 2.186551e-04 3.080459e-04 4.374942e-04 6.217349e-04 8.564692e-04 1.137387e-03 1.488131e-03 1.947779e-03 2.528521e-03 3.208110e-03 4.023453e-03 5.019391e-03 6.198862e-03 7.570945e-03 9.179076e-03 1.097594e-02 1.297112e-02 1.519874e-02 1.769800e-02 2.054899e-02 2.362335e-02 2.683458e-02 3.013206e-02 3.365298e-02 3.739341e-02 4.132966e-02 4.531590e-02 4.916878e-02 5.314836e-02 5.721398e-02 6.142730e-02 6.596697e-02 7.046274e-02 7.510128e-02 7.985957e-02 8.447903e-02 8.935922e-02 9.412606e-02 9.865470e-02 1.033516e-01 1.076716e-01 1.116961e-01 1.157016e-01 1.195811e-01 1.235712e-01 1.277630e-01 1.323028e-01 1.368355e-01 1.411656e-01 1.457535e-01 1.504249e-01 1.547191e-01 1.589710e-01 1.634222e-01 1.675722e-01 1.711224e-01 1.743724e-01 1.773696e-01 1.797697e-01 1.816568e-01 1.835002e-01 1.853944e-01 1.871735e-01 1.888698e-01 1.905441e-01 1.920533e-01 1.932635e-01 1.940740e-01 1.943542e-01 1.940674e-01 1.933505e-01 1.922743e-01 1.907496e-01 1.887067e-01 1.862127e-01 1.833417e-01 1.801247e-01 1.766504e-01 1.730600e-01 1.694088e-01 1.656666e-01 1.618034e-01 1.578739e-01 1.538987e-01 1.498726e-01 1.458358e-01 1.418038e-01 1.377635e-01 1.336801e-01 1.294807e-01 1.251012e-01 1.205454e-01 1.158873e-01 1.111738e-01 1.063830e-01 1.015351e-01 9.668687e-02 9.192128e-02 8.724445e-02 8.262298e-02 7.802202e-02 7.347254e-02 6.902488e-02 6.473815e-02 6.063133e-02 5.669647e-02 5.292878e-02 4.930559e-02 4.584357e-02 4.256925e-02 3.946986e-02 3.653624e-02 3.375515e-02 3.110119e-02 2.856015e-02 2.616077e-02 2.384259e-02 2.162060e-02 1.952956e-02 1.753964e-02 1.572044e-02 1.402185e-02 1.245440e-02 1.099788e-02 9.659210e-03 8.419505e-03 7.301921e-03 6.280421e-03 5.357286e-03 4.541623e-03 3.841543e-03 3.305606e-03 2.917758e-03 2.631469e-03 2.387859e-03 2.169772e-03 1.967049e-03 1.776971e-03 1.583780e-03 1.407057e-03 1.277529e-03 1.224088e-03 1.166906e-03 1.126146e-03 1.081066e-03 1.038572e-03 9.879604e-04 9.220428e-04 8.436689e-04 7.487258e-04 6.488290e-04 5.406122e-04 4.351442e-04 3.330706e-04 2.429274e-04 1.661062e-04 1.045860e-04 5.959324e-05 2.975611e-05 1.371219e-05 6.018227e-06 2.800658e-06 1.390354e-06 7.833452e-07
1.449782e-06 2.740167e-06 3.548540e-06 6.054804e-06 5.685791e-06 6.449166e-06 1.084332e-05 1.268637e-05 1.207410e-05 1.411683e-05 2.037202e-05 3.115690e-05 4.281753e-05 4.817647e-05 4.732110e-05 4.479036e-05 4.643016e-05 5.119624e-05 6.352783e-05 8.348613e-05 1.090319e-04 1.464380e-04 2.061448e-04 2.955930e-04 4.124857e-04 5.608975e-04 7.604858e-04 1.039517e-03 1.405150e-03 1.849969e-03 2.414710e-03 3.135202e-03 4.017951e-03 5.068040e-03 6.330534e-03 7.777893e-03 9.427674e-03 1.132494e-02 1.348580e-02 1.597723e-02 1.864286e-02 2.144781e-02 2.442078e-02 2.768331e-02 3.126853e-02 3.506591e-02 3.892950e-02 4.277449e-02 4.674625e-02 5.078622e-02 5.486735e-02 5.910343e-02 6.327773e-02 6.752150e-02 7.193302e-02 7.636517e-02 8.110548e-02 8.589470e-02 9.052216e-02 9.525500e-02 9.956213e-02 1.035383e-01 1.075734e-01 1.113482e-01 1.153185e-01 1.195846e-01 1.238510e-01 1.281429e-01 1.324359e-01 1.368719e-01 1.413510e-01 1.457170e-01 1.502526e-01 1.550015e-01 1.594755e-01 1.635050e-01 1.673527e-01 1.708628e-01 1.736644e-01 1.760740e-01 1.785647e-01 1.809349e-01 1.829135e-01 1.847470e-01 1.866876e-01 1.886217e-01 1.903392e-01 1.917315e-01 1.927052e-01 1.932380e-01 1.933867e-01 1.931456e-01 1.924594e-01 1.913683e-01 1.899316e-01 1.880761e-01 1.856605e-01 1.826696e-01 1.792546e-01 1.756205e-01 1.718987e-01 1.681448e-01 1.643220e-01 1.604681e-01 1.566179e-01 1.527992e-01 1.490237e-01 1.452331e-01 1.413515e-01 1.373082e-01 1.330749e-01 1.286951e-01 1.242229e-01 1.196641e-01 1.149925e-01 1.102217e-01 1.054414e-01 1.007005e-01 9.599044e-02 9.125461e-02 8.650813e-02 8.179164e-02 7.716612e-02 7.265095e-02 6.826694e-02 6.401640e-02 5.989330e-02 5.592498e-02 5.213574e-02 4.852060e-02 4.509587e-02 4.185489e-02 3.875868e-02 3.580473e-02 3.300788e-02 3.034631e-02 2.778693e-02 2.538193e-02 2.304286e-02 2.087930e-02 1.882500e-02 1.692706e-02 1.516485e-02 1.355431e-02 1.205746e-02 1.068086e-02 9.395710e-03 8.195273e-03 7.088318e-03 6.067825e-03 5.148936e-03 4.350311e-03 3.700486e-03 3.223046e-03 2.871843e-03 2.585263e-03 2.334467e-03 2.107910e-03 1.899624e-03 1.703161e-03 1.514097e-03 1.342228e-03 1.272347e-03 1.204774e-03 1.139916e-03 1.089862e-03 1.038788e-03 9.901373e-04 9.364354e-04 8.649631e-04 7.878250e-04 6.911164e-04 5.894926e-04 4.797337e-04 3.754390e-04 2.767367e-04 1.934389e-04 1.241811e-04 7.221686e-05 3.717298e-05 1.707963e-05 7.652719e-06 3.489605e-06 1.769847e-06 9.813249e-07
1.343194e-06 2.420225e-06 3.750622e-06 4.097560e-06 5.802657e-06 7.957782e-06 9.806221e-06 1.229980e-05 1.468714e-05 1.776545e-05 2.188181e-05 2.711625e-05 3.517823e-05 4.552590e-05 5.343493e-05 5.737139e-05 5.997527e-05 6.533235e-05 7.191014e-05 7.958264e-05 9.438346e-05 1.195607e-04 1.558745e-04 2.024256e-04 2.673028e-04 3.623059e-04 5.003693e-04 6.861889e-04 9.259745e-04 1.256031e-03 1.698568e-03 2.262861e-03 2.961996e-03 3.842043e-03 4.893279e-03 6.127699e-03 7.591122e-03 9.307344e-03 1.132889e-02 1.351048e-02 1.587257e-02 1.850273e-02 2.148579e-02 2.483059e-02 2.839238e-02 3.211140e-02 3.595845e-02 3.997520e-02 4.408498e-02 4.823440e-02 5.242327e-02 5.653915e-02 6.062242e-02 6.486223e-02 6.922720e-02 7.387265e-02 7.868526e-02 8.337937e-02 8.812153e-02 9.264564e-02 9.691308e-02 1.012778e-01 1.053884e-01 1.095629e-01 1.138936e-01 1.178712e-01 1.218781e-01 1.259509e-01 1.300025e-01 1.342335e-01 1.386486e-01 1.433053e-01 1.481515e-01 1.528193e-01 1.571818e-01 1.613873e-01 1.652304e-01 1.685417e-01 1.717215e-01 1.749107e-01 1.776558e-01 1.798153e-01 1.818469e-01 1.839975e-01 1.860734e-01 1.878804e-01 1.894307e-01 1.907517e-01 1.917833e-01 1.924871e-01 1.928378e-01 1.928696e-01 1.925995e-01 1.920256e-01 1.910184e-01 1.893912e-01 1.870558e-01 1.841312e-01 1.808726e-01 1.774987e-01 1.740161e-01 1.703929e-01 1.666202e-01 1.628264e-01 1.590708e-01 1.553544e-01 1.516866e-01 1.479793e-01 1.441398e-01 1.401239e-01 1.359604e-01 1.316946e-01 1.273104e-01 1.228001e-01 1.182176e-01 1.136373e-01 1.090828e-01 1.044841e-01 9.980070e-02 9.503238e-02 9.023459e-02 8.544492e-02 8.070051e-02 7.602353e-02 7.144430e-02 6.700280e-02 6.272498e-02 5.861410e-02 5.469994e-02 5.098047e-02 4.742308e-02 4.403463e-02 4.081502e-02 3.775467e-02 3.484465e-02 3.209991e-02 2.944297e-02 2.692924e-02 2.456936e-02 2.234582e-02 2.028584e-02 1.832907e-02 1.650319e-02 1.479326e-02 1.321759e-02 1.174647e-02 1.038425e-02 9.101593e-03 7.897104e-03 6.775780e-03 5.745620e-03 4.837499e-03 4.079137e-03 3.503825e-03 3.083399e-03 2.762764e-03 2.472134e-03 2.222085e-03 1.985984e-03 1.776588e-03 1.576454e-03 1.388421e-03 1.304039e-03 1.229707e-03 1.156084e-03 1.091213e-03 1.035409e-03 9.820795e-04 9.295236e-04 8.704946e-04 7.995067e-04 7.191974e-04 6.192871e-04 5.168513e-04 4.073133e-04 3.085651e-04 2.173538e-04 1.435506e-04 8.531109e-05 4.501496e-05 2.143147e-05 9.625257e-06 4.509864e-06 2.242216e-06 1.269875e-06
1.433385e-06 2.768738e-06 2.974088e-06 4.045721e-06 5.662894e-06 6.804793e-06 7.799783e-06 1.088255e-05 1.584922e-05 1.841369e-05 2.005056e-05 2.366415e-05 3.008444e-05 3.986064e-05 5.212520e-05 6.450152e-05 7.493501e-05 8.906996e-05 1.003493e-04 1.105827e-04 1.225834e-04 1.371356e-04 1.545099e-04 1.807826e-04 2.212647e-04 2.835674e-04 3.701131e-04 4.842804e-04 6.483950e-04 8.750702e-04 1.174813e-03 1.560365e-03 2.067385e-03 2.695728e-03 3.463037e-03 4.421229e-03 5.604369e-03 7.049453e-03 8.664650e-03 1.051898e-02 1.271004e-02 1.526185e-02 1.818607e-02 2.136632e-02 2.482218e-02 2.851532e-02 3.245367e-02 3.658331e-02 4.083925e-02 4.516068e-02 4.949919e-02 5.380692e-02 5.822920e-02 6.277683e-02 6.742980e-02 7.219423e-02 7.683418e-02 8.155635e-02 8.639316e-02 9.110080e-02 9.595163e-02 1.006874e-01 1.052504e-01 1.097832e-01 1.137566e-01 1.175891e-01 1.214520e-01 1.251390e-01 1.291283e-01 1.334729e-01 1.380266e-01 1.427660e-01 1.474377e-01 1.518944e-01 1.562261e-01 1.603210e-01 1.641559e-01 1.679764e-01 1.716220e-01 1.746516e-01 1.771405e-01 1.795516e-01 1.819567e-01 1.840557e-01 1.857573e-01 1.872830e-01 1.887262e-01 1.899680e-01 1.909289e-01 1.916798e-01 1.922358e-01 1.925394e-01 1.925377e-01 1.921612e-01 1.912607e-01 1.897220e-01 1.876414e-01 1.851981e-01 1.824600e-01 1.793861e-01 1.760060e-01 1.725086e-01 1.689651e-01 1.653531e-01 1.616402e-01 1.578659e-01 1.540599e-01 1.501787e-01 1.462235e-01 1.422466e-01 1.382252e-01 1.341060e-01 1.298691e-01 1.255730e-01 1.212700e-01 1.169280e-01 1.124712e-01 1.078319e-01 1.030403e-01 9.815381e-02 9.324842e-02 8.835243e-02 8.350576e-02 7.875065e-02 7.411564e-02 6.961064e-02 6.527025e-02 6.109918e-02 5.708477e-02 5.325769e-02 4.961054e-02 4.613703e-02 4.284861e-02 3.974066e-02 3.676511e-02 3.390840e-02 3.120962e-02 2.860101e-02 2.620807e-02 2.393221e-02 2.181684e-02 1.980045e-02 1.789832e-02 1.609485e-02 1.441533e-02 1.284231e-02 1.137635e-02 9.995475e-03 8.690378e-03 7.462708e-03 6.332178e-03 5.325047e-03 4.472509e-03 3.808550e-03 3.328492e-03 2.965420e-03 2.665375e-03 2.374494e-03 2.120304e-03 1.875554e-03 1.661127e-03 1.454988e-03 1.334580e-03 1.254795e-03 1.178334e-03 1.105245e-03 1.036063e-03 9.753134e-04 9.160548e-04 8.577138e-04 7.958431e-04 7.207779e-04 6.361351e-04 5.350706e-04 4.365135e-04 3.336727e-04 2.433975e-04 1.633545e-04 1.004121e-04 5.497695e-05 2.685609e-05 1.247988e-05 5.769634e-06 2.910129e-06 1.582505e-06
1.220661e-06 2.454028e-06 4.034383e-06 4.858943e-06 5.258330e-06 6.514451e-06 8.990693e-06 1.097887e-05 1.275506e-05 1.639509e-05 2.095899e-05 2.522581e-05 2.892303e-05 3.292375e-05 4.108396e-05 5.480090e-05 6.763647e-05 8.037462e-05 9.575554e-05 1.154875e-04 1.347319e-04 1.533819e-04 1.767542e-04 2.069373e-04 2.462713e-04 2.934933e-04 3.543770e-04 4.457918e-04 5.686011e-04 7.261416e-04 9.274801e-04 1.199568e-03 1.543135e-03 1.975868e-03 2.539004e-03 3.256637e-03 4.158435e-03 5.204248e-03 6.478953e-03 8.049841e-03 9.927255e-03 1.216350e-02 1.467620e-02 1.752114e-02 2.065975e-02 2.413062e-02 2.794375e-02 3.201996e-02 3.634656e-02 4.082886e-02 4.535135e-02 4.997972e-02 5.471183e-02 5.942011e-02 6.417433e-02 6.885442e-02 7.367192e-02 7.877018e-02 8.383074e-02 8.909506e-02 9.443722e-02 9.950312e-02 1.044668e-01 1.088789e-01 1.129557e-01 1.170384e-01 1.207770e-01 1.247334e-01 1.290228e-01 1.332758e-01 1.376671e-01 1.421492e-01 1.465291e-01 1.509141e-01 1.553027e-01 1.596079e-01 1.638348e-01 1.677460e-01 1.710734e-01 1.740282e-01 1.769459e-01 1.796864e-01 1.819057e-01 1.836946e-01 1.853892e-01 1.869764e-01 1.882681e-01 1.893583e-01 1.904144e-01 1.913311e-01 1.919289e-01 1.922100e-01 1.922027e-01 1.918367e-01 1.910731e-01 1.899665e-01 1.885040e-01 1.864910e-01 1.838665e-01 1.808629e-01 1.777913e-01 1.746862e-01 1.713567e-01 1.677540e-01 1.639461e-01 1.599847e-01 1.558994e-01 1.517711e-01 1.477185e-01 1.437517e-01 1.397698e-01 1.357764e-01 1.317998e-01 1.278225e-01 1.237256e-01 1.194077e-01 1.148480e-01 1.100973e-01 1.052566e-01 1.003853e-01 9.551200e-02 9.064978e-02 8.583038e-02 8.108602e-02 7.645288e-02 7.193552e-02 6.753683e-02 6.331189e-02 5.925547e-02 5.537294e-02 5.168711e-02 4.818273e-02 4.482903e-02 4.161434e-02 3.855417e-02 3.559022e-02 3.281916e-02 3.019550e-02 2.772516e-02 2.540880e-02 2.318902e-02 2.109720e-02 1.910850e-02 1.722747e-02 1.543418e-02 1.374185e-02 1.214555e-02 1.066081e-02 9.278849e-03 8.003480e-03 6.836791e-03 5.785548e-03 4.881663e-03 4.137315e-03 3.592320e-03 3.187902e-03 2.858707e-03 2.552596e-03 2.255275e-03 1.985544e-03 1.733740e-03 1.513483e-03 1.371635e-03 1.296133e-03 1.217145e-03 1.133861e-03 1.057975e-03 9.791501e-04 9.119770e-04 8.481056e-04 7.821026e-04 7.182662e-04 6.346205e-04 5.518858e-04 4.553771e-04 3.614391e-04 2.683061e-04 1.859284e-04 1.175611e-04 6.653176e-05 3.371695e-05 1.570129e-05 7.386002e-06 3.606284e-06 1.996949e-06
1.275683e-06 2.439176e-06 3.186122e-06 4.193275e-06 5.342536e-06 6.997820e-06 8.633767e-06 1.000379e-05 1.261386e-05 1.646959e-05 2.058384e-05 2.332127e-05 2.742106e-05 3.501563e-05 4.419994e-05 5.344131e-05 6.446135e-05 8.301829e-05 1.012072e-04 1.190855e-04 1.379832e-04 1.593291e-04 1.846220e-04 2.166970e-04 2.530357e-04 2.960759e-04 3.536055e-04 4.228334e-04 5.082117e-04 6.169968e-04 7.631553e-04 9.418488e-04 1.166871e-03 1.468114e-03 1.859448e-03 2.355428e-03 2.938950e-03 3.682429e-03 4.632181e-03 5.805180e-03 7.254289e-03 8.925240e-03 1.089648e-02 1.315874e-02 1.578437e-02 1.884699e-02 2.225901e-02 2.607466e-02 3.014115e-02 3.438254e-02 3.886077e-02 4.350885e-02 4.818926e-02 5.295830e-02 5.775255e-02 6.273562e-02 6.805963e-02 7.344764e-02 7.911104e-02 8.499093e-02 9.059718e-02 9.612392e-02 1.012711e-01 1.060086e-01 1.107866e-01 1.151508e-01 1.194838e-01 1.239611e-01 1.280038e-01 1.320797e-01 1.363825e-01 1.406215e-01 1.450211e-01 1.497122e-01 1.543890e-01 1.588502e-01 1.629968e-01 1.667255e-01 1.701857e-01 1.735874e-01 1.767107e-01 1.792676e-01 1.814769e-01 1.835716e-01 1.853464e-01 1.867343e-01 1.880666e-01 1.894351e-01 1.905265e-01 1.911954e-01 1.915814e-01 1.917628e-01 1.916881e-01 1.914015e-01 1.909700e-01 1.901992e-01 1.887945e-01 1.867349e-01 1.843642e-01 1.819202e-01 1.793136e-01 1.763470e-01 1.729672e-01 1.692653e-01 1.652823e-01 1.610728e-01 1.567741e-01 1.525232e-01 1.483660e-01 1.443308e-01 1.404355e-01 1.367211e-01 1.330455e-01 1.292104e-01 1.250804e-01 1.206823e-01 1.161263e-01 1.115089e-01 1.068672e-01 1.021765e-01 9.742894e-02 9.266043e-02 8.792051e-02 8.322092e-02 7.856806e-02 7.401331e-02 6.958361e-02 6.531820e-02 6.123794e-02 5.731488e-02 5.353290e-02 4.990463e-02 4.642796e-02 4.307736e-02 3.990386e-02 3.692975e-02 3.410285e-02 3.150836e-02 2.899390e-02 2.660830e-02 2.429075e-02 2.208775e-02 1.999580e-02 1.802564e-02 1.614621e-02 1.437914e-02 1.272067e-02 1.119539e-02 9.799622e-03 8.521297e-03 7.351389e-03 6.282260e-03 5.317904e-03 4.506625e-03 3.858153e-03 3.398116e-03 3.027241e-03 2.701202e-03 2.380931e-03 2.081675e-03 1.806068e-03 1.562861e-03 1.421263e-03 1.338045e-03 1.253219e-03 1.168086e-03 1.076695e-03 9.932963e-04 9.119044e-04 8.372187e-04 7.713119e-04 6.984082e-04 6.315036e-04 5.503626e-04 4.695720e-04 3.791139e-04 2.898369e-04 2.061096e-04 1.341229e-04 7.831622e-05 4.035761e-05 1.925449e-05 8.934903e-06 4.485960e-06 2.437985e-06
1.127670e-06 2.113617e-06 2.820059e-06 3.797856e-06 5.448290e-06 6.416014e-06 7.396849e-06 9.518050e-06 1.194062e-05 1.441156e-05 1.890805e-05 2.621570e-05 3.349347e-05 3.841751e-05 4.263474e-05 4.870874e-05 6.068901e-05 7.817185e-05 9.582436e-05 1.140752e-04 1.357020e-04 1.628085e-04 1.972925e-04 2.374959e-04 2.852384e-04 3.436105e-04 4.074513e-04 4.776479e-04 5.592604e-04 6.611545e-04 7.761868e-04 9.159493e-04 1.100981e-03 1.334237e-03 1.619399e-03 1.953787e-03 2.400922e-03 2.983182e-03 3.705155e-03 4.597861e-03 5.634373e-03 6.893272e-03 8.380717e-03 1.018559e-02 1.238833e-02 1.490107e-02 1.782250e-02 2.102901e-02 2.453607e-02 2.840792e-02 3.250791e-02 3.678180e-02 4.120918e-02 4.578995e-02 5.065022e-02 5.587446e-02 6.127148e-02 6.699312e-02 7.302234e-02 7.891413e-02 8.479264e-02 9.053385e-02 9.594991e-02 1.014957e-01 1.067462e-01 1.116674e-01 1.165565e-01 1.208118e-01 1.249476e-01 1.293411e-01 1.335542e-01 1.379868e-01 1.428955e-01 1.477427e-01 1.523373e-01 1.568228e-01 1.610584e-01 1.650270e-01 1.689191e-01 1.725373e-01 1.756573e-01 1.785014e-01 1.811218e-01 1.832662e-01 1.850431e-01 1.867802e-01 1.883564e-01 1.894411e-01 1.900826e-01 1.905185e-01 1.907583e-01 1.907672e-01 1.906668e-01 1.904961e-01 1.900503e-01 1.891083e-01 1.877390e-01 1.861357e-01 1.843426e-01 1.821896e-01 1.796000e-01 1.766162e-01 1.732558e-01 1.695096e-01 1.654205e-01 1.611574e-01 1.568955e-01 1.527434e-01 1.487132e-01 1.448306e-01 1.410503e-01 1.373125e-01 1.334771e-01 1.294934e-01 1.253983e-01 1.212506e-01 1.170419e-01 1.127189e-01 1.082577e-01 1.036625e-01 9.898227e-02 9.425254e-02 8.950438e-02 8.476087e-02 8.006011e-02 7.548396e-02 7.107508e-02 6.679172e-02 6.261301e-02 5.856290e-02 5.465152e-02 5.089526e-02 4.733733e-02 4.399583e-02 4.082745e-02 3.791406e-02 3.513081e-02 3.249148e-02 2.995282e-02 2.747038e-02 2.509425e-02 2.282423e-02 2.068697e-02 1.868046e-02 1.680310e-02 1.503893e-02 1.340372e-02 1.187251e-02 1.045970e-02 9.157990e-03 7.945829e-03 6.835812e-03 5.811737e-03 4.909969e-03 4.176251e-03 3.617376e-03 3.213197e-03 2.857914e-03 2.534838e-03 2.216641e-03 1.926144e-03 1.655226e-03 1.487901e-03 1.389212e-03 1.296423e-03 1.200419e-03 1.108774e-03 1.015803e-03 9.269079e-04 8.453901e-04 7.660819e-04 6.977921e-04 6.267675e-04 5.564678e-04 4.795724e-04 3.960326e-04 3.093687e-04 2.255266e-04 1.501896e-04 8.933336e-05 4.715735e-05 2.259021e-05 1.083105e-05 5.432653e-06 3.062574e-06
1.161908e-06 2.454801e-06 3.307935e-06 4.048362e-06 4.684359e-06 6.040939e-06 7.984243e-06 1.033879e-05 1.303447e-05 1.553011e-05 1.864823e-05 2.376199e-05 3.037853e-05 3.669244e-05 4.274129e-05 4.944506e-05 5.705393e-05 6.565225e-05 8.958127e-05 1.174667e-04 1.470764e-04 1.770981e-04 2.049250e-04 2.339427e-04 2.697776e-04 3.136998e-04 3.711953e-04 4.454832e-04 5.351710e-04 6.336751e-04 7.540770e-04 9.113190e-04 1.098901e-03 1.312991e-03 1.557284e-03 1.879044e-03 2.280092e-03 2.758890e-03 3.338309e-03 3.999979e-03 4.807408e-03 5.779796e-03 7.003127e-03 8.521596e-03 1.026022e-02 1.233939e-02 1.466775e-02 1.730305e-02 2.031277e-02 2.355611e-02 2.709968e-02 3.086458e-02 3.489315e-02 3.927899e-02 4.394835e-02 4.885923e-02 5.412789e-02 5.973450e-02 6.539341e-02 7.112970e-02 7.698292e-02 8.280538e-02 8.882000e-02 9.471202e-02 1.001812e-01 1.055858e-01 1.104905e-01 1.151191e-01 1.199358e-01 1.244767e-01 1.291457e-01 1.342535e-01 1.391829e-01 1.438833e-01 1.487000e-01 1.534295e-01 1.579532e-01 1.624647e-01 1.667756e-01 1.706373e-01 1.741796e-01 1.773922e-01 1.801417e-01 1.825893e-01 1.848657e-01 1.867406e-01 1.880108e-01 1.888234e-01 1.893644e-01 1.896484e-01 1.897038e-01 1.896423e-01 1.894862e-01 1.891281e-01 1.885222e-01 1.877225e-01 1.867570e-01 1.854958e-01 1.838107e-01 1.816868e-01 1.792386e-01 1.764567e-01 1.732069e-01 1.694955e-01 1.655032e-01 1.614597e-01 1.574583e-01 1.534905e-01 1.495058e-01 1.455357e-01 1.415553e-01 1.375327e-01 1.334333e-01 1.293589e-01 1.253979e-01 1.214701e-01 1.174146e-01 1.131583e-01 1.087245e-01 1.041533e-01 9.949304e-02 9.476700e-02 9.000362e-02 8.528604e-02 8.067361e-02 7.615049e-02 7.169982e-02 6.732586e-02 6.304374e-02 5.893357e-02 5.504903e-02 5.138170e-02 4.791712e-02 4.468843e-02 4.163717e-02 3.870545e-02 3.592324e-02 3.316093e-02 3.053661e-02 2.800819e-02 2.562600e-02 2.337552e-02 2.125894e-02 1.924735e-02 1.737564e-02 1.561456e-02 1.397383e-02 1.244226e-02 1.099711e-02 9.650241e-03 8.400198e-03 7.224361e-03 6.161413e-03 5.188275e-03 4.379314e-03 3.749787e-03 3.287488e-03 2.933005e-03 2.603175e-03 2.299030e-03 1.998271e-03 1.719446e-03 1.573574e-03 1.457511e-03 1.349550e-03 1.245912e-03 1.146745e-03 1.052275e-03 9.554387e-04 8.657885e-04 7.803294e-04 7.055405e-04 6.330210e-04 5.627679e-04 4.877638e-04 4.088501e-04 3.252851e-04 2.419432e-04 1.642062e-04 9.982423e-05 5.364196e-05 2.662364e-05 1.293654e-05 6.719775e-06 3.831929e-06
1.039666e-06 2.010904e-06 3.028391e-06 3.897104e-06 4.803783e-06 6.166343e-06 7.982411e-06 9.390020e-06 1.162733e-05 1.596313e-05 2.021380e-05 2.283630e-05 2.704554e-05 3.485643e-05 4.397147e-05 5.182310e-05 5.795316e-05 6.434010e-05 7.828638e-05 1.013333e-04 1.347649e-04 1.739208e-04 2.158055e-04 2.600411e-04 3.042228e-04 3.514214e-04 4.043042e-04 4.655530e-04 5.384648e-04 6.347274e-04 7.607409e-04 9.057327e-04 1.065884e-03 1.254554e-03 1.502702e-03 1.801199e-03 2.144138e-03 2.544840e-03 2.994848e-03 3.545727e-03 4.226162e-03 5.086608e-03 6.133087e-03 7.321143e-03 8.753295e-03 1.036651e-02 1.223883e-02 1.444317e-02 1.687583e-02 1.965564e-02 2.268534e-02 2.602812e-02 2.975416e-02 3.371930e-02 3.802010e-02 4.268966e-02 4.763354e-02 5.272863e-02 5.798757e-02 6.355657e-02 6.937623e-02 7.541085e-02 8.150049e-02 8.737234e-02 9.322704e-02 9.881321e-02 1.040764e-01 1.094888e-01 1.146576e-01 1.197592e-01 1.251003e-01 1.300912e-01 1.348151e-01 1.397983e-01 1.448769e-01 1.498563e-01 1.549143e-01 1.599041e-01 1.644727e-01 1.685948e-01 1.723663e-01 1.758133e-01 1.789679e-01 1.818399e-01 1.843005e-01 1.862102e-01 1.876175e-01 1.886647e-01 1.893696e-01 1.896912e-01 1.896955e-01 1.895081e-01 1.891776e-01 1.887022e-01 1.881420e-01 1.875207e-01 1.867110e-01 1.854905e-01 1.838232e-01 1.818167e-01 1.795325e-01 1.768356e-01 1.736592e-01 1.701729e-01 1.665577e-01 1.628110e-01 1.588273e-01 1.546359e-01 1.503431e-01 1.460439e-01 1.416747e-01 1.372561e-01 1.329195e-01 1.287946e-01 1.248216e-01 1.208140e-01 1.167014e-01 1.124907e-01 1.081874e-01 1.037441e-01 9.918335e-02 9.456654e-02 8.994939e-02 8.535101e-02 8.078911e-02 7.625384e-02 7.174787e-02 6.737935e-02 6.322294e-02 5.928438e-02 5.556045e-02 5.202975e-02 4.866445e-02 4.542120e-02 4.235576e-02 3.932522e-02 3.642709e-02 3.363099e-02 3.095650e-02 2.845440e-02 2.609341e-02 2.385668e-02 2.173022e-02 1.970937e-02 1.779502e-02 1.603361e-02 1.437926e-02 1.284049e-02 1.139113e-02 1.000070e-02 8.702203e-03 7.490454e-03 6.374710e-03 5.390478e-03 4.528165e-03 3.860766e-03 3.365136e-03 3.000889e-03 2.693152e-03 2.396543e-03 2.108137e-03 1.825474e-03 1.665363e-03 1.538871e-03 1.411370e-03 1.298087e-03 1.191234e-03 1.088155e-03 9.927100e-04 8.919644e-04 8.071284e-04 7.185924e-04 6.439095e-04 5.652941e-04 4.909974e-04 4.130610e-04 3.330048e-04 2.520635e-04 1.750748e-04 1.089898e-04 6.096410e-05 3.106462e-05 1.553345e-05 8.171362e-06 4.741105e-06
1.032702e-06 2.096986e-06 2.683377e-06 3.642216e-06 4.908356e-06 6.248108e-06 8.006074e-06 1.077246e-05 1.377279e-05 1.598001e-05 1.908404e-05 2.400538e-05 2.866894e-05 3.302628e-05 3.959720e-05 4.844157e-05 5.904999e-05 7.075172e-05 8.191022e-05 1.058900e-04 1.334965e-04 1.673816e-04 2.106161e-04 2.593686e-04 3.108036e-04 3.627572e-04 4.178783e-04 4.829058e-04 5.660360e-04 6.707358e-04 7.881256e-04 9.210111e-04 1.085775e-03 1.302010e-03 1.559301e-03 1.849793e-03 2.184330e-03 2.559863e-03 3.016509e-03 3.579445e-03 4.267583e-03 5.069710e-03 5.958413e-03 7.011513e-03 8.199093e-03 9.596811e-03 1.126037e-02 1.310758e-02 1.526099e-02 1.763412e-02 2.031863e-02 2.339137e-02 2.669547e-02 3.036118e-02 3.432823e-02 3.850475e-02 4.289815e-02 4.753146e-02 5.257950e-02 5.798235e-02 6.362416e-02 6.949010e-02 7.537229e-02 8.128433e-02 8.715034e-02 9.285519e-02 9.869462e-02 1.043803e-01 1.098465e-01 1.153629e-01 1.204390e-01 1.252696e-01 1.304802e-01 1.357965e-01 1.409983e-01 1.463970e-01 1.518601e-01 1.568843e-01 1.614504e-01 1.658285e-01 1.699826e-01 1.737917e-01 1.773305e-01 1.805707e-01 1.833169e-01 1.855801e-01 1.875185e-01 1.890395e-01 1.899649e-01 1.904061e-01 1.905550e-01 1.904231e-01 1.900035e-01 1.894992e-01 1.890575e-01 1.885231e-01 1.875979e-01 1.862216e-01 1.845574e-01 1.826504e-01 1.804304e-01 1.778535e-01 1.750039e-01 1.719077e-01 1.684316e-01 1.644902e-01 1.601795e-01 1.556898e-01 1.510787e-01 1.463690e-01 1.416444e-01 1.371073e-01 1.328297e-01 1.286817e-01 1.245111e-01 1.202806e-01 1.161007e-01 1.119662e-01 1.078081e-01 1.035271e-01 9.913889e-02 9.465514e-02 9.011885e-02 8.552894e-02 8.090392e-02 7.634514e-02 7.192989e-02 6.770667e-02 6.370757e-02 5.987745e-02 5.616628e-02 5.257241e-02 4.914276e-02 4.580920e-02 4.260774e-02 3.956622e-02 3.661762e-02 3.387451e-02 3.124771e-02 2.875658e-02 2.638037e-02 2.413127e-02 2.198219e-02 1.998062e-02 1.808922e-02 1.632103e-02 1.468085e-02 1.311076e-02 1.162814e-02 1.023012e-02 8.898972e-03 7.689266e-03 6.574106e-03 5.581408e-03 4.720513e-03 4.007532e-03 3.487766e-03 3.105268e-03 2.802618e-03 2.513050e-03 2.227233e-03 1.939387e-03 1.760746e-03 1.621244e-03 1.485985e-03 1.355110e-03 1.234103e-03 1.126724e-03 1.018154e-03 9.240630e-04 8.242569e-04 7.366679e-04 6.465231e-04 5.659055e-04 4.860903e-04 4.100669e-04 3.325276e-04 2.572355e-04 1.830185e-04 1.188212e-04 6.874850e-05 3.616319e-05 1.831855e-05 9.698115e-06 5.658496e-06
9.985590e-07 1.856985e-06 2.514764e-06 3.322049e-06 4.774059e-06 6.212934e-06 7.476946e-06 9.731620e-06 1.276239e-05 1.657693e-05 2.131302e-05 2.590753e-05 3.080098e-05 3.689691e-05 4.374243e-05 5.167583e-05 6.121438e-05 7.181165e-05 8.434217e-05 9.749318e-05 1.173370e-04 1.469703e-04 1.874552e-04 2.395698e-04 2.997463e-04 3.656110e-04 4.366334e-04 5.143755e-04 5.990337e-04 6.852219e-04 7.815490e-04 9.067343e-04 1.072302e-03 1.268327e-03 1.489759e-03 1.754716e-03 2.064937e-03 2.457623e-03 2.955743e-03 3.546740e-03 4.215398e-03 4.950778e-03 5.810688e-03 6.782482e-03 7.911604e-03 9.246972e-03 1.071856e-02 1.243624e-02 1.435219e-02 1.656005e-02 1.911835e-02 2.181576e-02 2.481477e-02 2.804882e-02 3.144690e-02 3.512455e-02 3.905251e-02 4.338454e-02 4.807535e-02 5.302858e-02 5.832610e-02 6.378689e-02 6.936755e-02 7.513883e-02 8.091893e-02 8.678961e-02 9.262850e-02 9.825383e-02 1.038588e-01 1.091814e-01 1.144097e-01 1.199958e-01 1.255346e-01 1.309499e-01 1.366472e-01 1.423489e-01 1.475670e-01 1.525266e-01 1.575090e-01 1.623054e-01 1.667709e-01 1.710555e-01 1.750815e-01 1.786438e-01 1.818254e-01 1.847540e-01 1.872333e-01 1.890933e-01 1.904395e-01 1.913594e-01 1.917608e-01 1.917137e-01 1.914759e-01 1.912113e-01 1.907803e-01 1.900101e-01 1.889124e-01 1.875869e-01 1.860674e-01 1.842836e-01 1.822698e-01 1.800650e-01 1.775657e-01 1.745683e-01 1.709670e-01 1.668558e-01 1.623912e-01 1.577064e-01 1.528627e-01 1.480352e-01 1.433800e-01 1.389536e-01 1.346254e-01 1.302468e-01 1.258329e-01 1.214670e-01 1.172265e-01 1.130066e-01 1.087302e-01 1.043608e-01 9.994652e-02 9.542638e-02 9.077717e-02 8.606727e-02 8.139725e-02 7.687136e-02 7.255867e-02 6.840606e-02 6.435413e-02 6.040041e-02 5.657101e-02 5.287344e-02 4.933311e-02 4.598712e-02 4.271844e-02 3.966938e-02 3.676979e-02 3.403785e-02 3.146368e-02 2.899929e-02 2.663482e-02 2.439642e-02 2.228942e-02 2.028622e-02 1.842760e-02 1.663604e-02 1.493484e-02 1.333629e-02 1.181885e-02 1.042127e-02 9.134233e-03 7.934534e-03 6.847456e-03 5.840984e-03 4.954859e-03 4.208996e-03 3.632175e-03 3.231171e-03 2.923063e-03 2.642182e-03 2.357786e-03 2.069557e-03 1.830048e-03 1.693156e-03 1.548192e-03 1.405381e-03 1.271104e-03 1.146395e-03 1.037460e-03 9.331561e-04 8.384212e-04 7.426952e-04 6.520041e-04 5.651499e-04 4.845490e-04 4.066836e-04 3.342065e-04 2.611185e-04 1.927945e-04 1.285898e-04 7.711787e-05 4.128495e-05 2.109822e-05 1.121272e-05 6.668094e-06
8.848604e-07 1.957919e-06 3.002282e-06 3.790677e-06 3.944841e-06 5.043556e-06 7.182966e-06 9.079579e-06 1.153890e-05 1.482592e-05 1.843290e-05 2.408428e-05 3.123254e-05 3.732118e-05 4.338328e-05 5.203060e-05 6.297102e-05 7.373581e-05 8.228572e-05 9.567896e-05 1.182715e-04 1.460725e-04 1.806846e-04 2.225266e-04 2.762814e-04 3.445711e-04 4.254279e-04 5.140944e-04 6.055218e-04 7.042742e-04 8.238319e-04 9.707952e-04 1.133543e-03 1.309791e-03 1.524160e-03 1.781903e-03 2.117373e-03 2.538541e-03 3.017420e-03 3.556801e-03 4.162177e-03 4.866883e-03 5.679332e-03 6.634742e-03 7.767323e-03 9.012654e-03 1.045173e-02 1.209545e-02 1.399048e-02 1.616669e-02 1.843814e-02 2.099897e-02 2.377412e-02 2.665219e-02 2.981461e-02 3.315122e-02 3.680405e-02 4.081969e-02 4.509101e-02 4.976692e-02 5.471164e-02 5.985224e-02 6.530944e-02 7.083472e-02 7.641723e-02 8.214472e-02 8.772894e-02 9.328825e-02 9.884270e-02 1.043569e-01 1.100739e-01 1.157491e-01 1.213863e-01 1.272395e-01 1.329352e-01 1.381940e-01 1.433887e-01 1.486974e-01 1.538475e-01 1.587887e-01 1.636692e-01 1.683479e-01 1.726441e-01 1.766618e-01 1.804872e-01 1.839737e-01 1.869695e-01 1.894723e-01 1.914441e-01 1.927796e-01 1.934797e-01 1.937677e-01 1.938053e-01 1.936004e-01 1.930867e-01 1.923100e-01 1.913730e-01 1.902796e-01 1.889764e-01 1.874541e-01 1.858167e-01 1.839641e-01 1.816106e-01 1.785522e-01 1.748581e-01 1.707479e-01 1.663417e-01 1.617144e-01 1.569482e-01 1.522308e-01 1.475990e-01 1.429497e-01 1.381875e-01 1.333813e-01 1.287019e-01 1.241623e-01 1.196695e-01 1.150653e-01 1.104002e-01 1.057642e-01 1.012016e-01 9.656747e-02 9.183098e-02 8.712103e-02 8.256488e-02 7.813151e-02 7.378944e-02 6.953049e-02 6.534558e-02 6.127544e-02 5.738497e-02 5.368992e-02 5.010191e-02 4.670325e-02 4.346929e-02 4.038903e-02 3.754237e-02 3.482438e-02 3.224845e-02 2.978311e-02 2.743261e-02 2.515288e-02 2.300518e-02 2.094562e-02 1.898150e-02 1.714366e-02 1.538527e-02 1.374638e-02 1.224059e-02 1.083906e-02 9.563701e-03 8.371551e-03 7.254232e-03 6.223082e-03 5.279504e-03 4.472989e-03 3.840831e-03 3.388526e-03 3.071422e-03 2.798751e-03 2.511281e-03 2.222679e-03 1.924364e-03 1.743529e-03 1.597713e-03 1.448545e-03 1.304370e-03 1.168363e-03 1.051697e-03 9.434203e-04 8.492918e-04 7.537151e-04 6.627979e-04 5.744079e-04 4.900642e-04 4.134691e-04 3.382812e-04 2.694920e-04 2.006130e-04 1.378267e-04 8.397114e-05 4.604703e-05 2.375429e-05 1.293846e-05 7.795318e-06
9.778710e-07 1.928315e-06 2.460974e-06 3.151694e-06 4.519304e-06 5.733779e-06 7.062689e-06 8.773754e-06 1.085226e-05 1.408453e-05 1.863223e-05 2.273914e-05 2.820914e-05 3.711245e-05 4.682922e-05 5.407403e-05 6.015093e-05 6.800149e-05 8.221211e-05 9.906053e-05 1.149424e-04 1.324587e-04 1.566555e-04 1.951643e-04 2.521173e-04 3.283682e-04 4.184177e-04 5.150395e-04 6.136320e-04 7.265395e-04 8.543548e-04 9.844273e-04 1.123366e-03 1.300133e-03 1.517601e-03 1.802254e-03 2.153221e-03 2.547584e-03 2.997674e-03 3.505894e-03 4.108843e-03 4.828560e-03 5.681538e-03 6.668217e-03 7.756408e-03 9.028411e-03 1.052392e-02 1.223135e-02 1.417032e-02 1.623330e-02 1.856781e-02 2.110364e-02 2.372100e-02 2.660631e-02 2.960070e-02 3.285136e-02 3.646145e-02 4.025054e-02 4.443450e-02 4.893952e-02 5.364635e-02 5.873801e-02 6.396974e-02 6.928764e-02 7.487938e-02 8.035909e-02 8.578268e-02 9.138535e-02 9.686285e-02 1.024088e-01 1.081086e-01 1.137607e-01 1.194546e-01 1.250019e-01 1.302593e-01 1.355381e-01 1.409414e-01 1.462343e-01 1.514129e-01 1.566259e-01 1.617253e-01 1.665041e-01 1.710579e-01 1.755487e-01 1.798682e-01 1.838010e-01 1.873111e-01 1.904252e-01 1.929421e-01 1.946906e-01 1.958174e-01 1.965779e-01 1.969419e-01 1.968143e-01 1.963176e-01 1.957039e-01 1.949935e-01 1.940422e-01 1.928856e-01 1.916672e-01 1.903323e-01 1.885210e-01 1.860312e-01 1.829900e-01 1.795670e-01 1.757648e-01 1.715066e-01 1.669265e-01 1.621993e-01 1.573985e-01 1.524014e-01 1.471965e-01 1.419799e-01 1.369309e-01 1.320626e-01 1.271884e-01 1.222494e-01 1.172904e-01 1.124551e-01 1.076835e-01 1.028918e-01 9.810155e-02 9.348096e-02 8.902373e-02 8.462776e-02 8.019546e-02 7.573130e-02 7.132702e-02 6.707639e-02 6.298475e-02 5.902893e-02 5.523745e-02 5.160391e-02 4.808297e-02 4.483966e-02 4.174648e-02 3.882609e-02 3.603571e-02 3.334657e-02 3.075406e-02 2.828423e-02 2.592203e-02 2.362901e-02 2.148347e-02 1.943581e-02 1.753314e-02 1.577972e-02 1.413453e-02 1.261851e-02 1.122151e-02 9.911010e-03 8.704342e-03 7.560914e-03 6.492662e-03 5.520314e-03 4.663683e-03 3.973301e-03 3.472971e-03 3.130393e-03 2.861904e-03 2.596601e-03 2.305489e-03 2.018458e-03 1.782004e-03 1.646604e-03 1.501354e-03 1.353272e-03 1.216872e-03 1.085273e-03 9.769270e-04 8.714181e-04 7.799597e-04 6.850149e-04 5.957200e-04 5.097001e-04 4.272621e-04 3.511907e-04 2.772551e-04 2.088894e-04 1.440585e-04 9.041734e-05 5.051701e-05 2.715307e-05 1.495832e-05 9.310316e-06
7.763856e-07 1.542747e-06 2.243277e-06 3.172067e-06 4.361509e-06 5.598137e-06 6.542311e-06 8.580790e-06 1.131855e-05 1.385836e-05 1.755625e-05 2.329413e-05 2.942931e-05 3.648748e-05 4.608211e-05 5.672830e-05 6.519817e-05 7.409015e-05 8.358669e-05 9.622160e-05 1.244300e-04 1.560265e-04 1.873315e-04 2.189526e-04 2.551566e-04 3.027441e-04 3.735939e-04 4.700770e-04 5.992074e-04 7.485666e-04 8.956527e-04 1.041125e-03 1.203130e-03 1.386231e-03 1.611200e-03 1.874281e-03 2.160937e-03 2.497321e-03 2.892947e-03 3.386483e-03 3.990567e-03 4.705237e-03 5.539118e-03 6.494550e-03 7.629522e-03 8.955501e-03 1.045349e-02 1.215190e-02 1.399335e-02 1.607355e-02 1.836559e-02 2.074677e-02 2.336678e-02 2.611534e-02 2.910300e-02 3.240045e-02 3.580261e-02 3.957193e-02 4.365950e-02 4.793685e-02 5.266453e-02 5.762681e-02 6.274613e-02 6.823453e-02 7.366700e-02 7.903381e-02 8.464240e-02 9.005041e-02 9.546132e-02 1.011800e-01 1.067147e-01 1.121922e-01 1.177833e-01 1.232257e-01 1.286671e-01 1.342732e-01 1.397996e-01 1.451736e-01 1.505740e-01 1.558771e-01 1.608434e-01 1.656696e-01 1.706141e-01 1.754534e-01 1.798965e-01 1.840877e-01 1.881181e-01 1.916458e-01 1.944304e-01 1.967030e-01 1.985726e-01 1.997705e-01 2.001425e-01 2.000327e-01 1.997636e-01 1.993078e-01 1.985186e-01 1.975352e-01 1.965662e-01 1.954774e-01 1.940041e-01 1.920729e-01 1.898208e-01 1.872258e-01 1.841053e-01 1.804127e-01 1.762779e-01 1.718796e-01 1.671682e-01 1.620862e-01 1.567168e-01 1.513197e-01 1.460604e-01 1.408906e-01 1.357369e-01 1.305556e-01 1.254496e-01 1.204399e-01 1.155083e-01 1.105781e-01 1.057067e-01 1.009985e-01 9.651377e-02 9.208793e-02 8.753478e-02 8.289205e-02 7.829083e-02 7.377085e-02 6.937373e-02 6.511825e-02 6.098440e-02 5.694772e-02 5.315948e-02 4.954877e-02 4.614236e-02 4.295976e-02 3.988403e-02 3.693431e-02 3.409422e-02 3.139320e-02 2.879040e-02 2.635525e-02 2.403067e-02 2.182830e-02 1.979632e-02 1.788027e-02 1.611613e-02 1.448951e-02 1.296148e-02 1.155028e-02 1.022921e-02 8.983348e-03 7.819224e-03 6.732926e-03 5.734038e-03 4.851235e-03 4.108069e-03 3.544387e-03 3.161252e-03 2.884326e-03 2.635586e-03 2.371667e-03 2.092910e-03 1.831976e-03 1.709724e-03 1.574399e-03 1.436277e-03 1.291811e-03 1.158973e-03 1.030490e-03 9.214184e-04 8.169243e-04 7.218373e-04 6.274465e-04 5.380061e-04 4.500838e-04 3.671522e-04 2.888969e-04 2.164773e-04 1.520534e-04 9.666953e-05 5.675718e-05 3.093102e-05 1.762938e-05 1.095032e-05
8.591737e-07 1.828405e-06 2.563150e-06 3.195117e-06 3.786962e-06 4.836012e-06 7.007597e-06 8.865452e-06 1.123082e-05 1.477331e-05 1.840299e-05 2.342234e-05 3.035453e-05 3.630441e-05 4.148194e-05 4.954871e-05 6.235617e-05 7.391556e-05 8.279987e-05 9.371694e-05 1.106832e-04 1.361570e-04 1.704277e-04 2.086375e-04 2.506184e-04 3.015406e-04 3.639458e-04 4.545486e-04 5.719506e-04 7.105953e-04 8.737509e-04 1.065416e-03 1.279779e-03 1.511790e-03 1.744483e-03 1.967386e-03 2.217441e-03 2.511057e-03 2.886511e-03 3.359552e-03 3.931290e-03 4.619310e-03 5.431992e-03 6.416519e-03 7.589052e-03 8.938672e-03 1.047064e-02 1.215847e-02 1.406801e-02 1.618171e-02 1.837619e-02 2.079341e-02 2.338994e-02 2.617923e-02 2.922837e-02 3.236254e-02 3.577618e-02 3.942248e-02 4.319523e-02 4.740573e-02 5.192142e-02 5.669915e-02 6.193494e-02 6.722553e-02 7.250169e-02 7.804233e-02 8.342274e-02 8.878292e-02 9.447062e-02 9.988949e-02 1.052662e-01 1.110106e-01 1.166193e-01 1.221965e-01 1.280780e-01 1.338838e-01 1.394273e-01 1.449779e-01 1.504133e-01 1.554931e-01 1.605430e-01 1.658099e-01 1.709143e-01 1.756671e-01 1.803768e-01 1.850516e-01 1.892716e-01 1.929701e-01 1.963872e-01 1.993875e-01 2.015071e-01 2.026977e-01 2.033243e-01 2.036050e-01 2.034225e-01 2.027959e-01 2.019802e-01 2.011443e-01 2.001753e-01 1.989090e-01 1.974416e-01 1.958358e-01 1.939565e-01 1.915797e-01 1.886407e-01 1.852388e-01 1.814002e-01 1.771036e-01 1.722939e-01 1.671091e-01 1.617642e-01 1.564184e-01 1.510804e-01 1.456640e-01 1.401930e-01 1.347531e-01 1.294987e-01 1.244082e-01 1.194197e-01 1.144805e-01 1.096260e-01 1.048362e-01 1.000403e-01 9.518510e-02 9.027147e-02 8.540566e-02 8.069116e-02 7.606354e-02 7.145315e-02 6.691094e-02 6.255589e-02 5.839048e-02 5.443192e-02 5.077386e-02 4.724124e-02 4.388043e-02 4.064912e-02 3.756985e-02 3.463753e-02 3.187963e-02 2.927557e-02 2.678875e-02 2.448994e-02 2.229946e-02 2.024518e-02 1.833210e-02 1.652375e-02 1.485320e-02 1.330386e-02 1.184027e-02 1.046761e-02 9.169365e-03 7.962945e-03 6.849769e-03 5.842975e-03 4.940618e-03 4.163309e-03 3.549063e-03 3.105790e-03 2.818156e-03 2.580788e-03 2.357631e-03 2.116752e-03 1.893714e-03 1.786128e-03 1.663222e-03 1.527319e-03 1.385767e-03 1.242055e-03 1.107423e-03 9.812276e-04 8.701579e-04 7.633736e-04 6.669442e-04 5.692678e-04 4.782745e-04 3.877507e-04 3.051865e-04 2.292385e-04 1.613819e-04 1.060466e-04 6.272655e-05 3.542403e-05 1.995933e-05 1.259957e-05
7.184422e-07 1.466098e-06 2.048358e-06 2.670859e-06 3.727315e-06 5.190122e-06 6.670835e-06 8.761406e-06 1.148906e-05 1.520638e-05 2.006267e-05 2.394658e-05 2.777174e-05 3.416830e-05 4.160691e-05 4.924146e-05 5.723814e-05 6.917044e-05 8.457203e-05 9.880032e-05 1.143676e-04 1.446455e-04 1.812190e-04 2.252507e-04 2.736525e-04 3.208864e-04 3.753718e-04 4.361272e-04 5.116541e-04 6.184724e-04 7.743142e-04 9.841258e-04 1.234661e-03 1.505277e-03 1.772202e-03 2.052945e-03 2.342790e-03 2.660993e-03 3.020057e-03 3.425488e-03 3.911884e-03 4.500608e-03 5.242313e-03 6.151295e-03 7.231515e-03 8.500383e-03 9.963701e-03 1.166612e-02 1.358745e-02 1.566564e-02 1.802624e-02 2.064312e-02 2.346747e-02 2.656629e-02 2.973244e-02 3.301760e-02 3.644541e-02 3.993881e-02 4.378996e-02 4.795554e-02 5.237447e-02 5.722314e-02 6.222658e-02 6.730217e-02 7.269977e-02 7.810765e-02 8.348132e-02 8.907382e-02 9.438052e-02 9.958742e-02 1.051929e-01 1.106456e-01 1.160919e-01 1.220076e-01 1.279018e-01 1.335702e-01 1.393656e-01 1.450918e-01 1.504503e-01 1.557798e-01 1.612581e-01 1.665144e-01 1.714948e-01 1.765425e-01 1.816134e-01 1.863751e-01 1.908576e-01 1.952249e-01 1.992253e-01 2.024283e-01 2.047668e-01 2.064746e-01 2.075722e-01 2.079535e-01 2.077224e-01 2.072151e-01 2.065894e-01 2.057272e-01 2.045564e-01 2.032446e-01 2.020151e-01 2.007295e-01 1.990841e-01 1.968928e-01 1.941854e-01 1.910198e-01 1.873095e-01 1.829988e-01 1.781392e-01 1.729867e-01 1.676849e-01 1.622005e-01 1.564864e-01 1.506310e-01 1.449117e-01 1.394681e-01 1.342632e-01 1.291166e-01 1.239630e-01 1.188498e-01 1.138022e-01 1.087364e-01 1.034960e-01 9.814773e-02 9.294099e-02 8.800698e-02 8.320101e-02 7.838399e-02 7.357118e-02 6.889248e-02 6.442988e-02 6.027511e-02 5.626323e-02 5.243804e-02 4.875301e-02 4.517856e-02 4.178745e-02 3.859667e-02 3.563564e-02 3.282970e-02 3.020562e-02 2.769770e-02 2.530929e-02 2.308343e-02 2.095018e-02 1.894845e-02 1.706870e-02 1.529724e-02 1.365196e-02 1.210809e-02 1.066453e-02 9.315216e-03 8.077795e-03 6.954590e-03 5.940233e-03 5.035879e-03 4.239038e-03 3.579682e-03 3.096743e-03 2.761003e-03 2.542169e-03 2.336388e-03 2.138151e-03 1.933910e-03 1.845450e-03 1.732039e-03 1.599814e-03 1.462833e-03 1.318959e-03 1.180051e-03 1.047599e-03 9.219634e-04 8.110353e-04 7.013895e-04 6.051852e-04 5.052398e-04 4.145763e-04 3.255547e-04 2.443029e-04 1.733573e-04 1.128550e-04 6.829367e-05 3.804254e-05 2.188661e-05 1.358646e-05
7.405345e-07 1.421695e-06 1.990445e-06 2.824554e-06 3.623140e-06 4.512980e-06 6.079832e-06 8.579509e-06 1.150152e-05 1.403361e-05 1.723971e-05 2.227760e-05 2.764284e-05 3.274342e-05 4.075194e-05 4.988928e-05 5.861179e-05 6.783829e-05 7.941067e-05 9.489745e-05 1.130716e-04 1.394189e-04 1.664286e-04 1.995673e-04 2.451913e-04 3.101778e-04 3.862875e-04 4.672823e-04 5.582558e-04 6.714902e-04 8.088052e-04 9.694461e-04 1.161437e-03 1.388684e-03 1.677034e-03 2.017086e-03 2.409312e-03 2.841100e-03 3.275926e-03 3.737220e-03 4.238252e-03 4.826949e-03 5.508458e-03 6.288792e-03 7.201151e-03 8.265212e-03 9.549341e-03 1.104451e-02 1.275625e-02 1.480717e-02 1.718828e-02 1.986869e-02 2.287752e-02 2.602519e-02 2.932622e-02 3.284749e-02 3.646153e-02 4.035689e-02 4.453322e-02 4.887295e-02 5.356495e-02 5.845514e-02 6.345348e-02 6.886470e-02 7.448759e-02 8.003814e-02 8.570594e-02 9.117154e-02 9.640518e-02 1.018994e-01 1.072062e-01 1.123784e-01 1.180602e-01 1.238129e-01 1.294207e-01 1.353424e-01 1.413470e-01 1.470107e-01 1.526162e-01 1.583279e-01 1.637344e-01 1.687685e-01 1.738572e-01 1.790489e-01 1.840143e-01 1.887830e-01 1.936284e-01 1.983644e-01 2.024967e-01 2.058834e-01 2.086872e-01 2.108492e-01 2.121308e-01 2.126390e-01 2.127260e-01 2.125208e-01 2.118499e-01 2.107430e-01 2.095862e-01 2.086359e-01 2.077099e-01 2.064275e-01 2.047199e-01 2.026891e-01 2.002966e-01 1.973140e-01 1.935559e-01 1.892034e-01 1.844875e-01 1.794970e-01 1.741113e-01 1.683423e-01 1.624571e-01 1.567269e-01 1.512425e-01 1.458360e-01 1.403998e-01 1.349794e-01 1.296681e-01 1.244179e-01 1.190310e-01 1.134903e-01 1.079007e-01 1.024284e-01 9.712575e-02 9.195698e-02 8.676951e-02 8.164994e-02 7.677741e-02 7.221238e-02 6.775800e-02 6.341007e-02 5.919223e-02 5.504163e-02 5.108984e-02 4.732046e-02 4.380007e-02 4.050653e-02 3.743479e-02 3.453931e-02 3.176389e-02 2.915489e-02 2.664347e-02 2.426697e-02 2.203289e-02 1.990056e-02 1.790242e-02 1.601290e-02 1.424021e-02 1.259408e-02 1.106231e-02 9.671941e-03 8.389749e-03 7.240518e-03 6.199712e-03 5.259102e-03 4.432501e-03 3.720273e-03 3.171177e-03 2.793585e-03 2.534002e-03 2.346521e-03 2.156615e-03 1.960627e-03 1.845839e-03 1.746077e-03 1.628695e-03 1.496556e-03 1.363310e-03 1.226346e-03 1.090053e-03 9.630145e-04 8.387428e-04 7.316796e-04 6.241702e-04 5.285024e-04 4.314282e-04 3.396830e-04 2.541457e-04 1.778078e-04 1.163825e-04 6.926613e-05 3.968923e-05 2.262313e-05 1.464547e-05
7.344361e-07 1.606927e-06 2.125668e-06 2.568362e-06 3.625023e-06 5.009970e-06 6.444766e-06 7.823716e-06 1.015194e-05 1.394135e-05 1.763175e-05 2.088259e-05 2.578681e-05 3.272417e-05 3.898577e-05 4.625657e-05 5.626631e-05 6.666975e-05 7.680964e-05 8.855550e-05 1.033587e-04 1.253699e-04 1.622427e-04 2.103925e-04 2.667157e-04 3.217489e-04 3.753059e-04 4.398623e-04 5.277430e-04 6.394971e-04 7.718268e-04 9.264476e-04 1.110977e-03 1.348153e-03 1.633775e-03 1.985762e-03 2.399727e-03 2.847450e-03 3.352978e-03 3.901836e-03 4.506295e-03 5.145895e-03 5.814751e-03 6.557478e-03 7.380370e-03 8.355905e-03 9.477190e-03 1.079487e-02 1.242198e-02 1.433156e-02 1.656532e-02 1.913237e-02 2.190201e-02 2.493391e-02 2.829042e-02 3.186737e-02 3.578592e-02 4.003929e-02 4.445774e-02 4.918432e-02 5.413007e-02 5.927650e-02 6.499957e-02 7.105333e-02 7.702330e-02 8.318136e-02 8.931796e-02 9.511186e-02 1.009703e-01 1.065479e-01 1.117389e-01 1.173308e-01 1.229638e-01 1.283696e-01 1.342133e-01 1.402773e-01 1.460123e-01 1.517657e-01 1.577087e-01 1.632348e-01 1.682652e-01 1.733929e-01 1.786249e-01 1.834711e-01 1.881427e-01 1.931370e-01 1.981722e-01 2.026028e-01 2.064776e-01 2.101030e-01 2.132298e-01 2.154568e-01 2.169130e-01 2.179266e-01 2.184024e-01 2.181247e-01 2.172996e-01 2.164112e-01 2.155943e-01 2.145900e-01 2.133427e-01 2.120287e-01 2.106932e-01 2.090076e-01 2.066352e-01 2.035712e-01 2.000212e-01 1.961405e-01 1.917917e-01 1.868871e-01 1.815418e-01 1.760152e-01 1.704816e-01 1.649121e-01 1.592700e-01 1.535554e-01 1.478520e-01 1.421904e-01 1.364975e-01 1.307442e-01 1.249171e-01 1.191059e-01 1.133696e-01 1.077557e-01 1.021403e-01 9.656192e-02 9.111784e-02 8.596642e-02 8.109795e-02 7.640365e-02 7.174443e-02 6.703801e-02 6.249148e-02 5.808570e-02 5.389129e-02 4.997486e-02 4.631580e-02 4.290039e-02 3.964317e-02 3.657037e-02 3.363719e-02 3.085611e-02 2.824741e-02 2.573152e-02 2.335447e-02 2.109195e-02 1.894424e-02 1.692662e-02 1.501944e-02 1.326711e-02 1.165992e-02 1.020224e-02 8.895958e-03 7.695200e-03 6.607373e-03 5.615530e-03 4.714677e-03 3.948066e-03 3.314426e-03 2.862402e-03 2.558028e-03 2.336845e-03 2.150615e-03 1.961154e-03 1.784099e-03 1.709522e-03 1.609400e-03 1.494694e-03 1.369888e-03 1.239137e-03 1.109742e-03 9.763216e-04 8.564893e-04 7.366143e-04 6.320135e-04 5.287619e-04 4.325483e-04 3.400877e-04 2.529463e-04 1.780881e-04 1.152425e-04 7.049098e-05 4.035600e-05 2.416324e-05 1.560032e-05
6.453876e-07 1.429234e-06 2.146202e-06 3.062045e-06 3.689893e-06 4.684558e-06 6.233192e-06 8.135486e-06 9.835480e-06 1.148246e-05 1.473666e-05 2.031998e-05 2.706356e-05 3.325853e-05 4.019656e-05 4.824716e-05 5.633851e-05 6.587507e-05 7.780193e-05 9.029912e-05 1.028466e-04 1.219231e-04 1.498969e-04 1.841997e-04 2.280008e-04 2.872773e-04 3.683691e-04 4.688931e-04 5.749965e-04 6.785985e-04 7.895497e-04 9.290235e-04 1.107152e-03 1.320808e-03 1.593878e-03 1.922633e-03 2.301570e-03 2.771312e-03 3.320083e-03 3.950925e-03 4.622404e-03 5.312729e-03 6.042258e-03 6.799780e-03 7.657828e-03 8.592910e-03 9.650522e-03 1.093632e-02 1.243311e-02 1.421009e-02 1.621360e-02 1.839492e-02 2.092402e-02 2.381767e-02 2.703130e-02 3.064152e-02 3.459520e-02 3.875600e-02 4.321907e-02 4.801059e-02 5.319594e-02 5.902226e-02 6.519709e-02 7.145391e-02 7.812717e-02 8.497056e-02 9.151775e-02 9.809792e-02 1.044853e-01 1.103712e-01 1.164617e-01 1.224773e-01 1.280846e-01 1.340832e-01 1.402459e-01 1.460227e-01 1.519617e-01 1.581785e-01 1.639309e-01 1.692596e-01 1.747725e-01 1.801822e-01 1.849816e-01 1.896686e-01 1.947795e-01 1.997804e-01 2.041648e-01 2.082889e-01 2.124646e-01 2.162321e-01 2.192055e-01 2.215694e-01 2.234767e-01 2.246670e-01 2.249354e-01 2.245613e-01 2.238853e-01 2.229529e-01 2.217271e-01 2.204061e-01 2.192651e-01 2.181641e-01 2.167517e-01 2.148378e-01 2.125022e-01 2.098599e-01 2.068298e-01 2.032772e-01 1.991025e-01 1.944001e-01 1.893255e-01 1.840028e-01 1.784864e-01 1.727271e-01 1.667218e-01 1.605583e-01 1.543953e-01 1.483325e-01 1.422930e-01 1.362558e-01 1.302137e-01 1.242771e-01 1.184449e-01 1.127609e-01 1.071030e-01 1.014645e-01 9.595431e-02 9.072958e-02 8.572549e-02 8.073621e-02 7.577167e-02 7.086425e-02 6.608886e-02 6.156231e-02 5.724981e-02 5.322240e-02 4.941765e-02 4.580839e-02 4.236443e-02 3.906849e-02 3.599209e-02 3.306309e-02 3.029388e-02 2.763685e-02 2.505547e-02 2.260916e-02 2.027139e-02 1.808967e-02 1.607363e-02 1.420389e-02 1.253557e-02 1.100597e-02 9.620093e-03 8.344689e-03 7.152706e-03 6.059627e-03 5.076758e-03 4.208304e-03 3.507280e-03 2.963240e-03 2.594543e-03 2.339708e-03 2.135570e-03 1.950657e-03 1.765250e-03 1.664020e-03 1.587937e-03 1.488355e-03 1.370945e-03 1.247581e-03 1.115084e-03 9.872960e-04 8.561244e-04 7.372577e-04 6.224115e-04 5.199701e-04 4.240236e-04 3.343581e-04 2.526492e-04 1.778354e-04 1.182734e-04 7.227802e-05 4.327354e-05 2.575711e-05 1.721529e-05
6.393778e-07 1.203480e-06 1.979052e-06 2.633904e-06 3.563388e-06 4.651067e-06 5.788394e-06 7.229675e-06 9.295697e-06 1.252375e-05 1.665359e-05 2.099758e-05 2.561126e-05 3.216882e-05 4.057021e-05 4.885657e-05 5.760226e-05 6.709934e-05 7.665687e-05 8.766096e-05 1.012448e-04 1.254376e-04 1.555247e-04 1.895352e-04 2.336278e-04 2.946002e-04 3.749682e-04 4.634751e-04 5.491902e-04 6.425529e-04 7.630826e-04 9.127874e-04 1.100099e-03 1.343434e-03 1.628494e-03 1.957929e-03 2.360861e-03 2.828660e-03 3.373648e-03 3.975056e-03 4.634778e-03 5.368906e-03 6.161628e-03 7.052667e-03 7.979922e-03 8.992320e-03 1.016922e-02 1.145452e-02 1.289666e-02 1.444902e-02 1.616317e-02 1.823212e-02 2.060849e-02 2.334992e-02 2.650037e-02 2.993459e-02 3.364382e-02 3.767035e-02 4.207009e-02 4.693129e-02 5.233184e-02 5.815883e-02 6.434207e-02 7.107008e-02 7.814934e-02 8.521874e-02 9.249158e-02 9.981585e-02 1.067181e-01 1.136898e-01 1.206263e-01 1.269899e-01 1.334679e-01 1.399923e-01 1.460583e-01 1.523738e-01 1.590756e-01 1.653984e-01 1.714458e-01 1.776607e-01 1.835232e-01 1.886253e-01 1.935939e-01 1.987889e-01 2.036324e-01 2.078748e-01 2.121042e-01 2.165496e-01 2.207109e-01 2.242035e-01 2.272043e-01 2.297973e-01 2.316618e-01 2.325580e-01 2.326588e-01 2.322417e-01 2.313553e-01 2.300258e-01 2.284658e-01 2.269402e-01 2.255245e-01 2.240456e-01 2.223574e-01 2.204197e-01 2.182630e-01 2.158460e-01 2.129626e-01 2.094668e-01 2.053548e-01 2.008200e-01 1.959710e-01 1.907112e-01 1.849103e-01 1.786247e-01 1.721907e-01 1.658761e-01 1.596797e-01 1.534753e-01 1.471856e-01 1.409735e-01 1.349763e-01 1.292655e-01 1.235971e-01 1.178469e-01 1.120941e-01 1.065441e-01 1.012084e-01 9.594586e-02 9.057730e-02 8.507597e-02 7.966136e-02 7.467388e-02 6.996306e-02 6.545775e-02 6.110462e-02 5.688301e-02 5.282902e-02 4.891854e-02 4.524212e-02 4.176780e-02 3.849170e-02 3.538162e-02 3.235256e-02 2.945939e-02 2.666129e-02 2.400495e-02 2.154012e-02 1.923644e-02 1.715162e-02 1.524970e-02 1.348800e-02 1.188709e-02 1.037548e-02 8.976455e-03 7.681915e-03 6.487223e-03 5.423751e-03 4.494751e-03 3.707878e-03 3.100022e-03 2.656372e-03 2.354681e-03 2.131905e-03 1.938243e-03 1.756776e-03 1.644466e-03 1.584006e-03 1.496106e-03 1.387475e-03 1.260626e-03 1.130912e-03 9.946078e-04 8.653397e-04 7.381836e-04 6.242781e-04 5.181367e-04 4.239565e-04 3.377024e-04 2.561836e-04 1.847790e-04 1.225151e-04 7.740138e-05 4.584256e-05 2.793437e-05 1.827715e-05
6.333797e-07 1.566933e-06 1.642627e-06 2.136116e-06 3.076757e-06 3.955739e-06 5.215552e-06 7.336672e-06 1.044542e-05 1.411597e-05 1.746693e-05 2.101302e-05 2.627863e-05 3.291321e-05 3.984455e-05 4.823701e-05 5.796817e-05 6.799036e-05 7.899923e-05 9.182894e-05 1.071841e-04 1.233270e-04 1.480256e-04 1.861581e-04 2.273308e-04 2.774634e-04 3.383607e-04 4.179208e-04 5.294453e-04 6.691735e-04 8.135936e-04 9.638789e-04 1.136265e-03 1.331786e-03 1.571444e-03 1.878653e-03 2.254392e-03 2.698351e-03 3.203016e-03 3.785957e-03 4.468889e-03 5.246974e-03 6.141409e-03 7.110596e-03 8.206979e-03 9.454161e-03 1.075381e-02 1.212149e-02 1.349317e-02 1.495386e-02 1.668871e-02 1.861935e-02 2.081401e-02 2.327533e-02 2.593940e-02 2.895258e-02 3.228044e-02 3.599776e-02 4.028235e-02 4.507263e-02 5.034153e-02 5.608264e-02 6.234526e-02 6.915653e-02 7.633484e-02 8.393075e-02 9.193929e-02 9.989715e-02 1.079652e-01 1.161209e-01 1.235855e-01 1.307980e-01 1.380187e-01 1.447199e-01 1.516013e-01 1.589573e-01 1.659915e-01 1.728356e-01 1.799263e-01 1.866545e-01 1.926025e-01 1.983600e-01 2.041263e-01 2.092320e-01 2.135916e-01 2.179778e-01 2.226210e-01 2.268786e-01 2.304732e-01 2.338136e-01 2.370345e-01 2.396014e-01 2.411509e-01 2.419191e-01 2.421675e-01 2.417603e-01 2.405282e-01 2.387301e-01 2.368382e-01 2.350090e-01 2.331458e-01 2.311551e-01 2.291774e-01 2.272898e-01 2.253188e-01 2.229400e-01 2.199440e-01 2.164612e-01 2.126139e-01 2.083180e-01 2.033272e-01 1.975790e-01 1.913619e-01 1.850362e-01 1.787250e-01 1.723114e-01 1.657001e-01 1.590742e-01 1.526653e-01 1.465991e-01 1.406784e-01 1.347768e-01 1.288689e-01 1.230835e-01 1.174718e-01 1.119761e-01 1.063584e-01 1.004979e-01 9.452512e-02 8.881468e-02 8.348770e-02 7.857843e-02 7.387152e-02 6.915770e-02 6.456678e-02 6.010546e-02 5.582165e-02 5.173815e-02 4.787003e-02 4.422685e-02 4.070821e-02 3.734340e-02 3.409304e-02 3.098163e-02 2.810274e-02 2.538805e-02 2.288699e-02 2.059119e-02 1.843841e-02 1.647286e-02 1.460861e-02 1.284508e-02 1.120180e-02 9.663736e-03 8.258387e-03 6.995554e-03 5.852861e-03 4.858072e-03 4.001310e-03 3.305631e-03 2.785827e-03 2.422416e-03 2.159274e-03 1.947250e-03 1.755864e-03 1.634298e-03 1.581829e-03 1.505292e-03 1.405912e-03 1.287034e-03 1.156744e-03 1.024907e-03 8.916754e-04 7.676630e-04 6.455031e-04 5.383543e-04 4.372778e-04 3.471717e-04 2.646882e-04 1.893778e-04 1.284389e-04 7.997973e-05 4.827322e-05 2.887718e-05 1.898092e-05
5.596910e-07 9.926741e-07 1.874204e-06 2.532062e-06 3.018400e-06 4.374160e-06 6.300652e-06 8.218379e-06 1.038549e-05 1.282617e-05 1.652444e-05 2.201278e-05 2.745636e-05 3.240435e-05 3.889752e-05 4.733538e-05 5.719709e-05 6.859610e-05 8.163898e-05 9.591372e-05 1.096732e-04 1.237586e-04 1.498252e-04 1.890709e-04 2.378205e-04 2.833036e-04 3.304768e-04 3.958044e-04 4.878787e-04 6.031918e-04 7.484488e-04 9.215921e-04 1.099619e-03 1.295672e-03 1.538008e-03 1.836997e-03 2.190195e-03 2.606930e-03 3.096762e-03 3.668743e-03 4.331130e-03 5.105880e-03 5.985471e-03 7.001719e-03 8.159760e-03 9.403958e-03 1.076530e-02 1.220168e-02 1.378967e-02 1.562766e-02 1.754859e-02 1.958350e-02 2.174712e-02 2.399905e-02 2.648216e-02 2.912795e-02 3.209635e-02 3.558182e-02 3.936886e-02 4.352495e-02 4.817604e-02 5.332639e-02 5.915922e-02 6.563816e-02 7.275267e-02 8.065412e-02 8.901682e-02 9.768787e-02 1.066989e-01 1.153014e-01 1.235464e-01 1.319199e-01 1.398548e-01 1.476975e-01 1.559238e-01 1.638188e-01 1.714960e-01 1.794736e-01 1.871615e-01 1.941975e-01 2.011480e-01 2.079629e-01 2.138391e-01 2.188665e-01 2.238966e-01 2.288903e-01 2.331632e-01 2.368604e-01 2.406806e-01 2.444920e-01 2.475661e-01 2.497398e-01 2.514150e-01 2.526354e-01 2.529923e-01 2.523102e-01 2.508900e-01 2.490626e-01 2.468949e-01 2.444285e-01 2.420018e-01 2.398958e-01 2.380621e-01 2.361701e-01 2.339545e-01 2.313827e-01 2.284811e-01 2.252115e-01 2.213376e-01 2.167068e-01 2.113602e-01 2.055122e-01 1.993529e-01 1.928990e-01 1.861205e-01 1.791366e-01 1.721618e-01 1.654084e-01 1.588869e-01 1.525858e-01 1.463949e-01 1.402924e-01 1.343063e-01 1.284790e-01 1.226669e-01 1.167425e-01 1.106927e-01 1.046531e-01 9.877587e-02 9.323163e-02 8.801492e-02 8.283956e-02 7.773824e-02 7.274617e-02 6.800131e-02 6.348671e-02 5.908484e-02 5.483092e-02 5.072109e-02 4.680214e-02 4.305670e-02 3.945824e-02 3.610676e-02 3.294694e-02 3.002011e-02 2.733757e-02 2.478149e-02 2.238942e-02 2.012560e-02 1.794177e-02 1.590878e-02 1.396049e-02 1.214920e-02 1.048975e-02 8.983253e-03 7.624196e-03 6.411623e-03 5.322141e-03 4.380063e-03 3.584735e-03 2.969962e-03 2.522324e-03 2.209078e-03 1.963153e-03 1.752316e-03 1.613612e-03 1.558452e-03 1.499787e-03 1.413207e-03 1.313794e-03 1.193927e-03 1.066561e-03 9.373515e-04 8.043303e-04 6.821123e-04 5.595814e-04 4.534109e-04 3.535051e-04 2.662495e-04 1.913815e-04 1.281812e-04 8.133593e-05 4.864721e-05 2.953457e-05 1.924464e-05
5.205808e-07 1.356615e-06 1.732167e-06 2.343616e-06 3.345273e-06 4.378819e-06 5.865858e-06 7.840403e-06 9.997492e-06 1.309355e-05 1.704347e-05 2.096453e-05 2.592015e-05 3.260652e-05 4.005225e-05 4.806124e-05 5.696030e-05 6.737924e-05 7.973823e-05 9.308694e-05 1.077024e-04 1.242823e-04 1.430478e-04 1.700085e-04 2.113186e-04 2.632863e-04 3.244944e-04 3.919752e-04 4.675170e-04 5.751117e-04 7.271798e-04 9.053347e-04 1.110644e-03 1.333419e-03 1.558677e-03 1.791132e-03 2.065714e-03 2.410189e-03 2.860495e-03 3.443030e-03 4.159160e-03 5.000687e-03 5.970281e-03 7.062749e-03 8.219181e-03 9.432287e-03 1.070416e-02 1.216221e-02 1.388596e-02 1.570747e-02 1.768133e-02 1.984844e-02 2.210612e-02 2.455150e-02 2.711813e-02 2.991909e-02 3.303796e-02 3.618612e-02 3.955905e-02 4.331258e-02 4.734889e-02 5.196306e-02 5.721071e-02 6.305954e-02 6.980950e-02 7.731923e-02 8.535835e-02 9.406376e-02 1.029090e-01 1.116782e-01 1.209588e-01 1.302018e-01 1.391511e-01 1.484305e-01 1.574688e-01 1.660218e-01 1.747744e-01 1.835212e-01 1.918746e-01 2.001947e-01 2.083375e-01 2.155459e-01 2.218568e-01 2.278510e-01 2.333802e-01 2.380629e-01 2.423428e-01 2.467549e-01 2.509637e-01 2.544021e-01 2.571603e-01 2.595749e-01 2.615774e-01 2.627904e-01 2.630228e-01 2.623484e-01 2.608877e-01 2.587575e-01 2.561906e-01 2.535168e-01 2.510161e-01 2.487234e-01 2.465532e-01 2.443252e-01 2.418965e-01 2.392457e-01 2.363239e-01 2.330194e-01 2.290575e-01 2.243107e-01 2.188979e-01 2.130390e-01 2.068114e-01 2.001273e-01 1.929923e-01 1.856875e-01 1.785539e-01 1.717846e-01 1.652355e-01 1.587312e-01 1.522354e-01 1.459092e-01 1.398178e-01 1.339041e-01 1.279391e-01 1.217673e-01 1.155273e-01 1.095178e-01 1.039211e-01 9.850218e-02 9.313312e-02 8.758650e-02 8.201719e-02 7.678317e-02 7.192320e-02 6.725606e-02 6.261552e-02 5.808202e-02 5.374335e-02 4.958208e-02 4.568621e-02 4.201934e-02 3.858691e-02 3.544766e-02 3.245511e-02 2.963418e-02 2.695067e-02 2.432496e-02 2.183669e-02 1.945109e-02 1.717730e-02 1.508498e-02 1.314329e-02 1.138295e-02 9.784218e-03 8.334984e-03 7.023621e-03 5.841574e-03 4.792261e-03 3.900707e-03 3.178821e-03 2.652263e-03 2.274390e-03 1.999587e-03 1.773170e-03 1.572656e-03 1.524113e-03 1.464213e-03 1.404988e-03 1.316326e-03 1.217030e-03 1.096822e-03 9.662498e-04 8.360519e-04 7.003765e-04 5.794587e-04 4.597116e-04 3.576158e-04 2.661591e-04 1.895752e-04 1.280700e-04 8.090075e-05 4.959119e-05 3.030129e-05 2.003051e-05
6.051551e-07 1.142726e-06 1.631816e-06 2.261967e-06 3.070822e-06 3.961571e-06 4.974615e-06 6.661052e-06 9.309956e-06 1.236882e-05 1.567811e-05 2.001415e-05 2.599110e-05 3.303849e-05 4.041961e-05 4.780842e-05 5.712209e-05 6.809668e-05 7.875500e-05 9.076975e-05 1.059828e-04 1.237886e-04 1.446688e-04 1.735044e-04 2.078304e-04 2.570553e-04 3.235304e-04 3.973324e-04 4.814748e-04 5.726268e-04 6.702972e-04 8.101142e-04 1.003727e-03 1.248140e-03 1.524311e-03 1.819525e-03 2.134790e-03 2.488225e-03 2.902997e-03 3.389292e-03 3.985331e-03 4.720679e-03 5.617468e-03 6.653431e-03 7.822880e-03 9.141400e-03 1.066208e-02 1.234765e-02 1.406989e-02 1.592760e-02 1.795152e-02 2.003726e-02 2.235390e-02 2.487407e-02 2.759570e-02 3.054274e-02 3.343826e-02 3.649270e-02 3.980061e-02 4.319695e-02 4.706179e-02 5.142954e-02 5.622404e-02 6.184544e-02 6.816096e-02 7.490105e-02 8.234867e-02 9.030914e-02 9.860587e-02 1.078176e-01 1.174577e-01 1.268906e-01 1.367489e-01 1.465527e-01 1.557035e-01 1.651627e-01 1.750193e-01 1.845684e-01 1.940928e-01 2.037552e-01 2.127649e-01 2.208335e-01 2.284736e-01 2.356481e-01 2.418617e-01 2.473129e-01 2.525295e-01 2.573465e-01 2.612900e-01 2.644628e-01 2.673279e-01 2.698919e-01 2.717293e-01 2.726056e-01 2.726937e-01 2.721173e-01 2.707135e-01 2.683556e-01 2.653371e-01 2.622532e-01 2.595271e-01 2.570176e-01 2.543983e-01 2.515954e-01 2.488406e-01 2.462428e-01 2.434246e-01 2.399680e-01 2.357717e-01 2.311040e-01 2.260737e-01 2.204162e-01 2.138640e-01 2.066214e-01 1.992558e-01 1.921664e-01 1.852526e-01 1.782727e-01 1.711534e-01 1.641566e-01 1.575531e-01 1.513617e-01 1.452290e-01 1.388358e-01 1.322952e-01 1.259521e-01 1.200764e-01 1.145387e-01 1.090965e-01 1.033401e-01 9.727677e-02 9.131622e-02 8.569796e-02 8.048601e-02 7.546783e-02 7.044411e-02 6.551564e-02 6.084345e-02 5.649262e-02 5.234932e-02 4.839462e-02 4.475198e-02 4.130531e-02 3.804519e-02 3.495154e-02 3.189074e-02 2.894862e-02 2.613639e-02 2.341044e-02 2.087463e-02 1.848021e-02 1.627734e-02 1.427285e-02 1.242825e-02 1.073290e-02 9.168470e-03 7.725642e-03 6.427370e-03 5.265959e-03 4.264478e-03 3.449418e-03 2.823682e-03 2.390155e-03 2.072823e-03 1.825033e-03 1.612632e-03 1.471835e-03 1.423691e-03 1.359830e-03 1.296514e-03 1.205083e-03 1.101819e-03 9.805406e-04 8.487758e-04 7.205943e-04 5.895323e-04 4.738438e-04 3.634659e-04 2.708480e-04 1.915289e-04 1.284837e-04 8.248202e-05 5.104338e-05 3.203156e-05 2.123215e-05
4.293016e-07 1.036134e-06 1.524992e-06 2.003217e-06 2.564581e-06 3.597019e-06 4.973998e-06 6.465816e-06 8.562743e-06 1.136808e-05 1.531749e-05 2.063086e-05 2.595206e-05 3.177127e-05 3.929658e-05 4.863917e-05 5.708066e-05 6.468136e-05 7.494772e-05 8.798747e-05 1.024806e-04 1.182538e-04 1.366735e-04 1.592860e-04 1.994387e-04 2.526649e-04 3.180774e-04 4.054182e-04 5.026022e-04 5.988804e-04 7.138177e-04 8.518611e-04 1.024566e-03 1.229639e-03 1.479300e-03 1.779058e-03 2.124142e-03 2.515078e-03 2.938214e-03 3.425942e-03 3.996856e-03 4.671241e-03 5.465108e-03 6.398962e-03 7.543348e-03 8.935442e-03 1.051089e-02 1.218964e-02 1.399713e-02 1.593050e-02 1.797497e-02 2.025382e-02 2.268852e-02 2.525223e-02 2.803390e-02 3.081462e-02 3.373650e-02 3.685652e-02 3.998136e-02 4.348794e-02 4.736085e-02 5.147647e-02 5.624364e-02 6.147242e-02 6.697837e-02 7.324125e-02 8.021220e-02 8.772832e-02 9.629820e-02 1.055662e-01 1.148264e-01 1.246063e-01 1.345946e-01 1.440263e-01 1.538209e-01 1.641672e-01 1.741700e-01 1.842207e-01 1.947489e-01 2.049369e-01 2.144189e-01 2.238079e-01 2.329978e-01 2.412082e-01 2.485344e-01 2.555278e-01 2.618584e-01 2.669087e-01 2.710073e-01 2.747905e-01 2.780976e-01 2.804261e-01 2.818861e-01 2.829090e-01 2.833845e-01 2.827592e-01 2.808311e-01 2.780869e-01 2.751415e-01 2.721253e-01 2.688662e-01 2.653591e-01 2.619833e-01 2.590103e-01 2.562982e-01 2.534299e-01 2.501231e-01 2.464752e-01 2.425183e-01 2.380000e-01 2.325476e-01 2.261361e-01 2.191993e-01 2.121889e-01 2.051571e-01 1.978986e-01 1.903277e-01 1.827071e-01 1.753774e-01 1.684661e-01 1.617267e-01 1.549147e-01 1.480801e-01 1.414610e-01 1.352982e-01 1.295754e-01 1.240354e-01 1.182517e-01 1.121004e-01 1.058742e-01 9.981339e-02 9.413140e-02 8.873992e-02 8.334810e-02 7.787120e-02 7.248994e-02 6.755652e-02 6.313823e-02 5.897698e-02 5.498073e-02 5.110078e-02 4.739245e-02 4.390799e-02 4.047250e-02 3.714031e-02 3.391742e-02 3.076142e-02 2.778832e-02 2.499629e-02 2.234366e-02 1.991153e-02 1.762648e-02 1.552141e-02 1.356275e-02 1.172659e-02 1.001224e-02 8.445857e-03 7.017953e-03 5.766119e-03 4.673739e-03 3.761809e-03 3.056695e-03 2.537846e-03 2.183259e-03 1.904930e-03 1.673542e-03 1.468404e-03 1.379421e-03 1.327100e-03 1.260713e-03 1.192128e-03 1.098635e-03 9.920828e-04 8.683431e-04 7.371999e-04 6.108418e-04 4.865819e-04 3.771797e-04 2.775967e-04 1.955343e-04 1.311169e-04 8.426196e-05 5.331674e-05 3.375968e-05 2.252198e-05
4.812885e-07 9.582182e-07 1.327760e-06 1.776526e-06 2.507041e-06 3.491863e-06 4.836099e-06 6.718077e-06 8.787031e-06 1.178632e-05 1.564322e-05 1.936322e-05 2.444131e-05 3.069645e-05 3.782880e-05 4.572649e-05 5.483252e-05 6.600318e-05 7.809459e-05 9.075941e-05 1.036693e-04 1.184174e-04 1.380515e-04 1.722641e-04 2.218367e-04 2.681508e-04 3.194478e-04 3.821115e-04 4.706923e-04 5.926928e-04 7.279356e-04 8.620805e-04 9.969799e-04 1.176480e-03 1.427013e-03 1.759587e-03 2.170343e-03 2.616218e-03 3.100078e-03 3.596472e-03 4.119991e-03 4.714221e-03 5.401512e-03 6.283181e-03 7.390298e-03 8.699255e-03 1.020968e-02 1.191508e-02 1.382850e-02 1.591886e-02 1.817605e-02 2.057874e-02 2.310352e-02 2.578853e-02 2.848434e-02 3.130148e-02 3.433990e-02 3.741630e-02 4.079815e-02 4.442898e-02 4.812145e-02 5.226191e-02 5.666896e-02 6.124562e-02 6.656172e-02 7.257039e-02 7.915140e-02 8.677617e-02 9.514192e-02 1.036101e-01 1.126872e-01 1.222504e-01 1.314798e-01 1.411664e-01 1.516284e-01 1.617801e-01 1.719314e-01 1.827679e-01 1.934966e-01 2.037164e-01 2.142233e-01 2.250236e-01 2.351618e-01 2.444992e-01 2.534621e-01 2.616488e-01 2.684436e-01 2.741652e-01 2.793301e-01 2.837640e-01 2.871603e-01 2.897278e-01 2.917672e-01 2.931499e-01 2.935449e-01 2.928608e-01 2.912640e-01 2.889000e-01 2.857682e-01 2.819651e-01 2.779228e-01 2.740772e-01 2.706292e-01 2.674131e-01 2.641589e-01 2.607445e-01 2.571349e-01 2.533172e-01 2.490346e-01 2.440338e-01 2.382744e-01 2.319881e-01 2.254075e-01 2.185175e-01 2.111645e-01 2.033774e-01 1.953949e-01 1.875302e-01 1.799073e-01 1.725239e-01 1.653058e-01 1.582458e-01 1.515152e-01 1.452361e-01 1.393287e-01 1.334858e-01 1.274686e-01 1.212383e-01 1.149017e-01 1.087982e-01 1.030609e-01 9.745071e-02 9.177259e-02 8.597700e-02 8.029404e-02 7.504718e-02 7.035240e-02 6.610598e-02 6.194087e-02 5.776711e-02 5.379598e-02 4.993293e-02 4.616835e-02 4.253214e-02 3.894734e-02 3.553546e-02 3.232076e-02 2.924401e-02 2.639114e-02 2.370564e-02 2.117242e-02 1.882091e-02 1.659749e-02 1.451314e-02 1.255862e-02 1.074444e-02 9.076693e-03 7.584643e-03 6.246089e-03 5.087774e-03 4.098848e-03 3.300452e-03 2.712932e-03 2.292090e-03 1.997012e-03 1.745796e-03 1.531489e-03 1.375490e-03 1.311718e-03 1.253071e-03 1.181787e-03 1.104348e-03 1.000920e-03 8.851194e-04 7.557521e-04 6.254690e-04 5.024657e-04 3.869574e-04 2.860076e-04 2.006537e-04 1.341621e-04 8.681371e-05 5.487158e-05 3.502331e-05 2.339088e-05
4.775251e-07 1.139443e-06 1.777060e-06 2.392730e-06 2.950598e-06 3.717775e-06 5.002385e-06 6.775560e-06 8.965403e-06 1.116795e-05 1.387804e-05 1.830558e-05 2.328628e-05 2.911105e-05 3.543582e-05 4.260895e-05 5.286875e-05 6.476390e-05 7.625266e-05 8.852301e-05 1.040625e-04 1.226051e-04 1.427606e-04 1.622135e-04 1.947648e-04 2.498551e-04 3.188264e-04 3.975629e-04 4.852063e-04 5.901427e-04 7.203607e-04 8.746406e-04 1.058065e-03 1.258850e-03 1.486782e-03 1.751338e-03 2.064966e-03 2.477903e-03 2.971427e-03 3.544411e-03 4.162763e-03 4.792172e-03 5.524699e-03 6.367899e-03 7.330285e-03 8.468761e-03 9.822780e-03 1.148915e-02 1.342941e-02 1.559880e-02 1.800860e-02 2.053904e-02 2.318280e-02 2.587174e-02 2.864477e-02 3.164301e-02 3.471352e-02 3.803689e-02 4.164844e-02 4.528665e-02 4.920240e-02 5.329816e-02 5.753652e-02 6.249743e-02 6.808743e-02 7.412350e-02 8.099040e-02 8.839994e-02 9.586795e-02 1.039067e-01 1.125090e-01 1.209946e-01 1.300399e-01 1.399140e-01 1.494224e-01 1.589112e-01 1.692495e-01 1.795480e-01 1.895590e-01 2.004623e-01 2.121941e-01 2.235174e-01 2.343545e-01 2.452840e-01 2.556680e-01 2.645046e-01 2.720832e-01 2.791840e-01 2.856261e-01 2.907747e-01 2.947414e-01 2.980954e-01 3.009366e-01 3.028156e-01 3.034668e-01 3.030988e-01 3.018937e-01 2.996795e-01 2.962779e-01 2.920437e-01 2.877943e-01 2.839664e-01 2.803584e-01 2.765352e-01 2.724788e-01 2.685336e-01 2.648185e-01 2.610120e-01 2.565710e-01 2.513834e-01 2.457518e-01 2.398834e-01 2.335355e-01 2.263061e-01 2.181757e-01 2.096573e-01 2.013119e-01 1.933671e-01 1.855984e-01 1.777787e-01 1.700698e-01 1.628090e-01 1.561978e-01 1.500788e-01 1.440715e-01 1.377921e-01 1.312093e-01 1.247046e-01 1.186122e-01 1.128074e-01 1.070441e-01 1.010344e-01 9.484927e-02 8.887996e-02 8.342101e-02 7.854220e-02 7.391789e-02 6.921584e-02 6.450120e-02 5.995972e-02 5.576687e-02 5.183263e-02 4.787003e-02 4.400634e-02 4.034297e-02 3.684960e-02 3.358358e-02 3.051963e-02 2.758052e-02 2.484551e-02 2.225070e-02 1.981057e-02 1.750497e-02 1.532621e-02 1.328751e-02 1.141039e-02 9.700092e-03 8.148810e-03 6.761444e-03 5.527088e-03 4.467772e-03 3.589034e-03 2.912382e-03 2.434749e-03 2.090645e-03 1.833611e-03 1.597740e-03 1.390406e-03 1.314507e-03 1.243367e-03 1.175087e-03 1.090843e-03 9.998634e-04 8.862887e-04 7.657357e-04 6.381948e-04 5.150119e-04 3.994044e-04 2.961902e-04 2.082691e-04 1.393981e-04 8.912583e-05 5.597078e-05 3.562285e-05 2.357406e-05
4.610098e-07 1.088166e-06 1.407405e-06 2.048148e-06 2.981086e-06 4.017991e-06 4.959020e-06 6.352032e-06 8.651363e-06 1.147441e-05 1.454358e-05 1.768571e-05 2.241191e-05 2.844903e-05 3.579707e-05 4.474123e-05 5.294418e-05 6.165333e-05 7.393544e-05 8.877819e-05 1.048193e-04 1.236341e-04 1.425264e-04 1.627398e-04 1.968122e-04 2.452265e-04 3.021420e-04 3.685096e-04 4.499981e-04 5.451958e-04 6.604639e-04 8.122547e-04 1.002648e-03 1.228887e-03 1.468949e-03 1.735953e-03 2.062248e-03 2.444219e-03 2.916683e-03 3.470465e-03 4.120511e-03 4.907464e-03 5.731261e-03 6.564329e-03 7.443469e-03 8.442041e-03 9.680115e-03 1.116378e-02 1.296421e-02 1.514647e-02 1.757996e-02 2.027890e-02 2.316923e-02 2.616146e-02 2.932955e-02 3.248792e-02 3.577164e-02 3.923802e-02 4.252002e-02 4.594973e-02 4.969341e-02 5.362712e-02 5.824305e-02 6.351079e-02 6.918516e-02 7.560267e-02 8.252095e-02 8.952397e-02 9.710658e-02 1.053421e-01 1.135756e-01 1.222309e-01 1.315518e-01 1.404549e-01 1.492027e-01 1.586844e-01 1.681000e-01 1.773516e-01 1.876473e-01 1.987827e-01 2.096942e-01 2.206793e-01 2.322399e-01 2.434536e-01 2.534664e-01 2.629250e-01 2.723901e-01 2.811075e-01 2.882971e-01 2.943990e-01 2.999811e-01 3.046852e-01 3.079697e-01 3.100828e-01 3.115600e-01 3.122417e-01 3.113967e-01 3.087653e-01 3.050356e-01 3.011266e-01 2.972711e-01 2.930458e-01 2.883301e-01 2.835996e-01 2.793775e-01 2.755869e-01 2.716370e-01 2.672127e-01 2.624820e-01 2.577122e-01 2.526323e-01 2.465870e-01 2.392627e-01 2.311023e-01 2.228178e-01 2.147296e-01 2.065816e-01 1.981175e-01 1.895302e-01 1.813287e-01 1.739369e-01 1.672956e-01 1.609574e-01 1.544184e-01 1.476176e-01 1.408648e-01 1.345205e-01 1.285702e-01 1.228089e-01 1.167971e-01 1.104134e-01 1.040084e-01 9.796329e-02 9.250697e-02 8.742635e-02 8.233344e-02 7.705751e-02 7.165361e-02 6.650471e-02 6.197125e-02 5.781082e-02 5.373011e-02 4.966882e-02 4.568330e-02 4.196373e-02 3.848780e-02 3.516910e-02 3.204002e-02 2.906006e-02 2.619432e-02 2.350441e-02 2.093493e-02 1.851626e-02 1.624016e-02 1.413903e-02 1.220669e-02 1.044396e-02 8.824613e-03 7.348781e-03 6.025061e-03 4.865505e-03 3.896233e-03 3.126723e-03 2.564318e-03 2.174319e-03 1.879635e-03 1.641235e-03 1.418915e-03 1.301703e-03 1.225115e-03 1.146729e-03 1.071103e-03 9.808246e-04 8.850766e-04 7.720639e-04 6.545750e-04 5.322093e-04 4.169980e-04 3.100010e-04 2.188074e-04 1.449752e-04 9.149513e-05 5.680392e-05 3.565692e-05 2.392360e-05
3.603985e-07 7.771316e-07 1.340051e-06 1.722571e-06 2.314416e-06 3.443925e-06 4.976814e-06 6.552172e-06 8.212877e-06 1.102470e-05 1.491342e-05 1.955638e-05 2.404711e-05 2.938639e-05 3.640830e-05 4.410402e-05 5.271318e-05 6.294644e-05 7.383202e-05 8.712339e-05 1.031994e-04 1.190384e-04 1.383875e-04 1.632093e-04 1.883843e-04 2.300451e-04 2.841355e-04 3.565766e-04 4.431283e-04 5.446027e-04 6.683737e-04 8.173359e-04 9.924339e-04 1.192863e-03 1.439953e-03 1.731735e-03 2.050958e-03 2.410536e-03 2.816378e-03 3.331567e-03 3.987940e-03 4.746689e-03 5.622825e-03 6.586123e-03 7.629291e-03 8.750645e-03 9.938644e-03 1.129484e-02 1.287315e-02 1.468689e-02 1.687658e-02 1.943885e-02 2.234343e-02 2.570140e-02 2.934240e-02 3.319121e-02 3.709565e-02 4.068505e-02 4.434609e-02 4.814784e-02 5.181357e-02 5.594307e-02 6.053790e-02 6.522420e-02 7.049549e-02 7.633987e-02 8.245602e-02 8.938745e-02 9.715971e-02 1.050908e-01 1.135065e-01 1.226500e-01 1.314757e-01 1.401361e-01 1.495784e-01 1.589411e-01 1.678597e-01 1.775915e-01 1.880394e-01 1.981655e-01 2.083952e-01 2.194092e-01 2.305014e-01 2.410173e-01 2.515298e-01 2.623503e-01 2.726256e-01 2.817114e-01 2.899095e-01 2.974610e-01 3.039675e-01 3.091567e-01 3.133165e-01 3.167156e-01 3.191010e-01 3.199719e-01 3.191893e-01 3.171095e-01 3.141304e-01 3.103012e-01 3.056088e-01 3.003437e-01 2.950767e-01 2.901715e-01 2.855973e-01 2.811282e-01 2.766283e-01 2.721922e-01 2.677123e-01 2.627630e-01 2.568751e-01 2.500000e-01 2.425056e-01 2.347311e-01 2.266672e-01 2.181953e-01 2.094033e-01 2.006898e-01 1.925193e-01 1.850090e-01 1.779135e-01 1.708732e-01 1.638252e-01 1.568796e-01 1.502761e-01 1.441147e-01 1.383200e-01 1.324733e-01 1.262879e-01 1.199000e-01 1.135798e-01 1.076782e-01 1.021947e-01 9.682823e-02 9.129890e-02 8.547299e-02 7.961277e-02 7.416448e-02 6.921765e-02 6.467023e-02 6.030344e-02 5.586470e-02 5.160155e-02 4.768555e-02 4.399541e-02 4.047310e-02 3.707863e-02 3.377496e-02 3.063152e-02 2.762080e-02 2.475520e-02 2.206972e-02 1.955410e-02 1.722515e-02 1.505710e-02 1.306096e-02 1.120422e-02 9.490882e-03 7.910989e-03 6.486506e-03 5.238582e-03 4.176082e-03 3.323769e-03 2.680610e-03 2.227589e-03 1.905538e-03 1.648180e-03 1.426607e-03 1.276708e-03 1.196424e-03 1.120531e-03 1.042458e-03 9.657415e-04 8.770029e-04 7.800988e-04 6.679197e-04 5.522164e-04 4.335994e-04 3.249629e-04 2.283164e-04 1.502772e-04 9.438543e-05 5.762038e-05 3.659463e-05 2.406922e-05
4.294147e-07 9.535042e-07 1.182624e-06 1.762439e-06 2.388648e-06 3.087888e-06 4.447335e-06 6.532363e-06 8.873362e-06 1.106210e-05 1.437252e-05 1.895782e-05 2.432925e-05 2.992704e-05 3.547586e-05 4.204078e-05 5.125972e-05 6.177488e-05 7.390773e-05 8.717660e-05 1.013371e-04 1.189131e-04 1.392668e-04 1.594344e-04 1.874520e-04 2.302638e-04 2.830735e-04 3.461688e-04 4.218517e-04 5.187543e-04 6.380403e-04 7.762596e-04 9.416708e-04 1.152528e-03 1.406732e-03 1.698495e-03 2.030388e-03 2.411351e-03 2.873641e-03 3.404280e-03 4.004425e-03 4.700266e-03 5.500354e-03 6.449733e-03 7.528028e-03 8.710817e-03 1.000665e-02 1.138951e-02 1.293326e-02 1.471701e-02 1.674514e-02 1.912135e-02 2.200931e-02 2.531184e-02 2.895003e-02 3.287242e-02 3.688853e-02 4.117898e-02 4.561782e-02 4.989837e-02 5.444112e-02 5.900698e-02 6.323878e-02 6.783649e-02 7.280655e-02 7.788715e-02 8.373956e-02 9.040505e-02 9.732568e-02 1.048658e-01 1.131773e-01 1.214238e-01 1.298329e-01 1.391491e-01 1.484133e-01 1.572758e-01 1.670325e-01 1.773369e-01 1.870188e-01 1.968790e-01 2.077518e-01 2.186952e-01 2.291660e-01 2.401159e-01 2.518275e-01 2.630967e-01 2.731539e-01 2.825684e-01 2.917297e-01 3.000063e-01 3.067869e-01 3.124123e-01 3.175151e-01 3.219897e-01 3.251255e-01 3.265539e-01 3.265803e-01 3.255346e-01 3.231848e-01 3.191964e-01 3.139886e-01 3.084957e-01 3.033353e-01 2.984002e-01 2.933427e-01 2.881657e-01 2.831655e-01 2.784781e-01 2.736332e-01 2.679696e-01 2.612638e-01 2.538632e-01 2.461715e-01 2.382171e-01 2.297837e-01 2.208593e-01 2.118093e-01 2.030740e-01 1.948638e-01 1.870684e-01 1.794980e-01 1.720027e-01 1.647388e-01 1.579546e-01 1.517722e-01 1.459323e-01 1.400541e-01 1.339503e-01 1.276359e-01 1.215187e-01 1.158203e-01 1.104067e-01 1.049404e-01 9.907020e-02 9.286916e-02 8.679998e-02 8.118986e-02 7.612532e-02 7.141639e-02 6.663200e-02 6.174259e-02 5.704913e-02 5.279033e-02 4.905044e-02 4.548992e-02 4.189708e-02 3.836326e-02 3.497448e-02 3.172885e-02 2.867554e-02 2.577227e-02 2.305554e-02 2.050028e-02 1.811349e-02 1.589079e-02 1.380311e-02 1.186393e-02 1.005834e-02 8.402989e-03 6.909709e-03 5.587451e-03 4.459906e-03 3.527958e-03 2.812934e-03 2.294523e-03 1.930816e-03 1.655644e-03 1.427018e-03 1.259255e-03 1.176659e-03 1.098098e-03 1.022455e-03 9.464501e-04 8.680135e-04 7.783245e-04 6.792082e-04 5.661634e-04 4.519854e-04 3.392769e-04 2.387372e-04 1.579247e-04 9.808177e-05 6.077873e-05 3.762063e-05 2.527903e-05
3.622633e-07 8.937651e-07 1.434335e-06 1.726109e-06 2.389420e-06 3.369689e-06 4.291717e-06 5.586173e-06 7.986961e-06 1.157076e-05 1.474876e-05 1.810572e-05 2.314436e-05 2.947459e-05 3.619877e-05 4.397305e-05 5.233106e-05 6.294435e-05 7.501746e-05 8.775727e-05 1.026353e-04 1.205201e-04 1.391157e-04 1.601590e-04 1.852193e-04 2.223736e-04 2.785957e-04 3.405927e-04 4.213898e-04 5.247699e-04 6.465318e-04 7.859261e-04 9.452131e-04 1.128582e-03 1.343540e-03 1.609379e-03 1.945080e-03 2.349370e-03 2.798943e-03 3.296271e-03 3.853124e-03 4.509688e-03 5.326673e-03 6.308224e-03 7.481685e-03 8.806750e-03 1.020614e-02 1.169323e-02 1.322078e-02 1.486043e-02 1.680168e-02 1.912175e-02 2.179689e-02 2.486515e-02 2.839127e-02 3.232181e-02 3.671941e-02 4.149209e-02 4.633339e-02 5.132513e-02 5.618570e-02 6.065115e-02 6.530666e-02 7.004727e-02 7.470004e-02 7.999684e-02 8.592261e-02 9.199991e-02 9.862836e-02 1.059643e-01 1.134147e-01 1.211652e-01 1.297565e-01 1.384796e-01 1.470757e-01 1.565698e-01 1.665762e-01 1.760774e-01 1.858970e-01 1.966020e-01 2.072432e-01 2.177000e-01 2.289866e-01 2.409445e-01 2.523409e-01 2.629725e-01 2.735591e-01 2.839308e-01 2.930720e-01 3.007839e-01 3.078794e-01 3.147099e-01 3.206435e-01 3.251597e-01 3.285912e-01 3.313332e-01 3.329583e-01 3.325684e-01 3.299173e-01 3.258732e-01 3.214959e-01 3.169366e-01 3.117824e-01 3.060091e-01 3.002459e-01 2.950505e-01 2.901763e-01 2.848971e-01 2.787080e-01 2.718753e-01 2.649056e-01 2.578577e-01 2.502291e-01 2.416096e-01 2.322000e-01 2.226772e-01 2.136131e-01 2.050434e-01 1.966272e-01 1.880828e-01 1.796260e-01 1.716712e-01 1.645334e-01 1.581352e-01 1.520897e-01 1.459935e-01 1.396556e-01 1.334368e-01 1.276334e-01 1.222453e-01 1.169627e-01 1.113058e-01 1.051428e-01 9.882692e-02 9.279711e-02 8.734065e-02 8.237093e-02 7.742538e-02 7.227147e-02 6.704346e-02 6.199129e-02 5.751474e-02 5.365663e-02 5.007746e-02 4.649200e-02 4.283257e-02 3.926020e-02 3.588014e-02 3.265655e-02 2.958087e-02 2.668109e-02 2.391595e-02 2.133888e-02 1.890696e-02 1.663112e-02 1.449628e-02 1.248666e-02 1.062043e-02 8.908037e-03 7.355683e-03 5.986002e-03 4.786374e-03 3.787590e-03 2.987934e-03 2.398332e-03 1.976691e-03 1.671641e-03 1.427949e-03 1.253172e-03 1.167802e-03 1.086203e-03 1.009768e-03 9.337348e-04 8.583613e-04 7.782991e-04 6.857158e-04 5.833799e-04 4.698783e-04 3.562985e-04 2.527364e-04 1.661305e-04 1.050812e-04 6.352962e-05 4.001718e-05 2.575384e-05
3.773953e-07 9.049400e-07 1.321644e-06 2.029657e-06 2.587158e-06 3.305937e-06 4.583633e-06 6.402032e-06 8.530359e-06 1.068013e-05 1.393450e-05 1.815258e-05 2.230002e-05 2.730375e-05 3.476441e-05 4.363368e-05 5.311723e-05 6.223875e-05 7.257411e-05 8.521223e-05 1.000564e-04 1.149041e-04 1.329793e-04 1.558373e-04 1.810206e-04 2.205804e-04 2.707794e-04 3.368128e-04 4.172225e-04 5.059930e-04 6.053247e-04 7.306842e-04 8.927648e-04 1.084369e-03 1.313912e-03 1.592492e-03 1.921286e-03 2.302835e-03 2.746872e-03 3.263271e-03 3.864028e-03 4.550064e-03 5.315568e-03 6.208637e-03 7.238862e-03 8.444293e-03 9.873318e-03 1.144655e-02 1.319289e-02 1.512229e-02 1.716381e-02 1.937985e-02 2.182078e-02 2.457925e-02 2.781103e-02 3.164525e-02 3.607684e-02 4.090697e-02 4.608501e-02 5.139122e-02 5.648379e-02 6.158597e-02 6.654401e-02 7.123159e-02 7.627764e-02 8.160679e-02 8.694497e-02 9.289799e-02 9.964202e-02 1.066677e-01 1.141341e-01 1.224019e-01 1.308245e-01 1.391068e-01 1.480870e-01 1.574600e-01 1.662576e-01 1.752866e-01 1.852656e-01 1.952989e-01 2.052729e-01 2.162329e-01 2.281150e-01 2.398148e-01 2.511368e-01 2.626171e-01 2.739633e-01 2.843359e-01 2.936384e-01 3.023917e-01 3.106309e-01 3.179058e-01 3.240716e-01 3.294258e-01 3.340589e-01 3.375002e-01 3.391234e-01 3.387389e-01 3.367163e-01 3.335788e-01 3.296353e-01 3.249094e-01 3.195367e-01 3.138261e-01 3.080710e-01 3.023338e-01 2.964448e-01 2.903701e-01 2.841733e-01 2.778432e-01 2.710575e-01 2.633821e-01 2.547223e-01 2.454684e-01 2.361270e-01 2.268909e-01 2.175744e-01 2.079848e-01 1.983132e-01 1.889569e-01 1.803434e-01 1.726063e-01 1.655373e-01 1.587545e-01 1.519964e-01 1.454296e-01 1.392728e-01 1.336310e-01 1.283390e-01 1.229119e-01 1.170220e-01 1.107780e-01 1.045457e-01 9.875390e-02 9.350906e-02 8.843844e-02 8.320572e-02 7.776870e-02 7.231457e-02 6.726447e-02 6.283221e-02 5.882157e-02 5.502389e-02 5.113193e-02 4.717505e-02 4.340091e-02 3.990315e-02 3.658186e-02 3.339699e-02 3.032308e-02 2.741827e-02 2.468213e-02 2.207318e-02 1.961927e-02 1.728043e-02 1.508278e-02 1.302310e-02 1.110619e-02 9.353426e-03 7.774612e-03 6.351862e-03 5.113113e-03 4.041824e-03 3.176840e-03 2.512478e-03 2.037506e-03 1.695342e-03 1.436220e-03 1.260255e-03 1.166376e-03 1.086423e-03 1.006514e-03 9.306938e-04 8.546590e-04 7.760827e-04 6.903167e-04 5.914568e-04 4.822982e-04 3.695095e-04 2.624013e-04 1.752938e-04 1.089088e-04 6.702932e-05 4.076138e-05 2.672244e-05
3.296394e-07 7.437666e-07 1.156813e-06 1.517724e-06 2.299761e-06 3.495470e-06 4.937514e-06 6.409648e-06 7.923139e-06 1.061142e-05 1.429448e-05 1.841613e-05 2.342230e-05 2.971487e-05 3.645258e-05 4.355899e-05 5.132866e-05 6.072939e-05 7.126963e-05 8.377049e-05 9.742918e-05 1.141324e-04 1.337510e-04 1.549037e-04 1.773932e-04 2.037415e-04 2.561002e-04 3.289143e-04 4.015910e-04 4.836778e-04 5.993342e-04 7.441423e-04 9.000766e-04 1.078388e-03 1.295966e-03 1.559538e-03 1.877325e-03 2.256715e-03 2.701394e-03 3.205227e-03 3.780113e-03 4.463251e-03 5.272073e-03 6.169739e-03 7.182217e-03 8.378267e-03 9.755548e-03 1.137292e-02 1.321329e-02 1.522727e-02 1.742334e-02 1.969226e-02 2.210693e-02 2.485715e-02 2.796368e-02 3.148157e-02 3.544756e-02 3.987817e-02 4.477868e-02 5.000704e-02 5.560056e-02 6.137117e-02 6.700408e-02 7.270966e-02 7.831022e-02 8.363101e-02 8.925341e-02 9.528824e-02 1.014613e-01 1.081501e-01 1.156132e-01 1.233498e-01 1.312202e-01 1.397766e-01 1.486727e-01 1.571368e-01 1.658577e-01 1.753022e-01 1.845509e-01 1.937386e-01 2.040051e-01 2.150266e-01 2.257915e-01 2.366447e-01 2.483431e-01 2.602990e-01 2.714743e-01 2.819836e-01 2.924708e-01 3.027350e-01 3.118931e-01 3.196823e-01 3.266263e-01 3.330971e-01 3.386717e-01 3.425365e-01 3.443696e-01 3.445806e-01 3.436781e-01 3.416479e-01 3.381422e-01 3.331237e-01 3.272749e-01 3.213985e-01 3.157739e-01 3.100659e-01 3.039131e-01 2.974904e-01 2.910804e-01 2.845678e-01 2.773894e-01 2.691377e-01 2.599873e-01 2.504392e-01 2.407972e-01 2.309468e-01 2.207038e-01 2.101688e-01 1.998597e-01 1.902629e-01 1.815272e-01 1.734391e-01 1.656981e-01 1.582162e-01 1.511117e-01 1.446292e-01 1.388257e-01 1.333056e-01 1.276081e-01 1.215444e-01 1.152588e-01 1.092042e-01 1.036931e-01 9.855364e-02 9.343147e-02 8.806571e-02 8.246773e-02 7.702892e-02 7.212079e-02 6.772061e-02 6.366777e-02 5.961241e-02 5.535175e-02 5.105209e-02 4.697447e-02 4.336343e-02 4.014033e-02 3.701698e-02 3.389452e-02 3.086813e-02 2.794745e-02 2.518783e-02 2.254944e-02 2.003295e-02 1.768166e-02 1.546777e-02 1.341164e-02 1.151434e-02 9.759542e-03 8.160563e-03 6.720316e-03 5.428311e-03 4.319057e-03 3.387969e-03 2.662899e-03 2.129616e-03 1.749745e-03 1.467220e-03 1.273852e-03 1.171866e-03 1.086320e-03 1.006665e-03 9.271251e-04 8.471458e-04 7.657091e-04 6.793465e-04 5.849023e-04 4.815723e-04 3.721401e-04 2.689526e-04 1.787821e-04 1.127455e-04 6.784303e-05 4.207496e-05 2.682419e-05
3.335679e-07 8.526931e-07 1.154749e-06 1.658656e-06 2.196363e-06 2.871944e-06 3.998573e-06 5.625242e-06 7.988911e-06 1.049692e-05 1.341080e-05 1.774876e-05 2.333180e-05 2.913749e-05 3.494250e-05 4.226233e-05 5.155600e-05 6.140151e-05 7.273182e-05 8.469779e-05 9.865296e-05 1.154651e-04 1.340769e-04 1.535262e-04 1.771776e-04 2.054903e-04 2.511385e-04 3.041667e-04 3.772367e-04 4.768682e-04 5.834509e-04 6.998975e-04 8.586789e-04 1.067938e-03 1.301773e-03 1.554817e-03 1.846785e-03 2.202319e-03 2.637843e-03 3.173256e-03 3.809248e-03 4.496764e-03 5.221748e-03 6.053012e-03 7.041960e-03 8.171585e-03 9.508145e-03 1.111520e-02 1.298377e-02 1.507044e-02 1.730581e-02 1.980894e-02 2.263947e-02 2.564786e-02 2.884712e-02 3.225263e-02 3.584110e-02 3.982157e-02 4.425908e-02 4.916501e-02 5.459298e-02 6.036518e-02 6.646845e-02 7.276143e-02 7.901181e-02 8.543479e-02 9.196199e-02 9.835547e-02 1.049362e-01 1.118752e-01 1.188768e-01 1.260215e-01 1.337424e-01 1.418099e-01 1.496397e-01 1.576876e-01 1.664325e-01 1.752324e-01 1.840411e-01 1.936626e-01 2.038575e-01 2.139579e-01 2.243292e-01 2.354289e-01 2.467974e-01 2.579674e-01 2.692406e-01 2.807835e-01 2.919421e-01 3.021033e-01 3.114192e-01 3.202760e-01 3.284622e-01 3.354456e-01 3.410484e-01 3.454625e-01 3.487963e-01 3.507306e-01 3.507369e-01 3.486407e-01 3.450126e-01 3.406682e-01 3.359573e-01 3.306411e-01 3.245532e-01 3.180850e-01 3.118497e-01 3.060261e-01 2.999623e-01 2.928673e-01 2.845925e-01 2.756878e-01 2.666582e-01 2.573599e-01 2.472367e-01 2.360709e-01 2.244148e-01 2.130676e-01 2.025405e-01 1.928093e-01 1.835548e-01 1.745291e-01 1.658274e-01 1.578269e-01 1.507526e-01 1.443700e-01 1.382358e-01 1.319511e-01 1.254258e-01 1.190260e-01 1.131555e-01 1.078221e-01 1.027400e-01 9.748767e-02 9.187495e-02 8.619451e-02 8.089510e-02 7.614210e-02 7.184977e-02 6.769021e-02 6.333266e-02 5.882541e-02 5.434359e-02 5.019439e-02 4.654967e-02 4.329499e-02 4.021106e-02 3.713462e-02 3.403335e-02 3.103437e-02 2.819712e-02 2.545443e-02 2.287306e-02 2.041897e-02 1.809395e-02 1.592989e-02 1.389952e-02 1.199596e-02 1.023850e-02 8.603248e-03 7.117153e-03 5.786321e-03 4.618224e-03 3.633063e-03 2.842500e-03 2.245187e-03 1.819417e-03 1.507796e-03 1.284299e-03 1.165033e-03 1.072446e-03 9.909008e-04 9.091073e-04 8.272468e-04 7.431392e-04 6.577109e-04 5.689323e-04 4.722801e-04 3.715251e-04 2.703856e-04 1.823346e-04 1.139598e-04 6.957477e-05 4.253726e-05 2.766118e-05
3.413886e-07 8.024252e-07 1.250238e-06 1.661211e-06 2.256405e-06 3.108673e-06 3.829219e-06 5.057624e-06 7.111178e-06 9.807834e-06 1.297498e-05 1.673818e-05 2.161399e-05 2.741296e-05 3.401565e-05 4.068753e-05 4.790989e-05 5.773330e-05 6.887996e-05 8.103938e-05 9.567765e-05 1.117493e-04 1.284371e-04 1.493225e-04 1.737669e-04 2.000266e-04 2.323566e-04 2.902247e-04 3.721441e-04 4.653521e-04 5.704126e-04 7.036480e-04 8.673248e-04 1.050625e-03 1.272273e-03 1.535515e-03 1.828519e-03 2.159151e-03 2.563617e-03 3.071363e-03 3.660206e-03 4.333938e-03 5.110038e-03 5.987212e-03 6.969700e-03 8.125531e-03 9.505699e-03 1.109438e-02 1.291932e-02 1.500328e-02 1.739607e-02 2.004016e-02 2.280762e-02 2.576860e-02 2.894242e-02 3.229427e-02 3.600406e-02 4.005968e-02 4.438655e-02 4.918694e-02 5.437379e-02 5.992911e-02 6.601180e-02 7.243478e-02 7.915416e-02 8.618741e-02 9.335771e-02 1.006980e-01 1.081860e-01 1.155889e-01 1.229828e-01 1.305729e-01 1.381243e-01 1.453393e-01 1.527301e-01 1.607356e-01 1.687608e-01 1.767619e-01 1.855834e-01 1.949577e-01 2.040883e-01 2.134422e-01 2.237474e-01 2.346011e-01 2.453799e-01 2.563344e-01 2.678394e-01 2.794807e-01 2.905702e-01 3.009264e-01 3.107066e-01 3.199580e-01 3.285069e-01 3.361011e-01 3.425989e-01 3.480167e-01 3.523413e-01 3.551628e-01 3.558896e-01 3.544828e-01 3.517026e-01 3.481826e-01 3.439482e-01 3.388214e-01 3.330660e-01 3.272687e-01 3.216435e-01 3.158702e-01 3.094355e-01 3.022350e-01 2.944955e-01 2.862442e-01 2.770835e-01 2.665963e-01 2.549373e-01 2.428031e-01 2.309692e-01 2.197103e-01 2.088472e-01 1.981070e-01 1.875524e-01 1.775568e-01 1.684522e-01 1.602947e-01 1.528203e-01 1.456107e-01 1.383818e-01 1.313247e-01 1.247561e-01 1.187863e-01 1.132753e-01 1.078071e-01 1.020405e-01 9.608289e-02 9.031117e-02 8.501957e-02 8.026320e-02 7.579219e-02 7.124016e-02 6.652151e-02 6.175241e-02 5.720505e-02 5.313598e-02 4.949806e-02 4.614372e-02 4.290295e-02 3.966430e-02 3.650935e-02 3.357036e-02 3.077522e-02 2.808225e-02 2.549011e-02 2.295869e-02 2.057676e-02 1.832661e-02 1.619791e-02 1.420361e-02 1.233885e-02 1.058001e-02 8.954939e-03 7.449882e-03 6.092277e-03 4.888277e-03 3.860173e-03 3.008081e-03 2.359092e-03 1.880236e-03 1.540292e-03 1.292506e-03 1.151985e-03 1.051225e-03 9.644075e-04 8.846277e-04 8.031903e-04 7.214252e-04 6.389174e-04 5.528535e-04 4.632196e-04 3.666030e-04 2.703210e-04 1.829912e-04 1.158568e-04 7.045336e-05 4.372534e-05 2.812804e-05
2.586631e-07 6.872955e-07 1.079798e-06 1.510650e-06 1.991667e-06 2.603232e-06 4.045507e-06 5.744014e-06 7.203135e-06 9.513610e-06 1.298659e-05 1.674862e-05 2.026467e-05 2.498195e-05 3.180795e-05 3.997600e-05 4.862331e-05 5.710929e-05 6.717833e-05 8.114505e-05 9.558874e-05 1.102091e-04 1.291331e-04 1.515980e-04 1.745723e-04 1.988465e-04 2.346778e-04 2.953462e-04 3.567354e-04 4.338837e-04 5.499041e-04 6.899310e-04 8.308031e-04 1.001831e-03 1.220978e-03 1.500629e-03 1.840706e-03 2.229414e-03 2.654844e-03 3.099015e-03 3.621567e-03 4.285989e-03 5.108019e-03 6.051724e-03 7.094977e-03 8.247210e-03 9.514399e-03 1.097726e-02 1.270566e-02 1.478268e-02 1.720628e-02 1.990327e-02 2.289468e-02 2.609023e-02 2.940316e-02 3.297889e-02 3.678045e-02 4.070472e-02 4.498263e-02 4.955012e-02 5.438984e-02 5.983629e-02 6.574076e-02 7.204006e-02 7.896863e-02 8.632337e-02 9.395028e-02 1.019719e-01 1.102704e-01 1.186361e-01 1.269946e-01 1.351288e-01 1.427688e-01 1.501301e-01 1.575848e-01 1.649026e-01 1.720915e-01 1.798054e-01 1.879827e-01 1.961763e-01 2.048081e-01 2.142381e-01 2.239921e-01 2.338807e-01 2.444459e-01 2.558224e-01 2.673552e-01 2.785053e-01 2.893961e-01 3.001916e-01 3.105370e-01 3.198683e-01 3.280618e-01 3.355556e-01 3.427588e-01 3.493028e-01 3.541550e-01 3.566289e-01 3.571987e-01 3.568717e-01 3.558808e-01 3.534277e-01 3.490971e-01 3.436783e-01 3.384222e-01 3.337220e-01 3.288628e-01 3.231473e-01 3.166161e-01 3.097493e-01 3.025882e-01 2.944895e-01 2.847919e-01 2.736035e-01 2.617519e-01 2.499944e-01 2.385078e-01 2.270110e-01 2.153181e-01 2.035977e-01 1.923447e-01 1.820384e-01 1.727472e-01 1.641376e-01 1.557648e-01 1.475845e-01 1.397746e-01 1.325846e-01 1.261142e-01 1.200446e-01 1.139276e-01 1.076011e-01 1.012475e-01 9.520358e-02 8.970764e-02 8.465118e-02 7.970897e-02 7.467705e-02 6.955864e-02 6.455556e-02 5.996290e-02 5.584658e-02 5.211936e-02 4.862675e-02 4.517847e-02 4.176960e-02 3.850245e-02 3.545161e-02 3.263189e-02 3.002811e-02 2.747029e-02 2.496931e-02 2.258686e-02 2.030642e-02 1.816942e-02 1.614932e-02 1.423606e-02 1.242667e-02 1.073510e-02 9.146282e-03 7.672350e-03 6.322603e-03 5.115995e-03 4.055561e-03 3.176593e-03 2.466969e-03 1.949092e-03 1.572148e-03 1.323203e-03 1.159315e-03 1.041963e-03 9.497986e-04 8.665583e-04 7.866890e-04 7.070492e-04 6.238280e-04 5.399605e-04 4.505613e-04 3.585629e-04 2.660030e-04 1.826803e-04 1.165077e-04 7.165023e-05 4.408412e-05 2.844277e-05
3.255641e-07 7.431365e-07 1.051333e-06 1.506328e-06 2.159389e-06 3.145174e-06 4.136273e-06 5.521125e-06 7.721833e-06 1.001499e-05 1.253501e-05 1.597848e-05 2.066648e-05 2.621020e-05 3.183318e-05 3.883333e-05 4.756116e-05 5.697017e-05 6.803024e-05 7.912020e-05 9.265920e-05 1.112343e-04 1.326694e-04 1.534398e-04 1.768932e-04 2.071219e-04 2.390281e-04 2.957527e-04 3.667399e-04 4.621772e-04 5.701268e-04 6.933771e-04 8.556644e-04 1.040486e-03 1.246767e-03 1.488291e-03 1.798530e-03 2.181645e-03 2.594897e-03 3.063342e-03 3.630750e-03 4.317545e-03 5.123405e-03 6.087726e-03 7.229457e-03 8.488191e-03 9.844918e-03 1.131355e-02 1.298985e-02 1.492765e-02 1.714700e-02 1.972736e-02 2.262249e-02 2.581745e-02 2.937415e-02 3.313223e-02 3.698673e-02 4.119369e-02 4.566883e-02 5.031382e-02 5.544065e-02 6.082690e-02 6.638047e-02 7.249554e-02 7.901627e-02 8.586679e-02 9.347650e-02 1.018038e-01 1.104868e-01 1.194660e-01 1.285441e-01 1.372916e-01 1.457449e-01 1.541589e-01 1.621146e-01 1.693123e-01 1.764542e-01 1.837639e-01 1.906989e-01 1.976479e-01 2.054639e-01 2.140518e-01 2.230916e-01 2.329348e-01 2.438833e-01 2.554977e-01 2.670845e-01 2.784435e-01 2.896622e-01 3.005851e-01 3.108020e-01 3.200719e-01 3.285430e-01 3.364699e-01 3.437412e-01 3.498696e-01 3.545027e-01 3.578024e-01 3.599707e-01 3.606558e-01 3.593722e-01 3.563923e-01 3.527207e-01 3.490285e-01 3.451088e-01 3.404459e-01 3.350403e-01 3.295147e-01 3.241411e-01 3.183254e-01 3.110402e-01 3.018202e-01 2.912099e-01 2.801391e-01 2.690921e-01 2.578334e-01 2.459306e-01 2.333303e-01 2.206320e-01 2.086118e-01 1.976236e-01 1.874844e-01 1.777348e-01 1.681599e-01 1.588408e-01 1.501558e-01 1.423935e-01 1.353581e-01 1.285875e-01 1.217169e-01 1.146927e-01 1.077974e-01 1.013882e-01 9.552462e-02 8.997946e-02 8.448083e-02 7.889128e-02 7.332963e-02 6.808024e-02 6.332128e-02 5.903120e-02 5.509554e-02 5.129310e-02 4.756492e-02 4.396174e-02 4.054701e-02 3.735850e-02 3.442572e-02 3.169863e-02 2.912213e-02 2.670733e-02 2.436092e-02 2.210247e-02 1.996032e-02 1.791403e-02 1.598636e-02 1.415451e-02 1.242964e-02 1.080561e-02 9.278185e-03 7.854603e-03 6.525918e-03 5.317851e-03 4.250637e-03 3.324893e-03 2.580749e-03 2.008918e-03 1.647004e-03 1.372705e-03 1.179191e-03 1.045285e-03 9.424135e-04 8.539762e-04 7.743953e-04 6.932743e-04 6.130970e-04 5.266265e-04 4.400364e-04 3.497607e-04 2.619078e-04 1.813766e-04 1.168224e-04 7.142152e-05 4.385171e-05 2.781710e-05
2.731769e-07 7.377974e-07 1.081201e-06 1.405532e-06 2.080199e-06 2.974464e-06 4.036634e-06 5.493673e-06 7.634566e-06 1.046274e-05 1.347008e-05 1.697978e-05 2.188587e-05 2.669342e-05 3.201739e-05 3.817929e-05 4.578265e-05 5.696104e-05 6.863382e-05 8.110234e-05 9.631714e-05 1.137587e-04 1.305336e-04 1.521864e-04 1.797247e-04 2.081955e-04 2.401887e-04 2.810250e-04 3.588986e-04 4.370601e-04 5.197317e-04 6.357774e-04 7.911923e-04 9.917474e-04 1.219916e-03 1.476391e-03 1.761594e-03 2.095533e-03 2.545094e-03 3.111308e-03 3.721654e-03 4.346035e-03 5.074311e-03 5.986816e-03 7.096265e-03 8.405924e-03 9.878899e-03 1.147597e-02 1.313268e-02 1.491121e-02 1.699752e-02 1.945417e-02 2.233963e-02 2.568275e-02 2.935551e-02 3.327428e-02 3.748150e-02 4.180447e-02 4.621839e-02 5.106317e-02 5.610884e-02 6.124901e-02 6.686391e-02 7.271662e-02 7.878760e-02 8.563079e-02 9.312158e-02 1.009345e-01 1.093552e-01 1.184137e-01 1.277467e-01 1.373966e-01 1.473838e-01 1.570019e-01 1.657501e-01 1.740645e-01 1.819508e-01 1.888314e-01 1.952665e-01 2.021966e-01 2.094378e-01 2.168631e-01 2.252087e-01 2.347013e-01 2.446270e-01 2.545863e-01 2.650340e-01 2.762494e-01 2.876375e-01 2.983097e-01 3.080799e-01 3.174375e-01 3.266764e-01 3.353643e-01 3.427704e-01 3.487706e-01 3.539237e-01 3.584595e-01 3.615989e-01 3.624201e-01 3.612329e-01 3.591716e-01 3.568846e-01 3.540649e-01 3.503021e-01 3.458304e-01 3.412876e-01 3.369301e-01 3.321066e-01 3.258838e-01 3.179286e-01 3.087485e-01 2.990246e-01 2.888783e-01 2.778803e-01 2.657064e-01 2.526892e-01 2.395971e-01 2.271030e-01 2.154015e-01 2.041901e-01 1.931566e-01 1.822590e-01 1.718943e-01 1.624631e-01 1.539477e-01 1.460662e-01 1.384018e-01 1.306921e-01 1.230382e-01 1.157620e-01 1.090223e-01 1.027142e-01 9.658805e-02 9.042127e-02 8.423543e-02 7.823969e-02 7.266004e-02 6.757967e-02 6.295516e-02 5.859722e-02 5.438954e-02 5.033677e-02 4.647524e-02 4.287217e-02 3.953976e-02 3.644553e-02 3.353236e-02 3.081439e-02 2.828953e-02 2.593194e-02 2.373579e-02 2.160662e-02 1.955921e-02 1.761155e-02 1.575143e-02 1.399992e-02 1.233651e-02 1.076509e-02 9.291100e-03 7.892932e-03 6.600168e-03 5.403115e-03 4.326406e-03 3.398506e-03 2.622757e-03 2.100400e-03 1.714397e-03 1.410688e-03 1.196055e-03 1.045897e-03 9.347781e-04 8.444583e-04 7.604886e-04 6.839975e-04 6.017231e-04 5.200399e-04 4.313575e-04 3.438108e-04 2.569188e-04 1.785909e-04 1.144805e-04 6.997251e-05 4.238255e-05 2.693427e-05
2.359915e-07 6.065855e-07 1.024161e-06 1.559812e-06 1.945896e-06 2.493393e-06 3.766436e-06 5.526949e-06 7.191291e-06 9.239198e-06 1.248126e-05 1.673639e-05 2.038416e-05 2.552561e-05 3.230013e-05 3.954343e-05 4.769881e-05 5.548482e-05 6.553442e-05 7.986472e-05 9.609790e-05 1.111240e-04 1.312539e-04 1.546757e-04 1.793933e-04 2.085118e-04 2.402108e-04 2.853075e-04 3.492966e-04 4.297562e-04 5.371024e-04 6.605285e-04 7.976320e-04 9.556126e-04 1.161192e-03 1.406063e-03 1.677824e-03 2.005316e-03 2.407378e-03 2.897338e-03 3.513720e-03 4.276164e-03 5.127180e-03 6.023686e-03 7.012339e-03 8.180482e-03 9.597733e-03 1.125474e-02 1.314881e-02 1.521445e-02 1.731500e-02 1.954936e-02 2.209979e-02 2.505751e-02 2.852051e-02 3.258117e-02 3.714016e-02 4.201005e-02 4.716106e-02 5.226752e-02 5.722803e-02 6.240582e-02 6.767122e-02 7.314613e-02 7.934136e-02 8.599453e-02 9.286211e-02 1.003693e-01 1.085830e-01 1.173074e-01 1.267828e-01 1.369946e-01 1.473047e-01 1.573597e-01 1.673328e-01 1.768750e-01 1.852725e-01 1.929344e-01 2.007297e-01 2.083841e-01 2.155448e-01 2.228802e-01 2.308524e-01 2.391314e-01 2.475461e-01 2.564611e-01 2.661124e-01 2.761918e-01 2.862661e-01 2.963012e-01 3.064308e-01 3.164056e-01 3.256467e-01 3.339119e-01 3.415854e-01 3.489853e-01 3.555549e-01 3.601247e-01 3.621787e-01 3.625852e-01 3.625081e-01 3.619070e-01 3.599391e-01 3.564279e-01 3.523661e-01 3.488480e-01 3.458202e-01 3.422328e-01 3.371202e-01 3.305221e-01 3.231634e-01 3.154198e-01 3.068737e-01 2.967722e-01 2.849302e-01 2.719740e-01 2.589168e-01 2.463748e-01 2.342639e-01 2.221776e-01 2.099256e-01 1.978442e-01 1.864387e-01 1.759852e-01 1.664942e-01 1.576293e-01 1.490083e-01 1.405200e-01 1.323238e-01 1.245913e-01 1.173593e-01 1.104675e-01 1.036647e-01 9.684988e-02 9.011448e-02 8.366135e-02 7.767608e-02 7.220639e-02 6.713959e-02 6.233703e-02 5.774380e-02 5.334172e-02 4.919721e-02 4.532979e-02 4.173424e-02 3.839748e-02 3.530722e-02 3.246675e-02 2.984349e-02 2.741860e-02 2.515012e-02 2.298320e-02 2.093654e-02 1.896655e-02 1.709667e-02 1.532128e-02 1.362806e-02 1.203332e-02 1.052739e-02 9.095057e-03 7.758423e-03 6.497277e-03 5.339533e-03 4.294146e-03 3.377155e-03 2.615131e-03 2.155585e-03 1.758123e-03 1.443352e-03 1.208106e-03 1.046310e-03 9.290513e-04 8.326106e-04 7.499874e-04 6.684336e-04 5.917078e-04 5.070742e-04 4.220479e-04 3.328425e-04 2.482472e-04 1.711144e-04 1.100020e-04 6.697246e-05 4.098107e-05 2.582820e-05
2.802609e-07 6.782401e-07 9.673736e-07 1.273733e-06 1.912033e-06 2.876511e-06 3.746603e-06 4.713561e-06 6.502750e-06 9.203724e-06 1.251937e-05 1.563561e-05 2.015169e-05 2.550822e-05 3.141397e-05 3.862940e-05 4.606584e-05 5.506212e-05 6.699860e-05 7.984679e-05 9.231875e-05 1.098933e-04 1.301583e-04 1.533834e-04 1.798568e-04 2.080029e-04 2.405008e-04 2.765340e-04 3.289966e-04 4.134410e-04 5.190364e-04 6.313055e-04 7.571061e-04 9.248385e-04 1.139070e-03 1.394854e-03 1.707826e-03 2.077807e-03 2.493103e-03 2.981328e-03 3.577631e-03 4.286104e-03 5.091388e-03 5.985279e-03 6.985862e-03 8.139163e-03 9.494943e-03 1.111055e-02 1.295232e-02 1.495553e-02 1.721370e-02 1.969986e-02 2.233370e-02 2.522554e-02 2.854477e-02 3.237739e-02 3.672929e-02 4.166095e-02 4.694524e-02 5.233309e-02 5.792759e-02 6.348789e-02 6.892372e-02 7.455467e-02 8.023155e-02 8.597646e-02 9.233208e-02 9.940850e-02 1.071517e-01 1.159436e-01 1.258590e-01 1.363498e-01 1.470482e-01 1.579307e-01 1.686649e-01 1.787202e-01 1.882826e-01 1.977316e-01 2.065624e-01 2.144377e-01 2.221297e-01 2.299833e-01 2.374063e-01 2.444495e-01 2.520355e-01 2.605339e-01 2.693423e-01 2.779704e-01 2.867385e-01 2.961127e-01 3.058822e-01 3.153673e-01 3.242496e-01 3.328150e-01 3.413077e-01 3.492123e-01 3.555546e-01 3.599133e-01 3.627494e-01 3.646001e-01 3.652701e-01 3.642582e-01 3.618201e-01 3.589249e-01 3.562622e-01 3.536354e-01 3.503332e-01 3.460628e-01 3.411344e-01 3.358921e-01 3.300833e-01 3.228832e-01 3.136556e-01 3.025802e-01 2.905610e-01 2.784220e-01 2.663980e-01 2.541971e-01 2.415178e-01 2.284807e-01 2.155842e-01 2.033998e-01 1.922199e-01 1.818659e-01 1.719959e-01 1.623992e-01 1.530711e-01 1.441502e-01 1.357702e-01 1.278878e-01 1.202744e-01 1.127264e-01 1.051952e-01 9.780981e-02 9.077954e-02 8.423110e-02 7.817139e-02 7.250604e-02 6.714452e-02 6.201511e-02 5.714972e-02 5.257894e-02 4.830804e-02 4.435831e-02 4.072622e-02 3.742214e-02 3.444154e-02 3.171382e-02 2.918646e-02 2.676762e-02 2.444601e-02 2.223543e-02 2.018079e-02 1.831752e-02 1.655152e-02 1.485472e-02 1.323269e-02 1.168587e-02 1.021679e-02 8.837673e-03 7.528004e-03 6.320070e-03 5.209311e-03 4.208118e-03 3.335732e-03 2.658809e-03 2.205865e-03 1.808446e-03 1.475584e-03 1.224389e-03 1.044778e-03 9.172367e-04 8.178669e-04 7.286960e-04 6.490615e-04 5.680894e-04 4.888656e-04 4.037469e-04 3.193140e-04 2.360400e-04 1.631910e-04 1.048000e-04 6.488616e-05 3.966686e-05 2.540621e-05
2.309405e-07 6.574227e-07 9.726657e-07 1.418159e-06 1.970162e-06 2.605271e-06 3.534218e-06 5.039147e-06 6.893475e-06 8.817934e-06 1.091933e-05 1.495087e-05 2.032483e-05 2.591689e-05 3.181809e-05 3.852210e-05 4.705989e-05 5.733973e-05 6.678294e-05 7.680828e-05 9.279708e-05 1.120188e-04 1.330790e-04 1.545486e-04 1.783189e-04 2.065989e-04 2.387916e-04 2.744006e-04 3.441502e-04 4.272781e-04 5.139615e-04 6.314017e-04 7.847068e-04 9.484966e-04 1.116305e-03 1.348784e-03 1.671012e-03 2.040272e-03 2.447298e-03 2.912953e-03 3.461016e-03 4.115256e-03 4.900313e-03 5.840697e-03 6.935930e-03 8.158750e-03 9.519622e-03 1.102936e-02 1.274962e-02 1.481631e-02 1.715879e-02 1.970324e-02 2.250553e-02 2.552258e-02 2.875303e-02 3.226397e-02 3.623304e-02 4.071457e-02 4.568676e-02 5.132012e-02 5.741407e-02 6.369884e-02 7.016514e-02 7.636306e-02 8.201108e-02 8.754608e-02 9.329613e-02 9.951931e-02 1.067449e-01 1.150467e-01 1.240368e-01 1.337506e-01 1.444335e-01 1.557827e-01 1.672601e-01 1.788034e-01 1.904335e-01 2.014168e-01 2.111178e-01 2.200802e-01 2.287679e-01 2.367346e-01 2.439491e-01 2.511793e-01 2.587707e-01 2.664300e-01 2.740599e-01 2.820504e-01 2.906274e-01 2.994124e-01 3.078687e-01 3.160163e-01 3.243164e-01 3.328544e-01 3.409246e-01 3.477119e-01 3.531885e-01 3.579308e-01 3.620142e-01 3.646210e-01 3.651345e-01 3.640472e-01 3.624904e-01 3.610347e-01 3.593431e-01 3.568214e-01 3.533970e-01 3.496381e-01 3.458588e-01 3.415334e-01 3.356479e-01 3.276125e-01 3.177886e-01 3.070649e-01 2.960879e-01 2.848353e-01 2.728839e-01 2.600217e-01 2.466064e-01 2.333704e-01 2.208749e-01 2.092223e-01 1.982267e-01 1.876470e-01 1.773238e-01 1.673253e-01 1.578447e-01 1.489525e-01 1.405149e-01 1.322889e-01 1.240713e-01 1.158370e-01 1.077444e-01 9.999669e-02 9.274029e-02 8.599288e-02 7.965454e-02 7.362509e-02 6.787647e-02 6.241336e-02 5.724617e-02 5.243959e-02 4.802414e-02 4.402142e-02 4.045364e-02 3.723129e-02 3.427118e-02 3.148514e-02 2.880404e-02 2.624277e-02 2.381548e-02 2.159696e-02 1.961320e-02 1.781663e-02 1.613095e-02 1.447347e-02 1.285594e-02 1.132935e-02 9.900072e-03 8.553393e-03 7.313681e-03 6.159624e-03 5.107218e-03 4.160573e-03 3.316494e-03 2.717043e-03 2.263832e-03 1.854848e-03 1.508192e-03 1.235510e-03 1.037787e-03 8.996326e-04 7.937318e-04 7.045806e-04 6.209254e-04 5.431458e-04 4.647012e-04 3.864974e-04 3.053129e-04 2.271985e-04 1.566476e-04 1.019634e-04 6.305996e-05 3.920689e-05 2.484928e-05
2.556967e-07 6.837329e-07 1.163020e-06 1.584850e-06 1.992101e-06 2.626811e-06 3.664318e-06 4.909825e-06 6.491441e-06 8.883270e-06 1.246899e-05 1.590369e-05 1.935065e-05 2.416502e-05 3.078100e-05 3.819329e-05 4.660897e-05 5.521827e-05 6.477102e-05 7.721645e-05 9.071984e-05 1.052737e-04 1.223947e-04 1.446409e-04 1.711084e-04 2.012196e-04 2.340987e-04 2.732906e-04 3.174978e-04 3.883694e-04 4.832639e-04 6.023442e-04 7.421328e-04 9.075418e-04 1.131043e-03 1.390096e-03 1.661600e-03 2.009751e-03 2.452161e-03 2.947695e-03 3.471501e-03 4.059165e-03 4.789771e-03 5.703873e-03 6.775941e-03 7.968811e-03 9.252228e-03 1.069499e-02 1.242496e-02 1.442639e-02 1.674062e-02 1.942284e-02 2.236996e-02 2.556990e-02 2.896293e-02 3.255210e-02 3.644249e-02 4.071751e-02 4.560253e-02 5.104193e-02 5.689535e-02 6.322626e-02 6.970874e-02 7.604668e-02 8.238257e-02 8.868272e-02 9.491176e-02 1.014415e-01 1.084017e-01 1.156768e-01 1.236283e-01 1.326950e-01 1.428065e-01 1.537803e-01 1.656589e-01 1.782557e-01 1.907620e-01 2.024874e-01 2.135849e-01 2.240285e-01 2.331039e-01 2.409345e-01 2.487046e-01 2.567491e-01 2.643484e-01 2.713648e-01 2.786696e-01 2.868044e-01 2.952252e-01 3.031870e-01 3.107739e-01 3.185216e-01 3.264250e-01 3.338685e-01 3.404832e-01 3.465747e-01 3.524879e-01 3.578038e-01 3.615500e-01 3.633643e-01 3.640312e-01 3.643867e-01 3.644164e-01 3.635481e-01 3.616399e-01 3.592878e-01 3.571235e-01 3.550743e-01 3.522013e-01 3.474962e-01 3.406881e-01 3.323091e-01 3.230655e-01 3.131801e-01 3.023708e-01 2.903276e-01 2.772270e-01 2.637124e-01 2.504753e-01 2.379144e-01 2.260279e-01 2.145770e-01 2.033129e-01 1.922660e-01 1.816517e-01 1.716442e-01 1.622578e-01 1.533029e-01 1.445179e-01 1.357286e-01 1.269500e-01 1.183463e-01 1.101262e-01 1.024064e-01 9.512738e-02 8.818185e-02 8.149162e-02 7.502630e-02 6.881921e-02 6.298046e-02 5.759105e-02 5.268652e-02 4.830820e-02 4.437936e-02 4.077766e-02 3.742287e-02 3.422008e-02 3.118018e-02 2.833621e-02 2.572882e-02 2.338646e-02 2.127295e-02 1.934433e-02 1.753302e-02 1.578138e-02 1.409035e-02 1.249790e-02 1.100495e-02 9.624306e-03 8.350585e-03 7.158862e-03 6.064650e-03 5.056961e-03 4.137290e-03 3.317939e-03 2.764524e-03 2.310264e-03 1.893588e-03 1.535042e-03 1.245093e-03 1.032139e-03 8.804754e-04 7.712023e-04 6.797840e-04 5.979014e-04 5.201341e-04 4.456306e-04 3.708594e-04 2.949975e-04 2.195294e-04 1.528132e-04 9.870899e-05 6.169621e-05 3.785399e-05 2.417401e-05
2.031328e-07 6.012364e-07 8.815279e-07 1.224456e-06 1.823912e-06 2.671005e-06 3.750329e-06 5.341786e-06 7.482079e-06 1.004368e-05 1.278777e-05 1.621990e-05 2.052401e-05 2.574451e-05 3.137281e-05 3.798084e-05 4.469145e-05 5.265186e-05 6.433217e-05 7.785900e-05 9.044158e-05 1.045527e-04 1.228666e-04 1.441049e-04 1.692549e-04 1.972391e-04 2.298934e-04 2.637544e-04 2.991418e-04 3.778164e-04 4.775647e-04 5.885105e-04 7.172742e-04 9.018149e-04 1.120284e-03 1.352132e-03 1.633760e-03 1.958692e-03 2.342480e-03 2.819330e-03 3.395155e-03 4.064877e-03 4.821195e-03 5.678945e-03 6.686837e-03 7.887822e-03 9.296012e-03 1.088916e-02 1.259897e-02 1.447368e-02 1.662543e-02 1.912171e-02 2.204447e-02 2.529286e-02 2.879056e-02 3.254031e-02 3.647433e-02 4.078047e-02 4.557649e-02 5.085629e-02 5.669443e-02 6.287594e-02 6.927091e-02 7.603017e-02 8.306512e-02 9.015354e-02 9.723734e-02 1.042060e-01 1.109751e-01 1.179751e-01 1.256705e-01 1.340703e-01 1.433346e-01 1.538471e-01 1.654901e-01 1.775202e-01 1.894672e-01 2.015330e-01 2.135773e-01 2.247360e-01 2.348124e-01 2.445378e-01 2.539301e-01 2.622667e-01 2.697115e-01 2.772036e-01 2.849867e-01 2.924644e-01 2.994169e-01 3.064207e-01 3.138964e-01 3.213448e-01 3.279907e-01 3.338580e-01 3.397273e-01 3.460169e-01 3.520388e-01 3.567036e-01 3.597178e-01 3.618020e-01 3.636373e-01 3.649714e-01 3.652107e-01 3.643632e-01 3.631568e-01 3.622566e-01 3.614869e-01 3.599633e-01 3.567612e-01 3.516601e-01 3.451036e-01 3.375487e-01 3.289996e-01 3.190959e-01 3.076183e-01 2.948542e-01 2.815314e-01 2.683775e-01 2.557097e-01 2.434402e-01 2.313369e-01 2.193274e-01 2.075515e-01 1.962632e-01 1.856918e-01 1.758237e-01 1.664527e-01 1.573106e-01 1.482101e-01 1.391548e-01 1.302967e-01 1.217967e-01 1.136811e-01 1.058918e-01 9.833363e-02 9.091661e-02 8.367684e-02 7.673392e-02 7.020708e-02 6.417716e-02 5.873252e-02 5.383968e-02 4.935911e-02 4.519896e-02 4.126291e-02 3.752980e-02 3.405686e-02 3.088465e-02 2.804959e-02 2.552892e-02 2.325044e-02 2.114717e-02 1.913613e-02 1.720117e-02 1.536414e-02 1.367663e-02 1.213587e-02 1.073195e-02 9.420345e-03 8.200468e-03 7.067244e-03 6.009949e-03 5.032314e-03 4.136389e-03 3.326212e-03 2.803191e-03 2.350526e-03 1.931117e-03 1.561702e-03 1.260669e-03 1.029998e-03 8.686128e-04 7.519770e-04 6.614111e-04 5.800080e-04 5.037336e-04 4.301113e-04 3.570153e-04 2.833023e-04 2.118889e-04 1.462492e-04 9.474639e-05 5.792670e-05 3.564838e-05 2.249710e-05
2.063567e-07 4.787616e-07 7.869252e-07 1.261085e-06 1.867892e-06 2.748614e-06 3.966001e-06 5.438120e-06 7.310105e-06 9.561835e-06 1.252952e-05 1.630059e-05 2.090920e-05 2.536499e-05 3.055945e-05 3.693481e-05 4.489717e-05 5.487434e-05 6.529183e-05 7.632837e-05 9.168182e-05 1.095323e-04 1.273929e-04 1.476167e-04 1.699722e-04 1.967619e-04 2.266544e-04 2.603660e-04 3.014299e-04 3.700684e-04 4.613718e-04 5.706481e-04 7.230712e-04 8.960764e-04 1.093467e-03 1.350768e-03 1.649392e-03 1.990960e-03 2.380808e-03 2.835219e-03 3.396411e-03 4.078475e-03 4.843130e-03 5.661970e-03 6.573046e-03 7.650969e-03 9.001171e-03 1.061862e-02 1.243356e-02 1.443916e-02 1.660526e-02 1.896325e-02 2.162412e-02 2.475990e-02 2.841803e-02 3.244481e-02 3.678433e-02 4.130217e-02 4.591166e-02 5.081200e-02 5.607565e-02 6.179862e-02 6.818562e-02 7.526854e-02 8.291654e-02 9.084707e-02 9.867072e-02 1.060770e-01 1.132532e-01 1.206666e-01 1.285144e-01 1.370388e-01 1.465129e-01 1.566937e-01 1.671729e-01 1.780038e-01 1.893792e-01 2.009486e-01 2.121579e-01 2.232357e-01 2.346565e-01 2.457978e-01 2.556657e-01 2.645944e-01 2.735727e-01 2.824863e-01 2.905026e-01 2.976308e-01 3.047405e-01 3.121327e-01 3.190865e-01 3.250192e-01 3.304087e-01 3.361193e-01 3.422220e-01 3.479419e-01 3.526208e-01 3.564149e-01 3.598299e-01 3.628481e-01 3.648887e-01 3.656037e-01 3.654796e-01 3.653750e-01 3.656861e-01 3.659421e-01 3.652298e-01 3.630638e-01 3.596193e-01 3.552185e-01 3.497967e-01 3.428212e-01 3.338007e-01 3.227861e-01 3.104565e-01 2.976573e-01 2.849260e-01 2.723640e-01 2.597728e-01 2.470102e-01 2.341375e-01 2.215049e-01 2.095488e-01 1.984732e-01 1.882287e-01 1.785558e-01 1.691566e-01 1.598863e-01 1.507882e-01 1.419930e-01 1.335803e-01 1.255218e-01 1.176624e-01 1.097961e-01 1.018857e-01 9.403408e-02 8.642063e-02 7.923009e-02 7.262001e-02 6.661783e-02 6.109713e-02 5.594975e-02 5.106668e-02 4.639427e-02 4.200717e-02 3.798538e-02 3.437833e-02 3.119786e-02 2.836485e-02 2.579662e-02 2.339957e-02 2.111006e-02 1.893498e-02 1.689140e-02 1.502831e-02 1.336739e-02 1.189754e-02 1.055561e-02 9.302648e-03 8.108697e-03 6.996547e-03 5.956592e-03 4.991865e-03 4.107311e-03 3.309086e-03 2.818629e-03 2.370630e-03 1.951095e-03 1.579535e-03 1.268316e-03 1.028999e-03 8.550448e-04 7.347284e-04 6.417484e-04 5.620205e-04 4.862297e-04 4.125835e-04 3.397456e-04 2.686664e-04 1.993645e-04 1.379748e-04 8.759363e-05 5.347728e-05 3.231475e-05 2.043294e-05
2.271852e-07 7.483972e-07 1.012748e-06 1.325647e-06 1.843454e-06 2.511683e-06 3.467249e-06 4.812285e-06 6.629370e-06 9.136327e-06 1.192202e-05 1.520005e-05 1.899909e-05 2.411757e-05 3.005704e-05 3.626918e-05 4.414311e-05 5.334528e-05 6.292971e-05 7.511056e-05 8.954792e-05 1.070164e-04 1.277249e-04 1.492378e-04 1.727802e-04 1.985855e-04 2.279000e-04 2.645585e-04 3.090821e-04 3.751619e-04 4.676686e-04 6.007079e-04 7.425044e-04 8.894660e-04 1.076758e-03 1.310940e-03 1.600290e-03 1.936621e-03 2.321057e-03 2.792599e-03 3.365835e-03 4.011268e-03 4.747347e-03 5.619224e-03 6.634546e-03 7.829807e-03 9.147204e-03 1.060760e-02 1.235279e-02 1.430906e-02 1.644270e-02 1.880555e-02 2.139455e-02 2.431624e-02 2.772200e-02 3.168546e-02 3.607185e-02 4.071259e-02 4.554303e-02 5.051015e-02 5.581794e-02 6.174967e-02 6.836087e-02 7.556590e-02 8.314460e-02 9.092031e-02 9.881870e-02 1.068781e-01 1.151706e-01 1.234835e-01 1.318223e-01 1.405526e-01 1.495891e-01 1.587412e-01 1.683653e-01 1.787467e-01 1.895729e-01 2.005306e-01 2.117858e-01 2.234215e-01 2.348695e-01 2.455830e-01 2.558706e-01 2.661555e-01 2.760265e-01 2.849700e-01 2.933197e-01 3.016262e-01 3.096361e-01 3.166617e-01 3.226514e-01 3.282822e-01 3.340498e-01 3.396968e-01 3.447154e-01 3.490322e-01 3.530302e-01 3.569350e-01 3.604256e-01 3.629579e-01 3.644801e-01 3.654866e-01 3.664936e-01 3.676159e-01 3.685382e-01 3.688402e-01 3.682397e-01 3.667153e-01 3.642174e-01 3.604731e-01 3.550282e-01 3.475556e-01 3.381127e-01 3.271767e-01 3.153982e-01 3.032216e-01 2.907231e-01 2.777852e-01 2.643293e-01 2.505817e-01 2.370306e-01 2.241363e-01 2.121886e-01 2.011231e-01 1.906741e-01 1.806097e-01 1.708517e-01 1.614834e-01 1.526270e-01 1.442880e-01 1.362705e-01 1.282845e-01 1.201718e-01 1.119374e-01 1.037276e-01 9.578887e-02 8.833388e-02 8.145245e-02 7.506107e-02 6.904753e-02 6.329162e-02 5.771269e-02 5.239108e-02 4.745031e-02 4.295115e-02 3.893104e-02 3.533866e-02 3.208038e-02 2.907897e-02 2.625098e-02 2.359122e-02 2.111612e-02 1.884329e-02 1.679847e-02 1.496068e-02 1.330650e-02 1.182630e-02 1.046648e-02 9.187572e-03 7.991605e-03 6.859239e-03 5.821426e-03 4.870317e-03 4.002234e-03 3.224901e-03 2.778218e-03 2.346226e-03 1.938373e-03 1.572315e-03 1.263471e-03 1.017668e-03 8.382712e-04 7.108299e-04 6.179392e-04 5.384363e-04 4.648523e-04 3.923851e-04 3.220791e-04 2.525201e-04 1.877465e-04 1.283710e-04 8.186968e-05 4.919980e-05 2.967967e-05 1.864869e-05
1.836625e-07 5.185119e-07 9.277671e-07 1.234432e-06 1.629456e-06 2.262150e-06 3.057162e-06 4.246629e-06 5.917481e-06 7.873967e-06 1.085404e-05 1.463462e-05 1.897407e-05 2.382220e-05 2.928814e-05 3.620141e-05 4.361351e-05 5.150164e-05 6.250817e-05 7.528376e-05 8.936185e-05 1.055579e-04 1.243146e-04 1.464209e-04 1.716862e-04 1.995417e-04 2.332610e-04 2.729978e-04 3.137397e-04 3.613864e-04 4.631550e-04 5.680491e-04 6.897521e-04 8.576550e-04 1.055308e-03 1.282593e-03 1.563855e-03 1.919248e-03 2.364252e-03 2.854355e-03 3.342058e-03 3.910118e-03 4.632138e-03 5.531346e-03 6.608631e-03 7.735015e-03 8.946836e-03 1.037411e-02 1.201070e-02 1.402393e-02 1.642225e-02 1.899418e-02 2.174312e-02 2.466879e-02 2.782189e-02 3.142087e-02 3.561798e-02 4.037239e-02 4.555232e-02 5.111573e-02 5.696969e-02 6.306964e-02 6.948337e-02 7.610327e-02 8.300930e-02 9.055099e-02 9.880038e-02 1.075551e-01 1.165182e-01 1.256161e-01 1.348716e-01 1.438650e-01 1.525231e-01 1.615139e-01 1.710275e-01 1.807192e-01 1.907455e-01 2.014726e-01 2.125873e-01 2.233645e-01 2.336743e-01 2.440941e-01 2.549058e-01 2.655149e-01 2.754008e-01 2.849474e-01 2.945715e-01 3.038276e-01 3.120529e-01 3.193162e-01 3.261960e-01 3.328449e-01 3.388012e-01 3.437138e-01 3.478049e-01 3.515644e-01 3.551385e-01 3.581841e-01 3.603102e-01 3.616372e-01 3.628024e-01 3.643050e-01 3.660884e-01 3.676499e-01 3.685497e-01 3.687663e-01 3.685040e-01 3.678018e-01 3.661598e-01 3.627771e-01 3.571222e-01 3.493169e-01 3.400410e-01 3.299882e-01 3.194250e-01 3.081694e-01 2.959063e-01 2.826276e-01 2.687528e-01 2.549604e-01 2.418323e-01 2.294953e-01 2.177647e-01 2.063844e-01 1.952287e-01 1.844264e-01 1.742315e-01 1.647928e-01 1.559865e-01 1.475061e-01 1.390397e-01 1.304017e-01 1.216354e-01 1.129941e-01 1.047345e-01 9.701066e-02 8.980899e-02 8.302936e-02 7.654235e-02 7.023867e-02 6.415683e-02 5.842616e-02 5.312002e-02 4.829241e-02 4.393084e-02 3.994277e-02 3.626063e-02 3.282342e-02 2.960608e-02 2.662918e-02 2.388942e-02 2.140261e-02 1.915272e-02 1.709153e-02 1.520856e-02 1.348725e-02 1.189512e-02 1.044879e-02 9.115421e-03 7.863852e-03 6.724619e-03 5.680268e-03 4.735221e-03 3.890533e-03 3.132819e-03 2.713226e-03 2.302522e-03 1.909996e-03 1.557167e-03 1.251702e-03 1.006387e-03 8.201707e-04 6.887543e-04 5.934477e-04 5.165459e-04 4.450749e-04 3.763066e-04 3.073986e-04 2.416250e-04 1.776052e-04 1.220173e-04 7.708975e-05 4.636657e-05 2.767930e-05 1.712700e-05
1.770263e-07 4.820985e-07 7.525339e-07 1.197374e-06 1.591973e-06 2.087878e-06 3.044345e-06 4.222088e-06 5.552872e-06 7.696875e-06 1.039829e-05 1.369352e-05 1.789417e-05 2.281214e-05 2.898291e-05 3.600949e-05 4.305922e-05 5.107060e-05 5.982864e-05 7.063782e-05 8.387836e-05 9.893788e-05 1.172066e-04 1.407941e-04 1.689393e-04 2.032890e-04 2.409126e-04 2.769360e-04 3.172589e-04 3.786983e-04 4.648421e-04 5.664519e-04 7.060496e-04 8.656799e-04 1.047036e-03 1.262237e-03 1.521301e-03 1.861932e-03 2.259671e-03 2.696977e-03 3.242975e-03 3.896658e-03 4.665916e-03 5.561671e-03 6.524119e-03 7.661947e-03 9.017033e-03 1.049507e-02 1.219842e-02 1.410122e-02 1.621387e-02 1.877286e-02 2.166965e-02 2.474446e-02 2.804548e-02 3.156092e-02 3.539035e-02 3.984955e-02 4.515402e-02 5.113804e-02 5.758256e-02 6.432308e-02 7.100712e-02 7.769784e-02 8.473781e-02 9.205811e-02 9.978491e-02 1.083075e-01 1.175447e-01 1.269979e-01 1.362220e-01 1.453214e-01 1.546412e-01 1.639361e-01 1.730190e-01 1.824503e-01 1.925738e-01 2.029691e-01 2.133271e-01 2.238360e-01 2.345997e-01 2.453055e-01 2.556159e-01 2.656120e-01 2.755612e-01 2.853383e-01 2.945466e-01 3.032079e-01 3.117009e-01 3.200920e-01 3.279563e-01 3.348593e-01 3.407421e-01 3.457558e-01 3.500265e-01 3.535870e-01 3.564567e-01 3.586714e-01 3.603516e-01 3.618285e-01 3.634750e-01 3.653324e-01 3.671057e-01 3.685198e-01 3.695650e-01 3.703384e-01 3.706624e-01 3.700296e-01 3.677851e-01 3.635252e-01 3.573701e-01 3.497798e-01 3.412133e-01 3.317659e-01 3.212568e-01 3.095526e-01 2.968406e-01 2.836659e-01 2.706170e-01 2.579964e-01 2.457978e-01 2.338096e-01 2.218702e-01 2.101052e-01 1.988329e-01 1.883278e-01 1.786083e-01 1.694209e-01 1.603788e-01 1.511763e-01 1.417796e-01 1.323940e-01 1.232739e-01 1.146146e-01 1.064870e-01 9.881862e-02 9.148347e-02 8.436085e-02 7.744951e-02 7.087526e-02 6.472252e-02 5.905093e-02 5.387707e-02 4.912746e-02 4.473620e-02 4.065816e-02 3.685288e-02 3.332482e-02 3.007892e-02 2.710556e-02 2.440811e-02 2.192467e-02 1.963899e-02 1.753624e-02 1.558638e-02 1.377989e-02 1.212100e-02 1.057173e-02 9.152181e-03 7.875092e-03 6.709451e-03 5.664319e-03 4.725584e-03 3.870579e-03 3.114981e-03 2.665430e-03 2.268048e-03 1.891539e-03 1.542623e-03 1.244186e-03 9.948618e-04 8.045725e-04 6.669367e-04 5.698514e-04 4.947736e-04 4.270219e-04 3.605497e-04 2.955807e-04 2.301970e-04 1.693804e-04 1.151370e-04 7.277205e-05 4.344954e-05 2.551550e-05 1.565897e-05
1.978201e-07 5.444729e-07 7.147593e-07 9.602361e-07 1.528722e-06 2.283699e-06 2.917421e-06 3.948781e-06 5.868093e-06 8.072385e-06 1.028744e-05 1.323314e-05 1.731093e-05 2.264187e-05 2.853716e-05 3.430403e-05 4.179309e-05 5.109626e-05 6.100958e-05 7.148112e-05 8.398287e-05 1.002876e-04 1.201231e-04 1.423477e-04 1.698514e-04 2.011551e-04 2.344195e-04 2.740848e-04 3.211171e-04 3.674145e-04 4.256303e-04 5.399084e-04 6.665146e-04 8.200004e-04 1.014758e-03 1.252458e-03 1.532276e-03 1.813728e-03 2.153807e-03 2.644253e-03 3.237593e-03 3.901148e-03 4.606103e-03 5.357275e-03 6.332612e-03 7.545373e-03 8.911966e-03 1.048683e-02 1.214714e-02 1.394812e-02 1.615374e-02 1.865593e-02 2.148036e-02 2.474572e-02 2.821333e-02 3.182855e-02 3.585427e-02 4.040059e-02 4.540561e-02 5.103908e-02 5.737229e-02 6.403254e-02 7.103702e-02 7.854914e-02 8.612315e-02 9.363688e-02 1.013485e-01 1.091655e-01 1.171807e-01 1.257746e-01 1.351265e-01 1.451134e-01 1.553619e-01 1.656811e-01 1.762281e-01 1.867531e-01 1.966844e-01 2.061529e-01 2.158082e-01 2.258198e-01 2.359273e-01 2.460143e-01 2.560812e-01 2.660471e-01 2.758075e-01 2.852573e-01 2.944014e-01 3.033318e-01 3.121144e-01 3.206433e-01 3.286065e-01 3.356486e-01 3.415956e-01 3.466046e-01 3.508767e-01 3.543833e-01 3.569355e-01 3.586131e-01 3.599470e-01 3.615729e-01 3.636259e-01 3.656645e-01 3.673197e-01 3.687469e-01 3.703348e-01 3.720446e-01 3.731005e-01 3.725099e-01 3.697630e-01 3.650537e-01 3.589776e-01 3.518636e-01 3.435692e-01 3.338019e-01 3.225269e-01 3.101723e-01 2.974092e-01 2.848121e-01 2.725612e-01 2.604768e-01 2.483099e-01 2.360743e-01 2.240325e-01 2.125436e-01 2.018379e-01 1.918796e-01 1.823542e-01 1.728962e-01 1.632961e-01 1.535704e-01 1.439124e-01 1.345493e-01 1.256243e-01 1.171217e-01 1.089555e-01 1.010138e-01 9.324254e-02 8.572059e-02 7.854677e-02 7.181437e-02 6.560229e-02 5.988773e-02 5.461833e-02 4.976436e-02 4.527002e-02 4.109857e-02 3.725294e-02 3.370769e-02 3.046406e-02 2.749403e-02 2.476440e-02 2.227963e-02 1.998533e-02 1.786390e-02 1.589849e-02 1.405367e-02 1.231372e-02 1.071365e-02 9.252024e-03 7.943109e-03 6.791705e-03 5.746877e-03 4.789040e-03 3.930646e-03 3.154572e-03 2.633481e-03 2.244103e-03 1.867125e-03 1.528809e-03 1.226599e-03 9.799143e-04 7.832171e-04 6.404126e-04 5.410279e-04 4.670970e-04 4.033806e-04 3.411614e-04 2.784347e-04 2.169440e-04 1.583945e-04 1.073124e-04 6.739762e-05 3.970571e-05 2.322493e-05 1.390796e-05
1.360484e-07 4.581788e-07 9.011150e-07 1.238191e-06 1.576749e-06 2.180187e-06 3.249789e-06 4.576240e-06 5.794790e-06 7.380859e-06 1.022456e-05 1.393108e-05 1.761214e-05 2.166304e-05 2.645515e-05 3.333095e-05 4.158816e-05 5.031649e-05 6.085951e-05 7.330265e-05 8.778484e-05 1.043659e-04 1.234956e-04 1.459250e-04 1.707062e-04 1.983781e-04 2.324795e-04 2.747183e-04 3.163118e-04 3.581369e-04 4.377132e-04 5.378269e-04 6.682375e-04 8.254126e-04 1.005661e-03 1.212516e-03 1.439783e-03 1.740323e-03 2.121350e-03 2.546712e-03 3.077727e-03 3.714225e-03 4.436148e-03 5.306741e-03 6.267988e-03 7.367166e-03 8.744408e-03 1.028967e-02 1.205359e-02 1.406084e-02 1.607682e-02 1.835550e-02 2.112805e-02 2.423368e-02 2.780279e-02 3.187108e-02 3.614422e-02 4.060620e-02 4.560083e-02 5.114972e-02 5.701726e-02 6.357681e-02 7.106531e-02 7.887801e-02 8.687112e-02 9.517784e-02 1.032140e-01 1.107629e-01 1.183040e-01 1.261871e-01 1.345954e-01 1.436905e-01 1.536329e-01 1.645065e-01 1.758910e-01 1.871612e-01 1.982478e-01 2.092313e-01 2.197510e-01 2.295897e-01 2.390169e-01 2.481974e-01 2.570377e-01 2.656583e-01 2.743774e-01 2.832892e-01 2.922661e-01 3.011985e-01 3.100420e-01 3.186652e-01 3.267747e-01 3.341360e-01 3.407650e-01 3.466959e-01 3.517278e-01 3.555584e-01 3.582330e-01 3.602947e-01 3.622724e-01 3.641865e-01 3.657948e-01 3.671272e-01 3.685907e-01 3.704464e-01 3.724204e-01 3.737895e-01 3.738551e-01 3.724112e-01 3.696404e-01 3.657079e-01 3.604977e-01 3.536664e-01 3.449997e-01 3.346894e-01 3.233388e-01 3.116102e-01 2.998501e-01 2.880147e-01 2.758731e-01 2.633345e-01 2.506066e-01 2.381316e-01 2.263662e-01 2.154978e-01 2.053496e-01 1.955618e-01 1.858063e-01 1.759308e-01 1.660330e-01 1.563264e-01 1.469760e-01 1.380000e-01 1.293187e-01 1.207871e-01 1.122722e-01 1.038127e-01 9.553436e-02 8.759622e-02 8.015468e-02 7.326279e-02 6.689781e-02 6.104907e-02 5.566023e-02 5.064708e-02 4.599661e-02 4.168507e-02 3.769770e-02 3.405081e-02 3.071627e-02 2.770076e-02 2.497208e-02 2.247643e-02 2.019415e-02 1.806330e-02 1.604507e-02 1.415714e-02 1.240635e-02 1.079296e-02 9.346899e-03 8.058005e-03 6.896492e-03 5.852734e-03 4.890792e-03 4.001701e-03 3.213996e-03 2.598140e-03 2.211040e-03 1.843611e-03 1.502038e-03 1.209409e-03 9.580411e-04 7.605412e-04 6.114813e-04 5.072713e-04 4.336455e-04 3.731424e-04 3.154839e-04 2.574870e-04 2.004281e-04 1.459779e-04 9.869856e-05 6.109530e-05 3.599828e-05 2.067619e-05 1.243946e-05
2.000895e-07 5.265676e-07 7.538880e-07 1.250535e-06 1.811581e-06 2.484470e-06 3.447224e-06 4.625008e-06 6.175398e-06 8.455599e-06 1.100697e-05 1.357355e-05 1.720407e-05 2.152672e-05 2.693539e-05 3.303171e-05 3.960719e-05 4.801936e-05 5.835463e-05 7.136982e-05 8.612570e-05 1.028306e-04 1.221348e-04 1.449175e-04 1.690762e-04 1.969595e-04 2.314640e-04 2.645417e-04 3.036676e-04 3.568317e-04 4.158124e-04 5.204452e-04 6.441666e-04 7.993525e-04 9.854002e-04 1.200787e-03 1.478222e-03 1.801099e-03 2.158669e-03 2.589837e-03 3.081753e-03 3.678316e-03 4.446988e-03 5.318143e-03 6.300673e-03 7.402381e-03 8.584797e-03 1.005169e-02 1.182462e-02 1.375754e-02 1.598693e-02 1.841622e-02 2.099440e-02 2.408044e-02 2.772021e-02 3.181230e-02 3.635934e-02 4.119970e-02 4.609451e-02 5.116272e-02 5.704668e-02 6.383588e-02 7.098954e-02 7.872582e-02 8.721222e-02 9.563129e-02 1.037469e-01 1.118997e-01 1.198702e-01 1.276587e-01 1.358149e-01 1.446895e-01 1.543684e-01 1.648006e-01 1.758892e-01 1.876119e-01 1.997073e-01 2.115285e-01 2.225847e-01 2.327638e-01 2.419941e-01 2.503429e-01 2.582706e-01 2.661977e-01 2.741272e-01 2.821365e-01 2.906095e-01 2.996410e-01 3.087125e-01 3.172500e-01 3.252153e-01 3.328601e-01 3.400858e-01 3.463653e-01 3.513293e-01 3.552596e-01 3.587471e-01 3.620377e-01 3.647738e-01 3.666081e-01 3.678935e-01 3.693990e-01 3.714774e-01 3.736914e-01 3.752191e-01 3.755058e-01 3.745122e-01 3.725518e-01 3.697577e-01 3.658116e-01 3.602272e-01 3.527956e-01 3.438036e-01 3.338391e-01 3.234268e-01 3.127747e-01 3.017480e-01 2.901390e-01 2.779573e-01 2.655048e-01 2.532688e-01 2.415956e-01 2.305560e-01 2.199814e-01 2.095922e-01 1.992011e-01 1.888599e-01 1.787453e-01 1.690336e-01 1.597644e-01 1.508358e-01 1.420436e-01 1.331819e-01 1.242278e-01 1.152588e-01 1.064190e-01 9.791458e-02 8.987594e-02 8.234801e-02 7.536180e-02 6.889563e-02 6.286339e-02 5.723232e-02 5.197516e-02 4.705584e-02 4.250848e-02 3.835197e-02 3.457768e-02 3.119516e-02 2.814572e-02 2.538127e-02 2.284417e-02 2.046964e-02 1.824001e-02 1.616924e-02 1.424971e-02 1.249474e-02 1.091204e-02 9.464124e-03 8.153310e-03 6.981508e-03 5.911439e-03 4.939456e-03 4.050446e-03 3.250437e-03 2.562354e-03 2.181523e-03 1.817010e-03 1.485397e-03 1.187920e-03 9.401909e-04 7.367393e-04 5.831970e-04 4.730405e-04 3.973998e-04 3.396917e-04 2.873724e-04 2.352302e-04 1.829056e-04 1.337700e-04 8.919708e-05 5.529608e-05 3.199541e-05 1.856160e-05 1.102064e-05
1.412059e-07 4.783579e-07 7.811931e-07 9.999487e-07 1.497580e-06 2.214249e-06 3.038187e-06 4.313057e-06 6.345448e-06 8.693365e-06 1.103317e-05 1.431284e-05 1.799238e-05 2.244402e-05 2.755333e-05 3.337702e-05 4.069863e-05 4.932282e-05 5.963116e-05 7.124269e-05 8.629393e-05 1.039586e-04 1.236909e-04 1.437861e-04 1.692047e-04 1.993175e-04 2.264956e-04 2.617920e-04 3.073074e-04 3.580418e-04 4.199433e-04 5.178187e-04 6.470446e-04 7.939899e-04 9.727981e-04 1.200274e-03 1.454617e-03 1.751258e-03 2.119928e-03 2.539835e-03 3.036247e-03 3.656525e-03 4.385867e-03 5.253452e-03 6.257163e-03 7.380783e-03 8.697434e-03 1.015186e-02 1.174688e-02 1.369140e-02 1.597019e-02 1.849450e-02 2.125917e-02 2.422760e-02 2.758070e-02 3.148348e-02 3.596081e-02 4.098355e-02 4.640770e-02 5.226110e-02 5.840321e-02 6.470991e-02 7.175582e-02 7.965726e-02 8.778331e-02 9.625714e-02 1.052558e-01 1.140893e-01 1.225175e-01 1.308180e-01 1.390138e-01 1.473753e-01 1.563474e-01 1.660632e-01 1.766571e-01 1.882757e-01 2.006109e-01 2.129934e-01 2.248178e-01 2.357030e-01 2.455095e-01 2.543442e-01 2.623771e-01 2.697605e-01 2.768814e-01 2.842912e-01 2.921521e-01 3.002623e-01 3.084737e-01 3.168069e-01 3.251481e-01 3.331052e-01 3.402320e-01 3.463735e-01 3.517376e-01 3.565613e-01 3.607526e-01 3.639960e-01 3.662316e-01 3.680173e-01 3.701373e-01 3.727293e-01 3.752000e-01 3.768469e-01 3.774276e-01 3.771239e-01 3.761101e-01 3.742168e-01 3.709540e-01 3.658713e-01 3.589240e-01 3.505323e-01 3.413578e-01 3.318920e-01 3.222170e-01 3.121028e-01 3.012901e-01 2.898128e-01 2.780349e-01 2.664029e-01 2.552327e-01 2.445232e-01 2.340113e-01 2.234583e-01 2.128332e-01 2.023054e-01 1.921014e-01 1.823739e-01 1.730834e-01 1.640256e-01 1.549262e-01 1.456449e-01 1.361718e-01 1.266304e-01 1.172645e-01 1.082683e-01 9.973853e-02 9.175252e-02 8.432015e-02 7.735015e-02 7.077974e-02 6.455910e-02 5.864566e-02 5.309438e-02 4.797246e-02 4.329758e-02 3.908898e-02 3.532040e-02 3.190733e-02 2.879202e-02 2.590422e-02 2.320768e-02 2.069711e-02 1.839653e-02 1.628873e-02 1.437440e-02 1.263502e-02 1.103522e-02 9.581435e-03 8.252643e-03 7.044583e-03 5.959969e-03 4.965365e-03 4.072963e-03 3.278292e-03 2.587348e-03 2.161328e-03 1.804793e-03 1.472575e-03 1.178493e-03 9.258147e-04 7.211212e-04 5.614218e-04 4.468623e-04 3.672669e-04 3.113276e-04 2.630525e-04 2.157038e-04 1.683433e-04 1.215727e-04 8.124515e-05 4.926629e-05 2.866325e-05 1.634379e-05 9.736225e-06
1.486356e-07 4.366359e-07 7.030679e-07 1.064945e-06 1.432363e-06 1.950281e-06 2.834131e-06 4.152311e-06 5.741907e-06 7.490813e-06 1.020087e-05 1.355709e-05 1.766404e-05 2.254690e-05 2.798425e-05 3.387791e-05 4.064299e-05 4.852056e-05 5.746737e-05 6.922817e-05 8.234496e-05 9.825647e-05 1.164520e-04 1.397083e-04 1.657972e-04 1.930258e-04 2.285073e-04 2.688376e-04 3.133442e-04 3.579356e-04 4.088838e-04 5.025014e-04 6.170294e-04 7.704532e-04 9.641483e-04 1.188480e-03 1.459970e-03 1.785914e-03 2.155147e-03 2.598446e-03 3.134921e-03 3.719167e-03 4.390586e-03 5.212795e-03 6.163564e-03 7.256480e-03 8.479297e-03 9.871464e-03 1.158927e-02 1.356376e-02 1.570912e-02 1.820713e-02 2.115645e-02 2.448078e-02 2.807153e-02 3.194286e-02 3.618461e-02 4.089276e-02 4.633424e-02 5.242840e-02 5.884342e-02 6.570990e-02 7.290348e-02 8.010433e-02 8.776439e-02 9.616639e-02 1.049272e-01 1.140949e-01 1.236765e-01 1.330132e-01 1.418625e-01 1.505243e-01 1.592181e-01 1.683881e-01 1.785434e-01 1.895799e-01 2.010461e-01 2.127805e-01 2.247631e-01 2.366104e-01 2.477150e-01 2.577903e-01 2.668991e-01 2.751777e-01 2.827858e-01 2.898503e-01 2.965227e-01 3.031490e-01 3.101393e-01 3.175749e-01 3.250410e-01 3.320438e-01 3.385162e-01 3.447535e-01 3.508516e-01 3.563976e-01 3.608330e-01 3.640927e-01 3.667761e-01 3.696246e-01 3.728026e-01 3.757808e-01 3.779699e-01 3.792210e-01 3.797587e-01 3.797319e-01 3.787910e-01 3.763095e-01 3.717929e-01 3.653167e-01 3.574563e-01 3.488822e-01 3.399833e-01 3.307153e-01 3.208229e-01 3.102168e-01 2.991271e-01 2.879928e-01 2.772054e-01 2.668271e-01 2.566242e-01 2.463184e-01 2.357994e-01 2.252339e-01 2.149370e-01 2.051540e-01 1.958895e-01 1.869058e-01 1.778761e-01 1.685712e-01 1.588925e-01 1.489291e-01 1.389339e-01 1.291193e-01 1.196333e-01 1.106048e-01 1.020918e-01 9.404407e-02 8.640902e-02 7.913940e-02 7.219487e-02 6.561895e-02 5.949505e-02 5.386579e-02 4.876505e-02 4.418192e-02 4.002253e-02 3.621131e-02 3.267767e-02 2.938056e-02 2.631892e-02 2.350766e-02 2.096188e-02 1.864671e-02 1.655185e-02 1.463385e-02 1.286867e-02 1.124763e-02 9.759600e-03 8.400022e-03 7.157217e-03 6.024081e-03 5.014004e-03 4.111999e-03 3.329718e-03 2.641449e-03 2.177308e-03 1.823561e-03 1.489500e-03 1.189974e-03 9.327271e-04 7.215628e-04 5.563584e-04 4.336512e-04 3.501634e-04 2.911514e-04 2.454152e-04 2.011844e-04 1.558600e-04 1.125372e-04 7.362499e-05 4.475165e-05 2.535620e-05 1.437956e-05 8.365516e-06
1.425223e-07 4.289884e-07 6.933056e-07 9.810962e-07 1.397857e-06 2.046258e-06 2.895747e-06 3.817031e-06 4.969385e-06 7.249977e-06 1.027930e-05 1.357677e-05 1.739464e-05 2.182753e-05 2.681277e-05 3.330683e-05 4.056076e-05 4.862028e-05 5.854715e-05 6.819665e-05 7.921620e-05 9.210188e-05 1.100130e-04 1.319195e-04 1.565261e-04 1.857989e-04 2.221572e-04 2.642504e-04 3.034057e-04 3.497833e-04 4.028600e-04 4.916982e-04 6.180029e-04 7.642002e-04 9.337298e-04 1.145605e-03 1.414391e-03 1.720968e-03 2.073621e-03 2.505722e-03 3.021552e-03 3.659589e-03 4.388429e-03 5.165262e-03 6.121820e-03 7.280796e-03 8.610408e-03 1.016382e-02 1.180536e-02 1.358728e-02 1.577844e-02 1.834020e-02 2.121233e-02 2.441391e-02 2.792166e-02 3.175750e-02 3.600217e-02 4.085647e-02 4.630461e-02 5.221403e-02 5.873628e-02 6.569245e-02 7.278196e-02 8.030389e-02 8.831314e-02 9.652925e-02 1.052393e-01 1.145298e-01 1.239083e-01 1.333661e-01 1.429558e-01 1.521823e-01 1.610805e-01 1.702109e-01 1.795729e-01 1.890839e-01 1.993525e-01 2.108823e-01 2.232507e-01 2.356978e-01 2.478812e-01 2.594962e-01 2.699403e-01 2.789230e-01 2.867120e-01 2.936395e-01 2.999594e-01 3.060129e-01 3.120941e-01 3.183060e-01 3.245876e-01 3.309163e-01 3.372986e-01 3.436201e-01 3.495790e-01 3.548180e-01 3.592588e-01 3.632166e-01 3.670610e-01 3.708447e-01 3.742743e-01 3.770754e-01 3.792799e-01 3.810362e-01 3.822706e-01 3.824549e-01 3.808701e-01 3.771065e-01 3.713692e-01 3.642942e-01 3.565231e-01 3.483036e-01 3.394485e-01 3.297030e-01 3.191201e-01 3.081347e-01 2.972760e-01 2.868213e-01 2.767112e-01 2.666900e-01 2.565331e-01 2.462932e-01 2.362279e-01 2.265985e-01 2.174759e-01 2.087033e-01 2.000208e-01 1.911586e-01 1.819163e-01 1.722490e-01 1.622774e-01 1.521495e-01 1.420420e-01 1.321553e-01 1.226230e-01 1.134875e-01 1.047567e-01 9.639083e-02 8.833478e-02 8.062122e-02 7.335358e-02 6.661392e-02 6.045880e-02 5.489754e-02 4.985535e-02 4.524291e-02 4.097642e-02 3.698005e-02 3.325933e-02 2.982236e-02 2.668976e-02 2.386130e-02 2.130356e-02 1.898488e-02 1.686670e-02 1.492866e-02 1.314510e-02 1.150698e-02 9.989863e-03 8.591067e-03 7.312879e-03 6.153313e-03 5.122745e-03 4.228852e-03 3.435728e-03 2.741707e-03 2.231450e-03 1.870013e-03 1.528859e-03 1.219259e-03 9.537305e-04 7.341494e-04 5.606006e-04 4.316158e-04 3.394805e-04 2.781926e-04 2.312775e-04 1.890995e-04 1.464219e-04 1.041279e-04 6.823095e-05 4.044270e-05 2.274213e-05 1.248604e-05 7.135929e-06
1.293997e-07 4.268133e-07 7.041991e-07 1.091657e-06 1.534953e-06 2.005972e-06 2.712871e-06 3.824470e-06 5.504794e-06 7.188257e-06 9.255674e-06 1.253723e-05 1.652777e-05 2.072098e-05 2.634155e-05 3.255494e-05 3.988523e-05 4.821864e-05 5.610210e-05 6.602683e-05 7.820203e-05 9.319338e-05 1.098978e-04 1.286630e-04 1.529239e-04 1.859719e-04 2.197291e-04 2.521515e-04 2.969308e-04 3.455557e-04 3.967345e-04 4.657660e-04 5.804322e-04 7.189941e-04 8.996984e-04 1.131221e-03 1.385322e-03 1.695374e-03 2.095041e-03 2.541855e-03 3.042040e-03 3.614190e-03 4.305400e-03 5.164378e-03 6.107053e-03 7.185888e-03 8.512715e-03 9.995441e-03 1.170799e-02 1.375500e-02 1.602660e-02 1.854366e-02 2.134638e-02 2.447582e-02 2.800633e-02 3.192518e-02 3.631522e-02 4.112136e-02 4.630588e-02 5.212267e-02 5.851900e-02 6.529103e-02 7.254957e-02 8.022621e-02 8.828558e-02 9.699228e-02 1.060724e-01 1.151255e-01 1.244826e-01 1.341554e-01 1.435970e-01 1.529790e-01 1.625967e-01 1.718794e-01 1.807008e-01 1.899685e-01 2.001504e-01 2.108731e-01 2.220405e-01 2.339555e-01 2.463615e-01 2.584001e-01 2.695239e-01 2.796782e-01 2.887100e-01 2.964316e-01 3.031445e-01 3.093276e-01 3.151451e-01 3.206169e-01 3.259912e-01 3.316205e-01 3.375202e-01 3.432692e-01 3.484710e-01 3.531985e-01 3.578372e-01 3.626122e-01 3.672332e-01 3.712419e-01 3.746434e-01 3.778554e-01 3.811079e-01 3.840013e-01 3.856209e-01 3.850855e-01 3.821109e-01 3.771746e-01 3.710382e-01 3.641560e-01 3.564774e-01 3.477148e-01 3.378371e-01 3.272201e-01 3.164800e-01 3.060672e-01 2.960578e-01 2.861799e-01 2.761445e-01 2.659242e-01 2.557587e-01 2.459941e-01 2.368272e-01 2.282203e-01 2.199594e-01 2.117235e-01 2.032314e-01 1.943291e-01 1.849722e-01 1.751961e-01 1.651271e-01 1.549910e-01 1.449757e-01 1.351746e-01 1.256300e-01 1.163066e-01 1.071590e-01 9.824108e-02 8.969963e-02 8.168423e-02 7.430358e-02 6.760181e-02 6.152292e-02 5.596261e-02 5.081433e-02 4.599621e-02 4.149098e-02 3.732673e-02 3.350852e-02 3.005298e-02 2.694274e-02 2.413682e-02 2.159694e-02 1.929247e-02 1.718185e-02 1.523527e-02 1.343678e-02 1.175334e-02 1.019737e-02 8.768284e-03 7.470577e-03 6.314531e-03 5.284232e-03 4.366389e-03 3.559468e-03 2.836423e-03 2.271997e-03 1.906216e-03 1.557274e-03 1.242664e-03 9.698015e-04 7.441651e-04 5.660855e-04 4.291897e-04 3.326247e-04 2.651165e-04 2.178134e-04 1.769684e-04 1.361663e-04 9.714870e-05 6.240048e-05 3.683941e-05 2.013052e-05 1.088669e-05 6.086412e-06
1.461565e-07 4.511230e-07 7.229278e-07 9.552909e-07 1.398390e-06 2.142594e-06 2.874505e-06 3.845686e-06 5.307264e-06 7.173482e-06 9.430199e-06 1.200322e-05 1.549103e-05 2.088075e-05 2.625816e-05 3.167519e-05 3.751171e-05 4.402267e-05 5.301183e-05 6.380769e-05 7.645194e-05 9.112319e-05 1.071078e-04 1.263401e-04 1.511933e-04 1.765254e-04 2.068156e-04 2.470606e-04 2.888489e-04 3.372054e-04 3.923817e-04 4.609101e-04 5.708027e-04 7.128164e-04 8.870275e-04 1.073156e-03 1.319477e-03 1.640751e-03 1.999493e-03 2.427645e-03 2.938345e-03 3.540983e-03 4.277224e-03 5.143663e-03 6.167311e-03 7.327500e-03 8.575785e-03 1.006932e-02 1.188164e-02 1.388991e-02 1.609514e-02 1.853379e-02 2.124686e-02 2.431119e-02 2.780012e-02 3.179355e-02 3.619704e-02 4.095534e-02 4.613119e-02 5.164833e-02 5.763312e-02 6.439289e-02 7.191291e-02 8.010130e-02 8.884726e-02 9.775303e-02 1.068005e-01 1.162375e-01 1.255974e-01 1.345362e-01 1.437473e-01 1.534434e-01 1.628379e-01 1.719665e-01 1.816736e-01 1.919276e-01 2.021803e-01 2.126597e-01 2.238527e-01 2.355212e-01 2.470857e-01 2.584209e-01 2.696101e-01 2.802800e-01 2.899070e-01 2.984915e-01 3.062891e-01 3.132174e-01 3.191794e-01 3.245043e-01 3.296565e-01 3.347115e-01 3.394175e-01 3.437172e-01 3.479791e-01 3.526206e-01 3.576516e-01 3.626082e-01 3.670311e-01 3.710805e-01 3.753851e-01 3.801188e-01 3.845675e-01 3.875561e-01 3.882501e-01 3.865681e-01 3.829951e-01 3.780743e-01 3.719999e-01 3.646438e-01 3.559030e-01 3.460258e-01 3.355903e-01 3.251597e-01 3.149689e-01 3.049269e-01 2.948250e-01 2.845985e-01 2.743962e-01 2.644955e-01 2.550841e-01 2.461957e-01 2.377369e-01 2.295230e-01 2.213642e-01 2.130753e-01 2.044969e-01 1.955336e-01 1.861975e-01 1.766058e-01 1.669069e-01 1.571998e-01 1.475424e-01 1.378919e-01 1.281940e-01 1.184950e-01 1.089577e-01 9.979324e-02 9.118015e-02 8.323313e-02 7.592957e-02 6.918529e-02 6.291120e-02 5.704081e-02 5.154789e-02 4.645721e-02 4.179154e-02 3.755344e-02 3.373446e-02 3.028250e-02 2.716483e-02 2.434729e-02 2.179999e-02 1.947903e-02 1.735067e-02 1.538135e-02 1.354639e-02 1.185292e-02 1.029320e-02 8.877414e-03 7.595886e-03 6.438656e-03 5.390938e-03 4.451945e-03 3.612625e-03 2.880439e-03 2.267446e-03 1.905946e-03 1.561338e-03 1.246343e-03 9.732681e-04 7.475603e-04 5.651035e-04 4.264996e-04 3.231920e-04 2.526054e-04 2.028613e-04 1.632070e-04 1.260789e-04 8.915652e-05 5.735524e-05 3.311582e-05 1.796936e-05 9.575107e-06 5.295822e-06
1.045903e-07 3.679193e-07 6.043148e-07 9.862102e-07 1.362998e-06 1.784602e-06 2.771552e-06 4.096903e-06 5.284531e-06 7.076162e-06 9.711330e-06 1.275093e-05 1.635452e-05 1.975671e-05 2.441862e-05 3.066982e-05 3.755962e-05 4.553199e-05 5.461159e-05 6.538698e-05 7.822914e-05 9.214084e-05 1.095525e-04 1.317846e-04 1.527947e-04 1.760793e-04 2.057922e-04 2.410045e-04 2.838481e-04 3.320290e-04 3.864538e-04 4.484133e-04 5.554276e-04 6.999164e-04 8.481280e-04 1.053867e-03 1.325347e-03 1.622503e-03 1.974539e-03 2.397627e-03 2.907539e-03 3.519692e-03 4.188492e-03 4.974327e-03 5.966202e-03 7.127848e-03 8.470796e-03 9.982643e-03 1.164852e-02 1.360990e-02 1.587813e-02 1.839464e-02 2.120343e-02 2.431412e-02 2.782887e-02 3.184435e-02 3.629398e-02 4.104168e-02 4.600031e-02 5.131121e-02 5.718317e-02 6.377791e-02 7.129049e-02 7.957895e-02 8.818620e-02 9.709720e-02 1.063974e-01 1.156801e-01 1.249786e-01 1.348034e-01 1.446861e-01 1.538253e-01 1.628447e-01 1.726993e-01 1.830568e-01 1.934030e-01 2.040793e-01 2.152449e-01 2.264222e-01 2.373854e-01 2.483965e-01 2.594944e-01 2.702339e-01 2.803285e-01 2.899509e-01 2.991449e-01 3.074771e-01 3.146972e-01 3.211727e-01 3.272502e-01 3.326738e-01 3.370641e-01 3.406364e-01 3.441093e-01 3.480633e-01 3.524883e-01 3.569886e-01 3.614023e-01 3.660397e-01 3.713565e-01 3.772861e-01 3.829864e-01 3.874157e-01 3.899520e-01 3.905695e-01 3.894270e-01 3.864875e-01 3.815433e-01 3.744746e-01 3.655556e-01 3.554586e-01 3.448977e-01 3.343454e-01 3.239333e-01 3.136116e-01 3.033077e-01 2.930552e-01 2.829925e-01 2.732809e-01 2.640500e-01 2.553251e-01 2.470437e-01 2.390427e-01 2.310813e-01 2.228961e-01 2.143009e-01 2.052685e-01 1.959313e-01 1.864801e-01 1.770577e-01 1.677127e-01 1.583280e-01 1.487577e-01 1.389673e-01 1.290731e-01 1.192969e-01 1.098710e-01 1.009835e-01 9.268083e-02 8.492410e-02 7.765047e-02 7.078718e-02 6.430228e-02 5.822245e-02 5.259307e-02 4.740720e-02 4.267683e-02 3.836748e-02 3.444679e-02 3.090125e-02 2.769324e-02 2.480357e-02 2.218559e-02 1.979316e-02 1.759166e-02 1.556185e-02 1.368865e-02 1.197360e-02 1.040763e-02 8.977961e-03 7.680646e-03 6.498363e-03 5.437250e-03 4.487026e-03 3.649897e-03 2.917339e-03 2.279264e-03 1.898680e-03 1.560117e-03 1.250558e-03 9.797941e-04 7.515265e-04 5.685501e-04 4.239439e-04 3.174620e-04 2.417346e-04 1.895986e-04 1.507371e-04 1.156643e-04 8.241206e-05 5.247368e-05 3.030591e-05 1.631724e-05 8.663000e-06 4.778319e-06
1.385102e-07 3.958955e-07 6.601414e-07 9.079700e-07 1.311681e-06 2.021708e-06 2.696293e-06 3.526839e-06 5.135419e-06 7.175410e-06 9.391621e-06 1.244199e-05 1.561065e-05 1.955004e-05 2.416068e-05 2.924042e-05 3.615883e-05 4.493853e-05 5.471677e-05 6.542185e-05 7.695684e-05 9.200114e-05 1.109793e-04 1.293820e-04 1.515199e-04 1.808994e-04 2.139342e-04 2.494431e-04 2.908285e-04 3.386522e-04 3.927958e-04 4.565167e-04 5.639937e-04 6.812093e-04 8.601745e-04 1.071736e-03 1.278638e-03 1.551884e-03 1.910354e-03 2.338319e-03 2.840389e-03 3.414642e-03 4.149485e-03 5.026833e-03 5.951779e-03 7.072258e-03 8.459864e-03 1.002718e-02 1.175986e-02 1.362340e-02 1.571606e-02 1.817998e-02 2.103454e-02 2.432297e-02 2.787565e-02 3.152774e-02 3.548672e-02 4.002184e-02 4.527186e-02 5.108521e-02 5.726920e-02 6.397542e-02 7.125694e-02 7.908861e-02 8.773403e-02 9.702725e-02 1.062581e-01 1.154617e-01 1.250618e-01 1.345990e-01 1.437065e-01 1.530986e-01 1.630892e-01 1.729600e-01 1.825974e-01 1.927354e-01 2.036058e-01 2.148926e-01 2.264620e-01 2.382358e-01 2.498900e-01 2.611584e-01 2.720211e-01 2.823954e-01 2.919866e-01 3.005646e-01 3.083197e-01 3.156613e-01 3.226049e-01 3.287250e-01 3.337495e-01 3.379525e-01 3.418311e-01 3.456389e-01 3.493350e-01 3.529027e-01 3.566520e-01 3.611143e-01 3.665408e-01 3.726144e-01 3.786637e-01 3.840352e-01 3.883395e-01 3.913210e-01 3.927018e-01 3.920983e-01 3.891387e-01 3.837248e-01 3.761148e-01 3.668284e-01 3.564661e-01 3.455243e-01 3.343578e-01 3.232159e-01 3.122473e-01 3.015544e-01 2.912308e-01 2.813621e-01 2.720387e-01 2.633279e-01 2.551937e-01 2.474538e-01 2.397733e-01 2.318330e-01 2.234869e-01 2.148085e-01 2.059677e-01 1.970971e-01 1.882088e-01 1.791432e-01 1.697178e-01 1.598523e-01 1.496323e-01 1.393110e-01 1.292004e-01 1.195472e-01 1.104341e-01 1.018454e-01 9.373684e-02 8.604061e-02 7.871772e-02 7.179505e-02 6.531610e-02 5.927815e-02 5.368665e-02 4.854168e-02 4.379154e-02 3.944432e-02 3.548338e-02 3.187888e-02 2.861017e-02 2.561794e-02 2.286814e-02 2.034428e-02 1.802559e-02 1.590007e-02 1.396626e-02 1.219782e-02 1.059298e-02 9.133501e-03 7.809177e-03 6.620240e-03 5.550988e-03 4.594905e-03 3.745726e-03 2.991530e-03 2.331234e-03 1.901371e-03 1.572836e-03 1.266521e-03 9.945879e-04 7.630446e-04 5.735194e-04 4.255072e-04 3.137299e-04 2.338004e-04 1.789548e-04 1.392266e-04 1.064847e-04 7.566536e-05 4.853710e-05 2.805538e-05 1.510811e-05 8.019340e-06 4.353748e-06
9.902078e-08 4.040963e-07 6.468418e-07 9.385873e-07 1.341891e-06 1.769867e-06 2.484448e-06 3.686171e-06 5.163075e-06 6.845374e-06 9.040332e-06 1.151463e-05 1.495347e-05 1.896378e-05 2.342031e-05 2.916158e-05 3.581818e-05 4.307983e-05 5.204923e-05 6.288858e-05 7.644331e-05 9.206448e-05 1.068750e-04 1.256685e-04 1.510434e-04 1.789676e-04 2.105106e-04 2.486281e-04 2.902842e-04 3.382404e-04 3.936836e-04 4.502173e-04 5.278724e-04 6.790289e-04 8.490445e-04 1.035779e-03 1.289858e-03 1.581037e-03 1.919716e-03 2.341931e-03 2.840948e-03 3.464819e-03 4.164825e-03 4.931242e-03 5.918249e-03 7.064838e-03 8.304613e-03 9.771415e-03 1.148095e-02 1.341104e-02 1.562712e-02 1.819129e-02 2.110728e-02 2.428828e-02 2.774602e-02 3.150912e-02 3.559767e-02 4.015197e-02 4.521459e-02 5.095442e-02 5.750286e-02 6.431694e-02 7.109533e-02 7.844093e-02 8.662196e-02 9.538747e-02 1.048960e-01 1.150887e-01 1.251280e-01 1.346522e-01 1.441494e-01 1.537168e-01 1.630653e-01 1.725349e-01 1.826531e-01 1.933036e-01 2.042375e-01 2.155403e-01 2.271664e-01 2.389114e-01 2.507527e-01 2.625837e-01 2.739314e-01 2.843606e-01 2.938485e-01 3.026002e-01 3.107315e-01 3.181106e-01 3.245363e-01 3.300882e-01 3.350970e-01 3.397333e-01 3.438439e-01 3.472828e-01 3.503256e-01 3.536081e-01 3.576983e-01 3.627191e-01 3.683370e-01 3.741339e-01 3.799019e-01 3.854545e-01 3.903343e-01 3.938527e-01 3.953412e-01 3.943599e-01 3.907971e-01 3.848739e-01 3.769805e-01 3.675967e-01 3.572221e-01 3.462946e-01 3.351036e-01 3.237742e-01 3.123835e-01 3.011062e-01 2.902685e-01 2.802151e-01 2.711134e-01 2.628390e-01 2.550085e-01 2.471721e-01 2.390684e-01 2.306917e-01 2.222315e-01 2.139035e-01 2.057571e-01 1.976117e-01 1.891633e-01 1.801666e-01 1.705582e-01 1.605010e-01 1.502853e-01 1.401826e-01 1.303623e-01 1.209040e-01 1.118317e-01 1.031328e-01 9.480818e-02 8.690292e-02 7.946557e-02 7.249396e-02 6.599574e-02 5.997052e-02 5.436550e-02 4.918128e-02 4.444391e-02 4.011202e-02 3.615806e-02 3.254322e-02 2.920767e-02 2.612981e-02 2.329261e-02 2.069165e-02 1.832303e-02 1.617056e-02 1.421515e-02 1.244197e-02 1.082574e-02 9.361736e-03 8.032305e-03 6.820837e-03 5.724173e-03 4.733863e-03 3.839952e-03 3.052034e-03 2.375988e-03 1.911081e-03 1.590563e-03 1.287751e-03 1.011390e-03 7.754134e-04 5.813283e-04 4.291832e-04 3.134097e-04 2.297922e-04 1.713183e-04 1.305243e-04 9.838216e-05 6.987854e-05 4.510387e-05 2.611380e-05 1.408092e-05 7.338523e-06 3.937642e-06
1.286253e-07 3.742059e-07 6.167238e-07 9.346901e-07 1.279480e-06 1.822537e-06 2.589238e-06 3.492715e-06 4.608418e-06 6.288613e-06 8.514006e-06 1.131552e-05 1.447313e-05 1.853482e-05 2.346636e-05 2.878379e-05 3.453039e-05 4.178235e-05 5.031524e-05 6.083675e-05 7.401440e-05 8.783230e-05 1.055594e-04 1.284241e-04 1.535212e-04 1.827831e-04 2.166410e-04 2.535491e-04 2.965071e-04 3.443651e-04 3.950052e-04 4.552967e-04 5.499180e-04 6.852326e-04 8.262865e-04 1.015897e-03 1.246514e-03 1.535929e-03 1.879761e-03 2.278777e-03 2.799035e-03 3.380556e-03 4.049352e-03 4.936906e-03 5.924077e-03 6.999546e-03 8.299151e-03 9.739607e-03 1.137986e-02 1.340179e-02 1.570579e-02 1.817525e-02 2.084597e-02 2.374089e-02 2.697297e-02 3.081250e-02 3.526099e-02 4.005677e-02 4.532902e-02 5.121006e-02 5.743346e-02 6.413316e-02 7.160047e-02 7.936537e-02 8.709171e-02 9.545464e-02 1.048881e-01 1.148044e-01 1.247452e-01 1.348992e-01 1.451895e-01 1.551178e-01 1.646051e-01 1.740483e-01 1.837415e-01 1.938507e-01 2.044839e-01 2.155815e-01 2.271487e-01 2.392882e-01 2.516682e-01 2.635668e-01 2.747239e-01 2.854109e-01 2.956053e-01 3.048347e-01 3.128336e-01 3.197966e-01 3.260788e-01 3.318784e-01 3.371208e-01 3.416010e-01 3.452966e-01 3.484672e-01 3.516159e-01 3.551948e-01 3.594079e-01 3.642217e-01 3.695002e-01 3.751838e-01 3.812043e-01 3.872252e-01 3.925830e-01 3.964964e-01 3.982666e-01 3.973558e-01 3.935629e-01 3.871313e-01 3.786697e-01 3.688869e-01 3.583328e-01 3.472753e-01 3.358012e-01 3.240395e-01 3.122862e-01 3.009663e-01 2.904505e-01 2.808415e-01 2.719128e-01 2.632845e-01 2.546284e-01 2.458928e-01 2.372677e-01 2.289945e-01 2.211324e-01 2.134836e-01 2.056866e-01 1.974072e-01 1.884825e-01 1.789930e-01 1.691807e-01 1.593198e-01 1.496024e-01 1.401189e-01 1.308760e-01 1.218434e-01 1.130256e-01 1.044751e-01 9.624922e-02 8.836652e-02 8.087225e-02 7.380895e-02 6.717453e-02 6.097686e-02 5.527051e-02 5.004081e-02 4.524306e-02 4.085796e-02 3.681399e-02 3.306608e-02 2.960565e-02 2.642517e-02 2.353059e-02 2.090336e-02 1.853515e-02 1.640244e-02 1.446780e-02 1.270704e-02 1.110465e-02 9.624475e-03 8.263263e-03 7.015548e-03 5.872235e-03 4.839825e-03 3.927709e-03 3.127640e-03 2.439926e-03 1.933355e-03 1.613510e-03 1.305478e-03 1.026839e-03 7.863599e-04 5.907317e-04 4.346586e-04 3.159278e-04 2.282526e-04 1.667082e-04 1.236955e-04 9.139508e-05 6.466468e-05 4.157587e-05 2.421508e-05 1.282353e-05 6.618949e-06 3.437742e-06
9.031393e-08 3.460590e-07 6.004754e-07 8.467073e-07 1.260354e-06 1.834321e-06 2.525542e-06 3.361651e-06 4.618862e-06 6.377620e-06 8.683238e-06 1.148542e-05 1.501452e-05 1.894779e-05 2.359678e-05 2.884934e-05 3.520027e-05 4.230626e-05 5.130369e-05 6.239809e-05 7.337581e-05 8.805098e-05 1.075820e-04 1.287720e-04 1.523052e-04 1.798460e-04 2.132569e-04 2.531694e-04 2.977452e-04 3.450229e-04 3.999890e-04 4.643138e-04 5.302486e-04 6.529065e-04 8.275221e-04 1.033489e-03 1.285364e-03 1.583461e-03 1.941912e-03 2.388855e-03 2.862889e-03 3.443031e-03 4.174409e-03 4.907231e-03 5.787699e-03 6.914867e-03 8.119904e-03 9.554120e-03 1.131837e-02 1.325904e-02 1.544025e-02 1.788325e-02 2.052556e-02 2.356388e-02 2.715068e-02 3.113727e-02 3.546262e-02 4.036606e-02 4.575616e-02 5.125979e-02 5.716855e-02 6.394620e-02 7.127749e-02 7.889248e-02 8.719413e-02 9.616005e-02 1.052058e-01 1.144914e-01 1.246737e-01 1.355476e-01 1.462648e-01 1.565552e-01 1.666561e-01 1.765660e-01 1.861748e-01 1.956511e-01 2.053951e-01 2.159287e-01 2.275172e-01 2.397036e-01 2.517828e-01 2.635780e-01 2.751736e-01 2.862070e-01 2.961015e-01 3.048537e-01 3.128459e-01 3.201987e-01 3.267546e-01 3.324392e-01 3.373472e-01 3.416200e-01 3.454220e-01 3.489797e-01 3.526145e-01 3.566279e-01 3.612096e-01 3.663612e-01 3.719471e-01 3.778261e-01 3.838706e-01 3.897754e-01 3.949284e-01 3.985406e-01 3.998945e-01 3.986368e-01 3.948168e-01 3.888367e-01 3.811433e-01 3.719676e-01 3.613783e-01 3.495159e-01 3.368293e-01 3.240567e-01 3.119413e-01 3.008673e-01 2.907767e-01 2.812887e-01 2.719893e-01 2.627265e-01 2.536413e-01 2.449826e-01 2.368791e-01 2.292346e-01 2.217328e-01 2.139847e-01 2.056969e-01 1.968076e-01 1.874618e-01 1.778847e-01 1.682535e-01 1.586825e-01 1.492285e-01 1.399226e-01 1.307928e-01 1.218790e-01 1.132371e-01 1.048899e-01 9.686288e-02 8.917339e-02 8.182242e-02 7.483575e-02 6.827523e-02 6.216916e-02 5.648292e-02 5.121518e-02 4.632756e-02 4.176050e-02 3.752425e-02 3.361870e-02 3.004180e-02 2.679485e-02 2.386792e-02 2.124636e-02 1.889019e-02 1.676270e-02 1.483353e-02 1.306365e-02 1.141517e-02 9.894866e-03 8.488997e-03 7.194738e-03 6.029457e-03 4.985445e-03 4.054207e-03 3.242947e-03 2.537670e-03 1.951337e-03 1.621170e-03 1.310165e-03 1.031757e-03 7.943235e-04 5.964713e-04 4.392552e-04 3.173524e-04 2.272262e-04 1.628367e-04 1.176582e-04 8.524003e-05 5.919265e-05 3.817479e-05 2.190894e-05 1.161718e-05 5.842001e-06 3.000634e-06
1.075017e-07 3.665905e-07 5.926530e-07 9.164295e-07 1.289734e-06 1.721312e-06 2.422098e-06 3.601209e-06 5.102593e-06 6.629027e-06 8.492716e-06 1.134239e-05 1.483316e-05 1.901462e-05 2.366124e-05 2.960578e-05 3.642277e-05 4.445410e-05 5.306585e-05 6.188370e-05 7.526563e-05 9.197691e-05 1.094993e-04 1.295735e-04 1.538991e-04 1.820052e-04 2.132660e-04 2.491674e-04 2.909160e-04 3.423982e-04 4.010019e-04 4.561745e-04 5.216386e-04 6.557020e-04 8.229151e-04 1.024967e-03 1.241885e-03 1.523534e-03 1.896402e-03 2.292780e-03 2.786297e-03 3.386678e-03 4.050837e-03 4.907604e-03 5.851606e-03 6.841912e-03 8.160891e-03 9.735488e-03 1.138353e-02 1.319712e-02 1.520759e-02 1.751483e-02 2.031023e-02 2.356173e-02 2.706910e-02 3.087175e-02 3.529732e-02 4.022888e-02 4.532561e-02 5.092202e-02 5.720874e-02 6.378322e-02 7.091961e-02 7.923845e-02 8.822003e-02 9.699158e-02 1.058497e-01 1.154398e-01 1.256293e-01 1.360530e-01 1.467630e-01 1.578129e-01 1.687118e-01 1.788214e-01 1.880845e-01 1.970629e-01 2.064908e-01 2.167147e-01 2.275949e-01 2.390580e-01 2.512669e-01 2.639759e-01 2.762099e-01 2.871062e-01 2.967214e-01 3.055731e-01 3.137200e-01 3.208824e-01 3.270406e-01 3.323932e-01 3.370215e-01 3.409694e-01 3.444909e-01 3.480318e-01 3.520481e-01 3.567679e-01 3.622082e-01 3.682265e-01 3.746500e-01 3.813479e-01 3.880683e-01 3.941920e-01 3.988188e-01 4.012038e-01 4.011557e-01 3.989549e-01 3.950067e-01 3.895233e-01 3.824242e-01 3.735575e-01 3.630115e-01 3.512521e-01 3.389888e-01 3.268443e-01 3.151349e-01 3.038279e-01 2.927581e-01 2.819015e-01 2.714602e-01 2.617499e-01 2.529770e-01 2.450646e-01 2.376613e-01 2.303023e-01 2.225859e-01 2.143010e-01 2.054702e-01 1.962362e-01 1.867862e-01 1.772745e-01 1.677767e-01 1.583279e-01 1.489532e-01 1.396898e-01 1.305979e-01 1.217157e-01 1.130744e-01 1.047133e-01 9.665720e-02 8.896149e-02 8.168391e-02 7.486800e-02 6.850068e-02 6.256341e-02 5.702124e-02 5.179934e-02 4.688831e-02 4.230032e-02 3.803704e-02 3.411245e-02 3.053981e-02 2.730963e-02 2.439468e-02 2.177360e-02 1.940344e-02 1.724147e-02 1.525115e-02 1.340671e-02 1.170474e-02 1.012999e-02 8.686590e-03 7.383988e-03 6.197183e-03 5.131116e-03 4.184201e-03 3.338300e-03 2.605251e-03 1.985401e-03 1.619018e-03 1.312697e-03 1.038946e-03 8.012241e-04 6.026770e-04 4.420479e-04 3.187116e-04 2.260401e-04 1.591200e-04 1.123999e-04 7.901775e-05 5.419231e-05 3.424699e-05 1.978741e-05 1.035620e-05 5.235796e-06 2.638413e-06
1.040306e-07 3.903509e-07 6.618938e-07 9.039430e-07 1.256897e-06 1.884087e-06 2.661143e-06 3.476788e-06 4.559728e-06 6.296638e-06 8.615599e-06 1.090669e-05 1.392745e-05 1.796346e-05 2.312712e-05 2.863752e-05 3.541433e-05 4.317782e-05 5.204782e-05 6.340718e-05 7.547228e-05 8.898171e-05 1.051442e-04 1.251325e-04 1.496857e-04 1.785886e-04 2.119461e-04 2.497967e-04 2.940329e-04 3.426125e-04 3.935933e-04 4.597866e-04 5.368823e-04 6.657769e-04 8.252295e-04 1.015714e-03 1.291526e-03 1.587975e-03 1.881710e-03 2.306587e-03 2.822740e-03 3.375273e-03 4.042091e-03 4.789453e-03 5.705918e-03 6.858181e-03 8.082069e-03 9.429191e-03 1.106690e-02 1.295933e-02 1.508620e-02 1.753751e-02 2.032865e-02 2.343605e-02 2.703943e-02 3.118151e-02 3.539321e-02 3.969540e-02 4.480089e-02 5.069225e-02 5.689883e-02 6.362740e-02 7.103637e-02 7.879136e-02 8.693344e-02 9.595927e-02 1.059035e-01 1.162244e-01 1.265957e-01 1.371635e-01 1.480225e-01 1.588373e-01 1.692691e-01 1.793977e-01 1.894118e-01 1.993618e-01 2.092842e-01 2.192487e-01 2.295062e-01 2.404994e-01 2.523321e-01 2.645199e-01 2.764755e-01 2.879512e-01 2.987282e-01 3.082674e-01 3.161934e-01 3.227730e-01 3.284727e-01 3.334027e-01 3.375070e-01 3.410072e-01 3.443691e-01 3.480320e-01 3.522349e-01 3.570719e-01 3.625705e-01 3.687555e-01 3.755851e-01 3.828171e-01 3.898528e-01 3.958118e-01 3.999156e-01 4.018676e-01 4.017885e-01 3.998687e-01 3.960809e-01 3.902600e-01 3.823761e-01 3.727893e-01 3.621708e-01 3.512086e-01 3.402538e-01 3.292723e-01 3.180485e-01 3.064918e-01 2.948304e-01 2.835330e-01 2.730588e-01 2.635928e-01 2.550120e-01 2.469657e-01 2.390495e-01 2.309622e-01 2.225597e-01 2.138290e-01 2.048338e-01 1.956318e-01 1.862615e-01 1.767683e-01 1.672268e-01 1.577158e-01 1.482889e-01 1.389733e-01 1.298152e-01 1.208655e-01 1.121659e-01 1.037812e-01 9.579112e-02 8.825877e-02 8.120529e-02 7.460806e-02 6.842799e-02 6.259589e-02 5.708826e-02 5.190420e-02 4.703581e-02 4.249791e-02 3.831363e-02 3.448797e-02 3.099824e-02 2.782894e-02 2.494971e-02 2.230816e-02 1.987837e-02 1.763770e-02 1.556640e-02 1.366078e-02 1.190976e-02 1.030885e-02 8.848665e-03 7.511223e-03 6.303480e-03 5.214840e-03 4.239533e-03 3.389635e-03 2.653275e-03 2.031852e-03 1.628606e-03 1.320675e-03 1.044891e-03 8.044622e-04 6.029708e-04 4.428891e-04 3.173729e-04 2.234933e-04 1.547476e-04 1.064619e-04 7.309333e-05 4.873110e-05 3.065503e-05 1.753707e-05 9.308603e-06 4.692670e-06 2.362905e-06
7.938419e-08 2.944642e-07 5.002501e-07 8.206466e-07 1.262530e-06 1.705751e-06 2.347251e-06 3.371453e-06 4.729006e-06 6.414412e-06 8.443452e-06 1.127273e-05 1.456314e-05 1.834214e-05 2.280685e-05 2.870881e-05 3.493327e-05 4.209520e-05 5.129496e-05 6.226291e-05 7.513697e-05 8.843494e-05 1.046711e-04 1.249722e-04 1.477213e-04 1.748146e-04 2.074257e-04 2.450688e-04 2.873526e-04 3.357999e-04 3.951983e-04 4.612984e-04 5.345749e-04 6.363177e-04 8.028718e-04 1.016170e-03 1.227674e-03 1.494780e-03 1.861282e-03 2.246225e-03 2.702233e-03 3.310837e-03 4.014792e-03 4.842208e-03 5.822871e-03 6.915194e-03 8.156542e-03 9.555427e-03 1.110340e-02 1.294078e-02 1.518334e-02 1.772095e-02 2.047643e-02 2.356144e-02 2.696788e-02 3.064904e-02 3.488229e-02 3.975544e-02 4.489373e-02 5.036352e-02 5.664412e-02 6.368499e-02 7.106526e-02 7.870362e-02 8.699261e-02 9.630883e-02 1.065073e-01 1.170920e-01 1.277442e-01 1.383769e-01 1.488731e-01 1.591347e-01 1.693154e-01 1.797168e-01 1.904070e-01 2.010641e-01 2.111989e-01 2.209107e-01 2.309798e-01 2.418147e-01 2.531354e-01 2.647404e-01 2.767778e-01 2.890514e-01 3.007264e-01 3.109335e-01 3.194338e-01 3.264006e-01 3.319009e-01 3.360485e-01 3.392700e-01 3.421589e-01 3.451287e-01 3.483975e-01 3.521802e-01 3.568099e-01 3.625765e-01 3.695036e-01 3.771213e-01 3.845634e-01 3.910125e-01 3.960399e-01 3.995512e-01 4.015326e-01 4.017916e-01 3.999381e-01 3.956489e-01 3.890437e-01 3.807073e-01 3.714056e-01 3.616755e-01 3.516659e-01 3.412276e-01 3.302120e-01 3.187178e-01 3.071300e-01 2.959355e-01 2.854845e-01 2.758442e-01 2.668293e-01 2.581480e-01 2.495459e-01 2.408434e-01 2.319640e-01 2.228906e-01 2.136365e-01 2.042396e-01 1.947612e-01 1.852537e-01 1.757540e-01 1.662699e-01 1.567927e-01 1.473084e-01 1.378405e-01 1.284544e-01 1.192773e-01 1.104777e-01 1.021728e-01 9.440457e-02 8.716046e-02 8.039612e-02 7.402795e-02 6.799553e-02 6.228850e-02 5.690045e-02 5.183845e-02 4.712529e-02 4.276885e-02 3.875537e-02 3.506722e-02 3.167371e-02 2.852793e-02 2.559742e-02 2.286920e-02 2.033528e-02 1.800151e-02 1.586250e-02 1.390790e-02 1.212239e-02 1.048649e-02 8.990258e-03 7.629090e-03 6.398709e-03 5.296741e-03 4.325939e-03 3.471405e-03 2.734020e-03 2.104664e-03 1.649147e-03 1.334663e-03 1.048378e-03 8.044177e-04 6.052470e-04 4.432195e-04 3.175592e-04 2.210167e-04 1.508688e-04 1.014473e-04 6.764933e-05 4.417970e-05 2.735268e-05 1.568848e-05 8.330757e-06 4.213276e-06 2.111558e-06
9.646910e-08 3.330580e-07 6.010076e-07 8.481622e-07 1.141459e-06 1.693477e-06 2.456825e-06 3.377031e-06 4.696633e-06 6.390483e-06 8.646846e-06 1.154148e-05 1.477510e-05 1.832751e-05 2.282406e-05 2.767585e-05 3.403232e-05 4.193125e-05 5.096826e-05 6.125219e-05 7.238143e-05 8.769678e-05 1.056585e-04 1.241527e-04 1.468394e-04 1.734996e-04 2.046325e-04 2.428953e-04 2.877762e-04 3.393209e-04 3.997848e-04 4.664247e-04 5.322869e-04 6.221507e-04 7.883583e-04 9.688379e-04 1.199932e-03 1.492722e-03 1.832448e-03 2.245837e-03 2.727039e-03 3.269453e-03 3.939373e-03 4.739872e-03 5.634950e-03 6.668999e-03 7.886610e-03 9.312471e-03 1.098363e-02 1.289116e-02 1.505399e-02 1.755692e-02 2.039637e-02 2.348279e-02 2.679771e-02 3.050692e-02 3.480588e-02 3.966941e-02 4.501775e-02 5.078054e-02 5.685344e-02 6.331596e-02 7.039815e-02 7.835829e-02 8.724879e-02 9.671401e-02 1.064461e-01 1.165850e-01 1.273581e-01 1.385047e-01 1.495199e-01 1.603338e-01 1.711604e-01 1.818877e-01 1.922152e-01 2.021904e-01 2.122547e-01 2.227597e-01 2.335222e-01 2.441752e-01 2.549043e-01 2.661950e-01 2.780425e-01 2.898442e-01 3.010102e-01 3.113197e-01 3.206257e-01 3.285246e-01 3.346418e-01 3.391546e-01 3.425717e-01 3.452546e-01 3.473795e-01 3.493880e-01 3.520977e-01 3.563294e-01 3.623854e-01 3.697851e-01 3.775592e-01 3.848659e-01 3.913796e-01 3.969283e-01 4.010765e-01 4.031439e-01 4.025578e-01 3.992109e-01 3.935913e-01 3.865300e-01 3.787180e-01 3.703898e-01 3.613911e-01 3.515076e-01 3.407722e-01 3.295395e-01 3.183181e-01 3.075328e-01 2.973999e-01 2.879167e-01 2.789284e-01 2.701921e-01 2.614622e-01 2.525578e-01 2.433697e-01 2.338516e-01 2.240235e-01 2.139907e-01 2.039032e-01 1.938898e-01 1.840073e-01 1.742329e-01 1.645057e-01 1.547721e-01 1.450453e-01 1.354216e-01 1.260617e-01 1.171195e-01 1.086815e-01 1.007724e-01 9.334547e-02 8.632655e-02 7.964737e-02 7.329465e-02 6.729022e-02 6.164064e-02 5.636446e-02 5.148297e-02 4.697785e-02 4.282110e-02 3.897041e-02 3.537494e-02 3.200055e-02 2.883304e-02 2.586330e-02 2.310437e-02 2.056661e-02 1.823194e-02 1.610113e-02 1.414418e-02 1.234352e-02 1.069227e-02 9.181989e-03 7.809138e-03 6.572219e-03 5.464799e-03 4.474273e-03 3.598816e-03 2.831100e-03 2.167710e-03 1.671061e-03 1.344983e-03 1.058543e-03 8.148046e-04 6.125797e-04 4.494406e-04 3.189846e-04 2.205749e-04 1.484017e-04 9.787139e-05 6.342209e-05 4.042841e-05 2.462369e-05 1.402427e-05 7.395971e-06 3.730712e-06 1.847563e-06
8.867654e-08 3.897956e-07 5.581804e-07 8.035177e-07 1.199151e-06 1.658821e-06 2.301817e-06 3.358586e-06 4.735778e-06 6.525466e-06 8.721155e-06 1.110317e-05 1.436163e-05 1.866183e-05 2.248576e-05 2.715834e-05 3.281994e-05 3.985372e-05 4.825205e-05 5.723308e-05 6.965778e-05 8.421302e-05 1.007626e-04 1.215572e-04 1.446267e-04 1.710364e-04 2.027546e-04 2.396119e-04 2.833508e-04 3.366615e-04 3.908994e-04 4.488555e-04 5.275123e-04 6.231813e-04 7.634471e-04 9.464102e-04 1.180448e-03 1.446273e-03 1.760685e-03 2.163053e-03 2.648966e-03 3.216629e-03 3.885785e-03 4.677417e-03 5.597040e-03 6.661876e-03 7.923023e-03 9.400393e-03 1.110902e-02 1.303945e-02 1.510408e-02 1.733957e-02 1.990133e-02 2.286184e-02 2.627588e-02 3.008894e-02 3.419287e-02 3.879400e-02 4.411124e-02 5.000744e-02 5.629527e-02 6.296405e-02 7.030357e-02 7.861517e-02 8.755434e-02 9.665434e-02 1.061405e-01 1.164257e-01 1.273235e-01 1.384808e-01 1.500141e-01 1.619996e-01 1.738492e-01 1.848483e-01 1.949033e-01 2.045202e-01 2.142786e-01 2.243385e-01 2.345570e-01 2.451109e-01 2.563439e-01 2.680565e-01 2.796931e-01 2.910030e-01 3.020217e-01 3.125484e-01 3.219591e-01 3.297373e-01 3.359134e-01 3.407561e-01 3.443409e-01 3.466951e-01 3.482695e-01 3.500177e-01 3.529542e-01 3.575980e-01 3.637654e-01 3.708366e-01 3.782268e-01 3.856250e-01 3.927046e-01 3.987080e-01 4.026268e-01 4.037402e-01 4.020281e-01 3.980531e-01 3.925357e-01 3.859488e-01 3.784226e-01 3.698758e-01 3.603150e-01 3.499687e-01 3.392349e-01 3.285393e-01 3.181868e-01 3.083233e-01 2.989842e-01 2.901052e-01 2.815617e-01 2.731326e-01 2.645308e-01 2.555172e-01 2.459858e-01 2.359885e-01 2.256982e-01 2.152792e-01 2.048147e-01 1.943056e-01 1.837245e-01 1.730633e-01 1.623968e-01 1.518904e-01 1.417537e-01 1.321706e-01 1.232347e-01 1.149335e-01 1.071568e-01 9.977254e-02 9.268291e-02 8.583342e-02 7.923007e-02 7.290675e-02 6.692124e-02 6.132529e-02 5.612214e-02 5.129941e-02 4.682929e-02 4.266635e-02 3.877009e-02 3.512052e-02 3.171650e-02 2.855617e-02 2.565098e-02 2.298120e-02 2.052257e-02 1.827129e-02 1.618996e-02 1.426888e-02 1.250446e-02 1.088071e-02 9.389223e-03 8.031369e-03 6.786928e-03 5.656173e-03 4.636257e-03 3.722812e-03 2.921242e-03 2.235574e-03 1.689176e-03 1.370439e-03 1.082413e-03 8.349266e-04 6.269068e-04 4.567522e-04 3.229386e-04 2.218273e-04 1.478150e-04 9.549713e-05 6.038689e-05 3.725705e-05 2.227031e-05 1.244085e-05 6.508224e-06 3.238710e-06 1.594615e-06
7.511586e-08 2.671115e-07 5.557105e-07 8.456801e-07 1.182820e-06 1.726521e-06 2.505670e-06 3.426173e-06 4.572287e-06 6.087554e-06 7.977981e-06 1.061299e-05 1.370608e-05 1.688354e-05 2.185727e-05 2.733904e-05 3.317491e-05 3.929849e-05 4.596726e-05 5.647550e-05 6.898766e-05 8.274917e-05 9.933543e-05 1.189898e-04 1.427898e-04 1.717583e-04 2.045283e-04 2.409253e-04 2.839565e-04 3.291149e-04 3.841046e-04 4.530668e-04 5.214947e-04 5.949258e-04 7.361344e-04 9.345683e-04 1.164345e-03 1.440172e-03 1.775258e-03 2.158289e-03 2.623273e-03 3.190702e-03 3.829225e-03 4.553081e-03 5.441539e-03 6.501598e-03 7.722910e-03 9.182577e-03 1.086107e-02 1.272207e-02 1.486245e-02 1.728237e-02 1.994501e-02 2.297292e-02 2.644774e-02 3.037811e-02 3.471157e-02 3.926214e-02 4.413229e-02 4.967150e-02 5.595338e-02 6.305222e-02 7.089896e-02 7.892099e-02 8.703326e-02 9.597868e-02 1.060021e-01 1.166005e-01 1.276106e-01 1.393584e-01 1.517671e-01 1.641370e-01 1.758863e-01 1.869985e-01 1.976806e-01 2.079386e-01 2.176163e-01 2.268674e-01 2.363803e-01 2.467401e-01 2.578577e-01 2.693090e-01 2.808441e-01 2.922772e-01 3.032467e-01 3.133173e-01 3.221802e-01 3.297368e-01 3.359263e-01 3.405896e-01 3.436746e-01 3.456504e-01 3.474627e-01 3.499971e-01 3.537161e-01 3.586837e-01 3.648276e-01 3.720599e-01 3.800586e-01 3.881211e-01 3.952587e-01 4.004667e-01 4.031139e-01 4.031683e-01 4.010529e-01 3.972378e-01 3.919720e-01 3.853351e-01 3.774053e-01 3.683799e-01 3.585897e-01 3.484039e-01 3.381476e-01 3.280990e-01 3.184609e-01 3.093343e-01 3.006850e-01 2.923251e-01 2.839895e-01 2.754533e-01 2.665849e-01 2.573646e-01 2.478367e-01 2.380610e-01 2.280416e-01 2.176957e-01 2.069044e-01 1.956208e-01 1.839743e-01 1.722487e-01 1.607878e-01 1.498923e-01 1.397313e-01 1.303489e-01 1.216670e-01 1.135344e-01 1.058212e-01 9.844836e-02 9.138817e-02 8.463403e-02 7.820922e-02 7.214403e-02 6.642471e-02 6.104815e-02 5.600395e-02 5.124621e-02 4.675189e-02 4.252702e-02 3.857535e-02 3.490157e-02 3.151412e-02 2.840676e-02 2.554765e-02 2.291647e-02 2.049987e-02 1.827023e-02 1.622501e-02 1.435875e-02 1.264050e-02 1.105852e-02 9.603142e-03 8.244278e-03 6.993568e-03 5.842901e-03 4.794958e-03 3.860793e-03 3.037843e-03 2.333659e-03 1.742597e-03 1.409439e-03 1.115888e-03 8.573803e-04 6.410297e-04 4.650875e-04 3.287477e-04 2.245648e-04 1.481769e-04 9.417497e-05 5.781227e-05 3.469892e-05 2.008456e-05 1.105645e-05 5.708489e-06 2.826064e-06 1.385486e-06
8.158916e-08 3.518202e-07 5.568314e-07 8.604335e-07 1.265613e-06 1.729859e-06 2.350391e-06 3.160342e-06 4.337342e-06 5.859553e-06 7.877225e-06 1.036290e-05 1.304653e-05 1.699873e-05 2.130482e-05 2.681500e-05 3.281187e-05 3.928727e-05 4.824512e-05 5.753694e-05 6.773241e-05 8.129630e-05 9.869317e-05 1.191007e-04 1.445954e-04 1.736021e-04 2.064679e-04 2.460291e-04 2.868295e-04 3.349331e-04 3.940341e-04 4.575615e-04 5.242885e-04 6.017049e-04 7.508742e-04 9.256665e-04 1.144044e-03 1.415972e-03 1.737692e-03 2.118801e-03 2.574764e-03 3.123905e-03 3.782865e-03 4.569408e-03 5.488971e-03 6.573492e-03 7.836924e-03 9.240903e-03 1.083363e-02 1.267231e-02 1.474811e-02 1.713481e-02 1.989472e-02 2.295245e-02 2.629164e-02 3.002435e-02 3.428309e-02 3.913238e-02 4.440176e-02 5.005815e-02 5.653803e-02 6.384748e-02 7.141459e-02 7.927363e-02 8.780107e-02 9.691320e-02 1.065987e-01 1.172020e-01 1.288206e-01 1.410536e-01 1.533069e-01 1.652598e-01 1.770042e-01 1.886925e-01 2.001614e-01 2.109463e-01 2.207655e-01 2.298783e-01 2.388049e-01 2.479558e-01 2.576864e-01 2.683528e-01 2.799410e-01 2.918872e-01 3.033888e-01 3.137843e-01 3.226961e-01 3.299789e-01 3.356136e-01 3.396920e-01 3.426089e-01 3.450114e-01 3.474863e-01 3.504232e-01 3.542227e-01 3.593299e-01 3.659803e-01 3.738519e-01 3.820618e-01 3.895907e-01 3.957320e-01 4.000819e-01 4.024233e-01 4.026576e-01 4.008093e-01 3.969695e-01 3.913041e-01 3.840680e-01 3.755994e-01 3.662491e-01 3.563998e-01 3.464321e-01 3.366721e-01 3.273388e-01 3.184907e-01 3.100409e-01 3.017893e-01 2.935284e-01 2.851407e-01 2.766273e-01 2.680540e-01 2.594284e-01 2.506199e-01 2.413742e-01 2.314140e-01 2.205768e-01 2.088978e-01 1.966334e-01 1.841950e-01 1.720143e-01 1.604134e-01 1.495515e-01 1.394270e-01 1.299475e-01 1.210049e-01 1.125210e-01 1.044731e-01 9.685021e-02 8.965812e-02 8.292009e-02 7.661520e-02 7.071502e-02 6.519445e-02 6.000452e-02 5.510310e-02 5.049020e-02 4.616158e-02 4.210227e-02 3.832252e-02 3.481697e-02 3.155550e-02 2.851645e-02 2.569444e-02 2.308216e-02 2.066768e-02 1.845753e-02 1.643606e-02 1.457958e-02 1.287429e-02 1.129641e-02 9.822384e-03 8.459702e-03 7.192703e-03 6.028711e-03 4.969436e-03 4.013717e-03 3.172171e-03 2.437557e-03 1.821504e-03 1.454953e-03 1.150120e-03 8.836802e-04 6.587308e-04 4.788420e-04 3.367285e-04 2.287122e-04 1.491744e-04 9.327419e-05 5.610717e-05 3.254991e-05 1.833564e-05 9.906036e-06 5.089335e-06 2.524851e-06 1.225251e-06
8.170344e-08 3.157494e-07 5.248855e-07 7.664473e-07 1.101114e-06 1.603674e-06 2.162103e-06 3.016566e-06 4.119724e-06 5.598708e-06 7.530052e-06 9.758096e-06 1.326152e-05 1.694830e-05 2.102242e-05 2.534322e-05 3.146580e-05 4.015859e-05 4.903506e-05 5.833969e-05 6.988175e-05 8.388565e-05 9.979169e-05 1.205231e-04 1.432560e-04 1.701304e-04 2.043462e-04 2.416799e-04 2.879981e-04 3.431733e-04 3.969523e-04 4.509100e-04 5.226801e-04 6.070526e-04 7.379478e-04 9.304602e-04 1.153153e-03 1.433548e-03 1.766794e-03 2.167255e-03 2.628359e-03 3.146551e-03 3.797077e-03 4.573045e-03 5.441950e-03 6.495235e-03 7.742505e-03 9.080464e-03 1.055699e-02 1.237029e-02 1.460003e-02 1.711667e-02 1.982743e-02 2.286129e-02 2.634112e-02 3.020429e-02 3.442772e-02 3.915463e-02 4.458137e-02 5.070914e-02 5.717243e-02 6.379271e-02 7.100312e-02 7.917134e-02 8.825056e-02 9.804184e-02 1.082247e-01 1.186847e-01 1.297006e-01 1.413441e-01 1.533686e-01 1.656754e-01 1.781990e-01 1.905460e-01 2.021656e-01 2.127907e-01 2.226335e-01 2.321032e-01 2.413658e-01 2.504916e-01 2.597637e-01 2.695183e-01 2.799147e-01 2.908721e-01 3.019570e-01 3.124679e-01 3.217657e-01 3.294862e-01 3.355139e-01 3.399659e-01 3.431950e-01 3.456978e-01 3.480523e-01 3.509149e-01 3.549124e-01 3.603903e-01 3.672150e-01 3.748147e-01 3.824255e-01 3.894024e-01 3.953059e-01 3.997100e-01 4.021540e-01 4.023412e-01 4.002434e-01 3.960638e-01 3.901172e-01 3.827313e-01 3.742202e-01 3.649413e-01 3.552947e-01 3.456790e-01 3.363445e-01 3.273443e-01 3.185721e-01 3.098997e-01 3.013149e-01 2.929251e-01 2.848799e-01 2.772093e-01 2.697392e-01 2.621053e-01 2.538640e-01 2.446273e-01 2.342154e-01 2.227062e-01 2.104278e-01 1.978212e-01 1.852994e-01 1.731438e-01 1.614958e-01 1.504054e-01 1.398709e-01 1.298745e-01 1.204112e-01 1.114961e-01 1.031432e-01 9.535695e-02 8.811454e-02 8.137964e-02 7.511651e-02 6.927609e-02 6.380937e-02 5.869342e-02 5.391812e-02 4.946641e-02 4.532121e-02 4.146063e-02 3.785264e-02 3.447302e-02 3.130670e-02 2.835216e-02 2.560000e-02 2.305788e-02 2.071909e-02 1.856023e-02 1.657614e-02 1.474246e-02 1.304560e-02 1.146810e-02 1.000016e-02 8.631783e-03 7.363011e-03 6.186105e-03 5.109226e-03 4.136293e-03 3.266511e-03 2.517013e-03 1.883129e-03 1.507237e-03 1.194636e-03 9.181490e-04 6.857373e-04 4.953134e-04 3.457965e-04 2.326317e-04 1.503642e-04 9.327813e-05 5.504339e-05 3.112913e-05 1.699737e-05 9.018007e-06 4.616657e-06 2.277267e-06 1.106943e-06
5.932023e-08 2.713698e-07 5.424938e-07 7.802554e-07 1.069112e-06 1.442538e-06 2.177713e-06 3.088932e-06 4.193491e-06 5.565951e-06 7.254569e-06 9.883052e-06 1.249882e-05 1.577284e-05 2.002788e-05 2.555567e-05 3.175105e-05 3.817673e-05 4.581946e-05 5.625003e-05 6.919244e-05 8.316377e-05 1.004889e-04 1.187703e-04 1.415054e-04 1.701461e-04 2.006808e-04 2.390795e-04 2.841968e-04 3.301071e-04 3.833201e-04 4.522674e-04 5.253240e-04 6.020427e-04 7.054294e-04 8.755290e-04 1.102649e-03 1.346620e-03 1.673520e-03 2.067313e-03 2.515706e-03 3.070883e-03 3.695247e-03 4.465563e-03 5.444849e-03 6.440675e-03 7.498258e-03 8.915925e-03 1.065596e-02 1.249149e-02 1.444501e-02 1.675194e-02 1.955415e-02 2.270220e-02 2.605176e-02 2.981864e-02 3.424588e-02 3.928516e-02 4.480009e-02 5.068172e-02 5.693946e-02 6.382453e-02 7.156522e-02 8.016233e-02 8.942449e-02 9.915122e-02 1.094353e-01 1.203131e-01 1.313590e-01 1.424092e-01 1.540560e-01 1.667137e-01 1.798288e-01 1.924204e-01 2.039743e-01 2.146200e-01 2.246492e-01 2.341099e-01 2.430870e-01 2.520145e-01 2.613185e-01 2.710639e-01 2.811153e-01 2.912951e-01 3.013820e-01 3.111734e-01 3.204107e-01 3.286121e-01 3.352205e-01 3.401231e-01 3.436965e-01 3.465163e-01 3.491589e-01 3.521673e-01 3.559933e-01 3.609149e-01 3.669668e-01 3.739275e-01 3.812870e-01 3.883573e-01 3.944615e-01 3.989489e-01 4.013053e-01 4.013038e-01 3.989922e-01 3.945666e-01 3.883281e-01 3.807223e-01 3.722561e-01 3.634213e-01 3.545345e-01 3.457011e-01 3.368664e-01 3.279253e-01 3.188708e-01 3.098767e-01 3.012314e-01 2.931935e-01 2.858079e-01 2.788236e-01 2.717823e-01 2.641808e-01 2.556513e-01 2.460565e-01 2.354503e-01 2.240367e-01 2.121102e-01 1.999338e-01 1.877215e-01 1.755990e-01 1.636728e-01 1.520539e-01 1.408600e-01 1.302003e-01 1.201596e-01 1.107933e-01 1.021258e-01 9.414371e-02 8.680592e-02 8.004657e-02 7.379229e-02 6.799602e-02 6.261815e-02 5.761406e-02 5.296164e-02 4.862777e-02 4.457067e-02 4.077372e-02 3.721372e-02 3.388443e-02 3.078842e-02 2.791432e-02 2.526175e-02 2.280443e-02 2.053602e-02 1.844638e-02 1.650433e-02 1.471459e-02 1.305025e-02 1.149699e-02 1.004938e-02 8.688337e-03 7.413662e-03 6.237681e-03 5.157385e-03 4.180416e-03 3.321277e-03 2.572423e-03 1.940538e-03 1.563613e-03 1.240262e-03 9.538674e-04 7.082620e-04 5.084766e-04 3.523502e-04 2.358184e-04 1.524035e-04 9.378162e-05 5.469618e-05 3.012795e-05 1.601484e-05 8.266978e-06 4.176337e-06 2.044855e-06 9.805501e-07
8.004218e-08 2.929183e-07 4.206230e-07 6.626934e-07 9.774141e-07 1.496163e-06 2.033913e-06 2.838143e-06 4.117809e-06 5.838851e-06 8.015186e-06 1.006111e-05 1.280175e-05 1.641063e-05 2.081122e-05 2.569027e-05 3.118613e-05 3.749986e-05 4.615646e-05 5.635594e-05 6.726234e-05 8.171191e-05 9.753633e-05 1.172758e-04 1.410600e-04 1.662833e-04 1.982791e-04 2.343322e-04 2.730296e-04 3.207553e-04 3.809408e-04 4.480116e-04 5.181124e-04 5.918266e-04 7.242275e-04 9.078344e-04 1.119034e-03 1.412021e-03 1.711358e-03 2.073826e-03 2.562612e-03 3.119441e-03 3.790385e-03 4.533403e-03 5.304729e-03 6.316512e-03 7.576299e-03 8.924853e-03 1.049863e-02 1.240991e-02 1.455830e-02 1.693621e-02 1.960620e-02 2.268836e-02 2.634248e-02 3.046675e-02 3.486459e-02 3.961904e-02 4.493569e-02 5.088556e-02 5.742532e-02 6.453755e-02 7.231980e-02 8.072951e-02 8.957732e-02 9.906570e-02 1.094366e-01 1.203516e-01 1.315273e-01 1.432407e-01 1.556306e-01 1.682570e-01 1.806697e-01 1.928424e-01 2.048387e-01 2.163814e-01 2.269641e-01 2.363824e-01 2.450326e-01 2.535728e-01 2.624161e-01 2.716651e-01 2.812556e-01 2.911013e-01 3.010809e-01 3.108625e-01 3.198613e-01 3.274817e-01 3.335328e-01 3.382972e-01 3.421967e-01 3.456010e-01 3.488722e-01 3.524250e-01 3.566854e-01 3.619848e-01 3.683155e-01 3.752362e-01 3.820247e-01 3.880495e-01 3.929780e-01 3.965704e-01 3.985315e-01 3.985708e-01 3.965290e-01 3.924252e-01 3.865077e-01 3.792395e-01 3.711297e-01 3.625657e-01 3.537404e-01 3.447200e-01 3.355765e-01 3.265072e-01 3.178017e-01 3.097011e-01 3.022771e-01 2.953638e-01 2.886229e-01 2.816361e-01 2.740476e-01 2.656430e-01 2.563880e-01 2.463869e-01 2.357915e-01 2.247423e-01 2.133505e-01 2.016985e-01 1.898498e-01 1.778947e-01 1.659511e-01 1.541704e-01 1.427041e-01 1.316904e-01 1.212458e-01 1.114538e-01 1.023637e-01 9.398387e-02 8.628410e-02 7.923439e-02 7.280465e-02 6.693212e-02 6.155185e-02 5.661016e-02 5.203348e-02 4.776559e-02 4.377707e-02 4.004578e-02 3.656311e-02 3.332266e-02 3.031240e-02 2.752297e-02 2.493733e-02 2.254922e-02 2.033411e-02 1.828164e-02 1.638856e-02 1.461931e-02 1.297397e-02 1.143844e-02 9.991906e-03 8.643504e-03 7.393118e-03 6.233600e-03 5.176333e-03 4.227080e-03 3.375130e-03 2.634136e-03 2.001653e-03 1.607811e-03 1.274191e-03 9.758102e-04 7.243064e-04 5.190342e-04 3.600236e-04 2.412284e-04 1.551323e-04 9.469608e-05 5.426494e-05 2.936436e-05 1.507886e-05 7.587384e-06 3.712354e-06 1.797095e-06 8.498043e-07
5.135612e-08 2.407339e-07 5.013849e-07 7.420158e-07 1.110606e-06 1.492080e-06 2.174666e-06 3.104121e-06 4.124112e-06 5.476362e-06 7.324433e-06 1.005011e-05 1.328739e-05 1.668549e-05 2.038956e-05 2.519793e-05 3.079329e-05 3.802165e-05 4.590325e-05 5.540333e-05 6.836972e-05 8.190329e-05 9.888989e-05 1.189988e-04 1.403296e-04 1.667740e-04 1.958113e-04 2.289631e-04 2.695933e-04 3.198334e-04 3.774290e-04 4.367096e-04 5.059640e-04 5.911137e-04 6.877882e-04 8.631565e-04 1.079588e-03 1.315350e-03 1.643099e-03 2.025309e-03 2.457440e-03 3.035924e-03 3.691142e-03 4.421021e-03 5.342744e-03 6.411730e-03 7.645526e-03 9.113100e-03 1.070071e-02 1.247535e-02 1.462213e-02 1.701724e-02 1.965072e-02 2.278743e-02 2.640953e-02 3.033970e-02 3.468149e-02 3.956797e-02 4.489172e-02 5.067102e-02 5.731268e-02 6.491330e-02 7.280982e-02 8.067770e-02 8.922741e-02 9.888237e-02 1.090729e-01 1.196691e-01 1.313150e-01 1.439265e-01 1.565832e-01 1.688103e-01 1.809714e-01 1.934534e-01 2.059651e-01 2.176923e-01 2.281346e-01 2.375143e-01 2.462523e-01 2.545652e-01 2.627057e-01 2.711689e-01 2.803674e-01 2.902973e-01 3.004839e-01 3.101774e-01 3.187134e-01 3.258934e-01 3.319779e-01 3.371601e-01 3.413784e-01 3.447389e-01 3.478731e-01 3.516562e-01 3.567427e-01 3.631896e-01 3.704867e-01 3.778267e-01 3.844337e-01 3.898443e-01 3.938895e-01 3.963886e-01 3.970649e-01 3.958197e-01 3.928529e-01 3.885449e-01 3.832012e-01 3.769892e-01 3.699099e-01 3.619416e-01 3.531603e-01 3.438324e-01 3.344257e-01 3.254451e-01 3.172555e-01 3.099507e-01 3.033427e-01 2.970271e-01 2.905299e-01 2.834591e-01 2.755989e-01 2.669146e-01 2.574794e-01 2.474071e-01 2.368125e-01 2.257911e-01 2.144088e-01 2.027437e-01 1.908925e-01 1.789724e-01 1.671036e-01 1.553982e-01 1.439707e-01 1.329460e-01 1.224274e-01 1.124914e-01 1.031741e-01 9.451360e-02 8.653543e-02 7.922571e-02 7.254656e-02 6.645066e-02 6.088227e-02 5.577295e-02 5.106997e-02 4.674665e-02 4.276985e-02 3.910595e-02 3.573354e-02 3.262401e-02 2.975005e-02 2.708880e-02 2.462022e-02 2.231905e-02 2.017242e-02 1.816099e-02 1.627181e-02 1.450971e-02 1.285768e-02 1.132017e-02 9.900242e-03 8.581674e-03 7.360035e-03 6.239329e-03 5.209108e-03 4.266028e-03 3.423660e-03 2.677193e-03 2.032871e-03 1.631902e-03 1.293924e-03 9.954382e-04 7.409000e-04 5.341142e-04 3.704496e-04 2.475860e-04 1.572440e-04 9.469085e-05 5.356753e-05 2.836656e-05 1.426653e-05 6.868646e-06 3.289758e-06 1.546547e-06 7.308378e-07
7.325540e-08 3.162415e-07 5.116368e-07 8.049284e-07 1.122118e-06 1.692517e-06 2.312847e-06 3.071523e-06 4.267969e-06 5.793214e-06 7.576104e-06 9.719256e-06 1.248826e-05 1.613100e-05 2.062234e-05 2.503784e-05 3.108513e-05 3.812715e-05 4.614290e-05 5.495981e-05 6.459712e-05 7.926021e-05 9.664036e-05 1.154737e-04 1.386605e-04 1.645825e-04 1.950849e-04 2.305016e-04 2.736544e-04 3.228971e-04 3.720119e-04 4.335613e-04 5.081682e-04 5.876428e-04 6.864477e-04 8.664085e-04 1.076604e-03 1.338840e-03 1.647449e-03 2.045399e-03 2.511279e-03 2.983127e-03 3.579294e-03 4.351634e-03 5.202190e-03 6.220616e-03 7.469949e-03 8.829215e-03 1.038667e-02 1.226064e-02 1.439016e-02 1.688718e-02 1.978471e-02 2.282156e-02 2.607703e-02 2.999031e-02 3.455805e-02 3.939320e-02 4.458178e-02 5.059415e-02 5.733222e-02 6.428427e-02 7.166748e-02 8.005636e-02 8.908258e-02 9.810048e-02 1.076305e-01 1.185228e-01 1.305031e-01 1.428107e-01 1.552945e-01 1.681648e-01 1.813540e-01 1.943917e-01 2.067562e-01 2.183275e-01 2.292690e-01 2.394803e-01 2.485722e-01 2.565142e-01 2.639143e-01 2.716045e-01 2.801070e-01 2.894016e-01 2.989753e-01 3.082415e-01 3.168727e-01 3.246829e-01 3.313706e-01 3.366642e-01 3.407159e-01 3.442231e-01 3.480789e-01 3.529460e-01 3.590429e-01 3.661094e-01 3.735498e-01 3.807039e-01 3.869830e-01 3.919569e-01 3.953337e-01 3.968538e-01 3.963692e-01 3.940448e-01 3.903200e-01 3.856207e-01 3.801907e-01 3.740562e-01 3.671399e-01 3.594500e-01 3.512009e-01 3.427626e-01 3.344959e-01 3.266321e-01 3.192075e-01 3.121276e-01 3.052089e-01 2.982544e-01 2.910784e-01 2.835600e-01 2.756202e-01 2.672029e-01 2.582272e-01 2.485963e-01 2.382554e-01 2.272328e-01 2.156220e-01 2.035819e-01 1.913129e-01 1.790335e-01 1.669445e-01 1.551883e-01 1.438474e-01 1.329827e-01 1.226326e-01 1.128294e-01 1.036067e-01 9.498036e-02 8.696278e-02 7.955177e-02 7.271330e-02 6.640104e-02 6.058679e-02 5.526056e-02 5.039796e-02 4.596927e-02 4.195027e-02 3.831357e-02 3.501559e-02 3.200667e-02 2.925117e-02 2.671172e-02 2.433914e-02 2.210703e-02 1.999658e-02 1.800271e-02 1.612508e-02 1.436813e-02 1.274515e-02 1.124454e-02 9.852940e-03 8.570427e-03 7.376899e-03 6.262654e-03 5.237343e-03 4.297968e-03 3.450115e-03 2.704039e-03 2.062306e-03 1.664665e-03 1.325162e-03 1.022885e-03 7.629209e-04 5.473745e-04 3.784625e-04 2.492966e-04 1.572350e-04 9.355194e-05 5.265136e-05 2.757944e-05 1.349164e-05 6.335506e-06 2.917261e-06 1.360379e-06 6.313516e-07
5.599591e-08 2.698897e-07 5.007187e-07 6.927831e-07 1.035783e-06 1.442424e-06 2.113170e-06 3.108507e-06 4.245570e-06 5.665918e-06 7.558983e-06 9.903379e-06 1.263138e-05 1.585431e-05 1.963332e-05 2.524086e-05 3.072586e-05 3.693589e-05 4.495839e-05 5.529969e-05 6.746468e-05 7.885157e-05 9.291929e-05 1.125766e-04 1.362289e-04 1.641865e-04 1.953321e-04 2.337065e-04 2.760263e-04 3.175167e-04 3.733809e-04 4.395410e-04 5.095024e-04 5.884565e-04 6.811552e-04 8.351563e-04 1.046423e-03 1.306849e-03 1.616391e-03 1.975278e-03 2.408354e-03 2.954309e-03 3.569769e-03 4.319980e-03 5.329564e-03 6.419441e-03 7.506319e-03 8.909095e-03 1.063741e-02 1.241335e-02 1.438418e-02 1.678459e-02 1.952116e-02 2.256430e-02 2.601913e-02 2.984735e-02 3.406344e-02 3.897110e-02 4.469587e-02 5.076048e-02 5.685409e-02 6.358769e-02 7.150193e-02 8.005063e-02 8.867811e-02 9.785058e-02 1.080037e-01 1.187534e-01 1.297529e-01 1.413940e-01 1.541992e-01 1.679909e-01 1.819353e-01 1.953112e-01 2.080008e-01 2.201264e-01 2.314139e-01 2.413439e-01 2.498929e-01 2.576545e-01 2.651956e-01 2.727361e-01 2.803669e-01 2.883131e-01 2.968098e-01 3.058251e-01 3.149727e-01 3.235734e-01 3.308778e-01 3.365715e-01 3.410654e-01 3.452570e-01 3.499801e-01 3.556482e-01 3.622384e-01 3.694528e-01 3.767750e-01 3.835914e-01 3.892694e-01 3.933561e-01 3.956647e-01 3.961821e-01 3.950058e-01 3.923581e-01 3.885230e-01 3.836947e-01 3.779610e-01 3.713940e-01 3.641659e-01 3.565530e-01 3.488910e-01 3.414634e-01 3.343833e-01 3.276002e-01 3.209441e-01 3.142308e-01 3.073199e-01 3.001357e-01 2.926517e-01 2.848605e-01 2.767307e-01 2.681916e-01 2.591193e-01 2.493975e-01 2.389682e-01 2.278645e-01 2.161918e-01 2.041146e-01 1.918129e-01 1.794723e-01 1.672700e-01 1.553656e-01 1.438815e-01 1.329165e-01 1.225470e-01 1.128100e-01 1.037023e-01 9.519733e-02 8.724219e-02 7.978673e-02 7.281043e-02 6.632174e-02 6.032792e-02 5.483074e-02 4.984562e-02 4.535517e-02 4.132193e-02 3.770129e-02 3.443636e-02 3.147737e-02 2.876017e-02 2.623335e-02 2.387376e-02 2.165507e-02 1.956934e-02 1.761978e-02 1.580660e-02 1.412881e-02 1.257388e-02 1.113139e-02 9.794700e-03 8.534470e-03 7.358149e-03 6.265375e-03 5.244252e-03 4.317081e-03 3.479518e-03 2.736314e-03 2.096642e-03 1.707624e-03 1.361770e-03 1.046360e-03 7.760998e-04 5.537202e-04 3.792183e-04 2.493247e-04 1.559462e-04 9.328197e-05 5.202280e-05 2.707720e-05 1.298703e-05 5.927867e-06 2.667099e-06 1.211875e-06 5.607268e-07
5.196980e-08 2.215674e-07 4.019236e-07 7.057432e-07 9.814851e-07 1.386021e-06 1.974314e-06 2.725949e-06 3.800608e-06 5.246662e-06 7.095052e-06 9.412940e-06 1.231184e-05 1.576354e-05 2.000712e-05 2.412586e-05 2.986295e-05 3.644825e-05 4.371223e-05 5.229982e-05 6.282503e-05 7.718219e-05 9.324316e-05 1.109145e-04 1.328528e-04 1.594421e-04 1.941022e-04 2.306146e-04 2.683717e-04 3.210673e-04 3.799987e-04 4.419953e-04 5.127792e-04 5.925872e-04 6.829029e-04 8.636998e-04 1.066629e-03 1.324012e-03 1.636022e-03 1.988598e-03 2.415722e-03 2.949418e-03 3.610539e-03 4.335082e-03 5.093883e-03 6.083826e-03 7.379055e-03 8.743276e-03 1.023437e-02 1.219607e-02 1.448115e-02 1.677030e-02 1.934273e-02 2.257336e-02 2.623501e-02 3.001112e-02 3.418651e-02 3.914578e-02 4.466215e-02 5.047174e-02 5.686517e-02 6.391495e-02 7.127715e-02 7.917281e-02 8.826707e-02 9.836644e-02 1.085984e-01 1.188158e-01 1.296522e-01 1.415404e-01 1.543296e-01 1.676046e-01 1.811147e-01 1.947507e-01 2.081817e-01 2.207993e-01 2.321468e-01 2.422172e-01 2.512226e-01 2.592772e-01 2.665721e-01 2.735774e-01 2.807533e-01 2.883262e-01 2.963918e-01 3.049689e-01 3.137574e-01 3.221286e-01 3.295553e-01 3.360493e-01 3.419797e-01 3.476823e-01 3.533918e-01 3.593693e-01 3.658287e-01 3.727173e-01 3.796349e-01 3.859368e-01 3.909121e-01 3.940730e-01 3.953575e-01 3.949587e-01 3.931203e-01 3.900816e-01 3.860189e-01 3.810052e-01 3.750831e-01 3.684218e-01 3.613399e-01 3.541855e-01 3.472193e-01 3.405574e-01 3.341678e-01 3.279579e-01 3.217836e-01 3.155062e-01 3.090164e-01 3.022312e-01 2.950697e-01 2.874166e-01 2.791445e-01 2.701651e-01 2.604706e-01 2.501230e-01 2.392175e-01 2.278396e-01 2.160622e-01 2.039773e-01 1.917100e-01 1.794084e-01 1.672392e-01 1.553700e-01 1.439557e-01 1.331035e-01 1.228551e-01 1.132118e-01 1.041395e-01 9.558326e-02 8.750833e-02 7.991122e-02 7.280091e-02 6.620362e-02 6.014091e-02 5.461922e-02 4.962426e-02 4.512576e-02 4.107574e-02 3.740870e-02 3.406687e-02 3.100367e-02 2.818170e-02 2.557579e-02 2.317053e-02 2.096578e-02 1.894303e-02 1.708539e-02 1.537823e-02 1.379883e-02 1.233009e-02 1.096009e-02 9.668295e-03 8.461965e-03 7.327351e-03 6.260884e-03 5.275751e-03 4.360418e-03 3.529576e-03 2.786328e-03 2.134857e-03 1.756682e-03 1.396231e-03 1.074463e-03 7.949686e-04 5.687722e-04 3.899201e-04 2.562810e-04 1.610723e-04 9.531547e-05 5.308155e-05 2.701076e-05 1.283169e-05 5.698051e-06 2.495734e-06 1.107025e-06 4.998629e-07
5.594143e-08 2.409927e-07 4.289320e-07 5.889290e-07 9.432821e-07 1.428631e-06 1.905648e-06 2.593800e-06 3.639405e-06 5.096499e-06 6.904137e-06 9.058496e-06 1.169725e-05 1.504125e-05 1.896842e-05 2.401246e-05 2.909278e-05 3.571875e-05 4.378768e-05 5.255548e-05 6.323058e-05 7.548543e-05 9.141060e-05 1.106190e-04 1.315958e-04 1.581974e-04 1.870644e-04 2.220823e-04 2.690530e-04 3.192222e-04 3.736219e-04 4.364097e-04 5.086948e-04 5.903042e-04 6.808098e-04 8.439231e-04 1.061664e-03 1.303965e-03 1.591182e-03 1.965055e-03 2.424269e-03 2.967587e-03 3.622067e-03 4.401156e-03 5.290937e-03 6.305370e-03 7.494214e-03 8.917432e-03 1.056139e-02 1.233902e-02 1.435116e-02 1.678903e-02 1.956031e-02 2.249780e-02 2.578559e-02 2.977599e-02 3.434202e-02 3.899230e-02 4.388622e-02 4.972770e-02 5.652563e-02 6.370316e-02 7.116278e-02 7.918952e-02 8.796331e-02 9.756217e-02 1.079121e-01 1.187556e-01 1.300129e-01 1.418171e-01 1.541622e-01 1.670235e-01 1.805091e-01 1.944977e-01 2.084215e-01 2.215993e-01 2.335617e-01 2.441365e-01 2.533591e-01 2.614515e-01 2.687151e-01 2.754313e-01 2.819791e-01 2.888763e-01 2.964476e-01 3.045218e-01 3.126038e-01 3.203554e-01 3.278203e-01 3.351924e-01 3.424799e-01 3.495169e-01 3.562495e-01 3.628651e-01 3.696124e-01 3.764474e-01 3.828887e-01 3.881911e-01 3.917736e-01 3.935229e-01 3.937451e-01 3.927474e-01 3.906411e-01 3.874353e-01 3.831742e-01 3.779563e-01 3.719796e-01 3.655361e-01 3.589184e-01 3.523386e-01 3.458970e-01 3.396080e-01 3.334852e-01 3.275700e-01 3.218870e-01 3.163360e-01 3.106962e-01 3.046768e-01 2.980139e-01 2.904925e-01 2.819958e-01 2.725129e-01 2.621520e-01 2.510922e-01 2.394986e-01 2.275101e-01 2.152617e-01 2.029083e-01 1.906105e-01 1.785291e-01 1.667850e-01 1.554514e-01 1.445547e-01 1.340800e-01 1.239848e-01 1.142433e-01 1.048802e-01 9.596709e-02 8.757915e-02 7.977085e-02 7.258606e-02 6.603175e-02 6.007183e-02 5.465785e-02 4.972206e-02 4.520663e-02 4.105306e-02 3.722065e-02 3.368752e-02 3.044450e-02 2.748905e-02 2.481907e-02 2.241577e-02 2.024441e-02 1.828812e-02 1.650715e-02 1.487263e-02 1.336488e-02 1.196747e-02 1.066683e-02 9.455430e-03 8.318594e-03 7.247971e-03 6.236622e-03 5.284232e-03 4.393164e-03 3.567980e-03 2.822978e-03 2.192132e-03 1.810790e-03 1.449071e-03 1.118828e-03 8.369586e-04 5.992329e-04 4.134723e-04 2.717990e-04 1.696909e-04 1.001660e-04 5.454322e-05 2.777518e-05 1.288523e-05 5.656831e-06 2.390515e-06 1.025042e-06 4.526541e-07
5.007907e-08 2.578470e-07 4.544401e-07 7.196188e-07 9.563202e-07 1.284678e-06 1.984206e-06 2.942623e-06 3.946201e-06 5.072911e-06 6.605723e-06 8.873647e-06 1.169995e-05 1.479238e-05 1.835219e-05 2.248974e-05 2.847855e-05 3.479673e-05 4.181565e-05 5.127457e-05 6.201236e-05 7.539122e-05 9.095509e-05 1.092312e-04 1.326842e-04 1.569242e-04 1.855178e-04 2.221847e-04 2.645807e-04 3.121707e-04 3.662408e-04 4.309635e-04 5.052297e-04 5.884980e-04 6.799580e-04 8.388674e-04 1.047737e-03 1.297738e-03 1.614076e-03 1.998195e-03 2.437425e-03 2.949322e-03 3.541648e-03 4.265247e-03 5.184658e-03 6.213636e-03 7.349906e-03 8.761481e-03 1.042316e-02 1.222611e-02 1.429215e-02 1.674245e-02 1.946221e-02 2.240651e-02 2.582808e-02 2.982820e-02 3.416950e-02 3.885545e-02 4.411053e-02 4.993184e-02 5.630758e-02 6.339742e-02 7.123502e-02 7.962933e-02 8.830792e-02 9.724107e-02 1.069972e-01 1.181615e-01 1.302573e-01 1.422960e-01 1.542258e-01 1.668217e-01 1.804148e-01 1.945566e-01 2.086042e-01 2.220874e-01 2.347238e-01 2.461816e-01 2.560744e-01 2.642778e-01 2.710716e-01 2.770162e-01 2.828376e-01 2.891022e-01 2.958840e-01 3.029071e-01 3.100181e-01 3.174229e-01 3.253956e-01 3.338408e-01 3.423184e-01 3.505062e-01 3.584588e-01 3.662835e-01 3.738586e-01 3.807784e-01 3.864713e-01 3.904592e-01 3.926268e-01 3.932240e-01 3.925927e-01 3.908584e-01 3.879590e-01 3.839689e-01 3.791645e-01 3.738729e-01 3.683206e-01 3.626008e-01 3.567505e-01 3.507899e-01 3.447826e-01 3.388239e-01 3.330626e-01 3.275982e-01 3.224284e-01 3.174129e-01 3.122846e-01 3.067355e-01 3.004749e-01 2.932637e-01 2.849247e-01 2.753612e-01 2.645866e-01 2.527445e-01 2.401091e-01 2.270316e-01 2.138908e-01 2.010154e-01 1.886352e-01 1.768488e-01 1.656317e-01 1.548915e-01 1.444981e-01 1.343336e-01 1.243659e-01 1.146423e-01 1.052637e-01 9.634554e-02 8.798268e-02 8.023608e-02 7.311036e-02 6.657344e-02 6.057750e-02 5.507073e-02 4.999952e-02 4.531623e-02 4.099821e-02 3.703927e-02 3.342669e-02 3.015080e-02 2.720037e-02 2.454229e-02 2.214492e-02 1.997999e-02 1.800519e-02 1.620766e-02 1.456162e-02 1.305346e-02 1.167316e-02 1.040469e-02 9.237389e-03 8.149688e-03 7.126730e-03 6.164907e-03 5.244475e-03 4.381932e-03 3.580319e-03 2.845028e-03 2.252124e-03 1.871188e-03 1.506230e-03 1.172670e-03 8.751710e-04 6.301955e-04 4.326828e-04 2.840794e-04 1.769512e-04 1.031013e-04 5.647664e-05 2.829059e-05 1.318323e-05 5.633739e-06 2.321647e-06 9.616080e-07 4.102350e-07
5.250494e-08 2.178928e-07 4.396198e-07 6.777766e-07 1.017061e-06 1.518493e-06 2.017695e-06 2.653518e-06 3.688117e-06 5.150884e-06 7.063332e-06 9.013535e-06 1.134730e-05 1.474550e-05 1.891297e-05 2.378782e-05 2.823459e-05 3.410991e-05 4.206757e-05 5.077148e-05 6.185565e-05 7.447042e-05 8.925589e-05 1.077946e-04 1.285174e-04 1.545814e-04 1.873465e-04 2.234220e-04 2.603874e-04 3.053319e-04 3.639409e-04 4.299682e-04 5.021396e-04 5.811333e-04 6.674377e-04 8.229406e-04 1.027529e-03 1.305250e-03 1.625391e-03 1.986918e-03 2.438394e-03 2.973809e-03 3.613461e-03 4.378827e-03 5.251046e-03 6.294301e-03 7.521413e-03 8.852699e-03 1.040289e-02 1.231582e-02 1.442452e-02 1.660799e-02 1.916035e-02 2.233001e-02 2.581913e-02 2.937812e-02 3.341125e-02 3.832018e-02 4.388938e-02 4.970514e-02 5.574681e-02 6.252617e-02 7.047094e-02 7.919765e-02 8.811160e-02 9.735444e-02 1.073353e-01 1.179935e-01 1.292969e-01 1.415641e-01 1.546933e-01 1.680220e-01 1.812840e-01 1.948049e-01 2.087658e-01 2.227362e-01 2.359155e-01 2.476953e-01 2.578514e-01 2.662719e-01 2.730206e-01 2.786735e-01 2.839817e-01 2.893190e-01 2.948729e-01 3.010333e-01 3.081653e-01 3.162047e-01 3.247366e-01 3.334159e-01 3.422474e-01 3.514270e-01 3.609484e-01 3.704100e-01 3.790787e-01 3.861960e-01 3.912334e-01 3.940808e-01 3.949457e-01 3.942088e-01 3.922263e-01 3.891891e-01 3.852183e-01 3.805239e-01 3.753973e-01 3.700607e-01 3.646144e-01 3.591170e-01 3.535928e-01 3.481152e-01 3.427741e-01 3.376283e-01 3.327089e-01 3.279572e-01 3.232757e-01 3.185440e-01 3.136113e-01 3.082693e-01 3.022457e-01 2.952251e-01 2.869219e-01 2.771690e-01 2.659887e-01 2.536338e-01 2.405275e-01 2.271470e-01 2.138928e-01 2.010178e-01 1.886216e-01 1.767278e-01 1.652886e-01 1.542294e-01 1.435105e-01 1.331382e-01 1.231697e-01 1.136763e-01 1.047095e-01 9.628744e-02 8.839229e-02 8.098795e-02 7.402401e-02 6.746929e-02 6.131766e-02 5.557162e-02 5.025313e-02 4.538541e-02 4.096113e-02 3.696238e-02 3.337031e-02 3.013802e-02 2.721584e-02 2.456808e-02 2.215816e-02 1.995869e-02 1.795461e-02 1.611906e-02 1.444806e-02 1.292400e-02 1.153076e-02 1.026328e-02 9.096907e-03 8.021030e-03 7.021395e-03 6.073024e-03 5.186765e-03 4.345717e-03 3.560460e-03 2.845503e-03 2.308589e-03 1.926602e-03 1.554684e-03 1.206630e-03 9.028577e-04 6.462007e-04 4.436443e-04 2.898830e-04 1.791184e-04 1.045749e-04 5.666802e-05 2.855897e-05 1.308029e-05 5.551367e-06 2.237035e-06 8.992592e-07 3.777075e-07
4.596864e-08 2.268453e-07 3.810954e-07 5.902834e-07 8.939566e-07 1.269794e-06 1.842166e-06 2.721771e-06 3.801359e-06 5.187868e-06 6.735632e-06 9.038489e-06 1.206789e-05 1.508491e-05 1.884413e-05 2.338156e-05 2.958368e-05 3.637768e-05 4.344112e-05 5.255377e-05 6.310653e-05 7.594193e-05 9.161787e-05 1.098719e-04 1.321394e-04 1.593873e-04 1.890097e-04 2.209335e-04 2.630637e-04 3.143163e-04 3.679756e-04 4.281245e-04 4.977164e-04 5.777056e-04 6.700130e-04 8.289304e-04 1.048147e-03 1.301658e-03 1.602903e-03 1.974139e-03 2.427417e-03 2.976438e-03 3.604111e-03 4.316429e-03 5.181558e-03 6.248759e-03 7.496935e-03 8.884061e-03 1.041548e-02 1.215290e-02 1.422290e-02 1.670430e-02 1.950095e-02 2.251586e-02 2.585129e-02 2.964739e-02 3.391288e-02 3.864525e-02 4.387435e-02 4.968167e-02 5.622711e-02 6.335122e-02 7.061630e-02 7.828333e-02 8.719070e-02 9.722851e-02 1.073875e-01 1.174943e-01 1.284018e-01 1.406466e-01 1.539303e-01 1.677311e-01 1.816818e-01 1.955233e-01 2.092451e-01 2.230074e-01 2.365604e-01 2.489994e-01 2.594047e-01 2.676224e-01 2.742367e-01 2.798316e-01 2.846841e-01 2.892267e-01 2.942252e-01 3.002806e-01 3.074680e-01 3.155051e-01 3.240665e-01 3.330373e-01 3.425751e-01 3.528764e-01 3.637496e-01 3.744371e-01 3.839327e-01 3.913964e-01 3.962886e-01 3.984731e-01 3.981515e-01 3.958474e-01 3.922494e-01 3.878752e-01 3.829887e-01 3.777436e-01 3.722790e-01 3.667229e-01 3.611873e-01 3.557970e-01 3.506263e-01 3.456950e-01 3.409877e-01 3.364724e-01 3.321212e-01 3.279056e-01 3.237585e-01 3.195619e-01 3.151159e-01 3.101004e-01 3.041316e-01 2.968488e-01 2.880706e-01 2.778513e-01 2.664343e-01 2.541611e-01 2.413769e-01 2.283918e-01 2.154155e-01 2.025558e-01 1.898586e-01 1.773765e-01 1.652154e-01 1.534980e-01 1.423296e-01 1.317922e-01 1.219236e-01 1.127046e-01 1.040707e-01 9.594370e-02 8.825427e-02 8.095559e-02 7.402386e-02 6.746458e-02 6.130105e-02 5.556828e-02 5.028744e-02 4.545694e-02 4.106402e-02 3.708160e-02 3.346966e-02 3.019504e-02 2.722554e-02 2.452855e-02 2.208617e-02 1.987132e-02 1.785371e-02 1.602372e-02 1.435404e-02 1.282922e-02 1.143829e-02 1.015933e-02 8.989612e-03 7.909178e-03 6.900677e-03 5.963447e-03 5.078525e-03 4.252594e-03 3.485154e-03 2.781191e-03 2.340108e-03 1.957557e-03 1.581901e-03 1.232954e-03 9.228835e-04 6.623159e-04 4.534862e-04 2.949379e-04 1.815243e-04 1.048629e-04 5.658301e-05 2.802029e-05 1.271632e-05 5.332849e-06 2.118057e-06 8.401357e-07 3.431786e-07
4.660350e-08 2.006659e-07 3.974047e-07 6.204638e-07 9.046174e-07 1.333612e-06 1.958055e-06 2.675446e-06 3.761604e-06 5.115813e-06 7.026558e-06 9.168955e-06 1.141163e-05 1.479166e-05 1.858118e-05 2.320240e-05 2.862526e-05 3.543979e-05 4.361252e-05 5.272375e-05 6.357099e-05 7.693992e-05 9.304861e-05 1.104152e-04 1.310827e-04 1.551750e-04 1.844675e-04 2.235154e-04 2.679511e-04 3.147719e-04 3.673917e-04 4.278348e-04 4.989720e-04 5.817934e-04 6.770110e-04 8.257715e-04 1.040619e-03 1.266917e-03 1.581899e-03 1.982076e-03 2.407578e-03 2.930583e-03 3.605406e-03 4.375289e-03 5.244404e-03 6.244556e-03 7.411826e-03 8.807001e-03 1.040152e-02 1.220306e-02 1.431481e-02 1.675342e-02 1.947100e-02 2.245244e-02 2.576783e-02 2.959532e-02 3.396206e-02 3.862876e-02 4.367217e-02 4.954499e-02 5.616410e-02 6.302665e-02 7.021506e-02 7.809086e-02 8.658633e-02 9.569729e-02 1.057666e-01 1.167185e-01 1.279653e-01 1.394301e-01 1.518060e-01 1.654651e-01 1.799238e-01 1.945451e-01 2.089892e-01 2.229831e-01 2.362159e-01 2.484804e-01 2.595532e-01 2.690030e-01 2.763501e-01 2.815491e-01 2.853751e-01 2.891335e-01 2.938421e-01 2.997352e-01 3.065539e-01 3.141208e-01 3.225061e-01 3.318806e-01 3.422958e-01 3.536006e-01 3.654447e-01 3.771201e-01 3.875845e-01 3.956932e-01 4.006001e-01 4.020867e-01 4.005724e-01 3.969179e-01 3.920694e-01 3.866667e-01 3.809835e-01 3.751569e-01 3.693173e-01 3.635632e-01 3.579696e-01 3.526447e-01 3.476544e-01 3.430249e-01 3.387824e-01 3.349430e-01 3.315055e-01 3.283566e-01 3.252600e-01 3.218753e-01 3.177936e-01 3.126197e-01 3.060853e-01 2.981054e-01 2.887931e-01 2.783813e-01 2.671118e-01 2.551904e-01 2.427731e-01 2.299768e-01 2.169065e-01 2.036794e-01 1.904602e-01 1.774580e-01 1.648984e-01 1.529588e-01 1.417364e-01 1.312433e-01 1.214264e-01 1.122082e-01 1.035111e-01 9.528466e-02 8.750829e-02 8.017544e-02 7.329590e-02 6.687984e-02 6.092225e-02 5.541742e-02 5.033873e-02 4.565101e-02 4.133285e-02 3.736147e-02 3.371365e-02 3.037930e-02 2.734307e-02 2.459206e-02 2.209825e-02 1.983977e-02 1.780042e-02 1.594613e-02 1.426012e-02 1.272635e-02 1.132466e-02 1.004451e-02 8.865088e-03 7.777846e-03 6.772968e-03 5.833830e-03 4.959824e-03 4.146644e-03 3.398419e-03 2.741620e-03 2.373352e-03 1.993683e-03 1.618019e-03 1.265274e-03 9.483400e-04 6.803313e-04 4.644532e-04 3.015533e-04 1.850977e-04 1.065769e-04 5.695839e-05 2.787175e-05 1.252869e-05 5.189916e-06 2.044340e-06 7.881413e-07 3.151743e-07
4.747381e-08 2.343710e-07 4.126405e-07 6.184167e-07 8.957078e-07 1.311651e-06 1.853200e-06 2.723916e-06 3.678737e-06 5.000702e-06 6.631952e-06 8.733517e-06 1.169486e-05 1.475971e-05 1.868737e-05 2.322738e-05 2.839794e-05 3.429087e-05 4.216279e-05 5.163409e-05 6.284568e-05 7.572461e-05 8.949926e-05 1.089915e-04 1.321480e-04 1.580020e-04 1.898159e-04 2.258164e-04 2.659827e-04 3.118103e-04 3.677695e-04 4.350636e-04 5.072517e-04 5.871615e-04 6.761266e-04 7.937112e-04 9.813632e-04 1.278246e-03 1.573410e-03 1.903645e-03 2.394961e-03 2.932648e-03 3.512881e-03 4.309001e-03 5.241696e-03 6.207186e-03 7.328426e-03 8.709014e-03 1.035431e-02 1.221022e-02 1.427672e-02 1.665005e-02 1.929196e-02 2.220901e-02 2.568979e-02 2.974708e-02 3.401029e-02 3.856221e-02 4.376771e-02 4.950235e-02 5.560791e-02 6.236921e-02 6.998993e-02 7.823603e-02 8.684864e-02 9.585425e-02 1.054823e-01 1.159830e-01 1.273700e-01 1.392971e-01 1.514290e-01 1.640560e-01 1.778694e-01 1.928820e-01 2.081651e-01 2.227793e-01 2.364025e-01 2.490470e-01 2.605720e-01 2.704178e-01 2.780290e-01 2.835030e-01 2.875284e-01 2.908438e-01 2.940980e-01 2.979705e-01 3.031806e-01 3.102447e-01 3.193232e-01 3.302233e-01 3.424614e-01 3.553689e-01 3.682640e-01 3.804538e-01 3.911020e-01 3.991923e-01 4.039114e-01 4.050341e-01 4.029377e-01 3.983710e-01 3.922590e-01 3.854358e-01 3.785012e-01 3.718638e-01 3.657380e-01 3.601089e-01 3.548131e-01 3.497311e-01 3.448668e-01 3.403778e-01 3.364782e-01 3.332967e-01 3.307911e-01 3.286894e-01 3.265311e-01 3.237612e-01 3.198545e-01 3.144957e-01 3.076390e-01 2.994387e-01 2.900929e-01 2.797604e-01 2.685598e-01 2.566013e-01 2.440036e-01 2.309092e-01 2.174849e-01 2.039397e-01 1.905135e-01 1.774356e-01 1.648787e-01 1.529436e-01 1.416674e-01 1.310312e-01 1.209930e-01 1.115280e-01 1.026295e-01 9.430294e-02 8.654507e-02 7.933689e-02 7.264218e-02 6.642261e-02 6.064393e-02 5.526740e-02 5.026945e-02 4.564256e-02 4.136863e-02 3.743035e-02 3.382013e-02 3.051298e-02 2.748901e-02 2.472796e-02 2.221424e-02 1.992554e-02 1.784364e-02 1.595370e-02 1.423625e-02 1.267244e-02 1.124801e-02 9.947081e-03 8.757219e-03 7.667167e-03 6.662898e-03 5.737376e-03 4.880898e-03 4.086812e-03 3.350579e-03 2.782768e-03 2.413110e-03 2.027011e-03 1.644530e-03 1.280699e-03 9.579301e-04 6.843613e-04 4.678502e-04 3.047083e-04 1.880579e-04 1.090090e-04 5.838790e-05 2.878989e-05 1.288848e-05 5.326639e-06 2.048877e-06 7.684040e-07 2.946176e-07
4.294031e-08 1.978072e-07 3.956547e-07 6.300299e-07 9.300263e-07 1.288453e-06 1.867524e-06 2.555272e-06 3.665127e-06 4.982505e-06 6.630477e-06 8.821333e-06 1.129921e-05 1.458458e-05 1.828127e-05 2.273310e-05 2.793282e-05 3.462437e-05 4.151362e-05 5.031072e-05 6.122221e-05 7.375760e-05 9.139886e-05 1.100773e-04 1.318250e-04 1.597351e-04 1.905362e-04 2.250296e-04 2.660959e-04 3.192030e-04 3.791035e-04 4.394156e-04 5.123521e-04 5.953913e-04 6.823522e-04 8.051588e-04 1.022467e-03 1.237041e-03 1.567211e-03 1.968786e-03 2.347364e-03 2.878759e-03 3.576939e-03 4.276433e-03 5.107956e-03 6.193635e-03 7.395774e-03 8.725616e-03 1.036436e-02 1.231765e-02 1.438686e-02 1.651019e-02 1.908256e-02 2.237513e-02 2.591555e-02 2.945616e-02 3.362071e-02 3.867641e-02 4.406839e-02 4.952164e-02 5.544001e-02 6.226999e-02 6.996267e-02 7.817779e-02 8.680707e-02 9.600133e-02 1.058293e-01 1.162345e-01 1.272135e-01 1.388406e-01 1.511909e-01 1.642949e-01 1.780779e-01 1.924358e-01 2.073144e-01 2.224874e-01 2.373220e-01 2.509366e-01 2.626126e-01 2.720640e-01 2.794140e-01 2.849008e-01 2.886930e-01 2.910955e-01 2.928905e-01 2.952721e-01 2.994274e-01 3.062074e-01 3.159730e-01 3.285040e-01 3.429443e-01 3.580631e-01 3.726395e-01 3.856448e-01 3.962643e-01 4.038239e-01 4.077983e-01 4.080757e-01 4.050213e-01 3.994274e-01 3.922989e-01 3.845341e-01 3.767545e-01 3.693720e-01 3.626331e-01 3.565863e-01 3.511303e-01 3.462029e-01 3.418487e-01 3.381803e-01 3.352527e-01 3.329745e-01 3.310851e-01 3.292448e-01 3.270939e-01 3.242880e-01 3.205205e-01 3.155526e-01 3.092299e-01 3.014764e-01 2.922780e-01 2.816907e-01 2.698851e-01 2.571424e-01 2.437962e-01 2.301809e-01 2.165773e-01 2.032010e-01 1.901741e-01 1.775442e-01 1.653009e-01 1.534488e-01 1.420266e-01 1.311027e-01 1.207492e-01 1.110245e-01 1.019756e-01 9.361833e-02 8.591903e-02 7.881901e-02 7.224680e-02 6.614403e-02 6.046251e-02 5.516459e-02 5.022778e-02 4.563957e-02 4.139156e-02 3.746889e-02 3.385250e-02 3.053333e-02 2.749889e-02 2.472960e-02 2.220338e-02 1.991231e-02 1.782730e-02 1.593060e-02 1.420273e-02 1.262566e-02 1.118671e-02 9.875875e-03 8.682317e-03 7.593184e-03 6.602525e-03 5.695265e-03 4.852270e-03 4.071006e-03 3.351870e-03 2.814405e-03 2.438015e-03 2.044919e-03 1.652707e-03 1.286442e-03 9.607021e-04 6.885973e-04 4.722912e-04 3.088793e-04 1.913907e-04 1.112707e-04 6.030361e-05 2.989858e-05 1.353636e-05 5.531228e-06 2.096033e-06 7.623377e-07 2.800153e-07
4.426942e-08 2.093967e-07 3.855681e-07 6.171062e-07 9.285645e-07 1.387621e-06 1.868117e-06 2.590269e-06 3.527336e-06 4.916216e-06 6.684484e-06 8.691172e-06 1.126049e-05 1.435436e-05 1.815810e-05 2.243584e-05 2.801374e-05 3.357029e-05 4.103520e-05 4.952089e-05 5.932773e-05 7.328650e-05 8.832030e-05 1.073769e-04 1.299709e-04 1.555497e-04 1.870323e-04 2.231854e-04 2.673185e-04 3.141772e-04 3.659494e-04 4.352047e-04 5.082195e-04 5.850985e-04 6.781335e-04 8.053108e-04 9.974368e-04 1.265318e-03 1.549679e-03 1.903704e-03 2.408457e-03 2.946859e-03 3.518668e-03 4.258717e-03 5.131514e-03 6.146105e-03 7.439360e-03 8.902391e-03 1.038647e-02 1.207184e-02 1.417523e-02 1.669673e-02 1.944670e-02 2.232244e-02 2.559205e-02 2.944002e-02 3.366815e-02 3.826236e-02 4.347344e-02 4.933796e-02 5.570723e-02 6.248634e-02 6.975593e-02 7.773200e-02 8.645001e-02 9.572883e-02 1.054928e-01 1.158164e-01 1.268365e-01 1.387545e-01 1.515553e-01 1.648346e-01 1.782738e-01 1.921383e-01 2.069226e-01 2.225555e-01 2.381366e-01 2.524514e-01 2.645729e-01 2.741514e-01 2.812941e-01 2.861816e-01 2.889070e-01 2.899480e-01 2.904267e-01 2.918117e-01 2.954839e-01 3.024490e-01 3.130370e-01 3.267815e-01 3.426381e-01 3.593857e-01 3.758148e-01 3.907063e-01 4.027432e-01 4.106815e-01 4.137636e-01 4.121567e-01 4.069569e-01 3.996953e-01 3.916586e-01 3.834736e-01 3.753052e-01 3.672532e-01 3.595616e-01 3.525397e-01 3.464898e-01 3.416301e-01 3.380419e-01 3.355913e-01 3.339795e-01 3.327773e-01 3.315769e-01 3.300522e-01 3.279930e-01 3.252392e-01 3.215929e-01 3.168274e-01 3.106938e-01 3.029992e-01 2.936596e-01 2.827495e-01 2.705046e-01 2.573122e-01 2.436134e-01 2.298126e-01 2.161887e-01 2.028868e-01 1.899698e-01 1.774389e-01 1.652942e-01 1.535538e-01 1.422476e-01 1.314210e-01 1.211279e-01 1.114153e-01 1.023180e-01 9.384970e-02 8.599954e-02 7.874715e-02 7.206482e-02 6.590918e-02 6.023122e-02 5.498661e-02 5.013309e-02 4.563053e-02 4.144543e-02 3.756227e-02 3.396836e-02 3.065613e-02 2.761628e-02 2.483173e-02 2.229691e-02 1.998423e-02 1.787839e-02 1.595671e-02 1.420182e-02 1.260599e-02 1.115583e-02 9.835141e-03 8.641844e-03 7.564481e-03 6.581160e-03 5.678004e-03 4.849735e-03 4.077056e-03 3.352153e-03 2.815667e-03 2.441355e-03 2.051018e-03 1.666132e-03 1.304180e-03 9.814819e-04 7.086850e-04 4.883175e-04 3.195164e-04 1.976550e-04 1.148696e-04 6.204333e-05 3.089105e-05 1.387319e-05 5.652332e-06 2.116786e-06 7.558556e-07 2.724704e-07
3.908737e-08 1.897933e-07 3.688432e-07 5.654239e-07 8.446304e-07 1.193164e-06 1.827525e-06 2.645712e-06 3.616528e-06 4.742392e-06 6.336470e-06 8.464909e-06 1.099393e-05 1.393877e-05 1.754217e-05 2.231132e-05 2.693013e-05 3.344005e-05 4.051791e-05 4.923696e-05 6.104344e-05 7.358865e-05 8.925236e-05 1.067765e-04 1.290797e-04 1.550172e-04 1.830341e-04 2.214418e-04 2.638355e-04 3.117959e-04 3.706502e-04 4.284855e-04 4.977690e-04 5.830263e-04 6.717885e-04 7.954238e-04 1.026781e-03 1.264061e-03 1.561071e-03 1.947813e-03 2.364977e-03 2.868816e-03 3.511154e-03 4.239172e-03 5.095197e-03 6.135949e-03 7.296507e-03 8.636582e-03 1.023709e-02 1.201803e-02 1.407407e-02 1.656772e-02 1.936239e-02 2.232881e-02 2.562515e-02 2.948541e-02 3.384101e-02 3.840768e-02 4.335343e-02 4.924525e-02 5.603507e-02 6.309555e-02 7.018420e-02 7.771481e-02 8.622879e-02 9.572019e-02 1.057103e-01 1.160312e-01 1.270146e-01 1.388758e-01 1.513981e-01 1.643592e-01 1.778882e-01 1.921537e-01 2.070568e-01 2.222981e-01 2.374796e-01 2.520087e-01 2.650889e-01 2.757985e-01 2.833000e-01 2.872774e-01 2.883677e-01 2.880088e-01 2.877935e-01 2.889773e-01 2.925595e-01 2.993094e-01 3.096249e-01 3.233985e-01 3.400796e-01 3.586651e-01 3.775548e-01 3.946731e-01 4.079901e-01 4.160811e-01 4.184969e-01 4.158551e-01 4.094855e-01 4.008648e-01 3.912394e-01 3.814183e-01 3.718537e-01 3.628972e-01 3.548875e-01 3.480572e-01 3.425131e-01 3.382337e-01 3.351186e-01 3.330320e-01 3.318197e-01 3.312842e-01 3.311210e-01 3.309132e-01 3.301457e-01 3.282974e-01 3.249270e-01 3.197837e-01 3.128212e-01 3.041695e-01 2.940639e-01 2.827781e-01 2.705838e-01 2.576989e-01 2.443396e-01 2.307219e-01 2.170451e-01 2.034839e-01 1.901811e-01 1.772853e-01 1.649308e-01 1.531877e-01 1.420711e-01 1.315481e-01 1.215680e-01 1.121029e-01 1.031321e-01 9.465677e-02 8.669887e-02 7.928006e-02 7.239939e-02 6.604288e-02 6.018972e-02 5.480940e-02 4.987659e-02 4.535720e-02 4.122075e-02 3.743156e-02 3.395763e-02 3.075960e-02 2.780312e-02 2.507667e-02 2.255289e-02 2.021763e-02 1.806912e-02 1.610000e-02 1.430522e-02 1.267405e-02 1.119717e-02 9.871444e-03 8.671136e-03 7.582976e-03 6.598695e-03 5.697172e-03 4.861868e-03 4.088568e-03 3.372580e-03 2.804646e-03 2.439442e-03 2.060628e-03 1.682853e-03 1.325316e-03 1.003692e-03 7.269959e-04 5.028357e-04 3.303462e-04 2.050200e-04 1.194071e-04 6.440103e-05 3.166827e-05 1.412831e-05 5.692622e-06 2.120763e-06 7.577194e-07 2.665569e-07
3.931223e-08 1.739409e-07 3.405339e-07 5.488826e-07 8.061648e-07 1.255234e-06 1.770484e-06 2.460472e-06 3.451260e-06 4.774417e-06 6.259484e-06 8.196491e-06 1.062909e-05 1.369784e-05 1.735480e-05 2.116958e-05 2.696958e-05 3.321463e-05 4.120531e-05 5.069565e-05 6.033839e-05 7.247994e-05 8.715043e-05 1.072710e-04 1.284983e-04 1.536545e-04 1.885961e-04 2.217270e-04 2.603091e-04 3.098023e-04 3.625504e-04 4.301634e-04 5.038246e-04 5.811536e-04 6.807825e-04 8.084802e-04 9.832643e-04 1.257894e-03 1.583833e-03 1.908839e-03 2.357575e-03 2.915311e-03 3.507756e-03 4.277086e-03 5.234510e-03 6.202566e-03 7.283363e-03 8.659674e-03 1.028795e-02 1.212585e-02 1.419554e-02 1.650744e-02 1.911045e-02 2.208925e-02 2.552657e-02 2.937187e-02 3.353638e-02 3.821829e-02 4.361448e-02 4.951826e-02 5.576662e-02 6.258699e-02 7.018061e-02 7.837616e-02 8.685921e-02 9.572704e-02 1.054766e-01 1.162603e-01 1.275999e-01 1.390951e-01 1.510625e-01 1.641412e-01 1.783751e-01 1.930836e-01 2.076984e-01 2.222531e-01 2.369931e-01 2.517827e-01 2.656896e-01 2.771356e-01 2.847421e-01 2.883016e-01 2.888306e-01 2.879164e-01 2.871130e-01 2.876920e-01 2.906184e-01 2.966896e-01 3.065790e-01 3.205239e-01 3.381082e-01 3.581616e-01 3.787171e-01 3.972576e-01 4.114052e-01 4.196703e-01 4.217514e-01 4.184010e-01 4.109623e-01 4.009612e-01 3.897777e-01 3.784637e-01 3.677332e-01 3.581075e-01 3.499201e-01 3.433028e-01 3.382018e-01 3.344965e-01 3.320245e-01 3.306178e-01 3.301217e-01 3.303661e-01 3.310558e-01 3.317161e-01 3.317383e-01 3.305177e-01 3.275598e-01 3.225653e-01 3.154515e-01 3.063658e-01 2.956459e-01 2.837185e-01 2.709814e-01 2.577384e-01 2.442134e-01 2.305864e-01 2.169991e-01 2.035762e-01 1.904130e-01 1.776088e-01 1.652707e-01 1.534861e-01 1.423043e-01 1.317435e-01 1.217874e-01 1.124049e-01 1.035495e-01 9.517752e-02 8.726415e-02 7.980853e-02 7.281951e-02 6.630782e-02 6.028751e-02 5.477188e-02 4.975069e-02 4.519978e-02 4.107968e-02 3.734484e-02 3.394033e-02 3.081390e-02 2.792687e-02 2.524135e-02 2.274515e-02 2.042941e-02 1.828122e-02 1.630573e-02 1.450197e-02 1.285665e-02 1.136561e-02 1.001421e-02 8.793138e-03 7.687438e-03 6.677091e-03 5.758895e-03 4.913609e-03 4.127460e-03 3.399576e-03 2.798324e-03 2.438532e-03 2.060237e-03 1.683115e-03 1.324469e-03 1.000466e-03 7.254682e-04 5.028754e-04 3.327566e-04 2.088866e-04 1.226602e-04 6.639186e-05 3.268793e-05 1.448846e-05 5.837400e-06 2.172731e-06 7.675400e-07 2.702946e-07
3.628102e-08 1.765313e-07 3.391623e-07 5.495912e-07 8.575810e-07 1.164522e-06 1.669535e-06 2.416392e-06 3.415048e-06 4.689129e-06 6.385371e-06 8.238972e-06 1.066987e-05 1.372191e-05 1.735818e-05 2.233425e-05 2.742851e-05 3.387870e-05 4.105321e-05 4.966486e-05 6.077019e-05 7.343706e-05 8.920814e-05 1.050566e-04 1.266756e-04 1.545415e-04 1.805982e-04 2.164910e-04 2.603866e-04 3.072220e-04 3.658677e-04 4.259266e-04 4.988700e-04 5.897862e-04 6.757847e-04 7.825019e-04 1.016886e-03 1.250198e-03 1.553238e-03 1.968788e-03 2.367140e-03 2.846146e-03 3.551324e-03 4.281298e-03 5.019237e-03 6.060476e-03 7.325034e-03 8.584329e-03 1.008440e-02 1.206510e-02 1.421828e-02 1.633246e-02 1.887760e-02 2.221553e-02 2.585718e-02 2.945832e-02 3.362067e-02 3.875975e-02 4.425906e-02 4.963064e-02 5.540690e-02 6.233037e-02 7.032577e-02 7.877375e-02 8.744526e-02 9.663238e-02 1.065503e-01 1.170533e-01 1.279896e-01 1.395303e-01 1.519068e-01 1.651153e-01 1.790875e-01 1.938198e-01 2.090353e-01 2.242123e-01 2.390467e-01 2.533362e-01 2.664919e-01 2.776118e-01 2.858950e-01 2.908076e-01 2.922518e-01 2.909044e-01 2.884123e-01 2.869878e-01 2.886252e-01 2.945321e-01 3.050953e-01 3.200365e-01 3.385577e-01 3.593310e-01 3.804297e-01 3.994797e-01 4.140620e-01 4.223489e-01 4.237713e-01 4.191859e-01 4.103677e-01 3.992117e-01 3.872131e-01 3.752938e-01 3.639921e-01 3.537520e-01 3.449718e-01 3.379493e-01 3.328244e-01 3.295975e-01 3.280880e-01 3.279645e-01 3.287888e-01 3.300878e-01 3.314057e-01 3.322978e-01 3.323389e-01 3.311056e-01 3.281952e-01 3.232865e-01 3.162247e-01 3.070792e-01 2.961264e-01 2.837855e-01 2.705201e-01 2.567779e-01 2.429246e-01 2.292145e-01 2.157848e-01 2.026755e-01 1.898940e-01 1.774422e-01 1.653458e-01 1.536563e-01 1.424266e-01 1.317147e-01 1.215640e-01 1.119921e-01 1.029971e-01 9.456106e-02 8.665818e-02 7.927325e-02 7.239530e-02 6.602427e-02 6.014872e-02 5.474844e-02 4.979666e-02 4.526129e-02 4.111094e-02 3.730301e-02 3.380928e-02 3.060963e-02 2.767978e-02 2.499647e-02 2.253515e-02 2.028245e-02 1.821983e-02 1.632311e-02 1.457255e-02 1.296877e-02 1.149459e-02 1.013746e-02 8.897735e-03 7.767266e-03 6.738239e-03 5.793057e-03 4.927544e-03 4.133694e-03 3.395103e-03 2.782572e-03 2.423537e-03 2.047948e-03 1.671047e-03 1.314140e-03 9.938395e-04 7.208918e-04 5.015868e-04 3.330171e-04 2.095325e-04 1.236806e-04 6.748081e-05 3.349652e-05 1.505025e-05 6.089169e-06 2.265824e-06 7.998920e-07 2.751488e-07
3.666886e-08 1.785680e-07 3.498816e-07 5.494188e-07 7.776333e-07 1.182169e-06 1.712236e-06 2.435580e-06 3.391349e-06 4.671470e-06 6.267067e-06 8.530348e-06 1.095914e-05 1.381886e-05 1.768515e-05 2.190154e-05 2.716658e-05 3.319980e-05 4.095666e-05 4.982396e-05 6.052553e-05 7.447513e-05 8.902854e-05 1.079558e-04 1.296908e-04 1.519362e-04 1.830217e-04 2.176700e-04 2.573106e-04 3.059173e-04 3.565604e-04 4.255806e-04 5.033647e-04 5.804756e-04 6.777364e-04 7.965366e-04 9.758075e-04 1.227113e-03 1.519652e-03 1.862326e-03 2.357924e-03 2.933431e-03 3.510856e-03 4.253853e-03 5.182425e-03 6.146339e-03 7.280144e-03 8.766063e-03 1.040430e-02 1.202602e-02 1.395412e-02 1.647248e-02 1.925367e-02 2.204003e-02 2.531552e-02 2.946144e-02 3.400558e-02 3.853632e-02 4.350243e-02 4.938223e-02 5.588802e-02 6.263890e-02 6.991097e-02 7.819279e-02 8.742753e-02 9.707246e-02 1.068182e-01 1.169760e-01 1.280443e-01 1.400462e-01 1.526040e-01 1.655912e-01 1.792237e-01 1.937279e-01 2.092007e-01 2.253429e-01 2.412017e-01 2.557076e-01 2.683848e-01 2.791187e-01 2.874620e-01 2.926092e-01 2.941021e-01 2.925043e-01 2.893988e-01 2.869608e-01 2.873848e-01 2.924377e-01 3.030678e-01 3.190671e-01 3.391126e-01 3.611725e-01 3.828939e-01 4.018984e-01 4.160532e-01 4.238153e-01 4.246765e-01 4.193994e-01 4.096452e-01 3.973492e-01 3.841867e-01 3.712863e-01 3.593315e-01 3.487763e-01 3.399879e-01 3.331740e-01 3.283796e-01 3.255528e-01 3.245568e-01 3.251628e-01 3.269835e-01 3.294626e-01 3.319262e-01 3.337077e-01 3.342335e-01 3.330576e-01 3.298860e-01 3.245818e-01 3.171920e-01 3.079109e-01 2.970054e-01 2.847590e-01 2.714778e-01 2.575297e-01 2.432892e-01 2.291032e-01 2.152416e-01 2.018744e-01 1.890792e-01 1.768462e-01 1.651018e-01 1.537699e-01 1.428031e-01 1.321854e-01 1.219413e-01 1.121287e-01 1.028320e-01 9.413517e-02 8.609501e-02 7.871809e-02 7.197192e-02 6.579140e-02 6.010322e-02 5.483545e-02 4.993586e-02 4.537766e-02 4.114520e-02 3.724099e-02 3.366112e-02 3.039471e-02 2.742666e-02 2.473988e-02 2.230710e-02 2.009334e-02 1.807494e-02 1.622488e-02 1.452386e-02 1.295020e-02 1.149198e-02 1.015030e-02 8.912943e-03 7.775182e-03 6.735505e-03 5.784909e-03 4.915267e-03 4.112635e-03 3.376536e-03 2.781838e-03 2.425617e-03 2.052311e-03 1.680297e-03 1.325335e-03 1.006130e-03 7.325386e-04 5.093036e-04 3.370037e-04 2.109026e-04 1.239190e-04 6.775298e-05 3.402708e-05 1.540340e-05 6.302794e-06 2.345170e-06 8.216942e-07 2.829789e-07
3.288990e-08 1.689446e-07 3.355527e-07 5.111500e-07 8.042537e-07 1.204563e-06 1.758863e-06 2.456330e-06 3.421906e-06 4.668886e-06 6.376494e-06 8.333297e-06 1.110796e-05 1.442094e-05 1.771501e-05 2.195545e-05 2.712096e-05 3.362637e-05 4.066672e-05 4.953659e-05 5.980980e-05 7.104418e-05 8.709025e-05 1.061870e-04 1.267145e-04 1.527493e-04 1.819967e-04 2.170971e-04 2.569464e-04 3.016909e-04 3.635490e-04 4.271166e-04 4.962488e-04 5.802256e-04 6.635874e-04 7.864001e-04 9.969296e-04 1.251914e-03 1.558280e-03 1.923998e-03 2.368256e-03 2.893842e-03 3.486703e-03 4.193908e-03 5.078206e-03 6.098467e-03 7.251921e-03 8.634646e-03 1.021654e-02 1.196078e-02 1.402667e-02 1.652425e-02 1.931855e-02 2.230736e-02 2.563418e-02 2.946440e-02 3.371222e-02 3.829040e-02 4.341868e-02 4.943131e-02 5.624196e-02 6.333898e-02 7.046901e-02 7.808146e-02 8.673286e-02 9.638099e-02 1.066157e-01 1.172526e-01 1.284438e-01 1.404197e-01 1.531730e-01 1.663813e-01 1.798431e-01 1.938640e-01 2.089128e-01 2.249794e-01 2.413663e-01 2.569758e-01 2.707237e-01 2.818213e-01 2.897901e-01 2.942506e-01 2.950999e-01 2.929074e-01 2.890904e-01 2.857949e-01 2.854440e-01 2.901056e-01 3.008686e-01 3.174808e-01 3.384359e-01 3.614742e-01 3.841063e-01 4.038835e-01 4.186049e-01 4.265791e-01 4.271730e-01 4.211279e-01 4.101972e-01 3.965234e-01 3.820222e-01 3.679834e-01 3.551520e-01 3.440135e-01 3.349368e-01 3.281001e-01 3.235475e-01 3.212115e-01 3.209235e-01 3.223911e-01 3.251503e-01 3.285861e-01 3.319590e-01 3.345501e-01 3.357231e-01 3.349863e-01 3.320204e-01 3.267077e-01 3.191268e-01 3.095285e-01 2.982594e-01 2.856840e-01 2.721822e-01 2.581321e-01 2.438885e-01 2.297428e-01 2.159125e-01 2.025330e-01 1.896657e-01 1.773031e-01 1.653935e-01 1.538994e-01 1.428142e-01 1.321592e-01 1.219622e-01 1.122627e-01 1.031057e-01 9.453354e-02 8.656532e-02 7.919024e-02 7.238009e-02 6.609251e-02 6.027601e-02 5.488835e-02 4.989761e-02 4.528559e-02 4.104305e-02 3.716141e-02 3.362172e-02 3.039724e-02 2.746384e-02 2.478850e-02 2.234738e-02 2.011534e-02 1.806849e-02 1.619722e-02 1.448395e-02 1.290470e-02 1.145872e-02 1.013002e-02 8.908153e-03 7.787257e-03 6.756281e-03 5.815901e-03 4.948101e-03 4.147008e-03 3.410930e-03 2.822548e-03 2.463680e-03 2.085586e-03 1.706756e-03 1.348192e-03 1.023582e-03 7.454503e-04 5.186581e-04 3.433011e-04 2.147424e-04 1.263025e-04 6.904314e-05 3.458203e-05 1.567664e-05 6.382675e-06 2.379413e-06 8.349920e-07 2.869097e-07
3.293523e-08 1.488851e-07 3.048835e-07 5.485667e-07 8.193357e-07 1.156192e-06 1.654334e-06 2.437113e-06 3.408219e-06 4.716821e-06 6.308918e-06 8.495396e-06 1.085905e-05 1.373506e-05 1.773099e-05 2.209566e-05 2.715002e-05 3.256282e-05 3.963400e-05 4.814582e-05 5.885264e-05 7.214020e-05 8.641813e-05 1.030516e-04 1.251527e-04 1.513501e-04 1.816856e-04 2.155608e-04 2.570265e-04 3.095830e-04 3.610106e-04 4.195245e-04 4.886855e-04 5.661778e-04 6.655215e-04 7.713802e-04 9.753199e-04 1.201550e-03 1.503654e-03 1.902138e-03 2.312869e-03 2.808303e-03 3.503595e-03 4.273983e-03 5.100237e-03 6.204956e-03 7.485156e-03 8.697684e-03 1.013328e-02 1.212601e-02 1.435270e-02 1.655965e-02 1.913337e-02 2.235782e-02 2.586933e-02 2.943423e-02 3.349328e-02 3.842222e-02 4.391636e-02 4.962128e-02 5.573825e-02 6.272777e-02 7.056486e-02 7.872929e-02 8.709554e-02 9.627339e-02 1.066888e-01 1.179664e-01 1.295559e-01 1.414452e-01 1.540274e-01 1.675174e-01 1.816973e-01 1.961991e-01 2.108519e-01 2.258355e-01 2.414207e-01 2.573856e-01 2.725122e-01 2.849711e-01 2.933204e-01 2.970489e-01 2.964865e-01 2.927221e-01 2.876543e-01 2.837330e-01 2.832707e-01 2.879377e-01 2.986088e-01 3.152027e-01 3.366432e-01 3.608733e-01 3.851123e-01 4.063705e-01 4.219737e-01 4.301100e-01 4.303148e-01 4.235970e-01 4.119090e-01 3.973778e-01 3.818249e-01 3.665627e-01 3.525042e-01 3.403709e-01 3.307011e-01 3.237727e-01 3.195935e-01 3.179704e-01 3.185170e-01 3.207369e-01 3.240682e-01 3.279169e-01 3.316982e-01 3.347988e-01 3.366022e-01 3.365213e-01 3.340726e-01 3.289599e-01 3.211671e-01 3.109765e-01 2.989111e-01 2.855964e-01 2.716272e-01 2.574638e-01 2.434017e-01 2.295846e-01 2.160481e-01 2.027832e-01 1.897843e-01 1.770932e-01 1.647927e-01 1.529761e-01 1.417361e-01 1.311356e-01 1.211832e-01 1.118471e-01 1.030685e-01 9.478348e-02 8.694546e-02 7.953692e-02 7.256757e-02 6.606327e-02 6.004865e-02 5.453083e-02 4.950367e-02 4.494188e-02 4.080519e-02 3.704384e-02 3.361177e-02 3.047236e-02 2.758684e-02 2.492893e-02 2.247441e-02 2.021248e-02 1.813795e-02 1.623171e-02 1.447929e-02 1.288686e-02 1.143282e-02 1.010141e-02 8.889417e-03 7.783393e-03 6.774389e-03 5.842350e-03 4.985153e-03 4.194640e-03 3.453617e-03 2.866950e-03 2.499835e-03 2.115950e-03 1.730617e-03 1.364061e-03 1.034688e-03 7.534439e-04 5.259761e-04 3.503377e-04 2.215645e-04 1.310217e-04 7.175155e-05 3.562426e-05 1.596185e-05 6.449982e-06 2.394892e-06 8.431727e-07 2.917167e-07
3.111867e-08 1.745470e-07 3.491475e-07 5.220575e-07 7.818886e-07 1.180745e-06 1.724023e-06 2.386914e-06 3.414087e-06 4.630432e-06 6.128265e-06 7.845540e-06 1.031047e-05 1.344781e-05 1.678595e-05 2.109463e-05 2.601485e-05 3.239043e-05 3.959162e-05 4.772155e-05 5.694212e-05 6.870967e-05 8.357511e-05 1.014479e-04 1.227797e-04 1.479096e-04 1.770534e-04 2.132835e-04 2.568383e-04 3.014255e-04 3.537327e-04 4.176238e-04 4.903479e-04 5.733100e-04 6.601699e-04 7.757826e-04 9.671647e-04 1.241305e-03 1.552116e-03 1.876959e-03 2.326656e-03 2.868064e-03 3.426353e-03 4.144365e-03 5.057238e-03 6.001499e-03 7.089958e-03 8.541166e-03 1.021975e-02 1.201397e-02 1.411161e-02 1.657411e-02 1.929303e-02 2.234951e-02 2.586697e-02 2.977064e-02 3.402613e-02 3.881174e-02 4.414535e-02 4.982331e-02 5.592005e-02 6.275892e-02 7.047257e-02 7.893140e-02 8.785121e-02 9.704671e-02 1.068468e-01 1.177690e-01 1.297376e-01 1.421304e-01 1.546373e-01 1.677620e-01 1.820671e-01 1.972438e-01 2.124985e-01 2.274991e-01 2.425085e-01 2.577576e-01 2.727446e-01 2.858688e-01 2.949427e-01 2.985463e-01 2.970135e-01 2.921429e-01 2.863533e-01 2.820171e-01 2.811726e-01 2.854325e-01 2.958672e-01 3.126944e-01 3.350140e-01 3.606822e-01 3.865155e-01 4.090115e-01 4.252590e-01 4.335418e-01 4.335937e-01 4.265256e-01 4.142142e-01 3.986997e-01 3.818654e-01 3.652794e-01 3.501502e-01 3.373746e-01 3.274942e-01 3.206554e-01 3.167140e-01 3.153726e-01 3.162573e-01 3.189287e-01 3.229234e-01 3.276656e-01 3.324536e-01 3.364202e-01 3.386810e-01 3.385129e-01 3.355195e-01 3.296670e-01 3.212296e-01 3.106822e-01 2.985943e-01 2.855129e-01 2.718638e-01 2.579120e-01 2.438201e-01 2.297316e-01 2.157785e-01 2.021020e-01 1.888100e-01 1.760090e-01 1.637917e-01 1.522134e-01 1.412710e-01 1.309356e-01 1.211566e-01 1.118833e-01 1.030786e-01 9.471848e-02 8.680625e-02 7.936286e-02 7.240783e-02 6.595194e-02 6.000235e-02 5.455944e-02 4.959626e-02 4.507947e-02 4.097153e-02 3.722678e-02 3.380271e-02 3.065965e-02 2.776690e-02 2.509556e-02 2.262742e-02 2.035200e-02 1.825111e-02 1.631401e-02 1.454326e-02 1.292036e-02 1.143505e-02 1.008929e-02 8.865817e-03 7.756128e-03 6.744485e-03 5.821194e-03 4.973310e-03 4.181957e-03 3.450341e-03 2.870816e-03 2.507013e-03 2.124590e-03 1.743241e-03 1.379528e-03 1.050699e-03 7.684970e-04 5.384267e-04 3.606092e-04 2.284718e-04 1.358999e-04 7.402437e-05 3.675147e-05 1.632017e-05 6.581171e-06 2.433136e-06 8.573847e-07 2.972574e-07
3.070230e-08 1.485872e-07 3.065447e-07 5.061839e-07 7.954323e-07 1.195197e-06 1.698199e-06 2.446786e-06 3.272929e-06 4.475818e-06 6.029905e-06 8.047034e-06 1.029672e-05 1.300421e-05 1.675532e-05 2.098600e-05 2.609996e-05 3.160789e-05 3.840257e-05 4.689973e-05 5.750950e-05 6.914802e-05 8.272380e-05 1.000720e-04 1.201358e-04 1.444495e-04 1.760928e-04 2.130872e-04 2.510667e-04 2.961373e-04 3.526470e-04 4.140980e-04 4.849247e-04 5.656599e-04 6.537879e-04 7.609396e-04 9.787797e-04 1.203388e-03 1.475207e-03 1.850803e-03 2.279222e-03 2.807094e-03 3.486473e-03 4.248227e-03 5.096839e-03 6.111069e-03 7.325755e-03 8.793778e-03 1.048798e-02 1.226842e-02 1.420330e-02 1.655961e-02 1.931288e-02 2.225544e-02 2.556924e-02 2.958900e-02 3.412802e-02 3.880166e-02 4.383116e-02 4.967105e-02 5.619008e-02 6.309640e-02 7.057764e-02 7.894164e-02 8.820041e-02 9.805248e-02 1.081422e-01 1.184750e-01 1.295093e-01 1.416108e-01 1.545681e-01 1.678764e-01 1.814412e-01 1.957693e-01 2.112360e-01 2.274117e-01 2.434415e-01 2.586939e-01 2.726831e-01 2.846026e-01 2.932740e-01 2.974931e-01 2.967913e-01 2.921287e-01 2.857602e-01 2.804585e-01 2.788683e-01 2.829994e-01 2.938529e-01 3.112764e-01 3.341241e-01 3.603636e-01 3.870476e-01 4.106504e-01 4.278368e-01 4.364059e-01 4.359230e-01 4.277204e-01 4.141704e-01 3.977672e-01 3.805040e-01 3.636751e-01 3.481294e-01 3.345947e-01 3.237473e-01 3.160459e-01 3.116936e-01 3.106130e-01 3.124518e-01 3.165701e-01 3.221303e-01 3.281650e-01 3.336967e-01 3.378201e-01 3.398256e-01 3.392620e-01 3.359780e-01 3.300491e-01 3.217382e-01 3.114201e-01 2.995376e-01 2.865084e-01 2.727147e-01 2.584626e-01 2.440220e-01 2.296544e-01 2.155709e-01 2.019138e-01 1.887552e-01 1.761292e-01 1.640523e-01 1.525274e-01 1.415288e-01 1.310350e-01 1.210355e-01 1.115405e-01 1.025624e-01 9.412330e-02 8.624908e-02 7.894903e-02 7.220524e-02 6.598353e-02 6.024080e-02 5.493182e-02 5.003333e-02 4.551568e-02 4.135723e-02 3.754196e-02 3.404649e-02 3.083974e-02 2.789119e-02 2.518274e-02 2.269088e-02 2.039106e-02 1.826942e-02 1.632699e-02 1.454256e-02 1.290613e-02 1.141802e-02 1.006442e-02 8.837569e-03 7.722866e-03 6.711027e-03 5.791279e-03 4.937837e-03 4.151997e-03 3.427762e-03 2.867036e-03 2.503970e-03 2.125905e-03 1.749374e-03 1.392564e-03 1.067351e-03 7.858705e-04 5.528469e-04 3.696312e-04 2.337362e-04 1.380007e-04 7.558904e-05 3.749987e-05 1.689503e-05 6.798942e-06 2.527014e-06 8.848619e-07 3.070312e-07
2.531583e-08 1.311523e-07 2.846218e-07 4.981425e-07 7.376428e-07 1.065124e-06 1.633769e-06 2.333968e-06 3.343326e-06 4.485454e-06 6.064256e-06 8.036066e-06 1.040093e-05 1.314862e-05 1.619250e-05 2.016268e-05 2.517177e-05 3.164715e-05 3.867073e-05 4.716669e-05 5.706411e-05 6.901333e-05 8.419722e-05 1.016562e-04 1.229864e-04 1.482716e-04 1.763258e-04 2.076195e-04 2.481884e-04 2.987284e-04 3.531302e-04 4.188502e-04 4.913663e-04 5.682614e-04 6.639780e-04 7.985731e-04 9.628708e-04 1.230752e-03 1.550648e-03 1.899754e-03 2.364038e-03 2.897029e-03 3.497557e-03 4.243165e-03 5.095982e-03 6.077942e-03 7.283816e-03 8.673710e-03 1.023565e-02 1.207443e-02 1.421997e-02 1.664126e-02 1.935408e-02 2.241984e-02 2.590306e-02 2.979075e-02 3.405866e-02 3.878493e-02 4.406378e-02 4.997332e-02 5.653429e-02 6.356396e-02 7.096855e-02 7.905126e-02 8.807176e-02 9.788167e-02 1.081825e-01 1.187907e-01 1.297379e-01 1.412501e-01 1.535342e-01 1.665289e-01 1.799891e-01 1.938899e-01 2.087521e-01 2.250252e-01 2.421038e-01 2.584094e-01 2.724203e-01 2.833828e-01 2.911482e-01 2.954218e-01 2.955988e-01 2.917562e-01 2.854998e-01 2.797033e-01 2.774633e-01 2.812166e-01 2.921951e-01 3.102020e-01 3.337377e-01 3.603743e-01 3.871428e-01 4.108344e-01 4.283202e-01 4.372312e-01 4.367631e-01 4.280465e-01 4.135806e-01 3.961476e-01 3.779968e-01 3.604897e-01 3.444206e-01 3.304432e-01 3.191968e-01 3.112038e-01 3.067820e-01 3.059953e-01 3.085483e-01 3.137702e-01 3.206336e-01 3.278913e-01 3.342908e-01 3.388081e-01 3.408244e-01 3.400896e-01 3.366285e-01 3.306352e-01 3.223673e-01 3.121354e-01 3.002625e-01 2.871134e-01 2.730772e-01 2.585898e-01 2.440454e-01 2.297582e-01 2.158996e-01 2.025147e-01 1.895742e-01 1.770270e-01 1.648440e-01 1.530412e-01 1.416718e-01 1.308116e-01 1.205388e-01 1.109167e-01 1.019677e-01 9.368155e-02 8.601903e-02 7.893156e-02 7.237144e-02 6.627967e-02 6.061077e-02 5.533910e-02 5.043366e-02 4.587801e-02 4.165681e-02 3.775935e-02 3.417021e-02 3.087459e-02 2.785303e-02 2.508319e-02 2.254814e-02 2.022773e-02 1.811015e-02 1.617354e-02 1.440762e-02 1.280477e-02 1.134793e-02 1.002159e-02 8.819092e-03 7.728030e-03 6.731202e-03 5.808612e-03 4.962970e-03 4.175569e-03 3.436020e-03 2.894481e-03 2.522678e-03 2.137790e-03 1.755919e-03 1.393106e-03 1.067828e-03 7.855986e-04 5.537043e-04 3.701944e-04 2.338371e-04 1.383874e-04 7.583766e-05 3.823162e-05 1.727632e-05 7.067253e-06 2.616873e-06 9.224049e-07 3.212668e-07
2.806244e-08 1.378669e-07 2.662555e-07 4.309940e-07 7.002144e-07 1.092005e-06 1.513744e-06 2.182478e-06 3.120175e-06 4.567579e-06 6.080905e-06 7.820613e-06 1.014726e-05 1.317604e-05 1.665834e-05 2.051912e-05 2.506656e-05 3.034918e-05 3.797328e-05 4.625042e-05 5.592224e-05 6.924052e-05 8.441391e-05 1.013119e-04 1.207604e-04 1.450072e-04 1.730500e-04 2.076359e-04 2.496099e-04 2.962631e-04 3.523431e-04 4.125323e-04 4.819466e-04 5.689683e-04 6.564293e-04 7.728243e-04 1.000908e-03 1.206573e-03 1.511317e-03 1.917350e-03 2.314269e-03 2.836540e-03 3.507614e-03 4.221092e-03 5.130684e-03 6.305464e-03 7.529859e-03 8.755007e-03 1.022950e-02 1.214859e-02 1.436234e-02 1.665019e-02 1.923232e-02 2.237401e-02 2.579981e-02 2.937707e-02 3.359423e-02 3.868751e-02 4.424790e-02 5.004053e-02 5.639527e-02 6.363180e-02 7.148916e-02 7.950520e-02 8.783627e-02 9.709359e-02 1.074324e-01 1.183819e-01 1.295606e-01 1.411029e-01 1.532981e-01 1.662163e-01 1.798382e-01 1.941860e-01 2.092564e-01 2.249148e-01 2.408660e-01 2.565337e-01 2.709623e-01 2.829046e-01 2.911592e-01 2.949990e-01 2.943925e-01 2.901878e-01 2.842197e-01 2.790298e-01 2.772678e-01 2.810759e-01 2.917174e-01 3.093384e-01 3.328295e-01 3.598788e-01 3.872681e-01 4.113702e-01 4.288968e-01 4.376740e-01 4.372122e-01 4.287010e-01 4.143117e-01 3.963685e-01 3.769562e-01 3.577894e-01 3.402283e-01 3.253970e-01 3.141097e-01 3.067438e-01 3.032448e-01 3.032454e-01 3.062117e-01 3.115198e-01 3.184217e-01 3.260092e-01 3.332075e-01 3.388982e-01 3.420852e-01 3.420896e-01 3.386610e-01 3.320217e-01 3.227339e-01 3.115185e-01 2.990224e-01 2.857416e-01 2.720051e-01 2.580294e-01 2.439756e-01 2.299737e-01 2.161411e-01 2.026096e-01 1.894823e-01 1.768168e-01 1.646290e-01 1.529175e-01 1.417037e-01 1.310160e-01 1.208827e-01 1.113391e-01 1.024144e-01 9.412418e-02 8.645210e-02 7.935264e-02 7.277414e-02 6.667107e-02 6.099153e-02 5.569345e-02 5.074916e-02 4.614118e-02 4.185584e-02 3.788054e-02 3.420441e-02 3.082053e-02 2.772222e-02 2.489499e-02 2.232088e-02 1.999037e-02 1.788254e-02 1.597470e-02 1.425221e-02 1.269265e-02 1.127543e-02 9.991646e-03 8.819067e-03 7.746343e-03 6.761910e-03 5.852542e-03 5.001952e-03 4.207036e-03 3.475940e-03 2.916822e-03 2.548455e-03 2.160536e-03 1.770415e-03 1.402803e-03 1.068370e-03 7.842325e-04 5.507757e-04 3.695528e-04 2.341907e-04 1.391517e-04 7.655304e-05 3.839417e-05 1.747510e-05 7.125760e-06 2.684034e-06 9.546509e-07 3.416601e-07
2.227821e-08 1.252630e-07 2.819826e-07 4.536891e-07 6.753513e-07 9.829499e-07 1.515702e-06 2.229539e-06 3.171979e-06 4.119655e-06 5.650178e-06 7.759963e-06 1.018919e-05 1.269333e-05 1.599333e-05 2.029616e-05 2.503070e-05 3.085129e-05 3.675928e-05 4.583737e-05 5.760435e-05 6.891572e-05 8.203055e-05 9.981456e-05 1.226256e-04 1.459921e-04 1.748753e-04 2.105036e-04 2.491882e-04 2.953715e-04 3.474661e-04 4.107444e-04 4.856313e-04 5.616448e-04 6.497719e-04 7.886294e-04 9.828686e-04 1.287519e-03 1.583898e-03 1.923738e-03 2.432580e-03 2.940489e-03 3.482328e-03 4.283340e-03 5.209546e-03 6.133006e-03 7.263878e-03 8.710269e-03 1.032085e-02 1.203175e-02 1.406202e-02 1.658949e-02 1.941261e-02 2.243544e-02 2.602106e-02 3.019217e-02 3.450438e-02 3.907947e-02 4.440265e-02 5.036475e-02 5.664501e-02 6.341006e-02 7.099809e-02 7.937797e-02 8.818444e-02 9.718828e-02 1.067334e-01 1.173889e-01 1.290457e-01 1.410199e-01 1.530574e-01 1.656936e-01 1.795336e-01 1.944229e-01 2.095535e-01 2.244025e-01 2.391454e-01 2.541538e-01 2.690085e-01 2.820349e-01 2.911617e-01 2.951746e-01 2.942179e-01 2.895868e-01 2.833812e-01 2.781667e-01 2.765095e-01 2.804552e-01 2.911505e-01 3.086261e-01 3.317494e-01 3.583961e-01 3.857228e-01 4.103967e-01 4.289987e-01 4.388023e-01 4.387517e-01 4.298397e-01 4.145107e-01 3.955790e-01 3.754158e-01 3.556840e-01 3.375957e-01 3.222266e-01 3.104783e-01 3.028610e-01 2.994203e-01 2.998240e-01 3.034662e-01 3.095470e-01 3.171663e-01 3.253144e-01 3.329441e-01 3.390420e-01 3.427101e-01 3.432233e-01 3.401582e-01 3.335398e-01 3.238794e-01 3.120027e-01 2.987828e-01 2.849208e-01 2.708806e-01 2.568974e-01 2.430538e-01 2.293327e-01 2.156924e-01 2.021800e-01 1.889115e-01 1.760489e-01 1.637378e-01 1.520653e-01 1.410668e-01 1.307198e-01 1.209615e-01 1.117414e-01 1.030294e-01 9.482086e-02 8.711869e-02 7.992287e-02 7.322628e-02 6.700319e-02 6.122454e-02 5.584974e-02 5.084292e-02 4.618057e-02 4.184214e-02 3.781496e-02 3.409500e-02 3.067755e-02 2.755220e-02 2.471156e-02 2.214799e-02 1.983774e-02 1.775791e-02 1.589114e-02 1.420671e-02 1.267889e-02 1.129187e-02 1.002126e-02 8.859376e-03 7.790165e-03 6.797878e-03 5.880277e-03 5.023386e-03 4.225906e-03 3.482390e-03 2.902279e-03 2.543543e-03 2.164511e-03 1.785873e-03 1.418572e-03 1.085646e-03 7.961607e-04 5.590331e-04 3.743636e-04 2.372713e-04 1.407053e-04 7.682820e-05 3.825243e-05 1.718409e-05 7.072494e-06 2.687122e-06 9.881369e-07 3.665864e-07
2.596633e-08 1.232278e-07 2.527903e-07 4.560364e-07 6.924371e-07 1.048837e-06 1.536725e-06 2.173295e-06 2.961929e-06 4.290113e-06 5.835172e-06 7.548697e-06 9.552556e-06 1.265236e-05 1.629019e-05 1.997752e-05 2.511638e-05 3.100414e-05 3.864754e-05 4.589179e-05 5.441719e-05 6.726029e-05 8.336089e-05 1.013600e-04 1.193202e-04 1.448662e-04 1.759322e-04 2.089510e-04 2.503341e-04 2.967828e-04 3.521502e-04 4.162269e-04 4.829516e-04 5.614955e-04 6.523833e-04 7.950613e-04 1.004596e-03 1.225906e-03 1.549015e-03 1.927623e-03 2.316305e-03 2.888738e-03 3.608491e-03 4.313893e-03 5.139529e-03 6.187459e-03 7.393610e-03 8.812508e-03 1.048077e-02 1.229746e-02 1.425678e-02 1.653630e-02 1.929328e-02 2.243311e-02 2.581628e-02 2.968126e-02 3.421435e-02 3.905510e-02 4.412220e-02 4.994332e-02 5.657458e-02 6.360126e-02 7.109543e-02 7.930847e-02 8.812225e-02 9.740400e-02 1.071937e-01 1.174816e-01 1.283210e-01 1.399025e-01 1.523144e-01 1.654309e-01 1.790180e-01 1.929650e-01 2.073657e-01 2.222508e-01 2.374195e-01 2.525344e-01 2.670265e-01 2.797703e-01 2.890923e-01 2.935054e-01 2.927265e-01 2.881600e-01 2.822596e-01 2.775389e-01 2.761688e-01 2.799818e-01 2.902915e-01 3.074932e-01 3.306781e-01 3.575919e-01 3.850586e-01 4.095944e-01 4.279813e-01 4.377889e-01 4.380316e-01 4.294766e-01 4.142128e-01 3.948654e-01 3.739301e-01 3.533954e-01 3.346879e-01 3.189075e-01 3.068682e-01 2.990271e-01 2.955123e-01 2.961388e-01 3.003913e-01 3.074149e-01 3.161046e-01 3.251842e-01 3.334011e-01 3.396625e-01 3.431690e-01 3.434742e-01 3.404534e-01 3.342431e-01 3.251836e-01 3.137722e-01 3.006244e-01 2.863871e-01 2.716522e-01 2.568945e-01 2.424338e-01 2.284008e-01 2.147954e-01 2.015427e-01 1.885831e-01 1.759197e-01 1.636392e-01 1.518724e-01 1.407388e-01 1.303120e-01 1.206036e-01 1.115628e-01 1.031148e-01 9.517467e-02 8.767024e-02 8.055585e-02 7.381746e-02 6.746355e-02 6.150867e-02 5.596339e-02 5.082460e-02 4.608017e-02 4.171450e-02 3.770704e-02 3.403532e-02 3.067506e-02 2.761267e-02 2.483085e-02 2.230145e-02 2.000903e-02 1.793806e-02 1.606006e-02 1.435523e-02 1.280936e-02 1.139956e-02 1.011708e-02 8.939308e-03 7.855489e-03 6.859955e-03 5.927747e-03 5.060501e-03 4.252455e-03 3.507990e-03 2.864860e-03 2.509652e-03 2.142478e-03 1.771827e-03 1.418004e-03 1.092834e-03 8.063239e-04 5.690029e-04 3.803736e-04 2.407562e-04 1.421145e-04 7.753638e-05 3.843479e-05 1.732426e-05 7.134501e-06 2.763115e-06 1.037955e-06 3.998097e-07
2.060594e-08 1.244939e-07 2.746926e-07 4.245095e-07 6.958575e-07 1.042631e-06 1.482929e-06 2.144755e-06 3.180480e-06 4.302732e-06 5.732898e-06 7.692627e-06 1.048874e-05 1.317075e-05 1.629683e-05 2.099678e-05 2.562129e-05 3.119377e-05 3.777359e-05 4.698338e-05 5.693205e-05 6.787146e-05 8.214676e-05 9.820204e-05 1.212822e-04 1.466363e-04 1.742641e-04 2.106657e-04 2.494177e-04 2.971175e-04 3.513865e-04 4.080189e-04 4.788634e-04 5.616714e-04 6.561964e-04 7.975179e-04 1.015700e-03 1.272901e-03 1.563395e-03 1.942449e-03 2.425843e-03 2.950003e-03 3.566382e-03 4.320526e-03 5.147806e-03 6.121935e-03 7.344723e-03 8.746078e-03 1.032455e-02 1.219984e-02 1.440660e-02 1.687500e-02 1.956041e-02 2.256959e-02 2.603989e-02 2.991004e-02 3.415991e-02 3.898354e-02 4.433218e-02 5.003304e-02 5.632051e-02 6.323826e-02 7.039572e-02 7.802191e-02 8.678859e-02 9.645651e-02 1.062410e-01 1.161306e-01 1.267968e-01 1.386290e-01 1.512843e-01 1.641620e-01 1.770924e-01 1.904532e-01 2.048140e-01 2.204565e-01 2.368557e-01 2.527131e-01 2.667134e-01 2.780695e-01 2.862951e-01 2.907829e-01 2.910167e-01 2.874112e-01 2.817631e-01 2.768270e-01 2.754020e-01 2.795972e-01 2.904412e-01 3.079036e-01 3.309781e-01 3.576292e-01 3.848130e-01 4.089883e-01 4.269168e-01 4.363376e-01 4.364515e-01 4.280517e-01 4.130013e-01 3.936121e-01 3.722430e-01 3.509910e-01 3.315704e-01 3.153052e-01 3.031140e-01 2.954509e-01 2.923346e-01 2.934316e-01 2.981143e-01 3.055095e-01 3.145614e-01 3.240676e-01 3.327699e-01 3.394784e-01 3.432659e-01 3.436268e-01 3.404987e-01 3.341813e-01 3.251525e-01 3.139550e-01 3.011415e-01 2.872260e-01 2.726563e-01 2.578036e-01 2.429815e-01 2.284639e-01 2.144520e-01 2.010197e-01 1.881516e-01 1.757860e-01 1.638887e-01 1.524524e-01 1.414975e-01 1.310711e-01 1.212239e-01 1.119868e-01 1.033529e-01 9.527769e-02 8.770023e-02 8.056495e-02 7.381657e-02 6.742928e-02 6.141013e-02 5.577895e-02 5.056283e-02 4.577757e-02 4.142246e-02 3.747875e-02 3.390671e-02 3.066886e-02 2.772214e-02 2.502455e-02 2.255303e-02 2.028462e-02 1.819723e-02 1.628433e-02 1.453576e-02 1.294030e-02 1.149318e-02 1.017389e-02 8.979786e-03 7.892886e-03 6.888181e-03 5.962132e-03 5.097079e-03 4.291824e-03 3.544375e-03 2.859058e-03 2.470783e-03 2.104560e-03 1.741619e-03 1.395741e-03 1.078263e-03 8.027492e-04 5.690293e-04 3.844877e-04 2.439456e-04 1.452601e-04 7.999982e-05 4.024409e-05 1.836099e-05 7.643027e-06 2.976743e-06 1.139854e-06 4.478605e-07
2.000073e-08 1.053560e-07 2.387981e-07 4.554770e-07 6.730967e-07 9.970989e-07 1.516234e-06 2.237645e-06 3.067966e-06 4.283802e-06 5.877444e-06 7.868812e-06 9.991404e-06 1.309050e-05 1.675539e-05 2.021308e-05 2.529143e-05 3.147398e-05 3.825463e-05 4.537026e-05 5.601574e-05 6.937425e-05 8.260139e-05 1.015946e-04 1.222562e-04 1.463037e-04 1.765449e-04 2.075767e-04 2.503231e-04 2.975705e-04 3.488119e-04 4.148734e-04 4.860783e-04 5.669759e-04 6.548453e-04 7.920045e-04 9.788017e-04 1.239579e-03 1.554571e-03 1.925183e-03 2.373939e-03 2.903709e-03 3.528237e-03 4.287295e-03 5.220525e-03 6.310476e-03 7.516727e-03 8.849946e-03 1.042304e-02 1.238102e-02 1.459993e-02 1.689838e-02 1.951840e-02 2.268595e-02 2.614015e-02 2.975434e-02 3.386969e-02 3.872809e-02 4.420064e-02 4.995130e-02 5.584763e-02 6.236824e-02 6.995896e-02 7.813172e-02 8.640528e-02 9.534156e-02 1.054615e-01 1.162538e-01 1.271533e-01 1.383709e-01 1.502710e-01 1.628099e-01 1.759046e-01 1.898175e-01 2.047675e-01 2.204202e-01 2.360883e-01 2.511303e-01 2.648947e-01 2.764077e-01 2.845963e-01 2.888099e-01 2.890368e-01 2.859238e-01 2.810470e-01 2.768371e-01 2.759168e-01 2.803801e-01 2.913242e-01 3.087088e-01 3.314428e-01 3.574931e-01 3.840582e-01 4.078878e-01 4.257861e-01 4.352857e-01 4.353335e-01 4.266669e-01 4.113330e-01 3.918400e-01 3.704991e-01 3.492015e-01 3.295078e-01 3.127881e-01 3.001345e-01 2.921675e-01 2.890246e-01 2.904183e-01 2.956770e-01 3.038347e-01 3.136883e-01 3.238945e-01 3.330829e-01 3.400448e-01 3.439079e-01 3.442128e-01 3.409299e-01 3.343761e-01 3.250826e-01 3.136864e-01 3.007945e-01 2.869148e-01 2.724373e-01 2.576583e-01 2.428444e-01 2.282352e-01 2.140379e-01 2.004069e-01 1.874459e-01 1.751965e-01 1.636165e-01 1.526053e-01 1.420563e-01 1.318889e-01 1.220807e-01 1.126620e-01 1.036855e-01 9.521163e-02 8.728171e-02 7.990359e-02 7.306566e-02 6.673557e-02 6.086541e-02 5.542344e-02 5.038457e-02 4.573569e-02 4.146260e-02 3.755103e-02 3.398892e-02 3.074955e-02 2.779209e-02 2.509110e-02 2.261873e-02 2.034609e-02 1.826099e-02 1.634678e-02 1.459568e-02 1.299844e-02 1.154217e-02 1.022290e-02 9.022281e-03 7.926233e-03 6.921355e-03 5.988739e-03 5.123480e-03 4.316119e-03 3.567874e-03 2.886756e-03 2.426645e-03 2.070223e-03 1.717026e-03 1.378227e-03 1.070552e-03 7.987405e-04 5.727505e-04 3.897243e-04 2.507085e-04 1.506933e-04 8.385546e-05 4.283895e-05 1.975705e-05 8.322274e-06 3.276668e-06 1.272413e-06 5.086453e-07
1.925809e-08 1.076806e-07 2.330247e-07 3.708136e-07 6.403451e-07 1.042678e-06 1.541179e-06 2.137858e-06 3.064602e-06 4.236053e-06 5.794678e-06 7.598404e-06 9.861051e-06 1.246342e-05 1.601246e-05 2.065868e-05 2.527547e-05 3.070237e-05 3.809456e-05 4.789296e-05 5.758081e-05 6.819071e-05 8.387314e-05 1.001025e-04 1.198818e-04 1.446898e-04 1.729069e-04 2.114213e-04 2.483195e-04 2.914068e-04 3.495103e-04 4.120011e-04 4.882808e-04 5.689729e-04 6.557053e-04 8.081527e-04 1.022741e-03 1.269603e-03 1.594033e-03 1.964023e-03 2.397316e-03 2.944693e-03 3.563551e-03 4.289627e-03 5.203546e-03 6.241458e-03 7.396866e-03 8.836667e-03 1.054198e-02 1.231510e-02 1.435135e-02 1.694416e-02 1.979647e-02 2.269612e-02 2.608910e-02 3.010780e-02 3.435052e-02 3.879616e-02 4.373028e-02 4.927732e-02 5.548987e-02 6.230682e-02 6.966271e-02 7.768708e-02 8.632454e-02 9.529622e-02 1.048689e-01 1.155993e-01 1.271238e-01 1.385419e-01 1.499608e-01 1.624649e-01 1.764379e-01 1.910303e-01 2.054854e-01 2.199619e-01 2.348681e-01 2.499061e-01 2.639469e-01 2.756039e-01 2.837504e-01 2.878053e-01 2.879035e-01 2.850217e-01 2.808931e-01 2.776794e-01 2.775451e-01 2.823049e-01 2.930818e-01 3.099396e-01 3.318379e-01 3.569032e-01 3.826889e-01 4.062434e-01 4.243867e-01 4.343575e-01 4.347779e-01 4.262160e-01 4.107802e-01 3.910792e-01 3.694918e-01 3.478828e-01 3.277938e-01 3.106257e-01 2.975495e-01 2.892916e-01 2.860687e-01 2.876506e-01 2.934086e-01 3.023334e-01 3.130725e-01 3.240516e-01 3.337285e-01 3.408515e-01 3.446358e-01 3.447726e-01 3.413230e-01 3.346312e-01 3.251919e-01 3.135720e-01 3.003389e-01 2.860358e-01 2.711534e-01 2.561133e-01 2.412433e-01 2.267813e-01 2.128802e-01 1.996168e-01 1.870084e-01 1.750260e-01 1.636219e-01 1.527374e-01 1.423036e-01 1.322352e-01 1.224930e-01 1.130907e-01 1.040632e-01 9.546378e-02 8.736239e-02 7.981849e-02 7.285555e-02 6.647167e-02 6.064034e-02 5.530915e-02 5.041297e-02 4.588141e-02 4.166821e-02 3.775239e-02 3.412231e-02 3.077889e-02 2.772662e-02 2.495792e-02 2.245458e-02 2.019768e-02 1.815308e-02 1.629915e-02 1.461386e-02 1.307259e-02 1.166303e-02 1.037226e-02 9.183568e-03 8.083765e-03 7.061543e-03 6.107055e-03 5.212002e-03 4.377668e-03 3.610546e-03 2.910884e-03 2.390636e-03 2.038453e-03 1.691796e-03 1.365005e-03 1.063786e-03 7.998074e-04 5.760636e-04 3.956138e-04 2.565952e-04 1.551443e-04 8.695626e-05 4.437826e-05 2.072044e-05 8.801965e-06 3.548712e-06 1.418570e-06 5.793154e-07
1.788183e-08 1.004415e-07 2.209569e-07 4.211075e-07 6.372593e-07 9.203686e-07 1.392471e-06 2.173468e-06 3.062890e-06 4.257924e-06 5.616795e-06 7.485748e-06 9.969207e-06 1.290853e-05 1.597570e-05 2.006836e-05 2.576257e-05 3.210299e-05 3.903012e-05 4.674384e-05 5.703875e-05 7.018346e-05 8.428402e-05 1.018567e-04 1.223095e-04 1.459971e-04 1.749336e-04 2.039725e-04 2.455807e-04 2.983550e-04 3.512888e-04 4.146842e-04 4.806806e-04 5.591631e-04 6.581581e-04 7.931348e-04 1.010027e-03 1.266249e-03 1.536989e-03 1.913251e-03 2.372125e-03 2.880743e-03 3.556369e-03 4.382437e-03 5.272692e-03 6.323971e-03 7.618546e-03 9.083258e-03 1.069652e-02 1.254568e-02 1.462522e-02 1.694968e-02 1.969288e-02 2.278147e-02 2.602603e-02 2.976473e-02 3.413984e-02 3.864327e-02 4.336490e-02 4.905007e-02 5.566927e-02 6.261148e-02 6.984902e-02 7.773877e-02 8.644290e-02 9.587383e-02 1.057370e-01 1.158374e-01 1.265020e-01 1.381687e-01 1.505841e-01 1.631829e-01 1.760969e-01 1.898741e-01 2.044800e-01 2.193065e-01 2.339265e-01 2.481934e-01 2.616379e-01 2.731844e-01 2.815102e-01 2.857913e-01 2.862400e-01 2.840658e-01 2.810087e-01 2.789835e-01 2.798485e-01 2.851276e-01 2.957936e-01 3.119702e-01 3.328396e-01 3.567801e-01 3.815883e-01 4.046065e-01 4.228713e-01 4.336006e-01 4.350298e-01 4.271248e-01 4.115945e-01 3.911445e-01 3.686097e-01 3.463124e-01 3.259545e-01 3.088207e-01 2.958380e-01 2.875457e-01 2.841345e-01 2.854905e-01 2.911405e-01 3.002246e-01 3.114660e-01 3.232422e-01 3.338281e-01 3.417128e-01 3.458878e-01 3.459195e-01 3.419192e-01 3.344029e-01 3.241060e-01 3.117915e-01 2.981498e-01 2.837555e-01 2.690863e-01 2.545201e-01 2.402975e-01 2.265344e-01 2.132532e-01 2.004300e-01 1.880369e-01 1.760418e-01 1.644312e-01 1.532145e-01 1.424243e-01 1.321011e-01 1.222537e-01 1.128731e-01 1.039620e-01 9.553818e-02 8.760037e-02 8.013892e-02 7.316683e-02 6.669372e-02 6.071591e-02 5.522699e-02 5.020351e-02 4.561371e-02 4.141470e-02 3.755950e-02 3.401281e-02 3.074693e-02 2.775565e-02 2.503405e-02 2.256377e-02 2.032603e-02 1.830866e-02 1.648069e-02 1.481233e-02 1.329088e-02 1.189299e-02 1.059989e-02 9.403381e-03 8.286627e-03 7.239679e-03 6.255000e-03 5.331094e-03 4.471173e-03 3.673342e-03 2.950624e-03 2.381004e-03 2.018884e-03 1.670019e-03 1.342026e-03 1.045811e-03 7.865496e-04 5.671963e-04 3.904738e-04 2.538650e-04 1.548230e-04 8.680188e-05 4.472895e-05 2.091368e-05 9.088282e-06 3.777495e-06 1.569457e-06 6.636299e-07
1.712709e-08 9.868414e-08 2.371743e-07 3.811669e-07 6.104817e-07 9.699702e-07 1.442308e-06 2.008584e-06 2.961742e-06 4.099553e-06 5.750587e-06 7.674165e-06 9.880989e-06 1.286144e-05 1.675810e-05 2.058322e-05 2.474824e-05 3.094398e-05 3.823690e-05 4.661347e-05 5.647468e-05 6.886382e-05 8.360178e-05 1.004873e-04 1.207369e-04 1.442840e-04 1.720350e-04 2.088517e-04 2.488967e-04 2.904833e-04 3.452278e-04 4.064987e-04 4.797558e-04 5.642626e-04 6.476789e-04 8.310056e-04 1.028498e-03 1.276323e-03 1.613549e-03 1.969279e-03 2.402840e-03 2.980053e-03 3.632513e-03 4.365378e-03 5.237248e-03 6.301632e-03 7.560109e-03 8.923934e-03 1.047381e-02 1.242730e-02 1.471550e-02 1.710476e-02 1.967457e-02 2.281451e-02 2.649939e-02 3.019540e-02 3.404103e-02 3.876920e-02 4.416204e-02 4.956984e-02 5.538358e-02 6.214418e-02 6.954052e-02 7.737669e-02 8.600604e-02 9.537743e-02 1.050543e-01 1.151078e-01 1.259476e-01 1.376936e-01 1.500890e-01 1.627758e-01 1.756245e-01 1.889127e-01 2.030523e-01 2.179700e-01 2.329761e-01 2.472387e-01 2.600746e-01 2.707790e-01 2.785904e-01 2.830039e-01 2.840773e-01 2.826654e-01 2.804169e-01 2.793473e-01 2.812566e-01 2.873567e-01 2.982569e-01 3.140423e-01 3.341802e-01 3.573955e-01 3.816532e-01 4.042871e-01 4.222716e-01 4.328397e-01 4.343439e-01 4.268254e-01 4.117949e-01 3.915826e-01 3.687602e-01 3.457398e-01 3.245449e-01 3.067938e-01 2.935731e-01 2.853549e-01 2.821318e-01 2.836057e-01 2.892653e-01 2.983383e-01 3.097056e-01 3.218827e-01 3.331396e-01 3.417353e-01 3.463089e-01 3.461736e-01 3.414778e-01 3.330215e-01 3.219113e-01 3.092070e-01 2.957160e-01 2.819453e-01 2.681754e-01 2.545325e-01 2.410510e-01 2.277296e-01 2.145643e-01 2.015943e-01 1.888934e-01 1.765343e-01 1.645744e-01 1.530656e-01 1.420614e-01 1.316006e-01 1.217003e-01 1.123692e-01 1.035983e-01 9.534431e-02 8.756190e-02 8.023068e-02 7.333031e-02 6.685316e-02 6.080953e-02 5.521540e-02 5.008134e-02 4.541515e-02 4.120420e-02 3.741105e-02 3.398751e-02 3.088719e-02 2.805914e-02 2.545346e-02 2.305294e-02 2.084282e-02 1.880192e-02 1.692703e-02 1.520776e-02 1.362677e-02 1.217583e-02 1.083525e-02 9.588893e-03 8.429792e-03 7.342660e-03 6.326192e-03 5.379651e-03 4.498600e-03 3.693979e-03 2.968080e-03 2.356245e-03 1.995272e-03 1.643087e-03 1.314637e-03 1.020154e-03 7.640625e-04 5.505747e-04 3.782561e-04 2.471217e-04 1.514127e-04 8.613119e-05 4.469559e-05 2.125612e-05 9.415625e-06 4.048129e-06 1.748550e-06 7.574434e-07
1.479442e-08 9.737930e-08 2.084955e-07 3.746435e-07 5.975685e-07 9.028964e-07 1.347555e-06 2.035888e-06 2.890043e-06 4.227646e-06 5.743259e-06 7.809235e-06 1.037836e-05 1.304477e-05 1.611729e-05 2.057709e-05 2.603848e-05 3.120434e-05 3.787897e-05 4.660785e-05 5.697659e-05 6.770686e-05 8.101767e-05 9.865103e-05 1.202403e-04 1.457718e-04 1.741027e-04 2.061701e-04 2.439231e-04 2.920465e-04 3.449666e-04 4.064664e-04 4.790029e-04 5.560532e-04 6.567767e-04 8.055209e-04 1.019470e-03 1.280954e-03 1.578919e-03 1.968128e-03 2.434546e-03 2.974630e-03 3.612042e-03 4.391200e-03 5.387655e-03 6.490819e-03 7.656521e-03 9.126625e-03 1.087588e-02 1.266482e-02 1.462422e-02 1.699519e-02 1.974360e-02 2.270916e-02 2.594689e-02 2.972314e-02 3.400630e-02 3.868292e-02 4.400142e-02 4.989371e-02 5.593541e-02 6.240432e-02 6.985481e-02 7.789495e-02 8.596966e-02 9.458698e-02 1.044040e-01 1.150636e-01 1.259194e-01 1.370397e-01 1.488654e-01 1.615530e-01 1.749004e-01 1.886273e-01 2.026854e-01 2.171258e-01 2.316128e-01 2.453381e-01 2.575490e-01 2.677829e-01 2.756440e-01 2.806650e-01 2.826824e-01 2.823471e-01 2.811354e-01 2.808687e-01 2.832232e-01 2.894185e-01 3.001403e-01 3.154870e-01 3.349352e-01 3.573339e-01 3.808415e-01 4.029343e-01 4.206404e-01 4.311807e-01 4.328538e-01 4.256216e-01 4.109339e-01 3.910212e-01 3.683054e-01 3.450541e-01 3.233138e-01 3.048723e-01 2.910958e-01 2.827246e-01 2.798737e-01 2.821371e-01 2.886694e-01 2.983047e-01 3.096805e-01 3.213345e-01 3.318109e-01 3.397546e-01 3.440661e-01 3.440928e-01 3.398001e-01 3.317212e-01 3.208136e-01 3.081641e-01 2.947271e-01 2.811398e-01 2.676871e-01 2.543969e-01 2.411838e-01 2.279701e-01 2.147683e-01 2.016584e-01 1.887663e-01 1.762265e-01 1.641603e-01 1.526387e-01 1.416767e-01 1.312694e-01 1.214180e-01 1.121021e-01 1.033003e-01 9.499978e-02 8.718287e-02 7.982754e-02 7.293511e-02 6.652650e-02 6.060653e-02 5.516351e-02 5.019154e-02 4.567029e-02 4.156061e-02 3.783264e-02 3.445679e-02 3.139876e-02 2.860894e-02 2.604796e-02 2.367727e-02 2.146339e-02 1.939441e-02 1.745788e-02 1.566058e-02 1.400111e-02 1.246696e-02 1.105991e-02 9.759911e-03 8.547306e-03 7.420597e-03 6.370774e-03 5.392690e-03 4.494905e-03 3.678431e-03 2.946584e-03 2.307380e-03 1.953691e-03 1.611217e-03 1.291811e-03 1.003217e-03 7.529756e-04 5.431875e-04 3.743173e-04 2.449449e-04 1.510939e-04 8.669732e-05 4.568897e-05 2.210226e-05 1.003382e-05 4.448502e-06 1.966542e-06 8.732241e-07
1.472191e-08 7.802559e-08 1.971864e-07 3.665233e-07 6.008743e-07 9.173555e-07 1.405599e-06 2.083892e-06 3.032962e-06 4.165303e-06 5.902194e-06 7.795027e-06 1.007997e-05 1.321128e-05 1.699841e-05 2.088112e-05 2.533863e-05 3.151609e-05 3.850254e-05 4.673937e-05 5.627229e-05 6.876550e-05 8.399504e-05 1.005347e-04 1.192371e-04 1.432295e-04 1.747630e-04 2.087748e-04 2.488740e-04 2.945769e-04 3.467772e-04 4.098867e-04 4.775529e-04 5.567730e-04 6.611341e-04 8.484049e-04 1.056099e-03 1.324347e-03 1.646645e-03 2.040937e-03 2.517415e-03 3.030602e-03 3.671496e-03 4.472091e-03 5.309316e-03 6.320334e-03 7.617865e-03 9.042976e-03 1.065343e-02 1.254035e-02 1.462358e-02 1.703063e-02 1.981915e-02 2.285047e-02 2.623339e-02 3.018189e-02 3.467705e-02 3.948070e-02 4.449325e-02 5.007304e-02 5.634721e-02 6.282246e-02 6.953450e-02 7.722260e-02 8.593085e-02 9.496871e-02 1.043095e-01 1.145322e-01 1.255428e-01 1.368186e-01 1.484641e-01 1.609806e-01 1.744249e-01 1.883096e-01 2.021462e-01 2.159481e-01 2.299177e-01 2.437377e-01 2.564049e-01 2.668288e-01 2.744464e-01 2.792617e-01 2.816620e-01 2.823571e-01 2.823579e-01 2.829772e-01 2.856571e-01 2.916622e-01 3.018099e-01 3.163106e-01 3.347519e-01 3.560660e-01 3.784986e-01 3.996855e-01 4.168518e-01 4.273154e-01 4.292959e-01 4.225869e-01 4.084646e-01 3.890679e-01 3.667684e-01 3.437674e-01 3.220844e-01 3.035329e-01 2.895666e-01 2.810311e-01 2.781776e-01 2.806723e-01 2.876473e-01 2.977432e-01 3.093098e-01 3.206538e-01 3.303240e-01 3.372612e-01 3.408382e-01 3.408025e-01 3.371849e-01 3.302365e-01 3.204333e-01 3.084707e-01 2.951454e-01 2.812251e-01 2.672654e-01 2.535652e-01 2.402051e-01 2.271415e-01 2.142693e-01 2.015218e-01 1.888944e-01 1.764755e-01 1.643803e-01 1.527090e-01 1.415350e-01 1.309057e-01 1.208341e-01 1.113297e-01 1.024002e-01 9.404124e-02 8.625057e-02 7.902548e-02 7.234923e-02 6.618182e-02 6.050274e-02 5.530831e-02 5.055935e-02 4.620720e-02 4.221861e-02 3.855910e-02 3.518843e-02 3.208097e-02 2.922798e-02 2.660959e-02 2.419046e-02 2.194905e-02 1.985792e-02 1.790108e-02 1.606639e-02 1.435113e-02 1.276783e-02 1.129905e-02 9.940891e-03 8.689295e-03 7.525436e-03 6.441744e-03 5.439955e-03 4.520853e-03 3.683212e-03 2.938282e-03 2.293783e-03 1.918898e-03 1.583752e-03 1.273613e-03 9.946708e-04 7.519618e-04 5.461281e-04 3.795039e-04 2.495510e-04 1.544419e-04 8.897887e-05 4.738257e-05 2.335218e-05 1.090675e-05 4.963534e-06 2.242579e-06 1.002665e-06
1.273428e-08 9.459122e-08 2.087265e-07 3.664179e-07 6.173022e-07 1.011900e-06 1.495475e-06 2.144471e-06 3.065622e-06 4.324449e-06 5.641917e-06 7.703972e-06 1.022671e-05 1.310217e-05 1.629552e-05 2.056755e-05 2.583294e-05 3.168120e-05 3.878653e-05 4.653865e-05 5.631277e-05 6.821624e-05 8.167414e-05 9.839486e-05 1.205237e-04 1.449346e-04 1.714059e-04 2.083452e-04 2.494080e-04 2.938528e-04 3.497814e-04 4.098742e-04 4.815261e-04 5.661699e-04 6.594423e-04 8.368578e-04 1.065633e-03 1.304906e-03 1.635033e-03 2.011994e-03 2.440868e-03 3.047314e-03 3.725639e-03 4.447815e-03 5.394895e-03 6.491834e-03 7.706102e-03 9.163169e-03 1.076900e-02 1.260254e-02 1.482862e-02 1.721007e-02 1.974410e-02 2.273544e-02 2.615066e-02 2.993217e-02 3.422306e-02 3.902029e-02 4.420665e-02 4.976279e-02 5.594850e-02 6.292526e-02 7.028636e-02 7.775638e-02 8.587079e-02 9.500948e-02 1.045729e-01 1.141645e-01 1.244231e-01 1.358296e-01 1.479511e-01 1.603111e-01 1.731001e-01 1.867019e-01 2.010164e-01 2.154119e-01 2.292743e-01 2.424132e-01 2.546535e-01 2.652338e-01 2.731885e-01 2.782026e-01 2.808243e-01 2.820072e-01 2.827855e-01 2.842728e-01 2.876527e-01 2.939888e-01 3.040109e-01 3.178428e-01 3.349926e-01 3.545402e-01 3.751828e-01 3.950978e-01 4.118182e-01 4.225834e-01 4.252196e-01 4.190915e-01 4.052903e-01 3.860644e-01 3.639815e-01 3.413456e-01 3.201030e-01 3.019599e-01 2.882660e-01 2.798200e-01 2.768385e-01 2.790506e-01 2.857342e-01 2.957054e-01 3.073583e-01 3.188861e-01 3.286580e-01 3.355002e-01 3.388518e-01 3.386605e-01 3.351866e-01 3.287945e-01 3.198539e-01 3.087656e-01 2.960343e-01 2.822667e-01 2.680612e-01 2.539087e-01 2.401208e-01 2.268099e-01 2.139301e-01 2.013529e-01 1.889607e-01 1.767142e-01 1.646431e-01 1.528339e-01 1.414078e-01 1.304933e-01 1.201999e-01 1.105828e-01 1.016449e-01 9.337126e-02 8.574465e-02 7.872462e-02 7.225197e-02 6.629194e-02 6.080700e-02 5.573987e-02 5.106375e-02 4.676457e-02 4.280797e-02 3.915989e-02 3.579290e-02 3.267501e-02 2.977737e-02 2.708775e-02 2.460002e-02 2.229264e-02 2.015714e-02 1.817337e-02 1.632051e-02 1.459990e-02 1.298708e-02 1.148540e-02 1.009645e-02 8.802093e-03 7.604418e-03 6.501691e-03 5.486265e-03 4.552016e-03 3.711091e-03 2.960738e-03 2.300118e-03 1.922935e-03 1.580991e-03 1.267983e-03 9.905234e-04 7.485406e-04 5.469242e-04 3.822302e-04 2.536635e-04 1.578713e-04 9.142936e-05 4.920990e-05 2.479131e-05 1.195535e-05 5.602978e-06 2.580322e-06 1.167573e-06
1.329797e-08 8.668299e-08 2.153097e-07 3.913748e-07 6.236909e-07 9.514586e-07 1.499889e-06 2.216733e-06 3.105908e-06 4.235013e-06 5.911616e-06 7.606934e-06 9.900594e-06 1.268472e-05 1.648512e-05 2.055612e-05 2.515545e-05 3.110100e-05 3.777047e-05 4.642652e-05 5.624344e-05 6.778715e-05 8.234685e-05 1.003569e-04 1.195206e-04 1.438932e-04 1.747462e-04 2.061893e-04 2.487290e-04 3.022788e-04 3.547485e-04 4.165115e-04 4.859727e-04 5.593100e-04 6.842363e-04 8.521357e-04 1.058470e-03 1.359752e-03 1.657004e-03 2.023329e-03 2.503458e-03 3.015071e-03 3.672432e-03 4.482348e-03 5.335132e-03 6.389794e-03 7.642184e-03 8.960248e-03 1.057753e-02 1.256486e-02 1.474084e-02 1.719196e-02 1.993437e-02 2.297031e-02 2.650355e-02 3.038152e-02 3.441911e-02 3.895763e-02 4.423199e-02 5.002394e-02 5.614877e-02 6.270574e-02 6.988681e-02 7.765629e-02 8.575833e-02 9.420837e-02 1.034030e-01 1.134917e-01 1.242299e-01 1.355351e-01 1.474942e-01 1.599440e-01 1.727204e-01 1.859997e-01 1.999853e-01 2.144975e-01 2.288711e-01 2.421864e-01 2.537224e-01 2.631770e-01 2.703982e-01 2.752722e-01 2.780747e-01 2.796652e-01 2.812879e-01 2.841313e-01 2.889853e-01 2.963144e-01 3.064258e-01 3.194724e-01 3.353175e-01 3.534230e-01 3.727531e-01 3.916157e-01 4.075898e-01 4.179576e-01 4.205772e-01 4.147337e-01 4.013503e-01 3.825409e-01 3.608795e-01 3.387778e-01 3.182310e-01 3.008286e-01 2.876752e-01 2.793454e-01 2.760161e-01 2.775481e-01 2.834684e-01 2.928855e-01 3.044610e-01 3.164681e-01 3.270735e-01 3.347255e-01 3.385078e-01 3.382551e-01 3.343875e-01 3.276115e-01 3.186375e-01 3.079968e-01 2.960390e-01 2.830331e-01 2.692851e-01 2.551519e-01 2.409895e-01 2.270875e-01 2.136250e-01 2.006463e-01 1.880901e-01 1.758588e-01 1.638902e-01 1.521925e-01 1.408496e-01 1.299878e-01 1.197324e-01 1.101790e-01 1.013757e-01 9.330361e-02 8.589081e-02 7.906936e-02 7.278597e-02 6.698241e-02 6.160244e-02 5.662106e-02 5.199768e-02 4.768762e-02 4.368085e-02 3.996018e-02 3.650712e-02 3.330453e-02 3.033225e-02 2.756375e-02 2.498364e-02 2.259522e-02 2.037344e-02 1.831945e-02 1.643488e-02 1.468200e-02 1.306285e-02 1.156017e-02 1.014921e-02 8.839726e-03 7.624780e-03 6.498700e-03 5.469325e-03 4.537045e-03 3.696222e-03 2.950434e-03 2.306819e-03 1.938731e-03 1.596341e-03 1.279839e-03 9.958565e-04 7.523937e-04 5.478626e-04 3.841393e-04 2.566311e-04 1.609466e-04 9.426464e-05 5.137609e-05 2.656487e-05 1.319758e-05 6.386816e-06 2.992565e-06 1.375356e-06
1.087142e-08 7.852394e-08 1.958156e-07 3.567192e-07 5.924585e-07 9.181563e-07 1.348477e-06 2.065664e-06 3.052738e-06 4.307151e-06 5.696813e-06 7.730517e-06 9.848317e-06 1.271851e-05 1.572240e-05 1.969911e-05 2.493931e-05 3.035534e-05 3.764689e-05 4.603380e-05 5.663931e-05 6.821841e-05 8.236711e-05 9.902177e-05 1.203360e-04 1.457994e-04 1.751878e-04 2.138663e-04 2.515531e-04 2.932466e-04 3.509346e-04 4.149129e-04 4.869270e-04 5.650086e-04 6.642330e-04 8.466335e-04 1.062439e-03 1.283963e-03 1.611001e-03 2.010982e-03 2.474762e-03 3.048471e-03 3.676910e-03 4.466256e-03 5.484858e-03 6.528455e-03 7.696439e-03 9.241223e-03 1.094619e-02 1.267805e-02 1.468354e-02 1.710619e-02 2.000977e-02 2.325941e-02 2.659081e-02 3.020114e-02 3.435553e-02 3.891696e-02 4.389805e-02 4.949588e-02 5.572898e-02 6.260797e-02 7.010630e-02 7.800413e-02 8.620050e-02 9.489980e-02 1.043298e-01 1.144802e-01 1.250769e-01 1.359246e-01 1.472724e-01 1.594887e-01 1.725235e-01 1.860432e-01 1.998318e-01 2.137879e-01 2.276224e-01 2.405828e-01 2.517276e-01 2.605664e-01 2.671977e-01 2.719916e-01 2.754090e-01 2.781140e-01 2.809450e-01 2.847887e-01 2.903936e-01 2.982473e-01 3.085541e-01 3.213322e-01 3.363957e-01 3.532675e-01 3.710667e-01 3.883868e-01 4.031468e-01 4.128991e-01 4.156184e-01 4.105411e-01 3.983191e-01 3.806280e-01 3.596788e-01 3.377834e-01 3.171013e-01 2.994703e-01 2.862054e-01 2.779374e-01 2.747354e-01 2.762969e-01 2.820590e-01 2.911572e-01 3.024028e-01 3.142953e-01 3.251533e-01 3.333699e-01 3.377551e-01 3.378329e-01 3.338873e-01 3.267363e-01 3.173562e-01 3.065458e-01 2.947779e-01 2.822660e-01 2.690952e-01 2.553633e-01 2.412172e-01 2.269090e-01 2.127496e-01 1.990215e-01 1.859112e-01 1.734684e-01 1.616470e-01 1.503747e-01 1.395935e-01 1.292812e-01 1.194718e-01 1.102380e-01 1.016474e-01 9.372669e-02 8.647259e-02 7.983010e-02 7.370864e-02 6.803679e-02 6.276400e-02 5.783468e-02 5.321874e-02 4.889895e-02 4.484238e-02 4.103383e-02 3.746647e-02 3.412799e-02 3.101498e-02 2.812210e-02 2.543478e-02 2.292741e-02 2.060986e-02 1.847022e-02 1.649081e-02 1.468631e-02 1.302660e-02 1.149762e-02 1.009322e-02 8.786306e-03 7.569495e-03 6.450471e-03 5.417225e-03 4.478931e-03 3.638346e-03 2.896891e-03 2.258161e-03 1.914964e-03 1.584709e-03 1.274135e-03 9.976202e-04 7.543734e-04 5.510043e-04 3.870597e-04 2.591067e-04 1.642787e-04 9.713259e-05 5.409982e-05 2.863193e-05 1.465854e-05 7.233406e-06 3.452757e-06 1.601029e-06
1.114640e-08 7.305968e-08 1.727826e-07 3.296771e-07 5.353687e-07 8.452467e-07 1.317093e-06 1.890344e-06 2.768692e-06 3.989774e-06 5.682656e-06 7.485068e-06 9.959509e-06 1.239948e-05 1.578276e-05 2.001051e-05 2.455565e-05 3.086458e-05 3.734481e-05 4.567005e-05 5.507900e-05 6.862432e-05 8.364212e-05 1.004693e-04 1.216076e-04 1.453098e-04 1.735421e-04 2.039688e-04 2.470904e-04 2.973923e-04 3.494612e-04 4.122545e-04 4.764905e-04 5.592249e-04 6.812995e-04 8.532290e-04 1.067891e-03 1.349175e-03 1.671051e-03 2.067106e-03 2.523172e-03 3.065300e-03 3.755754e-03 4.492462e-03 5.316972e-03 6.458061e-03 7.801511e-03 9.155558e-03 1.073811e-02 1.267859e-02 1.486601e-02 1.732915e-02 2.006530e-02 2.310999e-02 2.665479e-02 3.062042e-02 3.483507e-02 3.937200e-02 4.436351e-02 4.992773e-02 5.598226e-02 6.232483e-02 6.923511e-02 7.714868e-02 8.587138e-02 9.501003e-02 1.044986e-01 1.144211e-01 1.249077e-01 1.360139e-01 1.476545e-01 1.598768e-01 1.728046e-01 1.863040e-01 1.999900e-01 2.134447e-01 2.263265e-01 2.382792e-01 2.487994e-01 2.574133e-01 2.639907e-01 2.688941e-01 2.728556e-01 2.766820e-01 2.810274e-01 2.863133e-01 2.928196e-01 3.007953e-01 3.105342e-01 3.223174e-01 3.362024e-01 3.518431e-01 3.684117e-01 3.845965e-01 3.985694e-01 4.081473e-01 4.113053e-01 4.069642e-01 3.954151e-01 3.782206e-01 3.576849e-01 3.361894e-01 3.158534e-01 2.984461e-01 2.853037e-01 2.771377e-01 2.740856e-01 2.758241e-01 2.816471e-01 2.905516e-01 3.012957e-01 3.124889e-01 3.227480e-01 3.307789e-01 3.355477e-01 3.364111e-01 3.332683e-01 3.265406e-01 3.170269e-01 3.056463e-01 2.931910e-01 2.802030e-01 2.669406e-01 2.534417e-01 2.396690e-01 2.256530e-01 2.115614e-01 1.976849e-01 1.843246e-01 1.716985e-01 1.599036e-01 1.489291e-01 1.386684e-01 1.289897e-01 1.197949e-01 1.110426e-01 1.027455e-01 9.495950e-02 8.771887e-02 8.102780e-02 7.488531e-02 6.923011e-02 6.397124e-02 5.905559e-02 5.443935e-02 5.008386e-02 4.597575e-02 4.210354e-02 3.844832e-02 3.500238e-02 3.176814e-02 2.874381e-02 2.592733e-02 2.332690e-02 2.092494e-02 1.870909e-02 1.667793e-02 1.480372e-02 1.308625e-02 1.151373e-02 1.006281e-02 8.732566e-03 7.513845e-03 6.386595e-03 5.360891e-03 4.425512e-03 3.584005e-03 2.842272e-03 2.206550e-03 1.873403e-03 1.550835e-03 1.256373e-03 9.881876e-04 7.556754e-04 5.569049e-04 3.927011e-04 2.649298e-04 1.684283e-04 1.013966e-04 5.757999e-05 3.137167e-05 1.640333e-05 8.189305e-06 3.932400e-06 1.836992e-06
9.405286e-09 6.588978e-08 1.652931e-07 2.884096e-07 5.059764e-07 8.135479e-07 1.236775e-06 1.887750e-06 2.702965e-06 3.824739e-06 5.226183e-06 7.267144e-06 9.537628e-06 1.271321e-05 1.624435e-05 1.978598e-05 2.441294e-05 2.978592e-05 3.760891e-05 4.592775e-05 5.658792e-05 6.761697e-05 8.208279e-05 1.017527e-04 1.211344e-04 1.462919e-04 1.759397e-04 2.118744e-04 2.490247e-04 2.927895e-04 3.453897e-04 4.006448e-04 4.792738e-04 5.574847e-04 6.730728e-04 8.491891e-04 1.066458e-03 1.330106e-03 1.644900e-03 2.014645e-03 2.493334e-03 3.063816e-03 3.725993e-03 4.569096e-03 5.536006e-03 6.548117e-03 7.765905e-03 9.276801e-03 1.096888e-02 1.289614e-02 1.510496e-02 1.746231e-02 2.009009e-02 2.314462e-02 2.654327e-02 3.037339e-02 3.480398e-02 3.975385e-02 4.491843e-02 5.014728e-02 5.591393e-02 6.261142e-02 6.980349e-02 7.736100e-02 8.584656e-02 9.522623e-02 1.049283e-01 1.148763e-01 1.253246e-01 1.363017e-01 1.477773e-01 1.598384e-01 1.725150e-01 1.856737e-01 1.990051e-01 2.119900e-01 2.240542e-01 2.348620e-01 2.443486e-01 2.525361e-01 2.595278e-01 2.656202e-01 2.711522e-01 2.763961e-01 2.816605e-01 2.874192e-01 2.942267e-01 3.024635e-01 3.122230e-01 3.234946e-01 3.363597e-01 3.507906e-01 3.662425e-01 3.814181e-01 3.943636e-01 4.029053e-01 4.053380e-01 4.009648e-01 3.901549e-01 3.741326e-01 3.547553e-01 3.341529e-01 3.144268e-01 2.974141e-01 2.844748e-01 2.763591e-01 2.732466e-01 2.748860e-01 2.806409e-01 2.895025e-01 3.001953e-01 3.112891e-01 3.213843e-01 3.292640e-01 3.340235e-01 3.351316e-01 3.324350e-01 3.261402e-01 3.167931e-01 3.051755e-01 2.921511e-01 2.784809e-01 2.646879e-01 2.510233e-01 2.375225e-01 2.241003e-01 2.106839e-01 1.973101e-01 1.841606e-01 1.714934e-01 1.595526e-01 1.484798e-01 1.382959e-01 1.289077e-01 1.201694e-01 1.119420e-01 1.041264e-01 9.666508e-02 8.955721e-02 8.285627e-02 7.658280e-02 7.074284e-02 6.534214e-02 6.031256e-02 5.558361e-02 5.113164e-02 4.691848e-02 4.291866e-02 3.914212e-02 3.559809e-02 3.227404e-02 2.916441e-02 2.628094e-02 2.361083e-02 2.115105e-02 1.889870e-02 1.682935e-02 1.493566e-02 1.319478e-02 1.158229e-02 1.009997e-02 8.732297e-03 7.472747e-03 6.329773e-03 5.286683e-03 4.351628e-03 3.517516e-03 2.784207e-03 2.162143e-03 1.833953e-03 1.523882e-03 1.234367e-03 9.775871e-04 7.524608e-04 5.594007e-04 3.996373e-04 2.705420e-04 1.746190e-04 1.064024e-04 6.222440e-05 3.485223e-05 1.855200e-05 9.345468e-06 4.471016e-06 2.102085e-06
8.748453e-09 5.972233e-08 1.516892e-07 3.096744e-07 5.026486e-07 8.082105e-07 1.246561e-06 1.831976e-06 2.680463e-06 3.759791e-06 5.285028e-06 7.020616e-06 9.496368e-06 1.241749e-05 1.572366e-05 2.012775e-05 2.538530e-05 3.130894e-05 3.713889e-05 4.573002e-05 5.601827e-05 6.907739e-05 8.438848e-05 9.966247e-05 1.223703e-04 1.462711e-04 1.739956e-04 2.073421e-04 2.469865e-04 2.922733e-04 3.441463e-04 4.108851e-04 4.719635e-04 5.440437e-04 6.851243e-04 8.714849e-04 1.101236e-03 1.380710e-03 1.716443e-03 2.110782e-03 2.575919e-03 3.160401e-03 3.842914e-03 4.620012e-03 5.565519e-03 6.654804e-03 7.848424e-03 9.256313e-03 1.098016e-02 1.294496e-02 1.516735e-02 1.774896e-02 2.053266e-02 2.351408e-02 2.695397e-02 3.084784e-02 3.508748e-02 3.973173e-02 4.494302e-02 5.074288e-02 5.680434e-02 6.312896e-02 7.016988e-02 7.785149e-02 8.592932e-02 9.480897e-02 1.046410e-01 1.148525e-01 1.252533e-01 1.362988e-01 1.481717e-01 1.605271e-01 1.730671e-01 1.857300e-01 1.982784e-01 2.102412e-01 2.212556e-01 2.313133e-01 2.406198e-01 2.492435e-01 2.569114e-01 2.634518e-01 2.692612e-01 2.750090e-01 2.811973e-01 2.880865e-01 2.958841e-01 3.048269e-01 3.149775e-01 3.261230e-01 3.379807e-01 3.504888e-01 3.635884e-01 3.767045e-01 3.883603e-01 3.963847e-01 3.987658e-01 3.945999e-01 3.843430e-01 3.693433e-01 3.512509e-01 3.317817e-01 3.127509e-01 2.960385e-01 2.832355e-01 2.752721e-01 2.723619e-01 2.741864e-01 2.800251e-01 2.888715e-01 2.994730e-01 3.104244e-01 3.203072e-01 3.278747e-01 3.322761e-01 3.331035e-01 3.303692e-01 3.243481e-01 3.155072e-01 3.044111e-01 2.916904e-01 2.779828e-01 2.638488e-01 2.497400e-01 2.359512e-01 2.225870e-01 2.095948e-01 1.968669e-01 1.843709e-01 1.721931e-01 1.604958e-01 1.494606e-01 1.392285e-01 1.298583e-01 1.212989e-01 1.134026e-01 1.059980e-01 9.893672e-02 9.211376e-02 8.547560e-02 7.904701e-02 7.289586e-02 6.706893e-02 6.161222e-02 5.656023e-02 5.185759e-02 4.745926e-02 4.334756e-02 3.948629e-02 3.586416e-02 3.248302e-02 2.934532e-02 2.643049e-02 2.373749e-02 2.125723e-02 1.896842e-02 1.687733e-02 1.496008e-02 1.319860e-02 1.158305e-02 1.008893e-02 8.707442e-03 7.438431e-03 6.271603e-03 5.218548e-03 4.271277e-03 3.438910e-03 2.715932e-03 2.128455e-03 1.808310e-03 1.503681e-03 1.223635e-03 9.710393e-04 7.495126e-04 5.604925e-04 4.014533e-04 2.755231e-04 1.790687e-04 1.117344e-04 6.698832e-05 3.864022e-05 2.103203e-05 1.064775e-05 5.160264e-06 2.423979e-06
8.874549e-09 6.010008e-08 1.601892e-07 2.891902e-07 4.976910e-07 7.726598e-07 1.205154e-06 1.872062e-06 2.738461e-06 3.888715e-06 5.276795e-06 7.408939e-06 9.735775e-06 1.235447e-05 1.605970e-05 2.056682e-05 2.525526e-05 3.105044e-05 3.907299e-05 4.781039e-05 5.784664e-05 6.970905e-05 8.319016e-05 1.018550e-04 1.208206e-04 1.457374e-04 1.752542e-04 2.069097e-04 2.462764e-04 2.920851e-04 3.467147e-04 4.041705e-04 4.737969e-04 5.599221e-04 7.061014e-04 8.848450e-04 1.096498e-03 1.355124e-03 1.690665e-03 2.120361e-03 2.613737e-03 3.172693e-03 3.877468e-03 4.702851e-03 5.634882e-03 6.782334e-03 8.138130e-03 9.647668e-03 1.131758e-02 1.319008e-02 1.530018e-02 1.769098e-02 2.048677e-02 2.364316e-02 2.704466e-02 3.078323e-02 3.492668e-02 3.953139e-02 4.475553e-02 5.068105e-02 5.721357e-02 6.409391e-02 7.130001e-02 7.913373e-02 8.743560e-02 9.584854e-02 1.047539e-01 1.146933e-01 1.255191e-01 1.368490e-01 1.486343e-01 1.608267e-01 1.730148e-01 1.848666e-01 1.965167e-01 2.081883e-01 2.197741e-01 2.306840e-01 2.401754e-01 2.480911e-01 2.549652e-01 2.613055e-01 2.674280e-01 2.738485e-01 2.811912e-01 2.896250e-01 2.987567e-01 3.082016e-01 3.180279e-01 3.284670e-01 3.394811e-01 3.508148e-01 3.622132e-01 3.733070e-01 3.831793e-01 3.901860e-01 3.923951e-01 3.885038e-01 3.785655e-01 3.639551e-01 3.466447e-01 3.284571e-01 3.109000e-01 2.953722e-01 2.831713e-01 2.753028e-01 2.722796e-01 2.740411e-01 2.799514e-01 2.888736e-01 2.993769e-01 3.099560e-01 3.192786e-01 3.262899e-01 3.302769e-01 3.308668e-01 3.280199e-01 3.219915e-01 3.132539e-01 3.023593e-01 2.898526e-01 2.762773e-01 2.621149e-01 2.478149e-01 2.337613e-01 2.202368e-01 2.073752e-01 1.951856e-01 1.835879e-01 1.724717e-01 1.617490e-01 1.514076e-01 1.415077e-01 1.321421e-01 1.233841e-01 1.152505e-01 1.076734e-01 1.005361e-01 9.372003e-02 8.712853e-02 8.070020e-02 7.443204e-02 6.838650e-02 6.265169e-02 5.728013e-02 5.231479e-02 4.776575e-02 4.357875e-02 3.970691e-02 3.609977e-02 3.272442e-02 2.956505e-02 2.662100e-02 2.388524e-02 2.134734e-02 1.901467e-02 1.686263e-02 1.488730e-02 1.308350e-02 1.143422e-02 9.929464e-03 8.560977e-03 7.311052e-03 6.171649e-03 5.134966e-03 4.204551e-03 3.374674e-03 2.654195e-03 2.110800e-03 1.781950e-03 1.475509e-03 1.199662e-03 9.536014e-04 7.373125e-04 5.508664e-04 3.969089e-04 2.736197e-04 1.810133e-04 1.151033e-04 7.106506e-05 4.207628e-05 2.331150e-05 1.207077e-05 5.895125e-06 2.839633e-06
7.382890e-09 5.803192e-08 1.382181e-07 2.796675e-07 4.841026e-07 8.033309e-07 1.233248e-06 1.790558e-06 2.689518e-06 4.003577e-06 5.693068e-06 7.263707e-06 9.512935e-06 1.277528e-05 1.624144e-05 2.007092e-05 2.583195e-05 3.273674e-05 3.980284e-05 4.731657e-05 5.671696e-05 6.871182e-05 8.427979e-05 1.010332e-04 1.217703e-04 1.451821e-04 1.727157e-04 2.077909e-04 2.458360e-04 2.925974e-04 3.446848e-04 4.036988e-04 4.754379e-04 5.627228e-04 7.087202e-04 8.947878e-04 1.140721e-03 1.437322e-03 1.772645e-03 2.176701e-03 2.688590e-03 3.274637e-03 3.901720e-03 4.665034e-03 5.610392e-03 6.719226e-03 8.048150e-03 9.530395e-03 1.114860e-02 1.304864e-02 1.525572e-02 1.778139e-02 2.069817e-02 2.396923e-02 2.747105e-02 3.123572e-02 3.541799e-02 4.005289e-02 4.512015e-02 5.066143e-02 5.685180e-02 6.392337e-02 7.161745e-02 7.951234e-02 8.764645e-02 9.609148e-02 1.048956e-01 1.145505e-01 1.254310e-01 1.370910e-01 1.488380e-01 1.605876e-01 1.726067e-01 1.847865e-01 1.968071e-01 2.085440e-01 2.198908e-01 2.304936e-01 2.397663e-01 2.473174e-01 2.535172e-01 2.593808e-01 2.657345e-01 2.728211e-01 2.807439e-01 2.897528e-01 2.998125e-01 3.102732e-01 3.204032e-01 3.300949e-01 3.397560e-01 3.497038e-01 3.598456e-01 3.696462e-01 3.781527e-01 3.840347e-01 3.858626e-01 3.826251e-01 3.740406e-01 3.607616e-01 3.443458e-01 3.267886e-01 3.099598e-01 2.953640e-01 2.840464e-01 2.766276e-01 2.734487e-01 2.746054e-01 2.798320e-01 2.883213e-01 2.987273e-01 3.093372e-01 3.184938e-01 3.249428e-01 3.280635e-01 3.277564e-01 3.242508e-01 3.178998e-01 3.091071e-01 2.982886e-01 2.859150e-01 2.725257e-01 2.586713e-01 2.448122e-01 2.312690e-01 2.182548e-01 2.058810e-01 1.941949e-01 1.831641e-01 1.727083e-01 1.627109e-01 1.530552e-01 1.436468e-01 1.344769e-01 1.256001e-01 1.170998e-01 1.090458e-01 1.014872e-01 9.440926e-02 8.774304e-02 8.139417e-02 7.530850e-02 6.944525e-02 6.379118e-02 5.838104e-02 5.327094e-02 4.850189e-02 4.410235e-02 4.006523e-02 3.635028e-02 3.291342e-02 2.971610e-02 2.672704e-02 2.393626e-02 2.135232e-02 1.896090e-02 1.675849e-02 1.474261e-02 1.289322e-02 1.120714e-02 9.684351e-03 8.309058e-03 7.074628e-03 5.970804e-03 4.980076e-03 4.091119e-03 3.301200e-03 2.604858e-03 2.103503e-03 1.763606e-03 1.450597e-03 1.171008e-03 9.282248e-04 7.163915e-04 5.354935e-04 3.866399e-04 2.688331e-04 1.805196e-04 1.177059e-04 7.465481e-05 4.503959e-05 2.543476e-05 1.329517e-05 6.661676e-06 3.249162e-06
7.106216e-09 4.885062e-08 1.388727e-07 2.547823e-07 4.469444e-07 7.536679e-07 1.213506e-06 1.941876e-06 2.808562e-06 3.845621e-06 5.309525e-06 7.636261e-06 1.013564e-05 1.272482e-05 1.639626e-05 2.121991e-05 2.587301e-05 3.106582e-05 3.787905e-05 4.756123e-05 5.855516e-05 6.999952e-05 8.288113e-05 9.932021e-05 1.199647e-04 1.432867e-04 1.710124e-04 2.040833e-04 2.452429e-04 2.887549e-04 3.393556e-04 4.021320e-04 4.687457e-04 5.583547e-04 7.215468e-04 9.200131e-04 1.138228e-03 1.415826e-03 1.773648e-03 2.168465e-03 2.618886e-03 3.200372e-03 3.916515e-03 4.742107e-03 5.700980e-03 6.784137e-03 7.996904e-03 9.504091e-03 1.131752e-02 1.330111e-02 1.553117e-02 1.803020e-02 2.068599e-02 2.369346e-02 2.727272e-02 3.123794e-02 3.551868e-02 4.022637e-02 4.524481e-02 5.070401e-02 5.694408e-02 6.384794e-02 7.115273e-02 7.884385e-02 8.710500e-02 9.619773e-02 1.060197e-01 1.160644e-01 1.261569e-01 1.366015e-01 1.476085e-01 1.591136e-01 1.711089e-01 1.836429e-01 1.964366e-01 2.087854e-01 2.198606e-01 2.292974e-01 2.374388e-01 2.447502e-01 2.514014e-01 2.577167e-01 2.645321e-01 2.725689e-01 2.817324e-01 2.913983e-01 3.011691e-01 3.109007e-01 3.203110e-01 3.291999e-01 3.378210e-01 3.467096e-01 3.561136e-01 3.655990e-01 3.739997e-01 3.797150e-01 3.812754e-01 3.778934e-01 3.696260e-01 3.571945e-01 3.418122e-01 3.250656e-01 3.087606e-01 2.946357e-01 2.839666e-01 2.773498e-01 2.747929e-01 2.760018e-01 2.805550e-01 2.878958e-01 2.971761e-01 3.071584e-01 3.162677e-01 3.229308e-01 3.260189e-01 3.251868e-01 3.208004e-01 3.136398e-01 3.044655e-01 2.938530e-01 2.821683e-01 2.697001e-01 2.567289e-01 2.435787e-01 2.305815e-01 2.179933e-01 2.059719e-01 1.945651e-01 1.837364e-01 1.734164e-01 1.635273e-01 1.539983e-01 1.447681e-01 1.357961e-01 1.270507e-01 1.185576e-01 1.103986e-01 1.026334e-01 9.530524e-02 8.842541e-02 8.198227e-02 7.590809e-02 7.012898e-02 6.460428e-02 5.928485e-02 5.416116e-02 4.927090e-02 4.465302e-02 4.034902e-02 3.639522e-02 3.278661e-02 2.948169e-02 2.644948e-02 2.365958e-02 2.107514e-02 1.869548e-02 1.651495e-02 1.451006e-02 1.267851e-02 1.101197e-02 9.490993e-03 8.118461e-03 6.883435e-03 5.779505e-03 4.800537e-03 3.936156e-03 3.177581e-03 2.517381e-03 2.075313e-03 1.745668e-03 1.434034e-03 1.156085e-03 9.129391e-04 7.038355e-04 5.275073e-04 3.822027e-04 2.687179e-04 1.834192e-04 1.230094e-04 7.974032e-05 4.906421e-05 2.774120e-05 1.466432e-05 7.355696e-06 3.670311e-06
6.529445e-09 5.305314e-08 1.293037e-07 2.738180e-07 4.737694e-07 7.529413e-07 1.194882e-06 1.758851e-06 2.657148e-06 3.939252e-06 5.467238e-06 7.262573e-06 9.928966e-06 1.318237e-05 1.640578e-05 2.004284e-05 2.525197e-05 3.168141e-05 3.900880e-05 4.636645e-05 5.556587e-05 6.793166e-05 8.270593e-05 1.001037e-04 1.189190e-04 1.439502e-04 1.734734e-04 2.053253e-04 2.426910e-04 2.900074e-04 3.447432e-04 4.059412e-04 4.768205e-04 5.784881e-04 7.293081e-04 9.169123e-04 1.172506e-03 1.462093e-03 1.776958e-03 2.190328e-03 2.687339e-03 3.245890e-03 3.933772e-03 4.739080e-03 5.642616e-03 6.717473e-03 7.980695e-03 9.418366e-03 1.116246e-02 1.324685e-02 1.550275e-02 1.795862e-02 2.081413e-02 2.401257e-02 2.751522e-02 3.149448e-02 3.581779e-02 4.043744e-02 4.578795e-02 5.172241e-02 5.764196e-02 6.372993e-02 7.052078e-02 7.812319e-02 8.653397e-02 9.582623e-02 1.057840e-01 1.158268e-01 1.257007e-01 1.358890e-01 1.469455e-01 1.588785e-01 1.713702e-01 1.840931e-01 1.965338e-01 2.080238e-01 2.181648e-01 2.269460e-01 2.346324e-01 2.417795e-01 2.490208e-01 2.566649e-01 2.647535e-01 2.734037e-01 2.827136e-01 2.923667e-01 3.018577e-01 3.109957e-01 3.198417e-01 3.284005e-01 3.367013e-01 3.449211e-01 3.532147e-01 3.613824e-01 3.686092e-01 3.735465e-01 3.747933e-01 3.715430e-01 3.638503e-01 3.524902e-01 3.386568e-01 3.236473e-01 3.087861e-01 2.954808e-01 2.850431e-01 2.783695e-01 2.757617e-01 2.769457e-01 2.812609e-01 2.878758e-01 2.959386e-01 3.045369e-01 3.126050e-01 3.189187e-01 3.222877e-01 3.219193e-01 3.177209e-01 3.103316e-01 3.007906e-01 2.900775e-01 2.788538e-01 2.673801e-01 2.556759e-01 2.437003e-01 2.315236e-01 2.193393e-01 2.074095e-01 1.959402e-01 1.850042e-01 1.745730e-01 1.645901e-01 1.550015e-01 1.457511e-01 1.368070e-01 1.281640e-01 1.198289e-01 1.117767e-01 1.040030e-01 9.653614e-02 8.941204e-02 8.266727e-02 7.631171e-02 7.034439e-02 6.471137e-02 5.937370e-02 5.430407e-02 4.944746e-02 4.481393e-02 4.043949e-02 3.634820e-02 3.257819e-02 2.915083e-02 2.605062e-02 2.323802e-02 2.068843e-02 1.835626e-02 1.621073e-02 1.424207e-02 1.243711e-02 1.078731e-02 9.289738e-03 7.931961e-03 6.710785e-03 5.615883e-03 4.638166e-03 3.778635e-03 3.028661e-03 2.385716e-03 2.018815e-03 1.703602e-03 1.409364e-03 1.140321e-03 9.019243e-04 6.969249e-04 5.239117e-04 3.836371e-04 2.726807e-04 1.907302e-04 1.310292e-04 8.746319e-05 5.432348e-05 3.100362e-05 1.622750e-05 8.165507e-06 4.077446e-06
6.163637e-09 4.898932e-08 1.380736e-07 2.661222e-07 4.744902e-07 7.705012e-07 1.163770e-06 1.807443e-06 2.624460e-06 3.748926e-06 5.400314e-06 7.357100e-06 9.401874e-06 1.228715e-05 1.626037e-05 2.071164e-05 2.512676e-05 3.039702e-05 3.704068e-05 4.584460e-05 5.575492e-05 6.763003e-05 8.236269e-05 9.838230e-05 1.195922e-04 1.429310e-04 1.715172e-04 2.082876e-04 2.474855e-04 2.918415e-04 3.461301e-04 4.030637e-04 4.651072e-04 5.901119e-04 7.498895e-04 9.413514e-04 1.149467e-03 1.420096e-03 1.777371e-03 2.174470e-03 2.662362e-03 3.260719e-03 3.938718e-03 4.765272e-03 5.748343e-03 6.870157e-03 8.228594e-03 9.804294e-03 1.145008e-02 1.328487e-02 1.552902e-02 1.815967e-02 2.105485e-02 2.415311e-02 2.743928e-02 3.110993e-02 3.554874e-02 4.060671e-02 4.579607e-02 5.130362e-02 5.739886e-02 6.379245e-02 7.057590e-02 7.831725e-02 8.694153e-02 9.577393e-02 1.047708e-01 1.145222e-01 1.250533e-01 1.358673e-01 1.469785e-01 1.587480e-01 1.709690e-01 1.829870e-01 1.944355e-01 2.052014e-01 2.151285e-01 2.241145e-01 2.322766e-01 2.399879e-01 2.477966e-01 2.561653e-01 2.650915e-01 2.742876e-01 2.837103e-01 2.934478e-01 3.032425e-01 3.125860e-01 3.212390e-01 3.292668e-01 3.368319e-01 3.441072e-01 3.512423e-01 3.581324e-01 3.641604e-01 3.681778e-01 3.689362e-01 3.656966e-01 3.585038e-01 3.480117e-01 3.352480e-01 3.213732e-01 3.075957e-01 2.951632e-01 2.852374e-01 2.786895e-01 2.759653e-01 2.770153e-01 2.812738e-01 2.877407e-01 2.952382e-01 3.026608e-01 3.091137e-01 3.139195e-01 3.165022e-01 3.163552e-01 3.131309e-01 3.068761e-01 2.981056e-01 2.877203e-01 2.766597e-01 2.655662e-01 2.546652e-01 2.438480e-01 2.328659e-01 2.215692e-01 2.100148e-01 1.984429e-01 1.871457e-01 1.763391e-01 1.660998e-01 1.563697e-01 1.470438e-01 1.380345e-01 1.293064e-01 1.208509e-01 1.126821e-01 1.048256e-01 9.726791e-02 9.001172e-02 8.308323e-02 7.650065e-02 7.027088e-02 6.441374e-02 5.893062e-02 5.376916e-02 4.891820e-02 4.435562e-02 4.005389e-02 3.602254e-02 3.226624e-02 2.880472e-02 2.564666e-02 2.279296e-02 2.022339e-02 1.790246e-02 1.579352e-02 1.386457e-02 1.209869e-02 1.047855e-02 9.009417e-03 7.685531e-03 6.495617e-03 5.431718e-03 4.489435e-03 3.649755e-03 2.914805e-03 2.310753e-03 1.983101e-03 1.671850e-03 1.384264e-03 1.121845e-03 8.892099e-04 6.878964e-04 5.203292e-04 3.835180e-04 2.774215e-04 1.982176e-04 1.401737e-04 9.554594e-05 6.053400e-05 3.464011e-05 1.815866e-05 9.093803e-06 4.562920e-06
5.438284e-09 4.433121e-08 1.222731e-07 2.396390e-07 4.129695e-07 7.199283e-07 1.178617e-06 1.778700e-06 2.746056e-06 3.921364e-06 5.277775e-06 7.309598e-06 1.015139e-05 1.278434e-05 1.573333e-05 1.958565e-05 2.504294e-05 3.124157e-05 3.805841e-05 4.597486e-05 5.667359e-05 6.799774e-05 8.060871e-05 9.975253e-05 1.210120e-04 1.465231e-04 1.744733e-04 2.049041e-04 2.470020e-04 2.945621e-04 3.428274e-04 4.050600e-04 4.820411e-04 5.916161e-04 7.496199e-04 9.396240e-04 1.184043e-03 1.465376e-03 1.804673e-03 2.249903e-03 2.746977e-03 3.320644e-03 4.001812e-03 4.770556e-03 5.749305e-03 6.972279e-03 8.278587e-03 9.711592e-03 1.145678e-02 1.346705e-02 1.569204e-02 1.821780e-02 2.100550e-02 2.412193e-02 2.775983e-02 3.172233e-02 3.581973e-02 4.044477e-02 4.567248e-02 5.107927e-02 5.688079e-02 6.359013e-02 7.096804e-02 7.853448e-02 8.637599e-02 9.477063e-02 1.036348e-01 1.130409e-01 1.235475e-01 1.352500e-01 1.473478e-01 1.592223e-01 1.709544e-01 1.824323e-01 1.931249e-01 2.028650e-01 2.120135e-01 2.208900e-01 2.295688e-01 2.380252e-01 2.463434e-01 2.548412e-01 2.639041e-01 2.735638e-01 2.835400e-01 2.935959e-01 3.035447e-01 3.130882e-01 3.219809e-01 3.301241e-01 3.375396e-01 3.443042e-01 3.504780e-01 3.559464e-01 3.602864e-01 3.627036e-01 3.623382e-01 3.586553e-01 3.517271e-01 3.421459e-01 3.307944e-01 3.185817e-01 3.064662e-01 2.954764e-01 2.866119e-01 2.805903e-01 2.777845e-01 2.782150e-01 2.815173e-01 2.869542e-01 2.934746e-01 2.999189e-01 3.053332e-01 3.091255e-01 3.110420e-01 3.109496e-01 3.087105e-01 3.041375e-01 2.971598e-01 2.880267e-01 2.773684e-01 2.659738e-01 2.545417e-01 2.434598e-01 2.327574e-01 2.222053e-01 2.115156e-01 2.005718e-01 1.894992e-01 1.785475e-01 1.679574e-01 1.578685e-01 1.483174e-01 1.392201e-01 1.304513e-01 1.219273e-01 1.136224e-01 1.055471e-01 9.775255e-02 9.029028e-02 8.315814e-02 7.636451e-02 6.994644e-02 6.391242e-02 5.824960e-02 5.297878e-02 4.808533e-02 4.352946e-02 3.930108e-02 3.537703e-02 3.174062e-02 2.836777e-02 2.526131e-02 2.242653e-02 1.984051e-02 1.750214e-02 1.539336e-02 1.348391e-02 1.174336e-02 1.016841e-02 8.736384e-03 7.438709e-03 6.280350e-03 5.247772e-03 4.331278e-03 3.529520e-03 2.830528e-03 2.312764e-03 1.991447e-03 1.678312e-03 1.384231e-03 1.118891e-03 8.835952e-04 6.829696e-04 5.160339e-04 3.825975e-04 2.804528e-04 2.047670e-04 1.481380e-04 1.027652e-04 6.585583e-05 3.796376e-05 2.007764e-05 1.011389e-05 5.159856e-06
5.088999e-09 4.163308e-08 1.039988e-07 2.203355e-07 4.185781e-07 6.860873e-07 1.125051e-06 1.750634e-06 2.503162e-06 3.798570e-06 5.629529e-06 7.495811e-06 9.375155e-06 1.261975e-05 1.635100e-05 2.072276e-05 2.513754e-05 3.084906e-05 3.828794e-05 4.686729e-05 5.557039e-05 6.834224e-05 8.572727e-05 1.013537e-04 1.211351e-04 1.448424e-04 1.753134e-04 2.128936e-04 2.496953e-04 2.948268e-04 3.509053e-04 4.124190e-04 4.838722e-04 6.070144e-04 7.561820e-04 9.531859e-04 1.183712e-03 1.478115e-03 1.810745e-03 2.182910e-03 2.696154e-03 3.313759e-03 4.062674e-03 4.998796e-03 5.985982e-03 7.065589e-03 8.404088e-03 9.964682e-03 1.168416e-02 1.364688e-02 1.584828e-02 1.819242e-02 2.086549e-02 2.400047e-02 2.745712e-02 3.136742e-02 3.573452e-02 4.017784e-02 4.497984e-02 5.068492e-02 5.707232e-02 6.395489e-02 7.143394e-02 7.915621e-02 8.679339e-02 9.477510e-02 1.037433e-01 1.137052e-01 1.242713e-01 1.353975e-01 1.470869e-01 1.587226e-01 1.696487e-01 1.800108e-01 1.902732e-01 2.004124e-01 2.100665e-01 2.190222e-01 2.273835e-01 2.354946e-01 2.436984e-01 2.522296e-01 2.613526e-01 2.713338e-01 2.820522e-01 2.930395e-01 3.038046e-01 3.139411e-01 3.230926e-01 3.310803e-01 3.379460e-01 3.438461e-01 3.488855e-01 3.529780e-01 3.558441e-01 3.570371e-01 3.560642e-01 3.525410e-01 3.463546e-01 3.378179e-01 3.276643e-01 3.167493e-01 3.059271e-01 2.960328e-01 2.878703e-01 2.820505e-01 2.789274e-01 2.785962e-01 2.808799e-01 2.853157e-01 2.911513e-01 2.973793e-01 3.029105e-01 3.068388e-01 3.086439e-01 3.082157e-01 3.057075e-01 3.013166e-01 2.951368e-01 2.872035e-01 2.776366e-01 2.668070e-01 2.553213e-01 2.438277e-01 2.327637e-01 2.222520e-01 2.121329e-01 2.021002e-01 1.918706e-01 1.813626e-01 1.707057e-01 1.601569e-01 1.499683e-01 1.402722e-01 1.310903e-01 1.223225e-01 1.138587e-01 1.056520e-01 9.769160e-02 9.000564e-02 8.266964e-02 7.574675e-02 6.923474e-02 6.312577e-02 5.744405e-02 5.216577e-02 4.726353e-02 4.274082e-02 3.855840e-02 3.468984e-02 3.111551e-02 2.783027e-02 2.481328e-02 2.203336e-02 1.949538e-02 1.717639e-02 1.506087e-02 1.314332e-02 1.142030e-02 9.864425e-03 8.465628e-03 7.218370e-03 6.089905e-03 5.084937e-03 4.197522e-03 3.414902e-03 2.735920e-03 2.309141e-03 2.000631e-03 1.689183e-03 1.393076e-03 1.120894e-03 8.829252e-04 6.800456e-04 5.133067e-04 3.822626e-04 2.838391e-04 2.117423e-04 1.559369e-04 1.092271e-04 6.992766e-05 4.057627e-05 2.156983e-05 1.116171e-05 5.786582e-06
4.517777e-09 3.833362e-08 1.170020e-07 2.340169e-07 4.095830e-07 6.844836e-07 1.047061e-06 1.681143e-06 2.696824e-06 3.662338e-06 4.933621e-06 6.935579e-06 9.838306e-06 1.239187e-05 1.588773e-05 1.985580e-05 2.527724e-05 3.124794e-05 3.806702e-05 4.727194e-05 5.925050e-05 7.156848e-05 8.315395e-05 1.017940e-04 1.228631e-04 1.485816e-04 1.771320e-04 2.085231e-04 2.504690e-04 2.937975e-04 3.475620e-04 4.076646e-04 4.706958e-04 6.166211e-04 7.815554e-04 9.683954e-04 1.220913e-03 1.509056e-03 1.881226e-03 2.337501e-03 2.814790e-03 3.431143e-03 4.159275e-03 4.958150e-03 5.961054e-03 7.084743e-03 8.319008e-03 9.843456e-03 1.164855e-02 1.361424e-02 1.577058e-02 1.826748e-02 2.113485e-02 2.433352e-02 2.791128e-02 3.175905e-02 3.585336e-02 4.045101e-02 4.554116e-02 5.117229e-02 5.756824e-02 6.434411e-02 7.111868e-02 7.831880e-02 8.636733e-02 9.518936e-02 1.046955e-01 1.148215e-01 1.251864e-01 1.354591e-01 1.458754e-01 1.567944e-01 1.680337e-01 1.790977e-01 1.896225e-01 1.993445e-01 2.081719e-01 2.163568e-01 2.242777e-01 2.322409e-01 2.405883e-01 2.496503e-01 2.595551e-01 2.702542e-01 2.815720e-01 2.931646e-01 3.045236e-01 3.150107e-01 3.239989e-01 3.312582e-01 3.370726e-01 3.419038e-01 3.459481e-01 3.490522e-01 3.508984e-01 3.512050e-01 3.497821e-01 3.464825e-01 3.411617e-01 3.338306e-01 3.248697e-01 3.150172e-01 3.051772e-01 2.962341e-01 2.889075e-01 2.836717e-01 2.807425e-01 2.801698e-01 2.818131e-01 2.853319e-01 2.901770e-01 2.955846e-01 3.006136e-01 3.043161e-01 3.059743e-01 3.053265e-01 3.025753e-01 2.981558e-01 2.924443e-01 2.856027e-01 2.776056e-01 2.683814e-01 2.580324e-01 2.468771e-01 2.353971e-01 2.240662e-01 2.131822e-01 2.027724e-01 1.926521e-01 1.825634e-01 1.723004e-01 1.618589e-01 1.513985e-01 1.411633e-01 1.313507e-01 1.220577e-01 1.132958e-01 1.049802e-01 9.701070e-02 8.935054e-02 8.200817e-02 7.502329e-02 6.844704e-02 6.232721e-02 5.663061e-02 5.135164e-02 4.649359e-02 4.200042e-02 3.785391e-02 3.402559e-02 3.048810e-02 2.723002e-02 2.423158e-02 2.150035e-02 1.900813e-02 1.673655e-02 1.466747e-02 1.279022e-02 1.108420e-02 9.556131e-03 8.194421e-03 6.972582e-03 5.895356e-03 4.934913e-03 4.072887e-03 3.314381e-03 2.653055e-03 2.275081e-03 1.967146e-03 1.663478e-03 1.369266e-03 1.102278e-03 8.672623e-04 6.680200e-04 5.061204e-04 3.803157e-04 2.877142e-04 2.197704e-04 1.644112e-04 1.157758e-04 7.382242e-05 4.252903e-05 2.291994e-05 1.197454e-05 6.452823e-06
4.365351e-09 3.927438e-08 1.064434e-07 2.216916e-07 3.838390e-07 6.525096e-07 1.118122e-06 1.648908e-06 2.349216e-06 3.667194e-06 5.226945e-06 7.020070e-06 8.920823e-06 1.220854e-05 1.565369e-05 2.003230e-05 2.480183e-05 3.134330e-05 3.926722e-05 4.690768e-05 5.655735e-05 6.894136e-05 8.632273e-05 1.027118e-04 1.227645e-04 1.448570e-04 1.726688e-04 2.082708e-04 2.456340e-04 2.982962e-04 3.475482e-04 4.017921e-04 5.056820e-04 6.206215e-04 7.912628e-04 9.981864e-04 1.216132e-03 1.519416e-03 1.875294e-03 2.299149e-03 2.844458e-03 3.431709e-03 4.163619e-03 5.052990e-03 5.998153e-03 7.182558e-03 8.587950e-03 1.006626e-02 1.175240e-02 1.370947e-02 1.592651e-02 1.849993e-02 2.137940e-02 2.447592e-02 2.783265e-02 3.154583e-02 3.571958e-02 4.049954e-02 4.591201e-02 5.161894e-02 5.742923e-02 6.365646e-02 7.056119e-02 7.821672e-02 8.673760e-02 9.595647e-02 1.053753e-01 1.148225e-01 1.246224e-01 1.348272e-01 1.451158e-01 1.555126e-01 1.662118e-01 1.768992e-01 1.871510e-01 1.969464e-01 2.062082e-01 2.146579e-01 2.224390e-01 2.301610e-01 2.383518e-01 2.473403e-01 2.573905e-01 2.685767e-01 2.805929e-01 2.927923e-01 3.044916e-01 3.151897e-01 3.244483e-01 3.318237e-01 3.371656e-01 3.408300e-01 3.433660e-01 3.450620e-01 3.458164e-01 3.453303e-01 3.433948e-01 3.400269e-01 3.353494e-01 3.293994e-01 3.221969e-01 3.139181e-01 3.051571e-01 2.968360e-01 2.899030e-01 2.849735e-01 2.822359e-01 2.815716e-01 2.826819e-01 2.852008e-01 2.887409e-01 2.928388e-01 2.969357e-01 3.004011e-01 3.025790e-01 3.029502e-01 3.012807e-01 2.976643e-01 2.923994e-01 2.858446e-01 2.782570e-01 2.697038e-01 2.601518e-01 2.496076e-01 2.382552e-01 2.264768e-01 2.147156e-01 2.033176e-01 1.924491e-01 1.820483e-01 1.719032e-01 1.618091e-01 1.516354e-01 1.414355e-01 1.314029e-01 1.217675e-01 1.126807e-01 1.041759e-01 9.622683e-02 8.871566e-02 8.152259e-02 7.461391e-02 6.800572e-02 6.173509e-02 5.586990e-02 5.045391e-02 4.546857e-02 4.092318e-02 3.677892e-02 3.300336e-02 2.957040e-02 2.641775e-02 2.353780e-02 2.089756e-02 1.848196e-02 1.628120e-02 1.427713e-02 1.244909e-02 1.079616e-02 9.299467e-03 7.949746e-03 6.755648e-03 5.693534e-03 4.756852e-03 3.936593e-03 3.208832e-03 2.569306e-03 2.230481e-03 1.920225e-03 1.616992e-03 1.331802e-03 1.071861e-03 8.441337e-04 6.526108e-04 4.975626e-04 3.798402e-04 2.943353e-04 2.291285e-04 1.745723e-04 1.226695e-04 7.813553e-05 4.483155e-05 2.410059e-05 1.284510e-05 6.990586e-06
3.945456e-09 3.544329e-08 9.621504e-08 1.929574e-07 3.912799e-07 6.790030e-07 1.036836e-06 1.649460e-06 2.475872e-06 3.414028e-06 5.002627e-06 7.027657e-06 9.810394e-06 1.240368e-05 1.596223e-05 2.022560e-05 2.557553e-05 3.087832e-05 3.724642e-05 4.750277e-05 5.753216e-05 6.928389e-05 8.152076e-05 9.915053e-05 1.200378e-04 1.465258e-04 1.758553e-04 2.076718e-04 2.505269e-04 2.882205e-04 3.410614e-04 4.067330e-04 4.958237e-04 6.396335e-04 7.944456e-04 1.012828e-03 1.302964e-03 1.594224e-03 1.957880e-03 2.410763e-03 2.952509e-03 3.622631e-03 4.288133e-03 5.045214e-03 6.047241e-03 7.176369e-03 8.506467e-03 1.007408e-02 1.171915e-02 1.364386e-02 1.601328e-02 1.856664e-02 2.128728e-02 2.435188e-02 2.773341e-02 3.154084e-02 3.593815e-02 4.070080e-02 4.568387e-02 5.107810e-02 5.684857e-02 6.301939e-02 6.999859e-02 7.787146e-02 8.632012e-02 9.519870e-02 1.044358e-01 1.138066e-01 1.232741e-01 1.331170e-01 1.434237e-01 1.539173e-01 1.645106e-01 1.752720e-01 1.856803e-01 1.950218e-01 2.033645e-01 2.112180e-01 2.188595e-01 2.266171e-01 2.351409e-01 2.449094e-01 2.558719e-01 2.677584e-01 2.803404e-01 2.931189e-01 3.051012e-01 3.154826e-01 3.241318e-01 3.311222e-01 3.362050e-01 3.391782e-01 3.403885e-01 3.405986e-01 3.403281e-01 3.395060e-01 3.376585e-01 3.344836e-01 3.300692e-01 3.247483e-01 3.187344e-01 3.120176e-01 3.046884e-01 2.972668e-01 2.906339e-01 2.856164e-01 2.826529e-01 2.817299e-01 2.824991e-01 2.845218e-01 2.874335e-01 2.909188e-01 2.946235e-01 2.980746e-01 3.006737e-01 3.017863e-01 3.009295e-01 2.979181e-01 2.929029e-01 2.862856e-01 2.785119e-01 2.699086e-01 2.606233e-01 2.506377e-01 2.398918e-01 2.284436e-01 2.165318e-01 2.045088e-01 1.927460e-01 1.815068e-01 1.708876e-01 1.607747e-01 1.509402e-01 1.412023e-01 1.314862e-01 1.218634e-01 1.124903e-01 1.035483e-01 9.515156e-02 8.732176e-02 8.002152e-02 7.315011e-02 6.662542e-02 6.044251e-02 5.463912e-02 4.924142e-02 4.429620e-02 3.979048e-02 3.570485e-02 3.201572e-02 2.866599e-02 2.564172e-02 2.288677e-02 2.036408e-02 1.805141e-02 1.592014e-02 1.396686e-02 1.218856e-02 1.057455e-02 9.110267e-03 7.795881e-03 6.608857e-03 5.551890e-03 4.618761e-03 3.801385e-03 3.092306e-03 2.508365e-03 2.187015e-03 1.874191e-03 1.573644e-03 1.295188e-03 1.044161e-03 8.250371e-04 6.406024e-04 4.942918e-04 3.846448e-04 3.043356e-04 2.420914e-04 1.842343e-04 1.304575e-04 8.256221e-05 4.762666e-05 2.571518e-05 1.374224e-05 7.649551e-06
3.564725e-09 3.224715e-08 9.468746e-08 2.177078e-07 3.758863e-07 6.206508e-07 1.021614e-06 1.567353e-06 2.438782e-06 3.694366e-06 5.076249e-06 7.043906e-06 9.351558e-06 1.277215e-05 1.670526e-05 2.094085e-05 2.584037e-05 3.242592e-05 4.002785e-05 4.619937e-05 5.680505e-05 6.968930e-05 8.578305e-05 1.030730e-04 1.234451e-04 1.468355e-04 1.758554e-04 2.118841e-04 2.463953e-04 2.960105e-04 3.490083e-04 4.047579e-04 5.139591e-04 6.546407e-04 8.345228e-04 1.021672e-03 1.251910e-03 1.583564e-03 1.960854e-03 2.407119e-03 2.926765e-03 3.509975e-03 4.279313e-03 5.157535e-03 6.128074e-03 7.300825e-03 8.563097e-03 1.003918e-02 1.193757e-02 1.399430e-02 1.607836e-02 1.845946e-02 2.117234e-02 2.416859e-02 2.766089e-02 3.163128e-02 3.584938e-02 4.043294e-02 4.542881e-02 5.068243e-02 5.652332e-02 6.322993e-02 7.051113e-02 7.821735e-02 8.631486e-02 9.457064e-02 1.030617e-01 1.121336e-01 1.217425e-01 1.316707e-01 1.420556e-01 1.527935e-01 1.631339e-01 1.727323e-01 1.819612e-01 1.908379e-01 1.990354e-01 2.068450e-01 2.149873e-01 2.238033e-01 2.333833e-01 2.440283e-01 2.559290e-01 2.686349e-01 2.813525e-01 2.936089e-01 3.050920e-01 3.151609e-01 3.232139e-01 3.292057e-01 3.334433e-01 3.361096e-01 3.372442e-01 3.370578e-01 3.360096e-01 3.344772e-01 3.324650e-01 3.296821e-01 3.257861e-01 3.207944e-01 3.151210e-01 3.091822e-01 3.031530e-01 2.971219e-01 2.913820e-01 2.865015e-01 2.831062e-01 2.816063e-01 2.819926e-01 2.838685e-01 2.866682e-01 2.898856e-01 2.931538e-01 2.961574e-01 2.985022e-01 2.996765e-01 2.991787e-01 2.966687e-01 2.920936e-01 2.857038e-01 2.779001e-01 2.691186e-01 2.596887e-01 2.497694e-01 2.393844e-01 2.284919e-01 2.170769e-01 2.052558e-01 1.932794e-01 1.814607e-01 1.700599e-01 1.592153e-01 1.489294e-01 1.390785e-01 1.294703e-01 1.200014e-01 1.106868e-01 1.016501e-01 9.306037e-02 8.506589e-02 7.772086e-02 7.097988e-02 6.475333e-02 5.892983e-02 5.342744e-02 4.824929e-02 4.341734e-02 3.897317e-02 3.494289e-02 3.128873e-02 2.799969e-02 2.502764e-02 2.233458e-02 1.988526e-02 1.763706e-02 1.556551e-02 1.365565e-02 1.190456e-02 1.030952e-02 8.881744e-03 7.599814e-03 6.455767e-03 5.435085e-03 4.523484e-03 3.716743e-03 3.018615e-03 2.495142e-03 2.169289e-03 1.848277e-03 1.547568e-03 1.272230e-03 1.025522e-03 8.127557e-04 6.357656e-04 4.969942e-04 3.951424e-04 3.196077e-04 2.557660e-04 1.954609e-04 1.368823e-04 8.743648e-05 5.062441e-05 2.770017e-05 1.497930e-05 8.410915e-06
3.513397e-09 3.663339e-08 9.951039e-08 1.894710e-07 3.512722e-07 6.143574e-07 1.014741e-06 1.641592e-06 2.466606e-06 3.580318e-06 5.193244e-06 7.148602e-06 9.772387e-06 1.271897e-05 1.632878e-05 2.126839e-05 2.661351e-05 3.248183e-05 3.958258e-05 5.017213e-05 5.973536e-05 7.127553e-05 8.555959e-05 1.033882e-04 1.245022e-04 1.491020e-04 1.786199e-04 2.112555e-04 2.537055e-04 2.967696e-04 3.468946e-04 4.078498e-04 5.165191e-04 6.527090e-04 8.280851e-04 1.053363e-03 1.310849e-03 1.602955e-03 1.991948e-03 2.439095e-03 2.942258e-03 3.545030e-03 4.238652e-03 5.120210e-03 6.113123e-03 7.172949e-03 8.520990e-03 1.008365e-02 1.176531e-02 1.375376e-02 1.601624e-02 1.850235e-02 2.140678e-02 2.475106e-02 2.833732e-02 3.214510e-02 3.626367e-02 4.062590e-02 4.541161e-02 5.093661e-02 5.702099e-02 6.347193e-02 7.036807e-02 7.753784e-02 8.488845e-02 9.278956e-02 1.014157e-01 1.105765e-01 1.203338e-01 1.306578e-01 1.410608e-01 1.514253e-01 1.618015e-01 1.714901e-01 1.799419e-01 1.877120e-01 1.954349e-01 2.032372e-01 2.115507e-01 2.211590e-01 2.322417e-01 2.442778e-01 2.568714e-01 2.697994e-01 2.824424e-01 2.940372e-01 3.044142e-01 3.136343e-01 3.212624e-01 3.267470e-01 3.302098e-01 3.323748e-01 3.337214e-01 3.341084e-01 3.332440e-01 3.312096e-01 3.284417e-01 3.253142e-01 3.217608e-01 3.174431e-01 3.122649e-01 3.065760e-01 3.009411e-01 2.957644e-01 2.911850e-01 2.872117e-01 2.840214e-01 2.820572e-01 2.817417e-01 2.831385e-01 2.858029e-01 2.889898e-01 2.919946e-01 2.944052e-01 2.960403e-01 2.967650e-01 2.963278e-01 2.943343e-01 2.904190e-01 2.844712e-01 2.766990e-01 2.675704e-01 2.576118e-01 2.472406e-01 2.366792e-01 2.259350e-01 2.149056e-01 2.035296e-01 1.918379e-01 1.799586e-01 1.681309e-01 1.566528e-01 1.457407e-01 1.354904e-01 1.258808e-01 1.167877e-01 1.080377e-01 9.953922e-02 9.130712e-02 8.342814e-02 7.601704e-02 6.917939e-02 6.294297e-02 5.725104e-02 5.200647e-02 4.710282e-02 4.249636e-02 3.819785e-02 3.421031e-02 3.058164e-02 2.729545e-02 2.432584e-02 2.164984e-02 1.921845e-02 1.700341e-02 1.498470e-02 1.313363e-02 1.143848e-02 9.903172e-03 8.510163e-03 7.274196e-03 6.182699e-03 5.218327e-03 4.364601e-03 3.616271e-03 2.941352e-03 2.494526e-03 2.159819e-03 1.835557e-03 1.532031e-03 1.253567e-03 1.010533e-03 8.011885e-04 6.313349e-04 5.020500e-04 4.070089e-04 3.351980e-04 2.699198e-04 2.051974e-04 1.436595e-04 9.165581e-05 5.388885e-05 2.986303e-05 1.645682e-05 9.410658e-06
3.149182e-09 2.949633e-08 8.977498e-08 1.983028e-07 3.736964e-07 6.420623e-07 1.060548e-06 1.617915e-06 2.443524e-06 3.666670e-06 5.310281e-06 7.356072e-06 9.864590e-06 1.303472e-05 1.675268e-05 2.061741e-05 2.642072e-05 3.310627e-05 4.056350e-05 4.835400e-05 5.947676e-05 7.248664e-05 8.706331e-05 1.050846e-04 1.270753e-04 1.530003e-04 1.787522e-04 2.101237e-04 2.481400e-04 2.956574e-04 3.488665e-04 4.163574e-04 5.375284e-04 6.729870e-04 8.290850e-04 1.027599e-03 1.284666e-03 1.603678e-03 1.957356e-03 2.375244e-03 2.885660e-03 3.507582e-03 4.260755e-03 5.093642e-03 6.111685e-03 7.381490e-03 8.772023e-03 1.031639e-02 1.200941e-02 1.384709e-02 1.609472e-02 1.876721e-02 2.166968e-02 2.483724e-02 2.827758e-02 3.189279e-02 3.582960e-02 4.033153e-02 4.532615e-02 5.079766e-02 5.692905e-02 6.347262e-02 7.006660e-02 7.690655e-02 8.422691e-02 9.194931e-02 1.002608e-01 1.094956e-01 1.195298e-01 1.300714e-01 1.407108e-01 1.506905e-01 1.597438e-01 1.683321e-01 1.765791e-01 1.844267e-01 1.925326e-01 2.015585e-01 2.113457e-01 2.216622e-01 2.327722e-01 2.446819e-01 2.567652e-01 2.685683e-01 2.801634e-01 2.913992e-01 3.016385e-01 3.103879e-01 3.176290e-01 3.234742e-01 3.278092e-01 3.305108e-01 3.317383e-01 3.318132e-01 3.308969e-01 3.289114e-01 3.258607e-01 3.220547e-01 3.179488e-01 3.137712e-01 3.093837e-01 3.045938e-01 2.995470e-01 2.947405e-01 2.906939e-01 2.876293e-01 2.854356e-01 2.839935e-01 2.833632e-01 2.837456e-01 2.852404e-01 2.876156e-01 2.903012e-01 2.926329e-01 2.940854e-01 2.944338e-01 2.936143e-01 2.915188e-01 2.879286e-01 2.825797e-01 2.753443e-01 2.664063e-01 2.562165e-01 2.453212e-01 2.341312e-01 2.228639e-01 2.115896e-01 2.002660e-01 1.888064e-01 1.772166e-01 1.656321e-01 1.542106e-01 1.431426e-01 1.326065e-01 1.227047e-01 1.134494e-01 1.047900e-01 9.662557e-02 8.882027e-02 8.131853e-02 7.415747e-02 6.741625e-02 6.117410e-02 5.547605e-02 5.030245e-02 4.557640e-02 4.120793e-02 3.711279e-02 3.328582e-02 2.972722e-02 2.647182e-02 2.353561e-02 2.087967e-02 1.849172e-02 1.632856e-02 1.435910e-02 1.257500e-02 1.095962e-02 9.486821e-03 8.168558e-03 6.978577e-03 5.922105e-03 4.992043e-03 4.189771e-03 3.475751e-03 2.844437e-03 2.469467e-03 2.142078e-03 1.822164e-03 1.516280e-03 1.241533e-03 9.968166e-04 7.920084e-04 6.288126e-04 5.061776e-04 4.185852e-04 3.467163e-04 2.806229e-04 2.127674e-04 1.492758e-04 9.572500e-05 5.679377e-05 3.204591e-05 1.801835e-05 1.053613e-05
2.937061e-09 2.779269e-08 7.731895e-08 1.731712e-07 3.412466e-07 6.151434e-07 9.920750e-07 1.613342e-06 2.509536e-06 3.612098e-06 5.111960e-06 7.312865e-06 9.843392e-06 1.296819e-05 1.701832e-05 2.210179e-05 2.632730e-05 3.220206e-05 3.995329e-05 4.900721e-05 5.968121e-05 7.245883e-05 8.852476e-05 1.057667e-04 1.243812e-04 1.465955e-04 1.790184e-04 2.146701e-04 2.505680e-04 2.920228e-04 3.431558e-04 4.168900e-04 5.199750e-04 6.607402e-04 8.375088e-04 1.051985e-03 1.319739e-03 1.625420e-03 1.978112e-03 2.417822e-03 2.959119e-03 3.581183e-03 4.273766e-03 5.107396e-03 6.116893e-03 7.282657e-03 8.609682e-03 1.012432e-02 1.192466e-02 1.400284e-02 1.625392e-02 1.877274e-02 2.164050e-02 2.474498e-02 2.813009e-02 3.196036e-02 3.613057e-02 4.058129e-02 4.559615e-02 5.110346e-02 5.681321e-02 6.294562e-02 6.961216e-02 7.656580e-02 8.399563e-02 9.227525e-02 1.012674e-01 1.106993e-01 1.203642e-01 1.298986e-01 1.392355e-01 1.485396e-01 1.575454e-01 1.661383e-01 1.748086e-01 1.836540e-01 1.923415e-01 2.011805e-01 2.108308e-01 2.212524e-01 2.320169e-01 2.431451e-01 2.547753e-01 2.665623e-01 2.779883e-01 2.887894e-01 2.987676e-01 3.076434e-01 3.152299e-01 3.215091e-01 3.263672e-01 3.295010e-01 3.307211e-01 3.302568e-01 3.285579e-01 3.259402e-01 3.225200e-01 3.184474e-01 3.141013e-01 3.099561e-01 3.062199e-01 3.026613e-01 2.989437e-01 2.950375e-01 2.913556e-01 2.884416e-01 2.865290e-01 2.854653e-01 2.849389e-01 2.848185e-01 2.852595e-01 2.864718e-01 2.883935e-01 2.905341e-01 2.921368e-01 2.925560e-01 2.915034e-01 2.890401e-01 2.853563e-01 2.804408e-01 2.740604e-01 2.659745e-01 2.561518e-01 2.449239e-01 2.328963e-01 2.206855e-01 2.086697e-01 1.969416e-01 1.854216e-01 1.739918e-01 1.625747e-01 1.512104e-01 1.400982e-01 1.294041e-01 1.192702e-01 1.098127e-01 1.010840e-01 9.302202e-02 8.552268e-02 7.848310e-02 7.179028e-02 6.540689e-02 5.937580e-02 5.375430e-02 4.860000e-02 4.394301e-02 3.972777e-02 3.588213e-02 3.232689e-02 2.900777e-02 2.591132e-02 2.304548e-02 2.044068e-02 1.807262e-02 1.593492e-02 1.400240e-02 1.224657e-02 1.065604e-02 9.230345e-03 7.946842e-03 6.801747e-03 5.775494e-03 4.871856e-03 4.071891e-03 3.373229e-03 2.753776e-03 2.427165e-03 2.112359e-03 1.798304e-03 1.503496e-03 1.231350e-03 9.923175e-04 7.920985e-04 6.338063e-04 5.190832e-04 4.317812e-04 3.598980e-04 2.885500e-04 2.194964e-04 1.541364e-04 9.984155e-05 5.972458e-05 3.422221e-05 1.958437e-05 1.170379e-05
2.677280e-09 2.769525e-08 8.470774e-08 1.740416e-07 3.244221e-07 5.595404e-07 9.683683e-07 1.523103e-06 2.351115e-06 3.625524e-06 5.220410e-06 7.097766e-06 9.984118e-06 1.328055e-05 1.663345e-05 2.073450e-05 2.719021e-05 3.351958e-05 4.026472e-05 4.972098e-05 5.965548e-05 7.199626e-05 8.559742e-05 1.030592e-04 1.260539e-04 1.519917e-04 1.763758e-04 2.083212e-04 2.510546e-04 2.954434e-04 3.440283e-04 4.290451e-04 5.405408e-04 6.743096e-04 8.455272e-04 1.055640e-03 1.293098e-03 1.588763e-03 1.970113e-03 2.411713e-03 2.927123e-03 3.543872e-03 4.286586e-03 5.192476e-03 6.226691e-03 7.407776e-03 8.792193e-03 1.030353e-02 1.200824e-02 1.409055e-02 1.647636e-02 1.901744e-02 2.168401e-02 2.453430e-02 2.775221e-02 3.148143e-02 3.586619e-02 4.085914e-02 4.605745e-02 5.139640e-02 5.701488e-02 6.286890e-02 6.932183e-02 7.681511e-02 8.507943e-02 9.372099e-02 1.026202e-01 1.115210e-01 1.203366e-01 1.292484e-01 1.381432e-01 1.469723e-01 1.559558e-01 1.649354e-01 1.737026e-01 1.826435e-01 1.920351e-01 2.016010e-01 2.112480e-01 2.213147e-01 2.318390e-01 2.424656e-01 2.531134e-01 2.640017e-01 2.750782e-01 2.859045e-01 2.960984e-01 3.055409e-01 3.140546e-01 3.211380e-01 3.262642e-01 3.292208e-01 3.301087e-01 3.291123e-01 3.265299e-01 3.228244e-01 3.185451e-01 3.141400e-01 3.098838e-01 3.059561e-01 3.025392e-01 2.996607e-01 2.971365e-01 2.946649e-01 2.921144e-01 2.896319e-01 2.875469e-01 2.861694e-01 2.855729e-01 2.855822e-01 2.859246e-01 2.864399e-01 2.871544e-01 2.881030e-01 2.890962e-01 2.896145e-01 2.889948e-01 2.867434e-01 2.827455e-01 2.771756e-01 2.703065e-01 2.622347e-01 2.528681e-01 2.421512e-01 2.303102e-01 2.177922e-01 2.051374e-01 1.927906e-01 1.809709e-01 1.696463e-01 1.586429e-01 1.478534e-01 1.372425e-01 1.268703e-01 1.169151e-01 1.074891e-01 9.864617e-02 9.043361e-02 8.286445e-02 7.587677e-02 6.939685e-02 6.335514e-02 5.766297e-02 5.230701e-02 4.731959e-02 4.271448e-02 3.852701e-02 3.475459e-02 3.133588e-02 2.821861e-02 2.533055e-02 2.263440e-02 2.011900e-02 1.780513e-02 1.569129e-02 1.377648e-02 1.204679e-02 1.048087e-02 9.072185e-03 7.807877e-03 6.680692e-03 5.686276e-03 4.793235e-03 3.997583e-03 3.293087e-03 2.691861e-03 2.383260e-03 2.068876e-03 1.765091e-03 1.478924e-03 1.214726e-03 9.855913e-04 7.922130e-04 6.447949e-04 5.344963e-04 4.499823e-04 3.726350e-04 2.978454e-04 2.250437e-04 1.593788e-04 1.039565e-04 6.307945e-05 3.649475e-05 2.125021e-05 1.283349e-05
2.542830e-09 2.476245e-08 7.500405e-08 1.727798e-07 3.187404e-07 5.599799e-07 9.297037e-07 1.539804e-06 2.361536e-06 3.506696e-06 5.242580e-06 7.456667e-06 9.605936e-06 1.281028e-05 1.726443e-05 2.192809e-05 2.621660e-05 3.264542e-05 4.087932e-05 4.845506e-05 5.980920e-05 7.190388e-05 8.750938e-05 1.057891e-04 1.242161e-04 1.477565e-04 1.803995e-04 2.150691e-04 2.500291e-04 2.972363e-04 3.487272e-04 4.223947e-04 5.355378e-04 6.826606e-04 8.665667e-04 1.083671e-03 1.344654e-03 1.664372e-03 2.045552e-03 2.502384e-03 3.006905e-03 3.610609e-03 4.397092e-03 5.308709e-03 6.330620e-03 7.432967e-03 8.639006e-03 1.022374e-02 1.214685e-02 1.419436e-02 1.648159e-02 1.897551e-02 2.167094e-02 2.481416e-02 2.839050e-02 3.236420e-02 3.671801e-02 4.135103e-02 4.627348e-02 5.147746e-02 5.708048e-02 6.328580e-02 7.003070e-02 7.731734e-02 8.527628e-02 9.369157e-02 1.023061e-01 1.110737e-01 1.197902e-01 1.283858e-01 1.370948e-01 1.459504e-01 1.549452e-01 1.642027e-01 1.735380e-01 1.826643e-01 1.916949e-01 2.008364e-01 2.100239e-01 2.192997e-01 2.290383e-01 2.395471e-01 2.507155e-01 2.621534e-01 2.735859e-01 2.849504e-01 2.960290e-01 3.062094e-01 3.147920e-01 3.213529e-01 3.257946e-01 3.281332e-01 3.283714e-01 3.265710e-01 3.230463e-01 3.184531e-01 3.135651e-01 3.089482e-01 3.048289e-01 3.012485e-01 2.982880e-01 2.960455e-01 2.944452e-01 2.931921e-01 2.919290e-01 2.904612e-01 2.888527e-01 2.874239e-01 2.864885e-01 2.861478e-01 2.862642e-01 2.865571e-01 2.868022e-01 2.868854e-01 2.867491e-01 2.862351e-01 2.849574e-01 2.824026e-01 2.781750e-01 2.722152e-01 2.647982e-01 2.563095e-01 2.470170e-01 2.369830e-01 2.260953e-01 2.143363e-01 2.020073e-01 1.895877e-01 1.775306e-01 1.661160e-01 1.553714e-01 1.451018e-01 1.350551e-01 1.251553e-01 1.154487e-01 1.060568e-01 9.715355e-02 8.883721e-02 8.111937e-02 7.399423e-02 6.743394e-02 6.136910e-02 5.576178e-02 5.057741e-02 4.576156e-02 4.131745e-02 3.725126e-02 3.355122e-02 3.022519e-02 2.722098e-02 2.449397e-02 2.198293e-02 1.963492e-02 1.743385e-02 1.539242e-02 1.351311e-02 1.181199e-02 1.028842e-02 8.910201e-03 7.677543e-03 6.583017e-03 5.598869e-03 4.716319e-03 3.919991e-03 3.207964e-03 2.660060e-03 2.340790e-03 2.028706e-03 1.730815e-03 1.447215e-03 1.195853e-03 9.716520e-04 7.919819e-04 6.538138e-04 5.508325e-04 4.663110e-04 3.853621e-04 3.060473e-04 2.309004e-04 1.637197e-04 1.080249e-04 6.623587e-05 3.896451e-05 2.282281e-05 1.401319e-05
2.321034e-09 2.354387e-08 6.872934e-08 1.430545e-07 3.113431e-07 5.869694e-07 9.750306e-07 1.517460e-06 2.436407e-06 3.602973e-06 4.992848e-06 7.112826e-06 1.017142e-05 1.313402e-05 1.620121e-05 2.094369e-05 2.742864e-05 3.402935e-05 4.081195e-05 5.057024e-05 5.920425e-05 7.185133e-05 8.625352e-05 1.031472e-04 1.272617e-04 1.535144e-04 1.807292e-04 2.130275e-04 2.540268e-04 2.943347e-04 3.544199e-04 4.539708e-04 5.797407e-04 7.288353e-04 8.968030e-04 1.107986e-03 1.381928e-03 1.704122e-03 2.062844e-03 2.483168e-03 3.056418e-03 3.780555e-03 4.570126e-03 5.443255e-03 6.412829e-03 7.582125e-03 9.043636e-03 1.063459e-02 1.239900e-02 1.438359e-02 1.643313e-02 1.880787e-02 2.169546e-02 2.497218e-02 2.861493e-02 3.247102e-02 3.648432e-02 4.086049e-02 4.576588e-02 5.123857e-02 5.719314e-02 6.365376e-02 7.067201e-02 7.803547e-02 8.566892e-02 9.370427e-02 1.019869e-01 1.104120e-01 1.191084e-01 1.279725e-01 1.368623e-01 1.457877e-01 1.546530e-01 1.634765e-01 1.723669e-01 1.811735e-01 1.898110e-01 1.985418e-01 2.075788e-01 2.169723e-01 2.268433e-01 2.374172e-01 2.487738e-01 2.606754e-01 2.726284e-01 2.842538e-01 2.953491e-01 3.054859e-01 3.139028e-01 3.200587e-01 3.238876e-01 3.255712e-01 3.252318e-01 3.230080e-01 3.191581e-01 3.141693e-01 3.087627e-01 3.037226e-01 2.995974e-01 2.965131e-01 2.943147e-01 2.928572e-01 2.920280e-01 2.916498e-01 2.914273e-01 2.910465e-01 2.903035e-01 2.892305e-01 2.880507e-01 2.870177e-01 2.862812e-01 2.858102e-01 2.854273e-01 2.848880e-01 2.839735e-01 2.825463e-01 2.804510e-01 2.774473e-01 2.732224e-01 2.674913e-01 2.601595e-01 2.514536e-01 2.418131e-01 2.316539e-01 2.211550e-01 2.102730e-01 1.988964e-01 1.870168e-01 1.749161e-01 1.630347e-01 1.517324e-01 1.411647e-01 1.312898e-01 1.218937e-01 1.127318e-01 1.037579e-01 9.506577e-02 8.679539e-02 7.909589e-02 7.201684e-02 6.552036e-02 5.957696e-02 5.413558e-02 4.911424e-02 4.448714e-02 4.022858e-02 3.630532e-02 3.272225e-02 2.945529e-02 2.649972e-02 2.382549e-02 2.138760e-02 1.915051e-02 1.706507e-02 1.510311e-02 1.327600e-02 1.159957e-02 1.007279e-02 8.722783e-03 7.527714e-03 6.464523e-03 5.513479e-03 4.643471e-03 3.846492e-03 3.141508e-03 2.649593e-03 2.325528e-03 2.009362e-03 1.705564e-03 1.429867e-03 1.176276e-03 9.633819e-04 7.916027e-04 6.623041e-04 5.648662e-04 4.771031e-04 3.941490e-04 3.113939e-04 2.348102e-04 1.668022e-04 1.106246e-04 6.887064e-05 4.093637e-05 2.443179e-05 1.513320e-05
2.249553e-09 2.275920e-08 6.924047e-08 1.719346e-07 3.093492e-07 5.368964e-07 9.594206e-07 1.602877e-06 2.340484e-06 3.560340e-06 5.312350e-06 7.130179e-06 9.347535e-06 1.283209e-05 1.767973e-05 2.250374e-05 2.760934e-05 3.340011e-05 4.136184e-05 4.953400e-05 6.200728e-05 7.411859e-05 8.899568e-05 1.077178e-04 1.266898e-04 1.525634e-04 1.829118e-04 2.188891e-04 2.579458e-04 3.056877e-04 3.658739e-04 4.635852e-04 5.816868e-04 7.320589e-04 9.259594e-04 1.169515e-03 1.441519e-03 1.751930e-03 2.140858e-03 2.637496e-03 3.222146e-03 3.864559e-03 4.579696e-03 5.409880e-03 6.439013e-03 7.661673e-03 9.056659e-03 1.065447e-02 1.235271e-02 1.423846e-02 1.647673e-02 1.899907e-02 2.188024e-02 2.510521e-02 2.860459e-02 3.249045e-02 3.663715e-02 4.095341e-02 4.564111e-02 5.095491e-02 5.707536e-02 6.384501e-02 7.096989e-02 7.830155e-02 8.562645e-02 9.294496e-02 1.006427e-01 1.088909e-01 1.176347e-01 1.268525e-01 1.363493e-01 1.458238e-01 1.549460e-01 1.634214e-01 1.713842e-01 1.791624e-01 1.868462e-01 1.946772e-01 2.032528e-01 2.129941e-01 2.238384e-01 2.354411e-01 2.475301e-01 2.600256e-01 2.727642e-01 2.850968e-01 2.961796e-01 3.055688e-01 3.131621e-01 3.187460e-01 3.219378e-01 3.225879e-01 3.210274e-01 3.178509e-01 3.135798e-01 3.085665e-01 3.032282e-01 2.981816e-01 2.941308e-01 2.915095e-01 2.902654e-01 2.899663e-01 2.901703e-01 2.906244e-01 2.912034e-01 2.916898e-01 2.917050e-01 2.909682e-01 2.895212e-01 2.877415e-01 2.860862e-01 2.847736e-01 2.837025e-01 2.825738e-01 2.810884e-01 2.790400e-01 2.762961e-01 2.727442e-01 2.682183e-01 2.624588e-01 2.552752e-01 2.466672e-01 2.368497e-01 2.262339e-01 2.152550e-01 2.041989e-01 1.930908e-01 1.818151e-01 1.703191e-01 1.586952e-01 1.472375e-01 1.363216e-01 1.261848e-01 1.168433e-01 1.081807e-01 9.997369e-02 9.204910e-02 8.441730e-02 7.716769e-02 7.038300e-02 6.414324e-02 5.842761e-02 5.316196e-02 4.831288e-02 4.382917e-02 3.967196e-02 3.585034e-02 3.234288e-02 2.913672e-02 2.621223e-02 2.353453e-02 2.108997e-02 1.884090e-02 1.676494e-02 1.483906e-02 1.305422e-02 1.138832e-02 9.878494e-03 8.522603e-03 7.329348e-03 6.290506e-03 5.359429e-03 4.508119e-03 3.745907e-03 3.059997e-03 2.648037e-03 2.318973e-03 1.997585e-03 1.694844e-03 1.414071e-03 1.167542e-03 9.587426e-04 7.953073e-04 6.741541e-04 5.740570e-04 4.855435e-04 3.966453e-04 3.137160e-04 2.361891e-04 1.679670e-04 1.122264e-04 7.026750e-05 4.251824e-05 2.565650e-05 1.628639e-05
2.075615e-09 2.340850e-08 7.742192e-08 1.530431e-07 3.157987e-07 5.741506e-07 9.187711e-07 1.445243e-06 2.375014e-06 3.446727e-06 4.850266e-06 7.171172e-06 1.017289e-05 1.372294e-05 1.720698e-05 2.155572e-05 2.671203e-05 3.415848e-05 4.169386e-05 5.152322e-05 6.160183e-05 7.555334e-05 9.165011e-05 1.097502e-04 1.332758e-04 1.551453e-04 1.852730e-04 2.188013e-04 2.559208e-04 2.985126e-04 3.747744e-04 4.848323e-04 6.140245e-04 7.671627e-04 9.554923e-04 1.158184e-03 1.413860e-03 1.744767e-03 2.153785e-03 2.642379e-03 3.179108e-03 3.797508e-03 4.553320e-03 5.449534e-03 6.525263e-03 7.821009e-03 9.226119e-03 1.073972e-02 1.247396e-02 1.437458e-02 1.659144e-02 1.919043e-02 2.197193e-02 2.509151e-02 2.854699e-02 3.219029e-02 3.627981e-02 4.088853e-02 4.593598e-02 5.147782e-02 5.747081e-02 6.386581e-02 7.056636e-02 7.746466e-02 8.465762e-02 9.220098e-02 1.000796e-01 1.084636e-01 1.174598e-01 1.268720e-01 1.362937e-01 1.453579e-01 1.538852e-01 1.616141e-01 1.684946e-01 1.752755e-01 1.828053e-01 1.912510e-01 2.005795e-01 2.110124e-01 2.226155e-01 2.349761e-01 2.475299e-01 2.600280e-01 2.724537e-01 2.843702e-01 2.948943e-01 3.034958e-01 3.101996e-01 3.150211e-01 3.176638e-01 3.179177e-01 3.160265e-01 3.125324e-01 3.080347e-01 3.031050e-01 2.982639e-01 2.939481e-01 2.905117e-01 2.882624e-01 2.873998e-01 2.877922e-01 2.889791e-01 2.903774e-01 2.915447e-01 2.922382e-01 2.923108e-01 2.916616e-01 2.902415e-01 2.881605e-01 2.857282e-01 2.833204e-01 2.811817e-01 2.792673e-01 2.772923e-01 2.749007e-01 2.717831e-01 2.677518e-01 2.627159e-01 2.565650e-01 2.492200e-01 2.406226e-01 2.308126e-01 2.200522e-01 2.087394e-01 1.973080e-01 1.860714e-01 1.751192e-01 1.643296e-01 1.535486e-01 1.427890e-01 1.322369e-01 1.221462e-01 1.127848e-01 1.042586e-01 9.647429e-02 8.922987e-02 8.229227e-02 7.555649e-02 6.909653e-02 6.302026e-02 5.739913e-02 5.227932e-02 4.759546e-02 4.326311e-02 3.923760e-02 3.547218e-02 3.196608e-02 2.873651e-02 2.577722e-02 2.308730e-02 2.062603e-02 1.836709e-02 1.629205e-02 1.439209e-02 1.263625e-02 1.104011e-02 9.580397e-03 8.259053e-03 7.098109e-03 6.064208e-03 5.146132e-03 4.336463e-03 3.601888e-03 2.950793e-03 2.616049e-03 2.290514e-03 1.970023e-03 1.668649e-03 1.392344e-03 1.151139e-03 9.522070e-04 7.995590e-04 6.821028e-04 5.845167e-04 4.899098e-04 4.004408e-04 3.148657e-04 2.374687e-04 1.696195e-04 1.133647e-04 7.167434e-05 4.341858e-05 2.671067e-05 1.718564e-05
1.998410e-09 2.173075e-08 6.099219e-08 1.477115e-07 2.796797e-07 5.136026e-07 9.104666e-07 1.481611e-06 2.208416e-06 3.456692e-06 5.240719e-06 7.289682e-06 9.864545e-06 1.255180e-05 1.658415e-05 2.137078e-05 2.741854e-05 3.289804e-05 4.098654e-05 5.025297e-05 6.177782e-05 7.502540e-05 9.087723e-05 1.090828e-04 1.275617e-04 1.559172e-04 1.806450e-04 2.105127e-04 2.510898e-04 2.957844e-04 3.793307e-04 4.689364e-04 5.969778e-04 7.609763e-04 9.481702e-04 1.196559e-03 1.475916e-03 1.819825e-03 2.239293e-03 2.692738e-03 3.238067e-03 3.884428e-03 4.647651e-03 5.599013e-03 6.652202e-03 7.756484e-03 9.077412e-03 1.057935e-02 1.229135e-02 1.443245e-02 1.682064e-02 1.944635e-02 2.240989e-02 2.540142e-02 2.858438e-02 3.226409e-02 3.642549e-02 4.120024e-02 4.649058e-02 5.200129e-02 5.761345e-02 6.330412e-02 6.932201e-02 7.599016e-02 8.336145e-02 9.141097e-02 1.000631e-01 1.090534e-01 1.180563e-01 1.269345e-01 1.356097e-01 1.436717e-01 1.510085e-01 1.582336e-01 1.655902e-01 1.727889e-01 1.802366e-01 1.888548e-01 1.988233e-01 2.096353e-01 2.210902e-01 2.335290e-01 2.468929e-01 2.601710e-01 2.723145e-01 2.832387e-01 2.931298e-01 3.014777e-01 3.075225e-01 3.111647e-01 3.128093e-01 3.126751e-01 3.107214e-01 3.071632e-01 3.026046e-01 2.977802e-01 2.932526e-01 2.894001e-01 2.864988e-01 2.847849e-01 2.844698e-01 2.855304e-01 2.875850e-01 2.899426e-01 2.918955e-01 2.929924e-01 2.931153e-01 2.923771e-01 2.908513e-01 2.885462e-01 2.855549e-01 2.821707e-01 2.788227e-01 2.757732e-01 2.729461e-01 2.699724e-01 2.663724e-01 2.618228e-01 2.562208e-01 2.496097e-01 2.420807e-01 2.335939e-01 2.241142e-01 2.137135e-01 2.026097e-01 1.911920e-01 1.798743e-01 1.689542e-01 1.585385e-01 1.485453e-01 1.388040e-01 1.291545e-01 1.196190e-01 1.103875e-01 1.016861e-01 9.372231e-02 8.650883e-02 7.990936e-02 7.372288e-02 6.775915e-02 6.196511e-02 5.644237e-02 5.128315e-02 4.654694e-02 4.225304e-02 3.831645e-02 3.466624e-02 3.125973e-02 2.807021e-02 2.511455e-02 2.239965e-02 1.993202e-02 1.769741e-02 1.566797e-02 1.381249e-02 1.213716e-02 1.061374e-02 9.235010e-03 7.999708e-03 6.864103e-03 5.849558e-03 4.954501e-03 4.154254e-03 3.453533e-03 2.869218e-03 2.551010e-03 2.231458e-03 1.921449e-03 1.625878e-03 1.360443e-03 1.128688e-03 9.417230e-04 8.002165e-04 6.883736e-04 5.910762e-04 4.971545e-04 4.053041e-04 3.196063e-04 2.414091e-04 1.729832e-04 1.164726e-04 7.329509e-05 4.484365e-05 2.760583e-05 1.807284e-05
1.845973e-09 1.868166e-08 5.959463e-08 1.301511e-07 2.691889e-07 4.764109e-07 8.037178e-07 1.342943e-06 2.219854e-06 3.369154e-06 4.883831e-06 7.023481e-06 9.633033e-06 1.328609e-05 1.670312e-05 2.117875e-05 2.608509e-05 3.347010e-05 4.103249e-05 5.030560e-05 6.132438e-05 7.334317e-05 8.773689e-05 1.055635e-04 1.292545e-04 1.492083e-04 1.804638e-04 2.154870e-04 2.496678e-04 3.027881e-04 3.837466e-04 5.023908e-04 6.324736e-04 7.861921e-04 9.770242e-04 1.192495e-03 1.492799e-03 1.821106e-03 2.184067e-03 2.668125e-03 3.236364e-03 3.924161e-03 4.741810e-03 5.636837e-03 6.693061e-03 7.906935e-03 9.219552e-03 1.083245e-02 1.273174e-02 1.475226e-02 1.706088e-02 1.954810e-02 2.218056e-02 2.524315e-02 2.864128e-02 3.238381e-02 3.660086e-02 4.124174e-02 4.631365e-02 5.162757e-02 5.705019e-02 6.279565e-02 6.897914e-02 7.569286e-02 8.315281e-02 9.138795e-02 1.001637e-01 1.091620e-01 1.180081e-01 1.261618e-01 1.334957e-01 1.404559e-01 1.471441e-01 1.535786e-01 1.605271e-01 1.686111e-01 1.775291e-01 1.870932e-01 1.978035e-01 2.098575e-01 2.225792e-01 2.353189e-01 2.481039e-01 2.607730e-01 2.723173e-01 2.819860e-01 2.900823e-01 2.969322e-01 3.019979e-01 3.046582e-01 3.052231e-01 3.045194e-01 3.029314e-01 3.003014e-01 2.966237e-01 2.924741e-01 2.886674e-01 2.857794e-01 2.839786e-01 2.832387e-01 2.836000e-01 2.850779e-01 2.874524e-01 2.902048e-01 2.926691e-01 2.942278e-01 2.944800e-01 2.933603e-01 2.910720e-01 2.879286e-01 2.842157e-01 2.801391e-01 2.758650e-01 2.715766e-01 2.674363e-01 2.634298e-01 2.592874e-01 2.546186e-01 2.490557e-01 2.424538e-01 2.349069e-01 2.265475e-01 2.175212e-01 2.078453e-01 1.975429e-01 1.867541e-01 1.757337e-01 1.648292e-01 1.543596e-01 1.444743e-01 1.351230e-01 1.261339e-01 1.173519e-01 1.086885e-01 1.002156e-01 9.212348e-02 8.460801e-02 7.779464e-02 7.160691e-02 6.588670e-02 6.046273e-02 5.520625e-02 5.014718e-02 4.541448e-02 4.107277e-02 3.715428e-02 3.362921e-02 3.039692e-02 2.738928e-02 2.455425e-02 2.189026e-02 1.942076e-02 1.717285e-02 1.515163e-02 1.335120e-02 1.174139e-02 1.030370e-02 9.015933e-03 7.820077e-03 6.727280e-03 5.736015e-03 4.844869e-03 4.059621e-03 3.366225e-03 2.792018e-03 2.475362e-03 2.161097e-03 1.858199e-03 1.578636e-03 1.323236e-03 1.106763e-03 9.358093e-04 8.030442e-04 6.990741e-04 6.010464e-04 5.074546e-04 4.158266e-04 3.285979e-04 2.497891e-04 1.798322e-04 1.213452e-04 7.702848e-05 4.697934e-05 2.926853e-05 1.914484e-05
1.672043e-09 1.899198e-08 6.000997e-08 1.349200e-07 2.599802e-07 4.911607e-07 8.391606e-07 1.368333e-06 2.129385e-06 3.263239e-06 4.866872e-06 6.762577e-06 9.289045e-06 1.236918e-05 1.726194e-05 2.199204e-05 2.789971e-05 3.411102e-05 4.172352e-05 5.023353e-05 6.078788e-05 7.523126e-05 9.061020e-05 1.079515e-04 1.257001e-04 1.532165e-04 1.800710e-04 2.128512e-04 2.539463e-04 3.052051e-04 3.931815e-04 4.971604e-04 6.302104e-04 7.886026e-04 9.848485e-04 1.239581e-03 1.511012e-03 1.872035e-03 2.308736e-03 2.770651e-03 3.349054e-03 4.037624e-03 4.833981e-03 5.745469e-03 6.735762e-03 7.915494e-03 9.324495e-03 1.086572e-02 1.269619e-02 1.483494e-02 1.706227e-02 1.952064e-02 2.228070e-02 2.537788e-02 2.901652e-02 3.309782e-02 3.742839e-02 4.179761e-02 4.618278e-02 5.097289e-02 5.637028e-02 6.236092e-02 6.898195e-02 7.619153e-02 8.390034e-02 9.199727e-02 1.002664e-01 1.084159e-01 1.162534e-01 1.236538e-01 1.303936e-01 1.367192e-01 1.434146e-01 1.506468e-01 1.581210e-01 1.663607e-01 1.761148e-01 1.869897e-01 1.982069e-01 2.100582e-01 2.230653e-01 2.362839e-01 2.482502e-01 2.590926e-01 2.696432e-01 2.792954e-01 2.866667e-01 2.916885e-01 2.953901e-01 2.981380e-01 2.993556e-01 2.987493e-01 2.969467e-01 2.946972e-01 2.921529e-01 2.891546e-01 2.859670e-01 2.833354e-01 2.819110e-01 2.817765e-01 2.826327e-01 2.842198e-01 2.864734e-01 2.892104e-01 2.919156e-01 2.938004e-01 2.941830e-01 2.928676e-01 2.901313e-01 2.864482e-01 2.821765e-01 2.774860e-01 2.724734e-01 2.672775e-01 2.621348e-01 2.572194e-01 2.524798e-01 2.476473e-01 2.422944e-01 2.360726e-01 2.288248e-01 2.206437e-01 2.117976e-01 2.024679e-01 1.927498e-01 1.826512e-01 1.722212e-01 1.616430e-01 1.511698e-01 1.410728e-01 1.315524e-01 1.226662e-01 1.142960e-01 1.062293e-01 9.833089e-02 9.056225e-02 8.304005e-02 7.594710e-02 6.946952e-02 6.367020e-02 5.842269e-02 5.356395e-02 4.894456e-02 4.447963e-02 4.022872e-02 3.629776e-02 3.273495e-02 2.955859e-02 2.669964e-02 2.406765e-02 2.158982e-02 1.923474e-02 1.701633e-02 1.497066e-02 1.313990e-02 1.153130e-02 1.013890e-02 8.880734e-03 7.729801e-03 6.665394e-03 5.690295e-03 4.814977e-03 4.032174e-03 3.329960e-03 2.739619e-03 2.414296e-03 2.101450e-03 1.805745e-03 1.530623e-03 1.289788e-03 1.088095e-03 9.307402e-04 8.132489e-04 7.105853e-04 6.161638e-04 5.206041e-04 4.283041e-04 3.414274e-04 2.600366e-04 1.886088e-04 1.279686e-04 8.176656e-05 5.068734e-05 3.169909e-05 2.090811e-05
1.727124e-09 1.960219e-08 5.764898e-08 1.328458e-07 2.657455e-07 4.897885e-07 8.928953e-07 1.471451e-06 2.276914e-06 3.310737e-06 4.647573e-06 6.926566e-06 9.942357e-06 1.346613e-05 1.688748e-05 2.240392e-05 2.823907e-05 3.442566e-05 4.251349e-05 5.288653e-05 6.371089e-05 7.404886e-05 8.889727e-05 1.065118e-04 1.293459e-04 1.529275e-04 1.829975e-04 2.157087e-04 2.532452e-04 3.339447e-04 4.207514e-04 5.252772e-04 6.547725e-04 8.181849e-04 1.014367e-03 1.241462e-03 1.535810e-03 1.862918e-03 2.271293e-03 2.799083e-03 3.392268e-03 4.071504e-03 4.833924e-03 5.731199e-03 6.837179e-03 8.106186e-03 9.609513e-03 1.135068e-02 1.308828e-02 1.495502e-02 1.717112e-02 1.968060e-02 2.262199e-02 2.599053e-02 2.962005e-02 3.343144e-02 3.737568e-02 4.157748e-02 4.606636e-02 5.095337e-02 5.655263e-02 6.289239e-02 6.987616e-02 7.736866e-02 8.501206e-02 9.259095e-02 1.000765e-01 1.072824e-01 1.140861e-01 1.208221e-01 1.278105e-01 1.347608e-01 1.415458e-01 1.489320e-01 1.574104e-01 1.665785e-01 1.763957e-01 1.874873e-01 1.997329e-01 2.120121e-01 2.238682e-01 2.357520e-01 2.473140e-01 2.574534e-01 2.660847e-01 2.739264e-01 2.808614e-01 2.860463e-01 2.893745e-01 2.916602e-01 2.933079e-01 2.937977e-01 2.926837e-01 2.904834e-01 2.881629e-01 2.861444e-01 2.841757e-01 2.821342e-01 2.805685e-01 2.802834e-01 2.815667e-01 2.839322e-01 2.866804e-01 2.893533e-01 2.917106e-01 2.934322e-01 2.939778e-01 2.928795e-01 2.900101e-01 2.857198e-01 2.805907e-01 2.751185e-01 2.695386e-01 2.638988e-01 2.582062e-01 2.525277e-01 2.469409e-01 2.414360e-01 2.357711e-01 2.295932e-01 2.225926e-01 2.146851e-01 2.060060e-01 1.967865e-01 1.872575e-01 1.775240e-01 1.676126e-01 1.575323e-01 1.473646e-01 1.373239e-01 1.276570e-01 1.185561e-01 1.101040e-01 1.022621e-01 9.488843e-02 8.781436e-02 8.094038e-02 7.426178e-02 6.788429e-02 6.193314e-02 5.654303e-02 5.173578e-02 4.737452e-02 4.332567e-02 3.948039e-02 3.579178e-02 3.232121e-02 2.912817e-02 2.624452e-02 2.365772e-02 2.130146e-02 1.910465e-02 1.701392e-02 1.503351e-02 1.319262e-02 1.155638e-02 1.010806e-02 8.832617e-03 7.677467e-03 6.622754e-03 5.672995e-03 4.809004e-03 4.024963e-03 3.335265e-03 2.717535e-03 2.374217e-03 2.060406e-03 1.763963e-03 1.497196e-03 1.263097e-03 1.075273e-03 9.333028e-04 8.217247e-04 7.255820e-04 6.283285e-04 5.328144e-04 4.397074e-04 3.508264e-04 2.692128e-04 1.946067e-04 1.331534e-04 8.607924e-05 5.421679e-05 3.452175e-05 2.287581e-05
1.558828e-09 1.630042e-08 5.355319e-08 1.254102e-07 2.687767e-07 5.090611e-07 8.371485e-07 1.358981e-06 2.160442e-06 3.476209e-06 5.413821e-06 7.314797e-06 9.805255e-06 1.336147e-05 1.792335e-05 2.203368e-05 2.781909e-05 3.604679e-05 4.346668e-05 5.055638e-05 6.055654e-05 7.508050e-05 9.016848e-05 1.092261e-04 1.301377e-04 1.534123e-04 1.805510e-04 2.150039e-04 2.544377e-04 3.146217e-04 4.098564e-04 5.220443e-04 6.529849e-04 8.184692e-04 1.025005e-03 1.280915e-03 1.582734e-03 1.950736e-03 2.380607e-03 2.892200e-03 3.483993e-03 4.139572e-03 4.929102e-03 5.871234e-03 6.970379e-03 8.280238e-03 9.708942e-03 1.127899e-02 1.314775e-02 1.517694e-02 1.744747e-02 2.015654e-02 2.313201e-02 2.629799e-02 2.964639e-02 3.321923e-02 3.709874e-02 4.137845e-02 4.626715e-02 5.170727e-02 5.757849e-02 6.397568e-02 7.078327e-02 7.788669e-02 8.521039e-02 9.236027e-02 9.916654e-02 1.058871e-01 1.125700e-01 1.191099e-01 1.258391e-01 1.332396e-01 1.411710e-01 1.493880e-01 1.583756e-01 1.683825e-01 1.787494e-01 1.891936e-01 2.003084e-01 2.118754e-01 2.226211e-01 2.323776e-01 2.421813e-01 2.519605e-01 2.604012e-01 2.671913e-01 2.733804e-01 2.794033e-01 2.843117e-01 2.872714e-01 2.887913e-01 2.897892e-01 2.902485e-01 2.895497e-01 2.876963e-01 2.855900e-01 2.840399e-01 2.830457e-01 2.822061e-01 2.816615e-01 2.821796e-01 2.841619e-01 2.870751e-01 2.898790e-01 2.918374e-01 2.928017e-01 2.927406e-01 2.913894e-01 2.883333e-01 2.835205e-01 2.775014e-01 2.711162e-01 2.649502e-01 2.590836e-01 2.532735e-01 2.473007e-01 2.411866e-01 2.351084e-01 2.291081e-01 2.230012e-01 2.164305e-01 2.090623e-01 2.007253e-01 1.915850e-01 1.820152e-01 1.723449e-01 1.627317e-01 1.531669e-01 1.435966e-01 1.340269e-01 1.245619e-01 1.154167e-01 1.068048e-01 9.883838e-02 9.150090e-02 8.470117e-02 7.830252e-02 7.218958e-02 6.628381e-02 6.061896e-02 5.528837e-02 5.037642e-02 4.596330e-02 4.202513e-02 3.843456e-02 3.509404e-02 3.190954e-02 2.886855e-02 2.601862e-02 2.339947e-02 2.103222e-02 1.889464e-02 1.694047e-02 1.510813e-02 1.336779e-02 1.172560e-02 1.023228e-02 8.888572e-03 7.691379e-03 6.628623e-03 5.663885e-03 4.797766e-03 4.022401e-03 3.323153e-03 2.712921e-03 2.327555e-03 2.016640e-03 1.728830e-03 1.467923e-03 1.248642e-03 1.075680e-03 9.460495e-04 8.420877e-04 7.438561e-04 6.463685e-04 5.472106e-04 4.517915e-04 3.607360e-04 2.750116e-04 1.992446e-04 1.356164e-04 8.853527e-05 5.628273e-05 3.627773e-05 2.426569e-05
1.524247e-09 1.736898e-08 5.261906e-08 1.219179e-07 2.450294e-07 4.517603e-07 8.181968e-07 1.422903e-06 2.294996e-06 3.337166e-06 4.743552e-06 7.275102e-06 1.018140e-05 1.332759e-05 1.760097e-05 2.331638e-05 2.891412e-05 3.353371e-05 4.164694e-05 5.290627e-05 6.482461e-05 7.680588e-05 9.211333e-05 1.078575e-04 1.277274e-04 1.557408e-04 1.858853e-04 2.175334e-04 2.688266e-04 3.419946e-04 4.223736e-04 5.348534e-04 6.853838e-04 8.616585e-04 1.067571e-03 1.310456e-03 1.597279e-03 1.963779e-03 2.406811e-03 2.890994e-03 3.485193e-03 4.226601e-03 5.092628e-03 6.103045e-03 7.241196e-03 8.467661e-03 9.851143e-03 1.140913e-02 1.318715e-02 1.536049e-02 1.778330e-02 2.036375e-02 2.320406e-02 2.621489e-02 2.940419e-02 3.287479e-02 3.676163e-02 4.123268e-02 4.635832e-02 5.210811e-02 5.823912e-02 6.462928e-02 7.124551e-02 7.776811e-02 8.420166e-02 9.074783e-02 9.721863e-02 1.036722e-01 1.105548e-01 1.178842e-01 1.252543e-01 1.328123e-01 1.411705e-01 1.501661e-01 1.592509e-01 1.688161e-01 1.793153e-01 1.899698e-01 2.000528e-01 2.101835e-01 2.207112e-01 2.306598e-01 2.394869e-01 2.478523e-01 2.560320e-01 2.633196e-01 2.692479e-01 2.742966e-01 2.789319e-01 2.827426e-01 2.850764e-01 2.861167e-01 2.866950e-01 2.871442e-01 2.869127e-01 2.855861e-01 2.837280e-01 2.824379e-01 2.821639e-01 2.824430e-01 2.828681e-01 2.837541e-01 2.856206e-01 2.882544e-01 2.906273e-01 2.916280e-01 2.908036e-01 2.884471e-01 2.849500e-01 2.803709e-01 2.746409e-01 2.680258e-01 2.611833e-01 2.547462e-01 2.489277e-01 2.434327e-01 2.377716e-01 2.316383e-01 2.250492e-01 2.182181e-01 2.111922e-01 2.037819e-01 1.957636e-01 1.870519e-01 1.777289e-01 1.680451e-01 1.583336e-01 1.488163e-01 1.395170e-01 1.303633e-01 1.213270e-01 1.124757e-01 1.039442e-01 9.589279e-02 8.844471e-02 8.160809e-02 7.532401e-02 6.949646e-02 6.403830e-02 5.887576e-02 5.394838e-02 4.928076e-02 4.492633e-02 4.093840e-02 3.737000e-02 3.416396e-02 3.122967e-02 2.848554e-02 2.585830e-02 2.335175e-02 2.098809e-02 1.881974e-02 1.686901e-02 1.510310e-02 1.344819e-02 1.185474e-02 1.034574e-02 8.972356e-03 7.743544e-03 6.640295e-03 5.663324e-03 4.785917e-03 4.002679e-03 3.306903e-03 2.694538e-03 2.258766e-03 1.959306e-03 1.681586e-03 1.437927e-03 1.237291e-03 1.085385e-03 9.711268e-04 8.728638e-04 7.759659e-04 6.744569e-04 5.740618e-04 4.724349e-04 3.762114e-04 2.856278e-04 2.054154e-04 1.399268e-04 9.058313e-05 5.766120e-05 3.699119e-05 2.483501e-05
1.488497e-09 1.709706e-08 5.370818e-08 1.223893e-07 2.355469e-07 4.553485e-07 8.163232e-07 1.292199e-06 2.059366e-06 3.427632e-06 5.195872e-06 7.101125e-06 1.019648e-05 1.424757e-05 1.799705e-05 2.255213e-05 2.839247e-05 3.682603e-05 4.443901e-05 5.225677e-05 6.307738e-05 7.690250e-05 9.241310e-05 1.133542e-04 1.374774e-04 1.589949e-04 1.869425e-04 2.214862e-04 2.653067e-04 3.391845e-04 4.355639e-04 5.522828e-04 6.914001e-04 8.652424e-04 1.074967e-03 1.334747e-03 1.677645e-03 2.067188e-03 2.511749e-03 3.048482e-03 3.637436e-03 4.337432e-03 5.184093e-03 6.137068e-03 7.208552e-03 8.406341e-03 9.748177e-03 1.134728e-02 1.322037e-02 1.535132e-02 1.781864e-02 2.040220e-02 2.301367e-02 2.591391e-02 2.914597e-02 3.277900e-02 3.702320e-02 4.183726e-02 4.699785e-02 5.255140e-02 5.846486e-02 6.427249e-02 7.003012e-02 7.598295e-02 8.191092e-02 8.809789e-02 9.495708e-02 1.021249e-01 1.093327e-01 1.169665e-01 1.251410e-01 1.333377e-01 1.415208e-01 1.502782e-01 1.594911e-01 1.686487e-01 1.781479e-01 1.883852e-01 1.985070e-01 2.079278e-01 2.174076e-01 2.271430e-01 2.360349e-01 2.436768e-01 2.509490e-01 2.582776e-01 2.648526e-01 2.699265e-01 2.739164e-01 2.776085e-01 2.809438e-01 2.831912e-01 2.840972e-01 2.843165e-01 2.845210e-01 2.845936e-01 2.840114e-01 2.828276e-01 2.818729e-01 2.818851e-01 2.827768e-01 2.840074e-01 2.854072e-01 2.871381e-01 2.890116e-01 2.902089e-01 2.897454e-01 2.873096e-01 2.833078e-01 2.783130e-01 2.725480e-01 2.659776e-01 2.587558e-01 2.514485e-01 2.447019e-01 2.386923e-01 2.330327e-01 2.270876e-01 2.204347e-01 2.131117e-01 2.053674e-01 1.974129e-01 1.892544e-01 1.806745e-01 1.715329e-01 1.619498e-01 1.522527e-01 1.427684e-01 1.337026e-01 1.250746e-01 1.167401e-01 1.085598e-01 1.005475e-01 9.284284e-02 8.559126e-02 7.889111e-02 7.275964e-02 6.712127e-02 6.191066e-02 5.704222e-02 5.248438e-02 4.820240e-02 4.416468e-02 4.037841e-02 3.685506e-02 3.361935e-02 3.068546e-02 2.799745e-02 2.550736e-02 2.315092e-02 2.091676e-02 1.881981e-02 1.689486e-02 1.514645e-02 1.349946e-02 1.192694e-02 1.044003e-02 9.063174e-03 7.805294e-03 6.677384e-03 5.667684e-03 4.777510e-03 3.984936e-03 3.289224e-03 2.678811e-03 2.190072e-03 1.900539e-03 1.637439e-03 1.411114e-03 1.232154e-03 1.101328e-03 1.001086e-03 9.099649e-04 8.139379e-04 7.146193e-04 6.081953e-04 5.039382e-04 3.982722e-04 3.025930e-04 2.171895e-04 1.475293e-04 9.519776e-05 5.959374e-05 3.794410e-05 2.516954e-05
1.419595e-09 1.522210e-08 4.767391e-08 1.076253e-07 2.414989e-07 4.316338e-07 7.332355e-07 1.335427e-06 2.176350e-06 3.234319e-06 5.064405e-06 7.665107e-06 1.021172e-05 1.350612e-05 1.856267e-05 2.337481e-05 2.910637e-05 3.466379e-05 4.296723e-05 5.388703e-05 6.502340e-05 7.838671e-05 9.546337e-05 1.135180e-04 1.324880e-04 1.603992e-04 1.912940e-04 2.254761e-04 2.860522e-04 3.638267e-04 4.691015e-04 5.910087e-04 7.299640e-04 8.962518e-04 1.113339e-03 1.395371e-03 1.708124e-03 2.067218e-03 2.478562e-03 2.981065e-03 3.660075e-03 4.450134e-03 5.309553e-03 6.254544e-03 7.280528e-03 8.494676e-03 9.982470e-03 1.167945e-02 1.358390e-02 1.559994e-02 1.764513e-02 1.999076e-02 2.265284e-02 2.554785e-02 2.900168e-02 3.305573e-02 3.738895e-02 4.204122e-02 4.704371e-02 5.199419e-02 5.705148e-02 6.252241e-02 6.806796e-02 7.395283e-02 8.053828e-02 8.729285e-02 9.421209e-02 1.018031e-01 1.096561e-01 1.172018e-01 1.249418e-01 1.332920e-01 1.416094e-01 1.497630e-01 1.585717e-01 1.678680e-01 1.767640e-01 1.857263e-01 1.955592e-01 2.054143e-01 2.143150e-01 2.228566e-01 2.316286e-01 2.400209e-01 2.474136e-01 2.541081e-01 2.605591e-01 2.665035e-01 2.713626e-01 2.751023e-01 2.782096e-01 2.808359e-01 2.825514e-01 2.831066e-01 2.829874e-01 2.829017e-01 2.829247e-01 2.825510e-01 2.816435e-01 2.809866e-01 2.814974e-01 2.830611e-01 2.847500e-01 2.858794e-01 2.865512e-01 2.869944e-01 2.867273e-01 2.847800e-01 2.805985e-01 2.746716e-01 2.680354e-01 2.613329e-01 2.544930e-01 2.472339e-01 2.396801e-01 2.323585e-01 2.257389e-01 2.197255e-01 2.136546e-01 2.068307e-01 1.990159e-01 1.905746e-01 1.819679e-01 1.733799e-01 1.647947e-01 1.560265e-01 1.469535e-01 1.377298e-01 1.287258e-01 1.202335e-01 1.123172e-01 1.048658e-01 9.768583e-02 9.066171e-02 8.384259e-02 7.737625e-02 7.137312e-02 6.587828e-02 6.082965e-02 5.612798e-02 5.172803e-02 4.759117e-02 4.372381e-02 4.010573e-02 3.671268e-02 3.354051e-02 3.058010e-02 2.784205e-02 2.531300e-02 2.297181e-02 2.079065e-02 1.874384e-02 1.684814e-02 1.507895e-02 1.343931e-02 1.190573e-02 1.047550e-02 9.137373e-03 7.899676e-03 6.764565e-03 5.741247e-03 4.824275e-03 4.019628e-03 3.307940e-03 2.696813e-03 2.181296e-03 1.873287e-03 1.620527e-03 1.409585e-03 1.249412e-03 1.133726e-03 1.041775e-03 9.529041e-04 8.594699e-04 7.564517e-04 6.499412e-04 5.351233e-04 4.266269e-04 3.220816e-04 2.332322e-04 1.580196e-04 1.015306e-04 6.302894e-05 3.942253e-05 2.597458e-05
1.384085e-09 1.538980e-08 4.607298e-08 1.110537e-07 2.117257e-07 4.364935e-07 8.009690e-07 1.279642e-06 2.120114e-06 3.432520e-06 4.882868e-06 7.073841e-06 1.042832e-05 1.386104e-05 1.702392e-05 2.255416e-05 2.868269e-05 3.687946e-05 4.535821e-05 5.369452e-05 6.549573e-05 7.887277e-05 9.360652e-05 1.119937e-04 1.376800e-04 1.631151e-04 1.905593e-04 2.231255e-04 2.913603e-04 3.747382e-04 4.636948e-04 5.753489e-04 7.213701e-04 9.115758e-04 1.148067e-03 1.406422e-03 1.706666e-03 2.085731e-03 2.583393e-03 3.177364e-03 3.793565e-03 4.470506e-03 5.246114e-03 6.154513e-03 7.290647e-03 8.633258e-03 1.013478e-02 1.182106e-02 1.357699e-02 1.543061e-02 1.750601e-02 1.979014e-02 2.255852e-02 2.589113e-02 2.946076e-02 3.336858e-02 3.774968e-02 4.217610e-02 4.666002e-02 5.149741e-02 5.639670e-02 6.163755e-02 6.759913e-02 7.371880e-02 8.012986e-02 8.737809e-02 9.487978e-02 1.022154e-01 1.099288e-01 1.179724e-01 1.256380e-01 1.332528e-01 1.414910e-01 1.497945e-01 1.577798e-01 1.662237e-01 1.750396e-01 1.832611e-01 1.913405e-01 2.002188e-01 2.092337e-01 2.175992e-01 2.259044e-01 2.345547e-01 2.427669e-01 2.498866e-01 2.563174e-01 2.625879e-01 2.683764e-01 2.729180e-01 2.760561e-01 2.783973e-01 2.804706e-01 2.820735e-01 2.826858e-01 2.823516e-01 2.818054e-01 2.816466e-01 2.816784e-01 2.814542e-01 2.812051e-01 2.816275e-01 2.828971e-01 2.843180e-01 2.849778e-01 2.844939e-01 2.829765e-01 2.804785e-01 2.766193e-01 2.710209e-01 2.639370e-01 2.562291e-01 2.486974e-01 2.415060e-01 2.343373e-01 2.269673e-01 2.196262e-01 2.127009e-01 2.062801e-01 1.999874e-01 1.931831e-01 1.854755e-01 1.769322e-01 1.680718e-01 1.593603e-01 1.508590e-01 1.424316e-01 1.339342e-01 1.253721e-01 1.169703e-01 1.090620e-01 1.017897e-01 9.503026e-02 8.857761e-02 8.227720e-02 7.611750e-02 7.023736e-02 6.478818e-02 5.980466e-02 5.525988e-02 5.102797e-02 4.703065e-02 4.325872e-02 3.971909e-02 3.643323e-02 3.337693e-02 3.051804e-02 2.781771e-02 2.528233e-02 2.293276e-02 2.075823e-02 1.874587e-02 1.683286e-02 1.503681e-02 1.337751e-02 1.185698e-02 1.045678e-02 9.165639e-03 7.967955e-03 6.856887e-03 5.836906e-03 4.915339e-03 4.087381e-03 3.366129e-03 2.744843e-03 2.227691e-03 1.877326e-03 1.633578e-03 1.436596e-03 1.293780e-03 1.189590e-03 1.101862e-03 1.012483e-03 9.156402e-04 8.095220e-04 6.914789e-04 5.729597e-04 4.523992e-04 3.455793e-04 2.476327e-04 1.689062e-04 1.075156e-04 6.652563e-05 4.148668e-05 2.704532e-05
1.272137e-09 1.414386e-08 4.606008e-08 1.050034e-07 2.309549e-07 4.127770e-07 7.783691e-07 1.371647e-06 2.136608e-06 3.260282e-06 5.100059e-06 6.969413e-06 9.266626e-06 1.312341e-05 1.868087e-05 2.345767e-05 2.940852e-05 3.568279e-05 4.365306e-05 5.484993e-05 6.593480e-05 8.051136e-05 9.742553e-05 1.173109e-04 1.360605e-04 1.610409e-04 1.931757e-04 2.414150e-04 3.112952e-04 3.911694e-04 4.896143e-04 6.124650e-04 7.679958e-04 9.561672e-04 1.157100e-03 1.403589e-03 1.721748e-03 2.100897e-03 2.541752e-03 3.067943e-03 3.697603e-03 4.415591e-03 5.238791e-03 6.231995e-03 7.391688e-03 8.719382e-03 1.019300e-02 1.173094e-02 1.344810e-02 1.540061e-02 1.762034e-02 2.021190e-02 2.305039e-02 2.624350e-02 2.992554e-02 3.369790e-02 3.753787e-02 4.180581e-02 4.624241e-02 5.089000e-02 5.604229e-02 6.131174e-02 6.698543e-02 7.353145e-02 8.031000e-02 8.719379e-02 9.472902e-02 1.025776e-01 1.102228e-01 1.180218e-01 1.259485e-01 1.332201e-01 1.401264e-01 1.475283e-01 1.549572e-01 1.620699e-01 1.698807e-01 1.784704e-01 1.866456e-01 1.945733e-01 2.033620e-01 2.127410e-01 2.216884e-01 2.301912e-01 2.387563e-01 2.471096e-01 2.544742e-01 2.606238e-01 2.659318e-01 2.706381e-01 2.745325e-01 2.774071e-01 2.794373e-01 2.809674e-01 2.820814e-01 2.825345e-01 2.822642e-01 2.816916e-01 2.812808e-01 2.810287e-01 2.806960e-01 2.804136e-01 2.806347e-01 2.813545e-01 2.818049e-01 2.810426e-01 2.787256e-01 2.752410e-01 2.709246e-01 2.655987e-01 2.589265e-01 2.510819e-01 2.428731e-01 2.351451e-01 2.281059e-01 2.213152e-01 2.142482e-01 2.068136e-01 1.994241e-01 1.924835e-01 1.858679e-01 1.790200e-01 1.713941e-01 1.629751e-01 1.541232e-01 1.453975e-01 1.371440e-01 1.292450e-01 1.213937e-01 1.134802e-01 1.056772e-01 9.829441e-02 9.159201e-02 8.555853e-02 7.992669e-02 7.445086e-02 6.902856e-02 6.372248e-02 5.874763e-02 5.422958e-02 5.014315e-02 4.640026e-02 4.285071e-02 3.944593e-02 3.621787e-02 3.320445e-02 3.041444e-02 2.783769e-02 2.543070e-02 2.314405e-02 2.098847e-02 1.891380e-02 1.694011e-02 1.510033e-02 1.339500e-02 1.183949e-02 1.042377e-02 9.132792e-03 7.946942e-03 6.857952e-03 5.852800e-03 4.933167e-03 4.110502e-03 3.387345e-03 2.767630e-03 2.261230e-03 1.875138e-03 1.643984e-03 1.468402e-03 1.344673e-03 1.255606e-03 1.172994e-03 1.085436e-03 9.834369e-04 8.679320e-04 7.417345e-04 6.090149e-04 4.846269e-04 3.647302e-04 2.629298e-04 1.752706e-04 1.119440e-04 6.868116e-05 4.302022e-05 2.824690e-05
1.309486e-09 1.503282e-08 4.492607e-08 1.032044e-07 2.144462e-07 4.495678e-07 7.472508e-07 1.270255e-06 2.127388e-06 3.222741e-06 4.577458e-06 7.056214e-06 1.010281e-05 1.330824e-05 1.681405e-05 2.243304e-05 2.910240e-05 3.683869e-05 4.530457e-05 5.467267e-05 6.836039e-05 8.085828e-05 9.663774e-05 1.150197e-04 1.398244e-04 1.664049e-04 1.949151e-04 2.458608e-04 3.020692e-04 3.794212e-04 4.835560e-04 6.141902e-04 7.705174e-04 9.467289e-04 1.178772e-03 1.462437e-03 1.800305e-03 2.220446e-03 2.672921e-03 3.147549e-03 3.706887e-03 4.407932e-03 5.299681e-03 6.338614e-03 7.494217e-03 8.757167e-03 1.012323e-02 1.166043e-02 1.337013e-02 1.538953e-02 1.780342e-02 2.055403e-02 2.362959e-02 2.679705e-02 3.004420e-02 3.365189e-02 3.740437e-02 4.127377e-02 4.560707e-02 5.021285e-02 5.530148e-02 6.118408e-02 6.727254e-02 7.369494e-02 8.095042e-02 8.839811e-02 9.564612e-02 1.031222e-01 1.106216e-01 1.176307e-01 1.245744e-01 1.316672e-01 1.381839e-01 1.443457e-01 1.510970e-01 1.581369e-01 1.651499e-01 1.730487e-01 1.820049e-01 1.910921e-01 2.001715e-01 2.096495e-01 2.192005e-01 2.282668e-01 2.368743e-01 2.450909e-01 2.524993e-01 2.586920e-01 2.638425e-01 2.683724e-01 2.723553e-01 2.754709e-01 2.775871e-01 2.790801e-01 2.804437e-01 2.816345e-01 2.820524e-01 2.813780e-01 2.801885e-01 2.794399e-01 2.793780e-01 2.793519e-01 2.788621e-01 2.781294e-01 2.775403e-01 2.767646e-01 2.747861e-01 2.709554e-01 2.655752e-01 2.594375e-01 2.529371e-01 2.458538e-01 2.379703e-01 2.296635e-01 2.217166e-01 2.145636e-01 2.079443e-01 2.011970e-01 1.939283e-01 1.862801e-01 1.787144e-01 1.715462e-01 1.645762e-01 1.572746e-01 1.492751e-01 1.408339e-01 1.324483e-01 1.245307e-01 1.172113e-01 1.102401e-01 1.032771e-01 9.629610e-02 8.957777e-02 8.340791e-02 7.792562e-02 7.298919e-02 6.826553e-02 6.356610e-02 5.887903e-02 5.433139e-02 5.015158e-02 4.638993e-02 4.297773e-02 3.980279e-02 3.672434e-02 3.372592e-02 3.088226e-02 2.825279e-02 2.584119e-02 2.361792e-02 2.144207e-02 1.930925e-02 1.727386e-02 1.534211e-02 1.356037e-02 1.192166e-02 1.043134e-02 9.083426e-03 7.868486e-03 6.761587e-03 5.754498e-03 4.842615e-03 4.030776e-03 3.319777e-03 2.722976e-03 2.240122e-03 1.883553e-03 1.636811e-03 1.488690e-03 1.390163e-03 1.316357e-03 1.244659e-03 1.156550e-03 1.051718e-03 9.257581e-04 7.888204e-04 6.503621e-04 5.131228e-04 3.890631e-04 2.738243e-04 1.828332e-04 1.136089e-04 7.013718e-05 4.380087e-05 2.886972e-05
1.266147e-09 1.306120e-08 4.264099e-08 1.053531e-07 2.117062e-07 3.745306e-07 7.417805e-07 1.204936e-06 1.908870e-06 3.076663e-06 4.815902e-06 6.654634e-06 9.481355e-06 1.331832e-05 1.819088e-05 2.338902e-05 2.899916e-05 3.658742e-05 4.613972e-05 5.629774e-05 6.513164e-05 8.148162e-05 9.902685e-05 1.185311e-04 1.387276e-04 1.637933e-04 1.953689e-04 2.455242e-04 3.256825e-04 4.180410e-04 5.279025e-04 6.573463e-04 7.982749e-04 9.819444e-04 1.207537e-03 1.497633e-03 1.832741e-03 2.170965e-03 2.600561e-03 3.141375e-03 3.773647e-03 4.538756e-03 5.413790e-03 6.405718e-03 7.498245e-03 8.690069e-03 1.004966e-02 1.165054e-02 1.360256e-02 1.583388e-02 1.827397e-02 2.090808e-02 2.371935e-02 2.679527e-02 3.001870e-02 3.337627e-02 3.710462e-02 4.105267e-02 4.535363e-02 5.034214e-02 5.564296e-02 6.141292e-02 6.805676e-02 7.501071e-02 8.215011e-02 8.977335e-02 9.731471e-02 1.042773e-01 1.109375e-01 1.172537e-01 1.229807e-01 1.287781e-01 1.350122e-01 1.410576e-01 1.472410e-01 1.544350e-01 1.621490e-01 1.700016e-01 1.788357e-01 1.886570e-01 1.984545e-01 2.081024e-01 2.180256e-01 2.278171e-01 2.367254e-01 2.447127e-01 2.521080e-01 2.587580e-01 2.641957e-01 2.683413e-01 2.716587e-01 2.746481e-01 2.773721e-01 2.794667e-01 2.806535e-01 2.811168e-01 2.812373e-01 2.810513e-01 2.802809e-01 2.790099e-01 2.778659e-01 2.772232e-01 2.767452e-01 2.758279e-01 2.742877e-01 2.722693e-01 2.696519e-01 2.659022e-01 2.605573e-01 2.538538e-01 2.465500e-01 2.391916e-01 2.317509e-01 2.239666e-01 2.159151e-01 2.080972e-01 2.009942e-01 1.945301e-01 1.881237e-01 1.811776e-01 1.736326e-01 1.659420e-01 1.585736e-01 1.516030e-01 1.447197e-01 1.374892e-01 1.297669e-01 1.219750e-01 1.146164e-01 1.078693e-01 1.015988e-01 9.547937e-02 8.927428e-02 8.312413e-02 7.739084e-02 7.227489e-02 6.775871e-02 6.359835e-02 5.945475e-02 5.524583e-02 5.103951e-02 4.702941e-02 4.341392e-02 4.016739e-02 3.717665e-02 3.432523e-02 3.153085e-02 2.884133e-02 2.636087e-02 2.402855e-02 2.179191e-02 1.964517e-02 1.756003e-02 1.559927e-02 1.375140e-02 1.203582e-02 1.046717e-02 9.052868e-03 7.781898e-03 6.643998e-03 5.623427e-03 4.714897e-03 3.912322e-03 3.225083e-03 2.647644e-03 2.203521e-03 1.879824e-03 1.653099e-03 1.515176e-03 1.442304e-03 1.383229e-03 1.315813e-03 1.229614e-03 1.114622e-03 9.822061e-04 8.362994e-04 6.882318e-04 5.458446e-04 4.080302e-04 2.889609e-04 1.878973e-04 1.174936e-04 7.090714e-05 4.455671e-05 2.926120e-05
1.237972e-09 1.491769e-08 4.256588e-08 9.036445e-08 2.013793e-07 3.967685e-07 6.399362e-07 1.154208e-06 1.888953e-06 2.940579e-06 4.455346e-06 7.009087e-06 9.955432e-06 1.353667e-05 1.781846e-05 2.301161e-05 3.010980e-05 3.707944e-05 4.515541e-05 5.618627e-05 7.108872e-05 8.185325e-05 9.719950e-05 1.166056e-04 1.413147e-04 1.704018e-04 2.062374e-04 2.586384e-04 3.204628e-04 4.058904e-04 5.030951e-04 6.197250e-04 7.914036e-04 1.005685e-03 1.262160e-03 1.534043e-03 1.843525e-03 2.238838e-03 2.680117e-03 3.232341e-03 3.923318e-03 4.667445e-03 5.490005e-03 6.412466e-03 7.487299e-03 8.746175e-03 1.021050e-02 1.191498e-02 1.381282e-02 1.593616e-02 1.829578e-02 2.084775e-02 2.355597e-02 2.645542e-02 2.963118e-02 3.296372e-02 3.657093e-02 4.072144e-02 4.519870e-02 5.021693e-02 5.616542e-02 6.261184e-02 6.951172e-02 7.693284e-02 8.423291e-02 9.124880e-02 9.810923e-02 1.043767e-01 1.098468e-01 1.150207e-01 1.200324e-01 1.248358e-01 1.303013e-01 1.368423e-01 1.437093e-01 1.510303e-01 1.594848e-01 1.685319e-01 1.777171e-01 1.875870e-01 1.980408e-01 2.082805e-01 2.181846e-01 2.279130e-01 2.370484e-01 2.451130e-01 2.522412e-01 2.586421e-01 2.640906e-01 2.683701e-01 2.716810e-01 2.743905e-01 2.766360e-01 2.783396e-01 2.794044e-01 2.798078e-01 2.796220e-01 2.789624e-01 2.778105e-01 2.761390e-01 2.742963e-01 2.728391e-01 2.718996e-01 2.708651e-01 2.689444e-01 2.659328e-01 2.621959e-01 2.580019e-01 2.529871e-01 2.466369e-01 2.390710e-01 2.310974e-01 2.234948e-01 2.163778e-01 2.093077e-01 2.019818e-01 1.946731e-01 1.878590e-01 1.817205e-01 1.758809e-01 1.697101e-01 1.628171e-01 1.553982e-01 1.480706e-01 1.412348e-01 1.347328e-01 1.281750e-01 1.212800e-01 1.141065e-01 1.071365e-01 1.007938e-01 9.504128e-02 8.955342e-02 8.401242e-02 7.832018e-02 7.277103e-02 6.775634e-02 6.336253e-02 5.946292e-02 5.574922e-02 5.192714e-02 4.802299e-02 4.416153e-02 4.055922e-02 3.735720e-02 3.446805e-02 3.173278e-02 2.906851e-02 2.646027e-02 2.398073e-02 2.167760e-02 1.948195e-02 1.743181e-02 1.549706e-02 1.367020e-02 1.196201e-02 1.037951e-02 8.933740e-03 7.633336e-03 6.474730e-03 5.449327e-03 4.549391e-03 3.769278e-03 3.101922e-03 2.564603e-03 2.156066e-03 1.871205e-03 1.667077e-03 1.552463e-03 1.499606e-03 1.452611e-03 1.387112e-03 1.294277e-03 1.176685e-03 1.034688e-03 8.839075e-04 7.271802e-04 5.712535e-04 4.268303e-04 2.963768e-04 1.948965e-04 1.194799e-04 7.314152e-05 4.513672e-05 2.971597e-05
1.258188e-09 1.293883e-08 4.241894e-08 1.039675e-07 1.854113e-07 3.528610e-07 6.981821e-07 1.141139e-06 1.955763e-06 3.176694e-06 4.986924e-06 7.018206e-06 9.822154e-06 1.375260e-05 1.853760e-05 2.424913e-05 3.015678e-05 3.849212e-05 4.667894e-05 5.541178e-05 6.622152e-05 8.421442e-05 1.007563e-04 1.204040e-04 1.435682e-04 1.668759e-04 2.057804e-04 2.670786e-04 3.412540e-04 4.234454e-04 5.376740e-04 6.884497e-04 8.515110e-04 1.044443e-03 1.258191e-03 1.512132e-03 1.825423e-03 2.214827e-03 2.722525e-03 3.274548e-03 3.885081e-03 4.635040e-03 5.483662e-03 6.450237e-03 7.546551e-03 8.835843e-03 1.034220e-02 1.203863e-02 1.398191e-02 1.613232e-02 1.842232e-02 2.090971e-02 2.359472e-02 2.633407e-02 2.926702e-02 3.267045e-02 3.644433e-02 4.079133e-02 4.598515e-02 5.159346e-02 5.763658e-02 6.427303e-02 7.098274e-02 7.769975e-02 8.428460e-02 9.018662e-02 9.554636e-02 1.007332e-01 1.055949e-01 1.101969e-01 1.151315e-01 1.203638e-01 1.257382e-01 1.321390e-01 1.398405e-01 1.480322e-01 1.568948e-01 1.668096e-01 1.768887e-01 1.867883e-01 1.972415e-01 2.080002e-01 2.180563e-01 2.274014e-01 2.365591e-01 2.450798e-01 2.521329e-01 2.578116e-01 2.627597e-01 2.670824e-01 2.703924e-01 2.726274e-01 2.742089e-01 2.755289e-01 2.765675e-01 2.769345e-01 2.763259e-01 2.749354e-01 2.733273e-01 2.718386e-01 2.702999e-01 2.684154e-01 2.663638e-01 2.645139e-01 2.627798e-01 2.604517e-01 2.568197e-01 2.519331e-01 2.462887e-01 2.401669e-01 2.334196e-01 2.259599e-01 2.181826e-01 2.107571e-01 2.039909e-01 1.976324e-01 1.912228e-01 1.846014e-01 1.780948e-01 1.720313e-01 1.663475e-01 1.605677e-01 1.542357e-01 1.473145e-01 1.401833e-01 1.333831e-01 1.271218e-01 1.210543e-01 1.147843e-01 1.082378e-01 1.016552e-01 9.548306e-02 8.998010e-02 8.490045e-02 7.984171e-02 7.460722e-02 6.926315e-02 6.418663e-02 5.970428e-02 5.577203e-02 5.221504e-02 4.870065e-02 4.504135e-02 4.136921e-02 3.788429e-02 3.475913e-02 3.194438e-02 2.920496e-02 2.648778e-02 2.390358e-02 2.145149e-02 1.919138e-02 1.710423e-02 1.516067e-02 1.337826e-02 1.172054e-02 1.018020e-02 8.762109e-03 7.470303e-03 6.310402e-03 5.290850e-03 4.397056e-03 3.631338e-03 2.993536e-03 2.489935e-03 2.123730e-03 1.871963e-03 1.685915e-03 1.587252e-03 1.552757e-03 1.508952e-03 1.444508e-03 1.349344e-03 1.228018e-03 1.088198e-03 9.301280e-04 7.647552e-04 5.967327e-04 4.377651e-04 3.033290e-04 1.957328e-04 1.222524e-04 7.371703e-05 4.625465e-05 3.002056e-05
1.222136e-09 1.386193e-08 3.874583e-08 8.030069e-08 1.970436e-07 3.812083e-07 6.591355e-07 1.221259e-06 2.002168e-06 3.176912e-06 4.703467e-06 7.231657e-06 1.074132e-05 1.438581e-05 1.895101e-05 2.458730e-05 3.118268e-05 3.704306e-05 4.694117e-05 5.876964e-05 7.007434e-05 8.138819e-05 1.006102e-04 1.199581e-04 1.389665e-04 1.713690e-04 2.153758e-04 2.723889e-04 3.400857e-04 4.285294e-04 5.353531e-04 6.710620e-04 8.512460e-04 1.050306e-03 1.288925e-03 1.583242e-03 1.934981e-03 2.338639e-03 2.797640e-03 3.386281e-03 4.059740e-03 4.801869e-03 5.667491e-03 6.626990e-03 7.729116e-03 8.998493e-03 1.049704e-02 1.225191e-02 1.411940e-02 1.610865e-02 1.826898e-02 2.048048e-02 2.285181e-02 2.566059e-02 2.881231e-02 3.240252e-02 3.673379e-02 4.158134e-02 4.697565e-02 5.299780e-02 5.910097e-02 6.521730e-02 7.121319e-02 7.669062e-02 8.195313e-02 8.704738e-02 9.166630e-02 9.617378e-02 1.010557e-01 1.060840e-01 1.112682e-01 1.172382e-01 1.237094e-01 1.302584e-01 1.378324e-01 1.466924e-01 1.559104e-01 1.657125e-01 1.765827e-01 1.875560e-01 1.979999e-01 2.085110e-01 2.191270e-01 2.289077e-01 2.374737e-01 2.452077e-01 2.520438e-01 2.574929e-01 2.615667e-01 2.647816e-01 2.674237e-01 2.694462e-01 2.708631e-01 2.718100e-01 2.723379e-01 2.724050e-01 2.719646e-01 2.709631e-01 2.693930e-01 2.674471e-01 2.654767e-01 2.636053e-01 2.617051e-01 2.595851e-01 2.571780e-01 2.543851e-01 2.508728e-01 2.463829e-01 2.409429e-01 2.348662e-01 2.283656e-01 2.214164e-01 2.140445e-01 2.066001e-01 1.996230e-01 1.933971e-01 1.876832e-01 1.819569e-01 1.759456e-01 1.697545e-01 1.637447e-01 1.580667e-01 1.524627e-01 1.464473e-01 1.397851e-01 1.328201e-01 1.260402e-01 1.197781e-01 1.139835e-01 1.082041e-01 1.021276e-01 9.590415e-02 8.988740e-02 8.441802e-02 7.955015e-02 7.488684e-02 7.005637e-02 6.504572e-02 6.005792e-02 5.549689e-02 5.155733e-02 4.807447e-02 4.483160e-02 4.152970e-02 3.815774e-02 3.493676e-02 3.192956e-02 2.907619e-02 2.634848e-02 2.371109e-02 2.124046e-02 1.894313e-02 1.678997e-02 1.483554e-02 1.303632e-02 1.139581e-02 9.898661e-03 8.521782e-03 7.267302e-03 6.144421e-03 5.137341e-03 4.263878e-03 3.515512e-03 2.906809e-03 2.442245e-03 2.121065e-03 1.896281e-03 1.728339e-03 1.630669e-03 1.602337e-03 1.563836e-03 1.494032e-03 1.401481e-03 1.280969e-03 1.139055e-03 9.777389e-04 7.989834e-04 6.189498e-04 4.498063e-04 3.058765e-04 1.978291e-04 1.213274e-04 7.465090e-05 4.609910e-05 3.056380e-05
1.270679e-09 1.296744e-08 3.977686e-08 1.034226e-07 1.881059e-07 3.672776e-07 7.173657e-07 1.206856e-06 2.018645e-06 3.246933e-06 5.132186e-06 7.295241e-06 9.726232e-06 1.377115e-05 1.850782e-05 2.380532e-05 3.079538e-05 4.057815e-05 4.801583e-05 5.721047e-05 7.111717e-05 8.681499e-05 1.002998e-04 1.204234e-04 1.460546e-04 1.696302e-04 2.168278e-04 2.746461e-04 3.577631e-04 4.631662e-04 5.884120e-04 7.249794e-04 8.745271e-04 1.067611e-03 1.307040e-03 1.603752e-03 1.970838e-03 2.414810e-03 2.914743e-03 3.440641e-03 4.065305e-03 4.767431e-03 5.574010e-03 6.604626e-03 7.830945e-03 9.256056e-03 1.078739e-02 1.237317e-02 1.410190e-02 1.589049e-02 1.777974e-02 2.003760e-02 2.264195e-02 2.563915e-02 2.933033e-02 3.356438e-02 3.825082e-02 4.337915e-02 4.856612e-02 5.395928e-02 5.949418e-02 6.469286e-02 6.979927e-02 7.467170e-02 7.904091e-02 8.343048e-02 8.797365e-02 9.237166e-02 9.702377e-02 1.024828e-01 1.083988e-01 1.147243e-01 1.221441e-01 1.302328e-01 1.384190e-01 1.475334e-01 1.576599e-01 1.678729e-01 1.784117e-01 1.896141e-01 2.005279e-01 2.105781e-01 2.202591e-01 2.295276e-01 2.375765e-01 2.442533e-01 2.500955e-01 2.551115e-01 2.587982e-01 2.612922e-01 2.633154e-01 2.652033e-01 2.666737e-01 2.675064e-01 2.679059e-01 2.680195e-01 2.676163e-01 2.664518e-01 2.646580e-01 2.626679e-01 2.608318e-01 2.590581e-01 2.570035e-01 2.544209e-01 2.514050e-01 2.481914e-01 2.446928e-01 2.405083e-01 2.352325e-01 2.289900e-01 2.223455e-01 2.157608e-01 2.092457e-01 2.025806e-01 1.957609e-01 1.891663e-01 1.832208e-01 1.779252e-01 1.728123e-01 1.673211e-01 1.613787e-01 1.552982e-01 1.494456e-01 1.438267e-01 1.380926e-01 1.318642e-01 1.250944e-01 1.183106e-01 1.119695e-01 1.061731e-01 1.006892e-01 9.509570e-02 8.924477e-02 8.345187e-02 7.806195e-02 7.323568e-02 6.886345e-02 6.449285e-02 5.988615e-02 5.518908e-02 5.066135e-02 4.669091e-02 4.332185e-02 4.027524e-02 3.727630e-02 3.421632e-02 3.121002e-02 2.835197e-02 2.560572e-02 2.300952e-02 2.057878e-02 1.828507e-02 1.618786e-02 1.424102e-02 1.247193e-02 1.086979e-02 9.407094e-03 8.088660e-03 6.903996e-03 5.835472e-03 4.894417e-03 4.066363e-03 3.369508e-03 2.810370e-03 2.405295e-03 2.126662e-03 1.941369e-03 1.786749e-03 1.681397e-03 1.663736e-03 1.621495e-03 1.558035e-03 1.459585e-03 1.340502e-03 1.189734e-03 1.014284e-03 8.244378e-04 6.311052e-04 4.562532e-04 3.088487e-04 1.968807e-04 1.215114e-04 7.330324e-05 4.631777e-05 3.028346e-05
1.217263e-09 1.316308e-08 4.046198e-08 8.307909e-08 1.964962e-07 4.033236e-07 7.221332e-07 1.287728e-06 2.114285e-06 3.197272e-06 4.701109e-06 7.057015e-06 1.052951e-05 1.415315e-05 1.914395e-05 2.522874e-05 3.110178e-05 3.764819e-05 4.940084e-05 6.137386e-05 7.223010e-05 8.687747e-05 1.050674e-04 1.212041e-04 1.399100e-04 1.761549e-04 2.286952e-04 2.921075e-04 3.602987e-04 4.450910e-04 5.572145e-04 7.018957e-04 8.762758e-04 1.084754e-03 1.340912e-03 1.641007e-03 1.994136e-03 2.403081e-03 2.895748e-03 3.468991e-03 4.079458e-03 4.832515e-03 5.726274e-03 6.748326e-03 7.974020e-03 9.295248e-03 1.070494e-02 1.217912e-02 1.370988e-02 1.551419e-02 1.759035e-02 1.991934e-02 2.278426e-02 2.612308e-02 2.991795e-02 3.432130e-02 3.901717e-02 4.401401e-02 4.916978e-02 5.393197e-02 5.867268e-02 6.337339e-02 6.766788e-02 7.207631e-02 7.653428e-02 8.067931e-02 8.503871e-02 8.986541e-02 9.475750e-02 1.001016e-01 1.065981e-01 1.137566e-01 1.214695e-01 1.304547e-01 1.400412e-01 1.494908e-01 1.596359e-01 1.704315e-01 1.808253e-01 1.910943e-01 2.017947e-01 2.120833e-01 2.211377e-01 2.293651e-01 2.370258e-01 2.434361e-01 2.482773e-01 2.522031e-01 2.556484e-01 2.583339e-01 2.600828e-01 2.613293e-01 2.625281e-01 2.635885e-01 2.640763e-01 2.637884e-01 2.628646e-01 2.615080e-01 2.597927e-01 2.577584e-01 2.555602e-01 2.533488e-01 2.511751e-01 2.488383e-01 2.460040e-01 2.424683e-01 2.383176e-01 2.338418e-01 2.290773e-01 2.238012e-01 2.178638e-01 2.114702e-01 2.050464e-01 1.988671e-01 1.928781e-01 1.869368e-01 1.810818e-01 1.755116e-01 1.703344e-01 1.653361e-01 1.601236e-01 1.543812e-01 1.482439e-01 1.420895e-01 1.361748e-01 1.303389e-01 1.242695e-01 1.178316e-01 1.111722e-01 1.047718e-01 9.889211e-02 9.341878e-02 8.807316e-02 8.258830e-02 7.700396e-02 7.171807e-02 6.694443e-02 6.265479e-02 5.864224e-02 5.449603e-02 5.019156e-02 4.601886e-02 4.223133e-02 3.893517e-02 3.587411e-02 3.287930e-02 2.999611e-02 2.723123e-02 2.458983e-02 2.209289e-02 1.971015e-02 1.749987e-02 1.543147e-02 1.353450e-02 1.180930e-02 1.023248e-02 8.823546e-03 7.557176e-03 6.427422e-03 5.431204e-03 4.552210e-03 3.799154e-03 3.172431e-03 2.689673e-03 2.348795e-03 2.129546e-03 1.972018e-03 1.835419e-03 1.735035e-03 1.724289e-03 1.692198e-03 1.625477e-03 1.533732e-03 1.400218e-03 1.236747e-03 1.041265e-03 8.321889e-04 6.329083e-04 4.523430e-04 3.067295e-04 1.954762e-04 1.192797e-04 7.283055e-05 4.523119e-05 3.043914e-05
1.239362e-09 1.308845e-08 3.812960e-08 9.557238e-08 1.903410e-07 3.667353e-07 6.830718e-07 1.131353e-06 1.875606e-06 3.210091e-06 4.966835e-06 7.310526e-06 1.032975e-05 1.461943e-05 1.901811e-05 2.456437e-05 3.316354e-05 4.191602e-05 4.804365e-05 5.768272e-05 7.139082e-05 8.377400e-05 9.882059e-05 1.217140e-04 1.484079e-04 1.824902e-04 2.299098e-04 2.954796e-04 3.844570e-04 4.895981e-04 6.028326e-04 7.271686e-04 8.866656e-04 1.087153e-03 1.338740e-03 1.655257e-03 2.014651e-03 2.422150e-03 2.864739e-03 3.393138e-03 4.084426e-03 4.881772e-03 5.846485e-03 6.898078e-03 7.933170e-03 9.060502e-03 1.027324e-02 1.166748e-02 1.331377e-02 1.518939e-02 1.755460e-02 2.039602e-02 2.357170e-02 2.727755e-02 3.123620e-02 3.532653e-02 3.970844e-02 4.400334e-02 4.845082e-02 5.302606e-02 5.710686e-02 6.115623e-02 6.531936e-02 6.928995e-02 7.354263e-02 7.818259e-02 8.286456e-02 8.798606e-02 9.387413e-02 9.996437e-02 1.064600e-01 1.141121e-01 1.223894e-01 1.311553e-01 1.411523e-01 1.516818e-01 1.619072e-01 1.724190e-01 1.832036e-01 1.934042e-01 2.030800e-01 2.126664e-01 2.216812e-01 2.294906e-01 2.362400e-01 2.421071e-01 2.467307e-01 2.500592e-01 2.526694e-01 2.549135e-01 2.565838e-01 2.575824e-01 2.582318e-01 2.587360e-01 2.588826e-01 2.583911e-01 2.572573e-01 2.556683e-01 2.537413e-01 2.515524e-01 2.493244e-01 2.472406e-01 2.452440e-01 2.430414e-01 2.403632e-01 2.370982e-01 2.332139e-01 2.288104e-01 2.239605e-01 2.187363e-01 2.131911e-01 2.074314e-01 2.016515e-01 1.960180e-01 1.905414e-01 1.851165e-01 1.796210e-01 1.740806e-01 1.687019e-01 1.635862e-01 1.585564e-01 1.532302e-01 1.473958e-01 1.411098e-01 1.347313e-01 1.285572e-01 1.226187e-01 1.165670e-01 1.101996e-01 1.036702e-01 9.730504e-02 9.143737e-02 8.606227e-02 8.086663e-02 7.563148e-02 7.030383e-02 6.511576e-02 6.045481e-02 5.632886e-02 5.255411e-02 4.888857e-02 4.507512e-02 4.134229e-02 3.786890e-02 3.461643e-02 3.157160e-02 2.870314e-02 2.598964e-02 2.345677e-02 2.104886e-02 1.879190e-02 1.667815e-02 1.471054e-02 1.290255e-02 1.122776e-02 9.718884e-03 8.349784e-03 7.128543e-03 6.044583e-03 5.088131e-03 4.263082e-03 3.565104e-03 3.002783e-03 2.586719e-03 2.309255e-03 2.131094e-03 1.993543e-03 1.862863e-03 1.794790e-03 1.790833e-03 1.760074e-03 1.700284e-03 1.599198e-03 1.458976e-03 1.272225e-03 1.058865e-03 8.359565e-04 6.243134e-04 4.464344e-04 2.995289e-04 1.922316e-04 1.177761e-04 7.147883e-05 4.522213e-05 2.986541e-05
1.302217e-09 1.291815e-08 3.724433e-08 8.338981e-08 1.768817e-07 3.294965e-07 5.925371e-07 1.109121e-06 1.876537e-06 2.893692e-06 4.737562e-06 7.176193e-06 1.023034e-05 1.398445e-05 1.960204e-05 2.611362e-05 3.111509e-05 3.818978e-05 4.941228e-05 5.989774e-05 6.990913e-05 8.572870e-05 1.044217e-04 1.236628e-04 1.489955e-04 1.900066e-04 2.417421e-04 3.022091e-04 3.770622e-04 4.673365e-04 5.805859e-04 7.309556e-04 9.119259e-04 1.134199e-03 1.382545e-03 1.654826e-03 1.987758e-03 2.380745e-03 2.889201e-03 3.505942e-03 4.217613e-03 5.059903e-03 5.924982e-03 6.878892e-03 7.913673e-03 8.975590e-03 1.024131e-02 1.173940e-02 1.358141e-02 1.582187e-02 1.830440e-02 2.123937e-02 2.455786e-02 2.797387e-02 3.167567e-02 3.535302e-02 3.896224e-02 4.274194e-02 4.633392e-02 5.008660e-02 5.418879e-02 5.822871e-02 6.244027e-02 6.685822e-02 7.134961e-02 7.633544e-02 8.188022e-02 8.758535e-02 9.377270e-02 1.007795e-01 1.080133e-01 1.156417e-01 1.242151e-01 1.331270e-01 1.424550e-01 1.528542e-01 1.635567e-01 1.739952e-01 1.846656e-01 1.952715e-01 2.050190e-01 2.140746e-01 2.227081e-01 2.302894e-01 2.363591e-01 2.414156e-01 2.457620e-01 2.489544e-01 2.508293e-01 2.520895e-01 2.533164e-01 2.542526e-01 2.544881e-01 2.541978e-01 2.537811e-01 2.531480e-01 2.519103e-01 2.500562e-01 2.480437e-01 2.462242e-01 2.445043e-01 2.425835e-01 2.404428e-01 2.382350e-01 2.359549e-01 2.332871e-01 2.298242e-01 2.255064e-01 2.205950e-01 2.154413e-01 2.101621e-01 2.046527e-01 1.988923e-01 1.931143e-01 1.876301e-01 1.825624e-01 1.776527e-01 1.725357e-01 1.670574e-01 1.613825e-01 1.558305e-01 1.504837e-01 1.450767e-01 1.391897e-01 1.327661e-01 1.261493e-01 1.197854e-01 1.137948e-01 1.080013e-01 1.019976e-01 9.571486e-02 8.948927e-02 8.367956e-02 7.845427e-02 7.361154e-02 6.876688e-02 6.382043e-02 5.888674e-02 5.432172e-02 5.043875e-02 4.696590e-02 4.357105e-02 4.014006e-02 3.670074e-02 3.344636e-02 3.038923e-02 2.750611e-02 2.484018e-02 2.234860e-02 2.001575e-02 1.785589e-02 1.583373e-02 1.397218e-02 1.223876e-02 1.066213e-02 9.221252e-03 7.924355e-03 6.759455e-03 5.722661e-03 4.817220e-03 4.037761e-03 3.389890e-03 2.884130e-03 2.524656e-03 2.297233e-03 2.138338e-03 2.010629e-03 1.873648e-03 1.858499e-03 1.853323e-03 1.821461e-03 1.754991e-03 1.642308e-03 1.482724e-03 1.282379e-03 1.055394e-03 8.256081e-04 6.161932e-04 4.339576e-04 2.941906e-04 1.873847e-04 1.165610e-04 7.152033e-05 4.504693e-05 3.034555e-05
1.184956e-09 1.178533e-08 3.621857e-08 7.724054e-08 1.556253e-07 3.225142e-07 6.013952e-07 9.991229e-07 1.760307e-06 3.003307e-06 4.383097e-06 6.713018e-06 1.000920e-05 1.409442e-05 1.857022e-05 2.375140e-05 3.214771e-05 4.110484e-05 4.980791e-05 6.032003e-05 7.365455e-05 8.752078e-05 1.044451e-04 1.238450e-04 1.465008e-04 1.927016e-04 2.538541e-04 3.260589e-04 4.014968e-04 4.947102e-04 6.207416e-04 7.757376e-04 9.657365e-04 1.172187e-03 1.407077e-03 1.680643e-03 2.004581e-03 2.433840e-03 2.946955e-03 3.571655e-03 4.280266e-03 5.021241e-03 5.840961e-03 6.677272e-03 7.662309e-03 8.872734e-03 1.026835e-02 1.196626e-02 1.393948e-02 1.627805e-02 1.902467e-02 2.187037e-02 2.494629e-02 2.818664e-02 3.137776e-02 3.476534e-02 3.809081e-02 4.137609e-02 4.485826e-02 4.837274e-02 5.223099e-02 5.646945e-02 6.089286e-02 6.573538e-02 7.080899e-02 7.588481e-02 8.147781e-02 8.776433e-02 9.429748e-02 1.014405e-01 1.094145e-01 1.175316e-01 1.261756e-01 1.357356e-01 1.453130e-01 1.551246e-01 1.658553e-01 1.766347e-01 1.869252e-01 1.972986e-01 2.074698e-01 2.164749e-01 2.243593e-01 2.315435e-01 2.375269e-01 2.417937e-01 2.448254e-01 2.472473e-01 2.489553e-01 2.497073e-01 2.498528e-01 2.499216e-01 2.499589e-01 2.496092e-01 2.487083e-01 2.474627e-01 2.460533e-01 2.444348e-01 2.425698e-01 2.406751e-01 2.390288e-01 2.375604e-01 2.359348e-01 2.338631e-01 2.313240e-01 2.284354e-01 2.251466e-01 2.212893e-01 2.166839e-01 2.114232e-01 2.058479e-01 2.002869e-01 1.948575e-01 1.894905e-01 1.841144e-01 1.788223e-01 1.737517e-01 1.689164e-01 1.640355e-01 1.587761e-01 1.530926e-01 1.472080e-01 1.414043e-01 1.357077e-01 1.299008e-01 1.237136e-01 1.171996e-01 1.107798e-01 1.047903e-01 9.915936e-02 9.363422e-02 8.793051e-02 8.212474e-02 7.657161e-02 7.150316e-02 6.692945e-02 6.255679e-02 5.808772e-02 5.365688e-02 4.948941e-02 4.575891e-02 4.237802e-02 3.903403e-02 3.577287e-02 3.262502e-02 2.957172e-02 2.669835e-02 2.400959e-02 2.149197e-02 1.919688e-02 1.706778e-02 1.511719e-02 1.331013e-02 1.165011e-02 1.013242e-02 8.753802e-03 7.510041e-03 6.392394e-03 5.406124e-03 4.544337e-03 3.814996e-03 3.220409e-03 2.771902e-03 2.474306e-03 2.276495e-03 2.138809e-03 2.001527e-03 1.894325e-03 1.906792e-03 1.901911e-03 1.866996e-03 1.784093e-03 1.653254e-03 1.469507e-03 1.252103e-03 1.019347e-03 7.944411e-04 5.892096e-04 4.191836e-04 2.806602e-04 1.826520e-04 1.136598e-04 7.121741e-05 4.544985e-05 3.039768e-05
1.402610e-09 1.349848e-08 3.466511e-08 8.073734e-08 1.634597e-07 3.116326e-07 6.153885e-07 1.177152e-06 1.857329e-06 2.880690e-06 4.732071e-06 6.732188e-06 9.379420e-06 1.351434e-05 1.881755e-05 2.550020e-05 3.185013e-05 3.950499e-05 4.813627e-05 5.952166e-05 7.390095e-05 9.048044e-05 1.068828e-04 1.273565e-04 1.660170e-04 2.075605e-04 2.566543e-04 3.174384e-04 4.041116e-04 5.154149e-04 6.404800e-04 7.834024e-04 9.406428e-04 1.138718e-03 1.390502e-03 1.714725e-03 2.111526e-03 2.554965e-03 3.074887e-03 3.632482e-03 4.251093e-03 4.939929e-03 5.719427e-03 6.691262e-03 7.822488e-03 9.211307e-03 1.090554e-02 1.283560e-02 1.504520e-02 1.738467e-02 1.989423e-02 2.262874e-02 2.529465e-02 2.804560e-02 3.086457e-02 3.369936e-02 3.680145e-02 4.001197e-02 4.341676e-02 4.708375e-02 5.091944e-02 5.525382e-02 5.997979e-02 6.488648e-02 7.032496e-02 7.619086e-02 8.205795e-02 8.837605e-02 9.543049e-02 1.028249e-01 1.110355e-01 1.201315e-01 1.292365e-01 1.387639e-01 1.489563e-01 1.588784e-01 1.687974e-01 1.793273e-01 1.897008e-01 1.993758e-01 2.087359e-01 2.175128e-01 2.248714e-01 2.308782e-01 2.359781e-01 2.398973e-01 2.423325e-01 2.438120e-01 2.448952e-01 2.454487e-01 2.453046e-01 2.447866e-01 2.442504e-01 2.436082e-01 2.426031e-01 2.412254e-01 2.396819e-01 2.381044e-01 2.364481e-01 2.347559e-01 2.332628e-01 2.320085e-01 2.307055e-01 2.289456e-01 2.265440e-01 2.235763e-01 2.201179e-01 2.161795e-01 2.116751e-01 2.066303e-01 2.012026e-01 1.956173e-01 1.900595e-01 1.846212e-01 1.793305e-01 1.742344e-01 1.693175e-01 1.645420e-01 1.597607e-01 1.548239e-01 1.495722e-01 1.439362e-01 1.380671e-01 1.321621e-01 1.263113e-01 1.204104e-01 1.143487e-01 1.081493e-01 1.019676e-01 9.611854e-02 9.067024e-02 8.539209e-02 8.010174e-02 7.475638e-02 6.957235e-02 6.483159e-02 6.055886e-02 5.660807e-02 5.265558e-02 4.865442e-02 4.487845e-02 4.131114e-02 3.797435e-02 3.485519e-02 3.182141e-02 2.892470e-02 2.614396e-02 2.346071e-02 2.096795e-02 1.864242e-02 1.650199e-02 1.454643e-02 1.274798e-02 1.112020e-02 9.633395e-03 8.297094e-03 7.090251e-03 6.017302e-03 5.068345e-03 4.251612e-03 3.565393e-03 3.023997e-03 2.642060e-03 2.390495e-03 2.232055e-03 2.095343e-03 1.965697e-03 1.922309e-03 1.945731e-03 1.943650e-03 1.900548e-03 1.805752e-03 1.649003e-03 1.444740e-03 1.208318e-03 9.701939e-04 7.468535e-04 5.539348e-04 3.908955e-04 2.661234e-04 1.717200e-04 1.098745e-04 6.893406e-05 4.462282e-05 3.030973e-05
1.212374e-09 1.157160e-08 3.483949e-08 7.726069e-08 1.808227e-07 3.600138e-07 6.241975e-07 1.024278e-06 1.858310e-06 3.055453e-06 4.521074e-06 7.119582e-06 1.078738e-05 1.443943e-05 1.885317e-05 2.418794e-05 3.176788e-05 3.990286e-05 5.095883e-05 6.289336e-05 7.496111e-05 8.849911e-05 1.058815e-04 1.278650e-04 1.623664e-04 2.103632e-04 2.647136e-04 3.357359e-04 4.232728e-04 5.261198e-04 6.530470e-04 8.026551e-04 9.906391e-04 1.218996e-03 1.502050e-03 1.840648e-03 2.235422e-03 2.680904e-03 3.148524e-03 3.669152e-03 4.239374e-03 4.925116e-03 5.751547e-03 6.764141e-03 8.053919e-03 9.556022e-03 1.131358e-02 1.331973e-02 1.547762e-02 1.779627e-02 2.006206e-02 2.232235e-02 2.471089e-02 2.711630e-02 2.970059e-02 3.242847e-02 3.534992e-02 3.869107e-02 4.237598e-02 4.645501e-02 5.074793e-02 5.510167e-02 5.993922e-02 6.527089e-02 7.078557e-02 7.676867e-02 8.332206e-02 9.007310e-02 9.735673e-02 1.052491e-01 1.134143e-01 1.225039e-01 1.323531e-01 1.420925e-01 1.522458e-01 1.627637e-01 1.726258e-01 1.821366e-01 1.918436e-01 2.010274e-01 2.092329e-01 2.168642e-01 2.237019e-01 2.289793e-01 2.328407e-01 2.359594e-01 2.382323e-01 2.392676e-01 2.394900e-01 2.396117e-01 2.396242e-01 2.390985e-01 2.381376e-01 2.371929e-01 2.363370e-01 2.352219e-01 2.337049e-01 2.321121e-01 2.307826e-01 2.296418e-01 2.284320e-01 2.270844e-01 2.257358e-01 2.243037e-01 2.224035e-01 2.196763e-01 2.160952e-01 2.119753e-01 2.075117e-01 2.026844e-01 1.974231e-01 1.918545e-01 1.863072e-01 1.810170e-01 1.759439e-01 1.709326e-01 1.658857e-01 1.609127e-01 1.561089e-01 1.514226e-01 1.465485e-01 1.412215e-01 1.354471e-01 1.294422e-01 1.234945e-01 1.177019e-01 1.119591e-01 1.060263e-01 9.989545e-02 9.385444e-02 8.813041e-02 8.285954e-02 7.787191e-02 7.286492e-02 6.779735e-02 6.286604e-02 5.841029e-02 5.448064e-02 5.073538e-02 4.703633e-02 4.333736e-02 3.976000e-02 3.643566e-02 3.326984e-02 3.032837e-02 2.756375e-02 2.490036e-02 2.239470e-02 2.002149e-02 1.778119e-02 1.572027e-02 1.380359e-02 1.206814e-02 1.047659e-02 9.045311e-03 7.752029e-03 6.600040e-03 5.582354e-03 4.693066e-03 3.930015e-03 3.303204e-03 2.830450e-03 2.508776e-03 2.312660e-03 2.173126e-03 2.051950e-03 1.929946e-03 1.965328e-03 1.996618e-03 1.993693e-03 1.937249e-03 1.819448e-03 1.642411e-03 1.417879e-03 1.172927e-03 9.282641e-04 7.074146e-04 5.174972e-04 3.664290e-04 2.476629e-04 1.631255e-04 1.032318e-04 6.590698e-05 4.236193e-05 2.902455e-05
1.403172e-09 1.294785e-08 3.706316e-08 8.668580e-08 1.567318e-07 3.077541e-07 6.035193e-07 1.099957e-06 1.745997e-06 2.845909e-06 4.667883e-06 7.020857e-06 9.695643e-06 1.385280e-05 1.947600e-05 2.621958e-05 3.273608e-05 4.166159e-05 5.078682e-05 6.163860e-05 7.441126e-05 8.970139e-05 1.089431e-04 1.393199e-04 1.744444e-04 2.149922e-04 2.736075e-04 3.488537e-04 4.411332e-04 5.511889e-04 6.693317e-04 8.109373e-04 9.900075e-04 1.227746e-03 1.522833e-03 1.869170e-03 2.262886e-03 2.695875e-03 3.159895e-03 3.661333e-03 4.257704e-03 4.990535e-03 5.963685e-03 7.167447e-03 8.579836e-03 1.023859e-02 1.203087e-02 1.393010e-02 1.587106e-02 1.779334e-02 1.978829e-02 2.178025e-02 2.384803e-02 2.608163e-02 2.850303e-02 3.127299e-02 3.433506e-02 3.772550e-02 4.149561e-02 4.559184e-02 5.019411e-02 5.512536e-02 6.007301e-02 6.532700e-02 7.111757e-02 7.731853e-02 8.414005e-02 9.155693e-02 9.936392e-02 1.079917e-01 1.170796e-01 1.262112e-01 1.361739e-01 1.465437e-01 1.564462e-01 1.665208e-01 1.767240e-01 1.860733e-01 1.946542e-01 2.029032e-01 2.102976e-01 2.163929e-01 2.215473e-01 2.258513e-01 2.288694e-01 2.306740e-01 2.318694e-01 2.326847e-01 2.329116e-01 2.325920e-01 2.321661e-01 2.318425e-01 2.313802e-01 2.305603e-01 2.295486e-01 2.285816e-01 2.276262e-01 2.265342e-01 2.253814e-01 2.244208e-01 2.237268e-01 2.229648e-01 2.217759e-01 2.200599e-01 2.179243e-01 2.153579e-01 2.121052e-01 2.080378e-01 2.033068e-01 1.982721e-01 1.931514e-01 1.879115e-01 1.824975e-01 1.770498e-01 1.718407e-01 1.669995e-01 1.623369e-01 1.576041e-01 1.526627e-01 1.476321e-01 1.426425e-01 1.376671e-01 1.324051e-01 1.266390e-01 1.205253e-01 1.144232e-01 1.086096e-01 1.030256e-01 9.749234e-02 9.174313e-02 8.586626e-02 8.023927e-02 7.505773e-02 7.030854e-02 6.571852e-02 6.107259e-02 5.653283e-02 5.227828e-02 4.838259e-02 4.470388e-02 4.113607e-02 3.776475e-02 3.450377e-02 3.141155e-02 2.852023e-02 2.576516e-02 2.321055e-02 2.082058e-02 1.855491e-02 1.646106e-02 1.450154e-02 1.271793e-02 1.108963e-02 9.614609e-03 8.280070e-03 7.077581e-03 6.015063e-03 5.074188e-03 4.259426e-03 3.568947e-03 3.017316e-03 2.620074e-03 2.368170e-03 2.213570e-03 2.101572e-03 2.000591e-03 1.964598e-03 2.026226e-03 2.063970e-03 2.048711e-03 1.970389e-03 1.822315e-03 1.619278e-03 1.382820e-03 1.133071e-03 8.926330e-04 6.744235e-04 4.917141e-04 3.456152e-04 2.360207e-04 1.543220e-04 9.892927e-05 6.186411e-05 3.996467e-05 2.730871e-05
1.298863e-09 1.308179e-08 3.555346e-08 7.263182e-08 1.642292e-07 3.146118e-07 5.725351e-07 1.006073e-06 1.797184e-06 2.886256e-06 4.442815e-06 6.595493e-06 1.004148e-05 1.413395e-05 1.873788e-05 2.400614e-05 3.162953e-05 4.020842e-05 5.105715e-05 6.222188e-05 7.488744e-05 9.025904e-05 1.067964e-04 1.305187e-04 1.691490e-04 2.247100e-04 2.911716e-04 3.634982e-04 4.407689e-04 5.323177e-04 6.671912e-04 8.510322e-04 1.085528e-03 1.352987e-03 1.642907e-03 1.951713e-03 2.281161e-03 2.663015e-03 3.141538e-03 3.742883e-03 4.492138e-03 5.402159e-03 6.440995e-03 7.654278e-03 8.993356e-03 1.039311e-02 1.187458e-02 1.340698e-02 1.502480e-02 1.675258e-02 1.863170e-02 2.069240e-02 2.289842e-02 2.533491e-02 2.797460e-02 3.085130e-02 3.408381e-02 3.756125e-02 4.135415e-02 4.552135e-02 5.000937e-02 5.502044e-02 6.053811e-02 6.629772e-02 7.238234e-02 7.892679e-02 8.602565e-02 9.401815e-02 1.025734e-01 1.114578e-01 1.211646e-01 1.310139e-01 1.405800e-01 1.506515e-01 1.607806e-01 1.702652e-01 1.795167e-01 1.884855e-01 1.965413e-01 2.036081e-01 2.098288e-01 2.149454e-01 2.188162e-01 2.217205e-01 2.238167e-01 2.250479e-01 2.256336e-01 2.259257e-01 2.260173e-01 2.258213e-01 2.254101e-01 2.249440e-01 2.244915e-01 2.239615e-01 2.232824e-01 2.224929e-01 2.216929e-01 2.209408e-01 2.202521e-01 2.196383e-01 2.191090e-01 2.185015e-01 2.175658e-01 2.160578e-01 2.138738e-01 2.110497e-01 2.075882e-01 2.035020e-01 1.987934e-01 1.936198e-01 1.882332e-01 1.828422e-01 1.775502e-01 1.723163e-01 1.671248e-01 1.620470e-01 1.571356e-01 1.523897e-01 1.476154e-01 1.426796e-01 1.375501e-01 1.323418e-01 1.270779e-01 1.216987e-01 1.160474e-01 1.100961e-01 1.040588e-01 9.823322e-02 9.276032e-02 8.745603e-02 8.221354e-02 7.690082e-02 7.168219e-02 6.685663e-02 6.241122e-02 5.814685e-02 5.388361e-02 4.970641e-02 4.575835e-02 4.201690e-02 3.855424e-02 3.528703e-02 3.217339e-02 2.926250e-02 2.646692e-02 2.385719e-02 2.143014e-02 1.914755e-02 1.704408e-02 1.507800e-02 1.326424e-02 1.161094e-02 1.010275e-02 8.747821e-03 7.521164e-03 6.437024e-03 5.465501e-03 4.615415e-03 3.875530e-03 3.255869e-03 2.778398e-03 2.449875e-03 2.250547e-03 2.129206e-03 2.038092e-03 1.952476e-03 2.012505e-03 2.080485e-03 2.103887e-03 2.071278e-03 1.964304e-03 1.789481e-03 1.570530e-03 1.323878e-03 1.078681e-03 8.466078e-04 6.418355e-04 4.695752e-04 3.328480e-04 2.274269e-04 1.504538e-04 9.524576e-05 5.970726e-05 3.785085e-05 2.610208e-05
1.504744e-09 1.241887e-08 3.381052e-08 7.571965e-08 1.492485e-07 2.954742e-07 5.532490e-07 1.001665e-06 1.663469e-06 2.867100e-06 4.495189e-06 6.655725e-06 9.314525e-06 1.340197e-05 1.857506e-05 2.548276e-05 3.376621e-05 4.230646e-05 4.932243e-05 5.914834e-05 7.379317e-05 9.067146e-05 1.094229e-04 1.362832e-04 1.766712e-04 2.263769e-04 2.864496e-04 3.589193e-04 4.468894e-04 5.620862e-04 7.090301e-04 9.029796e-04 1.121736e-03 1.348369e-03 1.578162e-03 1.829654e-03 2.143901e-03 2.543686e-03 3.067319e-03 3.751711e-03 4.601102e-03 5.601085e-03 6.688065e-03 7.788349e-03 8.948268e-03 1.020787e-02 1.156203e-02 1.301626e-02 1.461717e-02 1.636145e-02 1.819885e-02 2.024465e-02 2.249404e-02 2.487570e-02 2.752668e-02 3.040353e-02 3.354306e-02 3.713009e-02 4.110177e-02 4.546046e-02 5.025721e-02 5.545534e-02 6.116074e-02 6.745560e-02 7.426213e-02 8.158474e-02 8.925513e-02 9.736150e-02 1.063128e-01 1.155734e-01 1.249950e-01 1.349685e-01 1.446342e-01 1.537281e-01 1.628636e-01 1.717267e-01 1.800400e-01 1.879957e-01 1.953644e-01 2.017619e-01 2.072096e-01 2.116767e-01 2.149644e-01 2.171852e-01 2.187303e-01 2.197159e-01 2.200823e-01 2.200504e-01 2.199690e-01 2.198149e-01 2.194019e-01 2.187815e-01 2.181914e-01 2.176656e-01 2.170561e-01 2.163300e-01 2.156244e-01 2.150698e-01 2.146223e-01 2.141590e-01 2.136758e-01 2.131277e-01 2.123117e-01 2.108761e-01 2.086025e-01 2.055534e-01 2.019011e-01 1.977614e-01 1.930834e-01 1.879082e-01 1.824537e-01 1.770032e-01 1.717300e-01 1.665968e-01 1.615304e-01 1.565361e-01 1.516626e-01 1.469126e-01 1.421284e-01 1.371979e-01 1.320287e-01 1.266992e-01 1.213370e-01 1.160269e-01 1.106316e-01 1.050399e-01 9.926337e-02 9.348529e-02 8.788474e-02 8.260790e-02 7.760990e-02 7.268320e-02 6.787863e-02 6.328010e-02 5.897872e-02 5.490200e-02 5.087986e-02 4.694499e-02 4.312721e-02 3.953014e-02 3.617349e-02 3.299497e-02 3.005149e-02 2.724373e-02 2.459334e-02 2.212494e-02 1.978903e-02 1.763305e-02 1.564551e-02 1.380544e-02 1.213382e-02 1.059475e-02 9.205706e-03 7.944947e-03 6.831758e-03 5.835127e-03 4.963355e-03 4.197474e-03 3.538348e-03 3.002017e-03 2.599556e-03 2.338960e-03 2.188120e-03 2.091416e-03 2.017694e-03 1.975497e-03 2.054996e-03 2.097987e-03 2.095427e-03 2.025015e-03 1.888986e-03 1.706258e-03 1.479004e-03 1.245168e-03 1.006922e-03 7.909721e-04 6.035669e-04 4.472432e-04 3.213345e-04 2.224020e-04 1.472964e-04 9.399324e-05 5.835495e-05 3.716701e-05 2.555728e-05
1.427397e-09 1.291934e-08 3.432360e-08 7.721055e-08 1.547600e-07 3.008201e-07 5.758194e-07 1.007695e-06 1.791108e-06 2.665864e-06 4.044503e-06 6.627203e-06 1.021696e-05 1.376747e-05 1.952075e-05 2.682073e-05 3.263818e-05 3.919764e-05 5.113251e-05 6.497790e-05 7.580622e-05 8.586149e-05 1.036220e-04 1.437398e-04 1.849591e-04 2.276359e-04 2.759494e-04 3.450191e-04 4.551163e-04 6.045029e-04 7.723165e-04 9.213702e-04 1.075763e-03 1.263752e-03 1.516259e-03 1.852532e-03 2.271686e-03 2.792861e-03 3.412334e-03 4.139792e-03 4.951281e-03 5.834576e-03 6.832621e-03 7.900382e-03 8.999205e-03 1.013472e-02 1.135227e-02 1.269454e-02 1.409195e-02 1.564082e-02 1.741664e-02 1.930876e-02 2.146979e-02 2.397944e-02 2.676035e-02 2.995449e-02 3.355474e-02 3.749086e-02 4.191106e-02 4.685437e-02 5.218276e-02 5.789878e-02 6.407369e-02 7.070459e-02 7.780100e-02 8.543908e-02 9.363710e-02 1.019971e-01 1.106074e-01 1.197135e-01 1.286463e-01 1.375137e-01 1.466249e-01 1.552910e-01 1.634976e-01 1.714842e-01 1.789555e-01 1.859093e-01 1.924394e-01 1.982013e-01 2.029371e-01 2.067702e-01 2.096938e-01 2.115801e-01 2.126492e-01 2.132996e-01 2.136723e-01 2.137037e-01 2.135304e-01 2.133714e-01 2.132114e-01 2.128244e-01 2.121620e-01 2.114237e-01 2.107662e-01 2.101728e-01 2.095707e-01 2.090016e-01 2.085609e-01 2.082331e-01 2.078656e-01 2.072178e-01 2.061796e-01 2.046724e-01 2.025401e-01 1.995697e-01 1.956772e-01 1.911372e-01 1.862572e-01 1.811891e-01 1.759150e-01 1.704829e-01 1.651371e-01 1.600753e-01 1.552895e-01 1.505661e-01 1.457509e-01 1.409130e-01 1.361460e-01 1.314546e-01 1.265903e-01 1.214156e-01 1.159707e-01 1.105005e-01 1.051704e-01 9.997180e-02 9.467747e-02 8.918671e-02 8.363373e-02 7.835107e-02 7.343657e-02 6.886874e-02 6.443304e-02 6.001977e-02 5.581847e-02 5.185350e-02 4.808543e-02 4.444297e-02 4.089899e-02 3.750473e-02 3.423063e-02 3.116988e-02 2.829108e-02 2.557777e-02 2.307672e-02 2.069892e-02 1.848057e-02 1.643335e-02 1.452942e-02 1.280465e-02 1.122088e-02 9.778016e-03 8.469236e-03 7.299957e-03 6.251778e-03 5.331787e-03 4.522992e-03 3.820659e-03 3.236155e-03 2.767334e-03 2.441102e-03 2.244539e-03 2.132799e-03 2.066436e-03 1.998811e-03 2.004648e-03 2.061309e-03 2.081689e-03 2.033699e-03 1.927016e-03 1.774248e-03 1.575928e-03 1.369330e-03 1.143186e-03 9.307388e-04 7.328629e-04 5.629422e-04 4.231544e-04 3.070589e-04 2.145885e-04 1.432501e-04 9.151145e-05 5.730759e-05 3.661950e-05 2.553152e-05
1.414649e-09 1.300012e-08 3.740300e-08 7.483443e-08 1.544165e-07 3.052656e-07 5.563746e-07 1.007300e-06 1.589422e-06 2.859462e-06 4.854882e-06 6.763918e-06 9.543101e-06 1.507901e-05 1.990811e-05 2.401927e-05 3.230108e-05 4.373397e-05 5.319386e-05 6.126197e-05 7.359256e-05 9.257344e-05 1.198615e-04 1.484709e-04 1.863316e-04 2.365606e-04 3.096894e-04 4.051508e-04 5.106430e-04 6.234567e-04 7.506399e-04 9.120400e-04 1.092966e-03 1.320690e-03 1.604176e-03 1.950641e-03 2.373653e-03 2.869366e-03 3.444843e-03 4.080492e-03 4.837385e-03 5.693152e-03 6.608558e-03 7.670199e-03 8.809290e-03 9.967938e-03 1.110039e-02 1.224958e-02 1.358778e-02 1.504827e-02 1.669677e-02 1.870411e-02 2.098828e-02 2.365470e-02 2.685833e-02 3.048387e-02 3.456352e-02 3.918920e-02 4.415364e-02 4.943470e-02 5.522592e-02 6.134526e-02 6.770258e-02 7.445288e-02 8.156736e-02 8.898877e-02 9.693421e-02 1.053438e-01 1.136592e-01 1.220461e-01 1.305486e-01 1.386468e-01 1.466700e-01 1.546524e-01 1.622174e-01 1.696133e-01 1.767588e-01 1.832020e-01 1.889737e-01 1.941292e-01 1.983279e-01 2.014901e-01 2.039349e-01 2.057011e-01 2.066455e-01 2.070303e-01 2.073021e-01 2.074636e-01 2.073792e-01 2.071773e-01 2.070678e-01 2.069452e-01 2.065736e-01 2.059471e-01 2.052794e-01 2.047233e-01 2.042718e-01 2.039103e-01 2.036387e-01 2.033906e-01 2.030663e-01 2.024733e-01 2.014270e-01 1.997483e-01 1.973737e-01 1.943402e-01 1.906145e-01 1.862105e-01 1.812259e-01 1.759443e-01 1.706202e-01 1.653449e-01 1.601242e-01 1.549924e-01 1.500919e-01 1.454486e-01 1.408907e-01 1.362078e-01 1.313022e-01 1.263026e-01 1.213138e-01 1.163590e-01 1.112273e-01 1.058491e-01 1.003666e-01 9.504329e-02 8.995277e-02 8.498105e-02 7.994174e-02 7.483185e-02 6.987664e-02 6.533720e-02 6.104409e-02 5.688938e-02 5.284021e-02 4.895521e-02 4.532817e-02 4.191589e-02 3.870447e-02 3.559687e-02 3.259338e-02 2.970675e-02 2.691579e-02 2.431981e-02 2.186345e-02 1.956908e-02 1.745552e-02 1.547808e-02 1.367348e-02 1.202619e-02 1.050915e-02 9.142839e-03 7.901881e-03 6.786407e-03 5.796781e-03 4.923012e-03 4.158130e-03 3.515967e-03 2.978837e-03 2.581048e-03 2.318586e-03 2.171857e-03 2.100599e-03 2.043655e-03 1.989788e-03 1.989863e-03 2.035342e-03 2.018604e-03 1.945646e-03 1.821712e-03 1.650624e-03 1.464011e-03 1.251786e-03 1.052693e-03 8.560961e-04 6.818252e-04 5.297256e-04 3.992786e-04 2.922786e-04 2.037875e-04 1.360956e-04 8.715865e-05 5.465505e-05 3.526754e-05 2.489660e-05
1.662051e-09 1.403751e-08 3.364769e-08 7.701058e-08 1.663455e-07 3.171302e-07 5.846474e-07 1.013431e-06 1.798216e-06 2.751578e-06 4.130464e-06 7.164776e-06 1.100945e-05 1.405360e-05 1.935444e-05 2.706809e-05 3.385709e-05 4.072394e-05 5.080615e-05 6.441960e-05 7.967436e-05 9.539961e-05 1.198427e-04 1.485496e-04 1.882430e-04 2.468057e-04 3.194543e-04 4.054788e-04 5.025118e-04 6.067913e-04 7.227965e-04 8.644436e-04 1.065566e-03 1.309332e-03 1.611755e-03 1.984898e-03 2.445204e-03 3.006696e-03 3.655474e-03 4.386902e-03 5.101090e-03 5.870627e-03 6.703252e-03 7.501954e-03 8.380800e-03 9.348650e-03 1.044106e-02 1.163798e-02 1.289755e-02 1.442689e-02 1.625543e-02 1.839285e-02 2.101457e-02 2.406011e-02 2.750444e-02 3.156980e-02 3.616031e-02 4.111043e-02 4.658682e-02 5.237899e-02 5.831195e-02 6.462044e-02 7.117144e-02 7.790869e-02 8.504487e-02 9.245204e-02 9.990005e-02 1.076728e-01 1.156856e-01 1.235025e-01 1.313307e-01 1.389063e-01 1.460384e-01 1.532869e-01 1.603982e-01 1.670183e-01 1.734769e-01 1.796099e-01 1.848921e-01 1.893670e-01 1.931692e-01 1.960090e-01 1.978964e-01 1.993497e-01 2.005316e-01 2.011204e-01 2.012199e-01 2.013165e-01 2.014710e-01 2.013640e-01 2.010477e-01 2.008645e-01 2.008302e-01 2.006470e-01 2.002228e-01 1.998090e-01 1.995602e-01 1.993971e-01 1.992295e-01 1.990912e-01 1.989493e-01 1.984951e-01 1.974286e-01 1.956288e-01 1.931185e-01 1.899338e-01 1.860760e-01 1.816501e-01 1.767830e-01 1.716704e-01 1.664690e-01 1.612870e-01 1.562024e-01 1.512216e-01 1.463690e-01 1.416599e-01 1.370880e-01 1.325411e-01 1.278308e-01 1.228769e-01 1.177092e-01 1.124718e-01 1.072052e-01 1.019322e-01 9.657512e-02 9.118824e-02 8.593144e-02 8.096657e-02 7.625142e-02 7.158799e-02 6.693989e-02 6.235360e-02 5.793441e-02 5.375521e-02 4.974775e-02 4.598183e-02 4.244167e-02 3.914966e-02 3.609384e-02 3.320884e-02 3.048705e-02 2.783882e-02 2.530541e-02 2.286131e-02 2.052512e-02 1.836521e-02 1.634082e-02 1.448681e-02 1.279567e-02 1.122874e-02 9.825553e-03 8.545526e-03 7.386639e-03 6.343622e-03 5.404807e-03 4.571307e-03 3.859304e-03 3.248864e-03 2.772555e-03 2.427705e-03 2.219551e-03 2.118232e-03 2.058754e-03 2.012308e-03 1.940458e-03 1.970067e-03 1.984728e-03 1.945924e-03 1.860118e-03 1.725183e-03 1.565848e-03 1.372036e-03 1.180246e-03 9.841420e-04 8.078761e-04 6.488440e-04 5.071956e-04 3.860629e-04 2.801087e-04 1.955716e-04 1.293678e-04 8.222864e-05 5.128139e-05 3.297014e-05 2.333394e-05
1.576998e-09 1.299639e-08 3.674050e-08 8.061664e-08 1.441246e-07 2.890654e-07 5.505534e-07 9.515101e-07 1.652411e-06 3.063366e-06 4.942247e-06 6.770567e-06 9.773993e-06 1.440720e-05 1.913855e-05 2.543697e-05 3.465452e-05 4.371630e-05 5.257427e-05 6.264967e-05 7.589618e-05 9.277541e-05 1.180002e-04 1.591191e-04 2.101606e-04 2.710862e-04 3.450699e-04 4.203628e-04 5.029168e-04 6.039679e-04 7.373487e-04 9.095153e-04 1.116306e-03 1.395646e-03 1.730997e-03 2.135329e-03 2.592849e-03 3.105084e-03 3.671339e-03 4.269697e-03 4.948438e-03 5.588590e-03 6.240284e-03 6.994335e-03 7.788697e-03 8.750877e-03 9.901163e-03 1.128372e-02 1.294297e-02 1.479102e-02 1.693456e-02 1.944635e-02 2.230596e-02 2.571306e-02 2.966899e-02 3.394850e-02 3.876373e-02 4.411004e-02 4.973339e-02 5.578358e-02 6.207274e-02 6.845506e-02 7.510573e-02 8.187321e-02 8.870463e-02 9.582970e-02 1.030988e-01 1.102377e-01 1.174462e-01 1.244913e-01 1.313507e-01 1.384349e-01 1.451453e-01 1.513691e-01 1.577579e-01 1.639965e-01 1.696517e-01 1.749731e-01 1.798231e-01 1.837321e-01 1.868530e-01 1.894800e-01 1.914031e-01 1.925600e-01 1.934775e-01 1.944443e-01 1.951448e-01 1.954014e-01 1.955737e-01 1.958434e-01 1.959361e-01 1.957319e-01 1.955337e-01 1.955578e-01 1.956202e-01 1.955332e-01 1.953766e-01 1.953067e-01 1.952622e-01 1.950776e-01 1.947338e-01 1.941718e-01 1.931762e-01 1.914208e-01 1.887497e-01 1.852707e-01 1.811711e-01 1.766281e-01 1.716940e-01 1.664930e-01 1.612297e-01 1.561076e-01 1.512069e-01 1.464292e-01 1.416979e-01 1.370008e-01 1.324232e-01 1.279559e-01 1.234404e-01 1.187213e-01 1.137256e-01 1.085515e-01 1.033242e-01 9.813061e-02 9.289794e-02 8.763745e-02 8.244911e-02 7.752133e-02 7.290138e-02 6.848028e-02 6.411681e-02 5.973271e-02 5.547348e-02 5.133098e-02 4.737043e-02 4.362781e-02 4.008901e-02 3.681969e-02 3.377255e-02 3.097478e-02 2.836166e-02 2.589951e-02 2.355706e-02 2.127893e-02 1.912444e-02 1.707294e-02 1.517054e-02 1.342724e-02 1.181359e-02 1.036435e-02 9.055191e-03 7.871255e-03 6.817017e-03 5.852859e-03 4.988228e-03 4.227799e-03 3.560682e-03 3.015204e-03 2.590609e-03 2.308185e-03 2.159039e-03 2.085391e-03 2.041843e-03 1.983594e-03 1.919160e-03 1.953507e-03 1.939563e-03 1.885247e-03 1.781407e-03 1.653552e-03 1.487876e-03 1.314167e-03 1.128632e-03 9.511333e-04 7.855707e-04 6.332715e-04 5.002650e-04 3.786632e-04 2.767192e-04 1.915106e-04 1.266567e-04 7.959460e-05 4.875729e-05 3.089444e-05 2.158213e-05
1.609093e-09 1.471630e-08 3.693467e-08 6.841206e-08 1.547463e-07 2.752270e-07 5.015693e-07 1.048551e-06 1.766244e-06 2.565102e-06 4.097502e-06 6.677273e-06 9.290986e-06 1.331734e-05 2.016432e-05 2.671279e-05 3.236831e-05 4.067656e-05 5.224268e-05 6.579835e-05 7.925026e-05 1.003390e-04 1.296863e-04 1.690963e-04 2.180302e-04 2.707909e-04 3.280959e-04 4.043981e-04 4.939043e-04 6.027202e-04 7.397393e-04 9.204689e-04 1.153045e-03 1.429648e-03 1.783420e-03 2.188595e-03 2.661901e-03 3.169051e-03 3.685487e-03 4.225893e-03 4.761881e-03 5.399978e-03 6.058287e-03 6.756722e-03 7.611351e-03 8.572999e-03 9.739383e-03 1.116979e-02 1.290621e-02 1.503885e-02 1.751137e-02 2.035452e-02 2.364811e-02 2.726212e-02 3.140467e-02 3.619324e-02 4.128143e-02 4.677159e-02 5.263362e-02 5.871937e-02 6.512310e-02 7.159291e-02 7.809085e-02 8.473533e-02 9.132403e-02 9.784655e-02 1.045126e-01 1.110800e-01 1.175397e-01 1.240794e-01 1.301238e-01 1.359736e-01 1.422672e-01 1.483144e-01 1.539087e-01 1.595308e-01 1.648808e-01 1.695833e-01 1.739081e-01 1.777671e-01 1.807426e-01 1.830237e-01 1.850226e-01 1.866176e-01 1.876931e-01 1.886155e-01 1.896842e-01 1.906710e-01 1.913169e-01 1.917334e-01 1.920599e-01 1.921880e-01 1.920525e-01 1.918948e-01 1.919300e-01 1.920906e-01 1.921765e-01 1.921453e-01 1.920490e-01 1.918240e-01 1.913302e-01 1.904096e-01 1.890061e-01 1.870456e-01 1.843968e-01 1.809620e-01 1.767356e-01 1.719439e-01 1.668302e-01 1.615788e-01 1.562548e-01 1.509419e-01 1.458153e-01 1.409705e-01 1.363680e-01 1.317908e-01 1.271229e-01 1.224263e-01 1.178359e-01 1.133080e-01 1.086171e-01 1.036556e-01 9.850584e-02 9.336807e-02 8.836527e-02 8.349186e-02 7.863361e-02 7.384416e-02 6.926370e-02 6.494839e-02 6.076255e-02 5.668945e-02 5.274938e-02 4.890827e-02 4.523993e-02 4.168428e-02 3.829340e-02 3.505557e-02 3.201303e-02 2.921096e-02 2.660641e-02 2.422360e-02 2.198230e-02 1.988670e-02 1.790008e-02 1.601327e-02 1.424647e-02 1.258605e-02 1.107031e-02 9.691119e-03 8.439184e-03 7.336001e-03 6.332363e-03 5.440370e-03 4.645245e-03 3.933616e-03 3.327384e-03 2.825554e-03 2.455543e-03 2.235257e-03 2.122085e-03 2.074427e-03 2.026247e-03 1.955362e-03 1.923760e-03 1.931312e-03 1.901411e-03 1.822288e-03 1.718847e-03 1.573894e-03 1.419011e-03 1.247423e-03 1.080853e-03 9.210277e-04 7.645736e-04 6.237405e-04 4.890331e-04 3.739580e-04 2.718506e-04 1.902123e-04 1.258438e-04 7.881867e-05 4.763973e-05 2.957499e-05 2.029675e-05
1.847675e-09 1.360147e-08 3.555152e-08 8.123378e-08 1.389187e-07 3.095174e-07 6.105928e-07 9.035019e-07 1.558292e-06 2.734910e-06 4.101651e-06 6.198395e-06 1.021971e-05 1.430375e-05 1.796396e-05 2.416316e-05 3.335467e-05 4.360314e-05 5.402949e-05 6.444567e-05 7.669213e-05 1.008256e-04 1.330225e-04 1.714903e-04 2.190975e-04 2.760954e-04 3.403685e-04 4.121339e-04 5.189051e-04 6.626066e-04 8.445473e-04 1.060569e-03 1.324835e-03 1.643698e-03 1.982405e-03 2.355041e-03 2.706792e-03 3.076976e-03 3.469561e-03 3.881823e-03 4.356024e-03 4.870950e-03 5.546691e-03 6.371143e-03 7.329146e-03 8.515865e-03 9.912610e-03 1.158786e-02 1.362672e-02 1.604376e-02 1.894685e-02 2.227196e-02 2.602089e-02 3.029325e-02 3.479535e-02 3.965428e-02 4.497506e-02 5.047484e-02 5.619668e-02 6.196095e-02 6.782533e-02 7.395476e-02 8.004869e-02 8.616303e-02 9.241374e-02 9.846453e-02 1.043942e-01 1.103840e-01 1.160153e-01 1.216830e-01 1.276879e-01 1.332180e-01 1.385988e-01 1.444526e-01 1.501854e-01 1.555320e-01 1.607416e-01 1.654626e-01 1.693907e-01 1.728770e-01 1.760125e-01 1.784631e-01 1.803401e-01 1.820414e-01 1.835332e-01 1.846718e-01 1.856922e-01 1.868132e-01 1.878410e-01 1.885546e-01 1.890134e-01 1.893125e-01 1.893598e-01 1.891722e-01 1.889976e-01 1.890330e-01 1.891580e-01 1.891527e-01 1.889662e-01 1.886154e-01 1.880143e-01 1.869158e-01 1.851761e-01 1.827706e-01 1.797352e-01 1.761181e-01 1.719348e-01 1.672715e-01 1.622350e-01 1.570229e-01 1.517776e-01 1.465618e-01 1.414206e-01 1.363949e-01 1.315969e-01 1.269975e-01 1.224573e-01 1.177817e-01 1.129619e-01 1.081408e-01 1.034276e-01 9.875950e-02 9.394313e-02 8.895665e-02 8.400501e-02 7.925739e-02 7.466333e-02 7.010856e-02 6.561089e-02 6.127246e-02 5.714239e-02 5.328210e-02 4.957056e-02 4.603643e-02 4.265359e-02 3.940263e-02 3.629231e-02 3.328065e-02 3.042185e-02 2.766824e-02 2.509033e-02 2.269340e-02 2.048214e-02 1.847429e-02 1.660823e-02 1.488266e-02 1.326223e-02 1.175857e-02 1.036169e-02 9.068710e-03 7.896662e-03 6.827662e-03 5.879866e-03 5.044441e-03 4.299376e-03 3.655660e-03 3.101221e-03 2.656842e-03 2.357384e-03 2.182164e-03 2.109920e-03 2.059127e-03 2.002500e-03 1.906830e-03 1.889047e-03 1.881555e-03 1.832308e-03 1.752876e-03 1.631229e-03 1.494947e-03 1.336274e-03 1.178212e-03 1.024234e-03 8.727692e-04 7.345404e-04 5.935351e-04 4.707485e-04 3.562015e-04 2.618523e-04 1.835922e-04 1.220047e-04 7.657774e-05 4.594133e-05 2.835230e-05 1.920697e-05
1.653795e-09 1.473492e-08 3.373190e-08 6.984134e-08 1.705359e-07 2.805226e-07 5.038350e-07 9.848304e-07 1.575079e-06 2.630647e-06 4.533222e-06 6.678029e-06 9.050817e-06 1.383291e-05 2.032868e-05 2.675709e-05 3.385322e-05 4.242086e-05 5.306773e-05 6.588626e-05 8.631924e-05 1.107156e-04 1.442220e-04 1.823329e-04 2.255452e-04 2.795411e-04 3.475715e-04 4.346388e-04 5.370195e-04 6.815016e-04 8.746760e-04 1.119291e-03 1.389919e-03 1.675717e-03 1.976899e-03 2.268177e-03 2.587083e-03 2.895037e-03 3.239047e-03 3.664200e-03 4.187423e-03 4.855986e-03 5.640040e-03 6.624568e-03 7.835140e-03 9.264434e-03 1.099466e-02 1.300123e-02 1.531258e-02 1.800061e-02 2.107871e-02 2.467190e-02 2.862910e-02 3.293083e-02 3.766038e-02 4.247967e-02 4.746078e-02 5.258787e-02 5.776982e-02 6.313102e-02 6.838888e-02 7.370879e-02 7.935783e-02 8.503174e-02 9.078991e-02 9.669558e-02 1.023194e-01 1.079417e-01 1.136972e-01 1.189777e-01 1.243747e-01 1.302635e-01 1.358726e-01 1.413085e-01 1.469613e-01 1.524050e-01 1.574388e-01 1.622397e-01 1.665177e-01 1.699409e-01 1.727644e-01 1.752428e-01 1.772515e-01 1.788124e-01 1.802220e-01 1.815296e-01 1.826082e-01 1.835998e-01 1.846675e-01 1.856280e-01 1.862515e-01 1.866404e-01 1.869362e-01 1.870500e-01 1.868671e-01 1.865732e-01 1.864008e-01 1.862863e-01 1.859851e-01 1.853784e-01 1.845240e-01 1.832864e-01 1.813980e-01 1.786979e-01 1.752690e-01 1.712952e-01 1.668692e-01 1.620962e-01 1.570735e-01 1.519872e-01 1.469522e-01 1.419872e-01 1.370659e-01 1.321481e-01 1.272996e-01 1.225597e-01 1.179654e-01 1.133897e-01 1.087051e-01 1.038696e-01 9.900609e-02 9.423551e-02 8.957732e-02 8.497991e-02 8.038645e-02 7.581490e-02 7.132365e-02 6.688852e-02 6.250355e-02 5.822148e-02 5.416022e-02 5.034141e-02 4.674740e-02 4.341743e-02 4.023625e-02 3.723382e-02 3.435865e-02 3.161718e-02 2.896254e-02 2.638985e-02 2.393315e-02 2.156911e-02 1.939580e-02 1.738713e-02 1.555843e-02 1.389715e-02 1.238218e-02 1.099891e-02 9.727383e-03 8.546402e-03 7.444911e-03 6.435005e-03 5.530392e-03 4.720149e-03 4.017218e-03 3.404543e-03 2.893304e-03 2.511549e-03 2.259498e-03 2.135540e-03 2.066339e-03 2.008782e-03 1.924647e-03 1.812044e-03 1.799683e-03 1.780768e-03 1.727448e-03 1.639301e-03 1.525978e-03 1.392040e-03 1.251824e-03 1.108839e-03 9.630672e-04 8.258235e-04 6.866391e-04 5.608243e-04 4.389857e-04 3.356848e-04 2.456351e-04 1.718339e-04 1.140672e-04 7.038322e-05 4.215829e-05 2.592615e-05 1.763756e-05
1.975375e-09 1.422217e-08 4.263180e-08 8.484361e-08 1.411722e-07 3.098031e-07 5.374260e-07 8.929880e-07 1.733563e-06 2.644152e-06 3.855843e-06 6.649757e-06 1.049654e-05 1.371053e-05 1.856222e-05 2.640690e-05 3.547996e-05 4.489034e-05 5.413716e-05 6.636422e-05 8.687189e-05 1.154377e-04 1.441026e-04 1.762905e-04 2.106299e-04 2.541637e-04 3.272009e-04 4.422681e-04 6.037033e-04 7.887009e-04 1.001217e-03 1.223835e-03 1.448911e-03 1.658195e-03 1.861057e-03 2.087210e-03 2.338112e-03 2.666834e-03 3.057304e-03 3.529447e-03 4.111844e-03 4.840652e-03 5.767541e-03 6.877087e-03 8.234888e-03 9.875216e-03 1.179671e-02 1.405922e-02 1.664190e-02 1.956783e-02 2.280371e-02 2.635008e-02 3.038804e-02 3.470594e-02 3.929605e-02 4.416584e-02 4.902262e-02 5.396437e-02 5.883563e-02 6.367145e-02 6.869265e-02 7.361613e-02 7.859267e-02 8.385760e-02 8.921733e-02 9.486786e-02 1.007029e-01 1.061570e-01 1.117301e-01 1.175693e-01 1.230411e-01 1.286203e-01 1.345794e-01 1.403546e-01 1.458956e-01 1.513220e-01 1.562712e-01 1.605861e-01 1.644866e-01 1.679554e-01 1.707899e-01 1.730457e-01 1.749374e-01 1.765493e-01 1.779409e-01 1.792316e-01 1.804138e-01 1.813928e-01 1.822570e-01 1.831602e-01 1.839621e-01 1.844421e-01 1.846606e-01 1.848603e-01 1.850078e-01 1.848786e-01 1.844357e-01 1.838981e-01 1.833715e-01 1.826385e-01 1.814979e-01 1.798877e-01 1.777804e-01 1.750032e-01 1.714193e-01 1.671413e-01 1.624259e-01 1.575216e-01 1.524709e-01 1.473307e-01 1.422243e-01 1.373119e-01 1.326108e-01 1.279461e-01 1.232120e-01 1.183951e-01 1.136337e-01 1.089589e-01 1.043166e-01 9.957562e-02 9.474911e-02 8.994772e-02 8.532277e-02 8.085114e-02 7.643653e-02 7.207391e-02 6.779782e-02 6.358194e-02 5.944149e-02 5.540915e-02 5.151504e-02 4.775219e-02 4.424951e-02 4.096908e-02 3.791559e-02 3.509563e-02 3.243383e-02 2.990924e-02 2.745949e-02 2.510958e-02 2.279550e-02 2.057937e-02 1.846693e-02 1.647405e-02 1.466485e-02 1.301713e-02 1.153923e-02 1.021872e-02 9.025190e-03 7.932610e-03 6.929191e-03 6.003827e-03 5.156374e-03 4.399984e-03 3.728078e-03 3.154733e-03 2.695521e-03 2.363517e-03 2.169830e-03 2.067497e-03 1.998394e-03 1.919006e-03 1.815412e-03 1.689990e-03 1.680308e-03 1.648263e-03 1.589531e-03 1.504074e-03 1.399550e-03 1.282741e-03 1.162862e-03 1.035191e-03 9.077101e-04 7.731461e-04 6.468988e-04 5.229702e-04 4.140583e-04 3.155824e-04 2.319203e-04 1.618616e-04 1.044800e-04 6.368088e-05 3.696103e-05 2.276304e-05 1.544341e-05
1.917704e-09 1.677572e-08 3.708156e-08 7.994303e-08 1.590515e-07 2.552902e-07 5.427223e-07 1.003339e-06 1.466158e-06 2.640106e-06 4.526867e-06 6.130580e-06 8.876998e-06 1.444187e-05 2.080603e-05 2.687904e-05 3.385008e-05 4.348287e-05 5.797902e-05 7.389699e-05 9.163152e-05 1.106422e-04 1.375965e-04 1.762146e-04 2.361307e-04 3.195019e-04 4.194855e-04 5.370074e-04 6.686685e-04 8.127902e-04 9.456577e-04 1.084302e-03 1.237812e-03 1.422254e-03 1.643176e-03 1.906570e-03 2.228823e-03 2.623128e-03 3.130222e-03 3.749100e-03 4.499286e-03 5.385972e-03 6.453014e-03 7.759344e-03 9.303084e-03 1.113207e-02 1.325959e-02 1.572718e-02 1.857213e-02 2.170051e-02 2.520137e-02 2.892132e-02 3.281398e-02 3.707873e-02 4.146785e-02 4.607758e-02 5.081846e-02 5.547288e-02 6.021620e-02 6.482337e-02 6.939867e-02 7.411911e-02 7.878139e-02 8.359048e-02 8.857335e-02 9.357316e-02 9.911247e-02 1.050645e-01 1.107630e-01 1.166213e-01 1.226728e-01 1.284562e-01 1.342649e-01 1.401845e-01 1.458173e-01 1.510942e-01 1.560762e-01 1.605075e-01 1.641563e-01 1.671478e-01 1.696782e-01 1.718376e-01 1.736573e-01 1.751825e-01 1.765082e-01 1.777853e-01 1.790491e-01 1.801206e-01 1.808082e-01 1.812426e-01 1.816660e-01 1.820872e-01 1.823086e-01 1.823422e-01 1.823572e-01 1.823662e-01 1.821114e-01 1.814264e-01 1.804701e-01 1.794033e-01 1.781165e-01 1.763082e-01 1.738557e-01 1.708094e-01 1.671888e-01 1.629623e-01 1.581789e-01 1.531110e-01 1.480125e-01 1.430112e-01 1.380441e-01 1.331196e-01 1.283587e-01 1.238042e-01 1.193602e-01 1.147867e-01 1.100316e-01 1.051849e-01 1.004470e-01 9.579942e-02 9.113312e-02 8.640884e-02 8.175098e-02 7.720193e-02 7.275568e-02 6.841368e-02 6.419234e-02 6.012082e-02 5.621605e-02 5.245046e-02 4.879507e-02 4.527940e-02 4.193285e-02 3.871115e-02 3.573493e-02 3.295407e-02 3.038906e-02 2.800153e-02 2.576653e-02 2.362715e-02 2.156122e-02 1.956816e-02 1.759149e-02 1.572408e-02 1.396294e-02 1.234185e-02 1.088009e-02 9.563127e-03 8.384357e-03 7.343290e-03 6.398499e-03 5.543387e-03 4.762655e-03 4.051473e-03 3.423905e-03 2.893081e-03 2.476334e-03 2.194269e-03 2.028211e-03 1.926936e-03 1.843966e-03 1.746355e-03 1.640280e-03 1.570721e-03 1.555073e-03 1.511172e-03 1.448687e-03 1.368011e-03 1.276131e-03 1.178865e-03 1.069712e-03 9.608243e-04 8.379816e-04 7.197698e-04 5.988865e-04 4.884333e-04 3.877545e-04 2.986250e-04 2.212640e-04 1.526881e-04 9.822260e-05 5.725909e-05 3.298301e-05 1.971313e-05 1.337592e-05
1.947950e-09 1.533434e-08 3.726491e-08 6.544637e-08 1.408440e-07 3.016548e-07 4.843354e-07 8.647921e-07 1.673976e-06 2.517421e-06 3.854407e-06 6.624202e-06 1.009219e-05 1.356263e-05 1.840790e-05 2.559620e-05 3.545155e-05 4.651655e-05 5.583212e-05 6.816001e-05 8.832336e-05 1.144428e-04 1.460724e-04 1.882440e-04 2.462092e-04 3.267556e-04 4.289654e-04 5.400720e-04 6.619818e-04 7.953772e-04 9.416484e-04 1.087483e-03 1.249891e-03 1.442384e-03 1.668066e-03 1.939992e-03 2.287068e-03 2.726521e-03 3.277625e-03 3.972604e-03 4.827336e-03 5.883305e-03 7.122422e-03 8.581327e-03 1.030213e-02 1.228338e-02 1.458561e-02 1.709486e-02 1.989642e-02 2.305395e-02 2.641499e-02 3.014875e-02 3.397376e-02 3.786246e-02 4.197475e-02 4.605956e-02 5.032948e-02 5.465925e-02 5.897393e-02 6.344768e-02 6.789420e-02 7.248115e-02 7.721496e-02 8.193175e-02 8.694957e-02 9.214201e-02 9.727170e-02 1.029446e-01 1.091069e-01 1.152731e-01 1.216506e-01 1.280191e-01 1.340404e-01 1.399017e-01 1.456245e-01 1.509231e-01 1.556869e-01 1.600194e-01 1.638827e-01 1.670781e-01 1.695557e-01 1.714815e-01 1.731008e-01 1.745797e-01 1.758720e-01 1.769188e-01 1.778749e-01 1.788856e-01 1.797146e-01 1.800499e-01 1.799719e-01 1.798742e-01 1.798885e-01 1.798428e-01 1.796218e-01 1.793403e-01 1.790106e-01 1.783903e-01 1.772910e-01 1.757990e-01 1.741060e-01 1.720814e-01 1.694614e-01 1.661671e-01 1.623215e-01 1.580579e-01 1.534013e-01 1.484365e-01 1.433225e-01 1.383017e-01 1.334565e-01 1.287398e-01 1.241017e-01 1.195690e-01 1.152145e-01 1.109451e-01 1.066152e-01 1.020580e-01 9.735836e-02 9.267312e-02 8.811869e-02 8.360480e-02 7.906386e-02 7.452071e-02 7.004775e-02 6.567403e-02 6.145144e-02 5.743019e-02 5.359973e-02 4.993604e-02 4.643754e-02 4.310832e-02 3.988539e-02 3.682390e-02 3.392093e-02 3.115326e-02 2.859331e-02 2.621667e-02 2.403205e-02 2.199972e-02 2.012059e-02 1.830126e-02 1.656986e-02 1.490188e-02 1.329158e-02 1.178755e-02 1.037287e-02 9.070905e-03 7.910901e-03 6.872964e-03 5.959023e-03 5.145315e-03 4.408712e-03 3.752289e-03 3.176546e-03 2.694424e-03 2.330244e-03 2.085089e-03 1.930937e-03 1.821459e-03 1.714103e-03 1.609765e-03 1.489160e-03 1.464928e-03 1.436044e-03 1.391459e-03 1.326610e-03 1.256151e-03 1.176314e-03 1.088641e-03 9.933694e-04 8.827426e-04 7.723131e-04 6.570055e-04 5.498911e-04 4.495336e-04 3.584929e-04 2.787477e-04 2.054207e-04 1.427125e-04 8.953624e-05 5.240749e-05 2.917014e-05 1.759189e-05 1.161252e-05
2.244021e-09 1.544881e-08 3.801968e-08 8.827267e-08 1.448840e-07 2.587749e-07 5.509125e-07 9.255960e-07 1.493710e-06 2.823005e-06 4.538162e-06 6.294661e-06 9.342354e-06 1.418891e-05 2.035972e-05 2.715704e-05 3.429689e-05 4.364613e-05 5.595099e-05 6.650282e-05 8.379862e-05 1.103468e-04 1.516184e-04 2.081928e-04 2.817914e-04 3.705173e-04 4.666937e-04 5.625630e-04 6.418787e-04 7.132934e-04 7.961754e-04 9.039104e-04 1.036282e-03 1.211249e-03 1.464267e-03 1.808335e-03 2.245141e-03 2.802373e-03 3.495389e-03 4.372247e-03 5.447322e-03 6.708079e-03 8.212649e-03 9.897958e-03 1.180677e-02 1.393087e-02 1.624790e-02 1.892499e-02 2.171627e-02 2.468309e-02 2.787833e-02 3.118950e-02 3.490502e-02 3.870128e-02 4.253932e-02 4.653997e-02 5.052803e-02 5.468320e-02 5.890247e-02 6.320266e-02 6.768100e-02 7.227138e-02 7.717353e-02 8.227349e-02 8.737827e-02 9.281290e-02 9.840233e-02 1.039159e-01 1.098578e-01 1.161228e-01 1.224846e-01 1.290832e-01 1.355775e-01 1.415862e-01 1.471490e-01 1.523404e-01 1.570131e-01 1.610105e-01 1.644178e-01 1.673898e-01 1.699019e-01 1.718716e-01 1.733511e-01 1.745388e-01 1.756609e-01 1.766975e-01 1.774389e-01 1.779452e-01 1.784897e-01 1.790286e-01 1.791794e-01 1.788728e-01 1.784708e-01 1.782353e-01 1.779748e-01 1.774521e-01 1.767201e-01 1.758932e-01 1.748320e-01 1.732657e-01 1.712154e-01 1.687969e-01 1.659357e-01 1.624675e-01 1.584171e-01 1.540010e-01 1.493657e-01 1.445453e-01 1.395390e-01 1.345094e-01 1.296164e-01 1.249242e-01 1.203418e-01 1.157833e-01 1.113063e-01 1.069740e-01 1.028105e-01 9.865283e-02 9.437543e-02 8.993094e-02 8.541150e-02 8.088201e-02 7.639780e-02 7.201008e-02 6.770791e-02 6.348626e-02 5.938599e-02 5.543456e-02 5.165725e-02 4.808246e-02 4.470341e-02 4.147742e-02 3.839076e-02 3.547404e-02 3.263223e-02 2.994734e-02 2.739519e-02 2.499397e-02 2.276062e-02 2.070560e-02 1.880645e-02 1.706028e-02 1.545539e-02 1.391737e-02 1.248493e-02 1.110583e-02 9.795705e-03 8.579232e-03 7.452946e-03 6.435840e-03 5.535065e-03 4.726621e-03 4.022674e-03 3.403317e-03 2.876266e-03 2.452479e-03 2.139912e-03 1.934588e-03 1.794748e-03 1.678896e-03 1.567838e-03 1.453748e-03 1.385005e-03 1.369464e-03 1.339861e-03 1.292812e-03 1.240295e-03 1.174080e-03 1.106616e-03 1.021877e-03 9.293087e-04 8.250315e-04 7.143306e-04 6.092998e-04 5.079339e-04 4.159641e-04 3.325508e-04 2.549394e-04 1.871915e-04 1.260493e-04 7.916220e-05 4.522442e-05 2.577587e-05 1.526122e-05 1.024181e-05
1.999716e-09 1.694646e-08 4.060908e-08 7.121801e-08 1.658411e-07 3.208175e-07 5.129787e-07 1.014511e-06 1.779525e-06 2.425329e-06 3.913808e-06 7.033246e-06 1.074163e-05 1.446837e-05 1.915345e-05 2.703460e-05 3.755437e-05 4.623685e-05 5.193055e-05 6.624371e-05 8.858083e-05 1.210712e-04 1.677481e-04 2.297072e-04 2.939017e-04 3.486575e-04 3.998326e-04 4.558371e-04 5.300039e-04 6.198836e-04 7.350270e-04 8.955644e-04 1.113469e-03 1.393980e-03 1.745019e-03 2.209467e-03 2.801628e-03 3.510438e-03 4.362771e-03 5.331867e-03 6.487643e-03 7.845238e-03 9.353683e-03 1.109155e-02 1.294368e-02 1.499810e-02 1.724226e-02 1.959376e-02 2.234086e-02 2.528615e-02 2.845327e-02 3.181306e-02 3.523606e-02 3.906045e-02 4.307694e-02 4.716759e-02 5.138937e-02 5.567184e-02 6.011204e-02 6.470483e-02 6.945178e-02 7.430092e-02 7.930470e-02 8.470469e-02 9.032815e-02 9.601332e-02 1.020391e-01 1.080676e-01 1.139419e-01 1.200594e-01 1.262258e-01 1.323758e-01 1.386658e-01 1.448248e-01 1.504498e-01 1.554071e-01 1.597631e-01 1.635293e-01 1.666096e-01 1.690311e-01 1.710149e-01 1.727030e-01 1.740855e-01 1.751468e-01 1.759709e-01 1.767276e-01 1.774094e-01 1.777968e-01 1.778529e-01 1.778923e-01 1.780640e-01 1.781065e-01 1.777933e-01 1.773435e-01 1.770167e-01 1.766581e-01 1.759086e-01 1.747087e-01 1.733021e-01 1.716964e-01 1.696566e-01 1.670249e-01 1.638883e-01 1.603162e-01 1.562399e-01 1.517043e-01 1.469461e-01 1.422044e-01 1.374619e-01 1.326412e-01 1.277564e-01 1.229883e-01 1.184045e-01 1.138894e-01 1.093335e-01 1.047601e-01 1.003298e-01 9.606583e-02 9.188195e-02 8.763450e-02 8.326928e-02 7.879118e-02 7.429351e-02 6.988537e-02 6.562226e-02 6.154691e-02 5.762414e-02 5.381868e-02 5.015533e-02 4.666228e-02 4.334757e-02 4.021144e-02 3.727371e-02 3.446847e-02 3.178908e-02 2.924042e-02 2.674794e-02 2.437540e-02 2.210358e-02 1.997281e-02 1.800104e-02 1.623570e-02 1.461421e-02 1.315122e-02 1.179005e-02 1.050918e-02 9.319298e-03 8.186808e-03 7.125930e-03 6.151109e-03 5.253684e-03 4.463669e-03 3.767356e-03 3.170603e-03 2.676595e-03 2.287887e-03 2.018818e-03 1.839223e-03 1.711466e-03 1.596301e-03 1.485422e-03 1.368074e-03 1.315409e-03 1.294688e-03 1.263913e-03 1.224267e-03 1.175919e-03 1.122559e-03 1.050812e-03 9.713260e-04 8.758746e-04 7.772445e-04 6.746449e-04 5.750328e-04 4.810509e-04 3.938829e-04 3.112348e-04 2.367118e-04 1.670226e-04 1.104812e-04 6.625526e-05 3.793955e-05 2.128906e-05 1.298342e-05 8.567808e-06
2.376216e-09 1.841837e-08 4.541245e-08 9.496807e-08 1.612601e-07 2.869448e-07 5.766756e-07 9.121752e-07 1.465524e-06 2.888534e-06 4.725307e-06 6.229471e-06 8.689358e-06 1.375346e-05 2.139697e-05 2.786214e-05 3.231813e-05 3.855883e-05 4.896474e-05 7.017729e-05 1.058646e-04 1.540134e-04 2.028696e-04 2.431780e-04 2.821563e-04 3.222515e-04 3.637187e-04 4.196165e-04 4.974973e-04 6.150000e-04 7.735401e-04 9.730997e-04 1.233405e-03 1.569872e-03 1.981538e-03 2.446865e-03 3.020854e-03 3.741985e-03 4.580885e-03 5.558741e-03 6.620754e-03 7.857758e-03 9.328750e-03 1.096925e-02 1.289353e-02 1.495122e-02 1.724647e-02 1.981632e-02 2.250693e-02 2.555338e-02 2.884267e-02 3.244493e-02 3.626469e-02 4.009840e-02 4.421668e-02 4.859548e-02 5.309589e-02 5.770892e-02 6.243392e-02 6.722712e-02 7.222230e-02 7.752516e-02 8.285390e-02 8.828080e-02 9.417313e-02 1.001587e-01 1.061848e-01 1.126018e-01 1.188505e-01 1.248639e-01 1.309197e-01 1.367237e-01 1.423020e-01 1.478854e-01 1.532811e-01 1.581502e-01 1.623194e-01 1.657590e-01 1.685810e-01 1.708665e-01 1.726023e-01 1.739093e-01 1.750189e-01 1.759532e-01 1.766034e-01 1.770209e-01 1.773788e-01 1.776599e-01 1.776542e-01 1.773587e-01 1.770771e-01 1.770436e-01 1.770988e-01 1.769588e-01 1.765897e-01 1.761275e-01 1.755187e-01 1.744743e-01 1.728760e-01 1.708609e-01 1.685562e-01 1.658103e-01 1.624820e-01 1.586883e-01 1.545973e-01 1.502334e-01 1.455783e-01 1.407963e-01 1.360990e-01 1.315736e-01 1.270595e-01 1.224616e-01 1.178493e-01 1.133498e-01 1.089329e-01 1.044436e-01 9.985705e-02 9.525373e-02 9.071741e-02 8.625661e-02 8.187168e-02 7.752746e-02 7.316292e-02 6.876575e-02 6.442274e-02 6.023932e-02 5.624141e-02 5.245305e-02 4.885241e-02 4.540852e-02 4.212472e-02 3.902153e-02 3.609853e-02 3.333446e-02 3.078238e-02 2.833472e-02 2.600978e-02 2.376256e-02 2.156788e-02 1.945237e-02 1.745572e-02 1.560293e-02 1.391794e-02 1.241763e-02 1.105543e-02 9.852630e-03 8.741492e-03 7.711725e-03 6.744151e-03 5.826117e-03 4.981277e-03 4.219370e-03 3.543799e-03 2.973637e-03 2.500011e-03 2.151602e-03 1.913351e-03 1.756644e-03 1.636278e-03 1.527461e-03 1.420337e-03 1.308607e-03 1.246843e-03 1.230924e-03 1.202879e-03 1.171715e-03 1.127822e-03 1.075432e-03 1.005813e-03 9.215701e-04 8.314744e-04 7.359081e-04 6.438500e-04 5.503402e-04 4.621383e-04 3.754049e-04 2.946954e-04 2.182261e-04 1.518046e-04 9.583253e-05 5.645454e-05 3.093000e-05 1.744841e-05 1.044994e-05 7.012748e-06
2.484841e-09 1.851009e-08 4.057267e-08 8.344550e-08 1.593246e-07 3.098588e-07 5.368532e-07 9.788388e-07 1.764056e-06 2.591851e-06 3.888968e-06 6.419684e-06 1.025916e-05 1.445551e-05 1.831152e-05 2.376423e-05 3.186636e-05 4.400550e-05 6.837855e-05 9.841596e-05 1.229731e-04 1.444068e-04 1.649722e-04 1.859297e-04 2.108671e-04 2.518210e-04 3.153221e-04 3.999957e-04 5.142161e-04 6.596388e-04 8.526108e-04 1.101813e-03 1.411626e-03 1.797071e-03 2.273460e-03 2.858901e-03 3.501162e-03 4.231963e-03 5.133938e-03 6.206220e-03 7.477865e-03 8.838029e-03 1.037345e-02 1.218412e-02 1.420864e-02 1.659301e-02 1.914125e-02 2.192564e-02 2.501843e-02 2.831521e-02 3.192576e-02 3.572872e-02 3.984204e-02 4.416042e-02 4.843827e-02 5.277071e-02 5.732175e-02 6.201379e-02 6.684290e-02 7.195468e-02 7.707644e-02 8.232552e-02 8.805087e-02 9.374256e-02 9.941360e-02 1.055654e-01 1.116278e-01 1.176463e-01 1.239356e-01 1.299362e-01 1.357082e-01 1.414094e-01 1.466955e-01 1.515446e-01 1.562207e-01 1.606890e-01 1.647057e-01 1.680806e-01 1.707188e-01 1.727688e-01 1.744505e-01 1.757328e-01 1.765909e-01 1.772477e-01 1.777747e-01 1.780010e-01 1.779746e-01 1.779794e-01 1.780452e-01 1.779474e-01 1.776539e-01 1.774249e-01 1.774398e-01 1.775534e-01 1.774676e-01 1.770017e-01 1.761585e-01 1.749329e-01 1.732854e-01 1.711596e-01 1.685890e-01 1.655445e-01 1.619454e-01 1.578343e-01 1.534077e-01 1.488770e-01 1.443069e-01 1.396845e-01 1.350266e-01 1.304740e-01 1.260784e-01 1.217825e-01 1.174327e-01 1.130151e-01 1.085861e-01 1.041315e-01 9.957501e-02 9.488409e-02 9.010708e-02 8.534043e-02 8.071369e-02 7.628620e-02 7.201586e-02 6.783415e-02 6.368376e-02 5.955222e-02 5.550335e-02 5.162659e-02 4.793518e-02 4.444161e-02 4.114669e-02 3.803401e-02 3.507905e-02 3.230924e-02 2.971271e-02 2.726630e-02 2.501652e-02 2.286446e-02 2.083731e-02 1.887804e-02 1.698548e-02 1.515530e-02 1.345393e-02 1.187468e-02 1.047608e-02 9.237313e-03 8.141094e-03 7.166147e-03 6.270108e-03 5.443845e-03 4.681862e-03 3.975103e-03 3.350062e-03 2.802056e-03 2.367207e-03 2.051017e-03 1.839926e-03 1.695532e-03 1.571963e-03 1.462294e-03 1.350610e-03 1.242254e-03 1.180702e-03 1.170365e-03 1.154267e-03 1.124116e-03 1.086296e-03 1.028658e-03 9.624904e-04 8.791948e-04 7.957094e-04 7.071230e-04 6.205905e-04 5.339181e-04 4.446240e-04 3.595907e-04 2.750890e-04 2.010748e-04 1.355893e-04 8.485679e-05 4.798353e-05 2.605818e-05 1.416072e-05 8.466906e-06 5.520961e-06
2.234762e-09 1.770175e-08 5.051976e-08 8.368648e-08 1.633207e-07 3.201998e-07 5.462064e-07 9.565243e-07 1.653710e-06 2.720797e-06 4.230994e-06 6.614263e-06 9.886730e-06 1.369472e-05 1.837304e-05 2.475570e-05 3.442427e-05 4.976224e-05 6.711490e-05 8.741891e-05 1.111955e-04 1.327036e-04 1.580339e-04 1.925949e-04 2.393991e-04 2.978908e-04 3.766454e-04 4.833809e-04 6.157559e-04 7.881864e-04 1.002294e-03 1.272829e-03 1.605920e-03 2.014707e-03 2.511176e-03 3.107274e-03 3.855655e-03 4.712153e-03 5.669650e-03 6.792957e-03 8.105050e-03 9.697508e-03 1.143524e-02 1.335611e-02 1.553969e-02 1.794648e-02 2.076398e-02 2.382296e-02 2.710914e-02 3.061309e-02 3.437112e-02 3.842779e-02 4.264798e-02 4.712325e-02 5.181153e-02 5.646593e-02 6.099637e-02 6.568332e-02 7.047347e-02 7.545406e-02 8.097589e-02 8.657978e-02 9.223598e-02 9.836252e-02 1.043865e-01 1.103214e-01 1.164942e-01 1.224431e-01 1.283965e-01 1.343911e-01 1.400262e-01 1.454647e-01 1.507792e-01 1.557105e-01 1.600972e-01 1.639862e-01 1.675536e-01 1.708137e-01 1.735285e-01 1.755066e-01 1.769067e-01 1.779997e-01 1.787741e-01 1.791635e-01 1.793641e-01 1.794841e-01 1.793849e-01 1.791387e-01 1.790750e-01 1.792550e-01 1.793870e-01 1.793427e-01 1.793157e-01 1.794178e-01 1.794422e-01 1.790555e-01 1.781243e-01 1.766540e-01 1.746925e-01 1.722578e-01 1.694229e-01 1.661961e-01 1.624703e-01 1.582035e-01 1.535093e-01 1.486404e-01 1.438087e-01 1.390903e-01 1.344493e-01 1.298845e-01 1.254017e-01 1.210518e-01 1.167555e-01 1.124140e-01 1.079379e-01 1.033141e-01 9.856963e-02 9.375914e-02 8.892900e-02 8.409856e-02 7.931885e-02 7.468021e-02 7.028122e-02 6.614166e-02 6.217723e-02 5.830219e-02 5.449013e-02 5.074010e-02 4.708965e-02 4.360380e-02 4.029737e-02 3.717214e-02 3.423168e-02 3.147693e-02 2.885430e-02 2.642153e-02 2.412372e-02 2.198589e-02 2.000783e-02 1.813353e-02 1.635316e-02 1.465124e-02 1.302699e-02 1.149480e-02 1.008926e-02 8.797836e-03 7.661341e-03 6.653535e-03 5.775507e-03 5.001458e-03 4.304037e-03 3.674315e-03 3.107251e-03 2.619958e-03 2.240967e-03 1.971712e-03 1.797266e-03 1.659072e-03 1.542277e-03 1.425988e-03 1.320690e-03 1.212281e-03 1.128966e-03 1.124130e-03 1.112331e-03 1.086362e-03 1.041856e-03 9.881037e-04 9.167673e-04 8.484704e-04 7.662230e-04 6.897004e-04 6.045460e-04 5.177432e-04 4.309262e-04 3.393689e-04 2.564582e-04 1.808740e-04 1.201416e-04 7.314525e-05 4.109056e-05 2.168507e-05 1.176786e-05 6.805428e-06 4.408418e-06
2.935356e-09 2.418518e-08 4.237211e-08 1.003360e-07 1.879523e-07 2.834561e-07 5.963249e-07 1.109286e-06 1.604694e-06 2.509527e-06 4.519881e-06 7.003843e-06 9.415083e-06 1.272617e-05 1.834905e-05 2.732807e-05 4.075882e-05 5.887289e-05 7.476465e-05 8.649968e-05 9.904383e-05 1.172205e-04 1.395771e-04 1.725019e-04 2.200121e-04 2.859691e-04 3.703809e-04 4.840991e-04 6.377744e-04 8.274796e-04 1.067555e-03 1.362425e-03 1.728721e-03 2.166055e-03 2.702403e-03 3.363430e-03 4.139083e-03 5.089672e-03 6.191288e-03 7.432339e-03 8.865013e-03 1.049133e-02 1.242622e-02 1.453715e-02 1.687096e-02 1.946174e-02 2.228256e-02 2.551161e-02 2.906234e-02 3.290695e-02 3.685680e-02 4.097091e-02 4.533847e-02 4.983243e-02 5.450485e-02 5.945342e-02 6.440984e-02 6.924521e-02 7.423801e-02 7.920544e-02 8.433557e-02 9.011262e-02 9.608086e-02 1.021832e-01 1.085595e-01 1.147013e-01 1.208197e-01 1.268053e-01 1.323888e-01 1.380851e-01 1.437977e-01 1.492152e-01 1.544291e-01 1.594065e-01 1.640519e-01 1.681753e-01 1.715173e-01 1.742515e-01 1.767077e-01 1.787432e-01 1.800699e-01 1.808143e-01 1.812506e-01 1.813956e-01 1.812540e-01 1.810655e-01 1.809341e-01 1.806990e-01 1.804001e-01 1.804007e-01 1.807997e-01 1.812478e-01 1.814451e-01 1.814652e-01 1.814154e-01 1.810468e-01 1.800008e-01 1.782020e-01 1.758794e-01 1.731571e-01 1.700054e-01 1.664352e-01 1.625212e-01 1.583119e-01 1.537587e-01 1.489033e-01 1.439413e-01 1.390749e-01 1.343546e-01 1.297603e-01 1.252317e-01 1.207699e-01 1.163007e-01 1.117738e-01 1.071446e-01 1.023886e-01 9.748684e-02 9.248524e-02 8.748799e-02 8.254954e-02 7.767596e-02 7.288295e-02 6.825777e-02 6.389300e-02 5.983072e-02 5.605369e-02 5.246133e-02 4.896497e-02 4.555285e-02 4.223435e-02 3.903001e-02 3.598180e-02 3.310883e-02 3.039129e-02 2.783402e-02 2.544191e-02 2.316039e-02 2.106075e-02 1.907231e-02 1.723217e-02 1.550646e-02 1.389457e-02 1.237459e-02 1.095880e-02 9.610299e-03 8.364640e-03 7.221329e-03 6.203160e-03 5.316269e-03 4.546320e-03 3.874258e-03 3.287103e-03 2.772765e-03 2.354593e-03 2.037181e-03 1.829656e-03 1.680638e-03 1.562796e-03 1.449650e-03 1.346688e-03 1.245144e-03 1.152611e-03 1.097394e-03 1.097614e-03 1.085645e-03 1.056278e-03 1.010050e-03 9.525822e-04 8.899606e-04 8.212036e-04 7.532245e-04 6.727750e-04 5.904033e-04 4.997554e-04 4.073617e-04 3.179178e-04 2.324673e-04 1.612326e-04 1.037200e-04 6.179627e-05 3.399702e-05 1.785033e-05 9.551743e-06 5.554887e-06 3.507153e-06
2.492961e-09 1.560689e-08 5.304112e-08 8.807313e-08 1.452284e-07 3.733151e-07 5.524101e-07 7.643068e-07 1.619550e-06 3.118856e-06 4.296022e-06 5.750724e-06 8.653601e-06 1.421968e-05 2.291740e-05 3.311037e-05 4.133281e-05 4.769106e-05 5.481821e-05 6.822031e-05 8.609716e-05 1.126388e-04 1.548324e-04 2.091404e-04 2.785423e-04 3.664796e-04 4.811084e-04 6.211977e-04 7.971867e-04 1.023589e-03 1.298084e-03 1.641117e-03 2.062021e-03 2.587016e-03 3.198686e-03 3.931453e-03 4.845690e-03 5.921277e-03 7.224357e-03 8.730181e-03 1.041830e-02 1.232348e-02 1.446794e-02 1.697294e-02 1.965329e-02 2.259757e-02 2.575935e-02 2.916393e-02 3.295553e-02 3.707753e-02 4.159694e-02 4.622007e-02 5.085335e-02 5.564210e-02 6.045127e-02 6.533207e-02 7.055340e-02 7.578771e-02 8.099300e-02 8.643822e-02 9.172213e-02 9.704353e-02 1.028013e-01 1.086576e-01 1.148121e-01 1.210313e-01 1.268851e-01 1.328354e-01 1.385361e-01 1.437627e-01 1.490207e-01 1.543164e-01 1.594668e-01 1.643533e-01 1.687724e-01 1.727670e-01 1.762965e-01 1.789597e-01 1.807769e-01 1.822319e-01 1.833615e-01 1.838603e-01 1.838358e-01 1.836191e-01 1.832541e-01 1.827549e-01 1.823882e-01 1.822819e-01 1.821934e-01 1.820258e-01 1.820758e-01 1.825516e-01 1.831473e-01 1.833741e-01 1.830701e-01 1.823156e-01 1.810469e-01 1.790049e-01 1.761679e-01 1.728445e-01 1.692973e-01 1.654963e-01 1.613361e-01 1.569429e-01 1.524659e-01 1.479063e-01 1.432126e-01 1.384548e-01 1.337838e-01 1.292440e-01 1.247231e-01 1.201523e-01 1.154864e-01 1.107218e-01 1.058710e-01 1.009797e-01 9.605442e-02 9.106624e-02 8.602902e-02 8.102073e-02 7.612120e-02 7.133418e-02 6.663414e-02 6.205151e-02 5.770292e-02 5.367589e-02 4.997167e-02 4.655692e-02 4.334210e-02 4.024135e-02 3.724077e-02 3.435753e-02 3.160175e-02 2.898616e-02 2.653819e-02 2.420699e-02 2.202214e-02 1.995769e-02 1.801712e-02 1.623059e-02 1.456895e-02 1.304053e-02 1.161860e-02 1.028822e-02 9.039266e-03 7.882714e-03 6.806939e-03 5.838106e-03 4.966801e-03 4.202579e-03 3.539711e-03 2.969702e-03 2.497297e-03 2.126586e-03 1.868172e-03 1.696613e-03 1.573207e-03 1.469859e-03 1.374931e-03 1.289449e-03 1.206066e-03 1.128647e-03 1.086274e-03 1.088759e-03 1.074021e-03 1.040698e-03 9.972812e-04 9.405181e-04 8.843528e-04 8.201506e-04 7.493221e-04 6.697734e-04 5.764070e-04 4.784761e-04 3.815658e-04 2.883715e-04 2.076863e-04 1.399337e-04 8.788109e-05 5.102135e-05 2.716681e-05 1.416556e-05 7.568216e-06 4.392352e-06 2.821314e-06
2.643592e-09 2.533592e-08 4.104192e-08 9.206004e-08 2.044791e-07 2.407539e-07 5.052147e-07 1.162267e-06 1.669361e-06 2.274659e-06 3.779391e-06 6.595898e-06 1.094053e-05 1.617506e-05 2.153763e-05 2.738760e-05 3.526234e-05 4.827781e-05 6.265083e-05 8.169014e-05 1.078070e-04 1.377303e-04 1.726524e-04 2.208678e-04 2.836462e-04 3.692605e-04 4.798800e-04 6.246514e-04 8.057780e-04 1.042093e-03 1.354615e-03 1.741834e-03 2.232510e-03 2.846050e-03 3.616709e-03 4.508756e-03 5.547117e-03 6.822457e-03 8.317320e-03 1.010088e-02 1.214344e-02 1.444348e-02 1.695298e-02 1.974880e-02 2.296437e-02 2.634913e-02 3.003379e-02 3.386463e-02 3.786240e-02 4.215859e-02 4.669308e-02 5.161383e-02 5.670580e-02 6.171106e-02 6.681521e-02 7.184072e-02 7.685389e-02 8.231528e-02 8.781786e-02 9.339117e-02 9.928197e-02 1.049234e-01 1.105308e-01 1.162101e-01 1.217048e-01 1.276052e-01 1.334971e-01 1.390544e-01 1.447907e-01 1.503838e-01 1.555905e-01 1.606179e-01 1.654593e-01 1.700916e-01 1.743594e-01 1.779180e-01 1.808273e-01 1.832951e-01 1.849899e-01 1.857370e-01 1.860402e-01 1.861710e-01 1.858824e-01 1.852336e-01 1.846142e-01 1.841329e-01 1.837429e-01 1.836290e-01 1.838911e-01 1.842341e-01 1.843723e-01 1.844588e-01 1.847539e-01 1.850590e-01 1.848104e-01 1.836374e-01 1.816463e-01 1.790577e-01 1.759075e-01 1.721796e-01 1.680385e-01 1.637332e-01 1.592944e-01 1.547351e-01 1.501409e-01 1.456422e-01 1.412349e-01 1.367714e-01 1.322108e-01 1.276137e-01 1.229940e-01 1.183236e-01 1.135545e-01 1.086760e-01 1.036915e-01 9.867236e-02 9.370197e-02 8.879675e-02 8.390471e-02 7.900836e-02 7.417701e-02 6.948146e-02 6.493498e-02 6.050627e-02 5.617637e-02 5.197923e-02 4.803067e-02 4.440797e-02 4.109855e-02 3.805815e-02 3.521460e-02 3.249696e-02 2.988295e-02 2.739502e-02 2.503312e-02 2.279416e-02 2.070736e-02 1.870612e-02 1.685736e-02 1.512133e-02 1.353493e-02 1.207084e-02 1.072663e-02 9.478875e-03 8.338550e-03 7.281642e-03 6.316620e-03 5.421742e-03 4.604718e-03 3.870139e-03 3.229114e-03 2.686770e-03 2.251844e-03 1.926427e-03 1.710462e-03 1.562402e-03 1.456837e-03 1.364330e-03 1.292086e-03 1.223173e-03 1.164085e-03 1.096296e-03 1.086200e-03 1.085743e-03 1.071869e-03 1.042255e-03 1.001434e-03 9.567718e-04 9.007979e-04 8.394824e-04 7.605705e-04 6.721643e-04 5.666147e-04 4.594825e-04 3.540025e-04 2.604562e-04 1.817033e-04 1.195047e-04 7.347356e-05 4.098153e-05 2.148576e-05 1.083436e-05 5.832467e-06 3.402912e-06 2.195246e-06
3.218783e-09 1.782679e-08 5.598224e-08 9.113503e-08 1.469423e-07 3.968194e-07 6.225763e-07 8.810574e-07 1.650886e-06 2.830450e-06 4.362149e-06 6.503934e-06 9.748608e-06 1.474541e-05 2.103457e-05 2.791903e-05 3.481810e-05 4.285543e-05 5.547031e-05 6.934766e-05 8.912547e-05 1.196789e-04 1.612310e-04 2.173926e-04 2.987761e-04 4.095346e-04 5.659417e-04 7.763537e-04 1.053797e-03 1.396071e-03 1.826371e-03 2.381031e-03 3.050826e-03 3.857764e-03 4.847092e-03 6.077261e-03 7.461119e-03 8.981099e-03 1.074565e-02 1.276767e-02 1.511048e-02 1.770226e-02 2.059560e-02 2.362716e-02 2.694929e-02 3.073165e-02 3.465994e-02 3.886362e-02 4.317870e-02 4.755107e-02 5.207864e-02 5.665949e-02 6.153193e-02 6.659664e-02 7.155637e-02 7.667562e-02 8.167739e-02 8.667805e-02 9.224502e-02 9.790318e-02 1.037657e-01 1.099030e-01 1.157169e-01 1.215574e-01 1.271570e-01 1.323692e-01 1.380126e-01 1.437099e-01 1.492447e-01 1.549226e-01 1.605060e-01 1.657805e-01 1.706484e-01 1.749865e-01 1.788669e-01 1.822396e-01 1.847764e-01 1.864826e-01 1.876944e-01 1.882878e-01 1.880179e-01 1.873327e-01 1.867243e-01 1.860726e-01 1.853249e-01 1.848348e-01 1.847355e-01 1.848544e-01 1.852055e-01 1.858917e-01 1.866288e-01 1.869576e-01 1.868369e-01 1.865252e-01 1.859827e-01 1.847214e-01 1.823691e-01 1.790675e-01 1.752474e-01 1.711706e-01 1.668210e-01 1.622107e-01 1.574123e-01 1.525751e-01 1.477892e-01 1.431510e-01 1.387481e-01 1.344707e-01 1.301201e-01 1.255497e-01 1.207539e-01 1.158316e-01 1.108526e-01 1.058512e-01 1.007947e-01 9.567948e-02 9.057106e-02 8.558206e-02 8.077710e-02 7.611248e-02 7.151891e-02 6.699139e-02 6.260070e-02 5.838185e-02 5.429856e-02 5.032228e-02 4.646081e-02 4.274959e-02 3.928001e-02 3.611594e-02 3.323448e-02 3.058124e-02 2.810396e-02 2.574984e-02 2.348854e-02 2.135681e-02 1.932703e-02 1.742105e-02 1.564480e-02 1.397480e-02 1.244209e-02 1.102354e-02 9.736826e-03 8.568252e-03 7.517184e-03 6.562577e-03 5.696165e-03 4.895749e-03 4.162867e-03 3.497906e-03 2.913540e-03 2.421819e-03 2.031732e-03 1.755265e-03 1.570168e-03 1.446963e-03 1.348680e-03 1.273192e-03 1.209404e-03 1.156921e-03 1.104069e-03 1.061133e-03 1.078553e-03 1.086096e-03 1.075299e-03 1.056129e-03 1.027578e-03 9.881096e-04 9.380779e-04 8.653367e-04 7.781019e-04 6.709769e-04 5.561618e-04 4.376057e-04 3.295544e-04 2.348526e-04 1.591985e-04 1.020167e-04 6.039303e-05 3.314327e-05 1.659407e-05 8.377826e-06 4.400569e-06 2.598879e-06 1.692680e-06
2.536123e-09 2.351470e-08 4.351944e-08 9.836729e-08 1.902630e-07 2.513903e-07 5.784945e-07 1.105354e-06 1.566711e-06 2.422546e-06 4.085161e-06 7.178789e-06 1.156120e-05 1.573742e-05 1.987526e-05 2.419759e-05 3.049916e-05 3.848938e-05 5.346804e-05 7.710569e-05 1.079793e-04 1.505866e-04 2.166474e-04 3.128542e-04 4.433264e-04 6.195985e-04 8.448869e-04 1.146404e-03 1.543522e-03 2.056966e-03 2.670986e-03 3.394131e-03 4.283208e-03 5.331233e-03 6.508166e-03 7.876359e-03 9.568994e-03 1.146206e-02 1.346867e-02 1.563248e-02 1.803836e-02 2.080051e-02 2.380889e-02 2.716190e-02 3.055535e-02 3.414780e-02 3.824900e-02 4.256300e-02 4.712734e-02 5.178401e-02 5.648118e-02 6.126855e-02 6.593508e-02 7.081879e-02 7.586177e-02 8.086599e-02 8.614054e-02 9.124248e-02 9.635194e-02 1.019613e-01 1.076466e-01 1.136783e-01 1.198183e-01 1.256223e-01 1.315939e-01 1.372189e-01 1.424225e-01 1.478394e-01 1.533456e-01 1.588926e-01 1.643844e-01 1.696164e-01 1.745670e-01 1.789592e-01 1.825515e-01 1.854854e-01 1.877870e-01 1.891805e-01 1.896972e-01 1.897658e-01 1.894463e-01 1.884903e-01 1.872778e-01 1.864543e-01 1.859982e-01 1.856517e-01 1.855880e-01 1.859755e-01 1.865653e-01 1.871684e-01 1.878580e-01 1.884864e-01 1.885699e-01 1.878537e-01 1.865232e-01 1.846924e-01 1.821301e-01 1.786142e-01 1.743486e-01 1.697831e-01 1.651638e-01 1.604976e-01 1.557059e-01 1.508573e-01 1.460051e-01 1.411803e-01 1.364743e-01 1.319289e-01 1.275120e-01 1.230665e-01 1.184104e-01 1.134722e-01 1.083083e-01 1.030789e-01 9.788022e-02 9.271213e-02 8.754020e-02 8.241006e-02 7.743759e-02 7.270378e-02 6.820683e-02 6.389115e-02 5.971030e-02 5.566363e-02 5.178823e-02 4.809543e-02 4.453059e-02 4.106408e-02 3.772749e-02 3.455126e-02 3.159418e-02 2.889898e-02 2.643655e-02 2.415063e-02 2.201340e-02 1.999620e-02 1.806453e-02 1.626928e-02 1.454850e-02 1.295597e-02 1.146167e-02 1.009835e-02 8.861630e-03 7.759517e-03 6.765269e-03 5.877944e-03 5.073990e-03 4.352119e-03 3.701034e-03 3.122624e-03 2.614617e-03 2.190168e-03 1.859576e-03 1.633429e-03 1.486062e-03 1.384302e-03 1.302865e-03 1.239206e-03 1.181454e-03 1.130078e-03 1.078813e-03 1.040121e-03 1.064153e-03 1.076501e-03 1.078722e-03 1.073468e-03 1.055111e-03 1.022379e-03 9.682688e-04 8.841886e-04 7.799187e-04 6.591037e-04 5.316203e-04 4.117759e-04 3.021912e-04 2.118689e-04 1.402309e-04 8.719601e-05 5.055822e-05 2.652815e-05 1.323987e-05 6.475336e-06 3.444695e-06 2.003856e-06 1.311491e-06
3.368399e-09 2.184772e-08 5.537254e-08 8.864180e-08 1.765536e-07 3.838453e-07 5.224685e-07 8.207269e-07 1.550295e-06 2.962418e-06 5.420674e-06 7.762237e-06 9.455665e-06 1.172555e-05 1.430668e-05 1.772140e-05 2.403019e-05 3.634346e-05 5.311941e-05 7.966493e-05 1.240361e-04 1.896382e-04 2.772130e-04 3.966116e-04 5.618813e-04 7.854634e-04 1.080828e-03 1.436733e-03 1.872464e-03 2.422344e-03 3.125489e-03 3.967932e-03 4.930702e-03 6.062726e-03 7.401674e-03 8.859080e-03 1.045596e-02 1.238988e-02 1.457592e-02 1.694946e-02 1.941406e-02 2.203236e-02 2.499319e-02 2.824083e-02 3.196401e-02 3.578305e-02 3.967728e-02 4.400405e-02 4.865128e-02 5.360142e-02 5.857671e-02 6.359296e-02 6.871900e-02 7.371648e-02 7.896870e-02 8.433143e-02 8.975651e-02 9.556421e-02 1.011407e-01 1.067021e-01 1.124552e-01 1.181658e-01 1.243686e-01 1.305896e-01 1.365506e-01 1.426772e-01 1.485323e-01 1.541126e-01 1.594554e-01 1.646022e-01 1.699003e-01 1.750011e-01 1.795233e-01 1.836459e-01 1.871446e-01 1.896588e-01 1.913766e-01 1.924574e-01 1.926557e-01 1.920293e-01 1.911805e-01 1.903609e-01 1.892636e-01 1.880482e-01 1.873604e-01 1.873069e-01 1.874763e-01 1.877536e-01 1.882535e-01 1.888043e-01 1.891630e-01 1.893462e-01 1.892982e-01 1.885832e-01 1.868434e-01 1.841672e-01 1.808546e-01 1.769937e-01 1.725879e-01 1.678349e-01 1.630232e-01 1.582658e-01 1.535072e-01 1.487474e-01 1.439852e-01 1.391796e-01 1.343319e-01 1.294745e-01 1.246858e-01 1.200167e-01 1.154093e-01 1.107125e-01 1.057549e-01 1.005312e-01 9.517077e-02 8.984660e-02 8.462943e-02 7.950974e-02 7.449319e-02 6.964973e-02 6.506886e-02 6.077081e-02 5.670577e-02 5.282060e-02 4.910523e-02 4.555671e-02 4.218007e-02 3.897862e-02 3.590338e-02 3.293032e-02 3.010461e-02 2.744993e-02 2.498465e-02 2.272443e-02 2.064213e-02 1.868963e-02 1.687712e-02 1.517061e-02 1.355365e-02 1.205027e-02 1.063034e-02 9.338070e-03 8.155936e-03 7.092485e-03 6.133312e-03 5.279785e-03 4.516626e-03 3.846959e-03 3.258307e-03 2.744650e-03 2.306195e-03 1.944910e-03 1.680493e-03 1.507445e-03 1.400507e-03 1.323267e-03 1.265110e-03 1.209069e-03 1.157322e-03 1.100222e-03 1.046318e-03 1.015262e-03 1.043483e-03 1.064668e-03 1.081464e-03 1.084811e-03 1.071080e-03 1.035404e-03 9.685052e-04 8.726317e-04 7.537387e-04 6.238362e-04 4.945622e-04 3.744235e-04 2.712991e-04 1.864260e-04 1.219641e-04 7.447597e-05 4.192239e-05 2.169789e-05 1.055156e-05 5.244384e-06 2.763089e-06 1.629120e-06 1.056371e-06
2.956890e-09 2.063533e-08 5.114101e-08 1.013580e-07 1.823225e-07 3.181430e-07 5.680661e-07 1.006471e-06 1.926558e-06 3.236589e-06 4.327534e-06 5.573008e-06 7.025324e-06 8.753857e-06 1.178519e-05 1.692496e-05 2.771996e-05 4.703110e-05 7.934002e-05 1.252737e-04 1.887103e-04 2.836288e-04 4.229699e-04 6.062950e-04 8.357231e-04 1.125386e-03 1.496117e-03 1.976635e-03 2.550635e-03 3.202641e-03 3.969342e-03 4.906763e-03 6.026736e-03 7.300185e-03 8.719476e-03 1.036140e-02 1.214076e-02 1.405283e-02 1.628908e-02 1.876009e-02 2.150053e-02 2.437138e-02 2.735444e-02 3.056358e-02 3.401033e-02 3.797088e-02 4.219672e-02 4.653390e-02 5.111660e-02 5.602617e-02 6.133962e-02 6.665565e-02 7.200274e-02 7.737991e-02 8.265562e-02 8.828551e-02 9.398938e-02 9.987507e-02 1.061504e-01 1.122389e-01 1.184211e-01 1.245002e-01 1.303897e-01 1.367138e-01 1.430598e-01 1.493796e-01 1.556291e-01 1.615926e-01 1.675341e-01 1.729939e-01 1.777824e-01 1.824917e-01 1.869278e-01 1.905424e-01 1.934426e-01 1.956016e-01 1.967349e-01 1.970114e-01 1.967715e-01 1.959135e-01 1.944474e-01 1.930225e-01 1.920697e-01 1.912836e-01 1.905035e-01 1.901309e-01 1.903258e-01 1.907078e-01 1.909958e-01 1.911905e-01 1.911894e-01 1.908187e-01 1.900960e-01 1.889747e-01 1.870586e-01 1.839602e-01 1.798350e-01 1.751828e-01 1.703652e-01 1.654686e-01 1.605910e-01 1.557903e-01 1.510080e-01 1.462122e-01 1.414190e-01 1.366295e-01 1.318056e-01 1.269170e-01 1.219340e-01 1.168938e-01 1.118835e-01 1.069945e-01 1.021638e-01 9.724467e-02 9.213197e-02 8.690281e-02 8.169901e-02 7.661515e-02 7.166911e-02 6.686454e-02 6.224148e-02 5.786140e-02 5.377713e-02 4.997566e-02 4.639564e-02 4.299371e-02 3.978027e-02 3.674468e-02 3.385952e-02 3.112318e-02 2.849653e-02 2.597089e-02 2.359344e-02 2.138109e-02 1.932108e-02 1.742177e-02 1.567350e-02 1.402883e-02 1.252956e-02 1.111805e-02 9.825756e-03 8.625634e-03 7.522361e-03 6.504603e-03 5.588785e-03 4.764479e-03 4.046811e-03 3.420168e-03 2.879264e-03 2.414667e-03 2.026115e-03 1.721506e-03 1.514654e-03 1.388705e-03 1.315001e-03 1.262909e-03 1.220077e-03 1.179885e-03 1.132070e-03 1.084484e-03 1.032479e-03 9.948782e-04 1.031044e-03 1.064189e-03 1.089344e-03 1.095611e-03 1.073077e-03 1.022872e-03 9.386092e-04 8.284286e-04 7.017987e-04 5.712077e-04 4.443722e-04 3.313441e-04 2.342580e-04 1.591894e-04 1.018451e-04 6.153453e-05 3.399803e-05 1.728471e-05 8.437233e-06 4.206100e-06 2.283991e-06 1.351489e-06 8.848683e-07
3.363497e-09 2.757332e-08 4.678560e-08 1.063264e-07 1.987696e-07 2.605532e-07 5.670397e-07 1.326294e-06 2.089040e-06 2.697774e-06 3.078995e-06 3.579150e-06 4.914079e-06 7.488891e-06 1.262507e-05 2.393040e-05 4.372662e-05 7.454360e-05 1.239130e-04 2.031864e-04 3.136023e-04 4.537221e-04 6.398847e-04 8.969401e-04 1.235538e-03 1.649503e-03 2.142898e-03 2.727887e-03 3.446000e-03 4.309557e-03 5.271502e-03 6.349450e-03 7.598175e-03 9.049376e-03 1.071919e-02 1.256921e-02 1.465634e-02 1.686105e-02 1.919124e-02 2.188055e-02 2.483333e-02 2.807633e-02 3.152427e-02 3.515853e-02 3.894000e-02 4.288945e-02 4.720400e-02 5.183668e-02 5.671431e-02 6.171248e-02 6.696825e-02 7.263770e-02 7.836444e-02 8.417869e-02 8.987801e-02 9.545590e-02 1.013269e-01 1.072191e-01 1.134421e-01 1.199247e-01 1.263448e-01 1.330103e-01 1.394269e-01 1.456874e-01 1.520289e-01 1.582219e-01 1.646483e-01 1.708312e-01 1.765512e-01 1.823543e-01 1.877490e-01 1.921397e-01 1.959057e-01 1.991767e-01 2.014849e-01 2.027398e-01 2.031389e-01 2.026752e-01 2.015497e-01 2.002108e-01 1.986916e-01 1.969118e-01 1.953668e-01 1.945236e-01 1.941315e-01 1.938443e-01 1.937694e-01 1.939727e-01 1.941394e-01 1.940155e-01 1.935769e-01 1.927181e-01 1.912869e-01 1.893168e-01 1.868470e-01 1.835911e-01 1.792734e-01 1.741166e-01 1.687346e-01 1.634858e-01 1.583926e-01 1.533715e-01 1.483939e-01 1.434599e-01 1.385726e-01 1.337213e-01 1.288636e-01 1.239744e-01 1.190054e-01 1.139134e-01 1.086697e-01 1.033713e-01 9.815241e-02 9.309135e-02 8.810642e-02 8.310174e-02 7.807247e-02 7.311960e-02 6.834081e-02 6.375182e-02 5.932011e-02 5.504429e-02 5.097725e-02 4.716099e-02 4.361157e-02 4.031504e-02 3.723356e-02 3.433251e-02 3.162542e-02 2.908368e-02 2.665607e-02 2.433721e-02 2.211704e-02 1.999990e-02 1.802043e-02 1.619556e-02 1.449972e-02 1.295122e-02 1.153669e-02 1.022422e-02 9.037196e-03 7.924919e-03 6.907428e-03 5.966813e-03 5.114565e-03 4.349779e-03 3.681695e-03 3.094609e-03 2.590393e-03 2.162157e-03 1.814046e-03 1.560484e-03 1.398727e-03 1.310620e-03 1.255376e-03 1.215880e-03 1.181586e-03 1.149456e-03 1.112371e-03 1.079770e-03 1.041417e-03 1.010068e-03 1.033509e-03 1.074949e-03 1.100975e-03 1.098791e-03 1.060257e-03 9.900178e-04 8.901768e-04 7.676771e-04 6.403030e-04 5.097068e-04 3.921004e-04 2.854004e-04 1.993876e-04 1.316329e-04 8.324555e-05 4.912349e-05 2.682464e-05 1.344203e-05 6.553598e-06 3.334968e-06 1.833754e-06 1.117069e-06 7.316631e-07
3.323964e-09 1.812944e-08 7.765022e-08 9.820583e-08 1.366262e-07 4.851555e-07 9.271714e-07 1.195737e-06 1.329131e-06 1.388614e-06 2.020771e-06 3.539563e-06 6.220140e-06 1.224143e-05 2.502391e-05 4.979947e-05 9.312054e-05 1.625333e-04 2.594807e-04 3.860788e-04 5.559465e-04 7.726079e-04 1.027644e-03 1.330285e-03 1.706676e-03 2.181463e-03 2.753964e-03 3.439333e-03 4.235471e-03 5.159309e-03 6.274518e-03 7.538688e-03 8.927751e-03 1.050187e-02 1.228253e-02 1.433798e-02 1.666268e-02 1.932204e-02 2.211537e-02 2.497508e-02 2.817427e-02 3.173738e-02 3.560458e-02 3.972512e-02 4.416147e-02 4.877843e-02 5.358963e-02 5.861287e-02 6.382428e-02 6.930398e-02 7.480229e-02 8.044399e-02 8.640461e-02 9.250902e-02 9.883783e-02 1.050316e-01 1.112126e-01 1.175146e-01 1.237604e-01 1.303991e-01 1.370180e-01 1.436476e-01 1.505036e-01 1.569562e-01 1.634726e-01 1.697529e-01 1.755778e-01 1.817188e-01 1.876013e-01 1.927587e-01 1.977943e-01 2.025223e-01 2.060683e-01 2.084120e-01 2.100035e-01 2.106458e-01 2.101309e-01 2.088180e-01 2.069671e-01 2.048247e-01 2.028630e-01 2.011540e-01 1.994778e-01 1.980918e-01 1.973628e-01 1.970825e-01 1.968620e-01 1.966626e-01 1.964430e-01 1.959252e-01 1.949634e-01 1.936156e-01 1.917833e-01 1.892298e-01 1.859796e-01 1.821979e-01 1.778521e-01 1.727962e-01 1.672280e-01 1.615925e-01 1.561824e-01 1.509520e-01 1.457771e-01 1.406254e-01 1.355553e-01 1.305920e-01 1.256600e-01 1.206893e-01 1.156340e-01 1.105049e-01 1.052639e-01 9.988827e-02 9.442518e-02 8.904620e-02 8.387269e-02 7.890711e-02 7.405687e-02 6.927574e-02 6.460294e-02 6.011501e-02 5.585863e-02 5.181165e-02 4.793712e-02 4.424124e-02 4.077356e-02 3.755210e-02 3.456382e-02 3.179628e-02 2.922925e-02 2.682839e-02 2.459150e-02 2.248421e-02 2.046061e-02 1.852399e-02 1.668499e-02 1.494558e-02 1.333584e-02 1.188091e-02 1.053708e-02 9.333517e-03 8.215730e-03 7.195106e-03 6.259687e-03 5.412717e-03 4.642231e-03 3.959697e-03 3.343715e-03 2.804594e-03 2.333618e-03 1.940796e-03 1.634564e-03 1.426012e-03 1.304801e-03 1.237861e-03 1.191058e-03 1.152626e-03 1.121165e-03 1.089233e-03 1.069256e-03 1.046288e-03 1.032638e-03 1.009312e-03 1.055964e-03 1.094581e-03 1.113208e-03 1.090853e-03 1.032821e-03 9.445522e-04 8.301130e-04 7.069053e-04 5.758890e-04 4.530725e-04 3.401267e-04 2.451241e-04 1.673713e-04 1.096920e-04 6.768057e-05 3.950861e-05 2.111199e-05 1.047946e-05 5.107747e-06 2.597515e-06 1.461350e-06 8.858479e-07 5.909950e-07
3.235820e-09 3.693707e-08 4.150249e-08 1.072331e-07 4.133727e-07 5.149417e-07 5.732297e-07 5.884607e-07 8.280890e-07 1.805945e-06 3.753468e-06 7.896961e-06 1.784618e-05 3.821039e-05 7.213842e-05 1.281026e-04 2.125004e-04 3.271358e-04 4.697452e-04 6.402363e-04 8.388337e-04 1.087505e-03 1.399921e-03 1.759091e-03 2.168118e-03 2.658529e-03 3.257292e-03 3.962171e-03 4.822252e-03 5.844241e-03 6.979894e-03 8.340904e-03 9.949752e-03 1.172081e-02 1.367625e-02 1.582267e-02 1.825740e-02 2.103119e-02 2.427625e-02 2.778181e-02 3.135790e-02 3.515466e-02 3.941651e-02 4.400782e-02 4.881426e-02 5.398989e-02 5.936530e-02 6.500854e-02 7.081321e-02 7.663725e-02 8.265048e-02 8.859950e-02 9.457780e-02 1.007122e-01 1.070879e-01 1.138232e-01 1.205480e-01 1.275285e-01 1.344682e-01 1.413301e-01 1.485099e-01 1.552505e-01 1.620225e-01 1.687815e-01 1.749770e-01 1.814510e-01 1.875714e-01 1.930159e-01 1.986445e-01 2.040173e-01 2.083316e-01 2.119604e-01 2.152087e-01 2.172810e-01 2.178230e-01 2.175749e-01 2.167273e-01 2.149693e-01 2.126209e-01 2.101025e-01 2.076322e-01 2.055483e-01 2.038805e-01 2.023681e-01 2.010783e-01 2.001935e-01 1.994810e-01 1.986360e-01 1.976890e-01 1.966018e-01 1.950723e-01 1.930043e-01 1.905885e-01 1.877851e-01 1.842858e-01 1.800111e-01 1.752211e-01 1.700942e-01 1.646515e-01 1.589739e-01 1.533223e-01 1.478771e-01 1.426166e-01 1.374014e-01 1.321823e-01 1.270162e-01 1.219291e-01 1.168893e-01 1.118039e-01 1.066371e-01 1.013951e-01 9.609705e-02 9.070969e-02 8.526450e-02 7.987916e-02 7.471727e-02 6.985106e-02 6.523885e-02 6.079714e-02 5.650362e-02 5.240058e-02 4.851397e-02 4.483345e-02 4.133120e-02 3.799951e-02 3.485305e-02 3.192991e-02 2.923940e-02 2.676144e-02 2.448714e-02 2.239781e-02 2.045080e-02 1.862855e-02 1.690908e-02 1.525665e-02 1.367584e-02 1.219039e-02 1.079809e-02 9.524534e-03 8.377083e-03 7.317362e-03 6.382495e-03 5.534146e-03 4.782799e-03 4.107574e-03 3.503775e-03 2.960292e-03 2.482025e-03 2.064067e-03 1.721691e-03 1.466049e-03 1.302077e-03 1.211732e-03 1.155638e-03 1.113316e-03 1.076358e-03 1.046072e-03 1.025562e-03 1.015703e-03 1.013861e-03 1.011654e-03 1.037702e-03 1.090604e-03 1.121871e-03 1.121043e-03 1.076843e-03 9.993779e-04 8.916393e-04 7.719706e-04 6.444256e-04 5.173930e-04 3.986314e-04 2.937638e-04 2.071675e-04 1.404928e-04 9.036412e-05 5.551086e-05 3.178333e-05 1.674640e-05 8.243715e-06 3.969336e-06 2.047827e-06 1.131207e-06 6.935800e-07 4.505695e-07
4.361429e-09 2.157605e-08 7.886234e-08 2.181241e-07 2.199405e-07 2.670108e-07 3.634864e-07 7.971732e-07 1.879265e-06 3.870654e-06 8.508798e-06 1.687288e-05 3.005014e-05 5.529573e-05 9.917943e-05 1.614215e-04 2.427854e-04 3.522946e-04 4.980385e-04 6.746049e-04 8.810132e-04 1.111684e-03 1.395911e-03 1.773116e-03 2.230716e-03 2.758698e-03 3.391830e-03 4.159118e-03 5.034122e-03 6.087581e-03 7.389008e-03 8.823903e-03 1.046859e-02 1.244741e-02 1.469609e-02 1.715916e-02 1.980187e-02 2.267437e-02 2.590746e-02 2.969211e-02 3.392676e-02 3.837491e-02 4.288473e-02 4.790685e-02 5.332154e-02 5.891073e-02 6.477948e-02 7.074488e-02 7.694153e-02 8.326258e-02 8.954305e-02 9.588659e-02 1.022593e-01 1.087053e-01 1.151303e-01 1.219056e-01 1.289143e-01 1.359721e-01 1.435685e-01 1.508589e-01 1.581626e-01 1.657148e-01 1.724587e-01 1.793222e-01 1.858859e-01 1.917210e-01 1.979108e-01 2.037526e-01 2.086582e-01 2.133522e-01 2.177315e-01 2.208342e-01 2.226579e-01 2.239584e-01 2.243562e-01 2.232859e-01 2.215358e-01 2.197676e-01 2.176564e-01 2.151194e-01 2.125316e-01 2.102521e-01 2.084364e-01 2.068646e-01 2.052499e-01 2.036930e-01 2.023058e-01 2.007632e-01 1.987959e-01 1.966321e-01 1.944431e-01 1.919440e-01 1.889056e-01 1.854584e-01 1.816317e-01 1.771702e-01 1.720020e-01 1.664274e-01 1.608059e-01 1.552208e-01 1.496285e-01 1.440677e-01 1.386603e-01 1.334111e-01 1.282129e-01 1.229798e-01 1.177081e-01 1.124650e-01 1.072529e-01 1.020333e-01 9.678144e-02 9.153670e-02 8.631891e-02 8.111918e-02 7.592490e-02 7.080215e-02 6.587116e-02 6.123091e-02 5.689171e-02 5.279397e-02 4.888806e-02 4.517218e-02 4.167435e-02 3.839033e-02 3.528968e-02 3.235023e-02 2.957494e-02 2.696481e-02 2.454075e-02 2.232054e-02 2.028718e-02 1.842519e-02 1.671888e-02 1.512823e-02 1.364003e-02 1.224093e-02 1.090686e-02 9.644377e-03 8.481359e-03 7.392490e-03 6.421914e-03 5.552379e-03 4.787141e-03 4.116012e-03 3.524315e-03 2.994027e-03 2.533527e-03 2.124816e-03 1.781883e-03 1.505216e-03 1.309339e-03 1.190720e-03 1.124723e-03 1.079647e-03 1.043041e-03 1.014878e-03 9.939512e-04 9.864619e-04 9.875143e-04 9.972258e-04 1.008820e-03 1.080214e-03 1.122166e-03 1.137952e-03 1.113555e-03 1.051776e-03 9.552886e-04 8.400312e-04 7.125087e-04 5.851186e-04 4.623769e-04 3.484784e-04 2.526350e-04 1.746865e-04 1.168154e-04 7.463370e-05 4.523491e-05 2.570065e-05 1.336990e-05 6.466269e-06 3.169920e-06 1.603618e-06 9.071918e-07 5.380032e-07 3.519687e-07
3.264991e-09 2.577361e-08 8.659978e-08 1.090613e-07 1.353599e-07 2.264157e-07 5.157012e-07 1.136720e-06 2.658130e-06 5.921476e-06 1.126762e-05 2.228416e-05 4.412787e-05 7.540335e-05 1.203209e-04 1.888005e-04 2.811273e-04 3.939078e-04 5.326600e-04 7.118945e-04 9.356178e-04 1.212643e-03 1.523830e-03 1.888447e-03 2.364143e-03 2.952576e-03 3.631838e-03 4.444829e-03 5.442092e-03 6.574570e-03 7.880895e-03 9.490382e-03 1.131495e-02 1.333778e-02 1.572436e-02 1.848777e-02 2.153257e-02 2.482570e-02 2.824685e-02 3.199064e-02 3.624241e-02 4.109041e-02 4.640877e-02 5.172417e-02 5.746204e-02 6.365292e-02 7.009260e-02 7.671138e-02 8.333328e-02 8.997265e-02 9.665933e-02 1.033795e-01 1.099343e-01 1.167260e-01 1.237534e-01 1.306318e-01 1.380685e-01 1.453088e-01 1.523996e-01 1.601913e-01 1.673807e-01 1.747304e-01 1.822973e-01 1.889306e-01 1.957026e-01 2.020243e-01 2.073594e-01 2.127371e-01 2.177937e-01 2.217232e-01 2.248861e-01 2.276164e-01 2.291944e-01 2.292823e-01 2.288018e-01 2.279355e-01 2.259974e-01 2.233776e-01 2.210688e-01 2.191074e-01 2.169128e-01 2.144415e-01 2.122499e-01 2.106171e-01 2.090819e-01 2.071749e-01 2.050342e-01 2.028911e-01 2.004756e-01 1.975138e-01 1.942668e-01 1.910490e-01 1.876552e-01 1.837384e-01 1.792505e-01 1.742729e-01 1.688019e-01 1.629204e-01 1.569555e-01 1.512348e-01 1.457704e-01 1.403120e-01 1.347467e-01 1.291886e-01 1.237737e-01 1.184828e-01 1.131930e-01 1.078605e-01 1.025190e-01 9.720860e-02 9.192492e-02 8.667579e-02 8.149141e-02 7.641316e-02 7.144861e-02 6.658401e-02 6.183884e-02 5.729266e-02 5.303398e-02 4.908325e-02 4.539943e-02 4.192500e-02 3.863441e-02 3.552401e-02 3.260403e-02 2.987104e-02 2.729975e-02 2.486702e-02 2.257613e-02 2.042771e-02 1.844085e-02 1.663374e-02 1.498259e-02 1.347186e-02 1.209236e-02 1.081016e-02 9.612596e-03 8.497504e-03 7.453433e-03 6.490420e-03 5.626649e-03 4.831450e-03 4.141685e-03 3.524261e-03 2.987587e-03 2.521967e-03 2.122533e-03 1.783435e-03 1.508756e-03 1.296331e-03 1.157812e-03 1.081018e-03 1.035871e-03 1.004210e-03 9.801710e-04 9.667201e-04 9.602975e-04 9.634900e-04 9.737815e-04 9.758844e-04 1.045992e-03 1.101816e-03 1.128650e-03 1.122655e-03 1.079269e-03 1.002674e-03 9.020258e-04 7.803406e-04 6.542607e-04 5.296691e-04 4.104102e-04 3.075907e-04 2.179344e-04 1.503845e-04 9.918408e-05 6.296303e-05 3.788843e-05 2.123400e-05 1.082237e-05 5.257011e-06 2.517136e-06 1.326212e-06 7.301912e-07 4.439256e-07 2.814181e-07
3.067134e-09 6.129795e-08 6.050237e-08 5.077584e-08 1.002291e-07 2.765039e-07 8.599470e-07 2.330055e-06 5.138132e-06 1.065159e-05 2.205534e-05 3.888751e-05 6.743134e-05 1.155771e-04 1.817563e-04 2.675853e-04 3.846027e-04 5.383284e-04 7.257300e-04 9.465889e-04 1.215747e-03 1.549937e-03 1.981826e-03 2.479054e-03 3.041622e-03 3.740325e-03 4.602346e-03 5.581602e-03 6.710514e-03 8.054705e-03 9.586242e-03 1.132466e-02 1.337553e-02 1.572452e-02 1.827727e-02 2.122749e-02 2.465297e-02 2.839992e-02 3.252587e-02 3.670761e-02 4.115550e-02 4.595559e-02 5.132761e-02 5.738074e-02 6.356978e-02 6.999800e-02 7.683984e-02 8.400792e-02 9.131308e-02 9.877650e-02 1.059502e-01 1.130000e-01 1.202316e-01 1.269733e-01 1.341007e-01 1.415101e-01 1.486537e-01 1.566446e-01 1.641918e-01 1.713334e-01 1.789874e-01 1.858943e-01 1.929596e-01 2.000948e-01 2.064338e-01 2.125938e-01 2.181685e-01 2.226788e-01 2.266301e-01 2.301132e-01 2.325892e-01 2.340252e-01 2.349082e-01 2.349752e-01 2.337686e-01 2.320023e-01 2.303151e-01 2.281643e-01 2.252612e-01 2.225036e-01 2.204976e-01 2.185654e-01 2.160963e-01 2.136164e-01 2.116993e-01 2.099277e-01 2.076349e-01 2.048697e-01 2.019472e-01 1.987495e-01 1.950399e-01 1.909813e-01 1.868525e-01 1.825778e-01 1.778242e-01 1.724261e-01 1.665152e-01 1.603266e-01 1.540838e-01 1.480236e-01 1.423341e-01 1.369222e-01 1.315026e-01 1.258861e-01 1.201456e-01 1.144616e-01 1.088936e-01 1.033959e-01 9.792167e-02 9.249496e-02 8.714692e-02 8.189571e-02 7.675672e-02 7.176092e-02 6.694428e-02 6.231299e-02 5.784236e-02 5.351650e-02 4.937398e-02 4.547968e-02 4.188253e-02 3.857302e-02 3.550592e-02 3.263844e-02 2.994794e-02 2.742024e-02 2.505103e-02 2.283701e-02 2.074844e-02 1.876169e-02 1.689183e-02 1.514491e-02 1.353531e-02 1.207719e-02 1.075669e-02 9.560281e-03 8.474106e-03 7.472557e-03 6.551982e-03 5.722742e-03 4.954603e-03 4.263379e-03 3.634011e-03 3.070172e-03 2.579666e-03 2.158893e-03 1.801711e-03 1.514288e-03 1.281558e-03 1.119907e-03 1.023287e-03 9.751353e-04 9.482317e-04 9.302961e-04 9.226118e-04 9.228080e-04 9.296293e-04 9.420519e-04 9.464404e-04 9.809959e-04 1.043487e-03 1.077068e-03 1.086478e-03 1.060875e-03 1.005939e-03 9.257933e-04 8.234798e-04 7.075009e-04 5.884239e-04 4.687161e-04 3.629735e-04 2.668376e-04 1.906230e-04 1.298862e-04 8.618377e-05 5.408589e-05 3.235144e-05 1.766513e-05 8.833130e-06 4.118087e-06 2.003368e-06 1.017837e-06 5.842876e-07 3.456148e-07 2.251561e-07
9.179145e-09 8.259041e-09 1.431446e-08 8.826206e-08 3.979750e-07 1.318803e-06 2.990864e-06 6.372613e-06 1.240756e-05 2.045865e-05 3.786886e-05 6.808377e-05 1.070265e-04 1.597769e-04 2.420500e-04 3.582058e-04 5.085470e-04 6.997822e-04 9.430860e-04 1.249976e-03 1.622670e-03 2.063925e-03 2.595290e-03 3.289369e-03 4.109919e-03 5.033508e-03 6.132350e-03 7.476358e-03 8.999210e-03 1.072348e-02 1.268280e-02 1.484444e-02 1.729310e-02 2.007088e-02 2.322401e-02 2.653803e-02 3.025801e-02 3.458687e-02 3.929700e-02 4.452103e-02 4.982394e-02 5.531332e-02 6.097848e-02 6.701898e-02 7.371890e-02 8.080922e-02 8.793517e-02 9.534740e-02 1.030050e-01 1.106358e-01 1.188357e-01 1.266306e-01 1.341148e-01 1.418953e-01 1.488506e-01 1.562276e-01 1.637855e-01 1.709467e-01 1.789626e-01 1.865949e-01 1.938593e-01 2.011309e-01 2.076495e-01 2.139682e-01 2.199524e-01 2.254118e-01 2.303621e-01 2.345279e-01 2.378107e-01 2.402671e-01 2.420247e-01 2.429285e-01 2.428953e-01 2.423626e-01 2.412945e-01 2.392077e-01 2.365060e-01 2.340773e-01 2.317344e-01 2.286903e-01 2.254023e-01 2.228763e-01 2.207255e-01 2.179670e-01 2.148387e-01 2.121228e-01 2.096580e-01 2.067653e-01 2.033074e-01 1.995375e-01 1.955154e-01 1.911255e-01 1.863955e-01 1.815096e-01 1.764896e-01 1.711082e-01 1.652078e-01 1.589170e-01 1.525033e-01 1.461741e-01 1.400677e-01 1.342349e-01 1.286082e-01 1.229981e-01 1.172335e-01 1.113245e-01 1.054064e-01 9.959415e-02 9.390210e-02 8.832353e-02 8.286894e-02 7.756028e-02 7.241613e-02 6.744868e-02 6.268641e-02 5.816617e-02 5.390055e-02 4.985866e-02 4.600398e-02 4.232295e-02 3.884012e-02 3.558592e-02 3.258524e-02 2.983570e-02 2.730307e-02 2.495569e-02 2.278110e-02 2.077005e-02 1.889915e-02 1.714945e-02 1.548771e-02 1.389557e-02 1.239286e-02 1.098944e-02 9.708486e-03 8.562782e-03 7.536815e-03 6.614386e-03 5.788283e-03 5.041155e-03 4.361709e-03 3.755323e-03 3.192997e-03 2.703662e-03 2.264373e-03 1.888622e-03 1.571710e-03 1.311405e-03 1.112804e-03 9.833497e-04 9.137700e-04 8.848445e-04 8.719995e-04 8.683839e-04 8.772091e-04 8.886560e-04 9.062737e-04 9.195638e-04 9.171407e-04 9.590607e-04 9.937675e-04 1.010455e-03 9.966707e-04 9.606729e-04 8.978225e-04 8.170001e-04 7.197674e-04 6.141203e-04 5.044189e-04 4.016788e-04 3.063708e-04 2.279746e-04 1.611053e-04 1.114849e-04 7.340313e-05 4.631122e-05 2.728995e-05 1.469228e-05 7.008122e-06 3.228203e-06 1.489168e-06 7.732430e-07 4.289606e-07 2.641755e-07 1.707143e-07
1.038374e-09 3.055653e-08 2.499351e-07 8.596376e-07 2.103208e-06 4.048040e-06 8.504720e-06 1.517577e-05 2.656193e-05 4.692694e-05 7.207684e-05 1.101203e-04 1.727803e-04 2.581227e-04 3.646358e-04 5.042889e-04 6.878126e-04 9.355736e-04 1.250677e-03 1.631786e-03 2.107419e-03 2.703726e-03 3.408157e-03 4.239741e-03 5.328936e-03 6.628304e-03 8.087020e-03 9.772387e-03 1.182140e-02 1.413873e-02 1.676843e-02 1.971518e-02 2.283501e-02 2.632905e-02 3.019852e-02 3.455871e-02 3.899932e-02 4.372765e-02 4.916847e-02 5.510828e-02 6.165581e-02 6.848661e-02 7.545450e-02 8.244387e-02 8.946624e-02 9.682126e-02 1.047638e-01 1.125383e-01 1.204430e-01 1.283906e-01 1.359347e-01 1.444259e-01 1.527539e-01 1.608315e-01 1.692799e-01 1.767239e-01 1.843760e-01 1.919291e-01 1.989946e-01 2.063798e-01 2.134211e-01 2.201779e-01 2.263625e-01 2.319977e-01 2.369991e-01 2.411917e-01 2.451388e-01 2.485792e-01 2.512330e-01 2.532550e-01 2.545487e-01 2.551079e-01 2.548312e-01 2.536341e-01 2.520096e-01 2.501222e-01 2.473907e-01 2.438113e-01 2.404390e-01 2.375339e-01 2.340751e-01 2.300152e-01 2.265346e-01 2.236453e-01 2.202835e-01 2.163043e-01 2.123804e-01 2.086615e-01 2.047409e-01 2.003870e-01 1.957500e-01 1.910091e-01 1.861239e-01 1.810128e-01 1.757014e-01 1.701844e-01 1.643496e-01 1.581634e-01 1.517683e-01 1.453602e-01 1.390376e-01 1.327906e-01 1.266535e-01 1.206724e-01 1.147848e-01 1.088441e-01 1.027886e-01 9.670898e-02 9.072020e-02 8.489624e-02 7.927651e-02 7.388870e-02 6.874982e-02 6.385312e-02 5.918364e-02 5.474484e-02 5.056016e-02 4.663935e-02 4.296760e-02 3.951374e-02 3.625066e-02 3.316866e-02 3.027887e-02 2.760088e-02 2.514493e-02 2.290473e-02 2.084727e-02 1.894991e-02 1.720458e-02 1.559824e-02 1.409692e-02 1.268594e-02 1.134302e-02 1.006256e-02 8.868421e-03 7.776561e-03 6.795417e-03 5.923572e-03 5.145453e-03 4.446778e-03 3.829005e-03 3.274749e-03 2.792924e-03 2.369069e-03 1.996918e-03 1.674401e-03 1.396203e-03 1.166610e-03 1.000208e-03 8.945231e-04 8.481632e-04 8.290349e-04 8.250175e-04 8.336329e-04 8.498300e-04 8.674719e-04 8.853587e-04 8.930487e-04 8.811074e-04 8.916105e-04 9.095160e-04 9.048163e-04 8.816679e-04 8.354849e-04 7.704207e-04 6.919751e-04 6.012127e-04 5.068398e-04 4.136291e-04 3.255811e-04 2.510360e-04 1.856638e-04 1.337712e-04 9.273185e-05 6.160681e-05 3.889064e-05 2.295487e-05 1.207270e-05 5.691856e-06 2.503709e-06 1.162410e-06 5.780191e-07 3.269411e-07 1.975246e-07 1.328373e-07
2.275559e-08 5.211817e-07 2.133530e-06 3.848296e-06 6.726456e-06 1.283200e-05 2.013900e-05 3.527619e-05 5.760965e-05 8.662041e-05 1.327222e-04 1.931458e-04 2.773268e-04 3.959575e-04 5.564912e-04 7.716620e-04 1.047123e-03 1.357213e-03 1.757445e-03 2.272703e-03 2.886317e-03 3.634964e-03 4.589880e-03 5.691044e-03 6.934726e-03 8.563395e-03 1.053228e-02 1.273554e-02 1.520017e-02 1.818033e-02 2.153193e-02 2.534085e-02 2.962431e-02 3.404302e-02 3.887113e-02 4.415586e-02 5.013903e-02 5.618723e-02 6.225195e-02 6.896757e-02 7.633564e-02 8.426927e-02 9.278160e-02 1.015363e-01 1.102911e-01 1.187053e-01 1.268235e-01 1.354957e-01 1.438426e-01 1.522295e-01 1.605641e-01 1.680220e-01 1.764452e-01 1.850839e-01 1.938165e-01 2.028983e-01 2.110907e-01 2.189620e-01 2.262411e-01 2.329204e-01 2.387991e-01 2.443024e-01 2.494813e-01 2.535765e-01 2.575532e-01 2.608845e-01 2.631977e-01 2.655551e-01 2.676934e-01 2.691699e-01 2.701505e-01 2.705449e-01 2.702015e-01 2.689701e-01 2.667292e-01 2.639120e-01 2.610242e-01 2.575871e-01 2.530920e-01 2.484754e-01 2.445270e-01 2.403444e-01 2.354006e-01 2.306339e-01 2.264193e-01 2.220131e-01 2.169850e-01 2.116926e-01 2.065554e-01 2.015505e-01 1.964820e-01 1.913610e-01 1.862547e-01 1.810570e-01 1.756156e-01 1.699030e-01 1.639502e-01 1.577772e-01 1.514339e-01 1.450287e-01 1.386421e-01 1.322151e-01 1.256721e-01 1.190948e-01 1.126640e-01 1.064454e-01 1.003455e-01 9.428564e-02 8.826271e-02 8.233576e-02 7.657223e-02 7.103177e-02 6.577203e-02 6.082556e-02 5.618916e-02 5.183965e-02 4.776792e-02 4.397162e-02 4.043791e-02 3.714836e-02 3.407949e-02 3.120252e-02 2.848995e-02 2.593420e-02 2.355223e-02 2.135842e-02 1.934597e-02 1.750542e-02 1.581788e-02 1.426578e-02 1.284211e-02 1.153711e-02 1.032073e-02 9.180959e-03 8.106044e-03 7.101817e-03 6.184992e-03 5.360893e-03 4.622618e-03 3.968077e-03 3.392325e-03 2.887208e-03 2.459318e-03 2.082050e-03 1.765534e-03 1.483387e-03 1.246984e-03 1.056946e-03 9.239319e-04 8.537218e-04 8.254895e-04 8.164682e-04 8.180408e-04 8.310071e-04 8.437381e-04 8.552407e-04 8.599798e-04 8.517460e-04 8.259890e-04 7.960227e-04 7.972456e-04 7.810140e-04 7.525056e-04 7.008134e-04 6.392882e-04 5.632942e-04 4.826099e-04 4.020027e-04 3.244900e-04 2.556213e-04 1.969444e-04 1.475408e-04 1.073582e-04 7.535866e-05 5.069934e-05 3.207897e-05 1.900660e-05 9.848157e-06 4.543279e-06 2.001992e-06 9.069141e-07 4.582109e-07 2.536864e-07 1.539138e-07 1.015733e-07
1.135145e-07 8.130928e-07 2.675856e-06 9.541604e-06 1.756918e-05 2.449401e-05 4.448284e-05 6.533424e-05 9.562381e-05 1.470415e-04 2.161778e-04 3.090692e-04 4.214937e-04 5.876918e-04 8.148908e-04 1.092009e-03 1.459011e-03 1.971448e-03 2.528314e-03 3.200424e-03 4.049591e-03 5.041448e-03 6.197674e-03 7.717678e-03 9.460992e-03 1.132049e-02 1.368309e-02 1.658561e-02 1.982869e-02 2.329055e-02 2.740823e-02 3.200283e-02 3.724621e-02 4.319786e-02 4.930883e-02 5.570279e-02 6.257617e-02 7.043491e-02 7.857354e-02 8.641695e-02 9.461192e-02 1.035547e-01 1.128515e-01 1.228905e-01 1.333228e-01 1.439548e-01 1.540816e-01 1.632221e-01 1.725938e-01 1.814661e-01 1.904503e-01 1.994991e-01 2.074127e-01 2.157358e-01 2.243062e-01 2.332497e-01 2.423221e-01 2.508996e-01 2.583634e-01 2.647505e-01 2.705516e-01 2.743026e-01 2.775479e-01 2.804797e-01 2.820764e-01 2.840014e-01 2.858067e-01 2.866764e-01 2.876635e-01 2.887244e-01 2.891346e-01 2.888659e-01 2.880954e-01 2.865838e-01 2.840838e-01 2.805727e-01 2.763405e-01 2.719953e-01 2.674068e-01 2.619047e-01 2.559861e-01 2.504910e-01 2.450022e-01 2.389861e-01 2.328832e-01 2.271315e-01 2.214577e-01 2.154457e-01 2.092011e-01 2.031624e-01 1.975025e-01 1.921164e-01 1.869150e-01 1.817695e-01 1.763765e-01 1.704912e-01 1.641489e-01 1.575924e-01 1.510331e-01 1.445454e-01 1.381211e-01 1.316811e-01 1.251013e-01 1.183215e-01 1.114482e-01 1.046810e-01 9.813979e-02 9.183809e-02 8.573700e-02 7.982320e-02 7.410816e-02 6.860767e-02 6.334868e-02 5.837430e-02 5.372157e-02 4.939299e-02 4.537412e-02 4.165101e-02 3.820964e-02 3.503206e-02 3.209463e-02 2.937558e-02 2.684743e-02 2.447847e-02 2.224854e-02 2.015623e-02 1.821257e-02 1.642261e-02 1.477417e-02 1.325949e-02 1.187179e-02 1.059990e-02 9.440205e-03 8.381812e-03 7.398398e-03 6.489006e-03 5.652944e-03 4.889948e-03 4.205881e-03 3.602083e-03 3.070476e-03 2.612226e-03 2.213556e-03 1.872267e-03 1.577568e-03 1.326413e-03 1.121379e-03 9.665120e-04 8.732005e-04 8.355630e-04 8.240938e-04 8.241549e-04 8.268467e-04 8.361568e-04 8.379251e-04 8.315375e-04 8.185823e-04 7.893273e-04 7.514973e-04 7.018631e-04 6.810925e-04 6.606084e-04 6.219564e-04 5.741959e-04 5.129867e-04 4.456954e-04 3.766753e-04 3.108938e-04 2.495398e-04 1.965599e-04 1.517483e-04 1.143296e-04 8.323272e-05 5.946285e-05 3.972547e-05 2.568906e-05 1.494077e-05 7.703883e-06 3.465075e-06 1.525339e-06 7.044567e-07 3.604244e-07 2.023983e-07 1.219084e-07 8.084782e-08
4.868931e-06 7.077172e-07 3.295154e-06 6.524647e-06 2.227499e-05 4.694224e-05 6.025927e-05 1.031378e-04 1.590604e-04 2.181884e-04 3.050808e-04 4.397834e-04 6.302986e-04 8.280294e-04 1.100668e-03 1.498217e-03 1.968055e-03 2.536450e-03 3.379509e-03 4.315052e-03 5.403333e-03 6.775627e-03 8.391387e-03 1.014228e-02 1.246914e-02 1.519089e-02 1.795895e-02 2.125732e-02 2.540512e-02 3.016059e-02 3.502332e-02 4.058824e-02 4.664373e-02 5.352348e-02 6.138583e-02 6.967440e-02 7.797416e-02 8.656982e-02 9.634779e-02 1.069170e-01 1.170549e-01 1.270793e-01 1.377550e-01 1.484139e-01 1.596972e-01 1.713111e-01 1.834437e-01 1.952245e-01 2.056258e-01 2.157897e-01 2.251017e-01 2.345990e-01 2.443893e-01 2.532407e-01 2.614851e-01 2.694941e-01 2.774486e-01 2.850960e-01 2.929547e-01 2.989570e-01 3.037707e-01 3.082263e-01 3.099841e-01 3.111882e-01 3.122049e-01 3.118736e-01 3.120227e-01 3.125379e-01 3.122174e-01 3.117886e-01 3.115166e-01 3.104224e-01 3.082600e-01 3.055819e-01 3.022946e-01 2.980321e-01 2.928335e-01 2.870261e-01 2.810962e-01 2.748794e-01 2.679174e-01 2.605915e-01 2.534640e-01 2.464050e-01 2.391295e-01 2.318537e-01 2.249707e-01 2.184214e-01 2.118643e-01 2.052953e-01 1.990532e-01 1.932841e-01 1.878491e-01 1.825771e-01 1.772442e-01 1.714790e-01 1.650277e-01 1.580556e-01 1.510059e-01 1.441658e-01 1.375098e-01 1.308769e-01 1.241746e-01 1.173539e-01 1.104110e-01 1.034318e-01 9.656566e-02 8.994793e-02 8.361864e-02 7.757279e-02 7.180528e-02 6.631228e-02 6.108880e-02 5.614598e-02 5.151837e-02 4.722734e-02 4.326605e-02 3.961211e-02 3.624502e-02 3.314461e-02 3.028989e-02 2.766526e-02 2.525188e-02 2.302277e-02 2.094816e-02 1.900646e-02 1.718814e-02 1.548980e-02 1.391531e-02 1.246624e-02 1.112688e-02 9.894056e-03 8.772107e-03 7.750195e-03 6.820705e-03 5.978347e-03 5.206678e-03 4.508727e-03 3.884729e-03 3.328718e-03 2.839225e-03 2.411805e-03 2.033657e-03 1.712381e-03 1.430884e-03 1.203518e-03 1.019703e-03 8.989325e-04 8.386544e-04 8.236064e-04 8.266640e-04 8.244193e-04 8.259393e-04 8.207394e-04 8.056074e-04 7.813494e-04 7.486062e-04 7.060098e-04 6.600377e-04 6.056945e-04 5.730180e-04 5.432311e-04 5.039671e-04 4.566186e-04 4.029784e-04 3.459648e-04 2.910007e-04 2.396469e-04 1.930635e-04 1.527298e-04 1.185723e-04 8.859224e-05 6.518955e-05 4.530467e-05 3.074661e-05 1.935132e-05 1.137974e-05 5.596058e-06 2.512199e-06 1.089144e-06 5.172665e-07 2.721047e-07 1.579614e-07 9.735236e-08 6.462341e-08
6.684912e-06 4.493147e-06 2.137364e-06 8.522999e-06 1.372410e-05 4.010981e-05 9.411346e-05 1.247236e-04 1.925813e-04 3.041318e-04 4.343616e-04 5.750408e-04 7.794911e-04 1.119748e-03 1.479292e-03 1.906331e-03 2.532793e-03 3.286261e-03 4.106289e-03 5.362871e-03 6.831060e-03 8.488061e-03 1.055540e-02 1.308316e-02 1.565802e-02 1.902096e-02 2.314656e-02 2.729549e-02 3.173181e-02 3.730818e-02 4.401133e-02 5.083890e-02 5.831928e-02 6.622668e-02 7.503685e-02 8.496302e-02 9.597452e-02 1.067627e-01 1.174691e-01 1.290826e-01 1.421308e-01 1.549986e-01 1.672670e-01 1.799241e-01 1.919708e-01 2.041567e-01 2.162499e-01 2.289654e-01 2.417044e-01 2.531225e-01 2.639776e-01 2.736067e-01 2.829258e-01 2.927022e-01 3.020646e-01 3.098778e-01 3.170789e-01 3.229264e-01 3.278087e-01 3.336990e-01 3.374282e-01 3.403896e-01 3.434692e-01 3.439857e-01 3.439275e-01 3.438416e-01 3.424256e-01 3.412014e-01 3.404640e-01 3.386697e-01 3.362693e-01 3.340580e-01 3.308835e-01 3.261896e-01 3.209484e-01 3.154121e-01 3.090348e-01 3.016750e-01 2.939133e-01 2.862061e-01 2.782167e-01 2.696713e-01 2.609348e-01 2.524144e-01 2.441507e-01 2.359629e-01 2.279394e-01 2.204494e-01 2.135236e-01 2.068351e-01 2.003141e-01 1.942003e-01 1.885242e-01 1.830349e-01 1.774811e-01 1.716760e-01 1.653517e-01 1.583341e-01 1.508486e-01 1.434142e-01 1.363394e-01 1.294873e-01 1.226264e-01 1.156938e-01 1.087346e-01 1.017710e-01 9.482782e-02 8.801771e-02 8.147162e-02 7.526708e-02 6.942530e-02 6.394213e-02 5.879783e-02 5.395918e-02 4.941476e-02 4.517844e-02 4.126620e-02 3.767077e-02 3.436635e-02 3.132663e-02 2.853157e-02 2.596692e-02 2.362145e-02 2.148322e-02 1.953133e-02 1.773521e-02 1.606327e-02 1.449601e-02 1.302906e-02 1.166042e-02 1.038941e-02 9.223478e-03 8.156657e-03 7.189259e-03 6.318975e-03 5.529123e-03 4.815203e-03 4.176996e-03 3.604587e-03 3.095795e-03 2.644247e-03 2.238255e-03 1.883158e-03 1.574278e-03 1.311474e-03 1.097588e-03 9.371028e-04 8.395996e-04 8.010026e-04 7.995129e-04 8.018036e-04 7.964129e-04 7.887757e-04 7.690570e-04 7.399893e-04 7.040519e-04 6.584915e-04 6.129335e-04 5.612075e-04 5.074323e-04 4.700432e-04 4.377693e-04 3.989181e-04 3.555461e-04 3.124867e-04 2.665734e-04 2.256501e-04 1.876309e-04 1.525477e-04 1.225395e-04 9.551441e-05 7.220873e-05 5.221870e-05 3.658145e-05 2.377654e-05 1.512827e-05 8.426219e-06 4.130453e-06 1.775369e-06 7.767305e-07 3.678586e-07 2.003868e-07 1.192950e-07 7.487175e-08 5.211565e-08
4.499385e-06 1.065801e-05 5.208806e-06 5.128716e-06 1.794523e-05 2.760982e-05 6.481809e-05 1.559852e-04 2.281294e-04 3.274062e-04 4.958223e-04 7.385811e-04 9.960816e-04 1.286497e-03 1.801066e-03 2.394130e-03 3.043837e-03 3.973061e-03 5.146823e-03 6.299631e-03 8.008243e-03 1.014544e-02 1.251857e-02 1.541127e-02 1.912855e-02 2.280456e-02 2.732420e-02 3.317026e-02 3.938027e-02 4.529062e-02 5.239322e-02 6.120100e-02 7.059851e-02 8.044939e-02 9.072958e-02 1.018417e-01 1.138967e-01 1.279453e-01 1.418750e-01 1.555942e-01 1.691401e-01 1.843814e-01 2.000261e-01 2.146727e-01 2.294590e-01 2.429080e-01 2.556138e-01 2.674994e-01 2.795713e-01 2.920651e-01 3.036173e-01 3.144021e-01 3.241042e-01 3.322434e-01 3.408406e-01 3.494958e-01 3.560787e-01 3.625192e-01 3.662678e-01 3.682940e-01 3.717061e-01 3.731814e-01 3.742304e-01 3.759609e-01 3.757371e-01 3.747765e-01 3.739312e-01 3.717172e-01 3.691392e-01 3.669664e-01 3.632342e-01 3.581306e-01 3.533616e-01 3.478487e-01 3.403488e-01 3.320931e-01 3.240263e-01 3.152971e-01 3.055383e-01 2.957064e-01 2.862346e-01 2.766644e-01 2.668497e-01 2.571271e-01 2.478130e-01 2.389528e-01 2.303323e-01 2.219777e-01 2.143035e-01 2.074232e-01 2.009542e-01 1.946638e-01 1.886506e-01 1.828835e-01 1.770246e-01 1.708121e-01 1.642551e-01 1.573905e-01 1.501109e-01 1.424422e-01 1.347301e-01 1.272662e-01 1.200397e-01 1.129095e-01 1.058545e-01 9.893594e-02 9.216355e-02 8.553088e-02 7.906578e-02 7.284327e-02 6.694052e-02 6.141102e-02 5.628024e-02 5.153396e-02 4.713549e-02 4.304405e-02 3.924315e-02 3.572999e-02 3.250341e-02 2.955198e-02 2.684619e-02 2.435577e-02 2.206555e-02 1.997221e-02 1.806850e-02 1.633895e-02 1.476297e-02 1.331572e-02 1.197418e-02 1.072591e-02 9.567443e-03 8.495614e-03 7.510708e-03 6.620743e-03 5.814349e-03 5.085171e-03 4.428424e-03 3.834106e-03 3.302993e-03 2.831388e-03 2.408531e-03 2.034415e-03 1.710799e-03 1.426540e-03 1.193221e-03 9.995691e-04 8.630295e-04 7.820451e-04 7.548073e-04 7.477261e-04 7.381376e-04 7.240116e-04 7.025387e-04 6.745284e-04 6.386504e-04 5.997509e-04 5.547774e-04 5.082177e-04 4.607897e-04 4.093928e-04 3.762665e-04 3.436680e-04 3.076603e-04 2.744435e-04 2.383722e-04 2.061494e-04 1.761236e-04 1.483798e-04 1.226689e-04 9.981204e-05 7.868406e-05 5.953448e-05 4.381792e-05 3.002177e-05 1.964143e-05 1.191606e-05 6.580362e-06 3.054682e-06 1.314835e-06 5.691608e-07 2.729034e-07 1.494998e-07 8.881631e-08 5.752853e-08 4.055217e-08
