7.006492e-45 1.073254e-41 5.605194e-45 3.643376e-44 1.681558e-44 9.108440e-44 1.345562e-35 9.152558e-27 1.447956e-23 2.578389e-23 2.881499e-23 1.658368e-18 1.458390e-13 1.210544e-11 1.151881e-10 4.812569e-09 5.078430e-07 1.246190e-05 8.433970e-05 1.947333e-04 4.496489e-04 6.774550e-04 1.166155e-03 1.912688e-03 4.276881e-03 7.166116e-03 1.039250e-02 1.231827e-02 1.595919e-02 2.593093e-02 2.012826e-02 3.003319e-02 1.087442e-02 1.551940e-02 7.692621e-03 1.191329e-02 1.577491e-02 1.428469e-02 3.678518e-02 1.104173e-02 3.762786e-02 9.162812e-03 1.516446e-02 1.009503e-02 3.814672e-03 8.609821e-03 2.111785e-03 2.820942e-03 1.201728e-03 6.021447e-04 5.596817e-04 2.882462e-04 3.561808e-04 2.813434e-04 3.337490e-04 5.119524e-04 5.232472e-04 9.251498e-04 1.166208e-03 8.506559e-04 1.202388e-03 1.104296e-03 5.923185e-04 8.441388e-04 8.255023e-04 3.968437e-04 4.244237e-04 4.733761e-04 2.465833e-04 1.944836e-04 2.051144e-04 1.139596e-04 7.807041e-05 7.329254e-05 4.844707e-05 3.339076e-05 3.348502e-05 2.474620e-05 1.658836e-05 1.822132e-05 1.873729e-05 1.384458e-05 1.442785e-05 1.895980e-05 1.546720e-05 1.106996e-05 1.243365e-05 1.446565e-05 1.054678e-05 7.381559e-06 7.916760e-06 8.517730e-06 5.790016e-06 3.695964e-06 3.253517e-06 2.966003e-06 1.844180e-06 1.026033e-06 7.966341e-07 7.846913e-07 6.478884e-07 4.495399e-07 3.757630e-07 3.465190e-07 2.339861e-07 1.292852e-07 8.923617e-08 1.068211e-07 1.618172e-07 2.155799e-07 2.193434e-07 1.528763e-07 8.940833e-08 4.110370e-08 2.056720e-08 1.513533e-08 1.277775e-08 9.137811e-09 4.630678e-09 2.437082e-09 1.961566e-09 2.766407e-09 3.812077e-09 2.201459e-09 4.460171e-10 4.998774e-11 7.228700e-12 2.201576e-12 1.516461e-12 1.048954e-12 8.945323e-14 2.075721e-16 1.507502e-20 1.332318e-25 4.259352e-31 4.799772e-36 5.803110e-39 5.288430e-40 1.471504e-41 1.401298e-45 1.401298e-45 1.401298e-45 1.401298e-45 1.401298e-45 1.401298e-45 1.401298e-45 1.401298e-45 1.401298e-45 1.401298e-45 1.401298e-45 1.401298e-45 1.401298e-45 1.401298e-45 1.401298e-45 1.401298e-45 1.401298e-45 1.401298e-45 1.401298e-45 1.401298e-45 1.401298e-45 1.401298e-45 1.401298e-45 1.401298e-45 1.401298e-45 1.401298e-45 1.401298e-45 1.401298e-45 1.401298e-45 1.401298e-45 1.401298e-45 1.401298e-45 1.401298e-45 1.401298e-45 1.401298e-45 1.401298e-45 1.401298e-45 0.000000e+00 0.000000e+00 0.000000e+00 0.000000e+00 0.000000e+00 0.000000e+00 0.000000e+00 0.000000e+00 0.000000e+00
1.821688e-44 4.203895e-45 4.203895e-45 4.203895e-45 4.203895e-45 3.692954e-40 6.489707e-30 3.328396e-26 3.662397e-25 3.689423e-24 2.505251e-18 2.637251e-13 1.482309e-11 2.696641e-10 2.341668e-08 2.047688e-06 3.523735e-05 1.635763e-04 3.736004e-04 9.337051e-04 1.864485e-03 4.588530e-03 8.055494e-03 1.680596e-02 2.108693e-02 2.428504e-02 2.861826e-02 3.193609e-02 4.950421e-02 3.070692e-02 2.590362e-02 1.452511e-02 1.206734e-02 1.417063e-02 1.118206e-02 2.485348e-02 1.416795e-02 3.689924e-02 1.168240e-02 2.382718e-02 1.154293e-02 5.685353e-03 1.003049e-02 1.356175e-03 4.461382e-03 1.100935e-03 9.044518e-04 1.070247e-03 2.710241e-04 6.790115e-04 3.498235e-04 3.955353e-04 6.332603e-04 4.491805e-04 8.084028e-04 9.893314e-04 1.041933e-03 1.363209e-03 1.075847e-03 1.219493e-03 1.419712e-03 9.800044e-04 1.264897e-03 1.359840e-03 7.289241e-04 7.476047e-04 8.116622e-04 4.172414e-04 3.589327e-04 3.827093e-04 2.110371e-04 1.420151e-04 1.405138e-04 9.969956e-05 6.254061e-05 5.558810e-05 4.471345e-05 3.189512e-05 3.257906e-05 3.131142e-05 2.503742e-05 2.767924e-05 3.184059e-05 2.295733e-05 1.682520e-05 2.073756e-05 2.465520e-05 1.719095e-05 1.192518e-05 1.330747e-05 1.442797e-05 9.211937e-06 5.665763e-06 5.374930e-06 5.037540e-06 3.165774e-06 1.800831e-06 1.499878e-06 1.346323e-06 8.723015e-07 5.184825e-07 4.306290e-07 4.416401e-07 3.451846e-07 2.017140e-07 1.507669e-07 1.666475e-07 2.131866e-07 2.170148e-07 1.946117e-07 1.789081e-07 1.301735e-07 9.007251e-08 6.123481e-08 5.131529e-08 4.962938e-08 3.312448e-08 1.458759e-08 6.755631e-09 5.596852e-09 6.824611e-09 8.456396e-09 6.109913e-09 2.224747e-09 8.350615e-10 6.092262e-10 7.315118e-10 5.125429e-10 8.707939e-11 1.860040e-12 1.913106e-15 3.224236e-19 1.686314e-22 1.681200e-24 9.350276e-26 3.059449e-27 8.566449e-30 1.439405e-34 1.922581e-42 1.401298e-45 1.401298e-45 1.401298e-45 1.401298e-45 1.401298e-45 1.401298e-45 1.401298e-45 1.401298e-45 1.401298e-45 1.401298e-45 1.401298e-45 1.401298e-45 1.401298e-45 1.401298e-45 1.401298e-45 1.401298e-45 1.401298e-45 1.401298e-45 1.401298e-45 1.401298e-45 1.401298e-45 1.401298e-45 1.401298e-45 1.401298e-45 1.401298e-45 1.401298e-45 1.401298e-45 1.401298e-45 1.401298e-45 1.401298e-45 1.401298e-45 1.401298e-45 1.401298e-45 1.401298e-45 1.401298e-45 1.401298e-45 1.401298e-45 1.401298e-45 1.401298e-45 1.401298e-45 0.000000e+00 0.000000e+00 0.000000e+00 0.000000e+00 0.000000e+00 0.000000e+00
4.203895e-45 2.802597e-45 2.802597e-45 2.802597e-45 4.203895e-45 6.626171e-37 2.334105e-31 8.499480e-29 1.698511e-26 8.088020e-19 3.201129e-13 2.890330e-11 1.299192e-09 2.324413e-07 1.437257e-05 2.213413e-04 6.246198e-04 1.392623e-03 3.095618e-03 7.522262e-03 1.746921e-02 2.336959e-02 3.140015e-02 2.950040e-02 3.471876e-02 3.849247e-02 5.504128e-02 4.936049e-02 3.993792e-02 1.885738e-02 2.035937e-02 1.512097e-02 2.108106e-02 1.628696e-02 2.390733e-02 1.540538e-02 2.183725e-02 1.241387e-02 9.244133e-03 1.180108e-02 2.109240e-03 6.593786e-03 9.271973e-04 1.606957e-03 1.279151e-03 3.954643e-04 1.572453e-03 3.649013e-04 1.139076e-03 1.126441e-03 7.241839e-04 1.963328e-03 1.096957e-03 1.564638e-03 1.923797e-03 1.261954e-03 1.402906e-03 1.155163e-03 1.173843e-03 1.479632e-03 1.192462e-03 1.336832e-03 1.636839e-03 8.989702e-04 8.743049e-04 1.090039e-03 5.484473e-04 5.281855e-04 7.146071e-04 3.732118e-04 2.412226e-04 3.118737e-04 2.081908e-04 9.683088e-05 9.501120e-05 9.742696e-05 6.237629e-05 5.421257e-05 6.023491e-05 5.412687e-05 4.927580e-05 4.757503e-05 3.868720e-05 3.179285e-05 3.365549e-05 3.241301e-05 2.066438e-05 1.407629e-05 1.491962e-05 1.442058e-05 9.548672e-06 6.688595e-06 6.806668e-06 6.536460e-06 4.042699e-06 2.543436e-06 2.199842e-06 1.793675e-06 9.031770e-07 4.480576e-07 3.860416e-07 4.563815e-07 4.315890e-07 2.993482e-07 2.268108e-07 2.309607e-07 2.054688e-07 1.534789e-07 1.259507e-07 1.388446e-07 1.708762e-07 1.528833e-07 1.443741e-07 1.399654e-07 1.152246e-07 6.586581e-08 2.417101e-08 1.031783e-08 7.750689e-09 9.146197e-09 9.447295e-09 7.790192e-09 5.096851e-09 3.315545e-09 3.825594e-09 4.952240e-09 1.627286e-09 7.513656e-11 1.371553e-12 2.330982e-14 4.123512e-16 2.754986e-17 1.626170e-17 9.749841e-18 3.130519e-20 4.009908e-26 1.887539e-34 5.100726e-43 1.401298e-45 1.401298e-45 1.401298e-45 1.401298e-45 1.401298e-45 1.401298e-45 1.401298e-45 1.401298e-45 1.401298e-45 1.401298e-45 1.401298e-45 1.401298e-45 1.401298e-45 1.401298e-45 1.401298e-45 1.401298e-45 1.401298e-45 1.401298e-45 1.401298e-45 1.401298e-45 1.401298e-45 1.401298e-45 1.401298e-45 1.401298e-45 1.401298e-45 1.401298e-45 1.401298e-45 1.401298e-45 1.401298e-45 1.401298e-45 1.401298e-45 1.401298e-45 1.401298e-45 1.401298e-45 1.401298e-45 1.401298e-45 1.401298e-45 1.401298e-45 1.401298e-45 1.401298e-45 1.401298e-45 1.401298e-45 0.000000e+00 0.000000e+00 0.000000e+00 0.000000e+00 0.000000e+00
2.802597e-45 2.802597e-45 2.802597e-45 2.802597e-45 2.802597e-45 2.117222e-40 3.428947e-35 2.618299e-30 1.152888e-19 2.557686e-13 7.481115e-11 1.383661e-08 4.558031e-06 1.358036e-04 1.181938e-03 1.945026e-03 4.632647e-03 9.594502e-03 1.711295e-02 2.357000e-02 1.821092e-02 2.080310e-02 1.691795e-02 3.238880e-02 3.228061e-02 5.762271e-02 2.952541e-02 3.187823e-02 2.025345e-02 2.425621e-02 2.801684e-02 1.963037e-02 2.038806e-02 1.359009e-02 1.284016e-02 9.874378e-03 9.689781e-03 4.552578e-03 8.056655e-03 2.022589e-03 3.366315e-03 1.770742e-03 9.617666e-04 2.495538e-03 5.869039e-04 2.821645e-03 1.439623e-03 2.174993e-03 4.800579e-03 1.740041e-03 5.157387e-03 3.259775e-03 2.429176e-03 3.579695e-03 1.497455e-03 1.371604e-03 1.446227e-03 1.096482e-03 1.450931e-03 1.517676e-03 1.388339e-03 1.765365e-03 1.227378e-03 1.083054e-03 1.352598e-03 8.528875e-04 7.597152e-04 1.121776e-03 6.727345e-04 3.788401e-04 5.232359e-04 3.559366e-04 1.271953e-04 1.377124e-04 1.788372e-04 9.681743e-05 7.320002e-05 1.015241e-04 9.704644e-05 6.295388e-05 5.458426e-05 5.778965e-05 4.579875e-05 3.376475e-05 2.705333e-05 1.889015e-05 1.340579e-05 1.180216e-05 1.001105e-05 6.905833e-06 5.710077e-06 6.273573e-06 5.990545e-06 3.962390e-06 2.666446e-06 2.415086e-06 1.865826e-06 9.969413e-07 5.413966e-07 4.850464e-07 5.764123e-07 5.086891e-07 3.573934e-07 2.730343e-07 2.199015e-07 1.629980e-07 1.078732e-07 1.012674e-07 1.426543e-07 2.082334e-07 2.634185e-07 2.523936e-07 2.464641e-07 1.612568e-07 6.038129e-08 1.986460e-08 8.768404e-09 6.995939e-09 7.432581e-09 7.615908e-09 4.940352e-09 3.016078e-09 2.440659e-09 2.317174e-09 2.046773e-09 7.982021e-10 9.576454e-11 9.367026e-12 2.968079e-12 2.858363e-12 2.236489e-12 5.623971e-13 6.812486e-15 2.657116e-19 1.863437e-26 4.129229e-34 8.990311e-40 1.740413e-42 1.329832e-42 1.877320e-41 2.161223e-41 9.809089e-45 1.401298e-45 1.401298e-45 1.401298e-45 1.401298e-45 1.401298e-45 1.401298e-45 1.401298e-45 1.401298e-45 1.401298e-45 1.401298e-45 1.401298e-45 1.401298e-45 1.401298e-45 1.401298e-45 1.401298e-45 1.401298e-45 1.401298e-45 1.401298e-45 1.401298e-45 1.401298e-45 1.401298e-45 1.401298e-45 1.401298e-45 1.401298e-45 1.401298e-45 1.401298e-45 1.401298e-45 1.401298e-45 1.401298e-45 1.401298e-45 1.401298e-45 1.401298e-45 1.401298e-45 1.401298e-45 1.401298e-45 1.401298e-45 1.401298e-45 0.000000e+00 0.000000e+00 0.000000e+00 0.000000e+00 0.000000e+00 0.000000e+00
2.802597e-45 1.401298e-45 2.802597e-45 2.802597e-45 2.802597e-45 8.309700e-43 2.084670e-33 8.211771e-20 6.730828e-13 9.258150e-10 4.231764e-07 4.522647e-05 2.336935e-04 1.009928e-03 2.425723e-03 6.852000e-03 8.875917e-03 7.823717e-03 8.272269e-03 6.060321e-03 9.517655e-03 9.450733e-03 2.446602e-02 2.122428e-02 3.129254e-02 1.732461e-02 2.027799e-02 2.522545e-02 1.908978e-02 2.591231e-02 8.158956e-03 1.098063e-02 5.364138e-03 6.966799e-03 5.176461e-03 5.483659e-03 4.558174e-03 4.753708e-03 4.631534e-03 2.422647e-03 3.837341e-03 1.455321e-03 3.677030e-03 2.209426e-03 4.137016e-03 5.525647e-03 4.266317e-03 1.027963e-02 4.170497e-03 7.414505e-03 6.991320e-03 2.850887e-03 4.770678e-03 1.876196e-03 1.176556e-03 1.894741e-03 1.037852e-03 1.290772e-03 2.052951e-03 1.500108e-03 1.794790e-03 2.104921e-03 1.605472e-03 1.755850e-03 1.766426e-03 1.345693e-03 1.505624e-03 1.150998e-03 6.279061e-04 6.481847e-04 5.107829e-04 2.222498e-04 2.197278e-04 2.772313e-04 1.470548e-04 9.033315e-05 1.304147e-04 1.282386e-04 6.203717e-05 5.365628e-05 6.986212e-05 4.718462e-05 2.544018e-05 2.080169e-05 1.784345e-05 1.167617e-05 8.379980e-06 7.424802e-06 6.161230e-06 5.105726e-06 5.508814e-06 5.352757e-06 3.888530e-06 2.947393e-06 2.830730e-06 2.583693e-06 1.619087e-06 1.009747e-06 8.651607e-07 8.306216e-07 6.288655e-07 3.864218e-07 2.770315e-07 2.245318e-07 1.673450e-07 1.352047e-07 1.328956e-07 1.812165e-07 2.613724e-07 3.214621e-07 3.669720e-07 2.985007e-07 1.679150e-07 5.984266e-08 2.097678e-08 1.151944e-08 9.249847e-09 8.162574e-09 4.965627e-09 2.564830e-09 1.533399e-09 1.650949e-09 2.469924e-09 2.767780e-09 1.682103e-09 5.941510e-10 2.814808e-10 3.452682e-10 6.242035e-10 2.287417e-10 3.008797e-12 1.794398e-15 9.750921e-20 1.680271e-24 9.885129e-29 1.079819e-30 7.936580e-30 3.942325e-28 7.696782e-29 8.420619e-34 1.168683e-42 1.401298e-45 1.401298e-45 1.401298e-45 1.401298e-45 1.401298e-45 1.401298e-45 1.401298e-45 1.401298e-45 1.401298e-45 1.401298e-45 1.401298e-45 1.401298e-45 1.401298e-45 1.401298e-45 1.401298e-45 1.401298e-45 1.401298e-45 1.401298e-45 1.401298e-45 1.401298e-45 1.401298e-45 1.401298e-45 1.401298e-45 1.401298e-45 1.401298e-45 1.401298e-45 1.401298e-45 1.401298e-45 1.401298e-45 1.401298e-45 1.401298e-45 1.401298e-45 1.401298e-45 1.401298e-45 1.401298e-45 1.401298e-45 1.401298e-45 1.401298e-45 1.401298e-45 1.401298e-45 1.401298e-45 0.000000e+00 0.000000e+00 0.000000e+00
1.401298e-45 1.401298e-45 1.401298e-45 2.802597e-45 4.203895e-45 4.731674e-33 1.066807e-18 1.112076e-11 1.271540e-08 8.730859e-07 4.611998e-06 8.399721e-06 7.891635e-05 4.640433e-04 7.256526e-04 1.000652e-03 1.349241e-03 2.730688e-03 2.802721e-03 5.897833e-03 6.691513e-03 1.153392e-02 7.845123e-03 7.728314e-03 5.949952e-03 4.772088e-03 7.582966e-03 3.558385e-03 5.077985e-03 1.649651e-03 3.152531e-03 2.657637e-03 3.635852e-03 4.394687e-03 3.688199e-03 8.047294e-03 4.747522e-03 1.016923e-02 3.616168e-03 5.531636e-03 4.699048e-03 5.470461e-03 9.068932e-03 6.926169e-03 1.184103e-02 8.945402e-03 1.078525e-02 8.006352e-03 6.829437e-03 8.908752e-03 3.350171e-03 4.626802e-03 2.828588e-03 1.233814e-03 2.510129e-03 1.409961e-03 1.233132e-03 2.691528e-03 1.872154e-03 1.870913e-03 3.609899e-03 2.711738e-03 2.676704e-03 4.050546e-03 2.682402e-03 2.031762e-03 1.855690e-03 1.011766e-03 7.995969e-04 8.161825e-04 5.562420e-04 4.779071e-04 4.852196e-04 2.902517e-04 1.868954e-04 2.223318e-04 1.571503e-04 6.483552e-05 6.206208e-05 7.480053e-05 4.061923e-05 2.220372e-05 2.412243e-05 2.201665e-05 1.176273e-05 8.519948e-06 1.024027e-05 9.739399e-06 7.382295e-06 7.174990e-06 7.977603e-06 6.388111e-06 4.706314e-06 4.548936e-06 4.286748e-06 3.009757e-06 2.037779e-06 1.867225e-06 1.612017e-06 9.679629e-07 5.253398e-07 3.673188e-07 3.542031e-07 3.326893e-07 2.565376e-07 2.306709e-07 2.542905e-07 3.262807e-07 3.794262e-07 3.607461e-07 3.037687e-07 1.870268e-07 1.012384e-07 5.441349e-08 3.425505e-08 2.456766e-08 1.462874e-08 7.182562e-09 3.591475e-09 3.276274e-09 4.825779e-09 7.589274e-09 8.477661e-09 5.274326e-09 2.650821e-09 1.846095e-09 2.305181e-09 1.878730e-09 2.147916e-10 2.339288e-12 7.410798e-15 3.054514e-17 3.167974e-19 1.829038e-20 1.613267e-20 1.514933e-19 1.375308e-19 5.014206e-24 8.436842e-34 2.802597e-45 1.401298e-45 1.401298e-45 1.401298e-45 1.401298e-45 1.401298e-45 1.401298e-45 1.401298e-45 1.401298e-45 1.401298e-45 1.401298e-45 1.401298e-45 1.401298e-45 1.401298e-45 1.401298e-45 1.401298e-45 1.401298e-45 1.401298e-45 1.401298e-45 1.401298e-45 1.401298e-45 1.401298e-45 1.401298e-45 1.401298e-45 1.401298e-45 1.401298e-45 1.401298e-45 1.401298e-45 1.401298e-45 1.401298e-45 1.401298e-45 1.401298e-45 1.401298e-45 1.401298e-45 1.401298e-45 1.401298e-45 1.401298e-45 1.401298e-45 1.401298e-45 1.401298e-45 1.401298e-45 1.401298e-45 1.401298e-45 0.000000e+00 0.000000e+00 0.000000e+00
1.401298e-45 1.401298e-45 1.401298e-45 4.203895e-45 3.271071e-35 2.579039e-23 8.992983e-17 3.708731e-15 1.444560e-14 3.080390e-13 1.133918e-10 4.347554e-08 5.621354e-07 1.474574e-06 3.416386e-05 3.556472e-04 1.213538e-03 1.346754e-03 2.233310e-03 2.036712e-03 1.254793e-03 5.603227e-04 2.362307e-04 1.289781e-04 5.860116e-05 9.488547e-05 7.099754e-05 1.714443e-04 2.205520e-04 6.214076e-04 1.266841e-03 1.592753e-03 3.776362e-03 2.728089e-03 1.001172e-02 5.729553e-03 9.387424e-03 6.542902e-03 6.911233e-03 1.499301e-02 1.066230e-02 1.944028e-02 1.291722e-02 1.205856e-02 1.360715e-02 7.352947e-03 8.257553e-03 5.532600e-03 6.403580e-03 4.454602e-03 4.030245e-03 4.261055e-03 2.144217e-03 3.442227e-03 2.800205e-03 1.783387e-03 3.701930e-03 2.895996e-03 2.650266e-03 5.998213e-03 4.911799e-03 4.875822e-03 7.862738e-03 4.881315e-03 3.026508e-03 2.969315e-03 1.753279e-03 1.374940e-03 1.658981e-03 1.292966e-03 1.069622e-03 1.223281e-03 8.291039e-04 5.296422e-04 5.217188e-04 2.678754e-04 1.080745e-04 1.069554e-04 1.045710e-04 4.600287e-05 2.932238e-05 4.279391e-05 3.852371e-05 1.986106e-05 1.952152e-05 2.955968e-05 2.432659e-05 1.499945e-05 1.479578e-05 1.742921e-05 1.438407e-05 1.035163e-05 9.828752e-06 9.379345e-06 6.525413e-06 4.656005e-06 4.153685e-06 3.424647e-06 1.767077e-06 8.301739e-07 6.686753e-07 7.667782e-07 7.104316e-07 4.876946e-07 3.590573e-07 3.847059e-07 4.114470e-07 3.719503e-07 3.142022e-07 2.922957e-07 2.964010e-07 2.537736e-07 2.034751e-07 1.394923e-07 7.735390e-08 3.603494e-08 1.641020e-08 1.040680e-08 9.176270e-09 1.173492e-08 1.444616e-08 1.184863e-08 7.588466e-09 5.746337e-09 7.868389e-09 1.065715e-08 6.720441e-09 1.121312e-09 5.966214e-11 2.336476e-12 2.180048e-13 9.104885e-14 7.029076e-14 2.497408e-14 1.374393e-15 1.188150e-18 5.168422e-25 3.536672e-34 5.240856e-43 1.401298e-45 1.401298e-45 1.401298e-45 1.401298e-45 1.401298e-45 1.401298e-45 1.401298e-45 1.401298e-45 1.401298e-45 1.401298e-45 1.401298e-45 1.401298e-45 1.401298e-45 1.401298e-45 1.401298e-45 1.401298e-45 1.401298e-45 1.401298e-45 1.401298e-45 1.401298e-45 1.401298e-45 1.401298e-45 1.401298e-45 1.401298e-45 1.401298e-45 1.401298e-45 1.401298e-45 1.401298e-45 1.401298e-45 1.401298e-45 1.401298e-45 1.401298e-45 1.401298e-45 1.401298e-45 1.401298e-45 1.401298e-45 1.401298e-45 1.401298e-45 1.401298e-45 1.401298e-45 1.401298e-45 1.401298e-45 0.000000e+00 0.000000e+00 0.000000e+00 0.000000e+00
0.000000e+00 1.401298e-45 1.401298e-45 1.401298e-45 1.401298e-45 2.802597e-45 2.802597e-45 2.802597e-45 1.783218e-37 1.554486e-26 8.698129e-19 1.148664e-14 3.113068e-11 6.935228e-08 3.678319e-06 1.056105e-05 1.149979e-05 1.223290e-05 5.926952e-06 1.512580e-06 3.745536e-07 8.430884e-08 3.114855e-08 2.385871e-08 6.009766e-08 2.041669e-07 1.182286e-06 7.366370e-06 3.288505e-05 1.532121e-04 3.217941e-04 1.474878e-03 1.955001e-03 4.781894e-03 5.229436e-03 4.631112e-03 9.453134e-03 8.930341e-03 2.204234e-02 1.941844e-02 1.614811e-02 1.777895e-02 7.260597e-03 9.829052e-03 4.677889e-03 3.765837e-03 4.378102e-03 2.798094e-03 3.797375e-03 3.033749e-03 3.238460e-03 3.270918e-03 3.388339e-03 4.093579e-03 3.045363e-03 4.785683e-03 4.900866e-03 4.233298e-03 8.359563e-03 7.630778e-03 6.566238e-03 1.029506e-02 6.528992e-03 3.932615e-03 5.131729e-03 3.686567e-03 2.465890e-03 3.013135e-03 2.545560e-03 2.004252e-03 2.564149e-03 1.923673e-03 1.162795e-03 1.158427e-03 7.161777e-04 3.135530e-04 2.803692e-04 2.428947e-04 1.021662e-04 7.057976e-05 1.008224e-04 8.506085e-05 5.084363e-05 6.315824e-05 9.333961e-05 6.819911e-05 4.244557e-05 4.416778e-05 4.693001e-05 3.228522e-05 2.365156e-05 2.373210e-05 2.210909e-05 1.489168e-05 9.681519e-06 8.089877e-06 5.785835e-06 2.702673e-06 1.382910e-06 1.336359e-06 1.675417e-06 1.380373e-06 8.555212e-07 6.565346e-07 6.322706e-07 5.831589e-07 4.255477e-07 3.597276e-07 4.372862e-07 6.239651e-07 7.443697e-07 6.070423e-07 4.054326e-07 1.983283e-07 7.791011e-08 3.298218e-08 1.818460e-08 1.575015e-08 1.745669e-08 2.082222e-08 2.080039e-08 1.980230e-08 2.705579e-08 5.006460e-08 8.487866e-08 5.081699e-08 1.074770e-08 1.518234e-09 3.372477e-10 1.581300e-10 1.331074e-10 8.637634e-11 6.414945e-12 7.754374e-15 1.879498e-19 1.126746e-24 1.343074e-29 1.649785e-33 2.543505e-35 2.107602e-35 1.688759e-36 1.026171e-41 1.401298e-45 1.401298e-45 1.401298e-45 1.401298e-45 1.401298e-45 1.401298e-45 1.401298e-45 1.401298e-45 1.401298e-45 1.401298e-45 1.401298e-45 1.401298e-45 1.401298e-45 1.401298e-45 1.401298e-45 1.401298e-45 1.401298e-45 1.401298e-45 1.401298e-45 1.401298e-45 1.401298e-45 1.401298e-45 1.401298e-45 1.401298e-45 1.401298e-45 1.401298e-45 1.401298e-45 1.401298e-45 1.401298e-45 1.401298e-45 1.401298e-45 1.401298e-45 1.401298e-45 1.401298e-45 1.401298e-45 1.401298e-45 1.401298e-45 1.401298e-45 1.401298e-45 1.401298e-45 0.000000e+00 0.000000e+00 0.000000e+00
0.000000e+00 0.000000e+00 0.000000e+00 0.000000e+00 1.401298e-45 1.401298e-45 1.401298e-45 1.401298e-45 2.802597e-45 6.960109e-41 4.062318e-29 1.402732e-21 3.710908e-17 5.827681e-15 4.078359e-14 1.182444e-13 3.183950e-13 3.058655e-13 1.836959e-13 1.039856e-13 9.414978e-14 1.007171e-13 4.451364e-13 3.178089e-12 5.624330e-11 9.520229e-10 1.755321e-08 2.330859e-07 3.090494e-06 2.708736e-05 1.770391e-04 6.432329e-04 8.913260e-04 2.304926e-03 2.637317e-03 7.019403e-03 1.055042e-02 1.284492e-02 2.094267e-02 7.568641e-03 1.222659e-02 4.117188e-03 3.663135e-03 3.191436e-03 1.158693e-03 2.883903e-03 1.225109e-03 1.869926e-03 2.220515e-03 1.283025e-03 2.748735e-03 2.286315e-03 3.226530e-03 4.411944e-03 4.663105e-03 6.242980e-03 5.501594e-03 7.689012e-03 7.461676e-03 4.894154e-03 7.087344e-03 6.061889e-03 4.413330e-03 7.126188e-03 6.668452e-03 3.944055e-03 4.546418e-03 4.586034e-03 2.859414e-03 2.794337e-03 2.875149e-03 1.955687e-03 1.723742e-03 1.668907e-03 1.070389e-03 8.007899e-04 6.946879e-04 4.193608e-04 2.889911e-04 2.937616e-04 2.384215e-04 1.853469e-04 2.224086e-04 2.548005e-04 1.765614e-04 1.237882e-04 1.237057e-04 1.119243e-04 7.310776e-05 5.538401e-05 5.549808e-05 4.308086e-05 2.337103e-05 1.464731e-05 1.245170e-05 9.511423e-06 5.423209e-06 3.572137e-06 3.409554e-06 3.253415e-06 2.182562e-06 1.293913e-06 1.096036e-06 1.148304e-06 9.419033e-07 7.129150e-07 7.293866e-07 1.106369e-06 1.607831e-06 1.600626e-06 1.149769e-06 6.527769e-07 3.263177e-07 1.275409e-07 5.222994e-08 3.421469e-08 3.558936e-08 4.942522e-08 5.905001e-08 5.937742e-08 6.347084e-08 8.602994e-08 1.377046e-07 1.623132e-07 1.086705e-07 3.417752e-08 1.083279e-08 7.302295e-09 9.541449e-09 7.160171e-09 1.098920e-09 2.027498e-11 3.549533e-14 1.583498e-17 2.431407e-20 7.950772e-22 1.870234e-22 1.406552e-23 2.576528e-26 7.994230e-32 7.501991e-41 1.401298e-45 1.401298e-45 1.401298e-45 1.401298e-45 1.401298e-45 1.401298e-45 1.401298e-45 1.401298e-45 1.401298e-45 1.401298e-45 1.401298e-45 1.401298e-45 1.401298e-45 1.401298e-45 1.401298e-45 1.401298e-45 1.401298e-45 1.401298e-45 1.401298e-45 1.401298e-45 1.401298e-45 1.401298e-45 1.401298e-45 1.401298e-45 1.401298e-45 1.401298e-45 1.401298e-45 1.401298e-45 1.401298e-45 1.401298e-45 1.401298e-45 1.401298e-45 1.401298e-45 1.401298e-45 1.401298e-45 1.401298e-45 1.401298e-45 1.401298e-45 1.401298e-45 1.401298e-45 1.401298e-45 1.401298e-45 0.000000e+00 0.000000e+00
0.000000e+00 0.000000e+00 0.000000e+00 0.000000e+00 0.000000e+00 0.000000e+00 0.000000e+00 1.401298e-45 1.401298e-45 2.802597e-45 7.006492e-45 5.613476e-40 2.055037e-35 1.029225e-32 2.845226e-30 8.882345e-28 3.303502e-26 5.924434e-25 1.494902e-23 4.573964e-22 5.580891e-21 2.612587e-19 1.887077e-17 2.296227e-15 1.913776e-13 1.090079e-11 6.248007e-10 2.400057e-08 7.961744e-07 5.667571e-06 4.131571e-05 8.349445e-05 3.613507e-04 8.682191e-04 1.707851e-03 4.543708e-03 2.741076e-03 6.437488e-03 2.126009e-03 3.294634e-03 2.348970e-03 1.154676e-03 2.416669e-03 5.527696e-04 1.576776e-03 9.826977e-04 7.614813e-04 1.802564e-03 6.498598e-04 1.887388e-03 2.119597e-03 2.132751e-03 5.126370e-03 4.125968e-03 5.654098e-03 6.217495e-03 4.810613e-03 4.972848e-03 3.157515e-03 3.401289e-03 4.820879e-03 4.082555e-03 5.736692e-03 7.729542e-03 5.014989e-03 4.953898e-03 5.668819e-03 3.382436e-03 2.675756e-03 3.394329e-03 2.710547e-03 1.967608e-03 2.288942e-03 2.271419e-03 1.641992e-03 1.432537e-03 1.425815e-03 1.148646e-03 8.795710e-04 7.758092e-04 7.479393e-04 6.852788e-04 5.341056e-04 3.648238e-04 2.769336e-04 2.625047e-04 2.193613e-04 1.426578e-04 1.021363e-04 8.991080e-05 6.634810e-05 3.641726e-05 2.381962e-05 2.136983e-05 1.788443e-05 1.246888e-05 9.091503e-06 7.770595e-06 5.604065e-06 3.054598e-06 1.951281e-06 1.875017e-06 2.041789e-06 1.882482e-06 1.633982e-06 1.892075e-06 2.598111e-06 2.901586e-06 2.114020e-06 1.275480e-06 8.192241e-07 4.734096e-07 2.540044e-07 1.379326e-07 1.058668e-07 1.207690e-07 1.282880e-07 1.126297e-07 7.892831e-08 6.359136e-08 7.244026e-08 9.528929e-08 1.082331e-07 8.660928e-08 6.230214e-08 4.148723e-08 3.807417e-08 4.268487e-08 1.836007e-08 1.271990e-09 3.673432e-11 1.518077e-12 1.176829e-13 2.669777e-14 1.877776e-14 4.752285e-15 5.825137e-18 3.177472e-24 7.332145e-33 1.489160e-41 1.401298e-45 1.401298e-45 1.401298e-45 1.401298e-45 1.401298e-45 1.401298e-45 1.401298e-45 1.401298e-45 1.401298e-45 1.401298e-45 1.401298e-45 1.401298e-45 1.401298e-45 1.401298e-45 1.401298e-45 1.401298e-45 1.401298e-45 1.401298e-45 1.401298e-45 1.401298e-45 1.401298e-45 1.401298e-45 1.401298e-45 1.401298e-45 1.401298e-45 1.401298e-45 1.401298e-45 1.401298e-45 1.401298e-45 1.401298e-45 1.401298e-45 1.401298e-45 1.401298e-45 1.401298e-45 1.401298e-45 1.401298e-45 1.401298e-45 1.401298e-45 1.401298e-45 1.401298e-45 1.401298e-45 1.401298e-45 1.401298e-45 0.000000e+00 0.000000e+00
1.401298e-45 0.000000e+00 0.000000e+00 0.000000e+00 0.000000e+00 0.000000e+00 0.000000e+00 1.401298e-45 1.401298e-45 1.401298e-45 2.802597e-45 4.203895e-45 4.203895e-45 5.605194e-45 8.407791e-45 6.438966e-42 2.087941e-38 5.868707e-35 6.208372e-32 2.197378e-29 2.045943e-26 3.153335e-23 3.151393e-20 1.518129e-17 2.825284e-15 5.966015e-13 5.985182e-11 4.019248e-09 5.679281e-08 7.264933e-07 4.332092e-06 2.065857e-05 8.960283e-05 1.303198e-04 4.651675e-04 2.634324e-04 6.587121e-04 4.036300e-04 5.770825e-04 1.146253e-03 4.481731e-04 1.764468e-03 4.207687e-04 7.689123e-04 8.376486e-04 3.403873e-04 1.309146e-03 6.603350e-04 1.435318e-03 2.744804e-03 1.685088e-03 4.218655e-03 3.881595e-03 3.537366e-03 5.482427e-03 3.066642e-03 2.800076e-03 2.848482e-03 2.391219e-03 3.593697e-03 3.736136e-03 3.996508e-03 5.447440e-03 4.297534e-03 3.886534e-03 4.818444e-03 3.675513e-03 3.102585e-03 4.256411e-03 3.682629e-03 2.555315e-03 2.964484e-03 2.977058e-03 1.962109e-03 1.858862e-03 2.406507e-03 2.173600e-03 1.698331e-03 1.845628e-03 1.824343e-03 1.237720e-03 8.557772e-04 6.673501e-04 5.094710e-04 3.997760e-04 3.130206e-04 2.057884e-04 1.371816e-04 1.167197e-04 1.008245e-04 6.903678e-05 4.562144e-05 3.999092e-05 3.739369e-05 2.684327e-05 1.842535e-05 1.414046e-05 9.838872e-06 5.550420e-06 3.576097e-06 3.207423e-06 3.280187e-06 3.010965e-06 2.593812e-06 2.609925e-06 3.083492e-06 2.764317e-06 1.860034e-06 1.267226e-06 1.070159e-06 9.637146e-07 6.832813e-07 4.958627e-07 3.901868e-07 3.111659e-07 2.146256e-07 1.077157e-07 5.857012e-08 4.092917e-08 4.083606e-08 5.110315e-08 6.142367e-08 5.701293e-08 4.183185e-08 3.543874e-08 2.944990e-08 2.143458e-08 1.064987e-08 2.780009e-09 6.202461e-10 3.653274e-10 7.490723e-10 1.008260e-09 1.635283e-10 7.032384e-13 1.842100e-17 2.990953e-24 2.157532e-31 1.187354e-36 5.985782e-39 1.584030e-38 4.145045e-37 9.560811e-37 3.599235e-40 2.802597e-45 1.401298e-45 1.401298e-45 1.401298e-45 1.401298e-45 1.401298e-45 1.401298e-45 1.401298e-45 1.401298e-45 1.401298e-45 1.401298e-45 1.401298e-45 1.401298e-45 1.401298e-45 1.401298e-45 1.401298e-45 1.401298e-45 1.401298e-45 1.401298e-45 1.401298e-45 1.401298e-45 1.401298e-45 1.401298e-45 1.401298e-45 2.802597e-45 1.401298e-45 1.401298e-45 1.401298e-45 1.401298e-45 1.401298e-45 1.401298e-45 1.401298e-45 1.401298e-45 1.401298e-45 1.401298e-45 1.401298e-45 1.401298e-45 1.401298e-45 1.401298e-45 0.000000e+00 0.000000e+00
1.401298e-45 1.401298e-45 1.401298e-45 1.401298e-45 1.401298e-45 1.401298e-45 1.401298e-45 1.401298e-45 1.401298e-45 1.401298e-45 2.802597e-45 2.802597e-45 2.802597e-45 4.203895e-45 4.203895e-45 7.006492e-45 1.963219e-42 1.355632e-39 1.740481e-36 1.479898e-32 9.923311e-29 3.064659e-25 4.683321e-22 3.675435e-19 1.980700e-16 5.471994e-14 5.644878e-12 2.895823e-10 7.866666e-09 1.587300e-07 1.076835e-06 6.010895e-06 1.130833e-05 4.063252e-05 3.986287e-05 1.115352e-04 1.282196e-04 2.216656e-04 6.992347e-04 2.968610e-04 9.863263e-04 3.110213e-04 2.676219e-04 4.108544e-04 1.526217e-04 6.208144e-04 6.284845e-04 9.616510e-04 2.943558e-03 1.656220e-03 3.211338e-03 4.227219e-03 2.405924e-03 4.181311e-03 2.350122e-03 1.807806e-03 3.044514e-03 2.251320e-03 2.677654e-03 3.804011e-03 3.269138e-03 3.892535e-03 3.881435e-03 3.656551e-03 4.932406e-03 4.604855e-03 4.545715e-03 6.726380e-03 5.584188e-03 3.870183e-03 4.589365e-03 3.717156e-03 2.020666e-03 2.243572e-03 3.070617e-03 2.172911e-03 1.721513e-03 2.346579e-03 2.135183e-03 1.232449e-03 1.036952e-03 1.046291e-03 6.753934e-04 4.125855e-04 3.615841e-04 3.098954e-04 2.152422e-04 1.821075e-04 1.797668e-04 1.368356e-04 9.561891e-05 8.806930e-05 8.861049e-05 6.630211e-05 4.209593e-05 3.084222e-05 2.147518e-05 1.096278e-05 5.186467e-06 4.003681e-06 4.436094e-06 3.985636e-06 2.958633e-06 2.486604e-06 2.309722e-06 2.043787e-06 1.561474e-06 1.427962e-06 1.627259e-06 1.844248e-06 1.791362e-06 1.398753e-06 1.055228e-06 6.202790e-07 2.591729e-07 1.031151e-07 4.927043e-08 3.660707e-08 3.609572e-08 3.927944e-08 3.640066e-08 2.673516e-08 2.028014e-08 2.014791e-08 2.657764e-08 3.077429e-08 2.664716e-08 1.921547e-08 1.842978e-08 3.265443e-08 5.373204e-08 1.727335e-08 2.230111e-10 1.435197e-13 1.433053e-17 7.383309e-22 1.096142e-25 1.525924e-27 1.228909e-26 7.165332e-25 2.311766e-25 2.473695e-30 9.616775e-40 1.401298e-45 1.401298e-45 1.401298e-45 1.401298e-45 1.401298e-45 1.401298e-45 1.401298e-45 1.401298e-45 1.401298e-45 1.401298e-45 1.401298e-45 1.401298e-45 1.401298e-45 1.401298e-45 1.401298e-45 1.401298e-45 1.401298e-45 1.401298e-45 1.401298e-45 1.401298e-45 1.401298e-45 1.401298e-45 1.401298e-45 1.401298e-45 1.401298e-45 1.401298e-45 1.401298e-45 1.401298e-45 1.401298e-45 1.401298e-45 1.401298e-45 1.401298e-45 1.401298e-45 1.401298e-45 1.401298e-45 1.401298e-45 1.401298e-45 1.401298e-45 1.401298e-45 1.401298e-45 1.401298e-45 1.401298e-45
1.401298e-45 1.401298e-45 1.401298e-45 1.401298e-45 1.401298e-45 1.401298e-45 1.401298e-45 1.401298e-45 1.401298e-45 2.802597e-45 2.802597e-45 2.802597e-45 4.203895e-45 1.401298e-44 5.843415e-43 1.221792e-41 6.103454e-40 1.986177e-37 5.067702e-34 2.418618e-31 1.213740e-28 8.415683e-26 7.484371e-23 4.155916e-20 3.126205e-17 7.099561e-15 1.563589e-12 1.369455e-10 7.312986e-09 1.044318e-07 8.480098e-07 3.521236e-06 1.901741e-05 3.125854e-05 1.090514e-04 1.590613e-04 2.307879e-04 5.943968e-04 2.309361e-04 3.651112e-04 1.522742e-04 9.344416e-05 1.664096e-04 1.039216e-04 3.481612e-04 6.101391e-04 9.596656e-04 2.802710e-03 2.112396e-03 3.573607e-03 4.706646e-03 2.321456e-03 3.453945e-03 2.243283e-03 1.352362e-03 2.454340e-03 1.785733e-03 1.849227e-03 3.235544e-03 2.610703e-03 3.306078e-03 4.473065e-03 4.360933e-03 6.098369e-03 6.783914e-03 7.020269e-03 9.464481e-03 7.828804e-03 5.183101e-03 5.905673e-03 5.125792e-03 2.905198e-03 3.463021e-03 4.439457e-03 2.215096e-03 1.562572e-03 2.446594e-03 1.957038e-03 9.625513e-04 1.043098e-03 1.301907e-03 7.550019e-04 4.793845e-04 6.004961e-04 6.336290e-04 4.282678e-04 3.569335e-04 3.875286e-04 3.402379e-04 2.676575e-04 2.625330e-04 2.350004e-04 1.519895e-04 9.587680e-05 7.923055e-05 6.356135e-05 3.214910e-05 1.440649e-05 9.989763e-06 9.401461e-06 6.982837e-06 4.252161e-06 3.167779e-06 2.760208e-06 2.202410e-06 1.831046e-06 1.911173e-06 2.805281e-06 4.017988e-06 4.169579e-06 3.344632e-06 1.953710e-06 9.197732e-07 3.695017e-07 1.524567e-07 8.480219e-08 5.848802e-08 4.897485e-08 4.039478e-08 3.158323e-08 2.435637e-08 2.294663e-08 3.193538e-08 5.343371e-08 7.871719e-08 7.898824e-08 6.925816e-08 6.829511e-08 7.457862e-08 5.704571e-08 9.489511e-09 1.656175e-10 7.451243e-13 4.885631e-15 9.528283e-17 7.244979e-18 3.714979e-18 1.069227e-17 7.830169e-18 1.341972e-21 1.379313e-30 4.423899e-42 1.401298e-45 1.401298e-45 1.401298e-45 1.401298e-45 1.401298e-45 1.401298e-45 1.401298e-45 1.401298e-45 1.401298e-45 1.401298e-45 1.401298e-45 1.401298e-45 1.401298e-45 1.401298e-45 1.401298e-45 1.401298e-45 1.401298e-45 1.401298e-45 1.401298e-45 1.401298e-45 1.401298e-45 1.401298e-45 1.401298e-45 1.401298e-45 1.401298e-45 1.401298e-45 1.401298e-45 1.401298e-45 1.401298e-45 1.401298e-45 1.401298e-45 1.401298e-45 1.401298e-45 1.401298e-45 1.401298e-45 1.401298e-45 1.401298e-45 1.401298e-45 1.401298e-45 1.401298e-45 1.401298e-45 1.401298e-45 0.000000e+00
1.401298e-45 1.401298e-45 1.401298e-45 2.802597e-45 4.203895e-45 2.802597e-45 2.802597e-45 2.802597e-45 2.802597e-45 2.802597e-45 4.203895e-45 5.605194e-45 1.876339e-42 8.410352e-39 1.078698e-36 8.244938e-35 6.043966e-33 1.531502e-31 1.188973e-30 3.964765e-29 3.119511e-27 7.808955e-25 3.465562e-22 7.084082e-19 3.385348e-16 1.472202e-13 1.904173e-11 1.230169e-09 2.654786e-08 4.534033e-07 3.870626e-06 3.360395e-05 6.762057e-05 1.732263e-04 2.738115e-04 2.552023e-04 4.938593e-04 1.983084e-04 2.218258e-04 1.373705e-04 1.362135e-04 2.504701e-04 2.701728e-04 7.100120e-04 8.629287e-04 1.513085e-03 2.370538e-03 1.893380e-03 3.073454e-03 3.041140e-03 1.850528e-03 2.451909e-03 1.622666e-03 1.016520e-03 1.579056e-03 1.108233e-03 1.061873e-03 1.845543e-03 1.555118e-03 2.003856e-03 3.676970e-03 3.721640e-03 5.184054e-03 8.101542e-03 7.490119e-03 8.125853e-03 8.136432e-03 5.732273e-03 6.330606e-03 7.477242e-03 5.918321e-03 6.500444e-03 7.389690e-03 4.286548e-03 3.047557e-03 3.469814e-03 2.252217e-03 1.173553e-03 1.325300e-03 1.589764e-03 1.090739e-03 9.535974e-04 1.266139e-03 1.188063e-03 8.271116e-04 7.930485e-04 9.026227e-04 7.948134e-04 6.441494e-04 5.985389e-04 5.188702e-04 3.483870e-04 2.559548e-04 2.479141e-04 2.164251e-04 1.263347e-04 6.757543e-05 4.799500e-05 3.531290e-05 2.009592e-05 1.054406e-05 7.238214e-06 6.321211e-06 5.131260e-06 4.023350e-06 4.437838e-06 6.285956e-06 8.358210e-06 7.792622e-06 5.053689e-06 2.946851e-06 1.533899e-06 7.578044e-07 3.834375e-07 2.177708e-07 1.469749e-07 9.818390e-08 6.819124e-08 4.940104e-08 4.515664e-08 5.035908e-08 6.492061e-08 8.865658e-08 1.029967e-07 9.560760e-08 8.102527e-08 9.119860e-08 1.149965e-07 9.538839e-08 3.115605e-08 3.545646e-09 2.125139e-10 1.863668e-11 5.966875e-12 3.627825e-12 6.702843e-13 1.598995e-14 2.220457e-17 1.867838e-22 4.349866e-30 2.657362e-38 2.662467e-44 1.401298e-45 1.401298e-45 1.401298e-45 1.401298e-45 1.401298e-45 1.401298e-45 1.401298e-45 1.401298e-45 1.401298e-45 1.401298e-45 1.401298e-45 1.401298e-45 1.401298e-45 1.401298e-45 1.401298e-45 1.401298e-45 1.401298e-45 1.401298e-45 1.401298e-45 1.401298e-45 1.401298e-45 1.401298e-45 1.401298e-45 1.401298e-45 1.401298e-45 1.401298e-45 1.401298e-45 1.401298e-45 1.401298e-45 1.401298e-45 1.401298e-45 1.401298e-45 1.401298e-45 1.401298e-45 1.401298e-45 1.401298e-45 1.401298e-45 1.401298e-45 1.401298e-45 1.401298e-45 1.401298e-45 1.401298e-45 1.401298e-45
1.401298e-45 1.401298e-45 2.802597e-45 2.802597e-45 3.113812e-38 3.871959e-29 3.915245e-27 3.713441e-43 2.802597e-45 2.802597e-45 2.802597e-45 2.802597e-45 4.203895e-45 7.006492e-45 1.000527e-41 5.579662e-35 3.722002e-30 6.452294e-27 2.274755e-24 1.614365e-22 8.938821e-21 5.756216e-19 8.625931e-17 5.218719e-15 5.412064e-13 2.597295e-11 9.992737e-10 2.050017e-08 5.398289e-07 4.708189e-06 3.739702e-05 8.036744e-05 1.459168e-04 2.799748e-04 2.443984e-04 4.642068e-04 2.273229e-04 3.881785e-04 3.895820e-04 7.061432e-04 1.294749e-03 1.190721e-03 2.483869e-03 1.438464e-03 1.859501e-03 1.700961e-03 9.863458e-04 1.633903e-03 1.166694e-03 9.090727e-04 1.159097e-03 6.782102e-04 6.362587e-04 8.036325e-04 5.576989e-04 6.181611e-04 8.824902e-04 7.691662e-04 1.014737e-03 1.852399e-03 2.141614e-03 3.085776e-03 4.946979e-03 5.112013e-03 5.245201e-03 5.532624e-03 5.245552e-03 5.852342e-03 6.821025e-03 7.243723e-03 9.012958e-03 1.043870e-02 8.963480e-03 7.870803e-03 6.476376e-03 3.977639e-03 2.890008e-03 2.856908e-03 2.479306e-03 1.951044e-03 1.967920e-03 2.131262e-03 1.747198e-03 1.407633e-03 1.448308e-03 1.531279e-03 1.327442e-03 1.096661e-03 1.049717e-03 1.012565e-03 8.265988e-04 6.383336e-04 5.860807e-04 5.426785e-04 4.068623e-04 2.762551e-04 1.976840e-04 1.334650e-04 6.847335e-05 3.348773e-05 2.243982e-05 1.884545e-05 1.413299e-05 9.502172e-06 7.949036e-06 9.822578e-06 1.181417e-05 1.028378e-05 7.367713e-06 5.404728e-06 4.048317e-06 2.495158e-06 1.347512e-06 7.441303e-07 4.526354e-07 2.856279e-07 1.689930e-07 1.185138e-07 1.008883e-07 1.112805e-07 1.410666e-07 1.784750e-07 1.954747e-07 1.973130e-07 2.245769e-07 3.110803e-07 4.910819e-07 4.961518e-07 2.274515e-07 5.645570e-08 1.347528e-08 4.216306e-09 1.903782e-09 7.573298e-10 6.390181e-11 2.652576e-13 6.356596e-17 3.370911e-21 1.343708e-25 1.448304e-29 3.254408e-32 2.772021e-33 9.899995e-35 1.805485e-39 1.401298e-45 1.401298e-45 1.401298e-45 1.401298e-45 1.401298e-45 1.401298e-45 1.401298e-45 1.401298e-45 1.401298e-45 1.401298e-45 1.401298e-45 1.401298e-45 1.401298e-45 1.401298e-45 1.401298e-45 1.401298e-45 1.401298e-45 1.401298e-45 1.401298e-45 1.401298e-45 1.401298e-45 1.401298e-45 1.401298e-45 2.802597e-45 2.802597e-45 1.401298e-45 1.401298e-45 1.401298e-45 1.401298e-45 1.401298e-45 1.401298e-45 1.401298e-45 1.401298e-45 1.401298e-45 1.401298e-45 1.401298e-45 1.401298e-45 1.401298e-45 1.401298e-45 0.000000e+00 0.000000e+00
0.000000e+00 1.401298e-45 1.401298e-45 1.401298e-45 1.401298e-45 7.440895e-43 1.045013e-36 1.473808e-34 3.152922e-42 2.802597e-45 2.802597e-45 1.401298e-45 2.802597e-45 2.802597e-45 4.203895e-45 7.006492e-45 4.415590e-39 5.232327e-33 9.617664e-29 1.313099e-25 4.006029e-23 1.130528e-20 2.666687e-18 1.198220e-15 2.142133e-13 4.333429e-11 1.677179e-09 8.314513e-08 5.646874e-07 4.686300e-06 1.741044e-05 4.560447e-05 1.921890e-04 1.562755e-04 4.483041e-04 2.463213e-04 8.435761e-04 1.105102e-03 2.009320e-03 4.520263e-03 2.723903e-03 5.268922e-03 2.301813e-03 1.823836e-03 1.620813e-03 6.988074e-04 1.231426e-03 6.737121e-04 5.457270e-04 6.635365e-04 3.099291e-04 3.859870e-04 4.061224e-04 2.966022e-04 4.748566e-04 5.304695e-04 5.604416e-04 8.624902e-04 1.091595e-03 1.594210e-03 2.262866e-03 2.912201e-03 3.834562e-03 3.893922e-03 4.058724e-03 4.798236e-03 4.515365e-03 3.999180e-03 5.095922e-03 6.851256e-03 6.704083e-03 7.619059e-03 1.034023e-02 9.384792e-03 7.166337e-03 7.369097e-03 6.948561e-03 4.772986e-03 3.715595e-03 3.641234e-03 3.163808e-03 2.371667e-03 1.956632e-03 2.033993e-03 2.372760e-03 2.368306e-03 1.994934e-03 1.859705e-03 1.946354e-03 1.727424e-03 1.349155e-03 1.166553e-03 1.162183e-03 1.019723e-03 7.323630e-04 5.188357e-04 3.482428e-04 1.866850e-04 9.379012e-05 6.329222e-05 5.190474e-05 3.579363e-05 2.072775e-05 1.474987e-05 1.511734e-05 1.742027e-05 1.615145e-05 1.402670e-05 1.377148e-05 1.254976e-05 8.586051e-06 4.556653e-06 2.454107e-06 1.417891e-06 7.829927e-07 4.199069e-07 2.484932e-07 2.257267e-07 2.760171e-07 4.121919e-07 6.028932e-07 7.168207e-07 6.741602e-07 6.852620e-07 8.754463e-07 1.061640e-06 9.470663e-07 4.887312e-07 1.833002e-07 9.026049e-08 7.619270e-08 5.363729e-08 1.419031e-08 9.907181e-10 1.330912e-11 3.439299e-14 6.155075e-17 4.135091e-19 8.224973e-21 1.119307e-22 1.837157e-25 3.696861e-30 1.088051e-37 1.401298e-45 1.401298e-45 1.401298e-45 1.401298e-45 1.401298e-45 1.401298e-45 1.401298e-45 1.401298e-45 1.401298e-45 1.401298e-45 1.401298e-45 1.401298e-45 1.401298e-45 1.401298e-45 1.401298e-45 1.401298e-45 1.401298e-45 1.401298e-45 1.401298e-45 1.401298e-45 1.401298e-45 1.401298e-45 1.401298e-45 1.401298e-45 1.401298e-45 1.401298e-45 1.401298e-45 1.401298e-45 1.401298e-45 1.401298e-45 1.401298e-45 1.401298e-45 1.401298e-45 1.401298e-45 1.401298e-45 1.401298e-45 1.401298e-45 1.401298e-45 1.401298e-45 1.401298e-45 1.401298e-45 0.000000e+00
1.401298e-45 0.000000e+00 0.000000e+00 0.000000e+00 1.401298e-45 1.401298e-45 1.401298e-45 2.802597e-45 2.817896e-35 2.132017e-29 6.257449e-39 1.401298e-45 2.802597e-45 2.802597e-45 2.802597e-45 2.802597e-45 4.203895e-45 4.203895e-45 5.605194e-45 1.050974e-42 2.387682e-37 3.848396e-32 2.077130e-26 5.107780e-22 2.600225e-17 4.942557e-14 5.165813e-11 3.168211e-09 9.213641e-08 1.491987e-06 4.716791e-06 4.689856e-05 2.934289e-05 2.013480e-04 1.530593e-04 6.900998e-04 1.213127e-03 1.469992e-03 4.130015e-03 1.918190e-03 3.954782e-03 1.940238e-03 1.451642e-03 1.746999e-03 7.492993e-04 1.667304e-03 7.957845e-04 6.592894e-04 7.897161e-04 2.582684e-04 3.829914e-04 3.168024e-04 2.577370e-04 5.902627e-04 5.684751e-04 7.654145e-04 1.389159e-03 1.331167e-03 1.809094e-03 2.178745e-03 2.099072e-03 3.064629e-03 3.665568e-03 3.773204e-03 4.997835e-03 4.291825e-03 3.372299e-03 4.491528e-03 4.348938e-03 3.448545e-03 5.012520e-03 7.046909e-03 6.623116e-03 7.620958e-03 9.772127e-03 8.964804e-03 7.314885e-03 6.614026e-03 5.553769e-03 4.434811e-03 3.880039e-03 3.664451e-03 3.852393e-03 4.611895e-03 4.828767e-03 4.017302e-03 3.571141e-03 3.664901e-03 3.310356e-03 2.523054e-03 2.166858e-03 2.030401e-03 1.648382e-03 1.202555e-03 9.632529e-04 7.788915e-04 5.227607e-04 3.203819e-04 2.175659e-04 1.639067e-04 1.069997e-04 6.116536e-05 4.235796e-05 3.904135e-05 3.714873e-05 3.277303e-05 2.936519e-05 3.103382e-05 3.182362e-05 2.230803e-05 1.158879e-05 5.658681e-06 2.864851e-06 1.425200e-06 7.448585e-07 5.205528e-07 5.127528e-07 7.577981e-07 1.153533e-06 1.481465e-06 1.331149e-06 9.141249e-07 6.648352e-07 6.503901e-07 7.323087e-07 7.028443e-07 5.780292e-07 4.215993e-07 3.453437e-07 3.456629e-07 2.738551e-07 7.587284e-08 7.372570e-09 5.199927e-10 2.934624e-11 1.291904e-12 6.151006e-14 2.987873e-15 1.507282e-17 6.425128e-22 2.354927e-28 7.440562e-36 5.731311e-43 1.401298e-45 1.401298e-45 1.401298e-45 1.401298e-45 1.401298e-45 1.401298e-45 1.401298e-45 1.401298e-45 1.401298e-45 1.401298e-45 1.401298e-45 1.401298e-45 1.401298e-45 1.401298e-45 1.401298e-45 1.401298e-45 1.401298e-45 1.401298e-45 1.401298e-45 1.401298e-45 1.401298e-45 1.401298e-45 1.401298e-45 1.401298e-45 1.401298e-45 1.401298e-45 1.401298e-45 1.401298e-45 1.401298e-45 1.401298e-45 1.401298e-45 1.401298e-45 1.401298e-45 1.401298e-45 1.401298e-45 1.401298e-45 1.401298e-45 1.401298e-45 1.401298e-45 1.401298e-45 1.401298e-45 1.401298e-45
0.000000e+00 0.000000e+00 0.000000e+00 0.000000e+00 0.000000e+00 0.000000e+00 0.000000e+00 1.401298e-45 2.802597e-45 2.547300e-38 1.028100e-27 8.565540e-30 7.398721e-38 4.203895e-45 2.802597e-45 2.802597e-45 2.802597e-45 2.802597e-45 2.802597e-45 4.203895e-45 5.605194e-45 1.044808e-41 1.047977e-34 4.009069e-27 5.952152e-21 8.952374e-16 5.889231e-12 2.538482e-09 2.957702e-07 1.032638e-06 1.542876e-05 8.890010e-06 1.042989e-04 1.087454e-04 4.444614e-04 9.189965e-04 7.818620e-04 2.688571e-03 9.976131e-04 2.671289e-03 1.290426e-03 1.059666e-03 2.084173e-03 7.181690e-04 2.046205e-03 1.103684e-03 8.365183e-04 1.316228e-03 4.331133e-04 9.001074e-04 7.808538e-04 6.616520e-04 1.554898e-03 1.239856e-03 1.679090e-03 2.663200e-03 1.982269e-03 2.367490e-03 2.166270e-03 1.777353e-03 2.740092e-03 2.737661e-03 2.843482e-03 4.737121e-03 3.692861e-03 3.231959e-03 4.828638e-03 3.434591e-03 2.703822e-03 4.569087e-03 4.650765e-03 3.530927e-03 5.504050e-03 7.458685e-03 5.352761e-03 5.416804e-03 7.476927e-03 6.529687e-03 5.596830e-03 7.244261e-03 8.484015e-03 7.657288e-03 7.727654e-03 8.294967e-03 7.467405e-03 6.465665e-03 5.925422e-03 4.829912e-03 3.656203e-03 3.079888e-03 2.717867e-03 2.135277e-03 1.749953e-03 1.690556e-03 1.636230e-03 1.285761e-03 8.462023e-04 5.724423e-04 4.052550e-04 2.696019e-04 1.710331e-04 1.202124e-04 9.880223e-05 8.416112e-05 6.869891e-05 6.442894e-05 7.041172e-05 6.739086e-05 4.095956e-05 1.808201e-05 8.521201e-06 4.527402e-06 2.523795e-06 1.577310e-06 1.295326e-06 1.489536e-06 1.816704e-06 2.002828e-06 1.524040e-06 9.321603e-07 5.642063e-07 4.209669e-07 4.326416e-07 5.707664e-07 6.841423e-07 5.925192e-07 4.970742e-07 4.397348e-07 3.956690e-07 3.150128e-07 1.597303e-07 4.881974e-08 1.752142e-08 9.624528e-09 3.077579e-09 3.109026e-10 6.577122e-12 1.096225e-14 4.552538e-19 1.627762e-24 1.527891e-29 6.128506e-33 2.202576e-34 1.233118e-34 4.840460e-35 6.173781e-38 2.802597e-45 2.802597e-45 1.401298e-45 1.401298e-45 1.401298e-45 1.401298e-45 1.401298e-45 1.401298e-45 1.401298e-45 1.401298e-45 1.401298e-45 1.401298e-45 1.401298e-45 1.401298e-45 1.401298e-45 1.401298e-45 1.401298e-45 1.401298e-45 1.401298e-45 1.401298e-45 1.401298e-45 1.401298e-45 2.802597e-45 2.802597e-45 2.802597e-45 1.401298e-45 1.401298e-45 1.401298e-45 1.401298e-45 1.401298e-45 1.401298e-45 1.401298e-45 1.401298e-45 1.401298e-45 1.401298e-45 1.401298e-45 1.401298e-45 0.000000e+00 0.000000e+00
1.401298e-45 0.000000e+00 0.000000e+00 1.401298e-45 0.000000e+00 0.000000e+00 1.401298e-45 1.401298e-45 1.401298e-45 1.401298e-45 2.802597e-45 5.605194e-45 3.363116e-44 3.208973e-43 4.203895e-45 2.802597e-45 2.802597e-45 2.802597e-45 2.802597e-45 2.802597e-45 4.203895e-45 5.605194e-45 1.167359e-39 3.321389e-32 1.474629e-25 1.698178e-19 7.902792e-15 6.586298e-11 3.508255e-09 3.704077e-07 7.373167e-07 1.498096e-05 2.278050e-05 9.340236e-05 2.586032e-04 2.132783e-04 1.189996e-03 4.213999e-04 1.958440e-03 1.347624e-03 1.086222e-03 3.503761e-03 7.359846e-04 1.989734e-03 1.127684e-03 8.335856e-04 2.339047e-03 1.207032e-03 3.608282e-03 4.260674e-03 3.215615e-03 6.467884e-03 3.811294e-03 3.653546e-03 4.222242e-03 2.416972e-03 2.523528e-03 2.169061e-03 1.829032e-03 2.677371e-03 2.302003e-03 2.459912e-03 3.905894e-03 3.038821e-03 3.192154e-03 4.808300e-03 3.360097e-03 3.010664e-03 5.001494e-03 3.974061e-03 2.707758e-03 4.166839e-03 4.468291e-03 2.670030e-03 3.161024e-03 5.489300e-03 5.375179e-03 5.070631e-03 7.862938e-03 1.039328e-02 8.873045e-03 8.470791e-03 9.886691e-03 9.644536e-03 7.846982e-03 6.429963e-03 5.190800e-03 4.167056e-03 3.691349e-03 3.279694e-03 2.650341e-03 2.142257e-03 2.130238e-03 2.313022e-03 2.086404e-03 1.556202e-03 1.178266e-03 9.197170e-04 6.281498e-04 3.805564e-04 2.445288e-04 1.805023e-04 1.452400e-04 1.221277e-04 1.138626e-04 1.184470e-04 1.018651e-04 6.357070e-05 3.280353e-05 1.789921e-05 1.148455e-05 7.787991e-06 5.772001e-06 5.058470e-06 4.615742e-06 3.675729e-06 2.199062e-06 1.227243e-06 7.004430e-07 4.814070e-07 4.142668e-07 4.592454e-07 5.541873e-07 5.595798e-07 4.466323e-07 3.375901e-07 3.214473e-07 3.787387e-07 4.747496e-07 4.756907e-07 3.836224e-07 3.319069e-07 3.068632e-07 1.492848e-07 1.287663e-08 1.743775e-10 5.282481e-13 4.308742e-16 1.700404e-19 3.857205e-22 5.518821e-23 9.606845e-23 1.261850e-23 2.194152e-27 6.566377e-35 8.407791e-45 1.401298e-45 1.401298e-45 1.401298e-45 1.401298e-45 1.401298e-45 1.401298e-45 1.401298e-45 1.401298e-45 1.401298e-45 1.401298e-45 1.401298e-45 1.401298e-45 1.401298e-45 1.401298e-45 1.401298e-45 1.401298e-45 1.401298e-45 1.401298e-45 1.401298e-45 1.401298e-45 1.401298e-45 1.401298e-45 1.401298e-45 2.802597e-45 1.401298e-45 1.401298e-45 1.401298e-45 1.401298e-45 1.401298e-45 1.401298e-45 1.401298e-45 1.401298e-45 1.401298e-45 1.401298e-45 1.401298e-45 1.401298e-45 1.401298e-45 1.401298e-45 0.000000e+00
1.401298e-45 1.401298e-45 1.401298e-45 1.401298e-45 1.401298e-45 1.401298e-45 1.401298e-45 0.000000e+00 1.401298e-45 1.401298e-45 1.401298e-45 2.802597e-45 4.203895e-45 1.989844e-43 8.381660e-37 7.870007e-35 3.205555e-36 2.797512e-39 1.231741e-42 3.222986e-44 1.401298e-44 2.449470e-42 9.313740e-39 3.131849e-34 1.698783e-28 4.555318e-23 1.545633e-17 6.028413e-14 2.171830e-10 5.438091e-09 2.355544e-07 6.822222e-07 3.476075e-06 1.899960e-05 2.430720e-05 3.259821e-04 2.111829e-04 1.799473e-03 2.142722e-03 1.827127e-03 4.887025e-03 8.921474e-04 1.884760e-03 1.141375e-03 9.338198e-04 3.943114e-03 2.736150e-03 1.008911e-02 1.489620e-02 1.036162e-02 2.012427e-02 1.032660e-02 7.660547e-03 7.568268e-03 3.420059e-03 3.258810e-03 3.366269e-03 2.619740e-03 3.450022e-03 3.448673e-03 3.537302e-03 4.345451e-03 3.701200e-03 4.432189e-03 5.419831e-03 4.097351e-03 4.664247e-03 5.629233e-03 3.784399e-03 3.282765e-03 3.938698e-03 3.122127e-03 2.317889e-03 2.838422e-03 3.802384e-03 3.668397e-03 3.690605e-03 4.981742e-03 6.089231e-03 5.900898e-03 6.263186e-03 7.409139e-03 7.423050e-03 6.644332e-03 6.126437e-03 5.447894e-03 4.629052e-03 4.101237e-03 3.736258e-03 3.177573e-03 2.816046e-03 2.973466e-03 3.390680e-03 3.242367e-03 2.659312e-03 2.234041e-03 1.856317e-03 1.259954e-03 6.889196e-04 4.077792e-04 3.076319e-04 2.569997e-04 2.225123e-04 2.003924e-04 1.778961e-04 1.497266e-04 1.140180e-04 8.551392e-05 6.577466e-05 4.917544e-05 3.467887e-05 2.174389e-05 1.306820e-05 7.452869e-06 3.744831e-06 1.894129e-06 1.085292e-06 8.334632e-07 7.464305e-07 7.432770e-07 7.279720e-07 6.563455e-07 5.409142e-07 4.399192e-07 4.204255e-07 5.035768e-07 7.036902e-07 8.868016e-07 9.408357e-07 8.410895e-07 6.558101e-07 4.742719e-07 2.385276e-07 3.703328e-08 1.139149e-09 1.699880e-11 2.921299e-13 7.037503e-15 4.145666e-16 1.871906e-16 1.761293e-16 2.176374e-18 1.578146e-24 4.174012e-34 1.247156e-43 1.401298e-45 1.401298e-45 1.401298e-45 1.401298e-45 1.401298e-45 1.401298e-45 1.401298e-45 1.401298e-45 1.401298e-45 1.401298e-45 1.401298e-45 1.401298e-45 1.401298e-45 1.401298e-45 2.802597e-45 1.401298e-45 1.401298e-45 1.401298e-45 1.401298e-45 1.401298e-45 1.401298e-45 1.401298e-45 1.401298e-45 2.802597e-45 2.802597e-45 1.401298e-45 1.401298e-45 1.401298e-45 1.401298e-45 2.802597e-45 2.802597e-45 1.401298e-45 1.401298e-45 1.401298e-45 1.401298e-45 1.401298e-45 1.401298e-45 1.401298e-45 1.401298e-45 1.401298e-45
1.401298e-45 1.401298e-45 1.401298e-45 1.401298e-45 1.401298e-45 1.401298e-45 1.401298e-45 1.401298e-45 1.401298e-45 1.401298e-45 1.401298e-45 1.401298e-45 2.802597e-45 7.006492e-45 4.570112e-39 8.262415e-32 1.115815e-26 4.264798e-25 1.092025e-25 4.924022e-28 1.786784e-30 3.898166e-32 3.464773e-32 8.873358e-30 3.113729e-26 3.914523e-21 5.274214e-17 1.093166e-12 2.083931e-10 2.360129e-08 1.612256e-07 9.765388e-07 8.081748e-06 1.081900e-05 1.633693e-04 1.436877e-04 1.308722e-03 1.736694e-03 1.683612e-03 3.332458e-03 7.910311e-04 1.622838e-03 1.101755e-03 1.220216e-03 4.617719e-03 3.575333e-03 1.173053e-02 1.749783e-02 1.281397e-02 2.714790e-02 1.451623e-02 1.120861e-02 1.215332e-02 5.698626e-03 5.917690e-03 6.419192e-03 4.697690e-03 5.653339e-03 5.875456e-03 5.535039e-03 5.283387e-03 5.020797e-03 6.184032e-03 5.766831e-03 5.114725e-03 7.053501e-03 6.584695e-03 4.788530e-03 5.192012e-03 4.936614e-03 3.517164e-03 3.513222e-03 4.756256e-03 4.725184e-03 3.772460e-03 3.771399e-03 4.035403e-03 3.640780e-03 3.525987e-03 4.386768e-03 5.487902e-03 5.853642e-03 6.195934e-03 6.808812e-03 6.580803e-03 5.522278e-03 4.797522e-03 4.630398e-03 4.609086e-03 4.517173e-03 4.483609e-03 4.346711e-03 4.181077e-03 4.096512e-03 4.046940e-03 3.674712e-03 2.663392e-03 1.633639e-03 1.050372e-03 8.064125e-04 6.528976e-04 5.029828e-04 3.982760e-04 3.313468e-04 2.751717e-04 2.388986e-04 2.200175e-04 2.053183e-04 1.689722e-04 1.088034e-04 5.749777e-05 2.469178e-05 9.975088e-06 4.417946e-06 2.512768e-06 2.029219e-06 1.959008e-06 1.960982e-06 1.710126e-06 1.401056e-06 1.089151e-06 8.397960e-07 6.925825e-07 6.921832e-07 8.653595e-07 1.080621e-06 1.118286e-06 9.156904e-07 7.577240e-07 7.466045e-07 7.374092e-07 5.381328e-07 2.010678e-07 2.814993e-08 2.003411e-09 2.104712e-10 4.917307e-11 1.407966e-11 2.279031e-12 8.072038e-14 5.072977e-17 5.916660e-23 2.119946e-30 7.203662e-37 9.532193e-41 2.385010e-42 1.429324e-43 1.401298e-45 1.401298e-45 2.802597e-45 1.401298e-45 1.401298e-45 1.401298e-45 1.401298e-45 1.401298e-45 1.401298e-45 1.401298e-45 1.401298e-45 1.401298e-45 1.401298e-45 1.401298e-45 1.401298e-45 1.401298e-45 1.401298e-45 1.401298e-45 1.401298e-45 1.401298e-45 1.401298e-45 1.401298e-45 1.401298e-45 1.401298e-45 2.802597e-45 2.802597e-45 2.802597e-45 1.401298e-45 1.401298e-45 1.401298e-45 1.401298e-45 1.401298e-45 1.401298e-45 1.401298e-45 1.401298e-45 1.401298e-45 1.401298e-45 0.000000e+00
1.401298e-45 1.401298e-45 1.401298e-45 2.802597e-45 4.203895e-45 2.802597e-45 2.802597e-45 4.203895e-45 4.203895e-45 4.203895e-45 2.802597e-45 2.802597e-45 4.203895e-45 5.605194e-45 9.248570e-44 1.860118e-35 2.338796e-27 2.698438e-21 9.563473e-19 1.570047e-19 1.271712e-21 4.561676e-24 1.766568e-24 1.560005e-23 1.513408e-20 8.463486e-18 3.243574e-14 1.226407e-11 4.372620e-09 1.850460e-07 1.704799e-06 1.796469e-05 1.138733e-05 7.756754e-05 4.129611e-05 2.348793e-04 2.924092e-04 3.544006e-04 7.656455e-04 3.632724e-04 1.180324e-03 1.181528e-03 2.122594e-03 5.481332e-03 4.480444e-03 1.034140e-02 1.075776e-02 7.971703e-03 1.463110e-02 7.604861e-03 7.570649e-03 9.244149e-03 4.918310e-03 6.437117e-03 6.561919e-03 5.068298e-03 6.126432e-03 5.544319e-03 4.970522e-03 5.122314e-03 5.247760e-03 6.233774e-03 5.816554e-03 5.673702e-03 7.208319e-03 6.230268e-03 5.094775e-03 5.672884e-03 5.607926e-03 5.141018e-03 6.254319e-03 8.048127e-03 7.637391e-03 6.312976e-03 6.065550e-03 5.954341e-03 4.567205e-03 3.592513e-03 4.224067e-03 5.481893e-03 5.682203e-03 5.743460e-03 6.767327e-03 7.478089e-03 6.646876e-03 5.865857e-03 6.217092e-03 6.898851e-03 6.825272e-03 6.136911e-03 5.687613e-03 5.671977e-03 6.083751e-03 6.514821e-03 6.361919e-03 5.368818e-03 3.946999e-03 2.795676e-03 2.001932e-03 1.472142e-03 1.038371e-03 7.322103e-04 5.897742e-04 5.434952e-04 5.214646e-04 5.168142e-04 4.991707e-04 4.219840e-04 2.741597e-04 1.345160e-04 6.092118e-05 2.706476e-05 1.341344e-05 7.759022e-06 5.324546e-06 4.460225e-06 4.021010e-06 3.484465e-06 2.600024e-06 1.868053e-06 1.364741e-06 1.154784e-06 1.222033e-06 1.463311e-06 1.675139e-06 1.662184e-06 1.540349e-06 1.641056e-06 2.307248e-06 3.013670e-06 2.308652e-06 9.572600e-07 2.692419e-07 6.205368e-08 1.532150e-08 6.813779e-09 3.643790e-09 3.714935e-10 1.577659e-12 3.404677e-16 1.249864e-20 3.102372e-25 6.782529e-29 1.035404e-30 7.216165e-32 1.012378e-34 4.850314e-41 2.802597e-45 2.802597e-45 1.401298e-45 1.401298e-45 1.401298e-45 1.401298e-45 1.401298e-45 1.401298e-45 1.401298e-45 1.401298e-45 1.401298e-45 1.401298e-45 1.401298e-45 1.401298e-45 1.401298e-45 1.401298e-45 1.401298e-45 1.401298e-45 1.401298e-45 1.401298e-45 1.401298e-45 1.401298e-45 1.401298e-45 1.401298e-45 1.401298e-45 2.802597e-45 1.401298e-45 1.401298e-45 1.401298e-45 1.401298e-45 1.401298e-45 1.401298e-45 1.401298e-45 1.401298e-45 1.401298e-45 1.401298e-45 0.000000e+00 0.000000e+00
1.401298e-45 1.401298e-45 2.802597e-45 4.432307e-42 2.997596e-33 1.595359e-23 2.662404e-23 2.647804e-38 4.203895e-45 4.203895e-45 2.802597e-45 4.203895e-45 4.203895e-45 4.203895e-45 5.605194e-45 2.840432e-42 1.962210e-34 3.315849e-26 1.273324e-19 4.499832e-15 3.764050e-13 5.683994e-12 3.734122e-12 7.078092e-12 5.922644e-12 5.455209e-11 3.876859e-10 8.583690e-09 2.835442e-07 1.679862e-06 2.261910e-05 1.023659e-05 3.753603e-05 1.571833e-05 4.251753e-05 5.404925e-05 5.669193e-05 2.068926e-04 1.862888e-04 1.097836e-03 1.485705e-03 3.336951e-03 6.253452e-03 4.753802e-03 8.820571e-03 5.811362e-03 4.583895e-03 6.452899e-03 3.230791e-03 3.880393e-03 4.204368e-03 2.485990e-03 4.073412e-03 3.434975e-03 2.832344e-03 3.812210e-03 3.272142e-03 3.589508e-03 4.505831e-03 4.720848e-03 5.979658e-03 6.295041e-03 6.288182e-03 7.681706e-03 6.321580e-03 4.864079e-03 5.460808e-03 5.296344e-03 4.953426e-03 6.066836e-03 7.386000e-03 8.179788e-03 8.822441e-03 9.033337e-03 8.687552e-03 7.162586e-03 5.852339e-03 6.038299e-03 6.882124e-03 6.343344e-03 5.684411e-03 6.337169e-03 7.106273e-03 6.782609e-03 6.646639e-03 7.647452e-03 8.858361e-03 8.968837e-03 8.449134e-03 7.877919e-03 7.160964e-03 6.614458e-03 7.136761e-03 8.432869e-03 8.645485e-03 7.069425e-03 5.165092e-03 3.724318e-03 2.481968e-03 1.596138e-03 1.131360e-03 9.783875e-04 9.852469e-04 1.010701e-03 9.865685e-04 9.345225e-04 7.893923e-04 5.581405e-04 3.446564e-04 1.925726e-04 1.068933e-04 5.772334e-05 3.268123e-05 1.938604e-05 1.195766e-05 7.741321e-06 5.124994e-06 3.722181e-06 2.931456e-06 2.662071e-06 2.655883e-06 3.006194e-06 3.960734e-06 5.092399e-06 5.035901e-06 4.545103e-06 4.995707e-06 6.057775e-06 6.270816e-06 3.998730e-06 1.474805e-06 4.908951e-07 2.724640e-07 2.407546e-07 1.914383e-07 6.471529e-08 3.561301e-09 1.902397e-11 2.291731e-14 2.983543e-17 9.348556e-20 9.162451e-22 1.208745e-23 2.283891e-26 1.945031e-31 2.553216e-39 2.802597e-45 1.401298e-45 1.401298e-45 1.401298e-45 1.401298e-45 1.401298e-45 1.401298e-45 2.802597e-45 1.401298e-45 1.401298e-45 1.401298e-45 1.401298e-45 1.401298e-45 1.401298e-45 1.401298e-45 2.802597e-45 1.401298e-45 1.401298e-45 1.401298e-45 1.401298e-45 1.401298e-45 1.401298e-45 1.401298e-45 1.401298e-45 2.802597e-45 2.802597e-45 2.802597e-45 1.401298e-45 1.401298e-45 1.401298e-45 2.802597e-45 2.802597e-45 1.401298e-45 1.401298e-45 1.401298e-45 1.401298e-45 1.401298e-45 1.401298e-45 1.401298e-45
0.000000e+00 1.401298e-45 1.401298e-45 1.401298e-45 5.465064e-44 8.442122e-28 9.588475e-24 1.145471e-24 4.541149e-36 2.802597e-45 2.802597e-45 2.802597e-45 2.802597e-45 4.203895e-45 4.203895e-45 5.605194e-45 1.064987e-43 5.801644e-37 3.367746e-30 1.633939e-24 8.282954e-19 9.091405e-15 3.011490e-11 2.079008e-09 3.365873e-08 1.213480e-07 1.797267e-07 1.090388e-06 7.573636e-07 5.893005e-06 2.313436e-06 9.083763e-06 5.352608e-06 7.472765e-06 1.102700e-05 9.642752e-06 7.126463e-05 8.454946e-05 7.245991e-04 1.078202e-03 2.330907e-03 4.251973e-03 2.679760e-03 5.531594e-03 2.952624e-03 3.134386e-03 4.071692e-03 2.126021e-03 3.082895e-03 2.578931e-03 1.820398e-03 2.786417e-03 1.932169e-03 2.142156e-03 2.887200e-03 2.333377e-03 3.520979e-03 3.909229e-03 4.120449e-03 6.400025e-03 5.996835e-03 6.597921e-03 8.929316e-03 6.493727e-03 5.677646e-03 7.000095e-03 5.025668e-03 3.836451e-03 5.001553e-03 5.240293e-03 4.590506e-03 5.780193e-03 7.311689e-03 6.662474e-03 6.984552e-03 8.974793e-03 9.255326e-03 7.789038e-03 7.224949e-03 7.283486e-03 6.786007e-03 6.322904e-03 6.723162e-03 7.819775e-03 8.885143e-03 9.371764e-03 9.392670e-03 9.263000e-03 8.778768e-03 7.819417e-03 7.492976e-03 8.674596e-03 1.070397e-02 1.069416e-02 8.208732e-03 5.876346e-03 4.306944e-03 3.194759e-03 2.392873e-03 2.036719e-03 1.938059e-03 1.928863e-03 1.947710e-03 1.908641e-03 1.713215e-03 1.445107e-03 1.166808e-03 8.814981e-04 6.225110e-04 3.966238e-04 2.343526e-04 1.175220e-04 5.679580e-05 2.806246e-05 1.439954e-05 7.793527e-06 4.639168e-06 3.647270e-06 3.970514e-06 5.983859e-06 9.504032e-06 1.237371e-05 1.077291e-05 6.714027e-06 4.062811e-06 3.329344e-06 3.698957e-06 3.866840e-06 3.067874e-06 1.774176e-06 1.045617e-06 1.009279e-06 1.654131e-06 1.661801e-06 3.787109e-07 2.161458e-08 5.138895e-10 8.038659e-12 1.943299e-13 1.471489e-14 7.247151e-16 1.271643e-18 1.980898e-23 6.829922e-30 6.100422e-37 1.380279e-42 1.401298e-45 1.401298e-45 1.401298e-45 1.401298e-45 1.401298e-45 1.401298e-45 1.401298e-45 1.401298e-45 1.401298e-45 1.401298e-45 1.401298e-45 1.401298e-45 1.401298e-45 1.401298e-45 1.401298e-45 1.401298e-45 1.401298e-45 1.401298e-45 1.401298e-45 1.401298e-45 1.401298e-45 1.401298e-45 1.401298e-45 1.401298e-45 1.401298e-45 1.401298e-45 1.401298e-45 1.401298e-45 2.802597e-45 2.802597e-45 1.401298e-45 1.401298e-45 1.401298e-45 1.401298e-45 1.401298e-45 1.401298e-45 1.401298e-45 1.401298e-45 1.401298e-45
1.401298e-45 0.000000e+00 0.000000e+00 0.000000e+00 1.401298e-45 1.401298e-45 1.401298e-45 2.003857e-43 3.415586e-25 2.271758e-22 5.039248e-31 1.383922e-41 2.802597e-45 2.802597e-45 2.802597e-45 2.802597e-45 4.203895e-45 4.203895e-45 5.605194e-45 6.534031e-40 1.260037e-32 9.459939e-25 5.883799e-18 4.377976e-13 2.594783e-09 5.990747e-08 2.523688e-06 1.327586e-06 9.305312e-06 2.695749e-06 6.332037e-06 3.453055e-06 1.855550e-06 3.796880e-06 2.197512e-06 2.113891e-05 1.988564e-05 1.670942e-04 2.493488e-04 3.893358e-04 9.187630e-04 4.487541e-04 1.182414e-03 7.400137e-04 1.265705e-03 2.025061e-03 1.415709e-03 2.485646e-03 1.787185e-03 1.548733e-03 2.007527e-03 1.470031e-03 2.455635e-03 3.191911e-03 3.086087e-03 5.514199e-03 5.031669e-03 5.157616e-03 6.969922e-03 4.799172e-03 5.065325e-03 6.683704e-03 4.902838e-03 5.172789e-03 6.561230e-03 4.474903e-03 3.963606e-03 5.341011e-03 4.123250e-03 3.039168e-03 3.866085e-03 4.097716e-03 3.436155e-03 4.385201e-03 6.881087e-03 7.721679e-03 7.390671e-03 8.712282e-03 1.000381e-02 8.570203e-03 7.253903e-03 7.699645e-03 8.632067e-03 8.919626e-03 8.910401e-03 9.070283e-03 9.563323e-03 1.006898e-02 1.012514e-02 9.789306e-03 9.780570e-03 1.003345e-02 9.618070e-03 7.978892e-03 6.349891e-03 5.655741e-03 5.366721e-03 4.915231e-03 4.170901e-03 3.609085e-03 3.203551e-03 2.927069e-03 2.707715e-03 2.460063e-03 2.188422e-03 2.005324e-03 1.841610e-03 1.519770e-03 1.063259e-03 5.838688e-04 2.706596e-04 1.039524e-04 4.131658e-05 1.977718e-05 1.253196e-05 1.013093e-05 9.226580e-06 1.012046e-05 1.287620e-05 1.587171e-05 1.270316e-05 6.993043e-06 3.495178e-06 2.057600e-06 1.715818e-06 2.197279e-06 3.055725e-06 2.981024e-06 2.437615e-06 2.082873e-06 2.108373e-06 2.351680e-06 1.894860e-06 6.022454e-07 9.694212e-08 1.746512e-08 4.752118e-09 1.472257e-09 2.551611e-10 4.443613e-12 1.022787e-15 5.407689e-21 1.678664e-26 9.329004e-31 4.259611e-33 9.747830e-34 9.019115e-34 2.213536e-35 8.612240e-41 2.802597e-45 2.802597e-45 1.401298e-45 1.401298e-45 1.401298e-45 1.401298e-45 1.401298e-45 1.401298e-45 2.802597e-45 1.401298e-45 1.401298e-45 1.401298e-45 1.401298e-45 1.401298e-45 1.401298e-45 1.401298e-45 1.401298e-45 2.802597e-45 1.401298e-45 1.401298e-45 1.401298e-45 1.401298e-45 1.401298e-45 1.401298e-45 2.802597e-45 2.802597e-45 1.401298e-45 1.401298e-45 1.401298e-45 1.401298e-45 1.401298e-45 1.401298e-45 1.401298e-45 1.401298e-45 1.401298e-45 0.000000e+00
0.000000e+00 0.000000e+00 0.000000e+00 0.000000e+00 0.000000e+00 0.000000e+00 1.401298e-45 1.401298e-45 4.203895e-45 1.414073e-31 4.412532e-23 1.513848e-24 2.017440e-31 1.631952e-41 2.802597e-45 2.802597e-45 2.802597e-45 2.802597e-45 4.203895e-45 4.203895e-45 5.372578e-42 4.117447e-33 6.572598e-25 1.715950e-17 6.383030e-13 5.882888e-09 2.063095e-07 1.421886e-05 2.592948e-05 5.375699e-05 5.021088e-05 1.619780e-05 4.174390e-05 1.125574e-05 6.369423e-05 3.464926e-05 1.217748e-04 1.904728e-04 1.294309e-04 3.703290e-04 1.101275e-04 2.676935e-04 2.100874e-04 2.607051e-04 4.842848e-04 3.957859e-04 7.947749e-04 7.358573e-04 9.664666e-04 1.590228e-03 1.689754e-03 3.128881e-03 4.012514e-03 5.132070e-03 8.370028e-03 7.356234e-03 7.511961e-03 6.616782e-03 3.795123e-03 3.770036e-03 3.807684e-03 3.043123e-03 3.996669e-03 4.763315e-03 3.734378e-03 4.401858e-03 4.963936e-03 3.304982e-03 3.090182e-03 3.479399e-03 2.553275e-03 2.302366e-03 3.179844e-03 3.724272e-03 3.747540e-03 4.685229e-03 6.403287e-03 7.249024e-03 7.614282e-03 8.416913e-03 8.670432e-03 8.405129e-03 8.562838e-03 8.634686e-03 8.358344e-03 8.837632e-03 1.000274e-02 1.009565e-02 9.311103e-03 8.973791e-03 9.235773e-03 8.980929e-03 8.286565e-03 8.184034e-03 8.591046e-03 8.471472e-03 7.211355e-03 5.927464e-03 5.007276e-03 4.424997e-03 3.698084e-03 3.012847e-03 2.660499e-03 2.657433e-03 2.848866e-03 3.054006e-03 2.897525e-03 2.140424e-03 1.218240e-03 5.398034e-04 2.304752e-04 1.022305e-04 5.798677e-05 4.293554e-05 3.906542e-05 3.780012e-05 3.332955e-05 2.670003e-05 1.711452e-05 9.189707e-06 4.472372e-06 2.652762e-06 2.196960e-06 2.603113e-06 3.276483e-06 3.311363e-06 2.571425e-06 1.827570e-06 1.555633e-06 1.464124e-06 1.471100e-06 1.354055e-06 9.108366e-07 5.200308e-07 4.582270e-07 5.519236e-07 2.456600e-07 1.454688e-08 8.950318e-11 4.894872e-14 4.290858e-18 8.489195e-22 1.295886e-23 2.565605e-23 1.200264e-22 4.988460e-24 2.963536e-29 2.616570e-38 1.401298e-45 1.401298e-45 1.401298e-45 1.401298e-45 1.401298e-45 1.401298e-45 1.401298e-45 1.401298e-45 1.401298e-45 1.401298e-45 1.401298e-45 1.401298e-45 1.401298e-45 1.401298e-45 1.401298e-45 1.401298e-45 1.401298e-45 1.401298e-45 1.401298e-45 1.401298e-45 1.401298e-45 1.401298e-45 1.401298e-45 1.401298e-45 2.802597e-45 2.802597e-45 2.802597e-45 2.802597e-45 1.401298e-45 1.401298e-45 1.401298e-45 1.401298e-45 1.401298e-45 1.401298e-45 1.401298e-45 1.401298e-45 0.000000e+00
1.401298e-45 0.000000e+00 0.000000e+00 1.401298e-45 1.401298e-45 0.000000e+00 1.401298e-45 1.401298e-45 1.401298e-45 1.401298e-45 4.203895e-45 7.006492e-45 1.338225e-38 9.704612e-36 3.533007e-38 2.256091e-43 2.802597e-45 2.802597e-45 4.203895e-45 4.203895e-45 2.101948e-43 1.912812e-36 1.173769e-27 1.283098e-20 5.698378e-15 1.088041e-11 4.611798e-09 9.642305e-08 1.059364e-06 9.003427e-06 1.351177e-05 1.210095e-04 6.363081e-05 2.695092e-04 1.890589e-04 2.580119e-04 6.317166e-04 2.223491e-04 7.979966e-04 1.942541e-04 3.224872e-04 2.715949e-04 1.218004e-04 2.049954e-04 1.121118e-04 2.001094e-04 3.300065e-04 6.228518e-04 1.689438e-03 2.632190e-03 4.296926e-03 5.857581e-03 6.751552e-03 7.612651e-03 7.564369e-03 7.478934e-03 5.712157e-03 4.573057e-03 4.411518e-03 3.648322e-03 3.288069e-03 3.913573e-03 3.793669e-03 3.483434e-03 4.377217e-03 3.979520e-03 2.952944e-03 3.633585e-03 3.816192e-03 2.630351e-03 2.651487e-03 3.192958e-03 2.473395e-03 1.939246e-03 2.412568e-03 3.070215e-03 3.171457e-03 3.781709e-03 5.379417e-03 6.317239e-03 6.259696e-03 6.792182e-03 7.581988e-03 7.531333e-03 7.293083e-03 7.102264e-03 6.688317e-03 6.567616e-03 7.068129e-03 6.999990e-03 6.354776e-03 6.606318e-03 8.518322e-03 1.044753e-02 1.005004e-02 8.714495e-03 7.658276e-03 6.877326e-03 5.574178e-03 4.227242e-03 3.274244e-03 2.934755e-03 3.144979e-03 3.763507e-03 4.412144e-03 4.490839e-03 3.549278e-03 2.150218e-03 1.172240e-03 6.415755e-04 4.117236e-04 2.846632e-04 2.189442e-04 1.674589e-04 1.194837e-04 7.527525e-05 4.113253e-05 2.281592e-05 1.288113e-05 8.003014e-06 5.398048e-06 4.727290e-06 4.382999e-06 3.628074e-06 2.564225e-06 1.772790e-06 1.436309e-06 1.550449e-06 1.974058e-06 2.079469e-06 1.759990e-06 1.419510e-06 1.284647e-06 1.396467e-06 1.379917e-06 5.415022e-07 3.161331e-08 3.567991e-10 2.493867e-12 2.206697e-14 5.397244e-16 1.915381e-16 9.861523e-16 8.473930e-16 1.049237e-19 1.875517e-28 1.051002e-39 1.401298e-45 1.401298e-45 1.401298e-45 1.401298e-45 1.401298e-45 1.401298e-45 1.401298e-45 2.802597e-45 1.401298e-45 1.401298e-45 1.401298e-45 1.401298e-45 1.401298e-45 1.401298e-45 1.401298e-45 1.401298e-45 1.401298e-45 1.401298e-45 1.401298e-45 1.401298e-45 1.401298e-45 1.401298e-45 1.401298e-45 1.401298e-45 2.802597e-45 1.401298e-45 1.401298e-45 1.401298e-45 1.401298e-45 2.802597e-45 2.802597e-45 1.401298e-45 1.401298e-45 1.401298e-45 1.401298e-45 1.401298e-45 1.401298e-45 1.401298e-45
1.401298e-45 1.401298e-45 1.401298e-45 1.401298e-45 1.401298e-45 1.401298e-45 1.401298e-45 1.401298e-45 1.401298e-45 1.401298e-45 2.802597e-45 2.802597e-45 5.605194e-45 8.099813e-36 8.336049e-29 1.192137e-26 3.340916e-28 7.090969e-32 3.715700e-36 1.761056e-37 3.734376e-36 8.809088e-32 1.607397e-26 1.209212e-20 1.551713e-15 8.627811e-12 1.394899e-09 1.510453e-08 1.521761e-07 2.879052e-07 2.051854e-06 3.145412e-06 1.531254e-05 6.002460e-05 8.162203e-05 6.783861e-04 3.413218e-04 1.929768e-03 8.547966e-04 9.107439e-04 8.516627e-04 1.839222e-04 3.163183e-04 1.088411e-04 1.729013e-04 3.462177e-04 5.469441e-04 2.208119e-03 3.426782e-03 5.394551e-03 8.255998e-03 6.864566e-03 6.370588e-03 6.443804e-03 4.882952e-03 4.847733e-03 5.788823e-03 5.456472e-03 5.388009e-03 5.468157e-03 5.540363e-03 5.011082e-03 4.680431e-03 4.775679e-03 3.841628e-03 3.510568e-03 4.298692e-03 4.243136e-03 3.663801e-03 3.739586e-03 3.760131e-03 2.972391e-03 2.208900e-03 2.128302e-03 2.408509e-03 2.355411e-03 2.295679e-03 2.952578e-03 4.015868e-03 4.439981e-03 4.587551e-03 5.245137e-03 5.755264e-03 5.271148e-03 4.544247e-03 4.457772e-03 4.940484e-03 5.134562e-03 4.881067e-03 4.890242e-03 5.990541e-03 7.994230e-03 9.409420e-03 9.091660e-03 8.203720e-03 7.997908e-03 7.784588e-03 7.130123e-03 6.030931e-03 5.254889e-03 4.836926e-03 4.954457e-03 5.619215e-03 6.331499e-03 6.243018e-03 5.273416e-03 4.059410e-03 2.995851e-03 2.276006e-03 1.646603e-03 1.173161e-03 7.386536e-04 4.439994e-04 2.504159e-04 1.381368e-04 7.781638e-05 4.636125e-05 3.210257e-05 2.291033e-05 1.737150e-05 1.243536e-05 8.739608e-06 5.412541e-06 3.315713e-06 2.274107e-06 2.121635e-06 2.685041e-06 3.621616e-06 4.074851e-06 3.256067e-06 2.322883e-06 1.972863e-06 1.824818e-06 1.495464e-06 7.141801e-07 1.088812e-07 5.917948e-09 4.057863e-10 9.191317e-11 4.952873e-11 2.479783e-11 3.399773e-12 9.071071e-15 1.872336e-20 7.692216e-29 2.242190e-37 1.303208e-43 1.401298e-45 1.401298e-45 1.401298e-45 1.401298e-45 1.401298e-45 2.802597e-45 1.401298e-45 1.401298e-45 1.401298e-45 1.401298e-45 1.401298e-45 2.802597e-45 2.802597e-45 2.802597e-45 1.401298e-45 1.401298e-45 1.401298e-45 1.401298e-45 1.401298e-45 1.401298e-45 2.802597e-45 2.802597e-45 2.802597e-45 1.401298e-45 1.401298e-45 1.401298e-45 1.401298e-45 1.401298e-45 1.401298e-45 1.401298e-45 1.401298e-45 1.401298e-45 1.401298e-45 1.401298e-45 1.401298e-45 1.401298e-45 1.401298e-45 1.401298e-45
2.802597e-45 1.401298e-45 1.401298e-45 2.802597e-45 2.802597e-45 2.802597e-45 4.203895e-45 4.203895e-45 2.802597e-45 2.802597e-45 2.802597e-45 2.802597e-45 4.203895e-45 2.883844e-40 8.520089e-32 2.007425e-25 1.868962e-20 1.113462e-18 4.833273e-19 6.816356e-22 1.617432e-24 3.408330e-25 4.729905e-23 7.921436e-19 2.674768e-14 5.196212e-10 1.291592e-07 5.394494e-06 7.883583e-06 7.163731e-06 4.482580e-06 3.575560e-06 1.596795e-05 1.231773e-05 1.683366e-04 1.546346e-04 9.821636e-04 1.259854e-03 8.932579e-04 1.503048e-03 2.809036e-04 5.554932e-04 1.979640e-04 2.665382e-04 5.828211e-04 5.233517e-04 2.368468e-03 2.666309e-03 4.102513e-03 7.264887e-03 4.208545e-03 4.625084e-03 4.592665e-03 3.199938e-03 4.544523e-03 4.913569e-03 4.361915e-03 5.286816e-03 5.156869e-03 5.067092e-03 5.315877e-03 4.989259e-03 4.988360e-03 4.651389e-03 4.360912e-03 4.565785e-03 4.305150e-03 3.934784e-03 4.112260e-03 4.360014e-03 4.144596e-03 4.041013e-03 4.539836e-03 4.692101e-03 3.922904e-03 3.255564e-03 3.271150e-03 3.499972e-03 3.444024e-03 3.522528e-03 4.044989e-03 4.397554e-03 4.291978e-03 4.199341e-03 4.158165e-03 3.962678e-03 3.927394e-03 4.225926e-03 4.810402e-03 5.554298e-03 6.596472e-03 7.548315e-03 8.085218e-03 8.562472e-03 9.550448e-03 1.102467e-02 1.135155e-02 1.039925e-02 8.875100e-03 7.930753e-03 7.214026e-03 6.807651e-03 6.816217e-03 7.128154e-03 7.549628e-03 7.967040e-03 7.878825e-03 6.554930e-03 4.774482e-03 2.990631e-03 1.731121e-03 8.364356e-04 3.969910e-04 2.115974e-04 1.416368e-04 1.113872e-04 8.802406e-05 7.123621e-05 5.337219e-05 3.779402e-05 2.358852e-05 1.493951e-05 9.227912e-06 6.362839e-06 5.428145e-06 6.093235e-06 7.538817e-06 8.328267e-06 7.424669e-06 5.535927e-06 4.814968e-06 5.313148e-06 4.318573e-06 1.692416e-06 3.927149e-07 8.145270e-08 2.435395e-08 1.726708e-08 2.171128e-08 6.409735e-09 5.196665e-11 8.481246e-15 9.874458e-20 4.874414e-25 2.277462e-29 1.629913e-31 5.990873e-32 6.980260e-33 7.196849e-37 9.809089e-45 2.802597e-45 2.802597e-45 1.401298e-45 1.401298e-45 1.401298e-45 1.401298e-45 1.401298e-45 2.802597e-45 1.401298e-45 1.401298e-45 1.401298e-45 1.401298e-45 1.401298e-45 1.401298e-45 1.401298e-45 1.401298e-45 1.401298e-45 1.401298e-45 1.401298e-45 1.401298e-45 1.401298e-45 1.401298e-45 1.401298e-45 1.401298e-45 2.802597e-45 2.802597e-45 2.802597e-45 2.802597e-45 1.401298e-45 1.401298e-45 1.401298e-45 1.401298e-45 1.401298e-45 1.401298e-45 1.401298e-45
1.401298e-45 2.802597e-45 2.802597e-45 4.203895e-45 5.605194e-45 4.203895e-45 2.802597e-45 5.605194e-45 1.401298e-44 4.203895e-45 4.203895e-45 4.203895e-45 7.006492e-45 7.027512e-42 1.368096e-36 2.387559e-29 1.289216e-22 6.684132e-17 5.301156e-14 5.136781e-14 3.447875e-16 1.316847e-18 1.463680e-18 1.557338e-16 8.257043e-13 1.291952e-09 1.295060e-06 4.520468e-05 1.777084e-04 3.803378e-04 1.407003e-04 2.736441e-04 4.716263e-05 1.262644e-04 5.471276e-05 1.151976e-04 2.144119e-04 1.165211e-04 4.556207e-04 1.717121e-04 6.347731e-04 7.246551e-04 8.273137e-04 2.716805e-03 1.105003e-03 3.135235e-03 2.173922e-03 1.749292e-03 3.169441e-03 1.472520e-03 2.221347e-03 2.419544e-03 1.749435e-03 3.005287e-03 2.806913e-03 2.853421e-03 3.660710e-03 2.892800e-03 3.143335e-03 3.686160e-03 3.609606e-03 4.873867e-03 5.605690e-03 5.356414e-03 6.560948e-03 5.883842e-03 4.171768e-03 4.363208e-03 4.458098e-03 3.779712e-03 5.095042e-03 7.771302e-03 7.420605e-03 6.673970e-03 7.291412e-03 6.497481e-03 4.537718e-03 3.894541e-03 4.350454e-03 4.316883e-03 3.811059e-03 4.149688e-03 4.672357e-03 3.931554e-03 3.197999e-03 3.374612e-03 3.828960e-03 3.917112e-03 4.320318e-03 5.334105e-03 6.582999e-03 7.720178e-03 9.453962e-03 1.192405e-02 1.363445e-02 1.342350e-02 1.190592e-02 1.089942e-02 9.871671e-03 8.764184e-03 7.599050e-03 7.323380e-03 8.206520e-03 9.890096e-03 1.139946e-02 1.177076e-02 1.064597e-02 8.219995e-03 5.805867e-03 3.565834e-03 2.114122e-03 1.164846e-03 6.903636e-04 4.540241e-04 3.363373e-04 2.656409e-04 2.043825e-04 1.583112e-04 1.099897e-04 7.269471e-05 4.424966e-05 2.863455e-05 1.990751e-05 1.696159e-05 1.781128e-05 2.088706e-05 2.169062e-05 1.958723e-05 1.707864e-05 1.555825e-05 1.448662e-05 1.086460e-05 4.901485e-06 1.462803e-06 5.055915e-07 3.156538e-07 3.358445e-07 2.659631e-07 3.908696e-08 3.452689e-10 3.548805e-13 2.931119e-16 8.631042e-19 1.770038e-20 2.082286e-21 1.391530e-22 5.249189e-26 1.435380e-33 2.522337e-44 1.401298e-45 1.401298e-45 1.401298e-45 1.401298e-45 1.401298e-45 1.401298e-45 1.401298e-45 2.802597e-45 2.802597e-45 1.401298e-45 1.401298e-45 1.401298e-45 1.401298e-45 1.401298e-45 1.401298e-45 1.401298e-45 1.401298e-45 1.401298e-45 1.401298e-45 1.401298e-45 1.401298e-45 1.401298e-45 1.401298e-45 1.401298e-45 2.802597e-45 2.802597e-45 1.401298e-45 1.401298e-45 1.401298e-45 1.401298e-45 1.401298e-45 1.401298e-45 1.401298e-45 1.401298e-45 1.401298e-45 1.401298e-45
1.401298e-45 1.401298e-45 4.203895e-45 9.950668e-34 4.065359e-28 1.440030e-20 3.949838e-21 1.023031e-34 1.219130e-43 5.605194e-45 4.203895e-45 4.203895e-45 5.605194e-45 8.407791e-45 1.721215e-41 3.474875e-35 1.467212e-28 2.547779e-22 1.059498e-16 3.140299e-12 9.596056e-10 1.445743e-08 8.584127e-09 1.059675e-08 1.860092e-08 2.943125e-07 4.815970e-06 3.403842e-05 3.695491e-04 3.691886e-04 1.314261e-03 3.626908e-04 6.421349e-04 2.788170e-04 1.699576e-04 1.729766e-04 5.446316e-05 2.044436e-04 1.362599e-04 6.023579e-04 1.507151e-03 1.421184e-03 6.217187e-03 2.487819e-03 4.163080e-03 2.822590e-03 1.145651e-03 1.939800e-03 8.982422e-04 1.231349e-03 1.438191e-03 1.073291e-03 1.836427e-03 1.435069e-03 1.612119e-03 2.179722e-03 1.734135e-03 2.643132e-03 3.079490e-03 2.978278e-03 5.268292e-03 5.399739e-03 5.331128e-03 8.655983e-03 7.056376e-03 5.168945e-03 6.873107e-03 5.814459e-03 4.028457e-03 5.332646e-03 6.821332e-03 6.281771e-03 7.737907e-03 1.047984e-02 9.030583e-03 6.718935e-03 6.538566e-03 6.756718e-03 5.715390e-03 4.822246e-03 4.960427e-03 5.071835e-03 4.482009e-03 4.086082e-03 4.250693e-03 4.424703e-03 4.451999e-03 4.719484e-03 5.310914e-03 5.697920e-03 6.241591e-03 7.669071e-03 1.000468e-02 1.181015e-02 1.209717e-02 1.167003e-02 1.073694e-02 9.548873e-03 7.966454e-03 7.093256e-03 7.037725e-03 7.957528e-03 9.746375e-03 1.220272e-02 1.460510e-02 1.567207e-02 1.453618e-02 1.152945e-02 8.742791e-03 6.073658e-03 4.122884e-03 2.637093e-03 1.773153e-03 1.193162e-03 7.651515e-04 4.639426e-04 2.770275e-04 1.845380e-04 1.218415e-04 8.435884e-05 6.401160e-05 6.383367e-05 7.760692e-05 9.565110e-05 8.375338e-05 5.014253e-05 2.840938e-05 2.247188e-05 2.470426e-05 2.656761e-05 2.134344e-05 1.217996e-05 5.496645e-06 3.040609e-06 3.060841e-06 3.333660e-06 1.569740e-06 1.931596e-07 6.075522e-09 7.052165e-11 1.120977e-12 8.365047e-14 1.651754e-14 5.854404e-16 2.326079e-19 2.998016e-25 1.859121e-33 7.260127e-42 1.401298e-45 1.401298e-45 1.401298e-45 1.401298e-45 1.401298e-45 1.401298e-45 2.802597e-45 2.802597e-45 1.401298e-45 1.401298e-45 1.401298e-45 1.401298e-45 1.401298e-45 2.802597e-45 2.802597e-45 1.401298e-45 1.401298e-45 1.401298e-45 1.401298e-45 1.401298e-45 2.802597e-45 2.802597e-45 2.802597e-45 2.802597e-45 1.401298e-45 1.401298e-45 1.401298e-45 1.401298e-45 1.401298e-45 1.401298e-45 1.401298e-45 1.401298e-45 1.401298e-45 1.401298e-45 1.401298e-45 1.401298e-45 1.401298e-45
0.000000e+00 1.401298e-45 1.401298e-45 2.802597e-45 4.149361e-29 6.685534e-16 2.551972e-15 2.768768e-20 6.993007e-32 2.148191e-42 4.203895e-45 2.802597e-45 4.203895e-45 4.203895e-45 5.605194e-45 1.041165e-41 5.135137e-36 1.280270e-29 7.668414e-24 7.416749e-19 3.646857e-14 2.132054e-10 1.371341e-07 3.323119e-06 7.719682e-06 9.995861e-06 6.496614e-06 1.744695e-05 1.204102e-05 3.638086e-05 3.076409e-05 9.207951e-05 1.756192e-04 2.221087e-04 3.794938e-04 1.895419e-04 5.791493e-04 6.167095e-04 1.457643e-03 2.762591e-03 2.084454e-03 4.710501e-03 2.410857e-03 2.757520e-03 2.418709e-03 1.241766e-03 1.956317e-03 1.204516e-03 1.220381e-03 1.393577e-03 9.372623e-04 1.207334e-03 9.626240e-04 1.059784e-03 1.375731e-03 1.188715e-03 2.038873e-03 2.446969e-03 2.784579e-03 5.256696e-03 4.798735e-03 5.386665e-03 8.610363e-03 6.404443e-03 6.839961e-03 1.053296e-02 7.416629e-03 6.279426e-03 8.413315e-03 6.767351e-03 5.647986e-03 7.691920e-03 8.008467e-03 6.906016e-03 8.297650e-03 9.467587e-03 8.241475e-03 7.824623e-03 7.861096e-03 6.769203e-03 6.193036e-03 6.516536e-03 6.393884e-03 6.156146e-03 6.468388e-03 6.690806e-03 6.639662e-03 6.696614e-03 6.844586e-03 6.805291e-03 7.254423e-03 8.567902e-03 9.912488e-03 9.781169e-03 8.690271e-03 8.218550e-03 8.224253e-03 8.279494e-03 8.096633e-03 8.625367e-03 9.979168e-03 1.230692e-02 1.522870e-02 1.827810e-02 2.095946e-02 2.241190e-02 2.148885e-02 1.728638e-02 1.275511e-02 8.621789e-03 5.966295e-03 3.953654e-03 2.570757e-03 1.576506e-03 9.382240e-04 5.782834e-04 3.792844e-04 2.808615e-04 2.113400e-04 1.824507e-04 1.925591e-04 2.404084e-04 2.321460e-04 1.336889e-04 5.275204e-05 2.249013e-05 1.552166e-05 1.821818e-05 2.737937e-05 3.371071e-05 3.072984e-05 2.339891e-05 1.728093e-05 1.338834e-05 1.027210e-05 4.339678e-06 7.956337e-07 9.435256e-08 1.264550e-08 2.366012e-09 6.411868e-10 7.304329e-11 2.812455e-13 1.729156e-17 7.516850e-23 6.809520e-28 8.395217e-32 3.871208e-34 5.241487e-35 8.486116e-36 4.115202e-39 2.802597e-45 2.802597e-45 1.401298e-45 1.401298e-45 1.401298e-45 1.401298e-45 1.401298e-45 1.401298e-45 2.802597e-45 2.802597e-45 1.401298e-45 1.401298e-45 1.401298e-45 1.401298e-45 1.401298e-45 1.401298e-45 1.401298e-45 2.802597e-45 1.401298e-45 1.401298e-45 1.401298e-45 1.401298e-45 1.401298e-45 1.401298e-45 1.401298e-45 1.401298e-45 1.401298e-45 1.401298e-45 1.401298e-45 1.401298e-45 1.401298e-45 1.401298e-45 1.401298e-45 1.401298e-45
1.401298e-45 1.401298e-45 0.000000e+00 1.401298e-45 1.401298e-45 1.401298e-45 2.802597e-45 4.333024e-31 2.058305e-19 1.189503e-19 2.836142e-27 5.824197e-36 1.793662e-43 4.203895e-45 4.203895e-45 4.203895e-45 5.605194e-45 5.480478e-42 1.224174e-35 5.974735e-29 2.654306e-22 1.202739e-16 1.020614e-11 2.069639e-08 2.609664e-06 1.217693e-05 2.238417e-05 1.275685e-05 6.308699e-06 3.215314e-06 2.965062e-06 4.626424e-06 6.914654e-06 3.073637e-05 1.094052e-04 5.737166e-04 1.751737e-03 2.442913e-03 3.999600e-03 2.429212e-03 2.305710e-03 1.320169e-03 8.656472e-04 9.444990e-04 7.959912e-04 1.283076e-03 1.317173e-03 1.235695e-03 1.365662e-03 9.274111e-04 9.300974e-04 9.660748e-04 1.098639e-03 1.502294e-03 1.580283e-03 2.125196e-03 2.363508e-03 2.554591e-03 3.505796e-03 3.347896e-03 4.056663e-03 5.710106e-03 5.295453e-03 7.017938e-03 9.707386e-03 7.711650e-03 8.728340e-03 1.163581e-02 8.036579e-03 6.884916e-03 8.726119e-03 7.218719e-03 6.222686e-03 8.624570e-03 1.044209e-02 9.958562e-03 1.075153e-02 1.140173e-02 1.002695e-02 8.609474e-03 7.648563e-03 7.508182e-03 8.291132e-03 8.994593e-03 9.090230e-03 9.503784e-03 1.065637e-02 1.081799e-02 9.523041e-03 8.842129e-03 9.860400e-03 1.092626e-02 1.042208e-02 9.592196e-03 9.762509e-03 1.037722e-02 1.008296e-02 9.552746e-03 9.363486e-03 1.005142e-02 1.109735e-02 1.296148e-02 1.595345e-02 1.977793e-02 2.316774e-02 2.486985e-02 2.423985e-02 2.089410e-02 1.715294e-02 1.242620e-02 8.151175e-03 4.502103e-03 2.400493e-03 1.429252e-03 1.074204e-03 9.793676e-04 9.016509e-04 7.878459e-04 6.333598e-04 5.076719e-04 3.541416e-04 1.930997e-04 8.584844e-05 3.990600e-05 2.571588e-05 2.541379e-05 3.374258e-05 3.941497e-05 3.434022e-05 2.614312e-05 2.362077e-05 2.318526e-05 2.254385e-05 1.767666e-05 8.917129e-06 3.019515e-06 1.514371e-06 1.379224e-06 8.220392e-07 1.019450e-07 1.879423e-09 5.531671e-12 2.117330e-15 5.988248e-19 2.841840e-21 4.767868e-22 4.030993e-22 2.247570e-23 8.006728e-28 2.979706e-36 2.802597e-45 1.401298e-45 1.401298e-45 1.401298e-45 1.401298e-45 1.401298e-45 1.401298e-45 1.401298e-45 1.401298e-45 1.401298e-45 1.401298e-45 1.401298e-45 1.401298e-45 1.401298e-45 2.802597e-45 2.802597e-45 2.802597e-45 1.401298e-45 1.401298e-45 1.401298e-45 1.401298e-45 1.401298e-45 1.401298e-45 1.401298e-45 2.802597e-45 2.802597e-45 2.802597e-45 1.401298e-45 1.401298e-45 1.401298e-45 1.401298e-45 1.401298e-45 1.401298e-45 1.401298e-45 1.401298e-45
0.000000e+00 0.000000e+00 0.000000e+00 0.000000e+00 0.000000e+00 1.401298e-45 1.401298e-45 1.401298e-45 1.499389e-43 1.089057e-28 7.049788e-20 1.758042e-19 9.094402e-25 5.049392e-33 1.766477e-41 5.605194e-45 5.605194e-45 7.006492e-45 2.743742e-42 2.070457e-35 5.753362e-28 7.743390e-21 6.897565e-15 1.205146e-10 6.497265e-08 2.088579e-06 2.320694e-05 3.933648e-05 5.264172e-05 1.596507e-05 1.215872e-05 7.555750e-06 1.328822e-05 4.207509e-05 1.216161e-04 1.030814e-03 1.893083e-03 6.869007e-03 4.887889e-03 3.683641e-03 2.302831e-03 8.629545e-04 9.931752e-04 5.398825e-04 6.836581e-04 8.778489e-04 7.838084e-04 1.199289e-03 1.029153e-03 1.204051e-03 1.668063e-03 1.545406e-03 2.458494e-03 3.253645e-03 3.639952e-03 4.728500e-03 3.915628e-03 3.414314e-03 2.983837e-03 2.741660e-03 3.563204e-03 4.181345e-03 5.326136e-03 7.318459e-03 7.063369e-03 7.927612e-03 1.035647e-02 8.963726e-03 8.554309e-03 1.042514e-02 8.987105e-03 7.305809e-03 8.435432e-03 9.835558e-03 9.329442e-03 8.983569e-03 1.007974e-02 1.104496e-02 1.022822e-02 9.358393e-03 1.007174e-02 1.146934e-02 1.114674e-02 9.899701e-03 1.013549e-02 1.126175e-02 1.055887e-02 8.950790e-03 9.201073e-03 1.098307e-02 1.232705e-02 1.254044e-02 1.294627e-02 1.369396e-02 1.372983e-02 1.285348e-02 1.188652e-02 1.178350e-02 1.188079e-02 1.277173e-02 1.446041e-02 1.705911e-02 1.982807e-02 2.221346e-02 2.396548e-02 2.500694e-02 2.485379e-02 2.207549e-02 1.750631e-02 1.127454e-02 6.772969e-03 4.105830e-03 3.046793e-03 2.813822e-03 2.966800e-03 3.037690e-03 2.686627e-03 2.008833e-03 1.190445e-03 5.914625e-04 2.643197e-04 1.200434e-04 6.422814e-05 4.627391e-05 4.448676e-05 4.392160e-05 3.651845e-05 2.393259e-05 1.595808e-05 1.342986e-05 1.618029e-05 2.083043e-05 2.331153e-05 2.114990e-05 1.653848e-05 1.304730e-05 1.333930e-05 8.592100e-06 8.821794e-07 1.378280e-08 1.003295e-10 8.504510e-13 2.021158e-14 3.051556e-15 5.535582e-15 4.352518e-15 3.044901e-18 4.893726e-26 2.492558e-37 2.802597e-45 1.401298e-45 1.401298e-45 1.401298e-45 1.401298e-45 1.401298e-45 2.802597e-45 2.802597e-45 2.802597e-45 1.401298e-45 1.401298e-45 1.401298e-45 1.401298e-45 1.401298e-45 2.802597e-45 2.802597e-45 1.401298e-45 1.401298e-45 1.401298e-45 1.401298e-45 1.401298e-45 1.401298e-45 2.802597e-45 2.802597e-45 2.802597e-45 1.401298e-45 1.401298e-45 1.401298e-45 1.401298e-45 1.401298e-45 1.401298e-45 1.401298e-45 1.401298e-45 1.401298e-45 1.401298e-45 1.401298e-45
1.401298e-45 1.401298e-45 1.401298e-45 1.401298e-45 1.401298e-45 1.401298e-45 1.401298e-45 1.401298e-45 1.401298e-45 2.802597e-45 4.203895e-45 4.803791e-41 8.889037e-32 1.636226e-28 6.416897e-30 1.247186e-33 7.109140e-37 4.727465e-38 2.873112e-36 9.683457e-33 2.065109e-27 1.083388e-21 1.161451e-15 3.144627e-11 1.028641e-08 4.476487e-07 1.118628e-06 4.383492e-06 4.288665e-06 1.238210e-05 1.535395e-05 3.756248e-05 1.118772e-04 1.199237e-04 5.188517e-04 4.286488e-04 1.956830e-03 2.141027e-03 3.650308e-03 4.678779e-03 2.485449e-03 3.631886e-03 1.204061e-03 1.090877e-03 8.928075e-04 5.659369e-04 1.489805e-03 1.569635e-03 2.860460e-03 5.356035e-03 3.206698e-03 5.445354e-03 5.048244e-03 3.891665e-03 6.629820e-03 4.390226e-03 3.826003e-03 4.551747e-03 3.122462e-03 3.665289e-03 4.273289e-03 3.790950e-03 5.212600e-03 6.107645e-03 6.245453e-03 8.571354e-03 8.988589e-03 9.334049e-03 1.295803e-02 1.334710e-02 1.185531e-02 1.377550e-02 1.377471e-02 1.023079e-02 9.469604e-03 1.067640e-02 1.038402e-02 1.038939e-02 1.196901e-02 1.263093e-02 1.243589e-02 1.256581e-02 1.183579e-02 1.069419e-02 1.001912e-02 8.822423e-03 7.737938e-03 8.260429e-03 9.915813e-03 1.064206e-02 1.086605e-02 1.272100e-02 1.662242e-02 1.952819e-02 1.950259e-02 1.901021e-02 1.858866e-02 1.753542e-02 1.506183e-02 1.354937e-02 1.368267e-02 1.569538e-02 1.909477e-02 2.306138e-02 2.676129e-02 2.919336e-02 2.821323e-02 2.275895e-02 1.688669e-02 1.226414e-02 1.054402e-02 1.036001e-02 1.112836e-02 1.107746e-02 9.298266e-03 6.372838e-03 3.703792e-03 2.000320e-03 1.017561e-03 5.206920e-04 2.850183e-04 1.812785e-04 1.288399e-04 9.104482e-05 6.055196e-05 3.885116e-05 2.738078e-05 2.249447e-05 2.354312e-05 2.807379e-05 3.208703e-05 2.896202e-05 2.336172e-05 2.142195e-05 2.395497e-05 2.429916e-05 1.580226e-05 3.980165e-06 2.874669e-07 1.427784e-08 2.374297e-09 1.304833e-09 1.087735e-09 4.126411e-10 4.059975e-12 5.519387e-17 6.255681e-25 3.264772e-34 7.185859e-42 1.401298e-45 1.401298e-45 1.401298e-45 1.401298e-45 2.802597e-45 2.802597e-45 1.401298e-45 1.401298e-45 1.401298e-45 1.401298e-45 1.401298e-45 2.802597e-45 1.401298e-45 1.401298e-45 1.401298e-45 1.401298e-45 1.401298e-45 1.401298e-45 1.401298e-45 1.401298e-45 1.401298e-45 2.802597e-45 1.401298e-45 1.401298e-45 1.401298e-45 1.401298e-45 1.401298e-45 1.401298e-45 1.401298e-45 1.401298e-45 1.401298e-45 1.401298e-45 1.401298e-45 1.401298e-45 1.401298e-45 1.401298e-45
1.401298e-45 1.401298e-45 1.401298e-45 1.401298e-45 1.401298e-45 1.401298e-45 1.401298e-45 1.401298e-45 1.401298e-45 1.401298e-45 2.802597e-45 4.203895e-45 2.017870e-42 7.737833e-30 5.334281e-23 7.384970e-21 1.748862e-21 2.084406e-23 2.363279e-25 1.110924e-24 6.708106e-22 1.210535e-17 1.466595e-13 2.845810e-10 7.297788e-08 7.755137e-07 3.589520e-06 1.939279e-06 3.231061e-06 2.156601e-06 4.283858e-06 1.048981e-05 1.878649e-05 1.177822e-04 1.045306e-04 5.506339e-04 5.739402e-04 1.528928e-03 2.729800e-03 2.264961e-03 5.139316e-03 1.724804e-03 2.199164e-03 1.419186e-03 8.107690e-04 2.335089e-03 2.225214e-03 5.444748e-03 1.125370e-02 6.260403e-03 1.176671e-02 6.718010e-03 3.856260e-03 6.113046e-03 3.051755e-03 3.529201e-03 6.095835e-03 3.925555e-03 5.279248e-03 6.176544e-03 4.105797e-03 5.529818e-03 5.723834e-03 4.871959e-03 7.129302e-03 7.747218e-03 8.607102e-03 1.488409e-02 1.637970e-02 1.614871e-02 2.506533e-02 2.393832e-02 1.595460e-02 1.784039e-02 1.968616e-02 1.483659e-02 1.424791e-02 1.714598e-02 1.581861e-02 1.412287e-02 1.488246e-02 1.437552e-02 1.256288e-02 1.154452e-02 1.034523e-02 9.274854e-03 9.509432e-03 9.869121e-03 8.914146e-03 8.678246e-03 1.174350e-02 1.746267e-02 2.007272e-02 1.887958e-02 1.929086e-02 2.222793e-02 2.283153e-02 2.032608e-02 1.773630e-02 1.788846e-02 2.024217e-02 2.424999e-02 2.929131e-02 3.414723e-02 3.704544e-02 3.659889e-02 3.244970e-02 2.653114e-02 2.256272e-02 1.991588e-02 1.970163e-02 1.961605e-02 1.825613e-02 1.437865e-02 9.970979e-03 6.732299e-03 4.653571e-03 3.240239e-03 2.125805e-03 1.377754e-03 9.091477e-04 6.065828e-04 3.765873e-04 2.079816e-04 1.115147e-04 6.775508e-05 5.468351e-05 5.546624e-05 6.202579e-05 5.910453e-05 4.302257e-05 2.835094e-05 2.470222e-05 2.815432e-05 3.087069e-05 2.497197e-05 1.356076e-05 5.213386e-06 1.908958e-06 1.068129e-06 9.564383e-07 4.505116e-07 1.213807e-08 1.027170e-11 2.900856e-16 6.019656e-22 2.880651e-27 1.456594e-30 7.133517e-32 2.718040e-32 2.427229e-34 2.605154e-40 2.802597e-45 2.802597e-45 1.401298e-45 1.401298e-45 1.401298e-45 1.401298e-45 1.401298e-45 1.401298e-45 1.401298e-45 2.802597e-45 1.401298e-45 1.401298e-45 1.401298e-45 1.401298e-45 2.802597e-45 2.802597e-45 2.802597e-45 2.802597e-45 1.401298e-45 1.401298e-45 1.401298e-45 1.401298e-45 1.401298e-45 1.401298e-45 1.401298e-45 1.401298e-45 1.401298e-45 1.401298e-45 1.401298e-45 1.401298e-45 1.401298e-45 1.401298e-45 1.401298e-45
2.802597e-45 1.401298e-45 2.802597e-45 1.121039e-44 4.007714e-43 4.203895e-45 4.203895e-45 5.605194e-45 4.203895e-45 2.802597e-45 2.802597e-45 4.203895e-45 4.764415e-44 1.048277e-34 4.807915e-27 4.960912e-21 1.582143e-16 2.651368e-14 1.339533e-13 2.280982e-14 1.834706e-14 1.987920e-13 4.241597e-11 1.670896e-08 1.695574e-06 5.965502e-05 1.721603e-04 4.509903e-04 1.256246e-04 6.447074e-05 2.266831e-05 1.950067e-05 3.909201e-05 3.349916e-05 2.223429e-04 2.436474e-04 1.040047e-03 1.703181e-03 1.836694e-03 3.553062e-03 1.721485e-03 2.635493e-03 2.138244e-03 1.865067e-03 3.606402e-03 2.847842e-03 6.497868e-03 1.046219e-02 8.768895e-03 1.590874e-02 8.687417e-03 5.910184e-03 7.447854e-03 3.562284e-03 4.193326e-03 5.735093e-03 3.774731e-03 5.497069e-03 5.839132e-03 4.416882e-03 6.042751e-03 5.603421e-03 5.241519e-03 7.499509e-03 7.137381e-03 7.820451e-03 1.151647e-02 1.048931e-02 1.178508e-02 2.081150e-02 2.226909e-02 2.194908e-02 3.446883e-02 3.874914e-02 2.875192e-02 2.760467e-02 2.824716e-02 2.293900e-02 1.972816e-02 1.854608e-02 1.671123e-02 1.597464e-02 1.566261e-02 1.298188e-02 1.064670e-02 1.086529e-02 1.119893e-02 9.580694e-03 9.155289e-03 1.201161e-02 1.596507e-02 1.664570e-02 1.674489e-02 2.045290e-02 2.650107e-02 2.934938e-02 2.735888e-02 2.507450e-02 2.337630e-02 2.314826e-02 2.392171e-02 2.607845e-02 2.983957e-02 3.428346e-02 3.749776e-02 3.852624e-02 3.737236e-02 3.474037e-02 3.219968e-02 2.770773e-02 2.373097e-02 1.966857e-02 1.640861e-02 1.377467e-02 1.221994e-02 1.135479e-02 1.048177e-02 8.845016e-03 6.299921e-03 3.847810e-03 2.138456e-03 1.121759e-03 5.829296e-04 3.276549e-04 2.240111e-04 1.901369e-04 1.922711e-04 1.869343e-04 1.470136e-04 1.003525e-04 8.095849e-05 8.401833e-05 8.852528e-05 6.601613e-05 3.001678e-05 1.236589e-05 7.718290e-06 7.304590e-06 6.983503e-06 5.305530e-06 1.000271e-06 1.949891e-08 5.271273e-11 6.072845e-14 1.382729e-16 1.472807e-18 5.023760e-20 3.079405e-21 1.070614e-23 1.041432e-29 4.516888e-39 2.802597e-45 1.401298e-45 1.401298e-45 1.401298e-45 1.401298e-45 1.401298e-45 2.802597e-45 2.802597e-45 2.802597e-45 2.802597e-45 1.401298e-45 1.401298e-45 1.401298e-45 1.401298e-45 2.802597e-45 2.802597e-45 2.802597e-45 1.401298e-45 1.401298e-45 1.401298e-45 1.401298e-45 1.401298e-45 2.802597e-45 2.802597e-45 2.802597e-45 2.802597e-45 1.401298e-45 1.401298e-45 1.401298e-45 1.401298e-45 1.401298e-45 1.401298e-45 1.401298e-45 1.401298e-45
1.401298e-45 2.802597e-45 4.203895e-44 4.203895e-45 8.407791e-45 7.006492e-45 5.605194e-45 6.831330e-42 2.283808e-40 3.685415e-43 1.401298e-44 6.268008e-42 1.204190e-38 1.464022e-35 1.538129e-30 3.134711e-24 2.814141e-18 1.309612e-13 4.297115e-11 3.042372e-10 1.165602e-10 8.764767e-11 5.454795e-10 2.330852e-08 1.870462e-06 2.604160e-05 3.375055e-04 5.960833e-04 1.768538e-03 1.059439e-03 1.010750e-03 4.284230e-04 1.666395e-04 1.396432e-04 5.949078e-05 1.735548e-04 2.122587e-04 4.029257e-04 6.598076e-04 7.986096e-04 1.704497e-03 2.830957e-03 4.910393e-03 7.605294e-03 7.966768e-03 9.067105e-03 8.495045e-03 7.141445e-03 7.979737e-03 6.030145e-03 5.557331e-03 6.420794e-03 4.816362e-03 5.073482e-03 5.750116e-03 4.506320e-03 4.759251e-03 4.450546e-03 3.699291e-03 4.294858e-03 4.354476e-03 4.866417e-03 6.980650e-03 8.109026e-03 9.481064e-03 1.085051e-02 9.610859e-03 9.611835e-03 1.143441e-02 1.282953e-02 1.734122e-02 2.824841e-02 3.502908e-02 3.794427e-02 4.568984e-02 4.432297e-02 3.591875e-02 3.307484e-02 2.958986e-02 2.434967e-02 2.561650e-02 2.727618e-02 2.009498e-02 1.499875e-02 1.562730e-02 1.536314e-02 1.175787e-02 1.052903e-02 1.260989e-02 1.461308e-02 1.492828e-02 1.721889e-02 2.339384e-02 2.856305e-02 2.764869e-02 2.568368e-02 2.614621e-02 2.712191e-02 2.491050e-02 2.330078e-02 2.515225e-02 3.057782e-02 3.727566e-02 4.145637e-02 4.170864e-02 4.014250e-02 3.769339e-02 3.402534e-02 3.017274e-02 2.533123e-02 2.229832e-02 2.014414e-02 1.935582e-02 1.893717e-02 1.922072e-02 1.918351e-02 1.750914e-02 1.346183e-02 8.721252e-03 5.022340e-03 2.826451e-03 1.685055e-03 1.166267e-03 1.011909e-03 1.107418e-03 1.288087e-03 1.185830e-03 7.441532e-04 3.893958e-04 2.430781e-04 2.127599e-04 2.114742e-04 1.512522e-04 6.239393e-05 1.979049e-05 9.130196e-06 9.712993e-06 1.757874e-05 1.680333e-05 4.066148e-06 2.769553e-07 7.498358e-09 2.963168e-10 3.849992e-11 7.055578e-12 3.040194e-13 4.498841e-16 1.929151e-21 2.518538e-29 2.606925e-38 2.802597e-45 1.401298e-45 1.401298e-45 1.401298e-45 2.802597e-45 2.802597e-45 2.802597e-45 2.802597e-45 1.401298e-45 1.401298e-45 1.401298e-45 1.401298e-45 1.401298e-45 1.401298e-45 1.401298e-45 1.401298e-45 1.401298e-45 1.401298e-45 1.401298e-45 1.401298e-45 1.401298e-45 1.401298e-45 2.802597e-45 2.802597e-45 1.401298e-45 1.401298e-45 1.401298e-45 1.401298e-45 1.401298e-45 1.401298e-45 1.401298e-45 1.401298e-45 1.401298e-45 1.401298e-45 1.401298e-45
1.401298e-45 1.401298e-45 5.605194e-45 3.338881e-28 7.260053e-24 2.119558e-17 9.811211e-20 9.130137e-33 7.802430e-41 7.006492e-45 5.605194e-45 7.006492e-45 3.923636e-44 1.509381e-39 9.221363e-35 2.177097e-29 1.397258e-23 4.843882e-18 3.907297e-13 1.536762e-09 4.727264e-07 7.063159e-06 1.686168e-05 2.678645e-05 3.654894e-05 9.552886e-05 8.344477e-05 1.711361e-04 1.909692e-04 6.038907e-04 7.499574e-04 9.379021e-04 6.387003e-04 2.976386e-04 1.672607e-04 5.497747e-05 7.982944e-05 9.270577e-05 2.465052e-04 6.931762e-04 1.979354e-03 5.041791e-03 7.401186e-03 1.210305e-02 8.913454e-03 8.594841e-03 6.328053e-03 4.619281e-03 5.392591e-03 4.294636e-03 4.790787e-03 5.835930e-03 4.702909e-03 5.468574e-03 4.920016e-03 3.952464e-03 4.786399e-03 4.387300e-03 4.012363e-03 4.874370e-03 5.004866e-03 5.462099e-03 7.203123e-03 8.280896e-03 9.094454e-03 1.051665e-02 1.134888e-02 1.163822e-02 1.191905e-02 1.371622e-02 1.845293e-02 2.301783e-02 2.925821e-02 4.012880e-02 4.179953e-02 3.679384e-02 4.042951e-02 4.473932e-02 4.049281e-02 4.189543e-02 4.886730e-02 4.198869e-02 3.034212e-02 2.735771e-02 2.494218e-02 1.848594e-02 1.539058e-02 1.625570e-02 1.620870e-02 1.524584e-02 1.796270e-02 2.418565e-02 2.654447e-02 2.455270e-02 2.599533e-02 3.187728e-02 3.299112e-02 2.677646e-02 2.087366e-02 2.003494e-02 2.309235e-02 2.793160e-02 3.337472e-02 3.885173e-02 4.303848e-02 4.398452e-02 4.053506e-02 3.516936e-02 3.139712e-02 2.841682e-02 2.791620e-02 2.845786e-02 3.030804e-02 3.115644e-02 2.967056e-02 2.424320e-02 1.745327e-02 1.185487e-02 8.333874e-03 6.221990e-03 4.900794e-03 4.267809e-03 4.422662e-03 5.206233e-03 5.373323e-03 3.805334e-03 1.816321e-03 7.783948e-04 4.389911e-04 3.897323e-04 4.320731e-04 3.765702e-04 2.141207e-04 1.059222e-04 8.064634e-05 1.042694e-04 1.297726e-04 8.224186e-05 2.681065e-05 5.145997e-06 8.813726e-07 1.866823e-07 6.062938e-08 1.407437e-08 1.765155e-10 1.413895e-14 2.199249e-20 1.473769e-26 5.765372e-32 5.116911e-35 5.746592e-36 1.358805e-35 3.382928e-36 2.956922e-40 2.802597e-45 2.802597e-45 1.401298e-45 1.401298e-45 1.401298e-45 1.401298e-45 1.401298e-45 2.802597e-45 2.802597e-45 2.802597e-45 2.802597e-45 1.401298e-45 1.401298e-45 1.401298e-45 2.802597e-45 2.802597e-45 2.802597e-45 2.802597e-45 2.802597e-45 1.401298e-45 1.401298e-45 1.401298e-45 1.401298e-45 1.401298e-45 1.401298e-45 1.401298e-45 1.401298e-45 1.401298e-45 1.401298e-45 1.401298e-45 1.401298e-45
0.000000e+00 1.401298e-45 1.401298e-45 2.802597e-45 1.977318e-18 1.042358e-08 1.121190e-09 1.869408e-16 4.539725e-29 1.027303e-38 3.363116e-44 4.203895e-45 5.605194e-45 2.494311e-43 1.387815e-38 3.374802e-34 5.453413e-29 9.938682e-23 2.345986e-17 8.469713e-13 2.505870e-09 1.641443e-06 5.683061e-05 2.743675e-04 2.503696e-04 1.233616e-04 6.654749e-05 2.635995e-05 2.290152e-05 1.513641e-05 3.602419e-05 6.624644e-05 2.357301e-04 3.308848e-04 2.869031e-04 2.931407e-04 2.176087e-04 5.795521e-04 7.857347e-04 1.820060e-03 3.337096e-03 3.228926e-03 6.748534e-03 4.105052e-03 5.804967e-03 4.804045e-03 3.785022e-03 6.260066e-03 3.631278e-03 4.558783e-03 5.490786e-03 3.345175e-03 4.836630e-03 4.667876e-03 3.525191e-03 5.106879e-03 4.443927e-03 4.239013e-03 6.497191e-03 5.508726e-03 5.283471e-03 6.808958e-03 5.670261e-03 5.737596e-03 7.646908e-03 8.511477e-03 1.025940e-02 1.258779e-02 1.493485e-02 1.883894e-02 2.070454e-02 2.263294e-02 2.956143e-02 3.362325e-02 3.389701e-02 4.318938e-02 5.501296e-02 5.308504e-02 5.474058e-02 6.432482e-02 5.989870e-02 4.974748e-02 4.822303e-02 4.455080e-02 3.589587e-02 3.258376e-02 3.178960e-02 2.607789e-02 2.148984e-02 2.321010e-02 2.745580e-02 2.702783e-02 2.496973e-02 2.793268e-02 3.374550e-02 3.397961e-02 2.850899e-02 2.503889e-02 2.498147e-02 2.802666e-02 3.358799e-02 4.193481e-02 5.248614e-02 6.080021e-02 6.220685e-02 5.761238e-02 4.899917e-02 3.989640e-02 3.427356e-02 3.192938e-02 3.472335e-02 3.989379e-02 4.368379e-02 4.042215e-02 3.278410e-02 2.459016e-02 1.896061e-02 1.582475e-02 1.415746e-02 1.321884e-02 1.281499e-02 1.265659e-02 1.105265e-02 7.426709e-03 3.758775e-03 1.764252e-03 1.028935e-03 8.927762e-04 1.059358e-03 1.248238e-03 1.064995e-03 6.507409e-04 4.001749e-04 3.420754e-04 3.697625e-04 3.237823e-04 1.462549e-04 3.161025e-05 7.538916e-06 4.177642e-06 2.953768e-06 1.057571e-06 8.722502e-08 8.683916e-10 5.780307e-13 8.013597e-17 2.732161e-20 4.226052e-22 1.657647e-22 5.159565e-23 4.408943e-25 8.108292e-31 1.090343e-39 2.802597e-45 1.401298e-45 1.401298e-45 1.401298e-45 1.401298e-45 1.401298e-45 2.802597e-45 2.802597e-45 2.802597e-45 2.802597e-45 1.401298e-45 1.401298e-45 1.401298e-45 2.802597e-45 2.802597e-45 2.802597e-45 2.802597e-45 1.401298e-45 1.401298e-45 1.401298e-45 1.401298e-45 1.401298e-45 1.401298e-45 2.802597e-45 1.401298e-45 1.401298e-45 1.401298e-45 1.401298e-45 1.401298e-45 1.401298e-45 1.401298e-45 1.401298e-45
1.401298e-45 1.401298e-45 0.000000e+00 1.401298e-45 1.401298e-45 1.401298e-45 8.407791e-45 1.873946e-26 1.854509e-16 7.650357e-17 2.265347e-23 4.751703e-30 3.767198e-36 2.127451e-41 1.359260e-43 2.297709e-41 1.654423e-36 1.718715e-30 3.289979e-24 2.049104e-18 2.320168e-13 6.255227e-10 4.035241e-07 8.529250e-06 8.181640e-05 9.209647e-05 7.864837e-05 3.439008e-05 9.011187e-06 6.268792e-06 3.244520e-06 7.933369e-06 1.197865e-05 8.073479e-05 3.219085e-04 1.116268e-03 2.834369e-03 2.467364e-03 3.621677e-03 2.566657e-03 2.123805e-03 2.444948e-03 1.288284e-03 2.548850e-03 2.388210e-03 2.996240e-03 5.492089e-03 3.383022e-03 5.371004e-03 4.262888e-03 2.821741e-03 4.427515e-03 3.911221e-03 4.189268e-03 6.152815e-03 5.023897e-03 5.374912e-03 6.421166e-03 5.086839e-03 5.597838e-03 6.124673e-03 5.230933e-03 6.077827e-03 6.796359e-03 6.742106e-03 8.339174e-03 1.069777e-02 1.312417e-02 1.633894e-02 1.807500e-02 1.996416e-02 2.504663e-02 2.839763e-02 3.189132e-02 4.448827e-02 5.663969e-02 5.897409e-02 6.627177e-02 7.402583e-02 6.979050e-02 7.041375e-02 8.143094e-02 7.989245e-02 6.737785e-02 6.419826e-02 6.166778e-02 4.903214e-02 3.886522e-02 3.767939e-02 3.847018e-02 3.476432e-02 3.258726e-02 3.647958e-02 4.051566e-02 3.811518e-02 3.514061e-02 3.566894e-02 3.790793e-02 3.729113e-02 3.626783e-02 3.845088e-02 4.407883e-02 5.139638e-02 5.644549e-02 5.619661e-02 5.267904e-02 4.776200e-02 4.400581e-02 4.342372e-02 4.423995e-02 4.617315e-02 4.457623e-02 4.032644e-02 3.546188e-02 3.357415e-02 3.418422e-02 3.650794e-02 3.792023e-02 3.610467e-02 3.041574e-02 2.213374e-02 1.391451e-02 7.682427e-03 4.162817e-03 2.597796e-03 2.169924e-03 2.332497e-03 2.662865e-03 2.466390e-03 1.684015e-03 9.235503e-04 5.673078e-04 4.541586e-04 4.177311e-04 2.936095e-04 1.260260e-04 4.799607e-05 2.901273e-05 2.762916e-05 2.577471e-05 8.376031e-06 6.072337e-07 1.636762e-08 2.391044e-10 2.490992e-12 6.159805e-14 1.568504e-14 5.405437e-15 7.086994e-17 1.513681e-22 5.440643e-32 3.461207e-43 1.401298e-45 1.401298e-45 1.401298e-45 1.401298e-45 1.401298e-45 1.401298e-45 2.802597e-45 2.802597e-45 2.802597e-45 1.401298e-45 1.401298e-45 1.401298e-45 1.401298e-45 1.401298e-45 1.401298e-45 1.401298e-45 2.802597e-45 2.802597e-45 1.401298e-45 1.401298e-45 1.401298e-45 1.401298e-45 1.401298e-45 2.802597e-45 1.401298e-45 1.401298e-45 1.401298e-45 1.401298e-45 1.401298e-45 1.401298e-45 1.401298e-45 1.401298e-45 1.401298e-45
0.000000e+00 0.000000e+00 0.000000e+00 0.000000e+00 0.000000e+00 1.401298e-45 1.401298e-45 2.802597e-45 4.701931e-40 5.732728e-26 2.000824e-17 5.500119e-17 8.449353e-21 6.027234e-27 7.065494e-33 1.435765e-35 7.680007e-35 4.703408e-32 1.700946e-27 5.753271e-21 2.026417e-15 4.481202e-11 8.250406e-09 8.266375e-07 4.701000e-06 4.328691e-05 8.107647e-05 1.177554e-04 1.088608e-04 3.142958e-05 3.321549e-05 1.113232e-05 3.622067e-05 4.441384e-05 2.775177e-04 1.141577e-03 3.586572e-03 9.823710e-03 5.113701e-03 4.278912e-03 1.892381e-03 1.063645e-03 1.617095e-03 9.846060e-04 1.746244e-03 2.240979e-03 2.093099e-03 4.199208e-03 3.369523e-03 4.428633e-03 6.425706e-03 4.813591e-03 6.785836e-03 7.990761e-03 7.846577e-03 1.083936e-02 1.017939e-02 7.835682e-03 6.918948e-03 6.105703e-03 5.800423e-03 6.397860e-03 7.462349e-03 8.031675e-03 8.265848e-03 9.401497e-03 1.101835e-02 1.218762e-02 1.416249e-02 1.810806e-02 2.165272e-02 2.244857e-02 2.724402e-02 3.882308e-02 4.392899e-02 4.526360e-02 5.888197e-02 7.314663e-02 7.036334e-02 7.735023e-02 1.038740e-01 1.089334e-01 9.359059e-02 9.724283e-02 1.057776e-01 8.744516e-02 6.512841e-02 5.685137e-02 5.219835e-02 4.595497e-02 4.574893e-02 5.162975e-02 5.275770e-02 4.728401e-02 4.575928e-02 5.167399e-02 5.332690e-02 4.602184e-02 4.003733e-02 4.276846e-02 5.099625e-02 5.683845e-02 5.924273e-02 5.902411e-02 5.521512e-02 4.996005e-02 4.564356e-02 4.446602e-02 4.467101e-02 4.169011e-02 3.860396e-02 3.707319e-02 4.080473e-02 5.011815e-02 6.709074e-02 8.548384e-02 9.201101e-02 7.572478e-02 4.915471e-02 2.855145e-02 1.653891e-02 1.003698e-02 6.599796e-03 5.127238e-03 4.745602e-03 4.813571e-03 4.373306e-03 3.163570e-03 1.840894e-03 1.125109e-03 8.764678e-04 8.592573e-04 7.823091e-04 4.938261e-04 2.516510e-04 1.569602e-04 1.557128e-04 2.121258e-04 2.132376e-04 7.025623e-05 6.814421e-06 3.722903e-07 3.842306e-08 8.030421e-09 3.118297e-09 7.481599e-10 1.725421e-11 1.269604e-15 6.634825e-23 4.939070e-32 1.446897e-40 1.401298e-45 1.401298e-45 1.401298e-45 1.401298e-45 1.401298e-45 2.802597e-45 2.802597e-45 1.401298e-45 1.401298e-45 1.401298e-45 1.401298e-45 1.401298e-45 2.802597e-45 2.802597e-45 2.802597e-45 2.802597e-45 1.401298e-45 1.401298e-45 1.401298e-45 1.401298e-45 2.802597e-45 2.802597e-45 2.802597e-45 2.802597e-45 1.401298e-45 1.401298e-45 1.401298e-45 1.401298e-45 1.401298e-45 1.401298e-45 1.401298e-45 1.401298e-45 1.401298e-45 1.401298e-45
1.401298e-45 1.401298e-45 1.401298e-45 1.401298e-45 1.401298e-45 1.401298e-45 1.401298e-45 1.401298e-45 1.401298e-45 4.203895e-45 7.006492e-45 2.658633e-34 9.804120e-27 1.968067e-23 1.800247e-23 4.046531e-25 5.388251e-26 9.555730e-25 1.819301e-21 5.333353e-18 4.589316e-14 5.339947e-11 7.177083e-08 1.027856e-06 8.858760e-06 1.138329e-05 1.856335e-05 2.157966e-05 1.993559e-05 5.486502e-05 3.730228e-05 1.913452e-04 1.222781e-04 3.685015e-04 3.723172e-04 7.323393e-04 2.138267e-03 2.210999e-03 6.136090e-03 4.306884e-03 3.598315e-03 3.324604e-03 1.154125e-03 1.583019e-03 9.305642e-04 9.931482e-04 2.286278e-03 2.447686e-03 7.355703e-03 1.116253e-02 1.027297e-02 1.465945e-02 1.237490e-02 1.168550e-02 1.354733e-02 1.179621e-02 1.046789e-02 9.800239e-03 9.230965e-03 8.662103e-03 7.611566e-03 8.538821e-03 9.558014e-03 9.154683e-03 1.072833e-02 1.217431e-02 1.155971e-02 1.348535e-02 1.861080e-02 2.240370e-02 2.509413e-02 3.219858e-02 4.054850e-02 3.846123e-02 3.727059e-02 4.957239e-02 6.060998e-02 5.632756e-02 6.297516e-02 8.777529e-02 9.598853e-02 8.778601e-02 9.895150e-02 1.140447e-01 9.958505e-02 8.063933e-02 7.565860e-02 7.292231e-02 6.785030e-02 6.853355e-02 7.430328e-02 7.570829e-02 7.498615e-02 8.109105e-02 8.599539e-02 7.757858e-02 6.219852e-02 5.389691e-02 5.194150e-02 5.217124e-02 5.327822e-02 5.622865e-02 6.090238e-02 6.107477e-02 5.473370e-02 4.903786e-02 4.610029e-02 4.495456e-02 4.407181e-02 4.338401e-02 4.904682e-02 6.277440e-02 8.752137e-02 1.140104e-01 1.282897e-01 1.126712e-01 7.908178e-02 4.955323e-02 3.232345e-02 2.325768e-02 1.778434e-02 1.408684e-02 1.195008e-02 1.136033e-02 1.124666e-02 9.857164e-03 6.808521e-03 4.208796e-03 2.969244e-03 2.695933e-03 2.748890e-03 2.349153e-03 1.507676e-03 8.020605e-04 5.187697e-04 5.325194e-04 7.629996e-04 7.413242e-04 2.866352e-04 4.023454e-05 5.056112e-06 1.368805e-06 1.209313e-06 1.062095e-06 1.023414e-07 2.664856e-10 1.088963e-14 1.581909e-20 1.471720e-26 7.662262e-31 1.388596e-32 2.009494e-32 1.809868e-32 1.793978e-35 9.073408e-42 2.802597e-45 2.802597e-45 1.401298e-45 1.401298e-45 1.401298e-45 1.401298e-45 2.802597e-45 2.802597e-45 2.802597e-45 2.802597e-45 1.401298e-45 1.401298e-45 2.802597e-45 2.802597e-45 2.802597e-45 2.802597e-45 2.802597e-45 1.401298e-45 1.401298e-45 1.401298e-45 1.401298e-45 1.401298e-45 1.401298e-45 1.401298e-45 1.401298e-45 1.401298e-45 1.401298e-45 1.401298e-45 1.401298e-45 1.401298e-45
2.802597e-45 1.401298e-45 1.401298e-45 1.401298e-45 1.401298e-45 1.401298e-45 1.401298e-45 1.401298e-45 1.401298e-45 2.802597e-45 4.203895e-45 7.006492e-45 5.442070e-34 8.498846e-24 3.174276e-18 4.859521e-16 1.800377e-15 1.825682e-15 2.816688e-15 3.232629e-13 5.731766e-11 4.604952e-08 9.294092e-07 1.656474e-05 2.738206e-05 5.471183e-05 3.154875e-05 1.852757e-05 2.262407e-05 1.482235e-05 5.800466e-05 6.079163e-05 2.757144e-04 3.691740e-04 5.188748e-04 1.014784e-03 8.315377e-04 2.764215e-03 2.487017e-03 4.936886e-03 6.032227e-03 3.213393e-03 3.190101e-03 1.473180e-03 1.089225e-03 1.748071e-03 2.032767e-03 6.230684e-03 1.090354e-02 1.248105e-02 2.014955e-02 1.610815e-02 1.340772e-02 1.286839e-02 9.046831e-03 8.748243e-03 1.016434e-02 1.035824e-02 1.051164e-02 9.933874e-03 9.485750e-03 8.791817e-03 7.778354e-03 8.634396e-03 9.714962e-03 1.010393e-02 1.309645e-02 1.774956e-02 2.107440e-02 2.582473e-02 3.422860e-02 4.126483e-02 4.154404e-02 4.460214e-02 5.415103e-02 5.668493e-02 5.523666e-02 6.452283e-02 7.869951e-02 8.123987e-02 8.032193e-02 8.672104e-02 8.999876e-02 8.634038e-02 8.754516e-02 9.408110e-02 9.279123e-02 8.493195e-02 8.575568e-02 9.702179e-02 1.083265e-01 1.158755e-01 1.187429e-01 1.118591e-01 9.925841e-02 9.198695e-02 8.638787e-02 7.649403e-02 6.312019e-02 5.675317e-02 6.164300e-02 7.125565e-02 7.584435e-02 7.029957e-02 6.154303e-02 5.607606e-02 5.109512e-02 4.730929e-02 4.779509e-02 5.414457e-02 7.054870e-02 9.319759e-02 1.169702e-01 1.240043e-01 1.095509e-01 8.255176e-02 6.131818e-02 4.967585e-02 4.478614e-02 4.180136e-02 3.722000e-02 3.153223e-02 2.681660e-02 2.280988e-02 1.821521e-02 1.363369e-02 1.061721e-02 9.405567e-03 9.248066e-03 8.664697e-03 6.489498e-03 3.542366e-03 1.865551e-03 1.423330e-03 1.799702e-03 2.301291e-03 1.718366e-03 6.015698e-04 1.582936e-04 5.779639e-05 4.227233e-05 4.696379e-05 2.094830e-05 1.152768e-06 6.176754e-09 5.735988e-12 2.773751e-15 3.193747e-18 2.990145e-20 2.724758e-21 1.991695e-22 8.682340e-26 9.915451e-33 1.254162e-42 1.401298e-45 1.401298e-45 1.401298e-45 1.401298e-45 1.401298e-45 1.401298e-45 2.802597e-45 2.802597e-45 2.802597e-45 1.401298e-45 1.401298e-45 1.401298e-45 1.401298e-45 2.802597e-45 2.802597e-45 2.802597e-45 2.802597e-45 2.802597e-45 1.401298e-45 1.401298e-45 1.401298e-45 1.401298e-45 1.401298e-45 1.401298e-45 1.401298e-45 1.401298e-45 1.401298e-45 1.401298e-45 1.401298e-45 0.000000e+00 0.000000e+00
4.203895e-45 2.802597e-45 1.591388e-36 4.095337e-24 1.361173e-28 3.583933e-37 3.140730e-41 7.101781e-42 4.344025e-44 4.203895e-45 5.605194e-45 1.403400e-41 5.137465e-35 3.348406e-27 6.368793e-21 9.513348e-16 6.875663e-12 5.690527e-10 8.037736e-09 1.466500e-08 1.862608e-07 8.847765e-07 1.227706e-05 2.826237e-05 1.579400e-04 3.011601e-04 6.879498e-04 9.018702e-04 5.973534e-04 4.296485e-04 1.858920e-04 2.606734e-04 2.546212e-04 3.640165e-04 8.786247e-04 9.680978e-04 2.408597e-03 2.257404e-03 3.185712e-03 2.574796e-03 2.136305e-03 2.114787e-03 2.551243e-03 2.650382e-03 3.473505e-03 4.037487e-03 5.616999e-03 9.509430e-03 1.077654e-02 1.694072e-02 1.477909e-02 1.169869e-02 1.167927e-02 8.384029e-03 8.381795e-03 1.003823e-02 9.142833e-03 9.346431e-03 9.760343e-03 8.349798e-03 7.160009e-03 6.937246e-03 7.161248e-03 7.108484e-03 7.993317e-03 1.025608e-02 1.152813e-02 1.243986e-02 1.590329e-02 2.179646e-02 2.774050e-02 3.574834e-02 4.788024e-02 5.507150e-02 5.367541e-02 5.472724e-02 6.343344e-02 7.117754e-02 6.743612e-02 6.498801e-02 7.373012e-02 7.902379e-02 7.462692e-02 8.019487e-02 9.556557e-02 9.735952e-02 8.769993e-02 8.896605e-02 1.036528e-01 1.171781e-01 1.201288e-01 1.194218e-01 1.208376e-01 1.250518e-01 1.321138e-01 1.327249e-01 1.095839e-01 7.974096e-02 6.334376e-02 6.252125e-02 6.761233e-02 6.741591e-02 6.535832e-02 6.455056e-02 6.298301e-02 5.996228e-02 5.511529e-02 5.471330e-02 6.131813e-02 7.141650e-02 8.381255e-02 9.333002e-02 1.012728e-01 1.023526e-01 9.633723e-02 8.391254e-02 7.245849e-02 6.375620e-02 5.694465e-02 4.987080e-02 4.231481e-02 3.528320e-02 2.940156e-02 2.456383e-02 2.107165e-02 1.982365e-02 2.101427e-02 2.307047e-02 2.131054e-02 1.408143e-02 7.293157e-03 4.239311e-03 3.706704e-03 4.209946e-03 4.150942e-03 2.569134e-03 1.035047e-03 4.054980e-04 2.577705e-04 3.157142e-04 3.735619e-04 1.518095e-04 1.096075e-05 1.726418e-07 2.237263e-09 7.518792e-11 4.426987e-12 1.868566e-13 1.540610e-15 2.841228e-19 2.898189e-25 3.804911e-33 2.409393e-41 1.401298e-45 1.401298e-45 1.401298e-45 1.401298e-45 2.802597e-45 2.802597e-45 2.802597e-45 2.802597e-45 1.401298e-45 1.401298e-45 1.401298e-45 1.401298e-45 2.802597e-45 2.802597e-45 2.802597e-45 2.802597e-45 2.802597e-45 1.401298e-45 1.401298e-45 1.401298e-45 2.802597e-45 2.802597e-45 2.802597e-45 2.802597e-45 2.802597e-45 1.401298e-45 1.401298e-45 1.401298e-45 1.401298e-45 1.401298e-45 0.000000e+00 0.000000e+00
1.401298e-45 4.203895e-45 2.244843e-33 5.605194e-45 2.890066e-40 5.792968e-40 6.434342e-41 2.706154e-38 4.866036e-37 1.067585e-37 5.875090e-37 7.727906e-34 6.634233e-31 6.313720e-28 4.570211e-23 1.341221e-17 6.593867e-13 1.376845e-09 6.277464e-08 4.463096e-07 6.268215e-07 1.454856e-06 1.742694e-06 8.207357e-06 2.247201e-05 1.244424e-04 4.033227e-04 1.471967e-03 2.876322e-03 3.375674e-03 2.822038e-03 1.138867e-03 7.365082e-04 2.914966e-04 2.898638e-04 3.236671e-04 4.790187e-04 6.514215e-04 6.783652e-04 1.012337e-03 1.204990e-03 2.752458e-03 4.398879e-03 7.824791e-03 1.162470e-02 9.772358e-03 1.084278e-02 8.764561e-03 9.365398e-03 9.750867e-03 9.827481e-03 1.198046e-02 1.046242e-02 1.002158e-02 1.161290e-02 1.072708e-02 1.074740e-02 1.068377e-02 8.890063e-03 7.674047e-03 7.105681e-03 7.010980e-03 7.752205e-03 9.031571e-03 1.050453e-02 1.105508e-02 1.066646e-02 1.105430e-02 1.270210e-02 1.579239e-02 2.181528e-02 3.035889e-02 3.764985e-02 4.163544e-02 4.464846e-02 5.197422e-02 5.824129e-02 5.445047e-02 5.580149e-02 7.148479e-02 7.819294e-02 6.793195e-02 6.919786e-02 8.513778e-02 9.208166e-02 8.551858e-02 8.656932e-02 9.765116e-02 1.078700e-01 1.165690e-01 1.299172e-01 1.486281e-01 1.681943e-01 1.773007e-01 1.608262e-01 1.287479e-01 1.020885e-01 8.966696e-02 8.200955e-02 7.137869e-02 6.098165e-02 5.679294e-02 6.160034e-02 6.679567e-02 6.399105e-02 5.915250e-02 5.648216e-02 5.834922e-02 6.277476e-02 6.811541e-02 7.911372e-02 9.223589e-02 1.032496e-01 1.023643e-01 9.367804e-02 8.102284e-02 6.843859e-02 5.493405e-02 4.335573e-02 3.549956e-02 3.156802e-02 3.027290e-02 3.046852e-02 3.257478e-02 3.827489e-02 4.763518e-02 5.171491e-02 4.110730e-02 2.342756e-02 1.205225e-02 7.227885e-03 5.788794e-03 5.929210e-03 6.024714e-03 4.591724e-03 2.610915e-03 1.638343e-03 1.630840e-03 2.296552e-03 2.679374e-03 1.387329e-03 2.250470e-04 1.638392e-05 1.289181e-06 1.793132e-07 2.845097e-08 1.022718e-09 7.692013e-13 1.368213e-17 2.567791e-23 7.924969e-29 1.379289e-32 2.692330e-34 2.198943e-34 2.551743e-34 1.146902e-36 3.213177e-42 4.203895e-45 2.802597e-45 2.802597e-45 1.401298e-45 1.401298e-45 2.802597e-45 2.802597e-45 2.802597e-45 2.802597e-45 2.802597e-45 1.401298e-45 1.401298e-45 1.401298e-45 2.802597e-45 2.802597e-45 2.802597e-45 2.802597e-45 2.802597e-45 1.401298e-45 1.401298e-45 1.401298e-45 1.401298e-45 1.401298e-45 1.401298e-45 1.401298e-45 1.401298e-45 1.401298e-45 1.401298e-45
1.401298e-45 1.401298e-45 9.809089e-45 1.715586e-21 4.073189e-19 4.390332e-15 1.589544e-17 2.655347e-28 1.092050e-34 6.575502e-39 1.312877e-41 1.356866e-39 7.196287e-36 1.779820e-31 6.330033e-27 4.521395e-22 3.621435e-17 1.712215e-12 7.357525e-09 2.801426e-06 1.030788e-04 5.824138e-04 7.473989e-04 3.306913e-04 2.272687e-04 1.522730e-04 1.784346e-04 2.237202e-04 4.757677e-04 1.200673e-03 1.392763e-03 2.100037e-03 8.926492e-04 9.979581e-04 2.616901e-04 2.089845e-04 1.556881e-04 1.649255e-04 5.705922e-04 8.776518e-04 3.895742e-03 5.981212e-03 9.505315e-03 1.567045e-02 1.011236e-02 1.189175e-02 8.257492e-03 6.403681e-03 7.745368e-03 6.990395e-03 8.767157e-03 1.127366e-02 1.079036e-02 1.140079e-02 1.003655e-02 9.042029e-03 1.041252e-02 1.118929e-02 1.046710e-02 1.181006e-02 1.239436e-02 1.111180e-02 1.260244e-02 1.350528e-02 1.219419e-02 1.283796e-02 1.333847e-02 1.241984e-02 1.344760e-02 1.548001e-02 1.758389e-02 2.346973e-02 3.150612e-02 3.472447e-02 3.652096e-02 4.072833e-02 4.495196e-02 5.310369e-02 6.710393e-02 7.287738e-02 7.011342e-02 7.123300e-02 7.312165e-02 7.155333e-02 7.266474e-02 7.885392e-02 8.892975e-02 1.022184e-01 1.178450e-01 1.386559e-01 1.662180e-01 1.916893e-01 1.970080e-01 1.825012e-01 1.651079e-01 1.548471e-01 1.365045e-01 1.044178e-01 7.165766e-02 5.454965e-02 5.353727e-02 6.030630e-02 6.800078e-02 7.077085e-02 7.128763e-02 7.575790e-02 7.964053e-02 8.247881e-02 8.665483e-02 9.518075e-02 1.106276e-01 1.205577e-01 1.184878e-01 1.021378e-01 8.309989e-02 6.427437e-02 4.911922e-02 3.773119e-02 3.257434e-02 3.346558e-02 3.982770e-02 5.090622e-02 6.719386e-02 8.646801e-02 9.368424e-02 7.491569e-02 4.408736e-02 2.283945e-02 1.287564e-02 9.315339e-03 9.364605e-03 1.153825e-02 1.336558e-02 1.213408e-02 9.820946e-03 8.762906e-03 9.458340e-03 1.075791e-02 8.796807e-03 3.677225e-03 9.256795e-04 2.219647e-04 7.149282e-05 2.346398e-05 3.065546e-06 3.607497e-08 2.671777e-11 3.518199e-15 7.219547e-19 4.639820e-21 1.240508e-21 1.832403e-21 4.329835e-22 1.066996e-25 1.241947e-32 2.003857e-42 1.401298e-45 1.401298e-45 1.401298e-45 1.401298e-45 1.401298e-45 1.401298e-45 2.802597e-45 2.802597e-45 2.802597e-45 1.401298e-45 1.401298e-45 1.401298e-45 1.401298e-45 1.401298e-45 1.401298e-45 2.802597e-45 2.802597e-45 2.802597e-45 1.401298e-45 1.401298e-45 1.401298e-45 1.401298e-45 1.401298e-45 1.401298e-45 1.401298e-45 1.401298e-45 1.401298e-45 1.401298e-45 0.000000e+00
0.000000e+00 1.401298e-45 2.802597e-45 6.275292e-36 6.647056e-12 2.391749e-05 1.481080e-07 2.347738e-13 3.798473e-24 4.518828e-32 5.311080e-36 3.123796e-39 3.831108e-38 3.409796e-33 5.381203e-29 6.283151e-25 6.477280e-20 1.331254e-14 2.933925e-10 1.847645e-07 1.330936e-05 2.222591e-04 1.146334e-03 1.833184e-03 9.015863e-04 3.740832e-04 1.524956e-04 8.699003e-05 8.710105e-05 6.350043e-05 2.057738e-04 2.650720e-04 1.048629e-03 9.212705e-04 1.055743e-03 7.502506e-04 5.195359e-04 1.437364e-03 1.132289e-03 4.465533e-03 5.192617e-03 6.453790e-03 1.259906e-02 6.315768e-03 9.815991e-03 6.698685e-03 5.133460e-03 7.171341e-03 5.176585e-03 7.208174e-03 8.892989e-03 7.220842e-03 8.699389e-03 8.457388e-03 7.365527e-03 8.855517e-03 9.638507e-03 1.065616e-02 1.486347e-02 1.493109e-02 1.317713e-02 1.454472e-02 1.267120e-02 1.096132e-02 1.296553e-02 1.359246e-02 1.318666e-02 1.497945e-02 1.652297e-02 1.705035e-02 1.947833e-02 2.373094e-02 2.575447e-02 2.795139e-02 3.343136e-02 3.922946e-02 4.560482e-02 5.007449e-02 5.130675e-02 5.863908e-02 6.709374e-02 6.299774e-02 6.047396e-02 7.207303e-02 8.543371e-02 8.746851e-02 9.123689e-02 1.068271e-01 1.300929e-01 1.565186e-01 1.844171e-01 2.082205e-01 2.206029e-01 2.236380e-01 2.126638e-01 1.806355e-01 1.312791e-01 9.165469e-02 7.124333e-02 6.630157e-02 6.889824e-02 7.247524e-02 8.122289e-02 9.459943e-02 1.055928e-01 1.110730e-01 1.077417e-01 1.062841e-01 1.118224e-01 1.198524e-01 1.274752e-01 1.245514e-01 1.120650e-01 8.988032e-02 6.902685e-02 5.422886e-02 4.880418e-02 5.146289e-02 6.486070e-02 9.018869e-02 1.216350e-01 1.408841e-01 1.305211e-01 9.626051e-02 6.158895e-02 3.909994e-02 2.722279e-02 2.244698e-02 2.265196e-02 2.610008e-02 2.979118e-02 2.923664e-02 2.366115e-02 1.680623e-02 1.268905e-02 1.165587e-02 1.044556e-02 6.520266e-03 2.793787e-03 1.092276e-03 5.551131e-04 4.200543e-04 2.577743e-04 4.355168e-05 9.289631e-07 3.956752e-09 9.052628e-12 1.115024e-13 1.898330e-14 1.584565e-14 3.631611e-15 1.397182e-18 1.483291e-25 3.378222e-35 4.203895e-45 1.401298e-45 1.401298e-45 1.401298e-45 1.401298e-45 2.802597e-45 2.802597e-45 2.802597e-45 2.802597e-45 1.401298e-45 1.401298e-45 1.401298e-45 1.401298e-45 1.401298e-45 2.802597e-45 2.802597e-45 2.802597e-45 2.802597e-45 2.802597e-45 1.401298e-45 2.802597e-45 2.802597e-45 2.802597e-45 2.802597e-45 1.401298e-45 1.401298e-45 1.401298e-45 1.401298e-45 1.401298e-45 0.000000e+00 0.000000e+00
1.401298e-45 1.401298e-45 0.000000e+00 1.401298e-45 1.401298e-45 2.802597e-45 9.867303e-38 5.567085e-23 1.929098e-13 1.029125e-12 5.268253e-18 2.023705e-23 1.724451e-27 1.754533e-30 6.893312e-31 6.438978e-28 4.362755e-23 7.848574e-18 2.015991e-13 8.631619e-10 2.066453e-07 4.993860e-06 3.578182e-05 1.621621e-04 3.843565e-04 3.798291e-04 1.985261e-04 9.679192e-05 3.876089e-05 3.386879e-05 2.856375e-05 5.318346e-05 8.261444e-05 2.832085e-04 1.018576e-03 2.149041e-03 6.072629e-03 4.083687e-03 6.284052e-03 3.572680e-03 3.876964e-03 4.194730e-03 2.831079e-03 4.600119e-03 4.065939e-03 5.249288e-03 7.517498e-03 5.787593e-03 8.247753e-03 7.106873e-03 6.174385e-03 8.086964e-03 7.704484e-03 8.349101e-03 1.015563e-02 1.084084e-02 1.218244e-02 1.469844e-02 1.387011e-02 1.288329e-02 1.430657e-02 1.325466e-02 1.270930e-02 1.519639e-02 1.583544e-02 1.539341e-02 1.765935e-02 1.997082e-02 1.903934e-02 1.952074e-02 2.329670e-02 2.601037e-02 2.822469e-02 3.280176e-02 3.917287e-02 4.496169e-02 4.716285e-02 4.856886e-02 5.249011e-02 5.344511e-02 4.907004e-02 4.827901e-02 5.515473e-02 6.301484e-02 6.723040e-02 7.323167e-02 8.518335e-02 1.024955e-01 1.240237e-01 1.493609e-01 1.768455e-01 2.038558e-01 2.263106e-01 2.341697e-01 2.110620e-01 1.683894e-01 1.270010e-01 9.710632e-02 7.418168e-02 6.025854e-02 5.860824e-02 6.941403e-02 9.559482e-02 1.267553e-01 1.449427e-01 1.518476e-01 1.501756e-01 1.504050e-01 1.540496e-01 1.520199e-01 1.411483e-01 1.172298e-01 9.162251e-02 6.976996e-02 5.787253e-02 5.577528e-02 6.698857e-02 9.393860e-02 1.329723e-01 1.540006e-01 1.321105e-01 9.204054e-02 6.232318e-02 4.531835e-02 3.673757e-02 3.389908e-02 3.479383e-02 3.697088e-02 3.562593e-02 2.937488e-02 2.033265e-02 1.235577e-02 7.707899e-03 6.448177e-03 7.013685e-03 7.512381e-03 5.702026e-03 3.165159e-03 1.761869e-03 1.657557e-03 2.314644e-03 2.427777e-03 7.248053e-04 4.987838e-05 1.059710e-06 2.431126e-08 1.859669e-09 4.071469e-10 4.617710e-11 1.034617e-13 5.370982e-19 1.705988e-26 1.845381e-34 9.310928e-41 6.165713e-44 3.783506e-44 1.046770e-42 5.067095e-42 8.407791e-45 2.802597e-45 2.802597e-45 1.401298e-45 1.401298e-45 1.401298e-45 1.401298e-45 2.802597e-45 2.802597e-45 2.802597e-45 2.802597e-45 2.802597e-45 1.401298e-45 1.401298e-45 2.802597e-45 2.802597e-45 2.802597e-45 2.802597e-45 2.802597e-45 1.401298e-45 1.401298e-45 1.401298e-45 1.401298e-45 1.401298e-45 1.401298e-45 1.401298e-45 0.000000e+00
0.000000e+00 0.000000e+00 1.401298e-45 1.401298e-45 1.401298e-45 1.401298e-45 1.401298e-45 4.203895e-45 3.897280e-34 1.469763e-21 7.640323e-14 2.876433e-13 4.221206e-16 5.227869e-20 5.725595e-23 5.778214e-23 1.068974e-20 1.029401e-17 3.914103e-14 2.253701e-10 6.833869e-08 1.350623e-06 4.319361e-06 1.746494e-05 4.649661e-05 2.037804e-04 2.765367e-04 3.917949e-04 2.291407e-04 1.215159e-04 8.197385e-05 6.198990e-05 1.236921e-04 2.291402e-04 6.872913e-04 2.689511e-03 4.607317e-03 1.219507e-02 6.715646e-03 6.304932e-03 3.065155e-03 1.917365e-03 2.393482e-03 1.730020e-03 2.917291e-03 2.856390e-03 3.527337e-03 5.534409e-03 4.906446e-03 6.926839e-03 8.476653e-03 8.194499e-03 1.118808e-02 1.294313e-02 1.648712e-02 2.062847e-02 2.067835e-02 1.934413e-02 1.534359e-02 1.425188e-02 1.456493e-02 1.434183e-02 1.776955e-02 2.036246e-02 1.867790e-02 2.013483e-02 2.167492e-02 1.939788e-02 2.112342e-02 2.650065e-02 2.616129e-02 2.549764e-02 3.112442e-02 3.617047e-02 3.708471e-02 3.956354e-02 4.497800e-02 4.744111e-02 4.430208e-02 4.303673e-02 4.647803e-02 4.803564e-02 4.849575e-02 5.682053e-02 7.123538e-02 8.209059e-02 9.368312e-02 1.119827e-01 1.301920e-01 1.466933e-01 1.714017e-01 2.022978e-01 2.157196e-01 2.046299e-01 1.863831e-01 1.667456e-01 1.323371e-01 9.246375e-02 6.538402e-02 5.840992e-02 6.953112e-02 9.307981e-02 1.251006e-01 1.510991e-01 1.601231e-01 1.618406e-01 1.543452e-01 1.423683e-01 1.248539e-01 1.019733e-01 8.139109e-02 6.449605e-02 5.602343e-02 5.590271e-02 6.672164e-02 8.871979e-02 1.180243e-01 1.343850e-01 1.230747e-01 9.477372e-02 7.090772e-02 5.818536e-02 5.364215e-02 5.230208e-02 5.066011e-02 4.814981e-02 4.363248e-02 3.811706e-02 2.988446e-02 2.055717e-02 1.325251e-02 1.037101e-02 1.062879e-02 1.311745e-02 1.457947e-02 1.232220e-02 7.833225e-03 5.634191e-03 5.603029e-03 6.891454e-03 5.982633e-03 2.072753e-03 2.695721e-04 2.290776e-05 2.748287e-06 5.751204e-07 7.018973e-08 5.010674e-10 6.138812e-14 2.024637e-19 2.547647e-25 9.430703e-30 6.052702e-32 1.612767e-31 1.956709e-30 6.927667e-31 9.424380e-35 2.082330e-42 2.802597e-45 1.401298e-45 1.401298e-45 1.401298e-45 1.401298e-45 1.401298e-45 2.802597e-45 2.802597e-45 2.802597e-45 1.401298e-45 1.401298e-45 1.401298e-45 1.401298e-45 1.401298e-45 1.401298e-45 2.802597e-45 2.802597e-45 2.802597e-45 1.401298e-45 1.401298e-45 1.401298e-45 1.401298e-45 1.401298e-45 1.401298e-45 1.401298e-45 1.401298e-45 1.401298e-45
1.401298e-45 1.401298e-45 1.401298e-45 1.401298e-45 1.401298e-45 1.401298e-45 1.401298e-45 2.802597e-45 2.802597e-45 4.203895e-45 3.022166e-40 5.097521e-28 9.265706e-22 2.352926e-18 4.098704e-17 1.072837e-16 2.755468e-15 7.360545e-13 5.713623e-10 2.004790e-08 3.721886e-07 1.416645e-06 1.485979e-05 2.167680e-05 6.242663e-05 7.233090e-05 1.053324e-04 9.908415e-05 9.201343e-05 1.664968e-04 1.455178e-04 5.569191e-04 5.875410e-04 1.186711e-03 1.764374e-03 1.800890e-03 4.912438e-03 3.295329e-03 8.504304e-03 5.764323e-03 5.417034e-03 5.028727e-03 1.566946e-03 2.521877e-03 1.388011e-03 1.975854e-03 3.390308e-03 3.714594e-03 1.104930e-02 1.309249e-02 1.328079e-02 1.800295e-02 1.552335e-02 1.628716e-02 1.902200e-02 1.795667e-02 1.928999e-02 1.817272e-02 1.859573e-02 1.909512e-02 1.470801e-02 1.727809e-02 2.089482e-02 1.843250e-02 2.216953e-02 2.353627e-02 1.830322e-02 2.118560e-02 2.794923e-02 2.574274e-02 2.764058e-02 3.724672e-02 3.767270e-02 3.222008e-02 3.416907e-02 4.103034e-02 4.040429e-02 3.342490e-02 3.230286e-02 3.495573e-02 3.094411e-02 2.647301e-02 3.194714e-02 4.455486e-02 5.083571e-02 5.569237e-02 7.612047e-02 1.157060e-01 1.557555e-01 1.830677e-01 2.041679e-01 2.209129e-01 2.255605e-01 2.148930e-01 1.863572e-01 1.454611e-01 1.056245e-01 8.037497e-02 6.944887e-02 7.237363e-02 9.157379e-02 1.267442e-01 1.790429e-01 2.241848e-01 2.370450e-01 2.311571e-01 2.067531e-01 1.742308e-01 1.381582e-01 1.066994e-01 8.953116e-02 8.356486e-02 8.868224e-02 1.022106e-01 1.228782e-01 1.359090e-01 1.291191e-01 1.048799e-01 8.291661e-02 7.067327e-02 6.810663e-02 7.092781e-02 7.139196e-02 6.594650e-02 5.731887e-02 5.065523e-02 4.524579e-02 4.107833e-02 3.648294e-02 3.387824e-02 3.390937e-02 3.774862e-02 4.237785e-02 4.113464e-02 2.960017e-02 1.902252e-02 1.403266e-02 1.375610e-02 1.570459e-02 1.277565e-02 5.937993e-03 1.689179e-03 4.397939e-04 1.496714e-04 5.079417e-05 3.597298e-06 1.763212e-08 5.668516e-12 4.367050e-16 1.815125e-19 1.721072e-21 7.465771e-22 2.165514e-21 2.243786e-22 1.775747e-26 2.011063e-34 1.261169e-44 2.802597e-45 1.401298e-45 1.401298e-45 1.401298e-45 2.802597e-45 2.802597e-45 2.802597e-45 2.802597e-45 1.401298e-45 1.401298e-45 1.401298e-45 1.401298e-45 1.401298e-45 2.802597e-45 2.802597e-45 2.802597e-45 2.802597e-45 2.802597e-45 1.401298e-45 1.401298e-45 1.401298e-45 1.401298e-45 1.401298e-45 1.401298e-45 1.401298e-45 1.401298e-45 1.401298e-45 0.000000e+00
2.802597e-45 2.802597e-45 1.401298e-45 1.401298e-45 1.401298e-45 1.401298e-45 2.802597e-45 1.401298e-45 2.802597e-45 4.203895e-45 5.605194e-45 3.296110e-37 3.787502e-26 5.525139e-18 2.659437e-13 8.499515e-11 1.999738e-09 2.344895e-08 6.884944e-08 1.389699e-06 4.181591e-06 2.775477e-05 2.378206e-05 5.997846e-05 9.115518e-05 1.317006e-04 1.836411e-04 9.824691e-05 1.773238e-04 9.322946e-05 4.061342e-04 4.027790e-04 1.328542e-03 1.876565e-03 1.351922e-03 3.448012e-03 1.681391e-03 5.831054e-03 3.854563e-03 5.216041e-03 7.900138e-03 3.460263e-03 5.948931e-03 2.138013e-03 2.137045e-03 3.372332e-03 3.342096e-03 1.069054e-02 1.311471e-02 1.683971e-02 2.721997e-02 2.004989e-02 1.895389e-02 1.728585e-02 1.247693e-02 1.500460e-02 1.717280e-02 2.077702e-02 2.337444e-02 1.834988e-02 2.064561e-02 1.950694e-02 1.563608e-02 2.189281e-02 2.523957e-02 2.146904e-02 2.776548e-02 3.282217e-02 2.730052e-02 3.106169e-02 4.136109e-02 3.758340e-02 3.238021e-02 3.776658e-02 4.492805e-02 4.190493e-02 3.710919e-02 3.808683e-02 3.778188e-02 3.022376e-02 2.419217e-02 2.503535e-02 3.000969e-02 3.454334e-02 4.219606e-02 6.383236e-02 1.046058e-01 1.459893e-01 1.802436e-01 2.315652e-01 2.886024e-01 2.950828e-01 2.416997e-01 1.790197e-01 1.354813e-01 1.101545e-01 9.002553e-02 7.385971e-02 6.815629e-02 8.317434e-02 1.310449e-01 2.062103e-01 2.821212e-01 3.117542e-01 2.861724e-01 2.417188e-01 1.885720e-01 1.457034e-01 1.146992e-01 9.404696e-02 8.596230e-02 8.709733e-02 9.681905e-02 1.082990e-01 1.161001e-01 1.135043e-01 1.082127e-01 1.044547e-01 1.067214e-01 1.109914e-01 1.101045e-01 9.944300e-02 8.279351e-02 6.951412e-02 6.310188e-02 6.205388e-02 6.112358e-02 5.913187e-02 5.618929e-02 5.404881e-02 5.297885e-02 4.725493e-02 3.382336e-02 2.100561e-02 1.430530e-02 1.318749e-02 1.687380e-02 2.099837e-02 1.962109e-02 1.199872e-02 6.248798e-03 4.288308e-03 3.951306e-03 1.992447e-03 1.973525e-04 2.976469e-06 1.120142e-08 5.695276e-11 1.178060e-12 8.822425e-14 1.550583e-14 2.642915e-16 5.220863e-20 4.716159e-26 4.296498e-34 1.448242e-41 1.401298e-45 1.401298e-45 1.401298e-45 1.401298e-45 2.802597e-45 2.802597e-45 2.802597e-45 1.401298e-45 1.401298e-45 1.401298e-45 1.401298e-45 1.401298e-45 2.802597e-45 2.802597e-45 2.802597e-45 2.802597e-45 1.401298e-45 1.401298e-45 2.802597e-45 2.802597e-45 2.802597e-45 1.401298e-45 1.401298e-45 1.401298e-45 1.401298e-45 1.401298e-45 1.401298e-45 1.401298e-45 0.000000e+00
9.809089e-45 8.407791e-45 4.975928e-22 8.540691e-14 3.530575e-22 2.357246e-32 5.769994e-36 6.127442e-35 3.552085e-36 8.226920e-38 1.734022e-36 6.548604e-32 2.639776e-26 1.375027e-19 2.297963e-14 2.155212e-10 1.348451e-07 3.404117e-06 2.620336e-05 3.151581e-05 5.417306e-05 3.218440e-05 3.203174e-05 4.393862e-05 1.170995e-04 5.272024e-04 8.531006e-04 2.335820e-03 1.121388e-03 1.436363e-03 7.372746e-04 9.408293e-04 1.356064e-03 8.677465e-04 2.635331e-03 1.266364e-03 4.129237e-03 2.808650e-03 3.319172e-03 3.906562e-03 2.016006e-03 4.288201e-03 3.152803e-03 4.674338e-03 6.693683e-03 5.448578e-03 1.286833e-02 1.277940e-02 1.712532e-02 2.552463e-02 1.962091e-02 2.331812e-02 2.007158e-02 1.682189e-02 2.064483e-02 1.931329e-02 2.208831e-02 2.449510e-02 1.995096e-02 2.031144e-02 1.939762e-02 1.730176e-02 2.346492e-02 2.899948e-02 3.080545e-02 4.159359e-02 4.417540e-02 3.514089e-02 3.718615e-02 4.168451e-02 3.757327e-02 3.837238e-02 4.627670e-02 4.638877e-02 3.911548e-02 3.737799e-02 3.868992e-02 3.308889e-02 2.485808e-02 2.134163e-02 2.051508e-02 1.987641e-02 2.180121e-02 2.990764e-02 4.567235e-02 6.818992e-02 1.017269e-01 1.540058e-01 2.160097e-01 2.572142e-01 2.552442e-01 2.228478e-01 1.833669e-01 1.512354e-01 1.253186e-01 1.002802e-01 7.700803e-02 6.546761e-02 7.226689e-02 1.094518e-01 1.921747e-01 2.913139e-01 3.528112e-01 3.458032e-01 2.951374e-01 2.407135e-01 1.848415e-01 1.446252e-01 1.206703e-01 1.088935e-01 1.094349e-01 1.153422e-01 1.244159e-01 1.326907e-01 1.423881e-01 1.505545e-01 1.626200e-01 1.736710e-01 1.765198e-01 1.628584e-01 1.392252e-01 1.159839e-01 9.969530e-02 9.212806e-02 9.081621e-02 9.140140e-02 9.190536e-02 9.224472e-02 9.140274e-02 8.197099e-02 6.284030e-02 4.177864e-02 2.752284e-02 2.172864e-02 2.305784e-02 2.856546e-02 3.174422e-02 2.447547e-02 1.438547e-02 1.030188e-02 1.160087e-02 1.453620e-02 9.198889e-03 1.736606e-03 7.908104e-05 1.945442e-06 7.702379e-08 5.064169e-09 4.916968e-10 7.621215e-12 3.047043e-15 4.555873e-20 1.212955e-25 1.398598e-30 1.605410e-33 7.799380e-35 1.441117e-34 2.896164e-35 4.877615e-38 5.745324e-44 2.802597e-45 1.401298e-45 1.401298e-45 1.401298e-45 1.401298e-45 1.401298e-45 2.802597e-45 2.802597e-45 2.802597e-45 1.401298e-45 1.401298e-45 1.401298e-45 1.401298e-45 1.401298e-45 1.401298e-45 1.401298e-45 1.401298e-45 1.401298e-45 1.401298e-45 1.401298e-45 1.401298e-45 1.401298e-45 1.401298e-45 0.000000e+00 0.000000e+00
2.802597e-45 3.539323e-32 2.076203e-21 7.771601e-41 2.248121e-37 3.229937e-37 2.101201e-36 4.737570e-33 4.963131e-31 3.080607e-31 6.237755e-30 8.151151e-27 1.501857e-23 2.029047e-20 6.103510e-16 1.477387e-11 2.586540e-08 1.625150e-06 1.057752e-05 2.281856e-05 1.652626e-05 8.958482e-06 4.152628e-06 7.717957e-06 2.977628e-05 1.369799e-04 6.093475e-04 1.675534e-03 3.856477e-03 4.677834e-03 3.063926e-03 2.223896e-03 9.273757e-04 8.280951e-04 5.107590e-04 7.692831e-04 8.431905e-04 1.064030e-03 1.373430e-03 1.225904e-03 2.873223e-03 2.979888e-03 6.873943e-03 1.083357e-02 1.371158e-02 2.144371e-02 1.436126e-02 1.652985e-02 1.459274e-02 1.267908e-02 1.843392e-02 1.824163e-02 2.106267e-02 2.408341e-02 2.239848e-02 2.838067e-02 2.765626e-02 2.367530e-02 2.371382e-02 1.965429e-02 1.724189e-02 2.010120e-02 2.444875e-02 3.204944e-02 4.597401e-02 5.054634e-02 4.747082e-02 4.609827e-02 4.243853e-02 4.168919e-02 4.613084e-02 4.885010e-02 4.396104e-02 3.707083e-02 3.458798e-02 3.277403e-02 2.560963e-02 1.933227e-02 1.854916e-02 1.937501e-02 1.838307e-02 2.086212e-02 3.207950e-02 4.837273e-02 6.248057e-02 8.258484e-02 1.189867e-01 1.598528e-01 1.799784e-01 1.845754e-01 1.865674e-01 1.816136e-01 1.634139e-01 1.376274e-01 1.094782e-01 8.624735e-02 7.553560e-02 8.452921e-02 1.189406e-01 1.842028e-01 2.682700e-01 3.270086e-01 3.497002e-01 3.287393e-01 2.739350e-01 2.147929e-01 1.605114e-01 1.277870e-01 1.113883e-01 1.048457e-01 1.106973e-01 1.244270e-01 1.412155e-01 1.524495e-01 1.599896e-01 1.609871e-01 1.597340e-01 1.520652e-01 1.390315e-01 1.221293e-01 1.083473e-01 1.025026e-01 1.040369e-01 1.124389e-01 1.282861e-01 1.494586e-01 1.657973e-01 1.567445e-01 1.191471e-01 7.786819e-02 5.002496e-02 3.591935e-02 3.265296e-02 3.907493e-02 5.210150e-02 5.797493e-02 4.571027e-02 3.086962e-02 2.634651e-02 3.552330e-02 5.064683e-02 4.256791e-02 1.385801e-02 1.826665e-03 1.933305e-04 2.172940e-05 2.649944e-06 1.076799e-07 3.724632e-10 8.840525e-14 1.002267e-17 4.681237e-21 1.058207e-22 6.570169e-23 6.372899e-23 1.666623e-24 5.290046e-29 8.362116e-37 2.802597e-45 2.802597e-45 1.401298e-45 1.401298e-45 1.401298e-45 1.401298e-45 2.802597e-45 2.802597e-45 2.802597e-45 2.802597e-45 1.401298e-45 1.401298e-45 1.401298e-45 1.401298e-45 2.802597e-45 2.802597e-45 2.802597e-45 2.802597e-45 2.802597e-45 1.401298e-45 1.401298e-45 1.401298e-45 1.401298e-45 1.401298e-45 1.401298e-45 1.401298e-45 1.401298e-45
1.401298e-45 2.802597e-45 2.235491e-41 4.550786e-18 2.739275e-16 2.576576e-13 1.112233e-15 1.150261e-23 8.233403e-28 7.359130e-31 4.536291e-33 5.135885e-31 1.539982e-27 1.566194e-23 2.256784e-19 3.008043e-15 1.793028e-11 1.563446e-08 3.195413e-06 9.000370e-05 1.157177e-03 1.681342e-03 1.377197e-03 3.868152e-04 3.098483e-04 2.463630e-04 3.641779e-04 4.768339e-04 9.325702e-04 1.732465e-03 2.394248e-03 2.844962e-03 2.179864e-03 1.515458e-03 7.917620e-04 5.424108e-04 5.030724e-04 5.867334e-04 1.114878e-03 2.134405e-03 4.052620e-03 9.573404e-03 1.130330e-02 1.869906e-02 1.836568e-02 1.324396e-02 1.461834e-02 9.623881e-03 1.192805e-02 1.513488e-02 1.348671e-02 2.044072e-02 2.085359e-02 1.928536e-02 2.390092e-02 2.089746e-02 2.228608e-02 2.859250e-02 2.719296e-02 3.098775e-02 3.780961e-02 3.589778e-02 3.869625e-02 4.718601e-02 4.807717e-02 5.171247e-02 5.845769e-02 5.709795e-02 5.384247e-02 5.297567e-02 5.153896e-02 4.840349e-02 4.175634e-02 3.442739e-02 2.840911e-02 2.194243e-02 1.790649e-02 1.856064e-02 2.053991e-02 2.061143e-02 2.318750e-02 3.359374e-02 4.944191e-02 6.419168e-02 8.779604e-02 1.279624e-01 1.621964e-01 1.729703e-01 1.728395e-01 1.670318e-01 1.546073e-01 1.395514e-01 1.203075e-01 1.009915e-01 9.110441e-02 9.419142e-02 1.060025e-01 1.260558e-01 1.581731e-01 2.146204e-01 3.009255e-01 3.702915e-01 3.793928e-01 3.212444e-01 2.450200e-01 1.896569e-01 1.497952e-01 1.283497e-01 1.172503e-01 1.120262e-01 1.168893e-01 1.297060e-01 1.484369e-01 1.645042e-01 1.712956e-01 1.597435e-01 1.397877e-01 1.201334e-01 1.098238e-01 1.112477e-01 1.259387e-01 1.559226e-01 1.949048e-01 2.262886e-01 2.246071e-01 1.841842e-01 1.333888e-01 9.286816e-02 6.566014e-02 4.891988e-02 4.231641e-02 4.597107e-02 6.028432e-02 7.898815e-02 8.298141e-02 6.180175e-02 4.023169e-02 3.452160e-02 3.895358e-02 3.890570e-02 2.860538e-02 1.226200e-02 3.725551e-03 1.103028e-03 2.975156e-04 3.270262e-05 8.587654e-07 4.144264e-09 1.289427e-11 1.761819e-13 1.456336e-14 1.512037e-14 9.912761e-15 1.007393e-16 1.379022e-21 8.881015e-30 1.762441e-39 1.401298e-45 1.401298e-45 1.401298e-45 1.401298e-45 1.401298e-45 2.802597e-45 2.802597e-45 2.802597e-45 2.802597e-45 1.401298e-45 1.401298e-45 1.401298e-45 2.802597e-45 2.802597e-45 2.802597e-45 2.802597e-45 2.802597e-45 2.802597e-45 1.401298e-45 1.401298e-45 1.401298e-45 1.401298e-45 1.401298e-45 1.401298e-45 1.401298e-45 1.401298e-45 1.401298e-45 0.000000e+00
0.000000e+00 1.401298e-45 7.493808e-40 3.295483e-27 2.138721e-08 1.439897e-03 8.502700e-06 4.535678e-11 6.044315e-19 9.473256e-24 6.102645e-26 5.160882e-28 4.945268e-27 1.596713e-22 1.106445e-18 5.318732e-15 1.573546e-11 5.919285e-08 4.561717e-06 8.257005e-05 2.053649e-04 1.053616e-03 2.097028e-03 3.128809e-03 2.097179e-03 7.975920e-04 5.683339e-04 2.555644e-04 3.380256e-04 2.212119e-04 5.664583e-04 8.158154e-04 1.826246e-03 2.145291e-03 1.614898e-03 1.767208e-03 1.424659e-03 2.778064e-03 3.629922e-03 6.382392e-03 1.191555e-02 1.025600e-02 1.983242e-02 1.328464e-02 1.177456e-02 1.410176e-02 7.923281e-03 1.265248e-02 1.305422e-02 1.192003e-02 2.081865e-02 1.516476e-02 1.463030e-02 1.925504e-02 1.509914e-02 1.907740e-02 2.619026e-02 2.735462e-02 4.059352e-02 5.070693e-02 4.538184e-02 5.126697e-02 5.087275e-02 4.429751e-02 5.124737e-02 5.850861e-02 5.469361e-02 5.410135e-02 5.753965e-02 5.610162e-02 5.196776e-02 4.756554e-02 3.964217e-02 3.080201e-02 2.506760e-02 2.273191e-02 2.167326e-02 1.994465e-02 2.084014e-02 2.715294e-02 3.570593e-02 4.601064e-02 6.868953e-02 1.042930e-01 1.311375e-01 1.471685e-01 1.613256e-01 1.564591e-01 1.284481e-01 1.033711e-01 9.223855e-02 8.752677e-02 8.286668e-02 8.307953e-02 9.061640e-02 1.024643e-01 1.184972e-01 1.533277e-01 2.240123e-01 3.362031e-01 4.497852e-01 4.733821e-01 4.208703e-01 3.438771e-01 2.761229e-01 2.272091e-01 1.833593e-01 1.558859e-01 1.410187e-01 1.366832e-01 1.476689e-01 1.693647e-01 1.931701e-01 2.031464e-01 1.971047e-01 1.777090e-01 1.611772e-01 1.523632e-01 1.598323e-01 1.864853e-01 2.288594e-01 2.689154e-01 2.706553e-01 2.249552e-01 1.693528e-01 1.283056e-01 1.074189e-01 1.010659e-01 1.088084e-01 1.267608e-01 1.486472e-01 1.602866e-01 1.527321e-01 1.138464e-01 7.034327e-02 4.729093e-02 4.284516e-02 4.306783e-02 4.310281e-02 3.149122e-02 1.717770e-02 1.053463e-02 7.938955e-03 3.967480e-03 8.071784e-04 5.168017e-05 1.136027e-06 4.306380e-08 4.177771e-09 2.100992e-09 1.215848e-09 2.067267e-11 1.446531e-15 4.165519e-22 3.119777e-30 2.221203e-37 1.395693e-42 1.821688e-44 7.286752e-44 1.888950e-42 1.357858e-42 4.203895e-45 2.802597e-45 2.802597e-45 1.401298e-45 1.401298e-45 1.401298e-45 1.401298e-45 2.802597e-45 2.802597e-45 2.802597e-45 1.401298e-45 1.401298e-45 1.401298e-45 1.401298e-45 1.401298e-45 1.401298e-45 1.401298e-45 1.401298e-45 1.401298e-45 1.401298e-45 1.401298e-45 1.401298e-45 1.401298e-45 0.000000e+00
1.401298e-45 1.401298e-45 1.401298e-45 1.401298e-45 2.802597e-45 7.006492e-45 1.436131e-31 1.193980e-17 2.726581e-09 5.845003e-09 1.574531e-12 5.670932e-16 1.660712e-17 1.522325e-18 2.277739e-17 8.228680e-15 3.491015e-11 8.356167e-09 6.742373e-07 5.066648e-06 3.871145e-05 1.136736e-04 2.701056e-04 7.452724e-04 6.960404e-04 1.217280e-03 3.530571e-04 4.037784e-04 1.191196e-04 1.120080e-04 1.101531e-04 1.106615e-04 2.853316e-04 4.329438e-04 2.141600e-03 3.568672e-03 7.452744e-03 8.987732e-03 6.891153e-03 1.018609e-02 6.095723e-03 8.309795e-03 6.093835e-03 5.985318e-03 9.177353e-03 6.367840e-03 1.091817e-02 1.038509e-02 9.760273e-03 1.484930e-02 9.616983e-03 1.237834e-02 1.625914e-02 1.281240e-02 1.961575e-02 2.317265e-02 2.440071e-02 4.252332e-02 4.474294e-02 4.568985e-02 6.878157e-02 5.956977e-02 5.459773e-02 7.288502e-02 6.343599e-02 5.626130e-02 6.544424e-02 6.339396e-02 5.636314e-02 5.678440e-02 5.438130e-02 4.617091e-02 3.994663e-02 3.663298e-02 3.616919e-02 3.500165e-02 3.150025e-02 3.323342e-02 4.254003e-02 5.056909e-02 6.010322e-02 9.181120e-02 1.429150e-01 1.684412e-01 1.712192e-01 1.732547e-01 1.547754e-01 1.166953e-01 8.789345e-02 7.269189e-02 6.229043e-02 5.649800e-02 5.822896e-02 6.772488e-02 8.248550e-02 1.030745e-01 1.348234e-01 1.889797e-01 2.601025e-01 3.219428e-01 3.579970e-01 3.614261e-01 3.520140e-01 3.185047e-01 2.647526e-01 2.182379e-01 1.840266e-01 1.740184e-01 1.774851e-01 1.800204e-01 1.833288e-01 1.869488e-01 1.927945e-01 1.908641e-01 1.792729e-01 1.624358e-01 1.584083e-01 1.698409e-01 1.942128e-01 2.120570e-01 1.990815e-01 1.615806e-01 1.278360e-01 1.096645e-01 1.073531e-01 1.123696e-01 1.215246e-01 1.263971e-01 1.244003e-01 1.135538e-01 9.795336e-02 7.430485e-02 5.228828e-02 3.906301e-02 3.618697e-02 3.988231e-02 5.166963e-02 6.039021e-02 5.419924e-02 4.855648e-02 5.190694e-02 5.774116e-02 4.374686e-02 1.524781e-02 1.578565e-03 1.349060e-04 1.857327e-05 6.254156e-06 3.556685e-06 1.862461e-07 1.127151e-10 1.120821e-15 6.114995e-22 2.000137e-27 5.922480e-31 5.392624e-32 5.969370e-31 7.583632e-30 2.759197e-31 4.337845e-36 1.261169e-44 2.802597e-45 1.401298e-45 1.401298e-45 1.401298e-45 1.401298e-45 2.802597e-45 2.802597e-45 2.802597e-45 2.802597e-45 1.401298e-45 1.401298e-45 1.401298e-45 1.401298e-45 1.401298e-45 2.802597e-45 2.802597e-45 2.802597e-45 1.401298e-45 1.401298e-45 1.401298e-45 1.401298e-45 1.401298e-45 1.401298e-45 0.000000e+00
0.000000e+00 0.000000e+00 1.401298e-45 1.401298e-45 1.401298e-45 1.401298e-45 2.802597e-45 1.583467e-43 1.013535e-28 7.589224e-18 2.101255e-11 5.657882e-10 2.638291e-11 1.722527e-12 3.259612e-13 9.734805e-12 4.186504e-10 1.742033e-08 1.541001e-07 2.630866e-06 1.130086e-05 2.430172e-05 6.195895e-05 8.495021e-05 3.342605e-04 4.501870e-04 8.248324e-04 7.365700e-04 4.733914e-04 3.271851e-04 1.580127e-04 2.602081e-04 2.921517e-04 8.401457e-04 1.781448e-03 4.314312e-03 1.268574e-02 1.315950e-02 1.781440e-02 8.942293e-03 6.013084e-03 4.136515e-03 3.627163e-03 4.322835e-03 4.178145e-03 5.633791e-03 5.783818e-03 7.136303e-03 9.188942e-03 8.517276e-03 1.228806e-02 1.275950e-02 1.236154e-02 2.145523e-02 2.326524e-02 2.971652e-02 4.610574e-02 3.912779e-02 4.580250e-02 6.011833e-02 4.996874e-02 6.273419e-02 8.286795e-02 7.107006e-02 7.611796e-02 8.002104e-02 6.147051e-02 5.262905e-02 5.073577e-02 4.504798e-02 4.064813e-02 3.649149e-02 3.285515e-02 3.449691e-02 3.714429e-02 3.817991e-02 4.599996e-02 6.041064e-02 6.839458e-02 7.638256e-02 1.016150e-01 1.392668e-01 1.640643e-01 1.800009e-01 1.866932e-01 1.586579e-01 1.168488e-01 8.724970e-02 6.795806e-02 5.684468e-02 5.572183e-02 6.254246e-02 7.083144e-02 8.045846e-02 1.005637e-01 1.364508e-01 1.755025e-01 2.058663e-01 2.324809e-01 2.734200e-01 3.275542e-01 3.435133e-01 3.141786e-01 2.619951e-01 2.164117e-01 1.908750e-01 1.730098e-01 1.670355e-01 1.659392e-01 1.639511e-01 1.647654e-01 1.635887e-01 1.613140e-01 1.570153e-01 1.605098e-01 1.722154e-01 1.897085e-01 1.943767e-01 1.802461e-01 1.573514e-01 1.393057e-01 1.319132e-01 1.338602e-01 1.376959e-01 1.408343e-01 1.360657e-01 1.241110e-01 1.058491e-01 8.698800e-02 6.879427e-02 5.479016e-02 4.729491e-02 4.584289e-02 4.926092e-02 5.877005e-02 6.813990e-02 6.311505e-02 5.384645e-02 4.732306e-02 4.721453e-02 4.534140e-02 3.192675e-02 9.957175e-03 2.071568e-03 5.044975e-04 1.766486e-04 1.111031e-04 1.846091e-05 1.196957e-07 4.287171e-11 2.585275e-15 4.041775e-19 2.120806e-21 4.290794e-22 2.464697e-21 7.319029e-21 6.580997e-23 5.200559e-29 2.478787e-38 2.802597e-45 1.401298e-45 1.401298e-45 1.401298e-45 2.802597e-45 2.802597e-45 2.802597e-45 2.802597e-45 2.802597e-45 1.401298e-45 1.401298e-45 1.401298e-45 1.401298e-45 1.401298e-45 2.802597e-45 2.802597e-45 2.802597e-45 1.401298e-45 1.401298e-45 1.401298e-45 1.401298e-45 1.401298e-45 1.401298e-45 1.401298e-45 1.401298e-45 1.401298e-45
1.401298e-45 1.401298e-45 1.401298e-45 1.401298e-45 1.401298e-45 1.401298e-45 1.401298e-45 2.802597e-45 4.203895e-45 8.407791e-45 6.548450e-32 4.158595e-22 8.614094e-17 1.069968e-13 2.725481e-11 7.115789e-10 5.086201e-08 1.029774e-06 1.920189e-05 1.594149e-05 1.515666e-05 1.944544e-05 6.886422e-05 1.897157e-04 2.734244e-04 4.299941e-04 3.205688e-04 3.710914e-04 3.920088e-04 5.741661e-04 7.915294e-04 1.553096e-03 2.496333e-03 3.843542e-03 4.502574e-03 5.825893e-03 6.613913e-03 8.112900e-03 1.077398e-02 9.188486e-03 8.250820e-03 5.839428e-03 3.654303e-03 3.562158e-03 3.059226e-03 3.494267e-03 5.192502e-03 7.454077e-03 1.182343e-02 1.759877e-02 1.714673e-02 1.972402e-02 2.424596e-02 2.373686e-02 3.010834e-02 3.768389e-02 3.685773e-02 5.029086e-02 6.140419e-02 5.757859e-02 6.605728e-02 7.449535e-02 7.890568e-02 9.214963e-02 9.326178e-02 7.264338e-02 5.194125e-02 4.276237e-02 4.023131e-02 3.570484e-02 3.265651e-02 3.520415e-02 3.666524e-02 3.371282e-02 3.809937e-02 5.550414e-02 6.987809e-02 7.819895e-02 1.047881e-01 1.391276e-01 1.434106e-01 1.481755e-01 1.723891e-01 1.620172e-01 1.173943e-01 9.045179e-02 8.003468e-02 7.018051e-02 6.274926e-02 6.323312e-02 6.754164e-02 7.420451e-02 9.101740e-02 1.206466e-01 1.480476e-01 1.620148e-01 1.721959e-01 1.958954e-01 2.276875e-01 2.505740e-01 2.635499e-01 2.641418e-01 2.619732e-01 2.461698e-01 2.254870e-01 2.177579e-01 2.099946e-01 2.019932e-01 1.907075e-01 1.835909e-01 1.919723e-01 2.090488e-01 2.254011e-01 2.268448e-01 2.166920e-01 1.985034e-01 1.813279e-01 1.651772e-01 1.567162e-01 1.598519e-01 1.736400e-01 1.946990e-01 2.121240e-01 2.102592e-01 1.894351e-01 1.598057e-01 1.349183e-01 1.198550e-01 1.108544e-01 1.090514e-01 1.098376e-01 1.123016e-01 1.176963e-01 1.229855e-01 1.067009e-01 8.114950e-02 6.045748e-02 5.529292e-02 6.067119e-02 7.000140e-02 5.777588e-02 3.030557e-02 1.359551e-02 7.534290e-03 7.009006e-03 4.420724e-03 5.045451e-04 7.323480e-06 2.839847e-08 1.076524e-10 2.320073e-12 5.576178e-13 7.975436e-13 2.626683e-13 8.853605e-16 1.808325e-21 2.383857e-29 2.685235e-38 1.401298e-45 1.401298e-45 1.401298e-45 1.401298e-45 2.802597e-45 2.802597e-45 2.802597e-45 2.802597e-45 2.802597e-45 1.401298e-45 1.401298e-45 1.401298e-45 2.802597e-45 2.802597e-45 2.802597e-45 2.802597e-45 1.401298e-45 1.401298e-45 1.401298e-45 1.401298e-45 1.401298e-45 1.401298e-45 1.401298e-45 1.401298e-45 1.401298e-45 1.401298e-45 0.000000e+00
5.605194e-45 4.203895e-45 2.802597e-45 2.802597e-45 1.401298e-45 1.401298e-45 2.802597e-45 2.802597e-45 4.203895e-45 8.407791e-45 5.048725e-38 9.207010e-29 1.036483e-19 6.814785e-13 4.330693e-09 1.060845e-06 1.200826e-05 5.932153e-05 3.318752e-05 3.714186e-05 2.094877e-05 2.912577e-05 4.666410e-05 9.031438e-05 2.928589e-04 3.972495e-04 6.581075e-04 4.327647e-04 5.474431e-04 5.566360e-04 1.065978e-03 2.114668e-03 2.830015e-03 5.604194e-03 3.338034e-03 5.551822e-03 3.975296e-03 5.735191e-03 6.000593e-03 6.378307e-03 7.310255e-03 5.835273e-03 4.720585e-03 3.461431e-03 3.061808e-03 3.413567e-03 5.746627e-03 1.044787e-02 1.609028e-02 2.052138e-02 2.629286e-02 3.231220e-02 3.039769e-02 3.271043e-02 3.620147e-02 3.767903e-02 5.182346e-02 6.562390e-02 6.636877e-02 7.333533e-02 7.739905e-02 7.540970e-02 7.894734e-02 8.899007e-02 9.000051e-02 7.854924e-02 7.196176e-02 6.138832e-02 4.617110e-02 4.179485e-02 4.524143e-02 3.931136e-02 3.423129e-02 4.441155e-02 5.988792e-02 6.595424e-02 8.594365e-02 1.365811e-01 1.762809e-01 1.791581e-01 1.902329e-01 1.991926e-01 1.661885e-01 1.256962e-01 1.058595e-01 9.623800e-02 8.790170e-02 8.071507e-02 7.463089e-02 7.509492e-02 9.027421e-02 1.183467e-01 1.378549e-01 1.386770e-01 1.409158e-01 1.582177e-01 1.765174e-01 1.816342e-01 1.802154e-01 1.916416e-01 2.185314e-01 2.316907e-01 2.283980e-01 2.152463e-01 2.024260e-01 1.955267e-01 1.827033e-01 1.755765e-01 1.753393e-01 1.788218e-01 1.879647e-01 1.991971e-01 2.100469e-01 2.091276e-01 1.943185e-01 1.697738e-01 1.512997e-01 1.458730e-01 1.584114e-01 1.854093e-01 2.086391e-01 2.090371e-01 1.868164e-01 1.584371e-01 1.382210e-01 1.293000e-01 1.259466e-01 1.235453e-01 1.186219e-01 1.146074e-01 1.121463e-01 1.106202e-01 1.014208e-01 8.606771e-02 6.810182e-02 6.178173e-02 7.025624e-02 9.711271e-02 1.366338e-01 1.468589e-01 1.132717e-01 8.462656e-02 8.623407e-02 8.811058e-02 5.169339e-02 9.161542e-03 5.028518e-04 1.913188e-05 1.285825e-06 3.485829e-07 2.786363e-07 4.338875e-08 2.075497e-10 5.284583e-15 3.493396e-21 2.220686e-27 1.252924e-32 1.479053e-35 1.786880e-36 1.082000e-36 1.803037e-37 4.530258e-41 2.802597e-45 2.802597e-45 2.802597e-45 1.401298e-45 1.401298e-45 1.401298e-45 2.802597e-45 2.802597e-45 2.802597e-45 2.802597e-45 1.401298e-45 1.401298e-45 1.401298e-45 1.401298e-45 1.401298e-45 1.401298e-45 1.401298e-45 1.401298e-45 1.401298e-45 1.401298e-45 1.401298e-45 1.401298e-45 0.000000e+00
2.945025e-39 1.419405e-33 3.387135e-15 3.135267e-12 3.929998e-20 1.207058e-27 1.903364e-30 2.204673e-29 1.103546e-28 4.752881e-29 2.231230e-27 2.946854e-23 7.637953e-18 2.175983e-12 1.486631e-08 3.354986e-06 8.432256e-05 3.324390e-04 2.239671e-04 1.131129e-04 3.260293e-05 2.557196e-05 1.735725e-05 5.307894e-05 1.569938e-04 8.773371e-04 1.728509e-03 2.299582e-03 2.446408e-03 1.321158e-03 1.757924e-03 1.196653e-03 2.440082e-03 1.655434e-03 3.312204e-03 3.329631e-03 3.380002e-03 5.256826e-03 3.588146e-03 4.336794e-03 3.888948e-03 3.461530e-03 5.476781e-03 5.289267e-03 6.203553e-03 9.953523e-03 1.049508e-02 1.821267e-02 2.357894e-02 2.924138e-02 3.595632e-02 3.141784e-02 3.521545e-02 3.928049e-02 3.920775e-02 5.413815e-02 6.359515e-02 6.168739e-02 6.623311e-02 6.240183e-02 6.029424e-02 6.631350e-02 7.267838e-02 8.114173e-02 8.845902e-02 9.078357e-02 8.451696e-02 6.906362e-02 5.940902e-02 5.836578e-02 5.336875e-02 5.094254e-02 6.127540e-02 7.093847e-02 7.609861e-02 9.767178e-02 1.321863e-01 1.547784e-01 1.723394e-01 1.817053e-01 1.656155e-01 1.488912e-01 1.394127e-01 1.157088e-01 9.390539e-02 9.108713e-02 9.191920e-02 8.181045e-02 7.882931e-02 9.866370e-02 1.296345e-01 1.413407e-01 1.418408e-01 1.593024e-01 1.856473e-01 1.851788e-01 1.577920e-01 1.429040e-01 1.547708e-01 1.877598e-01 2.253518e-01 2.417559e-01 2.431267e-01 2.304173e-01 2.143964e-01 2.132979e-01 2.156936e-01 2.179980e-01 2.145709e-01 2.157806e-01 2.370097e-01 2.622271e-01 2.665673e-01 2.426020e-01 2.181814e-01 2.079153e-01 2.146830e-01 2.271420e-01 2.354720e-01 2.319645e-01 2.159985e-01 1.973907e-01 1.830050e-01 1.739100e-01 1.675949e-01 1.598208e-01 1.497001e-01 1.416903e-01 1.371764e-01 1.326228e-01 1.210691e-01 1.045721e-01 8.593763e-02 7.440100e-02 7.352355e-02 8.769507e-02 1.221575e-01 1.551352e-01 1.488812e-01 1.159771e-01 9.137473e-02 8.001534e-02 7.148039e-02 4.057259e-02 9.671795e-03 1.278567e-03 1.583261e-04 4.043909e-05 2.801393e-05 8.318374e-06 1.709616e-07 1.086291e-10 5.755256e-15 7.361853e-19 7.505123e-22 2.809453e-23 1.330182e-23 3.810530e-24 1.635099e-26 3.491766e-32 3.168896e-41 2.802597e-45 1.401298e-45 1.401298e-45 1.401298e-45 1.401298e-45 2.802597e-45 2.802597e-45 2.802597e-45 2.802597e-45 1.401298e-45 1.401298e-45 1.401298e-45 1.401298e-45 1.401298e-45 1.401298e-45 1.401298e-45 1.401298e-45 1.401298e-45 1.401298e-45 1.401298e-45 1.401298e-45 1.401298e-45 1.401298e-45 0.000000e+00
2.802597e-45 1.533991e-20 1.059935e-15 1.156798e-34 5.624639e-33 3.394658e-33 4.701085e-32 8.727330e-28 9.160938e-26 1.563699e-24 1.716491e-22 9.661944e-19 1.425945e-15 1.471358e-12 3.621939e-09 1.229443e-06 3.678244e-05 6.391415e-05 1.389896e-04 4.911827e-05 4.106502e-05 9.133521e-06 1.042168e-05 1.834629e-05 9.429538e-05 3.811403e-04 9.114202e-04 3.209215e-03 3.369588e-03 6.932654e-03 3.177636e-03 3.140690e-03 1.791526e-03 1.157924e-03 2.007811e-03 1.144705e-03 2.657097e-03 1.806623e-03 1.945126e-03 2.480017e-03 2.521269e-03 5.892253e-03 7.848492e-03 1.389718e-02 2.366271e-02 2.066163e-02 2.456911e-02 2.397818e-02 2.239645e-02 2.776241e-02 3.180251e-02 3.716951e-02 4.107903e-02 4.254569e-02 4.919355e-02 6.298690e-02 6.992881e-02 7.022951e-02 6.743970e-02 5.731803e-02 4.755763e-02 5.306488e-02 6.675859e-02 7.374652e-02 9.216129e-02 9.984014e-02 7.846037e-02 6.847176e-02 6.954466e-02 6.812151e-02 7.513787e-02 9.119047e-02 9.405434e-02 9.774306e-02 1.209787e-01 1.423634e-01 1.486078e-01 1.621187e-01 1.713801e-01 1.590172e-01 1.532275e-01 1.464099e-01 1.167289e-01 9.428211e-02 9.255083e-02 9.075886e-02 7.970881e-02 7.741909e-02 9.120570e-02 1.091031e-01 1.227694e-01 1.466470e-01 1.801159e-01 1.887292e-01 1.617369e-01 1.350662e-01 1.282694e-01 1.398017e-01 1.588394e-01 1.823955e-01 2.086179e-01 2.163502e-01 2.076841e-01 1.927764e-01 1.844932e-01 1.866763e-01 1.827342e-01 1.824710e-01 1.904160e-01 2.028666e-01 2.191167e-01 2.276149e-01 2.278356e-01 2.172288e-01 2.040503e-01 1.928652e-01 1.933019e-01 1.994735e-01 2.017700e-01 1.910980e-01 1.729526e-01 1.616872e-01 1.654669e-01 1.896241e-01 2.336175e-01 2.749932e-01 2.796090e-01 2.423555e-01 1.923267e-01 1.498150e-01 1.187828e-01 9.791169e-02 8.519460e-02 8.560642e-02 1.062753e-01 1.431243e-01 1.669381e-01 1.489038e-01 1.085580e-01 8.751439e-02 9.510624e-02 1.019641e-01 7.419401e-02 3.294722e-02 9.977323e-03 3.423605e-03 2.489813e-03 1.289299e-03 1.677485e-04 3.087760e-06 1.010266e-08 5.934440e-11 1.116967e-12 2.226917e-13 1.795166e-13 1.877529e-14 1.064146e-17 2.637942e-24 5.671234e-34 1.681558e-44 1.401298e-45 1.401298e-45 1.401298e-45 1.401298e-45 2.802597e-45 2.802597e-45 2.802597e-45 2.802597e-45 2.802597e-45 1.401298e-45 1.401298e-45 1.401298e-45 2.802597e-45 2.802597e-45 2.802597e-45 2.802597e-45 1.401298e-45 1.401298e-45 1.401298e-45 1.401298e-45 1.401298e-45 1.401298e-45 1.401298e-45 1.401298e-45 1.401298e-45
1.401298e-45 4.203895e-45 1.363030e-34 1.319836e-15 2.263878e-14 1.636147e-12 3.062829e-14 4.838391e-21 2.314278e-23 5.235896e-25 5.455641e-25 2.461727e-22 1.502059e-18 5.168195e-15 6.134017e-12 2.375519e-09 1.323005e-07 4.265679e-06 4.120371e-05 5.456793e-04 1.331296e-03 2.794182e-03 1.344372e-03 8.748373e-04 6.546956e-04 5.861286e-04 1.009901e-03 7.222022e-04 2.469390e-03 2.147047e-03 4.087972e-03 4.533033e-03 2.880762e-03 3.933246e-03 1.125768e-03 1.488297e-03 9.712406e-04 9.668627e-04 2.373813e-03 2.111289e-03 6.791948e-03 9.515077e-03 1.226931e-02 2.470597e-02 1.820710e-02 2.012611e-02 2.082367e-02 1.495595e-02 2.109220e-02 2.491859e-02 2.602079e-02 4.448086e-02 4.824531e-02 4.759728e-02 5.974271e-02 5.621604e-02 5.845227e-02 7.685024e-02 6.849778e-02 6.626388e-02 7.983385e-02 7.217134e-02 7.278624e-02 9.123866e-02 8.883465e-02 8.316965e-02 9.307680e-02 8.927385e-02 8.313771e-02 9.793562e-02 1.103287e-01 1.143315e-01 1.372692e-01 1.592413e-01 1.538880e-01 1.556078e-01 1.735613e-01 1.775546e-01 1.678641e-01 1.597801e-01 1.463616e-01 1.306234e-01 1.229644e-01 1.146271e-01 1.024766e-01 1.000069e-01 1.114250e-01 1.235899e-01 1.282396e-01 1.412318e-01 1.729862e-01 2.027457e-01 1.999596e-01 1.829464e-01 1.801457e-01 1.871814e-01 1.822872e-01 1.695098e-01 1.659631e-01 1.791290e-01 1.996076e-01 2.072705e-01 2.110039e-01 2.112724e-01 2.053595e-01 1.982117e-01 1.872551e-01 1.880541e-01 1.955655e-01 1.991805e-01 2.041969e-01 2.094839e-01 2.136745e-01 2.091349e-01 1.978639e-01 1.816126e-01 1.675822e-01 1.563376e-01 1.523946e-01 1.563237e-01 1.672402e-01 1.911637e-01 2.288982e-01 2.701824e-01 2.779828e-01 2.346822e-01 1.753371e-01 1.291801e-01 1.010257e-01 8.840413e-02 8.784281e-02 9.892121e-02 1.222250e-01 1.556523e-01 1.823983e-01 1.726381e-01 1.273233e-01 8.779911e-02 7.605866e-02 7.862002e-02 7.826868e-02 5.386788e-02 2.690758e-02 1.237999e-02 9.325426e-03 7.211999e-03 3.421909e-03 7.617957e-04 5.853666e-05 4.774752e-06 6.811346e-07 3.612265e-07 3.736295e-07 3.285449e-08 3.309215e-11 8.110169e-17 1.976164e-24 1.799914e-32 1.887950e-39 5.745324e-44 2.802597e-45 9.809089e-45 1.135052e-43 8.407791e-45 2.802597e-45 2.802597e-45 2.802597e-45 1.401298e-45 1.401298e-45 1.401298e-45 1.401298e-45 1.401298e-45 1.401298e-45 1.401298e-45 1.401298e-45 1.401298e-45 1.401298e-45 1.401298e-45 1.401298e-45 1.401298e-45 1.401298e-45 1.401298e-45 1.401298e-45 1.401298e-45 0.000000e+00
0.000000e+00 2.802597e-45 3.863137e-30 7.489519e-21 2.337973e-07 6.338681e-04 1.041310e-05 5.936461e-09 8.462842e-15 3.302871e-17 5.701003e-18 2.165133e-18 9.975465e-17 1.039341e-12 5.713002e-10 3.010170e-08 8.269683e-07 1.825244e-05 1.267872e-04 2.188767e-04 6.591402e-04 1.195038e-03 3.907281e-03 3.631429e-03 2.459094e-03 1.841913e-03 6.637083e-04 1.041718e-03 4.133999e-04 7.112132e-04 7.491193e-04 1.335689e-03 2.678073e-03 2.079375e-03 2.493475e-03 1.847104e-03 1.716308e-03 3.652112e-03 3.102308e-03 8.801023e-03 1.006557e-02 1.166806e-02 2.241317e-02 1.282251e-02 1.644495e-02 1.595386e-02 1.099336e-02 2.027036e-02 1.815715e-02 2.163208e-02 3.854838e-02 3.261985e-02 3.990877e-02 4.677920e-02 3.596756e-02 4.299402e-02 5.245931e-02 5.590710e-02 7.904836e-02 8.730031e-02 7.286606e-02 7.520010e-02 6.841033e-02 5.807975e-02 7.033241e-02 8.390123e-02 8.374618e-02 9.987570e-02 1.227204e-01 1.262406e-01 1.458082e-01 1.835092e-01 1.738427e-01 1.570386e-01 1.814426e-01 1.984649e-01 1.871445e-01 1.891653e-01 1.884775e-01 1.604704e-01 1.414838e-01 1.398104e-01 1.246214e-01 1.054656e-01 1.086631e-01 1.235576e-01 1.227220e-01 1.148776e-01 1.264233e-01 1.549261e-01 1.731025e-01 1.753271e-01 1.827100e-01 1.997461e-01 2.080336e-01 2.001298e-01 1.881673e-01 1.846117e-01 1.868573e-01 1.952091e-01 2.123833e-01 2.191297e-01 2.109348e-01 1.938460e-01 1.852611e-01 1.907018e-01 1.862302e-01 1.768181e-01 1.735852e-01 1.855538e-01 2.156504e-01 2.437799e-01 2.527952e-01 2.397765e-01 2.172631e-01 1.950028e-01 1.811079e-01 1.749492e-01 1.803302e-01 2.016020e-01 2.396041e-01 2.890840e-01 3.109168e-01 2.802682e-01 2.233356e-01 1.758665e-01 1.515192e-01 1.502562e-01 1.666778e-01 1.940098e-01 2.227905e-01 2.406903e-01 2.344493e-01 1.904940e-01 1.320815e-01 8.838288e-02 7.066311e-02 6.944976e-02 8.503600e-02 8.687859e-02 6.714547e-02 4.378777e-02 3.287810e-02 2.891801e-02 2.591394e-02 1.635625e-02 4.321025e-03 9.427614e-04 2.148640e-04 1.108588e-04 1.207891e-04 2.464126e-05 2.032134e-07 1.741890e-11 7.321036e-17 3.423159e-22 1.812165e-26 8.308544e-29 3.394695e-29 1.101932e-28 7.867547e-29 7.061884e-32 1.191939e-38 2.802597e-45 2.802597e-45 1.401298e-45 1.401298e-45 1.401298e-45 2.802597e-45 2.802597e-45 2.802597e-45 2.802597e-45 1.401298e-45 1.401298e-45 1.401298e-45 1.401298e-45 1.401298e-45 1.401298e-45 1.401298e-45 1.401298e-45 1.401298e-45 1.401298e-45 1.401298e-45 1.401298e-45 0.000000e+00
1.401298e-45 1.401298e-45 1.401298e-45 2.802597e-45 4.203895e-45 2.761645e-38 3.606179e-26 3.479421e-14 8.784806e-07 2.836206e-06 3.067828e-08 9.780632e-10 2.116359e-09 2.910229e-09 2.443384e-08 2.577282e-07 3.429126e-06 6.827523e-06 1.368365e-05 2.986397e-05 1.599838e-04 4.187426e-04 9.342867e-04 9.283506e-04 1.582603e-03 6.902402e-04 8.572757e-04 3.661725e-04 3.469393e-04 2.104582e-04 2.514735e-04 3.184277e-04 4.214855e-04 1.024418e-03 1.749147e-03 4.087561e-03 6.880756e-03 7.290686e-03 9.980971e-03 8.497137e-03 9.638749e-03 1.100025e-02 9.135443e-03 1.253602e-02 1.241820e-02 1.275927e-02 1.860429e-02 1.664449e-02 2.370232e-02 2.869669e-02 2.430692e-02 3.582436e-02 3.447611e-02 3.366001e-02 4.338193e-02 4.118194e-02 5.071199e-02 7.026391e-02 7.292329e-02 8.252910e-02 9.313777e-02 7.330415e-02 6.266485e-02 7.026073e-02 7.219892e-02 7.594724e-02 9.855843e-02 1.239191e-01 1.394578e-01 1.863403e-01 2.249064e-01 1.992024e-01 1.934936e-01 2.171588e-01 2.125348e-01 2.026804e-01 2.251032e-01 2.315223e-01 1.968451e-01 1.729585e-01 1.600230e-01 1.374181e-01 1.207749e-01 1.228747e-01 1.334218e-01 1.396766e-01 1.479567e-01 1.592187e-01 1.636911e-01 1.680024e-01 1.867616e-01 2.164272e-01 2.361961e-01 2.409880e-01 2.401002e-01 2.342924e-01 2.196595e-01 2.095363e-01 2.088954e-01 2.121730e-01 2.139815e-01 2.105259e-01 2.171552e-01 2.247231e-01 2.181309e-01 1.998080e-01 1.762767e-01 1.751718e-01 1.991283e-01 2.372470e-01 2.750084e-01 2.889384e-01 2.801229e-01 2.573666e-01 2.261976e-01 1.920609e-01 1.697984e-01 1.663257e-01 1.837138e-01 2.115494e-01 2.203722e-01 1.999217e-01 1.677120e-01 1.502410e-01 1.576686e-01 1.864444e-01 2.230055e-01 2.381833e-01 2.258762e-01 1.990174e-01 1.743828e-01 1.430102e-01 1.112151e-01 8.769177e-02 8.013152e-02 8.153763e-02 1.037833e-01 1.299391e-01 1.279164e-01 9.684154e-02 6.947441e-02 5.835525e-02 6.137668e-02 6.962973e-02 4.153460e-02 1.978709e-02 8.285270e-03 4.391502e-03 3.947238e-03 1.243044e-03 4.596346e-05 1.038095e-07 3.461621e-11 1.406006e-14 3.716186e-17 2.814037e-18 5.070089e-18 1.715682e-17 1.230963e-18 2.722612e-23 7.925010e-32 3.531272e-43 1.401298e-45 1.401298e-45 1.401298e-45 1.401298e-45 2.802597e-45 2.802597e-45 2.802597e-45 2.802597e-45 2.802597e-45 1.401298e-45 1.401298e-45 1.401298e-45 2.802597e-45 2.802597e-45 2.802597e-45 1.401298e-45 1.401298e-45 1.401298e-45 1.401298e-45 1.401298e-45 1.401298e-45 1.401298e-45 0.000000e+00
0.000000e+00 1.401298e-45 1.401298e-45 1.401298e-45 1.401298e-45 2.802597e-45 5.605194e-45 1.217256e-35 3.118958e-24 1.991689e-15 1.200617e-09 2.269039e-07 3.616321e-07 4.516566e-07 2.758484e-07 9.868162e-07 1.012559e-06 1.319847e-06 1.040219e-06 8.895285e-06 2.503705e-05 1.812947e-04 2.153355e-04 6.671711e-04 5.203588e-04 1.107455e-03 9.304043e-04 1.122237e-03 8.403016e-04 4.925470e-04 4.774578e-04 4.540892e-04 8.965975e-04 1.209059e-03 2.930054e-03 5.370627e-03 1.010274e-02 1.499548e-02 1.246854e-02 1.065465e-02 7.486329e-03 6.278046e-03 6.894017e-03 7.492397e-03 9.978740e-03 1.194555e-02 1.284955e-02 1.797019e-02 1.867098e-02 1.979867e-02 2.672676e-02 2.393742e-02 2.612725e-02 3.981791e-02 4.093178e-02 5.687339e-02 7.251786e-02 5.947456e-02 7.099253e-02 7.812338e-02 6.509868e-02 8.293807e-02 9.854866e-02 8.673674e-02 1.043180e-01 1.283757e-01 1.178500e-01 1.315217e-01 1.810459e-01 1.947244e-01 1.914804e-01 2.221317e-01 2.289030e-01 2.042594e-01 2.090623e-01 2.222344e-01 2.214300e-01 2.162324e-01 1.963878e-01 1.694117e-01 1.490977e-01 1.354233e-01 1.309110e-01 1.397801e-01 1.621713e-01 1.898402e-01 2.032002e-01 1.983647e-01 2.002812e-01 2.212167e-01 2.450117e-01 2.515269e-01 2.427129e-01 2.353857e-01 2.361118e-01 2.330076e-01 2.171966e-01 2.084305e-01 2.192946e-01 2.449938e-01 2.676042e-01 2.605145e-01 2.356259e-01 2.015643e-01 1.740441e-01 1.651566e-01 1.632256e-01 1.698249e-01 1.838048e-01 2.053431e-01 2.332649e-01 2.465958e-01 2.365682e-01 2.152201e-01 2.021895e-01 2.028752e-01 2.133036e-01 2.196921e-01 2.124568e-01 1.955779e-01 1.794034e-01 1.771499e-01 1.911338e-01 2.172328e-01 2.420601e-01 2.402972e-01 2.163864e-01 1.823450e-01 1.532454e-01 1.289334e-01 1.130743e-01 1.030669e-01 1.029791e-01 1.120789e-01 1.402645e-01 1.720051e-01 1.735379e-01 1.343917e-01 8.644871e-02 6.247690e-02 5.471214e-02 5.979196e-02 4.933633e-02 3.306854e-02 1.798889e-02 1.042812e-02 9.568727e-03 5.903359e-03 1.350268e-03 6.453331e-05 8.388979e-07 8.027148e-09 1.910242e-10 5.240878e-11 1.036253e-10 1.416710e-10 4.172116e-12 1.133359e-16 6.711811e-24 5.161468e-33 3.686816e-42 1.401298e-45 1.401298e-45 1.401298e-45 1.401298e-45 2.802597e-45 2.802597e-45 2.802597e-45 2.802597e-45 1.401298e-45 1.401298e-45 1.401298e-45 1.401298e-45 1.401298e-45 1.401298e-45 1.401298e-45 1.401298e-45 1.401298e-45 1.401298e-45 1.401298e-45 1.401298e-45 1.401298e-45 1.401298e-45 0.000000e+00 0.000000e+00
1.401298e-45 1.401298e-45 2.802597e-45 1.401298e-45 2.802597e-45 2.802597e-45 2.802597e-45 4.203895e-45 7.006492e-45 1.350099e-34 4.554522e-24 1.357837e-16 1.974287e-12 6.959486e-10 8.083898e-08 4.723201e-07 2.413932e-06 4.910032e-06 2.418337e-05 1.805353e-05 3.715635e-05 5.258069e-05 3.028876e-04 4.326722e-04 6.862273e-04 6.594142e-04 4.832602e-04 6.966406e-04 5.255962e-04 1.059124e-03 9.164607e-04 2.394096e-03 3.086064e-03 4.381134e-03 6.038086e-03 5.331555e-03 8.354484e-03 7.043705e-03 9.588063e-03 9.999669e-03 7.694526e-03 9.689895e-03 6.191284e-03 6.969453e-03 7.587969e-03 7.406518e-03 1.114922e-02 1.467939e-02 1.986596e-02 3.029769e-02 2.725888e-02 3.075991e-02 4.041805e-02 3.174105e-02 4.122153e-02 5.416172e-02 4.564744e-02 6.378957e-02 6.991296e-02 5.837667e-02 8.411549e-02 1.011916e-01 1.004183e-01 1.479061e-01 1.683650e-01 1.298542e-01 1.292436e-01 1.431874e-01 1.351553e-01 1.575322e-01 2.068501e-01 2.033602e-01 1.918105e-01 1.986461e-01 1.973882e-01 2.078594e-01 2.222596e-01 2.013522e-01 1.679605e-01 1.556015e-01 1.517795e-01 1.455276e-01 1.466924e-01 1.621409e-01 1.799632e-01 1.861587e-01 1.910408e-01 2.069649e-01 2.286489e-01 2.496690e-01 2.649968e-01 2.701015e-01 2.733901e-01 2.788262e-01 2.754907e-01 2.579828e-01 2.382910e-01 2.416357e-01 2.707475e-01 3.043938e-01 3.133309e-01 2.836411e-01 2.526250e-01 2.275663e-01 2.083628e-01 2.001138e-01 1.919949e-01 1.915669e-01 1.978774e-01 2.094168e-01 2.270051e-01 2.378091e-01 2.380473e-01 2.313224e-01 2.268461e-01 2.249597e-01 2.238020e-01 2.169807e-01 2.085638e-01 2.076592e-01 2.191769e-01 2.449344e-01 2.687220e-01 2.675319e-01 2.452796e-01 2.134666e-01 1.907230e-01 1.787754e-01 1.800216e-01 1.901117e-01 1.989205e-01 1.988959e-01 2.020473e-01 2.008152e-01 1.726387e-01 1.269262e-01 8.077677e-02 5.730211e-02 5.112483e-02 6.515025e-02 8.452377e-02 1.003427e-01 9.166870e-02 6.881513e-02 6.963538e-02 7.336208e-02 6.783602e-02 2.946407e-02 4.874873e-03 4.955402e-04 5.580996e-05 2.454837e-05 3.053039e-05 1.865947e-05 7.030355e-07 1.454359e-10 5.648714e-16 3.072084e-22 2.493004e-28 1.252295e-32 2.816081e-35 3.650578e-36 2.022441e-36 1.745455e-38 7.356817e-43 2.802597e-45 2.802597e-45 1.401298e-45 1.401298e-45 1.401298e-45 1.401298e-45 2.802597e-45 2.802597e-45 2.802597e-45 2.802597e-45 1.401298e-45 1.401298e-45 1.401298e-45 1.401298e-45 1.401298e-45 1.401298e-45 1.401298e-45 1.401298e-45 1.401298e-45 0.000000e+00
3.230273e-41 5.605194e-45 4.203895e-45 5.310921e-43 2.802597e-45 4.203895e-45 9.809089e-45 1.261169e-44 4.078762e-39 1.894849e-31 1.808465e-25 1.835471e-18 6.034674e-12 1.953919e-07 2.459490e-05 4.419636e-04 4.775952e-04 3.322517e-04 5.103694e-05 5.072430e-05 2.766889e-05 5.865031e-05 6.087693e-05 1.459792e-04 3.666508e-04 4.522247e-04 7.522325e-04 3.414128e-04 6.223375e-04 4.576322e-04 1.124576e-03 1.937141e-03 3.026315e-03 6.679785e-03 4.127876e-03 6.971797e-03 4.865068e-03 6.253999e-03 8.263397e-03 6.509767e-03 1.194867e-02 8.614505e-03 8.523217e-03 8.830000e-03 5.418471e-03 9.360157e-03 1.141115e-02 1.783979e-02 3.237492e-02 3.190634e-02 4.272545e-02 4.842709e-02 3.515536e-02 4.016706e-02 4.253390e-02 3.915751e-02 6.243414e-02 7.265940e-02 6.856373e-02 8.926989e-02 9.411427e-02 9.371484e-02 1.171476e-01 1.381471e-01 1.512521e-01 1.819102e-01 1.912199e-01 1.742798e-01 1.811435e-01 1.872763e-01 1.783530e-01 1.837269e-01 1.910963e-01 1.820576e-01 1.799425e-01 1.869260e-01 1.896519e-01 1.941973e-01 2.046282e-01 2.098852e-01 2.033671e-01 1.983139e-01 2.024439e-01 2.081727e-01 2.221182e-01 2.459347e-01 2.549317e-01 2.392342e-01 2.295703e-01 2.515309e-01 2.906429e-01 3.101042e-01 3.014186e-01 2.836793e-01 2.693342e-01 2.652270e-01 2.724126e-01 2.884203e-01 2.977630e-01 2.949804e-01 2.843653e-01 2.602787e-01 2.411916e-01 2.220017e-01 1.988277e-01 1.837214e-01 1.779449e-01 1.916774e-01 2.113505e-01 2.196096e-01 2.277185e-01 2.447544e-01 2.659029e-01 2.618093e-01 2.285216e-01 1.944527e-01 1.818366e-01 1.904174e-01 2.096998e-01 2.279430e-01 2.333812e-01 2.245001e-01 2.069569e-01 1.874280e-01 1.751394e-01 1.717599e-01 1.819911e-01 1.991370e-01 2.096920e-01 2.116448e-01 2.067113e-01 2.005071e-01 1.792971e-01 1.494658e-01 1.140139e-01 9.144764e-02 8.142243e-02 9.305534e-02 1.174986e-01 1.412674e-01 1.406833e-01 9.976798e-02 6.887686e-02 5.302742e-02 5.881745e-02 5.573709e-02 3.436868e-02 1.636626e-02 6.386124e-03 4.871767e-03 5.489666e-03 2.584439e-03 1.822650e-04 4.675087e-07 1.040571e-10 1.471944e-14 4.239782e-18 2.931958e-20 3.252162e-21 1.176687e-21 1.049269e-22 1.743675e-26 1.982333e-33 2.466285e-43 2.802597e-45 1.401298e-45 1.401298e-45 1.401298e-45 2.802597e-45 2.802597e-45 2.802597e-45 2.802597e-45 2.802597e-45 2.802597e-45 1.401298e-45 1.401298e-45 1.401298e-45 1.401298e-45 1.401298e-45 1.401298e-45 1.401298e-45 1.401298e-45 1.401298e-45 1.401298e-45 0.000000e+00
6.526379e-32 1.014699e-27 3.295540e-14 1.107671e-10 3.429943e-15 2.162857e-21 3.027536e-23 1.764085e-22 2.061199e-20 1.970644e-19 1.173412e-16 2.342452e-13 2.919918e-09 5.378992e-06 4.284905e-04 1.029214e-03 1.901465e-03 8.242252e-04 3.087452e-04 9.984140e-05 2.869958e-05 3.056270e-05 1.793120e-05 7.374306e-05 1.214661e-04 7.238180e-04 8.137914e-04 1.619502e-03 1.330829e-03 1.185914e-03 1.593099e-03 1.504361e-03 4.039374e-03 3.041320e-03 5.635406e-03 5.307662e-03 5.015373e-03 7.952361e-03 5.303401e-03 7.093052e-03 6.225083e-03 6.133086e-03 9.804063e-03 8.658885e-03 1.317122e-02 1.583907e-02 1.878319e-02 3.291158e-02 3.754311e-02 4.494850e-02 4.644908e-02 3.742640e-02 4.050125e-02 4.679043e-02 4.730609e-02 5.981767e-02 7.165828e-02 7.115643e-02 7.932260e-02 8.125972e-02 7.418247e-02 8.893097e-02 1.123873e-01 1.264643e-01 1.680214e-01 2.044660e-01 2.024999e-01 2.178065e-01 2.179940e-01 1.904026e-01 1.851883e-01 1.781860e-01 1.636735e-01 1.619043e-01 1.712892e-01 1.834376e-01 1.988498e-01 2.258495e-01 2.471745e-01 2.461766e-01 2.475486e-01 2.557542e-01 2.482380e-01 2.418274e-01 2.587880e-01 2.731312e-01 2.542551e-01 2.314224e-01 2.457245e-01 2.945760e-01 3.349330e-01 3.396927e-01 3.362454e-01 3.481919e-01 3.586792e-01 3.434009e-01 3.112318e-01 2.923541e-01 2.912206e-01 2.992984e-01 3.079535e-01 2.972658e-01 2.780733e-01 2.522094e-01 2.303505e-01 2.220920e-01 2.144321e-01 2.218935e-01 2.481506e-01 2.839784e-01 3.148762e-01 3.149199e-01 2.896008e-01 2.578916e-01 2.336459e-01 2.203339e-01 2.164317e-01 2.188497e-01 2.228028e-01 2.295026e-01 2.356565e-01 2.394742e-01 2.353279e-01 2.220508e-01 2.070293e-01 1.923139e-01 1.829884e-01 1.850336e-01 1.924281e-01 1.987196e-01 1.882096e-01 1.690966e-01 1.455692e-01 1.337189e-01 1.303861e-01 1.432189e-01 1.780238e-01 2.092624e-01 1.938621e-01 1.303279e-01 7.871375e-02 4.648327e-02 4.047030e-02 4.189260e-02 3.697507e-02 3.034904e-02 1.714315e-02 1.094557e-02 1.115304e-02 9.046908e-03 2.701722e-03 1.216442e-04 8.769562e-07 3.658506e-09 2.352040e-11 1.506310e-12 7.533471e-13 4.023285e-13 1.311998e-14 1.018078e-18 1.150393e-25 1.027896e-34 1.261169e-44 1.401298e-45 1.401298e-45 1.401298e-45 1.401298e-45 1.401298e-45 2.802597e-45 2.802597e-45 2.802597e-45 1.401298e-45 1.401298e-45 1.401298e-45 1.401298e-45 1.401298e-45 1.401298e-45 1.401298e-45 1.401298e-45 1.401298e-45 1.401298e-45 1.401298e-45 1.401298e-45 0.000000e+00 0.000000e+00
8.407791e-45 3.602984e-13 5.787250e-12 6.156839e-29 1.216117e-26 1.850905e-25 2.700386e-24 2.221237e-20 3.906061e-19 2.304388e-17 5.663607e-15 3.571187e-11 9.163419e-09 6.041103e-07 1.115400e-05 7.613628e-05 1.832101e-04 9.580954e-05 2.389722e-04 5.366314e-05 1.312906e-04 1.594538e-05 5.797793e-05 3.320604e-05 2.953754e-04 4.401918e-04 1.209999e-03 2.725431e-03 2.787460e-03 6.836666e-03 3.040385e-03 5.489674e-03 2.361450e-03 2.894745e-03 3.723972e-03 2.427666e-03 5.067000e-03 3.176443e-03 4.048549e-03 5.187726e-03 5.411876e-03 1.056615e-02 1.296204e-02 1.944178e-02 3.040776e-02 2.826435e-02 3.209120e-02 3.350217e-02 2.996718e-02 3.430536e-02 3.653841e-02 4.490114e-02 4.857375e-02 4.444975e-02 5.052173e-02 6.120392e-02 6.875619e-02 7.421968e-02 7.346803e-02 7.121805e-02 7.088175e-02 7.782171e-02 1.045921e-01 1.388242e-01 1.619644e-01 1.818562e-01 1.840438e-01 1.657184e-01 1.646646e-01 1.827495e-01 1.965374e-01 1.913597e-01 1.796205e-01 1.730427e-01 1.760555e-01 1.974859e-01 2.284764e-01 2.495579e-01 2.641461e-01 2.979742e-01 3.315793e-01 3.075944e-01 2.598117e-01 2.420072e-01 2.452242e-01 2.346188e-01 2.152960e-01 2.239709e-01 2.692364e-01 3.124091e-01 3.297898e-01 3.486006e-01 3.702993e-01 3.582015e-01 3.115763e-01 2.715860e-01 2.613421e-01 2.774760e-01 2.934529e-01 2.952553e-01 2.873010e-01 2.670138e-01 2.550039e-01 2.513500e-01 2.522638e-01 2.569883e-01 2.499374e-01 2.554379e-01 2.842416e-01 3.229544e-01 3.428419e-01 3.212112e-01 2.864279e-01 2.653366e-01 2.577667e-01 2.502135e-01 2.358914e-01 2.223733e-01 2.167371e-01 2.191186e-01 2.187524e-01 2.132724e-01 2.058819e-01 2.027584e-01 2.108510e-01 2.301556e-01 2.500038e-01 2.568921e-01 2.427580e-01 2.199419e-01 1.899620e-01 1.661634e-01 1.520980e-01 1.527769e-01 1.729630e-01 1.948118e-01 1.974661e-01 1.535051e-01 1.024415e-01 6.438691e-02 5.358380e-02 6.153598e-02 7.459253e-02 8.846554e-02 7.575714e-02 5.864569e-02 5.996937e-02 6.931254e-02 6.457251e-02 2.810285e-02 3.654404e-03 2.343243e-04 1.449140e-05 2.907379e-06 1.718225e-06 5.039537e-07 9.444489e-09 1.544731e-12 2.516266e-18 3.117482e-25 2.843044e-32 4.703615e-38 1.160555e-41 3.068844e-43 3.559298e-43 1.681558e-43 2.802597e-45 2.802597e-45 2.802597e-45 1.401298e-45 1.401298e-45 1.401298e-45 1.401298e-45 1.401298e-45 1.401298e-45 1.401298e-45 1.401298e-45 1.401298e-45 1.401298e-45 1.401298e-45 1.401298e-45 1.401298e-45 1.401298e-45 0.000000e+00 0.000000e+00
1.401298e-45 2.698209e-36 7.228607e-28 4.511089e-13 5.144363e-13 9.218661e-12 2.876991e-12 1.167655e-16 7.072627e-17 4.401721e-17 3.841558e-16 8.669613e-14 5.108008e-11 2.825222e-09 2.490584e-08 2.699157e-07 5.647548e-07 1.147005e-05 2.492882e-05 7.886839e-04 5.755830e-04 4.799434e-03 1.003288e-03 2.101132e-03 9.349962e-04 1.128665e-03 1.502153e-03 7.674491e-04 3.224054e-03 1.845912e-03 6.462302e-03 3.765988e-03 4.594165e-03 4.576360e-03 1.898108e-03 2.967755e-03 1.548303e-03 2.709748e-03 4.150962e-03 5.503635e-03 1.324494e-02 1.596411e-02 2.279885e-02 3.349110e-02 2.902672e-02 3.092272e-02 2.935061e-02 2.348274e-02 2.642687e-02 3.108125e-02 4.025340e-02 5.303620e-02 6.450903e-02 6.089809e-02 5.760241e-02 6.258707e-02 6.150829e-02 7.251235e-02 8.686357e-02 8.468697e-02 1.016569e-01 1.209831e-01 1.143155e-01 1.327640e-01 1.604675e-01 1.572493e-01 1.530870e-01 1.537416e-01 1.437381e-01 1.436192e-01 1.575882e-01 1.614799e-01 1.707920e-01 1.892382e-01 1.965754e-01 2.175627e-01 2.673831e-01 2.995555e-01 2.934180e-01 2.974919e-01 3.062693e-01 2.824052e-01 2.711343e-01 3.086296e-01 3.381603e-01 3.261579e-01 3.335147e-01 3.735870e-01 4.056004e-01 4.206083e-01 4.367610e-01 4.358628e-01 3.895547e-01 3.279672e-01 2.993177e-01 3.012741e-01 2.984834e-01 2.828563e-01 2.693715e-01 2.714521e-01 2.856993e-01 2.877353e-01 2.802180e-01 2.592056e-01 2.380877e-01 2.367571e-01 2.420777e-01 2.561183e-01 2.679777e-01 2.736345e-01 2.795163e-01 2.776709e-01 2.692805e-01 2.569795e-01 2.439887e-01 2.322305e-01 2.238555e-01 2.200071e-01 2.187880e-01 2.146013e-01 2.026777e-01 1.925642e-01 1.959301e-01 2.160894e-01 2.365113e-01 2.300424e-01 1.964614e-01 1.594064e-01 1.342868e-01 1.245247e-01 1.272669e-01 1.474423e-01 1.929200e-01 2.437634e-01 2.758444e-01 2.469578e-01 1.755969e-01 1.097059e-01 8.028374e-02 7.066926e-02 6.619198e-02 6.498829e-02 4.881746e-02 3.118004e-02 2.449838e-02 2.441162e-02 3.221127e-02 4.314540e-02 3.224736e-02 1.585099e-02 6.972120e-03 3.611550e-03 2.446221e-03 6.812341e-04 1.958048e-05 2.450873e-08 1.747816e-12 3.903547e-17 2.343445e-21 1.707545e-24 5.300488e-26 2.805682e-26 1.598244e-26 5.671692e-28 1.149603e-32 8.382427e-41 2.802597e-45 2.802597e-45 1.401298e-45 1.401298e-45 1.401298e-45 2.802597e-45 1.401298e-45 1.401298e-45 1.401298e-45 1.401298e-45 1.401298e-45 1.401298e-45 1.401298e-45 1.401298e-45 1.401298e-45 1.401298e-45 1.401298e-45 1.401298e-45 0.000000e+00
1.401298e-45 9.258923e-39 2.061032e-22 3.179628e-16 6.534955e-06 8.472668e-04 7.689533e-05 2.229600e-06 4.755868e-09 1.731150e-09 1.264475e-08 7.029294e-09 4.411125e-08 1.066735e-06 8.469980e-06 2.681751e-06 1.022542e-05 1.505435e-05 1.745627e-04 1.296177e-04 1.316685e-03 9.120135e-04 5.480053e-03 2.501087e-03 2.518654e-03 1.876950e-03 6.949428e-04 1.750359e-03 5.691899e-04 1.663594e-03 1.026958e-03 2.478351e-03 3.383897e-03 2.786346e-03 3.805153e-03 2.196315e-03 4.030815e-03 4.714387e-03 6.373795e-03 1.234370e-02 1.379666e-02 2.099123e-02 2.586012e-02 2.286066e-02 2.608554e-02 2.288706e-02 2.257896e-02 2.649341e-02 3.060950e-02 3.579592e-02 4.213252e-02 4.998375e-02 4.814166e-02 5.197148e-02 5.775228e-02 5.394752e-02 6.338678e-02 8.644221e-02 9.738936e-02 1.084836e-01 1.182711e-01 9.858081e-02 8.602941e-02 9.437884e-02 9.944227e-02 1.017772e-01 1.155382e-01 1.315177e-01 1.362855e-01 1.405565e-01 1.598340e-01 1.780643e-01 1.724904e-01 1.686177e-01 1.999927e-01 2.543682e-01 2.732900e-01 2.744439e-01 2.874407e-01 2.725969e-01 2.387944e-01 2.334507e-01 2.563379e-01 2.832244e-01 3.196333e-01 3.816029e-01 4.249024e-01 4.111284e-01 3.975947e-01 4.072467e-01 3.835861e-01 3.155822e-01 2.713225e-01 2.812847e-01 3.126304e-01 3.133728e-01 2.859018e-01 2.760935e-01 2.959085e-01 3.250481e-01 3.304054e-01 3.010278e-01 2.841753e-01 2.858527e-01 2.980173e-01 3.221799e-01 3.352287e-01 3.469581e-01 3.508568e-01 3.489897e-01 3.563726e-01 3.572007e-01 3.404159e-01 3.085840e-01 2.856188e-01 2.850014e-01 2.941593e-01 2.876194e-01 2.583358e-01 2.289065e-01 2.178098e-01 2.260300e-01 2.360324e-01 2.311359e-01 2.090482e-01 1.814665e-01 1.621898e-01 1.596883e-01 1.752555e-01 2.105991e-01 2.660455e-01 3.254184e-01 3.450978e-01 2.989745e-01 2.264915e-01 1.606129e-01 1.278276e-01 1.191777e-01 1.222640e-01 1.301621e-01 1.105384e-01 7.170726e-02 4.528321e-02 3.566130e-02 3.898788e-02 5.559271e-02 6.379488e-02 5.031182e-02 3.231713e-02 1.926310e-02 1.520044e-02 9.337559e-03 1.326807e-03 2.096397e-05 5.477282e-08 5.243304e-11 1.135712e-13 2.565407e-15 6.255707e-16 1.254562e-15 4.552370e-16 2.113951e-18 1.329904e-23 3.565214e-32 2.334563e-42 1.401298e-45 1.401298e-45 1.401298e-45 1.401298e-45 1.401298e-45 1.401298e-45 2.802597e-45 2.802597e-45 1.401298e-45 1.401298e-45 1.401298e-45 1.401298e-45 1.401298e-45 1.401298e-45 1.401298e-45 1.401298e-45 1.401298e-45 0.000000e+00 0.000000e+00 0.000000e+00
1.401298e-45 1.401298e-45 1.219130e-43 1.867915e-36 1.139846e-36 6.004029e-30 1.125321e-20 1.608935e-10 2.220828e-05 4.807934e-04 7.768204e-05 2.287565e-04 2.138966e-04 1.992860e-04 1.038364e-05 1.232543e-05 3.682419e-06 1.326817e-05 9.252625e-06 1.031729e-04 2.130716e-04 1.067762e-03 1.192940e-03 1.407389e-03 1.917670e-03 7.388028e-04 1.568044e-03 6.943845e-04 1.292098e-03 6.083934e-04 9.199815e-04 9.471092e-04 9.834832e-04 2.039182e-03 2.331258e-03 6.234309e-03 7.810640e-03 9.713219e-03 1.291509e-02 1.105132e-02 1.624183e-02 1.496700e-02 1.552598e-02 2.013070e-02 1.786750e-02 2.273439e-02 2.533935e-02 2.621671e-02 3.764053e-02 3.574999e-02 4.088032e-02 4.812815e-02 4.503011e-02 5.847304e-02 5.526533e-02 5.435471e-02 8.339545e-02 8.448190e-02 9.043948e-02 1.368086e-01 1.121311e-01 8.635683e-02 1.015170e-01 8.750130e-02 7.809130e-02 1.085529e-01 1.253191e-01 1.162875e-01 1.439424e-01 1.876577e-01 1.825040e-01 1.714478e-01 1.803058e-01 1.768049e-01 1.842679e-01 2.357956e-01 2.889372e-01 2.951317e-01 2.852709e-01 2.920208e-01 3.041549e-01 2.998004e-01 3.083026e-01 3.672709e-01 4.468205e-01 4.756366e-01 4.680417e-01 4.615209e-01 4.403242e-01 3.910548e-01 3.400648e-01 3.206581e-01 3.400703e-01 3.661721e-01 3.626704e-01 3.406559e-01 3.320462e-01 3.485917e-01 3.574912e-01 3.380379e-01 3.118485e-01 2.959550e-01 3.114070e-01 3.373303e-01 3.478119e-01 3.453116e-01 3.270444e-01 3.306830e-01 3.565659e-01 3.801343e-01 3.895184e-01 3.769244e-01 3.623777e-01 3.522624e-01 3.462094e-01 3.407717e-01 3.231640e-01 2.949332e-01 2.673355e-01 2.518535e-01 2.445712e-01 2.309202e-01 1.980336e-01 1.606428e-01 1.330639e-01 1.230584e-01 1.326630e-01 1.579855e-01 1.881639e-01 2.093731e-01 2.122678e-01 1.922846e-01 1.612690e-01 1.352108e-01 1.254194e-01 1.256846e-01 1.412521e-01 1.605091e-01 1.490627e-01 1.160212e-01 7.799023e-02 5.382143e-02 4.916005e-02 6.115165e-02 7.479040e-02 7.973539e-02 6.828270e-02 5.071734e-02 5.085747e-02 5.090337e-02 3.076837e-02 5.844530e-03 2.809098e-04 5.813346e-06 1.402653e-07 1.965654e-08 1.188463e-08 1.200508e-08 1.969574e-09 3.903448e-12 7.852112e-17 1.250928e-23 1.839469e-31 6.130335e-39 2.802597e-45 2.802597e-45 2.802597e-45 2.802597e-45 2.802597e-45 2.802597e-45 2.802597e-45 2.802597e-45 1.401298e-45 1.401298e-45 1.401298e-45 1.401298e-45 1.401298e-45 1.401298e-45 1.401298e-45 1.401298e-45 1.401298e-45 1.401298e-45 1.401298e-45 0.000000e+00 0.000000e+00
0.000000e+00 1.401298e-45 1.401298e-45 1.401298e-45 2.802597e-45 5.605194e-45 8.424608e-38 4.857299e-28 2.137830e-19 2.219637e-13 9.171949e-08 6.380921e-06 1.465568e-04 1.031067e-05 6.492603e-06 5.486486e-07 9.918408e-07 3.853898e-07 2.852011e-06 1.750675e-05 1.570530e-04 5.926116e-04 8.728307e-04 1.903381e-03 7.430459e-04 2.241437e-03 9.181912e-04 2.512119e-03 1.379358e-03 1.544511e-03 1.596921e-03 1.262733e-03 2.593240e-03 2.232049e-03 4.437574e-03 6.810044e-03 9.424379e-03 1.727618e-02 1.514820e-02 1.759381e-02 1.255154e-02 1.094034e-02 1.331396e-02 1.279195e-02 1.746289e-02 1.892688e-02 1.907501e-02 2.735478e-02 2.550866e-02 3.135476e-02 4.002251e-02 3.706122e-02 4.615450e-02 4.614373e-02 4.989520e-02 6.910606e-02 7.196662e-02 7.883381e-02 1.001059e-01 9.155232e-02 8.699112e-02 1.071657e-01 1.020984e-01 9.574080e-02 1.256143e-01 1.351054e-01 1.267882e-01 1.520719e-01 1.742874e-01 1.730927e-01 1.942188e-01 2.153564e-01 2.007281e-01 2.003739e-01 2.336331e-01 2.541528e-01 2.569911e-01 2.977153e-01 3.503114e-01 3.363559e-01 2.990682e-01 3.004791e-01 3.385701e-01 4.014077e-01 4.797284e-01 5.339654e-01 5.204791e-01 4.685022e-01 4.408457e-01 4.397475e-01 4.253242e-01 3.894252e-01 3.614615e-01 3.529632e-01 3.617673e-01 3.836225e-01 4.031709e-01 4.063998e-01 3.864254e-01 3.649369e-01 3.632344e-01 3.680640e-01 3.816184e-01 3.853916e-01 3.805544e-01 3.905558e-01 3.991968e-01 4.123968e-01 4.110951e-01 3.884340e-01 3.692931e-01 3.591883e-01 3.611439e-01 3.621357e-01 3.486507e-01 3.294778e-01 3.172763e-01 3.191701e-01 3.203923e-01 3.043074e-01 2.702111e-01 2.381788e-01 2.172695e-01 2.111552e-01 2.123967e-01 2.115842e-01 2.057144e-01 1.909133e-01 1.704940e-01 1.479926e-01 1.333361e-01 1.320110e-01 1.462748e-01 1.722829e-01 2.126246e-01 2.479447e-01 2.277213e-01 1.657651e-01 9.954727e-02 6.090140e-02 4.448184e-02 4.357143e-02 4.498150e-02 4.350043e-02 3.939193e-02 2.953952e-02 2.989257e-02 3.769699e-02 4.968097e-02 5.206420e-02 2.291742e-02 5.306403e-03 9.567392e-04 2.703083e-04 1.560910e-04 7.987701e-05 9.151863e-06 5.265182e-08 1.133439e-11 2.064364e-16 1.232023e-21 3.574949e-26 1.032799e-29 7.227934e-32 5.579089e-33 9.846657e-35 1.270545e-37 7.987401e-44 4.203895e-45 2.802597e-45 1.401298e-45 1.401298e-45 1.401298e-45 1.401298e-45 1.401298e-45 1.401298e-45 1.401298e-45 1.401298e-45 1.401298e-45 1.401298e-45 1.401298e-45 1.401298e-45 1.401298e-45 0.000000e+00 0.000000e+00
2.802597e-45 2.645652e-42 4.438330e-35 4.203895e-45 5.605194e-45 7.006492e-45 7.006492e-45 6.834175e-40 8.759595e-32 2.998728e-23 6.353946e-17 1.816705e-11 1.440166e-09 1.479701e-07 3.072932e-07 1.184063e-06 8.078965e-07 6.034415e-06 2.174794e-05 7.679930e-05 1.837499e-04 3.065430e-04 1.244292e-03 7.737644e-04 1.575954e-03 5.371933e-04 7.440608e-04 5.781283e-04 8.669863e-04 1.601211e-03 1.537595e-03 3.736035e-03 3.439321e-03 5.401886e-03 6.812245e-03 5.915816e-03 9.245059e-03 7.619187e-03 1.117442e-02 1.288326e-02 1.062667e-02 1.511511e-02 1.117444e-02 1.135149e-02 1.321759e-02 1.190253e-02 1.579695e-02 2.115244e-02 2.549902e-02 3.817904e-02 3.752446e-02 3.937854e-02 5.104544e-02 4.354270e-02 5.175998e-02 6.815181e-02 5.912684e-02 7.015072e-02 8.361059e-02 7.538223e-02 8.696484e-02 1.011082e-01 1.000209e-01 1.267545e-01 1.453643e-01 1.195013e-01 1.186393e-01 1.335879e-01 1.353100e-01 1.601844e-01 2.179098e-01 2.294561e-01 2.100624e-01 2.302727e-01 2.628102e-01 2.822095e-01 3.231339e-01 3.497446e-01 3.189545e-01 3.090365e-01 3.437448e-01 3.465276e-01 3.238034e-01 3.529358e-01 4.163227e-01 4.289736e-01 4.165320e-01 4.472530e-01 4.917381e-01 4.816205e-01 4.390625e-01 4.206860e-01 4.291900e-01 4.369926e-01 4.350540e-01 4.298308e-01 4.267125e-01 4.348187e-01 4.417619e-01 4.412604e-01 4.382603e-01 4.177314e-01 4.022813e-01 3.929797e-01 3.984309e-01 4.259613e-01 4.335431e-01 4.247807e-01 4.083796e-01 4.012145e-01 4.197815e-01 4.419743e-01 4.545173e-01 4.551072e-01 4.451500e-01 4.318075e-01 4.169797e-01 4.022586e-01 3.750773e-01 3.335898e-01 2.905449e-01 2.629118e-01 2.499398e-01 2.436850e-01 2.307366e-01 2.038931e-01 1.782029e-01 1.626221e-01 1.635288e-01 1.801292e-01 2.087567e-01 2.369817e-01 2.601596e-01 2.642772e-01 2.281422e-01 1.761177e-01 1.193292e-01 8.930097e-02 7.865519e-02 8.074556e-02 9.163965e-02 1.063102e-01 1.099395e-01 8.727513e-02 7.883128e-02 7.851735e-02 9.983090e-02 1.532583e-01 1.466196e-01 1.033926e-01 5.148836e-02 2.475215e-02 1.802156e-02 9.862639e-03 1.678379e-03 3.583129e-05 9.386719e-08 6.467035e-11 3.657807e-14 8.566508e-17 1.664202e-18 1.677690e-19 2.593086e-20 3.132451e-22 2.262898e-26 4.508727e-33 1.174288e-42 1.401298e-45 1.401298e-45 1.401298e-45 1.401298e-45 1.401298e-45 1.401298e-45 1.401298e-45 1.401298e-45 1.401298e-45 1.401298e-45 1.401298e-45 1.401298e-45 1.401298e-45 1.401298e-45 1.401298e-45 0.000000e+00 0.000000e+00 0.000000e+00
1.843176e-31 6.305843e-44 6.677745e-39 1.401503e-30 6.878876e-40 1.238929e-38 1.987270e-32 4.009746e-30 6.518989e-25 9.457095e-20 2.361648e-15 6.804447e-11 1.169068e-06 1.050462e-04 7.277905e-04 7.872226e-04 9.992735e-04 4.735582e-04 2.014386e-04 1.582041e-04 9.844597e-05 1.525155e-04 9.141566e-05 2.039835e-04 2.705824e-04 5.459606e-04 4.868362e-04 4.377264e-04 6.255208e-04 7.165097e-04 1.803854e-03 2.552790e-03 5.643883e-03 7.057758e-03 6.428549e-03 8.953024e-03 7.268493e-03 9.706405e-03 1.024881e-02 9.033188e-03 1.502551e-02 1.237997e-02 1.115898e-02 1.225763e-02 8.738926e-03 1.326851e-02 1.966180e-02 2.280585e-02 3.826005e-02 3.758532e-02 4.344172e-02 6.220533e-02 4.642893e-02 5.142302e-02 6.128942e-02 5.238499e-02 7.728292e-02 9.355953e-02 7.643367e-02 9.104905e-02 9.734468e-02 8.378113e-02 9.959577e-02 1.157898e-01 1.162678e-01 1.385799e-01 1.647288e-01 1.610859e-01 1.672325e-01 1.926174e-01 1.979629e-01 2.060782e-01 2.446307e-01 2.710135e-01 2.765364e-01 3.065684e-01 3.448521e-01 3.536784e-01 3.519143e-01 3.367983e-01 3.023396e-01 2.984532e-01 3.465416e-01 4.012704e-01 4.308887e-01 4.691075e-01 5.283885e-01 5.587481e-01 5.361851e-01 5.026571e-01 4.769455e-01 4.447213e-01 4.092546e-01 3.866694e-01 3.973529e-01 4.408140e-01 4.788319e-01 4.911352e-01 4.874672e-01 4.728876e-01 4.397272e-01 3.950272e-01 3.890689e-01 4.095479e-01 4.294060e-01 4.408199e-01 4.220841e-01 4.124874e-01 4.245816e-01 4.507911e-01 4.753560e-01 4.649610e-01 4.330081e-01 4.105055e-01 4.081622e-01 4.152734e-01 4.043317e-01 3.693377e-01 3.270575e-01 2.960247e-01 2.811351e-01 2.755600e-01 2.634136e-01 2.352655e-01 2.004255e-01 1.704132e-01 1.600160e-01 1.691539e-01 1.946893e-01 2.300708e-01 2.497351e-01 2.330689e-01 1.867595e-01 1.501808e-01 1.246208e-01 1.170211e-01 1.251350e-01 1.440414e-01 1.617213e-01 1.613916e-01 1.391483e-01 8.628303e-02 5.765286e-02 4.157298e-02 3.526788e-02 4.546362e-02 5.049472e-02 5.195912e-02 4.420659e-02 3.433735e-02 3.755289e-02 4.014855e-02 2.678326e-02 4.841423e-03 1.930404e-04 2.837308e-06 3.770320e-08 1.850630e-09 3.282253e-10 1.101677e-10 1.378820e-11 8.438778e-14 8.162906e-18 5.593304e-24 1.049429e-31 3.184801e-40 2.802597e-45 2.802597e-45 2.802597e-45 2.802597e-45 2.802597e-45 2.802597e-45 2.802597e-45 2.802597e-45 1.401298e-45 1.401298e-45 1.401298e-45 1.401298e-45 1.401298e-45 1.401298e-45 1.401298e-45 1.401298e-45 1.401298e-45 0.000000e+00 0.000000e+00
7.790771e-25 9.196460e-22 2.586233e-10 1.089713e-06 2.010272e-10 1.726707e-16 7.466609e-18 9.407417e-17 6.614817e-14 4.081167e-12 1.464769e-09 1.870418e-07 4.338577e-05 1.422375e-03 4.336296e-03 1.883360e-03 1.588504e-03 8.227900e-04 4.822550e-04 1.573927e-04 6.493232e-05 4.782514e-05 3.812802e-05 9.278437e-05 1.608686e-04 4.877849e-04 7.115881e-04 9.894966e-04 1.292939e-03 1.417118e-03 2.227497e-03 3.105377e-03 5.874671e-03 5.840853e-03 8.015267e-03 7.980571e-03 8.898634e-03 8.813667e-03 8.695483e-03 9.645307e-03 8.904249e-03 1.026591e-02 1.096072e-02 1.369801e-02 1.666427e-02 2.244763e-02 2.699772e-02 3.455773e-02 4.656925e-02 5.031661e-02 5.581253e-02 5.258073e-02 4.779440e-02 5.493105e-02 5.492861e-02 6.459109e-02 8.990365e-02 8.198062e-02 8.358718e-02 9.610602e-02 7.546664e-02 8.024098e-02 1.029818e-01 9.955605e-02 1.213252e-01 1.674501e-01 1.670427e-01 1.715208e-01 2.144955e-01 2.260623e-01 2.043224e-01 2.104589e-01 2.272401e-01 2.294711e-01 2.563195e-01 3.151171e-01 3.507165e-01 3.531576e-01 3.574716e-01 3.452206e-01 3.128375e-01 3.047535e-01 3.418483e-01 4.103352e-01 4.872377e-01 5.419307e-01 5.362160e-01 4.945465e-01 4.687181e-01 4.606505e-01 4.504167e-01 4.347591e-01 4.358614e-01 4.695374e-01 5.140072e-01 5.219706e-01 4.984621e-01 4.948549e-01 5.047036e-01 4.998724e-01 4.778469e-01 4.411471e-01 4.288503e-01 4.315689e-01 4.361568e-01 4.476739e-01 4.479023e-01 4.646467e-01 4.909878e-01 5.056605e-01 5.086824e-01 4.933510e-01 4.744794e-01 4.627095e-01 4.596572e-01 4.615397e-01 4.502191e-01 4.186352e-01 3.804786e-01 3.551577e-01 3.412672e-01 3.207544e-01 2.835531e-01 2.376452e-01 2.043251e-01 1.925025e-01 2.000390e-01 2.165171e-01 2.222641e-01 2.089372e-01 1.769221e-01 1.498544e-01 1.330821e-01 1.397868e-01 1.677425e-01 2.105577e-01 2.743391e-01 2.798559e-01 2.173988e-01 1.230360e-01 6.334706e-02 3.270945e-02 2.228571e-02 2.286223e-02 2.274796e-02 2.814881e-02 3.026548e-02 2.839723e-02 3.849506e-02 4.990887e-02 7.448549e-02 7.532890e-02 2.635100e-02 4.816808e-03 5.091576e-04 8.005532e-05 3.284880e-05 1.365520e-05 2.478328e-06 3.984589e-08 2.074627e-11 6.945032e-16 1.540871e-21 3.138524e-27 1.340870e-32 6.119764e-37 4.616928e-40 6.516038e-43 2.802597e-45 4.203895e-45 2.802597e-45 2.802597e-45 1.401298e-45 1.401298e-45 1.401298e-45 1.401298e-45 1.401298e-45 1.401298e-45 1.401298e-45 1.401298e-45 1.401298e-45 1.401298e-45 0.000000e+00 0.000000e+00 0.000000e+00
1.045268e-35 6.080839e-08 2.872975e-10 1.443257e-24 4.264145e-22 2.617110e-20 6.305733e-19 2.926669e-15 1.912161e-14 1.516130e-12 1.437467e-10 2.763318e-07 3.929541e-06 2.022545e-05 1.803061e-05 4.335435e-05 4.269456e-05 5.925680e-05 1.232533e-04 1.175618e-04 1.655269e-04 5.068207e-05 1.033091e-04 9.816681e-05 3.939394e-04 5.405666e-04 9.386801e-04 1.798327e-03 2.173125e-03 4.905110e-03 3.663854e-03 5.491788e-03 3.820583e-03 4.846461e-03 4.766796e-03 4.227382e-03 5.070213e-03 4.898422e-03 6.278484e-03 7.871246e-03 9.500159e-03 1.326846e-02 1.983188e-02 2.529716e-02 3.445285e-02 4.139667e-02 3.445969e-02 4.533119e-02 4.376699e-02 4.327297e-02 5.601094e-02 5.448361e-02 5.777597e-02 5.622915e-02 5.820009e-02 7.006615e-02 6.827047e-02 7.608729e-02 8.191133e-02 7.645226e-02 8.223838e-02 8.473142e-02 1.005670e-01 1.369917e-01 1.538218e-01 1.597015e-01 1.745422e-01 1.709140e-01 1.679385e-01 2.069174e-01 2.530525e-01 2.458777e-01 2.253996e-01 2.407325e-01 2.763967e-01 3.049601e-01 3.417163e-01 3.685524e-01 3.600939e-01 3.527709e-01 3.757681e-01 3.998473e-01 3.978747e-01 4.103589e-01 4.499046e-01 4.647648e-01 4.415289e-01 4.188045e-01 4.129738e-01 4.081025e-01 3.967542e-01 4.093556e-01 4.653854e-01 5.169937e-01 5.069608e-01 4.725768e-01 4.729845e-01 5.056555e-01 5.163463e-01 4.946334e-01 4.738241e-01 4.633302e-01 4.879096e-01 5.173829e-01 5.277622e-01 5.287752e-01 5.023159e-01 4.884037e-01 4.933233e-01 4.987869e-01 5.045844e-01 5.102658e-01 5.306213e-01 5.551527e-01 5.508151e-01 5.144117e-01 4.702641e-01 4.474134e-01 4.452027e-01 4.447116e-01 4.152730e-01 3.496323e-01 2.774114e-01 2.280962e-01 2.163977e-01 2.345885e-01 2.492364e-01 2.303799e-01 1.801551e-01 1.399675e-01 1.229037e-01 1.322843e-01 1.671247e-01 2.140384e-01 2.684601e-01 2.839730e-01 2.500741e-01 1.736133e-01 1.129940e-01 7.211161e-02 5.161677e-02 5.146395e-02 4.816950e-02 5.850856e-02 7.171048e-02 6.551113e-02 7.929587e-02 8.835809e-02 1.102793e-01 1.579077e-01 1.325532e-01 7.869430e-02 3.322834e-02 1.176111e-02 6.119040e-03 2.704081e-03 4.958191e-04 2.307228e-05 1.048496e-07 9.768510e-11 3.643080e-14 1.358049e-17 2.637238e-20 1.189934e-22 1.386791e-24 4.101185e-27 3.000325e-31 3.094481e-37 2.802597e-45 2.802597e-45 1.401298e-45 1.401298e-45 1.401298e-45 1.401298e-45 1.401298e-45 1.401298e-45 1.401298e-45 1.401298e-45 1.401298e-45 1.401298e-45 1.401298e-45 1.401298e-45 0.000000e+00 0.000000e+00 0.000000e+00
1.765636e-43 5.178917e-28 7.189757e-24 2.534552e-12 6.674353e-13 7.791092e-12 2.593639e-11 1.343845e-13 9.883291e-12 7.965912e-11 3.312311e-09 2.540876e-08 4.266066e-07 1.798215e-07 2.453318e-07 2.153756e-07 7.941260e-07 5.172528e-06 3.689117e-05 4.468440e-04 9.677956e-04 3.319403e-03 1.675931e-03 2.742045e-03 1.188593e-03 1.775131e-03 1.256492e-03 1.202173e-03 2.753248e-03 2.609017e-03 5.367799e-03 4.364274e-03 5.445332e-03 4.680192e-03 3.403805e-03 3.622116e-03 3.156782e-03 4.981796e-03 6.799099e-03 9.418577e-03 1.698646e-02 2.069721e-02 3.261136e-02 3.623510e-02 4.115303e-02 3.948818e-02 3.723682e-02 4.066502e-02 3.518380e-02 4.833363e-02 6.075935e-02 6.049296e-02 8.697978e-02 7.389358e-02 6.174868e-02 8.185723e-02 6.977709e-02 7.402751e-02 9.706827e-02 8.873057e-02 1.004903e-01 1.359400e-01 1.349166e-01 1.448755e-01 1.942017e-01 1.849113e-01 1.640121e-01 1.900409e-01 1.992226e-01 1.851834e-01 2.078091e-01 2.493540e-01 2.446846e-01 2.411370e-01 2.727373e-01 2.998985e-01 3.253132e-01 3.671604e-01 3.937928e-01 3.873238e-01 3.832210e-01 4.136347e-01 4.773785e-01 5.452957e-01 5.833384e-01 5.799169e-01 5.531138e-01 5.290661e-01 5.247095e-01 5.300592e-01 5.201002e-01 4.918993e-01 4.704890e-01 4.800238e-01 5.217495e-01 5.697808e-01 5.905700e-01 5.736409e-01 5.271341e-01 4.939070e-01 4.983782e-01 5.061252e-01 5.094247e-01 4.906046e-01 4.662051e-01 4.655946e-01 4.665975e-01 4.832461e-01 5.036095e-01 5.115152e-01 5.121004e-01 4.970350e-01 4.782437e-01 4.585754e-01 4.315172e-01 4.087258e-01 4.022963e-01 4.167221e-01 4.264792e-01 4.078617e-01 3.635044e-01 3.271981e-01 3.224660e-01 3.439988e-01 3.477765e-01 2.919044e-01 2.039006e-01 1.360537e-01 1.012669e-01 9.521063e-02 1.143794e-01 1.603996e-01 2.418571e-01 3.001132e-01 3.031006e-01 2.468128e-01 1.772893e-01 1.345492e-01 1.119413e-01 1.047476e-01 9.052079e-02 8.520978e-02 6.465168e-02 4.230879e-02 3.675530e-02 2.851019e-02 2.932861e-02 3.667319e-02 3.608957e-02 3.573859e-02 2.855101e-02 2.151999e-02 2.066678e-02 1.769244e-02 8.527065e-03 1.389032e-03 5.468886e-05 8.215333e-07 9.994081e-09 1.555452e-10 6.189810e-12 4.452892e-13 2.511176e-14 3.102650e-16 1.291461e-19 4.866598e-25 2.312209e-32 2.402246e-41 2.802597e-45 2.802597e-45 2.802597e-45 2.802597e-45 1.401298e-45 1.401298e-45 1.401298e-45 1.401298e-45 1.401298e-45 1.401298e-45 1.401298e-45 1.401298e-45 1.401298e-45 1.401298e-45 0.000000e+00 0.000000e+00 0.000000e+00
1.401298e-45 7.391844e-29 5.154891e-17 2.791634e-12 5.807041e-05 6.112022e-04 1.838823e-04 2.718085e-04 1.713523e-05 1.398578e-04 8.000707e-04 2.823849e-04 4.168374e-05 8.122405e-05 2.913747e-05 9.395789e-06 1.423891e-05 5.287746e-05 2.993211e-04 3.568415e-04 1.499159e-03 1.096801e-03 4.593587e-03 2.182515e-03 3.728735e-03 2.263239e-03 1.995153e-03 2.665299e-03 1.943021e-03 2.941705e-03 2.415105e-03 3.685817e-03 4.283621e-03 4.264439e-03 4.543341e-03 5.086376e-03 7.149942e-03 8.259565e-03 1.180863e-02 1.715495e-02 2.315422e-02 3.289147e-02 3.161271e-02 3.314881e-02 3.492031e-02 2.782667e-02 3.570495e-02 3.405048e-02 3.925112e-02 4.940341e-02 4.477220e-02 6.321999e-02 5.430485e-02 5.249779e-02 7.631728e-02 6.013867e-02 7.092192e-02 9.820505e-02 9.015274e-02 1.062885e-01 1.228581e-01 1.063517e-01 1.079308e-01 1.255674e-01 1.301298e-01 1.480504e-01 1.786360e-01 1.835056e-01 2.021220e-01 2.505484e-01 2.752296e-01 2.695294e-01 2.702782e-01 2.818967e-01 3.057156e-01 3.466258e-01 3.817375e-01 3.752398e-01 3.490496e-01 3.374853e-01 3.395546e-01 3.531527e-01 3.870758e-01 4.367088e-01 4.848021e-01 5.134523e-01 5.343121e-01 5.440606e-01 5.144646e-01 4.659127e-01 4.290378e-01 4.092239e-01 4.232772e-01 4.744435e-01 5.267033e-01 5.449193e-01 5.411924e-01 5.463485e-01 5.525299e-01 5.563672e-01 5.587776e-01 5.417275e-01 5.370347e-01 5.424518e-01 5.605558e-01 6.018434e-01 6.063279e-01 5.778465e-01 5.392774e-01 5.230494e-01 5.441482e-01 5.531983e-01 5.266946e-01 4.843788e-01 4.585285e-01 4.700716e-01 4.996972e-01 5.119816e-01 4.836220e-01 4.437163e-01 4.239572e-01 4.247177e-01 4.237843e-01 3.919320e-01 3.248059e-01 2.535441e-01 2.051935e-01 1.885538e-01 2.008562e-01 2.338833e-01 2.800597e-01 3.035351e-01 2.934927e-01 2.482526e-01 1.899736e-01 1.567746e-01 1.481640e-01 1.639522e-01 1.678737e-01 1.717862e-01 1.393203e-01 8.365177e-02 6.151060e-02 4.012176e-02 3.558362e-02 4.653899e-02 5.118129e-02 6.088618e-02 6.030977e-02 5.011183e-02 5.211570e-02 6.095202e-02 6.891042e-02 4.785527e-02 1.352951e-02 1.571620e-03 1.254006e-04 1.288590e-05 2.612532e-06 6.861513e-07 1.049022e-07 2.996462e-09 8.395755e-12 1.246780e-15 8.031618e-21 7.557616e-27 1.109618e-33 4.365914e-40 2.802597e-45 2.802597e-45 2.802597e-45 2.802597e-45 2.802597e-45 2.802597e-45 1.401298e-45 1.401298e-45 1.401298e-45 1.401298e-45 1.401298e-45 1.401298e-45 1.401298e-45 0.000000e+00 0.000000e+00 0.000000e+00 0.000000e+00
1.401298e-45 3.601337e-43 2.192799e-30 9.090281e-27 2.902310e-26 1.452026e-21 4.264954e-15 4.473101e-08 1.699367e-04 1.149767e-03 1.065521e-03 1.509297e-03 1.020824e-03 1.737599e-04 1.387570e-05 9.785908e-06 1.538461e-05 5.164394e-05 9.151896e-05 3.568371e-04 7.534357e-04 1.813710e-03 1.919870e-03 1.990397e-03 2.524498e-03 1.686117e-03 2.314827e-03 2.325105e-03 2.373216e-03 1.837033e-03 1.975498e-03 2.172541e-03 2.487634e-03 3.335686e-03 5.039961e-03 7.587214e-03 1.104692e-02 1.354099e-02 1.507147e-02 1.904610e-02 2.210931e-02 2.343839e-02 2.285196e-02 2.689300e-02 2.449235e-02 2.924718e-02 3.600936e-02 3.271028e-02 4.922607e-02 4.364299e-02 4.455171e-02 5.863194e-02 5.476889e-02 7.076026e-02 6.645235e-02 5.525063e-02 8.683839e-02 9.531267e-02 1.018830e-01 1.727911e-01 1.371683e-01 9.758780e-02 1.292535e-01 1.235605e-01 1.156501e-01 1.707143e-01 2.121586e-01 2.043698e-01 2.403457e-01 3.090624e-01 3.117583e-01 2.922673e-01 3.039646e-01 2.995526e-01 2.979032e-01 3.608567e-01 4.447058e-01 4.305559e-01 3.769533e-01 3.577618e-01 3.506663e-01 3.550534e-01 4.037077e-01 4.750510e-01 5.353417e-01 6.017579e-01 6.566721e-01 6.478731e-01 5.715665e-01 4.733540e-01 4.102301e-01 4.131024e-01 4.708939e-01 5.412981e-01 5.877633e-01 6.044974e-01 6.092075e-01 6.283563e-01 6.366530e-01 6.079465e-01 5.649291e-01 5.350621e-01 5.555406e-01 5.855295e-01 5.832154e-01 5.675621e-01 5.301298e-01 5.123085e-01 5.230772e-01 5.577985e-01 6.057125e-01 6.113091e-01 5.693359e-01 5.176333e-01 4.837728e-01 4.724855e-01 4.650921e-01 4.604403e-01 4.647940e-01 4.791583e-01 4.875303e-01 4.616609e-01 3.964408e-01 3.203338e-01 2.628108e-01 2.323759e-01 2.272794e-01 2.281058e-01 2.162787e-01 1.928518e-01 1.709834e-01 1.509657e-01 1.373474e-01 1.424733e-01 1.517741e-01 1.717171e-01 1.884654e-01 1.925453e-01 1.828691e-01 1.575297e-01 1.314616e-01 9.075068e-02 7.564978e-02 6.981207e-02 6.283207e-02 7.957929e-02 8.806203e-02 8.765321e-02 9.605704e-02 8.815537e-02 1.023450e-01 1.115267e-01 7.886046e-02 3.908157e-02 1.225075e-02 3.610585e-03 1.504488e-03 5.551300e-04 1.488427e-04 1.444387e-05 1.952380e-07 6.149309e-10 2.959654e-13 8.029816e-17 1.606200e-20 4.317586e-24 7.847950e-28 4.146898e-32 2.830274e-37 4.203895e-44 2.802597e-45 2.802597e-45 1.401298e-45 1.401298e-45 1.401298e-45 1.401298e-45 1.401298e-45 1.401298e-45 1.401298e-45 1.401298e-45 1.401298e-45 1.401298e-45 0.000000e+00 0.000000e+00 0.000000e+00
1.401298e-45 2.802597e-45 2.802597e-45 4.203895e-45 3.539119e-41 7.478278e-34 4.468312e-26 2.567830e-20 8.043973e-15 1.178728e-10 1.236869e-06 5.418759e-05 3.082952e-04 2.204227e-05 3.615971e-06 1.244442e-06 1.427206e-06 3.914492e-06 1.220646e-05 1.790436e-04 3.842918e-04 2.030437e-03 1.434339e-03 3.244981e-03 1.437197e-03 2.394834e-03 1.738285e-03 2.572046e-03 3.165556e-03 2.320486e-03 3.309355e-03 2.815064e-03 4.455974e-03 5.430397e-03 5.977592e-03 8.959289e-03 1.020125e-02 1.650852e-02 1.817444e-02 1.627382e-02 1.720955e-02 1.416096e-02 1.896715e-02 2.088099e-02 2.352706e-02 3.117017e-02 2.690278e-02 3.474623e-02 3.471074e-02 3.670478e-02 5.325361e-02 5.163255e-02 6.045033e-02 6.043768e-02 5.776800e-02 7.874927e-02 8.079614e-02 9.682809e-02 1.355100e-01 1.187224e-01 1.347038e-01 1.785029e-01 1.448518e-01 1.545883e-01 2.129270e-01 2.206438e-01 2.245687e-01 2.687201e-01 2.953916e-01 2.837408e-01 3.073997e-01 3.448761e-01 3.304557e-01 3.295568e-01 3.800423e-01 4.044591e-01 3.869268e-01 3.970790e-01 4.233077e-01 3.939629e-01 3.379181e-01 3.361802e-01 4.022755e-01 5.017450e-01 6.110154e-01 6.845353e-01 6.657562e-01 6.059226e-01 5.725889e-01 5.494615e-01 5.124065e-01 4.809777e-01 4.845662e-01 5.296819e-01 5.982056e-01 6.527957e-01 6.758503e-01 6.807935e-01 6.496232e-01 6.044583e-01 5.941612e-01 6.073075e-01 6.352890e-01 6.259469e-01 5.770315e-01 5.501513e-01 5.501770e-01 5.986369e-01 6.520251e-01 6.487032e-01 6.041130e-01 5.456587e-01 4.972278e-01 4.613397e-01 4.396227e-01 4.449615e-01 4.730518e-01 5.142452e-01 5.394576e-01 5.262328e-01 4.878512e-01 4.508641e-01 4.254062e-01 4.123664e-01 3.985458e-01 3.633309e-01 3.012508e-01 2.249900e-01 1.630674e-01 1.276545e-01 1.170711e-01 1.339274e-01 1.719244e-01 2.270360e-01 2.725346e-01 2.755071e-01 2.281080e-01 1.632048e-01 1.335895e-01 1.046346e-01 9.580731e-02 9.646504e-02 7.961305e-02 8.161157e-02 7.199880e-02 6.015672e-02 6.349765e-02 5.402383e-02 5.103218e-02 5.250180e-02 4.381725e-02 3.642823e-02 2.609774e-02 1.652459e-02 1.271510e-02 8.986647e-03 4.081048e-03 1.015710e-03 7.646022e-05 2.464140e-06 3.657964e-08 3.918613e-10 3.896028e-12 4.120847e-14 3.124937e-16 3.532451e-19 4.987176e-23 4.366189e-29 1.575385e-36 2.802597e-45 2.802597e-45 2.802597e-45 1.401298e-45 1.401298e-45 1.401298e-45 1.401298e-45 1.401298e-45 1.401298e-45 1.401298e-45 1.401298e-45 0.000000e+00 0.000000e+00 0.000000e+00 0.000000e+00 0.000000e+00
7.006492e-45 1.659085e-27 6.274236e-25 2.933548e-40 1.662101e-38 3.025126e-35 2.362404e-32 1.930025e-25 5.638225e-20 6.931985e-15 2.513103e-11 4.550915e-08 2.509943e-07 8.278949e-07 1.092713e-06 1.007452e-06 3.743364e-06 8.057951e-06 1.411536e-04 1.045837e-04 1.077751e-03 3.506470e-04 2.485484e-03 7.653387e-04 1.660284e-03 7.843790e-04 7.466952e-04 1.208236e-03 1.081614e-03 3.461825e-03 2.265935e-03 5.998933e-03 5.890354e-03 7.020194e-03 1.117683e-02 6.910481e-03 1.279560e-02 1.116643e-02 1.365165e-02 1.966754e-02 1.480404e-02 1.957342e-02 1.820441e-02 1.542818e-02 2.072215e-02 1.773028e-02 1.803715e-02 2.699016e-02 2.769071e-02 4.204778e-02 5.280675e-02 4.258100e-02 6.442350e-02 5.732758e-02 5.578821e-02 8.999729e-02 7.888587e-02 8.511855e-02 1.192582e-01 1.107491e-01 1.181334e-01 1.489134e-01 1.636769e-01 2.005766e-01 2.460577e-01 2.208243e-01 2.037689e-01 2.306062e-01 2.469396e-01 2.755955e-01 3.221650e-01 3.245994e-01 3.105502e-01 3.307491e-01 3.790315e-01 4.150160e-01 4.319137e-01 4.418721e-01 4.194106e-01 3.929913e-01 4.229206e-01 4.676020e-01 4.693542e-01 4.786294e-01 5.232188e-01 5.639665e-01 5.762818e-01 5.850722e-01 5.774037e-01 5.290188e-01 4.900340e-01 5.159477e-01 6.003867e-01 6.742713e-01 6.907071e-01 6.682853e-01 6.447424e-01 6.489444e-01 6.566650e-01 6.512034e-01 6.389681e-01 6.090769e-01 5.945470e-01 5.902600e-01 6.004166e-01 6.411034e-01 6.680911e-01 6.916699e-01 6.837481e-01 6.192676e-01 5.447677e-01 4.932754e-01 4.874472e-01 5.124224e-01 5.351465e-01 5.398515e-01 5.259984e-01 5.170311e-01 5.197058e-01 5.315695e-01 5.527788e-01 5.834479e-01 5.953590e-01 5.554847e-01 4.534416e-01 3.305504e-01 2.413534e-01 1.964764e-01 1.875405e-01 2.068661e-01 2.364744e-01 2.647203e-01 2.741048e-01 2.549625e-01 2.237480e-01 1.777138e-01 1.423110e-01 1.187149e-01 1.121960e-01 1.125343e-01 1.161193e-01 1.361011e-01 1.295844e-01 1.312338e-01 1.386241e-01 1.136021e-01 1.168816e-01 1.151210e-01 9.467812e-02 9.291453e-02 7.683050e-02 6.487881e-02 7.152629e-02 7.741285e-02 7.780988e-02 4.384634e-02 1.109839e-02 1.470551e-03 1.177032e-04 1.150378e-05 1.521469e-06 1.247593e-07 1.166358e-08 1.281239e-10 3.349192e-13 3.410595e-17 6.759599e-23 1.381336e-29 7.821079e-38 2.802597e-45 2.802597e-45 2.802597e-45 2.802597e-45 2.802597e-45 1.401298e-45 1.401298e-45 1.401298e-45 1.401298e-45 1.401298e-45 1.401298e-45 1.401298e-45 0.000000e+00 0.000000e+00 0.000000e+00 0.000000e+00
1.529127e-22 5.401383e-33 1.749416e-24 1.817765e-19 1.002770e-25 1.457465e-25 2.039892e-20 6.672664e-19 4.424359e-15 1.615098e-12 8.588406e-10 2.641457e-07 1.054917e-04 1.049926e-03 1.135565e-03 1.082799e-03 8.175279e-04 1.319053e-03 2.559393e-04 4.583229e-04 9.934466e-05 2.321618e-04 7.105364e-05 1.882114e-04 2.144391e-04 3.726628e-04 6.123841e-04 3.695778e-04 1.088646e-03 7.041590e-04 2.781952e-03 3.301008e-03 6.867589e-03 1.123722e-02 7.344098e-03 1.455448e-02 9.207918e-03 1.235237e-02 1.436711e-02 1.229870e-02 2.236144e-02 1.757059e-02 1.861893e-02 2.084959e-02 1.397648e-02 1.756118e-02 2.200174e-02 2.527594e-02 3.959083e-02 4.416604e-02 4.886160e-02 7.413230e-02 5.927609e-02 5.949055e-02 8.152062e-02 6.594947e-02 1.004901e-01 1.371101e-01 1.154402e-01 1.331056e-01 1.315216e-01 1.263649e-01 1.603424e-01 1.901781e-01 2.152968e-01 2.665048e-01 2.943992e-01 2.826414e-01 3.046733e-01 3.279523e-01 3.142827e-01 3.229697e-01 3.430499e-01 3.455786e-01 3.639610e-01 4.183874e-01 4.697365e-01 4.808044e-01 4.841712e-01 4.807135e-01 4.483985e-01 4.328709e-01 4.807949e-01 5.667798e-01 6.152201e-01 6.184641e-01 6.171330e-01 6.034327e-01 5.615329e-01 5.329108e-01 5.484976e-01 5.848507e-01 6.079108e-01 6.152138e-01 6.375723e-01 6.895041e-01 7.270922e-01 7.097367e-01 6.406015e-01 5.880795e-01 5.923052e-01 6.115284e-01 6.370415e-01 6.517725e-01 6.676107e-01 6.978891e-01 6.839322e-01 6.563826e-01 6.410837e-01 6.356736e-01 6.281748e-01 5.880784e-01 5.364634e-01 4.934785e-01 4.583452e-01 4.335274e-01 4.156710e-01 4.167563e-01 4.430321e-01 4.909971e-01 5.444573e-01 5.808058e-01 5.710807e-01 5.101935e-01 4.293229e-01 3.582232e-01 3.216857e-01 3.115073e-01 3.019552e-01 2.741927e-01 2.226472e-01 1.718590e-01 1.405523e-01 1.269179e-01 1.350295e-01 1.587754e-01 1.959595e-01 2.258787e-01 2.120942e-01 2.047433e-01 1.695451e-01 1.334562e-01 1.116747e-01 7.559732e-02 6.123358e-02 5.481907e-02 4.676616e-02 5.411881e-02 5.884348e-02 5.989980e-02 7.369658e-02 8.259306e-02 1.052443e-01 1.213398e-01 7.707167e-02 3.332216e-02 9.257990e-03 2.180213e-03 8.409198e-04 2.103529e-04 4.861671e-05 4.537822e-06 5.822357e-08 4.484962e-10 1.606705e-13 3.057764e-17 6.193761e-22 2.674303e-27 1.159894e-32 2.676986e-39 2.802597e-45 2.802597e-45 2.802597e-45 2.802597e-45 1.401298e-45 1.401298e-45 1.401298e-45 1.401298e-45 1.401298e-45 1.401298e-45 1.401298e-45 1.401298e-45 0.000000e+00 0.000000e+00 0.000000e+00
6.097206e-20 1.637132e-16 7.954092e-09 6.212243e-05 1.336575e-09 2.640338e-13 4.267645e-14 1.621401e-12 1.362532e-10 4.511473e-09 9.129448e-08 5.051938e-06 1.996255e-04 3.085240e-03 1.600518e-03 9.334492e-04 7.168334e-04 1.077290e-03 5.229691e-04 2.824831e-04 8.616446e-05 7.258697e-05 4.313116e-05 8.745777e-05 1.477811e-04 4.562748e-04 5.527511e-04 1.194957e-03 1.025351e-03 1.853955e-03 2.256485e-03 4.084983e-03 6.587776e-03 7.855276e-03 1.098771e-02 9.738693e-03 1.196672e-02 1.131640e-02 1.056499e-02 1.212120e-02 8.918074e-03 1.411156e-02 1.466690e-02 1.565930e-02 2.401257e-02 2.319298e-02 3.425145e-02 3.909440e-02 4.728348e-02 6.194012e-02 5.645117e-02 6.312171e-02 6.210367e-02 6.054761e-02 7.626904e-02 9.014638e-02 1.214325e-01 1.294142e-01 1.201971e-01 1.423538e-01 1.408223e-01 1.339866e-01 1.667523e-01 1.842943e-01 2.079563e-01 2.611735e-01 2.788006e-01 2.787280e-01 2.829317e-01 2.881195e-01 3.036040e-01 3.198397e-01 3.235112e-01 3.448703e-01 3.913741e-01 4.211126e-01 4.395528e-01 4.720524e-01 4.779424e-01 4.358189e-01 4.236600e-01 4.668369e-01 5.079011e-01 5.424495e-01 6.059031e-01 6.753151e-01 6.688298e-01 5.693328e-01 4.776492e-01 4.641914e-01 5.122079e-01 5.769930e-01 6.409408e-01 7.029359e-01 7.549629e-01 7.685635e-01 7.336942e-01 6.912620e-01 6.548249e-01 6.283259e-01 6.275665e-01 6.392319e-01 6.720039e-01 6.901010e-01 6.910017e-01 7.022538e-01 6.840519e-01 6.693557e-01 6.812002e-01 7.128534e-01 7.351037e-01 6.911367e-01 6.051909e-01 5.303623e-01 4.890324e-01 4.850788e-01 4.919869e-01 4.990477e-01 5.091096e-01 5.204217e-01 5.243198e-01 5.112508e-01 4.896576e-01 4.740070e-01 4.641149e-01 4.385856e-01 3.865916e-01 3.138314e-01 2.452127e-01 1.964416e-01 1.670752e-01 1.544490e-01 1.650816e-01 1.964223e-01 2.362011e-01 2.895775e-01 3.203363e-01 2.939370e-01 2.198512e-01 1.592978e-01 1.130412e-01 8.210925e-02 7.498871e-02 6.410065e-02 5.757971e-02 6.558616e-02 5.834838e-02 6.033564e-02 7.191656e-02 6.556022e-02 7.123420e-02 7.510646e-02 6.265887e-02 5.491446e-02 4.012509e-02 2.294296e-02 1.676903e-02 1.000384e-02 3.780396e-03 1.313805e-03 9.908688e-05 5.570891e-06 8.602805e-08 5.156274e-10 2.786199e-12 1.587667e-15 5.510407e-19 5.997846e-24 4.654824e-30 1.967720e-37 2.802597e-45 2.802597e-45 2.802597e-45 1.401298e-45 1.401298e-45 1.401298e-45 1.401298e-45 1.401298e-45 1.401298e-45 1.401298e-45 1.401298e-45 0.000000e+00 0.000000e+00 0.000000e+00 0.000000e+00
7.322928e-26 1.605009e-05 9.304446e-10 1.094419e-21 6.696702e-18 2.023128e-16 9.044527e-15 2.387326e-12 7.745884e-12 3.266694e-11 4.236929e-09 9.161752e-07 1.897274e-05 8.795935e-06 1.720757e-05 1.013242e-05 3.606721e-05 2.289038e-05 1.695991e-04 1.103728e-04 4.084181e-04 1.036781e-04 2.601159e-04 2.001899e-04 5.781419e-04 7.933115e-04 9.527698e-04 2.110421e-03 2.156298e-03 5.358052e-03 4.195606e-03 5.854588e-03 6.273998e-03 6.078415e-03 6.897558e-03 5.054503e-03 6.140377e-03 6.510894e-03 7.639181e-03 1.076358e-02 1.344249e-02 1.747555e-02 2.044870e-02 2.813421e-02 3.289202e-02 4.246526e-02 4.201719e-02 4.861968e-02 5.570062e-02 5.109743e-02 6.527045e-02 6.550343e-02 6.380300e-02 7.004144e-02 7.655470e-02 8.882961e-02 9.483315e-02 1.140394e-01 1.284664e-01 1.218747e-01 1.388699e-01 1.439270e-01 1.572257e-01 2.207277e-01 2.357039e-01 2.343034e-01 2.635593e-01 2.348573e-01 2.385613e-01 3.303517e-01 3.655311e-01 3.332503e-01 3.538739e-01 3.847347e-01 3.851660e-01 4.258322e-01 4.955034e-01 4.827923e-01 4.200544e-01 4.114769e-01 4.504037e-01 4.634316e-01 4.653934e-01 5.227175e-01 6.093733e-01 6.312616e-01 5.801027e-01 5.282561e-01 5.051274e-01 4.882169e-01 4.771117e-01 5.182688e-01 6.398330e-01 7.684239e-01 7.836075e-01 7.052220e-01 6.412905e-01 6.427814e-01 6.689246e-01 6.800778e-01 6.931118e-01 7.147663e-01 7.571318e-01 7.596066e-01 7.362437e-01 7.590455e-01 7.882416e-01 8.024423e-01 7.835346e-01 7.517478e-01 7.458421e-01 7.402151e-01 7.181944e-01 6.827613e-01 6.452088e-01 6.164547e-01 5.726722e-01 5.157097e-01 4.779546e-01 4.823788e-01 5.321121e-01 5.944735e-01 6.316028e-01 6.138415e-01 5.460425e-01 4.530016e-01 3.533038e-01 2.755607e-01 2.277631e-01 2.136768e-01 2.238045e-01 2.463365e-01 2.757138e-01 2.978958e-01 2.927481e-01 2.849534e-01 2.471878e-01 1.946006e-01 1.602025e-01 1.206601e-01 1.062538e-01 1.079829e-01 1.062607e-01 1.275281e-01 1.313651e-01 1.277104e-01 1.360138e-01 1.136279e-01 9.964921e-02 8.765180e-02 6.259891e-02 5.181510e-02 4.631877e-02 4.103436e-02 4.867594e-02 5.979492e-02 4.823321e-02 3.295869e-02 9.685905e-03 1.750384e-03 3.035686e-04 2.105619e-05 2.458205e-06 6.564181e-08 1.168188e-09 2.232061e-12 1.344061e-16 3.146571e-22 3.029577e-30 2.419549e-39 2.802597e-45 2.802597e-45 2.802597e-45 1.401298e-45 1.401298e-45 1.401298e-45 1.401298e-45 1.401298e-45 1.401298e-45 0.000000e+00 0.000000e+00 0.000000e+00 0.000000e+00 0.000000e+00 0.000000e+00
5.497113e-32 3.655665e-22 4.792340e-21 7.354798e-12 6.593271e-13 2.800063e-11 1.208245e-10 3.006941e-11 3.189158e-09 8.277950e-08 5.259558e-07 2.377587e-06 2.080302e-06 1.230794e-06 3.660903e-07 9.227668e-07 9.847442e-07 1.599493e-05 4.615454e-05 8.680914e-04 9.279543e-04 4.176173e-03 2.569287e-03 3.723830e-03 3.394405e-03 1.757602e-03 2.911342e-03 1.294088e-03 4.878269e-03 3.167840e-03 6.623410e-03 6.362120e-03 5.487964e-03 7.027310e-03 4.111741e-03 6.298021e-03 5.896667e-03 7.708584e-03 1.281045e-02 1.385276e-02 2.367590e-02 2.548649e-02 3.589270e-02 4.523530e-02 4.220034e-02 4.496692e-02 3.970807e-02 4.432974e-02 4.405690e-02 5.269127e-02 7.046141e-02 6.634814e-02 9.066716e-02 9.051827e-02 7.122254e-02 1.118289e-01 1.135376e-01 1.077902e-01 1.586815e-01 1.431804e-01 1.442438e-01 2.033062e-01 1.968478e-01 1.940289e-01 2.545257e-01 2.585600e-01 2.377268e-01 2.879874e-01 3.009748e-01 2.627621e-01 2.988632e-01 3.719546e-01 3.648086e-01 3.471909e-01 3.881547e-01 4.465087e-01 4.753456e-01 4.898361e-01 5.054833e-01 4.916497e-01 4.663936e-01 4.874550e-01 5.606995e-01 6.630331e-01 7.495771e-01 7.443494e-01 6.574644e-01 5.866044e-01 5.789084e-01 6.193693e-01 6.701812e-01 7.047216e-01 7.228703e-01 7.365064e-01 7.646100e-01 7.970801e-01 7.912054e-01 7.422220e-01 6.746438e-01 6.420319e-01 6.762558e-01 7.404703e-01 7.994432e-01 7.803295e-01 7.137865e-01 6.986691e-01 7.256603e-01 7.803068e-01 7.973248e-01 7.548869e-01 7.120019e-01 6.838469e-01 6.702345e-01 6.423957e-01 5.818955e-01 5.103366e-01 4.541364e-01 4.312256e-01 4.384970e-01 4.712146e-01 5.162402e-01 5.514305e-01 5.718864e-01 5.708001e-01 5.367312e-01 4.729454e-01 3.912837e-01 3.145644e-01 2.529338e-01 2.147849e-01 2.028330e-01 2.117746e-01 2.220707e-01 2.274005e-01 2.329975e-01 2.318119e-01 2.210568e-01 2.158823e-01 2.149690e-01 1.876351e-01 1.680271e-01 1.500375e-01 1.101569e-01 8.842502e-02 6.877589e-02 4.871866e-02 4.443633e-02 4.081241e-02 3.635773e-02 3.840248e-02 3.771508e-02 3.809722e-02 4.837400e-02 6.132501e-02 7.291636e-02 7.672590e-02 4.778789e-02 1.730212e-02 7.074902e-03 1.668904e-03 5.798213e-04 1.431844e-04 1.552766e-05 1.391683e-06 1.209865e-08 4.828950e-11 8.000264e-15 6.404315e-20 5.340660e-26 1.126678e-33 2.257772e-41 4.203895e-45 2.802597e-45 2.802597e-45 1.401298e-45 1.401298e-45 1.401298e-45 1.401298e-45 1.401298e-45 1.401298e-45 0.000000e+00 0.000000e+00 0.000000e+00 0.000000e+00 0.000000e+00
1.401298e-45 5.296470e-19 1.168025e-11 3.632681e-09 1.663179e-04 1.442265e-04 1.395308e-04 4.091044e-04 5.521382e-05 3.064636e-04 2.291215e-03 4.045139e-04 6.568923e-05 5.930342e-05 3.428111e-05 1.305063e-05 3.264885e-05 1.227766e-04 5.733559e-04 6.506249e-04 1.090643e-03 1.775022e-03 2.339328e-03 3.619475e-03 2.064978e-03 4.498955e-03 1.941741e-03 5.624139e-03 2.767386e-03 4.912075e-03 4.552994e-03 3.942250e-03 5.721834e-03 3.573871e-03 5.839196e-03 5.723240e-03 7.565447e-03 1.423226e-02 1.216109e-02 2.372895e-02 2.491173e-02 3.072863e-02 3.997247e-02 3.034450e-02 3.950040e-02 3.558575e-02 3.533720e-02 4.772168e-02 4.610545e-02 5.591658e-02 6.571688e-02 6.710587e-02 6.995633e-02 7.236728e-02 8.814795e-02 9.166852e-02 1.068555e-01 1.215133e-01 1.441529e-01 1.793931e-01 1.626911e-01 1.769412e-01 1.857385e-01 1.596259e-01 1.881553e-01 2.201778e-01 2.109179e-01 2.403248e-01 2.953351e-01 3.132055e-01 3.338639e-01 3.735238e-01 3.674208e-01 3.617170e-01 4.233689e-01 4.745379e-01 4.700009e-01 4.879555e-01 4.975603e-01 4.479778e-01 4.132589e-01 4.435285e-01 5.124234e-01 5.607446e-01 5.742470e-01 5.741613e-01 5.569991e-01 5.206428e-01 4.853246e-01 4.842993e-01 5.464810e-01 6.657607e-01 7.861273e-01 8.400727e-01 8.221552e-01 7.776142e-01 7.373075e-01 7.170591e-01 6.992933e-01 6.830432e-01 6.763689e-01 6.762631e-01 7.307816e-01 8.113514e-01 8.652163e-01 8.910358e-01 8.593313e-01 8.276652e-01 8.034908e-01 7.713467e-01 7.483788e-01 7.243994e-01 7.091752e-01 6.773009e-01 6.170139e-01 5.604490e-01 5.307721e-01 5.403093e-01 5.641569e-01 5.787461e-01 5.795624e-01 5.757316e-01 5.788527e-01 5.814582e-01 5.571854e-01 5.058239e-01 4.352222e-01 3.641771e-01 3.122796e-01 2.800559e-01 2.813829e-01 2.989267e-01 2.985141e-01 2.746519e-01 2.396933e-01 2.026183e-01 1.904951e-01 1.892869e-01 1.804109e-01 1.832677e-01 1.595179e-01 1.346286e-01 1.324852e-01 1.214528e-01 1.231828e-01 1.330778e-01 1.276378e-01 1.336666e-01 1.263433e-01 1.115575e-01 1.081472e-01 9.793394e-02 8.767664e-02 8.402600e-02 7.161048e-02 4.794924e-02 3.324944e-02 1.686059e-02 8.568437e-03 5.077274e-03 1.309084e-03 4.132734e-04 3.800544e-05 2.293204e-06 5.613223e-08 2.556871e-10 3.876778e-13 2.209289e-17 8.892264e-23 1.738708e-29 5.115074e-38 4.203895e-45 2.802597e-45 2.802597e-45 1.401298e-45 1.401298e-45 1.401298e-45 1.401298e-45 1.401298e-45 1.401298e-45 1.401298e-45 0.000000e+00 0.000000e+00 0.000000e+00 0.000000e+00
2.524902e-40 2.413622e-28 5.522938e-18 1.912616e-16 5.575680e-16 3.998406e-14 1.651754e-10 4.309228e-06 3.928743e-04 5.701214e-04 9.709770e-04 6.323878e-04 6.067179e-04 7.995139e-05 2.097348e-05 1.449786e-05 5.510407e-05 1.092473e-04 3.082590e-04 4.298226e-04 1.478001e-03 1.499629e-03 2.978201e-03 1.633201e-03 3.427971e-03 1.615419e-03 2.882472e-03 3.125950e-03 3.437773e-03 4.251370e-03 3.182468e-03 4.908467e-03 3.258651e-03 5.252052e-03 5.063165e-03 6.811315e-03 1.184836e-02 9.470981e-03 1.622438e-02 1.563718e-02 1.832235e-02 2.998849e-02 2.063401e-02 3.408736e-02 3.273207e-02 3.215361e-02 5.430031e-02 3.797107e-02 5.494232e-02 6.128773e-02 4.221460e-02 7.688922e-02 7.229014e-02 6.449205e-02 9.809144e-02 6.733768e-02 8.492550e-02 1.490976e-01 1.136650e-01 1.485202e-01 2.136437e-01 1.322060e-01 1.369097e-01 1.976036e-01 1.719528e-01 1.851760e-01 2.570935e-01 2.469559e-01 2.333876e-01 3.129485e-01 3.710240e-01 3.424805e-01 3.470859e-01 3.808604e-01 4.010143e-01 4.491196e-01 5.155932e-01 5.292975e-01 5.055388e-01 4.842653e-01 4.722171e-01 4.727640e-01 4.918501e-01 5.164804e-01 5.404689e-01 5.789912e-01 5.960218e-01 5.596693e-01 5.155413e-01 5.117705e-01 5.541688e-01 6.366856e-01 7.546574e-01 8.609775e-01 8.914691e-01 8.467696e-01 7.888130e-01 7.689130e-01 7.572596e-01 7.285100e-01 7.049342e-01 7.043606e-01 7.701088e-01 8.477893e-01 8.717461e-01 8.636606e-01 8.256412e-01 8.249940e-01 8.579492e-01 8.751096e-01 8.500737e-01 7.787506e-01 7.238416e-01 6.942006e-01 6.614813e-01 6.176440e-01 5.603457e-01 5.217859e-01 5.144730e-01 5.350730e-01 5.735063e-01 5.992237e-01 6.024254e-01 5.805881e-01 5.371669e-01 4.859166e-01 4.225961e-01 3.512284e-01 2.908781e-01 2.535190e-01 2.373860e-01 2.330846e-01 2.314949e-01 2.250465e-01 2.101191e-01 1.959731e-01 1.873183e-01 1.735352e-01 1.630256e-01 1.652525e-01 1.488867e-01 1.332254e-01 1.341558e-01 1.264894e-01 1.323981e-01 1.481818e-01 1.441632e-01 1.481843e-01 1.425711e-01 1.167748e-01 9.545357e-02 7.371401e-02 5.402517e-02 4.498987e-02 4.426890e-02 4.625668e-02 5.162125e-02 5.930677e-02 3.749539e-02 2.220819e-02 7.879349e-03 1.425686e-03 4.401020e-04 3.498506e-05 3.625397e-06 5.086239e-08 6.226363e-11 3.834876e-15 1.270604e-21 1.212233e-29 1.431988e-39 2.802597e-45 2.802597e-45 2.802597e-45 1.401298e-45 1.401298e-45 1.401298e-45 1.401298e-45 1.401298e-45 1.401298e-45 0.000000e+00 0.000000e+00 0.000000e+00 0.000000e+00 0.000000e+00
1.401298e-45 5.904008e-36 5.605194e-45 4.317078e-34 2.330404e-26 3.696438e-20 5.855477e-16 7.217515e-14 1.776464e-11 1.354650e-08 1.982062e-06 1.292074e-04 1.266956e-04 3.700045e-05 2.691269e-06 3.058122e-06 1.954569e-06 1.125297e-05 3.272460e-05 4.095118e-04 9.237622e-04 3.142254e-03 3.160444e-03 4.107066e-03 3.106985e-03 2.565811e-03 3.113509e-03 2.747000e-03 4.738606e-03 3.547379e-03 5.274000e-03 5.289984e-03 6.232812e-03 7.205296e-03 6.170055e-03 8.439116e-03 9.435575e-03 1.417777e-02 1.698978e-02 1.672617e-02 1.927047e-02 1.684134e-02 2.544957e-02 2.849651e-02 3.079394e-02 3.815821e-02 3.180457e-02 4.352790e-02 4.112804e-02 4.244613e-02 6.363510e-02 5.841343e-02 6.425663e-02 7.191177e-02 6.511232e-02 9.115753e-02 1.008195e-01 1.003565e-01 1.455359e-01 1.372864e-01 1.307797e-01 1.747369e-01 1.724746e-01 1.735220e-01 2.220869e-01 2.691775e-01 2.792483e-01 2.960311e-01 3.381945e-01 3.531520e-01 3.567694e-01 3.821217e-01 3.957378e-01 4.010747e-01 4.167548e-01 4.489339e-01 4.916484e-01 4.994818e-01 4.721247e-01 4.586211e-01 4.601605e-01 4.413128e-01 4.432356e-01 5.126339e-01 5.915240e-01 5.899218e-01 5.297769e-01 4.981126e-01 5.313917e-01 6.002269e-01 6.592758e-01 7.006673e-01 7.416990e-01 7.700446e-01 7.865826e-01 8.069931e-01 8.130539e-01 7.952514e-01 7.643396e-01 7.698592e-01 8.290209e-01 8.748500e-01 8.929533e-01 8.634004e-01 8.240123e-01 8.345419e-01 8.415772e-01 8.359099e-01 8.179596e-01 7.986587e-01 7.937342e-01 7.700046e-01 7.319220e-01 6.823055e-01 6.240429e-01 5.772172e-01 5.440019e-01 5.334339e-01 5.362799e-01 5.391935e-01 5.421680e-01 5.373312e-01 5.303643e-01 5.170559e-01 5.019052e-01 4.845504e-01 4.542221e-01 4.000375e-01 3.385504e-01 2.847582e-01 2.357606e-01 2.150833e-01 2.264307e-01 2.440440e-01 2.456066e-01 2.409097e-01 2.110548e-01 1.782204e-01 1.673179e-01 1.492617e-01 1.404583e-01 1.325553e-01 1.054778e-01 8.908275e-02 7.468211e-02 6.019320e-02 5.684334e-02 5.393849e-02 4.922422e-02 4.903964e-02 4.564171e-02 3.959625e-02 4.087638e-02 4.543334e-02 5.466924e-02 7.968705e-02 8.767194e-02 7.840664e-02 6.491926e-02 2.651837e-02 1.761699e-02 7.489911e-03 2.732105e-03 1.029767e-03 6.899810e-05 1.926369e-06 2.152480e-09 9.364874e-14 1.498936e-19 2.643052e-27 1.053060e-35 4.203895e-45 2.802597e-45 2.802597e-45 2.802597e-45 2.802597e-45 1.401298e-45 1.401298e-45 1.401298e-45 1.401298e-45 0.000000e+00 0.000000e+00 0.000000e+00 0.000000e+00 0.000000e+00
3.934627e-32 1.144644e-15 8.823612e-16 3.779602e-29 1.788642e-25 2.679372e-23 1.035755e-20 1.063725e-16 7.047900e-14 5.319347e-12 2.060024e-09 2.884022e-07 2.218875e-06 1.736849e-06 3.319233e-06 1.664906e-06 1.020315e-05 2.365964e-05 2.678987e-04 4.275173e-04 1.113931e-03 9.791577e-04 1.131013e-03 1.300624e-03 9.756642e-04 1.361447e-03 7.616470e-04 1.629724e-03 1.616597e-03 3.061558e-03 4.173409e-03 4.900920e-03 1.026597e-02 7.324985e-03 1.295698e-02 1.047667e-02 1.052802e-02 1.534158e-02 1.368914e-02 2.104665e-02 2.079048e-02 2.042201e-02 2.370446e-02 1.930028e-02 2.421354e-02 2.575863e-02 2.185452e-02 3.283697e-02 3.419341e-02 4.202228e-02 6.186414e-02 5.159800e-02 6.273095e-02 7.243811e-02 6.014879e-02 8.815860e-02 9.695093e-02 9.138702e-02 1.283866e-01 1.286792e-01 1.167198e-01 1.363350e-01 1.507070e-01 1.856271e-01 2.368580e-01 2.400670e-01 2.401483e-01 2.496370e-01 2.629738e-01 3.149488e-01 3.720075e-01 3.829958e-01 3.964974e-01 4.158797e-01 4.224139e-01 4.565801e-01 5.037398e-01 4.965194e-01 4.438908e-01 4.325668e-01 4.826479e-01 5.200647e-01 5.166033e-01 5.346342e-01 5.726081e-01 5.568377e-01 5.014804e-01 4.898289e-01 5.297945e-01 5.820522e-01 6.362162e-01 7.136820e-01 8.258473e-01 9.249101e-01 9.268965e-01 8.282719e-01 7.275188e-01 7.099697e-01 7.737672e-01 8.817699e-01 9.612977e-01 9.364771e-01 8.944020e-01 8.883117e-01 9.317125e-01 9.951115e-01 9.460974e-01 8.269807e-01 7.366180e-01 7.203023e-01 7.679666e-01 7.951077e-01 7.734375e-01 7.300900e-01 6.972675e-01 6.819526e-01 6.568293e-01 6.244149e-01 5.943548e-01 5.750982e-01 5.746697e-01 5.864918e-01 5.941294e-01 5.807764e-01 5.352543e-01 4.673266e-01 4.022655e-01 3.574116e-01 3.329286e-01 3.192587e-01 3.129043e-01 3.068488e-01 2.984474e-01 2.830710e-01 2.476151e-01 1.981445e-01 1.509570e-01 1.289855e-01 1.178845e-01 1.086683e-01 1.219396e-01 1.355759e-01 1.424667e-01 1.710190e-01 1.854479e-01 1.966487e-01 2.189087e-01 2.030513e-01 1.757622e-01 1.503302e-01 1.187785e-01 1.010943e-01 9.152887e-02 8.717040e-02 9.041034e-02 8.190021e-02 7.983378e-02 6.244485e-02 4.631836e-02 3.974630e-02 2.303608e-02 1.694152e-02 5.512734e-03 1.296382e-03 1.337362e-04 2.620926e-06 7.825528e-09 1.028898e-12 4.538860e-18 1.243786e-24 6.233069e-33 5.891059e-42 2.802597e-45 2.802597e-45 2.802597e-45 1.401298e-45 1.401298e-45 1.401298e-45 1.401298e-45 1.401298e-45 0.000000e+00 0.000000e+00 0.000000e+00 0.000000e+00 0.000000e+00
1.947261e-18 3.844532e-23 2.391546e-15 1.508929e-10 1.308341e-15 6.879516e-16 1.889986e-13 4.826544e-13 1.430299e-11 4.097344e-10 1.529513e-08 2.457291e-06 2.876441e-04 2.310882e-03 1.682283e-03 1.352960e-03 1.420840e-03 2.492927e-03 1.026046e-03 7.369380e-04 2.827543e-04 1.873023e-04 1.104585e-04 1.186582e-04 2.145703e-04 3.226937e-04 4.550106e-04 4.860008e-04 8.210809e-04 1.367534e-03 2.529750e-03 6.531834e-03 8.563546e-03 1.662778e-02 1.355423e-02 1.399585e-02 1.645899e-02 1.264187e-02 1.667977e-02 1.418877e-02 1.619302e-02 2.027988e-02 1.651269e-02 2.047434e-02 1.924804e-02 1.797154e-02 2.865052e-02 2.965392e-02 3.973394e-02 5.564948e-02 5.286462e-02 7.559232e-02 7.355816e-02 6.362747e-02 8.210772e-02 7.859684e-02 1.030391e-01 1.414684e-01 1.344036e-01 1.320890e-01 1.356609e-01 1.536090e-01 1.802902e-01 2.032297e-01 2.514249e-01 2.750337e-01 2.666831e-01 3.032628e-01 3.270151e-01 2.946216e-01 3.018720e-01 3.433115e-01 3.529927e-01 3.750388e-01 4.640544e-01 5.377679e-01 4.967945e-01 4.703386e-01 5.221599e-01 5.173022e-01 4.448549e-01 4.640013e-01 5.869387e-01 6.570847e-01 6.224761e-01 6.165823e-01 6.437263e-01 6.277804e-01 5.987825e-01 6.325148e-01 7.313208e-01 8.245200e-01 8.704004e-01 8.982781e-01 9.136007e-01 8.943370e-01 8.614278e-01 8.523470e-01 8.294341e-01 7.852392e-01 7.805696e-01 8.474964e-01 9.918825e-01 1.065497e+00 9.890817e-01 8.910417e-01 8.199514e-01 7.992713e-01 7.840909e-01 7.534564e-01 7.363541e-01 7.166349e-01 6.934211e-01 6.633524e-01 6.369367e-01 6.265875e-01 6.152160e-01 5.955703e-01 5.695112e-01 5.505866e-01 5.462829e-01 5.475993e-01 5.457115e-01 5.341575e-01 5.203927e-01 5.025274e-01 4.810525e-01 4.666309e-01 4.218288e-01 3.484205e-01 2.837776e-01 2.331816e-01 2.015784e-01 1.899460e-01 1.957241e-01 1.914347e-01 1.815647e-01 1.742606e-01 1.503197e-01 1.345066e-01 1.241751e-01 1.136351e-01 1.138956e-01 1.116687e-01 1.146236e-01 1.250509e-01 1.229670e-01 1.186998e-01 1.107034e-01 9.306710e-02 7.639241e-02 6.092318e-02 4.678047e-02 4.009619e-02 3.929714e-02 4.395873e-02 5.575692e-02 7.688881e-02 9.320185e-02 9.883745e-02 6.837054e-02 2.921208e-02 9.474088e-03 2.060647e-03 3.568216e-04 2.003292e-05 1.964163e-07 5.716523e-11 7.267831e-16 6.618888e-23 1.806283e-31 6.644957e-42 2.802597e-45 2.802597e-45 2.802597e-45 1.401298e-45 1.401298e-45 1.401298e-45 1.401298e-45 1.401298e-45 0.000000e+00 0.000000e+00 0.000000e+00 0.000000e+00 0.000000e+00
3.087356e-16 6.324166e-14 1.526947e-06 2.146421e-03 1.781362e-08 2.851557e-11 6.079180e-12 3.895266e-11 5.572788e-10 6.210660e-09 5.149213e-08 5.166161e-06 2.655560e-04 4.303291e-03 1.740280e-03 1.158049e-03 1.093076e-03 1.888670e-03 1.223172e-03 5.247619e-04 1.996079e-04 9.208991e-05 9.234220e-05 9.086350e-05 2.367146e-04 3.299419e-04 5.965733e-04 6.770310e-04 1.036906e-03 1.572940e-03 2.470277e-03 5.211140e-03 8.523701e-03 1.398571e-02 1.377660e-02 1.662463e-02 1.634171e-02 1.553017e-02 1.586438e-02 1.334465e-02 1.372146e-02 1.663556e-02 1.809553e-02 2.117205e-02 2.109492e-02 2.657473e-02 3.369975e-02 3.960047e-02 5.725525e-02 6.234138e-02 6.539250e-02 7.554816e-02 6.935386e-02 6.781584e-02 8.517073e-02 9.681768e-02 1.301822e-01 1.640621e-01 1.448201e-01 1.583173e-01 1.637464e-01 1.521448e-01 1.726212e-01 1.952575e-01 2.328019e-01 2.737769e-01 2.872607e-01 2.862334e-01 2.836525e-01 2.915768e-01 3.041395e-01 3.175042e-01 3.399822e-01 3.684980e-01 4.103543e-01 4.595543e-01 5.058842e-01 5.476128e-01 5.549369e-01 5.319002e-01 5.366163e-01 5.717099e-01 6.059046e-01 6.546388e-01 7.134942e-01 7.403357e-01 7.306231e-01 7.128648e-01 7.022648e-01 7.179180e-01 7.827103e-01 8.916824e-01 9.790722e-01 9.655749e-01 8.956917e-01 8.782818e-01 9.246104e-01 9.557935e-01 8.970349e-01 8.237097e-01 8.407199e-01 9.410660e-01 1.074782e+00 1.098372e+00 1.003370e+00 9.151063e-01 8.449385e-01 8.147400e-01 7.911230e-01 7.542801e-01 7.394522e-01 7.424886e-01 7.537390e-01 7.367249e-01 6.890346e-01 6.495353e-01 6.358505e-01 6.494988e-01 6.588408e-01 6.364076e-01 5.829757e-01 5.256011e-01 4.943197e-01 4.832125e-01 4.918583e-01 5.035021e-01 4.955781e-01 4.653800e-01 4.202107e-01 3.773824e-01 3.358009e-01 2.985784e-01 2.690411e-01 2.477579e-01 2.298758e-01 2.163645e-01 2.035611e-01 1.727190e-01 1.575657e-01 1.538380e-01 1.362335e-01 1.390790e-01 1.414997e-01 1.220148e-01 1.173138e-01 1.075485e-01 8.930140e-02 8.244187e-02 7.345670e-02 6.308701e-02 5.986939e-02 5.438800e-02 4.985617e-02 4.969370e-02 5.291141e-02 6.918394e-02 9.236258e-02 1.143780e-01 1.272895e-01 1.056028e-01 7.615036e-02 3.945496e-02 2.710909e-02 1.432527e-02 6.406135e-03 7.980388e-04 5.203961e-06 1.575833e-09 2.550596e-15 8.204285e-23 3.089496e-32 1.905766e-43 2.802597e-45 2.802597e-45 1.401298e-45 1.401298e-45 1.401298e-45 1.401298e-45 1.401298e-45 1.401298e-45 0.000000e+00 0.000000e+00 0.000000e+00 0.000000e+00 0.000000e+00
3.856164e-20 1.616333e-03 1.450305e-07 8.267137e-19 3.035261e-15 2.342478e-14 3.795271e-13 1.779669e-11 2.218661e-11 3.435166e-11 7.349394e-09 1.489511e-06 2.434711e-05 6.607923e-06 7.784669e-06 6.897913e-06 2.349483e-05 3.617096e-05 1.336378e-04 2.389469e-04 4.106118e-04 3.643496e-04 4.231228e-04 6.824528e-04 8.427001e-04 1.388674e-03 1.189620e-03 2.031015e-03 2.990801e-03 4.344201e-03 6.543295e-03 6.788094e-03 1.108877e-02 9.307061e-03 1.054801e-02 9.436949e-03 9.214013e-03 1.218948e-02 1.237305e-02 1.916452e-02 2.199418e-02 2.395466e-02 2.955079e-02 3.047249e-02 3.757323e-02 4.431874e-02 3.843567e-02 4.935325e-02 5.355244e-02 5.939120e-02 7.874917e-02 7.998235e-02 8.748947e-02 7.858019e-02 8.830444e-02 1.080720e-01 1.083129e-01 1.412484e-01 1.547230e-01 1.416820e-01 1.551838e-01 1.357996e-01 1.558761e-01 2.301260e-01 2.151383e-01 2.200417e-01 2.660336e-01 2.232144e-01 2.031608e-01 2.935859e-01 3.722367e-01 3.357450e-01 3.423964e-01 4.053252e-01 4.261802e-01 4.510486e-01 5.165740e-01 5.372165e-01 5.164404e-01 5.409611e-01 6.155762e-01 6.618372e-01 6.541656e-01 6.647053e-01 7.042314e-01 7.015812e-01 6.458864e-01 6.133066e-01 6.436628e-01 7.179265e-01 7.957409e-01 8.471687e-01 8.850804e-01 9.200624e-01 9.279617e-01 8.932823e-01 8.358292e-01 8.136078e-01 8.587191e-01 9.788386e-01 1.108632e+00 1.127167e+00 1.104180e+00 1.089761e+00 1.091225e+00 1.095251e+00 1.019851e+00 9.351479e-01 8.882945e-01 8.742660e-01 8.894119e-01 8.958325e-01 8.918326e-01 8.714529e-01 8.398432e-01 8.063121e-01 7.599592e-01 7.082256e-01 6.557765e-01 6.120127e-01 5.821145e-01 5.610011e-01 5.502642e-01 5.377349e-01 5.091074e-01 4.758418e-01 4.483820e-01 4.299567e-01 4.396678e-01 4.551736e-01 4.623280e-01 4.374036e-01 3.753673e-01 3.170309e-01 2.487183e-01 2.123979e-01 1.926339e-01 1.671052e-01 1.714148e-01 1.854448e-01 1.980069e-01 2.296638e-01 2.494266e-01 2.618147e-01 2.536307e-01 2.182300e-01 1.965382e-01 1.655955e-01 1.321950e-01 1.138786e-01 9.443265e-02 8.565415e-02 8.689218e-02 8.169018e-02 8.168187e-02 8.559702e-02 8.361163e-02 7.666517e-02 6.842560e-02 5.367323e-02 4.368179e-02 3.901961e-02 3.154882e-02 3.389071e-02 1.559231e-02 1.906252e-03 1.223394e-05 1.933924e-09 3.444581e-15 1.085880e-22 4.426453e-32 1.918378e-42 1.401298e-45 1.401298e-45 1.401298e-45 1.401298e-45 1.401298e-45 1.401298e-45 1.401298e-45 0.000000e+00 0.000000e+00 0.000000e+00 0.000000e+00 0.000000e+00 0.000000e+00
1.324550e-25 8.753785e-19 1.937401e-21 4.232043e-13 2.098333e-13 4.662066e-11 6.262939e-10 1.816882e-10 1.110815e-08 4.544415e-07 3.871397e-06 1.681758e-05 1.204472e-05 4.173493e-06 1.050873e-06 1.286468e-06 2.078228e-06 1.532953e-05 5.863402e-05 4.584924e-04 1.063129e-03 3.041727e-03 4.171651e-03 5.498172e-03 4.615922e-03 3.527156e-03 2.716127e-03 2.778198e-03 4.172587e-03 5.949974e-03 7.397551e-03 8.823883e-03 8.105292e-03 8.881543e-03 7.962207e-03 8.828630e-03 1.089800e-02 1.365142e-02 1.952431e-02 2.387798e-02 2.827053e-02 3.209977e-02 3.959407e-02 4.512404e-02 4.633012e-02 4.613310e-02 4.219440e-02 4.884674e-02 5.221127e-02 6.151507e-02 8.596025e-02 8.676800e-02 1.022770e-01 1.206984e-01 9.589068e-02 1.247554e-01 1.473014e-01 1.214669e-01 1.591830e-01 1.670110e-01 1.572255e-01 2.182277e-01 2.149324e-01 2.018941e-01 2.525367e-01 2.610787e-01 2.270346e-01 2.328291e-01 2.668888e-01 2.664786e-01 2.768626e-01 3.468886e-01 3.884557e-01 3.804147e-01 4.193783e-01 4.954162e-01 5.282417e-01 5.382178e-01 5.742145e-01 6.190390e-01 6.481339e-01 6.996940e-01 8.023401e-01 8.634689e-01 8.319496e-01 7.954066e-01 7.682081e-01 7.297732e-01 7.378893e-01 8.198526e-01 9.209139e-01 9.654812e-01 9.644898e-01 9.800583e-01 1.018458e+00 1.011581e+00 9.516631e-01 9.351524e-01 9.934841e-01 1.086537e+00 1.147529e+00 1.132024e+00 1.118591e+00 1.090254e+00 1.026200e+00 9.595119e-01 8.854221e-01 8.671772e-01 8.904357e-01 8.939487e-01 8.550617e-01 7.841318e-01 7.404431e-01 7.395476e-01 7.589878e-01 7.677930e-01 7.428573e-01 7.005425e-01 6.614041e-01 6.299096e-01 5.982110e-01 5.477881e-01 4.917079e-01 4.562037e-01 4.507517e-01 4.778611e-01 5.159153e-01 5.414374e-01 5.235457e-01 4.584060e-01 3.878706e-01 3.269055e-01 2.755935e-01 2.301864e-01 2.150502e-01 2.180527e-01 2.096547e-01 2.261239e-01 2.243656e-01 2.019674e-01 2.111648e-01 1.881957e-01 1.606053e-01 1.493179e-01 1.125474e-01 8.909924e-02 7.779606e-02 6.227059e-02 5.597501e-02 5.286333e-02 4.706722e-02 4.630315e-02 4.379936e-02 3.988685e-02 4.240415e-02 5.009528e-02 6.645377e-02 9.293235e-02 1.153792e-01 1.324760e-01 1.182309e-01 8.372294e-02 4.698541e-02 2.930413e-02 1.503317e-02 2.868308e-03 9.855698e-05 8.211700e-08 3.653031e-12 1.144934e-18 1.690159e-26 3.495334e-36 2.802597e-45 2.802597e-45 1.401298e-45 1.401298e-45 1.401298e-45 1.401298e-45 1.401298e-45 1.401298e-45 0.000000e+00 0.000000e+00 0.000000e+00 0.000000e+00 0.000000e+00
9.915392e-40 6.156252e-14 2.282200e-08 3.165702e-07 2.545317e-04 3.287997e-05 3.881804e-05 3.357791e-04 7.777409e-05 2.175655e-04 2.068409e-03 7.012543e-04 1.729586e-04 1.151689e-04 5.597695e-05 3.165439e-05 7.675549e-05 2.611708e-04 7.904434e-04 7.587317e-04 1.072908e-03 1.540161e-03 3.149714e-03 3.381530e-03 4.559621e-03 5.459179e-03 5.629113e-03 6.816082e-03 6.551316e-03 7.035370e-03 6.839904e-03 6.247763e-03 6.161849e-03 6.034886e-03 6.731851e-03 8.675425e-03 1.158100e-02 1.523865e-02 1.664795e-02 1.995230e-02 2.778995e-02 3.373509e-02 4.054581e-02 4.828234e-02 4.765348e-02 5.101709e-02 5.902344e-02 6.244625e-02 7.490195e-02 7.860374e-02 8.358411e-02 9.272814e-02 8.355486e-02 1.034030e-01 1.150028e-01 1.082612e-01 1.347658e-01 1.376835e-01 1.711192e-01 2.024228e-01 1.753479e-01 2.102577e-01 2.119367e-01 1.833788e-01 2.233814e-01 2.300740e-01 2.167180e-01 2.572286e-01 2.925168e-01 3.080772e-01 3.528811e-01 3.856833e-01 3.729278e-01 3.802288e-01 4.364223e-01 5.011809e-01 5.445979e-01 5.819426e-01 6.058367e-01 6.208991e-01 6.527826e-01 6.850712e-01 6.941487e-01 7.178065e-01 7.565199e-01 7.422229e-01 6.888555e-01 6.833057e-01 7.378169e-01 7.933275e-01 8.298833e-01 8.974320e-01 1.023361e+00 1.120461e+00 1.095234e+00 1.021257e+00 1.000934e+00 1.039302e+00 1.066263e+00 1.081044e+00 1.127191e+00 1.172778e+00 1.217218e+00 1.217388e+00 1.192642e+00 1.180346e+00 1.099440e+00 9.862835e-01 8.849124e-01 8.184671e-01 8.047739e-01 8.250628e-01 8.792082e-01 9.345633e-01 9.500387e-01 9.205833e-01 8.648710e-01 8.144538e-01 7.626659e-01 6.954264e-01 6.194525e-01 5.557324e-01 5.248036e-01 5.231370e-01 5.462379e-01 5.786409e-01 5.959469e-01 5.889471e-01 5.680268e-01 5.718445e-01 5.768942e-01 5.809512e-01 5.381880e-01 4.161146e-01 3.217646e-01 2.353835e-01 1.804095e-01 1.695061e-01 1.572051e-01 1.630297e-01 1.863972e-01 2.035531e-01 2.381393e-01 2.736208e-01 2.915905e-01 2.942249e-01 2.544967e-01 2.011331e-01 1.417668e-01 9.471890e-02 7.261298e-02 5.497583e-02 4.456474e-02 4.409816e-02 4.654544e-02 6.016047e-02 9.197855e-02 1.252080e-01 1.632257e-01 1.888689e-01 1.693444e-01 1.253880e-01 8.244327e-02 5.377242e-02 5.027218e-02 2.119488e-02 1.271707e-03 2.544526e-06 4.358820e-11 1.113264e-17 2.598504e-26 1.353898e-36 4.203895e-45 2.802597e-45 2.802597e-45 1.401298e-45 1.401298e-45 1.401298e-45 1.401298e-45 1.401298e-45 0.000000e+00 0.000000e+00 0.000000e+00 0.000000e+00 0.000000e+00
1.245942e-33 3.173838e-17 6.159211e-09 3.647723e-08 9.240330e-08 7.984993e-08 1.534379e-06 1.557293e-04 4.186759e-04 4.158843e-04 7.398522e-04 6.572860e-04 5.750919e-04 1.864199e-04 4.828949e-05 4.257740e-05 1.245338e-04 3.351030e-04 5.175130e-04 7.755170e-04 1.732665e-03 2.112222e-03 4.163309e-03 3.372798e-03 5.675675e-03 3.672555e-03 5.059169e-03 6.381589e-03 7.570186e-03 7.604669e-03 6.940648e-03 7.187803e-03 6.019374e-03 6.596361e-03 6.805616e-03 9.062588e-03 1.313119e-02 1.332709e-02 1.739429e-02 2.081802e-02 2.471565e-02 3.371954e-02 3.521155e-02 4.169238e-02 5.230022e-02 4.910858e-02 6.747635e-02 6.854321e-02 7.344646e-02 9.877530e-02 7.644493e-02 9.709965e-02 1.149034e-01 8.866429e-02 1.298502e-01 1.187325e-01 1.081662e-01 1.973843e-01 1.690220e-01 1.722590e-01 2.538018e-01 1.749246e-01 1.706992e-01 2.298302e-01 2.082029e-01 2.169497e-01 2.621333e-01 2.735142e-01 2.787999e-01 3.292755e-01 3.888285e-01 3.807487e-01 3.734992e-01 3.991962e-01 4.370032e-01 5.077622e-01 5.823581e-01 6.175259e-01 6.645052e-01 7.221469e-01 7.269177e-01 7.158745e-01 7.670150e-01 8.152167e-01 7.614742e-01 7.021815e-01 7.290387e-01 7.953179e-01 8.151911e-01 8.192517e-01 8.829063e-01 9.901920e-01 1.082176e+00 1.140188e+00 1.178257e+00 1.213598e+00 1.224528e+00 1.187236e+00 1.118057e+00 1.104867e+00 1.187145e+00 1.282644e+00 1.347667e+00 1.328150e+00 1.261936e+00 1.219149e+00 1.137078e+00 1.036691e+00 9.424776e-01 8.867584e-01 9.007428e-01 9.490849e-01 1.003663e+00 1.025881e+00 1.009304e+00 9.740340e-01 9.182387e-01 8.450134e-01 7.514499e-01 6.666072e-01 5.995847e-01 5.490159e-01 5.154022e-01 4.991737e-01 5.028188e-01 5.170218e-01 5.311841e-01 5.204915e-01 5.105728e-01 5.234288e-01 5.503731e-01 5.510500e-01 4.855850e-01 4.219200e-01 3.189317e-01 2.265403e-01 2.000009e-01 1.681782e-01 1.628100e-01 1.959809e-01 2.004670e-01 2.418525e-01 2.890025e-01 2.825032e-01 3.161095e-01 3.072713e-01 2.574199e-01 2.182661e-01 1.547047e-01 1.099446e-01 8.780219e-02 7.425275e-02 7.087547e-02 7.486556e-02 8.222847e-02 9.192681e-02 1.007084e-01 1.048519e-01 9.977636e-02 9.875926e-02 9.956183e-02 9.299728e-02 9.973378e-02 1.205161e-01 1.867879e-01 1.540354e-01 9.317849e-03 2.424170e-05 2.551027e-10 5.791526e-17 1.357706e-25 7.411247e-36 2.802597e-45 2.802597e-45 2.802597e-45 1.401298e-45 1.401298e-45 1.401298e-45 1.401298e-45 1.401298e-45 0.000000e+00 0.000000e+00 0.000000e+00 0.000000e+00 0.000000e+00
7.096883e-31 3.207915e-23 3.069064e-30 5.448011e-21 8.500660e-17 5.675461e-13 2.909655e-11 2.842707e-11 7.088961e-10 3.649003e-08 1.956866e-06 1.023599e-04 2.119554e-04 3.153542e-05 5.733926e-06 4.467855e-06 6.912872e-06 2.250155e-05 1.160249e-04 6.296304e-04 1.758887e-03 4.307633e-03 5.744420e-03 7.883518e-03 5.164094e-03 5.020578e-03 4.038746e-03 5.234865e-03 6.067052e-03 7.362120e-03 8.472786e-03 8.362313e-03 1.098143e-02 8.797602e-03 1.052578e-02 1.053539e-02 1.272391e-02 1.624068e-02 2.013036e-02 2.354202e-02 2.632862e-02 2.977872e-02 3.693511e-02 4.473614e-02 4.986461e-02 5.792674e-02 5.380984e-02 6.526470e-02 7.004051e-02 7.324492e-02 9.803404e-02 1.064764e-01 1.160567e-01 1.259102e-01 1.125903e-01 1.350495e-01 1.564754e-01 1.520372e-01 1.764777e-01 1.903777e-01 2.041992e-01 2.390918e-01 2.574081e-01 2.532038e-01 2.672978e-01 3.158336e-01 3.232622e-01 3.017802e-01 3.341426e-01 3.807214e-01 3.931567e-01 4.254166e-01 4.770270e-01 4.840392e-01 4.840962e-01 5.295762e-01 5.789216e-01 6.020786e-01 6.230766e-01 6.422698e-01 6.738420e-01 7.112156e-01 7.292219e-01 7.558988e-01 8.192500e-01 8.587882e-01 8.055795e-01 7.271428e-01 7.263707e-01 8.226597e-01 9.501024e-01 1.029081e+00 1.091022e+00 1.185102e+00 1.262690e+00 1.266745e+00 1.237590e+00 1.232733e+00 1.231643e+00 1.237124e+00 1.281673e+00 1.343353e+00 1.416595e+00 1.408032e+00 1.305403e+00 1.207150e+00 1.114138e+00 1.063991e+00 1.036562e+00 1.011497e+00 1.001806e+00 9.838619e-01 9.582680e-01 9.252471e-01 8.944964e-01 8.818344e-01 8.735075e-01 8.515965e-01 8.052372e-01 7.460400e-01 6.836900e-01 6.068585e-01 5.218014e-01 4.570526e-01 4.370376e-01 4.691236e-01 5.290338e-01 5.893623e-01 6.134773e-01 5.747281e-01 5.239375e-01 4.557604e-01 3.903402e-01 3.439676e-01 2.878032e-01 2.487292e-01 2.224511e-01 2.121687e-01 2.155103e-01 2.090987e-01 2.157262e-01 2.174713e-01 1.931761e-01 1.688810e-01 1.336723e-01 1.019309e-01 8.767033e-02 7.593724e-02 6.922443e-02 6.915979e-02 6.799176e-02 6.911581e-02 6.695836e-02 6.005524e-02 5.793916e-02 5.840633e-02 6.653770e-02 8.664146e-02 1.098804e-01 1.385107e-01 1.605162e-01 1.526468e-01 1.357383e-01 1.524571e-01 1.886188e-01 1.435031e-01 1.722882e-02 5.224963e-05 3.664901e-09 1.536785e-15 2.698444e-23 5.415521e-33 4.063766e-44 4.203895e-45 2.802597e-45 2.802597e-45 1.401298e-45 1.401298e-45 1.401298e-45 1.401298e-45 0.000000e+00 0.000000e+00 0.000000e+00 0.000000e+00 0.000000e+00
1.784909e-22 5.726526e-08 2.144377e-10 1.722657e-21 2.030952e-18 3.386527e-17 6.588587e-16 3.430229e-13 8.112799e-12 5.598656e-11 7.780046e-09 9.304973e-07 6.669229e-06 5.896217e-06 5.669250e-06 5.640108e-06 1.759639e-05 8.698936e-05 3.797361e-04 1.007033e-03 1.239543e-03 1.461628e-03 1.133758e-03 1.506228e-03 1.199502e-03 1.399579e-03 1.252250e-03 1.719862e-03 3.105726e-03 4.132072e-03 6.748343e-03 7.969148e-03 1.206650e-02 1.342802e-02 1.326713e-02 1.494517e-02 1.272073e-02 1.706700e-02 1.867743e-02 2.145649e-02 2.869953e-02 2.839863e-02 3.316641e-02 3.831530e-02 3.841780e-02 4.837213e-02 4.725153e-02 5.248310e-02 6.710251e-02 6.709435e-02 1.017930e-01 9.942745e-02 9.052837e-02 1.289632e-01 9.997443e-02 1.271613e-01 1.819148e-01 1.407869e-01 2.064755e-01 2.217768e-01 1.632433e-01 2.150160e-01 2.163489e-01 2.434551e-01 3.653567e-01 3.288469e-01 2.950994e-01 3.426891e-01 3.309301e-01 3.583055e-01 4.914323e-01 5.274125e-01 4.597985e-01 4.896467e-01 5.491079e-01 5.339114e-01 5.645791e-01 6.388225e-01 6.437992e-01 6.417977e-01 7.075207e-01 7.618899e-01 7.508793e-01 7.511749e-01 7.900960e-01 7.940270e-01 7.315817e-01 6.806245e-01 6.943240e-01 7.578306e-01 8.552991e-01 9.983979e-01 1.187674e+00 1.339581e+00 1.363533e+00 1.289073e+00 1.221332e+00 1.240645e+00 1.325671e+00 1.421180e+00 1.467506e+00 1.426175e+00 1.402152e+00 1.394955e+00 1.374099e+00 1.338531e+00 1.236953e+00 1.145785e+00 1.095965e+00 1.065539e+00 1.057749e+00 1.050648e+00 1.053809e+00 1.072198e+00 1.083039e+00 1.076203e+00 1.037978e+00 9.758480e-01 9.050236e-01 8.262498e-01 7.601135e-01 7.070497e-01 6.555772e-01 5.904377e-01 5.343419e-01 5.139609e-01 5.153536e-01 5.501956e-01 6.121133e-01 6.845957e-01 7.392021e-01 7.584815e-01 7.269760e-01 5.507628e-01 3.968263e-01 2.860789e-01 1.849083e-01 1.579872e-01 1.459880e-01 1.363859e-01 1.772210e-01 2.097922e-01 2.414782e-01 3.137161e-01 3.073600e-01 3.093065e-01 3.345946e-01 2.921413e-01 2.580073e-01 2.203723e-01 1.674801e-01 1.308996e-01 9.992800e-02 7.246827e-02 5.688677e-02 5.685138e-02 6.670602e-02 9.185708e-02 1.445347e-01 1.869460e-01 2.216067e-01 2.117125e-01 1.554648e-01 1.586939e-01 1.421071e-01 6.768042e-02 4.937534e-03 5.649792e-06 1.440590e-10 2.834494e-17 1.191751e-25 2.315812e-35 2.802597e-45 1.401298e-45 1.401298e-45 1.401298e-45 1.401298e-45 1.401298e-45 1.401298e-45 0.000000e+00 0.000000e+00 0.000000e+00 0.000000e+00 0.000000e+00 0.000000e+00
2.024572e-16 2.283498e-16 1.053537e-09 1.632041e-05 3.463651e-11 1.114371e-12 2.115047e-11 1.284176e-11 8.436290e-11 1.867288e-09 2.885312e-08 3.574820e-06 3.146685e-04 2.510635e-03 1.868581e-03 1.139652e-03 1.630101e-03 2.638002e-03 1.868878e-03 1.031391e-03 4.977633e-04 2.366062e-04 1.677018e-04 1.395866e-04 2.554301e-04 3.350330e-04 4.741210e-04 5.995250e-04 8.805930e-04 1.819852e-03 3.137938e-03 7.378811e-03 1.186992e-02 1.755251e-02 1.919500e-02 1.885810e-02 2.269634e-02 2.068570e-02 2.115779e-02 2.120803e-02 2.039658e-02 2.496361e-02 2.872746e-02 2.840958e-02 3.271165e-02 3.386197e-02 4.165477e-02 5.477029e-02 6.244063e-02 8.514217e-02 8.682488e-02 1.041641e-01 1.174740e-01 9.397151e-02 1.252021e-01 1.310039e-01 1.462187e-01 2.289777e-01 1.969853e-01 1.855665e-01 2.144845e-01 1.985546e-01 2.435949e-01 3.037244e-01 3.227438e-01 3.938036e-01 4.377474e-01 4.255989e-01 4.619317e-01 4.955568e-01 4.596396e-01 4.574378e-01 5.023962e-01 4.973616e-01 5.100867e-01 6.083176e-01 6.730968e-01 6.863603e-01 7.491381e-01 7.700843e-01 6.988660e-01 6.891386e-01 7.978262e-01 9.057320e-01 8.990314e-01 8.543414e-01 8.324249e-01 8.036340e-01 7.731819e-01 8.006401e-01 9.127951e-01 1.076853e+00 1.224884e+00 1.304220e+00 1.339456e+00 1.377268e+00 1.402712e+00 1.377886e+00 1.296125e+00 1.242008e+00 1.263277e+00 1.299884e+00 1.337676e+00 1.328603e+00 1.277057e+00 1.231061e+00 1.149139e+00 1.078736e+00 1.036270e+00 1.001974e+00 9.838530e-01 9.680418e-01 9.802497e-01 1.021865e+00 1.064994e+00 1.085898e+00 1.068780e+00 1.024880e+00 9.524398e-01 8.575367e-01 7.585177e-01 6.692177e-01 5.986344e-01 5.454193e-01 5.105261e-01 5.066322e-01 5.524279e-01 6.108017e-01 6.352686e-01 6.127436e-01 5.686246e-01 5.309137e-01 4.761201e-01 4.358342e-01 3.767660e-01 2.981520e-01 2.551721e-01 1.960936e-01 1.605920e-01 1.573913e-01 1.386325e-01 1.422992e-01 1.597651e-01 1.595051e-01 1.807714e-01 1.963369e-01 1.899864e-01 1.857253e-01 1.553939e-01 1.216851e-01 1.004571e-01 8.482312e-02 7.368644e-02 6.529194e-02 6.344603e-02 6.811453e-02 7.778888e-02 8.535848e-02 8.946362e-02 9.812906e-02 1.029359e-01 1.050419e-01 1.179040e-01 1.338004e-01 1.862027e-01 1.393803e-01 9.474294e-03 2.106182e-05 2.453684e-10 5.434187e-17 2.584772e-25 2.721310e-35 2.802597e-45 2.802597e-45 2.802597e-45 1.401298e-45 1.401298e-45 1.401298e-45 1.401298e-45 1.401298e-45 0.000000e+00 0.000000e+00 0.000000e+00 0.000000e+00 0.000000e+00
7.705879e-16 6.493255e-15 1.105083e-07 1.641862e-05 1.196028e-09 2.099465e-11 1.025206e-11 2.666661e-11 2.592700e-10 2.007264e-09 2.746884e-08 4.345111e-06 4.756523e-04 4.256861e-03 1.857310e-03 8.800515e-04 1.327870e-03 2.056994e-03 1.393884e-03 6.334694e-04 2.684260e-04 1.285416e-04 1.173587e-04 1.093464e-04 2.149974e-04 2.766756e-04 4.775757e-04 7.382505e-04 1.152069e-03 2.046741e-03 3.462607e-03 8.211631e-03 1.180661e-02 1.767214e-02 1.861515e-02 1.973222e-02 2.560251e-02 2.239180e-02 2.427275e-02 2.244878e-02 2.169507e-02 2.689743e-02 2.712397e-02 2.970757e-02 3.380181e-02 3.225385e-02 4.460168e-02 5.345848e-02 6.002168e-02 8.609326e-02 8.687036e-02 1.126165e-01 1.250974e-01 9.294913e-02 1.267586e-01 1.337560e-01 1.442799e-01 2.235284e-01 1.972863e-01 1.931210e-01 2.286664e-01 2.095010e-01 2.510178e-01 3.076759e-01 3.300013e-01 4.156904e-01 4.597631e-01 4.287778e-01 4.575575e-01 4.924487e-01 4.576226e-01 4.690306e-01 5.406004e-01 5.464269e-01 5.606363e-01 6.737921e-01 7.316946e-01 7.015356e-01 7.406771e-01 7.911897e-01 7.549839e-01 7.402833e-01 8.194023e-01 8.998533e-01 8.856148e-01 8.434273e-01 8.316606e-01 8.220055e-01 7.989093e-01 8.136334e-01 9.155143e-01 1.090217e+00 1.253894e+00 1.321786e+00 1.331295e+00 1.358478e+00 1.381242e+00 1.341418e+00 1.235481e+00 1.174813e+00 1.222376e+00 1.306541e+00 1.367976e+00 1.326898e+00 1.212152e+00 1.118529e+00 1.032019e+00 9.861857e-01 9.728973e-01 9.597204e-01 9.560230e-01 9.570439e-01 9.854081e-01 1.034482e+00 1.068820e+00 1.074239e+00 1.047071e+00 1.001722e+00 9.351519e-01 8.509557e-01 7.622883e-01 6.793410e-01 6.105853e-01 5.543864e-01 5.136690e-01 5.063403e-01 5.483516e-01 6.081708e-01 6.436984e-01 6.332836e-01 5.938146e-01 5.471554e-01 4.758171e-01 4.234088e-01 3.566602e-01 2.807081e-01 2.436029e-01 1.914396e-01 1.623515e-01 1.625524e-01 1.447266e-01 1.486477e-01 1.652878e-01 1.666838e-01 1.889446e-01 2.062280e-01 1.987395e-01 1.875627e-01 1.538650e-01 1.170301e-01 9.719812e-02 8.402832e-02 7.511949e-02 6.964573e-02 6.838739e-02 7.578383e-02 8.787844e-02 9.911945e-02 1.063174e-01 1.163882e-01 1.205350e-01 1.159062e-01 1.217488e-01 1.273034e-01 1.575566e-01 1.104119e-01 7.211737e-03 1.675284e-05 2.343520e-10 6.023102e-17 3.783210e-25 4.579762e-35 2.802597e-45 2.802597e-45 2.802597e-45 1.401298e-45 1.401298e-45 1.401298e-45 1.401298e-45 1.401298e-45 0.000000e+00 0.000000e+00 0.000000e+00 0.000000e+00 0.000000e+00
4.847052e-21 8.103632e-07 3.793993e-10 8.874553e-20 4.632157e-16 1.246626e-14 2.351776e-13 1.032313e-11 1.609432e-11 4.494582e-11 1.123725e-08 3.853314e-06 2.946061e-05 7.941954e-06 4.569699e-06 4.357941e-06 9.627913e-06 3.009841e-05 1.173128e-04 3.994411e-04 5.515891e-04 7.848916e-04 6.628150e-04 1.107818e-03 8.726884e-04 1.124765e-03 1.064000e-03 1.550467e-03 3.136129e-03 4.518261e-03 7.985200e-03 8.858274e-03 1.298473e-02 1.247361e-02 1.246904e-02 1.409468e-02 1.240258e-02 1.872478e-02 2.100617e-02 2.594212e-02 3.402948e-02 3.113555e-02 3.783489e-02 4.101855e-02 4.063614e-02 5.316276e-02 4.781176e-02 5.154561e-02 6.557546e-02 6.273069e-02 9.788880e-02 9.829703e-02 8.905233e-02 1.312711e-01 1.009135e-01 1.277177e-01 1.849761e-01 1.423139e-01 2.061085e-01 2.256778e-01 1.759383e-01 2.422214e-01 2.505516e-01 2.841620e-01 4.078424e-01 3.522783e-01 3.245086e-01 3.884350e-01 3.710397e-01 4.003773e-01 5.528902e-01 5.901086e-01 5.232444e-01 5.821518e-01 6.634596e-01 6.367620e-01 6.694890e-01 7.539113e-01 7.420797e-01 7.233021e-01 7.858304e-01 8.180122e-01 7.791024e-01 7.779059e-01 8.210999e-01 8.056970e-01 7.260329e-01 6.809488e-01 7.067806e-01 7.721825e-01 8.539093e-01 9.694081e-01 1.125311e+00 1.240347e+00 1.231551e+00 1.149066e+00 1.086666e+00 1.092168e+00 1.136618e+00 1.198923e+00 1.251062e+00 1.257760e+00 1.285143e+00 1.315544e+00 1.306784e+00 1.249143e+00 1.112795e+00 9.984630e-01 9.489666e-01 9.427780e-01 9.757011e-01 1.017660e+00 1.070451e+00 1.129711e+00 1.158139e+00 1.137321e+00 1.064006e+00 9.669535e-01 8.776472e-01 7.988371e-01 7.422680e-01 6.998086e-01 6.574665e-01 5.959923e-01 5.362375e-01 5.092492e-01 5.022030e-01 5.332229e-01 6.002546e-01 6.812015e-01 7.429768e-01 7.588926e-01 7.183281e-01 5.393671e-01 3.861849e-01 2.818443e-01 1.875129e-01 1.654065e-01 1.591485e-01 1.524369e-01 1.996211e-01 2.350524e-01 2.641223e-01 3.342750e-01 3.135075e-01 3.008428e-01 3.111949e-01 2.593774e-01 2.244103e-01 1.893605e-01 1.456448e-01 1.177131e-01 9.427332e-02 7.121854e-02 5.751821e-02 6.027898e-02 7.317667e-02 1.042050e-01 1.694668e-01 2.175560e-01 2.583006e-01 2.405813e-01 1.718538e-01 1.671341e-01 1.344005e-01 5.905262e-02 4.006044e-03 4.732777e-06 1.391206e-10 3.233056e-17 1.915483e-25 4.699807e-35 2.802597e-45 1.401298e-45 1.401298e-45 1.401298e-45 1.401298e-45 1.401298e-45 1.401298e-45 0.000000e+00 0.000000e+00 0.000000e+00 0.000000e+00 0.000000e+00 0.000000e+00
2.636572e-28 1.388293e-22 1.347488e-27 9.965221e-19 1.006755e-16 8.338393e-13 1.246708e-10 1.200995e-10 1.209775e-08 1.197304e-06 1.771141e-05 9.114997e-05 5.494676e-05 1.239110e-05 2.207831e-06 1.424063e-06 2.901322e-06 1.255709e-05 6.934947e-05 3.822536e-04 1.492169e-03 3.672194e-03 5.385018e-03 6.612606e-03 5.006866e-03 4.188155e-03 2.648883e-03 3.202022e-03 4.080283e-03 6.101507e-03 7.065485e-03 7.440235e-03 9.520190e-03 8.011151e-03 9.466702e-03 9.803022e-03 1.339243e-02 1.800964e-02 2.454370e-02 3.013812e-02 3.349929e-02 3.749898e-02 4.381881e-02 4.846339e-02 5.001472e-02 5.397138e-02 4.931665e-02 5.948286e-02 6.303079e-02 6.753086e-02 8.757881e-02 9.247150e-02 1.068209e-01 1.216061e-01 1.160428e-01 1.454999e-01 1.672011e-01 1.623707e-01 1.877947e-01 2.016740e-01 2.183934e-01 2.668915e-01 2.988079e-01 2.935531e-01 3.165973e-01 3.784162e-01 3.781201e-01 3.504694e-01 3.942766e-01 4.522963e-01 4.710677e-01 5.184171e-01 5.750625e-01 5.723167e-01 5.810325e-01 6.514136e-01 7.138619e-01 7.423211e-01 7.750212e-01 7.916073e-01 8.020050e-01 8.159884e-01 8.129953e-01 8.129193e-01 8.416064e-01 8.501875e-01 7.834107e-01 7.123640e-01 7.284173e-01 8.425705e-01 9.703063e-01 1.021297e+00 1.046574e+00 1.114580e+00 1.177272e+00 1.172725e+00 1.136783e+00 1.136223e+00 1.144740e+00 1.137186e+00 1.130618e+00 1.120202e+00 1.130536e+00 1.100458e+00 1.024390e+00 9.761558e-01 9.408340e-01 9.289769e-01 9.140630e-01 8.868325e-01 8.799273e-01 8.788292e-01 8.844662e-01 8.953344e-01 9.066886e-01 9.249910e-01 9.318238e-01 9.127168e-01 8.624368e-01 7.927809e-01 7.159792e-01 6.200640e-01 5.186609e-01 4.453533e-01 4.202865e-01 4.487435e-01 5.056672e-01 5.611989e-01 5.808606e-01 5.438346e-01 4.983781e-01 4.389136e-01 3.805507e-01 3.399371e-01 2.898495e-01 2.544298e-01 2.330448e-01 2.268597e-01 2.331339e-01 2.305466e-01 2.367750e-01 2.330596e-01 2.017274e-01 1.682603e-01 1.291369e-01 9.704876e-02 8.289063e-02 7.292620e-02 6.666099e-02 6.632257e-02 6.430275e-02 6.501695e-02 6.284837e-02 5.673536e-02 5.536821e-02 5.531347e-02 6.385130e-02 8.122519e-02 9.912107e-02 1.239022e-01 1.372376e-01 1.336166e-01 1.257877e-01 1.478027e-01 2.069036e-01 1.617286e-01 2.047537e-02 6.140293e-05 3.768914e-09 1.576076e-15 2.299849e-23 4.941694e-33 3.783506e-44 2.802597e-45 2.802597e-45 2.802597e-45 1.401298e-45 1.401298e-45 1.401298e-45 1.401298e-45 0.000000e+00 0.000000e+00 0.000000e+00 0.000000e+00 0.000000e+00
9.507199e-34 1.782127e-15 2.780305e-10 1.665860e-09 1.219592e-07 2.216152e-08 9.470652e-07 3.218318e-04 2.972151e-04 2.352021e-04 1.324988e-03 5.755057e-04 2.268135e-04 1.186293e-04 5.356222e-05 3.741311e-05 8.493492e-05 3.306281e-04 7.786862e-04 9.390755e-04 1.288439e-03 1.555010e-03 3.227706e-03 2.608935e-03 4.480888e-03 4.525382e-03 6.925199e-03 7.056060e-03 6.997930e-03 6.263898e-03 5.840052e-03 5.698241e-03 4.843895e-03 5.428553e-03 5.826480e-03 8.394293e-03 1.260387e-02 1.391695e-02 1.835584e-02 2.193115e-02 2.654111e-02 3.711022e-02 3.695400e-02 4.157506e-02 4.946894e-02 4.308819e-02 5.834752e-02 5.876225e-02 6.154916e-02 8.345646e-02 6.782669e-02 9.018271e-02 1.091469e-01 8.510445e-02 1.249812e-01 1.155812e-01 1.068590e-01 1.966065e-01 1.746424e-01 1.904726e-01 2.944038e-01 2.098283e-01 2.126932e-01 2.910074e-01 2.646124e-01 2.764511e-01 3.290744e-01 3.417000e-01 3.583376e-01 4.290616e-01 5.002021e-01 4.867806e-01 4.774377e-01 5.085970e-01 5.551302e-01 6.478241e-01 7.439684e-01 7.707558e-01 7.935574e-01 8.175523e-01 7.738988e-01 7.316123e-01 7.624217e-01 7.689607e-01 6.722108e-01 5.980761e-01 6.144935e-01 6.591547e-01 6.695812e-01 6.921680e-01 7.843112e-01 9.090832e-01 9.918504e-01 1.017488e+00 1.024752e+00 1.041229e+00 1.045746e+00 1.010628e+00 9.354051e-01 8.894242e-01 9.087086e-01 9.380484e-01 9.613779e-01 9.468917e-01 9.234083e-01 9.383985e-01 9.224992e-01 8.714851e-01 8.044764e-01 7.669144e-01 8.070115e-01 8.881553e-01 9.653947e-01 9.875038e-01 9.568575e-01 9.165366e-01 8.804568e-01 8.479038e-01 7.918675e-01 7.194971e-01 6.410570e-01 5.642291e-01 5.012467e-01 4.636334e-01 4.569789e-01 4.755845e-01 5.095099e-01 5.284770e-01 5.454277e-01 5.774949e-01 6.124831e-01 6.048810e-01 5.171440e-01 4.325851e-01 3.179481e-01 2.219828e-01 1.956006e-01 1.682829e-01 1.637347e-01 1.937405e-01 1.902072e-01 2.126252e-01 2.397550e-01 2.262019e-01 2.545686e-01 2.596594e-01 2.326523e-01 2.109821e-01 1.562387e-01 1.148026e-01 9.185304e-02 7.586870e-02 7.127757e-02 7.248777e-02 7.768980e-02 8.518843e-02 9.020381e-02 9.128847e-02 8.463045e-02 8.039479e-02 7.929758e-02 7.389517e-02 7.962333e-02 1.057437e-01 1.705947e-01 1.593211e-01 1.029901e-02 2.875276e-05 3.348556e-10 7.468882e-17 1.886022e-25 9.638490e-36 2.802597e-45 2.802597e-45 2.802597e-45 1.401298e-45 1.401298e-45 1.401298e-45 1.401298e-45 1.401298e-45 0.000000e+00 0.000000e+00 0.000000e+00 0.000000e+00 0.000000e+00
1.772918e-36 4.133682e-14 1.030045e-06 5.081585e-06 1.863757e-04 8.313625e-05 3.554069e-05 1.125856e-04 1.549273e-04 5.574749e-04 1.474616e-03 7.955536e-04 3.806452e-04 1.565671e-04 4.952236e-05 3.751249e-05 1.099911e-04 2.589372e-04 4.808549e-04 5.620445e-04 1.176513e-03 1.722716e-03 2.870744e-03 3.120545e-03 3.851110e-03 3.507477e-03 3.494695e-03 5.148830e-03 5.421932e-03 5.939056e-03 6.242113e-03 6.098869e-03 6.115973e-03 5.667572e-03 6.537065e-03 8.390229e-03 1.042875e-02 1.320993e-02 1.395894e-02 1.654867e-02 2.268651e-02 2.575029e-02 3.262950e-02 4.036142e-02 3.917583e-02 4.482742e-02 4.985262e-02 5.318176e-02 6.979545e-02 7.301346e-02 8.127171e-02 9.370375e-02 8.317474e-02 1.065349e-01 1.150099e-01 1.069962e-01 1.439619e-01 1.549865e-01 2.036688e-01 2.442811e-01 2.059934e-01 2.580299e-01 2.657596e-01 2.240111e-01 2.678205e-01 2.736613e-01 2.612073e-01 3.139281e-01 3.590583e-01 3.822250e-01 4.355614e-01 4.613952e-01 4.458609e-01 4.789417e-01 5.546275e-01 6.106932e-01 6.646534e-01 7.339816e-01 7.587135e-01 7.534788e-01 7.859226e-01 8.165757e-01 7.795684e-01 7.395343e-01 7.306793e-01 6.845011e-01 6.014717e-01 5.750829e-01 6.300858e-01 7.077417e-01 7.667133e-01 8.494427e-01 1.000319e+00 1.126896e+00 1.090448e+00 9.569690e-01 8.680641e-01 8.602928e-01 8.649617e-01 8.583952e-01 8.591092e-01 8.444642e-01 8.336592e-01 8.118907e-01 7.969496e-01 8.083164e-01 7.765538e-01 7.243770e-01 6.859272e-01 6.775070e-01 7.080150e-01 7.541987e-01 8.185272e-01 8.822072e-01 9.165519e-01 9.075464e-01 8.574779e-01 8.008325e-01 7.417856e-01 6.705438e-01 5.909098e-01 5.196881e-01 4.778621e-01 4.657727e-01 4.813537e-01 5.121388e-01 5.349165e-01 5.424213e-01 5.438100e-01 5.670630e-01 5.843503e-01 5.950143e-01 5.576288e-01 4.318679e-01 3.320876e-01 2.403050e-01 1.782870e-01 1.635998e-01 1.499221e-01 1.531436e-01 1.769777e-01 1.972797e-01 2.341520e-01 2.759929e-01 2.972954e-01 2.994957e-01 2.623811e-01 2.080651e-01 1.494275e-01 1.035911e-01 8.093160e-02 6.305652e-02 5.118820e-02 4.884069e-02 5.020492e-02 6.123597e-02 8.810204e-02 1.182317e-01 1.532813e-01 1.824943e-01 1.711050e-01 1.269395e-01 8.545705e-02 5.462966e-02 4.961520e-02 2.150782e-02 1.405393e-03 3.591220e-06 8.662735e-11 3.171487e-17 1.009100e-25 6.243558e-36 4.203895e-45 2.802597e-45 2.802597e-45 2.802597e-45 1.401298e-45 1.401298e-45 1.401298e-45 1.401298e-45 1.401298e-45 0.000000e+00 0.000000e+00 0.000000e+00 0.000000e+00
2.001577e-24 1.567173e-16 5.888427e-22 1.746770e-14 1.673638e-13 3.823448e-11 3.961763e-10 1.343978e-10 1.541594e-09 2.908207e-08 5.809696e-07 2.501770e-05 5.249165e-05 1.232258e-05 2.339819e-06 3.307823e-06 3.704430e-06 1.930125e-05 7.953015e-05 6.085842e-04 1.153474e-03 2.314833e-03 3.354857e-03 4.094812e-03 3.939848e-03 3.121921e-03 3.186339e-03 3.509966e-03 4.956262e-03 6.416945e-03 6.520231e-03 8.156926e-03 7.581810e-03 9.488156e-03 7.904538e-03 8.077798e-03 9.973518e-03 1.007437e-02 1.337818e-02 1.552427e-02 1.806949e-02 2.284544e-02 2.842858e-02 3.551921e-02 4.192685e-02 4.356647e-02 4.327702e-02 5.043209e-02 5.198326e-02 6.118225e-02 8.234002e-02 7.935520e-02 9.213716e-02 1.060799e-01 8.780341e-02 1.277159e-01 1.603840e-01 1.376359e-01 1.819598e-01 1.890267e-01 1.853493e-01 2.525115e-01 2.389568e-01 2.289335e-01 2.938601e-01 3.128615e-01 2.859229e-01 3.030224e-01 3.551783e-01 3.645039e-01 3.820015e-01 4.694106e-01 5.033848e-01 4.650158e-01 4.982730e-01 5.939535e-01 6.326223e-01 6.421459e-01 6.991237e-01 7.626346e-01 7.620227e-01 7.487923e-01 7.912676e-01 8.135620e-01 7.514603e-01 6.766327e-01 6.125839e-01 5.610034e-01 5.722964e-01 6.693717e-01 8.047371e-01 8.867616e-01 8.968835e-01 8.927581e-01 8.987204e-01 8.702194e-01 7.967336e-01 7.481570e-01 7.461564e-01 7.685701e-01 7.812928e-01 7.590383e-01 7.504880e-01 7.280672e-01 6.738288e-01 6.211820e-01 5.769615e-01 5.916933e-01 6.624847e-01 7.363977e-01 7.715415e-01 7.481574e-01 7.219403e-01 7.284650e-01 7.585648e-01 7.827161e-01 7.658657e-01 7.151130e-01 6.547118e-01 6.018789e-01 5.575012e-01 5.062358e-01 4.587011e-01 4.360087e-01 4.420489e-01 4.794313e-01 5.269387e-01 5.583364e-01 5.442249e-01 4.820347e-01 4.148481e-01 3.576126e-01 3.089220e-01 2.628588e-01 2.441512e-01 2.419323e-01 2.238879e-01 2.283799e-01 2.198509e-01 1.943392e-01 2.027373e-01 1.855984e-01 1.599954e-01 1.497024e-01 1.140746e-01 9.056166e-02 7.852671e-02 6.235791e-02 5.554216e-02 5.147728e-02 4.543766e-02 4.425721e-02 4.032914e-02 3.631618e-02 3.782398e-02 4.323224e-02 5.759017e-02 7.889315e-02 9.985373e-02 1.219442e-01 1.091133e-01 8.111437e-02 4.542195e-02 2.606810e-02 1.313794e-02 2.179844e-03 7.826198e-05 7.101765e-08 3.615400e-12 1.504226e-18 2.370473e-26 5.722551e-36 2.802597e-45 2.802597e-45 1.401298e-45 1.401298e-45 1.401298e-45 1.401298e-45 1.401298e-45 1.401298e-45 0.000000e+00 0.000000e+00 0.000000e+00 0.000000e+00 0.000000e+00
8.900022e-20 3.032846e-04 2.355969e-07 2.100415e-19 1.951996e-16 6.758091e-16 5.051215e-15 1.253458e-12 1.860307e-11 5.031910e-11 6.703109e-09 3.514773e-07 6.410266e-06 4.662327e-06 9.620848e-06 6.617724e-06 3.410568e-05 8.548790e-05 3.839219e-04 5.360913e-04 6.654726e-04 6.277835e-04 5.350109e-04 8.709939e-04 8.066312e-04 1.461680e-03 1.058075e-03 1.926832e-03 2.819312e-03 3.766038e-03 6.405327e-03 5.786008e-03 1.084672e-02 8.723246e-03 1.096466e-02 9.823508e-03 8.341425e-03 1.210228e-02 1.089647e-02 1.638291e-02 1.862908e-02 1.976172e-02 2.599619e-02 2.605951e-02 3.202065e-02 3.896062e-02 3.367421e-02 4.313463e-02 4.569473e-02 4.942767e-02 6.288902e-02 6.798817e-02 7.774048e-02 7.129639e-02 9.002652e-02 1.126641e-01 1.100049e-01 1.476137e-01 1.595124e-01 1.437737e-01 1.603182e-01 1.448279e-01 1.754114e-01 2.710597e-01 2.507034e-01 2.463100e-01 2.904233e-01 2.471636e-01 2.348054e-01 3.445967e-01 4.295555e-01 3.857020e-01 3.974331e-01 4.657723e-01 4.832434e-01 5.164066e-01 5.987027e-01 6.210207e-01 5.917035e-01 6.082481e-01 6.821377e-01 7.311755e-01 7.148686e-01 6.947769e-01 6.824685e-01 6.326406e-01 5.627299e-01 5.260150e-01 5.432976e-01 6.093431e-01 7.078308e-01 8.041653e-01 8.775554e-01 9.184493e-01 9.082064e-01 8.476363e-01 7.566574e-01 6.896871e-01 6.731969e-01 7.125058e-01 7.631547e-01 7.430722e-01 6.986637e-01 6.552172e-01 6.226782e-01 6.104453e-01 5.843569e-01 5.824364e-01 6.155249e-01 6.648939e-01 7.276789e-01 7.731730e-01 8.045429e-01 8.184506e-01 8.119971e-01 7.925422e-01 7.485510e-01 6.904930e-01 6.300899e-01 5.858085e-01 5.576326e-01 5.333449e-01 5.137731e-01 4.917985e-01 4.606090e-01 4.350198e-01 4.215612e-01 4.142417e-01 4.285220e-01 4.450036e-01 4.554363e-01 4.370644e-01 3.799077e-01 3.276680e-01 2.584943e-01 2.168278e-01 1.935651e-01 1.619566e-01 1.612159e-01 1.753981e-01 1.892806e-01 2.244717e-01 2.488552e-01 2.574642e-01 2.467804e-01 2.086900e-01 1.821323e-01 1.539750e-01 1.218435e-01 1.038067e-01 8.846633e-02 7.838155e-02 7.990088e-02 7.769221e-02 7.774075e-02 8.815442e-02 8.910008e-02 8.545766e-02 8.431035e-02 6.723730e-02 5.870743e-02 5.238118e-02 3.961209e-02 4.283099e-02 1.727844e-02 2.183587e-03 1.427549e-05 2.300686e-09 5.167554e-15 1.496804e-22 6.811226e-32 2.246281e-42 1.401298e-45 1.401298e-45 1.401298e-45 1.401298e-45 1.401298e-45 1.401298e-45 1.401298e-45 0.000000e+00 0.000000e+00 0.000000e+00 0.000000e+00 0.000000e+00 0.000000e+00
4.029830e-16 2.901272e-14 1.484954e-07 1.991638e-03 4.034963e-10 4.157417e-12 2.690687e-11 5.429350e-11 3.696406e-10 7.301712e-09 3.602452e-08 3.447985e-06 1.431486e-04 2.971324e-03 1.528974e-03 1.206766e-03 9.743464e-04 2.085063e-03 1.322453e-03 6.599328e-04 3.234478e-04 1.205604e-04 1.113167e-04 7.683931e-05 2.237832e-04 2.580495e-04 4.973508e-04 4.491317e-04 7.551659e-04 1.484337e-03 2.449210e-03 6.229486e-03 8.628060e-03 1.513355e-02 1.334614e-02 1.554535e-02 1.614238e-02 1.376604e-02 1.601112e-02 1.394565e-02 1.427243e-02 1.754234e-02 1.722617e-02 2.037073e-02 1.967068e-02 2.337361e-02 3.106365e-02 3.607807e-02 5.191854e-02 5.743308e-02 6.116346e-02 7.119205e-02 6.897600e-02 7.346088e-02 8.586950e-02 9.001245e-02 1.258941e-01 1.508941e-01 1.285352e-01 1.548378e-01 1.715436e-01 1.745247e-01 2.183215e-01 2.366156e-01 2.684422e-01 3.167313e-01 3.290998e-01 3.323313e-01 3.374326e-01 3.441030e-01 3.536318e-01 3.613489e-01 3.716435e-01 3.941725e-01 4.389571e-01 4.787194e-01 5.054373e-01 5.473728e-01 5.698147e-01 5.519248e-01 5.588959e-01 6.041414e-01 6.445678e-01 6.790300e-01 6.951066e-01 6.592811e-01 5.967762e-01 5.525176e-01 5.437075e-01 5.826741e-01 6.772481e-01 8.099779e-01 9.186357e-01 9.287269e-01 8.677746e-01 8.275056e-01 8.168372e-01 7.807648e-01 6.806961e-01 5.900499e-01 5.730086e-01 6.060191e-01 6.528208e-01 6.381754e-01 5.721104e-01 5.274699e-01 5.025531e-01 5.108181e-01 5.345302e-01 5.587488e-01 6.037782e-01 6.586514e-01 7.124920e-01 7.287269e-01 6.948834e-01 6.533892e-01 6.323630e-01 6.444570e-01 6.589505e-01 6.445225e-01 5.926393e-01 5.292155e-01 4.876480e-01 4.683319e-01 4.733521e-01 4.886557e-01 4.892154e-01 4.674679e-01 4.269015e-01 3.833250e-01 3.429165e-01 3.110974e-01 2.879744e-01 2.724601e-01 2.583088e-01 2.429118e-01 2.251031e-01 1.888914e-01 1.692577e-01 1.669175e-01 1.529770e-01 1.592395e-01 1.677833e-01 1.460762e-01 1.345010e-01 1.184825e-01 9.418114e-02 8.347355e-02 7.497324e-02 6.725685e-02 6.498853e-02 6.165476e-02 5.801986e-02 5.712647e-02 6.301524e-02 8.111116e-02 1.046332e-01 1.293669e-01 1.378377e-01 1.173832e-01 8.757275e-02 4.566560e-02 3.468201e-02 1.854318e-02 9.321474e-03 1.310150e-03 9.099480e-06 3.454632e-09 5.229828e-15 1.843977e-22 5.169563e-32 2.326155e-43 2.802597e-45 2.802597e-45 1.401298e-45 1.401298e-45 1.401298e-45 1.401298e-45 1.401298e-45 1.401298e-45 0.000000e+00 0.000000e+00 0.000000e+00 0.000000e+00 0.000000e+00
1.660281e-17 1.685590e-19 2.842307e-13 3.925776e-11 1.390844e-14 6.288012e-15 2.199858e-13 3.058197e-12 8.869554e-11 6.853564e-10 1.897406e-08 2.474425e-06 3.488846e-04 2.275301e-03 1.004860e-03 4.879203e-04 5.493223e-04 1.014951e-03 5.399706e-04 4.016992e-04 1.379003e-04 1.017976e-04 6.061098e-05 7.902367e-05 1.345254e-04 2.578927e-04 4.004368e-04 5.836299e-04 9.539516e-04 1.411201e-03 2.677933e-03 6.341889e-03 8.604253e-03 1.533575e-02 1.334968e-02 1.552372e-02 1.879599e-02 1.557037e-02 1.888534e-02 1.584592e-02 1.893287e-02 2.328734e-02 1.957603e-02 2.271991e-02 2.096471e-02 1.938361e-02 2.823864e-02 2.997274e-02 4.013285e-02 5.462748e-02 5.599105e-02 8.077221e-02 7.662953e-02 6.517261e-02 8.049126e-02 8.027653e-02 1.056522e-01 1.426717e-01 1.489613e-01 1.476400e-01 1.442182e-01 1.675183e-01 1.943886e-01 2.207261e-01 2.870524e-01 3.133917e-01 3.033414e-01 3.396765e-01 3.525648e-01 3.222752e-01 3.402169e-01 3.814557e-01 3.768986e-01 3.755799e-01 4.317791e-01 4.943381e-01 4.901192e-01 4.984782e-01 5.650383e-01 5.645337e-01 4.938182e-01 5.109264e-01 6.184224e-01 6.472629e-01 5.729585e-01 5.360408e-01 5.352228e-01 5.086498e-01 4.894111e-01 5.447361e-01 6.811149e-01 8.209305e-01 8.984916e-01 9.392006e-01 9.572259e-01 9.223700e-01 8.450886e-01 7.737803e-01 6.857184e-01 5.906008e-01 5.378395e-01 5.374488e-01 5.825204e-01 5.820183e-01 5.113925e-01 4.535483e-01 4.282464e-01 4.415376e-01 4.677244e-01 4.946280e-01 5.403236e-01 5.835468e-01 6.067175e-01 6.000798e-01 5.822554e-01 5.827976e-01 5.929650e-01 5.979075e-01 5.862405e-01 5.651675e-01 5.490175e-01 5.411993e-01 5.378262e-01 5.327120e-01 5.295517e-01 5.212934e-01 5.045446e-01 4.911926e-01 4.488820e-01 3.792306e-01 3.178038e-01 2.699760e-01 2.388730e-01 2.242291e-01 2.291560e-01 2.225588e-01 2.077544e-01 1.979033e-01 1.688181e-01 1.466326e-01 1.323516e-01 1.188051e-01 1.176054e-01 1.173394e-01 1.217680e-01 1.320095e-01 1.266188e-01 1.159879e-01 1.036610e-01 8.408270e-02 6.686287e-02 5.308383e-02 4.050245e-02 3.511506e-02 3.573357e-02 4.031998e-02 5.316002e-02 7.314845e-02 9.030805e-02 1.018203e-01 7.261991e-02 3.472692e-02 1.187341e-02 2.800052e-03 5.214073e-04 3.012928e-05 3.349244e-07 1.051972e-10 1.606062e-15 1.669778e-22 4.845550e-31 1.908849e-41 2.802597e-45 2.802597e-45 2.802597e-45 1.401298e-45 1.401298e-45 1.401298e-45 1.401298e-45 1.401298e-45 0.000000e+00 0.000000e+00 0.000000e+00 0.000000e+00 0.000000e+00
3.944663e-27 1.083955e-13 1.435325e-16 5.308549e-27 8.472557e-23 4.491725e-20 3.293575e-17 3.766554e-14 1.244026e-12 1.364250e-11 4.574531e-09 1.387075e-06 1.048314e-05 2.229504e-06 1.969140e-06 7.704430e-07 3.279213e-06 5.244830e-06 6.485033e-05 1.606070e-04 5.946731e-04 6.070987e-04 7.913116e-04 1.013129e-03 8.024822e-04 1.067635e-03 6.036194e-04 1.236589e-03 1.335129e-03 3.018216e-03 4.268514e-03 5.069245e-03 1.039304e-02 6.957393e-03 1.178810e-02 9.133696e-03 1.009559e-02 1.616450e-02 1.491869e-02 2.395238e-02 2.321978e-02 2.412181e-02 2.886525e-02 2.253203e-02 2.773565e-02 2.843560e-02 2.407311e-02 3.541068e-02 3.480488e-02 4.422407e-02 6.421588e-02 5.245318e-02 6.701753e-02 7.586165e-02 6.500967e-02 9.734540e-02 1.023160e-01 1.005142e-01 1.409277e-01 1.357537e-01 1.295118e-01 1.521186e-01 1.633683e-01 2.082226e-01 2.652282e-01 2.630043e-01 2.712612e-01 2.843394e-01 2.926363e-01 3.433807e-01 3.849480e-01 3.666798e-01 3.669310e-01 3.896668e-01 3.983283e-01 4.285220e-01 4.793246e-01 4.929092e-01 4.668302e-01 4.651232e-01 5.011812e-01 5.169169e-01 5.048623e-01 5.160381e-01 5.343691e-01 4.934309e-01 4.257964e-01 4.107221e-01 4.512632e-01 5.097179e-01 5.816492e-01 6.872674e-01 8.219287e-01 9.235468e-01 9.243991e-01 8.315424e-01 7.168057e-01 6.504511e-01 6.280581e-01 6.233969e-01 6.001324e-01 5.291737e-01 4.762223e-01 4.623919e-01 4.856501e-01 5.233636e-01 5.016144e-01 4.512223e-01 4.315183e-01 4.699756e-01 5.647364e-01 6.476699e-01 6.811478e-01 6.822844e-01 6.825379e-01 6.930811e-01 6.811373e-01 6.459397e-01 6.035741e-01 5.717533e-01 5.678788e-01 5.862314e-01 6.039181e-01 5.991139e-01 5.569978e-01 4.883701e-01 4.223951e-01 3.767378e-01 3.526704e-01 3.434949e-01 3.426688e-01 3.410327e-01 3.365708e-01 3.247949e-01 2.913579e-01 2.443365e-01 1.940814e-01 1.672821e-01 1.524036e-01 1.361979e-01 1.469002e-01 1.643144e-01 1.738769e-01 2.106072e-01 2.351167e-01 2.454084e-01 2.648627e-01 2.441267e-01 2.047628e-01 1.694733e-01 1.317588e-01 1.049506e-01 8.926236e-02 8.077509e-02 7.815502e-02 6.941834e-02 6.672639e-02 5.155464e-02 3.994989e-02 3.605289e-02 2.306382e-02 2.004232e-02 7.438221e-03 2.043631e-03 2.417872e-04 4.993827e-06 1.703541e-08 2.294710e-12 1.101457e-17 3.167931e-24 1.407650e-32 1.369349e-41 2.802597e-45 2.802597e-45 2.802597e-45 1.401298e-45 1.401298e-45 1.401298e-45 1.401298e-45 1.401298e-45 0.000000e+00 0.000000e+00 0.000000e+00 0.000000e+00 0.000000e+00
1.899854e-38 2.198750e-33 7.152227e-42 9.900479e-32 4.389937e-26 1.382162e-19 5.356364e-15 1.747117e-12 1.610754e-09 1.097637e-06 1.967324e-05 1.521023e-04 4.602591e-05 1.923291e-05 9.417623e-07 8.178852e-07 6.464438e-07 6.422081e-06 2.013435e-05 3.019966e-04 8.444479e-04 3.710348e-03 4.195907e-03 5.466713e-03 4.110707e-03 2.574693e-03 2.555785e-03 1.916679e-03 3.610339e-03 2.695223e-03 4.353147e-03 4.610421e-03 5.323521e-03 6.494454e-03 5.311812e-03 7.755524e-03 8.930229e-03 1.426288e-02 2.094676e-02 2.310059e-02 2.883731e-02 2.510549e-02 3.175963e-02 3.330317e-02 3.300012e-02 3.954980e-02 3.489485e-02 4.579899e-02 4.523571e-02 4.554936e-02 6.508322e-02 6.608599e-02 7.302310e-02 7.997198e-02 7.560911e-02 9.899962e-02 1.096053e-01 1.135106e-01 1.529961e-01 1.479992e-01 1.461248e-01 1.847730e-01 1.871724e-01 1.849866e-01 2.196930e-01 2.618826e-01 2.662082e-01 2.776595e-01 3.248300e-01 3.408031e-01 3.436859e-01 3.738528e-01 3.816849e-01 3.754054e-01 3.922018e-01 4.314784e-01 4.697611e-01 4.766366e-01 4.659300e-01 4.761012e-01 4.970987e-01 4.894047e-01 4.928404e-01 5.471939e-01 5.902095e-01 5.475559e-01 4.583020e-01 4.109839e-01 4.411000e-01 5.261869e-01 6.201159e-01 7.029265e-01 7.856743e-01 8.533784e-01 8.885344e-01 8.870073e-01 8.373980e-01 7.582083e-01 6.740935e-01 6.207845e-01 5.948142e-01 5.427089e-01 4.791935e-01 4.141616e-01 3.725430e-01 3.783561e-01 4.041381e-01 4.433969e-01 4.856623e-01 5.261398e-01 5.710788e-01 5.981236e-01 6.147133e-01 6.246991e-01 6.212496e-01 6.110717e-01 5.901306e-01 5.721356e-01 5.576290e-01 5.482178e-01 5.514013e-01 5.545621e-01 5.542190e-01 5.420408e-01 5.221215e-01 4.988350e-01 4.666928e-01 4.171560e-01 3.627992e-01 3.154272e-01 2.715193e-01 2.515457e-01 2.608400e-01 2.771502e-01 2.754616e-01 2.734099e-01 2.542404e-01 2.272554e-01 2.213815e-01 2.050984e-01 1.982390e-01 1.926388e-01 1.573469e-01 1.312484e-01 1.044719e-01 7.808455e-02 6.913771e-02 6.410263e-02 5.872509e-02 5.995111e-02 5.732974e-02 5.086523e-02 5.279536e-02 5.760110e-02 6.655689e-02 9.499118e-02 9.967785e-02 8.982772e-02 7.496648e-02 3.104120e-02 2.343305e-02 1.029354e-02 4.404838e-03 1.883129e-03 1.394891e-04 5.048469e-06 5.977068e-09 3.175335e-13 5.400307e-19 7.721106e-27 3.047245e-35 4.203895e-45 2.802597e-45 2.802597e-45 2.802597e-45 2.802597e-45 1.401298e-45 1.401298e-45 1.401298e-45 1.401298e-45 0.000000e+00 0.000000e+00 0.000000e+00 0.000000e+00 0.000000e+00
8.074272e-37 2.873234e-24 2.179142e-18 5.545816e-17 1.404078e-15 1.259454e-14 3.781454e-10 2.914481e-05 4.422863e-04 3.045449e-04 1.308340e-03 4.949609e-04 3.487573e-04 7.513200e-05 3.204437e-05 1.312509e-05 3.810009e-05 9.686349e-05 4.963941e-04 5.862727e-04 1.564347e-03 1.516527e-03 3.511403e-03 1.675375e-03 3.174801e-03 2.075262e-03 4.183047e-03 4.265028e-03 3.842507e-03 4.593087e-03 3.095832e-03 4.530600e-03 2.851986e-03 4.416603e-03 4.693598e-03 6.238982e-03 1.099220e-02 9.004729e-03 1.415461e-02 1.427799e-02 1.788618e-02 2.872558e-02 2.229512e-02 3.640332e-02 3.634859e-02 3.683750e-02 5.629633e-02 4.077062e-02 5.932724e-02 6.571551e-02 4.799890e-02 8.175180e-02 7.567073e-02 7.089593e-02 1.008723e-01 7.123689e-02 8.940071e-02 1.402126e-01 1.152423e-01 1.631680e-01 2.229052e-01 1.441151e-01 1.491454e-01 1.993378e-01 1.786048e-01 1.925144e-01 2.531276e-01 2.519923e-01 2.478442e-01 3.266126e-01 3.923554e-01 3.713360e-01 3.631386e-01 3.777519e-01 3.868982e-01 4.281728e-01 5.044278e-01 5.446512e-01 5.191290e-01 4.836428e-01 4.814911e-01 4.910097e-01 4.928767e-01 4.980029e-01 5.074126e-01 5.145881e-01 4.895010e-01 4.361036e-01 3.992290e-01 4.043226e-01 4.550267e-01 5.630605e-01 7.232289e-01 8.571783e-01 8.911115e-01 8.559886e-01 8.065724e-01 7.579016e-01 6.696517e-01 5.539023e-01 4.639461e-01 4.132568e-01 4.123950e-01 4.181003e-01 4.030460e-01 3.891101e-01 3.826768e-01 4.118042e-01 4.720922e-01 5.348944e-01 5.809344e-01 5.951838e-01 6.126026e-01 6.406161e-01 6.510253e-01 6.320415e-01 5.841079e-01 5.449805e-01 5.312575e-01 5.483319e-01 5.920008e-01 6.284548e-01 6.423250e-01 6.254254e-01 5.801630e-01 5.270571e-01 4.637098e-01 3.959192e-01 3.393511e-01 3.032168e-01 2.877642e-01 2.809344e-01 2.722852e-01 2.560015e-01 2.315598e-01 2.126488e-01 2.049696e-01 1.970725e-01 1.941820e-01 2.072265e-01 1.984838e-01 1.835816e-01 1.889288e-01 1.802365e-01 1.813484e-01 1.947247e-01 1.790327e-01 1.708223e-01 1.559016e-01 1.205930e-01 9.462782e-02 7.197943e-02 5.290709e-02 4.581724e-02 4.819493e-02 5.331650e-02 6.488237e-02 7.920595e-02 5.261789e-02 3.444517e-02 1.275224e-02 2.708325e-03 9.662145e-04 9.485319e-05 1.330741e-05 2.212026e-07 3.566888e-10 2.479866e-14 8.093106e-21 9.180854e-29 8.139665e-39 2.802597e-45 2.802597e-45 2.802597e-45 2.802597e-45 1.401298e-45 1.401298e-45 1.401298e-45 1.401298e-45 1.401298e-45 0.000000e+00 0.000000e+00 0.000000e+00 0.000000e+00 0.000000e+00
1.401298e-45 2.137019e-16 3.070373e-08 1.363064e-07 1.046733e-04 5.005708e-04 6.988991e-05 6.846327e-05 1.146474e-04 9.867643e-04 2.006638e-03 6.632446e-04 1.873631e-04 8.113734e-05 2.698185e-05 1.325303e-05 3.711451e-05 1.014573e-04 3.155951e-04 5.001503e-04 1.351546e-03 2.384095e-03 2.364304e-03 3.800629e-03 1.994199e-03 3.168463e-03 1.125421e-03 3.621309e-03 2.166619e-03 4.126576e-03 4.168154e-03 3.802218e-03 5.808329e-03 3.879879e-03 5.984031e-03 5.976503e-03 7.271741e-03 1.156452e-02 9.409804e-03 1.624999e-02 1.689724e-02 2.298233e-02 3.244781e-02 2.859251e-02 3.950668e-02 3.557647e-02 3.674142e-02 5.128121e-02 4.989421e-02 6.056197e-02 6.942897e-02 6.609249e-02 6.920736e-02 7.413900e-02 8.577154e-02 8.907878e-02 1.037353e-01 1.151231e-01 1.364093e-01 1.586177e-01 1.427681e-01 1.654830e-01 1.760648e-01 1.560257e-01 1.857264e-01 2.113941e-01 2.034611e-01 2.247364e-01 2.722121e-01 3.045181e-01 3.278997e-01 3.572714e-01 3.548225e-01 3.523772e-01 4.085969e-01 4.632964e-01 4.710606e-01 4.975837e-01 5.157198e-01 4.752614e-01 4.420592e-01 4.705250e-01 5.394152e-01 5.812208e-01 5.700019e-01 5.419364e-01 5.084124e-01 4.598776e-01 4.092500e-01 3.971794e-01 4.624391e-01 6.178450e-01 8.183368e-01 9.493747e-01 9.643561e-01 9.151655e-01 8.372744e-01 7.522783e-01 6.523566e-01 5.509456e-01 4.637313e-01 3.965048e-01 3.796087e-01 3.899881e-01 3.997655e-01 4.054704e-01 3.933858e-01 3.934128e-01 4.138573e-01 4.491207e-01 4.999320e-01 5.476522e-01 5.898528e-01 6.064507e-01 5.879550e-01 5.675772e-01 5.693946e-01 6.026298e-01 6.365060e-01 6.440939e-01 6.288674e-01 6.111217e-01 6.111328e-01 6.222557e-01 6.073717e-01 5.566821e-01 4.785106e-01 3.970128e-01 3.374943e-01 3.038815e-01 3.065842e-01 3.294072e-01 3.361480e-01 3.142804e-01 2.815007e-01 2.445292e-01 2.302872e-01 2.292245e-01 2.153424e-01 2.138605e-01 1.890768e-01 1.647014e-01 1.688030e-01 1.610363e-01 1.660052e-01 1.774651e-01 1.673316e-01 1.690585e-01 1.530268e-01 1.302413e-01 1.216541e-01 1.076140e-01 9.602004e-02 9.175382e-02 8.288816e-02 6.093306e-02 4.772250e-02 2.832779e-02 1.575002e-02 9.825018e-03 2.522775e-03 7.596483e-04 6.950938e-05 4.492508e-06 1.258723e-07 7.326231e-10 1.364024e-12 9.598844e-17 4.370959e-22 8.041893e-29 2.255004e-37 2.802597e-45 2.802597e-45 2.802597e-45 1.401298e-45 1.401298e-45 1.401298e-45 1.401298e-45 1.401298e-45 1.401298e-45 1.401298e-45 0.000000e+00 0.000000e+00 0.000000e+00 0.000000e+00
7.939768e-27 7.412704e-17 1.221081e-19 8.779033e-12 5.177848e-12 3.919258e-11 1.878517e-10 4.792754e-11 6.773287e-10 7.342791e-09 1.086048e-07 4.243707e-06 1.078841e-05 3.230093e-06 5.892544e-07 1.648372e-06 1.319707e-06 1.568388e-05 5.310994e-05 1.004108e-03 8.228034e-04 3.029321e-03 2.116293e-03 3.386581e-03 3.105628e-03 1.734914e-03 3.154205e-03 1.457352e-03 4.930017e-03 3.190770e-03 6.597685e-03 6.484482e-03 6.074090e-03 7.262552e-03 4.503023e-03 6.168414e-03 5.688678e-03 7.253770e-03 1.005352e-02 1.100435e-02 1.879511e-02 2.094164e-02 3.073174e-02 3.733830e-02 3.508632e-02 4.022522e-02 3.861342e-02 4.445297e-02 4.578375e-02 5.489077e-02 6.998127e-02 6.889978e-02 8.961268e-02 8.367165e-02 7.259504e-02 1.121700e-01 1.088590e-01 1.073622e-01 1.451467e-01 1.254452e-01 1.353216e-01 1.873374e-01 1.786626e-01 1.866361e-01 2.410561e-01 2.370790e-01 2.231158e-01 2.689468e-01 2.781537e-01 2.519386e-01 2.950880e-01 3.628624e-01 3.486779e-01 3.348198e-01 3.898359e-01 4.607697e-01 4.824615e-01 4.930205e-01 5.269761e-01 5.315593e-01 5.027951e-01 5.087305e-01 5.535830e-01 6.010498e-01 6.225293e-01 5.827835e-01 4.955578e-01 4.256779e-01 4.133974e-01 4.598904e-01 5.461663e-01 6.429846e-01 7.319944e-01 8.033289e-01 8.574343e-01 8.788581e-01 8.300908e-01 7.215960e-01 5.884185e-01 4.872303e-01 4.422527e-01 4.281457e-01 4.298587e-01 4.077161e-01 3.670312e-01 3.506043e-01 3.549411e-01 3.857075e-01 4.252191e-01 4.609545e-01 5.063159e-01 5.495480e-01 5.789004e-01 5.750451e-01 5.360827e-01 4.950655e-01 4.727079e-01 4.804991e-01 5.103811e-01 5.488592e-01 5.792884e-01 5.874861e-01 5.868110e-01 5.817860e-01 5.614610e-01 5.202446e-01 4.557004e-01 3.836253e-01 3.155092e-01 2.663183e-01 2.439103e-01 2.447537e-01 2.497337e-01 2.540179e-01 2.652225e-01 2.733695e-01 2.695102e-01 2.667668e-01 2.640612e-01 2.277043e-01 1.979085e-01 1.741377e-01 1.285766e-01 1.016176e-01 7.942611e-02 5.668706e-02 5.058234e-02 4.656598e-02 4.112091e-02 4.221758e-02 4.093200e-02 4.001136e-02 4.912983e-02 6.250007e-02 7.373974e-02 8.193775e-02 5.691498e-02 2.314466e-02 1.115759e-02 2.906440e-03 1.062759e-03 2.549189e-04 2.470662e-05 1.999365e-06 1.594797e-08 6.152677e-11 1.090543e-14 9.636095e-20 9.596671e-26 2.257299e-33 4.841907e-41 2.802597e-45 2.802597e-45 2.802597e-45 1.401298e-45 1.401298e-45 1.401298e-45 1.401298e-45 1.401298e-45 1.401298e-45 0.000000e+00 0.000000e+00 0.000000e+00 0.000000e+00 0.000000e+00
3.135149e-22 1.234343e-04 1.035615e-07 1.182427e-20 3.925880e-18 2.371460e-17 1.613904e-16 2.835265e-13 1.490744e-11 1.428408e-10 8.059420e-09 3.614573e-07 6.484179e-06 9.954910e-06 2.355229e-05 1.352494e-05 6.447452e-05 7.023961e-05 4.486254e-04 2.422374e-04 7.272404e-04 2.035378e-04 4.222703e-04 2.874585e-04 7.569435e-04 8.687252e-04 1.061372e-03 2.115238e-03 2.375560e-03 5.299371e-03 4.555213e-03 6.239034e-03 5.931238e-03 6.339467e-03 6.739778e-03 5.685502e-03 6.331733e-03 6.252407e-03 7.830866e-03 9.807267e-03 1.237155e-02 1.556425e-02 1.683700e-02 2.322181e-02 2.602619e-02 3.340393e-02 3.434767e-02 4.074210e-02 4.941242e-02 4.761717e-02 6.170037e-02 6.400423e-02 6.388763e-02 7.385102e-02 8.054036e-02 9.116044e-02 1.010479e-01 1.156811e-01 1.237759e-01 1.221186e-01 1.303941e-01 1.231275e-01 1.388218e-01 1.943180e-01 2.052831e-01 2.169062e-01 2.417628e-01 2.075411e-01 2.148256e-01 2.963422e-01 3.195996e-01 2.957668e-01 3.310523e-01 3.750688e-01 3.738233e-01 4.086065e-01 4.962538e-01 5.212598e-01 4.709614e-01 4.572996e-01 5.010593e-01 5.181994e-01 4.882807e-01 4.842785e-01 5.082545e-01 4.926033e-01 4.288113e-01 3.823836e-01 3.839723e-01 4.105974e-01 4.435332e-01 5.160255e-01 6.722657e-01 8.492797e-01 8.932779e-01 8.016627e-01 7.030796e-01 6.570134e-01 6.096609e-01 5.336722e-01 4.665506e-01 4.227759e-01 4.045042e-01 3.732834e-01 3.378372e-01 3.339485e-01 3.466661e-01 3.734670e-01 4.058914e-01 4.465567e-01 5.063471e-01 5.582765e-01 5.858722e-01 5.924304e-01 5.916035e-01 5.966691e-01 5.806529e-01 5.433508e-01 5.196024e-01 5.377800e-01 6.039554e-01 6.741962e-01 7.004636e-01 6.557177e-01 5.622749e-01 4.605104e-01 3.625894e-01 2.908642e-01 2.479144e-01 2.345194e-01 2.426172e-01 2.578696e-01 2.755746e-01 2.887003e-01 2.766055e-01 2.652019e-01 2.342624e-01 1.912814e-01 1.683851e-01 1.398733e-01 1.338529e-01 1.450396e-01 1.464730e-01 1.731243e-01 1.755569e-01 1.681598e-01 1.780689e-01 1.483783e-01 1.266298e-01 1.064802e-01 7.279174e-02 5.692466e-02 4.925978e-02 4.194077e-02 4.735599e-02 5.638058e-02 4.424177e-02 3.136528e-02 9.955168e-03 2.057100e-03 4.266578e-04 3.458295e-05 4.735278e-06 1.368020e-07 2.487765e-09 4.559159e-12 2.550497e-16 5.721453e-22 5.483618e-30 4.154116e-39 2.802597e-45 2.802597e-45 2.802597e-45 1.401298e-45 1.401298e-45 1.401298e-45 1.401298e-45 1.401298e-45 1.401298e-45 0.000000e+00 0.000000e+00 0.000000e+00 0.000000e+00 0.000000e+00 0.000000e+00
2.005018e-18 3.370069e-15 5.706923e-09 4.167149e-05 7.105563e-12 3.218612e-14 2.454698e-13 2.879661e-12 1.350521e-10 6.696407e-09 1.009108e-07 4.564204e-06 1.749247e-04 2.722509e-03 2.337859e-03 1.198333e-03 1.020774e-03 1.228750e-03 7.151754e-04 3.403065e-04 1.572638e-04 9.794060e-05 5.416309e-05 8.524283e-05 1.326151e-04 3.838149e-04 3.592497e-04 7.783107e-04 7.175711e-04 1.888439e-03 2.497318e-03 4.958822e-03 9.042691e-03 1.004992e-02 1.342975e-02 9.598546e-03 1.113778e-02 1.006920e-02 9.173761e-03 1.156210e-02 7.999865e-03 1.240469e-02 1.330007e-02 1.411139e-02 2.296345e-02 2.203268e-02 3.151587e-02 3.972980e-02 4.711833e-02 6.136563e-02 5.531011e-02 5.522037e-02 5.672631e-02 5.589060e-02 6.560288e-02 8.083936e-02 1.067047e-01 1.132722e-01 1.135018e-01 1.267914e-01 1.217442e-01 1.256027e-01 1.497501e-01 1.596822e-01 1.870582e-01 2.206660e-01 2.239481e-01 2.405623e-01 2.541793e-01 2.569631e-01 2.827015e-01 3.074501e-01 3.046614e-01 3.269171e-01 3.928175e-01 4.444005e-01 4.655097e-01 4.989009e-01 5.247478e-01 4.962060e-01 4.636485e-01 4.653608e-01 4.767282e-01 4.972445e-01 5.353541e-01 5.628164e-01 5.311716e-01 4.443931e-01 3.776603e-01 3.789668e-01 4.380952e-01 5.197834e-01 6.013137e-01 6.792051e-01 7.480407e-01 7.771457e-01 7.425363e-01 6.781206e-01 5.998367e-01 5.184780e-01 4.507548e-01 3.900970e-01 3.516967e-01 3.247288e-01 3.134401e-01 3.253621e-01 3.320156e-01 3.438975e-01 3.766189e-01 4.372103e-01 5.126584e-01 5.476661e-01 5.314763e-01 4.974364e-01 4.748028e-01 4.778048e-01 4.873219e-01 4.999216e-01 5.220251e-01 5.502555e-01 5.732598e-01 5.680987e-01 5.392156e-01 5.063224e-01 4.782315e-01 4.416370e-01 3.828535e-01 3.077106e-01 2.380335e-01 1.886512e-01 1.594302e-01 1.467322e-01 1.565961e-01 1.850271e-01 2.183199e-01 2.589538e-01 2.766937e-01 2.515713e-01 1.945897e-01 1.524271e-01 1.212744e-01 9.872130e-02 9.595533e-02 8.427615e-02 7.429950e-02 8.042578e-02 7.009739e-02 7.022926e-02 8.166108e-02 7.418168e-02 7.843562e-02 8.073250e-02 6.642311e-02 5.767136e-02 4.224537e-02 2.398905e-02 1.704963e-02 9.779628e-03 3.653558e-03 1.301067e-03 1.082041e-04 7.265952e-06 1.395028e-07 1.062267e-09 7.200978e-12 4.721163e-15 1.728656e-18 1.832435e-23 1.147591e-29 3.959734e-37 2.802597e-45 2.802597e-45 2.802597e-45 1.401298e-45 1.401298e-45 1.401298e-45 1.401298e-45 1.401298e-45 1.401298e-45 1.401298e-45 0.000000e+00 0.000000e+00 0.000000e+00 0.000000e+00 0.000000e+00
6.993125e-21 2.010729e-27 6.383553e-23 1.392479e-21 2.711832e-25 5.083453e-25 1.272926e-20 2.957982e-18 4.182111e-14 8.815815e-12 3.305474e-09 5.646987e-07 1.740105e-04 1.389926e-03 6.637740e-04 4.247150e-04 3.039167e-04 7.842982e-04 1.613679e-04 3.155126e-04 4.511534e-05 1.320743e-04 4.149060e-05 1.191536e-04 1.282274e-04 2.335462e-04 5.019936e-04 3.839426e-04 1.308921e-03 8.045766e-04 3.359888e-03 4.164608e-03 7.974654e-03 1.233728e-02 7.644952e-03 1.501895e-02 9.735605e-03 1.345560e-02 1.500066e-02 1.182480e-02 2.157026e-02 1.730400e-02 1.792753e-02 1.936931e-02 1.235773e-02 1.650124e-02 2.128193e-02 2.320368e-02 3.586473e-02 3.801416e-02 4.288515e-02 6.902999e-02 5.289099e-02 5.225892e-02 7.148296e-02 5.655388e-02 8.853462e-02 1.271892e-01 1.119229e-01 1.304081e-01 1.269302e-01 1.158943e-01 1.386858e-01 1.609374e-01 1.793976e-01 2.202572e-01 2.445864e-01 2.293024e-01 2.463719e-01 2.807978e-01 2.840885e-01 3.015093e-01 3.283622e-01 3.312938e-01 3.463881e-01 4.124072e-01 4.902365e-01 5.060958e-01 4.932542e-01 4.875574e-01 4.590628e-01 4.328348e-01 4.616098e-01 5.201747e-01 5.368924e-01 5.214942e-01 5.134972e-01 4.966035e-01 4.547982e-01 4.320293e-01 4.652203e-01 5.385216e-01 6.088918e-01 6.524168e-01 6.909805e-01 7.378283e-01 7.485353e-01 6.950641e-01 5.937217e-01 5.056126e-01 4.530254e-01 3.999404e-01 3.519947e-01 3.130693e-01 2.955350e-01 3.017494e-01 3.006535e-01 3.032796e-01 3.235030e-01 3.659633e-01 4.242620e-01 4.619391e-01 4.717442e-01 4.588121e-01 4.302996e-01 4.050579e-01 3.904145e-01 4.027684e-01 4.458127e-01 5.106607e-01 5.777922e-01 6.162074e-01 5.963417e-01 5.237809e-01 4.383256e-01 3.674126e-01 3.288321e-01 3.141487e-01 2.971705e-01 2.653715e-01 2.141230e-01 1.647978e-01 1.353084e-01 1.222282e-01 1.300499e-01 1.510047e-01 1.824452e-01 2.084245e-01 1.950206e-01 1.887153e-01 1.594823e-01 1.259309e-01 1.061197e-01 7.328717e-02 5.948866e-02 5.406287e-02 4.562625e-02 5.038160e-02 5.313386e-02 5.280140e-02 6.534721e-02 7.819996e-02 1.057679e-01 1.332231e-01 9.715444e-02 4.724437e-02 1.501589e-02 3.707095e-03 1.351059e-03 3.066540e-04 6.318453e-05 5.747659e-06 7.540315e-08 6.589703e-10 2.653983e-13 6.015728e-17 1.426511e-21 7.242617e-27 3.519569e-32 8.784845e-39 5.605194e-45 2.802597e-45 2.802597e-45 2.802597e-45 1.401298e-45 1.401298e-45 1.401298e-45 1.401298e-45 1.401298e-45 1.401298e-45 1.401298e-45 0.000000e+00 0.000000e+00 0.000000e+00 0.000000e+00
4.239265e-37 2.596647e-24 9.643107e-27 4.819443e-37 1.888954e-34 3.805131e-31 5.724389e-28 1.039993e-21 9.026670e-18 1.135830e-13 2.552777e-10 7.224555e-07 3.143910e-06 2.424184e-06 1.136127e-06 6.335905e-07 1.347578e-06 1.582791e-06 2.759517e-05 3.326600e-05 5.306072e-04 1.673302e-04 1.381449e-03 5.109175e-04 1.287822e-03 6.700865e-04 6.442387e-04 1.062691e-03 9.948884e-04 3.378193e-03 2.278949e-03 5.689073e-03 5.251386e-03 5.813253e-03 8.854920e-03 6.049209e-03 1.172922e-02 1.060638e-02 1.449753e-02 2.276870e-02 1.876836e-02 2.412502e-02 2.174555e-02 1.767148e-02 2.200717e-02 1.801444e-02 1.763131e-02 2.525388e-02 2.619726e-02 3.988410e-02 5.066973e-02 4.294971e-02 6.316633e-02 5.716297e-02 5.757657e-02 9.067122e-02 7.982415e-02 8.559088e-02 1.168773e-01 1.099880e-01 1.161534e-01 1.373354e-01 1.444664e-01 1.738809e-01 2.154910e-01 2.074850e-01 2.022639e-01 2.322420e-01 2.486051e-01 2.755120e-01 3.208301e-01 3.186782e-01 3.042625e-01 3.374804e-01 3.932409e-01 4.104584e-01 4.171062e-01 4.452383e-01 4.386397e-01 4.064448e-01 4.282811e-01 4.763927e-01 4.815473e-01 4.808980e-01 5.047128e-01 5.144212e-01 4.949051e-01 4.868008e-01 4.881783e-01 4.677517e-01 4.494560e-01 4.823883e-01 5.700511e-01 6.521246e-01 6.745266e-01 6.510717e-01 6.145861e-01 5.898362e-01 5.499867e-01 4.885988e-01 4.266848e-01 3.664028e-01 3.294216e-01 3.067663e-01 2.982025e-01 3.095571e-01 3.205772e-01 3.396671e-01 3.587641e-01 3.619621e-01 3.642378e-01 3.785836e-01 4.233465e-01 4.890924e-01 5.443093e-01 5.684019e-01 5.585470e-01 5.462653e-01 5.461227e-01 5.608532e-01 5.935780e-01 6.338503e-01 6.455393e-01 5.964275e-01 4.824863e-01 3.508499e-01 2.565772e-01 2.094280e-01 1.983067e-01 2.149901e-01 2.411322e-01 2.656010e-01 2.724056e-01 2.520693e-01 2.191452e-01 1.744227e-01 1.415217e-01 1.202415e-01 1.159463e-01 1.152699e-01 1.150726e-01 1.287133e-01 1.182010e-01 1.187437e-01 1.291659e-01 1.122833e-01 1.227830e-01 1.283076e-01 1.087722e-01 1.066817e-01 8.905157e-02 7.400686e-02 8.167966e-02 9.041598e-02 9.372747e-02 5.608809e-02 1.525605e-02 2.218079e-03 1.880967e-04 1.848888e-05 2.297063e-06 1.636823e-07 1.357699e-08 1.280094e-10 3.048739e-13 2.966794e-17 5.915881e-23 1.437798e-29 9.183274e-38 2.802597e-45 2.802597e-45 2.802597e-45 2.802597e-45 2.802597e-45 2.802597e-45 1.401298e-45 1.401298e-45 1.401298e-45 1.401298e-45 1.401298e-45 1.401298e-45 0.000000e+00 0.000000e+00 0.000000e+00 0.000000e+00
1.401298e-45 2.802597e-45 2.802597e-45 4.203895e-45 5.892320e-41 4.148766e-33 1.756818e-24 3.625912e-18 8.575652e-12 4.794228e-08 2.902804e-05 9.339665e-05 2.155785e-04 1.976505e-05 2.377499e-06 4.382897e-07 5.831290e-07 1.944460e-06 6.468028e-06 9.767115e-05 2.927716e-04 2.129093e-03 1.756989e-03 4.199084e-03 2.037829e-03 2.807028e-03 1.643013e-03 1.954476e-03 2.334338e-03 1.836442e-03 2.935663e-03 2.728856e-03 4.246171e-03 4.604436e-03 5.253934e-03 7.533377e-03 9.410284e-03 1.647042e-02 1.961752e-02 1.999769e-02 2.133339e-02 1.836109e-02 2.454579e-02 2.540934e-02 2.803046e-02 3.318137e-02 2.736719e-02 3.499389e-02 3.354241e-02 3.813742e-02 5.462493e-02 4.992160e-02 6.102665e-02 6.124109e-02 5.818859e-02 8.383688e-02 8.893569e-02 1.025814e-01 1.344471e-01 1.113772e-01 1.194701e-01 1.579354e-01 1.357944e-01 1.489353e-01 2.044854e-01 2.069959e-01 2.009563e-01 2.403636e-01 2.758096e-01 2.669396e-01 2.838246e-01 3.221727e-01 3.142406e-01 3.137419e-01 3.698714e-01 4.076111e-01 3.966404e-01 4.119390e-01 4.478698e-01 4.298535e-01 3.833928e-01 3.870175e-01 4.470510e-01 5.199710e-01 5.861892e-01 6.202768e-01 5.816998e-01 5.136039e-01 4.799808e-01 4.750147e-01 4.740533e-01 4.789508e-01 5.129797e-01 5.849638e-01 6.677694e-01 7.077506e-01 6.925505e-01 6.514660e-01 5.780549e-01 4.950035e-01 4.371539e-01 3.915495e-01 3.577432e-01 3.153125e-01 2.711726e-01 2.501341e-01 2.497257e-01 2.808682e-01 3.269526e-01 3.563586e-01 3.686447e-01 3.734907e-01 3.857025e-01 4.054497e-01 4.307365e-01 4.677180e-01 5.096869e-01 5.487760e-01 5.617741e-01 5.397863e-01 5.018908e-01 4.681957e-01 4.448706e-01 4.299846e-01 4.060285e-01 3.572036e-01 2.866631e-01 2.087750e-01 1.496458e-01 1.175621e-01 1.089392e-01 1.250149e-01 1.608109e-01 2.122059e-01 2.551309e-01 2.623520e-01 2.228516e-01 1.637713e-01 1.373292e-01 1.096993e-01 1.004400e-01 1.015985e-01 8.436754e-02 8.378641e-02 7.197049e-02 5.784666e-02 5.969057e-02 5.268641e-02 5.297204e-02 5.912123e-02 5.433593e-02 4.777999e-02 3.528103e-02 2.280594e-02 1.722307e-02 1.213340e-02 5.396693e-03 1.265609e-03 9.726544e-05 3.099462e-06 4.820058e-08 5.678181e-10 5.850944e-12 6.440786e-14 4.626268e-16 4.338578e-19 5.450782e-23 3.461180e-29 1.126905e-36 2.802597e-45 2.802597e-45 2.802597e-45 2.802597e-45 2.802597e-45 1.401298e-45 1.401298e-45 1.401298e-45 1.401298e-45 1.401298e-45 1.401298e-45 0.000000e+00 0.000000e+00 0.000000e+00 0.000000e+00 0.000000e+00
1.401298e-45 4.594941e-34 4.811734e-27 2.540421e-25 2.305849e-24 5.346042e-21 4.250705e-14 9.671329e-07 3.750809e-04 8.502961e-04 1.441364e-03 1.212724e-03 4.117234e-04 1.484160e-04 2.019588e-05 1.384592e-05 1.415421e-05 6.672730e-05 1.726253e-04 5.172433e-04 7.095399e-04 1.581878e-03 1.825237e-03 1.525539e-03 1.912035e-03 1.939633e-03 3.286600e-03 3.082294e-03 2.949673e-03 2.232902e-03 2.170069e-03 2.066247e-03 2.309108e-03 3.199389e-03 4.824676e-03 7.518124e-03 1.062911e-02 1.339680e-02 1.440675e-02 1.639175e-02 1.915856e-02 2.060867e-02 2.114268e-02 2.817919e-02 2.716675e-02 3.351216e-02 4.079186e-02 3.638197e-02 5.443802e-02 4.631133e-02 4.697242e-02 6.257270e-02 5.677235e-02 7.332449e-02 7.291663e-02 5.973482e-02 8.991165e-02 9.748513e-02 9.979526e-02 1.653943e-01 1.391383e-01 1.024717e-01 1.329750e-01 1.238124e-01 1.138693e-01 1.703627e-01 2.085760e-01 1.910920e-01 2.271946e-01 3.004371e-01 2.969400e-01 2.780803e-01 2.960708e-01 2.878600e-01 2.813707e-01 3.459969e-01 4.352852e-01 4.327307e-01 3.947870e-01 3.827363e-01 3.632677e-01 3.524010e-01 3.956605e-01 4.613074e-01 5.038577e-01 5.492454e-01 5.824207e-01 5.457642e-01 4.526546e-01 3.673256e-01 3.360971e-01 3.720780e-01 4.578392e-01 5.464367e-01 6.071925e-01 6.331499e-01 6.290032e-01 6.124665e-01 5.663244e-01 4.887397e-01 4.125185e-01 3.545492e-01 3.297639e-01 3.073120e-01 2.746623e-01 2.505095e-01 2.318082e-01 2.323033e-01 2.530906e-01 2.946902e-01 3.573540e-01 4.108821e-01 4.419333e-01 4.599038e-01 4.794122e-01 5.037107e-01 5.131512e-01 5.086799e-01 5.015085e-01 5.018073e-01 5.041795e-01 4.815290e-01 4.228191e-01 3.488761e-01 2.858114e-01 2.430103e-01 2.218299e-01 2.058968e-01 1.847806e-01 1.638666e-01 1.495783e-01 1.386746e-01 1.329208e-01 1.431438e-01 1.572636e-01 1.821055e-01 2.025955e-01 2.082341e-01 1.946856e-01 1.649365e-01 1.366115e-01 9.512667e-02 8.226275e-02 7.968215e-02 7.335783e-02 9.049582e-02 9.352567e-02 8.581594e-02 8.995537e-02 8.390272e-02 1.007798e-01 1.177147e-01 8.856422e-02 4.714347e-02 1.679000e-02 5.401357e-03 2.407416e-03 9.109093e-04 2.381143e-04 2.315592e-05 3.303755e-07 1.234563e-09 8.681066e-13 3.784362e-16 1.227863e-19 4.905985e-23 1.011993e-26 4.991406e-31 2.622989e-36 2.438259e-43 2.802597e-45 2.802597e-45 1.401298e-45 1.401298e-45 1.401298e-45 1.401298e-45 1.401298e-45 1.401298e-45 1.401298e-45 1.401298e-45 1.401298e-45 0.000000e+00 0.000000e+00 0.000000e+00 0.000000e+00
1.401298e-45 2.853245e-23 2.313961e-12 7.445002e-10 2.138138e-05 4.909002e-04 4.231324e-05 2.357650e-05 1.238592e-05 1.967996e-04 5.766212e-04 3.882327e-04 9.665073e-05 7.465609e-05 1.597961e-05 7.126017e-06 1.674460e-05 5.530136e-05 2.195335e-04 3.354331e-04 2.041691e-03 1.466851e-03 4.137320e-03 1.825332e-03 3.040510e-03 1.487574e-03 1.247947e-03 1.848261e-03 1.684786e-03 2.644402e-03 2.364932e-03 3.611545e-03 3.929663e-03 4.234377e-03 4.432030e-03 5.052105e-03 6.733121e-03 7.250838e-03 1.029238e-02 1.418870e-02 1.818412e-02 2.501306e-02 2.603264e-02 2.936891e-02 3.298214e-02 2.921603e-02 3.725087e-02 3.721210e-02 4.495548e-02 5.415605e-02 4.907083e-02 6.787799e-02 5.912482e-02 5.928835e-02 8.258346e-02 6.423452e-02 7.566457e-02 1.071238e-01 1.087181e-01 1.325085e-01 1.490907e-01 1.280619e-01 1.253052e-01 1.409609e-01 1.428832e-01 1.558621e-01 1.903239e-01 2.015281e-01 2.087775e-01 2.447777e-01 2.769940e-01 2.775052e-01 2.763688e-01 2.956102e-01 3.339200e-01 3.813574e-01 4.144265e-01 4.017538e-01 3.662377e-01 3.487116e-01 3.493514e-01 3.604543e-01 3.933674e-01 4.489202e-01 4.985632e-01 5.084590e-01 5.014271e-01 4.927678e-01 4.561706e-01 4.051246e-01 3.751752e-01 3.797296e-01 4.285221e-01 5.094919e-01 5.717637e-01 5.857685e-01 5.760451e-01 5.647508e-01 5.323256e-01 4.796926e-01 4.216591e-01 3.551195e-01 3.061261e-01 2.725598e-01 2.574860e-01 2.655474e-01 2.688364e-01 2.658082e-01 2.623666e-01 2.746843e-01 3.137137e-01 3.549344e-01 3.807407e-01 3.954109e-01 4.196134e-01 4.718513e-01 5.332962e-01 5.638961e-01 5.370695e-01 4.871200e-01 4.553962e-01 4.478791e-01 4.435140e-01 4.106416e-01 3.409645e-01 2.633161e-01 2.064995e-01 1.802348e-01 1.808534e-01 1.994097e-01 2.321142e-01 2.553027e-01 2.570133e-01 2.293506e-01 1.886416e-01 1.670574e-01 1.668914e-01 1.925335e-01 1.988938e-01 1.978138e-01 1.555723e-01 9.202974e-02 6.754577e-02 4.560489e-02 4.198162e-02 5.564458e-02 6.231147e-02 7.476672e-02 7.451291e-02 6.317035e-02 6.685346e-02 7.859944e-02 9.200484e-02 6.665649e-02 2.083901e-02 2.897917e-03 2.720442e-04 3.422087e-05 7.706522e-06 2.054037e-06 2.994706e-07 8.146027e-09 2.488985e-11 4.636997e-15 4.262967e-20 6.488920e-26 1.401383e-32 8.865487e-39 8.407791e-45 2.802597e-45 2.802597e-45 2.802597e-45 2.802597e-45 2.802597e-45 1.401298e-45 1.401298e-45 1.401298e-45 1.401298e-45 1.401298e-45 1.401298e-45 1.401298e-45 0.000000e+00 0.000000e+00 0.000000e+00 0.000000e+00
5.357080e-35 2.794328e-22 1.937853e-21 2.477088e-12 3.810864e-12 9.419757e-12 2.182920e-11 1.688719e-13 2.722891e-12 1.608283e-11 1.749416e-09 9.767153e-08 2.912545e-06 5.139046e-07 4.939170e-07 4.595996e-07 1.393239e-06 6.167046e-06 5.714212e-05 6.458922e-04 1.142700e-03 2.615728e-03 1.577306e-03 2.925673e-03 1.350453e-03 2.151720e-03 1.636130e-03 1.792592e-03 3.131792e-03 3.066541e-03 5.581324e-03 4.868908e-03 6.256376e-03 5.173724e-03 3.875064e-03 3.881724e-03 3.345390e-03 4.799620e-03 5.948198e-03 8.083408e-03 1.472863e-02 1.994930e-02 2.959261e-02 3.426972e-02 3.938990e-02 3.642993e-02 3.968170e-02 4.475302e-02 3.764421e-02 5.229259e-02 6.301408e-02 6.324741e-02 9.188598e-02 7.488111e-02 6.434391e-02 8.973750e-02 8.168764e-02 8.936039e-02 1.130177e-01 1.044879e-01 1.218929e-01 1.616827e-01 1.589154e-01 1.710461e-01 2.269062e-01 2.195852e-01 1.978952e-01 2.228538e-01 2.279776e-01 2.134505e-01 2.391323e-01 2.856424e-01 2.857572e-01 2.790251e-01 3.018701e-01 3.239577e-01 3.492230e-01 3.827086e-01 3.948040e-01 3.815198e-01 3.738053e-01 3.932705e-01 4.367035e-01 4.872538e-01 5.206866e-01 5.154434e-01 4.837979e-01 4.506529e-01 4.303662e-01 4.182080e-01 4.091341e-01 4.034373e-01 4.100890e-01 4.408728e-01 4.937661e-01 5.475910e-01 5.691372e-01 5.447326e-01 4.778644e-01 4.101612e-01 3.655459e-01 3.245467e-01 2.920440e-01 2.615049e-01 2.381026e-01 2.314364e-01 2.293345e-01 2.425528e-01 2.685368e-01 2.972687e-01 3.246100e-01 3.410328e-01 3.554298e-01 3.725694e-01 3.880407e-01 4.054552e-01 4.296330e-01 4.630056e-01 4.777800e-01 4.506595e-01 3.906220e-01 3.388906e-01 3.208009e-01 3.309239e-01 3.317338e-01 2.852112e-01 2.084799e-01 1.461246e-01 1.126594e-01 1.062916e-01 1.245773e-01 1.683786e-01 2.427732e-01 2.954348e-01 3.036766e-01 2.597175e-01 2.014349e-01 1.658088e-01 1.472532e-01 1.442269e-01 1.266802e-01 1.160932e-01 8.371861e-02 5.126822e-02 4.181797e-02 3.162825e-02 3.254635e-02 4.156042e-02 4.220013e-02 4.206437e-02 3.308343e-02 2.426467e-02 2.246291e-02 1.899981e-02 9.541112e-03 1.684621e-03 7.829956e-05 1.395813e-06 2.025594e-08 3.757007e-10 1.555439e-11 1.138373e-12 5.889854e-14 6.532602e-16 2.608271e-19 9.549406e-25 5.356526e-32 6.836515e-41 2.802597e-45 2.802597e-45 2.802597e-45 2.802597e-45 1.401298e-45 1.401298e-45 1.401298e-45 1.401298e-45 1.401298e-45 1.401298e-45 1.401298e-45 1.401298e-45 1.401298e-45 1.401298e-45 0.000000e+00 0.000000e+00 0.000000e+00
5.154283e-28 1.174850e-05 4.106515e-10 1.117914e-23 2.815112e-22 1.680977e-21 6.133606e-21 2.079976e-16 2.929921e-14 3.845563e-12 1.451877e-10 5.728086e-08 9.033580e-07 1.826685e-05 2.095441e-05 5.285881e-05 7.299972e-05 1.849761e-04 3.267637e-04 2.435764e-04 2.496701e-04 8.699704e-05 1.415100e-04 1.359144e-04 5.028487e-04 6.694493e-04 1.089204e-03 1.960855e-03 2.572796e-03 4.506822e-03 3.442257e-03 4.459324e-03 3.531609e-03 4.724897e-03 4.675782e-03 4.207649e-03 4.774806e-03 4.690475e-03 5.818116e-03 7.624891e-03 9.199033e-03 1.258233e-02 1.906036e-02 2.195976e-02 3.025713e-02 3.901137e-02 3.067091e-02 4.093282e-02 4.128344e-02 4.026588e-02 5.344946e-02 5.196421e-02 5.503862e-02 5.549457e-02 5.935265e-02 7.357465e-02 7.358126e-02 8.376458e-02 9.051675e-02 8.441749e-02 9.156856e-02 9.596784e-02 1.182638e-01 1.658831e-01 1.900426e-01 1.965127e-01 2.088729e-01 2.028489e-01 1.980722e-01 2.373043e-01 2.845349e-01 2.768883e-01 2.549213e-01 2.655628e-01 2.900183e-01 3.087344e-01 3.523500e-01 3.964090e-01 3.863491e-01 3.585808e-01 3.682508e-01 3.970472e-01 4.011185e-01 4.065478e-01 4.271025e-01 4.291472e-01 4.087535e-01 3.872750e-01 3.729121e-01 3.554795e-01 3.380174e-01 3.495063e-01 4.072118e-01 4.712277e-01 4.828554e-01 4.671206e-01 4.743592e-01 4.992751e-01 4.833895e-01 4.183344e-01 3.491693e-01 2.973494e-01 2.800761e-01 2.728332e-01 2.589006e-01 2.455476e-01 2.296675e-01 2.317372e-01 2.526893e-01 2.801392e-01 3.109143e-01 3.457389e-01 3.975157e-01 4.573436e-01 4.950137e-01 4.995843e-01 4.825269e-01 4.714353e-01 4.699588e-01 4.660743e-01 4.315328e-01 3.615737e-01 2.843765e-01 2.304871e-01 2.131218e-01 2.233953e-01 2.348036e-01 2.231027e-01 1.846125e-01 1.524769e-01 1.406062e-01 1.554646e-01 1.991905e-01 2.582758e-01 3.210557e-01 3.324109e-01 2.881772e-01 1.969003e-01 1.304527e-01 8.770206e-02 6.571196e-02 6.726764e-02 6.236193e-02 7.057729e-02 7.897978e-02 6.603166e-02 7.506118e-02 8.309894e-02 1.065747e-01 1.550389e-01 1.326410e-01 8.035793e-02 3.492351e-02 1.309669e-02 7.199991e-03 3.420390e-03 6.832165e-04 3.342024e-05 1.839618e-07 2.069723e-10 1.066801e-13 5.774200e-17 1.483584e-19 9.482192e-22 1.181596e-23 3.660735e-26 2.632090e-30 2.374218e-36 4.203895e-45 2.802597e-45 1.401298e-45 1.401298e-45 1.401298e-45 1.401298e-45 1.401298e-45 1.401298e-45 1.401298e-45 1.401298e-45 1.401298e-45 1.401298e-45 1.401298e-45 1.401298e-45 0.000000e+00 0.000000e+00 0.000000e+00
2.108634e-21 4.987930e-17 1.013771e-07 6.907375e-06 3.975074e-13 1.096312e-17 3.720393e-17 2.085017e-16 4.030018e-14 1.710884e-12 4.525612e-10 7.465941e-08 2.827330e-05 1.118059e-03 5.811166e-03 2.177485e-03 1.911760e-03 8.378456e-04 4.533744e-04 1.326666e-04 7.404286e-05 5.109938e-05 3.954926e-05 7.833035e-05 1.388391e-04 3.954151e-04 5.104900e-04 6.298971e-04 8.419542e-04 1.216548e-03 1.915255e-03 3.140290e-03 5.773555e-03 6.235749e-03 8.149434e-03 7.441949e-03 8.536995e-03 8.132902e-03 8.718293e-03 9.475797e-03 8.572605e-03 9.798198e-03 1.017551e-02 1.394152e-02 1.613049e-02 2.000568e-02 2.500479e-02 3.092811e-02 4.383393e-02 5.105709e-02 5.502638e-02 5.057290e-02 4.697132e-02 5.729769e-02 5.838230e-02 6.711181e-02 9.085681e-02 8.285309e-02 8.583460e-02 1.014369e-01 8.658854e-02 1.009708e-01 1.327010e-01 1.250279e-01 1.538853e-01 2.173630e-01 2.122507e-01 2.171926e-01 2.733577e-01 2.699081e-01 2.290421e-01 2.346472e-01 2.529922e-01 2.598957e-01 3.012335e-01 3.648031e-01 3.834454e-01 3.767378e-01 3.873927e-01 3.743946e-01 3.282504e-01 3.053239e-01 3.298594e-01 3.943127e-01 4.761625e-01 5.200042e-01 4.843432e-01 4.291070e-01 4.103845e-01 4.100116e-01 3.950635e-01 3.675143e-01 3.589174e-01 3.868526e-01 4.312995e-01 4.486340e-01 4.414794e-01 4.473231e-01 4.483077e-01 4.149331e-01 3.564435e-01 2.935219e-01 2.605474e-01 2.481476e-01 2.446175e-01 2.489060e-01 2.493783e-01 2.630873e-01 2.892694e-01 3.163719e-01 3.442683e-01 3.650968e-01 3.839792e-01 4.037571e-01 4.261230e-01 4.496336e-01 4.535503e-01 4.309244e-01 3.955670e-01 3.704371e-01 3.565260e-01 3.357085e-01 2.943389e-01 2.423185e-01 2.034891e-01 1.863691e-01 1.898824e-01 2.043732e-01 2.112168e-01 2.035525e-01 1.794148e-01 1.597461e-01 1.514226e-01 1.700846e-01 2.118918e-01 2.669424e-01 3.319426e-01 3.104110e-01 2.225419e-01 1.202197e-01 6.198435e-02 3.309174e-02 2.303494e-02 2.378618e-02 2.364540e-02 2.899159e-02 3.182390e-02 3.137432e-02 4.532375e-02 6.274125e-02 9.861740e-02 1.067635e-01 4.192064e-02 8.934590e-03 1.127885e-03 2.010701e-04 8.333919e-05 3.259093e-05 5.040410e-06 7.686574e-08 4.376276e-11 1.751718e-15 6.470304e-21 1.916952e-26 1.496487e-31 8.960278e-36 8.018689e-39 1.038642e-41 8.407791e-45 2.802597e-45 2.802597e-45 2.802597e-45 1.401298e-45 1.401298e-45 1.401298e-45 1.401298e-45 1.401298e-45 1.401298e-45 1.401298e-45 1.401298e-45 1.401298e-45 1.401298e-45 0.000000e+00 0.000000e+00 0.000000e+00
4.074361e-28 2.038691e-35 6.885699e-34 4.259919e-32 1.835667e-39 1.213724e-37 1.331634e-32 8.293667e-30 2.289191e-24 6.574114e-19 2.540148e-14 3.371272e-10 2.392282e-06 1.273420e-04 2.647924e-04 1.482050e-04 1.966343e-04 1.683600e-04 9.282661e-05 6.766676e-05 3.188369e-05 5.406176e-05 3.939862e-05 1.062521e-04 1.490271e-04 3.688605e-04 4.528090e-04 5.216518e-04 7.705998e-04 7.635992e-04 1.999982e-03 2.501300e-03 5.481516e-03 6.212735e-03 5.545351e-03 8.118270e-03 6.415466e-03 9.892192e-03 1.067795e-02 9.745456e-03 1.672575e-02 1.417891e-02 1.401076e-02 1.450389e-02 1.009766e-02 1.369074e-02 1.827331e-02 2.222669e-02 3.615633e-02 3.562589e-02 4.354366e-02 6.489120e-02 5.060457e-02 5.542972e-02 6.400037e-02 5.616579e-02 8.350455e-02 1.029118e-01 8.899635e-02 1.070657e-01 1.102729e-01 9.259398e-02 1.159816e-01 1.436681e-01 1.462255e-01 1.813310e-01 2.273591e-01 2.163054e-01 2.108403e-01 2.390882e-01 2.409182e-01 2.383402e-01 2.778401e-01 3.105983e-01 3.166101e-01 3.514284e-01 3.963917e-01 3.951265e-01 3.772277e-01 3.528771e-01 3.111255e-01 2.995408e-01 3.403334e-01 3.893334e-01 4.161429e-01 4.533117e-01 5.109884e-01 5.325789e-01 5.016421e-01 4.684885e-01 4.497629e-01 4.228079e-01 3.865982e-01 3.610191e-01 3.664551e-01 3.978528e-01 4.190377e-01 4.206475e-01 4.147876e-01 3.982541e-01 3.553549e-01 2.926559e-01 2.562609e-01 2.413060e-01 2.348756e-01 2.349464e-01 2.274744e-01 2.312228e-01 2.540935e-01 2.929445e-01 3.364176e-01 3.545790e-01 3.500090e-01 3.463877e-01 3.597594e-01 3.864152e-01 3.980810e-01 3.789297e-01 3.396406e-01 3.037423e-01 2.822237e-01 2.730449e-01 2.605591e-01 2.334105e-01 1.993150e-01 1.688275e-01 1.565336e-01 1.626697e-01 1.847898e-01 2.157739e-01 2.323885e-01 2.200768e-01 1.834487e-01 1.545698e-01 1.330914e-01 1.274673e-01 1.351088e-01 1.546937e-01 1.737427e-01 1.717621e-01 1.481459e-01 9.160639e-02 6.076063e-02 4.349309e-02 3.650745e-02 4.742964e-02 5.310777e-02 5.588087e-02 4.896238e-02 3.973632e-02 4.706407e-02 5.636238e-02 4.575179e-02 1.072718e-02 5.590167e-04 1.107196e-05 1.690570e-07 8.164577e-09 1.195240e-09 2.763998e-10 2.381696e-11 1.085062e-13 8.439979e-18 6.262772e-24 1.245839e-31 4.860502e-40 2.802597e-45 2.802597e-45 2.802597e-45 2.802597e-45 2.802597e-45 2.802597e-45 2.802597e-45 2.802597e-45 1.401298e-45 1.401298e-45 1.401298e-45 1.401298e-45 1.401298e-45 1.401298e-45 1.401298e-45 1.401298e-45 0.000000e+00 0.000000e+00 0.000000e+00
4.203895e-45 4.267385e-37 1.227844e-36 4.203895e-45 1.681558e-44 1.272379e-42 9.570588e-41 2.935861e-34 5.616499e-28 1.298497e-20 1.582031e-14 3.272925e-09 7.754114e-08 5.369563e-07 2.340350e-07 4.789990e-07 2.338004e-07 1.084132e-06 4.623420e-06 2.669735e-05 9.248908e-05 1.522436e-04 7.292033e-04 5.924358e-04 1.512131e-03 5.729048e-04 7.454206e-04 5.776719e-04 8.565378e-04 1.725233e-03 1.594049e-03 3.782519e-03 3.064281e-03 4.351520e-03 5.092516e-03 4.583843e-03 8.495851e-03 7.629735e-03 1.235049e-02 1.591876e-02 1.475547e-02 2.383791e-02 1.815728e-02 1.799311e-02 1.889518e-02 1.557346e-02 1.880714e-02 2.241555e-02 2.654713e-02 4.119441e-02 4.119038e-02 4.376496e-02 5.518164e-02 4.548861e-02 5.467513e-02 7.389046e-02 6.706411e-02 8.245216e-02 9.744933e-02 8.676390e-02 1.004476e-01 1.156207e-01 1.140762e-01 1.521777e-01 1.806864e-01 1.488972e-01 1.499525e-01 1.680927e-01 1.699999e-01 2.053164e-01 2.759617e-01 2.815286e-01 2.546217e-01 2.774712e-01 3.162587e-01 3.395749e-01 3.750944e-01 3.869925e-01 3.435468e-01 3.196375e-01 3.352094e-01 3.286326e-01 3.151149e-01 3.599689e-01 4.316594e-01 4.383944e-01 4.184982e-01 4.424085e-01 4.752087e-01 4.512837e-01 4.015434e-01 3.791882e-01 3.793874e-01 3.731241e-01 3.612479e-01 3.561094e-01 3.584387e-01 3.673811e-01 3.656339e-01 3.473200e-01 3.214623e-01 2.846643e-01 2.562945e-01 2.377159e-01 2.328990e-01 2.475261e-01 2.582456e-01 2.666275e-01 2.746665e-01 2.903974e-01 3.250318e-01 3.623622e-01 3.877888e-01 4.003262e-01 4.052739e-01 4.108848e-01 4.144494e-01 4.108776e-01 3.834055e-01 3.359584e-01 2.865967e-01 2.544207e-01 2.400362e-01 2.354700e-01 2.272577e-01 2.076994e-01 1.888964e-01 1.779644e-01 1.840648e-01 2.070315e-01 2.398946e-01 2.694277e-01 2.919641e-01 2.908131e-01 2.478746e-01 1.891265e-01 1.257116e-01 9.354109e-02 8.221380e-02 8.455405e-02 9.701771e-02 1.128235e-01 1.167758e-01 9.177367e-02 8.194458e-02 8.229128e-02 1.050145e-01 1.617493e-01 1.545585e-01 1.089127e-01 5.398166e-02 2.661283e-02 2.048463e-02 1.266099e-02 2.715316e-03 7.323176e-05 2.539447e-07 2.169292e-10 1.333729e-13 3.205356e-16 4.913193e-18 3.701626e-19 3.543117e-20 2.779122e-22 1.475305e-26 2.614875e-33 7.006492e-43 1.401298e-45 1.401298e-45 1.401298e-45 1.401298e-45 1.401298e-45 1.401298e-45 1.401298e-45 1.401298e-45 1.401298e-45 1.401298e-45 1.401298e-45 1.401298e-45 1.401298e-45 1.401298e-45 1.401298e-45 0.000000e+00 0.000000e+00 0.000000e+00
0.000000e+00 1.401298e-45 1.401298e-45 1.401298e-45 2.802597e-45 4.203895e-45 7.774172e-36 6.557480e-25 6.753816e-15 1.603941e-09 6.883024e-06 1.074522e-05 6.105666e-05 4.891423e-06 2.039487e-06 1.556412e-07 5.477049e-07 4.944079e-07 3.956407e-06 2.310638e-05 2.310557e-04 1.029344e-03 1.353960e-03 3.091802e-03 1.302329e-03 3.156429e-03 1.033262e-03 2.177551e-03 1.179675e-03 1.205941e-03 1.315816e-03 1.167542e-03 2.569339e-03 2.284581e-03 4.012641e-03 6.232691e-03 8.840879e-03 1.701953e-02 1.633199e-02 2.004807e-02 1.637549e-02 1.498642e-02 1.862319e-02 1.765513e-02 2.289996e-02 2.424889e-02 2.282762e-02 3.160880e-02 2.878541e-02 3.463535e-02 4.547198e-02 4.207135e-02 5.287081e-02 5.591729e-02 5.883985e-02 7.662565e-02 7.909108e-02 8.653075e-02 1.109105e-01 1.054040e-01 1.027077e-01 1.262946e-01 1.180719e-01 1.084914e-01 1.463998e-01 1.604818e-01 1.461262e-01 1.759962e-01 2.078270e-01 2.030259e-01 2.257586e-01 2.651171e-01 2.600669e-01 2.569155e-01 2.929502e-01 3.135332e-01 3.023902e-01 3.272156e-01 3.634807e-01 3.401307e-01 3.038030e-01 3.037874e-01 3.309735e-01 3.816853e-01 4.583125e-01 5.110821e-01 4.886301e-01 4.356757e-01 4.143776e-01 4.124092e-01 3.899479e-01 3.547883e-01 3.381396e-01 3.398578e-01 3.463809e-01 3.557462e-01 3.644842e-01 3.657188e-01 3.469988e-01 3.202742e-01 3.024154e-01 2.838926e-01 2.711608e-01 2.550844e-01 2.393329e-01 2.386762e-01 2.433378e-01 2.598955e-01 2.773992e-01 2.849204e-01 2.925251e-01 3.019680e-01 3.173091e-01 3.306853e-01 3.314075e-01 3.256101e-01 3.224601e-01 3.299454e-01 3.349741e-01 3.204754e-01 2.838011e-01 2.447056e-01 2.154766e-01 2.021671e-01 1.991322e-01 1.996307e-01 2.014729e-01 2.007903e-01 1.949915e-01 1.814197e-01 1.682134e-01 1.629023e-01 1.699187e-01 1.859907e-01 2.165519e-01 2.423361e-01 2.188841e-01 1.589017e-01 9.422747e-02 5.664119e-02 4.023937e-02 3.839086e-02 3.931681e-02 3.806126e-02 3.505020e-02 2.648831e-02 2.721432e-02 3.514855e-02 4.840445e-02 5.604983e-02 2.740496e-02 7.058755e-03 1.369337e-03 3.912264e-04 2.145882e-04 1.013961e-04 1.143829e-05 7.070025e-08 1.833205e-11 4.190376e-16 3.195949e-21 1.037051e-25 2.930561e-29 1.757880e-31 8.973940e-33 1.066226e-34 8.552901e-38 4.624285e-44 2.802597e-45 2.802597e-45 2.802597e-45 1.401298e-45 1.401298e-45 2.802597e-45 1.401298e-45 1.401298e-45 1.401298e-45 1.401298e-45 1.401298e-45 1.401298e-45 1.401298e-45 1.401298e-45 1.401298e-45 0.000000e+00 0.000000e+00
1.401298e-45 2.802597e-45 1.101062e-36 4.982652e-32 2.494835e-32 5.081626e-28 9.493702e-19 1.978468e-08 7.711688e-05 1.944987e-04 2.400285e-05 2.454762e-05 1.365418e-05 4.771686e-05 9.920381e-06 1.872498e-05 6.715291e-06 4.398391e-05 5.338261e-05 3.471307e-04 3.733666e-04 1.241461e-03 1.537234e-03 1.203944e-03 1.602532e-03 9.529380e-04 2.358407e-03 1.118828e-03 1.664658e-03 7.814604e-04 9.771874e-04 9.210953e-04 9.306251e-04 1.882848e-03 2.344694e-03 5.775033e-03 7.447681e-03 9.671795e-03 1.315596e-02 1.160747e-02 1.553615e-02 1.432328e-02 1.483206e-02 2.044773e-02 2.076029e-02 2.672095e-02 3.104630e-02 3.185583e-02 4.394455e-02 4.028711e-02 4.423439e-02 5.272785e-02 4.914523e-02 6.249845e-02 6.110997e-02 5.799432e-02 8.156520e-02 8.318011e-02 9.308585e-02 1.456217e-01 1.259673e-01 1.026071e-01 1.188818e-01 9.779088e-02 8.746959e-02 1.231591e-01 1.466162e-01 1.434126e-01 1.789757e-01 2.329302e-01 2.323196e-01 2.159183e-01 2.228252e-01 2.199266e-01 2.233360e-01 2.692385e-01 3.260752e-01 3.383568e-01 3.119641e-01 2.916468e-01 2.907311e-01 2.896163e-01 2.997893e-01 3.565703e-01 4.380715e-01 4.653124e-01 4.442729e-01 4.226622e-01 3.986203e-01 3.562251e-01 3.092096e-01 2.876258e-01 3.010907e-01 3.251453e-01 3.262931e-01 3.082305e-01 2.970455e-01 3.039349e-01 3.055533e-01 2.866967e-01 2.626956e-01 2.428328e-01 2.414395e-01 2.413192e-01 2.280468e-01 2.107087e-01 1.921577e-01 1.953500e-01 2.220481e-01 2.581572e-01 2.929552e-01 3.131199e-01 3.260891e-01 3.356439e-01 3.429018e-01 3.476272e-01 3.380846e-01 3.149722e-01 2.888260e-01 2.705329e-01 2.585612e-01 2.406475e-01 2.062908e-01 1.686547e-01 1.410426e-01 1.311982e-01 1.411929e-01 1.693843e-01 2.056951e-01 2.334681e-01 2.419134e-01 2.190013e-01 1.762887e-01 1.386953e-01 1.203644e-01 1.140679e-01 1.252099e-01 1.417556e-01 1.310205e-01 1.016086e-01 6.660804e-02 4.488759e-02 4.103489e-02 5.247880e-02 6.847466e-02 7.871025e-02 7.066965e-02 5.171780e-02 5.051428e-02 5.188402e-02 3.616953e-02 8.708027e-03 5.473676e-04 1.458918e-05 3.973382e-07 5.051664e-08 2.293462e-08 1.533182e-08 1.905324e-09 3.662732e-12 9.837801e-17 2.498493e-23 6.543586e-31 3.078368e-38 1.121039e-44 2.802597e-45 2.802597e-45 2.802597e-45 2.802597e-45 2.802597e-45 2.802597e-45 2.802597e-45 1.401298e-45 1.401298e-45 1.401298e-45 1.401298e-45 1.401298e-45 1.401298e-45 1.401298e-45 1.401298e-45 1.401298e-45 1.401298e-45 1.401298e-45 0.000000e+00 0.000000e+00
1.401298e-45 2.870801e-32 2.084843e-17 7.439715e-14 1.987405e-06 9.536221e-04 1.372821e-05 7.773060e-08 2.146888e-09 1.543019e-09 7.547066e-09 1.633729e-08 2.559491e-07 2.581149e-06 7.413124e-06 2.505560e-06 1.214390e-05 1.664476e-05 1.381068e-04 1.309738e-04 1.658040e-03 1.264941e-03 4.463542e-03 2.125110e-03 1.908863e-03 1.244171e-03 4.870002e-04 1.291224e-03 6.003674e-04 1.711340e-03 1.203368e-03 2.449437e-03 3.239141e-03 2.737059e-03 3.972404e-03 2.568343e-03 4.379841e-03 4.846801e-03 6.015024e-03 1.084831e-02 1.185650e-02 1.664928e-02 2.213757e-02 2.057188e-02 2.432460e-02 2.414151e-02 2.468299e-02 3.038556e-02 3.667446e-02 4.261015e-02 4.846995e-02 5.381518e-02 5.005493e-02 5.249718e-02 5.592606e-02 5.520322e-02 6.731089e-02 8.911921e-02 1.000350e-01 1.110229e-01 1.160306e-01 9.578170e-02 8.911631e-02 1.016584e-01 1.040228e-01 1.048020e-01 1.194690e-01 1.324956e-01 1.355336e-01 1.461116e-01 1.721650e-01 1.907452e-01 1.873000e-01 1.875146e-01 2.230397e-01 2.780297e-01 2.870717e-01 2.821396e-01 3.007953e-01 2.860515e-01 2.412574e-01 2.310186e-01 2.600975e-01 2.933137e-01 3.257017e-01 3.752078e-01 4.076211e-01 3.876531e-01 3.672711e-01 3.723345e-01 3.558981e-01 3.026691e-01 2.699046e-01 2.850933e-01 3.132783e-01 3.025993e-01 2.626904e-01 2.427803e-01 2.536486e-01 2.761748e-01 2.781760e-01 2.452355e-01 2.179401e-01 2.039627e-01 1.985946e-01 2.038224e-01 2.061057e-01 2.133187e-01 2.253609e-01 2.443133e-01 2.775391e-01 3.078406e-01 3.183249e-01 3.053126e-01 2.931323e-01 3.007032e-01 3.186379e-01 3.197725e-01 2.917673e-01 2.578467e-01 2.418578e-01 2.478769e-01 2.589377e-01 2.568952e-01 2.361135e-01 2.059406e-01 1.809505e-01 1.731037e-01 1.840771e-01 2.168831e-01 2.723469e-01 3.308561e-01 3.449598e-01 2.907141e-01 2.134715e-01 1.465172e-01 1.126637e-01 1.010567e-01 9.913925e-02 1.000977e-01 7.981232e-02 4.931199e-02 3.036663e-02 2.478787e-02 2.938249e-02 4.652147e-02 6.022220e-02 5.159274e-02 3.427950e-02 1.988463e-02 1.551577e-02 1.031201e-02 1.872628e-03 4.210102e-05 1.505692e-07 1.835869e-10 3.987851e-13 6.882731e-15 1.053721e-15 1.125794e-15 2.800136e-16 1.238257e-18 1.074849e-23 5.653481e-32 6.567886e-42 1.401298e-45 1.401298e-45 1.401298e-45 1.401298e-45 1.401298e-45 1.401298e-45 2.802597e-45 2.802597e-45 1.401298e-45 1.401298e-45 1.401298e-45 1.401298e-45 1.401298e-45 1.401298e-45 1.401298e-45 1.401298e-45 1.401298e-45 0.000000e+00 0.000000e+00 0.000000e+00
1.401298e-45 2.578223e-29 1.539208e-25 4.249799e-13 2.289022e-12 4.194695e-12 2.193403e-12 3.394043e-16 1.068730e-16 1.268080e-16 4.055862e-15 3.476862e-12 1.577128e-09 1.791493e-08 6.673153e-08 5.239759e-07 6.003615e-07 7.197506e-06 2.000720e-05 7.861335e-04 5.992728e-04 3.653035e-03 8.661364e-04 1.810422e-03 8.992350e-04 1.181817e-03 1.756463e-03 1.032076e-03 3.595309e-03 2.020488e-03 6.413134e-03 4.247921e-03 5.113302e-03 4.985633e-03 1.964116e-03 2.948705e-03 1.588656e-03 2.494359e-03 3.590720e-03 4.493807e-03 1.083534e-02 1.456967e-02 1.994266e-02 3.056761e-02 2.774046e-02 3.039665e-02 3.183612e-02 2.643632e-02 3.006050e-02 3.552285e-02 4.407878e-02 5.734291e-02 6.832427e-02 6.316211e-02 6.207716e-02 6.914257e-02 7.102360e-02 8.541778e-02 9.415950e-02 8.644847e-02 1.062122e-01 1.281045e-01 1.219405e-01 1.449508e-01 1.757355e-01 1.717936e-01 1.626443e-01 1.586537e-01 1.525592e-01 1.541548e-01 1.652298e-01 1.725961e-01 1.862165e-01 2.020384e-01 2.152047e-01 2.480060e-01 2.942204e-01 3.036020e-01 2.819458e-01 2.820376e-01 2.849455e-01 2.504539e-01 2.286828e-01 2.598884e-01 2.989714e-01 3.024128e-01 3.115374e-01 3.410555e-01 3.609763e-01 3.709528e-01 3.870922e-01 3.926206e-01 3.595967e-01 3.094848e-01 2.806973e-01 2.727076e-01 2.587426e-01 2.379538e-01 2.227845e-01 2.214685e-01 2.281495e-01 2.231012e-01 2.119032e-01 1.935372e-01 1.766459e-01 1.739043e-01 1.753993e-01 1.862993e-01 2.034596e-01 2.236400e-01 2.477260e-01 2.663210e-01 2.774522e-01 2.785646e-01 2.703755e-01 2.572207e-01 2.472976e-01 2.456713e-01 2.497405e-01 2.501768e-01 2.405472e-01 2.300261e-01 2.300610e-01 2.451695e-01 2.605280e-01 2.528005e-01 2.232442e-01 1.887662e-01 1.622744e-01 1.504320e-01 1.500978e-01 1.652994e-01 2.027200e-01 2.374695e-01 2.494406e-01 2.130969e-01 1.482791e-01 9.117829e-02 6.511375e-02 5.422693e-02 4.724151e-02 4.268671e-02 2.973527e-02 1.827358e-02 1.417833e-02 1.496182e-02 2.180558e-02 3.297849e-02 2.835008e-02 1.539385e-02 7.077037e-03 3.719310e-03 2.613320e-03 8.705889e-04 3.601382e-05 6.638863e-08 6.360840e-12 1.600287e-16 7.857731e-21 3.817413e-24 5.876762e-26 1.378441e-26 4.096380e-27 1.002353e-28 2.424120e-33 3.040117e-41 2.802597e-45 2.802597e-45 1.401298e-45 1.401298e-45 1.401298e-45 2.802597e-45 1.401298e-45 1.401298e-45 1.401298e-45 1.401298e-45 1.401298e-45 1.401298e-45 1.401298e-45 1.401298e-45 1.401298e-45 1.401298e-45 1.401298e-45 0.000000e+00 0.000000e+00
4.192551e-38 4.312348e-09 1.161387e-10 6.396410e-28 7.756756e-27 1.966357e-26 6.280533e-26 3.906101e-21 1.328399e-18 6.638851e-17 4.740864e-15 6.902849e-12 3.020973e-09 9.158436e-07 2.170953e-05 1.060855e-04 3.260086e-04 2.279057e-04 4.956538e-04 9.253195e-05 1.916791e-04 2.358099e-05 6.599933e-05 3.688115e-05 2.978177e-04 4.539152e-04 1.245301e-03 3.072359e-03 3.475850e-03 7.808344e-03 3.159934e-03 5.193998e-03 2.476208e-03 3.130922e-03 4.184986e-03 2.648395e-03 5.162932e-03 3.396552e-03 4.285081e-03 5.662004e-03 5.742706e-03 1.078543e-02 1.313204e-02 1.796086e-02 2.715532e-02 2.481883e-02 2.659953e-02 2.975940e-02 2.760520e-02 3.327079e-02 3.931737e-02 4.891608e-02 5.289852e-02 5.063514e-02 5.701087e-02 6.688451e-02 7.294615e-02 7.533134e-02 7.465501e-02 7.404119e-02 7.222923e-02 7.765640e-02 1.042195e-01 1.350973e-01 1.552120e-01 1.750127e-01 1.745895e-01 1.559366e-01 1.550519e-01 1.720914e-01 1.894782e-01 1.914385e-01 1.857177e-01 1.846777e-01 1.873335e-01 2.019100e-01 2.304153e-01 2.523302e-01 2.536894e-01 2.621984e-01 2.805030e-01 2.651262e-01 2.298656e-01 2.175999e-01 2.247273e-01 2.216586e-01 2.122883e-01 2.302955e-01 2.817715e-01 3.237813e-01 3.363586e-01 3.515053e-01 3.698216e-01 3.535738e-01 3.026213e-01 2.586877e-01 2.431677e-01 2.502162e-01 2.535607e-01 2.436589e-01 2.283961e-01 2.067816e-01 1.944384e-01 1.898475e-01 1.896359e-01 1.918515e-01 1.845790e-01 1.862022e-01 2.073749e-01 2.434657e-01 2.789324e-01 2.907853e-01 2.876949e-01 2.844597e-01 2.814723e-01 2.690600e-01 2.490260e-01 2.341982e-01 2.312277e-01 2.379066e-01 2.422398e-01 2.413418e-01 2.371491e-01 2.370371e-01 2.486222e-01 2.708766e-01 2.929915e-01 2.999331e-01 2.842387e-01 2.594124e-01 2.239221e-01 1.916136e-01 1.677079e-01 1.590740e-01 1.673851e-01 1.761654e-01 1.711345e-01 1.296957e-01 8.605704e-02 5.395658e-02 4.402759e-02 4.850342e-02 5.695266e-02 6.656025e-02 5.746595e-02 4.466643e-02 4.584061e-02 5.655857e-02 5.815358e-02 2.966752e-02 4.715101e-03 3.533418e-04 2.513309e-05 5.583005e-06 3.790046e-06 1.485570e-06 4.148331e-08 1.041368e-11 2.296808e-17 2.947272e-24 2.006239e-31 1.932921e-37 2.018570e-41 2.059909e-43 9.388700e-44 2.242078e-44 2.802597e-45 2.802597e-45 2.802597e-45 1.401298e-45 1.401298e-45 1.401298e-45 1.401298e-45 1.401298e-45 1.401298e-45 1.401298e-45 1.401298e-45 1.401298e-45 1.401298e-45 1.401298e-45 1.401298e-45 1.401298e-45 1.401298e-45 0.000000e+00 0.000000e+00
1.471793e-27 6.814309e-23 1.987849e-09 7.793253e-07 1.544090e-15 1.506385e-21 3.699707e-22 6.440359e-22 1.818977e-20 1.350098e-19 4.630041e-17 1.825610e-13 4.638586e-09 1.367724e-05 1.449788e-03 2.847348e-03 3.416966e-03 1.406788e-03 4.256390e-04 1.172760e-04 3.478957e-05 3.232282e-05 1.703444e-05 6.300855e-05 9.975539e-05 5.458456e-04 5.661526e-04 9.595408e-04 8.789407e-04 1.057498e-03 1.783409e-03 1.860933e-03 4.888793e-03 3.910998e-03 6.776099e-03 6.370101e-03 5.824172e-03 8.982888e-03 6.061656e-03 7.696871e-03 6.682927e-03 6.390694e-03 1.033497e-02 9.598924e-03 1.371593e-02 1.572040e-02 1.785625e-02 2.848964e-02 3.421777e-02 4.303684e-02 4.335543e-02 3.647299e-02 3.992150e-02 4.482746e-02 4.528502e-02 5.599765e-02 6.641717e-02 6.795391e-02 7.550465e-02 7.692479e-02 7.160352e-02 8.539921e-02 1.046262e-01 1.158682e-01 1.494058e-01 1.738467e-01 1.732288e-01 1.955965e-01 1.963483e-01 1.701236e-01 1.707037e-01 1.688017e-01 1.555942e-01 1.552763e-01 1.703575e-01 1.856647e-01 1.897243e-01 1.980393e-01 2.125296e-01 2.137590e-01 2.106960e-01 2.133399e-01 2.115284e-01 2.174527e-01 2.449813e-01 2.663630e-01 2.484653e-01 2.236384e-01 2.348551e-01 2.805586e-01 3.191878e-01 3.231125e-01 3.164639e-01 3.212581e-01 3.244902e-01 3.078555e-01 2.789822e-01 2.611216e-01 2.567609e-01 2.578685e-01 2.582893e-01 2.447738e-01 2.296628e-01 2.121108e-01 1.970306e-01 1.904194e-01 1.808542e-01 1.813701e-01 1.974367e-01 2.261713e-01 2.615466e-01 2.809355e-01 2.763702e-01 2.586081e-01 2.431541e-01 2.376609e-01 2.412866e-01 2.480372e-01 2.514470e-01 2.558957e-01 2.623095e-01 2.703924e-01 2.724001e-01 2.639677e-01 2.510815e-01 2.379968e-01 2.284719e-01 2.254024e-01 2.237309e-01 2.184878e-01 1.982270e-01 1.767912e-01 1.548884e-01 1.450721e-01 1.433619e-01 1.570099e-01 1.897851e-01 2.135057e-01 1.852364e-01 1.156289e-01 6.594745e-02 3.664198e-02 3.062557e-02 3.164932e-02 2.900561e-02 2.557100e-02 1.562166e-02 1.032512e-02 1.075097e-02 9.222123e-03 3.154456e-03 1.745322e-04 1.552122e-06 7.722216e-09 5.742035e-11 4.017842e-12 2.268151e-12 1.554674e-12 7.621293e-14 9.548221e-18 1.600076e-24 1.559977e-33 1.471363e-43 1.401298e-45 1.401298e-45 1.401298e-45 1.401298e-45 1.401298e-45 2.802597e-45 2.802597e-45 2.802597e-45 1.401298e-45 1.401298e-45 1.401298e-45 1.401298e-45 1.401298e-45 1.401298e-45 1.401298e-45 1.401298e-45 1.401298e-45 1.401298e-45 1.401298e-45 0.000000e+00 0.000000e+00 0.000000e+00
4.265904e-38 8.407791e-45 5.605194e-45 3.503246e-44 2.802597e-45 4.203895e-45 1.401298e-44 2.354181e-43 1.373261e-37 1.642186e-29 7.194666e-23 2.174663e-16 1.065498e-10 5.007857e-07 9.552343e-06 6.441082e-05 1.080227e-04 1.723357e-04 4.499714e-05 4.486864e-05 1.717824e-05 3.090647e-05 2.898365e-05 6.607438e-05 1.823437e-04 3.071841e-04 7.217097e-04 4.495007e-04 8.656256e-04 6.087358e-04 1.433625e-03 2.436424e-03 3.312601e-03 6.457071e-03 3.886683e-03 6.783854e-03 5.250171e-03 6.719607e-03 9.533197e-03 7.714347e-03 1.431055e-02 1.075590e-02 1.016079e-02 1.065347e-02 6.642902e-03 1.064692e-02 1.265462e-02 1.859499e-02 3.035534e-02 2.809044e-02 3.739708e-02 4.288196e-02 3.295630e-02 3.807826e-02 3.929517e-02 3.749213e-02 5.951147e-02 6.964092e-02 6.815268e-02 8.215202e-02 7.961834e-02 7.827520e-02 9.839032e-02 1.178153e-01 1.278006e-01 1.539915e-01 1.683629e-01 1.519803e-01 1.573941e-01 1.704021e-01 1.605187e-01 1.629221e-01 1.794488e-01 1.746288e-01 1.662605e-01 1.713238e-01 1.774787e-01 1.793434e-01 1.785331e-01 1.758968e-01 1.750558e-01 1.804322e-01 1.896610e-01 1.972263e-01 2.156913e-01 2.497010e-01 2.706222e-01 2.601590e-01 2.501709e-01 2.699952e-01 3.044831e-01 3.169855e-01 3.034638e-01 2.849999e-01 2.689766e-01 2.559114e-01 2.478006e-01 2.491168e-01 2.524890e-01 2.500755e-01 2.406659e-01 2.193243e-01 2.039403e-01 1.888594e-01 1.681500e-01 1.519071e-01 1.436239e-01 1.536003e-01 1.717655e-01 1.831050e-01 1.938089e-01 2.129675e-01 2.396536e-01 2.501419e-01 2.330272e-01 2.073768e-01 1.978937e-01 2.086640e-01 2.321963e-01 2.583180e-01 2.714298e-01 2.647098e-01 2.426302e-01 2.168135e-01 2.015401e-01 2.007614e-01 2.167234e-01 2.349973e-01 2.359125e-01 2.195303e-01 1.959926e-01 1.782622e-01 1.581482e-01 1.366444e-01 1.104400e-01 9.392682e-02 8.514387e-02 9.562771e-02 1.160195e-01 1.305725e-01 1.204864e-01 7.925803e-02 5.127965e-02 3.821984e-02 4.272526e-02 4.240517e-02 2.854620e-02 1.475760e-02 6.104893e-03 4.687897e-03 5.309427e-03 2.777572e-03 2.290682e-04 7.215739e-07 1.920212e-10 2.855279e-14 8.417133e-18 5.661036e-20 6.751215e-21 3.018175e-21 3.497378e-22 8.294552e-26 1.131328e-32 1.371871e-42 2.802597e-45 1.401298e-45 1.401298e-45 1.401298e-45 1.401298e-45 2.802597e-45 2.802597e-45 2.802597e-45 2.802597e-45 1.401298e-45 1.401298e-45 1.401298e-45 1.401298e-45 1.401298e-45 1.401298e-45 1.401298e-45 1.401298e-45 1.401298e-45 1.401298e-45 1.401298e-45 0.000000e+00
1.401298e-45 2.802597e-45 2.802597e-45 2.802597e-45 2.802597e-45 2.802597e-45 2.802597e-45 7.006492e-45 2.194795e-39 1.494575e-29 3.868949e-20 2.413504e-13 3.707002e-10 5.285191e-09 5.826751e-08 1.446272e-07 5.336457e-07 9.205900e-07 7.603591e-06 1.401594e-05 5.186190e-05 6.299855e-05 3.117395e-04 4.517171e-04 7.945886e-04 7.316059e-04 4.887478e-04 7.424330e-04 6.196512e-04 1.417057e-03 1.134086e-03 2.420111e-03 2.721544e-03 3.161879e-03 4.303782e-03 3.886203e-03 6.828479e-03 6.783144e-03 1.028476e-02 1.352023e-02 1.161242e-02 1.534873e-02 9.949052e-03 9.693597e-03 1.021679e-02 9.198451e-03 1.237023e-02 1.537318e-02 1.979058e-02 3.104244e-02 2.942081e-02 3.222618e-02 4.084821e-02 3.185730e-02 3.888879e-02 4.767802e-02 4.026300e-02 5.534913e-02 5.825774e-02 4.983798e-02 7.130591e-02 8.128993e-02 7.910755e-02 1.151360e-01 1.347812e-01 1.087700e-01 1.097408e-01 1.271976e-01 1.288560e-01 1.541103e-01 2.018889e-01 1.954830e-01 1.787807e-01 1.831038e-01 1.816228e-01 1.842089e-01 1.886102e-01 1.725316e-01 1.504353e-01 1.409739e-01 1.344858e-01 1.287436e-01 1.350235e-01 1.562167e-01 1.799261e-01 1.943826e-01 2.078003e-01 2.289184e-01 2.534990e-01 2.810307e-01 3.031614e-01 3.032297e-01 2.885271e-01 2.740854e-01 2.577904e-01 2.342612e-01 2.115390e-01 2.086274e-01 2.256885e-01 2.457087e-01 2.476118e-01 2.216815e-01 1.944850e-01 1.725425e-01 1.589253e-01 1.583231e-01 1.594584e-01 1.643291e-01 1.713326e-01 1.823118e-01 2.009058e-01 2.160942e-01 2.227923e-01 2.215090e-01 2.199716e-01 2.200933e-01 2.225520e-01 2.219028e-01 2.213649e-01 2.293518e-01 2.488734e-01 2.808949e-01 3.090624e-01 3.092961e-01 2.868187e-01 2.514776e-01 2.235412e-01 2.080265e-01 2.066821e-01 2.106091e-01 2.085567e-01 1.933635e-01 1.812733e-01 1.724126e-01 1.478939e-01 1.114639e-01 7.380243e-02 5.365137e-02 4.810763e-02 6.075280e-02 7.586484e-02 8.584276e-02 7.508493e-02 5.434692e-02 5.553690e-02 6.234483e-02 6.488340e-02 3.369963e-02 6.526726e-03 7.449940e-04 9.017732e-05 3.964490e-05 5.093660e-05 3.454623e-05 1.481397e-06 3.675790e-10 1.521769e-15 8.019743e-22 6.203288e-28 2.858992e-32 6.439465e-35 8.136139e-36 4.125071e-36 3.079924e-38 9.220544e-43 2.802597e-45 2.802597e-45 1.401298e-45 1.401298e-45 1.401298e-45 1.401298e-45 2.802597e-45 1.401298e-45 2.802597e-45 2.802597e-45 1.401298e-45 1.401298e-45 1.401298e-45 1.401298e-45 1.401298e-45 1.401298e-45 1.401298e-45 1.401298e-45 1.401298e-45 0.000000e+00
0.000000e+00 1.401298e-45 1.401298e-45 1.401298e-45 1.401298e-45 2.802597e-45 5.605194e-45 5.093369e-31 1.348723e-18 9.569995e-11 2.979298e-07 5.922463e-07 1.232143e-07 9.949147e-08 3.550592e-08 1.089016e-07 2.784300e-07 1.185164e-06 1.694243e-06 1.889104e-05 5.884215e-05 4.865581e-04 4.821965e-04 1.298084e-03 8.826632e-04 1.525464e-03 1.229728e-03 1.212359e-03 8.818260e-04 4.873175e-04 5.291264e-04 5.134594e-04 9.443307e-04 1.212823e-03 2.400454e-03 4.460059e-03 8.672006e-03 1.478015e-02 1.413698e-02 1.298167e-02 1.037394e-02 8.937960e-03 1.023742e-02 1.116451e-02 1.290140e-02 1.483564e-02 1.523039e-02 1.937424e-02 2.104344e-02 2.298597e-02 3.184550e-02 3.080934e-02 3.221545e-02 4.466784e-02 4.249427e-02 5.175342e-02 5.987310e-02 4.833453e-02 5.828327e-02 6.437289e-02 5.347348e-02 6.970866e-02 8.352859e-02 7.196668e-02 8.832397e-02 1.123689e-01 1.041169e-01 1.190180e-01 1.649274e-01 1.729539e-01 1.683047e-01 1.947059e-01 1.973283e-01 1.738590e-01 1.820283e-01 2.007256e-01 1.972619e-01 1.830045e-01 1.650253e-01 1.494487e-01 1.375577e-01 1.274590e-01 1.269348e-01 1.404086e-01 1.651404e-01 1.975412e-01 2.249638e-01 2.355504e-01 2.429011e-01 2.620096e-01 2.848895e-01 2.953253e-01 2.883403e-01 2.751375e-01 2.621135e-01 2.429215e-01 2.142703e-01 1.958295e-01 1.993717e-01 2.214721e-01 2.431075e-01 2.327753e-01 2.005547e-01 1.632035e-01 1.389026e-01 1.353766e-01 1.394458e-01 1.499289e-01 1.650753e-01 1.860672e-01 2.113478e-01 2.228275e-01 2.156560e-01 2.020243e-01 1.986418e-01 2.085265e-01 2.268541e-01 2.374545e-01 2.323534e-01 2.175823e-01 2.034302e-01 2.032560e-01 2.183575e-01 2.439769e-01 2.663724e-01 2.616675e-01 2.376509e-01 2.052591e-01 1.786839e-01 1.560504e-01 1.399723e-01 1.264013e-01 1.203610e-01 1.228927e-01 1.440894e-01 1.682319e-01 1.672598e-01 1.318815e-01 8.552513e-02 6.060270e-02 5.171749e-02 5.461182e-02 4.471903e-02 3.109072e-02 1.776413e-02 1.109439e-02 1.147527e-02 8.435423e-03 2.461399e-03 1.513151e-04 2.364162e-06 2.622854e-08 6.813527e-10 1.915465e-10 3.788869e-10 5.134183e-10 1.553863e-11 5.027148e-16 3.652427e-23 3.396384e-32 2.844075e-41 1.401298e-45 1.401298e-45 1.401298e-45 1.401298e-45 2.802597e-45 2.802597e-45 2.802597e-45 2.802597e-45 1.401298e-45 1.401298e-45 1.401298e-45 1.401298e-45 1.401298e-45 1.401298e-45 1.401298e-45 1.401298e-45 1.401298e-45 1.401298e-45 1.401298e-45 1.401298e-45 1.401298e-45 1.401298e-45 0.000000e+00 0.000000e+00
1.401298e-45 1.401298e-45 2.802597e-45 7.891398e-40 1.093624e-39 2.095464e-34 3.783372e-23 1.017835e-11 1.532670e-06 8.260288e-07 1.098000e-08 9.091401e-11 9.145296e-11 4.022394e-10 1.309418e-08 2.184036e-07 2.526909e-06 1.008669e-05 4.667152e-05 9.155522e-05 2.897546e-04 6.390171e-04 1.525415e-03 1.024753e-03 1.494672e-03 8.484090e-04 1.264686e-03 5.606572e-04 5.397630e-04 3.240508e-04 3.148398e-04 3.427629e-04 3.900428e-04 9.459131e-04 1.767399e-03 4.002901e-03 6.592938e-03 6.740932e-03 9.343103e-03 7.602950e-03 8.586168e-03 1.019344e-02 8.708407e-03 1.323997e-02 1.471214e-02 1.520245e-02 2.293922e-02 2.140343e-02 2.835430e-02 3.216717e-02 2.634230e-02 3.717557e-02 3.755829e-02 3.810379e-02 4.750612e-02 4.435525e-02 4.961347e-02 6.121754e-02 6.176919e-02 6.828342e-02 7.582407e-02 5.917881e-02 5.091472e-02 6.159827e-02 6.594171e-02 6.899968e-02 9.098359e-02 1.130820e-01 1.234403e-01 1.642906e-01 2.007420e-01 1.803343e-01 1.759390e-01 1.940782e-01 1.851452e-01 1.742938e-01 1.952841e-01 2.028626e-01 1.700241e-01 1.480720e-01 1.409739e-01 1.286162e-01 1.220630e-01 1.346543e-01 1.537624e-01 1.623036e-01 1.709528e-01 1.856825e-01 1.955321e-01 2.057772e-01 2.328208e-01 2.690210e-01 2.842778e-01 2.769030e-01 2.663958e-01 2.528131e-01 2.284006e-01 2.057310e-01 1.936246e-01 1.901219e-01 1.905646e-01 1.883052e-01 1.938277e-01 1.973763e-01 1.857984e-01 1.653912e-01 1.459474e-01 1.500918e-01 1.778629e-01 2.139465e-01 2.402001e-01 2.433039e-01 2.360919e-01 2.285026e-01 2.183578e-01 2.029612e-01 1.928903e-01 1.960362e-01 2.169823e-01 2.444586e-01 2.481506e-01 2.230030e-01 1.895055e-01 1.738825e-01 1.845113e-01 2.150603e-01 2.505629e-01 2.652333e-01 2.565458e-01 2.356191e-01 2.136238e-01 1.776825e-01 1.403268e-01 1.109820e-01 9.846104e-02 9.555947e-02 1.145738e-01 1.363371e-01 1.304618e-01 9.671320e-02 6.675227e-02 5.424013e-02 5.680851e-02 6.744368e-02 4.547413e-02 2.491545e-02 1.204383e-02 7.211899e-03 7.429810e-03 2.836705e-03 1.360216e-04 4.127808e-07 1.734065e-10 8.446924e-14 2.459940e-16 1.848928e-17 3.192028e-17 9.634853e-17 6.555106e-18 1.707210e-22 6.657617e-31 4.863907e-42 1.401298e-45 1.401298e-45 1.401298e-45 1.401298e-45 2.802597e-45 2.802597e-45 2.802597e-45 2.802597e-45 2.802597e-45 1.401298e-45 1.401298e-45 1.401298e-45 2.802597e-45 2.802597e-45 2.802597e-45 1.401298e-45 1.401298e-45 1.401298e-45 1.401298e-45 1.401298e-45 1.401298e-45 1.401298e-45 0.000000e+00
0.000000e+00 4.203895e-45 9.238342e-27 6.213316e-19 2.389122e-08 3.256561e-04 8.913554e-07 3.463182e-10 5.363682e-14 8.648328e-16 6.596434e-17 7.353564e-17 3.654267e-15 8.787901e-12 9.888961e-10 2.798952e-08 5.524309e-07 7.708069e-06 4.636583e-05 1.411705e-04 8.833113e-04 1.846429e-03 4.686835e-03 4.108940e-03 2.350468e-03 1.138974e-03 3.279735e-04 6.530023e-04 3.758066e-04 8.448838e-04 9.634590e-04 1.555036e-03 2.827501e-03 1.972181e-03 2.373815e-03 1.823779e-03 1.737001e-03 3.496023e-03 2.631801e-03 7.263463e-03 7.479835e-03 8.494138e-03 1.805341e-02 1.084206e-02 1.611369e-02 1.755045e-02 1.284959e-02 2.543449e-02 2.326252e-02 2.752555e-02 4.515188e-02 3.623492e-02 4.307713e-02 4.916434e-02 3.836151e-02 4.490114e-02 5.509954e-02 5.861962e-02 7.673671e-02 8.140302e-02 6.370824e-02 6.069633e-02 5.718498e-02 4.972801e-02 5.859844e-02 7.020325e-02 6.867782e-02 7.872833e-02 9.922686e-02 1.082475e-01 1.286936e-01 1.639761e-01 1.570892e-01 1.426631e-01 1.630619e-01 1.780110e-01 1.728341e-01 1.791741e-01 1.792156e-01 1.549001e-01 1.429721e-01 1.500196e-01 1.428270e-01 1.287258e-01 1.402172e-01 1.665165e-01 1.694817e-01 1.609585e-01 1.797421e-01 2.218685e-01 2.459397e-01 2.459097e-01 2.523699e-01 2.672340e-01 2.621906e-01 2.350079e-01 2.091037e-01 1.971124e-01 1.915163e-01 1.901700e-01 1.964043e-01 1.976841e-01 1.913643e-01 1.764697e-01 1.656803e-01 1.666647e-01 1.629497e-01 1.577340e-01 1.579928e-01 1.697092e-01 1.956188e-01 2.175273e-01 2.225829e-01 2.123049e-01 2.014689e-01 1.982034e-01 2.065559e-01 2.196350e-01 2.356701e-01 2.591735e-01 2.944654e-01 3.434586e-01 3.665432e-01 3.325606e-01 2.659299e-01 2.068862e-01 1.735060e-01 1.671547e-01 1.800417e-01 2.044079e-01 2.310382e-01 2.499257e-01 2.487310e-01 2.099619e-01 1.539122e-01 1.074561e-01 8.780442e-02 8.515286e-02 9.937965e-02 9.615122e-02 6.910764e-02 4.295086e-02 3.201947e-02 2.931318e-02 2.970014e-02 2.265656e-02 7.304561e-03 1.899556e-03 4.735304e-04 2.464752e-04 2.673117e-04 5.559310e-05 5.287635e-07 5.661520e-11 3.001844e-16 1.717518e-21 9.428325e-26 3.938638e-28 1.320552e-28 3.135117e-28 1.715358e-28 1.330141e-31 2.280814e-38 2.802597e-45 2.802597e-45 1.401298e-45 1.401298e-45 1.401298e-45 2.802597e-45 2.802597e-45 2.802597e-45 2.802597e-45 2.802597e-45 1.401298e-45 1.401298e-45 1.401298e-45 1.401298e-45 1.401298e-45 1.401298e-45 1.401298e-45 1.401298e-45 1.401298e-45 1.401298e-45 1.401298e-45 0.000000e+00
1.401298e-45 1.038427e-39 1.377846e-29 2.424299e-14 5.145701e-13 1.652859e-12 2.158494e-13 6.320235e-19 1.186792e-21 2.318991e-23 4.951962e-23 3.885319e-20 1.129497e-16 4.055014e-14 1.434085e-11 3.579951e-09 9.780636e-08 1.808325e-06 1.942355e-05 4.130763e-04 1.245032e-03 2.771294e-03 1.410756e-03 9.693012e-04 7.504979e-04 6.939810e-04 1.361688e-03 9.678190e-04 2.899268e-03 2.205551e-03 4.238194e-03 4.652796e-03 2.826675e-03 3.772625e-03 1.004592e-03 1.331698e-03 9.027856e-04 9.471319e-04 2.452025e-03 2.043612e-03 6.806605e-03 9.125378e-03 1.063214e-02 2.218278e-02 1.638036e-02 1.936822e-02 2.228796e-02 1.676469e-02 2.441554e-02 2.953514e-02 3.208230e-02 5.301061e-02 5.285128e-02 5.086951e-02 6.132668e-02 5.595263e-02 5.906731e-02 7.720067e-02 6.762486e-02 6.269567e-02 7.451198e-02 7.079528e-02 6.811702e-02 7.844175e-02 7.767101e-02 7.070267e-02 7.345831e-02 7.374297e-02 7.633498e-02 9.410985e-02 1.075815e-01 1.126966e-01 1.317990e-01 1.479530e-01 1.449930e-01 1.509441e-01 1.701003e-01 1.747193e-01 1.668598e-01 1.625078e-01 1.568412e-01 1.483924e-01 1.462057e-01 1.451617e-01 1.412957e-01 1.448795e-01 1.598846e-01 1.705409e-01 1.703052e-01 1.812711e-01 2.167945e-01 2.520002e-01 2.481523e-01 2.259408e-01 2.186949e-01 2.215839e-01 2.100123e-01 1.893818e-01 1.791932e-01 1.862404e-01 1.991913e-01 1.983172e-01 1.937277e-01 1.864759e-01 1.757573e-01 1.666796e-01 1.572574e-01 1.603671e-01 1.734692e-01 1.859643e-01 1.977676e-01 2.040355e-01 2.037464e-01 1.941129e-01 1.842778e-01 1.779842e-01 1.787939e-01 1.820835e-01 1.889333e-01 1.997970e-01 2.151815e-01 2.424549e-01 2.810026e-01 3.148628e-01 3.059475e-01 2.481346e-01 1.834773e-01 1.367743e-01 1.089756e-01 9.638713e-02 9.420063e-02 1.034309e-01 1.246336e-01 1.556276e-01 1.848556e-01 1.808897e-01 1.414283e-01 1.040662e-01 9.479081e-02 9.890052e-02 9.772854e-02 6.715926e-02 3.303767e-02 1.544388e-02 1.178729e-02 9.773317e-03 5.503863e-03 1.523747e-03 1.460591e-04 1.406054e-05 2.015758e-06 9.694714e-07 8.091098e-07 5.464267e-08 4.655900e-11 1.128357e-16 3.269152e-24 4.078608e-32 5.335699e-39 1.891753e-43 7.006492e-45 1.681558e-44 1.597480e-43 5.605194e-45 2.802597e-45 2.802597e-45 2.802597e-45 1.401298e-45 1.401298e-45 1.401298e-45 1.401298e-45 1.401298e-45 1.401298e-45 1.401298e-45 1.401298e-45 1.401298e-45 1.401298e-45 1.401298e-45 1.401298e-45 1.401298e-45 1.401298e-45 1.401298e-45 1.401298e-45 1.401298e-45 0.000000e+00
4.203895e-45 2.583299e-17 3.347450e-14 7.432769e-32 2.536595e-30 1.113723e-30 1.469150e-30 2.943659e-26 6.924511e-24 5.440714e-23 9.068204e-22 6.423029e-19 7.777553e-16 3.759436e-12 7.454568e-09 1.789790e-06 7.216663e-05 1.601458e-04 3.083757e-04 9.053581e-05 7.936622e-05 1.998440e-05 2.051740e-05 2.817953e-05 1.249955e-04 4.921342e-04 1.184881e-03 4.291090e-03 4.079842e-03 7.625655e-03 3.026073e-03 2.984568e-03 1.917904e-03 1.311428e-03 2.374858e-03 1.258475e-03 2.833536e-03 2.028428e-03 2.180872e-03 2.887485e-03 2.756402e-03 5.777660e-03 7.407099e-03 1.139577e-02 1.870414e-02 1.764114e-02 2.008543e-02 2.111438e-02 2.190959e-02 2.852272e-02 3.514778e-02 4.115612e-02 4.522993e-02 4.570315e-02 5.183688e-02 6.746445e-02 7.021040e-02 6.772194e-02 6.982557e-02 6.317799e-02 5.166592e-02 5.375226e-02 6.489675e-02 6.899337e-02 7.852729e-02 8.305284e-02 6.767323e-02 5.736452e-02 5.870436e-02 6.333786e-02 7.328738e-02 8.796141e-02 9.142929e-02 9.491018e-02 1.136067e-01 1.330907e-01 1.441584e-01 1.643674e-01 1.794159e-01 1.714447e-01 1.710354e-01 1.739434e-01 1.520997e-01 1.320140e-01 1.313709e-01 1.274738e-01 1.122383e-01 1.083638e-01 1.227971e-01 1.385199e-01 1.465609e-01 1.666123e-01 2.005433e-01 2.153308e-01 1.947845e-01 1.698804e-01 1.618694e-01 1.704265e-01 1.836561e-01 1.972843e-01 2.087348e-01 2.019828e-01 1.849731e-01 1.660624e-01 1.537194e-01 1.501652e-01 1.434672e-01 1.437179e-01 1.556718e-01 1.756509e-01 1.995469e-01 2.136631e-01 2.145459e-01 2.019037e-01 1.853498e-01 1.723609e-01 1.733869e-01 1.855119e-01 2.005141e-01 2.057865e-01 2.003033e-01 1.957987e-01 2.023383e-01 2.284425e-01 2.742703e-01 3.143166e-01 3.111784e-01 2.633902e-01 2.070551e-01 1.641906e-01 1.331671e-01 1.109148e-01 9.454078e-02 9.113509e-02 1.065091e-01 1.364064e-01 1.556377e-01 1.384671e-01 1.060058e-01 9.042440e-02 1.046231e-01 1.220059e-01 9.915553e-02 5.106342e-02 1.767729e-02 6.600856e-03 5.079576e-03 2.976375e-03 4.901331e-04 1.261268e-05 5.755794e-08 4.323641e-10 8.428905e-12 1.374901e-12 7.404616e-13 4.554581e-14 1.683793e-17 3.475003e-24 9.373414e-34 4.484155e-44 1.401298e-45 1.401298e-45 1.401298e-45 1.401298e-45 2.802597e-45 2.802597e-45 2.802597e-45 2.802597e-45 1.401298e-45 1.401298e-45 1.401298e-45 1.401298e-45 2.802597e-45 2.802597e-45 2.802597e-45 2.802597e-45 1.401298e-45 1.401298e-45 1.401298e-45 1.401298e-45 1.401298e-45 1.401298e-45 1.401298e-45 1.401298e-45 1.401298e-45
8.702696e-36 3.378613e-31 7.529903e-13 5.507386e-09 3.617305e-20 4.554956e-26 4.610273e-27 2.032561e-27 2.136268e-27 8.675461e-28 2.193822e-26 1.885728e-22 5.033198e-17 1.670003e-11 2.044328e-07 3.064284e-05 3.084776e-04 6.312127e-04 2.734455e-04 1.179071e-04 3.773344e-05 3.146274e-05 1.916499e-05 5.674292e-05 1.591658e-04 8.226976e-04 1.289116e-03 1.445808e-03 1.722249e-03 1.198637e-03 2.017624e-03 1.527163e-03 3.260993e-03 2.403212e-03 4.374777e-03 4.100864e-03 3.779928e-03 5.517559e-03 3.805856e-03 4.436910e-03 3.924288e-03 3.646463e-03 5.582239e-03 5.932711e-03 6.839106e-03 9.892403e-03 1.138445e-02 1.804867e-02 2.348073e-02 2.996793e-02 3.389656e-02 3.086637e-02 3.401864e-02 3.774334e-02 3.943977e-02 5.201751e-02 6.593684e-02 7.217366e-02 7.723388e-02 7.456446e-02 6.970692e-02 6.745370e-02 6.992567e-02 7.704866e-02 8.305430e-02 8.653835e-02 8.204122e-02 6.897233e-02 6.011371e-02 5.807686e-02 5.398459e-02 5.305288e-02 6.360888e-02 7.369472e-02 8.093930e-02 1.048282e-01 1.390228e-01 1.600318e-01 1.787653e-01 1.926285e-01 1.817750e-01 1.691133e-01 1.618102e-01 1.369199e-01 1.121018e-01 1.064790e-01 1.033890e-01 9.013948e-02 8.641657e-02 1.068634e-01 1.367802e-01 1.456584e-01 1.448471e-01 1.636355e-01 1.946941e-01 2.009996e-01 1.781470e-01 1.644523e-01 1.744591e-01 1.995573e-01 2.220189e-01 2.222898e-01 2.117333e-01 1.939135e-01 1.785914e-01 1.779016e-01 1.789550e-01 1.788034e-01 1.769589e-01 1.847787e-01 2.163564e-01 2.567169e-01 2.723993e-01 2.490732e-01 2.175950e-01 1.978237e-01 1.961727e-01 2.043032e-01 2.155204e-01 2.215547e-01 2.184766e-01 2.110237e-01 2.042271e-01 1.996230e-01 1.964856e-01 1.915404e-01 1.816028e-01 1.697260e-01 1.585491e-01 1.464330e-01 1.301709e-01 1.127032e-01 9.252456e-02 7.900282e-02 7.524872e-02 8.670018e-02 1.169891e-01 1.466875e-01 1.403027e-01 1.089190e-01 8.690352e-02 7.727020e-02 7.626889e-02 5.081595e-02 1.485698e-02 2.520551e-03 3.781533e-04 1.122222e-04 9.219464e-05 3.397671e-05 9.609188e-07 8.861238e-10 6.427472e-14 1.008305e-17 9.733387e-21 2.643572e-22 7.392239e-23 1.078276e-23 2.613138e-26 4.059569e-32 4.281667e-41 2.802597e-45 1.401298e-45 1.401298e-45 1.401298e-45 1.401298e-45 2.802597e-45 2.802597e-45 2.802597e-45 2.802597e-45 1.401298e-45 1.401298e-45 1.401298e-45 1.401298e-45 1.401298e-45 1.401298e-45 1.401298e-45 1.401298e-45 1.401298e-45 1.401298e-45 1.401298e-45 1.401298e-45 1.401298e-45 1.401298e-45 0.000000e+00
5.605194e-45 4.203895e-45 2.802597e-45 2.802597e-45 1.401298e-45 2.802597e-45 2.802597e-45 2.802597e-45 4.203895e-45 8.671235e-42 1.567316e-33 2.567912e-25 1.051655e-17 4.678638e-12 2.079672e-09 9.470293e-08 8.385134e-07 6.439626e-06 6.247892e-06 1.056757e-05 7.744489e-06 1.489995e-05 2.803254e-05 4.981393e-05 1.492195e-04 2.311188e-04 5.221263e-04 4.541106e-04 6.605146e-04 6.713786e-04 1.306408e-03 2.488452e-03 3.016448e-03 5.160323e-03 2.991300e-03 5.074515e-03 3.821231e-03 5.971555e-03 6.320294e-03 7.286771e-03 8.964251e-03 7.424646e-03 6.218702e-03 3.963957e-03 3.345551e-03 3.413604e-03 5.015384e-03 9.450486e-03 1.295934e-02 1.681588e-02 2.332000e-02 2.811057e-02 2.829950e-02 3.054421e-02 3.221634e-02 3.566314e-02 5.070381e-02 6.672142e-02 7.351729e-02 7.827831e-02 7.814982e-02 7.594566e-02 7.601515e-02 8.614363e-02 9.338757e-02 8.283494e-02 7.488231e-02 6.339341e-02 4.769425e-02 4.424604e-02 4.788179e-02 4.158681e-02 3.808751e-02 5.045344e-02 6.494954e-02 7.082094e-02 9.729667e-02 1.582501e-01 1.948505e-01 1.888108e-01 2.026342e-01 2.211456e-01 1.866487e-01 1.384097e-01 1.145041e-01 1.038208e-01 9.593946e-02 9.054550e-02 8.613808e-02 8.640798e-02 1.001453e-01 1.269791e-01 1.469963e-01 1.481436e-01 1.488660e-01 1.623095e-01 1.755341e-01 1.755981e-01 1.689676e-01 1.741621e-01 1.928826e-01 1.987822e-01 1.908247e-01 1.768624e-01 1.659014e-01 1.607673e-01 1.508041e-01 1.456042e-01 1.474678e-01 1.538884e-01 1.667455e-01 1.834969e-01 2.008443e-01 2.072598e-01 1.959808e-01 1.678198e-01 1.417623e-01 1.293226e-01 1.367679e-01 1.622787e-01 1.911008e-01 2.016166e-01 1.867669e-01 1.602510e-01 1.406706e-01 1.342651e-01 1.355878e-01 1.384829e-01 1.373113e-01 1.344099e-01 1.296011e-01 1.227118e-01 1.064044e-01 8.562960e-02 6.563483e-02 5.934697e-02 6.705585e-02 9.434388e-02 1.348100e-01 1.477425e-01 1.153905e-01 8.693011e-02 9.065849e-02 1.011930e-01 7.408982e-02 1.741989e-02 1.305283e-03 6.645791e-05 5.484961e-06 1.767024e-06 1.649162e-06 2.942655e-07 1.702151e-09 5.400166e-14 4.258582e-20 3.026061e-26 1.543481e-31 1.299319e-34 9.605858e-36 3.135462e-36 3.067332e-37 4.257845e-41 2.802597e-45 2.802597e-45 1.401298e-45 1.401298e-45 1.401298e-45 1.401298e-45 2.802597e-45 2.802597e-45 2.802597e-45 2.802597e-45 2.802597e-45 1.401298e-45 1.401298e-45 1.401298e-45 1.401298e-45 1.401298e-45 1.401298e-45 1.401298e-45 1.401298e-45 1.401298e-45 1.401298e-45 0.000000e+00 0.000000e+00
1.401298e-45 1.401298e-45 1.401298e-45 1.401298e-45 1.401298e-45 1.401298e-45 2.802597e-45 4.203895e-45 7.006492e-45 1.232895e-38 1.977659e-26 8.684857e-18 7.006739e-14 1.086068e-12 7.820677e-12 2.338879e-11 5.953361e-10 1.346061e-08 6.859891e-07 2.745753e-06 8.690234e-06 1.697007e-05 7.889595e-05 2.600350e-04 3.753907e-04 4.363984e-04 2.724231e-04 3.185108e-04 3.962620e-04 6.363590e-04 8.201491e-04 1.465172e-03 1.904320e-03 2.601695e-03 2.810227e-03 4.209203e-03 5.681775e-03 7.932498e-03 1.220184e-02 1.064256e-02 1.092932e-02 7.766312e-03 4.879441e-03 4.709764e-03 3.609790e-03 4.292618e-03 5.539497e-03 6.830859e-03 1.095076e-02 1.521322e-02 1.530597e-02 1.868285e-02 2.219572e-02 2.200933e-02 2.921929e-02 3.686655e-02 3.584329e-02 4.920756e-02 6.157499e-02 6.140924e-02 7.542415e-02 8.880164e-02 9.673453e-02 1.107838e-01 1.093690e-01 8.705776e-02 6.361536e-02 5.247150e-02 4.923934e-02 4.392705e-02 4.104121e-02 4.350965e-02 4.308891e-02 3.980039e-02 4.665000e-02 6.639677e-02 7.953691e-02 8.935723e-02 1.238689e-01 1.627177e-01 1.592602e-01 1.589442e-01 1.845876e-01 1.758271e-01 1.286798e-01 9.833565e-02 8.482330e-02 7.311064e-02 6.648830e-02 7.004315e-02 7.714006e-02 8.281112e-02 9.493580e-02 1.177732e-01 1.393649e-01 1.488779e-01 1.542769e-01 1.712712e-01 1.941015e-01 2.076612e-01 2.120054e-01 2.099260e-01 2.114209e-01 2.043007e-01 1.898184e-01 1.841821e-01 1.802269e-01 1.781645e-01 1.730473e-01 1.680311e-01 1.739498e-01 1.866508e-01 2.001716e-01 2.032334e-01 1.948650e-01 1.764725e-01 1.581352e-01 1.418686e-01 1.350771e-01 1.398252e-01 1.550136e-01 1.771378e-01 1.960888e-01 1.967537e-01 1.808023e-01 1.563398e-01 1.348515e-01 1.220187e-01 1.158689e-01 1.181233e-01 1.242691e-01 1.297229e-01 1.341516e-01 1.331460e-01 1.075929e-01 7.739257e-02 5.760981e-02 5.490669e-02 6.350538e-02 7.903107e-02 7.117855e-02 4.194237e-02 2.056720e-02 1.222080e-02 1.234298e-02 9.092838e-03 1.381269e-03 2.790541e-05 1.472169e-07 7.311092e-10 1.889097e-11 5.038722e-12 7.560513e-12 2.264493e-12 6.780049e-15 1.244060e-20 1.497279e-28 1.632214e-37 2.802597e-45 1.401298e-45 1.401298e-45 1.401298e-45 2.802597e-45 2.802597e-45 2.802597e-45 2.802597e-45 2.802597e-45 1.401298e-45 1.401298e-45 2.802597e-45 2.802597e-45 2.802597e-45 2.802597e-45 2.802597e-45 1.401298e-45 1.401298e-45 1.401298e-45 1.401298e-45 1.401298e-45 1.401298e-45 1.401298e-45 1.401298e-45 1.401298e-45 1.401298e-45 0.000000e+00
0.000000e+00 0.000000e+00 1.401298e-45 1.401298e-45 1.401298e-45 1.401298e-45 2.802597e-45 4.346565e-38 5.451952e-23 6.272069e-13 1.299605e-08 3.724755e-09 1.341507e-11 2.087905e-13 9.783115e-15 1.395145e-13 1.896594e-11 2.571097e-09 4.567526e-08 1.366556e-06 1.596877e-05 8.284212e-05 2.713391e-04 2.951247e-04 7.677738e-04 7.575941e-04 9.638544e-04 7.655353e-04 3.866666e-04 2.723268e-04 1.534169e-04 2.969016e-04 3.611575e-04 9.143753e-04 1.860173e-03 4.139077e-03 1.249563e-02 1.349642e-02 1.918525e-02 1.049856e-02 7.362770e-03 5.472356e-03 4.788368e-03 6.031125e-03 5.851656e-03 7.216315e-03 7.612870e-03 8.789113e-03 1.001506e-02 9.657863e-03 1.360753e-02 1.339604e-02 1.301925e-02 2.239014e-02 2.366012e-02 3.081723e-02 4.835109e-02 4.009490e-02 4.743000e-02 6.507886e-02 5.750272e-02 7.629684e-02 1.057349e-01 9.561440e-02 1.037932e-01 1.070474e-01 8.162248e-02 6.997649e-02 6.632183e-02 5.847281e-02 5.350033e-02 4.760532e-02 4.131188e-02 4.179876e-02 4.479351e-02 4.744315e-02 5.744949e-02 7.196742e-02 7.917073e-02 9.046316e-02 1.226248e-01 1.644435e-01 1.873011e-01 1.996465e-01 2.049942e-01 1.772104e-01 1.346273e-01 1.038578e-01 8.290878e-02 7.013468e-02 6.825414e-02 7.531007e-02 8.387829e-02 9.306011e-02 1.111360e-01 1.417928e-01 1.725282e-01 1.946286e-01 2.137332e-01 2.456729e-01 2.869635e-01 2.938413e-01 2.652124e-01 2.231014e-01 1.909405e-01 1.769797e-01 1.668362e-01 1.630425e-01 1.617598e-01 1.599035e-01 1.615203e-01 1.603338e-01 1.553494e-01 1.471979e-01 1.456834e-01 1.522934e-01 1.651301e-01 1.672397e-01 1.552624e-01 1.371983e-01 1.241221e-01 1.198134e-01 1.221643e-01 1.252621e-01 1.276916e-01 1.237738e-01 1.133271e-01 9.750394e-02 8.144803e-02 6.623188e-02 5.521293e-02 4.984939e-02 5.023022e-02 5.527953e-02 6.621378e-02 7.543769e-02 6.894406e-02 5.857411e-02 5.227862e-02 5.438095e-02 5.710054e-02 4.621452e-02 1.709818e-02 4.245283e-03 1.135349e-03 4.198186e-04 2.752950e-04 5.015908e-05 3.929219e-07 1.809424e-10 1.490475e-14 3.325428e-18 2.463112e-20 6.294408e-21 3.750156e-20 8.490982e-20 4.592715e-22 2.042586e-28 6.388975e-38 2.802597e-45 1.401298e-45 1.401298e-45 1.401298e-45 2.802597e-45 2.802597e-45 2.802597e-45 2.802597e-45 2.802597e-45 1.401298e-45 1.401298e-45 1.401298e-45 1.401298e-45 1.401298e-45 2.802597e-45 2.802597e-45 2.802597e-45 1.401298e-45 1.401298e-45 1.401298e-45 1.401298e-45 1.401298e-45 1.401298e-45 1.401298e-45 1.401298e-45 1.401298e-45
1.401298e-45 1.401298e-45 1.401298e-45 2.802597e-45 4.203895e-45 7.002288e-41 6.710311e-28 5.023292e-15 1.133559e-08 4.061578e-09 1.141994e-12 4.909204e-17 2.766334e-19 6.190518e-20 5.796326e-18 8.196330e-15 3.166226e-11 1.142040e-08 1.590589e-06 1.116293e-05 5.773391e-05 1.721249e-04 4.231928e-04 7.858755e-04 5.532582e-04 1.117034e-03 3.524417e-04 3.612219e-04 1.134969e-04 1.221859e-04 1.270116e-04 1.258155e-04 3.135414e-04 5.025807e-04 2.463733e-03 3.997697e-03 8.229670e-03 9.307733e-03 7.194584e-03 1.009891e-02 5.676874e-03 7.952729e-03 6.008191e-03 6.483980e-03 1.028906e-02 7.121275e-03 1.190648e-02 1.141780e-02 1.140956e-02 1.624577e-02 1.056654e-02 1.387379e-02 1.688612e-02 1.369636e-02 2.183113e-02 2.527388e-02 2.687186e-02 4.593026e-02 4.759521e-02 4.867674e-02 7.402794e-02 6.717272e-02 6.359518e-02 9.097163e-02 9.063384e-02 8.593768e-02 9.891549e-02 9.657604e-02 8.630783e-02 8.468123e-02 7.970195e-02 6.675749e-02 5.574620e-02 4.838517e-02 4.431291e-02 4.084127e-02 3.737050e-02 4.047658e-02 5.029380e-02 5.717782e-02 6.758970e-02 1.043236e-01 1.620797e-01 1.900855e-01 1.939688e-01 1.969526e-01 1.772595e-01 1.367214e-01 1.058595e-01 9.011503e-02 8.014312e-02 7.477877e-02 7.638187e-02 8.421441e-02 9.572957e-02 1.121576e-01 1.380599e-01 1.814107e-01 2.352958e-01 2.795683e-01 3.041264e-01 3.040362e-01 2.951108e-01 2.670295e-01 2.230943e-01 1.859065e-01 1.597667e-01 1.545165e-01 1.600123e-01 1.615206e-01 1.604577e-01 1.594297e-01 1.632006e-01 1.634584e-01 1.552899e-01 1.398491e-01 1.337253e-01 1.406763e-01 1.610434e-01 1.787103e-01 1.716273e-01 1.421176e-01 1.138860e-01 9.866872e-02 9.771084e-02 1.037139e-01 1.134801e-01 1.188324e-01 1.162209e-01 1.047647e-01 8.918191e-02 6.732374e-02 4.848588e-02 3.779014e-02 3.670504e-02 4.229862e-02 5.609908e-02 6.612952e-02 6.041406e-02 5.632228e-02 6.506459e-02 7.996124e-02 7.117577e-02 3.057104e-02 3.966746e-03 4.074900e-04 5.910030e-05 1.891032e-05 9.970317e-06 4.985455e-07 3.015467e-10 3.450343e-15 2.409845e-21 1.240358e-26 6.501693e-30 8.577726e-31 1.061502e-29 8.927545e-29 1.785627e-30 1.488452e-35 2.382207e-44 2.802597e-45 1.401298e-45 1.401298e-45 1.401298e-45 1.401298e-45 2.802597e-45 2.802597e-45 2.802597e-45 2.802597e-45 1.401298e-45 1.401298e-45 1.401298e-45 1.401298e-45 2.802597e-45 2.802597e-45 2.802597e-45 2.802597e-45 1.401298e-45 1.401298e-45 1.401298e-45 1.401298e-45 1.401298e-45 1.401298e-45 0.000000e+00
0.000000e+00 1.401298e-45 5.929023e-37 3.213643e-24 1.272554e-08 9.584637e-04 5.227847e-07 1.056678e-12 2.629987e-18 3.975858e-22 1.790009e-24 5.315962e-26 7.111755e-25 8.642254e-21 1.742630e-17 3.834080e-14 5.017005e-11 5.504078e-08 1.899836e-06 4.500438e-05 2.108998e-04 1.238341e-03 2.032487e-03 3.068410e-03 1.784529e-03 4.210637e-04 2.074573e-04 9.784169e-05 1.978201e-04 1.717010e-04 5.501384e-04 7.624655e-04 1.707412e-03 1.909242e-03 1.466850e-03 1.732668e-03 1.377994e-03 2.903854e-03 3.614952e-03 6.464726e-03 1.095434e-02 8.088650e-03 1.551942e-02 9.986108e-03 9.772590e-03 1.289607e-02 7.964789e-03 1.355816e-02 1.451443e-02 1.431965e-02 2.410340e-02 1.742629e-02 1.780653e-02 2.178811e-02 1.578128e-02 1.992951e-02 2.766173e-02 3.040915e-02 4.859053e-02 6.279594e-02 5.441486e-02 6.054381e-02 6.175030e-02 5.422381e-02 6.556315e-02 8.084159e-02 7.805881e-02 7.779463e-02 8.317767e-02 8.064096e-02 7.430132e-02 6.799772e-02 5.556590e-02 4.224960e-02 3.392847e-02 3.023165e-02 2.896055e-02 2.746534e-02 2.882927e-02 3.680023e-02 4.835035e-02 6.325287e-02 9.443833e-02 1.407504e-01 1.747514e-01 1.934445e-01 2.044006e-01 1.912253e-01 1.565818e-01 1.289700e-01 1.177929e-01 1.140856e-01 1.102715e-01 1.102116e-01 1.135630e-01 1.166285e-01 1.230904e-01 1.494341e-01 2.080710e-01 2.981288e-01 3.849652e-01 3.983265e-01 3.526666e-01 2.881747e-01 2.326464e-01 1.947291e-01 1.602809e-01 1.373429e-01 1.236705e-01 1.181748e-01 1.253239e-01 1.406455e-01 1.572353e-01 1.632797e-01 1.587064e-01 1.456935e-01 1.351862e-01 1.301037e-01 1.375836e-01 1.591113e-01 1.920947e-01 2.239221e-01 2.277017e-01 1.940765e-01 1.494239e-01 1.137191e-01 9.379657e-02 8.673129e-02 9.278139e-02 1.083475e-01 1.262098e-01 1.341361e-01 1.264055e-01 9.616067e-02 6.427797e-02 4.818261e-02 4.802256e-02 5.069816e-02 5.098487e-02 3.736989e-02 2.126298e-02 1.458157e-02 1.317115e-02 7.973001e-03 2.077902e-03 1.658670e-04 4.373810e-06 1.903720e-07 1.896114e-08 9.290032e-09 5.303379e-09 8.571055e-11 5.881625e-15 1.828431e-21 1.534787e-29 1.621330e-36 1.636016e-41 3.054831e-43 1.781050e-42 3.431079e-41 1.350712e-41 5.605194e-45 2.802597e-45 2.802597e-45 1.401298e-45 1.401298e-45 1.401298e-45 1.401298e-45 2.802597e-45 2.802597e-45 2.802597e-45 1.401298e-45 1.401298e-45 1.401298e-45 1.401298e-45 1.401298e-45 1.401298e-45 1.401298e-45 1.401298e-45 1.401298e-45 1.401298e-45 1.401298e-45 1.401298e-45 1.401298e-45 0.000000e+00
1.401298e-45 2.802597e-45 1.522813e-35 3.897295e-16 1.497721e-14 6.695848e-13 1.610123e-14 1.838448e-21 2.791528e-26 1.580843e-28 2.414756e-29 9.889441e-27 6.309737e-24 3.676382e-21 9.507755e-18 6.117479e-14 9.328559e-11 1.852481e-08 1.696652e-06 3.391687e-05 4.007964e-04 6.485948e-04 8.716159e-04 3.624458e-04 3.818571e-04 2.860253e-04 3.914705e-04 4.910314e-04 7.680277e-04 1.350363e-03 1.750894e-03 2.621689e-03 2.075121e-03 1.529587e-03 7.827698e-04 5.505142e-04 5.680934e-04 6.335423e-04 1.242666e-03 2.220697e-03 4.244003e-03 9.964586e-03 1.029617e-02 1.610061e-02 1.585555e-02 1.214753e-02 1.580851e-02 1.196154e-02 1.534699e-02 1.953748e-02 1.768127e-02 2.609997e-02 2.402587e-02 2.151200e-02 2.691888e-02 2.279547e-02 2.587852e-02 3.593167e-02 3.294266e-02 3.815443e-02 4.972723e-02 4.738765e-02 5.174819e-02 6.252631e-02 6.084185e-02 6.623447e-02 7.914068e-02 8.016101e-02 7.780838e-02 7.728291e-02 7.298446e-02 6.657697e-02 5.681604e-02 4.704700e-02 3.981153e-02 3.123631e-02 2.515368e-02 2.582759e-02 2.909133e-02 2.932224e-02 3.199427e-02 4.526717e-02 6.764883e-02 9.026551e-02 1.251335e-01 1.826380e-01 2.268561e-01 2.307751e-01 2.186851e-01 2.045257e-01 1.862069e-01 1.671226e-01 1.455126e-01 1.241603e-01 1.111593e-01 1.095497e-01 1.150765e-01 1.288826e-01 1.563217e-01 2.085824e-01 2.889397e-01 3.508411e-01 3.545695e-01 2.983292e-01 2.293438e-01 1.806647e-01 1.446727e-01 1.236768e-01 1.112789e-01 1.044903e-01 1.070044e-01 1.163527e-01 1.303397e-01 1.411993e-01 1.439187e-01 1.326535e-01 1.165163e-01 1.017491e-01 9.429165e-02 9.559797e-02 1.073561e-01 1.305691e-01 1.601340e-01 1.826966e-01 1.790884e-01 1.478014e-01 1.099488e-01 7.912803e-02 5.718645e-02 4.256825e-02 3.595876e-02 3.756901e-02 4.678660e-02 5.977092e-02 6.533536e-02 5.408040e-02 4.149018e-02 4.186456e-02 5.289930e-02 5.590985e-02 4.244297e-02 1.941318e-02 6.631267e-03 2.383632e-03 8.058590e-04 1.042106e-04 3.123802e-06 1.561795e-08 5.167125e-11 8.017964e-13 7.927133e-14 1.073689e-13 8.922018e-14 9.275745e-16 1.014390e-20 4.647798e-29 7.023419e-39 1.401298e-45 1.401298e-45 1.401298e-45 1.401298e-45 1.401298e-45 2.802597e-45 2.802597e-45 2.802597e-45 1.401298e-45 1.401298e-45 1.401298e-45 1.401298e-45 1.401298e-45 2.802597e-45 2.802597e-45 2.802597e-45 2.802597e-45 2.802597e-45 1.401298e-45 1.401298e-45 1.401298e-45 1.401298e-45 1.401298e-45 1.401298e-45 1.401298e-45 1.401298e-45 1.401298e-45 0.000000e+00
2.802597e-45 1.320609e-28 6.145138e-22 1.012275e-37 4.915194e-34 1.552176e-34 8.110411e-35 4.605127e-31 6.564682e-28 7.282323e-28 3.177237e-27 2.508753e-25 2.365635e-22 4.999853e-19 7.712380e-15 1.059551e-10 2.380025e-07 1.032782e-05 2.004248e-05 1.397949e-05 6.702819e-06 5.027501e-06 3.541641e-06 1.016675e-05 3.721998e-05 1.808085e-04 7.487153e-04 2.132960e-03 4.560443e-03 4.804120e-03 3.209365e-03 1.969256e-03 9.012891e-04 8.240581e-04 5.926579e-04 9.772059e-04 1.049776e-03 1.441471e-03 1.804337e-03 1.620518e-03 3.809389e-03 3.678336e-03 8.494615e-03 1.182703e-02 1.348673e-02 1.994233e-02 1.289125e-02 1.582090e-02 1.552477e-02 1.480327e-02 2.155025e-02 2.030495e-02 2.341518e-02 2.562459e-02 2.390231e-02 3.469839e-02 3.455432e-02 2.955905e-02 3.183052e-02 2.535958e-02 2.125640e-02 2.472441e-02 2.865243e-02 3.679855e-02 5.273577e-02 5.760611e-02 5.681300e-02 5.926878e-02 5.599317e-02 5.527229e-02 6.189032e-02 6.527195e-02 5.775307e-02 4.806324e-02 4.460470e-02 4.234762e-02 3.435390e-02 2.761078e-02 2.726974e-02 2.830095e-02 2.712224e-02 3.138296e-02 4.823121e-02 7.212441e-02 9.200062e-02 1.200387e-01 1.724313e-01 2.299268e-01 2.492467e-01 2.391187e-01 2.246386e-01 2.047171e-01 1.750018e-01 1.450755e-01 1.182718e-01 9.620114e-02 8.430224e-02 9.077185e-02 1.223831e-01 1.857127e-01 2.691801e-01 3.276621e-01 3.492030e-01 3.263471e-01 2.699944e-01 2.104657e-01 1.564009e-01 1.229246e-01 1.043848e-01 9.478205e-02 9.692388e-02 1.082745e-01 1.250636e-01 1.373786e-01 1.435453e-01 1.411831e-01 1.367373e-01 1.290416e-01 1.178765e-01 1.034489e-01 9.166437e-02 8.751950e-02 9.090881e-02 1.008691e-01 1.160180e-01 1.331996e-01 1.453279e-01 1.390874e-01 1.108499e-01 7.680950e-02 5.118832e-02 3.681513e-02 3.258688e-02 3.790734e-02 4.911068e-02 5.468231e-02 4.545294e-02 3.358911e-02 3.207917e-02 4.725147e-02 7.374569e-02 7.103225e-02 2.784830e-02 4.679670e-03 6.476531e-04 9.503258e-05 1.429754e-05 6.322480e-07 2.156093e-09 4.482473e-13 4.816735e-17 2.462208e-20 7.669885e-22 7.704695e-22 1.020638e-21 2.395339e-23 4.439884e-28 3.584968e-36 2.802597e-45 2.802597e-45 1.401298e-45 1.401298e-45 1.401298e-45 1.401298e-45 2.802597e-45 2.802597e-45 2.802597e-45 2.802597e-45 1.401298e-45 1.401298e-45 1.401298e-45 1.401298e-45 2.802597e-45 2.802597e-45 2.802597e-45 2.802597e-45 2.802597e-45 1.401298e-45 1.401298e-45 1.401298e-45 1.401298e-45 1.401298e-45 1.401298e-45 1.401298e-45 0.000000e+00
9.809089e-45 1.181995e-41 1.741415e-17 1.363470e-12 2.068375e-25 2.679623e-31 1.525021e-32 7.355558e-32 4.440272e-33 9.727430e-35 3.718248e-34 6.032460e-30 1.629302e-24 1.082149e-17 2.757293e-12 1.405994e-08 1.605123e-06 6.807909e-06 9.486856e-06 5.029495e-06 8.893114e-06 7.967610e-06 1.524139e-05 3.330426e-05 1.289483e-04 4.987300e-04 6.821170e-04 1.417543e-03 8.152421e-04 1.434093e-03 8.559157e-04 1.314229e-03 1.715372e-03 1.226163e-03 3.450569e-03 1.470595e-03 4.589002e-03 2.735180e-03 3.685147e-03 4.633793e-03 2.599002e-03 5.477741e-03 3.978697e-03 6.145208e-03 8.366354e-03 6.216813e-03 1.259410e-02 1.206310e-02 1.631700e-02 2.415794e-02 1.979180e-02 2.475677e-02 2.165540e-02 1.973588e-02 2.453109e-02 2.189727e-02 2.704271e-02 3.135904e-02 2.468108e-02 2.610800e-02 2.504315e-02 2.040808e-02 2.642533e-02 3.203574e-02 3.358447e-02 4.756199e-02 5.396450e-02 4.540283e-02 5.080109e-02 5.796212e-02 5.142827e-02 5.286254e-02 6.358083e-02 6.156368e-02 5.147528e-02 4.952050e-02 5.002621e-02 4.256312e-02 3.407519e-02 3.118514e-02 3.009577e-02 2.879850e-02 3.159079e-02 4.298326e-02 6.428666e-02 9.245487e-02 1.274474e-01 1.739238e-01 2.275864e-01 2.656139e-01 2.614060e-01 2.222930e-01 1.756805e-01 1.397529e-01 1.147663e-01 9.505072e-02 7.802738e-02 7.078571e-02 8.062327e-02 1.215809e-01 2.102267e-01 3.164631e-01 3.822155e-01 3.733723e-01 3.200873e-01 2.642922e-01 2.036817e-01 1.551413e-01 1.221001e-01 1.028909e-01 9.848590e-02 1.023252e-01 1.108905e-01 1.189136e-01 1.285845e-01 1.379945e-01 1.507850e-01 1.596797e-01 1.574681e-01 1.399581e-01 1.164454e-01 9.638847e-02 8.433173e-02 8.101097e-02 8.399408e-02 8.842396e-02 9.150063e-02 9.312339e-02 9.398111e-02 8.704418e-02 6.928430e-02 4.751499e-02 3.237070e-02 2.646268e-02 2.854064e-02 3.622112e-02 4.150429e-02 3.347071e-02 2.047702e-02 1.511126e-02 1.754542e-02 2.377364e-02 1.824644e-02 4.708367e-03 3.032043e-04 1.052095e-05 5.304904e-07 3.987323e-08 4.082169e-09 6.254973e-11 2.346103e-14 3.252859e-19 9.208869e-25 1.323080e-29 2.419139e-32 1.846023e-33 3.968700e-33 5.939746e-34 4.663209e-37 2.228065e-43 2.802597e-45 1.401298e-45 1.401298e-45 1.401298e-45 1.401298e-45 1.401298e-45 2.802597e-45 2.802597e-45 2.802597e-45 1.401298e-45 1.401298e-45 1.401298e-45 1.401298e-45 1.401298e-45 1.401298e-45 1.401298e-45 1.401298e-45 1.401298e-45 1.401298e-45 1.401298e-45 1.401298e-45 1.401298e-45 1.401298e-45 1.401298e-45 0.000000e+00
2.802597e-45 2.802597e-45 2.802597e-45 1.401298e-45 1.401298e-45 1.401298e-45 2.802597e-45 2.802597e-45 2.802597e-45 4.203895e-45 6.978466e-43 3.257838e-33 9.816363e-24 5.090028e-17 1.847852e-13 5.923972e-12 3.425321e-11 2.330543e-10 1.230955e-09 4.347004e-08 2.480238e-07 4.157676e-06 7.997219e-06 2.948850e-05 5.688709e-05 1.281497e-04 2.106968e-04 1.349714e-04 2.277119e-04 1.257299e-04 6.183662e-04 6.033175e-04 1.929920e-03 2.066721e-03 1.373141e-03 2.938832e-03 1.426973e-03 5.750526e-03 4.065301e-03 6.523301e-03 1.017666e-02 4.785248e-03 7.940641e-03 2.715267e-03 2.752072e-03 3.995298e-03 3.868201e-03 1.098715e-02 1.213512e-02 1.564887e-02 2.463785e-02 1.890927e-02 1.946488e-02 1.737117e-02 1.288140e-02 1.604567e-02 1.773057e-02 2.271442e-02 2.746319e-02 2.054404e-02 2.311768e-02 2.261344e-02 1.774053e-02 2.561416e-02 3.098059e-02 2.608857e-02 3.411838e-02 4.177652e-02 3.529321e-02 4.125431e-02 5.607619e-02 5.110675e-02 4.468549e-02 5.187353e-02 5.866129e-02 5.311580e-02 4.866076e-02 5.147138e-02 5.032140e-02 4.016397e-02 3.307009e-02 3.434834e-02 3.968527e-02 4.319732e-02 4.982411e-02 7.281838e-02 1.184433e-01 1.621518e-01 1.873402e-01 2.201886e-01 2.582915e-01 2.588895e-01 2.122941e-01 1.585856e-01 1.217646e-01 1.005712e-01 8.389889e-02 7.149612e-02 6.974046e-02 9.031926e-02 1.478500e-01 2.356051e-01 3.204429e-01 3.531249e-01 3.264656e-01 2.782905e-01 2.172773e-01 1.651254e-01 1.245786e-01 9.506609e-02 7.949959e-02 7.433583e-02 7.851566e-02 8.648914e-02 9.419858e-02 9.548789e-02 9.469080e-02 9.414364e-02 9.670039e-02 9.848960e-02 9.456278e-02 8.292682e-02 6.832507e-02 5.768694e-02 5.354147e-02 5.459140e-02 5.613457e-02 5.603274e-02 5.406289e-02 5.205585e-02 5.086144e-02 4.560654e-02 3.349024e-02 2.134343e-02 1.516763e-02 1.476442e-02 1.958844e-02 2.557215e-02 2.534410e-02 1.647165e-02 9.039335e-03 6.755979e-03 7.271239e-03 4.770167e-03 6.724845e-04 1.472952e-05 7.297287e-08 4.635454e-10 1.043445e-11 7.631720e-13 1.181079e-13 1.599851e-15 2.475838e-19 2.048547e-25 2.245400e-33 1.121333e-40 1.401298e-45 1.401298e-45 1.401298e-45 1.401298e-45 2.802597e-45 2.802597e-45 2.802597e-45 1.401298e-45 1.401298e-45 1.401298e-45 1.401298e-45 1.401298e-45 2.802597e-45 2.802597e-45 2.802597e-45 2.802597e-45 2.802597e-45 1.401298e-45 2.802597e-45 2.802597e-45 2.802597e-45 1.401298e-45 1.401298e-45 1.401298e-45 1.401298e-45 1.401298e-45 1.401298e-45 0.000000e+00 0.000000e+00
1.401298e-45 1.401298e-45 1.401298e-45 1.401298e-45 1.401298e-45 1.401298e-45 1.401298e-45 2.802597e-45 4.203895e-45 7.006492e-45 4.362323e-33 2.028313e-22 6.701684e-18 1.299260e-16 2.794986e-17 3.104072e-18 1.343091e-17 2.569178e-15 5.027984e-12 1.177880e-09 1.207876e-07 1.037436e-06 1.825723e-05 5.354440e-05 2.009202e-04 1.528916e-04 1.594948e-04 1.289291e-04 1.415816e-04 2.604477e-04 1.954795e-04 6.468962e-04 5.207824e-04 9.054567e-04 1.143563e-03 1.280569e-03 4.148122e-03 3.486110e-03 1.046302e-02 7.432478e-03 7.539777e-03 7.269448e-03 2.538629e-03 4.151535e-03 2.195560e-03 3.160003e-03 4.895590e-03 4.892599e-03 1.333805e-02 1.374646e-02 1.336811e-02 1.710334e-02 1.390522e-02 1.494409e-02 1.793275e-02 1.814007e-02 2.044558e-02 1.944537e-02 2.074970e-02 2.246982e-02 1.822556e-02 2.278018e-02 2.900948e-02 2.619271e-02 3.156022e-02 3.270350e-02 2.502195e-02 2.869114e-02 3.679824e-02 3.362989e-02 3.715046e-02 5.071574e-02 5.139835e-02 4.439936e-02 4.636455e-02 5.280036e-02 4.971988e-02 4.128638e-02 4.131514e-02 4.462831e-02 3.699629e-02 2.907566e-02 3.341394e-02 4.553999e-02 5.045751e-02 5.348906e-02 7.251351e-02 1.114545e-01 1.506448e-01 1.758783e-01 1.943285e-01 2.084664e-01 2.101123e-01 1.969751e-01 1.702257e-01 1.356086e-01 1.028310e-01 8.251626e-02 7.494089e-02 8.149640e-02 1.077342e-01 1.554966e-01 2.228487e-01 2.731028e-01 2.783022e-01 2.653671e-01 2.378792e-01 2.033212e-01 1.602658e-01 1.187452e-01 9.252585e-02 7.927667e-02 7.808489e-02 8.523777e-02 9.915680e-02 1.088006e-01 1.054870e-01 8.978312e-02 7.420617e-02 6.461023e-02 6.161550e-02 6.253564e-02 6.221909e-02 5.813403e-02 5.178254e-02 4.641930e-02 4.167210e-02 3.802233e-02 3.419191e-02 3.216935e-02 3.250400e-02 3.607294e-02 4.018521e-02 3.839307e-02 2.748085e-02 1.748580e-02 1.306548e-02 1.356558e-02 1.695751e-02 1.548727e-02 8.155876e-03 2.632572e-03 7.899526e-04 3.280203e-04 1.484322e-04 1.534541e-05 1.157248e-07 5.435907e-11 5.190722e-15 2.469412e-18 2.337527e-20 9.440306e-21 2.208562e-20 1.592574e-21 8.630641e-26 7.362225e-34 4.203895e-44 2.802597e-45 1.401298e-45 1.401298e-45 1.401298e-45 2.802597e-45 2.802597e-45 2.802597e-45 2.802597e-45 2.802597e-45 1.401298e-45 1.401298e-45 1.401298e-45 2.802597e-45 2.802597e-45 2.802597e-45 2.802597e-45 2.802597e-45 2.802597e-45 1.401298e-45 1.401298e-45 1.401298e-45 1.401298e-45 1.401298e-45 1.401298e-45 1.401298e-45 1.401298e-45 1.401298e-45 1.401298e-45
0.000000e+00 0.000000e+00 1.401298e-45 1.401298e-45 1.401298e-45 1.401298e-45 2.802597e-45 7.006492e-45 3.552459e-28 2.183873e-16 1.374830e-10 2.192247e-11 5.686578e-15 1.710332e-19 3.184099e-23 8.534722e-24 3.650302e-21 1.049594e-17 3.680417e-14 1.633960e-10 7.817497e-08 3.655045e-06 1.922183e-05 7.785811e-05 1.515161e-04 5.121419e-04 5.516229e-04 6.271507e-04 2.567761e-04 1.091164e-04 7.534037e-05 6.416719e-05 1.487815e-04 2.772117e-04 7.855504e-04 3.070465e-03 5.245340e-03 1.408228e-02 8.274928e-03 8.089514e-03 4.290646e-03 2.829171e-03 3.703758e-03 2.863110e-03 4.830780e-03 4.665235e-03 5.523851e-03 8.422214e-03 7.164850e-03 9.869863e-03 1.174207e-02 1.047961e-02 1.326589e-02 1.435836e-02 1.649755e-02 2.064523e-02 2.207598e-02 2.062592e-02 1.697195e-02 1.670535e-02 1.700550e-02 1.810337e-02 2.493857e-02 2.893405e-02 2.801796e-02 3.107481e-02 3.065180e-02 2.606455e-02 2.762135e-02 3.178100e-02 3.014753e-02 3.051057e-02 3.781753e-02 4.411584e-02 4.678508e-02 5.097337e-02 5.695393e-02 5.911567e-02 5.481989e-02 5.249947e-02 5.530328e-02 5.423296e-02 5.060897e-02 5.599573e-02 6.951401e-02 8.064771e-02 9.315690e-02 1.154484e-01 1.394991e-01 1.556972e-01 1.733960e-01 1.991715e-01 2.159182e-01 2.109408e-01 1.935073e-01 1.717815e-01 1.374753e-01 9.954412e-02 7.440024e-02 7.053429e-02 8.875922e-02 1.241165e-01 1.708678e-01 2.068048e-01 2.147213e-01 2.088318e-01 1.917095e-01 1.736835e-01 1.523485e-01 1.243066e-01 9.674148e-02 7.320981e-02 6.062026e-02 5.829730e-02 6.653970e-02 8.293470e-02 1.025715e-01 1.106479e-01 1.002697e-01 7.972351e-02 6.228179e-02 5.248995e-02 4.845028e-02 4.671336e-02 4.481869e-02 4.236326e-02 3.821869e-02 3.339494e-02 2.648459e-02 1.869617e-02 1.238302e-02 9.842014e-03 1.010947e-02 1.248020e-02 1.416175e-02 1.219357e-02 7.765890e-03 5.378298e-03 5.168009e-03 6.753768e-03 7.018988e-03 3.148691e-03 5.366155e-04 5.455798e-05 7.267173e-06 1.639736e-06 2.461267e-07 2.600166e-09 5.387673e-13 2.845804e-18 4.877902e-24 2.278682e-28 1.624652e-30 3.950585e-30 3.033613e-29 6.034801e-30 4.314248e-34 6.694003e-42 2.802597e-45 1.401298e-45 1.401298e-45 1.401298e-45 1.401298e-45 1.401298e-45 2.802597e-45 2.802597e-45 2.802597e-45 2.802597e-45 1.401298e-45 1.401298e-45 1.401298e-45 1.401298e-45 2.802597e-45 2.802597e-45 2.802597e-45 2.802597e-45 1.401298e-45 1.401298e-45 1.401298e-45 1.401298e-45 1.401298e-45 1.401298e-45 1.401298e-45 1.401298e-45 0.000000e+00
1.401298e-45 1.401298e-45 1.401298e-45 1.401298e-45 1.401298e-45 5.605194e-45 6.996584e-33 6.496779e-19 1.274293e-12 9.674409e-13 3.911445e-17 1.110494e-22 4.571000e-27 1.304508e-29 3.376099e-29 9.707282e-26 2.879087e-21 3.159337e-16 5.672325e-12 5.556203e-09 3.544763e-07 6.249731e-06 5.522180e-05 1.680394e-04 3.297997e-04 4.142575e-04 2.465259e-04 1.112243e-04 3.727915e-05 3.256563e-05 2.311227e-05 4.121192e-05 6.793860e-05 2.741854e-04 1.192237e-03 2.205937e-03 5.811285e-03 3.413701e-03 5.395257e-03 3.439863e-03 4.055382e-03 4.825172e-03 3.116098e-03 5.211199e-03 4.949591e-03 6.322138e-03 9.837140e-03 7.629708e-03 1.108272e-02 9.793912e-03 7.961999e-03 1.037438e-02 9.215103e-03 9.401207e-03 1.163761e-02 1.151112e-02 1.276254e-02 1.679284e-02 1.605753e-02 1.546523e-02 1.832117e-02 1.672993e-02 1.700851e-02 2.237054e-02 2.319765e-02 2.253725e-02 2.586046e-02 2.750166e-02 2.538088e-02 2.557902e-02 2.805869e-02 2.924134e-02 3.194826e-02 3.740900e-02 4.373199e-02 5.017771e-02 5.375163e-02 5.610558e-02 6.163547e-02 6.394665e-02 5.829965e-02 5.506782e-02 6.016303e-02 6.659207e-02 6.949033e-02 7.477427e-02 8.600599e-02 1.023008e-01 1.253094e-01 1.577360e-01 1.931864e-01 2.210394e-01 2.381739e-01 2.446477e-01 2.270848e-01 1.878635e-01 1.451918e-01 1.131322e-01 8.940580e-02 7.579224e-02 7.661075e-02 9.334717e-02 1.302272e-01 1.722472e-01 1.935406e-01 1.973293e-01 1.894116e-01 1.847492e-01 1.844966e-01 1.782799e-01 1.639297e-01 1.364903e-01 1.075490e-01 8.211994e-02 6.717406e-02 6.228190e-02 7.009645e-02 9.063175e-02 1.197546e-01 1.342856e-01 1.167805e-01 8.463632e-02 5.976069e-02 4.458861e-02 3.625369e-02 3.269849e-02 3.258369e-02 3.416665e-02 3.326847e-02 2.820392e-02 2.010446e-02 1.248477e-02 7.754614e-03 6.382886e-03 6.933342e-03 7.752247e-03 6.494849e-03 3.873615e-03 2.133991e-03 1.858982e-03 2.510421e-03 3.102480e-03 1.331814e-03 1.410878e-04 4.053766e-06 9.613034e-08 6.226562e-09 1.058598e-09 1.187873e-10 3.470938e-13 3.252523e-18 2.202856e-25 4.473836e-33 2.969497e-39 1.605888e-42 5.254869e-43 6.053609e-42 1.358138e-41 1.261169e-44 2.802597e-45 2.802597e-45 1.401298e-45 1.401298e-45 1.401298e-45 1.401298e-45 2.802597e-45 2.802597e-45 2.802597e-45 2.802597e-45 2.802597e-45 2.802597e-45 2.802597e-45 2.802597e-45 2.802597e-45 2.802597e-45 2.802597e-45 2.802597e-45 1.401298e-45 1.401298e-45 1.401298e-45 1.401298e-45 1.401298e-45 1.401298e-45 1.401298e-45 0.000000e+00
0.000000e+00 1.401298e-45 2.802597e-45 6.739947e-33 2.484733e-11 2.640490e-04 1.863596e-08 2.876994e-15 9.415159e-23 2.485721e-28 8.262855e-32 1.378660e-34 8.603185e-34 1.128671e-29 4.836554e-26 2.721178e-22 7.742913e-18 1.784119e-13 5.094474e-10 1.603463e-07 1.024605e-05 1.656970e-04 7.084297e-04 1.608079e-03 8.210016e-04 2.525991e-04 6.957522e-05 3.377214e-05 4.916273e-05 4.668018e-05 2.122760e-04 2.608378e-04 1.056037e-03 8.224312e-04 7.746193e-04 5.905076e-04 4.033358e-04 1.367804e-03 1.095715e-03 4.283432e-03 4.760641e-03 5.397697e-03 1.146072e-02 5.615576e-03 9.017332e-03 7.245026e-03 6.000907e-03 1.027280e-02 8.068820e-03 1.102271e-02 1.384180e-02 1.045306e-02 1.232146e-02 1.140654e-02 8.813317e-03 1.032804e-02 1.128583e-02 1.264350e-02 1.913092e-02 1.981767e-02 1.725160e-02 1.917555e-02 1.638200e-02 1.408833e-02 1.706265e-02 1.769939e-02 1.645496e-02 1.771832e-02 1.807222e-02 1.746109e-02 1.910282e-02 2.198056e-02 2.296503e-02 2.598767e-02 3.299984e-02 3.955696e-02 4.753480e-02 5.570142e-02 6.069819e-02 7.303269e-02 8.776972e-02 8.443677e-02 8.020818e-02 9.110938e-02 1.014012e-01 9.830325e-02 9.833975e-02 1.117190e-01 1.342056e-01 1.628941e-01 1.977362e-01 2.316557e-01 2.517669e-01 2.565345e-01 2.441818e-01 2.109612e-01 1.581135e-01 1.135194e-01 9.035680e-02 8.607689e-02 9.139505e-02 9.727225e-02 1.085698e-01 1.245032e-01 1.375542e-01 1.442217e-01 1.392496e-01 1.348855e-01 1.369596e-01 1.410393e-01 1.468092e-01 1.438865e-01 1.316399e-01 1.069369e-01 8.206894e-02 6.336555e-02 5.498002e-02 5.452773e-02 6.386968e-02 8.326372e-02 1.088384e-01 1.257273e-01 1.184527e-01 8.953477e-02 5.896237e-02 3.827919e-02 2.701432e-02 2.229046e-02 2.217154e-02 2.514706e-02 2.888647e-02 2.934542e-02 2.502560e-02 1.837110e-02 1.334607e-02 1.137127e-02 9.850356e-03 6.406553e-03 3.149517e-03 1.391266e-03 7.307213e-04 5.560745e-04 3.713646e-04 8.345507e-05 2.761432e-06 1.811407e-08 4.921407e-11 5.152120e-13 5.641324e-14 3.058979e-14 7.453836e-15 4.600409e-18 1.090389e-24 5.131313e-34 7.707142e-44 1.401298e-45 1.401298e-45 1.401298e-45 1.401298e-45 2.802597e-45 2.802597e-45 2.802597e-45 2.802597e-45 1.401298e-45 1.401298e-45 1.401298e-45 1.401298e-45 2.802597e-45 2.802597e-45 2.802597e-45 2.802597e-45 2.802597e-45 2.802597e-45 1.401298e-45 1.401298e-45 2.802597e-45 2.802597e-45 2.802597e-45 1.401298e-45 1.401298e-45 1.401298e-45 1.401298e-45 1.401298e-45 1.401298e-45 0.000000e+00
1.401298e-45 2.802597e-45 1.233143e-43 3.155656e-20 3.500076e-17 1.741986e-14 2.589108e-16 2.409888e-25 2.271758e-31 2.754655e-34 9.604507e-36 1.881768e-33 1.284679e-30 8.709838e-28 2.300898e-24 5.690868e-20 9.374312e-16 6.947432e-12 9.305658e-09 1.680125e-06 3.507277e-05 1.366814e-04 2.186796e-04 1.535395e-04 1.940241e-04 1.694925e-04 2.326722e-04 2.803006e-04 4.145425e-04 9.373383e-04 1.071892e-03 2.240288e-03 8.975420e-04 9.145458e-04 2.116553e-04 1.699255e-04 1.704536e-04 1.937937e-04 7.198406e-04 9.541987e-04 3.700588e-03 5.418725e-03 7.763067e-03 1.421868e-02 9.551120e-03 1.162831e-02 9.440714e-03 7.495461e-03 1.022759e-02 1.026321e-02 1.296566e-02 1.683620e-02 1.467208e-02 1.448851e-02 1.293746e-02 1.130859e-02 1.331511e-02 1.506316e-02 1.404939e-02 1.620821e-02 1.702514e-02 1.428129e-02 1.536267e-02 1.562270e-02 1.341344e-02 1.411983e-02 1.441396e-02 1.268552e-02 1.301275e-02 1.396075e-02 1.490580e-02 1.946683e-02 2.604619e-02 2.964178e-02 3.412874e-02 4.155926e-02 4.771284e-02 5.797581e-02 7.736768e-02 8.896165e-02 8.756751e-02 8.849711e-02 9.072428e-02 8.974525e-02 9.214132e-02 9.956357e-02 1.096416e-01 1.206752e-01 1.315343e-01 1.474755e-01 1.742816e-01 2.053609e-01 2.191616e-01 2.085230e-01 1.921618e-01 1.840951e-01 1.679144e-01 1.341311e-01 9.623691e-02 7.566454e-02 7.531415e-02 8.470204e-02 9.426426e-02 9.606317e-02 9.470449e-02 9.926371e-02 1.046465e-01 1.099314e-01 1.163838e-01 1.269851e-01 1.454613e-01 1.563698e-01 1.524412e-01 1.313212e-01 1.063723e-01 8.122187e-02 6.047910e-02 4.464060e-02 3.686893e-02 3.615467e-02 4.104699e-02 4.997371e-02 6.294339e-02 7.767867e-02 8.221578e-02 6.629488e-02 4.057907e-02 2.214481e-02 1.286620e-02 9.306869e-03 9.036517e-03 1.063851e-02 1.217053e-02 1.152761e-02 9.936418e-03 9.030725e-03 8.923903e-03 8.942653e-03 7.031266e-03 3.173688e-03 9.833339e-04 2.856766e-04 1.025766e-04 3.570312e-05 5.078863e-06 7.539956e-08 7.737300e-11 1.336486e-14 2.625032e-18 1.301434e-20 2.503585e-21 3.422841e-21 1.081945e-21 4.222853e-25 8.405578e-32 1.648207e-41 1.401298e-45 1.401298e-45 1.401298e-45 1.401298e-45 1.401298e-45 1.401298e-45 2.802597e-45 2.802597e-45 2.802597e-45 2.802597e-45 1.401298e-45 1.401298e-45 1.401298e-45 1.401298e-45 2.802597e-45 2.802597e-45 2.802597e-45 2.802597e-45 1.401298e-45 1.401298e-45 1.401298e-45 1.401298e-45 1.401298e-45 1.401298e-45 1.401298e-45 1.401298e-45 1.401298e-45 1.401298e-45 0.000000e+00
2.802597e-45 2.242078e-43 8.945480e-31 2.452272e-43 2.297640e-38 2.781810e-38 1.470689e-38 2.743427e-34 1.234311e-31 1.759427e-32 9.089462e-33 1.010025e-30 7.978597e-28 6.383316e-25 7.907414e-21 5.576657e-16 2.994517e-11 5.073312e-08 4.871069e-07 3.754483e-07 1.045641e-07 1.277821e-07 1.890136e-07 1.885421e-06 1.046772e-05 9.861628e-05 4.328560e-04 1.934387e-03 3.703369e-03 3.921160e-03 2.784166e-03 9.277116e-04 6.068171e-04 2.618966e-04 3.385759e-04 4.545177e-04 6.943400e-04 9.130975e-04 8.932349e-04 1.397147e-03 1.665362e-03 3.747147e-03 5.567337e-03 8.169412e-03 1.166723e-02 9.721996e-03 1.085411e-02 9.497381e-03 1.074365e-02 1.215216e-02 1.303529e-02 1.599275e-02 1.426444e-02 1.306981e-02 1.508823e-02 1.458269e-02 1.418659e-02 1.407948e-02 1.190816e-02 9.843059e-03 8.835242e-03 8.537043e-03 8.667223e-03 9.598466e-03 1.064800e-02 1.012126e-02 9.339221e-03 9.543383e-03 1.057039e-02 1.322731e-02 1.897964e-02 2.735787e-02 3.561724e-02 4.168518e-02 4.721690e-02 5.752528e-02 6.667020e-02 6.441019e-02 6.875467e-02 9.266695e-02 1.066158e-01 9.512816e-02 9.552305e-02 1.124888e-01 1.175917e-01 1.088379e-01 1.105775e-01 1.224241e-01 1.288872e-01 1.301270e-01 1.342929e-01 1.448222e-01 1.615752e-01 1.756943e-01 1.686121e-01 1.434158e-01 1.201616e-01 1.116819e-01 1.074209e-01 9.625972e-02 8.277787e-02 7.702099e-02 8.437990e-02 9.312075e-02 9.027021e-02 8.273148e-02 7.696301e-02 7.786442e-02 8.382013e-02 9.334722e-02 1.116886e-01 1.313814e-01 1.440477e-01 1.386440e-01 1.236664e-01 1.047899e-01 8.565807e-02 6.531963e-02 4.924569e-02 3.952245e-02 3.510107e-02 3.364152e-02 3.347652e-02 3.521421e-02 4.046762e-02 4.869773e-02 5.084644e-02 3.927542e-02 2.231247e-02 1.193780e-02 7.565794e-03 6.278113e-03 6.432612e-03 6.443397e-03 4.916520e-03 2.884946e-03 1.810733e-03 1.699125e-03 2.110545e-03 2.272543e-03 1.315905e-03 2.866234e-04 3.152507e-05 3.513616e-06 6.177351e-07 1.055786e-07 3.653432e-09 2.687041e-12 4.860894e-17 9.446826e-23 2.377306e-28 2.800168e-32 3.589911e-34 2.561245e-34 3.745374e-34 2.830445e-36 1.392751e-41 4.203895e-45 2.802597e-45 2.802597e-45 1.401298e-45 1.401298e-45 1.401298e-45 2.802597e-45 2.802597e-45 2.802597e-45 2.802597e-45 1.401298e-45 1.401298e-45 1.401298e-45 2.802597e-45 2.802597e-45 2.802597e-45 2.802597e-45 2.802597e-45 1.401298e-45 1.401298e-45 1.401298e-45 1.401298e-45 1.401298e-45 1.401298e-45 1.401298e-45 1.401298e-45 1.401298e-45 1.401298e-45
5.605194e-45 4.203895e-45 3.029202e-30 3.500583e-19 1.401523e-28 2.331833e-35 3.436148e-36 2.044366e-36 2.022381e-39 6.782285e-43 2.404628e-42 1.789308e-37 3.175871e-31 1.237590e-23 2.213746e-17 1.744959e-12 2.181837e-09 1.572034e-08 1.123174e-08 1.654055e-09 4.571555e-09 1.858473e-08 3.543380e-07 2.396102e-06 3.832791e-05 1.510087e-04 3.762682e-04 4.302553e-04 3.597474e-04 3.196082e-04 1.818102e-04 2.653864e-04 3.245847e-04 5.100255e-04 1.223767e-03 1.176515e-03 2.513661e-03 2.232886e-03 3.109592e-03 2.828719e-03 2.628459e-03 2.680065e-03 3.416379e-03 3.554753e-03 4.303699e-03 4.628194e-03 6.040703e-03 1.014300e-02 1.187704e-02 1.919590e-02 1.764453e-02 1.452919e-02 1.508684e-02 1.136082e-02 1.107577e-02 1.342924e-02 1.265234e-02 1.235353e-02 1.271053e-02 1.086343e-02 9.084263e-03 8.896693e-03 8.667946e-03 7.498145e-03 7.777188e-03 9.078975e-03 9.145546e-03 1.011303e-02 1.401542e-02 1.955657e-02 2.598552e-02 3.663035e-02 5.182981e-02 6.187444e-02 6.358679e-02 6.733638e-02 7.773825e-02 8.437794e-02 7.947526e-02 8.088280e-02 9.762338e-02 1.062338e-01 9.863564e-02 1.042701e-01 1.217208e-01 1.188341e-01 1.011484e-01 9.663351e-02 1.059951e-01 1.130605e-01 1.109557e-01 1.073855e-01 1.066443e-01 1.099723e-01 1.193843e-01 1.270567e-01 1.128695e-01 8.889849e-02 7.651128e-02 8.091138e-02 9.086079e-02 9.075920e-02 8.678517e-02 8.586381e-02 8.634749e-02 8.465961e-02 7.796473e-02 7.563107e-02 8.249945e-02 9.528252e-02 1.134774e-01 1.289177e-01 1.408250e-01 1.408902e-01 1.302685e-01 1.116040e-01 9.490371e-02 8.128726e-02 6.922265e-02 5.656447e-02 4.472244e-02 3.574599e-02 2.966649e-02 2.552158e-02 2.280351e-02 2.225629e-02 2.412520e-02 2.626834e-02 2.342711e-02 1.505893e-02 7.848988e-03 4.829766e-03 4.496875e-03 5.330474e-03 5.429764e-03 3.527120e-03 1.502133e-03 6.051357e-04 3.592362e-04 4.029696e-04 4.544918e-04 1.988217e-04 1.867088e-05 4.352464e-07 8.651249e-09 4.098611e-10 3.047473e-11 1.351329e-12 1.133617e-14 2.126456e-18 1.971846e-24 1.833303e-32 5.777133e-41 1.401298e-45 1.401298e-45 1.401298e-45 1.401298e-45 1.401298e-45 2.802597e-45 2.802597e-45 1.401298e-45 1.401298e-45 1.401298e-45 1.401298e-45 1.401298e-45 2.802597e-45 2.802597e-45 2.802597e-45 2.802597e-45 2.802597e-45 2.802597e-45 1.401298e-45 2.802597e-45 2.802597e-45 2.802597e-45 2.802597e-45 2.802597e-45 1.401298e-45 1.401298e-45 1.401298e-45 1.401298e-45 1.401298e-45 1.401298e-45 0.000000e+00 0.000000e+00
2.802597e-45 2.802597e-45 1.401298e-45 1.401298e-45 1.401298e-45 1.401298e-45 1.401298e-45 1.401298e-45 1.401298e-45 2.802597e-45 5.605194e-45 2.351000e-40 1.682586e-29 2.788101e-21 6.593138e-17 9.893427e-16 5.410921e-16 8.045116e-17 3.748361e-17 2.529569e-15 5.795128e-13 7.581293e-10 5.143557e-08 1.626689e-06 6.347304e-06 2.857671e-05 3.701179e-05 2.904048e-05 3.226764e-05 2.081154e-05 8.009492e-05 9.438190e-05 3.613582e-04 4.227174e-04 4.798166e-04 8.359234e-04 7.536890e-04 2.723582e-03 2.841389e-03 5.793567e-03 7.555427e-03 4.252740e-03 4.000962e-03 1.841834e-03 1.358988e-03 2.083179e-03 2.460420e-03 6.872058e-03 1.111758e-02 1.274374e-02 2.054909e-02 1.676576e-02 1.390843e-02 1.350650e-02 9.834398e-03 9.690125e-03 1.201467e-02 1.310481e-02 1.398493e-02 1.349508e-02 1.188654e-02 1.007638e-02 8.784803e-03 9.217058e-03 9.500470e-03 9.618932e-03 1.177046e-02 1.435172e-02 1.736969e-02 2.364627e-02 3.220685e-02 4.042972e-02 4.547601e-02 5.171197e-02 6.327556e-02 6.945137e-02 7.128562e-02 8.232509e-02 9.580898e-02 9.647566e-02 9.717443e-02 1.091368e-01 1.148262e-01 1.051386e-01 9.886405e-02 1.027900e-01 1.024016e-01 9.369804e-02 9.036319e-02 9.443071e-02 9.691691e-02 9.747124e-02 9.818872e-02 9.491158e-02 8.802890e-02 8.521440e-02 8.375178e-02 7.867631e-02 6.939314e-02 6.649028e-02 7.635246e-02 9.223466e-02 1.009909e-01 9.542510e-02 8.533803e-02 7.979257e-02 7.423494e-02 6.877721e-02 6.771050e-02 7.388807e-02 9.310409e-02 1.202838e-01 1.498959e-01 1.608765e-01 1.458363e-01 1.130592e-01 8.544958e-02 6.947029e-02 6.184129e-02 5.504106e-02 4.518479e-02 3.471872e-02 2.701641e-02 2.162562e-02 1.675628e-02 1.257103e-02 1.015042e-02 9.466729e-03 9.783747e-03 9.301526e-03 6.801373e-03 3.637727e-03 1.920747e-03 1.498673e-03 1.895256e-03 2.347019e-03 1.714187e-03 6.272770e-04 1.825766e-04 7.630900e-05 6.043060e-05 7.127288e-05 3.378024e-05 2.088911e-06 1.334400e-08 1.489961e-11 8.835446e-15 1.276981e-17 1.570967e-19 1.831676e-20 1.781724e-21 8.542959e-25 7.150842e-32 4.412689e-42 1.401298e-45 1.401298e-45 1.401298e-45 1.401298e-45 1.401298e-45 1.401298e-45 2.802597e-45 2.802597e-45 2.802597e-45 2.802597e-45 1.401298e-45 1.401298e-45 1.401298e-45 1.401298e-45 1.401298e-45 2.802597e-45 2.802597e-45 2.802597e-45 1.401298e-45 1.401298e-45 1.401298e-45 1.401298e-45 1.401298e-45 1.401298e-45 1.401298e-45 1.401298e-45 1.401298e-45 1.401298e-45 1.401298e-45 0.000000e+00 0.000000e+00
1.401298e-45 1.401298e-45 1.401298e-45 1.401298e-45 1.401298e-45 1.401298e-45 1.401298e-45 1.401298e-45 2.802597e-45 4.203895e-45 2.296868e-41 2.786740e-28 4.400028e-22 1.756629e-20 2.428808e-22 1.639315e-25 1.569136e-27 9.364549e-27 2.133038e-23 2.568977e-19 6.277477e-15 1.351880e-11 2.436100e-08 1.173133e-06 1.662261e-05 2.170567e-05 2.802281e-05 3.172193e-05 2.971820e-05 7.209109e-05 4.450752e-05 1.881747e-04 1.118266e-04 2.714131e-04 2.612044e-04 5.906285e-04 1.912056e-03 2.448382e-03 7.497803e-03 6.208154e-03 5.561970e-03 5.138330e-03 1.883533e-03 2.284647e-03 1.295706e-03 1.443252e-03 3.044671e-03 3.367003e-03 9.415901e-03 1.235821e-02 1.091947e-02 1.490190e-02 1.204980e-02 1.092540e-02 1.251120e-02 1.083077e-02 9.798746e-03 1.003028e-02 1.032945e-02 1.090087e-02 1.128944e-02 1.278199e-02 1.299929e-02 1.186945e-02 1.281591e-02 1.305362e-02 1.228407e-02 1.413034e-02 1.790162e-02 2.149045e-02 2.567188e-02 3.283310e-02 4.224142e-02 4.546059e-02 4.760789e-02 6.213891e-02 7.594889e-02 7.118179e-02 7.581948e-02 9.934759e-02 1.060819e-01 9.493012e-02 1.038134e-01 1.180863e-01 1.015475e-01 7.969186e-02 7.365950e-02 7.226742e-02 6.798776e-02 6.752056e-02 7.132146e-02 7.090991e-02 6.803548e-02 7.208709e-02 7.802936e-02 7.412977e-02 6.286994e-02 5.794984e-02 6.021516e-02 6.548665e-02 7.115846e-02 7.784589e-02 8.649574e-02 8.897404e-02 8.190879e-02 7.478936e-02 7.080445e-02 6.897137e-02 6.712903e-02 6.521451e-02 7.219588e-02 8.938917e-02 1.190933e-01 1.472716e-01 1.593327e-01 1.394880e-01 1.013275e-01 6.619032e-02 4.402645e-02 3.128944e-02 2.324599e-02 1.770238e-02 1.425912e-02 1.261913e-02 1.149502e-02 9.467528e-03 6.482088e-03 4.175484e-03 3.148527e-03 2.988731e-03 3.094775e-03 2.605899e-03 1.605794e-03 8.227032e-04 5.066052e-04 4.858718e-04 6.215817e-04 5.179155e-04 1.838615e-04 2.833356e-05 4.562388e-06 1.725219e-06 1.903895e-06 1.838816e-06 1.783300e-07 4.787585e-10 2.127777e-14 3.555182e-20 4.002608e-26 2.521999e-30 5.938112e-32 1.072684e-31 1.158973e-31 1.129688e-34 4.338700e-41 2.802597e-45 2.802597e-45 1.401298e-45 1.401298e-45 1.401298e-45 1.401298e-45 2.802597e-45 2.802597e-45 1.401298e-45 1.401298e-45 1.401298e-45 1.401298e-45 2.802597e-45 2.802597e-45 2.802597e-45 2.802597e-45 2.802597e-45 1.401298e-45 1.401298e-45 1.401298e-45 1.401298e-45 1.401298e-45 1.401298e-45 1.401298e-45 1.401298e-45 1.401298e-45 1.401298e-45 1.401298e-45 1.401298e-45 1.401298e-45
0.000000e+00 0.000000e+00 1.401298e-45 0.000000e+00 0.000000e+00 1.401298e-45 1.401298e-45 4.203895e-45 1.303014e-32 3.020638e-20 1.723771e-13 3.893447e-14 1.057710e-18 3.861599e-25 2.134384e-31 1.400431e-34 6.811758e-34 7.456561e-31 2.234534e-26 2.154631e-20 3.650158e-15 6.728427e-11 1.445470e-08 1.193229e-06 7.778770e-06 6.141175e-05 9.927230e-05 1.159429e-04 8.627866e-05 2.477534e-05 2.875755e-05 1.262370e-05 4.471789e-05 6.190912e-05 3.513940e-04 1.361452e-03 4.096758e-03 1.047064e-02 5.951811e-03 5.511686e-03 3.009588e-03 1.807994e-03 2.737551e-03 1.789739e-03 2.769597e-03 3.449997e-03 3.224062e-03 6.017953e-03 4.987720e-03 6.814179e-03 9.539118e-03 6.777536e-03 9.256037e-03 1.017099e-02 9.199064e-03 1.237072e-02 1.126635e-02 8.359131e-03 7.941016e-03 7.690247e-03 7.691110e-03 9.844992e-03 1.249165e-02 1.254038e-02 1.239379e-02 1.306926e-02 1.341352e-02 1.423161e-02 1.606687e-02 1.873499e-02 2.187037e-02 2.356768e-02 2.828273e-02 4.064181e-02 5.061581e-02 5.624503e-02 7.194983e-02 8.622405e-02 7.944756e-02 8.104486e-02 1.021080e-01 1.030878e-01 8.518523e-02 8.547073e-02 9.177998e-02 7.647233e-02 5.921093e-02 5.573743e-02 5.486193e-02 4.851397e-02 4.615359e-02 5.063208e-02 5.259928e-02 4.895519e-02 4.882001e-02 5.624831e-02 5.937096e-02 5.301519e-02 4.853090e-02 5.535186e-02 7.029269e-02 8.193937e-02 8.783659e-02 8.984123e-02 8.603998e-02 7.829410e-02 7.055967e-02 6.761671e-02 6.764287e-02 6.344067e-02 5.884651e-02 5.620001e-02 6.096371e-02 7.256232e-02 9.179167e-02 1.089348e-01 1.099326e-01 8.732282e-02 5.645835e-02 3.370977e-02 2.044549e-02 1.294682e-02 8.636046e-03 6.461400e-03 5.588541e-03 5.358554e-03 4.750351e-03 3.440349e-03 2.066315e-03 1.317987e-03 1.095032e-03 1.152861e-03 1.114667e-03 7.139045e-04 3.373890e-04 1.836542e-04 1.562601e-04 1.904049e-04 1.845588e-04 6.105909e-05 6.554688e-06 4.471543e-07 6.209066e-08 1.737662e-08 7.717082e-09 1.787598e-09 3.370881e-11 2.104465e-15 1.033636e-22 7.932961e-32 2.512640e-40 1.401298e-45 1.401298e-45 1.401298e-45 2.802597e-45 1.401298e-45 2.802597e-45 2.802597e-45 1.401298e-45 1.401298e-45 1.401298e-45 1.401298e-45 1.401298e-45 2.802597e-45 2.802597e-45 2.802597e-45 2.802597e-45 1.401298e-45 1.401298e-45 1.401298e-45 2.802597e-45 2.802597e-45 2.802597e-45 2.802597e-45 2.802597e-45 1.401298e-45 1.401298e-45 1.401298e-45 1.401298e-45 1.401298e-45 1.401298e-45 1.401298e-45 1.401298e-45 1.401298e-45 0.000000e+00
1.401298e-45 1.401298e-45 0.000000e+00 1.401298e-45 1.401298e-45 2.802597e-45 1.795955e-38 4.144725e-22 4.816045e-15 3.811949e-15 1.521334e-20 5.610254e-28 2.292124e-34 5.597816e-39 2.895013e-40 1.018518e-37 4.504803e-33 2.660742e-27 2.108551e-21 2.072982e-16 2.339841e-12 1.732110e-09 4.655409e-07 6.037067e-06 3.835217e-05 4.943878e-05 4.255743e-05 1.993264e-05 7.236488e-06 6.788428e-06 3.667660e-06 9.041253e-06 1.477646e-05 1.095244e-04 4.774495e-04 1.438830e-03 3.217682e-03 2.388586e-03 3.493937e-03 2.630541e-03 2.326182e-03 3.309903e-03 1.761957e-03 3.452934e-03 3.348102e-03 4.143588e-03 8.200688e-03 5.536998e-03 9.503407e-03 7.224504e-03 4.671798e-03 6.883841e-03 5.112081e-03 5.212450e-03 7.607227e-03 6.025185e-03 7.026252e-03 8.792502e-03 6.519029e-03 7.369225e-03 8.418963e-03 6.869880e-03 8.669103e-03 1.068337e-02 1.001189e-02 1.215851e-02 1.510475e-02 1.595488e-02 1.827783e-02 1.975967e-02 2.009528e-02 2.423580e-02 2.859879e-02 3.223237e-02 4.351906e-02 5.635279e-02 6.083816e-02 6.825304e-02 7.456367e-02 6.908928e-02 6.810800e-02 7.681996e-02 7.359991e-02 5.988647e-02 5.477741e-02 5.158545e-02 4.136315e-02 3.412051e-02 3.594131e-02 4.087890e-02 3.969314e-02 3.765140e-02 4.180909e-02 4.681854e-02 4.525866e-02 4.321840e-02 4.563709e-02 4.998916e-02 4.976932e-02 4.861140e-02 5.238550e-02 6.198535e-02 7.472413e-02 8.436762e-02 8.593875e-02 8.148339e-02 7.359548e-02 6.662074e-02 6.402371e-02 6.388854e-02 6.615505e-02 6.466419e-02 5.969765e-02 5.332434e-02 5.024455e-02 4.944481e-02 4.937677e-02 4.696732e-02 4.089872e-02 3.256382e-02 2.365281e-02 1.581060e-02 9.572185e-03 5.559575e-03 3.518839e-03 2.821367e-03 2.865285e-03 3.159339e-03 2.895194e-03 1.954058e-03 1.092205e-03 6.990329e-04 6.071703e-04 6.145439e-04 4.591258e-04 1.928816e-04 6.373964e-05 3.228790e-05 2.785151e-05 2.739300e-05 1.102439e-05 1.026721e-06 3.791002e-08 8.265897e-10 1.317965e-11 3.935858e-13 8.491839e-14 1.884448e-14 1.520851e-16 2.331961e-22 5.743170e-32 2.676480e-43 1.401298e-45 1.401298e-45 1.401298e-45 1.401298e-45 1.401298e-45 1.401298e-45 2.802597e-45 2.802597e-45 1.401298e-45 1.401298e-45 1.401298e-45 1.401298e-45 1.401298e-45 1.401298e-45 1.401298e-45 1.401298e-45 2.802597e-45 1.401298e-45 1.401298e-45 1.401298e-45 1.401298e-45 1.401298e-45 2.802597e-45 2.802597e-45 1.401298e-45 1.401298e-45 1.401298e-45 1.401298e-45 1.401298e-45 1.401298e-45 1.401298e-45 1.401298e-45 1.401298e-45
0.000000e+00 1.401298e-45 1.401298e-45 3.307064e-43 1.009475e-17 5.844305e-08 6.123226e-11 4.000130e-18 1.064190e-27 7.964980e-36 5.128893e-41 1.541428e-44 7.847271e-44 1.115172e-38 2.359017e-34 3.915656e-30 1.518905e-25 2.829016e-20 8.277797e-16 5.929105e-12 5.849874e-09 1.467034e-06 2.857810e-05 1.008929e-04 8.965188e-05 3.762890e-05 2.194945e-05 1.164597e-05 1.594700e-05 1.719696e-05 6.404262e-05 1.243977e-04 4.195218e-04 4.414630e-04 2.976837e-04 2.689540e-04 1.997734e-04 6.392328e-04 8.765979e-04 2.143204e-03 3.513106e-03 2.912706e-03 6.342641e-03 3.766190e-03 5.757057e-03 5.212124e-03 4.621150e-03 8.469739e-03 5.278679e-03 7.325855e-03 8.153873e-03 4.835305e-03 6.786627e-03 5.461718e-03 4.016474e-03 6.041882e-03 5.215482e-03 5.711370e-03 9.484868e-03 7.513280e-03 7.265693e-03 9.117885e-03 6.685562e-03 6.831633e-03 9.552808e-03 9.908654e-03 1.163038e-02 1.410238e-02 1.467255e-02 1.680894e-02 1.884638e-02 2.033609e-02 2.604684e-02 3.152074e-02 3.293309e-02 4.040207e-02 5.078276e-02 5.019597e-02 5.188993e-02 6.101697e-02 5.892481e-02 5.130012e-02 5.072247e-02 4.647478e-02 3.641603e-02 3.192108e-02 3.074950e-02 2.604475e-02 2.300948e-02 2.696454e-02 3.433557e-02 3.555226e-02 3.347558e-02 3.746046e-02 4.533994e-02 4.611177e-02 3.936103e-02 3.528412e-02 3.587069e-02 4.056450e-02 4.838005e-02 6.003572e-02 7.532251e-02 8.818860e-02 9.155324e-02 8.583262e-02 7.417483e-02 6.088537e-02 5.152950e-02 4.621544e-02 4.803155e-02 5.408704e-02 6.023313e-02 5.833288e-02 4.933976e-02 3.743724e-02 2.801465e-02 2.201312e-02 1.824529e-02 1.564282e-02 1.374950e-02 1.241199e-02 1.044010e-02 7.341145e-03 4.118052e-03 2.114832e-03 1.263126e-03 1.047660e-03 1.156510e-03 1.313499e-03 1.151982e-03 7.368154e-04 4.758552e-04 4.127517e-04 4.568965e-04 4.177013e-04 1.993397e-04 4.393289e-05 9.659823e-06 4.789359e-06 3.270439e-06 1.245736e-06 1.283771e-07 1.888437e-09 2.227007e-12 5.265369e-16 2.536030e-19 4.135583e-21 1.294417e-21 2.312025e-22 1.006281e-24 1.063682e-30 8.529059e-40 2.802597e-45 1.401298e-45 1.401298e-45 1.401298e-45 1.401298e-45 1.401298e-45 2.802597e-45 2.802597e-45 2.802597e-45 1.401298e-45 1.401298e-45 1.401298e-45 1.401298e-45 2.802597e-45 2.802597e-45 2.802597e-45 2.802597e-45 1.401298e-45 1.401298e-45 1.401298e-45 1.401298e-45 1.401298e-45 1.401298e-45 2.802597e-45 1.401298e-45 1.401298e-45 1.401298e-45 1.401298e-45 1.401298e-45 1.401298e-45 1.401298e-45 1.401298e-45
1.401298e-45 1.401298e-45 5.605194e-45 5.776831e-26 9.050203e-21 2.229327e-16 3.277440e-18 7.555674e-30 1.675698e-38 9.809089e-43 9.809089e-45 1.399897e-42 1.557016e-38 1.007558e-34 1.124670e-30 4.726793e-26 3.771023e-21 1.732926e-16 4.692488e-12 6.252541e-09 4.470613e-07 1.361011e-06 1.166446e-06 1.627832e-06 3.712870e-06 2.438715e-05 5.018325e-05 1.955143e-04 2.390797e-04 6.725720e-04 7.865113e-04 1.288158e-03 8.413863e-04 3.585748e-04 1.690121e-04 5.507053e-05 8.855217e-05 1.072323e-04 3.195600e-04 8.648079e-04 2.396623e-03 5.487973e-03 7.141179e-03 1.137853e-02 8.570204e-03 8.283846e-03 6.509009e-03 5.379524e-03 6.415942e-03 5.434722e-03 6.670638e-03 7.648932e-03 5.931155e-03 6.974418e-03 5.757220e-03 4.638493e-03 5.881219e-03 5.236819e-03 5.206130e-03 6.794841e-03 6.533314e-03 6.984633e-03 8.860666e-03 8.798784e-03 9.067873e-03 1.071552e-02 1.089286e-02 1.078628e-02 1.157667e-02 1.307618e-02 1.656578e-02 2.074464e-02 2.638134e-02 3.527724e-02 3.818930e-02 3.627118e-02 4.052388e-02 4.422112e-02 4.049859e-02 4.193318e-02 4.797086e-02 4.193651e-02 3.223378e-02 3.080734e-02 2.918794e-02 2.236853e-02 1.904847e-02 2.011296e-02 2.003547e-02 1.939814e-02 2.417647e-02 3.432703e-02 3.872655e-02 3.588308e-02 3.761016e-02 4.622678e-02 4.887997e-02 4.065293e-02 3.239943e-02 3.177203e-02 3.757073e-02 4.652916e-02 5.592497e-02 6.349658e-02 6.700893e-02 6.558505e-02 5.991116e-02 5.268870e-02 4.734875e-02 4.223545e-02 4.004686e-02 3.937859e-02 4.116853e-02 4.315695e-02 4.336714e-02 3.727918e-02 2.706166e-02 1.778189e-02 1.190228e-02 8.529845e-03 6.366269e-03 5.037608e-03 4.514259e-03 4.641199e-03 4.535854e-03 3.343726e-03 1.732068e-03 7.875736e-04 4.440626e-04 3.795599e-04 4.093471e-04 3.663351e-04 2.269253e-04 1.200825e-04 9.360100e-05 1.191260e-04 1.551280e-04 1.107822e-04 4.144456e-05 8.772520e-06 1.475693e-06 2.810590e-07 8.259907e-08 1.979276e-08 2.989566e-10 3.205350e-14 7.518509e-20 8.147293e-26 4.877419e-31 5.042843e-34 4.310838e-35 4.545936e-35 4.008332e-36 1.516569e-40 2.802597e-45 2.802597e-45 1.401298e-45 1.401298e-45 1.401298e-45 1.401298e-45 1.401298e-45 1.401298e-45 2.802597e-45 2.802597e-45 2.802597e-45 1.401298e-45 1.401298e-45 1.401298e-45 2.802597e-45 2.802597e-45 2.802597e-45 2.802597e-45 2.802597e-45 1.401298e-45 1.401298e-45 1.401298e-45 1.401298e-45 1.401298e-45 1.401298e-45 1.401298e-45 1.401298e-45 1.401298e-45 1.401298e-45 1.401298e-45 1.401298e-45
1.401298e-45 2.802597e-45 6.305843e-44 5.605194e-45 1.681558e-44 1.541428e-44 5.605194e-45 1.876507e-40 9.375451e-38 1.539329e-39 1.042258e-40 3.407901e-38 6.804334e-35 1.550431e-31 2.252366e-27 1.267924e-21 6.639969e-16 1.900197e-11 7.132812e-10 2.191490e-10 3.005757e-12 2.543352e-13 8.047770e-13 9.644226e-11 3.763712e-08 2.275654e-06 1.199238e-04 5.876579e-04 3.076707e-03 1.584567e-03 1.166795e-03 3.588455e-04 1.664900e-04 1.657265e-04 8.602850e-05 2.958244e-04 3.518882e-04 6.899409e-04 1.048498e-03 1.250945e-03 2.705873e-03 4.139585e-03 7.146485e-03 9.424616e-03 8.123377e-03 9.077908e-03 7.640565e-03 6.677656e-03 8.612892e-03 6.693628e-03 6.606849e-03 8.219715e-03 6.048455e-03 6.285650e-03 6.955087e-03 5.109791e-03 5.414390e-03 5.201522e-03 4.227012e-03 5.018218e-03 5.323288e-03 5.830348e-03 8.374077e-03 9.833538e-03 1.036935e-02 1.076612e-02 9.537422e-03 9.182976e-03 1.036661e-02 1.254248e-02 1.867647e-02 3.059198e-02 3.802186e-02 4.212372e-02 4.933680e-02 4.622050e-02 3.936841e-02 3.913776e-02 3.477702e-02 2.756157e-02 2.902883e-02 3.151860e-02 2.396003e-02 1.921506e-02 2.142747e-02 2.131209e-02 1.619050e-02 1.469507e-02 1.773097e-02 1.986201e-02 1.946174e-02 2.257854e-02 3.222460e-02 4.134906e-02 4.099939e-02 3.812550e-02 3.853200e-02 3.985465e-02 3.715702e-02 3.560749e-02 3.953918e-02 4.961352e-02 6.197141e-02 6.926448e-02 6.784149e-02 6.185439e-02 5.510189e-02 4.797051e-02 4.207111e-02 3.564214e-02 3.153043e-02 2.828002e-02 2.670688e-02 2.580041e-02 2.610222e-02 2.615223e-02 2.403978e-02 1.858766e-02 1.201103e-02 6.877130e-03 3.804301e-03 2.195773e-03 1.435281e-03 1.155617e-03 1.176937e-03 1.306328e-03 1.181345e-03 7.397073e-04 3.857863e-04 2.390707e-04 2.054317e-04 2.030428e-04 1.520783e-04 6.881613e-05 2.405459e-05 1.147171e-05 1.212195e-05 2.193260e-05 2.358410e-05 7.304637e-06 6.324478e-07 2.049907e-08 8.473963e-10 1.087619e-10 1.883436e-11 7.668816e-13 1.007958e-15 4.006124e-21 5.880350e-29 8.311780e-38 2.802597e-45 1.401298e-45 1.401298e-45 1.401298e-45 1.401298e-45 2.802597e-45 2.802597e-45 2.802597e-45 1.401298e-45 1.401298e-45 1.401298e-45 1.401298e-45 1.401298e-45 1.401298e-45 1.401298e-45 1.401298e-45 1.401298e-45 1.401298e-45 1.401298e-45 1.401298e-45 1.401298e-45 1.401298e-45 2.802597e-45 1.401298e-45 1.401298e-45 1.401298e-45 1.401298e-45 1.401298e-45 1.401298e-45 1.401298e-45 1.401298e-45 1.401298e-45 1.401298e-45 1.401298e-45 1.401298e-45
2.802597e-45 1.401298e-45 4.203895e-45 8.696035e-39 8.573144e-42 5.885454e-44 9.350865e-42 2.260294e-41 4.203895e-45 2.802597e-45 2.802597e-45 4.203895e-45 3.168580e-39 1.763518e-30 8.157642e-23 3.938015e-17 2.133321e-13 1.283843e-12 1.536835e-13 6.192260e-16 7.913348e-17 4.042279e-16 9.374744e-14 7.799157e-11 4.626194e-08 9.122672e-06 6.368320e-05 2.332529e-04 9.616286e-05 9.292390e-05 3.671612e-05 3.551747e-05 6.457769e-05 7.039550e-05 4.887829e-04 4.595488e-04 1.841267e-03 2.494243e-03 2.858191e-03 5.536553e-03 2.835243e-03 4.802466e-03 3.478262e-03 3.158689e-03 5.455869e-03 3.507088e-03 8.055138e-03 1.103711e-02 8.461012e-03 1.662686e-02 9.180441e-03 6.566877e-03 8.504719e-03 3.709089e-03 4.223281e-03 5.664918e-03 3.673379e-03 5.643589e-03 6.437720e-03 5.258137e-03 7.788780e-03 7.707576e-03 7.147462e-03 9.920495e-03 9.530726e-03 9.824837e-03 1.318645e-02 1.242691e-02 1.450031e-02 2.409161e-02 2.659966e-02 2.949592e-02 4.650338e-02 5.061348e-02 3.924615e-02 3.828570e-02 3.703292e-02 2.927594e-02 2.598825e-02 2.480192e-02 2.202559e-02 2.124987e-02 2.164976e-02 1.878103e-02 1.641503e-02 1.767823e-02 1.792558e-02 1.431927e-02 1.306805e-02 1.695909e-02 2.205703e-02 2.195131e-02 2.143675e-02 2.669587e-02 3.621458e-02 4.153063e-02 3.935225e-02 3.618005e-02 3.388538e-02 3.365037e-02 3.470654e-02 3.784285e-02 4.369624e-02 5.135274e-02 5.767125e-02 5.967245e-02 5.682145e-02 5.068677e-02 4.502370e-02 3.790020e-02 3.248454e-02 2.763760e-02 2.413113e-02 2.115307e-02 1.890804e-02 1.693311e-02 1.478828e-02 1.194650e-02 8.315341e-03 4.991164e-03 2.691498e-03 1.356223e-03 6.764527e-04 3.666928e-04 2.419054e-04 2.019674e-04 2.079901e-04 2.122618e-04 1.696676e-04 1.086016e-04 7.793862e-05 7.525556e-05 8.228705e-05 6.998194e-05 3.713154e-05 1.657455e-05 9.934049e-06 8.468907e-06 8.109276e-06 7.448564e-06 1.911356e-06 5.009847e-08 1.637376e-10 2.212043e-13 5.858649e-16 7.621942e-18 2.778426e-19 1.538138e-20 3.906195e-23 2.658975e-29 8.933083e-39 2.802597e-45 1.401298e-45 1.401298e-45 1.401298e-45 1.401298e-45 1.401298e-45 1.401298e-45 2.802597e-45 2.802597e-45 1.401298e-45 1.401298e-45 1.401298e-45 1.401298e-45 1.401298e-45 2.802597e-45 2.802597e-45 2.802597e-45 1.401298e-45 1.401298e-45 1.401298e-45 1.401298e-45 1.401298e-45 2.802597e-45 2.802597e-45 2.802597e-45 2.802597e-45 1.401298e-45 1.401298e-45 1.401298e-45 1.401298e-45 1.401298e-45 1.401298e-45 1.401298e-45 1.401298e-45
1.401298e-45 1.401298e-45 1.401298e-45 1.401298e-45 1.401298e-45 1.401298e-45 1.401298e-45 1.401298e-45 1.401298e-45 2.802597e-45 4.203895e-45 5.605194e-45 4.275433e-39 4.849512e-28 3.399855e-22 1.243847e-20 7.812955e-22 2.282496e-24 8.528240e-27 3.153558e-26 1.878059e-23 6.515429e-19 1.610555e-14 4.468449e-11 1.341225e-08 3.175227e-07 3.219850e-06 3.289363e-06 7.937217e-06 6.430844e-06 1.731468e-05 3.559712e-05 5.178663e-05 1.982313e-04 1.368760e-04 6.383598e-04 6.349420e-04 1.952746e-03 3.451272e-03 3.423600e-03 8.163697e-03 2.774294e-03 3.760644e-03 2.024591e-03 1.110947e-03 2.916734e-03 2.317905e-03 6.162649e-03 1.184098e-02 6.052932e-03 1.170391e-02 6.209479e-03 3.441264e-03 5.357382e-03 2.469318e-03 2.861020e-03 5.248006e-03 3.735302e-03 5.951202e-03 7.807969e-03 5.453263e-03 7.686130e-03 8.208656e-03 6.758164e-03 9.399882e-03 1.035254e-02 1.106381e-02 1.772834e-02 2.031390e-02 2.156159e-02 3.250690e-02 3.130158e-02 2.350564e-02 2.779629e-02 2.975268e-02 2.275104e-02 2.274873e-02 2.664737e-02 2.304279e-02 1.968117e-02 2.047711e-02 2.031568e-02 1.874991e-02 1.817458e-02 1.695629e-02 1.573254e-02 1.655325e-02 1.716458e-02 1.496294e-02 1.380886e-02 1.773611e-02 2.519009e-02 2.779612e-02 2.538024e-02 2.577853e-02 3.015235e-02 3.158155e-02 2.816702e-02 2.434828e-02 2.448956e-02 2.781618e-02 3.330902e-02 3.967715e-02 4.582622e-02 5.066865e-02 5.243190e-02 4.904694e-02 4.125701e-02 3.480764e-02 2.961670e-02 2.779371e-02 2.678199e-02 2.544234e-02 2.160684e-02 1.637537e-02 1.166681e-02 8.092106e-03 5.429255e-03 3.346829e-03 1.998736e-03 1.203248e-03 7.330105e-04 4.257239e-04 2.256126e-04 1.166770e-04 6.809925e-05 5.275907e-05 5.348849e-05 6.286908e-05 6.537795e-05 4.980587e-05 3.068375e-05 2.314937e-05 2.444473e-05 2.915337e-05 2.820831e-05 1.752478e-05 6.613446e-06 2.280668e-06 1.287454e-06 1.364343e-06 8.596032e-07 3.175855e-08 3.501397e-11 1.208129e-15 2.976641e-21 1.846900e-26 1.349854e-29 8.031236e-31 2.956578e-31 1.806662e-33 1.147906e-39 2.802597e-45 2.802597e-45 1.401298e-45 1.401298e-45 1.401298e-45 1.401298e-45 1.401298e-45 1.401298e-45 1.401298e-45 1.401298e-45 1.401298e-45 1.401298e-45 1.401298e-45 1.401298e-45 2.802597e-45 2.802597e-45 2.802597e-45 2.802597e-45 1.401298e-45 1.401298e-45 1.401298e-45 1.401298e-45 1.401298e-45 1.401298e-45 1.401298e-45 1.401298e-45 1.401298e-45 1.401298e-45 1.401298e-45 1.401298e-45 1.401298e-45 1.401298e-45 1.401298e-45
1.401298e-45 1.401298e-45 1.401298e-45 1.401298e-45 1.401298e-45 1.401298e-45 1.401298e-45 1.401298e-45 1.401298e-45 4.203895e-45 5.605194e-45 4.614588e-35 1.883606e-27 4.862502e-26 9.247792e-29 1.719113e-33 1.926010e-37 1.135345e-38 1.854229e-36 2.248952e-32 1.362242e-26 9.782219e-21 9.466698e-15 2.378297e-10 5.276168e-08 1.028355e-06 2.133367e-06 9.757177e-06 1.162980e-05 3.400788e-05 3.534715e-05 7.140890e-05 1.399747e-04 1.068186e-04 3.661712e-04 3.267057e-04 1.892498e-03 2.534778e-03 5.173739e-03 6.612533e-03 3.696310e-03 5.552363e-03 1.880492e-03 1.815822e-03 1.349847e-03 8.317580e-04 2.068646e-03 1.946670e-03 3.673562e-03 6.330868e-03 3.316082e-03 5.401059e-03 4.386369e-03 3.168329e-03 5.511054e-03 3.632036e-03 3.497061e-03 4.803542e-03 3.657215e-03 5.117703e-03 6.877847e-03 6.191052e-03 8.678905e-03 1.030272e-02 9.663764e-03 1.225025e-02 1.283496e-02 1.259661e-02 1.597716e-02 1.682093e-02 1.599867e-02 1.825902e-02 1.822453e-02 1.518869e-02 1.552658e-02 1.725492e-02 1.642421e-02 1.666288e-02 1.872141e-02 1.846917e-02 1.716306e-02 1.683743e-02 1.603873e-02 1.546995e-02 1.573528e-02 1.467335e-02 1.307254e-02 1.379963e-02 1.641612e-02 1.791385e-02 1.859300e-02 2.141383e-02 2.673615e-02 3.005029e-02 2.916465e-02 2.798983e-02 2.738525e-02 2.603854e-02 2.248962e-02 2.011531e-02 2.007582e-02 2.294195e-02 2.791589e-02 3.358519e-02 3.871033e-02 4.250177e-02 4.265839e-02 3.632165e-02 2.831844e-02 2.118102e-02 1.822395e-02 1.749762e-02 1.814787e-02 1.744699e-02 1.456988e-02 1.043685e-02 6.527869e-03 3.728942e-03 1.903208e-03 9.207315e-04 4.562892e-04 2.549129e-04 1.595587e-04 1.036368e-04 6.775050e-05 4.459058e-05 3.162062e-05 2.502923e-05 2.469202e-05 2.952668e-05 3.682517e-05 3.816301e-05 3.280289e-05 2.712067e-05 2.465559e-05 2.220732e-05 1.606200e-05 4.925470e-06 4.072054e-07 1.988294e-08 3.297659e-09 1.847728e-09 1.998974e-09 1.264627e-09 2.095077e-11 3.986331e-16 5.804681e-24 3.928053e-33 1.201249e-40 5.605194e-45 1.401298e-45 2.802597e-45 1.401298e-45 2.802597e-45 2.802597e-45 1.401298e-45 1.401298e-45 1.401298e-45 1.401298e-45 1.401298e-45 1.401298e-45 1.401298e-45 1.401298e-45 1.401298e-45 1.401298e-45 1.401298e-45 1.401298e-45 1.401298e-45 1.401298e-45 1.401298e-45 2.802597e-45 1.401298e-45 1.401298e-45 1.401298e-45 1.401298e-45 1.401298e-45 1.401298e-45 1.401298e-45 1.401298e-45 1.401298e-45 1.401298e-45 1.401298e-45 1.401298e-45 1.401298e-45 1.401298e-45
0.000000e+00 0.000000e+00 0.000000e+00 0.000000e+00 0.000000e+00 1.401298e-45 1.401298e-45 2.802597e-45 6.429733e-35 3.957179e-22 2.968498e-15 2.377752e-16 3.802638e-22 2.100869e-30 9.442999e-39 5.605194e-44 8.407791e-45 8.814167e-43 1.088121e-38 2.788376e-32 3.565475e-25 1.183188e-18 1.489748e-13 5.428766e-10 1.836114e-07 5.109268e-06 4.071878e-05 4.197363e-05 3.957365e-05 1.209447e-05 1.224490e-05 1.146857e-05 2.529364e-05 7.534139e-05 1.733757e-04 1.316309e-03 2.327021e-03 9.074826e-03 6.819632e-03 5.346952e-03 3.673542e-03 1.457473e-03 1.829307e-03 1.082513e-03 1.409460e-03 1.696824e-03 1.427066e-03 1.936361e-03 1.507349e-03 1.761539e-03 2.340750e-03 2.042437e-03 3.195407e-03 3.815350e-03 3.977448e-03 5.286377e-03 4.295710e-03 4.048245e-03 4.133146e-03 3.972901e-03 5.539475e-03 7.030454e-03 8.877167e-03 1.249425e-02 1.253961e-02 1.298985e-02 1.556338e-02 1.324332e-02 1.154111e-02 1.259425e-02 1.117874e-02 9.915597e-03 1.139178e-02 1.308958e-02 1.358915e-02 1.414541e-02 1.518485e-02 1.550008e-02 1.405485e-02 1.246409e-02 1.266808e-02 1.366705e-02 1.273250e-02 1.123799e-02 1.225791e-02 1.523316e-02 1.575626e-02 1.399223e-02 1.435491e-02 1.685804e-02 1.910723e-02 2.023715e-02 2.150367e-02 2.271122e-02 2.238528e-02 2.068339e-02 1.870262e-02 1.780824e-02 1.736090e-02 1.852296e-02 2.105176e-02 2.478679e-02 2.855658e-02 3.207904e-02 3.535075e-02 3.795589e-02 3.895270e-02 3.567337e-02 2.938070e-02 1.987576e-02 1.260726e-02 8.015763e-03 6.052720e-03 5.408712e-03 5.319933e-03 5.057164e-03 4.266584e-03 3.187144e-03 1.959299e-03 1.003003e-03 4.401714e-04 1.844749e-04 8.862632e-05 5.815297e-05 5.276198e-05 5.111327e-05 4.312957e-05 2.980912e-05 2.084304e-05 1.826389e-05 2.293962e-05 3.241096e-05 4.068943e-05 3.988172e-05 2.925432e-05 1.987548e-05 1.932401e-05 1.383683e-05 1.714806e-06 2.902143e-08 1.947427e-10 1.329656e-12 3.013276e-14 5.865406e-15 2.205437e-14 4.520148e-14 7.187953e-17 1.902153e-24 1.175716e-35 2.802597e-45 1.401298e-45 1.401298e-45 1.401298e-45 1.401298e-45 1.401298e-45 2.802597e-45 2.802597e-45 2.802597e-45 1.401298e-45 1.401298e-45 1.401298e-45 1.401298e-45 1.401298e-45 2.802597e-45 2.802597e-45 1.401298e-45 1.401298e-45 1.401298e-45 1.401298e-45 1.401298e-45 1.401298e-45 2.802597e-45 2.802597e-45 2.802597e-45 1.401298e-45 1.401298e-45 1.401298e-45 1.401298e-45 1.401298e-45 1.401298e-45 1.401298e-45 1.401298e-45 1.401298e-45 1.401298e-45 1.401298e-45
1.401298e-45 1.401298e-45 0.000000e+00 1.401298e-45 1.401298e-45 1.401298e-45 4.203895e-45 7.531229e-27 1.183419e-17 1.306559e-17 1.506928e-24 1.444659e-33 4.519748e-41 4.203895e-45 4.203895e-45 5.605194e-45 1.380279e-42 1.534393e-36 3.204390e-30 2.186103e-24 2.848631e-19 7.580848e-15 7.783318e-11 3.955159e-08 1.692656e-06 5.710843e-06 7.039735e-06 3.571884e-06 2.209289e-06 1.811585e-06 1.991713e-06 3.619358e-06 7.317726e-06 4.740894e-05 2.083524e-04 9.321318e-04 2.587705e-03 2.992675e-03 4.701799e-03 2.943456e-03 2.692115e-03 1.775915e-03 1.182092e-03 1.284030e-03 1.123091e-03 1.616739e-03 1.702389e-03 1.703811e-03 1.937962e-03 1.385820e-03 1.405073e-03 1.480947e-03 1.627302e-03 2.171772e-03 2.246869e-03 2.798786e-03 3.122947e-03 3.378875e-03 4.624428e-03 5.020420e-03 6.369161e-03 8.888799e-03 8.381969e-03 1.040519e-02 1.409831e-02 1.153684e-02 1.221743e-02 1.534549e-02 1.093576e-02 8.882239e-03 1.021265e-02 8.756503e-03 8.148585e-03 1.093220e-02 1.247874e-02 1.228596e-02 1.385935e-02 1.404612e-02 1.150656e-02 9.548221e-03 8.200171e-03 7.637795e-03 8.184303e-03 8.803257e-03 8.925671e-03 9.754711e-03 1.183872e-02 1.302464e-02 1.226465e-02 1.210171e-02 1.425097e-02 1.664165e-02 1.670981e-02 1.590262e-02 1.624056e-02 1.726384e-02 1.698307e-02 1.619859e-02 1.549477e-02 1.585787e-02 1.682731e-02 1.926527e-02 2.338309e-02 2.858312e-02 3.332408e-02 3.624415e-02 3.667493e-02 3.301672e-02 2.818162e-02 2.124662e-02 1.466306e-02 8.605056e-03 4.884820e-03 3.029044e-03 2.279510e-03 1.976952e-03 1.671978e-03 1.324493e-03 9.678078e-04 7.188273e-04 4.875390e-04 2.678200e-04 1.214851e-04 5.696502e-05 3.645187e-05 3.474910e-05 4.316690e-05 4.746167e-05 4.132961e-05 3.511813e-05 3.729131e-05 4.240557e-05 4.436092e-05 3.674032e-05 1.902484e-05 6.438927e-06 3.145519e-06 3.048658e-06 2.140139e-06 3.130904e-07 5.907348e-09 1.474404e-11 4.307124e-15 9.424192e-19 4.634075e-21 1.270153e-21 3.188704e-21 7.139550e-22 8.614662e-26 6.318438e-34 7.006492e-45 1.401298e-45 1.401298e-45 1.401298e-45 1.401298e-45 1.401298e-45 1.401298e-45 1.401298e-45 1.401298e-45 2.802597e-45 1.401298e-45 1.401298e-45 1.401298e-45 2.802597e-45 2.802597e-45 2.802597e-45 2.802597e-45 1.401298e-45 1.401298e-45 1.401298e-45 1.401298e-45 1.401298e-45 1.401298e-45 1.401298e-45 2.802597e-45 2.802597e-45 2.802597e-45 1.401298e-45 1.401298e-45 1.401298e-45 1.401298e-45 1.401298e-45 1.401298e-45 1.401298e-45 1.401298e-45
0.000000e+00 1.401298e-45 1.401298e-45 2.802597e-45 9.131315e-29 7.956233e-16 5.304618e-15 2.335048e-20 3.246224e-30 2.164502e-40 4.203895e-45 4.203895e-45 4.203895e-45 7.006492e-45 4.014720e-42 8.037884e-37 3.021644e-31 1.462012e-25 1.486150e-20 2.796164e-16 1.971823e-12 1.417257e-09 1.429421e-07 8.286215e-07 6.931423e-07 5.460286e-07 4.459433e-07 2.313788e-06 3.307609e-06 1.874217e-05 2.625719e-05 8.823246e-05 1.744819e-04 2.173217e-04 4.000408e-04 2.219294e-04 5.740790e-04 6.146791e-04 1.304394e-03 2.441954e-03 1.899429e-03 3.896920e-03 2.158527e-03 2.226840e-03 1.956570e-03 1.141931e-03 1.855537e-03 1.375880e-03 1.538594e-03 1.972744e-03 1.504296e-03 1.898414e-03 1.627957e-03 1.696326e-03 1.999025e-03 1.783807e-03 2.899432e-03 3.554388e-03 4.420084e-03 8.148656e-03 7.754619e-03 8.878967e-03 1.282330e-02 8.761921e-03 8.577152e-03 1.225596e-02 8.521444e-03 7.154269e-03 9.604401e-03 8.139609e-03 6.887620e-03 8.890312e-03 9.159841e-03 8.229421e-03 9.684687e-03 1.030348e-02 8.802191e-03 8.404529e-03 8.067716e-03 6.638507e-03 6.045009e-03 6.278918e-03 5.925753e-03 5.625178e-03 6.059000e-03 6.482231e-03 6.684506e-03 7.141481e-03 7.837296e-03 8.378393e-03 9.614498e-03 1.224157e-02 1.522672e-02 1.606593e-02 1.504171e-02 1.448967e-02 1.435175e-02 1.449605e-02 1.454543e-02 1.565404e-02 1.742761e-02 2.030560e-02 2.389430e-02 2.756918e-02 3.051788e-02 3.177338e-02 3.019500e-02 2.453043e-02 1.876094e-02 1.348537e-02 9.974306e-03 6.956038e-03 4.722266e-03 3.037476e-03 1.919064e-03 1.227941e-03 7.998086e-04 5.633705e-04 3.935740e-04 3.055421e-04 2.827786e-04 3.145390e-04 2.929684e-04 1.751207e-04 7.370402e-05 3.261587e-05 2.255050e-05 2.571911e-05 3.725265e-05 4.522438e-05 4.272485e-05 3.657438e-05 3.082427e-05 2.675806e-05 2.162193e-05 9.388505e-06 1.647444e-06 1.908067e-07 2.806906e-08 7.031587e-09 2.587502e-09 3.443595e-10 1.216374e-12 5.626182e-17 1.676846e-22 1.163241e-27 1.653639e-31 1.634498e-33 9.119364e-34 7.981096e-34 1.570766e-36 2.662467e-43 2.802597e-45 1.401298e-45 1.401298e-45 1.401298e-45 1.401298e-45 1.401298e-45 1.401298e-45 2.802597e-45 2.802597e-45 1.401298e-45 1.401298e-45 1.401298e-45 1.401298e-45 1.401298e-45 1.401298e-45 1.401298e-45 2.802597e-45 1.401298e-45 1.401298e-45 1.401298e-45 1.401298e-45 1.401298e-45 1.401298e-45 1.401298e-45 1.401298e-45 1.401298e-45 1.401298e-45 1.401298e-45 1.401298e-45 1.401298e-45 1.401298e-45 1.401298e-45 1.401298e-45
1.401298e-45 1.401298e-45 4.203895e-45 4.135383e-33 9.794694e-26 2.197288e-18 5.919192e-19 1.310496e-31 3.480825e-41 5.605194e-45 4.203895e-45 4.203895e-45 7.006492e-45 2.707309e-42 1.098017e-36 1.747349e-30 1.644929e-24 2.755396e-19 1.066705e-14 5.159839e-11 2.759661e-09 4.893333e-09 3.360088e-10 1.153921e-10 1.773586e-10 4.270035e-09 1.897290e-07 3.567277e-06 9.007460e-05 1.340591e-04 7.779876e-04 3.649173e-04 7.299681e-04 3.034118e-04 1.596233e-04 1.649104e-04 5.651474e-05 2.030169e-04 1.403449e-04 5.785598e-04 1.481488e-03 1.301971e-03 4.842271e-03 1.994441e-03 3.128476e-03 2.241097e-03 1.037124e-03 1.945990e-03 1.122489e-03 1.606662e-03 2.059672e-03 1.722597e-03 2.687525e-03 2.243257e-03 2.405910e-03 2.952505e-03 2.523578e-03 3.669729e-03 4.183317e-03 4.410960e-03 7.437250e-03 7.558530e-03 7.948692e-03 1.165555e-02 8.468250e-03 6.048384e-03 7.665939e-03 6.368212e-03 4.688342e-03 6.528240e-03 8.629042e-03 8.113506e-03 9.625698e-03 1.237396e-02 1.077150e-02 8.117089e-03 7.518128e-03 7.407540e-03 6.178110e-03 5.012945e-03 4.768648e-03 4.593826e-03 3.958805e-03 3.608566e-03 3.877164e-03 4.321741e-03 4.649707e-03 5.111274e-03 5.917571e-03 6.693531e-03 7.883800e-03 1.038906e-02 1.430625e-02 1.775107e-02 1.925443e-02 1.982372e-02 1.912285e-02 1.725000e-02 1.439976e-02 1.305546e-02 1.330031e-02 1.511066e-02 1.783435e-02 2.101745e-02 2.366414e-02 2.403201e-02 2.148701e-02 1.670945e-02 1.274225e-02 9.121210e-03 6.528732e-03 4.439650e-03 3.132000e-03 2.139258e-03 1.382197e-03 8.647886e-04 5.461436e-04 3.756633e-04 2.435015e-04 1.605413e-04 1.165934e-04 1.106023e-04 1.233759e-04 1.341884e-04 1.054251e-04 6.123594e-05 3.659668e-05 3.091367e-05 3.527182e-05 3.756953e-05 2.939206e-05 1.652567e-05 7.758170e-06 4.882197e-06 5.681462e-06 6.973293e-06 3.373752e-06 4.042717e-07 1.217250e-08 1.553294e-10 3.189086e-12 3.474429e-13 9.856422e-14 4.713862e-15 1.959288e-18 1.836846e-24 6.649547e-33 1.899460e-41 1.401298e-45 1.401298e-45 1.401298e-45 1.401298e-45 1.401298e-45 1.401298e-45 2.802597e-45 2.802597e-45 1.401298e-45 1.401298e-45 1.401298e-45 1.401298e-45 1.401298e-45 2.802597e-45 2.802597e-45 1.401298e-45 1.401298e-45 1.401298e-45 1.401298e-45 1.401298e-45 2.802597e-45 2.802597e-45 2.802597e-45 2.802597e-45 1.401298e-45 1.401298e-45 1.401298e-45 1.401298e-45 1.401298e-45 1.401298e-45 1.401298e-45 1.401298e-45 1.401298e-45 1.401298e-45 1.401298e-45 1.401298e-45 1.401298e-45
1.401298e-45 2.802597e-45 2.802597e-45 4.203895e-45 8.407791e-45 5.605194e-45 4.203895e-45 1.261169e-43 3.219890e-40 1.531619e-42 4.203895e-45 2.802597e-44 2.346895e-41 3.650297e-37 2.650747e-32 5.239999e-26 7.761612e-20 1.222778e-14 2.433892e-12 2.026085e-13 5.782154e-17 5.763792e-21 8.051627e-22 7.265287e-20 1.021119e-15 6.779911e-12 3.406966e-08 7.103021e-06 8.851432e-05 3.961155e-04 1.602205e-04 3.205773e-04 6.428408e-05 2.038845e-04 1.016806e-04 2.283990e-04 4.428980e-04 2.460303e-04 9.041674e-04 3.165003e-04 9.926765e-04 1.023842e-03 1.041974e-03 2.710031e-03 9.975671e-04 2.580691e-03 1.801639e-03 1.574115e-03 3.144767e-03 1.758490e-03 2.714111e-03 3.115951e-03 2.466356e-03 4.028825e-03 4.036257e-03 3.973952e-03 4.815547e-03 4.119247e-03 4.307235e-03 5.016471e-03 5.356745e-03 6.836866e-03 7.751600e-03 8.251436e-03 9.838700e-03 8.229569e-03 6.039987e-03 6.378123e-03 6.354223e-03 5.626090e-03 7.978585e-03 1.239807e-02 1.203752e-02 1.077041e-02 1.129289e-02 9.658664e-03 6.564627e-03 5.308505e-03 5.367473e-03 4.850900e-03 3.960144e-03 4.035574e-03 4.388046e-03 3.657237e-03 2.951741e-03 3.150489e-03 3.785149e-03 4.160542e-03 4.788575e-03 6.041874e-03 7.675586e-03 9.417907e-03 1.223583e-02 1.653612e-02 2.029523e-02 2.121231e-02 1.949308e-02 1.808835e-02 1.632134e-02 1.430285e-02 1.230967e-02 1.197649e-02 1.349691e-02 1.622637e-02 1.850395e-02 1.869590e-02 1.646149e-02 1.245612e-02 8.876548e-03 5.694885e-03 3.620312e-03 2.140334e-03 1.334633e-03 8.840973e-04 6.306795e-04 4.699717e-04 3.519933e-04 2.779872e-04 1.972087e-04 1.276647e-04 7.475978e-05 4.816383e-05 3.481531e-05 3.049155e-05 3.037553e-05 3.144632e-05 2.881345e-05 2.438580e-05 2.160964e-05 2.029127e-05 1.938996e-05 1.459062e-05 6.751672e-06 2.111196e-06 7.706940e-07 5.318353e-07 6.564072e-07 6.339516e-07 1.096241e-07 1.101319e-09 1.215919e-12 1.122034e-15 3.964387e-18 1.135877e-19 2.250954e-20 2.737360e-21 1.298276e-24 2.586897e-32 2.466285e-43 1.401298e-45 1.401298e-45 1.401298e-45 1.401298e-45 1.401298e-45 1.401298e-45 1.401298e-45 2.802597e-45 2.802597e-45 1.401298e-45 1.401298e-45 1.401298e-45 1.401298e-45 1.401298e-45 2.802597e-45 2.802597e-45 1.401298e-45 1.401298e-45 1.401298e-45 1.401298e-45 1.401298e-45 1.401298e-45 1.401298e-45 2.802597e-45 2.802597e-45 1.401298e-45 1.401298e-45 1.401298e-45 1.401298e-45 1.401298e-45 1.401298e-45 1.401298e-45 1.401298e-45 1.401298e-45 1.401298e-45 0.000000e+00
2.802597e-45 1.401298e-45 2.802597e-45 4.203895e-45 2.802597e-45 2.802597e-45 4.203895e-45 4.203895e-45 2.802597e-45 2.802597e-45 2.802597e-45 2.802597e-45 4.203895e-45 2.888490e-37 1.330299e-28 2.677017e-22 7.423530e-18 9.361383e-17 3.867571e-18 6.415196e-22 1.562611e-25 8.493867e-27 3.324290e-25 6.136149e-21 5.922065e-16 4.888606e-11 2.442283e-08 1.203304e-06 4.011113e-06 9.052569e-06 1.115487e-05 9.564136e-06 4.102300e-05 2.822268e-05 3.423249e-04 2.472847e-04 1.453759e-03 1.808936e-03 1.298652e-03 2.241204e-03 4.154129e-04 8.055071e-04 2.692157e-04 3.507244e-04 7.273899e-04 6.188218e-04 2.706601e-03 3.008779e-03 4.398919e-03 7.762220e-03 4.719539e-03 5.156602e-03 5.273507e-03 3.599073e-03 4.890890e-03 5.740473e-03 5.234730e-03 6.742146e-03 7.367549e-03 7.322514e-03 8.296536e-03 8.828434e-03 8.764320e-03 8.117137e-03 8.350438e-03 8.954693e-03 7.993408e-03 7.558785e-03 8.377925e-03 8.540588e-03 7.914971e-03 8.055096e-03 8.958490e-03 8.806271e-03 7.349837e-03 6.091789e-03 5.574293e-03 5.182858e-03 4.534711e-03 4.189001e-03 4.325484e-03 4.257231e-03 3.927621e-03 3.866548e-03 3.948911e-03 3.811145e-03 3.771791e-03 4.083870e-03 4.726678e-03 5.600635e-03 6.926900e-03 8.311994e-03 9.245687e-03 1.016545e-02 1.214336e-02 1.534632e-02 1.696495e-02 1.596135e-02 1.350825e-02 1.190005e-02 1.070047e-02 1.005554e-02 1.001108e-02 1.043378e-02 1.106961e-02 1.176008e-02 1.177296e-02 9.825157e-03 7.222296e-03 4.667263e-03 2.899022e-03 1.537723e-03 7.991490e-04 4.534782e-04 3.113173e-04 2.408884e-04 1.803969e-04 1.358974e-04 9.581575e-05 6.472666e-05 3.795141e-05 2.236460e-05 1.328492e-05 9.504847e-06 8.712033e-06 1.017078e-05 1.196239e-05 1.172997e-05 9.255934e-06 6.406025e-06 5.594623e-06 6.236620e-06 5.137370e-06 2.049845e-06 5.119458e-07 1.199470e-07 4.108897e-08 3.499485e-08 5.859500e-08 2.508254e-08 2.791169e-10 5.810345e-14 7.863095e-19 4.500435e-24 2.760040e-28 3.073037e-30 2.025049e-30 4.241485e-31 6.233643e-35 6.810311e-43 2.802597e-45 2.802597e-45 1.401298e-45 1.401298e-45 1.401298e-45 1.401298e-45 1.401298e-45 2.802597e-45 2.802597e-45 1.401298e-45 1.401298e-45 1.401298e-45 1.401298e-45 1.401298e-45 1.401298e-45 1.401298e-45 2.802597e-45 1.401298e-45 1.401298e-45 1.401298e-45 1.401298e-45 1.401298e-45 1.401298e-45 2.802597e-45 2.802597e-45 2.802597e-45 2.802597e-45 1.401298e-45 1.401298e-45 1.401298e-45 1.401298e-45 1.401298e-45 1.401298e-45 1.401298e-45 1.401298e-45
1.401298e-45 1.401298e-45 1.401298e-45 1.401298e-45 1.401298e-45 1.401298e-45 1.401298e-45 1.401298e-45 1.401298e-45 1.401298e-45 2.802597e-45 4.203895e-45 8.407791e-45 1.680645e-34 1.651848e-28 1.750877e-26 9.511902e-28 4.879470e-31 4.287064e-35 1.130853e-36 1.616523e-35 2.219673e-31 5.518144e-26 2.342701e-20 1.619170e-15 7.154241e-12 1.762694e-09 3.190761e-08 4.053025e-07 9.603053e-07 8.713983e-06 1.448632e-05 4.971662e-05 1.347385e-04 1.108816e-04 7.561978e-04 3.108844e-04 1.772575e-03 7.862629e-04 8.889559e-04 9.498899e-04 2.067233e-04 3.933806e-04 1.340054e-04 2.115900e-04 4.216435e-04 6.463312e-04 2.509342e-03 3.728373e-03 5.440902e-03 8.131581e-03 6.546295e-03 5.945120e-03 6.403851e-03 4.762220e-03 4.732761e-03 6.445128e-03 6.676583e-03 7.546427e-03 8.647167e-03 8.583348e-03 7.915366e-03 8.015697e-03 8.034485e-03 6.207260e-03 6.061437e-03 7.681472e-03 7.221579e-03 6.519496e-03 7.365558e-03 7.229524e-03 5.460399e-03 4.249008e-03 4.084630e-03 4.129973e-03 3.721569e-03 3.550248e-03 4.232423e-03 4.934973e-03 4.715538e-03 4.449432e-03 4.737672e-03 4.896190e-03 4.404811e-03 3.904155e-03 3.993181e-03 4.583443e-03 4.951266e-03 4.887514e-03 4.951070e-03 6.049468e-03 8.285261e-03 1.035812e-02 1.060914e-02 9.920570e-03 1.003920e-02 1.038345e-02 1.016614e-02 8.903149e-03 7.773065e-03 7.075307e-03 7.298380e-03 8.467145e-03 9.800596e-03 9.798977e-03 8.260021e-03 6.321892e-03 4.653751e-03 3.567236e-03 2.635759e-03 1.959049e-03 1.301469e-03 8.322494e-04 5.008265e-04 2.981403e-04 1.830364e-04 1.164188e-04 8.080719e-05 5.298757e-05 3.467037e-05 2.136449e-05 1.345071e-05 7.754570e-06 4.655919e-06 3.223302e-06 3.088987e-06 3.947197e-06 5.388314e-06 6.115467e-06 4.758958e-06 3.165465e-06 2.444769e-06 2.073700e-06 1.521979e-06 7.151860e-07 1.228637e-07 8.366693e-09 7.231869e-10 1.928531e-10 1.190923e-10 7.442267e-11 1.451572e-11 6.299072e-14 2.254392e-19 1.475294e-27 5.781903e-36 4.315999e-42 2.802597e-45 1.401298e-45 1.401298e-45 1.401298e-45 2.802597e-45 2.802597e-45 1.401298e-45 1.401298e-45 1.401298e-45 1.401298e-45 1.401298e-45 2.802597e-45 2.802597e-45 2.802597e-45 1.401298e-45 1.401298e-45 1.401298e-45 1.401298e-45 1.401298e-45 2.802597e-45 2.802597e-45 2.802597e-45 2.802597e-45 1.401298e-45 1.401298e-45 1.401298e-45 1.401298e-45 1.401298e-45 1.401298e-45 1.401298e-45 1.401298e-45 1.401298e-45 1.401298e-45 1.401298e-45 1.401298e-45 1.401298e-45 1.401298e-45 1.401298e-45
1.401298e-45 0.000000e+00 0.000000e+00 1.401298e-45 1.401298e-45 0.000000e+00 1.401298e-45 1.401298e-45 1.401298e-45 2.802597e-45 5.605194e-45 2.409398e-39 1.181136e-32 1.723987e-31 5.141783e-35 2.841959e-40 4.203895e-45 2.802597e-45 4.203895e-45 1.261169e-44 4.695038e-39 2.358046e-32 2.052759e-24 4.853297e-18 4.036011e-13 1.450280e-10 2.007490e-08 2.901172e-07 2.704801e-06 2.066729e-05 2.649774e-05 2.264184e-04 1.019359e-04 3.119808e-04 1.926866e-04 2.269547e-04 6.012166e-04 2.217797e-04 9.989426e-04 2.641868e-04 4.444212e-04 4.000706e-04 1.641261e-04 2.917546e-04 1.510504e-04 2.595672e-04 3.978211e-04 7.567395e-04 2.143065e-03 3.466720e-03 5.405615e-03 7.307868e-03 8.144858e-03 8.578486e-03 8.781850e-03 8.402569e-03 6.217648e-03 5.530117e-03 5.791232e-03 5.336242e-03 5.573326e-03 6.494623e-03 5.957005e-03 5.524020e-03 6.353470e-03 5.298737e-03 4.167136e-03 5.250417e-03 5.152921e-03 3.631976e-03 3.954895e-03 4.589495e-03 3.340508e-03 2.695519e-03 3.388301e-03 3.894393e-03 3.551290e-03 3.962873e-03 5.295628e-03 5.538741e-03 4.888648e-03 5.003960e-03 5.472213e-03 5.380150e-03 5.313085e-03 5.461997e-03 5.433443e-03 5.621376e-03 6.553866e-03 7.297656e-03 7.340444e-03 7.999841e-03 1.049861e-02 1.323519e-02 1.322071e-02 1.179250e-02 1.065655e-02 1.002970e-02 8.569969e-03 6.736095e-03 5.283811e-03 4.785991e-03 5.244419e-03 6.485245e-03 7.838291e-03 8.098839e-03 6.457063e-03 3.944927e-03 2.186980e-03 1.219422e-03 8.056462e-04 5.728870e-04 4.538230e-04 3.525400e-04 2.508781e-04 1.590800e-04 9.170418e-05 5.501380e-05 3.198329e-05 1.848764e-05 1.076024e-05 8.021577e-06 6.579370e-06 5.116195e-06 3.509620e-06 2.444491e-06 2.014989e-06 2.275616e-06 3.053220e-06 3.357696e-06 2.828892e-06 2.143200e-06 1.751311e-06 1.674563e-06 1.512403e-06 6.041350e-07 4.485548e-08 7.441204e-10 7.547929e-12 8.084823e-14 1.822956e-15 4.994740e-16 2.289393e-15 2.658864e-15 6.791317e-19 2.804867e-27 2.919191e-38 1.401298e-45 1.401298e-45 1.401298e-45 1.401298e-45 1.401298e-45 1.401298e-45 2.802597e-45 2.802597e-45 1.401298e-45 1.401298e-45 1.401298e-45 1.401298e-45 1.401298e-45 1.401298e-45 1.401298e-45 1.401298e-45 1.401298e-45 1.401298e-45 1.401298e-45 1.401298e-45 1.401298e-45 1.401298e-45 1.401298e-45 2.802597e-45 2.802597e-45 1.401298e-45 1.401298e-45 1.401298e-45 1.401298e-45 1.401298e-45 2.802597e-45 2.802597e-45 1.401298e-45 1.401298e-45 1.401298e-45 1.401298e-45 1.401298e-45 1.401298e-45
0.000000e+00 0.000000e+00 0.000000e+00 0.000000e+00 0.000000e+00 1.401298e-45 1.401298e-45 1.401298e-45 9.084590e-40 1.564626e-24 1.634320e-17 9.597826e-20 5.110968e-27 1.035073e-36 4.203895e-45 2.802597e-45 2.802597e-45 4.203895e-45 5.605194e-45 2.242078e-44 9.469536e-37 6.546034e-29 6.754338e-22 1.169078e-15 9.100532e-12 3.267711e-08 4.668976e-07 1.267087e-05 1.102072e-05 1.769141e-05 2.201676e-05 1.117623e-05 4.889366e-05 1.798039e-05 1.012337e-04 5.229730e-05 1.838806e-04 2.959542e-04 1.988007e-04 6.262286e-04 1.987169e-04 4.726881e-04 3.590639e-04 4.130491e-04 7.426495e-04 6.052381e-04 1.275474e-03 1.141896e-03 1.562175e-03 2.850019e-03 3.409193e-03 6.374255e-03 8.095280e-03 9.691239e-03 1.309866e-02 1.050893e-02 9.612017e-03 7.525327e-03 4.433303e-03 4.450552e-03 4.521209e-03 4.101909e-03 5.550115e-03 6.428611e-03 5.259110e-03 5.652755e-03 5.544449e-03 3.820982e-03 3.710921e-03 3.914832e-03 2.852515e-03 2.696281e-03 3.556282e-03 3.818665e-03 3.870006e-03 4.960220e-03 6.272963e-03 6.267802e-03 6.085283e-03 6.419082e-03 6.127776e-03 5.411102e-03 5.254771e-03 5.351053e-03 5.434838e-03 6.199508e-03 7.749412e-03 8.689399e-03 8.729624e-03 9.132586e-03 1.043706e-02 1.138249e-02 1.157988e-02 1.214186e-02 1.321719e-02 1.351701e-02 1.179506e-02 9.744606e-03 8.224670e-03 7.336646e-03 6.211993e-03 5.129885e-03 4.605056e-03 4.738235e-03 5.270551e-03 5.803118e-03 5.599820e-03 4.199804e-03 2.449142e-03 1.117244e-03 4.992072e-04 2.346074e-04 1.425021e-04 1.107828e-04 1.018643e-04 9.418725e-05 7.556181e-05 5.469553e-05 3.347187e-05 1.805569e-05 8.815568e-06 4.958903e-06 3.663629e-06 3.770855e-06 4.257215e-06 4.231191e-06 3.489843e-06 2.761334e-06 2.563803e-06 2.519487e-06 2.451443e-06 2.056146e-06 1.245894e-06 6.551775e-07 5.344298e-07 5.880249e-07 2.759384e-07 2.280841e-08 2.604278e-10 2.841794e-13 4.066323e-17 9.122842e-21 1.080899e-22 1.287362e-22 3.747799e-22 1.549499e-23 1.673069e-28 3.840421e-37 1.401298e-45 1.401298e-45 1.401298e-45 1.401298e-45 1.401298e-45 1.401298e-45 1.401298e-45 1.401298e-45 1.401298e-45 1.401298e-45 1.401298e-45 1.401298e-45 1.401298e-45 1.401298e-45 1.401298e-45 1.401298e-45 1.401298e-45 1.401298e-45 1.401298e-45 1.401298e-45 1.401298e-45 1.401298e-45 1.401298e-45 2.802597e-45 2.802597e-45 2.802597e-45 2.802597e-45 2.802597e-45 1.401298e-45 1.401298e-45 1.401298e-45 1.401298e-45 1.401298e-45 1.401298e-45 1.401298e-45 1.401298e-45 1.401298e-45
1.401298e-45 0.000000e+00 0.000000e+00 0.000000e+00 1.401298e-45 1.401298e-45 2.802597e-45 3.426329e-40 3.792406e-25 8.364053e-22 8.890455e-29 3.578402e-39 2.802597e-45 2.802597e-45 2.802597e-45 4.203895e-45 4.203895e-45 7.006492e-45 2.616000e-40 1.574708e-33 1.119823e-27 2.175330e-21 5.218094e-16 3.008205e-12 2.814402e-09 2.515989e-08 5.799521e-07 1.810656e-07 1.047968e-06 3.017285e-07 7.435185e-07 5.601108e-07 6.087037e-07 2.759703e-06 2.987634e-06 3.551387e-05 2.948363e-05 2.277829e-04 2.830903e-04 4.028907e-04 9.317973e-04 4.801927e-04 1.399228e-03 8.575628e-04 1.566880e-03 2.473587e-03 1.801066e-03 3.599001e-03 2.724467e-03 2.449339e-03 3.408157e-03 2.624000e-03 4.098812e-03 5.072225e-03 4.654044e-03 6.778419e-03 5.718885e-03 5.348106e-03 6.240252e-03 4.410131e-03 4.572226e-03 5.780378e-03 4.669412e-03 5.048734e-03 6.256119e-03 4.662921e-03 3.984943e-03 4.614783e-03 3.602906e-03 2.832333e-03 3.432323e-03 3.581736e-03 3.258586e-03 4.142380e-03 5.822268e-03 6.293457e-03 6.322614e-03 7.402297e-03 7.850598e-03 6.205882e-03 4.941425e-03 5.006063e-03 5.434381e-03 5.560646e-03 5.699026e-03 6.227024e-03 7.317737e-03 8.744553e-03 1.002279e-02 1.080640e-02 1.167742e-02 1.288513e-02 1.361096e-02 1.256850e-02 1.081885e-02 1.024100e-02 1.029828e-02 9.870195e-03 8.349640e-03 6.906736e-03 5.837907e-03 5.187185e-03 4.774138e-03 4.393360e-03 3.991167e-03 3.698999e-03 3.387240e-03 2.794460e-03 1.994577e-03 1.133445e-03 5.484758e-04 2.197173e-04 9.347429e-05 4.929438e-05 3.458332e-05 2.914019e-05 2.499077e-05 2.342979e-05 2.446040e-05 2.625833e-05 2.045164e-05 1.144838e-05 5.620005e-06 3.057858e-06 2.274179e-06 2.586322e-06 3.432337e-06 3.630858e-06 3.509603e-06 3.612711e-06 4.082742e-06 4.519356e-06 3.354853e-06 9.835564e-07 1.451145e-07 2.306633e-08 5.472955e-09 1.569333e-09 3.312276e-10 1.031628e-11 5.692692e-15 7.815667e-20 5.106894e-25 3.553781e-29 1.117023e-31 1.283331e-32 6.502767e-33 1.462100e-34 8.565885e-40 2.802597e-45 2.802597e-45 1.401298e-45 1.401298e-45 1.401298e-45 1.401298e-45 1.401298e-45 1.401298e-45 2.802597e-45 2.802597e-45 1.401298e-45 1.401298e-45 1.401298e-45 1.401298e-45 1.401298e-45 1.401298e-45 2.802597e-45 2.802597e-45 1.401298e-45 1.401298e-45 1.401298e-45 1.401298e-45 1.401298e-45 1.401298e-45 2.802597e-45 2.802597e-45 1.401298e-45 1.401298e-45 1.401298e-45 1.401298e-45 1.401298e-45 1.401298e-45 1.401298e-45 1.401298e-45 1.401298e-45 1.401298e-45
0.000000e+00 1.401298e-45 1.401298e-45 1.401298e-45 1.022948e-43 4.578414e-28 1.061999e-24 7.722080e-26 2.739117e-34 7.006492e-45 2.802597e-45 2.802597e-45 4.203895e-45 4.203895e-45 5.605194e-45 8.407791e-45 8.162657e-39 1.326054e-32 3.177619e-26 4.014204e-21 3.148363e-16 3.150432e-13 1.380171e-10 1.588290e-09 7.928790e-09 1.254908e-08 1.046204e-08 5.424016e-08 4.178582e-08 4.861338e-07 3.499731e-07 2.340725e-06 1.960281e-06 4.014082e-06 8.634501e-06 1.057269e-05 8.775249e-05 8.980556e-05 7.295156e-04 9.179336e-04 1.915513e-03 3.210497e-03 1.938584e-03 4.343715e-03 2.196957e-03 2.601020e-03 3.632192e-03 2.040421e-03 3.450759e-03 3.296018e-03 2.276695e-03 3.552601e-03 2.600362e-03 2.520161e-03 3.199484e-03 2.439627e-03 3.022536e-03 3.320696e-03 3.435619e-03 4.760015e-03 4.583673e-03 4.868592e-03 6.143428e-03 4.670634e-03 4.014121e-03 4.757188e-03 3.665396e-03 2.892999e-03 3.486613e-03 3.634384e-03 3.412321e-03 4.221326e-03 5.179388e-03 5.200755e-03 5.895976e-03 7.176901e-03 6.992771e-03 5.941388e-03 5.473202e-03 5.297161e-03 4.768274e-03 4.355314e-03 4.573524e-03 5.404662e-03 6.394489e-03 7.088455e-03 7.560588e-03 8.137614e-03 8.649559e-03 8.655083e-03 9.079769e-03 1.113258e-02 1.456062e-02 1.609148e-02 1.415251e-02 1.154753e-02 9.295392e-03 7.402956e-03 5.786220e-03 4.832949e-03 4.211286e-03 3.761879e-03 3.533554e-03 3.403425e-03 3.127641e-03 2.694878e-03 2.157886e-03 1.577464e-03 1.086483e-03 7.000056e-04 4.311017e-04 2.206427e-04 1.067751e-04 5.444338e-05 3.080616e-05 1.883381e-05 1.191574e-05 8.927427e-06 8.478992e-06 1.102690e-05 1.522453e-05 1.752394e-05 1.428005e-05 8.588182e-06 4.951020e-06 3.736284e-06 3.864935e-06 3.921359e-06 3.301098e-06 2.241434e-06 1.568356e-06 1.725812e-06 3.159114e-06 3.591646e-06 9.122187e-07 5.557716e-08 1.245347e-09 1.589063e-11 3.138115e-13 2.142128e-14 1.259018e-15 4.323076e-18 1.931013e-22 1.943411e-28 3.632921e-35 1.016082e-40 8.267661e-44 9.809089e-45 1.401298e-45 1.401298e-45 1.401298e-45 1.401298e-45 1.401298e-45 1.401298e-45 1.401298e-45 1.401298e-45 1.401298e-45 1.401298e-45 1.401298e-45 1.401298e-45 1.401298e-45 1.401298e-45 1.401298e-45 1.401298e-45 1.401298e-45 1.401298e-45 1.401298e-45 1.401298e-45 2.802597e-45 1.401298e-45 1.401298e-45 1.401298e-45 1.401298e-45 1.401298e-45 2.802597e-45 2.802597e-45 1.401298e-45 1.401298e-45 1.401298e-45 1.401298e-45 1.401298e-45 1.401298e-45 1.401298e-45 1.401298e-45 1.401298e-45
1.401298e-45 1.401298e-45 2.802597e-45 1.290708e-39 2.198920e-30 7.246149e-22 6.280578e-21 5.671477e-34 7.006492e-45 4.203895e-45 4.203895e-45 4.203895e-45 4.203895e-45 4.203895e-45 7.006492e-45 7.477812e-39 6.404238e-32 3.020535e-24 6.788813e-18 1.630642e-13 5.963841e-12 2.320762e-11 3.082252e-12 1.872678e-12 5.446695e-13 2.520607e-12 1.205627e-11 2.845322e-10 9.628541e-09 7.776139e-08 2.355684e-06 3.315066e-06 2.688432e-05 1.505847e-05 4.297873e-05 5.568136e-05 6.063485e-05 2.352475e-04 2.035833e-04 1.267130e-03 1.630000e-03 3.411531e-03 5.928974e-03 3.801774e-03 6.921302e-03 4.093312e-03 3.134816e-03 4.962903e-03 2.514333e-03 3.428759e-03 4.747359e-03 2.800801e-03 4.596534e-03 4.117107e-03 2.954578e-03 3.792522e-03 3.049684e-03 2.745668e-03 3.330073e-03 3.522375e-03 4.235507e-03 4.521606e-03 4.587092e-03 5.399415e-03 4.430899e-03 3.410107e-03 3.777203e-03 3.788624e-03 3.698438e-03 4.431522e-03 5.254291e-03 5.939076e-03 6.384792e-03 6.345338e-03 6.395515e-03 5.814576e-03 4.868785e-03 4.878326e-03 5.474926e-03 4.897974e-03 4.155061e-03 4.484820e-03 5.022747e-03 4.897451e-03 5.016349e-03 6.176705e-03 7.739000e-03 8.455652e-03 8.564729e-03 8.664280e-03 8.700199e-03 8.855391e-03 1.027699e-02 1.283561e-02 1.410262e-02 1.277016e-02 1.044113e-02 8.281978e-03 5.894235e-03 3.939318e-03 2.783408e-03 2.260591e-03 2.046247e-03 1.906767e-03 1.778622e-03 1.688842e-03 1.462741e-03 1.055273e-03 6.490248e-04 3.553831e-04 1.943129e-04 1.022931e-04 5.545434e-05 3.147926e-05 1.944321e-05 1.345011e-05 9.674581e-06 7.251864e-06 5.377528e-06 4.481396e-06 4.189781e-06 4.667518e-06 5.993244e-06 6.899861e-06 5.877337e-06 4.624924e-06 4.743964e-06 5.614383e-06 5.998009e-06 4.101023e-06 1.631315e-06 5.872455e-07 3.476370e-07 3.420252e-07 3.442447e-07 1.667475e-07 1.276022e-08 8.224201e-11 9.923937e-14 1.117590e-16 2.978125e-19 2.495877e-21 3.249857e-23 9.118847e-26 1.787160e-30 6.397479e-38 2.802597e-45 1.401298e-45 1.401298e-45 1.401298e-45 1.401298e-45 1.401298e-45 1.401298e-45 2.802597e-45 1.401298e-45 1.401298e-45 1.401298e-45 1.401298e-45 1.401298e-45 1.401298e-45 1.401298e-45 1.401298e-45 1.401298e-45 1.401298e-45 1.401298e-45 1.401298e-45 1.401298e-45 1.401298e-45 1.401298e-45 2.802597e-45 2.802597e-45 2.802597e-45 2.802597e-45 1.401298e-45 1.401298e-45 1.401298e-45 1.401298e-45 2.802597e-45 1.401298e-45 1.401298e-45 1.401298e-45 1.401298e-45 1.401298e-45 1.401298e-45 1.401298e-45
1.401298e-45 1.401298e-45 1.401298e-45 2.802597e-45 5.605194e-45 4.203895e-45 2.802597e-45 4.203895e-45 1.121039e-44 9.809089e-45 4.203895e-45 4.203895e-45 4.203895e-45 8.407791e-45 1.956255e-40 9.404217e-33 1.198082e-24 1.481202e-18 3.230453e-16 1.910134e-17 2.934135e-20 1.338764e-23 6.392306e-25 1.274255e-24 5.199070e-22 1.671821e-19 5.880667e-16 3.050947e-13 2.247382e-10 1.560975e-08 2.405247e-07 4.925750e-06 7.788179e-06 9.280526e-05 6.174384e-05 3.573208e-04 4.659214e-04 5.822823e-04 1.395666e-03 6.502914e-04 2.098859e-03 1.926407e-03 3.008258e-03 6.928373e-03 4.353758e-03 9.129513e-03 8.352431e-03 5.594081e-03 1.163109e-02 6.047271e-03 6.225439e-03 9.140146e-03 5.088056e-03 6.720338e-03 6.997983e-03 4.744543e-03 5.322123e-03 4.665111e-03 3.776721e-03 3.698032e-03 3.799381e-03 4.372262e-03 3.996460e-03 4.148588e-03 5.609615e-03 5.012313e-03 4.319096e-03 5.034737e-03 5.145070e-03 4.922975e-03 6.107981e-03 7.723619e-03 7.283632e-03 6.026333e-03 5.589573e-03 5.266008e-03 4.142033e-03 3.428050e-03 3.942869e-03 4.805596e-03 4.770602e-03 4.676307e-03 5.403251e-03 6.080030e-03 5.638234e-03 5.184498e-03 5.731909e-03 6.715672e-03 7.130893e-03 6.909480e-03 6.867314e-03 7.366863e-03 8.682388e-03 1.029748e-02 1.096025e-02 9.874233e-03 7.661455e-03 5.642088e-03 4.119523e-03 3.053332e-03 2.201778e-03 1.601120e-03 1.290491e-03 1.130625e-03 1.003053e-03 9.294755e-04 8.699550e-04 7.452487e-04 5.084783e-04 2.641843e-04 1.237709e-04 5.439926e-05 2.578808e-05 1.392541e-05 8.871786e-06 7.161628e-06 6.556065e-06 5.816008e-06 4.129386e-06 2.680295e-06 1.766506e-06 1.465657e-06 1.638765e-06 2.060629e-06 2.254044e-06 1.896277e-06 1.480047e-06 1.437003e-06 2.111142e-06 3.131853e-06 2.733636e-06 1.206286e-06 3.195108e-07 6.403950e-08 1.394135e-08 6.260485e-09 4.321627e-09 7.164173e-10 5.245454e-12 1.781938e-15 8.610689e-20 2.213855e-24 4.092953e-28 4.645711e-30 2.848782e-31 5.124442e-34 4.310562e-40 2.802597e-45 2.802597e-45 1.401298e-45 1.401298e-45 1.401298e-45 1.401298e-45 1.401298e-45 1.401298e-45 1.401298e-45 1.401298e-45 1.401298e-45 1.401298e-45 1.401298e-45 1.401298e-45 1.401298e-45 1.401298e-45 1.401298e-45 1.401298e-45 1.401298e-45 1.401298e-45 1.401298e-45 1.401298e-45 1.401298e-45 1.401298e-45 2.802597e-45 2.802597e-45 1.401298e-45 1.401298e-45 1.401298e-45 1.401298e-45 1.401298e-45 1.401298e-45 1.401298e-45 1.401298e-45 1.401298e-45 1.401298e-45 0.000000e+00 0.000000e+00
1.401298e-45 1.401298e-45 1.401298e-45 1.401298e-45 1.401298e-45 1.401298e-45 2.802597e-45 2.802597e-45 2.802597e-45 2.802597e-45 2.802597e-45 2.802597e-45 2.802597e-45 1.121039e-44 1.384204e-35 6.968769e-28 1.219276e-22 2.695241e-21 2.133224e-22 1.496179e-25 8.570408e-29 3.807690e-31 6.759996e-32 4.268672e-30 8.288465e-27 9.769377e-22 1.041029e-17 1.575723e-13 4.433970e-11 1.264303e-08 1.486886e-07 1.028717e-06 8.656706e-06 1.341899e-05 2.038051e-04 1.598372e-04 1.271718e-03 1.823169e-03 1.942416e-03 4.729564e-03 1.205021e-03 2.610562e-03 1.691354e-03 1.703218e-03 6.168962e-03 3.897492e-03 1.181056e-02 1.572772e-02 1.029741e-02 2.302044e-02 1.225586e-02 9.211720e-03 1.039543e-02 4.912463e-03 5.116838e-03 5.532899e-03 3.817264e-03 4.386121e-03 4.419952e-03 4.015867e-03 3.736829e-03 3.536497e-03 4.343072e-03 3.985805e-03 3.701687e-03 5.588599e-03 5.452547e-03 4.292817e-03 5.241661e-03 5.356753e-03 4.122705e-03 4.467799e-03 6.044880e-03 5.739654e-03 4.592582e-03 4.612050e-03 4.578086e-03 3.795959e-03 3.625938e-03 4.513308e-03 5.492542e-03 5.775101e-03 6.114670e-03 6.726140e-03 6.569227e-03 5.695659e-03 5.113297e-03 5.001993e-03 5.051765e-03 5.175519e-03 5.531477e-03 5.768686e-03 5.906762e-03 6.195987e-03 6.686054e-03 6.671355e-03 5.183240e-03 3.324269e-03 2.197731e-03 1.702859e-03 1.375744e-03 1.063266e-03 8.627604e-04 7.338918e-04 5.992783e-04 4.898871e-04 4.212531e-04 3.755123e-04 3.035818e-04 1.973968e-04 1.081365e-04 4.864716e-05 2.076551e-05 9.631365e-06 5.528398e-06 4.247841e-06 3.775498e-06 3.566455e-06 2.990389e-06 2.273896e-06 1.492386e-06 9.817834e-07 7.588565e-07 7.704050e-07 9.775996e-07 1.158544e-06 1.072711e-06 7.763569e-07 6.193652e-07 6.697553e-07 8.292585e-07 7.974057e-07 3.609026e-07 5.295094e-08 3.291220e-09 2.566310e-10 4.199212e-11 9.726021e-12 1.834908e-12 1.156870e-13 1.589164e-16 3.651926e-22 2.151138e-29 9.574478e-36 1.286274e-39 2.719220e-41 1.474166e-42 2.802597e-45 1.401298e-45 2.802597e-45 1.401298e-45 1.401298e-45 1.401298e-45 1.401298e-45 1.401298e-45 1.401298e-45 1.401298e-45 1.401298e-45 1.401298e-45 1.401298e-45 1.401298e-45 1.401298e-45 1.401298e-45 1.401298e-45 1.401298e-45 1.401298e-45 2.802597e-45 1.401298e-45 1.401298e-45 1.401298e-45 1.401298e-45 2.802597e-45 2.802597e-45 1.401298e-45 1.401298e-45 1.401298e-45 1.401298e-45 1.401298e-45 1.401298e-45 1.401298e-45 1.401298e-45 1.401298e-45 1.401298e-45 1.401298e-45 0.000000e+00
1.401298e-45 1.401298e-45 1.401298e-45 1.401298e-45 1.401298e-45 1.401298e-45 1.401298e-45 1.401298e-45 1.401298e-45 1.401298e-45 2.802597e-45 4.203895e-45 5.605194e-45 4.745063e-40 1.978980e-34 1.648661e-32 1.492829e-33 3.715557e-36 4.203925e-39 2.260841e-40 8.821734e-41 8.723260e-39 1.288570e-35 7.789767e-32 4.043927e-27 2.967369e-22 5.878512e-17 1.703036e-13 3.799179e-10 8.046314e-09 4.791302e-07 1.846155e-06 9.318201e-06 4.479042e-05 4.374493e-05 4.855174e-04 2.645166e-04 1.984867e-03 2.402040e-03 2.090100e-03 6.508376e-03 1.233346e-03 2.617066e-03 1.507873e-03 1.124589e-03 4.437238e-03 2.635671e-03 9.348523e-03 1.275839e-02 8.128725e-03 1.627610e-02 8.229847e-03 6.093470e-03 6.175532e-03 2.716427e-03 2.530728e-03 2.512869e-03 1.835229e-03 2.442301e-03 2.488927e-03 2.566272e-03 3.195026e-03 2.808854e-03 3.477545e-03 4.198529e-03 3.273651e-03 3.975573e-03 4.801017e-03 3.324543e-03 3.150455e-03 3.986521e-03 3.390584e-03 2.813873e-03 3.556149e-03 4.507909e-03 4.243735e-03 4.304530e-03 5.655867e-03 6.544136e-03 6.140504e-03 6.467979e-03 7.640126e-03 7.705660e-03 6.984587e-03 6.606134e-03 6.155916e-03 5.589584e-03 5.272238e-03 4.992725e-03 4.306388e-03 3.896489e-03 4.315830e-03 5.221693e-03 5.233715e-03 4.485722e-03 4.049769e-03 3.705733e-03 2.751518e-03 1.577362e-03 9.461736e-04 7.173261e-04 5.988186e-04 5.150984e-04 4.646656e-04 4.186787e-04 3.567161e-04 2.697707e-04 1.990842e-04 1.490283e-04 1.052231e-04 6.868671e-05 4.047736e-05 2.452009e-05 1.502457e-05 8.244761e-06 4.342551e-06 2.405639e-06 1.706094e-06 1.425939e-06 1.373048e-06 1.246140e-06 9.621770e-07 6.348278e-07 4.285160e-07 3.800951e-07 4.592204e-07 6.666356e-07 8.714879e-07 9.236172e-07 7.807742e-07 5.890895e-07 4.669893e-07 3.011651e-07 6.607880e-08 2.745370e-09 4.756130e-11 7.240853e-13 1.245531e-14 5.163071e-16 2.015584e-16 2.215590e-16 4.911809e-18 8.815607e-24 5.784751e-33 3.710638e-42 1.401298e-45 1.401298e-45 1.401298e-45 1.401298e-45 1.401298e-45 1.401298e-45 1.401298e-45 1.401298e-45 1.401298e-45 1.401298e-45 1.401298e-45 1.401298e-45 1.401298e-45 1.401298e-45 2.802597e-45 1.401298e-45 1.401298e-45 1.401298e-45 1.401298e-45 1.401298e-45 1.401298e-45 1.401298e-45 2.802597e-45 2.802597e-45 1.401298e-45 1.401298e-45 1.401298e-45 1.401298e-45 1.401298e-45 1.401298e-45 1.401298e-45 1.401298e-45 1.401298e-45 1.401298e-45 1.401298e-45 1.401298e-45 1.401298e-45 1.401298e-45 1.401298e-45 1.401298e-45
1.401298e-45 0.000000e+00 0.000000e+00 1.401298e-45 1.401298e-45 0.000000e+00 1.401298e-45 1.401298e-45 1.401298e-45 1.401298e-45 4.203895e-45 8.828180e-44 2.860938e-37 7.601958e-37 7.582706e-41 2.802597e-45 2.802597e-45 2.802597e-45 4.203895e-45 4.203895e-45 4.203895e-45 6.468394e-42 5.789992e-35 2.439704e-28 1.403157e-22 1.184914e-17 7.904525e-14 2.235349e-10 8.479683e-09 9.131222e-07 1.873367e-06 3.796734e-05 5.689545e-05 1.941754e-04 4.688814e-04 3.196847e-04 1.716299e-03 5.602391e-04 2.745537e-03 2.039662e-03 1.545394e-03 5.125743e-03 1.044340e-03 2.581206e-03 1.341748e-03 8.816601e-04 2.319007e-03 1.127602e-03 3.590931e-03 4.404031e-03 3.309532e-03 7.079219e-03 4.077789e-03 3.780021e-03 4.383079e-03 2.378457e-03 2.256553e-03 1.819984e-03 1.425205e-03 2.010480e-03 1.874019e-03 2.108602e-03 3.333328e-03 2.780496e-03 3.104535e-03 4.549299e-03 3.228542e-03 2.911640e-03 4.451338e-03 3.371525e-03 2.335943e-03 3.588673e-03 3.924550e-03 2.528964e-03 3.129143e-03 5.386358e-03 5.295806e-03 5.011253e-03 7.598988e-03 9.897645e-03 8.496185e-03 8.226953e-03 9.962272e-03 1.021049e-02 8.578844e-03 7.312798e-03 6.403646e-03 5.737526e-03 5.651059e-03 5.499112e-03 4.767350e-03 4.021524e-03 4.073352e-03 4.461900e-03 3.992077e-03 2.931193e-03 2.242950e-03 1.879705e-03 1.423343e-03 9.310362e-04 6.176381e-04 4.587126e-04 3.685584e-04 3.038216e-04 2.728399e-04 2.778671e-04 2.440273e-04 1.607916e-04 8.630189e-05 4.693201e-05 2.903618e-05 1.860247e-05 1.300652e-05 1.058871e-05 8.981271e-06 6.843049e-06 4.057821e-06 2.215862e-06 1.204087e-06 8.056786e-07 7.013257e-07 7.618053e-07 7.726031e-07 6.012746e-07 3.930911e-07 2.725274e-07 2.647903e-07 3.489190e-07 5.104784e-07 5.876683e-07 5.083206e-07 4.290607e-07 3.815035e-07 1.965422e-07 2.016856e-08 3.346201e-10 1.168484e-12 1.050607e-15 4.201710e-19 9.295921e-22 1.309456e-22 2.518630e-22 3.998623e-23 1.122353e-26 7.136011e-34 2.045896e-43 1.401298e-45 1.401298e-45 1.401298e-45 1.401298e-45 1.401298e-45 1.401298e-45 1.401298e-45 1.401298e-45 1.401298e-45 1.401298e-45 1.401298e-45 1.401298e-45 1.401298e-45 1.401298e-45 1.401298e-45 1.401298e-45 1.401298e-45 1.401298e-45 1.401298e-45 1.401298e-45 1.401298e-45 1.401298e-45 2.802597e-45 2.802597e-45 1.401298e-45 1.401298e-45 1.401298e-45 1.401298e-45 1.401298e-45 1.401298e-45 1.401298e-45 1.401298e-45 1.401298e-45 1.401298e-45 1.401298e-45 1.401298e-45 1.401298e-45 0.000000e+00 0.000000e+00
0.000000e+00 0.000000e+00 0.000000e+00 0.000000e+00 0.000000e+00 1.401298e-45 1.401298e-45 1.401298e-45 2.802597e-45 4.464471e-31 2.437075e-21 2.759194e-24 8.644084e-33 2.101948e-43 2.802597e-45 2.802597e-45 2.802597e-45 4.203895e-45 4.203895e-45 4.203895e-45 6.445973e-44 1.079310e-36 1.400414e-30 3.743091e-24 6.640104e-19 2.068278e-14 3.251848e-11 4.750059e-09 2.532462e-07 6.046575e-07 9.966188e-06 7.774503e-06 1.211909e-04 1.391635e-04 5.457600e-04 1.028122e-03 7.752459e-04 2.670303e-03 8.866679e-04 2.653658e-03 1.493252e-03 1.326860e-03 2.861248e-03 9.613482e-04 2.673164e-03 1.411111e-03 1.036539e-03 1.662341e-03 5.735402e-04 1.349058e-03 1.372387e-03 1.186814e-03 2.888986e-03 2.269557e-03 2.573814e-03 3.798638e-03 2.666846e-03 2.669976e-03 2.342006e-03 1.817013e-03 2.497647e-03 2.788080e-03 3.156484e-03 5.006366e-03 4.212781e-03 3.761000e-03 5.071010e-03 3.610591e-03 2.812811e-03 4.157356e-03 3.881082e-03 2.891973e-03 4.240638e-03 5.640141e-03 4.396006e-03 4.710311e-03 6.484272e-03 5.736691e-03 4.960290e-03 6.394979e-03 7.511287e-03 6.843054e-03 7.106130e-03 8.164077e-03 8.084401e-03 7.703832e-03 7.762894e-03 6.997439e-03 5.864553e-03 5.443634e-03 5.284125e-03 4.537423e-03 3.939213e-03 3.883599e-03 3.732622e-03 2.873538e-03 1.828126e-03 1.195324e-03 8.423366e-04 5.757485e-04 3.837950e-04 2.825641e-04 2.414539e-04 2.096453e-04 1.703511e-04 1.554591e-04 1.635521e-04 1.551046e-04 9.625590e-05 4.389225e-05 2.147252e-05 1.200029e-05 7.053839e-06 4.378669e-06 3.291573e-06 3.199028e-06 3.259275e-06 3.121167e-06 2.171251e-06 1.249521e-06 7.371492e-07 5.501333e-07 5.429600e-07 6.433110e-07 6.672518e-07 5.182064e-07 4.262697e-07 3.841646e-07 3.685539e-07 3.542263e-07 2.414997e-07 9.800867e-08 4.278575e-08 2.550274e-08 8.169869e-09 7.420375e-10 1.335459e-11 1.976904e-14 8.023902e-19 3.367835e-24 4.593812e-29 3.148455e-32 1.770532e-33 1.268383e-33 5.116217e-34 7.562032e-37 3.363116e-44 2.802597e-45 1.401298e-45 1.401298e-45 1.401298e-45 1.401298e-45 1.401298e-45 1.401298e-45 1.401298e-45 1.401298e-45 1.401298e-45 1.401298e-45 1.401298e-45 1.401298e-45 1.401298e-45 1.401298e-45 1.401298e-45 1.401298e-45 2.802597e-45 1.401298e-45 1.401298e-45 2.802597e-45 2.802597e-45 2.802597e-45 2.802597e-45 1.401298e-45 1.401298e-45 1.401298e-45 1.401298e-45 1.401298e-45 1.401298e-45 1.401298e-45 1.401298e-45 1.401298e-45 1.401298e-45 1.401298e-45 1.401298e-45 0.000000e+00 0.000000e+00
1.401298e-45 0.000000e+00 0.000000e+00 0.000000e+00 1.401298e-45 1.401298e-45 1.401298e-45 2.802597e-45 2.548415e-34 1.678666e-27 2.536762e-35 2.802597e-45 2.802597e-45 2.802597e-45 2.802597e-45 4.203895e-45 4.203895e-45 5.605194e-45 7.649688e-42 1.367998e-36 6.653245e-32 1.474642e-27 1.016987e-22 2.376096e-19 1.107498e-15 3.865428e-13 1.401779e-10 3.891867e-09 6.798398e-08 6.762016e-07 1.439990e-06 1.284345e-05 1.090929e-05 1.326179e-04 1.423019e-04 7.586140e-04 1.301991e-03 1.462723e-03 3.984816e-03 1.633306e-03 3.524291e-03 1.898237e-03 1.643751e-03 2.239383e-03 9.496306e-04 2.138524e-03 1.021756e-03 8.577317e-04 1.193584e-03 4.186013e-04 6.809797e-04 6.855780e-04 5.264661e-04 1.168946e-03 1.154358e-03 1.246626e-03 2.130691e-03 1.976169e-03 2.159296e-03 2.581667e-03 2.417632e-03 3.018511e-03 3.892491e-03 4.257482e-03 5.161360e-03 4.812574e-03 3.923108e-03 4.498670e-03 4.208027e-03 3.414979e-03 4.398491e-03 5.628724e-03 5.361561e-03 5.843932e-03 6.921096e-03 6.714666e-03 6.168424e-03 5.828030e-03 4.837782e-03 3.853976e-03 3.437262e-03 3.323409e-03 3.622852e-03 4.638830e-03 5.343578e-03 4.919591e-03 4.851764e-03 5.541808e-03 5.494986e-03 4.516027e-03 4.187759e-03 4.291269e-03 3.765610e-03 2.878458e-03 2.345271e-03 1.884272e-03 1.238239e-03 7.414120e-04 4.969544e-04 3.664989e-04 2.335975e-04 1.310610e-04 9.118152e-05 8.560708e-05 8.268289e-05 7.342268e-05 6.544832e-05 6.877298e-05 6.852172e-05 4.708174e-05 2.483054e-05 1.273700e-05 6.952045e-06 3.833647e-06 2.201579e-06 1.491316e-06 1.212744e-06 1.362358e-06 1.639901e-06 1.754397e-06 1.387584e-06 8.864483e-07 6.225076e-07 5.869646e-07 6.385001e-07 6.163787e-07 5.435436e-07 4.110750e-07 3.255332e-07 3.120730e-07 2.736013e-07 1.091295e-07 1.877068e-08 2.363119e-09 2.028901e-10 1.055033e-11 4.706582e-13 1.556288e-14 4.256851e-17 1.064964e-21 3.593797e-28 1.898205e-35 3.570508e-42 1.401298e-45 1.401298e-45 1.401298e-45 1.401298e-45 1.401298e-45 1.401298e-45 1.401298e-45 1.401298e-45 1.401298e-45 1.401298e-45 1.401298e-45 1.401298e-45 1.401298e-45 1.401298e-45 1.401298e-45 1.401298e-45 1.401298e-45 1.401298e-45 1.401298e-45 1.401298e-45 1.401298e-45 1.401298e-45 1.401298e-45 1.401298e-45 1.401298e-45 1.401298e-45 1.401298e-45 1.401298e-45 1.401298e-45 1.401298e-45 1.401298e-45 1.401298e-45 1.401298e-45 1.401298e-45 1.401298e-45 1.401298e-45 1.401298e-45 1.401298e-45 1.401298e-45 1.401298e-45 1.401298e-45 1.401298e-45
0.000000e+00 1.401298e-45 1.401298e-45 1.401298e-45 1.401298e-45 1.933792e-43 3.296133e-36 7.623980e-34 9.443490e-41 2.802597e-45 2.802597e-45 2.802597e-45 2.802597e-45 4.203895e-45 5.605194e-45 4.554220e-43 2.221297e-36 4.566340e-30 1.684238e-25 4.080195e-22 9.600146e-20 9.019731e-18 3.841342e-16 3.432877e-14 1.281677e-12 7.118187e-11 1.297845e-09 4.359775e-08 2.615253e-07 2.578416e-06 1.093203e-05 2.660999e-05 1.006706e-04 8.969558e-05 3.827457e-04 2.813487e-04 1.161889e-03 1.589572e-03 2.636386e-03 5.479970e-03 2.862487e-03 5.362271e-03 2.323652e-03 1.902200e-03 1.758788e-03 6.997876e-04 1.146177e-03 6.050852e-04 4.818738e-04 7.454101e-04 3.911076e-04 5.215900e-04 6.795208e-04 4.507083e-04 6.703979e-04 7.909524e-04 7.054057e-04 1.058524e-03 1.365361e-03 1.655873e-03 2.304108e-03 2.999500e-03 3.460750e-03 3.627571e-03 3.995198e-03 4.298638e-03 4.153123e-03 4.009246e-03 4.695853e-03 5.852869e-03 5.806371e-03 6.112469e-03 7.424354e-03 6.950988e-03 5.557427e-03 5.392172e-03 5.015639e-03 3.786770e-03 3.175759e-03 3.133122e-03 2.747058e-03 2.164796e-03 1.906213e-03 2.122918e-03 2.721803e-03 3.027865e-03 2.794807e-03 2.859364e-03 3.309475e-03 3.190580e-03 2.612570e-03 2.364495e-03 2.487836e-03 2.277859e-03 1.673290e-03 1.215065e-03 8.420399e-04 4.556306e-04 2.281207e-04 1.546687e-04 1.267385e-04 8.205188e-05 4.305470e-05 2.851481e-05 2.895928e-05 3.451065e-05 3.254683e-05 2.837635e-05 2.751252e-05 2.500439e-05 1.714062e-05 9.301210e-06 5.235768e-06 3.206895e-06 1.873590e-06 1.052845e-06 6.267296e-07 5.013252e-07 4.762320e-07 5.289179e-07 6.310789e-07 6.718690e-07 5.843689e-07 5.373744e-07 6.341746e-07 7.590846e-07 7.431804e-07 4.649991e-07 2.178081e-07 1.152480e-07 8.591694e-08 5.254229e-08 1.555786e-08 1.768726e-09 4.960312e-11 2.706540e-13 8.580887e-16 7.352485e-18 1.245492e-19 9.049608e-22 7.002441e-25 8.039168e-30 2.149464e-37 1.401298e-45 1.401298e-45 1.401298e-45 1.401298e-45 1.401298e-45 1.401298e-45 1.401298e-45 1.401298e-45 1.401298e-45 1.401298e-45 1.401298e-45 1.401298e-45 1.401298e-45 1.401298e-45 1.401298e-45 1.401298e-45 1.401298e-45 1.401298e-45 1.401298e-45 1.401298e-45 1.401298e-45 1.401298e-45 1.401298e-45 1.401298e-45 1.401298e-45 1.401298e-45 1.401298e-45 1.401298e-45 1.401298e-45 1.401298e-45 1.401298e-45 1.401298e-45 1.401298e-45 1.401298e-45 1.401298e-45 1.401298e-45 1.401298e-45 1.401298e-45 1.401298e-45 1.401298e-45 1.401298e-45 0.000000e+00
1.401298e-45 1.401298e-45 2.802597e-45 4.203895e-45 3.980077e-35 1.621737e-26 2.988100e-25 9.578856e-41 2.802597e-45 2.802597e-45 2.802597e-45 4.203895e-45 7.006492e-45 1.450344e-42 1.477984e-35 5.259694e-30 3.118876e-26 9.711603e-24 1.655790e-21 6.886649e-20 2.900173e-18 9.195994e-17 5.597656e-15 1.100639e-13 5.646858e-12 1.505519e-10 3.739923e-09 4.475313e-08 5.595720e-07 2.629299e-06 1.983790e-05 6.405528e-05 1.538777e-04 3.684709e-04 3.596300e-04 8.581060e-04 4.684522e-04 7.944374e-04 7.646401e-04 1.178346e-03 1.937047e-03 1.431504e-03 2.449407e-03 1.300233e-03 1.490895e-03 1.329477e-03 7.018241e-04 1.023528e-03 7.142448e-04 5.409101e-04 8.503125e-04 5.935250e-04 5.990022e-04 8.888656e-04 5.707422e-04 5.883792e-04 8.654431e-04 6.635008e-04 8.609884e-04 1.645397e-03 1.737958e-03 2.530480e-03 4.289812e-03 4.159210e-03 4.351357e-03 5.000626e-03 4.537238e-03 4.906359e-03 6.030691e-03 6.282876e-03 7.508443e-03 8.722504e-03 7.146199e-03 5.672234e-03 4.597353e-03 3.042208e-03 2.222700e-03 2.100453e-03 1.878193e-03 1.581385e-03 1.654258e-03 1.870148e-03 1.665109e-03 1.480230e-03 1.688505e-03 2.006107e-03 1.930129e-03 1.699767e-03 1.716244e-03 1.810393e-03 1.620022e-03 1.316419e-03 1.238485e-03 1.162517e-03 8.535742e-04 5.522416e-04 3.933078e-04 2.809668e-04 1.531492e-04 7.530457e-05 5.142238e-05 4.471107e-05 3.256139e-05 1.921737e-05 1.416960e-05 1.725440e-05 2.201531e-05 2.042982e-05 1.477392e-05 1.081983e-05 8.224442e-06 5.327914e-06 2.991444e-06 1.663890e-06 9.736204e-07 5.748656e-07 3.214631e-07 2.181139e-07 1.801176e-07 1.788707e-07 1.927017e-07 2.073757e-07 2.027939e-07 1.793103e-07 1.706277e-07 1.970635e-07 2.817839e-07 3.103329e-07 1.908421e-07 7.088774e-08 2.403124e-08 8.835477e-09 3.662607e-09 1.219622e-09 1.008827e-10 5.747211e-13 2.515551e-16 2.659376e-20 1.812163e-24 2.624288e-28 6.668757e-31 4.535442e-32 8.265129e-34 5.608879e-39 1.401298e-45 1.401298e-45 1.401298e-45 1.401298e-45 1.401298e-45 1.401298e-45 1.401298e-45 1.401298e-45 1.401298e-45 1.401298e-45 1.401298e-45 1.401298e-45 1.401298e-45 1.401298e-45 1.401298e-45 1.401298e-45 1.401298e-45 1.401298e-45 1.401298e-45 1.401298e-45 1.401298e-45 1.401298e-45 1.401298e-45 2.802597e-45 2.802597e-45 1.401298e-45 1.401298e-45 1.401298e-45 1.401298e-45 1.401298e-45 1.401298e-45 1.401298e-45 1.401298e-45 1.401298e-45 1.401298e-45 1.401298e-45 1.401298e-45 1.401298e-45 1.401298e-45 0.000000e+00 0.000000e+00
1.401298e-45 1.401298e-45 2.802597e-45 2.802597e-45 4.203895e-45 2.802597e-45 2.802597e-45 2.802597e-45 4.203895e-45 4.203895e-45 7.006492e-45 5.643730e-41 4.197739e-36 3.141085e-33 4.798618e-32 6.616315e-31 1.683033e-29 1.846027e-28 1.192191e-27 3.299153e-26 1.105738e-24 9.534403e-23 1.621863e-20 1.873611e-17 4.160475e-15 8.411311e-13 5.537765e-11 2.868418e-09 4.625594e-08 4.907837e-07 2.056338e-06 1.253323e-05 3.345378e-05 1.046852e-04 2.262939e-04 2.375987e-04 5.587823e-04 2.640491e-04 3.010054e-04 2.016971e-04 1.829781e-04 3.313774e-04 3.027783e-04 5.824441e-04 6.389040e-04 9.245512e-04 1.393578e-03 1.107251e-03 1.632955e-03 1.700927e-03 9.980154e-04 1.430332e-03 1.097783e-03 7.114753e-04 1.174726e-03 7.822746e-04 7.095708e-04 1.245888e-03 9.689733e-04 1.262773e-03 2.488447e-03 2.516379e-03 3.737183e-03 6.245689e-03 5.533000e-03 6.043099e-03 6.566105e-03 4.689853e-03 5.146308e-03 6.325145e-03 5.039672e-03 5.478400e-03 6.551048e-03 3.825717e-03 2.520309e-03 2.710103e-03 1.796892e-03 9.816494e-04 1.130639e-03 1.388869e-03 9.746092e-04 8.627913e-04 1.214283e-03 1.276587e-03 9.935459e-04 1.037031e-03 1.282123e-03 1.237030e-03 1.072605e-03 1.040128e-03 9.554396e-04 6.849369e-04 5.214055e-04 5.107506e-04 4.529783e-04 2.588692e-04 1.286520e-04 8.577004e-05 6.510319e-05 3.908852e-05 2.050826e-05 1.383637e-05 1.274557e-05 1.100208e-05 8.345529e-06 8.456202e-06 1.153432e-05 1.616653e-05 1.584426e-05 1.064300e-05 6.391818e-06 3.580735e-06 1.899180e-06 9.948802e-07 5.352447e-07 3.139990e-07 1.737112e-07 1.022564e-07 6.916117e-08 6.294551e-08 7.003058e-08 8.522266e-08 1.063365e-07 1.109617e-07 9.168276e-08 6.717816e-08 6.240848e-08 6.687322e-08 5.557699e-08 2.364445e-08 4.317162e-09 4.656451e-10 6.927992e-11 2.994851e-11 1.696240e-11 2.371984e-12 4.380120e-14 5.863081e-17 6.445113e-22 2.613185e-29 3.113625e-37 5.899467e-43 2.802597e-45 2.802597e-45 1.401298e-45 1.401298e-45 1.401298e-45 1.401298e-45 1.401298e-45 1.401298e-45 1.401298e-45 1.401298e-45 1.401298e-45 1.401298e-45 1.401298e-45 1.401298e-45 1.401298e-45 1.401298e-45 1.401298e-45 1.401298e-45 1.401298e-45 1.401298e-45 1.401298e-45 1.401298e-45 1.401298e-45 1.401298e-45 1.401298e-45 1.401298e-45 1.401298e-45 1.401298e-45 2.802597e-45 1.401298e-45 1.401298e-45 1.401298e-45 1.401298e-45 1.401298e-45 1.401298e-45 1.401298e-45 1.401298e-45 1.401298e-45 1.401298e-45 1.401298e-45 1.401298e-45 1.401298e-45 1.401298e-45
1.401298e-45 1.401298e-45 1.401298e-45 1.401298e-45 1.401298e-45 1.401298e-45 1.401298e-45 1.401298e-45 2.802597e-45 2.802597e-45 2.802597e-45 2.802597e-45 3.923636e-44 1.406637e-40 4.403816e-39 7.680942e-38 5.404931e-36 1.588289e-33 9.258181e-31 2.095750e-28 7.373510e-26 2.687772e-23 5.248442e-21 7.480198e-19 3.252282e-16 5.444419e-14 6.224799e-12 2.110636e-10 7.819608e-09 9.792123e-08 7.931761e-07 2.574321e-06 1.087111e-05 1.874020e-05 6.045074e-05 9.545754e-05 1.280991e-04 3.733141e-04 1.757501e-04 2.778799e-04 1.404849e-04 8.104555e-05 1.558021e-04 9.693314e-05 2.563138e-04 4.402793e-04 5.807855e-04 1.651647e-03 1.327764e-03 2.083081e-03 3.056617e-03 1.426464e-03 2.089228e-03 1.480814e-03 8.660130e-04 1.566742e-03 1.094672e-03 1.090600e-03 1.932077e-03 1.505655e-03 1.923458e-03 2.747864e-03 2.723515e-03 4.044910e-03 4.945059e-03 5.056898e-03 6.720979e-03 5.966289e-03 4.043861e-03 4.554425e-03 4.138472e-03 2.411082e-03 2.796680e-03 3.619191e-03 1.903942e-03 1.386830e-03 2.136219e-03 1.639658e-03 8.169974e-04 9.756227e-04 1.361320e-03 8.327315e-04 5.344751e-04 7.019086e-04 8.210833e-04 6.147984e-04 5.489927e-04 6.268187e-04 5.818987e-04 4.870268e-04 5.035785e-04 4.728144e-04 3.186823e-04 2.045079e-04 1.707867e-04 1.387449e-04 7.064343e-05 2.998213e-05 1.932611e-05 1.751069e-05 1.310156e-05 7.761518e-06 5.615397e-06 5.117084e-06 4.540936e-06 4.051632e-06 4.143396e-06 5.899077e-06 8.518240e-06 9.231137e-06 7.398458e-06 4.407441e-06 2.209212e-06 9.702675e-07 4.060919e-07 2.104633e-07 1.267121e-07 8.858700e-08 5.988813e-08 4.023900e-08 2.960811e-08 2.772690e-08 3.745712e-08 5.838509e-08 7.880935e-08 7.387347e-08 6.203563e-08 5.855155e-08 6.045930e-08 4.538770e-08 8.648409e-09 2.233717e-10 1.818613e-12 2.303907e-14 7.855102e-16 8.435387e-17 4.165477e-17 8.241106e-17 3.890859e-17 5.833665e-21 7.758042e-30 4.054797e-41 1.401298e-45 1.401298e-45 1.401298e-45 1.401298e-45 1.401298e-45 1.401298e-45 1.401298e-45 1.401298e-45 1.401298e-45 1.401298e-45 1.401298e-45 1.401298e-45 1.401298e-45 1.401298e-45 1.401298e-45 1.401298e-45 1.401298e-45 1.401298e-45 1.401298e-45 1.401298e-45 1.401298e-45 2.802597e-45 2.802597e-45 1.401298e-45 1.401298e-45 1.401298e-45 1.401298e-45 1.401298e-45 1.401298e-45 1.401298e-45 1.401298e-45 1.401298e-45 1.401298e-45 1.401298e-45 1.401298e-45 1.401298e-45 1.401298e-45 1.401298e-45 1.401298e-45 1.401298e-45 1.401298e-45 1.401298e-45 1.401298e-45
1.401298e-45 1.401298e-45 1.401298e-45 1.401298e-45 1.401298e-45 1.401298e-45 1.401298e-45 1.401298e-45 1.401298e-45 1.401298e-45 2.802597e-45 2.802597e-45 4.203895e-45 4.203895e-45 4.203895e-45 1.821688e-43 6.818886e-40 2.587460e-36 1.450727e-32 7.662336e-29 1.713974e-25 2.169902e-22 1.956663e-19 3.821882e-17 3.393054e-15 2.829855e-13 1.881332e-11 6.903024e-10 1.025274e-08 1.539551e-07 9.626692e-07 6.205941e-06 1.157076e-05 4.192925e-05 4.454773e-05 1.162205e-04 1.353049e-04 1.958535e-04 6.145791e-04 2.812243e-04 9.083208e-04 3.348920e-04 2.445900e-04 3.740599e-04 1.369436e-04 4.889534e-04 5.403832e-04 7.593909e-04 2.422285e-03 1.410716e-03 2.536967e-03 3.649784e-03 1.849000e-03 3.088874e-03 1.805313e-03 1.313793e-03 2.260664e-03 1.608734e-03 1.796551e-03 2.551894e-03 2.123893e-03 2.495085e-03 2.630731e-03 2.479388e-03 3.281811e-03 3.320048e-03 3.382531e-03 4.769098e-03 4.208073e-03 3.069127e-03 3.396212e-03 2.752610e-03 1.621270e-03 1.822953e-03 2.419266e-03 1.715637e-03 1.411380e-03 2.052602e-03 1.946020e-03 1.146751e-03 1.044660e-03 1.202564e-03 8.562112e-04 5.555878e-04 5.273749e-04 4.996520e-04 3.777099e-04 3.467216e-04 3.727961e-04 3.003298e-04 2.153973e-04 2.024141e-04 2.083189e-04 1.565327e-04 9.959020e-05 7.327951e-05 5.221878e-05 2.676288e-05 1.233475e-05 9.009254e-06 9.587853e-06 8.250093e-06 5.743501e-06 4.582022e-06 4.371280e-06 4.287334e-06 3.568611e-06 3.326601e-06 3.730613e-06 4.420872e-06 4.557403e-06 3.599898e-06 2.509130e-06 1.415246e-06 6.024255e-07 2.455320e-07 1.104613e-07 7.283649e-08 6.258625e-08 5.942086e-08 4.907810e-08 3.298566e-08 2.423669e-08 2.427159e-08 3.177082e-08 3.517526e-08 2.921200e-08 2.109326e-08 2.122765e-08 3.906093e-08 6.431605e-08 2.102544e-08 3.367914e-10 3.507199e-13 6.615376e-17 5.959957e-21 1.291477e-24 2.313338e-26 2.038063e-25 1.035442e-23 2.669610e-24 2.467155e-29 9.649195e-39 1.401298e-45 1.401298e-45 1.401298e-45 1.401298e-45 1.401298e-45 1.401298e-45 1.401298e-45 1.401298e-45 1.401298e-45 1.401298e-45 1.401298e-45 1.401298e-45 1.401298e-45 1.401298e-45 1.401298e-45 1.401298e-45 1.401298e-45 1.401298e-45 1.401298e-45 1.401298e-45 1.401298e-45 1.401298e-45 1.401298e-45 1.401298e-45 1.401298e-45 1.401298e-45 1.401298e-45 1.401298e-45 1.401298e-45 1.401298e-45 1.401298e-45 1.401298e-45 1.401298e-45 1.401298e-45 1.401298e-45 1.401298e-45 1.401298e-45 1.401298e-45 1.401298e-45 1.401298e-45 1.401298e-45 1.401298e-45
1.401298e-45 1.401298e-45 0.000000e+00 1.401298e-45 1.401298e-45 0.000000e+00 1.401298e-45 1.401298e-45 1.401298e-45 1.401298e-45 2.802597e-45 4.203895e-45 7.006492e-45 8.407791e-45 1.285271e-41 1.920507e-38 6.041064e-36 3.923039e-33 6.350373e-30 8.775086e-27 8.802541e-24 6.332815e-21 3.011971e-18 1.069920e-15 8.704003e-14 4.936363e-12 1.211113e-10 3.759517e-09 4.297894e-08 5.493823e-07 3.954450e-06 2.191808e-05 1.090466e-04 1.567973e-04 5.805123e-04 3.559271e-04 9.266572e-04 5.906514e-04 8.427322e-04 1.794182e-03 7.061773e-04 2.822010e-03 7.243197e-04 1.116905e-03 1.055735e-03 3.705838e-04 1.258376e-03 6.948810e-04 1.555544e-03 3.356437e-03 1.994035e-03 4.591823e-03 4.272286e-03 3.313310e-03 4.896328e-03 2.686153e-03 2.252395e-03 2.457424e-03 2.092204e-03 2.946350e-03 3.176837e-03 3.353727e-03 4.339627e-03 3.611040e-03 3.255496e-03 3.662154e-03 2.934980e-03 2.536691e-03 3.075750e-03 2.672604e-03 1.979497e-03 2.125329e-03 2.099285e-03 1.536313e-03 1.523405e-03 2.018805e-03 1.914195e-03 1.504505e-03 1.675494e-03 1.829254e-03 1.354604e-03 1.008003e-03 8.851728e-04 7.605426e-04 6.455891e-04 5.519447e-04 4.010398e-04 2.866679e-04 2.638234e-04 2.575167e-04 1.957208e-04 1.328057e-04 1.150615e-04 1.053789e-04 7.289938e-05 4.664010e-05 3.447932e-05 2.413504e-05 1.368038e-05 8.548588e-06 7.562430e-06 7.776822e-06 7.062916e-06 5.802482e-06 5.512401e-06 6.447540e-06 6.111162e-06 4.425825e-06 3.088871e-06 2.686837e-06 2.662657e-06 2.165752e-06 1.573465e-06 1.075465e-06 6.994049e-07 4.275779e-07 2.066556e-07 1.100378e-07 7.163441e-08 6.377205e-08 7.060198e-08 7.611921e-08 6.740588e-08 5.173221e-08 5.024270e-08 4.911201e-08 3.886985e-08 1.863379e-08 4.567156e-09 9.842778e-10 5.734850e-10 1.127612e-09 1.567586e-09 3.160097e-10 2.041304e-12 8.484488e-17 2.111982e-23 2.062599e-30 1.281862e-35 6.467598e-38 1.737960e-37 4.785850e-36 1.238287e-35 5.023781e-39 2.802597e-45 1.401298e-45 1.401298e-45 1.401298e-45 1.401298e-45 1.401298e-45 1.401298e-45 1.401298e-45 1.401298e-45 1.401298e-45 1.401298e-45 1.401298e-45 1.401298e-45 1.401298e-45 1.401298e-45 1.401298e-45 1.401298e-45 1.401298e-45 1.401298e-45 1.401298e-45 1.401298e-45 1.401298e-45 1.401298e-45 1.401298e-45 1.401298e-45 1.401298e-45 1.401298e-45 1.401298e-45 1.401298e-45 1.401298e-45 1.401298e-45 1.401298e-45 1.401298e-45 1.401298e-45 1.401298e-45 1.401298e-45 1.401298e-45 1.401298e-45 1.401298e-45 0.000000e+00 0.000000e+00
0.000000e+00 0.000000e+00 0.000000e+00 0.000000e+00 0.000000e+00 1.401298e-45 0.000000e+00 1.401298e-45 2.802597e-45 2.802597e-45 8.671235e-42 3.485719e-34 1.151915e-29 3.258283e-27 1.421250e-25 5.943022e-24 7.438559e-23 5.870445e-22 3.089175e-21 4.326709e-20 9.005464e-19 4.854909e-17 1.433670e-15 5.163640e-14 2.248911e-12 6.591684e-11 1.861500e-09 2.931860e-08 4.570072e-07 2.241955e-06 1.673976e-05 4.864676e-05 3.143442e-04 9.094043e-04 1.792592e-03 4.578475e-03 2.936365e-03 7.598724e-03 2.673067e-03 4.748598e-03 3.725148e-03 2.033151e-03 4.751561e-03 1.118636e-03 3.076300e-03 1.645878e-03 1.060268e-03 2.209335e-03 7.660736e-04 2.350113e-03 2.910001e-03 2.709336e-03 6.319863e-03 4.761695e-03 5.539413e-03 5.839827e-03 4.285153e-03 4.034251e-03 2.773570e-03 3.230494e-03 4.441303e-03 4.116531e-03 6.139425e-03 7.875827e-03 5.352757e-03 5.190136e-03 5.015562e-03 2.983032e-03 2.384200e-03 2.541850e-03 1.937357e-03 1.470027e-03 1.564744e-03 1.539730e-03 1.290152e-03 1.214067e-03 1.259085e-03 1.126627e-03 9.107447e-04 8.099364e-04 8.538097e-04 8.808192e-04 7.450808e-04 5.683930e-04 4.958475e-04 5.215529e-04 4.762105e-04 3.364261e-04 2.485154e-04 2.255375e-04 1.864080e-04 1.164876e-04 7.967858e-05 6.899783e-05 5.591649e-05 3.699676e-05 2.464326e-05 1.928250e-05 1.358625e-05 7.391719e-06 4.576223e-06 4.274980e-06 4.822181e-06 4.811667e-06 4.353275e-06 4.875577e-06 6.392535e-06 7.282835e-06 5.622524e-06 3.546799e-06 2.326352e-06 1.438786e-06 8.438947e-07 4.775133e-07 3.173029e-07 2.791425e-07 2.352089e-07 1.880857e-07 1.299131e-07 1.004713e-07 1.008680e-07 1.122055e-07 1.123785e-07 8.767149e-08 7.132734e-08 6.227198e-08 7.864670e-08 1.120766e-07 5.127934e-08 3.259298e-09 8.060029e-11 2.754194e-12 1.890562e-13 4.543637e-14 4.180569e-14 1.606135e-14 3.251428e-17 2.834991e-23 8.124797e-32 1.423047e-40 1.401298e-45 1.401298e-45 1.401298e-45 1.401298e-45 1.401298e-45 1.401298e-45 1.401298e-45 1.401298e-45 1.401298e-45 1.401298e-45 1.401298e-45 1.401298e-45 1.401298e-45 1.401298e-45 1.401298e-45 1.401298e-45 1.401298e-45 1.401298e-45 1.401298e-45 1.401298e-45 1.401298e-45 1.401298e-45 1.401298e-45 1.401298e-45 1.401298e-45 1.401298e-45 1.401298e-45 1.401298e-45 1.401298e-45 1.401298e-45 1.401298e-45 1.401298e-45 1.401298e-45 1.401298e-45 1.401298e-45 1.401298e-45 1.401298e-45 1.401298e-45 1.401298e-45 1.401298e-45 1.401298e-45 1.401298e-45 1.401298e-45 0.000000e+00 0.000000e+00
0.000000e+00 0.000000e+00 0.000000e+00 0.000000e+00 1.401298e-45 1.401298e-45 1.401298e-45 1.401298e-45 2.802597e-45 2.125980e-40 5.093152e-27 8.229042e-19 2.969159e-14 3.449818e-12 1.268678e-11 1.364856e-11 1.789933e-11 1.944087e-11 2.675549e-11 1.733656e-11 1.206043e-11 1.072726e-11 3.469804e-11 1.275358e-10 7.976360e-10 6.015190e-09 5.688622e-08 5.112873e-07 4.820021e-06 2.543655e-05 1.031211e-04 2.797849e-04 4.139892e-04 1.465477e-03 2.213057e-03 6.596857e-03 9.051709e-03 1.154907e-02 1.937011e-02 7.461308e-03 1.390127e-02 4.917519e-03 4.826465e-03 4.438719e-03 1.615623e-03 4.362208e-03 1.756286e-03 2.499778e-03 3.032230e-03 1.537727e-03 3.420918e-03 2.952715e-03 3.582704e-03 4.926822e-03 5.018373e-03 5.709437e-03 4.956643e-03 6.759246e-03 5.860887e-03 4.223849e-03 6.789472e-03 5.659420e-03 4.714428e-03 8.377720e-03 7.506955e-03 4.685286e-03 5.327245e-03 4.575073e-03 2.693829e-03 2.523435e-03 2.192916e-03 1.424657e-03 1.334985e-03 1.220964e-03 7.585370e-04 6.430224e-04 6.223287e-04 4.043030e-04 3.110386e-04 3.323517e-04 2.684187e-04 2.270361e-04 3.143581e-04 4.023308e-04 3.156522e-04 2.576161e-04 2.923524e-04 2.922476e-04 2.092893e-04 1.616516e-04 1.566578e-04 1.271160e-04 7.905740e-05 5.339611e-05 4.430221e-05 3.221726e-05 1.772162e-05 1.081727e-05 9.409419e-06 8.553075e-06 5.715352e-06 3.316873e-06 2.653508e-06 2.768683e-06 2.493297e-06 2.100012e-06 2.203577e-06 3.218948e-06 4.591531e-06 4.718359e-06 3.451242e-06 1.937847e-06 9.310008e-07 3.680042e-07 1.533660e-07 9.677373e-08 8.346809e-08 9.119650e-08 9.042332e-08 8.351074e-08 8.386792e-08 1.030161e-07 1.475193e-07 1.678178e-07 1.158443e-07 3.876528e-08 1.409162e-08 1.296632e-08 2.484564e-08 2.490917e-08 3.991316e-09 6.114702e-11 7.953898e-14 2.844618e-17 4.201997e-20 1.644212e-21 5.449725e-22 6.652172e-23 2.151971e-25 1.084491e-30 1.007309e-39 1.401298e-45 1.401298e-45 1.401298e-45 1.401298e-45 1.401298e-45 1.401298e-45 1.401298e-45 1.401298e-45 1.401298e-45 1.401298e-45 1.401298e-45 1.401298e-45 1.401298e-45 1.401298e-45 1.401298e-45 1.401298e-45 1.401298e-45 1.401298e-45 1.401298e-45 1.401298e-45 1.401298e-45 1.401298e-45 1.401298e-45 1.401298e-45 1.401298e-45 1.401298e-45 1.401298e-45 1.401298e-45 1.401298e-45 1.401298e-45 1.401298e-45 1.401298e-45 1.401298e-45 1.401298e-45 1.401298e-45 1.401298e-45 1.401298e-45 1.401298e-45 1.401298e-45 1.401298e-45 1.401298e-45 1.401298e-45 1.401298e-45 0.000000e+00
0.000000e+00 1.401298e-45 1.401298e-45 1.401298e-45 1.401298e-45 2.802597e-45 2.802597e-45 2.802597e-45 3.409055e-36 4.115514e-26 2.203121e-18 5.182850e-13 3.527788e-09 2.412017e-06 4.131452e-05 4.682323e-05 2.037862e-05 1.555940e-05 1.188702e-05 9.914327e-06 5.310962e-06 1.980212e-06 9.476708e-07 5.823188e-07 8.729536e-07 1.567640e-06 5.143238e-06 1.574805e-05 5.014725e-05 2.282638e-04 4.459569e-04 1.583962e-03 1.521962e-03 3.261538e-03 3.641308e-03 3.782061e-03 8.491554e-03 7.813184e-03 1.948775e-02 1.632348e-02 1.383237e-02 1.580365e-02 6.517235e-03 9.276156e-03 4.257911e-03 3.252967e-03 4.150894e-03 2.732472e-03 3.898000e-03 3.803975e-03 3.836597e-03 3.942385e-03 4.250516e-03 4.063759e-03 2.888275e-03 4.509378e-03 3.747155e-03 3.341943e-03 6.659570e-03 5.380236e-03 5.272662e-03 9.142906e-03 5.742378e-03 4.034044e-03 5.784346e-03 4.009851e-03 2.821582e-03 3.413846e-03 2.613331e-03 2.018905e-03 2.413262e-03 1.526731e-03 8.941672e-04 9.576870e-04 5.897048e-04 2.580263e-04 2.482420e-04 2.292191e-04 1.033162e-04 7.962089e-05 1.195457e-04 1.012965e-04 6.554905e-05 9.373985e-05 1.574261e-04 1.336441e-04 9.922979e-05 1.167894e-04 1.359104e-04 1.041692e-04 8.174788e-05 7.879450e-05 7.104491e-05 5.119763e-05 3.649528e-05 3.050655e-05 2.114399e-05 9.800629e-06 4.873602e-06 4.300771e-06 4.991424e-06 4.070484e-06 2.528744e-06 1.884668e-06 1.761722e-06 1.656704e-06 1.285351e-06 1.115800e-06 1.302313e-06 1.779794e-06 2.125820e-06 1.787597e-06 1.147390e-06 5.175875e-07 1.858225e-07 7.675375e-08 4.185349e-08 3.534371e-08 3.458191e-08 3.453079e-08 2.865806e-08 2.310766e-08 2.697882e-08 4.682035e-08 8.408352e-08 5.938816e-08 1.438536e-08 2.045027e-09 4.351841e-10 2.452518e-10 3.153314e-10 3.106906e-10 2.543478e-11 2.544162e-14 4.723294e-19 2.306885e-24 2.280468e-29 2.656438e-33 4.698468e-35 5.618796e-35 8.190974e-36 1.041389e-40 1.401298e-45 1.401298e-45 1.401298e-45 1.401298e-45 1.401298e-45 1.401298e-45 1.401298e-45 1.401298e-45 1.401298e-45 1.401298e-45 1.401298e-45 1.401298e-45 1.401298e-45 1.401298e-45 1.401298e-45 1.401298e-45 1.401298e-45 1.401298e-45 1.401298e-45 1.401298e-45 1.401298e-45 1.401298e-45 1.401298e-45 1.401298e-45 1.401298e-45 1.401298e-45 1.401298e-45 1.401298e-45 1.401298e-45 1.401298e-45 1.401298e-45 1.401298e-45 1.401298e-45 1.401298e-45 1.401298e-45 1.401298e-45 1.401298e-45 1.401298e-45 1.401298e-45 1.401298e-45 0.000000e+00 0.000000e+00 0.000000e+00
1.401298e-45 1.401298e-45 1.401298e-45 7.006492e-45 1.480828e-33 4.771475e-23 2.017399e-17 1.813152e-15 1.881648e-14 1.573244e-12 3.310910e-10 6.371702e-08 1.916729e-06 1.418106e-05 2.345418e-04 1.307810e-03 2.235016e-03 1.216180e-03 1.214095e-03 1.028736e-03 1.138054e-03 9.021081e-04 6.403452e-04 5.479555e-04 2.892289e-04 4.252715e-04 2.671000e-04 5.736142e-04 4.193840e-04 6.980115e-04 1.240492e-03 1.907906e-03 4.647845e-03 3.336943e-03 1.129158e-02 6.150348e-03 1.045337e-02 6.825512e-03 7.245983e-03 1.457758e-02 1.005357e-02 1.699647e-02 1.088726e-02 1.024427e-02 1.141471e-02 6.191218e-03 6.496873e-03 4.559046e-03 5.450225e-03 3.758425e-03 4.380496e-03 4.760617e-03 2.331061e-03 4.120603e-03 2.540578e-03 1.453186e-03 2.970002e-03 1.795745e-03 1.757013e-03 4.125017e-03 3.060939e-03 3.546249e-03 6.126784e-03 3.840679e-03 2.785938e-03 2.919005e-03 1.761328e-03 1.493937e-03 1.742309e-03 1.312397e-03 1.158475e-03 1.264553e-03 7.520308e-04 4.617232e-04 4.565352e-04 2.316956e-04 9.922955e-05 1.056494e-04 1.039968e-04 4.775199e-05 3.455452e-05 5.541410e-05 5.264276e-05 2.997468e-05 3.310377e-05 5.423499e-05 5.030057e-05 3.653461e-05 3.986968e-05 4.959325e-05 4.598382e-05 3.732964e-05 3.620546e-05 3.244447e-05 2.212831e-05 1.628511e-05 1.476374e-05 1.194747e-05 6.234448e-06 2.980709e-06 2.289683e-06 2.419452e-06 2.193363e-06 1.588910e-06 1.233960e-06 1.305590e-06 1.322327e-06 1.137199e-06 9.322599e-07 8.554620e-07 8.436307e-07 7.093759e-07 5.608620e-07 3.897614e-07 2.040268e-07 8.524064e-08 3.387698e-08 2.050290e-08 1.814707e-08 2.341911e-08 2.785723e-08 2.113862e-08 1.117198e-08 6.276306e-09 6.553311e-09 8.596609e-09 6.725842e-09 1.503952e-09 9.301399e-11 3.318693e-12 2.556385e-13 1.165511e-13 1.445007e-13 9.135444e-14 6.823506e-15 5.314939e-18 1.538817e-24 6.625980e-34 5.717298e-43 1.401298e-45 1.401298e-45 1.401298e-45 1.401298e-45 1.401298e-45 1.401298e-45 1.401298e-45 1.401298e-45 1.401298e-45 1.401298e-45 1.401298e-45 1.401298e-45 1.401298e-45 1.401298e-45 1.401298e-45 1.401298e-45 1.401298e-45 1.401298e-45 1.401298e-45 1.401298e-45 1.401298e-45 1.401298e-45 1.401298e-45 1.401298e-45 1.401298e-45 1.401298e-45 1.401298e-45 1.401298e-45 1.401298e-45 1.401298e-45 1.401298e-45 1.401298e-45 1.401298e-45 1.401298e-45 1.401298e-45 1.401298e-45 1.401298e-45 1.401298e-45 1.401298e-45 1.401298e-45 1.401298e-45 1.401298e-45 0.000000e+00 0.000000e+00 0.000000e+00 0.000000e+00
1.401298e-45 1.401298e-45 1.401298e-45 2.802597e-45 4.203895e-45 4.880480e-32 2.892129e-18 4.274987e-12 4.900658e-09 4.788261e-07 9.178997e-06 2.633558e-05 1.789148e-04 6.565368e-04 1.127130e-03 1.953623e-03 3.511176e-03 6.260103e-03 4.420340e-03 5.962559e-03 4.691875e-03 7.300955e-03 5.087498e-03 6.386406e-03 7.012546e-03 6.556425e-03 1.074201e-02 5.487982e-03 9.375503e-03 2.898719e-03 4.027105e-03 2.557568e-03 3.852530e-03 4.675913e-03 4.828317e-03 1.034781e-02 6.737642e-03 1.485259e-02 4.831347e-03 7.722760e-03 5.558810e-03 6.805333e-03 9.991600e-03 6.979648e-03 1.252849e-02 8.484426e-03 1.076541e-02 7.223428e-03 6.080429e-03 8.287226e-03 2.644702e-03 4.535181e-03 2.740346e-03 1.130048e-03 2.706165e-03 1.142721e-03 9.111229e-04 1.928210e-03 1.032812e-03 1.122420e-03 2.227731e-03 1.560390e-03 1.771251e-03 2.798188e-03 1.887713e-03 1.619432e-03 1.555561e-03 9.046972e-04 7.993308e-04 8.255729e-04 5.763341e-04 5.329725e-04 5.332086e-04 3.046644e-04 1.922880e-04 2.155499e-04 1.456522e-04 6.436741e-05 6.758487e-05 8.282282e-05 4.651006e-05 2.876652e-05 3.578101e-05 3.621053e-05 2.144110e-05 1.682340e-05 2.109800e-05 2.169890e-05 1.876857e-05 1.956320e-05 2.200989e-05 1.887276e-05 1.579324e-05 1.611531e-05 1.458470e-05 9.647219e-06 6.408181e-06 5.842103e-06 4.976907e-06 2.975239e-06 1.654538e-06 1.181072e-06 1.115458e-06 1.019838e-06 8.104091e-07 7.755424e-07 8.708947e-07 1.049976e-06 1.104199e-06 9.929967e-07 8.411366e-07 5.412213e-07 2.876067e-07 1.446399e-07 8.296172e-08 5.820700e-08 3.415672e-08 1.627599e-08 7.384975e-09 5.920332e-09 8.091722e-09 1.354011e-08 1.744790e-08 1.126111e-08 4.582640e-09 2.141489e-09 1.901598e-09 1.491122e-09 2.252403e-10 3.446900e-12 1.329561e-14 5.673290e-17 5.727513e-19 3.674318e-20 4.641379e-20 7.161124e-19 9.519843e-19 3.004080e-23 2.238955e-33 1.401298e-45 1.401298e-45 1.401298e-45 1.401298e-45 1.401298e-45 1.401298e-45 1.401298e-45 1.401298e-45 1.401298e-45 1.401298e-45 1.401298e-45 1.401298e-45 1.401298e-45 1.401298e-45 1.401298e-45 1.401298e-45 1.401298e-45 1.401298e-45 1.401298e-45 1.401298e-45 1.401298e-45 1.401298e-45 1.401298e-45 1.401298e-45 1.401298e-45 1.401298e-45 1.401298e-45 1.401298e-45 1.401298e-45 1.401298e-45 1.401298e-45 1.401298e-45 1.401298e-45 1.401298e-45 1.401298e-45 1.401298e-45 1.401298e-45 1.401298e-45 1.401298e-45 1.401298e-45 1.401298e-45 1.401298e-45 1.401298e-45 0.000000e+00 0.000000e+00 0.000000e+00
2.802597e-45 1.401298e-45 2.802597e-45 2.802597e-45 2.802597e-45 3.057633e-42 1.157484e-32 1.690389e-19 3.944357e-13 5.420866e-10 2.051137e-07 3.118721e-05 2.353860e-04 1.137154e-03 2.176318e-03 4.603658e-03 6.892819e-03 1.054967e-02 1.560028e-02 1.096285e-02 1.368527e-02 1.127038e-02 2.294369e-02 1.537728e-02 2.025417e-02 1.385914e-02 1.832944e-02 2.118203e-02 1.684640e-02 2.642461e-02 9.868728e-03 1.294975e-02 5.856084e-03 7.557618e-03 5.151309e-03 6.713570e-03 5.478342e-03 7.129991e-03 7.208740e-03 3.707581e-03 6.439356e-03 2.009831e-03 5.782198e-03 3.180341e-03 5.505244e-03 7.654853e-03 4.972215e-03 1.300110e-02 4.369195e-03 7.477294e-03 7.353896e-03 2.329665e-03 4.508338e-03 1.624221e-03 9.517463e-04 1.792383e-03 7.924503e-04 9.217245e-04 1.384400e-03 8.095828e-04 1.027466e-03 1.238931e-03 8.982777e-04 1.082349e-03 1.137646e-03 8.715316e-04 1.067349e-03 8.739065e-04 5.054239e-04 5.842998e-04 5.015452e-04 2.337228e-04 2.465365e-04 3.049966e-04 1.604931e-04 1.030465e-04 1.485159e-04 1.440411e-04 7.213122e-05 6.672509e-05 9.272488e-05 6.640435e-05 3.812781e-05 3.444170e-05 3.396179e-05 2.526736e-05 1.927654e-05 1.742391e-05 1.529496e-05 1.381644e-05 1.545941e-05 1.477693e-05 1.098043e-05 8.948204e-06 9.080770e-06 8.151008e-06 4.779308e-06 2.774537e-06 2.268519e-06 2.134952e-06 1.624752e-06 1.024434e-06 7.643230e-07 6.372131e-07 4.775326e-07 3.852008e-07 3.824646e-07 5.243589e-07 7.516110e-07 8.972099e-07 9.670077e-07 7.531667e-07 4.144791e-07 1.479945e-07 4.900998e-08 2.477411e-08 1.850381e-08 1.652747e-08 1.029218e-08 5.195158e-09 2.799228e-09 2.592802e-09 3.701468e-09 4.778241e-09 3.708264e-09 1.473424e-09 5.918910e-10 4.888748e-10 6.113582e-10 2.083798e-10 3.608430e-12 3.146128e-15 2.291356e-19 4.510726e-24 2.746729e-28 3.444361e-30 4.020180e-29 3.272797e-27 7.504688e-28 5.182717e-33 2.707309e-42 1.401298e-45 1.401298e-45 1.401298e-45 1.401298e-45 1.401298e-45 1.401298e-45 1.401298e-45 1.401298e-45 1.401298e-45 1.401298e-45 1.401298e-45 1.401298e-45 1.401298e-45 1.401298e-45 1.401298e-45 1.401298e-45 1.401298e-45 1.401298e-45 1.401298e-45 1.401298e-45 1.401298e-45 1.401298e-45 1.401298e-45 1.401298e-45 1.401298e-45 1.401298e-45 1.401298e-45 1.401298e-45 1.401298e-45 1.401298e-45 1.401298e-45 1.401298e-45 1.401298e-45 1.401298e-45 1.401298e-45 1.401298e-45 1.401298e-45 1.401298e-45 0.000000e+00 0.000000e+00 0.000000e+00 0.000000e+00 0.000000e+00 0.000000e+00
2.802597e-45 2.802597e-45 2.802597e-45 2.802597e-45 2.802597e-45 1.667262e-39 1.787105e-34 2.818289e-29 3.030458e-19 2.638659e-13 8.089347e-11 9.866808e-09 2.685065e-06 8.923221e-05 7.720071e-04 1.202055e-03 2.165165e-03 4.442255e-03 1.171746e-02 2.686828e-02 2.604807e-02 2.942202e-02 2.393389e-02 4.469746e-02 3.787909e-02 5.276973e-02 2.546064e-02 2.906227e-02 1.660497e-02 1.909150e-02 2.243306e-02 1.716949e-02 1.809138e-02 1.245955e-02 1.194866e-02 8.619453e-03 9.988024e-03 4.815067e-03 1.125149e-02 2.961593e-03 5.483443e-03 3.122440e-03 1.431164e-03 4.304695e-03 9.216098e-04 4.531990e-03 2.348812e-03 3.072609e-03 7.755314e-03 2.175686e-03 6.488532e-03 4.193631e-03 2.303728e-03 3.662987e-03 1.350512e-03 1.072486e-03 1.278634e-03 8.428925e-04 1.018630e-03 1.060606e-03 8.072304e-04 1.004756e-03 7.572349e-04 6.343552e-04 8.345151e-04 5.702190e-04 4.985011e-04 7.552943e-04 4.812427e-04 2.895354e-04 4.330578e-04 3.165553e-04 1.268588e-04 1.545642e-04 1.981885e-04 1.066195e-04 8.923837e-05 1.333196e-04 1.327885e-04 9.090167e-05 8.167209e-05 9.241611e-05 7.990743e-05 6.085645e-05 5.027095e-05 3.991317e-05 3.306749e-05 3.125086e-05 2.700619e-05 1.937107e-05 1.654308e-05 1.785910e-05 1.667535e-05 1.105093e-05 7.449610e-06 6.577609e-06 4.969401e-06 2.588391e-06 1.319277e-06 1.083188e-06 1.234705e-06 1.113768e-06 8.151256e-07 6.323048e-07 5.057188e-07 3.800021e-07 2.652409e-07 2.620686e-07 3.821245e-07 5.767822e-07 7.388006e-07 6.602031e-07 5.455880e-07 3.114656e-07 1.130855e-07 3.897081e-08 1.706760e-08 1.270722e-08 1.243827e-08 1.278737e-08 8.765936e-09 5.256897e-09 3.771702e-09 3.035897e-09 2.523474e-09 1.129214e-09 1.820466e-10 2.228413e-11 7.155589e-12 6.049148e-12 4.110119e-12 9.505225e-13 1.175700e-14 4.922648e-19 3.820080e-26 9.375314e-34 2.409739e-39 6.464190e-42 8.993534e-42 1.872807e-40 1.811220e-40 2.522337e-44 1.401298e-45 1.401298e-45 1.401298e-45 1.401298e-45 1.401298e-45 1.401298e-45 1.401298e-45 1.401298e-45 1.401298e-45 1.401298e-45 1.401298e-45 1.401298e-45 1.401298e-45 1.401298e-45 1.401298e-45 1.401298e-45 1.401298e-45 1.401298e-45 1.401298e-45 1.401298e-45 1.401298e-45 1.401298e-45 1.401298e-45 1.401298e-45 1.401298e-45 1.401298e-45 1.401298e-45 1.401298e-45 1.401298e-45 1.401298e-45 1.401298e-45 1.401298e-45 1.401298e-45 1.401298e-45 1.401298e-45 1.401298e-45 0.000000e+00 0.000000e+00 0.000000e+00 0.000000e+00 0.000000e+00 0.000000e+00 0.000000e+00
4.203895e-45 4.203895e-45 2.802597e-45 2.802597e-45 4.203895e-45 1.476396e-35 2.650156e-30 1.202105e-27 8.116209e-25 7.916556e-18 9.797962e-13 7.322665e-11 1.923557e-09 2.349524e-07 1.436014e-05 1.966022e-04 4.467892e-04 6.768001e-04 1.209050e-03 3.418877e-03 1.240068e-02 2.319372e-02 3.588717e-02 3.469784e-02 4.709145e-02 5.575331e-02 7.240151e-02 5.570212e-02 4.498779e-02 1.945336e-02 2.051022e-02 1.463389e-02 1.907956e-02 1.291311e-02 1.735847e-02 1.139475e-02 1.527886e-02 9.705380e-03 7.633531e-03 1.312558e-02 2.588992e-03 1.009462e-02 1.474398e-03 2.352544e-03 2.070091e-03 5.651733e-04 2.572388e-03 5.925127e-04 1.798486e-03 2.192348e-03 1.108064e-03 3.213473e-03 1.860999e-03 1.857539e-03 2.342839e-03 1.332475e-03 1.166144e-03 1.071271e-03 9.854699e-04 1.103977e-03 9.766079e-04 9.715846e-04 1.097964e-03 6.603525e-04 6.028371e-04 7.335516e-04 3.966622e-04 3.707118e-04 4.707286e-04 2.471396e-04 1.751083e-04 2.364157e-04 1.576118e-04 8.457300e-05 9.955889e-05 1.064771e-04 7.019789e-05 6.961755e-05 8.583911e-05 8.254537e-05 8.238750e-05 8.367648e-05 7.283376e-05 6.756177e-05 7.444258e-05 7.070442e-05 4.936971e-05 3.874737e-05 4.323474e-05 4.198715e-05 2.899829e-05 2.059432e-05 1.982060e-05 1.820662e-05 1.126956e-05 6.813686e-06 5.261742e-06 3.924346e-06 1.949302e-06 9.483370e-07 7.623795e-07 8.540192e-07 8.317210e-07 6.156756e-07 4.669332e-07 4.518909e-07 4.072987e-07 3.409520e-07 3.183328e-07 3.761093e-07 4.789247e-07 4.363306e-07 3.818954e-07 2.999813e-07 1.934064e-07 9.951552e-08 3.876500e-08 1.835821e-08 1.342050e-08 1.378534e-08 1.285594e-08 1.098207e-08 8.197276e-09 5.427914e-09 5.268755e-09 5.099740e-09 1.396148e-09 7.049347e-11 1.933758e-12 5.359273e-14 1.295465e-15 8.864228e-17 4.718545e-17 2.584063e-17 7.709174e-20 8.423093e-26 3.455587e-34 9.402713e-43 1.401298e-45 1.401298e-45 1.401298e-45 1.401298e-45 1.401298e-45 1.401298e-45 1.401298e-45 1.401298e-45 1.401298e-45 1.401298e-45 1.401298e-45 1.401298e-45 1.401298e-45 1.401298e-45 1.401298e-45 1.401298e-45 1.401298e-45 1.401298e-45 1.401298e-45 1.401298e-45 1.401298e-45 1.401298e-45 1.401298e-45 1.401298e-45 1.401298e-45 1.401298e-45 1.401298e-45 1.401298e-45 1.401298e-45 1.401298e-45 1.401298e-45 1.401298e-45 1.401298e-45 1.401298e-45 1.401298e-45 1.401298e-45 1.401298e-45 1.401298e-45 1.401298e-45 1.401298e-45 1.401298e-45 0.000000e+00 0.000000e+00 0.000000e+00 0.000000e+00 0.000000e+00 0.000000e+00
9.234557e-43 5.605194e-45 4.203895e-45 4.203895e-45 4.203895e-45 4.200919e-39 2.007735e-28 1.576555e-24 2.072307e-23 6.436294e-22 8.409829e-17 1.845536e-12 7.209450e-11 7.821602e-10 4.057512e-08 2.919279e-06 4.686547e-05 1.738621e-04 2.527444e-04 4.082096e-04 7.745574e-04 2.480398e-03 5.977340e-03 1.439973e-02 1.886259e-02 2.526026e-02 3.666363e-02 4.692639e-02 6.789187e-02 4.306333e-02 3.367964e-02 1.995342e-02 1.641341e-02 1.811013e-02 1.111818e-02 1.990916e-02 1.079838e-02 2.530115e-02 8.172458e-03 1.619685e-02 9.790396e-03 5.348080e-03 1.220473e-02 1.709710e-03 5.709794e-03 1.410685e-03 1.053314e-03 1.515310e-03 3.825873e-04 1.036709e-03 6.984535e-04 6.755441e-04 1.181114e-03 9.118418e-04 1.160522e-03 1.433235e-03 1.342471e-03 1.339982e-03 1.161780e-03 1.244458e-03 1.321327e-03 1.034752e-03 1.270994e-03 1.257062e-03 6.825658e-04 6.432546e-04 6.244046e-04 3.211743e-04 2.677478e-04 2.617155e-04 1.375769e-04 9.962350e-05 1.048764e-04 7.234074e-05 5.022957e-05 5.451316e-05 4.777154e-05 3.585362e-05 4.161672e-05 4.577724e-05 4.107356e-05 5.115240e-05 6.314852e-05 5.035274e-05 4.330034e-05 5.764082e-05 6.802269e-05 5.031961e-05 3.835351e-05 4.246600e-05 4.364064e-05 2.808833e-05 1.746700e-05 1.553008e-05 1.362359e-05 8.511893e-06 4.660566e-06 3.364467e-06 2.567125e-06 1.549937e-06 9.136734e-07 7.295193e-07 7.177977e-07 5.903441e-07 3.903083e-07 3.129836e-07 3.380159e-07 4.272163e-07 4.672499e-07 4.657693e-07 4.526277e-07 3.353174e-07 2.363965e-07 1.553917e-07 1.111142e-07 8.366671e-08 4.618306e-08 2.026474e-08 1.052865e-08 9.240972e-09 1.017491e-08 1.066391e-08 7.553294e-09 3.205498e-09 1.472765e-09 1.043214e-09 9.744557e-10 4.915644e-10 7.573078e-11 1.926819e-12 3.024634e-15 7.886770e-19 5.768670e-22 6.588387e-24 4.046288e-25 1.525891e-26 4.814487e-29 6.921259e-34 6.609925e-42 1.401298e-45 1.401298e-45 1.401298e-45 1.401298e-45 1.401298e-45 1.401298e-45 1.401298e-45 1.401298e-45 1.401298e-45 1.401298e-45 1.401298e-45 1.401298e-45 1.401298e-45 1.401298e-45 1.401298e-45 1.401298e-45 1.401298e-45 1.401298e-45 1.401298e-45 1.401298e-45 1.401298e-45 1.401298e-45 1.401298e-45 1.401298e-45 1.401298e-45 1.401298e-45 1.401298e-45 1.401298e-45 1.401298e-45 1.401298e-45 1.401298e-45 1.401298e-45 1.401298e-45 1.401298e-45 1.401298e-45 1.401298e-45 1.401298e-45 1.401298e-45 0.000000e+00 0.000000e+00 0.000000e+00 0.000000e+00 0.000000e+00 0.000000e+00 0.000000e+00 0.000000e+00
7.510960e-43 3.992453e-40 5.605194e-45 1.411108e-42 1.404101e-42 1.736629e-41 3.776140e-34 1.089177e-24 3.761905e-21 5.815486e-21 1.147306e-20 1.050974e-16 1.310953e-12 7.162868e-11 5.009597e-10 1.197525e-08 8.259453e-07 1.874306e-05 1.129738e-04 1.801156e-04 2.602403e-04 3.299683e-04 6.111365e-04 1.298038e-03 3.080776e-03 5.401354e-03 8.092025e-03 1.185789e-02 1.992786e-02 3.437814e-02 2.879634e-02 4.017034e-02 1.609818e-02 2.415264e-02 1.242321e-02 1.664790e-02 1.787443e-02 1.443692e-02 3.147879e-02 8.799997e-03 2.606198e-02 6.703497e-03 1.158385e-02 8.971444e-03 3.571752e-03 8.590776e-03 1.963171e-03 2.539350e-03 1.344160e-03 7.024313e-04 7.370997e-04 5.229554e-04 5.846092e-04 5.100325e-04 6.835687e-04 7.931225e-04 8.572060e-04 1.396208e-03 1.429039e-03 1.116355e-03 1.545449e-03 1.352019e-03 7.887603e-04 1.125091e-03 1.022192e-03 4.680715e-04 4.588582e-04 4.319334e-04 2.054152e-04 1.637374e-04 1.619922e-04 8.347775e-05 5.959602e-05 6.059980e-05 3.890747e-05 2.808350e-05 3.365847e-05 2.726880e-05 1.908727e-05 2.404782e-05 2.865992e-05 2.385240e-05 2.861034e-05 4.279441e-05 3.975624e-05 3.330422e-05 4.136462e-05 4.938650e-05 3.781031e-05 2.745170e-05 2.726444e-05 2.559828e-05 1.635227e-05 1.032975e-05 8.496912e-06 7.063407e-06 4.303521e-06 2.395463e-06 1.647133e-06 1.298890e-06 9.282242e-07 6.388163e-07 5.502870e-07 5.153606e-07 3.672191e-07 2.275357e-07 1.747972e-07 2.205916e-07 3.451608e-07 4.870933e-07 5.156555e-07 3.497085e-07 1.956284e-07 9.142251e-08 4.877320e-08 3.493849e-08 2.435289e-08 1.340262e-08 5.795788e-09 3.160776e-09 2.848247e-09 4.093938e-09 5.228693e-09 2.808793e-09 6.273472e-10 8.549828e-11 1.492235e-11 4.313347e-12 2.540543e-12 1.533861e-12 1.354644e-13 3.407189e-16 2.900003e-20 3.161293e-25 1.470223e-30 2.826968e-35 6.716245e-38 1.072404e-38 3.418047e-40 4.203895e-45 1.401298e-45 1.401298e-45 1.401298e-45 1.401298e-45 1.401298e-45 1.401298e-45 1.401298e-45 1.401298e-45 1.401298e-45 1.401298e-45 1.401298e-45 1.401298e-45 1.401298e-45 1.401298e-45 1.401298e-45 1.401298e-45 1.401298e-45 1.401298e-45 1.401298e-45 1.401298e-45 1.401298e-45 1.401298e-45 1.401298e-45 1.401298e-45 1.401298e-45 1.401298e-45 1.401298e-45 1.401298e-45 1.401298e-45 1.401298e-45 1.401298e-45 1.401298e-45 1.401298e-45 1.401298e-45 1.401298e-45 1.401298e-45 0.000000e+00 0.000000e+00 0.000000e+00 0.000000e+00 0.000000e+00 0.000000e+00 0.000000e+00 0.000000e+00 0.000000e+00
