1.020549e-03 1.056899e-03 8.954580e-04 7.520269e-04 6.317292e-04 5.937304e-04 6.001394e-04 9.194184e-04 1.293992e-03 9.472230e-04 8.930549e-04 1.813203e-03 3.319311e-03 3.768033e-03 4.197474e-03 5.110799e-03 5.923501e-03 6.462648e-03 7.160929e-03 7.657458e-03 7.209394e-03 6.356898e-03 6.455245e-03 8.058917e-03 1.131458e-02 1.596555e-02 2.156996e-02 2.763602e-02 3.426932e-02 4.196794e-02 4.919397e-02 5.399231e-02 5.469410e-02 5.434847e-02 5.344561e-02 5.676394e-02 6.420016e-02 7.328852e-02 8.269136e-02 9.079218e-02 9.948519e-02 1.019055e-01 1.026989e-01 1.026216e-01 9.925938e-02 9.576214e-02 9.154993e-02 8.975022e-02 8.877578e-02 8.876552e-02 9.335061e-02 9.918229e-02 1.076895e-01 1.197090e-01 1.295482e-01 1.410241e-01 1.534698e-01 1.602890e-01 1.659359e-01 1.671265e-01 1.612928e-01 1.606442e-01 1.648752e-01 1.684356e-01 1.759146e-01 1.868272e-01 1.933839e-01 1.987592e-01 2.059264e-01 2.094438e-01 2.088104e-01 2.084751e-01 2.089364e-01 2.073620e-01 2.051780e-01 2.041080e-01 2.027870e-01 1.998528e-01 1.968571e-01 1.944093e-01 1.917199e-01 1.888797e-01 1.865419e-01 1.841633e-01 1.811772e-01 1.784121e-01 1.764508e-01 1.749382e-01 1.742209e-01 1.750666e-01 1.763401e-01 1.753136e-01 1.711814e-01 1.658953e-01 1.606644e-01 1.550858e-01 1.488298e-01 1.431219e-01 1.388864e-01 1.360208e-01 1.337766e-01 1.310842e-01 1.276233e-01 1.227748e-01 1.167304e-01 1.110838e-01 1.066547e-01 1.038941e-01 1.016234e-01 9.849961e-02 9.382697e-02 8.766010e-02 8.118643e-02 7.527898e-02 7.078855e-02 6.789221e-02 6.624176e-02 6.531058e-02 6.437653e-02 6.248876e-02 5.865053e-02 5.291727e-02 4.646849e-02 4.059628e-02 3.602356e-02 3.285279e-02 3.090552e-02 2.976915e-02 2.897402e-02 2.787866e-02 2.577578e-02 2.259916e-02 1.896084e-02 1.565974e-02 1.302215e-02 1.112135e-02 9.998797e-03 9.399196e-03 8.632680e-03 7.269127e-03 5.700576e-03 4.400239e-03 3.514454e-03 2.973345e-03 2.628644e-03 2.358617e-03 2.042033e-03 1.693475e-03 1.395370e-03 1.184337e-03 1.036843e-03 9.158211e-04 7.803743e-04 6.514032e-04 5.276719e-04 4.198660e-04 3.285474e-04 2.746558e-04 2.274360e-04 1.881623e-04 1.497962e-04 1.149127e-04 8.898852e-05 6.670978e-05 5.183282e-05 3.963666e-05 3.199864e-05 2.583140e-05 2.037460e-05 1.578770e-05 1.186235e-05 9.120789e-06 6.513670e-06 4.665428e-06 3.287825e-06 2.289946e-06 1.572451e-06 1.051549e-06 6.943931e-07 4.396753e-07 2.906575e-07 1.794176e-07 1.182293e-07 8.028452e-08 6.365608e-08
7.557695e-04 6.948477e-04 5.677014e-04 4.112093e-04 3.731590e-04 3.898173e-04 6.129062e-04 8.753631e-04 6.306334e-04 6.613358e-04 1.546977e-03 2.746430e-03 2.927065e-03 3.152214e-03 3.697427e-03 4.148571e-03 4.450060e-03 4.737680e-03 4.640258e-03 4.129470e-03 3.974684e-03 4.936923e-03 7.279078e-03 1.109450e-02 1.574054e-02 2.063547e-02 2.550283e-02 3.081986e-02 3.665160e-02 4.024521e-02 4.046588e-02 3.919994e-02 3.790821e-02 3.856016e-02 4.270272e-02 5.020043e-02 5.712643e-02 6.403350e-02 6.960838e-02 7.466139e-02 7.532230e-02 7.528897e-02 7.629018e-02 7.366264e-02 7.265303e-02 7.104135e-02 7.083541e-02 7.244008e-02 7.533561e-02 8.353623e-02 9.269702e-02 1.039639e-01 1.178676e-01 1.289591e-01 1.421076e-01 1.537990e-01 1.582294e-01 1.616234e-01 1.593550e-01 1.554044e-01 1.601733e-01 1.659354e-01 1.714776e-01 1.802038e-01 1.886575e-01 1.943433e-01 1.988456e-01 2.023742e-01 2.042434e-01 2.038082e-01 2.025290e-01 2.020991e-01 2.019377e-01 2.004873e-01 1.972793e-01 1.941761e-01 1.922759e-01 1.904002e-01 1.887974e-01 1.886159e-01 1.893344e-01 1.895984e-01 1.885169e-01 1.866486e-01 1.855297e-01 1.855075e-01 1.856371e-01 1.857500e-01 1.862570e-01 1.860627e-01 1.834273e-01 1.786874e-01 1.737470e-01 1.692658e-01 1.641970e-01 1.585400e-01 1.533262e-01 1.491632e-01 1.449899e-01 1.400554e-01 1.348028e-01 1.296521e-01 1.250886e-01 1.209803e-01 1.176116e-01 1.155088e-01 1.134352e-01 1.102187e-01 1.049135e-01 9.828146e-02 9.172501e-02 8.600836e-02 8.181991e-02 7.904661e-02 7.759368e-02 7.692400e-02 7.594304e-02 7.329116e-02 6.808458e-02 6.093960e-02 5.352536e-02 4.736098e-02 4.290307e-02 3.997235e-02 3.825148e-02 3.721006e-02 3.615908e-02 3.440811e-02 3.169952e-02 2.818594e-02 2.419305e-02 2.061340e-02 1.808289e-02 1.655577e-02 1.550466e-02 1.444451e-02 1.299060e-02 1.097072e-02 8.636484e-03 6.618146e-03 5.315972e-03 4.628009e-03 4.218790e-03 3.824484e-03 3.348426e-03 2.781180e-03 2.205546e-03 1.759381e-03 1.488990e-03 1.350869e-03 1.245968e-03 1.096705e-03 9.070399e-04 7.180196e-04 5.568084e-04 4.383283e-04 3.555338e-04 2.879161e-04 2.446639e-04 1.883658e-04 1.508970e-04 1.145678e-04 9.202830e-05 7.245546e-05 5.591201e-05 4.455573e-05 3.415022e-05 2.696789e-05 2.029273e-05 1.611543e-05 1.231498e-05 9.534680e-06 7.046069e-06 5.041760e-06 3.541571e-06 2.497806e-06 1.687506e-06 1.132326e-06 7.326998e-07 4.910455e-07 3.065544e-07 1.980742e-07 1.117320e-07 7.420413e-08 5.014329e-08
5.005448e-04 4.491078e-04 2.782794e-04 2.260048e-04 2.469863e-04 3.954590e-04 5.773348e-04 4.116522e-04 4.925783e-04 1.330682e-03 2.210376e-03 2.134133e-03 2.150326e-03 2.454384e-03 2.727601e-03 2.823034e-03 2.748368e-03 2.540606e-03 2.487733e-03 3.037677e-03 4.675931e-03 7.598337e-03 1.150469e-02 1.537627e-02 1.887164e-02 2.208551e-02 2.561506e-02 2.830522e-02 2.783028e-02 2.564332e-02 2.454529e-02 2.424647e-02 2.633864e-02 3.062962e-02 3.637044e-02 4.072567e-02 4.493737e-02 4.865764e-02 5.114527e-02 5.250660e-02 5.349521e-02 5.553432e-02 5.450642e-02 5.503249e-02 5.567016e-02 5.690584e-02 6.199256e-02 6.870111e-02 8.000510e-02 9.191009e-02 1.043699e-01 1.194025e-01 1.309788e-01 1.429131e-01 1.515527e-01 1.519798e-01 1.522907e-01 1.505812e-01 1.515029e-01 1.590449e-01 1.649917e-01 1.721469e-01 1.811052e-01 1.864696e-01 1.913305e-01 1.953759e-01 1.960418e-01 1.974730e-01 1.985510e-01 1.966348e-01 1.957731e-01 1.964221e-01 1.926473e-01 1.858602e-01 1.835183e-01 1.851861e-01 1.855770e-01 1.865468e-01 1.902345e-01 1.935676e-01 1.941225e-01 1.931702e-01 1.927991e-01 1.934799e-01 1.941809e-01 1.939943e-01 1.932086e-01 1.925514e-01 1.914239e-01 1.885232e-01 1.842946e-01 1.800757e-01 1.760812e-01 1.715485e-01 1.662840e-01 1.611335e-01 1.557230e-01 1.490292e-01 1.412556e-01 1.345375e-01 1.303812e-01 1.281135e-01 1.268098e-01 1.253797e-01 1.230628e-01 1.193720e-01 1.133681e-01 1.063128e-01 9.971070e-02 9.467222e-02 9.131005e-02 8.912189e-02 8.821131e-02 8.789110e-02 8.694554e-02 8.359502e-02 7.696681e-02 6.853076e-02 6.057584e-02 5.440909e-02 5.016106e-02 4.757675e-02 4.596498e-02 4.452907e-02 4.281994e-02 4.043448e-02 3.700987e-02 3.291444e-02 2.913373e-02 2.623695e-02 2.409608e-02 2.268047e-02 2.183542e-02 2.086284e-02 1.863725e-02 1.523201e-02 1.180496e-02 9.138831e-03 7.385803e-03 6.457561e-03 6.131274e-03 6.006860e-03 5.594716e-03 4.712373e-03 3.666039e-03 2.824142e-03 2.257258e-03 1.893947e-03 1.714722e-03 1.565642e-03 1.361841e-03 1.121016e-03 8.888760e-04 7.222819e-04 5.963179e-04 4.816714e-04 4.013537e-04 3.201429e-04 2.522096e-04 1.994799e-04 1.536467e-04 1.299824e-04 1.040127e-04 8.669290e-05 6.712109e-05 5.169155e-05 3.903891e-05 2.877117e-05 2.182652e-05 1.633935e-05 1.320265e-05 9.896701e-06 7.480496e-06 5.408236e-06 3.953156e-06 2.824686e-06 1.956678e-06 1.321205e-06 8.606337e-07 5.491465e-07 3.555524e-07 2.021357e-07 1.196508e-07 7.220750e-08 4.742543e-08
3.337858e-04 2.083719e-04 1.314075e-04 1.566331e-04 2.540600e-04 3.705593e-04 2.697473e-04 3.960370e-04 1.187585e-03 1.688545e-03 1.396277e-03 1.340779e-03 1.554517e-03 1.697441e-03 1.606213e-03 1.481118e-03 1.547507e-03 1.946071e-03 2.990292e-03 5.118738e-03 8.215487e-03 1.139429e-02 1.381107e-02 1.565771e-02 1.706897e-02 1.835937e-02 1.782694e-02 1.558582e-02 1.423289e-02 1.427090e-02 1.525160e-02 1.735887e-02 2.061120e-02 2.378192e-02 2.629412e-02 2.903577e-02 3.205014e-02 3.420545e-02 3.695037e-02 3.931062e-02 4.148071e-02 4.206550e-02 4.325109e-02 4.584872e-02 4.958943e-02 5.835339e-02 6.833699e-02 8.111840e-02 9.499545e-02 1.073955e-01 1.217238e-01 1.314404e-01 1.383569e-01 1.422874e-01 1.391077e-01 1.390442e-01 1.411474e-01 1.444787e-01 1.523505e-01 1.595470e-01 1.667998e-01 1.745223e-01 1.784780e-01 1.829719e-01 1.869799e-01 1.873829e-01 1.900290e-01 1.926457e-01 1.896739e-01 1.870197e-01 1.859685e-01 1.793322e-01 1.723326e-01 1.755216e-01 1.826808e-01 1.850543e-01 1.879072e-01 1.938110e-01 1.973077e-01 1.966578e-01 1.960377e-01 1.973466e-01 1.984051e-01 1.978462e-01 1.965243e-01 1.956975e-01 1.955156e-01 1.945449e-01 1.916341e-01 1.874961e-01 1.837054e-01 1.801608e-01 1.755462e-01 1.695446e-01 1.629608e-01 1.562406e-01 1.489209e-01 1.419063e-01 1.367824e-01 1.344570e-01 1.340125e-01 1.330083e-01 1.303809e-01 1.256563e-01 1.191492e-01 1.122905e-01 1.060170e-01 1.016265e-01 9.899180e-02 9.762836e-02 9.720993e-02 9.698822e-02 9.593146e-02 9.178489e-02 8.416032e-02 7.517995e-02 6.726117e-02 6.151091e-02 5.778288e-02 5.548803e-02 5.366062e-02 5.164288e-02 4.899810e-02 4.561139e-02 4.178998e-02 3.794928e-02 3.457756e-02 3.218483e-02 3.087214e-02 3.016064e-02 2.921574e-02 2.745845e-02 2.443735e-02 2.027677e-02 1.589143e-02 1.248194e-02 1.043683e-02 9.476279e-03 9.138492e-03 9.013677e-03 8.629056e-03 7.565138e-03 5.963130e-03 4.561132e-03 3.659600e-03 3.058648e-03 2.672768e-03 2.351703e-03 2.024571e-03 1.720588e-03 1.380437e-03 1.100609e-03 9.190197e-04 7.740406e-04 6.715107e-04 5.576315e-04 4.347291e-04 3.466807e-04 2.626554e-04 2.112961e-04 1.724310e-04 1.436835e-04 1.199664e-04 9.287619e-05 7.345337e-05 5.517015e-05 4.298831e-05 3.188194e-05 2.429776e-05 1.857120e-05 1.403714e-05 1.087438e-05 8.047524e-06 6.061591e-06 4.555924e-06 3.346976e-06 2.369178e-06 1.573255e-06 1.030064e-06 6.600356e-07 4.010776e-07 2.415667e-07 1.418872e-07 9.237647e-08 6.696518e-08
1.732910e-04 6.793362e-05 9.728919e-05 1.635681e-04 2.332004e-04 1.912490e-04 3.622586e-04 1.043886e-03 1.123753e-03 7.946755e-04 7.857601e-04 9.399740e-04 9.673630e-04 8.696694e-04 9.207152e-04 1.238059e-03 1.921594e-03 3.279753e-03 5.567253e-03 8.064654e-03 9.802901e-03 1.063431e-02 1.097749e-02 1.088082e-02 1.047937e-02 9.032933e-03 7.735306e-03 7.662778e-03 8.262332e-03 9.249925e-03 1.056349e-02 1.244325e-02 1.419512e-02 1.625770e-02 1.883935e-02 2.176361e-02 2.460184e-02 2.805915e-02 3.121916e-02 3.294401e-02 3.444948e-02 3.663229e-02 4.159283e-02 4.873341e-02 5.972664e-02 7.205250e-02 8.518318e-02 9.891414e-02 1.094787e-01 1.199352e-01 1.249071e-01 1.249681e-01 1.251903e-01 1.222689e-01 1.237302e-01 1.287529e-01 1.328112e-01 1.409844e-01 1.487811e-01 1.540503e-01 1.605674e-01 1.652496e-01 1.694931e-01 1.746480e-01 1.776953e-01 1.805110e-01 1.814928e-01 1.769312e-01 1.719108e-01 1.684193e-01 1.635349e-01 1.639428e-01 1.739170e-01 1.824323e-01 1.847734e-01 1.886904e-01 1.954816e-01 1.982802e-01 1.964543e-01 1.960633e-01 1.977463e-01 1.977753e-01 1.961382e-01 1.954938e-01 1.963068e-01 1.966062e-01 1.949961e-01 1.917753e-01 1.881468e-01 1.848272e-01 1.811293e-01 1.754455e-01 1.682016e-01 1.614517e-01 1.560095e-01 1.514057e-01 1.472469e-01 1.443354e-01 1.425701e-01 1.405104e-01 1.367030e-01 1.307852e-01 1.243288e-01 1.182506e-01 1.130609e-01 1.094183e-01 1.070047e-01 1.059634e-01 1.057029e-01 1.054771e-01 1.039640e-01 9.918304e-02 9.142576e-02 8.273131e-02 7.546698e-02 7.047746e-02 6.740362e-02 6.531376e-02 6.306496e-02 6.014077e-02 5.646152e-02 5.240123e-02 4.835089e-02 4.482073e-02 4.221302e-02 4.057567e-02 3.975406e-02 3.932409e-02 3.830978e-02 3.552718e-02 3.085704e-02 2.567018e-02 2.109377e-02 1.755885e-02 1.521011e-02 1.415629e-02 1.411770e-02 1.426296e-02 1.350870e-02 1.150687e-02 8.943969e-03 6.752598e-03 5.318446e-03 4.478937e-03 4.071067e-03 3.780394e-03 3.249696e-03 2.638486e-03 2.053866e-03 1.609383e-03 1.329050e-03 1.104713e-03 9.571859e-04 8.270197e-04 6.632211e-04 5.353230e-04 4.204497e-04 3.365787e-04 2.794313e-04 2.273488e-04 1.936389e-04 1.552176e-04 1.257912e-04 9.736709e-05 7.727870e-05 6.214165e-05 4.879083e-05 3.860797e-05 2.858906e-05 2.155834e-05 1.571299e-05 1.142918e-05 8.456168e-06 6.396652e-06 4.779917e-06 3.534115e-06 2.475359e-06 1.689827e-06 1.114802e-06 7.147353e-07 4.481566e-07 2.652707e-07 1.884762e-07 1.336620e-07 1.043105e-07
1.716182e-05 4.838684e-05 9.676155e-05 1.427950e-04 1.536662e-04 3.398096e-04 7.418360e-04 5.628510e-04 3.807666e-04 4.224326e-04 5.150288e-04 5.236429e-04 5.330203e-04 7.140663e-04 1.167914e-03 2.016644e-03 3.417378e-03 5.189462e-03 6.325955e-03 6.639803e-03 6.482081e-03 6.088951e-03 5.584246e-03 5.026532e-03 4.239264e-03 3.855545e-03 4.132930e-03 4.589323e-03 5.193312e-03 6.024703e-03 7.278917e-03 8.872776e-03 1.110877e-02 1.386727e-02 1.692143e-02 2.043065e-02 2.397837e-02 2.701321e-02 2.836067e-02 3.081153e-02 3.514856e-02 4.232797e-02 5.206335e-02 6.389695e-02 7.648022e-02 8.805552e-02 9.866978e-02 1.052820e-01 1.091219e-01 1.083554e-01 1.049333e-01 1.054947e-01 1.052568e-01 1.077872e-01 1.141732e-01 1.184409e-01 1.254006e-01 1.324616e-01 1.363490e-01 1.428000e-01 1.494617e-01 1.545886e-01 1.611461e-01 1.650735e-01 1.646976e-01 1.627235e-01 1.571997e-01 1.509506e-01 1.505251e-01 1.547769e-01 1.627627e-01 1.728181e-01 1.795072e-01 1.835710e-01 1.894692e-01 1.952468e-01 1.954676e-01 1.923660e-01 1.922220e-01 1.939825e-01 1.938195e-01 1.929005e-01 1.938593e-01 1.952942e-01 1.947425e-01 1.925287e-01 1.899979e-01 1.871128e-01 1.835381e-01 1.788030e-01 1.727739e-01 1.665235e-01 1.617451e-01 1.588044e-01 1.567421e-01 1.549874e-01 1.530486e-01 1.499502e-01 1.443364e-01 1.370011e-01 1.302568e-01 1.251588e-01 1.218020e-01 1.192058e-01 1.168773e-01 1.154218e-01 1.145984e-01 1.140219e-01 1.118377e-01 1.067413e-01 9.955003e-02 9.208960e-02 8.617695e-02 8.219042e-02 7.972505e-02 7.759167e-02 7.458010e-02 7.041936e-02 6.555728e-02 6.083951e-02 5.677157e-02 5.373905e-02 5.185446e-02 5.092324e-02 5.054343e-02 4.997220e-02 4.811300e-02 4.406057e-02 3.820179e-02 3.213465e-02 2.721697e-02 2.387000e-02 2.185465e-02 2.083491e-02 2.051862e-02 2.047759e-02 1.963435e-02 1.679850e-02 1.269495e-02 9.236434e-03 7.146952e-03 5.999695e-03 5.464097e-03 5.233475e-03 4.798694e-03 4.024197e-03 3.094711e-03 2.310162e-03 1.835205e-03 1.523752e-03 1.318976e-03 1.168606e-03 9.762471e-04 8.025270e-04 6.364721e-04 5.052069e-04 4.306846e-04 3.680240e-04 3.208179e-04 2.714808e-04 2.196443e-04 1.763332e-04 1.355577e-04 1.097112e-04 8.718510e-05 7.188588e-05 5.571054e-05 4.235519e-05 3.134111e-05 2.240939e-05 1.619299e-05 1.139702e-05 8.342071e-06 6.071687e-06 4.560251e-06 3.442775e-06 2.505627e-06 1.808281e-06 1.205818e-06 8.232053e-07 5.100071e-07 3.446549e-07 2.234286e-07 1.617903e-07 1.106154e-07
3.648106e-06 2.880901e-05 6.782883e-05 1.097687e-04 2.135138e-04 2.855309e-04 1.663541e-04 1.350483e-04 1.789247e-04 2.294355e-04 2.729190e-04 3.455730e-04 5.626164e-04 1.048964e-03 1.844454e-03 2.765490e-03 3.420512e-03 3.472143e-03 3.281484e-03 3.010880e-03 2.712756e-03 2.503934e-03 2.273351e-03 1.998159e-03 1.957111e-03 2.201324e-03 2.526267e-03 3.028182e-03 3.825193e-03 5.064839e-03 6.892050e-03 9.327633e-03 1.236445e-02 1.564648e-02 1.954290e-02 2.279333e-02 2.511964e-02 2.688810e-02 3.084823e-02 3.706299e-02 4.553962e-02 5.604136e-02 6.611108e-02 7.648757e-02 8.440125e-02 8.934370e-02 9.079920e-02 8.934607e-02 8.665714e-02 8.519881e-02 8.706442e-02 8.837824e-02 9.179513e-02 9.740177e-02 1.006307e-01 1.062306e-01 1.127744e-01 1.175412e-01 1.260770e-01 1.347123e-01 1.398377e-01 1.454439e-01 1.470606e-01 1.430020e-01 1.391161e-01 1.348732e-01 1.338991e-01 1.419953e-01 1.523600e-01 1.603340e-01 1.687595e-01 1.773699e-01 1.833566e-01 1.876314e-01 1.901057e-01 1.882618e-01 1.856874e-01 1.871112e-01 1.895976e-01 1.893256e-01 1.889156e-01 1.907103e-01 1.918168e-01 1.903853e-01 1.884061e-01 1.865606e-01 1.837072e-01 1.799411e-01 1.758030e-01 1.714380e-01 1.673843e-01 1.644831e-01 1.631368e-01 1.627595e-01 1.619835e-01 1.592883e-01 1.537353e-01 1.464304e-01 1.391958e-01 1.338719e-01 1.311762e-01 1.296132e-01 1.279078e-01 1.258657e-01 1.241630e-01 1.228952e-01 1.199545e-01 1.147113e-01 1.081065e-01 1.020691e-01 9.775370e-02 9.504871e-02 9.329661e-02 9.089702e-02 8.683490e-02 8.127787e-02 7.523943e-02 6.986773e-02 6.579152e-02 6.330482e-02 6.207950e-02 6.164498e-02 6.147929e-02 6.059147e-02 5.772715e-02 5.237119e-02 4.571279e-02 3.939903e-02 3.442723e-02 3.107275e-02 2.927959e-02 2.864153e-02 2.826018e-02 2.722708e-02 2.514086e-02 2.187370e-02 1.758400e-02 1.334704e-02 1.035605e-02 8.698675e-03 7.987146e-03 7.595566e-03 6.879236e-03 5.740096e-03 4.465003e-03 3.317361e-03 2.569667e-03 2.129538e-03 1.857809e-03 1.675986e-03 1.441195e-03 1.196361e-03 9.722387e-04 7.728084e-04 6.459073e-04 5.533135e-04 4.879490e-04 4.299608e-04 3.605605e-04 2.944293e-04 2.357734e-04 1.870943e-04 1.503979e-04 1.200353e-04 9.745371e-05 7.480253e-05 5.700462e-05 4.193540e-05 3.109007e-05 2.305313e-05 1.661829e-05 1.207472e-05 8.548953e-06 6.536675e-06 4.911073e-06 3.707629e-06 2.762514e-06 2.001457e-06 1.415796e-06 9.145905e-07 6.005389e-07 3.764859e-07 2.552707e-07 1.627216e-07 1.162053e-07
1.411162e-07 4.025762e-06 2.273968e-05 3.021867e-05 2.573303e-05 1.759128e-05 2.415753e-05 4.042715e-05 6.595939e-05 1.082370e-04 1.705953e-04 3.251760e-04 6.567554e-04 1.054785e-03 1.276111e-03 1.305140e-03 1.233313e-03 1.175564e-03 1.117902e-03 1.088156e-03 1.098686e-03 1.065266e-03 1.021447e-03 1.103578e-03 1.332570e-03 1.690066e-03 2.301058e-03 3.318152e-03 4.863395e-03 7.026530e-03 9.783627e-03 1.322801e-02 1.692217e-02 2.064088e-02 2.289570e-02 2.447919e-02 2.715451e-02 3.165549e-02 3.858542e-02 4.637691e-02 5.428619e-02 6.183890e-02 6.756038e-02 7.033003e-02 7.078867e-02 6.913074e-02 6.747845e-02 6.648307e-02 6.718377e-02 6.952496e-02 7.102764e-02 7.381488e-02 7.712447e-02 8.020201e-02 8.731011e-02 9.548266e-02 1.028246e-01 1.126269e-01 1.205121e-01 1.244672e-01 1.276938e-01 1.257384e-01 1.195301e-01 1.175690e-01 1.206276e-01 1.274269e-01 1.383828e-01 1.487976e-01 1.565321e-01 1.659561e-01 1.752640e-01 1.787838e-01 1.795795e-01 1.809248e-01 1.803669e-01 1.799795e-01 1.829163e-01 1.852944e-01 1.842846e-01 1.838546e-01 1.854234e-01 1.853606e-01 1.833934e-01 1.824011e-01 1.821040e-01 1.807797e-01 1.785597e-01 1.762310e-01 1.735792e-01 1.708124e-01 1.695204e-01 1.700872e-01 1.706159e-01 1.687355e-01 1.641011e-01 1.584180e-01 1.526882e-01 1.475708e-01 1.438643e-01 1.417395e-01 1.402770e-01 1.383295e-01 1.362909e-01 1.339262e-01 1.301452e-01 1.247826e-01 1.184798e-01 1.133933e-01 1.103542e-01 1.090205e-01 1.078662e-01 1.049823e-01 9.981628e-02 9.286828e-02 8.569294e-02 7.970945e-02 7.562063e-02 7.346681e-02 7.268084e-02 7.268962e-02 7.258195e-02 7.104278e-02 6.693105e-02 6.045910e-02 5.327476e-02 4.681484e-02 4.194007e-02 3.882200e-02 3.722841e-02 3.648467e-02 3.574639e-02 3.420399e-02 3.124281e-02 2.689603e-02 2.216027e-02 1.814654e-02 1.524189e-02 1.325962e-02 1.213315e-02 1.150921e-02 1.049671e-02 8.586015e-03 6.376047e-03 4.597021e-03 3.482367e-03 2.882614e-03 2.556468e-03 2.384659e-03 2.144550e-03 1.764315e-03 1.397023e-03 1.100417e-03 9.121345e-04 7.955094e-04 7.046427e-04 6.337242e-04 5.468850e-04 4.508057e-04 3.640922e-04 2.937703e-04 2.415145e-04 1.985157e-04 1.645229e-04 1.318776e-04 1.028955e-04 7.708660e-05 5.783390e-05 4.316408e-05 3.325133e-05 2.487291e-05 1.832581e-05 1.307567e-05 9.560379e-06 6.929050e-06 5.153626e-06 3.795230e-06 2.817070e-06 2.066789e-06 1.435521e-06 9.512621e-07 6.115728e-07 4.155889e-07 2.657449e-07 1.832528e-07 1.290250e-07
1.444468e-06 1.467075e-07 2.358339e-08 6.448413e-08 2.991281e-07 1.255860e-06 2.803790e-06 7.537515e-06 1.816101e-05 3.916574e-05 8.965906e-05 1.800332e-04 2.473222e-04 2.731821e-04 3.020769e-04 3.458779e-04 4.140654e-04 4.801144e-04 5.449420e-04 6.121010e-04 6.539591e-04 6.914698e-04 8.345387e-04 1.132238e-03 1.673682e-03 2.634973e-03 4.174063e-03 6.304555e-03 8.964640e-03 1.220859e-02 1.591267e-02 1.920080e-02 2.071785e-02 2.126916e-02 2.238259e-02 2.485850e-02 2.918945e-02 3.484846e-02 4.037406e-02 4.502740e-02 4.893137e-02 5.053395e-02 5.025478e-02 4.992259e-02 4.894457e-02 4.902366e-02 4.932133e-02 5.064772e-02 5.242286e-02 5.229652e-02 5.455410e-02 5.864899e-02 6.449851e-02 7.440560e-02 8.324523e-02 9.165821e-02 1.014600e-01 1.073971e-01 1.093978e-01 1.088325e-01 1.043284e-01 1.020194e-01 1.074932e-01 1.162952e-01 1.246882e-01 1.348771e-01 1.455500e-01 1.538479e-01 1.615617e-01 1.676341e-01 1.693361e-01 1.700065e-01 1.725158e-01 1.748281e-01 1.767187e-01 1.790570e-01 1.797272e-01 1.782498e-01 1.778121e-01 1.782920e-01 1.779273e-01 1.782588e-01 1.803924e-01 1.820743e-01 1.815055e-01 1.800973e-01 1.792064e-01 1.782968e-01 1.778200e-01 1.792302e-01 1.812907e-01 1.806026e-01 1.766702e-01 1.721248e-01 1.686608e-01 1.657787e-01 1.624010e-01 1.589231e-01 1.559519e-01 1.533072e-01 1.505499e-01 1.469740e-01 1.426556e-01 1.373724e-01 1.316812e-01 1.274350e-01 1.253175e-01 1.249705e-01 1.239583e-01 1.202523e-01 1.136290e-01 1.054109e-01 9.762472e-02 9.142045e-02 8.743269e-02 8.550515e-02 8.495456e-02 8.500185e-02 8.437609e-02 8.166841e-02 7.611952e-02 6.857558e-02 6.089432e-02 5.448583e-02 4.994478e-02 4.708583e-02 4.553824e-02 4.456038e-02 4.322983e-02 4.071634e-02 3.691102e-02 3.226930e-02 2.750444e-02 2.342881e-02 2.065502e-02 1.901340e-02 1.787816e-02 1.652628e-02 1.448221e-02 1.176882e-02 8.848380e-03 6.447286e-03 4.921969e-03 4.182945e-03 3.832426e-03 3.606125e-03 3.327114e-03 2.812419e-03 2.191999e-03 1.651711e-03 1.287420e-03 1.101318e-03 9.871762e-04 9.017481e-04 8.022219e-04 6.747016e-04 5.440389e-04 4.391566e-04 3.522595e-04 2.964296e-04 2.498408e-04 2.088053e-04 1.692007e-04 1.317773e-04 1.004122e-04 7.600113e-05 5.729723e-05 4.488219e-05 3.363666e-05 2.492011e-05 1.779640e-05 1.248655e-05 8.973112e-06 6.677618e-06 4.966083e-06 3.693284e-06 2.744782e-06 1.992480e-06 1.373193e-06 8.873701e-07 5.946000e-07 3.770138e-07 2.550491e-07 1.623298e-07 1.221520e-07
4.000634e-08 2.080635e-07 1.012779e-07 2.124207e-08 2.413646e-08 4.883251e-08 2.269332e-07 1.326812e-06 4.743875e-06 1.135782e-05 2.321994e-05 4.124758e-05 6.693652e-05 1.093014e-04 1.787877e-04 2.726963e-04 3.540057e-04 4.341466e-04 5.312074e-04 6.053948e-04 6.845617e-04 9.334720e-04 1.478648e-03 2.500136e-03 4.171714e-03 6.393997e-03 8.899858e-03 1.144617e-02 1.408014e-02 1.602004e-02 1.646934e-02 1.572629e-02 1.553334e-02 1.635402e-02 1.841174e-02 2.210294e-02 2.574054e-02 2.883133e-02 3.080399e-02 3.250241e-02 3.308685e-02 3.301774e-02 3.401676e-02 3.395759e-02 3.474128e-02 3.534910e-02 3.569246e-02 3.631656e-02 3.676147e-02 4.165655e-02 4.841164e-02 5.572811e-02 6.628280e-02 7.492016e-02 8.339618e-02 9.171870e-02 9.397852e-02 9.405322e-02 9.224605e-02 9.089285e-02 9.707920e-02 1.062230e-01 1.140972e-01 1.232831e-01 1.336312e-01 1.424087e-01 1.488020e-01 1.540219e-01 1.581499e-01 1.608330e-01 1.637379e-01 1.677061e-01 1.712024e-01 1.730507e-01 1.730102e-01 1.714841e-01 1.707048e-01 1.716095e-01 1.732931e-01 1.761974e-01 1.805560e-01 1.840654e-01 1.844513e-01 1.832405e-01 1.834682e-01 1.851893e-01 1.867248e-01 1.883386e-01 1.906162e-01 1.918321e-01 1.902376e-01 1.870429e-01 1.848677e-01 1.840462e-01 1.824335e-01 1.791953e-01 1.753651e-01 1.715210e-01 1.668178e-01 1.610892e-01 1.554425e-01 1.503599e-01 1.463175e-01 1.435124e-01 1.421583e-01 1.418877e-01 1.401859e-01 1.353600e-01 1.273169e-01 1.183191e-01 1.105691e-01 1.048768e-01 1.013901e-01 9.951312e-02 9.880348e-02 9.837782e-02 9.670407e-02 9.250007e-02 8.549540e-02 7.716141e-02 6.935903e-02 6.318970e-02 5.898151e-02 5.643569e-02 5.483982e-02 5.304667e-02 5.045115e-02 4.690046e-02 4.235225e-02 3.723686e-02 3.270516e-02 2.946014e-02 2.732047e-02 2.583033e-02 2.455987e-02 2.280027e-02 1.966702e-02 1.554501e-02 1.171095e-02 8.891872e-03 7.084864e-03 6.178064e-03 5.891520e-03 5.809036e-03 5.529208e-03 4.690272e-03 3.565334e-03 2.634627e-03 1.963872e-03 1.572909e-03 1.369625e-03 1.244558e-03 1.122771e-03 9.412880e-04 7.457687e-04 5.929354e-04 4.770991e-04 3.976649e-04 3.461995e-04 2.916791e-04 2.432215e-04 1.925684e-04 1.508642e-04 1.188809e-04 9.176714e-05 7.287302e-05 5.658435e-05 4.357537e-05 3.238716e-05 2.354182e-05 1.669640e-05 1.229818e-05 8.863869e-06 6.689560e-06 5.088059e-06 3.799664e-06 2.782487e-06 1.983136e-06 1.304585e-06 8.456630e-07 5.195234e-07 3.431395e-07 1.973115e-07 1.363975e-07 8.923856e-08
1.827136e-06 6.317302e-07 7.514053e-06 1.663710e-06 3.973011e-07 4.270950e-07 9.195684e-07 1.674299e-06 3.094575e-06 9.102076e-06 2.951704e-05 6.560361e-05 1.182201e-04 1.899138e-04 2.698912e-04 3.429228e-04 4.250904e-04 4.999854e-04 5.591862e-04 7.216063e-04 1.204381e-03 2.166811e-03 3.628331e-03 5.417779e-03 7.158713e-03 8.604704e-03 9.509600e-03 9.937894e-03 9.559070e-03 8.688509e-03 8.154303e-03 8.361734e-03 9.360562e-03 1.109434e-02 1.365105e-02 1.543839e-02 1.682167e-02 1.812501e-02 1.955966e-02 2.076399e-02 2.168761e-02 2.320237e-02 2.352968e-02 2.405119e-02 2.427917e-02 2.437204e-02 2.614006e-02 2.970641e-02 3.617545e-02 4.354439e-02 5.145637e-02 6.171458e-02 6.937341e-02 7.658683e-02 8.291007e-02 8.252507e-02 8.274997e-02 8.471685e-02 8.891976e-02 9.819812e-02 1.057591e-01 1.129934e-01 1.230115e-01 1.306651e-01 1.359929e-01 1.419164e-01 1.467565e-01 1.507667e-01 1.556214e-01 1.600034e-01 1.630333e-01 1.650082e-01 1.651060e-01 1.625829e-01 1.608778e-01 1.640508e-01 1.698823e-01 1.749383e-01 1.803165e-01 1.855351e-01 1.875972e-01 1.872758e-01 1.883401e-01 1.914716e-01 1.942423e-01 1.957387e-01 1.971536e-01 1.992436e-01 2.009129e-01 2.010351e-01 2.004109e-01 2.002841e-01 2.001459e-01 1.984487e-01 1.948645e-01 1.904072e-01 1.849229e-01 1.777678e-01 1.698587e-01 1.634710e-01 1.598891e-01 1.584614e-01 1.582470e-01 1.574878e-01 1.544348e-01 1.484762e-01 1.397697e-01 1.308673e-01 1.236194e-01 1.188038e-01 1.159043e-01 1.139532e-01 1.126897e-01 1.112799e-01 1.085107e-01 1.030693e-01 9.495459e-02 8.603739e-02 7.813184e-02 7.223554e-02 6.837215e-02 6.586149e-02 6.362400e-02 6.069065e-02 5.678694e-02 5.201798e-02 4.700772e-02 4.245478e-02 3.882536e-02 3.634899e-02 3.491705e-02 3.394051e-02 3.239263e-02 2.961104e-02 2.544809e-02 2.057844e-02 1.600002e-02 1.259387e-02 1.056377e-02 9.650311e-03 9.377860e-03 9.200582e-03 8.777648e-03 7.574555e-03 5.733971e-03 4.154816e-03 3.094167e-03 2.459860e-03 2.115297e-03 1.862647e-03 1.644276e-03 1.378283e-03 1.080264e-03 8.319123e-04 6.558824e-04 5.324951e-04 4.642470e-04 4.036057e-04 3.483809e-04 2.921000e-04 2.303338e-04 1.835453e-04 1.451037e-04 1.172205e-04 9.607588e-05 7.582644e-05 6.055532e-05 4.489488e-05 3.374011e-05 2.428071e-05 1.861747e-05 1.342467e-05 1.016984e-05 7.162004e-06 5.194377e-06 3.813488e-06 2.732431e-06 1.912685e-06 1.255033e-06 7.828179e-07 5.100613e-07 2.949570e-07 1.953005e-07 1.189104e-07 8.812854e-08
1.912221e-05 9.809093e-06 4.000821e-06 3.165528e-05 3.070124e-05 5.236145e-06 2.171951e-06 3.600296e-06 1.451484e-05 3.597183e-05 5.175553e-05 7.479460e-05 1.075785e-04 1.469201e-04 1.721165e-04 1.800649e-04 1.960559e-04 2.581828e-04 4.453614e-04 8.978480e-04 1.630289e-03 2.463821e-03 3.260773e-03 3.908395e-03 4.268772e-03 4.239629e-03 3.943813e-03 3.495260e-03 3.249107e-03 3.418175e-03 3.887768e-03 4.654735e-03 5.732348e-03 7.037566e-03 7.901452e-03 8.928424e-03 1.031499e-02 1.177750e-02 1.341858e-02 1.482302e-02 1.621813e-02 1.650964e-02 1.683307e-02 1.768167e-02 1.909080e-02 2.274867e-02 2.792429e-02 3.501858e-02 4.326187e-02 5.111072e-02 6.040898e-02 6.770142e-02 7.310972e-02 7.698679e-02 7.619873e-02 7.926464e-02 8.492327e-02 8.936813e-02 9.720701e-02 1.043679e-01 1.104983e-01 1.182831e-01 1.232031e-01 1.282613e-01 1.355547e-01 1.403600e-01 1.449167e-01 1.511526e-01 1.540546e-01 1.538141e-01 1.537310e-01 1.517931e-01 1.491638e-01 1.538104e-01 1.646027e-01 1.723997e-01 1.773077e-01 1.837257e-01 1.893873e-01 1.913646e-01 1.930196e-01 1.965904e-01 1.995571e-01 2.007069e-01 2.019894e-01 2.048862e-01 2.083468e-01 2.106796e-01 2.115125e-01 2.116887e-01 2.120723e-01 2.121696e-01 2.104631e-01 2.063389e-01 2.005930e-01 1.939638e-01 1.864518e-01 1.791427e-01 1.738613e-01 1.718269e-01 1.718502e-01 1.705151e-01 1.662723e-01 1.592420e-01 1.508124e-01 1.430086e-01 1.364957e-01 1.320662e-01 1.290595e-01 1.268431e-01 1.249917e-01 1.227959e-01 1.192984e-01 1.129660e-01 1.040944e-01 9.473903e-02 8.685054e-02 8.126990e-02 7.760222e-02 7.487315e-02 7.186528e-02 6.781529e-02 6.284787e-02 5.759725e-02 5.281122e-02 4.899474e-02 4.641666e-02 4.489690e-02 4.394001e-02 4.287454e-02 4.082282e-02 3.703822e-02 3.163090e-02 2.605365e-02 2.143692e-02 1.804363e-02 1.578414e-02 1.469818e-02 1.456489e-02 1.448997e-02 1.350545e-02 1.120276e-02 8.323287e-03 5.990123e-03 4.494422e-03 3.658046e-03 3.304028e-03 3.070495e-03 2.722624e-03 2.226053e-03 1.660117e-03 1.217360e-03 9.273342e-04 7.494441e-04 6.470798e-04 5.806932e-04 4.983054e-04 4.280280e-04 3.414983e-04 2.743443e-04 2.228451e-04 1.832601e-04 1.548519e-04 1.259708e-04 1.012900e-04 7.927950e-05 6.028365e-05 4.655826e-05 3.473928e-05 2.720610e-05 1.984961e-05 1.556545e-05 1.051434e-05 7.631616e-06 5.171635e-06 3.667624e-06 2.579160e-06 1.828070e-06 1.220856e-06 8.077359e-07 4.994202e-07 3.246238e-07 1.982370e-07 1.480956e-07 1.054066e-07
2.563515e-05 9.776271e-06 1.089434e-05 5.442893e-06 1.843827e-05 3.696505e-05 4.566543e-05 6.418975e-05 5.373953e-05 3.816826e-05 3.740741e-05 5.067452e-05 6.457812e-05 5.706468e-05 5.081290e-05 6.564687e-05 1.115746e-04 2.191992e-04 4.354452e-04 6.949634e-04 9.318387e-04 1.177863e-03 1.402865e-03 1.504369e-03 1.477993e-03 1.355687e-03 1.273727e-03 1.357022e-03 1.609565e-03 1.901051e-03 2.290715e-03 2.861675e-03 3.553870e-03 4.237721e-03 5.266765e-03 6.618936e-03 8.049876e-03 9.802097e-03 1.120844e-02 1.223865e-02 1.275237e-02 1.387138e-02 1.591295e-02 1.868487e-02 2.402123e-02 3.087251e-02 3.883987e-02 4.738938e-02 5.508217e-02 6.328566e-02 6.824264e-02 7.047629e-02 7.284144e-02 7.345458e-02 7.723352e-02 8.261053e-02 8.623351e-02 9.283791e-02 9.829192e-02 1.022597e-01 1.092218e-01 1.147000e-01 1.203757e-01 1.283475e-01 1.332428e-01 1.374858e-01 1.422644e-01 1.417608e-01 1.378797e-01 1.367746e-01 1.380217e-01 1.429911e-01 1.546598e-01 1.660295e-01 1.714179e-01 1.774058e-01 1.867540e-01 1.924884e-01 1.939633e-01 1.967580e-01 2.007519e-01 2.029766e-01 2.046738e-01 2.084151e-01 2.128535e-01 2.155445e-01 2.165752e-01 2.171641e-01 2.178849e-01 2.186310e-01 2.182147e-01 2.150019e-01 2.095253e-01 2.039327e-01 1.993102e-01 1.951896e-01 1.909665e-01 1.875829e-01 1.852643e-01 1.820630e-01 1.761887e-01 1.682072e-01 1.606295e-01 1.541778e-01 1.486196e-01 1.441510e-01 1.403389e-01 1.376160e-01 1.354494e-01 1.331069e-01 1.292786e-01 1.224956e-01 1.134868e-01 1.042892e-01 9.683404e-02 9.170847e-02 8.827984e-02 8.538618e-02 8.175095e-02 7.692800e-02 7.137565e-02 6.601059e-02 6.165671e-02 5.863859e-02 5.686089e-02 5.584097e-02 5.498913e-02 5.347103e-02 5.043836e-02 4.559945e-02 3.951183e-02 3.344748e-02 2.852384e-02 2.519579e-02 2.315740e-02 2.195900e-02 2.121861e-02 2.049887e-02 1.910682e-02 1.612861e-02 1.201111e-02 8.536675e-03 6.384934e-03 5.205770e-03 4.696146e-03 4.533228e-03 4.277971e-03 3.667709e-03 2.747373e-03 1.924125e-03 1.382576e-03 1.062542e-03 9.004395e-04 8.257849e-04 7.401018e-04 6.362091e-04 5.171706e-04 4.009862e-04 3.262490e-04 2.634894e-04 2.263557e-04 1.949106e-04 1.648927e-04 1.351737e-04 1.050941e-04 8.228461e-05 6.377316e-05 4.942915e-05 3.866298e-05 2.923439e-05 2.271057e-05 1.547634e-05 1.161542e-05 7.684685e-06 5.621075e-06 3.857641e-06 2.831679e-06 2.035724e-06 1.420344e-06 9.162848e-07 5.970723e-07 3.586173e-07 2.519541e-07 1.740686e-07 1.431055e-07
4.708801e-06 1.646836e-05 3.726182e-05 2.485342e-05 2.490240e-05 3.516913e-05 4.762947e-05 3.391476e-05 2.534879e-05 2.427735e-05 2.968753e-05 3.317798e-05 3.297066e-05 4.009924e-05 6.287506e-05 1.146258e-04 2.061272e-04 3.145403e-04 3.934482e-04 4.726893e-04 5.804017e-04 6.706833e-04 7.201941e-04 7.346892e-04 7.134522e-04 7.413470e-04 8.668221e-04 1.029545e-03 1.163591e-03 1.418395e-03 1.820187e-03 2.366127e-03 3.088998e-03 4.136004e-03 5.471373e-03 6.916888e-03 8.647640e-03 9.929459e-03 1.098760e-02 1.240166e-02 1.476137e-02 1.808168e-02 2.282063e-02 3.006627e-02 3.756204e-02 4.554118e-02 5.260410e-02 5.761605e-02 6.217092e-02 6.330223e-02 6.380954e-02 6.604465e-02 6.726815e-02 7.066734e-02 7.512687e-02 7.772617e-02 8.257840e-02 8.757266e-02 9.181204e-02 9.873632e-02 1.047621e-01 1.106906e-01 1.187702e-01 1.230408e-01 1.245094e-01 1.262043e-01 1.234340e-01 1.200732e-01 1.247697e-01 1.341154e-01 1.432814e-01 1.537088e-01 1.632196e-01 1.704197e-01 1.787129e-01 1.866288e-01 1.900368e-01 1.914492e-01 1.952039e-01 2.000489e-01 2.036325e-01 2.073876e-01 2.119538e-01 2.154058e-01 2.171241e-01 2.181864e-01 2.188843e-01 2.188312e-01 2.179051e-01 2.156949e-01 2.120259e-01 2.080283e-01 2.054078e-01 2.042608e-01 2.032373e-01 2.015358e-01 1.987309e-01 1.939182e-01 1.863157e-01 1.773286e-01 1.695532e-01 1.638474e-01 1.596687e-01 1.554226e-01 1.508764e-01 1.473795e-01 1.449025e-01 1.428398e-01 1.390997e-01 1.326086e-01 1.243625e-01 1.161728e-01 1.096810e-01 1.052083e-01 1.020885e-01 9.888278e-02 9.436428e-02 8.863147e-02 8.259258e-02 7.731655e-02 7.336131e-02 7.086198e-02 6.954963e-02 6.879499e-02 6.785081e-02 6.578887e-02 6.189902e-02 5.611645e-02 4.943755e-02 4.314702e-02 3.800072e-02 3.422885e-02 3.177011e-02 3.038538e-02 2.927758e-02 2.742281e-02 2.460079e-02 2.110743e-02 1.714184e-02 1.326428e-02 1.028644e-02 8.461242e-03 7.552752e-03 7.089275e-03 6.466194e-03 5.465797e-03 4.213739e-03 3.026461e-03 2.218600e-03 1.732053e-03 1.447075e-03 1.274632e-03 1.124569e-03 9.581996e-04 7.855389e-04 6.065881e-04 4.835417e-04 4.005412e-04 3.389228e-04 3.031215e-04 2.622383e-04 2.257908e-04 1.854923e-04 1.483457e-04 1.190936e-04 9.348227e-05 7.335385e-05 5.646802e-05 4.251749e-05 3.182066e-05 2.255315e-05 1.674853e-05 1.125369e-05 8.432234e-06 5.889990e-06 4.595442e-06 3.327829e-06 2.401932e-06 1.626370e-06 1.084085e-06 6.573555e-07 4.256420e-07 2.679932e-07 2.028527e-07 1.396668e-07
2.442793e-06 1.973069e-05 2.336427e-05 6.260957e-05 1.352546e-04 1.818585e-04 1.343947e-04 6.171602e-05 3.794393e-05 2.944128e-05 2.219665e-05 2.209444e-05 3.248107e-05 6.769706e-05 1.518001e-04 2.720457e-04 3.614744e-04 4.299780e-04 5.116446e-04 5.542415e-04 5.592160e-04 5.857958e-04 5.933779e-04 5.779850e-04 6.202530e-04 7.181284e-04 8.042614e-04 9.418397e-04 1.260944e-03 1.699632e-03 2.293801e-03 3.097672e-03 4.164696e-03 5.497947e-03 6.978859e-03 8.624328e-03 9.802294e-03 1.133678e-02 1.380493e-02 1.722126e-02 2.194292e-02 2.777622e-02 3.467317e-02 4.069706e-02 4.568747e-02 4.859952e-02 5.010731e-02 5.159924e-02 5.135623e-02 5.242649e-02 5.462532e-02 5.606546e-02 5.941159e-02 6.258285e-02 6.498925e-02 7.011472e-02 7.541360e-02 8.032904e-02 8.783486e-02 9.465357e-02 1.005127e-01 1.068519e-01 1.086342e-01 1.078803e-01 1.082404e-01 1.074451e-01 1.109091e-01 1.221543e-01 1.330788e-01 1.413857e-01 1.518801e-01 1.626014e-01 1.700306e-01 1.756135e-01 1.802541e-01 1.832641e-01 1.863137e-01 1.909750e-01 1.960007e-01 2.005636e-01 2.051954e-01 2.093388e-01 2.120507e-01 2.136143e-01 2.143015e-01 2.138725e-01 2.128784e-01 2.120830e-01 2.110782e-01 2.093426e-01 2.074929e-01 2.063720e-01 2.062381e-01 2.064792e-01 2.057305e-01 2.025081e-01 1.963584e-01 1.885276e-01 1.806793e-01 1.744657e-01 1.703577e-01 1.666799e-01 1.626372e-01 1.586988e-01 1.558769e-01 1.541045e-01 1.509086e-01 1.453641e-01 1.381797e-01 1.313231e-01 1.259855e-01 1.220661e-01 1.187603e-01 1.146596e-01 1.090949e-01 1.024874e-01 9.592509e-02 9.053048e-02 8.677924e-02 8.467645e-02 8.369584e-02 8.308909e-02 8.198773e-02 7.943647e-02 7.471399e-02 6.804473e-02 6.073738e-02 5.397134e-02 4.845269e-02 4.435410e-02 4.148936e-02 3.941061e-02 3.754747e-02 3.525500e-02 3.201431e-02 2.780540e-02 2.333976e-02 1.938659e-02 1.629790e-02 1.398144e-02 1.240170e-02 1.138687e-02 1.022784e-02 8.401777e-03 6.314111e-03 4.523873e-03 3.340359e-03 2.675584e-03 2.306628e-03 2.116920e-03 1.899264e-03 1.549594e-03 1.164098e-03 8.499830e-04 6.415106e-04 5.353357e-04 4.741596e-04 4.475243e-04 4.172234e-04 3.613740e-04 3.049092e-04 2.419352e-04 1.917865e-04 1.532926e-04 1.232659e-04 1.000146e-04 7.642148e-05 5.748040e-05 4.170345e-05 3.061070e-05 2.231484e-05 1.584018e-05 1.254579e-05 9.414621e-06 7.234415e-06 5.149061e-06 3.693869e-06 2.591158e-06 1.808365e-06 1.185565e-06 7.722738e-07 4.653399e-07 3.222075e-07 2.059793e-07 1.581314e-07
8.647261e-08 2.740543e-06 2.020364e-05 1.990116e-05 1.358250e-05 1.014884e-05 1.824780e-05 3.945027e-05 5.438419e-05 4.928266e-05 4.031891e-05 3.700621e-05 5.502026e-05 8.453219e-05 1.013991e-04 1.140375e-04 1.324157e-04 1.477242e-04 1.557928e-04 1.800691e-04 2.108714e-04 2.210156e-04 2.468202e-04 3.201044e-04 4.112723e-04 5.314661e-04 7.739498e-04 1.190976e-03 1.685776e-03 2.309176e-03 3.121892e-03 4.121423e-03 5.317029e-03 6.408067e-03 7.351223e-03 8.224518e-03 1.004910e-02 1.269587e-02 1.632056e-02 2.083028e-02 2.547235e-02 3.026477e-02 3.341220e-02 3.514775e-02 3.591372e-02 3.648256e-02 3.762142e-02 3.791304e-02 3.952712e-02 4.171989e-02 4.310095e-02 4.581618e-02 4.843881e-02 5.198035e-02 5.847625e-02 6.479870e-02 7.160056e-02 7.958774e-02 8.571602e-02 9.095129e-02 9.472997e-02 9.411360e-02 9.304808e-02 9.514663e-02 9.982284e-02 1.088499e-01 1.209377e-01 1.309783e-01 1.406620e-01 1.520285e-01 1.605212e-01 1.650442e-01 1.691974e-01 1.731182e-01 1.757731e-01 1.792071e-01 1.840509e-01 1.888125e-01 1.933795e-01 1.975396e-01 2.000611e-01 2.013522e-01 2.029135e-01 2.048507e-01 2.066647e-01 2.084489e-01 2.097905e-01 2.098862e-01 2.087179e-01 2.071427e-01 2.064246e-01 2.069224e-01 2.075911e-01 2.067743e-01 2.038818e-01 1.996431e-01 1.946440e-01 1.894292e-01 1.846886e-01 1.808796e-01 1.778291e-01 1.748315e-01 1.722530e-01 1.698246e-01 1.665010e-01 1.616225e-01 1.551123e-01 1.491046e-01 1.446398e-01 1.413988e-01 1.379290e-01 1.328963e-01 1.263108e-01 1.189088e-01 1.118029e-01 1.059525e-01 1.018851e-01 9.962337e-02 9.846754e-02 9.771802e-02 9.644846e-02 9.343219e-02 8.783869e-02 8.026937e-02 7.222089e-02 6.496847e-02 5.920348e-02 5.489175e-02 5.169528e-02 4.923112e-02 4.695107e-02 4.415193e-02 4.050127e-02 3.615858e-02 3.149016e-02 2.700907e-02 2.342050e-02 2.081267e-02 1.876157e-02 1.680439e-02 1.459637e-02 1.196941e-02 9.230854e-03 6.795234e-03 5.093394e-03 4.182829e-03 3.685817e-03 3.381128e-03 3.078150e-03 2.566826e-03 1.932807e-03 1.366829e-03 9.859479e-04 7.735700e-04 6.696598e-04 6.179847e-04 6.061588e-04 5.592523e-04 4.821876e-04 3.945505e-04 3.042546e-04 2.376094e-04 1.869244e-04 1.488209e-04 1.221187e-04 9.515665e-05 7.468887e-05 5.434142e-05 4.104535e-05 2.945262e-05 2.335733e-05 1.823775e-05 1.379058e-05 1.048354e-05 7.541959e-06 5.506930e-06 3.898213e-06 2.830918e-06 1.986930e-06 1.346118e-06 8.254202e-07 5.370959e-07 3.218373e-07 2.260603e-07 1.583779e-07
8.723640e-07 1.142339e-07 1.983471e-08 6.560434e-08 3.142087e-07 1.108043e-06 1.654552e-06 3.033347e-06 7.797712e-06 1.894161e-05 3.426253e-05 4.779692e-05 4.337822e-05 2.941564e-05 2.275069e-05 2.232020e-05 2.369320e-05 2.835699e-05 3.675212e-05 4.349124e-05 4.981317e-05 6.753935e-05 1.069165e-04 1.718111e-04 3.040337e-04 5.593842e-04 9.677022e-04 1.458726e-03 2.073602e-03 2.824871e-03 3.612655e-03 4.314126e-03 4.544997e-03 4.857566e-03 5.540094e-03 6.988982e-03 9.153852e-03 1.199854e-02 1.518437e-02 1.822633e-02 2.113865e-02 2.273268e-02 2.351673e-02 2.459788e-02 2.583221e-02 2.696279e-02 2.753155e-02 2.913578e-02 3.059306e-02 3.124383e-02 3.401937e-02 3.768902e-02 4.317487e-02 5.126595e-02 5.842121e-02 6.605583e-02 7.364857e-02 7.893201e-02 8.278478e-02 8.341359e-02 8.184323e-02 8.370135e-02 8.990700e-02 9.831294e-02 1.086280e-01 1.198279e-01 1.302813e-01 1.403396e-01 1.490183e-01 1.544566e-01 1.581373e-01 1.611649e-01 1.634158e-01 1.666371e-01 1.716930e-01 1.762462e-01 1.794552e-01 1.819965e-01 1.839298e-01 1.856248e-01 1.891504e-01 1.948883e-01 2.008012e-01 2.053441e-01 2.081845e-01 2.094403e-01 2.095352e-01 2.088701e-01 2.082797e-01 2.088601e-01 2.105005e-01 2.115933e-01 2.112894e-01 2.102181e-01 2.089309e-01 2.069293e-01 2.035650e-01 1.995591e-01 1.959333e-01 1.930933e-01 1.907507e-01 1.878871e-01 1.843141e-01 1.795322e-01 1.737831e-01 1.686314e-01 1.646296e-01 1.619336e-01 1.586639e-01 1.532073e-01 1.455659e-01 1.369465e-01 1.288483e-01 1.221895e-01 1.174201e-01 1.143915e-01 1.126057e-01 1.115003e-01 1.098323e-01 1.062598e-01 1.000139e-01 9.179616e-02 8.329079e-02 7.590753e-02 7.012876e-02 6.583425e-02 6.263095e-02 5.990403e-02 5.710573e-02 5.390178e-02 4.997803e-02 4.514345e-02 3.994670e-02 3.529030e-02 3.158745e-02 2.854810e-02 2.589611e-02 2.339897e-02 2.043875e-02 1.679672e-02 1.317992e-02 1.014646e-02 7.885566e-03 6.548312e-03 5.881285e-03 5.506466e-03 5.078116e-03 4.234322e-03 3.196585e-03 2.292926e-03 1.657705e-03 1.283664e-03 1.090929e-03 9.954651e-04 9.223283e-04 8.267318e-04 6.699337e-04 5.328653e-04 4.094874e-04 3.248537e-04 2.700619e-04 2.240558e-04 1.856044e-04 1.509678e-04 1.179236e-04 9.238987e-05 6.866705e-05 5.456068e-05 4.022405e-05 3.167095e-05 2.354386e-05 1.772784e-05 1.286894e-05 9.475125e-06 7.022737e-06 5.099278e-06 3.824831e-06 2.750907e-06 1.935236e-06 1.202564e-06 7.510524e-07 4.222153e-07 2.707277e-07 1.689175e-07 1.248598e-07
3.112814e-08 2.056959e-07 8.392600e-08 2.878746e-08 4.624122e-08 4.416944e-08 1.853605e-07 1.082586e-06 2.814670e-06 5.428875e-06 1.266319e-05 2.233342e-05 3.140702e-05 4.195210e-05 5.016613e-05 5.399126e-05 5.393651e-05 5.476896e-05 5.645472e-05 6.168348e-05 7.540522e-05 1.105469e-04 1.873612e-04 3.570110e-04 6.774776e-04 1.179620e-03 1.806697e-03 2.510787e-03 3.168277e-03 3.555201e-03 3.583279e-03 3.329547e-03 3.509704e-03 4.000037e-03 5.130207e-03 6.879936e-03 8.878495e-03 1.108752e-02 1.313469e-02 1.509009e-02 1.599216e-02 1.687271e-02 1.850857e-02 1.947956e-02 2.008412e-02 2.054017e-02 2.132298e-02 2.188668e-02 2.327528e-02 2.755187e-02 3.261581e-02 3.911052e-02 4.765672e-02 5.518288e-02 6.272853e-02 6.938454e-02 7.288700e-02 7.448936e-02 7.362141e-02 7.468023e-02 8.121914e-02 8.922679e-02 9.801782e-02 1.083188e-01 1.182451e-01 1.276308e-01 1.354772e-01 1.404988e-01 1.444173e-01 1.482650e-01 1.511451e-01 1.548814e-01 1.607385e-01 1.648623e-01 1.651873e-01 1.649886e-01 1.668901e-01 1.703062e-01 1.756274e-01 1.838307e-01 1.927762e-01 1.995064e-01 2.034258e-01 2.059655e-01 2.082932e-01 2.099363e-01 2.104485e-01 2.112303e-01 2.137938e-01 2.172071e-01 2.195568e-01 2.205365e-01 2.212519e-01 2.217880e-01 2.207892e-01 2.178817e-01 2.141322e-01 2.105860e-01 2.071141e-01 2.032756e-01 1.991654e-01 1.946426e-01 1.904352e-01 1.867902e-01 1.838013e-01 1.814540e-01 1.778874e-01 1.719474e-01 1.631759e-01 1.533101e-01 1.443685e-01 1.372177e-01 1.319496e-01 1.283035e-01 1.260790e-01 1.246016e-01 1.224728e-01 1.182579e-01 1.112945e-01 1.026659e-01 9.407548e-02 8.681098e-02 8.133834e-02 7.743607e-02 7.431944e-02 7.128242e-02 6.799293e-02 6.414644e-02 5.955430e-02 5.434763e-02 4.905731e-02 4.430941e-02 4.062835e-02 3.771739e-02 3.483450e-02 3.161651e-02 2.783604e-02 2.353511e-02 1.914223e-02 1.534556e-02 1.254827e-02 1.083904e-02 9.831037e-03 9.078701e-03 8.363386e-03 7.212147e-03 5.580865e-03 4.076385e-03 2.980680e-03 2.316413e-03 1.923610e-03 1.697169e-03 1.500167e-03 1.264301e-03 9.711204e-04 7.112785e-04 5.290244e-04 4.015414e-04 3.372266e-04 2.999860e-04 2.708466e-04 2.399835e-04 1.952337e-04 1.544494e-04 1.166689e-04 8.834271e-05 6.863247e-05 5.249815e-05 4.254700e-05 3.067536e-05 2.332669e-05 1.575406e-05 1.155770e-05 8.313023e-06 6.353053e-06 4.802433e-06 3.573145e-06 2.646192e-06 1.726752e-06 1.108160e-06 6.251573e-07 3.822633e-07 2.126674e-07 1.430228e-07 9.653856e-08
1.310627e-06 5.407833e-07 5.559873e-06 1.136800e-06 3.503359e-07 6.340565e-07 1.033001e-06 1.082152e-06 1.828422e-06 4.900797e-06 1.633873e-05 3.633927e-05 6.232873e-05 9.247827e-05 1.099853e-04 1.197787e-04 1.297100e-04 1.312516e-04 1.376832e-04 1.647144e-04 2.288345e-04 3.488467e-04 5.638572e-04 9.018726e-04 1.313730e-03 1.721547e-03 2.042108e-03 2.283374e-03 2.291041e-03 2.169604e-03 2.135946e-03 2.392087e-03 2.825732e-03 3.743024e-03 4.935794e-03 6.134563e-03 7.499108e-03 8.821744e-03 1.014485e-02 1.093289e-02 1.223618e-02 1.379720e-02 1.409016e-02 1.434963e-02 1.466813e-02 1.501863e-02 1.633706e-02 1.935001e-02 2.422585e-02 2.995514e-02 3.715748e-02 4.589658e-02 5.295161e-02 5.933122e-02 6.452612e-02 6.586812e-02 6.627034e-02 6.758644e-02 7.232803e-02 7.980543e-02 8.619267e-02 9.432534e-02 1.039998e-01 1.118054e-01 1.189534e-01 1.248730e-01 1.287950e-01 1.337614e-01 1.392694e-01 1.430523e-01 1.468178e-01 1.503388e-01 1.504586e-01 1.480398e-01 1.485096e-01 1.542469e-01 1.619976e-01 1.701373e-01 1.797135e-01 1.893238e-01 1.958477e-01 1.995590e-01 2.033618e-01 2.075231e-01 2.102039e-01 2.118074e-01 2.148800e-01 2.201026e-01 2.253536e-01 2.285657e-01 2.301320e-01 2.312731e-01 2.318317e-01 2.307336e-01 2.278447e-01 2.241545e-01 2.200489e-01 2.150006e-01 2.090467e-01 2.035166e-01 1.998399e-01 1.977835e-01 1.968361e-01 1.954025e-01 1.919389e-01 1.859844e-01 1.772727e-01 1.677572e-01 1.589490e-01 1.519683e-01 1.468346e-01 1.430746e-01 1.404187e-01 1.382245e-01 1.352492e-01 1.300541e-01 1.222761e-01 1.132283e-01 1.046174e-01 9.769501e-02 9.271817e-02 8.923263e-02 8.629290e-02 8.308134e-02 7.916692e-02 7.450560e-02 6.923524e-02 6.379654e-02 5.887361e-02 5.475219e-02 5.133907e-02 4.830764e-02 4.523686e-02 4.157097e-02 3.678644e-02 3.141631e-02 2.643091e-02 2.229042e-02 1.905899e-02 1.692563e-02 1.578180e-02 1.496050e-02 1.376701e-02 1.175591e-02 9.119639e-03 6.734231e-03 4.999284e-03 3.942724e-03 3.367281e-03 2.971916e-03 2.562111e-03 2.043728e-03 1.513115e-03 1.055710e-03 7.690099e-04 5.937798e-04 4.998642e-04 4.470134e-04 4.053577e-04 3.672836e-04 3.159720e-04 2.524963e-04 1.997330e-04 1.519425e-04 1.205329e-04 9.257440e-05 7.389859e-05 5.888039e-05 4.442975e-05 3.498109e-05 2.447234e-05 1.893302e-05 1.276003e-05 9.474287e-06 6.566484e-06 4.784330e-06 3.545825e-06 2.510941e-06 1.723958e-06 1.056148e-06 6.767094e-07 3.696713e-07 2.302457e-07 1.354056e-07 9.104097e-08
1.339122e-05 7.531592e-06 3.476109e-06 2.038579e-05 2.755916e-05 5.614440e-06 2.038732e-06 2.364643e-06 7.991935e-06 1.782302e-05 2.669747e-05 3.779990e-05 5.573474e-05 8.334225e-05 1.061135e-04 1.080138e-04 1.023673e-04 1.218788e-04 1.734874e-04 2.587284e-04 3.606399e-04 4.613618e-04 5.402348e-04 5.928534e-04 6.541911e-04 7.026705e-04 7.389491e-04 7.405602e-04 7.840205e-04 8.773488e-04 1.068609e-03 1.339747e-03 1.769855e-03 2.264340e-03 2.798661e-03 3.611992e-03 4.524083e-03 5.564203e-03 6.663734e-03 8.070454e-03 9.129716e-03 9.343752e-03 9.813760e-03 1.030255e-02 1.118704e-02 1.359182e-02 1.720650e-02 2.218010e-02 2.830996e-02 3.543683e-02 4.344851e-02 4.949232e-02 5.419403e-02 5.742565e-02 5.774650e-02 5.961356e-02 6.356545e-02 6.784453e-02 7.336420e-02 7.975031e-02 8.737022e-02 9.486935e-02 1.005546e-01 1.069617e-01 1.131188e-01 1.179486e-01 1.240541e-01 1.293561e-01 1.317966e-01 1.335361e-01 1.342416e-01 1.322431e-01 1.310653e-01 1.365846e-01 1.476028e-01 1.577790e-01 1.662546e-01 1.760801e-01 1.858981e-01 1.918718e-01 1.955727e-01 2.004060e-01 2.056966e-01 2.096246e-01 2.134876e-01 2.192396e-01 2.258739e-01 2.306863e-01 2.330009e-01 2.342965e-01 2.355088e-01 2.357929e-01 2.340242e-01 2.303077e-01 2.256617e-01 2.205303e-01 2.147246e-01 2.089706e-01 2.046859e-01 2.028715e-01 2.030342e-01 2.025918e-01 2.000902e-01 1.948692e-01 1.875952e-01 1.800759e-01 1.730268e-01 1.674035e-01 1.628283e-01 1.590899e-01 1.559348e-01 1.527900e-01 1.487242e-01 1.424680e-01 1.338708e-01 1.244391e-01 1.160668e-01 1.098194e-01 1.055155e-01 1.023851e-01 9.932087e-02 9.555294e-02 9.079061e-02 8.524985e-02 7.942721e-02 7.403678e-02 6.955339e-02 6.596475e-02 6.295951e-02 6.003262e-02 5.658936e-02 5.218520e-02 4.667788e-02 4.061119e-02 3.493530e-02 3.043442e-02 2.727800e-02 2.510674e-02 2.354660e-02 2.232823e-02 2.100055e-02 1.856905e-02 1.468623e-02 1.076963e-02 7.938641e-03 6.180604e-03 5.227071e-03 4.689537e-03 4.218843e-03 3.514000e-03 2.626973e-03 1.835445e-03 1.285024e-03 9.659824e-04 7.941122e-04 7.308752e-04 6.803334e-04 6.109160e-04 5.006363e-04 3.844332e-04 2.900086e-04 2.252817e-04 1.825553e-04 1.572246e-04 1.308514e-04 1.106512e-04 8.583425e-05 6.653265e-05 5.038164e-05 3.669034e-05 2.883806e-05 2.070893e-05 1.601775e-05 1.085134e-05 7.792394e-06 5.313889e-06 3.648853e-06 2.529285e-06 1.677451e-06 1.165296e-06 7.033495e-07 4.346362e-07 2.390378e-07 1.521070e-07 9.656733e-08
1.827951e-05 8.217365e-06 7.343548e-06 5.148857e-06 1.168616e-05 1.986501e-05 3.945821e-05 5.795402e-05 3.758955e-05 1.867067e-05 1.734187e-05 2.782874e-05 4.169303e-05 4.452022e-05 4.077714e-05 5.079823e-05 8.907557e-05 1.594441e-04 2.618821e-04 3.448334e-04 3.647296e-04 3.551203e-04 3.476997e-04 3.416144e-04 3.184166e-04 3.020280e-04 3.020584e-04 3.306859e-04 3.837043e-04 4.705042e-04 5.806010e-04 7.238985e-04 9.193649e-04 1.210792e-03 1.697905e-03 2.299867e-03 3.114233e-03 4.112671e-03 5.127059e-03 5.817947e-03 6.238296e-03 7.006260e-03 8.004260e-03 9.788614e-03 1.287185e-02 1.666076e-02 2.169340e-02 2.776624e-02 3.393172e-02 4.011338e-02 4.399782e-02 4.679329e-02 4.926841e-02 5.078787e-02 5.426285e-02 5.881538e-02 6.284364e-02 6.834199e-02 7.407492e-02 7.929558e-02 8.484033e-02 9.052782e-02 9.748177e-02 1.038860e-01 1.092575e-01 1.154249e-01 1.194239e-01 1.197689e-01 1.190947e-01 1.180914e-01 1.180474e-01 1.237711e-01 1.361054e-01 1.483690e-01 1.566268e-01 1.647394e-01 1.749533e-01 1.832025e-01 1.875882e-01 1.917597e-01 1.978026e-01 2.039351e-01 2.090262e-01 2.145119e-01 2.208957e-01 2.263849e-01 2.295959e-01 2.312868e-01 2.326501e-01 2.333227e-01 2.319674e-01 2.282588e-01 2.235865e-01 2.193159e-01 2.157168e-01 2.127018e-01 2.102998e-01 2.089189e-01 2.083485e-01 2.073828e-01 2.048282e-01 2.001381e-01 1.947455e-01 1.894705e-01 1.846946e-01 1.808501e-01 1.772593e-01 1.740824e-01 1.709800e-01 1.677123e-01 1.632682e-01 1.562730e-01 1.469798e-01 1.372171e-01 1.290929e-01 1.234787e-01 1.198551e-01 1.169439e-01 1.133543e-01 1.085298e-01 1.026050e-01 9.626317e-02 9.028032e-02 8.531258e-02 8.149830e-02 7.851613e-02 7.592170e-02 7.317062e-02 6.957392e-02 6.448424e-02 5.806824e-02 5.141015e-02 4.549332e-02 4.067396e-02 3.711800e-02 3.484209e-02 3.335119e-02 3.172627e-02 2.930402e-02 2.591063e-02 2.159252e-02 1.692024e-02 1.295467e-02 1.022302e-02 8.622175e-03 7.656632e-03 6.807573e-03 5.810419e-03 4.553240e-03 3.329530e-03 2.412096e-03 1.835901e-03 1.496998e-03 1.290825e-03 1.134229e-03 9.769038e-04 7.955045e-04 6.084745e-04 4.609994e-04 3.559038e-04 2.855783e-04 2.417617e-04 2.146292e-04 1.889160e-04 1.637486e-04 1.269821e-04 9.996473e-05 7.151262e-05 5.261968e-05 3.877837e-05 2.869109e-05 2.213981e-05 1.578688e-05 1.158617e-05 7.852407e-06 5.455267e-06 3.721242e-06 2.542222e-06 1.812946e-06 1.238774e-06 8.087853e-07 4.589716e-07 2.804343e-07 1.691969e-07 1.176769e-07
4.535264e-06 1.299159e-05 3.296651e-05 1.839782e-05 1.781942e-05 3.038719e-05 3.498168e-05 2.542710e-05 2.571283e-05 3.287917e-05 3.001834e-05 2.268334e-05 2.201277e-05 2.501221e-05 3.909626e-05 7.894279e-05 1.513378e-04 2.437644e-04 3.267781e-04 3.779734e-04 4.016570e-04 3.951354e-04 3.580587e-04 2.978546e-04 2.693175e-04 2.590257e-04 2.665902e-04 2.881530e-04 3.186133e-04 3.588769e-04 4.194149e-04 5.423736e-04 7.461217e-04 1.072419e-03 1.477811e-03 2.042316e-03 2.705342e-03 3.321748e-03 3.857261e-03 4.573302e-03 5.800321e-03 7.496312e-03 1.013792e-02 1.374384e-02 1.776830e-02 2.269084e-02 2.748723e-02 3.146390e-02 3.511163e-02 3.718897e-02 3.959187e-02 4.291628e-02 4.591157e-02 5.051898e-02 5.543599e-02 5.945621e-02 6.447344e-02 6.954130e-02 7.422181e-02 7.968688e-02 8.607866e-02 9.332481e-02 1.000190e-01 1.053896e-01 1.098261e-01 1.113967e-01 1.099078e-01 1.090586e-01 1.123573e-01 1.198428e-01 1.300427e-01 1.411842e-01 1.503138e-01 1.579424e-01 1.670967e-01 1.761222e-01 1.812422e-01 1.838374e-01 1.881995e-01 1.947960e-01 2.009123e-01 2.059198e-01 2.114829e-01 2.174604e-01 2.218042e-01 2.237028e-01 2.242743e-01 2.243495e-01 2.236139e-01 2.216276e-01 2.189840e-01 2.168380e-01 2.157881e-01 2.154763e-01 2.153284e-01 2.151885e-01 2.146276e-01 2.128327e-01 2.092174e-01 2.044239e-01 1.997734e-01 1.957403e-01 1.927796e-01 1.901845e-01 1.873787e-01 1.848464e-01 1.823992e-01 1.799369e-01 1.757521e-01 1.687740e-01 1.597219e-01 1.504579e-01 1.428793e-01 1.375990e-01 1.340642e-01 1.308536e-01 1.265523e-01 1.207135e-01 1.139028e-01 1.072015e-01 1.014390e-01 9.713586e-02 9.428107e-02 9.239995e-02 9.080330e-02 8.861300e-02 8.473122e-02 7.859463e-02 7.097743e-02 6.320597e-02 5.636029e-02 5.102722e-02 4.730337e-02 4.481225e-02 4.291201e-02 4.101620e-02 3.830642e-02 3.416844e-02 2.895989e-02 2.380247e-02 1.945736e-02 1.609078e-02 1.376531e-02 1.236171e-02 1.120299e-02 9.700127e-03 7.723648e-03 5.723530e-03 4.218641e-03 3.237951e-03 2.666300e-03 2.331179e-03 2.026125e-03 1.658746e-03 1.259139e-03 9.087776e-04 6.699527e-04 5.229897e-04 4.443630e-04 4.003068e-04 3.682607e-04 3.254343e-04 2.771720e-04 2.186627e-04 1.656718e-04 1.273347e-04 9.345316e-05 7.257008e-05 5.323872e-05 4.021634e-05 2.981408e-05 2.187707e-05 1.586102e-05 1.135723e-05 8.066876e-06 5.602281e-06 4.086774e-06 2.931503e-06 2.144892e-06 1.469667e-06 9.296612e-07 5.629399e-07 3.355575e-07 2.208638e-07 1.508356e-07
1.432757e-06 1.222327e-05 1.472594e-05 4.005734e-05 8.920248e-05 1.241671e-04 9.811817e-05 5.459905e-05 3.802775e-05 3.081622e-05 2.638284e-05 2.387959e-05 2.981035e-05 5.268238e-05 9.608626e-05 1.449680e-04 1.982132e-04 2.718812e-04 3.449908e-04 4.206522e-04 4.846943e-04 5.237113e-04 5.217796e-04 5.105991e-04 4.877950e-04 4.849178e-04 4.736102e-04 4.682906e-04 4.957352e-04 5.543847e-04 6.762334e-04 8.399910e-04 1.074550e-03 1.373830e-03 1.780750e-03 2.213714e-03 2.596158e-03 3.080011e-03 3.852366e-03 5.131630e-03 7.120527e-03 9.933213e-03 1.311412e-02 1.647320e-02 1.988793e-02 2.236665e-02 2.437322e-02 2.642007e-02 2.804551e-02 3.057876e-02 3.413001e-02 3.780612e-02 4.267857e-02 4.711467e-02 5.125961e-02 5.689214e-02 6.238049e-02 6.780451e-02 7.512672e-02 8.288963e-02 8.956268e-02 9.523322e-02 9.908168e-02 1.011175e-01 1.015907e-01 1.020789e-01 1.066292e-01 1.160183e-01 1.258871e-01 1.350789e-01 1.453101e-01 1.549966e-01 1.625963e-01 1.686746e-01 1.733716e-01 1.761018e-01 1.783951e-01 1.832477e-01 1.902671e-01 1.960408e-01 2.003995e-01 2.053962e-01 2.102895e-01 2.127779e-01 2.130080e-01 2.132562e-01 2.147984e-01 2.168228e-01 2.178576e-01 2.176156e-01 2.169236e-01 2.165035e-01 2.165224e-01 2.167819e-01 2.167552e-01 2.155890e-01 2.125591e-01 2.080349e-01 2.031231e-01 1.990897e-01 1.964696e-01 1.943081e-01 1.923327e-01 1.904134e-01 1.887820e-01 1.873247e-01 1.839567e-01 1.780932e-01 1.703718e-01 1.626992e-01 1.565243e-01 1.520731e-01 1.485505e-01 1.443532e-01 1.385010e-01 1.312690e-01 1.237500e-01 1.170572e-01 1.118589e-01 1.084234e-01 1.065413e-01 1.057799e-01 1.053940e-01 1.038602e-01 9.938769e-02 9.166428e-02 8.226416e-02 7.311730e-02 6.554515e-02 5.996457e-02 5.616967e-02 5.370691e-02 5.193820e-02 4.997577e-02 4.687766e-02 4.238851e-02 3.690875e-02 3.132445e-02 2.656734e-02 2.299853e-02 2.039650e-02 1.839817e-02 1.651196e-02 1.437296e-02 1.181256e-02 9.040848e-03 6.812450e-03 5.366742e-03 4.426939e-03 3.837726e-03 3.326020e-03 2.766838e-03 2.120191e-03 1.515117e-03 1.082955e-03 8.143871e-04 6.667080e-04 5.980154e-04 5.660607e-04 5.253127e-04 4.466272e-04 3.552911e-04 2.584761e-04 1.926832e-04 1.429794e-04 1.121023e-04 9.192173e-05 7.308290e-05 5.774377e-05 4.282266e-05 3.138989e-05 2.203660e-05 1.598790e-05 1.130419e-05 8.609887e-06 6.627468e-06 4.870843e-06 3.605506e-06 2.482853e-06 1.722745e-06 1.082067e-06 6.550624e-07 4.056719e-07 2.592853e-07 1.688798e-07
5.858685e-08 1.973836e-06 1.392694e-05 1.360438e-05 1.037564e-05 8.253879e-06 1.575114e-05 3.615876e-05 5.007406e-05 5.545023e-05 5.061165e-05 4.612738e-05 5.638978e-05 7.118528e-05 8.087838e-05 8.760813e-05 9.359666e-05 1.022587e-04 1.154883e-04 1.307115e-04 1.543321e-04 1.849128e-04 2.305628e-04 2.889687e-04 3.732012e-04 4.804931e-04 6.166790e-04 7.818709e-04 9.245428e-04 1.100602e-03 1.280596e-03 1.526629e-03 1.791848e-03 2.023746e-03 2.180531e-03 2.303829e-03 2.592460e-03 3.099489e-03 4.085044e-03 5.458409e-03 7.153948e-03 9.013929e-03 1.077709e-02 1.227634e-02 1.308831e-02 1.408331e-02 1.527885e-02 1.641233e-02 1.857760e-02 2.142926e-02 2.404128e-02 2.719952e-02 3.065144e-02 3.500638e-02 4.099821e-02 4.715379e-02 5.414606e-02 6.220065e-02 6.921825e-02 7.520462e-02 7.996623e-02 8.222905e-02 8.357468e-02 8.660702e-02 9.280287e-02 1.026182e-01 1.139655e-01 1.244674e-01 1.352457e-01 1.459680e-01 1.536975e-01 1.582610e-01 1.618202e-01 1.650794e-01 1.677800e-01 1.716929e-01 1.781925e-01 1.848169e-01 1.894647e-01 1.931377e-01 1.968797e-01 2.001689e-01 2.026861e-01 2.055365e-01 2.097176e-01 2.144439e-01 2.175430e-01 2.177374e-01 2.158968e-01 2.138837e-01 2.127982e-01 2.124826e-01 2.122779e-01 2.117625e-01 2.105405e-01 2.083174e-01 2.052989e-01 2.022347e-01 1.996576e-01 1.977265e-01 1.963766e-01 1.951561e-01 1.944005e-01 1.931834e-01 1.901660e-01 1.853217e-01 1.790899e-01 1.732747e-01 1.685997e-01 1.650633e-01 1.615264e-01 1.563670e-01 1.491886e-01 1.407161e-01 1.322786e-01 1.250546e-01 1.198035e-01 1.167914e-01 1.157500e-01 1.160586e-01 1.163312e-01 1.144523e-01 1.086997e-01 9.943593e-02 8.900257e-02 7.964819e-02 7.249025e-02 6.754810e-02 6.440227e-02 6.226395e-02 6.032484e-02 5.792691e-02 5.452099e-02 4.973896e-02 4.391941e-02 3.820927e-02 3.355287e-02 2.998527e-02 2.734279e-02 2.527705e-02 2.293042e-02 1.973166e-02 1.607811e-02 1.253785e-02 9.648811e-03 7.748216e-03 6.551345e-03 5.831588e-03 5.184544e-03 4.342347e-03 3.380395e-03 2.445731e-03 1.765469e-03 1.332495e-03 1.086580e-03 9.487568e-04 8.517591e-04 7.601937e-04 6.394439e-04 5.106831e-04 3.865519e-04 2.918856e-04 2.294417e-04 1.788612e-04 1.477666e-04 1.214219e-04 9.944121e-05 7.835971e-05 5.897473e-05 4.326947e-05 3.058993e-05 2.252208e-05 1.662256e-05 1.293606e-05 9.673709e-06 7.346020e-06 5.409702e-06 3.828678e-06 2.731110e-06 1.796023e-06 1.133649e-06 6.764157e-07 4.106817e-07 2.452382e-07 1.644154e-07
6.087771e-07 8.844727e-08 1.553830e-08 6.805950e-08 2.877593e-07 1.084793e-06 1.877747e-06 3.202396e-06 7.113729e-06 1.679429e-05 3.560886e-05 5.614963e-05 4.899283e-05 3.056946e-05 2.140858e-05 1.998050e-05 2.148123e-05 2.463663e-05 2.948710e-05 3.754210e-05 4.545294e-05 5.771955e-05 8.659646e-05 1.437972e-04 2.503305e-04 4.318737e-04 7.202573e-04 1.046315e-03 1.432179e-03 1.778457e-03 2.147651e-03 2.363499e-03 2.370971e-03 2.369068e-03 2.370821e-03 2.564682e-03 2.916694e-03 3.577207e-03 4.296014e-03 5.044664e-03 5.871865e-03 6.513235e-03 6.961429e-03 7.338449e-03 8.072453e-03 8.686554e-03 9.282699e-03 1.061817e-02 1.185520e-02 1.275363e-02 1.471880e-02 1.769072e-02 2.168660e-02 2.718268e-02 3.306807e-02 3.993917e-02 4.704728e-02 5.280425e-02 5.755224e-02 6.005356e-02 6.134143e-02 6.501263e-02 7.160882e-02 8.053043e-02 9.175099e-02 1.036339e-01 1.152809e-01 1.267857e-01 1.357503e-01 1.410840e-01 1.449879e-01 1.487762e-01 1.523333e-01 1.567615e-01 1.634581e-01 1.702480e-01 1.746448e-01 1.777654e-01 1.813007e-01 1.852160e-01 1.899590e-01 1.961786e-01 2.027605e-01 2.080456e-01 2.113265e-01 2.123267e-01 2.112207e-01 2.091566e-01 2.074400e-01 2.067041e-01 2.070566e-01 2.083697e-01 2.100984e-01 2.113051e-01 2.114650e-01 2.106983e-01 2.091906e-01 2.072958e-01 2.052359e-01 2.033099e-01 2.017714e-01 1.997374e-01 1.966794e-01 1.921486e-01 1.869064e-01 1.825293e-01 1.790692e-01 1.762929e-01 1.726262e-01 1.668670e-01 1.588620e-01 1.494008e-01 1.401716e-01 1.325986e-01 1.274017e-01 1.244587e-01 1.232384e-01 1.230923e-01 1.226073e-01 1.196207e-01 1.127268e-01 1.031147e-01 9.329431e-02 8.500331e-02 7.899190e-02 7.517529e-02 7.278544e-02 7.075123e-02 6.836202e-02 6.504591e-02 6.062296e-02 5.536226e-02 4.973843e-02 4.440967e-02 4.015384e-02 3.702761e-02 3.466082e-02 3.239920e-02 2.946405e-02 2.547956e-02 2.086076e-02 1.644161e-02 1.299381e-02 1.080939e-02 9.449028e-03 8.569038e-03 7.920047e-03 6.961029e-03 5.626093e-03 4.175807e-03 3.027425e-03 2.285399e-03 1.820888e-03 1.567323e-03 1.373979e-03 1.171873e-03 9.303318e-04 7.060940e-04 5.276967e-04 3.950314e-04 3.178606e-04 2.675430e-04 2.337638e-04 2.049991e-04 1.655760e-04 1.289675e-04 9.371398e-05 6.921984e-05 5.037350e-05 3.864312e-05 2.905521e-05 2.267951e-05 1.730192e-05 1.276919e-05 9.613310e-06 6.964123e-06 5.148519e-06 3.739683e-06 2.630956e-06 1.740748e-06 1.060710e-06 6.208369e-07 3.477775e-07 2.139749e-07 1.339109e-07
1.922237e-08 1.821391e-07 9.962096e-08 3.121021e-08 6.160617e-08 5.753439e-08 1.972295e-07 1.346979e-06 3.241061e-06 5.664655e-06 1.229224e-05 2.431211e-05 3.459183e-05 4.251988e-05 4.285721e-05 3.865620e-05 3.626024e-05 3.645551e-05 3.963436e-05 4.648419e-05 5.940840e-05 8.300033e-05 1.322498e-04 2.448756e-04 4.533422e-04 7.748004e-04 1.179084e-03 1.670581e-03 2.050204e-03 2.301139e-03 2.341101e-03 2.306747e-03 2.485120e-03 2.737275e-03 3.225445e-03 3.833055e-03 4.532021e-03 5.059434e-03 5.461574e-03 5.996901e-03 6.161415e-03 6.395539e-03 6.821577e-03 7.169319e-03 7.319211e-03 7.609258e-03 8.240326e-03 8.492580e-03 9.232620e-03 1.140715e-02 1.387123e-02 1.713748e-02 2.190235e-02 2.702984e-02 3.279758e-02 3.805270e-02 4.165133e-02 4.412958e-02 4.482982e-02 4.696626e-02 5.293841e-02 6.020998e-02 6.903207e-02 8.012321e-02 9.074278e-02 1.010097e-01 1.105699e-01 1.168236e-01 1.213013e-01 1.265737e-01 1.318620e-01 1.370856e-01 1.435074e-01 1.497476e-01 1.534969e-01 1.557808e-01 1.591564e-01 1.641084e-01 1.706780e-01 1.794780e-01 1.890625e-01 1.964751e-01 2.010148e-01 2.040060e-01 2.058563e-01 2.061143e-01 2.054395e-01 2.059568e-01 2.090665e-01 2.136517e-01 2.177320e-01 2.204176e-01 2.218100e-01 2.222229e-01 2.216434e-01 2.201801e-01 2.179994e-01 2.152250e-01 2.118379e-01 2.080411e-01 2.040504e-01 1.997121e-01 1.959118e-01 1.929585e-01 1.907736e-01 1.889551e-01 1.855447e-01 1.797144e-01 1.713026e-01 1.616558e-01 1.525892e-01 1.452128e-01 1.400009e-01 1.367054e-01 1.348321e-01 1.334383e-01 1.310442e-01 1.261926e-01 1.183854e-01 1.089304e-01 9.982356e-02 9.256583e-02 8.764748e-02 8.462738e-02 8.242203e-02 7.994382e-02 7.657780e-02 7.218628e-02 6.696240e-02 6.122388e-02 5.569356e-02 5.109837e-02 4.759836e-02 4.479798e-02 4.237699e-02 3.972095e-02 3.583774e-02 3.078246e-02 2.559235e-02 2.095336e-02 1.719221e-02 1.465186e-02 1.325097e-02 1.254057e-02 1.200347e-02 1.085276e-02 8.913126e-03 6.753070e-03 4.909628e-03 3.726056e-03 2.995400e-03 2.557940e-03 2.213019e-03 1.844355e-03 1.446088e-03 1.049513e-03 7.649561e-04 5.728239e-04 4.648258e-04 3.990107e-04 3.445412e-04 3.090059e-04 2.593474e-04 2.060894e-04 1.548042e-04 1.130361e-04 8.324922e-05 6.175900e-05 5.025500e-05 3.983152e-05 3.315087e-05 2.516014e-05 1.892315e-05 1.343216e-05 9.183531e-06 6.527011e-06 4.766021e-06 3.623196e-06 2.555080e-06 1.696934e-06 1.016621e-06 5.671908e-07 3.186586e-07 1.778246e-07 1.197981e-07
1.355836e-06 4.913554e-07 5.614739e-06 1.315950e-06 4.103353e-07 8.624415e-07 1.208451e-06 1.124566e-06 2.086138e-06 5.844347e-06 1.261413e-05 2.336207e-05 4.219689e-05 7.758006e-05 1.110237e-04 1.136396e-04 1.035586e-04 9.364850e-05 8.369124e-05 1.007151e-04 1.422165e-04 2.257369e-04 3.718826e-04 5.713487e-04 8.285314e-04 1.104658e-03 1.328876e-03 1.448217e-03 1.429102e-03 1.302208e-03 1.309276e-03 1.527955e-03 1.872557e-03 2.499455e-03 3.299202e-03 4.067685e-03 4.654541e-03 5.149542e-03 5.765565e-03 6.082756e-03 6.815969e-03 7.628274e-03 7.874371e-03 7.962771e-03 8.199225e-03 8.483531e-03 8.854983e-03 1.022972e-02 1.229603e-02 1.456251e-02 1.805223e-02 2.261272e-02 2.679292e-02 3.093873e-02 3.423746e-02 3.565901e-02 3.647159e-02 3.780715e-02 4.188650e-02 4.774515e-02 5.284695e-02 6.009422e-02 6.919695e-02 7.684059e-02 8.459712e-02 9.188941e-02 9.687869e-02 1.025969e-01 1.096952e-01 1.153915e-01 1.203350e-01 1.255562e-01 1.289305e-01 1.301112e-01 1.325724e-01 1.385570e-01 1.472481e-01 1.578222e-01 1.696427e-01 1.801857e-01 1.874596e-01 1.927615e-01 1.978571e-01 2.020260e-01 2.044277e-01 2.067972e-01 2.114045e-01 2.179772e-01 2.240303e-01 2.276722e-01 2.295874e-01 2.313599e-01 2.329092e-01 2.330619e-01 2.314906e-01 2.286749e-01 2.246992e-01 2.196150e-01 2.140108e-01 2.091025e-01 2.059209e-01 2.042529e-01 2.038183e-01 2.031061e-01 2.005067e-01 1.955119e-01 1.879045e-01 1.794036e-01 1.713186e-01 1.645634e-01 1.593008e-01 1.551664e-01 1.518500e-01 1.485784e-01 1.443026e-01 1.379652e-01 1.294884e-01 1.201738e-01 1.115850e-01 1.048230e-01 1.000954e-01 9.695566e-02 9.422725e-02 9.085411e-02 8.643334e-02 8.106482e-02 7.515870e-02 6.932554e-02 6.420124e-02 6.006145e-02 5.681754e-02 5.399202e-02 5.098527e-02 4.722872e-02 4.228934e-02 3.653564e-02 3.085682e-02 2.610373e-02 2.269344e-02 2.050275e-02 1.913192e-02 1.833246e-02 1.789322e-02 1.685021e-02 1.423333e-02 1.076697e-02 7.663946e-03 5.586724e-03 4.384517e-03 3.722797e-03 3.324726e-03 2.854483e-03 2.292338e-03 1.685127e-03 1.199168e-03 8.786545e-04 6.832190e-04 5.912518e-04 5.246024e-04 4.672936e-04 3.974051e-04 3.106611e-04 2.409091e-04 1.801925e-04 1.440460e-04 1.139397e-04 9.669700e-05 8.035779e-05 6.634652e-05 5.467927e-05 4.118062e-05 3.138263e-05 2.200307e-05 1.563638e-05 1.083971e-05 7.388903e-06 5.324728e-06 3.665812e-06 2.534905e-06 1.639091e-06 9.882739e-07 5.555790e-07 2.960359e-07 1.742282e-07 1.063531e-07
7.272533e-06 4.997487e-06 2.318314e-06 1.743857e-05 2.083550e-05 4.042850e-06 2.162341e-06 2.760600e-06 6.726816e-06 1.394263e-05 2.074031e-05 2.658260e-05 3.478938e-05 5.355375e-05 7.898610e-05 1.021790e-04 1.119541e-04 1.109924e-04 1.079736e-04 1.395043e-04 1.927899e-04 2.445620e-04 3.079568e-04 3.864028e-04 4.653631e-04 5.440699e-04 6.059539e-04 5.877257e-04 5.664271e-04 6.206286e-04 7.234894e-04 8.698802e-04 1.170061e-03 1.569988e-03 1.937195e-03 2.410965e-03 2.952657e-03 3.533826e-03 4.106992e-03 5.002395e-03 5.729300e-03 5.976833e-03 6.392550e-03 6.869405e-03 7.478253e-03 8.871441e-03 1.111029e-02 1.379454e-02 1.687268e-02 2.061906e-02 2.468760e-02 2.800387e-02 3.083224e-02 3.289473e-02 3.365590e-02 3.521547e-02 3.777197e-02 4.054661e-02 4.382724e-02 4.820607e-02 5.459055e-02 6.103943e-02 6.642561e-02 7.272897e-02 7.919056e-02 8.493153e-02 9.156652e-02 9.789868e-02 1.020210e-01 1.050198e-01 1.077206e-01 1.090458e-01 1.105031e-01 1.164017e-01 1.271944e-01 1.387869e-01 1.493133e-01 1.599781e-01 1.702984e-01 1.784595e-01 1.852259e-01 1.920369e-01 1.980261e-01 2.024603e-01 2.072549e-01 2.142799e-01 2.219656e-01 2.274152e-01 2.306864e-01 2.338654e-01 2.373512e-01 2.394592e-01 2.390723e-01 2.366533e-01 2.332155e-01 2.292186e-01 2.246626e-01 2.203451e-01 2.172532e-01 2.158725e-01 2.157835e-01 2.153370e-01 2.135525e-01 2.095048e-01 2.035254e-01 1.971797e-01 1.910177e-01 1.856828e-01 1.807947e-01 1.762331e-01 1.720655e-01 1.679253e-01 1.630674e-01 1.563777e-01 1.476895e-01 1.381434e-01 1.294255e-01 1.226289e-01 1.176419e-01 1.137196e-01 1.097196e-01 1.048840e-01 9.892304e-02 9.225391e-02 8.565617e-02 7.990471e-02 7.533256e-02 7.170641e-02 6.852750e-02 6.527353e-02 6.149029e-02 5.666954e-02 5.065613e-02 4.434548e-02 3.872984e-02 3.419179e-02 3.094951e-02 2.912899e-02 2.838167e-02 2.790763e-02 2.690708e-02 2.468762e-02 2.100269e-02 1.644584e-02 1.213459e-02 8.986400e-03 7.099977e-03 5.986982e-03 5.297914e-03 4.660377e-03 3.861873e-03 2.984188e-03 2.180819e-03 1.634777e-03 1.263820e-03 1.046789e-03 8.920468e-04 7.657743e-04 6.462957e-04 5.110696e-04 4.026495e-04 3.127670e-04 2.514280e-04 2.101832e-04 1.815077e-04 1.643470e-04 1.362072e-04 1.113196e-04 8.323386e-05 5.943726e-05 4.325230e-05 3.090018e-05 2.328103e-05 1.703063e-05 1.256781e-05 9.019561e-06 6.229430e-06 4.264742e-06 2.754385e-06 1.691813e-06 1.021800e-06 5.833427e-07 3.336575e-07 1.895256e-07 1.210654e-07
9.884456e-06 4.110702e-06 4.272957e-06 2.384589e-06 5.732528e-06 1.472082e-05 3.008160e-05 4.070857e-05 2.689313e-05 1.427215e-05 1.411935e-05 2.325358e-05 3.295994e-05 2.999307e-05 2.730432e-05 3.439091e-05 6.016683e-05 1.120264e-04 1.882617e-04 2.267186e-04 2.091843e-04 1.782556e-04 1.600955e-04 1.616723e-04 1.825835e-04 2.068829e-04 2.288664e-04 2.735763e-04 3.343796e-04 3.730049e-04 4.337736e-04 5.588790e-04 7.366896e-04 9.588599e-04 1.319714e-03 1.739467e-03 2.224083e-03 2.800045e-03 3.427866e-03 3.872193e-03 4.213112e-03 4.916280e-03 5.642460e-03 6.884272e-03 9.111025e-03 1.202910e-02 1.552598e-02 1.927129e-02 2.298689e-02 2.626507e-02 2.831182e-02 2.998114e-02 3.187208e-02 3.337758e-02 3.587966e-02 3.871787e-02 4.105924e-02 4.443613e-02 4.831716e-02 5.222271e-02 5.669291e-02 6.151960e-02 6.738994e-02 7.371454e-02 7.953512e-02 8.534786e-02 9.041836e-02 9.311954e-02 9.415076e-02 9.553578e-02 9.837749e-02 1.044756e-01 1.150090e-01 1.267928e-01 1.363698e-01 1.452128e-01 1.557014e-01 1.658723e-01 1.733311e-01 1.794223e-01 1.859619e-01 1.923461e-01 1.983796e-01 2.055433e-01 2.137230e-01 2.207219e-01 2.256315e-01 2.297177e-01 2.338372e-01 2.369563e-01 2.379820e-01 2.371910e-01 2.356852e-01 2.339764e-01 2.320114e-01 2.299856e-01 2.281700e-01 2.268403e-01 2.257533e-01 2.243381e-01 2.220387e-01 2.183968e-01 2.143652e-01 2.103972e-01 2.067395e-01 2.035701e-01 1.999674e-01 1.961616e-01 1.923561e-01 1.885911e-01 1.839404e-01 1.770180e-01 1.679277e-01 1.581369e-01 1.494292e-01 1.425625e-01 1.372613e-01 1.326610e-01 1.275319e-01 1.211925e-01 1.137510e-01 1.061241e-01 9.916626e-02 9.354968e-02 8.935216e-02 8.619485e-02 8.336561e-02 8.028093e-02 7.617737e-02 7.045685e-02 6.357499e-02 5.673043e-02 5.073394e-02 4.595404e-02 4.267858e-02 4.077971e-02 3.975729e-02 3.896239e-02 3.741513e-02 3.382362e-02 2.834964e-02 2.256852e-02 1.764975e-02 1.395893e-02 1.155880e-02 1.019907e-02 9.350701e-03 8.469927e-03 7.065689e-03 5.385904e-03 3.878694e-03 2.847795e-03 2.226295e-03 1.864661e-03 1.625219e-03 1.373606e-03 1.134698e-03 8.664067e-04 6.611341e-04 5.198690e-04 4.254454e-04 3.737566e-04 3.216092e-04 2.874846e-04 2.414767e-04 1.916970e-04 1.486445e-04 1.067948e-04 7.755550e-05 5.632543e-05 4.144677e-05 3.194690e-05 2.468469e-05 1.906163e-05 1.396955e-05 9.796929e-06 6.673073e-06 4.264647e-06 2.651441e-06 1.674081e-06 1.050083e-06 6.380443e-07 3.649404e-07 2.131454e-07 1.371601e-07
2.344417e-06 7.123817e-06 1.455068e-05 8.765476e-06 1.091157e-05 1.647708e-05 1.823714e-05 1.673253e-05 1.830965e-05 2.123403e-05 2.091145e-05 1.937902e-05 1.899672e-05 2.029640e-05 2.759021e-05 5.210879e-05 9.578947e-05 1.550727e-04 2.072985e-04 2.441918e-04 2.565852e-04 2.230810e-04 1.821195e-04 1.512594e-04 1.338632e-04 1.362131e-04 1.634431e-04 1.975130e-04 2.237798e-04 2.753644e-04 3.443257e-04 4.490443e-04 6.241229e-04 8.948399e-04 1.215204e-03 1.578000e-03 2.001762e-03 2.387287e-03 2.757622e-03 3.364851e-03 4.379066e-03 5.640677e-03 7.695884e-03 1.059473e-02 1.373957e-02 1.758864e-02 2.106251e-02 2.378428e-02 2.566935e-02 2.645941e-02 2.799387e-02 3.030579e-02 3.260006e-02 3.599882e-02 3.923562e-02 4.166454e-02 4.482235e-02 4.786758e-02 5.107215e-02 5.537508e-02 6.023547e-02 6.639301e-02 7.330289e-02 7.870147e-02 8.323944e-02 8.687831e-02 8.757517e-02 8.807779e-02 9.319887e-02 1.016125e-01 1.107645e-01 1.207985e-01 1.302939e-01 1.390220e-01 1.488984e-01 1.590245e-01 1.663943e-01 1.713283e-01 1.767993e-01 1.834212e-01 1.901686e-01 1.973953e-01 2.051573e-01 2.120546e-01 2.173724e-01 2.217181e-01 2.254426e-01 2.282299e-01 2.302340e-01 2.318221e-01 2.331725e-01 2.342120e-01 2.348980e-01 2.350906e-01 2.347955e-01 2.343674e-01 2.337233e-01 2.322939e-01 2.294942e-01 2.256669e-01 2.219336e-01 2.188297e-01 2.166397e-01 2.144664e-01 2.118077e-01 2.093109e-01 2.070019e-01 2.048605e-01 2.013035e-01 1.950818e-01 1.866028e-01 1.774961e-01 1.695615e-01 1.633842e-01 1.584905e-01 1.535938e-01 1.475044e-01 1.399927e-01 1.316203e-01 1.235291e-01 1.165879e-01 1.113304e-01 1.075806e-01 1.049633e-01 1.027737e-01 1.001063e-01 9.564867e-02 8.885711e-02 8.047734e-02 7.202514e-02 6.478075e-02 5.924394e-02 5.537184e-02 5.276380e-02 5.083237e-02 4.886924e-02 4.595552e-02 4.142663e-02 3.567243e-02 2.972293e-02 2.460625e-02 2.085827e-02 1.836267e-02 1.673857e-02 1.548368e-02 1.413526e-02 1.213276e-02 9.390927e-03 6.763652e-03 4.876358e-03 3.731462e-03 3.058145e-03 2.687695e-03 2.354254e-03 1.977547e-03 1.552950e-03 1.140987e-03 8.692095e-04 6.704578e-04 5.697348e-04 5.037370e-04 4.430903e-04 3.856048e-04 3.027132e-04 2.326130e-04 1.734715e-04 1.278690e-04 1.002208e-04 7.869130e-05 6.327541e-05 5.004281e-05 3.905165e-05 2.868156e-05 2.083800e-05 1.420116e-05 9.724691e-06 6.357962e-06 4.127381e-06 2.630842e-06 1.689085e-06 1.105064e-06 6.583575e-07 3.750207e-07 2.216476e-07 1.359264e-07
8.322314e-07 7.269440e-06 8.805273e-06 2.816146e-05 5.578444e-05 7.780991e-05 6.474149e-05 3.363833e-05 2.683793e-05 2.819835e-05 2.096791e-05 1.776609e-05 2.544942e-05 4.420632e-05 7.233553e-05 9.756329e-05 1.280305e-04 1.707228e-04 2.338160e-04 3.005059e-04 3.435466e-04 3.674227e-04 3.467281e-04 3.025059e-04 2.761845e-04 2.718150e-04 2.641275e-04 2.701927e-04 3.160119e-04 3.785641e-04 4.909897e-04 6.643482e-04 9.090311e-04 1.193156e-03 1.470883e-03 1.752438e-03 1.929134e-03 2.200675e-03 2.798429e-03 3.791426e-03 5.357237e-03 7.583708e-03 1.029372e-02 1.319762e-02 1.639673e-02 1.871807e-02 2.065928e-02 2.244851e-02 2.362755e-02 2.540765e-02 2.744102e-02 2.998017e-02 3.332945e-02 3.597869e-02 3.859388e-02 4.192039e-02 4.510942e-02 4.900832e-02 5.410827e-02 5.974645e-02 6.586026e-02 7.090983e-02 7.385153e-02 7.626516e-02 7.809421e-02 7.966343e-02 8.524153e-02 9.550284e-02 1.053369e-01 1.140547e-01 1.243552e-01 1.351713e-01 1.449163e-01 1.535677e-01 1.604529e-01 1.651528e-01 1.694482e-01 1.755075e-01 1.829163e-01 1.902046e-01 1.973886e-01 2.043661e-01 2.101248e-01 2.144833e-01 2.182299e-01 2.217844e-01 2.255211e-01 2.296309e-01 2.333532e-01 2.357097e-01 2.369253e-01 2.376593e-01 2.382300e-01 2.387228e-01 2.390392e-01 2.386506e-01 2.367431e-01 2.333463e-01 2.294687e-01 2.263714e-01 2.244255e-01 2.227686e-01 2.213759e-01 2.203123e-01 2.197241e-01 2.192058e-01 2.166717e-01 2.114672e-01 2.041867e-01 1.965538e-01 1.899415e-01 1.846534e-01 1.800311e-01 1.745297e-01 1.671528e-01 1.582357e-01 1.491035e-01 1.411330e-01 1.349171e-01 1.306327e-01 1.279145e-01 1.262720e-01 1.245854e-01 1.214008e-01 1.151361e-01 1.058530e-01 9.528294e-02 8.544283e-02 7.743359e-02 7.146148e-02 6.732449e-02 6.445602e-02 6.195336e-02 5.912875e-02 5.537509e-02 5.036202e-02 4.448115e-02 3.864756e-02 3.364696e-02 2.979906e-02 2.713097e-02 2.534211e-02 2.368504e-02 2.129294e-02 1.798224e-02 1.420037e-02 1.064541e-02 7.966190e-03 6.241976e-03 5.193797e-03 4.514663e-03 3.954788e-03 3.276421e-03 2.600264e-03 1.935765e-03 1.462436e-03 1.147786e-03 9.302251e-04 8.023822e-04 6.866285e-04 5.878105e-04 4.825316e-04 3.751802e-04 2.961624e-04 2.281618e-04 1.807403e-04 1.462872e-04 1.192644e-04 9.695445e-05 7.542560e-05 5.580890e-05 3.859429e-05 2.688880e-05 1.765572e-05 1.256885e-05 8.591246e-06 6.209490e-06 4.193118e-06 2.794347e-06 1.922791e-06 1.196016e-06 6.914098e-07 3.954111e-07 2.252721e-07 1.417695e-07
3.666418e-08 1.296483e-06 9.447094e-06 9.528160e-06 7.953958e-06 6.489252e-06 1.192916e-05 3.053002e-05 4.414738e-05 4.799712e-05 4.812213e-05 4.220764e-05 4.462758e-05 5.350525e-05 6.460754e-05 7.538300e-05 8.102128e-05 8.418387e-05 9.153131e-05 1.061356e-04 1.333790e-04 1.657655e-04 2.028397e-04 2.380883e-04 2.705433e-04 3.009851e-04 3.471754e-04 4.274505e-04 5.093779e-04 6.364859e-04 8.119321e-04 1.065216e-03 1.393362e-03 1.727451e-03 1.948662e-03 1.987516e-03 2.158096e-03 2.523563e-03 3.125475e-03 4.086841e-03 5.383547e-03 6.992577e-03 8.623735e-03 9.950508e-03 1.092893e-02 1.231174e-02 1.383827e-02 1.527362e-02 1.742004e-02 1.981994e-02 2.217624e-02 2.467395e-02 2.739521e-02 3.104828e-02 3.537938e-02 4.006151e-02 4.531001e-02 5.044140e-02 5.536107e-02 5.965919e-02 6.217354e-02 6.376085e-02 6.539250e-02 6.800815e-02 7.382441e-02 8.264598e-02 9.230171e-02 1.021259e-01 1.125242e-01 1.230511e-01 1.323721e-01 1.392004e-01 1.439421e-01 1.483879e-01 1.533464e-01 1.594215e-01 1.674116e-01 1.761103e-01 1.836968e-01 1.899211e-01 1.956348e-01 2.012009e-01 2.068165e-01 2.132732e-01 2.207710e-01 2.281232e-01 2.338494e-01 2.371834e-01 2.385129e-01 2.388603e-01 2.394299e-01 2.406635e-01 2.420207e-01 2.428662e-01 2.429489e-01 2.422193e-01 2.407980e-01 2.390760e-01 2.371879e-01 2.352906e-01 2.338137e-01 2.327616e-01 2.322974e-01 2.313075e-01 2.285094e-01 2.237971e-01 2.175506e-01 2.114312e-01 2.062769e-01 2.021544e-01 1.980317e-01 1.923676e-01 1.846121e-01 1.753920e-01 1.661573e-01 1.583190e-01 1.526265e-01 1.490402e-01 1.467202e-01 1.448715e-01 1.423338e-01 1.376502e-01 1.293880e-01 1.182037e-01 1.063059e-01 9.592326e-02 8.813068e-02 8.292848e-02 7.962749e-02 7.716677e-02 7.458542e-02 7.117650e-02 6.642749e-02 6.060911e-02 5.442965e-02 4.848181e-02 4.344632e-02 3.967207e-02 3.696160e-02 3.465597e-02 3.209407e-02 2.861243e-02 2.405511e-02 1.924609e-02 1.508955e-02 1.208786e-02 1.005242e-02 8.703168e-03 7.750241e-03 6.900420e-03 5.741791e-03 4.382225e-03 3.188879e-03 2.298748e-03 1.790145e-03 1.471601e-03 1.281452e-03 1.110400e-03 9.217335e-04 7.399831e-04 5.707309e-04 4.414874e-04 3.520762e-04 2.846445e-04 2.377815e-04 1.988404e-04 1.614018e-04 1.255699e-04 9.347440e-05 6.601519e-05 4.667726e-05 3.287998e-05 2.293990e-05 1.718970e-05 1.227364e-05 9.563689e-06 6.714106e-06 4.759720e-06 3.292751e-06 2.129505e-06 1.254438e-06 7.101115e-07 3.996298e-07 2.271324e-07 1.396803e-07
3.540588e-07 6.371279e-08 1.546427e-08 6.634178e-08 2.576004e-07 1.017937e-06 2.028623e-06 3.723795e-06 8.055822e-06 1.796297e-05 3.448128e-05 5.426641e-05 4.963135e-05 2.998952e-05 2.155084e-05 2.083643e-05 2.371466e-05 2.830773e-05 3.293847e-05 4.013654e-05 4.801151e-05 5.944494e-05 8.633635e-05 1.346979e-04 2.090396e-04 3.204902e-04 4.742661e-04 6.373070e-04 8.045817e-04 9.695635e-04 1.154873e-03 1.315488e-03 1.459245e-03 1.679493e-03 1.944992e-03 2.247538e-03 2.578551e-03 2.964183e-03 3.437248e-03 4.005402e-03 4.670897e-03 5.193483e-03 5.474946e-03 5.989261e-03 6.751317e-03 7.371483e-03 8.195655e-03 9.576986e-03 1.081496e-02 1.189670e-02 1.396062e-02 1.718876e-02 2.129002e-02 2.651159e-02 3.250547e-02 3.854934e-02 4.417877e-02 4.918726e-02 5.249201e-02 5.372917e-02 5.494101e-02 5.756084e-02 6.245571e-02 6.999359e-02 7.855745e-02 8.747686e-02 9.741928e-02 1.067384e-01 1.140578e-01 1.203273e-01 1.250938e-01 1.287137e-01 1.336372e-01 1.404021e-01 1.477568e-01 1.547950e-01 1.611441e-01 1.665172e-01 1.716658e-01 1.778464e-01 1.856901e-01 1.954940e-01 2.064214e-01 2.162493e-01 2.235370e-01 2.284869e-01 2.316557e-01 2.329416e-01 2.330222e-01 2.339216e-01 2.369121e-01 2.410536e-01 2.448966e-01 2.478261e-01 2.497535e-01 2.505296e-01 2.497376e-01 2.475974e-01 2.449246e-01 2.426121e-01 2.411106e-01 2.395444e-01 2.371266e-01 2.333200e-01 2.288075e-01 2.249039e-01 2.215802e-01 2.186117e-01 2.146499e-01 2.084727e-01 1.997373e-01 1.893354e-01 1.792431e-01 1.711003e-01 1.655452e-01 1.620550e-01 1.595322e-01 1.570392e-01 1.533688e-01 1.472453e-01 1.379317e-01 1.265737e-01 1.153018e-01 1.059261e-01 9.919254e-02 9.488225e-02 9.206064e-02 8.939693e-02 8.602816e-02 8.164744e-02 7.627472e-02 7.011073e-02 6.371204e-02 5.781043e-02 5.299310e-02 4.919090e-02 4.620874e-02 4.339164e-02 3.968444e-02 3.466716e-02 2.908991e-02 2.391837e-02 1.955269e-02 1.633466e-02 1.430555e-02 1.307897e-02 1.211284e-02 1.083503e-02 8.953032e-03 6.720202e-03 4.808132e-03 3.460563e-03 2.662705e-03 2.235709e-03 1.966828e-03 1.768467e-03 1.504307e-03 1.203939e-03 8.933702e-04 6.622880e-04 5.045746e-04 4.077872e-04 3.353827e-04 2.828809e-04 2.337193e-04 1.819490e-04 1.386866e-04 1.006872e-04 7.326932e-05 5.442179e-05 4.146282e-05 3.261228e-05 2.596622e-05 1.963213e-05 1.514378e-05 1.040217e-05 7.357523e-06 4.614266e-06 3.097342e-06 1.925886e-06 1.143204e-06 6.508951e-07 3.608073e-07 2.052982e-07 1.264238e-07
1.323455e-08 1.319733e-07 6.946863e-08 2.924856e-08 6.914437e-08 6.567374e-08 2.071297e-07 1.555666e-06 3.944791e-06 6.859298e-06 1.325406e-05 2.473724e-05 3.956104e-05 5.139357e-05 4.985852e-05 4.325624e-05 4.248351e-05 4.777994e-05 5.527992e-05 5.973487e-05 6.542451e-05 8.373272e-05 1.291237e-04 2.168613e-04 3.771819e-04 6.057394e-04 8.793688e-04 1.131709e-03 1.280121e-03 1.319378e-03 1.284241e-03 1.258038e-03 1.351812e-03 1.663331e-03 2.202274e-03 2.869870e-03 3.470948e-03 4.059443e-03 4.667111e-03 5.275751e-03 5.615999e-03 5.772757e-03 6.093721e-03 6.151292e-03 6.146742e-03 6.444550e-03 6.749862e-03 6.964892e-03 7.814120e-03 9.755215e-03 1.219260e-02 1.548592e-02 2.060495e-02 2.654418e-02 3.237478e-02 3.808048e-02 4.245233e-02 4.475112e-02 4.593248e-02 4.884450e-02 5.481748e-02 6.246407e-02 7.097948e-02 7.966530e-02 8.772838e-02 9.579660e-02 1.027659e-01 1.079568e-01 1.129410e-01 1.175036e-01 1.214759e-01 1.265877e-01 1.326339e-01 1.375481e-01 1.408909e-01 1.439644e-01 1.481109e-01 1.537521e-01 1.613273e-01 1.718813e-01 1.847245e-01 1.966916e-01 2.053384e-01 2.113700e-01 2.162395e-01 2.192635e-01 2.198731e-01 2.210766e-01 2.266051e-01 2.356234e-01 2.443216e-01 2.506186e-01 2.549238e-01 2.578951e-01 2.591712e-01 2.584727e-01 2.564119e-01 2.538371e-01 2.510793e-01 2.481544e-01 2.449648e-01 2.413350e-01 2.381076e-01 2.355449e-01 2.333620e-01 2.309524e-01 2.266878e-01 2.199686e-01 2.107345e-01 2.002848e-01 1.904704e-01 1.826205e-01 1.772553e-01 1.738041e-01 1.713166e-01 1.686754e-01 1.646007e-01 1.579545e-01 1.483887e-01 1.372437e-01 1.264480e-01 1.175060e-01 1.110129e-01 1.066901e-01 1.035426e-01 1.002389e-01 9.602519e-02 9.064710e-02 8.439809e-02 7.775659e-02 7.144206e-02 6.601922e-02 6.179579e-02 5.830525e-02 5.484758e-02 5.084815e-02 4.599126e-02 4.021502e-02 3.403085e-02 2.845343e-02 2.415173e-02 2.120609e-02 1.929669e-02 1.800195e-02 1.710235e-02 1.586436e-02 1.351612e-02 1.032167e-02 7.294836e-03 5.137166e-03 3.858937e-03 3.213349e-03 2.888147e-03 2.654769e-03 2.307201e-03 1.851312e-03 1.367164e-03 9.753779e-04 7.252551e-04 5.568952e-04 4.577806e-04 3.811004e-04 3.208730e-04 2.586323e-04 2.004975e-04 1.572229e-04 1.197453e-04 9.550992e-05 7.582379e-05 6.178062e-05 5.029206e-05 3.964900e-05 2.967709e-05 2.139418e-05 1.417282e-05 9.743700e-06 6.127894e-06 4.194727e-06 2.707931e-06 1.768871e-06 1.094622e-06 6.360960e-07 3.526967e-07 1.932164e-07 1.146410e-07
1.201184e-06 5.023043e-07 5.188894e-06 1.223615e-06 3.580289e-07 7.842860e-07 1.063670e-06 1.060870e-06 2.055395e-06 6.792392e-06 1.645737e-05 2.994908e-05 5.163945e-05 9.341807e-05 1.410157e-04 1.502868e-04 1.329095e-04 1.218103e-04 1.203249e-04 1.338467e-04 1.717172e-04 2.384343e-04 3.510647e-04 5.177156e-04 7.179774e-04 9.475955e-04 1.104552e-03 1.159955e-03 1.087282e-03 9.479192e-04 8.826862e-04 9.496893e-04 1.168866e-03 1.512270e-03 1.973670e-03 2.459504e-03 3.013925e-03 3.635977e-03 4.277002e-03 5.003918e-03 6.109669e-03 7.350375e-03 7.842295e-03 7.951214e-03 7.907405e-03 7.610874e-03 7.811497e-03 8.706686e-03 9.981322e-03 1.168018e-02 1.442698e-02 1.847783e-02 2.240884e-02 2.629639e-02 3.008137e-02 3.208752e-02 3.342795e-02 3.654363e-02 4.243362e-02 5.006713e-02 5.759895e-02 6.581878e-02 7.485853e-02 8.275218e-02 9.033537e-02 9.744634e-02 1.027603e-01 1.084316e-01 1.145583e-01 1.193982e-01 1.242043e-01 1.289729e-01 1.313896e-01 1.320492e-01 1.343561e-01 1.396701e-01 1.471495e-01 1.570886e-01 1.696263e-01 1.819263e-01 1.911396e-01 1.978037e-01 2.038533e-01 2.094623e-01 2.138056e-01 2.180031e-01 2.248085e-01 2.347314e-01 2.447443e-01 2.517729e-01 2.563331e-01 2.607234e-01 2.650739e-01 2.675346e-01 2.674027e-01 2.655317e-01 2.625775e-01 2.586435e-01 2.538625e-01 2.492285e-01 2.462572e-01 2.452296e-01 2.456161e-01 2.454740e-01 2.429801e-01 2.376754e-01 2.297249e-01 2.208108e-01 2.121821e-01 2.048891e-01 1.993199e-01 1.951533e-01 1.917512e-01 1.880027e-01 1.827789e-01 1.751901e-01 1.651935e-01 1.540094e-01 1.432914e-01 1.344514e-01 1.279424e-01 1.232624e-01 1.192348e-01 1.146937e-01 1.091131e-01 1.024667e-01 9.527378e-02 8.820310e-02 8.200266e-02 7.692489e-02 7.277378e-02 6.888912e-02 6.472827e-02 5.986760e-02 5.396935e-02 4.732902e-02 4.092226e-02 3.546694e-02 3.120508e-02 2.832784e-02 2.678062e-02 2.581017e-02 2.469681e-02 2.285551e-02 1.973344e-02 1.573128e-02 1.170613e-02 8.498524e-03 6.468386e-03 5.284548e-03 4.602409e-03 4.154100e-03 3.605648e-03 2.859249e-03 2.120198e-03 1.485000e-03 1.092983e-03 8.398686e-04 6.794578e-04 5.708101e-04 4.685674e-04 3.766687e-04 2.928503e-04 2.263367e-04 1.833186e-04 1.470654e-04 1.279871e-04 1.064377e-04 9.134238e-05 7.322918e-05 5.606059e-05 4.075293e-05 2.846700e-05 1.948834e-05 1.378973e-05 9.396267e-06 6.885454e-06 4.834113e-06 3.338886e-06 2.197428e-06 1.238581e-06 7.117515e-07 3.663326e-07 1.911976e-07 1.091839e-07
1.137269e-05 6.065687e-06 2.892446e-06 1.701730e-05 1.872560e-05 4.015154e-06 2.477301e-06 2.763920e-06 6.082023e-06 1.226083e-05 1.968012e-05 3.058669e-05 4.471338e-05 6.793041e-05 1.026068e-04 1.323849e-04 1.360124e-04 1.245087e-04 1.304032e-04 1.623376e-04 2.103491e-04 2.556101e-04 3.038964e-04 3.659698e-04 4.467870e-04 5.203844e-04 5.707596e-04 5.547970e-04 5.109465e-04 4.987846e-04 5.339030e-04 6.306254e-04 7.962606e-04 1.019007e-03 1.216233e-03 1.460429e-03 1.787335e-03 2.210686e-03 2.772589e-03 3.552450e-03 4.431584e-03 5.241821e-03 6.221533e-03 7.000469e-03 7.724744e-03 9.118747e-03 1.068721e-02 1.233169e-02 1.426728e-02 1.664950e-02 1.936484e-02 2.138412e-02 2.316818e-02 2.461786e-02 2.542973e-02 2.761031e-02 3.139881e-02 3.569109e-02 4.070775e-02 4.683810e-02 5.429702e-02 6.198606e-02 6.891392e-02 7.685372e-02 8.518782e-02 9.244598e-02 1.006948e-01 1.089361e-01 1.142042e-01 1.183969e-01 1.222178e-01 1.230009e-01 1.240090e-01 1.305618e-01 1.410785e-01 1.517405e-01 1.630130e-01 1.751546e-01 1.854602e-01 1.931231e-01 2.002277e-01 2.075617e-01 2.141944e-01 2.199274e-01 2.261334e-01 2.342423e-01 2.432785e-01 2.505399e-01 2.554499e-01 2.604145e-01 2.666818e-01 2.721744e-01 2.744924e-01 2.737577e-01 2.718275e-01 2.697116e-01 2.668982e-01 2.634483e-01 2.605020e-01 2.592270e-01 2.597411e-01 2.602104e-01 2.590129e-01 2.551662e-01 2.491825e-01 2.424535e-01 2.354552e-01 2.290171e-01 2.233282e-01 2.186745e-01 2.149612e-01 2.113847e-01 2.066913e-01 1.995904e-01 1.900050e-01 1.792731e-01 1.690833e-01 1.605814e-01 1.538993e-01 1.484228e-01 1.429757e-01 1.364951e-01 1.285868e-01 1.196226e-01 1.106818e-01 1.027716e-01 9.648556e-02 9.157362e-02 8.740373e-02 8.317845e-02 7.827417e-02 7.230780e-02 6.532583e-02 5.802751e-02 5.139250e-02 4.606215e-02 4.220781e-02 3.968887e-02 3.815981e-02 3.696930e-02 3.534504e-02 3.241345e-02 2.764919e-02 2.222477e-02 1.734161e-02 1.334634e-02 1.059468e-02 8.927955e-03 7.855354e-03 7.014626e-03 5.961462e-03 4.602180e-03 3.323256e-03 2.334783e-03 1.700736e-03 1.358371e-03 1.129378e-03 9.883828e-04 8.468294e-04 6.893820e-04 5.390919e-04 4.087572e-04 3.220982e-04 2.608147e-04 2.187025e-04 1.904013e-04 1.573836e-04 1.301713e-04 9.942781e-05 7.413689e-05 5.383973e-05 3.910380e-05 2.861402e-05 2.176326e-05 1.642925e-05 1.265351e-05 9.283513e-06 6.513825e-06 4.337307e-06 2.460960e-06 1.429623e-06 6.959788e-07 3.621745e-07 1.920258e-07 1.100032e-07
1.000374e-05 4.135655e-06 3.619292e-06 2.648201e-06 6.246622e-06 1.158437e-05 2.054002e-05 2.921551e-05 2.037319e-05 1.135571e-05 1.135246e-05 1.903349e-05 2.820987e-05 3.270782e-05 3.241770e-05 4.035393e-05 6.308685e-05 1.124163e-04 1.839553e-04 2.221899e-04 2.044562e-04 1.787219e-04 1.719197e-04 1.829501e-04 2.015413e-04 2.247583e-04 2.434828e-04 2.665879e-04 2.990481e-04 3.335940e-04 3.789640e-04 4.447337e-04 5.426912e-04 6.794849e-04 8.913973e-04 1.137171e-03 1.402278e-03 1.762281e-03 2.242051e-03 2.733739e-03 3.236630e-03 3.902562e-03 4.792646e-03 6.327925e-03 8.654088e-03 1.127012e-02 1.431833e-02 1.768780e-02 2.078398e-02 2.324988e-02 2.433096e-02 2.489304e-02 2.556447e-02 2.636641e-02 2.836180e-02 3.105314e-02 3.397319e-02 3.784408e-02 4.226027e-02 4.701003e-02 5.235143e-02 5.858155e-02 6.629378e-02 7.426757e-02 8.181453e-02 9.028313e-02 9.790048e-02 1.023324e-01 1.058799e-01 1.094880e-01 1.130451e-01 1.208644e-01 1.344078e-01 1.477052e-01 1.580725e-01 1.689151e-01 1.804750e-01 1.896957e-01 1.964874e-01 2.029121e-01 2.098181e-01 2.168519e-01 2.241350e-01 2.325664e-01 2.422163e-01 2.513618e-01 2.580295e-01 2.626555e-01 2.674023e-01 2.725604e-01 2.759981e-01 2.766076e-01 2.760338e-01 2.760238e-01 2.762202e-01 2.755706e-01 2.740747e-01 2.727204e-01 2.719593e-01 2.712314e-01 2.696882e-01 2.666923e-01 2.631168e-01 2.594838e-01 2.558321e-01 2.522114e-01 2.483082e-01 2.449126e-01 2.421320e-01 2.393725e-01 2.350936e-01 2.278648e-01 2.180588e-01 2.073707e-01 1.975102e-01 1.892256e-01 1.822859e-01 1.757563e-01 1.683753e-01 1.593904e-01 1.490349e-01 1.382634e-01 1.284113e-01 1.203084e-01 1.142568e-01 1.097799e-01 1.061332e-01 1.022970e-01 9.727898e-02 9.052700e-02 8.244132e-02 7.418062e-02 6.678089e-02 6.076760e-02 5.628917e-02 5.332353e-02 5.149603e-02 4.980462e-02 4.705869e-02 4.259818e-02 3.644167e-02 2.983330e-02 2.420049e-02 1.988290e-02 1.690545e-02 1.494314e-02 1.335024e-02 1.196108e-02 1.028519e-02 8.082077e-03 5.878139e-03 4.129234e-03 3.007375e-03 2.396132e-03 2.076299e-03 1.882970e-03 1.694430e-03 1.393328e-03 1.067581e-03 7.708262e-04 5.684890e-04 4.395847e-04 3.537723e-04 2.983760e-04 2.484713e-04 2.016881e-04 1.585696e-04 1.215131e-04 9.183872e-05 7.129274e-05 5.471612e-05 4.313555e-05 3.403728e-05 2.615614e-05 1.951667e-05 1.368424e-05 9.058394e-06 5.796217e-06 3.320496e-06 1.993313e-06 1.083308e-06 6.437953e-07 3.593487e-07 2.075171e-07 1.284682e-07
1.979726e-06 5.755389e-06 1.331752e-05 8.576526e-06 9.362142e-06 1.276144e-05 1.450880e-05 1.345067e-05 1.558309e-05 1.902911e-05 1.881503e-05 1.828973e-05 1.847163e-05 1.856662e-05 2.346970e-05 3.998942e-05 7.637957e-05 1.221267e-04 1.622107e-04 1.955399e-04 2.281543e-04 2.344541e-04 2.073047e-04 1.720125e-04 1.499686e-04 1.474883e-04 1.697202e-04 2.034178e-04 2.399074e-04 2.792680e-04 3.280124e-04 3.944398e-04 5.052802e-04 6.675813e-04 8.779198e-04 1.139855e-03 1.449274e-03 1.766776e-03 2.094507e-03 2.645203e-03 3.435408e-03 4.454541e-03 5.905273e-03 7.865064e-03 1.049635e-02 1.389511e-02 1.729307e-02 1.992555e-02 2.199271e-02 2.325905e-02 2.469019e-02 2.687328e-02 2.892122e-02 3.143855e-02 3.375551e-02 3.531663e-02 3.746225e-02 3.998085e-02 4.279627e-02 4.675664e-02 5.221716e-02 5.911054e-02 6.643847e-02 7.328234e-02 7.961777e-02 8.419660e-02 8.665310e-02 9.010045e-02 9.763043e-02 1.088748e-01 1.224898e-01 1.370734e-01 1.498192e-01 1.614296e-01 1.740882e-01 1.855402e-01 1.931927e-01 1.984988e-01 2.041039e-01 2.109531e-01 2.191386e-01 2.280430e-01 2.368155e-01 2.453045e-01 2.526733e-01 2.575368e-01 2.604868e-01 2.637118e-01 2.676235e-01 2.707708e-01 2.727111e-01 2.746325e-01 2.768307e-01 2.781062e-01 2.779912e-01 2.775493e-01 2.776069e-01 2.776066e-01 2.763176e-01 2.737144e-01 2.710121e-01 2.687283e-01 2.669967e-01 2.650144e-01 2.625121e-01 2.602877e-01 2.584285e-01 2.565621e-01 2.526995e-01 2.456217e-01 2.362374e-01 2.265476e-01 2.181839e-01 2.114845e-01 2.058113e-01 1.997631e-01 1.919894e-01 1.821169e-01 1.710269e-01 1.601113e-01 1.506962e-01 1.434007e-01 1.383300e-01 1.349475e-01 1.323229e-01 1.289821e-01 1.232753e-01 1.145266e-01 1.038466e-01 9.323546e-02 8.414660e-02 7.708433e-02 7.192119e-02 6.821529e-02 6.533348e-02 6.248596e-02 5.883965e-02 5.365600e-02 4.696085e-02 3.997249e-02 3.403818e-02 2.944997e-02 2.627660e-02 2.427936e-02 2.240387e-02 2.015490e-02 1.727329e-02 1.372928e-02 1.033774e-02 7.577977e-03 5.708071e-03 4.632769e-03 3.982313e-03 3.549889e-03 3.115105e-03 2.537404e-03 1.913788e-03 1.364555e-03 9.680302e-04 7.191441e-04 5.566031e-04 4.534033e-04 3.743519e-04 3.013657e-04 2.341562e-04 1.791848e-04 1.369162e-04 1.073522e-04 8.715178e-05 6.992235e-05 5.729461e-05 4.484202e-05 3.364179e-05 2.415681e-05 1.622608e-05 1.055124e-05 6.819656e-06 4.234912e-06 2.725232e-06 1.753031e-06 1.188022e-06 7.187139e-07 4.384148e-07 2.520918e-07 1.571683e-07
4.984166e-07 5.411852e-06 6.212600e-06 1.725380e-05 3.575746e-05 5.451096e-05 4.757652e-05 2.780760e-05 2.366431e-05 2.549006e-05 2.057130e-05 1.771849e-05 2.380552e-05 3.615554e-05 4.788478e-05 6.109150e-05 7.879872e-05 1.114269e-04 1.673634e-04 2.252767e-04 2.659215e-04 2.984064e-04 3.109085e-04 2.942019e-04 2.732354e-04 2.591305e-04 2.473115e-04 2.546684e-04 2.867883e-04 3.439017e-04 4.332525e-04 5.741616e-04 7.666417e-04 9.889886e-04 1.168920e-03 1.333915e-03 1.515779e-03 1.749402e-03 2.186125e-03 2.874104e-03 4.079109e-03 5.758111e-03 7.575637e-03 9.757516e-03 1.206963e-02 1.426759e-02 1.641662e-02 1.832126e-02 1.968902e-02 2.138763e-02 2.405082e-02 2.691042e-02 2.991634e-02 3.233099e-02 3.416238e-02 3.665038e-02 3.915165e-02 4.179195e-02 4.589823e-02 5.084870e-02 5.563816e-02 6.003869e-02 6.348352e-02 6.593223e-02 6.801455e-02 7.122649e-02 7.839293e-02 9.011597e-02 1.031453e-01 1.166370e-01 1.319653e-01 1.470650e-01 1.604934e-01 1.727111e-01 1.822774e-01 1.886521e-01 1.944301e-01 2.021865e-01 2.119305e-01 2.221049e-01 2.315555e-01 2.396402e-01 2.461985e-01 2.512897e-01 2.546419e-01 2.574640e-01 2.620968e-01 2.682292e-01 2.731185e-01 2.758630e-01 2.775902e-01 2.786008e-01 2.784720e-01 2.780521e-01 2.788388e-01 2.805139e-01 2.811683e-01 2.798823e-01 2.774179e-01 2.750889e-01 2.735608e-01 2.722556e-01 2.712274e-01 2.704082e-01 2.697271e-01 2.687353e-01 2.656815e-01 2.601501e-01 2.527510e-01 2.451743e-01 2.388379e-01 2.339798e-01 2.296352e-01 2.239709e-01 2.157662e-01 2.053374e-01 1.941554e-01 1.837725e-01 1.753548e-01 1.692007e-01 1.650206e-01 1.620127e-01 1.590279e-01 1.543375e-01 1.461955e-01 1.344783e-01 1.210855e-01 1.085210e-01 9.842104e-02 9.116976e-02 8.630653e-02 8.286800e-02 7.984232e-02 7.640851e-02 7.200222e-02 6.623133e-02 5.926341e-02 5.209245e-02 4.592423e-02 4.117436e-02 3.773942e-02 3.527030e-02 3.280130e-02 2.969197e-02 2.553075e-02 2.040949e-02 1.573726e-02 1.215886e-02 9.597776e-03 8.064355e-03 7.042490e-03 6.270989e-03 5.413589e-03 4.269475e-03 3.095417e-03 2.136004e-03 1.496525e-03 1.123273e-03 8.972158e-04 7.467393e-04 6.257172e-04 5.081685e-04 3.975522e-04 3.054875e-04 2.371061e-04 1.836647e-04 1.473980e-04 1.194982e-04 9.617196e-05 7.650736e-05 5.726622e-05 4.132516e-05 2.884508e-05 1.942664e-05 1.332430e-05 9.134150e-06 6.351669e-06 4.566620e-06 3.227884e-06 2.294932e-06 1.441198e-06 8.842152e-07 4.808924e-07 2.746874e-07 1.542609e-07
2.246030e-08 7.857197e-07 5.765447e-06 6.642518e-06 5.972511e-06 5.331535e-06 1.061788e-05 2.467470e-05 3.089796e-05 3.497712e-05 3.710964e-05 3.048698e-05 2.842011e-05 3.368723e-05 4.240561e-05 4.798575e-05 4.980600e-05 5.205069e-05 5.899859e-05 7.457077e-05 9.610186e-05 1.224146e-04 1.583349e-04 2.044413e-04 2.463538e-04 2.757268e-04 3.119250e-04 3.634045e-04 4.280701e-04 5.225452e-04 6.737248e-04 8.889309e-04 1.190081e-03 1.523654e-03 1.740220e-03 1.751793e-03 1.776255e-03 2.001329e-03 2.417023e-03 3.072883e-03 3.893645e-03 4.950225e-03 6.356203e-03 7.483369e-03 8.482620e-03 9.722223e-03 1.099869e-02 1.251821e-02 1.466328e-02 1.725159e-02 1.947560e-02 2.194642e-02 2.541558e-02 2.932323e-02 3.360049e-02 3.787691e-02 4.203672e-02 4.647676e-02 5.043013e-02 5.349258e-02 5.587180e-02 5.698796e-02 5.766084e-02 5.999167e-02 6.511797e-02 7.321448e-02 8.367562e-02 9.537391e-02 1.088292e-01 1.233237e-01 1.354491e-01 1.448514e-01 1.537921e-01 1.621012e-01 1.696879e-01 1.797616e-01 1.935310e-01 2.072596e-01 2.184636e-01 2.279413e-01 2.364013e-01 2.442560e-01 2.520196e-01 2.601221e-01 2.690039e-01 2.779594e-01 2.844471e-01 2.867526e-01 2.862475e-01 2.852268e-01 2.843186e-01 2.835445e-01 2.837218e-01 2.855628e-01 2.881278e-01 2.895331e-01 2.891572e-01 2.878051e-01 2.862583e-01 2.850787e-01 2.846124e-01 2.843144e-01 2.840003e-01 2.828190e-01 2.799492e-01 2.753595e-01 2.691714e-01 2.629645e-01 2.577697e-01 2.538294e-01 2.500731e-01 2.445759e-01 2.362982e-01 2.259219e-01 2.151257e-01 2.054887e-01 1.979122e-01 1.923290e-01 1.881050e-01 1.842473e-01 1.795594e-01 1.723903e-01 1.616119e-01 1.479615e-01 1.337832e-01 1.213844e-01 1.119783e-01 1.055858e-01 1.014720e-01 9.839674e-02 9.510577e-02 9.078526e-02 8.513528e-02 7.833356e-02 7.089788e-02 6.365693e-02 5.730017e-02 5.210359e-02 4.819431e-02 4.525534e-02 4.195105e-02 3.748183e-02 3.215581e-02 2.651034e-02 2.139877e-02 1.741438e-02 1.449309e-02 1.271085e-02 1.148289e-02 1.022074e-02 8.700865e-03 6.742361e-03 4.868251e-03 3.401380e-03 2.440188e-03 1.880109e-03 1.569821e-03 1.366216e-03 1.197825e-03 9.852797e-04 7.442142e-04 5.322985e-04 3.823006e-04 2.900044e-04 2.273055e-04 1.884635e-04 1.500329e-04 1.187220e-04 9.050586e-05 6.680794e-05 4.961973e-05 3.622860e-05 2.657199e-05 1.974713e-05 1.456019e-05 1.090862e-05 8.043508e-06 5.581216e-06 3.731465e-06 2.273958e-06 1.335858e-06 7.124391e-07 3.961427e-07 2.099544e-07 1.222476e-07
2.299999e-07 5.455809e-08 1.730487e-08 6.822665e-08 2.631488e-07 1.000689e-06 1.770607e-06 3.182402e-06 6.793276e-06 1.341017e-05 2.345218e-05 3.523407e-05 3.240712e-05 1.999991e-05 1.408227e-05 1.280613e-05 1.444934e-05 1.740256e-05 2.054521e-05 2.610645e-05 3.483637e-05 4.777367e-05 7.082554e-05 1.070054e-04 1.690454e-04 2.713273e-04 4.048772e-04 5.340818e-04 6.505689e-04 7.768382e-04 9.256506e-04 1.112638e-03 1.360267e-03 1.707137e-03 2.009168e-03 2.170285e-03 2.264894e-03 2.440636e-03 2.741279e-03 3.105293e-03 3.527187e-03 3.886112e-03 4.097967e-03 4.706894e-03 5.658263e-03 6.418708e-03 7.250523e-03 8.411686e-03 9.615531e-03 1.074883e-02 1.278653e-02 1.602650e-02 1.990941e-02 2.503403e-02 3.100426e-02 3.674555e-02 4.228925e-02 4.713583e-02 5.038254e-02 5.162215e-02 5.168836e-02 5.289685e-02 5.645853e-02 6.189242e-02 6.886853e-02 7.734356e-02 8.666251e-02 9.609821e-02 1.046025e-01 1.111718e-01 1.169957e-01 1.240189e-01 1.319609e-01 1.412926e-01 1.538432e-01 1.676161e-01 1.791752e-01 1.890103e-01 1.995890e-01 2.118974e-01 2.257997e-01 2.410510e-01 2.563522e-01 2.696911e-01 2.797571e-01 2.855877e-01 2.872458e-01 2.864223e-01 2.849587e-01 2.840914e-01 2.848123e-01 2.878415e-01 2.925365e-01 2.968685e-01 2.993287e-01 2.999959e-01 2.995575e-01 2.984970e-01 2.970178e-01 2.954912e-01 2.942045e-01 2.924610e-01 2.899893e-01 2.863255e-01 2.818137e-01 2.776145e-01 2.739069e-01 2.708423e-01 2.672136e-01 2.615645e-01 2.532507e-01 2.430058e-01 2.325977e-01 2.236794e-01 2.168926e-01 2.117472e-01 2.073610e-01 2.027656e-01 1.968412e-01 1.881807e-01 1.762564e-01 1.622493e-01 1.483800e-01 1.365266e-01 1.276020e-01 1.215647e-01 1.175181e-01 1.140694e-01 1.098854e-01 1.043409e-01 9.739721e-02 8.958970e-02 8.163020e-02 7.436284e-02 6.821557e-02 6.310637e-02 5.883275e-02 5.496355e-02 5.048797e-02 4.495089e-02 3.869727e-02 3.248493e-02 2.731984e-02 2.354031e-02 2.069218e-02 1.862596e-02 1.717857e-02 1.558650e-02 1.350473e-02 1.060128e-02 7.653999e-03 5.341306e-03 3.859120e-03 3.051630e-03 2.622738e-03 2.368539e-03 2.103665e-03 1.767721e-03 1.335721e-03 9.449240e-04 6.494337e-04 4.594202e-04 3.379385e-04 2.672343e-04 2.189091e-04 1.753641e-04 1.367597e-04 1.030854e-04 7.575485e-05 5.816738e-05 4.465611e-05 3.585017e-05 2.820550e-05 2.181388e-05 1.628247e-05 1.136418e-05 7.660977e-06 4.727879e-06 2.794796e-06 1.692865e-06 9.562349e-07 5.575383e-07 3.078110e-07 1.794459e-07 1.079801e-07
9.204696e-09 1.364808e-07 7.222597e-08 3.887882e-08 9.188793e-08 9.690375e-08 2.986739e-07 1.570063e-06 3.336486e-06 5.584696e-06 1.008321e-05 1.813067e-05 2.784934e-05 3.297178e-05 3.106345e-05 2.683444e-05 2.792068e-05 3.284287e-05 3.831055e-05 4.425197e-05 5.338118e-05 7.217431e-05 1.068408e-04 1.764358e-04 2.945059e-04 4.626405e-04 6.626321e-04 8.648859e-04 1.023983e-03 1.130591e-03 1.140686e-03 1.105549e-03 1.189033e-03 1.426058e-03 1.871900e-03 2.481392e-03 3.110408e-03 3.538351e-03 3.890706e-03 4.254844e-03 4.307442e-03 4.277681e-03 4.467925e-03 4.609171e-03 4.847586e-03 5.526434e-03 6.319915e-03 6.747774e-03 7.418530e-03 9.123978e-03 1.147811e-02 1.451355e-02 1.889255e-02 2.411708e-02 2.954304e-02 3.544053e-02 4.076994e-02 4.400161e-02 4.576936e-02 4.897318e-02 5.443848e-02 6.060480e-02 6.713310e-02 7.410958e-02 8.087604e-02 8.732714e-02 9.285928e-02 9.683366e-02 9.993613e-02 1.037667e-01 1.089069e-01 1.146827e-01 1.216038e-01 1.298448e-01 1.374058e-01 1.439030e-01 1.520179e-01 1.635909e-01 1.781028e-01 1.953626e-01 2.149116e-01 2.337395e-01 2.491285e-01 2.609818e-01 2.692854e-01 2.731088e-01 2.733571e-01 2.740070e-01 2.786550e-01 2.870087e-01 2.961781e-01 3.035828e-01 3.079646e-01 3.098248e-01 3.102214e-01 3.093191e-01 3.069084e-01 3.034995e-01 3.000513e-01 2.970485e-01 2.941357e-01 2.906556e-01 2.873999e-01 2.846681e-01 2.822479e-01 2.797341e-01 2.756434e-01 2.693789e-01 2.608247e-01 2.511575e-01 2.421103e-01 2.348832e-01 2.297354e-01 2.261296e-01 2.232018e-01 2.197093e-01 2.141794e-01 2.052402e-01 1.929678e-01 1.789872e-01 1.654192e-01 1.538230e-01 1.449194e-01 1.386008e-01 1.339264e-01 1.296104e-01 1.244419e-01 1.178363e-01 1.098201e-01 1.011851e-01 9.291308e-02 8.576404e-02 7.979049e-02 7.453415e-02 6.960575e-02 6.457689e-02 5.878379e-02 5.215804e-02 4.529792e-02 3.879487e-02 3.341562e-02 2.958269e-02 2.714637e-02 2.549118e-02 2.409281e-02 2.213405e-02 1.931994e-02 1.563069e-02 1.170755e-02 8.480991e-03 6.247509e-03 4.951037e-03 4.227475e-03 3.792220e-03 3.391891e-03 2.829231e-03 2.129664e-03 1.464351e-03 9.930697e-04 7.004733e-04 5.206242e-04 4.128465e-04 3.341210e-04 2.688047e-04 2.107344e-04 1.623230e-04 1.270230e-04 9.762286e-05 8.017645e-05 6.253653e-05 5.213423e-05 4.047183e-05 3.118456e-05 2.232022e-05 1.507369e-05 1.015144e-05 6.419127e-06 4.194334e-06 2.660477e-06 1.601950e-06 1.027391e-06 6.072679e-07 3.554308e-07 2.006791e-07 1.203804e-07
1.019030e-06 5.504672e-07 5.312935e-06 1.321452e-06 4.476140e-07 9.387989e-07 1.206000e-06 1.165719e-06 1.980966e-06 5.766675e-06 1.382336e-05 2.480516e-05 3.962649e-05 6.806994e-05 1.016567e-04 1.062398e-04 9.540193e-05 9.567030e-05 1.042157e-04 1.133127e-04 1.375560e-04 1.911250e-04 2.881461e-04 4.065529e-04 5.367108e-04 6.761003e-04 8.034632e-04 9.020255e-04 9.022827e-04 8.159248e-04 8.009364e-04 8.880526e-04 1.008474e-03 1.246451e-03 1.598733e-03 2.016171e-03 2.446418e-03 3.070926e-03 3.748192e-03 4.277093e-03 5.139866e-03 5.903779e-03 5.943805e-03 5.742229e-03 5.713578e-03 5.827388e-03 6.353222e-03 7.698725e-03 9.447553e-03 1.118375e-02 1.362192e-02 1.706327e-02 2.079270e-02 2.454356e-02 2.802877e-02 3.018330e-02 3.110662e-02 3.394270e-02 4.017492e-02 4.770317e-02 5.561780e-02 6.500141e-02 7.464869e-02 8.283183e-02 9.021057e-02 9.618164e-02 9.989198e-02 1.032299e-01 1.072089e-01 1.108077e-01 1.136133e-01 1.163839e-01 1.191285e-01 1.210277e-01 1.240570e-01 1.315863e-01 1.436238e-01 1.581970e-01 1.749220e-01 1.929488e-01 2.092263e-01 2.224117e-01 2.342404e-01 2.450022e-01 2.534959e-01 2.613443e-01 2.717431e-01 2.846910e-01 2.970212e-01 3.060252e-01 3.117525e-01 3.161516e-01 3.199436e-01 3.219906e-01 3.213431e-01 3.183905e-01 3.142289e-01 3.094738e-01 3.041682e-01 2.989811e-01 2.953028e-01 2.933925e-01 2.926215e-01 2.909192e-01 2.868235e-01 2.806977e-01 2.731625e-01 2.655789e-01 2.585985e-01 2.528636e-01 2.488041e-01 2.462267e-01 2.442335e-01 2.414054e-01 2.362603e-01 2.276490e-01 2.159646e-01 2.027824e-01 1.899992e-01 1.789362e-01 1.701527e-01 1.634246e-01 1.578962e-01 1.524169e-01 1.458545e-01 1.375516e-01 1.277849e-01 1.179234e-01 1.093450e-01 1.024948e-01 9.679863e-02 9.131376e-02 8.545888e-02 7.884712e-02 7.134055e-02 6.338494e-02 5.580933e-02 4.902051e-02 4.347872e-02 3.936238e-02 3.658951e-02 3.479906e-02 3.337250e-02 3.111666e-02 2.723360e-02 2.229414e-02 1.730635e-02 1.312268e-02 1.005344e-02 8.114778e-03 6.973248e-03 6.170085e-03 5.382523e-03 4.341309e-03 3.226590e-03 2.235864e-03 1.552343e-03 1.128320e-03 8.678855e-04 7.110085e-04 5.987857e-04 4.845806e-04 3.782516e-04 2.757223e-04 2.059511e-04 1.553851e-04 1.249010e-04 1.051630e-04 8.520417e-05 6.994593e-05 5.270312e-05 3.946432e-05 2.861908e-05 2.039212e-05 1.496213e-05 1.032575e-05 7.558302e-06 5.264771e-06 3.566312e-06 2.297139e-06 1.380825e-06 7.770905e-07 4.020723e-07 2.132351e-07 1.151179e-07
1.407951e-05 6.885805e-06 3.668767e-06 2.076128e-05 2.206545e-05 4.801503e-06 2.645941e-06 3.082854e-06 6.816063e-06 1.248985e-05 1.914774e-05 2.966062e-05 4.412861e-05 6.600044e-05 9.681408e-05 1.242122e-04 1.271254e-04 1.178420e-04 1.210975e-04 1.443935e-04 1.773199e-04 2.104280e-04 2.467015e-04 2.993695e-04 3.573349e-04 4.224154e-04 4.567662e-04 4.404454e-04 4.191020e-04 4.353508e-04 4.773003e-04 5.522848e-04 7.120885e-04 8.855177e-04 1.024283e-03 1.221324e-03 1.531980e-03 1.894047e-03 2.396103e-03 3.235209e-03 4.048762e-03 4.784371e-03 5.638393e-03 6.176650e-03 6.286968e-03 6.806670e-03 8.068594e-03 9.702720e-03 1.165602e-02 1.432777e-02 1.723768e-02 1.991397e-02 2.280518e-02 2.542868e-02 2.707215e-02 2.856805e-02 3.120948e-02 3.461571e-02 3.844996e-02 4.467266e-02 5.320385e-02 6.132967e-02 6.892485e-02 7.747684e-02 8.595193e-02 9.372541e-02 1.021400e-01 1.101715e-01 1.153604e-01 1.178005e-01 1.190196e-01 1.191915e-01 1.196503e-01 1.242913e-01 1.342899e-01 1.464867e-01 1.588229e-01 1.721446e-01 1.860820e-01 1.985922e-01 2.099074e-01 2.216347e-01 2.334933e-01 2.447402e-01 2.564988e-01 2.697884e-01 2.829733e-01 2.935560e-01 3.017683e-01 3.098227e-01 3.179846e-01 3.244183e-01 3.278130e-01 3.284326e-01 3.274033e-01 3.253992e-01 3.221202e-01 3.177278e-01 3.136343e-01 3.113658e-01 3.107996e-01 3.095437e-01 3.062422e-01 3.007241e-01 2.939999e-01 2.872494e-01 2.804261e-01 2.742296e-01 2.691470e-01 2.654898e-01 2.628669e-01 2.602113e-01 2.559312e-01 2.486484e-01 2.385053e-01 2.269506e-01 2.158396e-01 2.062190e-01 1.982725e-01 1.913963e-01 1.845816e-01 1.768548e-01 1.676582e-01 1.570843e-01 1.460875e-01 1.360850e-01 1.279718e-01 1.216669e-01 1.163447e-01 1.109759e-01 1.047030e-01 9.694915e-02 8.794142e-02 7.877593e-02 7.057189e-02 6.364635e-02 5.811519e-02 5.392172e-02 5.077908e-02 4.826150e-02 4.564237e-02 4.191495e-02 3.652934e-02 3.022927e-02 2.430023e-02 1.946535e-02 1.588447e-02 1.332621e-02 1.151643e-02 1.009878e-02 8.728622e-03 7.106575e-03 5.284226e-03 3.678579e-03 2.529931e-03 1.872594e-03 1.485355e-03 1.272352e-03 1.116247e-03 9.391491e-04 7.306656e-04 5.330703e-04 3.711196e-04 2.703752e-04 2.008935e-04 1.637027e-04 1.338713e-04 1.108110e-04 8.886586e-05 6.770821e-05 4.981254e-05 3.718738e-05 2.721447e-05 2.159718e-05 1.622102e-05 1.287329e-05 9.146594e-06 6.402855e-06 4.120132e-06 2.386757e-06 1.352979e-06 7.039997e-07 3.635151e-07 1.905034e-07 1.119486e-07
1.544333e-05 6.622234e-06 5.562929e-06 4.058048e-06 8.382876e-06 1.248724e-05 1.877548e-05 2.798510e-05 1.929505e-05 1.095337e-05 1.132990e-05 2.066336e-05 3.594317e-05 4.264612e-05 4.165531e-05 4.912649e-05 7.148587e-05 1.109004e-04 1.608277e-04 1.866897e-04 1.765013e-04 1.563907e-04 1.477337e-04 1.524842e-04 1.752630e-04 1.996994e-04 2.138080e-04 2.285609e-04 2.573125e-04 2.875921e-04 3.269743e-04 3.844202e-04 4.603138e-04 5.913326e-04 8.014289e-04 1.022431e-03 1.251721e-03 1.599131e-03 2.065494e-03 2.491211e-03 2.962807e-03 3.614763e-03 4.488807e-03 5.854693e-03 7.839989e-03 9.946150e-03 1.179495e-02 1.369002e-02 1.581532e-02 1.772831e-02 1.930900e-02 2.109441e-02 2.293911e-02 2.518557e-02 2.823920e-02 3.166180e-02 3.504422e-02 3.856549e-02 4.316474e-02 4.836517e-02 5.318270e-02 5.897470e-02 6.605581e-02 7.285261e-02 7.998824e-02 8.821221e-02 9.546993e-02 1.001554e-01 1.034213e-01 1.068575e-01 1.117649e-01 1.202354e-01 1.326865e-01 1.456033e-01 1.563347e-01 1.664408e-01 1.777805e-01 1.888539e-01 1.978139e-01 2.060954e-01 2.157186e-01 2.260961e-01 2.367314e-01 2.489915e-01 2.627256e-01 2.753696e-01 2.854525e-01 2.940584e-01 3.021945e-01 3.092158e-01 3.142250e-01 3.175159e-01 3.202214e-01 3.229531e-01 3.251327e-01 3.259245e-01 3.251581e-01 3.236232e-01 3.221687e-01 3.208019e-01 3.188847e-01 3.155768e-01 3.114839e-01 3.067801e-01 3.014992e-01 2.960787e-01 2.905038e-01 2.857456e-01 2.821743e-01 2.792279e-01 2.750166e-01 2.677939e-01 2.578434e-01 2.470805e-01 2.373313e-01 2.291043e-01 2.220444e-01 2.150988e-01 2.071632e-01 1.976281e-01 1.866032e-01 1.749119e-01 1.637901e-01 1.543721e-01 1.470793e-01 1.416620e-01 1.372576e-01 1.326322e-01 1.264014e-01 1.178227e-01 1.075711e-01 9.734853e-02 8.844946e-02 8.119252e-02 7.552224e-02 7.113032e-02 6.744566e-02 6.389748e-02 5.976859e-02 5.435812e-02 4.758835e-02 4.028986e-02 3.359158e-02 2.812958e-02 2.415397e-02 2.144383e-02 1.924492e-02 1.707673e-02 1.463118e-02 1.189084e-02 9.072603e-03 6.634375e-03 4.826785e-03 3.697750e-03 2.998352e-03 2.575750e-03 2.256885e-03 1.896343e-03 1.467840e-03 1.042668e-03 7.133032e-04 4.922362e-04 3.625900e-04 2.796505e-04 2.302343e-04 1.859585e-04 1.498913e-04 1.140915e-04 8.663291e-05 6.562003e-05 5.157850e-05 3.924100e-05 3.158695e-05 2.383182e-05 1.861368e-05 1.297815e-05 8.880905e-06 5.578265e-06 3.238149e-06 1.876529e-06 1.100073e-06 6.424540e-07 3.580117e-07 2.182169e-07 1.322558e-07
2.466855e-06 6.282957e-06 1.542674e-05 9.963263e-06 8.975709e-06 1.265518e-05 1.416937e-05 1.196058e-05 1.392903e-05 2.044287e-05 2.244574e-05 2.204626e-05 2.233610e-05 2.256217e-05 3.027675e-05 5.121087e-05 8.465800e-05 1.256657e-04 1.645542e-04 1.971072e-04 2.238058e-04 2.288274e-04 2.045400e-04 1.685038e-04 1.396149e-04 1.374854e-04 1.564266e-04 1.849751e-04 2.088167e-04 2.336824e-04 2.718869e-04 3.321992e-04 4.403255e-04 5.964287e-04 7.905061e-04 1.019383e-03 1.296817e-03 1.570069e-03 1.870356e-03 2.412025e-03 3.130509e-03 3.967166e-03 5.216876e-03 7.078898e-03 9.545702e-03 1.245750e-02 1.526196e-02 1.716143e-02 1.796228e-02 1.865390e-02 2.015800e-02 2.206500e-02 2.434173e-02 2.718225e-02 3.023195e-02 3.361815e-02 3.757155e-02 4.241474e-02 4.759056e-02 5.234291e-02 5.822481e-02 6.517211e-02 7.097068e-02 7.597207e-02 8.041740e-02 8.261131e-02 8.300074e-02 8.468859e-02 9.069877e-02 1.017957e-01 1.162203e-01 1.313615e-01 1.452684e-01 1.579612e-01 1.703096e-01 1.819006e-01 1.909525e-01 1.971804e-01 2.035576e-01 2.120508e-01 2.213693e-01 2.307730e-01 2.412985e-01 2.523518e-01 2.615259e-01 2.680155e-01 2.733498e-01 2.789157e-01 2.850185e-01 2.914634e-01 2.980608e-01 3.046267e-01 3.106408e-01 3.152549e-01 3.180056e-01 3.195764e-01 3.210657e-01 3.227057e-01 3.236044e-01 3.229996e-01 3.214757e-01 3.196992e-01 3.180723e-01 3.153748e-01 3.109397e-01 3.059570e-01 3.012088e-01 2.968130e-01 2.907952e-01 2.816759e-01 2.704124e-01 2.595372e-01 2.508736e-01 2.444273e-01 2.390238e-01 2.326534e-01 2.239352e-01 2.129138e-01 2.008881e-01 1.893696e-01 1.794712e-01 1.717870e-01 1.663604e-01 1.628115e-01 1.601770e-01 1.568169e-01 1.507385e-01 1.411643e-01 1.293322e-01 1.175870e-01 1.075534e-01 9.978428e-02 9.418808e-02 9.009751e-02 8.652598e-02 8.261100e-02 7.759000e-02 7.104268e-02 6.327175e-02 5.527020e-02 4.802700e-02 4.207366e-02 3.748699e-02 3.414141e-02 3.131132e-02 2.828937e-02 2.458204e-02 2.009094e-02 1.568799e-02 1.201690e-02 9.334547e-03 7.563972e-03 6.416737e-03 5.597346e-03 4.833965e-03 3.911776e-03 2.908457e-03 2.010577e-03 1.354829e-03 9.426177e-04 6.885436e-04 5.369093e-04 4.324074e-04 3.467908e-04 2.720483e-04 2.038003e-04 1.530466e-04 1.137184e-04 8.773535e-05 6.866549e-05 5.475104e-05 4.288998e-05 3.182348e-05 2.315544e-05 1.604423e-05 1.103272e-05 7.535758e-06 4.866749e-06 3.145277e-06 2.065542e-06 1.375751e-06 8.253559e-07 5.108827e-07 2.873416e-07 1.798872e-07
3.452913e-07 4.157097e-06 5.279122e-06 1.451349e-05 2.855276e-05 4.606544e-05 4.396153e-05 2.612614e-05 2.192626e-05 2.462504e-05 2.042390e-05 1.819206e-05 2.367224e-05 3.616536e-05 5.357992e-05 6.858799e-05 9.062656e-05 1.297154e-04 1.882548e-04 2.417825e-04 2.712929e-04 3.030889e-04 3.202536e-04 2.963233e-04 2.647606e-04 2.385291e-04 2.287752e-04 2.333686e-04 2.549773e-04 2.953616e-04 3.643364e-04 4.885287e-04 6.558774e-04 8.572463e-04 1.040526e-03 1.241098e-03 1.430360e-03 1.633436e-03 1.992928e-03 2.550374e-03 3.570200e-03 5.038289e-03 6.687197e-03 8.570342e-03 1.058021e-02 1.269768e-02 1.498953e-02 1.713471e-02 1.867060e-02 1.985866e-02 2.133770e-02 2.354158e-02 2.608648e-02 2.815292e-02 3.017342e-02 3.287541e-02 3.675099e-02 4.166674e-02 4.741171e-02 5.481117e-02 6.230306e-02 6.752685e-02 7.163466e-02 7.430176e-02 7.466631e-02 7.569395e-02 8.044276e-02 8.894445e-02 9.946714e-02 1.108983e-01 1.236127e-01 1.374362e-01 1.505278e-01 1.614725e-01 1.703323e-01 1.775307e-01 1.842192e-01 1.929449e-01 2.044798e-01 2.162173e-01 2.266473e-01 2.363243e-01 2.446170e-01 2.505696e-01 2.552071e-01 2.607478e-01 2.685471e-01 2.777964e-01 2.864245e-01 2.931901e-01 2.979661e-01 3.008742e-01 3.024904e-01 3.044087e-01 3.082362e-01 3.138264e-01 3.189751e-01 3.218691e-01 3.227582e-01 3.231814e-01 3.239966e-01 3.240603e-01 3.227792e-01 3.201165e-01 3.168782e-01 3.135385e-01 3.083906e-01 3.005942e-01 2.908767e-01 2.815593e-01 2.742126e-01 2.686230e-01 2.630178e-01 2.550395e-01 2.439253e-01 2.308167e-01 2.177064e-01 2.060145e-01 1.965913e-01 1.896580e-01 1.850017e-01 1.820016e-01 1.794784e-01 1.753620e-01 1.673326e-01 1.551150e-01 1.409600e-01 1.278647e-01 1.175192e-01 1.102535e-01 1.056001e-01 1.025007e-01 9.972515e-02 9.630799e-02 9.150369e-02 8.503962e-02 7.736880e-02 6.947555e-02 6.227443e-02 5.626627e-02 5.151454e-02 4.771138e-02 4.412253e-02 3.987811e-02 3.473181e-02 2.884051e-02 2.319579e-02 1.850647e-02 1.505545e-02 1.279118e-02 1.124497e-02 9.985674e-03 8.575917e-03 6.798739e-03 4.964873e-03 3.382321e-03 2.262781e-03 1.604278e-03 1.220745e-03 1.005152e-03 8.621407e-04 7.170236e-04 5.549127e-04 3.944477e-04 2.658837e-04 1.857576e-04 1.343096e-04 1.062658e-04 8.296868e-05 6.778213e-05 5.135000e-05 3.913107e-05 2.777335e-05 1.972133e-05 1.365553e-05 1.023854e-05 7.722903e-06 5.755968e-06 4.017908e-06 2.748637e-06 1.671495e-06 1.008006e-06 5.263028e-07 3.057528e-07 1.556709e-07
1.641939e-08 6.766371e-07 4.566107e-06 5.486335e-06 5.551985e-06 5.091597e-06 9.939779e-06 2.461261e-05 3.276294e-05 3.409669e-05 3.335904e-05 2.685201e-05 2.831001e-05 3.284476e-05 3.851777e-05 4.413176e-05 4.926681e-05 5.539766e-05 6.640802e-05 8.413333e-05 1.089404e-04 1.355729e-04 1.662685e-04 2.028720e-04 2.399652e-04 2.634662e-04 2.765842e-04 3.097008e-04 3.688465e-04 4.600321e-04 6.059923e-04 7.901493e-04 1.060537e-03 1.380577e-03 1.627950e-03 1.684592e-03 1.720521e-03 1.907814e-03 2.206090e-03 2.730269e-03 3.441415e-03 4.402453e-03 5.633659e-03 6.715115e-03 7.756209e-03 8.916474e-03 1.019280e-02 1.175618e-02 1.398123e-02 1.657241e-02 1.874620e-02 2.077181e-02 2.345279e-02 2.701528e-02 3.109040e-02 3.527600e-02 3.967276e-02 4.458967e-02 5.036421e-02 5.569918e-02 5.946214e-02 6.276871e-02 6.533153e-02 6.782516e-02 7.312751e-02 8.096129e-02 8.967958e-02 9.946208e-02 1.104857e-01 1.215095e-01 1.310487e-01 1.386892e-01 1.449327e-01 1.508580e-01 1.574601e-01 1.661708e-01 1.781664e-01 1.915026e-01 2.033071e-01 2.136355e-01 2.237076e-01 2.334935e-01 2.431425e-01 2.540076e-01 2.664642e-01 2.786708e-01 2.882445e-01 2.940732e-01 2.965515e-01 2.969467e-01 2.967888e-01 2.976269e-01 3.008561e-01 3.068729e-01 3.141235e-01 3.204765e-01 3.248733e-01 3.275387e-01 3.290937e-01 3.300969e-01 3.308992e-01 3.312882e-01 3.316512e-01 3.311159e-01 3.283139e-01 3.229530e-01 3.154694e-01 3.078952e-01 3.013375e-01 2.956248e-01 2.891200e-01 2.800859e-01 2.683828e-01 2.552447e-01 2.424134e-01 2.311234e-01 2.220429e-01 2.149770e-01 2.093566e-01 2.042549e-01 1.984139e-01 1.901890e-01 1.784407e-01 1.640632e-01 1.494343e-01 1.368525e-01 1.273143e-01 1.207890e-01 1.165643e-01 1.134239e-01 1.101739e-01 1.060240e-01 1.005118e-01 9.364688e-02 8.608887e-02 7.876013e-02 7.231839e-02 6.695800e-02 6.246338e-02 5.829137e-02 5.379711e-02 4.845549e-02 4.232994e-02 3.583096e-02 2.979388e-02 2.485147e-02 2.107011e-02 1.850239e-02 1.667127e-02 1.505389e-02 1.317062e-02 1.059629e-02 7.811229e-03 5.423817e-03 3.746965e-03 2.743517e-03 2.189665e-03 1.840418e-03 1.630192e-03 1.381272e-03 1.094059e-03 7.863677e-04 5.262689e-04 3.485152e-04 2.371146e-04 1.743485e-04 1.350133e-04 1.084106e-04 8.548891e-05 6.406319e-05 4.741340e-05 3.402844e-05 2.560918e-05 1.903232e-05 1.529424e-05 1.185877e-05 8.905665e-06 6.240495e-06 4.128356e-06 2.472939e-06 1.423931e-06 7.286864e-07 4.145306e-07 2.187581e-07 1.294043e-07
1.500247e-07 4.493478e-08 1.777346e-08 7.064689e-08 2.761837e-07 1.094988e-06 1.935468e-06 3.239369e-06 6.495658e-06 1.233523e-05 2.035767e-05 2.965943e-05 2.758599e-05 1.805348e-05 1.345551e-05 1.192619e-05 1.364911e-05 1.695773e-05 2.087819e-05 2.801528e-05 3.887997e-05 5.333388e-05 7.440725e-05 1.087480e-04 1.623582e-04 2.468328e-04 3.563917e-04 4.576364e-04 5.524868e-04 6.788627e-04 8.490639e-04 1.081481e-03 1.350644e-03 1.641012e-03 1.847014e-03 1.975748e-03 2.123130e-03 2.301278e-03 2.572133e-03 2.843264e-03 3.162482e-03 3.450579e-03 3.681210e-03 4.260323e-03 5.151801e-03 5.999830e-03 6.964354e-03 8.198587e-03 9.464935e-03 1.078253e-02 1.294534e-02 1.606855e-02 1.975004e-02 2.447803e-02 3.015636e-02 3.601544e-02 4.145387e-02 4.616528e-02 4.944284e-02 5.121562e-02 5.313709e-02 5.582222e-02 6.013834e-02 6.712600e-02 7.535549e-02 8.410510e-02 9.386256e-02 1.029430e-01 1.096638e-01 1.151091e-01 1.202554e-01 1.252199e-01 1.308325e-01 1.381738e-01 1.477179e-01 1.581622e-01 1.675587e-01 1.756946e-01 1.844224e-01 1.954942e-01 2.088174e-01 2.239628e-01 2.406860e-01 2.571691e-01 2.707817e-01 2.801673e-01 2.855369e-01 2.877444e-01 2.880791e-01 2.885162e-01 2.913654e-01 2.977089e-01 3.064823e-01 3.156101e-01 3.232151e-01 3.283378e-01 3.311254e-01 3.325078e-01 3.332903e-01 3.340179e-01 3.349907e-01 3.355105e-01 3.350816e-01 3.328118e-01 3.287303e-01 3.239729e-01 3.188892e-01 3.138249e-01 3.079860e-01 3.002738e-01 2.900098e-01 2.777191e-01 2.650736e-01 2.537164e-01 2.445233e-01 2.371347e-01 2.307279e-01 2.242216e-01 2.163913e-01 2.058706e-01 1.922837e-01 1.770977e-01 1.624689e-01 1.501020e-01 1.407023e-01 1.341446e-01 1.294950e-01 1.253285e-01 1.205030e-01 1.145990e-01 1.076382e-01 9.996413e-02 9.229889e-02 8.549751e-02 7.992624e-02 7.539444e-02 7.125404e-02 6.682213e-02 6.156734e-02 5.541072e-02 4.879251e-02 4.231012e-02 3.653805e-02 3.187024e-02 2.822910e-02 2.554625e-02 2.348050e-02 2.138217e-02 1.885133e-02 1.558841e-02 1.200587e-02 8.831371e-03 6.470180e-03 4.959395e-03 4.088716e-03 3.558863e-03 3.165368e-03 2.724075e-03 2.117434e-03 1.494363e-03 9.866405e-04 6.469726e-04 4.415775e-04 3.181250e-04 2.443625e-04 1.881292e-04 1.493934e-04 1.111532e-04 8.441888e-05 6.184541e-05 4.686991e-05 3.556065e-05 2.784834e-05 2.131733e-05 1.593667e-05 1.102427e-05 7.370122e-06 4.776578e-06 3.122334e-06 1.980750e-06 1.139051e-06 6.659646e-07 3.754225e-07 2.252418e-07 1.367987e-07
6.112814e-09 1.140217e-07 7.272291e-08 4.898357e-08 1.039721e-07 1.032673e-07 3.323000e-07 1.580898e-06 3.038082e-06 4.920636e-06 9.173024e-06 1.591592e-05 2.274594e-05 2.617293e-05 2.455790e-05 2.456232e-05 2.583374e-05 2.672108e-05 3.210831e-05 3.961116e-05 4.963965e-05 6.688086e-05 9.891071e-05 1.561219e-04 2.523116e-04 3.872222e-04 5.559286e-04 7.573600e-04 9.441646e-04 1.067769e-03 1.109114e-03 1.130145e-03 1.217284e-03 1.428645e-03 1.826654e-03 2.337093e-03 2.802026e-03 3.211367e-03 3.559262e-03 3.928734e-03 4.010818e-03 3.956195e-03 4.051221e-03 4.154932e-03 4.451667e-03 5.162831e-03 6.044803e-03 6.688490e-03 7.532798e-03 9.269435e-03 1.163470e-02 1.469595e-02 1.912854e-02 2.433785e-02 2.970074e-02 3.531312e-02 4.052681e-02 4.402970e-02 4.594660e-02 4.900767e-02 5.441770e-02 6.157628e-02 7.001098e-02 7.842869e-02 8.647614e-02 9.455863e-02 1.011282e-01 1.058806e-01 1.102863e-01 1.143578e-01 1.180555e-01 1.225928e-01 1.285325e-01 1.345632e-01 1.396983e-01 1.445695e-01 1.503575e-01 1.583217e-01 1.693997e-01 1.837581e-01 2.004906e-01 2.175466e-01 2.329350e-01 2.456631e-01 2.551419e-01 2.609984e-01 2.642572e-01 2.678100e-01 2.751877e-01 2.873262e-01 3.015415e-01 3.142525e-01 3.234594e-01 3.294977e-01 3.336872e-01 3.364241e-01 3.372161e-01 3.362362e-01 3.346101e-01 3.335210e-01 3.331959e-01 3.325951e-01 3.313986e-01 3.291794e-01 3.259909e-01 3.223058e-01 3.172885e-01 3.101809e-01 3.003122e-01 2.885944e-01 2.770139e-01 2.672930e-01 2.600000e-01 2.544430e-01 2.495995e-01 2.442735e-01 2.371103e-01 2.266994e-01 2.129834e-01 1.975307e-01 1.824344e-01 1.693154e-01 1.588536e-01 1.508589e-01 1.443755e-01 1.382442e-01 1.317164e-01 1.245018e-01 1.164561e-01 1.078936e-01 9.973453e-02 9.296150e-02 8.769683e-02 8.337709e-02 7.906087e-02 7.396586e-02 6.770205e-02 6.060746e-02 5.350639e-02 4.713566e-02 4.191893e-02 3.790911e-02 3.493744e-02 3.273984e-02 3.094021e-02 2.883244e-02 2.577733e-02 2.167739e-02 1.716476e-02 1.316221e-02 1.011253e-02 8.155371e-03 6.945062e-03 6.222526e-03 5.559517e-03 4.710407e-03 3.620618e-03 2.510990e-03 1.661148e-03 1.103859e-03 7.776456e-04 5.918061e-04 4.779620e-04 3.884313e-04 3.031374e-04 2.217763e-04 1.537156e-04 1.076554e-04 7.809067e-05 6.011303e-05 4.793483e-05 3.840305e-05 2.962700e-05 2.226773e-05 1.542575e-05 1.067798e-05 6.843698e-06 4.468773e-06 2.890724e-06 1.946331e-06 1.267437e-06 7.563269e-07 4.423543e-07 2.568579e-07 1.430504e-07
8.023746e-07 4.643638e-07 4.206051e-06 1.132112e-06 4.849022e-07 9.608731e-07 1.090795e-06 1.055483e-06 1.862425e-06 4.703372e-06 9.368278e-06 1.565343e-05 2.645890e-05 4.868602e-05 7.470580e-05 7.928549e-05 7.821008e-05 8.029294e-05 7.990676e-05 8.247399e-05 1.050594e-04 1.534200e-04 2.326403e-04 3.277186e-04 4.344128e-04 5.674727e-04 7.129401e-04 8.377701e-04 8.879050e-04 8.577118e-04 8.378226e-04 8.861311e-04 1.008459e-03 1.243153e-03 1.572749e-03 1.958941e-03 2.374899e-03 2.878305e-03 3.550613e-03 4.208205e-03 5.101895e-03 5.804781e-03 5.802252e-03 5.595675e-03 5.420517e-03 5.502219e-03 6.103219e-03 7.527150e-03 9.516867e-03 1.158576e-02 1.430548e-02 1.800026e-02 2.161068e-02 2.477492e-02 2.753884e-02 2.919321e-02 3.036715e-02 3.369801e-02 4.036871e-02 4.829687e-02 5.660247e-02 6.629617e-02 7.604125e-02 8.500438e-02 9.375364e-02 1.006938e-01 1.060895e-01 1.119977e-01 1.175579e-01 1.216619e-01 1.254111e-01 1.288341e-01 1.307315e-01 1.318693e-01 1.346939e-01 1.404800e-01 1.490258e-01 1.603197e-01 1.741366e-01 1.883362e-01 2.006476e-01 2.113783e-01 2.219101e-01 2.317109e-01 2.400582e-01 2.489976e-01 2.615139e-01 2.776943e-01 2.942913e-01 3.077774e-01 3.173476e-01 3.248942e-01 3.319443e-01 3.377464e-01 3.407826e-01 3.411424e-01 3.403276e-01 3.395205e-01 3.387347e-01 3.379619e-01 3.378141e-01 3.382604e-01 3.390728e-01 3.387189e-01 3.357771e-01 3.300574e-01 3.217512e-01 3.124689e-01 3.034512e-01 2.955891e-01 2.891129e-01 2.837335e-01 2.788995e-01 2.737396e-01 2.670358e-01 2.571943e-01 2.437722e-01 2.280473e-01 2.123065e-01 1.982883e-01 1.865966e-01 1.769047e-01 1.681971e-01 1.595677e-01 1.505336e-01 1.409060e-01 1.308171e-01 1.210310e-01 1.125381e-01 1.058302e-01 1.005336e-01 9.583417e-02 9.076901e-02 8.460228e-02 7.712139e-02 6.897864e-02 6.127942e-02 5.481528e-02 4.992864e-02 4.645305e-02 4.404194e-02 4.224936e-02 4.051456e-02 3.811168e-02 3.430253e-02 2.913760e-02 2.354168e-02 1.860083e-02 1.478830e-02 1.224193e-02 1.058134e-02 9.435765e-03 8.442796e-03 7.174587e-03 5.589935e-03 3.947364e-03 2.649099e-03 1.830769e-03 1.325252e-03 1.056032e-03 8.743721e-04 7.362855e-04 5.911936e-04 4.436215e-04 3.122542e-04 2.129716e-04 1.497916e-04 1.117319e-04 8.647980e-05 7.105902e-05 5.522141e-05 4.300982e-05 3.093159e-05 2.204381e-05 1.559419e-05 1.108516e-05 7.855329e-06 5.390355e-06 3.566960e-06 2.402730e-06 1.436473e-06 8.066145e-07 4.283131e-07 2.154887e-07 1.171220e-07
9.105357e-06 4.321312e-06 2.510147e-06 1.297941e-05 1.309952e-05 3.837265e-06 2.488350e-06 2.701749e-06 5.804819e-06 1.049425e-05 1.443952e-05 1.916771e-05 2.574569e-05 3.861180e-05 5.853894e-05 7.895133e-05 8.796295e-05 9.550175e-05 1.005380e-04 1.070212e-04 1.205615e-04 1.446214e-04 1.743277e-04 2.200018e-04 2.805734e-04 3.496297e-04 4.056107e-04 4.184108e-04 4.181374e-04 4.345997e-04 4.775514e-04 5.515399e-04 6.859712e-04 8.503030e-04 9.989571e-04 1.187849e-03 1.487728e-03 1.894067e-03 2.357126e-03 3.059272e-03 3.881209e-03 4.788703e-03 5.892736e-03 6.478175e-03 6.531973e-03 6.741921e-03 7.564535e-03 9.023351e-03 1.103092e-02 1.391173e-02 1.728727e-02 2.039655e-02 2.367109e-02 2.650928e-02 2.778587e-02 2.883253e-02 3.101783e-02 3.433892e-02 3.862539e-02 4.510055e-02 5.374054e-02 6.196193e-02 7.014423e-02 7.996032e-02 8.953183e-02 9.858182e-02 1.083443e-01 1.168531e-01 1.228195e-01 1.275435e-01 1.309554e-01 1.319547e-01 1.329467e-01 1.378870e-01 1.465821e-01 1.563899e-01 1.667470e-01 1.777645e-01 1.884306e-01 1.981255e-01 2.076392e-01 2.176553e-01 2.279039e-01 2.382353e-01 2.496223e-01 2.629281e-01 2.769695e-01 2.893648e-01 2.997348e-01 3.096811e-01 3.195777e-01 3.279443e-01 3.335996e-01 3.370128e-01 3.395118e-01 3.416950e-01 3.428353e-01 3.426772e-01 3.425778e-01 3.443251e-01 3.479176e-01 3.506866e-01 3.507079e-01 3.473618e-01 3.416599e-01 3.350953e-01 3.278390e-01 3.204636e-01 3.132640e-01 3.067998e-01 3.014055e-01 2.967289e-01 2.914778e-01 2.837935e-01 2.729543e-01 2.599573e-01 2.468858e-01 2.350412e-01 2.244803e-01 2.143610e-01 2.035664e-01 1.916478e-01 1.788208e-01 1.656871e-01 1.530525e-01 1.416918e-01 1.321172e-01 1.242832e-01 1.176643e-01 1.115149e-01 1.049583e-01 9.721521e-02 8.819561e-02 7.885906e-02 7.050729e-02 6.386331e-02 5.905345e-02 5.571285e-02 5.331578e-02 5.117709e-02 4.859569e-02 4.497410e-02 4.000115e-02 3.413298e-02 2.833175e-02 2.334763e-02 1.950482e-02 1.678750e-02 1.488138e-02 1.331998e-02 1.182855e-02 1.006573e-02 8.064279e-03 6.071160e-03 4.366259e-03 3.200510e-03 2.435404e-03 1.986053e-03 1.710775e-03 1.463111e-03 1.195866e-03 8.878142e-04 6.107319e-04 4.123823e-04 2.795052e-04 2.041405e-04 1.537262e-04 1.232805e-04 9.952935e-05 7.658145e-05 5.835243e-05 4.228478e-05 3.144688e-05 2.281679e-05 1.714790e-05 1.247372e-05 8.892795e-06 5.868796e-06 3.712332e-06 2.215152e-06 1.291568e-06 7.111514e-07 3.805559e-07 2.063665e-07 1.125236e-07
1.070136e-05 4.459640e-06 3.434916e-06 2.746106e-06 5.132216e-06 8.865984e-06 1.531832e-05 2.161400e-05 1.439968e-05 8.597358e-06 9.326754e-06 1.577950e-05 2.339480e-05 2.663652e-05 2.639057e-05 3.151977e-05 4.465199e-05 6.867608e-05 1.009601e-04 1.166303e-04 1.125676e-04 1.043673e-04 1.035959e-04 1.146810e-04 1.398244e-04 1.720566e-04 1.884106e-04 2.031587e-04 2.287526e-04 2.681038e-04 3.157535e-04 3.789246e-04 4.666880e-04 5.809895e-04 7.635565e-04 9.721976e-04 1.208046e-03 1.519303e-03 1.962004e-03 2.426219e-03 2.920576e-03 3.645668e-03 4.549677e-03 5.946692e-03 7.889401e-03 9.825543e-03 1.152924e-02 1.294336e-02 1.457578e-02 1.636309e-02 1.811073e-02 2.027197e-02 2.287304e-02 2.625812e-02 3.032136e-02 3.400950e-02 3.704361e-02 3.994938e-02 4.370200e-02 4.832302e-02 5.304649e-02 5.904414e-02 6.695800e-02 7.508515e-02 8.388688e-02 9.389797e-02 1.026182e-01 1.088819e-01 1.138901e-01 1.183463e-01 1.237328e-01 1.327738e-01 1.455484e-01 1.580337e-01 1.680867e-01 1.779279e-01 1.884227e-01 1.973862e-01 2.040604e-01 2.101689e-01 2.170406e-01 2.247856e-01 2.339364e-01 2.453444e-01 2.583779e-01 2.710687e-01 2.819808e-01 2.910778e-01 2.989306e-01 3.058112e-01 3.116931e-01 3.167099e-01 3.212966e-01 3.259360e-01 3.304884e-01 3.344365e-01 3.377126e-01 3.409733e-01 3.447685e-01 3.491070e-01 3.532667e-01 3.557394e-01 3.560902e-01 3.539402e-01 3.494722e-01 3.436351e-01 3.370315e-01 3.310668e-01 3.263533e-01 3.225585e-01 3.180894e-01 3.110358e-01 3.011513e-01 2.899588e-01 2.793780e-01 2.700836e-01 2.615663e-01 2.523501e-01 2.409668e-01 2.271585e-01 2.118743e-01 1.964860e-01 1.821680e-01 1.695905e-01 1.590241e-01 1.502488e-01 1.427535e-01 1.356739e-01 1.278087e-01 1.182128e-01 1.071409e-01 9.602173e-02 8.631210e-02 7.864980e-02 7.301598e-02 6.891003e-02 6.559370e-02 6.221855e-02 5.809038e-02 5.286365e-02 4.667664e-02 4.023946e-02 3.434729e-02 2.944038e-02 2.559487e-02 2.277028e-02 2.064308e-02 1.874142e-02 1.673318e-02 1.428169e-02 1.152265e-02 8.958502e-03 6.872546e-03 5.400526e-03 4.468810e-03 3.814775e-03 3.363489e-03 2.849763e-03 2.274527e-03 1.666205e-03 1.145137e-03 7.714861e-04 5.371483e-04 3.942843e-04 3.108815e-04 2.450488e-04 1.964516e-04 1.442435e-04 1.059738e-04 7.413081e-05 5.387037e-05 3.951288e-05 3.053078e-05 2.353174e-05 1.777264e-05 1.270289e-05 8.534387e-06 5.356784e-06 3.143883e-06 1.762256e-06 1.029024e-06 6.198604e-07 3.670943e-07 2.187637e-07 1.331818e-07
1.760725e-06 4.532160e-06 1.012777e-05 6.431174e-06 6.680941e-06 8.866688e-06 1.004549e-05 9.502644e-06 1.137666e-05 1.507734e-05 1.749277e-05 1.840657e-05 1.849630e-05 1.790917e-05 2.205811e-05 3.525782e-05 5.685774e-05 8.258398e-05 1.067532e-04 1.300061e-04 1.492976e-04 1.604579e-04 1.523089e-04 1.318451e-04 1.185673e-04 1.197634e-04 1.380777e-04 1.645180e-04 1.894861e-04 2.131932e-04 2.540888e-04 3.165867e-04 4.115463e-04 5.590075e-04 7.434862e-04 9.753462e-04 1.266380e-03 1.589230e-03 1.975253e-03 2.546721e-03 3.264799e-03 3.978057e-03 5.062049e-03 6.753363e-03 9.148554e-03 1.229215e-02 1.505349e-02 1.679512e-02 1.724516e-02 1.730996e-02 1.847417e-02 2.062375e-02 2.324771e-02 2.640434e-02 3.023398e-02 3.492953e-02 4.015914e-02 4.526204e-02 4.943434e-02 5.302585e-02 5.783292e-02 6.399134e-02 6.993842e-02 7.578981e-02 8.156245e-02 8.584887e-02 8.909104e-02 9.344529e-02 1.012529e-01 1.133698e-01 1.282862e-01 1.434620e-01 1.566804e-01 1.685965e-01 1.810875e-01 1.928518e-01 2.014920e-01 2.078713e-01 2.145317e-01 2.218997e-01 2.293445e-01 2.376031e-01 2.471471e-01 2.563861e-01 2.635100e-01 2.684620e-01 2.723243e-01 2.762311e-01 2.809571e-01 2.867322e-01 2.932446e-01 3.001026e-01 3.069094e-01 3.129894e-01 3.176932e-01 3.214705e-01 3.258573e-01 3.320058e-01 3.392927e-01 3.459969e-01 3.509031e-01 3.535232e-01 3.543482e-01 3.530878e-01 3.497238e-01 3.453572e-01 3.407808e-01 3.366046e-01 3.316283e-01 3.245293e-01 3.156185e-01 3.065350e-01 2.987721e-01 2.926182e-01 2.871493e-01 2.802902e-01 2.702719e-01 2.569389e-01 2.418648e-01 2.270424e-01 2.138464e-01 2.027251e-01 1.935519e-01 1.859377e-01 1.793031e-01 1.724764e-01 1.637754e-01 1.520461e-01 1.379607e-01 1.237426e-01 1.113802e-01 1.016724e-01 9.458451e-02 8.950128e-02 8.535960e-02 8.100127e-02 7.554177e-02 6.864892e-02 6.078829e-02 5.307415e-02 4.631051e-02 4.080347e-02 3.651208e-02 3.320317e-02 3.046134e-02 2.769954e-02 2.460402e-02 2.094948e-02 1.711705e-02 1.364465e-02 1.096024e-02 9.024476e-03 7.796919e-03 6.902633e-03 6.068963e-03 5.071624e-03 3.907355e-03 2.769889e-03 1.874823e-03 1.269754e-03 9.110399e-04 6.918608e-04 5.638461e-04 4.592251e-04 3.737205e-04 2.810837e-04 1.993896e-04 1.368020e-04 9.490916e-05 7.072699e-05 5.444534e-05 4.348476e-05 3.334928e-05 2.537097e-05 1.775088e-05 1.211184e-05 7.760343e-06 5.052983e-06 3.136999e-06 1.879498e-06 1.123788e-06 6.744859e-07 3.968344e-07 2.239303e-07 1.301658e-07
2.149321e-07 3.027085e-06 4.027502e-06 1.121910e-05 2.171963e-05 3.437294e-05 3.374048e-05 2.219979e-05 2.110455e-05 2.493764e-05 2.049719e-05 1.724893e-05 2.126938e-05 3.066096e-05 4.397513e-05 5.395621e-05 6.897417e-05 9.837827e-05 1.449305e-04 1.864324e-04 2.155799e-04 2.412456e-04 2.541028e-04 2.351956e-04 2.061745e-04 1.861487e-04 1.833443e-04 1.908037e-04 2.161447e-04 2.585618e-04 3.188181e-04 4.206396e-04 5.641112e-04 7.361002e-04 9.291961e-04 1.139534e-03 1.353712e-03 1.608880e-03 1.983338e-03 2.537255e-03 3.470734e-03 4.846771e-03 6.367489e-03 8.116729e-03 1.003481e-02 1.193027e-02 1.430421e-02 1.670416e-02 1.850457e-02 1.982764e-02 2.080565e-02 2.223168e-02 2.420790e-02 2.619365e-02 2.857015e-02 3.196477e-02 3.712071e-02 4.394257e-02 5.166461e-02 5.984268e-02 6.675066e-02 7.077772e-02 7.309029e-02 7.460351e-02 7.508644e-02 7.653735e-02 8.216739e-02 9.253976e-02 1.052937e-01 1.192776e-01 1.345817e-01 1.498234e-01 1.635640e-01 1.756608e-01 1.855611e-01 1.928307e-01 1.994247e-01 2.080720e-01 2.189379e-01 2.299667e-01 2.401517e-01 2.496661e-01 2.577663e-01 2.635738e-01 2.676912e-01 2.717025e-01 2.767601e-01 2.825651e-01 2.878310e-01 2.919086e-01 2.950655e-01 2.974309e-01 2.989968e-01 3.009510e-01 3.054254e-01 3.131881e-01 3.224887e-01 3.309987e-01 3.378954e-01 3.438496e-01 3.492826e-01 3.529859e-01 3.541738e-01 3.526916e-01 3.495439e-01 3.460192e-01 3.417424e-01 3.361951e-01 3.289657e-01 3.211205e-01 3.142602e-01 3.089910e-01 3.042677e-01 2.978080e-01 2.879533e-01 2.750010e-01 2.610458e-01 2.482226e-01 2.376003e-01 2.291135e-01 2.220879e-01 2.157698e-01 2.093645e-01 2.016264e-01 1.910454e-01 1.770402e-01 1.610389e-01 1.455168e-01 1.323145e-01 1.220822e-01 1.147026e-01 1.094173e-01 1.049759e-01 1.000881e-01 9.390795e-02 8.609864e-02 7.717077e-02 6.836915e-02 6.063821e-02 5.424264e-02 4.919924e-02 4.502304e-02 4.110547e-02 3.690286e-02 3.224677e-02 2.717318e-02 2.234595e-02 1.825616e-02 1.518535e-02 1.306563e-02 1.155062e-02 1.042262e-02 9.180181e-03 7.622573e-03 5.841369e-03 4.124464e-03 2.811020e-03 1.957366e-03 1.444448e-03 1.155798e-03 9.868239e-04 8.626595e-04 7.204521e-04 5.586285e-04 3.871655e-04 2.580715e-04 1.676792e-04 1.159400e-04 8.351205e-05 6.621554e-05 5.217675e-05 4.102441e-05 3.040456e-05 2.142974e-05 1.529055e-05 1.035992e-05 7.532204e-06 5.193065e-06 3.561386e-06 2.213989e-06 1.317212e-06 7.333433e-07 3.940647e-07 2.153912e-07 1.144814e-07
1.424918e-08 5.886668e-07 3.843465e-06 4.814321e-06 5.050329e-06 4.915033e-06 9.783374e-06 2.456496e-05 3.463586e-05 3.741865e-05 3.407514e-05 2.816697e-05 2.816245e-05 3.244900e-05 3.860538e-05 4.547995e-05 5.146574e-05 5.654557e-05 6.471887e-05 8.087341e-05 1.022964e-04 1.249443e-04 1.473801e-04 1.721431e-04 1.986802e-04 2.111354e-04 2.210996e-04 2.502681e-04 2.965620e-04 3.670525e-04 4.793975e-04 6.365771e-04 8.737922e-04 1.177681e-03 1.391728e-03 1.473208e-03 1.538384e-03 1.710937e-03 2.020118e-03 2.510466e-03 3.196218e-03 4.146237e-03 5.413696e-03 6.514025e-03 7.504407e-03 8.762364e-03 1.006584e-02 1.165696e-02 1.397916e-02 1.661598e-02 1.902844e-02 2.090551e-02 2.299527e-02 2.599594e-02 2.954969e-02 3.361394e-02 3.822776e-02 4.396828e-02 5.155913e-02 5.936181e-02 6.545380e-02 6.997734e-02 7.306080e-02 7.539894e-02 7.926037e-02 8.528558e-02 9.234320e-02 1.006617e-01 1.115803e-01 1.239890e-01 1.353996e-01 1.456887e-01 1.558605e-01 1.656872e-01 1.754869e-01 1.874189e-01 2.017213e-01 2.150656e-01 2.254298e-01 2.339089e-01 2.420562e-01 2.506000e-01 2.597944e-01 2.698608e-01 2.806218e-01 2.906711e-01 2.977316e-01 3.005616e-01 2.999344e-01 2.977524e-01 2.958506e-01 2.955430e-01 2.979501e-01 3.037548e-01 3.120200e-01 3.207701e-01 3.287632e-01 3.359737e-01 3.425471e-01 3.483194e-01 3.529310e-01 3.557630e-01 3.572440e-01 3.574977e-01 3.562795e-01 3.532505e-01 3.479643e-01 3.416756e-01 3.356164e-01 3.304363e-01 3.253228e-01 3.184219e-01 3.085957e-01 2.963610e-01 2.835233e-01 2.717672e-01 2.618483e-01 2.533872e-01 2.455076e-01 2.374177e-01 2.284831e-01 2.178226e-01 2.047423e-01 1.895547e-01 1.739119e-01 1.597023e-01 1.481048e-01 1.393216e-01 1.329373e-01 1.278733e-01 1.227725e-01 1.165588e-01 1.090001e-01 1.002896e-01 9.108070e-02 8.234015e-02 7.472711e-02 6.827162e-02 6.287884e-02 5.792297e-02 5.266719e-02 4.681078e-02 4.050473e-02 3.412392e-02 2.841455e-02 2.381972e-02 2.030884e-02 1.787485e-02 1.605675e-02 1.459978e-02 1.294321e-02 1.076337e-02 8.341278e-03 6.098100e-03 4.332987e-03 3.186710e-03 2.469507e-03 2.063189e-03 1.806653e-03 1.596805e-03 1.330203e-03 1.023786e-03 7.153230e-04 4.807750e-04 3.150064e-04 2.198627e-04 1.588400e-04 1.210147e-04 9.378892e-05 6.948721e-05 5.109779e-05 3.553496e-05 2.493040e-05 1.779967e-05 1.341337e-05 1.064228e-05 7.855115e-06 5.674704e-06 3.604648e-06 2.193906e-06 1.224128e-06 6.571285e-07 3.603265e-07 1.966277e-07 1.208978e-07
8.757672e-08 3.848326e-08 2.270878e-08 9.532683e-08 3.576960e-07 1.363187e-06 2.371272e-06 3.606756e-06 6.723444e-06 1.250254e-05 2.045885e-05 3.038907e-05 2.967708e-05 1.907205e-05 1.468757e-05 1.517883e-05 1.817819e-05 2.219199e-05 2.714986e-05 3.584603e-05 4.770556e-05 6.255465e-05 8.354350e-05 1.136774e-04 1.551187e-04 2.200910e-04 2.965517e-04 3.694338e-04 4.428857e-04 5.325666e-04 6.653921e-04 8.596820e-04 1.105861e-03 1.387034e-03 1.677403e-03 1.836750e-03 1.944693e-03 2.092858e-03 2.285033e-03 2.587777e-03 2.958660e-03 3.320094e-03 3.618035e-03 4.284247e-03 5.337234e-03 6.192820e-03 7.137435e-03 8.458478e-03 9.760251e-03 1.116284e-02 1.328971e-02 1.639793e-02 2.017627e-02 2.452550e-02 2.963381e-02 3.472775e-02 3.958869e-02 4.457064e-02 4.854030e-02 5.191744e-02 5.632008e-02 6.154073e-02 6.800564e-02 7.625810e-02 8.446198e-02 9.189602e-02 9.927345e-02 1.061708e-01 1.114845e-01 1.157270e-01 1.210439e-01 1.282599e-01 1.367185e-01 1.474068e-01 1.619383e-01 1.778167e-01 1.914932e-01 2.034776e-01 2.156110e-01 2.280292e-01 2.408066e-01 2.548344e-01 2.693776e-01 2.818631e-01 2.909104e-01 2.966413e-01 2.988260e-01 2.977340e-01 2.953143e-01 2.937487e-01 2.944625e-01 2.984251e-01 3.055866e-01 3.143511e-01 3.224770e-01 3.288403e-01 3.339682e-01 3.390271e-01 3.441799e-01 3.487412e-01 3.523054e-01 3.546346e-01 3.559397e-01 3.556150e-01 3.533715e-01 3.499679e-01 3.460774e-01 3.426499e-01 3.391519e-01 3.342246e-01 3.267552e-01 3.168080e-01 3.058186e-01 2.953504e-01 2.861506e-01 2.778962e-01 2.698890e-01 2.613325e-01 2.514076e-01 2.391685e-01 2.243814e-01 2.080637e-01 1.921393e-01 1.782320e-01 1.671452e-01 1.587390e-01 1.522572e-01 1.463094e-01 1.396128e-01 1.315988e-01 1.226306e-01 1.131943e-01 1.039054e-01 9.545114e-02 8.817177e-02 8.193097e-02 7.646390e-02 7.108212e-02 6.501833e-02 5.810648e-02 5.071992e-02 4.350788e-02 3.719024e-02 3.215320e-02 2.822891e-02 2.541219e-02 2.323895e-02 2.124848e-02 1.894918e-02 1.589386e-02 1.250912e-02 9.437745e-03 6.985153e-03 5.370731e-03 4.359063e-03 3.748801e-03 3.345146e-03 2.939776e-03 2.388256e-03 1.760434e-03 1.178902e-03 7.700594e-04 5.093051e-04 3.590615e-04 2.729662e-04 2.111881e-04 1.679869e-04 1.266659e-04 9.125867e-05 6.292487e-05 4.378330e-05 3.113708e-05 2.410174e-05 1.820685e-05 1.438860e-05 1.048946e-05 7.740959e-06 5.088405e-06 3.256859e-06 1.990508e-06 1.163714e-06 6.870959e-07 3.797007e-07 2.232276e-07 1.310652e-07
5.541651e-09 1.178272e-07 7.021805e-08 5.216775e-08 1.312394e-07 1.355768e-07 3.812333e-07 1.711378e-06 3.213631e-06 4.984257e-06 8.746468e-06 1.548011e-05 2.235792e-05 2.718741e-05 2.741258e-05 2.647097e-05 3.027225e-05 3.875485e-05 4.783796e-05 5.557339e-05 6.614854e-05 8.186611e-05 1.117545e-04 1.623824e-04 2.411919e-04 3.376797e-04 4.616762e-04 6.056333e-04 7.287351e-04 8.378769e-04 9.002101e-04 9.537021e-04 1.065952e-03 1.260349e-03 1.589936e-03 2.064556e-03 2.539922e-03 2.897389e-03 3.300596e-03 3.650771e-03 3.768045e-03 3.805554e-03 4.032217e-03 4.238413e-03 4.522183e-03 5.367222e-03 6.419973e-03 7.128559e-03 8.127684e-03 9.945637e-03 1.225549e-02 1.512604e-02 1.906611e-02 2.390637e-02 2.870880e-02 3.392518e-02 3.931719e-02 4.268292e-02 4.493126e-02 4.866007e-02 5.438282e-02 6.239473e-02 7.283562e-02 8.402872e-02 9.498723e-02 1.050173e-01 1.123303e-01 1.160313e-01 1.173248e-01 1.186093e-01 1.211180e-01 1.248645e-01 1.308082e-01 1.389301e-01 1.471478e-01 1.554424e-01 1.662223e-01 1.803301e-01 1.969542e-01 2.158324e-01 2.361064e-01 2.548057e-01 2.698138e-01 2.812839e-01 2.886182e-01 2.906364e-01 2.891197e-01 2.879853e-01 2.901401e-01 2.964340e-01 3.058371e-01 3.158318e-01 3.239112e-01 3.297309e-01 3.347117e-01 3.393525e-01 3.428462e-01 3.449107e-01 3.461419e-01 3.473387e-01 3.486353e-01 3.490499e-01 3.483863e-01 3.467593e-01 3.446724e-01 3.425905e-01 3.398571e-01 3.359757e-01 3.301972e-01 3.227389e-01 3.148306e-01 3.076314e-01 3.016390e-01 2.964393e-01 2.912601e-01 2.850007e-01 2.764457e-01 2.645603e-01 2.494920e-01 2.327405e-01 2.163136e-01 2.017030e-01 1.895571e-01 1.797019e-01 1.714921e-01 1.639128e-01 1.561148e-01 1.475876e-01 1.383453e-01 1.287197e-01 1.193357e-01 1.108811e-01 1.035209e-01 9.693964e-02 9.067374e-02 8.409745e-02 7.664057e-02 6.844199e-02 6.006764e-02 5.228035e-02 4.571584e-02 4.064025e-02 3.676504e-02 3.397452e-02 3.180497e-02 2.955061e-02 2.665070e-02 2.266318e-02 1.806808e-02 1.398533e-02 1.078946e-02 8.639196e-03 7.297834e-03 6.382499e-03 5.711863e-03 4.963105e-03 3.967184e-03 2.837088e-03 1.871959e-03 1.198049e-03 8.061046e-04 5.804762e-04 4.604107e-04 3.782627e-04 3.145606e-04 2.447566e-04 1.786604e-04 1.188416e-04 8.049708e-05 5.492111e-05 4.034875e-05 3.164649e-05 2.493713e-05 2.010136e-05 1.438708e-05 1.021012e-05 6.612281e-06 4.420129e-06 3.009603e-06 1.919664e-06 1.227671e-06 7.040614e-07 3.992868e-07 2.125852e-07 1.179346e-07
7.782642e-07 5.243180e-07 3.997438e-06 1.100907e-06 4.393454e-07 9.249965e-07 1.094223e-06 9.705348e-07 1.654230e-06 4.376016e-06 9.576088e-06 1.526913e-05 2.405959e-05 4.321869e-05 6.620956e-05 7.597219e-05 7.748257e-05 8.662905e-05 9.868558e-05 1.095720e-04 1.256806e-04 1.647682e-04 2.291412e-04 3.074046e-04 3.909874e-04 5.045098e-04 6.156083e-04 7.165273e-04 7.823337e-04 7.718885e-04 7.692050e-04 8.207601e-04 9.189491e-04 1.119056e-03 1.403459e-03 1.695588e-03 2.035145e-03 2.577743e-03 3.222141e-03 3.850729e-03 4.683409e-03 5.384224e-03 5.479683e-03 5.400724e-03 5.575115e-03 5.793294e-03 6.445926e-03 7.962163e-03 9.759152e-03 1.166154e-02 1.426143e-02 1.775521e-02 2.119907e-02 2.389332e-02 2.657987e-02 2.877253e-02 3.024449e-02 3.409876e-02 4.103711e-02 4.834401e-02 5.632280e-02 6.591668e-02 7.599226e-02 8.658782e-02 9.783819e-02 1.077382e-01 1.155907e-01 1.229810e-01 1.296903e-01 1.337170e-01 1.353357e-01 1.365208e-01 1.375289e-01 1.382660e-01 1.413796e-01 1.491060e-01 1.607610e-01 1.758281e-01 1.941944e-01 2.133514e-01 2.304107e-01 2.456546e-01 2.597694e-01 2.711517e-01 2.791658e-01 2.861370e-01 2.941759e-01 3.030654e-01 3.114045e-01 3.178661e-01 3.222758e-01 3.263490e-01 3.316717e-01 3.373579e-01 3.416530e-01 3.443573e-01 3.464615e-01 3.486458e-01 3.506192e-01 3.522037e-01 3.538159e-01 3.552537e-01 3.561558e-01 3.555358e-01 3.531615e-01 3.495526e-01 3.445509e-01 3.386252e-01 3.323490e-01 3.267043e-01 3.223513e-01 3.190889e-01 3.160364e-01 3.119038e-01 3.054666e-01 2.957690e-01 2.826460e-01 2.671797e-01 2.513459e-01 2.367782e-01 2.241479e-01 2.131736e-01 2.030500e-01 1.928745e-01 1.820693e-01 1.704810e-01 1.585872e-01 1.472706e-01 1.372301e-01 1.287012e-01 1.211805e-01 1.139552e-01 1.064411e-01 9.831630e-02 8.941057e-02 8.015850e-02 7.124294e-02 6.333344e-02 5.690299e-02 5.209023e-02 4.852526e-02 4.585415e-02 4.352044e-02 4.069988e-02 3.669195e-02 3.135233e-02 2.547007e-02 2.025112e-02 1.626643e-02 1.346125e-02 1.164309e-02 1.030963e-02 9.182554e-03 7.871813e-03 6.274845e-03 4.575630e-03 3.170133e-03 2.145404e-03 1.497131e-03 1.119495e-03 8.981228e-04 7.464232e-04 6.236885e-04 4.894932e-04 3.615870e-04 2.479168e-04 1.672388e-04 1.156452e-04 8.273495e-05 6.451477e-05 5.120107e-05 4.070585e-05 3.036233e-05 2.136480e-05 1.440390e-05 9.653263e-06 6.482952e-06 4.860321e-06 3.384715e-06 2.303977e-06 1.357758e-06 7.502205e-07 3.830009e-07 1.882349e-07 1.012635e-07
9.677926e-06 4.761381e-06 2.710982e-06 1.232807e-05 1.167269e-05 3.060785e-06 1.975764e-06 2.348506e-06 4.798609e-06 8.473872e-06 1.126305e-05 1.541993e-05 2.265953e-05 3.728905e-05 5.708484e-05 7.572748e-05 8.609740e-05 8.967108e-05 9.586146e-05 1.020671e-04 1.150669e-04 1.322988e-04 1.557070e-04 1.966727e-04 2.580619e-04 3.250368e-04 3.845294e-04 4.097183e-04 4.160041e-04 4.409093e-04 4.793294e-04 5.449317e-04 6.653519e-04 8.004438e-04 9.088337e-04 1.091071e-03 1.382357e-03 1.738347e-03 2.172547e-03 2.840400e-03 3.613715e-03 4.431687e-03 5.487075e-03 6.232615e-03 6.347394e-03 6.705202e-03 7.623904e-03 8.882678e-03 1.075552e-02 1.340862e-02 1.640627e-02 1.928825e-02 2.265533e-02 2.644090e-02 2.834545e-02 2.906807e-02 3.142515e-02 3.469705e-02 3.868082e-02 4.550152e-02 5.426389e-02 6.280222e-02 7.235999e-02 8.351340e-02 9.429112e-02 1.044881e-01 1.153821e-01 1.259336e-01 1.346455e-01 1.416523e-01 1.463082e-01 1.471340e-01 1.465650e-01 1.497110e-01 1.572811e-01 1.669344e-01 1.785038e-01 1.919669e-01 2.054270e-01 2.182156e-01 2.318536e-01 2.463346e-01 2.599278e-01 2.728422e-01 2.865930e-01 3.003857e-01 3.114502e-01 3.184044e-01 3.225560e-01 3.262768e-01 3.305826e-01 3.348426e-01 3.382382e-01 3.406708e-01 3.427258e-01 3.448527e-01 3.469138e-01 3.489198e-01 3.513198e-01 3.545152e-01 3.579916e-01 3.602852e-01 3.611041e-01 3.603888e-01 3.581318e-01 3.544486e-01 3.492500e-01 3.436833e-01 3.386376e-01 3.344834e-01 3.309529e-01 3.273177e-01 3.226382e-01 3.156697e-01 3.056903e-01 2.933717e-01 2.804966e-01 2.685097e-01 2.577568e-01 2.473905e-01 2.361493e-01 2.232114e-01 2.086610e-01 1.934680e-01 1.790495e-01 1.665259e-01 1.561269e-01 1.473886e-01 1.394234e-01 1.314643e-01 1.228930e-01 1.134936e-01 1.033957e-01 9.322117e-02 8.377881e-02 7.567297e-02 6.917901e-02 6.423872e-02 6.041029e-02 5.712890e-02 5.363774e-02 4.922912e-02 4.361356e-02 3.717518e-02 3.093437e-02 2.559365e-02 2.152106e-02 1.855919e-02 1.650934e-02 1.491728e-02 1.339398e-02 1.154513e-02 9.349163e-03 7.061465e-03 5.163542e-03 3.789745e-03 2.859217e-03 2.288601e-03 1.914466e-03 1.614714e-03 1.325964e-03 1.010637e-03 7.134081e-04 4.757372e-04 3.129846e-04 2.181311e-04 1.554281e-04 1.202681e-04 9.204505e-05 7.133502e-05 5.268752e-05 3.788212e-05 2.670994e-05 1.821246e-05 1.325356e-05 9.523943e-06 7.538585e-06 5.403509e-06 3.804271e-06 2.355828e-06 1.350730e-06 7.302632e-07 3.723123e-07 2.070428e-07 1.117546e-07
9.374878e-06 3.964598e-06 3.146459e-06 2.490365e-06 4.282243e-06 7.074069e-06 1.178392e-05 1.575767e-05 1.112079e-05 6.814996e-06 7.357909e-06 1.266539e-05 1.942571e-05 2.177134e-05 2.198607e-05 2.761387e-05 4.034942e-05 5.987389e-05 7.980812e-05 9.333338e-05 9.327490e-05 8.673759e-05 9.045278e-05 1.034569e-04 1.318204e-04 1.699101e-04 1.969691e-04 2.152213e-04 2.435331e-04 2.785365e-04 3.265209e-04 3.860986e-04 4.507852e-04 5.415324e-04 7.140436e-04 9.294764e-04 1.160092e-03 1.471635e-03 1.884855e-03 2.318544e-03 2.836382e-03 3.573623e-03 4.447313e-03 5.633544e-03 7.278252e-03 8.970825e-03 1.036655e-02 1.197020e-02 1.381995e-02 1.564289e-02 1.740169e-02 1.950712e-02 2.215830e-02 2.560580e-02 3.020363e-02 3.474601e-02 3.743837e-02 3.957174e-02 4.332271e-02 4.806233e-02 5.334962e-02 6.041468e-02 6.904536e-02 7.839336e-02 8.898274e-02 1.005178e-01 1.107230e-01 1.181154e-01 1.237554e-01 1.293469e-01 1.367051e-01 1.477212e-01 1.612962e-01 1.734273e-01 1.834569e-01 1.939191e-01 2.045034e-01 2.133721e-01 2.213137e-01 2.295139e-01 2.381522e-01 2.485364e-01 2.623210e-01 2.784548e-01 2.941391e-01 3.075542e-01 3.178430e-01 3.247983e-01 3.295049e-01 3.333304e-01 3.363346e-01 3.381776e-01 3.395288e-01 3.412355e-01 3.429393e-01 3.438555e-01 3.443468e-01 3.457898e-01 3.488719e-01 3.532307e-01 3.580121e-01 3.619725e-01 3.646622e-01 3.655182e-01 3.645045e-01 3.623249e-01 3.592381e-01 3.559552e-01 3.527073e-01 3.494317e-01 3.454605e-01 3.394942e-01 3.309414e-01 3.206284e-01 3.102015e-01 3.006695e-01 2.918243e-01 2.822876e-01 2.706175e-01 2.561541e-01 2.395266e-01 2.223914e-01 2.065125e-01 1.929410e-01 1.817497e-01 1.723889e-01 1.639476e-01 1.555036e-01 1.461596e-01 1.355796e-01 1.241717e-01 1.128615e-01 1.025816e-01 9.382735e-02 8.669089e-02 8.101346e-02 7.631898e-02 7.191376e-02 6.698700e-02 6.089763e-02 5.367117e-02 4.606019e-02 3.913153e-02 3.337545e-02 2.896348e-02 2.570722e-02 2.327434e-02 2.129902e-02 1.922374e-02 1.659562e-02 1.355495e-02 1.055105e-02 8.095776e-03 6.373430e-03 5.160328e-03 4.354955e-03 3.752208e-03 3.171153e-03 2.532522e-03 1.847163e-03 1.236337e-03 8.056202e-04 5.271820e-04 3.760197e-04 2.812927e-04 2.235464e-04 1.821554e-04 1.392107e-04 1.020709e-04 6.777856e-05 4.465400e-05 3.028603e-05 2.134359e-05 1.630915e-05 1.215958e-05 9.275624e-06 6.479779e-06 4.587223e-06 2.979750e-06 1.821569e-06 1.070134e-06 5.939110e-07 3.322686e-07 1.865034e-07 1.132990e-07
1.450801e-06 3.698977e-06 8.086393e-06 5.205109e-06 4.992315e-06 6.260378e-06 6.940132e-06 6.993239e-06 8.507929e-06 1.180074e-05 1.427523e-05 1.577982e-05 1.649925e-05 1.642090e-05 2.061658e-05 2.911048e-05 4.122367e-05 5.716751e-05 7.499757e-05 9.058978e-05 1.089867e-04 1.239787e-04 1.268850e-04 1.186147e-04 1.111038e-04 1.171634e-04 1.394071e-04 1.742240e-04 2.062743e-04 2.349954e-04 2.703444e-04 3.128288e-04 3.974547e-04 5.357250e-04 7.272811e-04 9.480367e-04 1.242525e-03 1.561655e-03 1.937181e-03 2.521858e-03 3.187251e-03 3.894271e-03 4.860745e-03 6.344549e-03 8.363211e-03 1.092154e-02 1.353557e-02 1.521929e-02 1.605098e-02 1.693383e-02 1.856909e-02 2.080320e-02 2.311413e-02 2.586626e-02 2.963565e-02 3.451162e-02 4.040258e-02 4.638615e-02 5.049306e-02 5.346002e-02 5.792728e-02 6.417385e-02 7.092488e-02 7.805853e-02 8.576897e-02 9.264851e-02 9.826406e-02 1.047699e-01 1.141426e-01 1.269085e-01 1.425138e-01 1.581816e-01 1.715710e-01 1.847171e-01 1.990497e-01 2.115122e-01 2.204916e-01 2.278486e-01 2.344999e-01 2.404910e-01 2.475624e-01 2.569223e-01 2.675708e-01 2.783699e-01 2.885874e-01 2.970184e-01 3.031217e-01 3.081476e-01 3.135889e-01 3.195654e-01 3.255655e-01 3.312359e-01 3.356503e-01 3.376182e-01 3.373214e-01 3.366909e-01 3.376558e-01 3.405830e-01 3.446010e-01 3.491145e-01 3.537862e-01 3.576419e-01 3.601246e-01 3.609043e-01 3.605841e-01 3.602517e-01 3.598534e-01 3.590429e-01 3.566265e-01 3.518524e-01 3.453228e-01 3.382172e-01 3.315521e-01 3.255041e-01 3.194598e-01 3.120881e-01 3.020901e-01 2.889459e-01 2.734935e-01 2.574326e-01 2.425591e-01 2.300248e-01 2.200034e-01 2.118974e-01 2.043865e-01 1.957412e-01 1.845543e-01 1.707656e-01 1.556912e-01 1.410652e-01 1.281868e-01 1.174988e-01 1.088783e-01 1.020273e-01 9.642133e-02 9.125129e-02 8.557732e-02 7.861718e-02 7.028306e-02 6.158810e-02 5.376954e-02 4.729881e-02 4.230662e-02 3.850566e-02 3.533579e-02 3.234453e-02 2.906203e-02 2.504887e-02 2.080378e-02 1.690790e-02 1.370526e-02 1.143785e-02 9.751258e-03 8.505206e-03 7.413447e-03 6.209335e-03 4.838272e-03 3.447340e-03 2.272859e-03 1.470383e-03 9.668795e-04 6.915258e-04 5.409495e-04 4.448726e-04 3.777218e-04 3.030304e-04 2.243482e-04 1.537562e-04 9.911988e-05 6.355063e-05 4.365428e-05 3.157280e-05 2.539741e-05 2.001203e-05 1.518141e-05 1.042210e-05 6.687005e-06 4.488202e-06 2.850725e-06 1.750419e-06 1.055697e-06 5.955930e-07 3.259348e-07 1.710015e-07 9.512975e-08
1.347638e-07 2.248531e-06 3.014893e-06 7.770863e-06 1.563954e-05 2.527112e-05 2.519227e-05 1.666749e-05 1.649179e-05 2.032975e-05 1.853777e-05 1.675099e-05 2.030495e-05 2.792171e-05 3.325368e-05 3.860045e-05 4.737228e-05 6.216156e-05 9.233863e-05 1.244437e-04 1.477917e-04 1.731305e-04 1.969613e-04 1.963788e-04 1.842565e-04 1.738208e-04 1.771306e-04 1.865493e-04 2.156679e-04 2.570757e-04 3.114395e-04 4.068668e-04 5.392804e-04 7.048686e-04 8.629882e-04 1.067218e-03 1.300052e-03 1.588639e-03 2.005342e-03 2.513074e-03 3.368196e-03 4.507718e-03 5.857460e-03 7.490887e-03 9.293477e-03 1.118890e-02 1.325550e-02 1.545825e-02 1.736999e-02 1.892167e-02 2.051882e-02 2.231550e-02 2.438549e-02 2.656242e-02 2.886222e-02 3.215642e-02 3.736744e-02 4.459639e-02 5.322624e-02 6.208627e-02 6.877965e-02 7.234664e-02 7.467441e-02 7.681166e-02 7.850955e-02 8.147216e-02 8.883167e-02 1.013817e-01 1.170051e-01 1.340164e-01 1.508171e-01 1.663401e-01 1.811406e-01 1.938150e-01 2.026291e-01 2.096854e-01 2.179655e-01 2.277517e-01 2.382137e-01 2.488550e-01 2.589326e-01 2.677511e-01 2.754110e-01 2.821206e-01 2.879614e-01 2.939410e-01 3.012388e-01 3.092497e-01 3.163826e-01 3.222066e-01 3.269051e-01 3.300479e-01 3.313940e-01 3.322678e-01 3.345908e-01 3.388065e-01 3.437629e-01 3.485469e-01 3.529087e-01 3.566174e-01 3.592375e-01 3.605415e-01 3.614176e-01 3.621290e-01 3.623331e-01 3.615991e-01 3.592398e-01 3.556919e-01 3.513140e-01 3.464431e-01 3.415066e-01 3.365074e-01 3.309605e-01 3.238972e-01 3.144974e-01 3.026519e-01 2.892749e-01 2.758374e-01 2.638845e-01 2.541857e-01 2.466005e-01 2.402869e-01 2.336563e-01 2.248740e-01 2.126142e-01 1.972572e-01 1.806758e-01 1.649506e-01 1.513563e-01 1.401884e-01 1.311442e-01 1.236417e-01 1.170172e-01 1.105778e-01 1.036023e-01 9.548949e-02 8.614678e-02 7.650382e-02 6.786639e-02 6.070039e-02 5.505497e-02 5.041858e-02 4.612227e-02 4.162393e-02 3.675496e-02 3.152665e-02 2.654867e-02 2.237406e-02 1.900528e-02 1.659556e-02 1.475288e-02 1.326437e-02 1.177046e-02 9.889913e-03 7.759298e-03 5.656592e-03 3.922635e-03 2.722668e-03 1.945937e-03 1.475459e-03 1.205708e-03 1.018335e-03 8.632027e-04 6.853003e-04 4.990434e-04 3.295349e-04 2.112397e-04 1.345370e-04 9.018619e-05 6.424838e-05 4.712236e-05 3.592440e-05 2.680002e-05 1.934079e-05 1.410463e-05 1.030352e-05 7.418462e-06 5.194692e-06 3.450900e-06 2.215389e-06 1.262944e-06 7.005517e-07 3.387403e-07 1.790456e-07 8.662466e-08
1.270466e-08 4.804945e-07 2.868942e-06 4.047349e-06 4.565873e-06 4.613668e-06 9.133360e-06 2.293723e-05 3.096653e-05 3.234257e-05 2.982905e-05 2.299739e-05 2.158430e-05 2.439376e-05 2.870120e-05 3.097034e-05 3.357454e-05 3.715120e-05 4.547591e-05 5.846369e-05 7.614927e-05 9.596559e-05 1.170292e-04 1.414246e-04 1.726792e-04 1.932528e-04 2.033165e-04 2.316773e-04 2.709523e-04 3.353583e-04 4.491883e-04 6.245945e-04 8.684255e-04 1.147339e-03 1.375124e-03 1.454142e-03 1.516629e-03 1.676921e-03 1.939213e-03 2.390356e-03 2.987443e-03 3.868593e-03 4.976157e-03 5.975439e-03 7.037727e-03 8.303467e-03 9.713885e-03 1.133987e-02 1.339489e-02 1.584835e-02 1.822215e-02 2.070719e-02 2.367274e-02 2.675206e-02 2.996102e-02 3.341291e-02 3.740672e-02 4.303958e-02 5.102932e-02 6.004399e-02 6.802226e-02 7.379027e-02 7.700837e-02 7.891550e-02 8.194464e-02 8.740494e-02 9.518006e-02 1.057674e-01 1.196900e-01 1.351631e-01 1.504077e-01 1.649696e-01 1.773580e-01 1.871500e-01 1.971546e-01 2.089846e-01 2.209431e-01 2.317005e-01 2.416187e-01 2.508697e-01 2.598879e-01 2.697949e-01 2.807946e-01 2.923918e-01 3.038018e-01 3.131104e-01 3.185524e-01 3.204156e-01 3.204404e-01 3.200279e-01 3.199463e-01 3.211899e-01 3.250143e-01 3.317057e-01 3.397045e-01 3.468782e-01 3.522524e-01 3.560294e-01 3.586421e-01 3.608061e-01 3.631590e-01 3.653073e-01 3.670209e-01 3.679364e-01 3.679796e-01 3.671196e-01 3.646894e-01 3.610996e-01 3.569127e-01 3.524491e-01 3.474239e-01 3.409750e-01 3.325368e-01 3.220437e-01 3.100714e-01 2.978704e-01 2.868169e-01 2.774427e-01 2.694403e-01 2.617924e-01 2.529928e-01 2.416957e-01 2.274342e-01 2.114272e-01 1.956638e-01 1.817606e-01 1.703955e-01 1.613766e-01 1.539753e-01 1.472150e-01 1.402735e-01 1.326830e-01 1.242063e-01 1.146712e-01 1.043200e-01 9.400990e-02 8.482740e-02 7.707309e-02 7.067643e-02 6.489725e-02 5.890350e-02 5.225594e-02 4.511150e-02 3.812882e-02 3.207576e-02 2.736259e-02 2.368885e-02 2.107099e-02 1.907409e-02 1.732668e-02 1.548836e-02 1.310979e-02 1.043585e-02 7.887551e-03 5.807742e-03 4.340921e-03 3.381015e-03 2.749577e-03 2.344116e-03 2.015593e-03 1.673519e-03 1.279051e-03 8.842019e-04 5.670892e-04 3.577249e-04 2.351145e-04 1.633405e-04 1.208504e-04 9.258427e-05 7.035992e-05 5.090518e-05 3.480610e-05 2.364463e-05 1.663624e-05 1.180010e-05 8.909292e-06 6.639845e-06 4.910871e-06 3.407957e-06 2.114520e-06 1.212163e-06 5.978526e-07 3.158997e-07 1.553715e-07 8.948717e-08
6.397778e-08 4.285696e-08 3.240862e-08 1.226099e-07 4.287088e-07 1.574026e-06 2.795446e-06 4.209735e-06 7.309086e-06 1.187221e-05 1.796202e-05 2.551083e-05 2.389320e-05 1.599283e-05 1.218453e-05 1.181896e-05 1.417648e-05 1.740477e-05 2.156315e-05 2.919453e-05 4.120021e-05 5.503934e-05 7.376660e-05 1.004904e-04 1.368167e-04 1.880095e-04 2.559006e-04 3.131492e-04 3.731996e-04 4.657648e-04 6.098218e-04 8.067334e-04 1.092282e-03 1.421258e-03 1.669597e-03 1.793797e-03 1.835749e-03 1.950521e-03 2.158514e-03 2.421120e-03 2.761433e-03 3.102549e-03 3.481784e-03 4.187628e-03 5.170794e-03 6.155025e-03 7.194392e-03 8.542788e-03 1.008059e-02 1.163491e-02 1.374663e-02 1.674016e-02 2.030959e-02 2.474192e-02 2.983853e-02 3.505874e-02 4.045628e-02 4.543923e-02 4.960995e-02 5.361647e-02 5.842684e-02 6.483132e-02 7.301290e-02 8.195282e-02 9.027500e-02 9.740365e-02 1.040790e-01 1.108466e-01 1.171055e-01 1.242488e-01 1.337015e-01 1.442572e-01 1.557413e-01 1.703674e-01 1.882920e-01 2.051389e-01 2.180398e-01 2.279982e-01 2.362294e-01 2.443224e-01 2.543441e-01 2.672323e-01 2.822459e-01 2.974190e-01 3.103041e-01 3.187349e-01 3.221813e-01 3.219798e-01 3.201901e-01 3.190042e-01 3.205815e-01 3.259318e-01 3.340073e-01 3.426275e-01 3.499719e-01 3.553992e-01 3.591311e-01 3.617095e-01 3.636201e-01 3.655331e-01 3.677945e-01 3.696921e-01 3.706327e-01 3.699442e-01 3.677815e-01 3.650882e-01 3.623073e-01 3.598462e-01 3.570529e-01 3.531454e-01 3.477078e-01 3.403428e-01 3.312308e-01 3.211541e-01 3.109860e-01 3.012500e-01 2.921105e-01 2.830527e-01 2.728455e-01 2.601329e-01 2.446399e-01 2.279526e-01 2.122112e-01 1.990103e-01 1.887880e-01 1.809207e-01 1.742017e-01 1.672522e-01 1.593672e-01 1.506065e-01 1.413254e-01 1.314967e-01 1.213549e-01 1.116007e-01 1.030502e-01 9.575183e-02 8.946950e-02 8.329151e-02 7.613572e-02 6.762148e-02 5.840344e-02 4.969665e-02 4.238687e-02 3.685998e-02 3.263474e-02 2.953292e-02 2.709968e-02 2.467035e-02 2.190930e-02 1.850174e-02 1.487326e-02 1.156618e-02 8.971342e-03 7.096232e-03 5.842049e-03 4.994097e-03 4.368449e-03 3.793121e-03 3.088944e-03 2.270735e-03 1.507702e-03 9.279025e-04 5.673551e-04 3.674304e-04 2.604779e-04 2.030255e-04 1.636418e-04 1.328781e-04 9.893907e-05 6.885920e-05 4.471428e-05 2.808533e-05 1.854827e-05 1.320300e-05 1.034192e-05 8.123447e-06 6.297824e-06 4.359791e-06 2.792352e-06 1.684595e-06 9.113738e-07 4.968895e-07 2.601040e-07 1.480152e-07 8.149269e-08
5.270953e-09 1.414041e-07 9.622742e-08 8.006872e-08 1.871945e-07 1.921032e-07 4.781275e-07 1.886192e-06 3.245643e-06 4.914894e-06 8.572389e-06 1.441510e-05 2.068402e-05 2.485244e-05 2.467057e-05 2.375498e-05 2.651716e-05 3.369999e-05 4.128481e-05 5.072212e-05 6.013087e-05 7.530535e-05 1.010073e-04 1.435939e-04 2.059305e-04 2.887177e-04 3.867468e-04 5.013272e-04 6.194699e-04 7.166410e-04 7.856865e-04 8.776411e-04 1.020986e-03 1.222251e-03 1.528038e-03 1.918716e-03 2.334691e-03 2.680632e-03 3.009402e-03 3.364102e-03 3.591426e-03 3.724859e-03 3.970752e-03 4.293359e-03 4.784720e-03 5.684529e-03 6.854224e-03 7.788023e-03 8.829331e-03 1.077541e-02 1.310831e-02 1.562499e-02 1.921471e-02 2.395150e-02 2.935654e-02 3.545424e-02 4.119604e-02 4.545444e-02 4.843210e-02 5.137635e-02 5.641258e-02 6.445579e-02 7.506144e-02 8.796994e-02 1.020363e-01 1.141604e-01 1.217909e-01 1.249977e-01 1.259409e-01 1.271453e-01 1.304504e-01 1.370070e-01 1.469702e-01 1.586762e-01 1.703795e-01 1.827623e-01 1.971169e-01 2.125619e-01 2.277222e-01 2.426877e-01 2.571511e-01 2.702737e-01 2.824719e-01 2.938132e-01 3.027516e-01 3.077254e-01 3.088288e-01 3.088070e-01 3.118435e-01 3.196106e-01 3.299703e-01 3.396986e-01 3.470738e-01 3.524406e-01 3.568448e-01 3.603631e-01 3.627845e-01 3.648129e-01 3.668952e-01 3.684670e-01 3.688407e-01 3.680124e-01 3.670225e-01 3.660400e-01 3.646452e-01 3.623655e-01 3.585941e-01 3.540175e-01 3.492339e-01 3.442994e-01 3.389920e-01 3.330387e-01 3.267358e-01 3.207197e-01 3.152823e-01 3.095894e-01 3.017756e-01 2.901091e-01 2.745760e-01 2.572424e-01 2.406736e-01 2.266446e-01 2.154932e-01 2.064395e-01 1.982086e-01 1.897316e-01 1.808308e-01 1.715574e-01 1.618021e-01 1.513819e-01 1.408005e-01 1.308939e-01 1.223062e-01 1.148711e-01 1.080466e-01 1.008113e-01 9.220600e-02 8.214580e-02 7.162418e-02 6.212413e-02 5.437193e-02 4.862270e-02 4.439040e-02 4.127072e-02 3.862430e-02 3.558033e-02 3.167674e-02 2.677176e-02 2.171088e-02 1.726229e-02 1.384997e-02 1.140568e-02 9.725164e-03 8.573430e-03 7.629994e-03 6.590155e-03 5.312868e-03 3.896464e-03 2.658709e-03 1.735538e-03 1.132593e-03 7.785027e-04 5.666177e-04 4.453230e-04 3.618452e-04 2.913431e-04 2.227859e-04 1.533669e-04 1.013860e-04 6.450589e-05 4.212659e-05 2.925776e-05 2.064369e-05 1.581697e-05 1.140035e-05 8.373510e-06 5.397661e-06 3.652111e-06 2.361336e-06 1.475945e-06 8.750072e-07 4.924941e-07 2.687099e-07 1.469591e-07 7.617550e-08
7.408065e-07 6.036966e-07 4.231051e-06 1.314821e-06 5.672028e-07 1.063373e-06 1.228885e-06 1.097472e-06 1.780405e-06 4.267381e-06 8.872019e-06 1.462790e-05 2.356026e-05 4.050861e-05 6.289582e-05 7.653951e-05 8.323345e-05 9.269322e-05 1.069205e-04 1.077461e-04 1.151260e-04 1.392424e-04 1.842404e-04 2.398571e-04 2.981016e-04 3.784159e-04 4.761276e-04 5.834474e-04 6.424188e-04 6.529437e-04 6.712697e-04 7.348619e-04 8.401093e-04 1.027563e-03 1.321495e-03 1.656574e-03 1.990829e-03 2.457261e-03 3.095209e-03 3.779845e-03 4.587915e-03 5.395904e-03 5.670227e-03 5.649000e-03 5.924976e-03 6.405764e-03 7.118486e-03 8.605720e-03 1.045008e-02 1.211145e-02 1.451731e-02 1.801648e-02 2.145649e-02 2.424119e-02 2.699136e-02 2.985165e-02 3.295900e-02 3.755290e-02 4.399954e-02 5.145952e-02 5.953443e-02 6.841699e-02 7.843302e-02 8.941865e-02 1.008943e-01 1.126650e-01 1.244335e-01 1.351081e-01 1.422078e-01 1.446324e-01 1.447967e-01 1.455022e-01 1.478315e-01 1.520250e-01 1.595873e-01 1.716076e-01 1.869728e-01 2.045445e-01 2.235329e-01 2.421143e-01 2.582840e-01 2.716661e-01 2.829008e-01 2.920812e-01 2.990191e-01 3.047708e-01 3.113729e-01 3.195670e-01 3.279818e-01 3.350991e-01 3.410420e-01 3.470025e-01 3.533613e-01 3.589887e-01 3.627602e-01 3.649547e-01 3.668282e-01 3.691904e-01 3.716291e-01 3.737489e-01 3.757483e-01 3.774109e-01 3.782820e-01 3.770836e-01 3.734261e-01 3.683823e-01 3.626411e-01 3.567795e-01 3.507870e-01 3.448304e-01 3.394395e-01 3.349802e-01 3.314821e-01 3.281783e-01 3.234508e-01 3.155789e-01 3.040563e-01 2.900809e-01 2.758255e-01 2.630495e-01 2.521800e-01 2.424824e-01 2.326778e-01 2.219799e-01 2.104625e-01 1.982536e-01 1.855758e-01 1.728814e-01 1.609958e-01 1.504213e-01 1.410870e-01 1.325037e-01 1.241308e-01 1.152043e-01 1.050499e-01 9.397130e-02 8.306598e-02 7.370266e-02 6.641456e-02 6.128630e-02 5.774567e-02 5.515699e-02 5.257218e-02 4.883318e-02 4.350083e-02 3.686212e-02 3.029133e-02 2.465633e-02 2.034935e-02 1.721056e-02 1.493053e-02 1.324695e-02 1.170456e-02 9.999979e-03 8.044435e-03 6.028905e-03 4.317809e-03 3.047091e-03 2.165845e-03 1.624881e-03 1.269944e-03 1.028395e-03 8.439398e-04 6.574941e-04 4.838014e-04 3.263385e-04 2.135570e-04 1.404947e-04 9.455034e-05 6.766319e-05 5.026232e-05 3.706328e-05 2.744141e-05 1.879476e-05 1.265391e-05 8.071174e-06 5.158308e-06 3.534944e-06 2.502335e-06 1.622846e-06 1.026502e-06 5.439529e-07 2.960012e-07 1.352404e-07 7.192688e-08
9.815560e-06 4.333861e-06 2.735441e-06 1.154952e-05 1.153710e-05 3.720760e-06 2.461179e-06 2.733251e-06 5.276261e-06 8.617092e-06 1.133987e-05 1.507095e-05 2.439326e-05 4.149200e-05 6.676927e-05 9.188768e-05 1.005434e-04 9.646329e-05 9.030297e-05 9.285943e-05 1.017440e-04 1.105320e-04 1.228426e-04 1.497237e-04 1.956724e-04 2.520177e-04 3.044327e-04 3.259894e-04 3.396834e-04 3.600384e-04 3.997260e-04 4.633351e-04 5.700466e-04 7.146755e-04 8.458403e-04 1.015966e-03 1.294977e-03 1.666961e-03 2.108462e-03 2.748282e-03 3.590847e-03 4.515735e-03 5.670285e-03 6.627094e-03 6.713004e-03 6.915514e-03 7.815858e-03 8.989790e-03 1.073947e-02 1.338466e-02 1.630626e-02 1.911011e-02 2.250208e-02 2.632526e-02 2.851125e-02 2.958102e-02 3.213179e-02 3.598422e-02 4.095773e-02 4.840783e-02 5.745821e-02 6.652176e-02 7.604925e-02 8.642705e-02 9.680860e-02 1.073910e-01 1.195279e-01 1.325753e-01 1.445663e-01 1.545476e-01 1.605594e-01 1.606869e-01 1.584011e-01 1.600461e-01 1.674465e-01 1.785749e-01 1.925247e-01 2.089379e-01 2.263983e-01 2.436567e-01 2.603928e-01 2.762130e-01 2.906484e-01 3.036149e-01 3.149664e-01 3.241676e-01 3.304747e-01 3.338361e-01 3.361387e-01 3.397427e-01 3.448560e-01 3.501064e-01 3.545905e-01 3.584779e-01 3.623285e-01 3.662034e-01 3.694753e-01 3.717764e-01 3.734794e-01 3.753463e-01 3.774399e-01 3.788841e-01 3.795277e-01 3.790974e-01 3.773706e-01 3.743659e-01 3.697355e-01 3.638643e-01 3.570793e-01 3.501853e-01 3.443554e-01 3.397262e-01 3.349807e-01 3.280822e-01 3.181899e-01 3.064611e-01 2.950168e-01 2.851157e-01 2.764999e-01 2.679221e-01 2.579983e-01 2.462419e-01 2.331096e-01 2.193549e-01 2.058078e-01 1.930808e-01 1.815514e-01 1.710665e-01 1.612109e-01 1.516380e-01 1.418902e-01 1.313434e-01 1.195804e-01 1.072748e-01 9.569547e-02 8.604227e-02 7.863774e-02 7.340933e-02 6.968959e-02 6.651361e-02 6.276033e-02 5.738143e-02 5.042669e-02 4.275996e-02 3.590094e-02 3.030206e-02 2.607315e-02 2.304195e-02 2.069321e-02 1.874085e-02 1.669555e-02 1.428848e-02 1.163443e-02 9.024111e-03 6.821498e-03 5.179586e-03 3.988755e-03 3.185719e-03 2.633710e-03 2.171536e-03 1.749988e-03 1.313011e-03 8.986282e-04 5.721183e-04 3.512086e-04 2.241739e-04 1.520624e-04 1.131531e-04 8.884103e-05 6.957276e-05 5.246251e-05 3.610679e-05 2.347363e-05 1.434600e-05 9.498523e-06 6.433533e-06 4.720078e-06 3.573178e-06 2.479670e-06 1.672142e-06 8.735790e-07 4.940748e-07 2.160136e-07 1.168758e-07 5.304809e-08
8.873607e-06 4.113288e-06 3.118920e-06 2.737238e-06 4.783121e-06 6.336008e-06 9.585733e-06 1.272923e-05 9.387533e-06 6.115370e-06 6.522668e-06 1.081440e-05 1.906254e-05 2.569501e-05 2.831730e-05 3.365083e-05 4.494350e-05 5.847793e-05 7.519592e-05 8.040726e-05 7.728041e-05 7.208779e-05 7.291375e-05 8.440014e-05 1.077731e-04 1.417276e-04 1.676560e-04 1.845860e-04 2.050550e-04 2.337857e-04 2.656076e-04 3.135479e-04 3.856077e-04 4.819369e-04 6.461446e-04 8.550452e-04 1.080693e-03 1.373245e-03 1.782700e-03 2.275876e-03 2.848332e-03 3.640488e-03 4.572709e-03 5.687766e-03 7.314833e-03 8.857266e-03 1.002609e-02 1.154366e-02 1.337143e-02 1.516143e-02 1.699460e-02 1.923619e-02 2.201195e-02 2.564111e-02 3.048526e-02 3.483801e-02 3.757433e-02 4.042526e-02 4.484543e-02 5.003457e-02 5.576172e-02 6.344807e-02 7.295945e-02 8.303942e-02 9.406724e-02 1.057099e-01 1.156533e-01 1.235126e-01 1.309702e-01 1.391174e-01 1.492132e-01 1.622573e-01 1.762484e-01 1.873304e-01 1.956535e-01 2.041076e-01 2.137179e-01 2.243376e-01 2.360550e-01 2.486839e-01 2.624269e-01 2.780066e-01 2.954033e-01 3.131959e-01 3.286386e-01 3.390612e-01 3.437522e-01 3.445929e-01 3.446153e-01 3.455377e-01 3.473734e-01 3.498742e-01 3.530957e-01 3.567537e-01 3.600602e-01 3.626174e-01 3.649133e-01 3.675848e-01 3.705318e-01 3.736634e-01 3.772001e-01 3.806760e-01 3.835874e-01 3.850105e-01 3.843758e-01 3.816333e-01 3.768727e-01 3.716567e-01 3.671103e-01 3.629697e-01 3.579124e-01 3.504524e-01 3.405064e-01 3.294158e-01 3.188688e-01 3.097400e-01 3.016569e-01 2.933103e-01 2.833063e-01 2.712778e-01 2.578745e-01 2.441856e-01 2.310973e-01 2.190426e-01 2.081141e-01 1.980468e-01 1.885641e-01 1.792623e-01 1.692774e-01 1.577264e-01 1.445191e-01 1.308179e-01 1.180711e-01 1.074238e-01 9.906708e-02 9.280141e-02 8.792561e-02 8.320712e-02 7.741938e-02 6.988041e-02 6.114549e-02 5.227273e-02 4.469132e-02 3.875094e-02 3.428190e-02 3.112347e-02 2.858579e-02 2.623525e-02 2.354450e-02 2.032841e-02 1.683854e-02 1.355149e-02 1.081535e-02 8.729819e-03 7.168906e-03 6.042806e-03 5.162992e-03 4.341839e-03 3.462951e-03 2.562301e-03 1.753891e-03 1.129545e-03 7.152612e-04 4.654691e-04 3.200590e-04 2.358543e-04 1.863752e-04 1.463920e-04 1.122819e-04 7.832276e-05 5.008742e-05 3.099165e-05 1.858913e-05 1.212982e-05 8.003195e-06 5.932954e-06 4.442116e-06 3.224586e-06 2.240949e-06 1.255220e-06 7.221653e-07 3.349398e-07 1.822417e-07 8.466180e-08 4.850397e-08
1.403208e-06 3.122525e-06 7.852685e-06 5.019462e-06 4.101981e-06 5.248177e-06 6.179628e-06 6.111573e-06 7.448775e-06 1.084376e-05 1.399980e-05 1.515694e-05 1.583350e-05 1.574285e-05 1.883156e-05 2.823148e-05 4.129687e-05 5.566193e-05 6.943144e-05 8.274642e-05 9.526277e-05 1.064821e-04 1.116564e-04 1.033540e-04 9.932533e-05 1.072151e-04 1.280254e-04 1.578747e-04 1.866055e-04 2.067204e-04 2.366470e-04 2.809288e-04 3.524161e-04 4.784925e-04 6.583229e-04 8.764851e-04 1.161055e-03 1.498800e-03 1.940066e-03 2.568325e-03 3.294830e-03 4.021195e-03 4.917629e-03 6.215228e-03 8.027301e-03 1.046678e-02 1.302778e-02 1.483153e-02 1.580157e-02 1.672748e-02 1.845532e-02 2.085942e-02 2.346327e-02 2.631899e-02 2.974017e-02 3.438614e-02 4.052920e-02 4.671792e-02 5.115242e-02 5.492333e-02 6.023026e-02 6.690603e-02 7.415409e-02 8.240663e-02 9.139398e-02 9.957600e-02 1.066561e-01 1.139961e-01 1.231147e-01 1.353521e-01 1.509200e-01 1.669902e-01 1.813596e-01 1.954740e-01 2.099642e-01 2.226298e-01 2.323886e-01 2.398315e-01 2.460709e-01 2.534728e-01 2.640246e-01 2.773347e-01 2.921622e-01 3.077164e-01 3.220845e-01 3.320836e-01 3.365497e-01 3.376937e-01 3.382540e-01 3.393552e-01 3.413000e-01 3.441050e-01 3.470721e-01 3.491659e-01 3.503079e-01 3.517791e-01 3.550090e-01 3.600818e-01 3.658034e-01 3.712544e-01 3.761211e-01 3.800674e-01 3.831931e-01 3.849751e-01 3.850958e-01 3.840218e-01 3.820341e-01 3.796202e-01 3.760550e-01 3.702081e-01 3.620733e-01 3.527748e-01 3.438227e-01 3.359465e-01 3.285202e-01 3.199689e-01 3.090758e-01 2.960835e-01 2.823846e-01 2.694677e-01 2.580591e-01 2.482166e-01 2.395917e-01 2.317423e-01 2.243699e-01 2.167936e-01 2.076510e-01 1.956359e-01 1.808141e-01 1.649039e-01 1.499039e-01 1.372657e-01 1.273260e-01 1.197910e-01 1.137294e-01 1.076217e-01 1.001514e-01 9.066060e-02 8.000420e-02 6.955402e-02 6.072919e-02 5.389979e-02 4.876334e-02 4.500062e-02 4.169509e-02 3.826645e-02 3.427424e-02 2.973274e-02 2.518326e-02 2.107657e-02 1.762739e-02 1.492037e-02 1.279529e-02 1.110604e-02 9.615262e-03 8.057853e-03 6.400825e-03 4.753921e-03 3.340490e-03 2.286193e-03 1.559596e-03 1.102267e-03 8.196668e-04 6.349951e-04 5.115576e-04 4.047593e-04 2.993434e-04 2.061301e-04 1.292776e-04 7.912754e-05 4.903339e-05 3.114921e-05 2.129167e-05 1.471279e-05 1.075969e-05 7.451089e-06 5.195303e-06 3.563806e-06 2.163910e-06 1.276475e-06 6.525420e-07 3.506813e-07 1.700684e-07 8.848986e-08 4.356545e-08
9.729193e-08 1.887998e-06 2.545458e-06 5.569122e-06 1.105536e-05 1.828781e-05 1.881455e-05 1.372530e-05 1.427592e-05 1.867915e-05 1.785234e-05 1.688765e-05 2.020623e-05 2.579598e-05 2.871864e-05 3.171456e-05 3.858158e-05 5.527394e-05 8.089773e-05 1.048047e-04 1.238881e-04 1.464521e-04 1.603724e-04 1.633321e-04 1.558422e-04 1.516083e-04 1.612092e-04 1.764227e-04 2.014200e-04 2.389743e-04 2.919159e-04 3.699542e-04 4.848086e-04 6.353192e-04 8.007425e-04 1.017387e-03 1.290556e-03 1.637528e-03 2.048012e-03 2.525084e-03 3.299804e-03 4.365557e-03 5.642391e-03 7.185802e-03 8.836929e-03 1.062180e-02 1.281813e-02 1.509672e-02 1.711559e-02 1.899691e-02 2.061553e-02 2.217940e-02 2.411951e-02 2.626383e-02 2.873368e-02 3.237622e-02 3.773000e-02 4.491252e-02 5.361038e-02 6.239406e-02 6.967283e-02 7.460404e-02 7.794296e-02 8.081537e-02 8.363605e-02 8.784382e-02 9.576980e-02 1.081368e-01 1.229453e-01 1.387982e-01 1.551793e-01 1.708550e-01 1.853468e-01 1.982833e-01 2.096282e-01 2.200506e-01 2.303494e-01 2.414231e-01 2.532985e-01 2.647020e-01 2.746570e-01 2.838274e-01 2.940455e-01 3.056110e-01 3.166168e-01 3.264299e-01 3.362105e-01 3.451276e-01 3.506911e-01 3.524698e-01 3.518353e-01 3.497511e-01 3.468599e-01 3.446737e-01 3.451854e-01 3.490411e-01 3.551578e-01 3.621751e-01 3.691721e-01 3.756367e-01 3.810726e-01 3.847659e-01 3.866807e-01 3.867960e-01 3.856551e-01 3.839391e-01 3.809072e-01 3.760429e-01 3.694463e-01 3.621779e-01 3.553236e-01 3.489059e-01 3.420363e-01 3.334609e-01 3.225333e-01 3.098303e-01 2.968134e-01 2.848863e-01 2.747165e-01 2.661803e-01 2.586862e-01 2.517320e-01 2.450229e-01 2.378913e-01 2.289694e-01 2.170453e-01 2.023854e-01 1.867567e-01 1.721955e-01 1.600424e-01 1.505920e-01 1.434825e-01 1.376271e-01 1.313887e-01 1.234263e-01 1.131337e-01 1.013392e-01 8.962268e-02 7.956734e-02 7.153503e-02 6.513367e-02 5.990232e-02 5.476558e-02 4.915824e-02 4.310216e-02 3.700786e-02 3.151908e-02 2.700590e-02 2.341212e-02 2.058449e-02 1.834741e-02 1.635928e-02 1.434065e-02 1.210533e-02 9.715267e-03 7.415092e-03 5.478858e-03 4.019364e-03 3.005286e-03 2.312196e-03 1.854422e-03 1.521848e-03 1.228777e-03 9.543558e-04 6.748880e-04 4.339312e-04 2.611429e-04 1.517194e-04 9.367579e-05 6.182226e-05 4.382149e-05 3.247174e-05 2.310648e-05 1.663553e-05 1.139261e-05 7.517976e-06 4.909260e-06 3.182167e-06 2.053649e-06 1.232677e-06 6.969154e-07 3.514897e-07 1.675258e-07 7.765178e-08 3.570504e-08
8.922557e-09 3.555182e-07 2.032722e-06 3.208484e-06 3.845631e-06 3.959641e-06 8.147067e-06 2.092218e-05 3.104087e-05 3.162258e-05 2.880024e-05 2.159653e-05 1.979741e-05 2.142338e-05 2.466942e-05 2.650174e-05 2.864055e-05 3.211750e-05 3.828968e-05 5.051428e-05 6.641155e-05 8.287732e-05 1.022478e-04 1.217607e-04 1.456100e-04 1.623214e-04 1.739378e-04 1.989839e-04 2.404708e-04 3.029389e-04 3.956437e-04 5.415823e-04 7.504462e-04 9.934253e-04 1.197784e-03 1.327209e-03 1.456585e-03 1.604451e-03 1.840796e-03 2.236078e-03 2.749544e-03 3.539381e-03 4.576668e-03 5.553216e-03 6.680837e-03 8.101641e-03 9.425147e-03 1.100471e-02 1.323651e-02 1.565136e-02 1.806962e-02 2.063063e-02 2.312980e-02 2.592221e-02 2.947957e-02 3.332541e-02 3.752539e-02 4.326221e-02 5.119713e-02 6.014749e-02 6.798706e-02 7.391507e-02 7.841502e-02 8.170423e-02 8.512254e-02 9.064494e-02 9.864051e-02 1.090508e-01 1.222630e-01 1.375369e-01 1.532107e-01 1.678031e-01 1.804828e-01 1.914983e-01 2.023835e-01 2.146858e-01 2.280848e-01 2.412696e-01 2.531622e-01 2.633234e-01 2.730606e-01 2.844357e-01 2.976797e-01 3.115185e-01 3.251201e-01 3.372629e-01 3.456129e-01 3.494228e-01 3.505899e-01 3.507295e-01 3.496535e-01 3.473413e-01 3.458337e-01 3.477367e-01 3.530508e-01 3.593878e-01 3.648845e-01 3.693187e-01 3.730426e-01 3.765912e-01 3.804290e-01 3.845935e-01 3.893608e-01 3.938314e-01 3.964728e-01 3.962486e-01 3.925811e-01 3.864974e-01 3.790855e-01 3.710290e-01 3.623054e-01 3.521647e-01 3.402920e-01 3.273067e-01 3.145809e-01 3.032770e-01 2.936531e-01 2.850882e-01 2.767097e-01 2.680361e-01 2.589385e-01 2.491305e-01 2.380931e-01 2.256526e-01 2.123579e-01 1.992773e-01 1.874877e-01 1.777154e-01 1.699799e-01 1.636928e-01 1.577459e-01 1.509212e-01 1.423099e-01 1.318376e-01 1.204364e-01 1.092548e-01 9.951146e-02 9.141345e-02 8.441044e-02 7.777859e-02 7.047112e-02 6.219229e-02 5.346932e-02 4.531121e-02 3.844379e-02 3.306006e-02 2.897559e-02 2.581562e-02 2.326116e-02 2.090665e-02 1.842524e-02 1.567033e-02 1.284005e-02 1.019950e-02 7.976783e-03 6.266120e-03 5.016699e-03 4.135177e-03 3.478659e-03 2.958994e-03 2.425842e-03 1.855358e-03 1.309843e-03 8.388004e-04 5.115701e-04 3.074519e-04 1.899809e-04 1.268881e-04 8.978276e-05 6.807895e-05 5.061000e-05 3.608223e-05 2.511255e-05 1.626390e-05 1.010581e-05 6.372810e-06 4.151423e-06 2.816378e-06 1.910489e-06 1.174702e-06 6.582435e-07 3.096466e-07 1.434072e-07 6.169666e-08 2.972765e-08
5.346744e-08 5.061211e-08 4.687694e-08 1.580806e-07 5.119592e-07 1.837498e-06 3.154988e-06 4.743985e-06 7.454229e-06 1.192056e-05 1.716806e-05 2.408609e-05 2.232292e-05 1.561379e-05 1.195403e-05 1.149918e-05 1.260201e-05 1.480780e-05 1.794570e-05 2.473447e-05 3.512709e-05 4.851476e-05 6.631669e-05 9.008528e-05 1.230261e-04 1.680926e-04 2.220342e-04 2.778378e-04 3.448785e-04 4.338240e-04 5.754615e-04 7.647048e-04 1.002253e-03 1.275043e-03 1.503174e-03 1.604086e-03 1.614060e-03 1.721440e-03 1.919549e-03 2.162167e-03 2.517996e-03 2.864862e-03 3.258388e-03 4.098882e-03 5.156685e-03 6.033965e-03 7.099632e-03 8.476075e-03 9.986001e-03 1.178701e-02 1.406074e-02 1.685473e-02 2.043573e-02 2.486324e-02 2.953902e-02 3.444900e-02 4.006399e-02 4.547830e-02 4.986571e-02 5.409406e-02 5.934479e-02 6.616685e-02 7.434469e-02 8.325624e-02 9.221639e-02 1.001358e-01 1.066107e-01 1.123503e-01 1.184263e-01 1.260197e-01 1.358538e-01 1.478438e-01 1.615119e-01 1.770490e-01 1.950082e-01 2.127675e-01 2.262895e-01 2.354914e-01 2.433066e-01 2.531544e-01 2.665157e-01 2.827057e-01 3.010049e-01 3.198450e-01 3.354057e-01 3.444583e-01 3.475029e-01 3.471188e-01 3.453497e-01 3.439650e-01 3.450391e-01 3.497004e-01 3.568451e-01 3.637015e-01 3.683067e-01 3.710185e-01 3.732914e-01 3.758005e-01 3.781014e-01 3.801622e-01 3.827198e-01 3.860832e-01 3.899893e-01 3.928440e-01 3.932906e-01 3.914588e-01 3.880819e-01 3.843171e-01 3.797449e-01 3.729828e-01 3.634687e-01 3.519294e-01 3.400278e-01 3.289835e-01 3.190139e-01 3.094889e-01 2.995472e-01 2.888642e-01 2.775588e-01 2.657215e-01 2.533153e-01 2.403831e-01 2.272713e-01 2.147133e-01 2.034525e-01 1.940635e-01 1.865424e-01 1.801447e-01 1.736711e-01 1.661839e-01 1.573401e-01 1.473850e-01 1.371696e-01 1.275971e-01 1.194412e-01 1.125489e-01 1.061726e-01 9.921155e-02 9.055986e-02 8.034281e-02 6.952077e-02 5.951128e-02 5.123316e-02 4.477365e-02 3.982623e-02 3.587949e-02 3.244424e-02 2.902770e-02 2.543427e-02 2.164538e-02 1.796373e-02 1.468072e-02 1.192408e-02 9.763862e-03 8.160253e-03 6.981218e-03 6.025308e-03 5.147819e-03 4.212046e-03 3.216785e-03 2.301260e-03 1.555268e-03 1.015064e-03 6.676765e-04 4.506696e-04 3.188274e-04 2.353666e-04 1.786123e-04 1.330528e-04 9.288296e-05 6.079186e-05 3.636313e-05 2.233055e-05 1.413355e-05 9.453869e-06 6.466923e-06 4.519260e-06 3.184206e-06 2.000962e-06 1.218941e-06 5.983461e-07 3.025502e-07 1.331184e-07 6.537740e-08 3.106931e-08
5.191994e-09 1.933428e-07 1.402376e-07 1.280189e-07 2.862237e-07 2.885482e-07 6.699266e-07 2.054634e-06 3.422138e-06 5.006112e-06 8.653647e-06 1.368817e-05 1.950797e-05 2.301409e-05 2.354209e-05 2.236700e-05 2.287513e-05 2.529519e-05 3.273967e-05 4.133407e-05 5.146666e-05 6.747075e-05 9.352780e-05 1.331948e-04 1.840963e-04 2.465138e-04 3.346462e-04 4.453815e-04 5.618403e-04 6.958885e-04 7.991031e-04 8.931794e-04 1.009558e-03 1.170510e-03 1.421054e-03 1.743647e-03 2.101253e-03 2.406919e-03 2.696163e-03 3.051101e-03 3.245402e-03 3.447019e-03 3.901182e-03 4.314333e-03 4.859762e-03 5.958983e-03 7.243641e-03 8.373739e-03 9.695851e-03 1.147661e-02 1.347861e-02 1.592051e-02 1.948660e-02 2.397798e-02 2.918509e-02 3.512166e-02 4.077408e-02 4.538165e-02 4.934338e-02 5.338199e-02 5.908216e-02 6.707191e-02 7.650907e-02 8.786253e-02 1.009743e-01 1.131437e-01 1.220611e-01 1.270905e-01 1.293296e-01 1.313502e-01 1.359596e-01 1.441304e-01 1.551039e-01 1.679030e-01 1.818354e-01 1.964846e-01 2.112544e-01 2.262059e-01 2.410785e-01 2.545585e-01 2.668906e-01 2.799767e-01 2.948434e-01 3.099051e-01 3.220224e-01 3.292561e-01 3.321870e-01 3.335346e-01 3.368395e-01 3.437361e-01 3.525684e-01 3.605068e-01 3.662624e-01 3.704322e-01 3.741981e-01 3.777934e-01 3.805974e-01 3.823324e-01 3.833160e-01 3.843047e-01 3.858163e-01 3.875711e-01 3.893588e-01 3.906162e-01 3.911943e-01 3.911472e-01 3.893892e-01 3.849640e-01 3.774278e-01 3.677242e-01 3.576411e-01 3.482468e-01 3.396386e-01 3.311721e-01 3.221314e-01 3.123040e-01 3.017716e-01 2.905712e-01 2.785212e-01 2.657108e-01 2.527331e-01 2.404444e-01 2.294611e-01 2.200100e-01 2.117334e-01 2.039431e-01 1.958259e-01 1.866682e-01 1.762096e-01 1.649093e-01 1.539534e-01 1.443465e-01 1.364811e-01 1.298171e-01 1.233828e-01 1.159970e-01 1.067074e-01 9.589148e-02 8.471399e-02 7.466387e-02 6.648898e-02 6.016763e-02 5.530484e-02 5.122520e-02 4.725943e-02 4.278690e-02 3.772127e-02 3.229433e-02 2.705936e-02 2.251323e-02 1.874425e-02 1.579205e-02 1.350036e-02 1.168360e-02 1.007078e-02 8.480508e-03 6.842154e-03 5.219756e-03 3.802998e-03 2.690714e-03 1.888848e-03 1.351063e-03 9.961003e-04 7.602425e-04 5.878260e-04 4.513901e-04 3.336564e-04 2.266236e-04 1.452364e-04 8.750064e-05 5.212754e-05 3.332260e-05 2.165824e-05 1.511370e-05 1.026621e-05 6.816915e-06 4.609781e-06 2.854166e-06 1.820501e-06 9.945160e-07 5.755096e-07 2.817275e-07 1.455532e-07 6.809984e-08 3.430380e-08
8.368383e-07 7.563760e-07 5.194852e-06 1.628398e-06 7.106677e-07 1.317622e-06 1.424086e-06 1.368553e-06 2.104149e-06 4.415887e-06 7.613062e-06 1.259731e-05 2.059503e-05 3.750074e-05 5.654502e-05 6.646437e-05 7.216141e-05 7.911646e-05 8.742730e-05 9.600657e-05 1.095318e-04 1.331335e-04 1.721618e-04 2.164368e-04 2.627885e-04 3.362258e-04 4.208927e-04 5.300741e-04 6.308129e-04 6.704662e-04 7.089651e-04 7.651478e-04 8.597301e-04 1.002885e-03 1.220274e-03 1.497932e-03 1.810267e-03 2.284095e-03 2.899055e-03 3.498786e-03 4.290650e-03 5.112688e-03 5.318206e-03 5.467025e-03 6.011991e-03 6.650681e-03 7.652215e-03 9.301359e-03 1.096030e-02 1.254217e-02 1.492773e-02 1.813160e-02 2.118505e-02 2.378822e-02 2.659145e-02 2.984519e-02 3.352541e-02 3.838829e-02 4.525419e-02 5.319135e-02 6.089847e-02 6.905608e-02 7.877851e-02 8.942281e-02 9.991881e-02 1.106337e-01 1.224654e-01 1.342821e-01 1.435162e-01 1.492426e-01 1.524023e-01 1.540108e-01 1.564360e-01 1.621443e-01 1.715447e-01 1.844499e-01 2.012351e-01 2.209582e-01 2.407094e-01 2.584825e-01 2.736459e-01 2.854835e-01 2.949617e-01 3.042020e-01 3.134203e-01 3.217850e-01 3.297176e-01 3.383383e-01 3.472914e-01 3.549978e-01 3.611149e-01 3.666474e-01 3.720145e-01 3.765247e-01 3.794900e-01 3.812084e-01 3.828921e-01 3.854184e-01 3.882976e-01 3.907245e-01 3.924631e-01 3.935803e-01 3.947398e-01 3.957745e-01 3.958811e-01 3.941440e-01 3.897303e-01 3.834741e-01 3.766784e-01 3.702524e-01 3.643053e-01 3.580096e-01 3.505881e-01 3.418101e-01 3.318969e-01 3.211095e-01 3.095228e-01 2.973593e-01 2.850459e-01 2.731620e-01 2.622369e-01 2.524281e-01 2.433122e-01 2.341417e-01 2.239858e-01 2.122216e-01 1.990914e-01 1.857042e-01 1.734051e-01 1.628213e-01 1.537956e-01 1.454113e-01 1.366836e-01 1.268270e-01 1.156357e-01 1.040355e-01 9.315230e-02 8.416183e-02 7.737300e-02 7.240704e-02 6.872106e-02 6.546692e-02 6.170796e-02 5.669576e-02 5.052307e-02 4.374031e-02 3.721106e-02 3.157920e-02 2.693439e-02 2.324752e-02 2.025129e-02 1.767898e-02 1.527210e-02 1.284859e-02 1.041566e-02 8.103402e-03 6.131931e-03 4.563935e-03 3.403994e-03 2.597017e-03 2.029035e-03 1.616686e-03 1.289030e-03 9.933602e-04 7.281012e-04 4.974664e-04 3.172795e-04 1.977956e-04 1.207088e-04 7.630428e-05 5.206067e-05 3.616747e-05 2.697298e-05 1.832181e-05 1.189718e-05 6.997351e-06 4.073847e-06 2.504524e-06 1.458001e-06 9.024869e-07 5.059721e-07 2.726343e-07 1.290013e-07 5.655783e-08 2.560952e-08
9.801974e-06 4.220304e-06 2.928085e-06 1.259285e-05 1.145928e-05 3.983092e-06 2.751234e-06 2.895647e-06 5.230735e-06 8.237013e-06 1.080050e-05 1.418922e-05 1.987800e-05 3.053177e-05 4.924271e-05 7.227102e-05 8.784952e-05 9.463760e-05 9.392262e-05 9.295716e-05 9.061018e-05 9.673461e-05 1.084222e-04 1.319527e-04 1.762329e-04 2.224444e-04 2.695479e-04 2.978826e-04 3.225564e-04 3.580951e-04 3.983103e-04 4.722382e-04 5.730747e-04 6.946075e-04 8.159285e-04 9.641444e-04 1.220650e-03 1.556608e-03 1.966408e-03 2.603798e-03 3.373333e-03 4.162060e-03 5.280745e-03 6.224916e-03 6.450230e-03 6.945693e-03 7.917373e-03 8.902776e-03 1.055500e-02 1.305229e-02 1.559860e-02 1.816051e-02 2.157622e-02 2.554976e-02 2.812041e-02 2.944284e-02 3.212371e-02 3.642093e-02 4.148372e-02 4.813964e-02 5.652389e-02 6.556292e-02 7.499251e-02 8.527626e-02 9.625356e-02 1.074506e-01 1.191432e-01 1.318868e-01 1.453631e-01 1.576862e-01 1.661674e-01 1.696688e-01 1.706528e-01 1.734790e-01 1.805279e-01 1.919321e-01 2.066117e-01 2.233673e-01 2.413317e-01 2.593476e-01 2.765525e-01 2.926835e-01 3.074870e-01 3.204475e-01 3.310155e-01 3.391972e-01 3.453741e-01 3.498951e-01 3.535928e-01 3.576632e-01 3.625564e-01 3.677909e-01 3.725716e-01 3.765161e-01 3.802618e-01 3.844322e-01 3.883623e-01 3.909477e-01 3.917779e-01 3.915077e-01 3.914878e-01 3.929092e-01 3.961709e-01 3.993004e-01 3.999330e-01 3.973800e-01 3.922202e-01 3.862666e-01 3.804339e-01 3.744973e-01 3.678535e-01 3.601339e-01 3.515023e-01 3.420495e-01 3.315581e-01 3.199148e-01 3.074682e-01 2.950630e-01 2.835068e-01 2.730466e-01 2.632159e-01 2.530898e-01 2.417952e-01 2.291657e-01 2.159176e-01 2.031684e-01 1.918181e-01 1.819364e-01 1.729991e-01 1.640371e-01 1.540253e-01 1.423559e-01 1.293525e-01 1.164541e-01 1.049331e-01 9.567291e-02 8.871688e-02 8.351368e-02 7.928281e-02 7.498097e-02 6.978055e-02 6.316992e-02 5.570162e-02 4.823039e-02 4.158609e-02 3.620286e-02 3.190543e-02 2.853618e-02 2.566414e-02 2.298074e-02 2.031250e-02 1.747262e-02 1.462023e-02 1.185032e-02 9.419446e-03 7.445332e-03 5.882432e-03 4.739020e-03 3.867517e-03 3.144031e-03 2.515530e-03 1.928343e-03 1.401822e-03 9.625086e-04 6.327321e-04 4.073657e-04 2.652025e-04 1.761142e-04 1.230576e-04 8.862241e-05 6.424773e-05 4.598715e-05 2.980753e-05 1.809379e-05 1.040751e-05 6.224526e-06 3.865740e-06 2.356870e-06 1.494128e-06 8.986764e-07 4.925832e-07 2.477638e-07 1.049037e-07 4.635800e-08 1.949993e-08
7.428423e-06 3.484420e-06 2.790634e-06 2.722918e-06 4.530958e-06 5.760522e-06 7.855683e-06 1.020863e-05 7.595547e-06 5.025093e-06 5.645612e-06 9.663445e-06 1.565365e-05 2.107690e-05 2.408007e-05 2.838432e-05 3.771073e-05 5.063039e-05 6.477998e-05 7.094632e-05 6.901086e-05 6.426210e-05 6.688776e-05 8.124978e-05 1.046533e-04 1.375804e-04 1.582769e-04 1.717038e-04 1.896358e-04 2.145010e-04 2.600311e-04 3.153762e-04 3.880602e-04 4.845521e-04 6.253546e-04 8.024655e-04 9.951644e-04 1.262940e-03 1.683098e-03 2.167460e-03 2.724390e-03 3.503164e-03 4.369899e-03 5.513872e-03 7.152212e-03 8.546563e-03 9.566981e-03 1.101890e-02 1.276084e-02 1.446387e-02 1.657249e-02 1.903777e-02 2.166421e-02 2.525107e-02 3.010847e-02 3.472909e-02 3.789236e-02 4.056143e-02 4.443735e-02 4.952972e-02 5.536997e-02 6.289905e-02 7.237947e-02 8.292804e-02 9.457052e-02 1.066193e-01 1.173503e-01 1.265454e-01 1.352942e-01 1.449525e-01 1.570649e-01 1.720165e-01 1.869690e-01 1.988107e-01 2.082568e-01 2.171281e-01 2.260756e-01 2.359562e-01 2.478703e-01 2.619003e-01 2.778948e-01 2.956261e-01 3.142087e-01 3.321347e-01 3.469106e-01 3.559257e-01 3.585431e-01 3.571745e-01 3.559493e-01 3.573397e-01 3.609980e-01 3.655950e-01 3.702433e-01 3.746143e-01 3.785569e-01 3.817663e-01 3.841999e-01 3.862399e-01 3.881888e-01 3.907318e-01 3.944725e-01 3.986067e-01 4.019512e-01 4.032309e-01 4.022512e-01 3.998495e-01 3.963784e-01 3.922685e-01 3.874164e-01 3.816908e-01 3.751194e-01 3.675220e-01 3.588624e-01 3.492739e-01 3.390541e-01 3.285274e-01 3.177852e-01 3.066323e-01 2.946889e-01 2.815562e-01 2.671667e-01 2.521324e-01 2.376284e-01 2.247676e-01 2.140833e-01 2.053115e-01 1.975168e-01 1.892364e-01 1.790760e-01 1.665128e-01 1.524308e-01 1.386801e-01 1.265948e-01 1.168902e-01 1.093056e-01 1.031220e-01 9.757703e-02 9.145728e-02 8.412547e-02 7.551699e-02 6.644704e-02 5.787143e-02 5.059460e-02 4.491438e-02 4.042219e-02 3.695541e-02 3.394639e-02 3.091763e-02 2.775856e-02 2.430538e-02 2.081590e-02 1.752402e-02 1.457124e-02 1.212673e-02 1.009753e-02 8.440710e-03 7.085132e-03 5.844991e-03 4.674883e-03 3.596400e-03 2.630906e-03 1.853146e-03 1.268624e-03 8.657112e-04 5.957199e-04 4.196949e-04 3.041857e-04 2.217075e-04 1.602137e-04 1.106498e-04 7.155590e-05 4.289907e-05 2.449212e-05 1.426581e-05 8.389924e-06 5.696944e-06 3.732373e-06 2.497651e-06 1.555193e-06 8.719781e-07 4.596556e-07 2.032818e-07 9.387085e-08 3.906687e-08 1.953255e-08
1.284022e-06 2.827694e-06 6.692700e-06 4.452474e-06 3.636270e-06 4.591038e-06 5.369515e-06 5.151798e-06 5.944894e-06 8.767154e-06 1.165406e-05 1.362535e-05 1.391909e-05 1.378270e-05 1.595962e-05 2.308776e-05 3.296390e-05 4.436547e-05 5.686784e-05 7.107900e-05 8.551769e-05 9.946541e-05 1.110982e-04 1.063192e-04 1.038335e-04 1.097002e-04 1.281580e-04 1.505584e-04 1.711440e-04 1.962326e-04 2.278074e-04 2.735157e-04 3.489209e-04 4.690707e-04 6.338235e-04 8.401792e-04 1.106815e-03 1.453437e-03 1.910659e-03 2.565385e-03 3.326186e-03 3.998396e-03 4.857279e-03 6.077183e-03 7.690061e-03 9.951558e-03 1.239849e-02 1.421829e-02 1.542122e-02 1.671902e-02 1.865698e-02 2.113082e-02 2.379394e-02 2.655689e-02 2.964958e-02 3.394277e-02 3.965550e-02 4.567322e-02 5.070582e-02 5.529472e-02 6.076356e-02 6.718025e-02 7.468403e-02 8.352321e-02 9.317237e-02 1.028699e-01 1.121381e-01 1.208630e-01 1.303921e-01 1.432413e-01 1.589576e-01 1.742118e-01 1.888857e-01 2.053585e-01 2.221564e-01 2.356216e-01 2.451993e-01 2.521518e-01 2.580760e-01 2.654279e-01 2.763990e-01 2.908436e-01 3.071935e-01 3.241511e-01 3.392647e-01 3.491839e-01 3.529993e-01 3.531069e-01 3.526848e-01 3.532309e-01 3.549227e-01 3.582038e-01 3.629179e-01 3.673257e-01 3.700712e-01 3.718299e-01 3.742569e-01 3.783029e-01 3.837265e-01 3.897012e-01 3.951801e-01 3.994613e-01 4.028996e-01 4.051704e-01 4.056183e-01 4.039405e-01 3.999161e-01 3.945194e-01 3.886404e-01 3.825411e-01 3.761010e-01 3.690562e-01 3.614352e-01 3.533207e-01 3.446495e-01 3.352279e-01 3.247003e-01 3.127896e-01 2.995098e-01 2.854067e-01 2.714412e-01 2.586773e-01 2.478215e-01 2.390030e-01 2.315643e-01 2.236746e-01 2.129993e-01 1.986438e-01 1.822173e-01 1.664687e-01 1.531487e-01 1.427891e-01 1.348064e-01 1.281093e-01 1.216207e-01 1.141251e-01 1.051329e-01 9.487179e-02 8.448748e-02 7.495093e-02 6.686031e-02 6.054771e-02 5.550040e-02 5.146351e-02 4.777226e-02 4.381617e-02 3.959316e-02 3.502033e-02 3.055098e-02 2.642143e-02 2.268908e-02 1.952800e-02 1.680093e-02 1.439294e-02 1.226573e-02 1.023302e-02 8.283702e-03 6.471238e-03 4.874789e-03 3.584823e-03 2.598326e-03 1.893786e-03 1.401012e-03 1.043671e-03 7.869908e-04 5.811366e-04 4.131356e-04 2.810759e-04 1.776732e-04 1.072481e-04 6.164669e-05 3.510272e-05 2.087979e-05 1.308345e-05 8.761310e-06 6.237752e-06 4.291435e-06 2.726279e-06 1.544463e-06 8.440534e-07 3.947442e-07 1.916414e-07 8.122601e-08 3.793620e-08 1.681839e-08
6.891053e-08 1.616604e-06 2.172987e-06 4.409698e-06 8.775685e-06 1.443612e-05 1.565433e-05 1.230815e-05 1.365374e-05 1.749525e-05 1.736152e-05 1.600196e-05 1.877411e-05 2.278662e-05 2.529175e-05 2.671094e-05 3.390205e-05 4.871209e-05 7.156746e-05 9.527416e-05 1.139143e-04 1.377502e-04 1.540405e-04 1.619773e-04 1.564179e-04 1.515424e-04 1.528672e-04 1.632984e-04 1.851284e-04 2.137891e-04 2.596663e-04 3.372560e-04 4.472285e-04 5.900859e-04 7.604618e-04 9.766348e-04 1.263827e-03 1.621854e-03 2.032745e-03 2.510712e-03 3.236598e-03 4.302103e-03 5.482887e-03 6.695479e-03 8.147436e-03 9.879133e-03 1.202362e-02 1.443120e-02 1.669051e-02 1.864562e-02 2.024160e-02 2.200036e-02 2.408260e-02 2.608316e-02 2.855669e-02 3.233176e-02 3.771510e-02 4.510588e-02 5.370299e-02 6.174587e-02 6.854028e-02 7.405484e-02 7.848366e-02 8.284140e-02 8.788174e-02 9.366971e-02 1.020911e-01 1.147638e-01 1.298413e-01 1.452426e-01 1.609649e-01 1.769078e-01 1.918553e-01 2.051263e-01 2.175268e-01 2.298730e-01 2.423740e-01 2.550685e-01 2.672346e-01 2.773747e-01 2.857943e-01 2.949700e-01 3.064894e-01 3.195674e-01 3.322632e-01 3.434213e-01 3.530681e-01 3.606296e-01 3.646530e-01 3.650768e-01 3.636437e-01 3.619448e-01 3.608678e-01 3.612247e-01 3.637659e-01 3.687287e-01 3.757479e-01 3.837592e-01 3.911093e-01 3.967462e-01 4.007228e-01 4.033447e-01 4.050142e-01 4.052022e-01 4.035561e-01 4.004766e-01 3.961218e-01 3.909762e-01 3.851356e-01 3.786282e-01 3.715847e-01 3.640059e-01 3.559792e-01 3.473189e-01 3.375853e-01 3.265262e-01 3.143407e-01 3.017764e-01 2.897499e-01 2.791129e-01 2.702906e-01 2.631640e-01 2.567257e-01 2.490079e-01 2.377205e-01 2.220789e-01 2.041101e-01 1.869553e-01 1.727105e-01 1.619665e-01 1.540713e-01 1.478560e-01 1.419705e-01 1.348420e-01 1.258312e-01 1.151200e-01 1.038995e-01 9.346177e-02 8.445176e-02 7.706516e-02 7.078995e-02 6.522111e-02 5.958826e-02 5.363156e-02 4.767694e-02 4.174545e-02 3.642995e-02 3.189145e-02 2.797819e-02 2.474197e-02 2.195060e-02 1.934914e-02 1.689895e-02 1.445521e-02 1.202124e-02 9.741023e-03 7.684056e-03 5.989631e-03 4.659266e-03 3.619284e-03 2.854623e-03 2.241228e-03 1.738894e-03 1.318423e-03 9.440461e-04 6.405188e-04 4.103259e-04 2.499692e-04 1.500598e-04 8.994101e-05 5.482533e-05 3.517883e-05 2.293269e-05 1.591505e-05 1.122296e-05 7.271417e-06 4.394360e-06 2.439372e-06 1.356544e-06 6.990086e-07 3.659661e-07 1.688244e-07 7.610656e-08 3.192222e-08 1.358551e-08
8.651818e-09 2.831988e-07 1.555849e-06 2.627733e-06 3.205083e-06 3.635845e-06 7.661164e-06 2.073188e-05 3.063342e-05 3.126244e-05 2.620438e-05 1.951504e-05 1.734659e-05 1.878502e-05 2.090509e-05 2.333050e-05 2.665874e-05 3.071545e-05 3.714077e-05 4.641388e-05 6.011254e-05 7.424628e-05 9.417115e-05 1.134351e-04 1.376090e-04 1.545967e-04 1.641548e-04 1.811503e-04 2.097228e-04 2.601719e-04 3.419740e-04 4.736461e-04 6.755819e-04 9.284626e-04 1.150273e-03 1.291206e-03 1.387878e-03 1.501541e-03 1.711922e-03 2.082476e-03 2.604444e-03 3.306333e-03 4.209174e-03 5.254953e-03 6.364304e-03 7.531222e-03 8.868178e-03 1.046785e-02 1.254125e-02 1.498277e-02 1.741373e-02 1.971468e-02 2.209624e-02 2.534470e-02 2.929020e-02 3.291744e-02 3.689518e-02 4.216059e-02 4.918975e-02 5.784250e-02 6.618673e-02 7.277215e-02 7.839977e-02 8.354998e-02 8.842417e-02 9.456660e-02 1.025810e-01 1.124924e-01 1.254829e-01 1.414761e-01 1.582302e-01 1.738401e-01 1.879167e-01 2.006944e-01 2.129634e-01 2.260050e-01 2.400360e-01 2.535902e-01 2.655199e-01 2.759217e-01 2.856772e-01 2.958617e-01 3.073735e-01 3.207096e-01 3.349214e-01 3.472566e-01 3.553912e-01 3.594545e-01 3.614659e-01 3.630733e-01 3.639841e-01 3.633467e-01 3.622952e-01 3.633446e-01 3.677607e-01 3.746809e-01 3.821780e-01 3.885968e-01 3.932102e-01 3.967551e-01 4.004206e-01 4.043746e-01 4.082168e-01 4.108213e-01 4.113995e-01 4.097587e-01 4.053925e-01 3.986345e-01 3.901751e-01 3.808786e-01 3.713422e-01 3.615032e-01 3.513018e-01 3.407041e-01 3.297638e-01 3.188416e-01 3.083796e-01 2.987975e-01 2.902655e-01 2.825559e-01 2.746294e-01 2.648794e-01 2.521924e-01 2.369878e-01 2.210861e-01 2.064041e-01 1.940562e-01 1.841539e-01 1.759190e-01 1.682540e-01 1.601963e-01 1.511423e-01 1.411549e-01 1.305284e-01 1.199380e-01 1.101919e-01 1.017448e-01 9.458698e-02 8.794806e-02 8.133902e-02 7.409397e-02 6.605779e-02 5.799218e-02 5.024187e-02 4.356057e-02 3.813100e-02 3.363468e-02 2.998000e-02 2.683955e-02 2.392062e-02 2.108507e-02 1.829226e-02 1.557872e-02 1.304698e-02 1.078808e-02 8.834017e-03 7.239553e-03 5.944133e-03 4.877375e-03 3.990530e-03 3.179462e-03 2.449454e-03 1.815889e-03 1.274976e-03 8.615740e-04 5.648708e-04 3.608888e-04 2.343490e-04 1.521432e-04 1.011002e-04 6.757490e-05 4.400119e-05 2.829348e-05 1.806730e-05 1.103963e-05 6.339728e-06 3.666582e-06 2.068361e-06 1.189168e-06 6.458271e-07 3.401987e-07 1.539778e-07 6.776022e-08 2.733584e-08 1.223684e-08
3.866730e-08 5.631094e-08 5.951391e-08 1.969801e-07 6.239223e-07 2.039895e-06 3.485211e-06 4.699984e-06 7.170143e-06 1.086505e-05 1.559834e-05 2.008939e-05 1.854540e-05 1.287313e-05 1.049105e-05 1.040297e-05 1.268093e-05 1.535569e-05 1.843557e-05 2.443415e-05 3.327683e-05 4.636953e-05 6.318453e-05 8.550208e-05 1.193590e-04 1.598847e-04 2.059689e-04 2.478835e-04 2.957718e-04 3.666500e-04 4.812482e-04 6.542095e-04 9.132639e-04 1.231975e-03 1.500183e-03 1.590812e-03 1.558993e-03 1.602443e-03 1.766932e-03 2.008242e-03 2.325211e-03 2.691192e-03 3.176089e-03 3.958499e-03 4.955925e-03 5.962317e-03 7.031504e-03 8.415182e-03 1.021293e-02 1.209996e-02 1.418835e-02 1.708588e-02 2.084181e-02 2.505944e-02 2.945629e-02 3.416363e-02 3.916342e-02 4.400731e-02 4.898534e-02 5.460152e-02 6.095486e-02 6.866344e-02 7.718963e-02 8.536008e-02 9.333273e-02 1.009670e-01 1.082085e-01 1.157132e-01 1.240683e-01 1.338561e-01 1.454483e-01 1.587187e-01 1.734748e-01 1.904421e-01 2.098817e-01 2.281467e-01 2.410283e-01 2.493017e-01 2.569473e-01 2.663234e-01 2.779379e-01 2.926064e-01 3.101741e-01 3.276298e-01 3.414518e-01 3.505000e-01 3.553356e-01 3.568798e-01 3.564226e-01 3.559095e-01 3.575707e-01 3.627744e-01 3.706949e-01 3.784385e-01 3.835496e-01 3.861706e-01 3.883649e-01 3.917222e-01 3.959700e-01 4.000194e-01 4.031671e-01 4.053610e-01 4.072004e-01 4.081890e-01 4.072695e-01 4.040065e-01 3.984532e-01 3.918307e-01 3.850984e-01 3.785241e-01 3.717132e-01 3.636555e-01 3.538962e-01 3.428230e-01 3.313086e-01 3.201839e-01 3.098976e-01 3.005730e-01 2.916254e-01 2.817627e-01 2.698092e-01 2.558699e-01 2.413391e-01 2.278623e-01 2.164863e-01 2.072307e-01 1.991736e-01 1.906985e-01 1.806334e-01 1.693233e-01 1.577286e-01 1.464552e-01 1.360471e-01 1.269341e-01 1.190996e-01 1.123067e-01 1.057341e-01 9.866873e-02 9.066132e-02 8.178243e-02 7.268400e-02 6.394825e-02 5.643989e-02 5.017263e-02 4.488501e-02 4.049689e-02 3.648538e-02 3.262429e-02 2.886213e-02 2.514263e-02 2.164834e-02 1.844565e-02 1.559523e-02 1.314524e-02 1.108436e-02 9.368220e-03 7.903421e-03 6.590369e-03 5.385897e-03 4.261000e-03 3.242526e-03 2.398559e-03 1.710107e-03 1.208895e-03 8.468137e-04 5.918155e-04 4.145250e-04 2.853230e-04 1.938226e-04 1.260243e-04 7.942154e-05 4.709236e-05 2.676365e-05 1.480694e-05 8.587280e-06 5.246176e-06 3.181780e-06 2.011849e-06 1.122972e-06 6.237459e-07 2.851550e-07 1.310268e-07 5.327713e-08 2.418170e-08 1.119849e-08
5.806261e-09 2.363739e-07 1.937911e-07 1.717301e-07 3.799592e-07 4.177338e-07 8.420018e-07 2.444593e-06 3.642207e-06 4.975049e-06 7.789479e-06 1.247449e-05 1.734156e-05 2.099804e-05 2.069342e-05 1.993481e-05 2.124143e-05 2.681256e-05 3.415107e-05 4.234555e-05 5.250260e-05 6.649068e-05 8.819752e-05 1.254518e-04 1.709572e-04 2.356558e-04 3.179824e-04 4.166383e-04 5.236900e-04 6.199083e-04 7.116167e-04 8.285691e-04 9.869732e-04 1.181215e-03 1.423360e-03 1.699866e-03 2.013630e-03 2.288263e-03 2.523859e-03 2.816071e-03 3.085393e-03 3.426361e-03 3.931323e-03 4.391835e-03 5.006632e-03 6.138807e-03 7.605088e-03 9.034863e-03 1.034775e-02 1.212077e-02 1.445727e-02 1.703395e-02 2.032860e-02 2.441126e-02 2.899026e-02 3.445328e-02 4.054948e-02 4.634791e-02 5.113395e-02 5.568809e-02 6.196800e-02 6.996666e-02 7.900928e-02 8.998152e-02 1.024085e-01 1.141530e-01 1.234030e-01 1.299025e-01 1.349026e-01 1.402465e-01 1.477212e-01 1.577848e-01 1.700421e-01 1.841198e-01 1.991920e-01 2.143763e-01 2.295634e-01 2.441778e-01 2.570215e-01 2.679293e-01 2.782527e-01 2.894839e-01 3.020931e-01 3.154561e-01 3.278842e-01 3.371315e-01 3.423983e-01 3.455283e-01 3.494237e-01 3.554076e-01 3.625752e-01 3.693687e-01 3.753090e-01 3.810630e-01 3.871211e-01 3.928305e-01 3.972009e-01 3.998601e-01 4.009188e-01 4.014148e-01 4.027974e-01 4.052639e-01 4.078328e-01 4.084781e-01 4.060037e-01 4.009194e-01 3.941702e-01 3.871020e-01 3.801341e-01 3.729446e-01 3.652213e-01 3.568076e-01 3.480140e-01 3.393539e-01 3.312475e-01 3.237016e-01 3.159185e-01 3.066895e-01 2.951373e-01 2.816968e-01 2.679618e-01 2.555413e-01 2.451618e-01 2.364772e-01 2.283216e-01 2.192273e-01 2.082327e-01 1.954401e-01 1.817125e-01 1.681851e-01 1.559186e-01 1.454512e-01 1.365744e-01 1.286545e-01 1.208538e-01 1.125542e-01 1.033924e-01 9.374106e-02 8.451962e-02 7.611380e-02 6.911951e-02 6.337786e-02 5.837001e-02 5.400710e-02 4.963338e-02 4.508519e-02 4.044621e-02 3.566673e-02 3.107398e-02 2.683988e-02 2.304046e-02 1.976613e-02 1.690272e-02 1.441098e-02 1.220763e-02 1.019455e-02 8.354167e-03 6.704279e-03 5.253833e-03 4.044121e-03 3.075311e-03 2.316715e-03 1.743792e-03 1.307306e-03 9.704077e-04 7.073150e-04 5.014678e-04 3.369731e-04 2.184809e-04 1.353913e-04 8.010059e-05 4.760458e-05 2.717219e-05 1.616032e-05 9.559792e-06 5.726110e-06 3.539511e-06 2.049677e-06 1.111715e-06 5.292100e-07 2.458578e-07 1.066930e-07 4.712858e-08 2.140668e-08 1.016581e-08
1.054470e-06 9.154211e-07 6.229306e-06 2.366836e-06 9.245264e-07 1.512449e-06 1.704222e-06 1.517287e-06 2.233235e-06 4.698792e-06 8.357300e-06 1.236302e-05 1.906851e-05 3.159475e-05 4.782339e-05 5.816669e-05 6.554333e-05 7.280984e-05 8.097772e-05 8.789506e-05 9.628331e-05 1.120379e-04 1.452212e-04 1.772732e-04 2.285235e-04 2.965627e-04 3.887450e-04 5.184737e-04 6.028360e-04 6.418464e-04 6.783871e-04 7.417594e-04 8.360518e-04 9.902584e-04 1.202631e-03 1.462139e-03 1.757596e-03 2.178943e-03 2.701699e-03 3.286847e-03 4.104967e-03 4.904547e-03 5.244399e-03 5.594170e-03 6.334024e-03 7.168867e-03 8.184350e-03 9.609804e-03 1.118767e-02 1.292011e-02 1.529668e-02 1.830346e-02 2.123897e-02 2.376730e-02 2.674030e-02 3.046146e-02 3.480007e-02 4.053569e-02 4.764330e-02 5.480139e-02 6.172382e-02 6.958197e-02 7.946632e-02 9.115315e-02 1.031169e-01 1.144576e-01 1.260081e-01 1.375769e-01 1.471350e-01 1.542365e-01 1.601610e-01 1.656999e-01 1.716825e-01 1.793874e-01 1.902848e-01 2.049513e-01 2.220864e-01 2.397281e-01 2.566353e-01 2.722823e-01 2.859375e-01 2.966568e-01 3.052115e-01 3.137105e-01 3.227450e-01 3.313852e-01 3.392259e-01 3.467111e-01 3.536911e-01 3.599575e-01 3.664136e-01 3.738016e-01 3.812307e-01 3.869447e-01 3.903841e-01 3.929237e-01 3.963345e-01 4.007775e-01 4.046113e-01 4.067239e-01 4.074514e-01 4.075541e-01 4.078066e-01 4.077883e-01 4.066175e-01 4.037797e-01 3.988346e-01 3.922739e-01 3.844132e-01 3.754902e-01 3.661757e-01 3.572866e-01 3.496862e-01 3.435518e-01 3.380727e-01 3.317712e-01 3.233809e-01 3.129907e-01 3.018256e-01 2.912470e-01 2.818371e-01 2.730808e-01 2.637125e-01 2.525435e-01 2.391765e-01 2.242127e-01 2.088222e-01 1.942448e-01 1.812466e-01 1.697392e-01 1.590099e-01 1.483188e-01 1.372394e-01 1.257280e-01 1.140258e-01 1.027102e-01 9.261731e-02 8.419447e-02 7.761241e-02 7.241609e-02 6.810424e-02 6.431406e-02 6.024035e-02 5.574020e-02 5.079453e-02 4.544653e-02 4.024337e-02 3.536471e-02 3.095191e-02 2.710731e-02 2.364842e-02 2.048025e-02 1.756987e-02 1.483213e-02 1.228948e-02 9.997195e-03 7.999482e-03 6.321885e-03 4.958607e-03 3.892460e-03 3.060322e-03 2.384244e-03 1.857064e-03 1.406172e-03 1.046495e-03 7.505853e-04 5.142301e-04 3.473005e-04 2.225524e-04 1.434500e-04 9.181981e-05 5.740154e-05 3.699757e-05 2.243256e-05 1.362796e-05 7.449563e-06 3.986971e-06 2.082951e-06 1.066922e-06 4.998842e-07 2.395717e-07 1.050509e-07 4.934266e-08 2.054348e-08 9.292112e-09
1.324529e-05 5.799547e-06 3.889267e-06 1.418684e-05 1.483497e-05 4.484140e-06 2.892688e-06 3.119848e-06 5.512738e-06 8.238367e-06 1.004352e-05 1.301571e-05 1.842524e-05 3.045945e-05 4.713130e-05 6.773431e-05 8.233517e-05 8.936671e-05 8.757296e-05 8.551380e-05 8.179836e-05 8.168250e-05 8.182164e-05 1.056559e-04 1.419131e-04 1.972525e-04 2.570052e-04 2.858783e-04 3.215816e-04 3.572116e-04 3.933570e-04 4.538440e-04 5.416187e-04 6.473485e-04 7.702633e-04 9.412525e-04 1.173995e-03 1.457315e-03 1.860968e-03 2.489181e-03 3.179204e-03 3.953171e-03 5.193393e-03 6.295422e-03 6.687537e-03 7.123600e-03 7.907870e-03 8.962265e-03 1.069547e-02 1.311735e-02 1.550311e-02 1.785913e-02 2.112109e-02 2.522319e-02 2.853201e-02 3.060437e-02 3.330035e-02 3.723025e-02 4.218880e-02 4.895718e-02 5.733448e-02 6.664045e-02 7.666434e-02 8.725852e-02 9.901262e-02 1.117511e-01 1.244806e-01 1.374017e-01 1.507810e-01 1.630442e-01 1.723114e-01 1.782729e-01 1.830688e-01 1.899585e-01 1.997604e-01 2.115303e-01 2.251597e-01 2.411022e-01 2.584954e-01 2.752869e-01 2.903849e-01 3.045294e-01 3.185587e-01 3.313569e-01 3.405689e-01 3.455736e-01 3.483339e-01 3.514296e-01 3.562163e-01 3.626221e-01 3.697871e-01 3.768512e-01 3.835272e-01 3.897251e-01 3.952202e-01 3.996992e-01 4.027844e-01 4.044757e-01 4.051079e-01 4.054442e-01 4.060955e-01 4.069997e-01 4.081591e-01 4.088368e-01 4.080979e-01 4.052517e-01 3.996740e-01 3.920631e-01 3.834455e-01 3.746902e-01 3.663885e-01 3.585808e-01 3.511003e-01 3.433695e-01 3.346787e-01 3.250273e-01 3.152376e-01 3.064221e-01 2.990023e-01 2.923229e-01 2.848279e-01 2.749215e-01 2.620734e-01 2.471416e-01 2.317345e-01 2.173344e-01 2.046317e-01 1.931629e-01 1.818659e-01 1.698896e-01 1.571131e-01 1.439071e-01 1.308157e-01 1.185828e-01 1.078256e-01 9.874444e-02 9.125520e-02 8.478335e-02 7.876454e-02 7.300874e-02 6.695341e-02 6.060953e-02 5.427644e-02 4.816291e-02 4.276144e-02 3.810498e-02 3.413862e-02 3.080652e-02 2.777269e-02 2.490968e-02 2.214487e-02 1.937695e-02 1.668669e-02 1.412256e-02 1.175691e-02 9.683573e-03 7.901762e-03 6.417439e-03 5.210910e-03 4.173732e-03 3.297562e-03 2.563365e-03 1.922877e-03 1.422394e-03 1.012637e-03 7.100900e-04 4.894908e-04 3.279977e-04 2.238306e-04 1.462202e-04 9.647162e-05 6.150227e-05 3.766184e-05 2.222919e-05 1.208520e-05 6.388078e-06 3.374542e-06 1.856874e-06 9.511465e-07 5.119291e-07 2.322026e-07 1.118477e-07 4.427412e-08 1.967983e-08 7.507987e-09
9.847880e-06 4.743026e-06 3.389154e-06 3.162615e-06 4.702863e-06 5.580121e-06 7.380452e-06 8.855152e-06 6.529705e-06 4.560778e-06 5.210744e-06 9.111332e-06 1.502840e-05 1.908102e-05 2.074641e-05 2.507675e-05 3.391932e-05 4.531192e-05 5.445817e-05 5.874127e-05 5.807682e-05 5.483449e-05 5.498065e-05 6.569596e-05 9.300779e-05 1.284988e-04 1.552264e-04 1.792614e-04 1.983813e-04 2.239245e-04 2.643593e-04 3.061039e-04 3.637061e-04 4.635549e-04 5.996461e-04 7.616181e-04 9.551597e-04 1.244462e-03 1.650009e-03 2.070061e-03 2.622044e-03 3.468305e-03 4.401468e-03 5.533303e-03 6.929541e-03 8.043921e-03 9.034205e-03 1.050286e-02 1.235022e-02 1.421689e-02 1.632839e-02 1.896784e-02 2.208467e-02 2.603897e-02 3.061142e-02 3.478366e-02 3.807784e-02 4.096928e-02 4.496013e-02 5.063029e-02 5.728991e-02 6.519414e-02 7.475990e-02 8.540509e-02 9.725730e-02 1.101271e-01 1.225427e-01 1.335893e-01 1.438277e-01 1.546903e-01 1.670949e-01 1.810495e-01 1.955060e-01 2.085619e-01 2.192863e-01 2.288276e-01 2.390472e-01 2.504646e-01 2.623007e-01 2.745566e-01 2.888593e-01 3.056743e-01 3.229667e-01 3.384108e-01 3.504720e-01 3.578098e-01 3.597496e-01 3.579409e-01 3.566690e-01 3.595878e-01 3.664456e-01 3.747222e-01 3.823377e-01 3.885707e-01 3.939881e-01 3.990013e-01 4.030056e-01 4.052686e-01 4.055774e-01 4.050305e-01 4.056483e-01 4.082059e-01 4.117389e-01 4.138255e-01 4.127389e-01 4.083899e-01 4.014117e-01 3.935068e-01 3.860052e-01 3.792792e-01 3.728671e-01 3.657364e-01 3.573609e-01 3.480785e-01 3.387645e-01 3.302674e-01 3.226615e-01 3.152991e-01 3.070109e-01 2.967987e-01 2.846243e-01 2.714149e-01 2.584603e-01 2.465880e-01 2.357343e-01 2.251733e-01 2.139568e-01 2.012570e-01 1.869485e-01 1.716021e-01 1.563494e-01 1.424261e-01 1.304642e-01 1.204167e-01 1.118372e-01 1.041663e-01 9.681755e-02 8.930819e-02 8.138885e-02 7.334937e-02 6.545460e-02 5.812002e-02 5.179124e-02 4.634623e-02 4.177170e-02 3.796675e-02 3.446347e-02 3.122281e-02 2.814295e-02 2.505458e-02 2.206980e-02 1.924708e-02 1.658999e-02 1.419711e-02 1.206092e-02 1.012896e-02 8.462206e-03 6.985275e-03 5.651063e-03 4.521766e-03 3.517240e-03 2.684832e-03 2.006673e-03 1.467862e-03 1.064291e-03 7.519461e-04 5.272873e-04 3.597878e-04 2.375244e-04 1.539228e-04 9.451412e-05 5.719502e-05 3.272491e-05 1.834522e-05 9.782711e-06 5.241639e-06 2.997269e-06 1.707400e-06 9.764323e-07 4.845375e-07 2.304478e-07 9.128971e-08 3.803578e-08 1.442023e-08 6.249631e-09
1.334385e-06 2.810542e-06 6.514339e-06 4.051794e-06 3.193754e-06 3.799739e-06 4.514506e-06 4.444951e-06 5.206426e-06 7.778061e-06 1.105858e-05 1.311253e-05 1.372379e-05 1.346280e-05 1.588028e-05 2.036538e-05 2.583716e-05 3.133325e-05 4.164487e-05 5.236781e-05 6.641839e-05 8.364236e-05 9.564414e-05 1.010784e-04 1.000088e-04 1.094886e-04 1.317291e-04 1.611003e-04 1.921257e-04 2.187862e-04 2.403827e-04 2.773188e-04 3.493700e-04 4.544178e-04 6.069763e-04 8.029087e-04 1.087386e-03 1.463297e-03 1.920906e-03 2.609772e-03 3.428771e-03 4.128220e-03 4.910619e-03 5.950733e-03 7.375256e-03 9.482350e-03 1.182003e-02 1.352748e-02 1.471458e-02 1.624606e-02 1.866416e-02 2.153409e-02 2.421970e-02 2.694545e-02 3.020470e-02 3.439917e-02 3.975135e-02 4.582769e-02 5.133133e-02 5.620005e-02 6.210393e-02 6.916959e-02 7.718690e-02 8.707527e-02 9.803965e-02 1.087334e-01 1.193393e-01 1.299207e-01 1.410619e-01 1.541978e-01 1.693421e-01 1.844845e-01 1.986092e-01 2.130919e-01 2.285266e-01 2.430537e-01 2.545798e-01 2.629813e-01 2.703063e-01 2.786577e-01 2.884533e-01 2.994997e-01 3.124734e-01 3.273440e-01 3.411779e-01 3.501343e-01 3.537736e-01 3.550735e-01 3.565468e-01 3.585914e-01 3.614664e-01 3.665369e-01 3.741338e-01 3.819706e-01 3.877370e-01 3.915181e-01 3.949864e-01 3.994492e-01 4.045693e-01 4.090612e-01 4.120381e-01 4.135046e-01 4.141515e-01 4.135859e-01 4.112387e-01 4.071789e-01 4.015406e-01 3.952405e-01 3.889165e-01 3.824946e-01 3.755936e-01 3.679484e-01 3.599749e-01 3.523326e-01 3.452816e-01 3.382976e-01 3.300822e-01 3.197047e-01 3.075996e-01 2.953295e-01 2.844804e-01 2.756124e-01 2.681806e-01 2.609266e-01 2.523861e-01 2.413641e-01 2.274129e-01 2.112882e-01 1.946316e-01 1.790047e-01 1.649908e-01 1.525966e-01 1.415013e-01 1.311395e-01 1.210323e-01 1.109496e-01 1.008068e-01 9.107221e-02 8.217804e-02 7.419663e-02 6.738855e-02 6.159537e-02 5.649680e-02 5.196743e-02 4.758620e-02 4.324980e-02 3.898703e-02 3.479007e-02 3.082282e-02 2.709231e-02 2.366719e-02 2.055586e-02 1.772371e-02 1.515843e-02 1.283135e-02 1.075566e-02 8.871187e-03 7.212830e-03 5.774349e-03 4.551771e-03 3.556466e-03 2.737640e-03 2.099950e-03 1.575950e-03 1.171097e-03 8.508912e-04 5.942057e-04 4.057811e-04 2.615956e-04 1.638034e-04 9.935718e-05 5.843734e-05 3.436670e-05 1.945000e-05 1.109781e-05 6.155837e-06 3.720207e-06 2.123643e-06 1.105194e-06 5.132867e-07 2.094252e-07 8.182758e-08 3.162840e-08 1.242103e-08 5.213815e-09
4.913102e-08 1.336409e-06 1.760687e-06 3.393439e-06 6.655209e-06 1.140015e-05 1.276738e-05 1.100396e-05 1.260312e-05 1.654558e-05 1.657507e-05 1.591391e-05 1.782610e-05 2.131710e-05 2.296178e-05 2.504119e-05 2.820690e-05 3.883876e-05 5.732232e-05 8.049826e-05 1.009702e-04 1.231033e-04 1.472306e-04 1.532124e-04 1.495136e-04 1.431323e-04 1.516281e-04 1.692839e-04 1.977504e-04 2.269407e-04 2.737987e-04 3.452851e-04 4.302475e-04 5.412333e-04 6.895216e-04 9.321786e-04 1.242424e-03 1.607129e-03 2.069024e-03 2.559200e-03 3.213196e-03 4.154770e-03 5.197219e-03 6.325618e-03 7.723915e-03 9.412478e-03 1.144030e-02 1.373472e-02 1.597162e-02 1.803971e-02 1.986250e-02 2.170369e-02 2.392471e-02 2.614514e-02 2.869684e-02 3.271833e-02 3.844269e-02 4.579673e-02 5.413855e-02 6.170642e-02 6.820219e-02 7.444562e-02 8.058275e-02 8.674474e-02 9.327163e-02 1.004887e-01 1.093481e-01 1.208666e-01 1.348897e-01 1.503783e-01 1.666921e-01 1.830142e-01 1.981236e-01 2.121298e-01 2.260768e-01 2.398462e-01 2.524845e-01 2.645409e-01 2.768376e-01 2.878836e-01 2.965471e-01 3.044488e-01 3.136041e-01 3.243190e-01 3.352774e-01 3.449488e-01 3.527189e-01 3.586349e-01 3.631427e-01 3.669666e-01 3.703058e-01 3.728384e-01 3.747928e-01 3.775726e-01 3.826377e-01 3.897195e-01 3.973854e-01 4.044617e-01 4.100897e-01 4.141675e-01 4.171043e-01 4.187094e-01 4.184038e-01 4.152442e-01 4.095300e-01 4.028572e-01 3.962060e-01 3.899487e-01 3.836463e-01 3.770463e-01 3.704447e-01 3.639204e-01 3.572510e-01 3.497598e-01 3.407530e-01 3.301814e-01 3.187949e-01 3.077645e-01 2.980146e-01 2.899362e-01 2.831905e-01 2.767332e-01 2.692060e-01 2.594395e-01 2.470839e-01 2.329645e-01 2.185996e-01 2.051502e-01 1.928691e-01 1.814923e-01 1.705797e-01 1.597741e-01 1.487914e-01 1.374820e-01 1.259869e-01 1.145635e-01 1.035488e-01 9.347780e-02 8.454271e-02 7.658366e-02 6.959395e-02 6.321920e-02 5.712513e-02 5.144517e-02 4.607389e-02 4.106411e-02 3.661200e-02 3.255332e-02 2.885951e-02 2.557160e-02 2.252488e-02 1.970689e-02 1.712409e-02 1.469669e-02 1.246084e-02 1.044251e-02 8.608877e-03 7.022849e-03 5.691220e-03 4.544381e-03 3.619105e-03 2.836484e-03 2.175654e-03 1.646340e-03 1.200624e-03 8.574880e-04 5.938470e-04 3.948493e-04 2.571860e-04 1.615264e-04 9.991196e-05 6.076808e-05 3.599423e-05 2.092202e-05 1.234095e-05 7.436977e-06 4.217272e-06 2.191088e-06 1.047064e-06 4.592091e-07 1.878529e-07 7.563887e-08 2.882014e-08 1.204207e-08 4.597339e-09
8.633972e-09 2.412746e-07 1.174706e-06 2.070920e-06 2.756910e-06 3.210462e-06 6.726008e-06 1.825388e-05 2.831209e-05 2.872363e-05 2.376745e-05 1.739019e-05 1.571513e-05 1.682416e-05 1.866977e-05 1.971587e-05 2.245226e-05 2.562093e-05 3.321240e-05 4.344809e-05 5.740002e-05 7.557098e-05 9.258735e-05 1.070420e-04 1.214690e-04 1.363075e-04 1.458413e-04 1.655251e-04 1.940198e-04 2.507770e-04 3.363401e-04 4.538117e-04 6.311676e-04 8.515900e-04 1.058093e-03 1.200721e-03 1.337603e-03 1.488452e-03 1.681772e-03 2.014312e-03 2.444739e-03 2.983649e-03 3.767402e-03 4.740859e-03 5.849109e-03 7.033075e-03 8.355019e-03 1.007999e-02 1.221781e-02 1.455508e-02 1.680522e-02 1.904338e-02 2.170753e-02 2.507654e-02 2.904393e-02 3.305495e-02 3.724473e-02 4.233995e-02 4.931335e-02 5.805206e-02 6.656751e-02 7.370701e-02 7.956088e-02 8.484411e-02 9.066627e-02 9.759524e-02 1.059406e-01 1.165051e-01 1.298159e-01 1.449773e-01 1.605603e-01 1.759748e-01 1.910944e-01 2.057344e-01 2.197973e-01 2.340118e-01 2.491781e-01 2.636386e-01 2.745596e-01 2.822156e-01 2.900374e-01 2.999288e-01 3.111199e-01 3.227261e-01 3.341429e-01 3.438282e-01 3.502290e-01 3.539410e-01 3.572994e-01 3.618962e-01 3.675240e-01 3.732522e-01 3.787630e-01 3.841738e-01 3.897843e-01 3.959029e-01 4.020688e-01 4.071763e-01 4.103710e-01 4.119764e-01 4.130452e-01 4.144199e-01 4.164934e-01 4.179088e-01 4.167583e-01 4.122058e-01 4.044232e-01 3.949398e-01 3.851529e-01 3.758123e-01 3.671404e-01 3.586860e-01 3.500856e-01 3.411824e-01 3.321789e-01 3.235504e-01 3.155784e-01 3.082416e-01 3.009636e-01 2.928818e-01 2.832063e-01 2.715919e-01 2.584346e-01 2.447545e-01 2.316415e-01 2.197960e-01 2.092649e-01 1.996122e-01 1.901394e-01 1.802910e-01 1.700750e-01 1.595577e-01 1.488171e-01 1.379500e-01 1.270634e-01 1.163816e-01 1.061954e-01 9.655479e-02 8.746593e-02 7.892572e-02 7.068726e-02 6.286201e-02 5.562063e-02 4.899350e-02 4.316735e-02 3.813492e-02 3.376468e-02 2.998561e-02 2.663018e-02 2.358520e-02 2.078147e-02 1.818774e-02 1.577780e-02 1.359838e-02 1.163406e-02 9.839134e-03 8.293793e-03 6.903093e-03 5.683988e-03 4.654975e-03 3.711185e-03 2.924644e-03 2.239343e-03 1.669750e-03 1.215191e-03 8.575426e-04 5.942310e-04 3.982491e-04 2.613431e-04 1.658866e-04 1.017057e-04 6.078387e-05 3.436233e-05 1.943525e-05 1.121475e-05 6.521135e-06 3.410144e-06 1.778102e-06 8.449119e-07 3.905924e-07 1.712318e-07 6.778793e-08 2.759770e-08 1.013779e-08 4.258856e-09
2.702991e-08 5.894487e-08 7.694878e-08 2.308665e-07 6.651121e-07 2.129196e-06 3.664468e-06 4.695390e-06 6.578998e-06 9.897191e-06 1.406487e-05 1.795730e-05 1.689502e-05 1.221087e-05 9.919742e-06 1.003179e-05 1.149367e-05 1.485181e-05 1.881745e-05 2.607341e-05 3.756899e-05 5.148209e-05 6.705101e-05 8.713740e-05 1.140943e-04 1.410971e-04 1.718189e-04 2.073591e-04 2.621127e-04 3.396269e-04 4.567841e-04 6.362155e-04 8.768875e-04 1.165981e-03 1.418428e-03 1.488512e-03 1.471932e-03 1.560944e-03 1.732003e-03 1.928998e-03 2.216188e-03 2.572790e-03 3.010958e-03 3.772355e-03 4.767399e-03 5.798796e-03 6.976111e-03 8.460568e-03 1.034563e-02 1.232256e-02 1.446944e-02 1.732853e-02 2.077950e-02 2.486620e-02 2.942368e-02 3.385576e-02 3.887619e-02 4.436910e-02 4.963903e-02 5.558331e-02 6.230367e-02 6.922402e-02 7.713491e-02 8.559871e-02 9.329288e-02 1.009507e-01 1.093665e-01 1.178454e-01 1.265513e-01 1.370632e-01 1.499580e-01 1.644281e-01 1.800081e-01 1.970899e-01 2.159341e-01 2.348431e-01 2.503903e-01 2.609029e-01 2.685281e-01 2.764891e-01 2.861766e-01 2.978317e-01 3.114244e-01 3.254341e-01 3.369670e-01 3.447096e-01 3.495683e-01 3.529243e-01 3.557243e-01 3.588091e-01 3.633004e-01 3.706210e-01 3.811322e-01 3.921868e-01 4.001693e-01 4.042709e-01 4.066238e-01 4.093028e-01 4.122893e-01 4.146096e-01 4.155854e-01 4.151771e-01 4.141795e-01 4.124548e-01 4.092192e-01 4.041314e-01 3.973677e-01 3.901763e-01 3.833279e-01 3.765932e-01 3.693112e-01 3.609724e-01 3.519850e-01 3.429986e-01 3.343771e-01 3.261422e-01 3.178851e-01 3.091554e-01 2.995176e-01 2.887704e-01 2.771642e-01 2.653066e-01 2.538184e-01 2.429177e-01 2.324781e-01 2.221531e-01 2.114127e-01 2.000192e-01 1.883133e-01 1.769780e-01 1.663947e-01 1.564066e-01 1.468053e-01 1.374927e-01 1.283258e-01 1.192322e-01 1.100755e-01 1.006661e-01 9.119893e-02 8.189294e-02 7.280132e-02 6.437915e-02 5.687155e-02 5.017883e-02 4.440031e-02 3.936193e-02 3.483108e-02 3.083591e-02 2.723477e-02 2.394335e-02 2.099108e-02 1.829599e-02 1.584754e-02 1.363232e-02 1.164831e-02 9.888596e-03 8.318684e-03 6.949150e-03 5.725607e-03 4.647611e-03 3.716446e-03 2.907143e-03 2.244226e-03 1.684037e-03 1.244475e-03 8.934740e-04 6.225851e-04 4.245462e-04 2.752483e-04 1.733206e-04 1.043568e-04 5.987460e-05 3.403526e-05 1.823333e-05 1.048568e-05 5.829389e-06 3.286899e-06 1.688567e-06 8.362246e-07 3.858610e-07 1.587740e-07 6.276181e-08 2.242690e-08 8.715447e-09 3.293791e-09
6.140895e-09 2.916147e-07 2.447283e-07 2.388705e-07 4.872181e-07 4.966475e-07 9.183619e-07 2.595295e-06 3.776132e-06 4.893360e-06 7.273272e-06 1.162976e-05 1.552041e-05 1.872437e-05 1.938599e-05 1.925510e-05 2.076577e-05 2.792869e-05 3.831320e-05 5.054044e-05 6.389575e-05 7.827146e-05 1.032543e-04 1.350929e-04 1.721100e-04 2.166521e-04 2.813983e-04 3.659761e-04 4.631939e-04 5.785124e-04 7.036029e-04 8.492679e-04 1.023134e-03 1.209779e-03 1.369792e-03 1.608552e-03 1.905111e-03 2.135866e-03 2.394358e-03 2.693882e-03 2.959784e-03 3.363769e-03 3.921204e-03 4.420694e-03 5.136753e-03 6.426966e-03 8.100486e-03 9.677934e-03 1.113430e-02 1.302039e-02 1.522424e-02 1.759530e-02 2.068353e-02 2.444220e-02 2.876511e-02 3.409034e-02 3.993504e-02 4.595521e-02 5.192670e-02 5.716743e-02 6.339285e-02 7.167594e-02 8.016501e-02 8.924165e-02 1.005095e-01 1.121398e-01 1.214962e-01 1.290417e-01 1.366241e-01 1.450493e-01 1.548651e-01 1.668635e-01 1.808012e-01 1.958743e-01 2.115589e-01 2.272349e-01 2.422554e-01 2.563781e-01 2.691408e-01 2.794918e-01 2.874082e-01 2.948033e-01 3.038913e-01 3.145059e-01 3.240815e-01 3.309848e-01 3.361062e-01 3.413464e-01 3.480037e-01 3.563097e-01 3.655185e-01 3.743692e-01 3.820714e-01 3.890579e-01 3.965900e-01 4.047727e-01 4.118630e-01 4.161775e-01 4.173608e-01 4.166779e-01 4.157587e-01 4.148287e-01 4.129927e-01 4.088660e-01 4.024163e-01 3.950996e-01 3.880264e-01 3.818133e-01 3.760803e-01 3.702182e-01 3.641908e-01 3.580285e-01 3.517909e-01 3.452557e-01 3.380198e-01 3.299135e-01 3.208922e-01 3.111413e-01 3.009580e-01 2.907849e-01 2.810491e-01 2.717875e-01 2.626678e-01 2.530427e-01 2.424470e-01 2.308282e-01 2.184255e-01 2.055727e-01 1.926560e-01 1.799624e-01 1.676977e-01 1.562777e-01 1.459164e-01 1.363931e-01 1.272766e-01 1.182824e-01 1.091072e-01 9.974133e-02 9.052861e-02 8.169384e-02 7.356370e-02 6.619484e-02 5.947483e-02 5.343917e-02 4.790558e-02 4.278547e-02 3.811583e-02 3.379977e-02 2.978792e-02 2.610280e-02 2.271812e-02 1.960074e-02 1.679947e-02 1.430734e-02 1.206841e-02 1.011376e-02 8.383613e-03 6.883104e-03 5.615517e-03 4.517747e-03 3.625064e-03 2.863633e-03 2.230106e-03 1.713957e-03 1.275849e-03 9.332608e-04 6.630121e-04 4.530912e-04 3.028334e-04 1.933452e-04 1.194430e-04 7.181495e-05 4.146078e-05 2.355077e-05 1.278110e-05 6.732518e-06 3.702098e-06 1.875480e-06 9.084231e-07 3.792304e-07 1.549669e-07 5.618087e-08 2.136372e-08 8.157688e-09 3.275589e-09
1.042465e-06 1.014402e-06 6.132011e-06 2.405880e-06 1.068888e-06 1.595619e-06 1.763920e-06 1.474064e-06 2.140094e-06 4.207975e-06 7.177156e-06 1.094945e-05 1.705165e-05 2.795425e-05 4.246471e-05 5.368543e-05 6.645425e-05 8.074696e-05 9.792427e-05 1.078550e-04 1.131808e-04 1.290979e-04 1.500149e-04 1.773950e-04 2.064205e-04 2.611801e-04 3.377079e-04 4.431355e-04 5.420909e-04 6.019395e-04 6.679387e-04 7.491279e-04 8.539404e-04 9.575453e-04 1.149521e-03 1.383606e-03 1.644042e-03 2.075580e-03 2.569208e-03 3.235941e-03 4.160551e-03 4.877060e-03 5.265765e-03 5.730120e-03 6.535440e-03 7.551572e-03 8.789677e-03 1.032612e-02 1.177304e-02 1.332831e-02 1.565110e-02 1.854318e-02 2.139850e-02 2.393142e-02 2.669952e-02 3.081933e-02 3.596405e-02 4.137051e-02 4.752943e-02 5.449389e-02 6.127663e-02 6.829644e-02 7.743969e-02 8.895736e-02 1.007362e-01 1.117224e-01 1.228798e-01 1.341551e-01 1.447294e-01 1.547960e-01 1.644885e-01 1.734599e-01 1.823374e-01 1.927153e-01 2.054696e-01 2.202573e-01 2.362704e-01 2.525264e-01 2.675628e-01 2.804462e-01 2.914034e-01 3.008928e-01 3.091831e-01 3.166888e-01 3.233432e-01 3.285924e-01 3.330778e-01 3.387666e-01 3.465914e-01 3.558742e-01 3.656673e-01 3.755906e-01 3.855377e-01 3.945097e-01 4.009010e-01 4.047047e-01 4.079860e-01 4.123024e-01 4.167169e-01 4.193068e-01 4.188910e-01 4.157453e-01 4.117102e-01 4.078007e-01 4.036884e-01 3.984408e-01 3.912485e-01 3.829116e-01 3.748652e-01 3.681215e-01 3.628244e-01 3.581788e-01 3.535610e-01 3.487006e-01 3.434342e-01 3.375033e-01 3.305887e-01 3.227606e-01 3.143316e-01 3.055483e-01 2.963424e-01 2.863146e-01 2.750886e-01 2.625922e-01 2.490769e-01 2.349684e-01 2.206932e-01 2.066047e-01 1.929213e-01 1.796401e-01 1.667456e-01 1.542518e-01 1.422627e-01 1.308847e-01 1.200371e-01 1.097250e-01 1.002289e-01 9.180290e-02 8.428637e-02 7.758714e-02 7.168332e-02 6.614630e-02 6.081127e-02 5.567153e-02 5.046548e-02 4.529746e-02 4.029794e-02 3.540335e-02 3.082805e-02 2.666918e-02 2.288130e-02 1.956843e-02 1.666059e-02 1.408362e-02 1.184174e-02 9.857793e-03 8.157884e-03 6.692087e-03 5.445617e-03 4.418502e-03 3.544380e-03 2.825984e-03 2.219848e-03 1.710334e-03 1.296254e-03 9.597412e-04 6.896824e-04 4.883199e-04 3.311356e-04 2.182854e-04 1.388832e-04 8.389336e-05 4.900599e-05 2.723553e-05 1.436466e-05 7.295957e-06 3.788888e-06 1.924623e-06 8.521035e-07 3.756106e-07 1.446216e-07 5.780453e-08 2.226108e-08 8.687309e-09 3.425243e-09
1.184341e-05 5.112635e-06 3.259084e-06 1.130241e-05 1.107449e-05 4.339582e-06 2.861865e-06 3.098133e-06 5.087059e-06 7.641936e-06 9.294357e-06 1.218157e-05 1.760756e-05 3.136843e-05 5.006126e-05 6.974488e-05 8.790913e-05 9.760253e-05 9.458491e-05 8.895958e-05 8.560015e-05 8.041112e-05 7.857510e-05 9.304523e-05 1.299491e-04 1.778289e-04 2.253325e-04 2.589544e-04 2.908366e-04 3.313704e-04 3.758926e-04 4.372229e-04 5.064011e-04 6.292870e-04 7.537381e-04 9.047620e-04 1.131086e-03 1.381356e-03 1.817200e-03 2.421070e-03 3.072638e-03 3.934764e-03 5.122532e-03 6.308013e-03 6.952167e-03 7.358853e-03 7.996649e-03 9.070980e-03 1.087037e-02 1.308470e-02 1.525211e-02 1.770618e-02 2.099873e-02 2.521946e-02 2.907010e-02 3.134530e-02 3.375620e-02 3.771806e-02 4.257805e-02 4.844314e-02 5.587225e-02 6.467161e-02 7.464439e-02 8.535499e-02 9.640822e-02 1.082985e-01 1.216907e-01 1.357470e-01 1.490309e-01 1.612535e-01 1.719784e-01 1.805778e-01 1.888398e-01 1.994630e-01 2.123335e-01 2.255324e-01 2.385231e-01 2.525697e-01 2.677711e-01 2.822852e-01 2.951749e-01 3.070561e-01 3.180327e-01 3.275134e-01 3.350554e-01 3.404929e-01 3.439316e-01 3.466709e-01 3.512309e-01 3.591556e-01 3.696316e-01 3.806543e-01 3.910272e-01 4.006464e-01 4.091717e-01 4.155765e-01 4.191848e-01 4.199967e-01 4.182469e-01 4.150606e-01 4.121159e-01 4.102499e-01 4.090918e-01 4.068664e-01 4.023610e-01 3.959423e-01 3.883451e-01 3.806729e-01 3.735053e-01 3.669747e-01 3.610379e-01 3.553481e-01 3.498301e-01 3.444774e-01 3.392313e-01 3.339922e-01 3.284896e-01 3.224092e-01 3.153410e-01 3.068331e-01 2.965099e-01 2.843016e-01 2.706434e-01 2.562467e-01 2.418088e-01 2.277324e-01 2.141768e-01 2.010781e-01 1.879973e-01 1.747882e-01 1.617448e-01 1.490315e-01 1.367189e-01 1.251190e-01 1.146701e-01 1.052798e-01 9.683847e-02 8.928245e-02 8.224605e-02 7.558787e-02 6.920645e-02 6.298891e-02 5.693883e-02 5.104489e-02 4.548086e-02 4.032671e-02 3.558135e-02 3.134854e-02 2.756847e-02 2.417120e-02 2.113706e-02 1.837648e-02 1.585072e-02 1.354756e-02 1.147238e-02 9.613534e-03 7.980081e-03 6.584778e-03 5.393469e-03 4.381187e-03 3.518598e-03 2.795734e-03 2.177560e-03 1.674313e-03 1.258744e-03 9.239963e-04 6.692553e-04 4.634623e-04 3.173235e-04 2.062853e-04 1.285565e-04 7.721300e-05 4.343722e-05 2.373070e-05 1.283008e-05 6.943753e-06 3.650119e-06 1.759921e-06 8.464177e-07 3.597302e-07 1.530407e-07 5.941155e-08 2.240284e-08 8.115705e-09 2.750400e-09
9.889658e-06 4.685659e-06 3.027971e-06 2.791786e-06 4.129952e-06 4.957706e-06 6.386732e-06 7.485517e-06 5.860998e-06 4.093846e-06 4.648888e-06 8.314897e-06 1.487758e-05 2.190327e-05 2.525415e-05 2.866756e-05 3.635472e-05 4.722410e-05 5.657878e-05 5.923606e-05 5.625754e-05 5.266427e-05 5.131919e-05 6.011830e-05 8.569477e-05 1.220102e-04 1.525868e-04 1.723373e-04 1.885795e-04 2.130502e-04 2.465917e-04 2.947199e-04 3.706929e-04 4.637512e-04 5.941608e-04 7.458812e-04 9.156763e-04 1.209714e-03 1.589072e-03 2.031656e-03 2.629351e-03 3.465842e-03 4.505811e-03 5.593788e-03 6.705650e-03 7.723870e-03 8.709528e-03 1.005834e-02 1.186441e-02 1.399125e-02 1.626898e-02 1.871661e-02 2.202495e-02 2.649390e-02 3.097191e-02 3.471718e-02 3.774969e-02 4.073928e-02 4.481191e-02 5.035019e-02 5.679883e-02 6.426752e-02 7.307544e-02 8.312522e-02 9.520630e-02 1.086288e-01 1.209537e-01 1.322602e-01 1.443839e-01 1.570315e-01 1.696360e-01 1.832713e-01 1.973069e-01 2.098982e-01 2.219808e-01 2.352204e-01 2.488605e-01 2.617218e-01 2.739781e-01 2.857836e-01 2.970477e-01 3.082219e-01 3.200011e-01 3.319794e-01 3.420942e-01 3.485696e-01 3.518797e-01 3.540278e-01 3.570993e-01 3.627787e-01 3.717180e-01 3.828698e-01 3.939103e-01 4.027570e-01 4.094161e-01 4.153356e-01 4.204129e-01 4.226538e-01 4.207079e-01 4.160929e-01 4.121492e-01 4.106424e-01 4.104361e-01 4.085627e-01 4.035709e-01 3.964205e-01 3.885815e-01 3.813518e-01 3.748695e-01 3.688395e-01 3.634305e-01 3.587040e-01 3.544782e-01 3.502491e-01 3.456884e-01 3.407727e-01 3.353620e-01 3.290639e-01 3.212760e-01 3.116578e-01 3.003075e-01 2.876323e-01 2.741554e-01 2.602187e-01 2.461337e-01 2.320880e-01 2.181470e-01 2.042483e-01 1.902629e-01 1.761124e-01 1.619792e-01 1.485191e-01 1.362338e-01 1.251942e-01 1.153696e-01 1.065946e-01 9.841564e-02 9.048855e-02 8.290391e-02 7.557129e-02 6.849729e-02 6.198772e-02 5.596351e-02 5.037042e-02 4.532364e-02 4.066511e-02 3.632209e-02 3.236599e-02 2.869420e-02 2.526807e-02 2.213143e-02 1.918423e-02 1.646560e-02 1.402915e-02 1.181547e-02 9.878410e-03 8.196230e-03 6.735849e-03 5.494006e-03 4.445412e-03 3.563275e-03 2.814824e-03 2.207269e-03 1.692536e-03 1.277599e-03 9.425227e-04 6.718889e-04 4.708236e-04 3.134321e-04 2.029671e-04 1.254109e-04 7.329239e-05 4.195122e-05 2.295122e-05 1.332336e-05 7.392231e-06 3.918736e-06 1.990880e-06 9.398643e-07 4.155329e-07 1.680321e-07 6.156334e-08 2.125207e-08 6.655206e-09 2.201748e-09
1.420453e-06 2.278766e-06 5.788445e-06 3.684758e-06 2.524312e-06 3.028753e-06 3.817686e-06 3.913888e-06 4.525520e-06 7.704065e-06 1.156023e-05 1.310557e-05 1.331069e-05 1.355446e-05 1.595892e-05 2.109531e-05 2.673529e-05 3.113015e-05 3.689453e-05 4.489173e-05 5.465012e-05 6.837318e-05 8.375746e-05 9.353886e-05 9.987360e-05 1.140221e-04 1.399939e-04 1.709599e-04 2.039066e-04 2.205548e-04 2.460949e-04 2.862671e-04 3.571973e-04 4.683726e-04 6.045976e-04 7.991715e-04 1.068366e-03 1.416555e-03 1.884345e-03 2.584032e-03 3.459899e-03 4.272487e-03 4.968433e-03 5.827162e-03 7.118864e-03 8.984229e-03 1.106237e-02 1.285690e-02 1.433454e-02 1.607832e-02 1.874976e-02 2.193607e-02 2.468404e-02 2.704404e-02 2.989809e-02 3.403331e-02 3.944692e-02 4.520040e-02 5.033943e-02 5.533394e-02 6.109167e-02 6.786992e-02 7.639042e-02 8.677445e-02 9.790304e-02 1.093287e-01 1.207967e-01 1.318063e-01 1.430723e-01 1.562200e-01 1.709505e-01 1.851490e-01 1.982749e-01 2.118699e-01 2.266136e-01 2.417342e-01 2.561881e-01 2.686586e-01 2.784298e-01 2.868299e-01 2.958460e-01 3.053169e-01 3.142246e-01 3.229042e-01 3.311707e-01 3.374272e-01 3.413943e-01 3.452892e-01 3.511613e-01 3.590297e-01 3.677312e-01 3.766221e-01 3.861205e-01 3.959528e-01 4.043561e-01 4.099233e-01 4.128539e-01 4.144557e-01 4.156810e-01 4.165217e-01 4.159760e-01 4.131996e-01 4.089438e-01 4.039349e-01 3.983710e-01 3.921442e-01 3.850619e-01 3.781559e-01 3.725759e-01 3.685740e-01 3.655979e-01 3.626651e-01 3.591931e-01 3.549906e-01 3.501556e-01 3.447374e-01 3.384587e-01 3.311216e-01 3.227816e-01 3.137743e-01 3.044145e-01 2.946737e-01 2.841977e-01 2.724895e-01 2.592934e-01 2.448015e-01 2.294054e-01 2.135451e-01 1.978212e-01 1.827092e-01 1.684835e-01 1.551860e-01 1.429369e-01 1.317012e-01 1.210088e-01 1.109404e-01 1.014394e-01 9.237806e-02 8.417721e-02 7.686981e-02 7.032771e-02 6.455246e-02 5.937462e-02 5.458404e-02 4.993093e-02 4.536163e-02 4.092073e-02 3.650755e-02 3.225259e-02 2.822603e-02 2.437384e-02 2.087152e-02 1.773396e-02 1.488533e-02 1.241370e-02 1.027971e-02 8.429497e-03 6.869734e-03 5.570650e-03 4.478839e-03 3.592074e-03 2.860940e-03 2.257321e-03 1.763070e-03 1.347950e-03 1.009848e-03 7.306479e-04 5.149841e-04 3.473471e-04 2.255956e-04 1.392581e-04 8.244143e-05 4.702572e-05 2.567616e-05 1.481019e-05 8.311973e-06 4.420039e-06 2.211335e-06 1.005983e-06 4.395874e-07 1.651607e-07 6.062672e-08 1.922944e-08 6.437144e-09 2.060778e-09
3.023583e-08 9.427712e-07 1.385023e-06 2.550061e-06 5.237872e-06 9.114824e-06 1.034470e-05 9.425481e-06 1.170855e-05 1.625416e-05 1.723144e-05 1.671366e-05 1.871025e-05 2.126051e-05 2.204620e-05 2.296052e-05 2.600547e-05 3.373250e-05 4.803188e-05 6.312305e-05 7.819787e-05 9.617783e-05 1.206578e-04 1.370772e-04 1.462873e-04 1.498750e-04 1.597151e-04 1.807184e-04 1.974349e-04 2.265376e-04 2.658779e-04 3.306663e-04 4.138361e-04 5.260021e-04 6.998359e-04 9.382226e-04 1.272139e-03 1.648099e-03 2.107097e-03 2.652038e-03 3.260068e-03 4.053564e-03 4.973004e-03 5.958995e-03 7.118623e-03 8.651434e-03 1.068849e-02 1.299798e-02 1.516281e-02 1.731876e-02 1.945908e-02 2.151829e-02 2.383561e-02 2.638657e-02 2.932184e-02 3.334112e-02 3.865863e-02 4.515783e-02 5.236739e-02 5.902059e-02 6.530225e-02 7.215048e-02 7.913040e-02 8.659522e-02 9.492105e-02 1.036246e-01 1.130068e-01 1.236071e-01 1.353253e-01 1.482707e-01 1.626064e-01 1.778107e-01 1.937265e-01 2.098847e-01 2.250386e-01 2.391096e-01 2.529400e-01 2.667443e-01 2.796907e-01 2.906440e-01 2.995562e-01 3.076311e-01 3.158286e-01 3.236585e-01 3.303133e-01 3.361542e-01 3.419310e-01 3.478967e-01 3.542484e-01 3.613323e-01 3.692684e-01 3.775961e-01 3.856466e-01 3.933721e-01 4.012914e-01 4.087306e-01 4.142219e-01 4.175342e-01 4.189877e-01 4.188349e-01 4.172668e-01 4.141879e-01 4.095207e-01 4.027869e-01 3.941592e-01 3.849664e-01 3.767463e-01 3.708336e-01 3.670885e-01 3.643503e-01 3.615661e-01 3.581604e-01 3.541857e-01 3.495804e-01 3.439432e-01 3.369706e-01 3.288196e-01 3.200978e-01 3.113719e-01 3.028767e-01 2.944758e-01 2.857276e-01 2.762486e-01 2.658264e-01 2.543267e-01 2.417800e-01 2.283967e-01 2.144952e-01 2.002138e-01 1.858368e-01 1.718954e-01 1.586181e-01 1.461493e-01 1.346112e-01 1.239751e-01 1.139721e-01 1.044615e-01 9.559368e-02 8.715199e-02 7.921991e-02 7.201873e-02 6.526434e-02 5.894431e-02 5.308406e-02 4.752321e-02 4.234808e-02 3.762770e-02 3.337504e-02 2.956922e-02 2.611713e-02 2.294761e-02 2.000755e-02 1.723042e-02 1.466685e-02 1.234469e-02 1.023262e-02 8.413049e-03 6.868636e-03 5.565214e-03 4.507612e-03 3.624989e-03 2.897751e-03 2.279324e-03 1.771633e-03 1.341213e-03 9.902723e-04 7.157145e-04 4.937914e-04 3.363692e-04 2.168314e-04 1.355290e-04 8.111836e-05 4.563463e-05 2.544851e-05 1.435477e-05 7.935650e-06 4.057521e-06 1.944334e-06 8.925307e-07 3.597338e-07 1.443744e-07 4.950317e-08 1.760549e-08 5.714340e-09 2.031875e-09
8.865628e-09 2.079188e-07 9.072990e-07 1.741761e-06 2.421986e-06 2.956745e-06 6.236654e-06 1.725210e-05 2.760954e-05 2.881285e-05 2.368987e-05 1.738142e-05 1.526252e-05 1.573544e-05 1.699302e-05 1.791027e-05 2.015412e-05 2.421344e-05 2.974360e-05 3.674056e-05 4.507967e-05 6.068236e-05 7.667936e-05 9.440509e-05 1.156113e-04 1.377642e-04 1.538184e-04 1.651205e-04 1.899478e-04 2.340399e-04 3.083942e-04 4.204837e-04 5.977960e-04 8.193768e-04 1.039006e-03 1.211252e-03 1.321406e-03 1.499644e-03 1.707318e-03 1.960590e-03 2.364063e-03 2.849429e-03 3.515024e-03 4.444456e-03 5.527168e-03 6.672705e-03 7.929831e-03 9.605331e-03 1.186689e-02 1.424515e-02 1.632020e-02 1.845952e-02 2.121978e-02 2.472044e-02 2.855654e-02 3.238430e-02 3.635713e-02 4.101892e-02 4.729243e-02 5.508969e-02 6.314374e-02 7.050588e-02 7.725057e-02 8.408722e-02 9.089503e-02 9.789145e-02 1.064412e-01 1.165589e-01 1.279186e-01 1.411735e-01 1.557764e-01 1.704056e-01 1.854094e-01 2.022588e-01 2.206999e-01 2.382279e-01 2.528927e-01 2.649215e-01 2.748342e-01 2.830516e-01 2.908951e-01 2.995043e-01 3.090602e-01 3.193086e-01 3.291144e-01 3.368076e-01 3.420392e-01 3.463143e-01 3.515976e-01 3.587385e-01 3.673063e-01 3.769399e-01 3.877306e-01 3.985460e-01 4.075809e-01 4.143915e-01 4.193801e-01 4.222628e-01 4.222466e-01 4.196502e-01 4.158340e-01 4.118562e-01 4.081827e-01 4.042332e-01 3.993915e-01 3.934763e-01 3.862365e-01 3.781207e-01 3.697755e-01 3.619665e-01 3.554187e-01 3.502347e-01 3.461310e-01 3.425179e-01 3.387361e-01 3.342128e-01 3.284425e-01 3.211166e-01 3.120600e-01 3.013642e-01 2.894928e-01 2.771111e-01 2.647803e-01 2.526948e-01 2.409761e-01 2.297140e-01 2.187993e-01 2.079721e-01 1.969049e-01 1.852312e-01 1.727301e-01 1.598559e-01 1.471095e-01 1.349733e-01 1.240196e-01 1.139916e-01 1.047386e-01 9.619918e-02 8.795040e-02 8.004592e-02 7.251427e-02 6.528269e-02 5.844536e-02 5.199881e-02 4.598231e-02 4.046109e-02 3.545750e-02 3.103038e-02 2.713738e-02 2.374037e-02 2.078839e-02 1.813330e-02 1.578137e-02 1.367457e-02 1.172429e-02 9.999242e-03 8.441702e-03 7.030738e-03 5.806271e-03 4.728579e-03 3.790704e-03 2.995581e-03 2.328391e-03 1.767458e-03 1.324732e-03 9.665401e-04 6.867127e-04 4.794072e-04 3.200393e-04 2.085818e-04 1.300239e-04 7.693643e-05 4.394334e-05 2.447515e-05 1.381923e-05 7.354238e-06 3.726188e-06 1.831752e-06 8.139607e-07 3.505796e-07 1.315636e-07 4.778611e-08 1.581182e-08 5.205077e-09 1.675932e-09
1.781943e-08 6.141153e-08 9.866271e-08 2.839867e-07 7.588791e-07 2.336924e-06 4.140169e-06 5.248300e-06 7.153850e-06 1.011966e-05 1.344767e-05 1.655731e-05 1.562984e-05 1.168963e-05 9.454112e-06 9.581694e-06 1.142387e-05 1.450768e-05 1.806850e-05 2.385657e-05 3.513318e-05 4.814392e-05 6.721914e-05 8.873069e-05 1.188197e-04 1.482263e-04 1.779659e-04 2.146871e-04 2.643028e-04 3.317743e-04 4.382510e-04 6.047484e-04 8.399169e-04 1.177094e-03 1.416706e-03 1.480904e-03 1.499849e-03 1.520169e-03 1.663757e-03 1.893331e-03 2.125680e-03 2.488230e-03 3.011576e-03 3.736730e-03 4.725249e-03 5.774204e-03 6.941972e-03 8.470836e-03 1.038851e-02 1.258838e-02 1.494216e-02 1.762532e-02 2.088803e-02 2.482722e-02 2.919371e-02 3.342875e-02 3.807081e-02 4.373771e-02 4.976776e-02 5.609080e-02 6.272552e-02 6.942304e-02 7.650767e-02 8.363943e-02 9.094054e-02 9.877302e-02 1.067412e-01 1.154173e-01 1.258823e-01 1.381196e-01 1.514864e-01 1.655447e-01 1.805921e-01 1.974949e-01 2.164838e-01 2.355354e-01 2.516550e-01 2.643099e-01 2.747892e-01 2.835429e-01 2.913171e-01 3.001868e-01 3.110049e-01 3.216232e-01 3.295543e-01 3.350310e-01 3.399140e-01 3.453951e-01 3.518075e-01 3.594860e-01 3.685892e-01 3.787154e-01 3.896407e-01 4.008990e-01 4.106674e-01 4.175749e-01 4.218519e-01 4.239517e-01 4.239006e-01 4.220733e-01 4.186937e-01 4.136727e-01 4.076775e-01 4.011509e-01 3.941419e-01 3.866304e-01 3.786316e-01 3.711983e-01 3.654545e-01 3.616402e-01 3.590259e-01 3.563017e-01 3.526647e-01 3.479454e-01 3.424015e-01 3.362337e-01 3.292250e-01 3.210872e-01 3.117278e-01 3.014346e-01 2.905262e-01 2.791828e-01 2.674301e-01 2.552580e-01 2.428651e-01 2.305532e-01 2.185348e-01 2.067304e-01 1.950730e-01 1.834488e-01 1.718116e-01 1.602343e-01 1.488497e-01 1.379162e-01 1.272547e-01 1.169581e-01 1.072336e-01 9.775452e-02 8.886450e-02 8.076771e-02 7.318719e-02 6.632429e-02 5.999222e-02 5.394012e-02 4.822805e-02 4.275213e-02 3.757361e-02 3.282524e-02 2.853340e-02 2.470629e-02 2.134296e-02 1.842730e-02 1.587341e-02 1.365670e-02 1.173955e-02 1.003473e-02 8.520199e-03 7.178951e-03 5.963051e-03 4.873027e-03 3.931553e-03 3.100190e-03 2.409298e-03 1.837880e-03 1.372038e-03 1.004218e-03 7.153600e-04 4.964417e-04 3.320120e-04 2.163441e-04 1.340220e-04 8.004369e-05 4.556399e-05 2.505885e-05 1.427548e-05 7.525672e-06 3.925129e-06 1.874127e-06 8.670049e-07 3.612198e-07 1.393179e-07 4.829979e-08 1.562998e-08 4.908770e-09 1.493605e-09
6.408550e-09 3.015935e-07 2.742893e-07 2.931796e-07 6.112079e-07 6.282759e-07 1.095612e-06 2.874267e-06 4.001935e-06 5.060138e-06 7.599983e-06 1.172585e-05 1.541572e-05 1.814446e-05 1.944120e-05 1.905011e-05 2.032242e-05 2.637873e-05 3.776398e-05 5.169429e-05 6.601452e-05 8.564754e-05 1.094026e-04 1.450447e-04 1.784802e-04 2.188531e-04 2.804192e-04 3.604387e-04 4.532892e-04 5.699277e-04 6.870787e-04 8.294016e-04 1.025192e-03 1.177108e-03 1.370438e-03 1.584561e-03 1.814282e-03 2.075230e-03 2.280554e-03 2.541580e-03 2.924030e-03 3.379774e-03 3.945817e-03 4.584470e-03 5.367863e-03 6.673488e-03 8.448346e-03 1.023424e-02 1.187502e-02 1.362256e-02 1.572872e-02 1.822116e-02 2.113422e-02 2.452235e-02 2.852155e-02 3.361950e-02 3.980255e-02 4.623426e-02 5.256321e-02 5.907004e-02 6.597890e-02 7.340673e-02 8.109076e-02 8.876815e-02 9.718011e-02 1.068582e-01 1.167032e-01 1.261185e-01 1.357857e-01 1.461905e-01 1.580862e-01 1.720322e-01 1.869449e-01 2.014264e-01 2.159243e-01 2.316555e-01 2.481141e-01 2.630568e-01 2.748619e-01 2.840137e-01 2.918350e-01 2.987797e-01 3.052270e-01 3.120765e-01 3.193909e-01 3.260004e-01 3.312125e-01 3.363531e-01 3.439390e-01 3.549085e-01 3.674390e-01 3.791236e-01 3.894326e-01 3.992004e-01 4.087649e-01 4.172587e-01 4.231747e-01 4.252886e-01 4.232794e-01 4.183408e-01 4.123447e-01 4.062553e-01 3.998473e-01 3.920779e-01 3.828836e-01 3.737500e-01 3.662782e-01 3.615035e-01 3.589799e-01 3.575550e-01 3.563617e-01 3.547316e-01 3.522301e-01 3.484026e-01 3.429694e-01 3.361214e-01 3.283995e-01 3.204339e-01 3.125622e-01 3.047367e-01 2.965964e-01 2.876338e-01 2.775265e-01 2.662469e-01 2.539318e-01 2.407924e-01 2.271477e-01 2.134665e-01 1.999271e-01 1.864911e-01 1.733560e-01 1.606641e-01 1.486241e-01 1.373063e-01 1.265695e-01 1.164093e-01 1.066440e-01 9.730923e-02 8.855624e-02 8.042838e-02 7.313213e-02 6.659370e-02 6.061248e-02 5.508992e-02 4.979647e-02 4.469200e-02 3.986661e-02 3.531420e-02 3.112108e-02 2.729565e-02 2.373440e-02 2.046409e-02 1.748640e-02 1.479227e-02 1.241693e-02 1.033497e-02 8.545051e-03 7.018245e-03 5.732178e-03 4.664789e-03 3.763902e-03 3.020251e-03 2.389440e-03 1.858965e-03 1.416731e-03 1.056476e-03 7.633966e-04 5.344133e-04 3.628858e-04 2.339902e-04 1.469707e-04 8.710098e-05 4.946556e-05 2.694064e-05 1.434237e-05 7.807318e-06 3.900414e-06 1.925757e-06 8.686653e-07 3.687009e-07 1.423258e-07 5.037956e-08 1.675725e-08 5.350192e-09 1.730720e-09
1.114332e-06 1.205987e-06 6.157152e-06 2.350725e-06 1.096854e-06 1.638759e-06 1.832217e-06 1.578185e-06 2.324055e-06 4.471701e-06 7.273420e-06 1.112136e-05 1.691306e-05 2.713617e-05 3.956469e-05 5.080298e-05 6.035407e-05 7.597237e-05 9.410155e-05 1.097748e-04 1.228820e-04 1.371928e-04 1.590178e-04 1.747331e-04 1.995731e-04 2.452056e-04 3.117365e-04 4.188024e-04 5.336287e-04 5.920780e-04 6.659552e-04 7.493282e-04 8.225604e-04 9.584438e-04 1.114170e-03 1.346766e-03 1.625531e-03 1.964187e-03 2.457836e-03 3.100993e-03 3.954911e-03 4.785533e-03 5.351860e-03 5.956087e-03 6.940369e-03 8.166242e-03 9.479276e-03 1.084150e-02 1.216809e-02 1.379777e-02 1.616106e-02 1.896677e-02 2.165301e-02 2.397872e-02 2.675341e-02 3.130792e-02 3.710638e-02 4.324193e-02 4.975044e-02 5.600607e-02 6.219819e-02 6.908028e-02 7.713652e-02 8.781087e-02 1.000903e-01 1.108382e-01 1.204363e-01 1.306520e-01 1.417547e-01 1.536976e-01 1.658263e-01 1.771683e-01 1.880902e-01 2.004471e-01 2.153760e-01 2.318955e-01 2.479844e-01 2.622117e-01 2.744095e-01 2.851072e-01 2.945803e-01 3.024063e-01 3.084274e-01 3.136277e-01 3.190485e-01 3.243558e-01 3.288105e-01 3.331870e-01 3.395362e-01 3.493782e-01 3.626977e-01 3.781144e-01 3.933201e-01 4.055399e-01 4.131530e-01 4.168665e-01 4.186763e-01 4.198313e-01 4.196496e-01 4.167227e-01 4.105108e-01 4.019474e-01 3.930873e-01 3.851875e-01 3.786142e-01 3.732686e-01 3.685819e-01 3.644151e-01 3.607217e-01 3.574919e-01 3.548217e-01 3.524579e-01 3.501840e-01 3.478837e-01 3.454111e-01 3.425051e-01 3.386711e-01 3.334240e-01 3.265190e-01 3.179847e-01 3.080778e-01 2.969497e-01 2.847078e-01 2.714372e-01 2.573983e-01 2.429820e-01 2.284047e-01 2.139536e-01 1.997674e-01 1.857143e-01 1.716856e-01 1.579850e-01 1.449352e-01 1.325628e-01 1.212842e-01 1.109948e-01 1.013473e-01 9.264391e-02 8.464981e-02 7.731085e-02 7.087861e-02 6.498166e-02 5.951532e-02 5.444508e-02 4.949132e-02 4.470601e-02 4.014481e-02 3.582197e-02 3.177953e-02 2.798080e-02 2.442607e-02 2.109541e-02 1.801546e-02 1.520606e-02 1.267040e-02 1.045962e-02 8.558599e-03 6.951423e-03 5.629380e-03 4.536243e-03 3.643143e-03 2.914157e-03 2.303089e-03 1.806281e-03 1.393742e-03 1.049172e-03 7.784651e-04 5.540136e-04 3.826734e-04 2.530712e-04 1.587464e-04 9.535938e-05 5.348718e-05 2.849965e-05 1.516308e-05 7.969123e-06 4.058244e-06 1.941569e-06 8.923249e-07 3.777420e-07 1.492249e-07 5.393395e-08 1.838414e-08 5.886023e-09 1.881967e-09
9.658944e-06 4.378389e-06 3.439826e-06 1.084470e-05 1.010822e-05 4.545175e-06 3.178040e-06 3.332139e-06 5.027403e-06 7.250008e-06 8.986095e-06 1.167874e-05 1.671619e-05 2.656951e-05 4.278867e-05 6.233631e-05 8.053042e-05 8.839632e-05 8.579396e-05 8.081012e-05 7.629228e-05 7.285757e-05 7.453534e-05 9.070837e-05 1.175117e-04 1.544102e-04 1.996009e-04 2.352502e-04 2.716159e-04 3.267975e-04 3.680089e-04 4.223236e-04 5.068913e-04 6.025023e-04 7.459656e-04 9.089491e-04 1.109380e-03 1.402800e-03 1.812064e-03 2.400372e-03 3.056520e-03 3.889814e-03 5.145633e-03 6.426794e-03 7.291099e-03 7.799428e-03 8.385169e-03 9.491893e-03 1.122675e-02 1.330619e-02 1.527272e-02 1.739508e-02 2.065882e-02 2.528646e-02 2.968601e-02 3.263658e-02 3.527474e-02 3.884245e-02 4.345369e-02 4.921383e-02 5.600177e-02 6.391880e-02 7.334354e-02 8.368791e-02 9.492560e-02 1.079433e-01 1.221573e-01 1.361253e-01 1.492923e-01 1.616897e-01 1.730484e-01 1.836483e-01 1.949795e-01 2.076027e-01 2.209459e-01 2.350503e-01 2.499359e-01 2.650001e-01 2.790604e-01 2.909015e-01 3.006233e-01 3.093737e-01 3.177608e-01 3.250334e-01 3.301207e-01 3.332875e-01 3.358903e-01 3.394106e-01 3.454733e-01 3.552911e-01 3.681957e-01 3.825213e-01 3.971784e-01 4.111208e-01 4.227396e-01 4.302508e-01 4.324673e-01 4.294018e-01 4.223117e-01 4.136010e-01 4.054619e-01 3.985105e-01 3.923066e-01 3.859213e-01 3.790788e-01 3.722495e-01 3.658293e-01 3.605846e-01 3.569239e-01 3.545402e-01 3.527206e-01 3.507144e-01 3.484934e-01 3.463882e-01 3.444515e-01 3.423122e-01 3.392755e-01 3.347099e-01 3.281245e-01 3.192537e-01 3.080817e-01 2.948668e-01 2.801593e-01 2.646090e-01 2.488795e-01 2.335621e-01 2.190358e-01 2.051065e-01 1.913764e-01 1.776870e-01 1.641636e-01 1.510077e-01 1.385104e-01 1.271108e-01 1.166818e-01 1.070873e-01 9.834180e-02 8.996639e-02 8.202963e-02 7.467082e-02 6.768844e-02 6.128891e-02 5.540661e-02 4.986684e-02 4.473512e-02 3.994298e-02 3.551786e-02 3.151337e-02 2.788025e-02 2.460934e-02 2.163801e-02 1.891566e-02 1.642056e-02 1.412253e-02 1.203658e-02 1.015353e-02 8.463070e-03 6.985158e-03 5.699930e-03 4.600052e-03 3.679807e-03 2.900711e-03 2.264797e-03 1.736075e-03 1.306590e-03 9.683874e-04 6.956921e-04 4.899431e-04 3.319508e-04 2.182872e-04 1.385427e-04 8.387120e-05 4.852681e-05 2.750735e-05 1.552481e-05 8.329321e-06 4.242032e-06 2.067428e-06 9.403977e-07 4.037917e-07 1.589775e-07 5.822122e-08 1.920571e-08 5.938009e-09 1.712193e-09
7.039914e-06 3.455234e-06 2.573057e-06 2.624383e-06 4.071675e-06 4.730210e-06 5.635661e-06 6.604081e-06 5.411286e-06 3.831327e-06 4.209298e-06 7.521167e-06 1.336362e-05 1.882539e-05 2.218433e-05 2.700417e-05 3.464112e-05 4.350933e-05 4.877539e-05 4.861554e-05 4.681134e-05 4.458326e-05 4.724400e-05 5.758160e-05 8.067230e-05 1.121118e-04 1.389069e-04 1.617084e-04 1.827003e-04 2.062825e-04 2.473345e-04 2.942317e-04 3.551418e-04 4.544966e-04 5.667754e-04 7.152816e-04 9.229549e-04 1.208526e-03 1.592739e-03 2.036205e-03 2.612816e-03 3.394323e-03 4.423436e-03 5.640064e-03 6.670866e-03 7.515603e-03 8.492290e-03 9.732923e-03 1.146385e-02 1.364067e-02 1.606155e-02 1.883574e-02 2.236577e-02 2.694771e-02 3.146370e-02 3.475127e-02 3.772596e-02 4.130102e-02 4.539635e-02 5.047745e-02 5.668388e-02 6.403141e-02 7.309720e-02 8.358872e-02 9.530124e-02 1.084625e-01 1.222897e-01 1.358957e-01 1.493435e-01 1.629508e-01 1.762412e-01 1.884123e-01 2.001960e-01 2.127918e-01 2.261932e-01 2.400602e-01 2.541921e-01 2.684966e-01 2.824460e-01 2.948210e-01 3.051069e-01 3.139505e-01 3.220757e-01 3.292319e-01 3.346270e-01 3.382396e-01 3.410097e-01 3.444617e-01 3.503880e-01 3.600432e-01 3.729470e-01 3.873864e-01 4.015009e-01 4.136290e-01 4.229613e-01 4.292467e-01 4.317222e-01 4.295477e-01 4.230735e-01 4.146403e-01 4.070149e-01 4.009761e-01 3.954138e-01 3.886556e-01 3.804626e-01 3.721143e-01 3.648415e-01 3.594791e-01 3.558654e-01 3.534193e-01 3.520450e-01 3.517370e-01 3.522545e-01 3.527618e-01 3.522468e-01 3.501201e-01 3.462146e-01 3.406031e-01 3.332720e-01 3.240860e-01 3.129526e-01 2.999869e-01 2.854998e-01 2.699074e-01 2.537639e-01 2.377675e-01 2.224321e-01 2.076402e-01 1.930352e-01 1.785332e-01 1.642821e-01 1.504779e-01 1.374837e-01 1.257741e-01 1.152274e-01 1.056942e-01 9.712802e-02 8.900863e-02 8.136475e-02 7.426912e-02 6.748691e-02 6.121179e-02 5.542751e-02 4.999095e-02 4.494398e-02 4.024028e-02 3.585463e-02 3.183367e-02 2.820306e-02 2.490809e-02 2.190794e-02 1.916562e-02 1.662044e-02 1.428466e-02 1.215672e-02 1.022727e-02 8.514596e-03 7.006690e-03 5.709157e-03 4.611157e-03 3.682848e-03 2.913523e-03 2.274476e-03 1.744672e-03 1.316952e-03 9.729363e-04 7.019543e-04 4.940988e-04 3.350696e-04 2.212042e-04 1.401784e-04 8.531460e-05 4.935448e-05 2.810633e-05 1.591249e-05 8.536204e-06 4.369948e-06 2.121592e-06 9.683389e-07 4.119310e-07 1.619646e-07 5.855085e-08 1.913206e-08 5.889369e-09 1.673074e-09
1.126562e-06 1.927299e-06 5.084992e-06 3.737454e-06 2.472123e-06 2.787026e-06 3.565487e-06 3.620140e-06 4.161666e-06 6.853365e-06 1.080059e-05 1.317260e-05 1.368922e-05 1.352546e-05 1.541163e-05 1.934822e-05 2.320442e-05 2.741577e-05 3.399855e-05 4.383153e-05 5.508754e-05 7.223246e-05 8.937708e-05 9.830439e-05 1.014163e-04 1.144713e-04 1.399554e-04 1.696245e-04 2.038041e-04 2.290132e-04 2.522104e-04 2.947434e-04 3.574241e-04 4.481216e-04 5.898139e-04 7.894111e-04 1.065086e-03 1.443224e-03 1.937073e-03 2.589736e-03 3.392481e-03 4.217562e-03 4.889297e-03 5.594116e-03 6.831400e-03 8.591851e-03 1.047304e-02 1.229451e-02 1.393605e-02 1.579987e-02 1.865062e-02 2.209515e-02 2.518698e-02 2.756392e-02 3.007462e-02 3.418894e-02 3.918652e-02 4.431589e-02 5.001453e-02 5.572868e-02 6.194088e-02 6.950190e-02 7.817783e-02 8.923102e-02 1.021360e-01 1.139055e-01 1.250649e-01 1.373837e-01 1.504486e-01 1.637510e-01 1.770795e-01 1.897137e-01 2.016738e-01 2.145501e-01 2.291654e-01 2.443740e-01 2.588770e-01 2.721964e-01 2.840289e-01 2.942158e-01 3.028229e-01 3.096592e-01 3.148152e-01 3.191701e-01 3.235139e-01 3.277594e-01 3.318830e-01 3.370720e-01 3.449619e-01 3.561201e-01 3.696664e-01 3.840493e-01 3.977777e-01 4.092474e-01 4.171084e-01 4.210958e-01 4.219744e-01 4.206764e-01 4.174089e-01 4.122139e-01 4.052559e-01 3.970482e-01 3.886578e-01 3.805217e-01 3.726233e-01 3.648842e-01 3.573749e-01 3.512783e-01 3.478455e-01 3.473694e-01 3.491807e-01 3.518110e-01 3.538527e-01 3.544252e-01 3.532230e-01 3.503868e-01 3.460313e-01 3.401869e-01 3.329022e-01 3.242940e-01 3.145096e-01 3.034677e-01 2.910071e-01 2.770485e-01 2.619304e-01 2.463030e-01 2.305550e-01 2.150657e-01 2.000527e-01 1.853742e-01 1.708951e-01 1.568935e-01 1.436395e-01 1.310868e-01 1.196327e-01 1.091858e-01 9.941266e-02 9.068476e-02 8.279213e-02 7.563815e-02 6.946604e-02 6.387486e-02 5.869764e-02 5.385761e-02 4.905857e-02 4.437824e-02 3.986621e-02 3.557249e-02 3.158388e-02 2.782363e-02 2.431129e-02 2.104177e-02 1.800336e-02 1.523104e-02 1.272505e-02 1.051974e-02 8.623051e-03 7.009067e-03 5.669926e-03 4.565534e-03 3.659596e-03 2.922740e-03 2.310431e-03 1.812664e-03 1.401023e-03 1.058297e-03 7.868208e-04 5.612964e-04 3.896278e-04 2.579751e-04 1.632051e-04 9.858635e-05 5.587991e-05 3.010109e-05 1.608025e-05 8.550790e-06 4.349814e-06 2.091408e-06 9.533982e-07 4.028538e-07 1.568296e-07 5.624085e-08 1.894848e-08 5.991529e-09 1.919342e-09
1.816450e-08 7.609665e-07 1.177017e-06 1.866667e-06 4.048159e-06 7.136146e-06 8.322678e-06 8.274198e-06 1.072944e-05 1.502615e-05 1.653384e-05 1.671328e-05 1.827913e-05 2.025902e-05 2.093649e-05 2.158057e-05 2.334171e-05 3.117013e-05 4.592364e-05 6.222021e-05 7.868755e-05 9.764820e-05 1.192976e-04 1.363395e-04 1.424193e-04 1.430836e-04 1.516856e-04 1.754164e-04 2.011308e-04 2.314006e-04 2.715363e-04 3.231079e-04 4.045616e-04 5.091130e-04 6.728942e-04 9.406303e-04 1.300296e-03 1.732377e-03 2.191178e-03 2.731498e-03 3.342480e-03 3.959741e-03 4.732570e-03 5.563786e-03 6.516394e-03 8.016287e-03 1.002956e-02 1.216814e-02 1.423263e-02 1.647936e-02 1.881823e-02 2.100331e-02 2.352332e-02 2.656363e-02 2.985563e-02 3.381582e-02 3.897334e-02 4.491576e-02 5.112181e-02 5.753786e-02 6.421613e-02 7.167821e-02 8.020590e-02 8.925000e-02 9.921601e-02 1.105823e-01 1.214488e-01 1.307138e-01 1.401557e-01 1.511705e-01 1.640991e-01 1.791371e-01 1.953049e-01 2.107593e-01 2.253626e-01 2.406750e-01 2.569959e-01 2.723113e-01 2.847801e-01 2.946820e-01 3.031161e-01 3.101309e-01 3.156235e-01 3.203869e-01 3.249488e-01 3.288530e-01 3.319166e-01 3.357328e-01 3.427640e-01 3.539065e-01 3.675587e-01 3.812100e-01 3.935277e-01 4.043851e-01 4.135427e-01 4.199897e-01 4.228372e-01 4.220314e-01 4.178291e-01 4.110406e-01 4.028937e-01 3.941760e-01 3.851813e-01 3.755151e-01 3.654337e-01 3.563135e-01 3.495149e-01 3.459310e-01 3.450848e-01 3.457169e-01 3.467936e-01 3.475434e-01 3.476727e-01 3.469750e-01 3.450801e-01 3.415747e-01 3.361928e-01 3.291101e-01 3.207553e-01 3.115079e-01 3.015103e-01 2.906496e-01 2.789378e-01 2.665844e-01 2.537806e-01 2.405849e-01 2.270220e-01 2.133338e-01 1.996240e-01 1.858041e-01 1.721399e-01 1.589440e-01 1.464643e-01 1.347510e-01 1.236824e-01 1.132303e-01 1.032068e-01 9.364286e-02 8.470464e-02 7.649900e-02 6.920912e-02 6.272657e-02 5.684884e-02 5.147663e-02 4.638882e-02 4.154978e-02 3.710348e-02 3.297510e-02 2.915440e-02 2.573361e-02 2.253840e-02 1.957128e-02 1.689429e-02 1.440479e-02 1.217872e-02 1.021685e-02 8.465235e-03 6.973329e-03 5.694158e-03 4.613188e-03 3.715380e-03 2.960988e-03 2.333507e-03 1.809583e-03 1.372337e-03 1.023186e-03 7.384943e-04 5.185254e-04 3.536890e-04 2.300108e-04 1.460422e-04 8.751685e-05 5.044293e-05 2.777057e-05 1.489702e-05 8.153204e-06 4.103852e-06 2.025728e-06 9.141671e-07 3.858679e-07 1.486092e-07 5.218494e-08 1.730062e-08 5.509399e-09 1.774771e-09
7.166632e-09 1.413776e-07 5.959362e-07 1.292063e-06 1.844837e-06 2.506782e-06 5.676649e-06 1.558338e-05 2.578453e-05 2.735534e-05 2.224610e-05 1.598790e-05 1.400945e-05 1.469883e-05 1.585991e-05 1.666445e-05 1.920842e-05 2.354917e-05 2.878940e-05 3.448854e-05 4.452624e-05 5.769360e-05 7.402723e-05 8.765681e-05 1.072872e-04 1.276945e-04 1.447423e-04 1.588680e-04 1.831085e-04 2.262872e-04 2.948771e-04 3.982240e-04 5.435058e-04 7.753148e-04 1.013285e-03 1.198505e-03 1.375521e-03 1.520597e-03 1.735461e-03 1.996801e-03 2.295701e-03 2.741918e-03 3.295835e-03 4.153186e-03 5.266970e-03 6.279206e-03 7.433524e-03 9.028912e-03 1.110082e-02 1.332959e-02 1.546316e-02 1.790842e-02 2.081284e-02 2.424377e-02 2.825250e-02 3.213684e-02 3.627422e-02 4.147980e-02 4.738289e-02 5.426149e-02 6.189484e-02 6.935552e-02 7.698531e-02 8.498624e-02 9.335897e-02 1.019367e-01 1.103635e-01 1.196357e-01 1.306145e-01 1.428022e-01 1.559597e-01 1.699490e-01 1.849360e-01 2.019425e-01 2.215065e-01 2.416635e-01 2.587127e-01 2.709244e-01 2.794008e-01 2.859260e-01 2.923161e-01 3.001591e-01 3.094102e-01 3.180126e-01 3.240899e-01 3.279877e-01 3.313769e-01 3.358382e-01 3.424289e-01 3.516620e-01 3.633660e-01 3.769004e-01 3.915343e-01 4.054247e-01 4.160133e-01 4.222552e-01 4.242426e-01 4.218748e-01 4.154374e-01 4.067882e-01 3.980750e-01 3.900863e-01 3.828143e-01 3.757773e-01 3.689732e-01 3.627630e-01 3.569395e-01 3.515505e-01 3.468381e-01 3.433385e-01 3.415627e-01 3.411613e-01 3.413557e-01 3.413241e-01 3.404346e-01 3.381662e-01 3.339300e-01 3.273641e-01 3.184451e-01 3.076036e-01 2.954588e-01 2.826388e-01 2.696004e-01 2.565724e-01 2.437323e-01 2.312048e-01 2.189969e-01 2.068535e-01 1.946107e-01 1.821995e-01 1.696551e-01 1.571536e-01 1.450225e-01 1.336675e-01 1.229052e-01 1.127320e-01 1.032380e-01 9.399642e-02 8.526944e-02 7.723453e-02 6.961907e-02 6.269459e-02 5.635930e-02 5.039691e-02 4.493103e-02 3.981535e-02 3.503556e-02 3.073720e-02 2.690056e-02 2.347096e-02 2.046966e-02 1.783904e-02 1.547861e-02 1.341525e-02 1.159036e-02 9.925066e-03 8.450473e-03 7.111574e-03 5.896317e-03 4.818480e-03 3.868136e-03 3.050372e-03 2.364185e-03 1.799802e-03 1.347655e-03 9.853558e-04 7.058050e-04 4.923727e-04 3.317416e-04 2.183562e-04 1.364286e-04 8.256573e-05 4.741937e-05 2.634652e-05 1.514500e-05 8.040446e-06 4.218901e-06 2.017089e-06 9.338783e-07 3.882735e-07 1.489292e-07 5.160145e-08 1.653515e-08 5.185186e-09 1.562946e-09
1.037722e-08 5.211125e-08 1.006748e-07 2.828679e-07 7.842533e-07 2.233722e-06 3.944848e-06 5.220497e-06 7.043021e-06 9.850917e-06 1.300507e-05 1.586812e-05 1.556998e-05 1.170009e-05 9.627102e-06 1.018201e-05 1.257422e-05 1.610257e-05 1.982333e-05 2.575437e-05 3.393344e-05 4.675024e-05 6.229481e-05 8.442021e-05 1.135224e-04 1.453413e-04 1.768877e-04 2.129049e-04 2.591613e-04 3.237703e-04 4.234160e-04 5.797386e-04 8.204622e-04 1.108202e-03 1.389906e-03 1.474532e-03 1.433605e-03 1.516259e-03 1.650172e-03 1.834205e-03 2.096524e-03 2.425256e-03 2.970619e-03 3.705012e-03 4.579632e-03 5.675854e-03 6.870232e-03 8.388382e-03 1.050768e-02 1.283687e-02 1.510708e-02 1.753169e-02 2.060489e-02 2.450712e-02 2.868357e-02 3.308996e-02 3.798960e-02 4.350187e-02 5.040992e-02 5.812418e-02 6.525589e-02 7.187672e-02 7.819014e-02 8.456335e-02 9.106518e-02 9.782743e-02 1.061962e-01 1.164390e-01 1.279118e-01 1.409253e-01 1.551118e-01 1.692356e-01 1.838115e-01 2.008331e-01 2.200867e-01 2.384560e-01 2.541312e-01 2.681044e-01 2.802828e-01 2.894082e-01 2.962027e-01 3.023150e-01 3.082710e-01 3.142983e-01 3.205486e-01 3.266469e-01 3.322730e-01 3.380470e-01 3.451737e-01 3.544489e-01 3.656785e-01 3.781563e-01 3.912477e-01 4.032284e-01 4.116991e-01 4.160652e-01 4.174782e-01 4.167537e-01 4.135737e-01 4.078425e-01 3.999203e-01 3.904733e-01 3.808499e-01 3.718445e-01 3.637231e-01 3.564863e-01 3.498810e-01 3.446381e-01 3.416415e-01 3.409736e-01 3.417909e-01 3.427335e-01 3.429089e-01 3.419143e-01 3.397224e-01 3.364232e-01 3.318420e-01 3.256494e-01 3.174865e-01 3.073425e-01 2.956112e-01 2.828702e-01 2.696210e-01 2.561639e-01 2.428707e-01 2.301354e-01 2.180803e-01 2.065224e-01 1.950313e-01 1.831828e-01 1.707231e-01 1.579775e-01 1.453939e-01 1.334237e-01 1.225960e-01 1.127074e-01 1.036646e-01 9.541100e-02 8.749518e-02 7.995599e-02 7.282407e-02 6.599321e-02 5.949678e-02 5.326372e-02 4.729649e-02 4.170815e-02 3.657781e-02 3.198921e-02 2.793254e-02 2.436992e-02 2.125910e-02 1.846905e-02 1.599942e-02 1.381234e-02 1.180432e-02 1.004451e-02 8.474903e-03 7.055556e-03 5.839513e-03 4.767251e-03 3.839714e-03 3.054995e-03 2.391114e-03 1.836014e-03 1.385797e-03 1.021764e-03 7.319741e-04 5.136140e-04 3.462979e-04 2.264854e-04 1.427661e-04 8.502447e-05 4.898985e-05 2.769744e-05 1.569402e-05 8.447865e-06 4.268280e-06 2.106568e-06 9.275559e-07 3.971957e-07 1.476783e-07 5.283732e-08 1.732759e-08 5.543646e-09 1.756370e-09
5.687753e-09 3.389572e-07 3.029834e-07 3.165565e-07 6.590527e-07 7.671381e-07 1.243079e-06 2.879701e-06 4.021752e-06 5.082059e-06 7.277923e-06 1.126985e-05 1.478607e-05 1.827255e-05 2.025055e-05 2.005510e-05 2.161965e-05 2.719422e-05 3.831291e-05 5.045409e-05 6.320600e-05 7.785648e-05 1.004923e-04 1.329317e-04 1.714184e-04 2.184081e-04 2.836781e-04 3.610007e-04 4.500358e-04 5.501578e-04 6.640334e-04 8.173848e-04 1.024903e-03 1.232980e-03 1.353257e-03 1.539146e-03 1.773701e-03 1.931005e-03 2.135422e-03 2.415402e-03 2.800100e-03 3.383602e-03 4.034374e-03 4.715761e-03 5.621822e-03 6.847532e-03 8.567740e-03 1.053467e-02 1.221028e-02 1.405269e-02 1.636641e-02 1.882334e-02 2.146971e-02 2.441966e-02 2.807860e-02 3.309504e-02 3.937579e-02 4.650895e-02 5.384456e-02 6.049205e-02 6.717312e-02 7.438470e-02 8.104572e-02 8.765489e-02 9.508697e-02 1.031951e-01 1.124907e-01 1.235010e-01 1.357661e-01 1.488545e-01 1.626550e-01 1.766472e-01 1.908007e-01 2.057708e-01 2.216742e-01 2.380749e-01 2.541211e-01 2.688989e-01 2.814469e-01 2.905056e-01 2.958895e-01 2.995853e-01 3.039190e-01 3.090383e-01 3.139420e-01 3.192099e-01 3.261963e-01 3.351806e-01 3.455191e-01 3.564332e-01 3.671940e-01 3.771273e-01 3.862297e-01 3.953149e-01 4.046819e-01 4.125791e-01 4.164676e-01 4.153231e-01 4.096727e-01 4.011369e-01 3.915214e-01 3.818487e-01 3.723937e-01 3.626302e-01 3.527846e-01 3.441447e-01 3.378299e-01 3.347332e-01 3.346028e-01 3.362519e-01 3.384741e-01 3.403101e-01 3.412803e-01 3.408744e-01 3.385285e-01 3.340667e-01 3.278710e-01 3.207238e-01 3.132844e-01 3.058266e-01 2.981909e-01 2.898484e-01 2.802742e-01 2.691645e-01 2.564297e-01 2.423352e-01 2.274399e-01 2.123727e-01 1.974509e-01 1.830131e-01 1.695396e-01 1.570125e-01 1.452729e-01 1.342995e-01 1.239937e-01 1.141112e-01 1.046139e-01 9.574945e-02 8.735970e-02 7.953837e-02 7.252640e-02 6.598019e-02 5.982095e-02 5.411785e-02 4.867771e-02 4.356271e-02 3.885436e-02 3.447795e-02 3.045942e-02 2.678984e-02 2.336360e-02 2.021013e-02 1.730183e-02 1.461997e-02 1.226979e-02 1.017540e-02 8.365867e-03 6.872560e-03 5.597598e-03 4.561106e-03 3.709031e-03 2.987562e-03 2.381998e-03 1.870329e-03 1.431504e-03 1.069026e-03 7.761218e-04 5.403155e-04 3.677195e-04 2.378660e-04 1.482651e-04 8.866776e-05 5.009317e-05 2.801307e-05 1.598293e-05 8.842000e-06 4.565046e-06 2.181040e-06 1.002212e-06 4.007052e-07 1.594869e-07 5.420907e-08 1.894878e-08 6.080782e-09 2.091009e-09
1.082479e-06 1.213378e-06 7.090520e-06 3.018642e-06 1.249806e-06 1.681001e-06 2.007569e-06 1.767789e-06 2.319421e-06 4.496258e-06 7.901943e-06 1.129380e-05 1.636275e-05 2.488013e-05 3.728285e-05 5.126224e-05 6.496842e-05 7.907738e-05 9.335201e-05 1.023814e-04 1.043722e-04 1.111763e-04 1.285850e-04 1.500370e-04 1.807522e-04 2.322726e-04 3.074344e-04 4.225647e-04 5.211971e-04 5.749422e-04 6.423050e-04 7.361434e-04 8.352476e-04 9.601824e-04 1.141179e-03 1.317306e-03 1.545884e-03 1.890871e-03 2.289450e-03 2.952738e-03 3.904121e-03 4.771776e-03 5.480459e-03 6.254198e-03 7.306451e-03 8.747962e-03 1.021301e-02 1.144592e-02 1.266602e-02 1.409959e-02 1.611692e-02 1.882242e-02 2.153566e-02 2.402886e-02 2.730566e-02 3.203913e-02 3.802845e-02 4.462053e-02 5.067643e-02 5.627526e-02 6.194294e-02 6.790586e-02 7.590169e-02 8.610485e-02 9.666267e-02 1.069504e-01 1.166711e-01 1.257164e-01 1.358272e-01 1.486667e-01 1.631365e-01 1.773906e-01 1.916736e-01 2.069921e-01 2.232531e-01 2.400265e-01 2.563888e-01 2.698838e-01 2.786124e-01 2.847143e-01 2.920147e-01 3.001250e-01 3.066799e-01 3.120790e-01 3.174026e-01 3.219165e-01 3.253369e-01 3.296698e-01 3.371534e-01 3.481437e-01 3.614305e-01 3.755604e-01 3.894688e-01 4.013605e-01 4.090338e-01 4.120401e-01 4.115625e-01 4.089021e-01 4.044237e-01 3.979250e-01 3.890209e-01 3.779995e-01 3.666325e-01 3.564555e-01 3.484387e-01 3.429523e-01 3.395050e-01 3.378331e-01 3.374939e-01 3.379236e-01 3.388550e-01 3.399402e-01 3.409635e-01 3.416897e-01 3.418292e-01 3.409666e-01 3.385458e-01 3.342151e-01 3.278458e-01 3.196402e-01 3.099355e-01 2.989704e-01 2.868495e-01 2.735322e-01 2.590527e-01 2.437018e-01 2.278378e-01 2.118082e-01 1.961562e-01 1.812681e-01 1.672793e-01 1.542092e-01 1.422076e-01 1.312151e-01 1.207160e-01 1.107175e-01 1.010827e-01 9.172838e-02 8.323187e-02 7.569914e-02 6.900404e-02 6.316110e-02 5.797602e-02 5.318300e-02 4.855147e-02 4.400533e-02 3.958901e-02 3.527483e-02 3.113941e-02 2.724941e-02 2.358337e-02 2.023248e-02 1.721857e-02 1.451835e-02 1.214782e-02 1.010011e-02 8.345902e-03 6.841280e-03 5.587277e-03 4.534374e-03 3.652374e-03 2.930274e-03 2.325484e-03 1.825992e-03 1.408604e-03 1.060254e-03 7.744744e-04 5.485846e-04 3.724117e-04 2.429985e-04 1.504017e-04 8.950392e-05 5.088319e-05 2.794009e-05 1.602631e-05 9.008988e-06 4.783733e-06 2.385924e-06 1.078614e-06 4.681148e-07 1.739126e-07 6.321859e-08 1.983632e-08 6.570047e-09 2.082827e-09
1.221167e-05 4.985239e-06 3.637735e-06 1.066578e-05 1.088238e-05 4.667390e-06 3.006120e-06 3.145957e-06 4.996913e-06 7.020146e-06 8.007388e-06 1.031348e-05 1.538507e-05 2.870841e-05 4.716050e-05 6.574144e-05 8.849575e-05 9.904389e-05 9.483856e-05 8.502342e-05 7.788993e-05 7.105175e-05 6.734838e-05 7.869978e-05 1.116194e-04 1.596150e-04 2.177995e-04 2.554864e-04 2.937803e-04 3.421890e-04 3.837828e-04 4.382696e-04 5.195182e-04 6.274873e-04 7.721687e-04 9.610179e-04 1.144851e-03 1.393252e-03 1.842432e-03 2.389427e-03 2.993238e-03 3.917316e-03 5.139691e-03 6.476385e-03 7.550331e-03 8.245012e-03 9.016175e-03 1.025471e-02 1.198497e-02 1.382852e-02 1.550135e-02 1.725197e-02 2.023735e-02 2.500094e-02 2.980717e-02 3.357333e-02 3.673098e-02 3.981541e-02 4.399272e-02 4.991725e-02 5.683910e-02 6.464390e-02 7.327668e-02 8.236452e-02 9.328431e-02 1.060602e-01 1.184403e-01 1.303177e-01 1.428322e-01 1.551465e-01 1.674325e-01 1.818226e-01 1.978226e-01 2.131511e-01 2.275770e-01 2.412869e-01 2.537455e-01 2.652483e-01 2.764376e-01 2.869982e-01 2.965262e-01 3.052393e-01 3.135152e-01 3.210018e-01 3.265078e-01 3.296454e-01 3.317699e-01 3.349836e-01 3.411233e-01 3.514231e-01 3.655585e-01 3.815243e-01 3.969001e-01 4.097748e-01 4.189962e-01 4.239471e-01 4.238318e-01 4.181832e-01 4.079669e-01 3.958810e-01 3.844336e-01 3.743492e-01 3.653612e-01 3.566939e-01 3.484323e-01 3.415066e-01 3.364595e-01 3.338224e-01 3.335142e-01 3.349269e-01 3.371975e-01 3.391542e-01 3.401805e-01 3.403389e-01 3.400684e-01 3.396553e-01 3.386886e-01 3.361986e-01 3.309954e-01 3.224156e-01 3.105273e-01 2.960540e-01 2.800838e-01 2.635907e-01 2.473341e-01 2.317152e-01 2.167888e-01 2.024120e-01 1.883820e-01 1.744292e-01 1.604534e-01 1.469844e-01 1.345468e-01 1.232691e-01 1.132614e-01 1.044672e-01 9.642657e-02 8.872951e-02 8.136052e-02 7.422069e-02 6.730640e-02 6.092224e-02 5.498975e-02 4.937030e-02 4.420267e-02 3.940056e-02 3.492099e-02 3.090003e-02 2.725726e-02 2.392199e-02 2.094186e-02 1.821074e-02 1.571386e-02 1.349414e-02 1.146870e-02 9.685815e-03 8.107013e-03 6.704383e-03 5.509215e-03 4.464229e-03 3.589147e-03 2.847744e-03 2.235175e-03 1.729832e-03 1.313290e-03 9.788444e-04 7.066195e-04 5.002308e-04 3.385220e-04 2.219610e-04 1.391256e-04 8.223388e-05 4.752755e-05 2.603632e-05 1.511441e-05 8.365808e-06 4.390687e-06 2.204520e-06 1.026420e-06 4.456385e-07 1.780568e-07 6.412235e-08 2.200941e-08 6.824295e-09 2.238186e-09
8.229482e-06 3.916834e-06 2.505563e-06 2.723204e-06 4.129961e-06 4.371278e-06 5.004580e-06 5.720954e-06 4.788860e-06 3.431247e-06 3.827763e-06 6.805629e-06 1.252382e-05 1.998120e-05 2.396414e-05 2.770210e-05 3.459940e-05 4.395986e-05 4.862620e-05 4.892938e-05 4.598104e-05 4.409362e-05 4.449507e-05 5.576194e-05 8.451675e-05 1.246756e-04 1.534454e-04 1.779874e-04 1.974574e-04 2.192994e-04 2.605855e-04 3.117290e-04 3.806915e-04 4.928756e-04 6.036499e-04 7.321804e-04 9.333323e-04 1.207187e-03 1.571401e-03 2.076771e-03 2.717710e-03 3.478147e-03 4.544531e-03 5.701039e-03 6.605945e-03 7.368458e-03 8.248162e-03 9.529385e-03 1.128559e-02 1.347977e-02 1.613334e-02 1.929853e-02 2.297700e-02 2.719868e-02 3.123024e-02 3.420546e-02 3.720409e-02 4.146284e-02 4.633440e-02 5.123380e-02 5.678979e-02 6.380697e-02 7.262209e-02 8.307188e-02 9.445258e-02 1.063931e-01 1.196871e-01 1.341373e-01 1.481607e-01 1.618662e-01 1.755532e-01 1.871607e-01 1.964576e-01 2.067559e-01 2.201770e-01 2.355894e-01 2.510589e-01 2.661231e-01 2.802176e-01 2.917230e-01 3.005020e-01 3.081818e-01 3.153053e-01 3.212533e-01 3.261789e-01 3.307563e-01 3.349432e-01 3.391481e-01 3.457421e-01 3.572172e-01 3.729751e-01 3.896246e-01 4.040352e-01 4.149028e-01 4.220826e-01 4.254030e-01 4.243404e-01 4.186365e-01 4.088478e-01 3.970249e-01 3.856341e-01 3.757125e-01 3.669470e-01 3.580558e-01 3.488483e-01 3.405674e-01 3.342277e-01 3.304954e-01 3.291993e-01 3.298184e-01 3.320094e-01 3.352702e-01 3.389695e-01 3.420911e-01 3.436015e-01 3.430184e-01 3.403324e-01 3.358072e-01 3.296107e-01 3.216381e-01 3.115734e-01 2.992277e-01 2.848288e-01 2.689172e-01 2.522126e-01 2.353565e-01 2.188394e-01 2.028937e-01 1.873513e-01 1.722676e-01 1.580490e-01 1.448565e-01 1.325756e-01 1.212764e-01 1.111954e-01 1.021250e-01 9.394963e-02 8.658807e-02 7.970651e-02 7.323828e-02 6.708692e-02 6.112188e-02 5.536180e-02 4.982555e-02 4.462535e-02 3.978383e-02 3.529434e-02 3.119943e-02 2.748016e-02 2.413605e-02 2.109915e-02 1.831859e-02 1.579426e-02 1.347665e-02 1.141278e-02 9.571640e-03 7.949927e-03 6.584119e-03 5.401864e-03 4.411957e-03 3.570972e-03 2.851553e-03 2.247539e-03 1.739327e-03 1.319786e-03 9.804306e-04 7.141563e-04 5.026929e-04 3.469679e-04 2.288286e-04 1.446780e-04 8.784860e-05 5.022249e-05 2.760024e-05 1.506947e-05 8.145245e-06 4.258324e-06 2.031564e-06 9.545158e-07 3.985192e-07 1.642264e-07 6.258472e-08 2.290574e-08 8.147881e-09 2.702861e-09
9.771619e-07 1.682837e-06 4.796514e-06 3.479030e-06 2.106529e-06 2.296802e-06 3.069078e-06 3.127399e-06 3.521574e-06 6.055821e-06 1.025341e-05 1.300116e-05 1.336563e-05 1.299937e-05 1.482219e-05 1.778283e-05 2.147568e-05 2.388789e-05 3.041229e-05 3.872545e-05 5.096809e-05 7.020088e-05 9.042251e-05 1.057574e-04 1.108751e-04 1.248560e-04 1.521489e-04 1.783335e-04 2.092742e-04 2.369244e-04 2.584448e-04 3.046987e-04 3.798256e-04 4.653535e-04 6.039541e-04 7.802359e-04 1.021059e-03 1.415119e-03 1.929822e-03 2.605518e-03 3.506748e-03 4.389600e-03 4.971265e-03 5.550307e-03 6.575322e-03 8.050944e-03 9.860164e-03 1.174473e-02 1.345887e-02 1.554428e-02 1.844284e-02 2.182956e-02 2.508137e-02 2.757712e-02 2.989984e-02 3.331980e-02 3.763246e-02 4.241849e-02 4.800892e-02 5.454195e-02 6.149699e-02 6.865813e-02 7.729749e-02 8.834357e-02 1.003105e-01 1.122572e-01 1.251683e-01 1.386517e-01 1.516100e-01 1.639010e-01 1.749593e-01 1.843485e-01 1.936037e-01 2.046136e-01 2.174702e-01 2.316921e-01 2.472568e-01 2.633095e-01 2.775534e-01 2.885265e-01 2.965639e-01 3.021826e-01 3.061716e-01 3.098080e-01 3.136171e-01 3.175813e-01 3.228840e-01 3.314112e-01 3.432408e-01 3.567693e-01 3.708859e-01 3.854592e-01 3.998173e-01 4.117032e-01 4.187964e-01 4.205670e-01 4.181060e-01 4.127035e-01 4.048386e-01 3.948359e-01 3.831873e-01 3.707851e-01 3.593828e-01 3.498914e-01 3.422310e-01 3.356749e-01 3.293907e-01 3.241998e-01 3.216567e-01 3.226218e-01 3.267054e-01 3.322879e-01 3.377464e-01 3.419328e-01 3.441261e-01 3.439540e-01 3.412476e-01 3.362082e-01 3.291431e-01 3.204139e-01 3.103033e-01 2.988127e-01 2.858348e-01 2.714392e-01 2.559408e-01 2.398314e-01 2.235574e-01 2.074692e-01 1.919172e-01 1.771015e-01 1.631457e-01 1.500929e-01 1.379892e-01 1.268253e-01 1.163029e-01 1.062160e-01 9.671199e-02 8.810364e-02 8.040013e-02 7.355683e-02 6.765657e-02 6.236967e-02 5.745397e-02 5.286129e-02 4.828069e-02 4.368748e-02 3.920258e-02 3.473711e-02 3.045265e-02 2.649068e-02 2.280930e-02 1.952993e-02 1.662724e-02 1.403570e-02 1.178419e-02 9.808414e-03 8.123629e-03 6.678830e-03 5.454144e-03 4.447764e-03 3.586849e-03 2.887959e-03 2.293040e-03 1.789410e-03 1.379459e-03 1.032111e-03 7.549411e-04 5.388566e-04 3.697410e-04 2.469217e-04 1.580908e-04 9.741639e-05 5.730794e-05 3.245897e-05 1.723085e-05 8.804325e-06 4.596563e-06 2.303523e-06 1.016743e-06 4.348807e-07 1.646738e-07 6.356303e-08 2.385264e-08 9.006889e-09 3.443238e-09
1.039555e-08 6.033972e-07 9.771148e-07 1.413429e-06 3.195848e-06 6.251410e-06 7.275134e-06 7.448597e-06 1.002164e-05 1.480398e-05 1.713883e-05 1.784271e-05 1.857239e-05 1.909055e-05 1.808861e-05 1.852072e-05 1.985520e-05 2.815185e-05 4.159594e-05 5.987372e-05 7.977874e-05 1.032432e-04 1.351344e-04 1.546757e-04 1.628019e-04 1.599376e-04 1.627124e-04 1.857573e-04 2.060314e-04 2.267034e-04 2.733628e-04 3.299640e-04 4.066694e-04 5.222951e-04 6.770870e-04 9.604180e-04 1.370530e-03 1.776675e-03 2.285809e-03 2.874240e-03 3.413141e-03 4.052688e-03 4.788212e-03 5.460954e-03 6.274903e-03 7.642740e-03 9.419927e-03 1.131199e-02 1.341523e-02 1.589181e-02 1.844468e-02 2.069564e-02 2.310930e-02 2.607055e-02 2.941498e-02 3.342891e-02 3.829624e-02 4.378056e-02 4.933136e-02 5.461730e-02 6.125678e-02 7.004682e-02 7.927009e-02 8.887506e-02 1.002753e-01 1.124040e-01 1.223889e-01 1.300918e-01 1.381241e-01 1.476252e-01 1.581446e-01 1.703473e-01 1.847333e-01 2.001655e-01 2.155698e-01 2.305457e-01 2.445185e-01 2.575626e-01 2.703190e-01 2.821306e-01 2.917030e-01 2.993773e-01 3.065872e-01 3.132725e-01 3.182052e-01 3.212846e-01 3.239198e-01 3.283247e-01 3.366380e-01 3.495311e-01 3.656126e-01 3.822607e-01 3.970913e-01 4.088599e-01 4.169011e-01 4.200739e-01 4.178739e-01 4.114524e-01 4.025010e-01 3.924502e-01 3.818033e-01 3.702989e-01 3.582951e-01 3.463373e-01 3.354989e-01 3.271562e-01 3.219007e-01 3.199608e-01 3.207365e-01 3.232148e-01 3.266429e-01 3.303374e-01 3.338265e-01 3.365856e-01 3.379338e-01 3.371949e-01 3.337135e-01 3.272510e-01 3.181172e-01 3.071944e-01 2.954751e-01 2.834848e-01 2.713673e-01 2.589572e-01 2.461592e-01 2.330242e-01 2.196480e-01 2.061292e-01 1.925111e-01 1.788177e-01 1.652654e-01 1.523897e-01 1.406080e-01 1.299517e-01 1.201203e-01 1.108584e-01 1.018187e-01 9.283029e-02 8.407535e-02 7.572845e-02 6.807197e-02 6.113520e-02 5.478816e-02 4.903038e-02 4.376226e-02 3.897902e-02 3.473272e-02 3.095057e-02 2.751617e-02 2.436502e-02 2.147033e-02 1.874981e-02 1.621644e-02 1.392359e-02 1.179674e-02 9.907194e-03 8.224769e-03 6.744341e-03 5.502864e-03 4.423294e-03 3.554126e-03 2.820915e-03 2.209072e-03 1.718365e-03 1.292496e-03 9.606383e-04 6.924270e-04 4.807225e-04 3.277678e-04 2.118372e-04 1.342239e-04 8.144334e-05 4.810885e-05 2.760572e-05 1.511523e-05 8.031391e-06 4.373046e-06 2.226396e-06 1.054099e-06 4.368188e-07 1.740912e-07 6.197785e-08 2.309874e-08 8.588058e-09 3.393271e-09
6.641624e-09 1.121434e-07 4.353786e-07 1.085803e-06 1.751869e-06 2.379290e-06 5.588864e-06 1.684889e-05 2.921219e-05 2.929144e-05 2.253355e-05 1.548644e-05 1.345306e-05 1.355685e-05 1.410483e-05 1.424140e-05 1.641852e-05 2.130553e-05 2.852762e-05 3.836472e-05 5.270981e-05 7.177606e-05 9.048852e-05 1.046926e-04 1.190599e-04 1.336796e-04 1.486676e-04 1.537172e-04 1.752822e-04 2.198654e-04 2.848407e-04 3.975535e-04 5.580183e-04 7.754095e-04 1.050867e-03 1.262114e-03 1.430280e-03 1.690053e-03 1.903458e-03 2.142223e-03 2.471566e-03 2.767308e-03 3.209040e-03 4.022336e-03 5.037785e-03 5.997499e-03 7.104934e-03 8.727277e-03 1.081454e-02 1.282978e-02 1.486661e-02 1.743608e-02 2.044667e-02 2.396063e-02 2.794420e-02 3.196564e-02 3.608400e-02 4.049765e-02 4.583536e-02 5.242331e-02 5.933056e-02 6.659567e-02 7.536802e-02 8.481962e-02 9.349041e-02 1.017995e-01 1.105800e-01 1.194645e-01 1.282434e-01 1.379918e-01 1.495687e-01 1.629007e-01 1.777085e-01 1.940863e-01 2.125098e-01 2.319661e-01 2.489314e-01 2.602466e-01 2.668290e-01 2.727263e-01 2.807101e-01 2.906468e-01 3.013987e-01 3.117300e-01 3.199763e-01 3.254178e-01 3.291790e-01 3.334316e-01 3.397439e-01 3.483340e-01 3.592471e-01 3.734620e-01 3.904257e-01 4.058797e-01 4.155600e-01 4.185195e-01 4.159312e-01 4.091171e-01 3.992276e-01 3.879563e-01 3.768099e-01 3.662511e-01 3.564585e-01 3.471427e-01 3.385791e-01 3.316378e-01 3.266611e-01 3.238918e-01 3.230214e-01 3.233969e-01 3.244417e-01 3.256205e-01 3.268175e-01 3.278994e-01 3.284293e-01 3.278058e-01 3.253233e-01 3.205119e-01 3.130275e-01 3.028736e-01 2.906180e-01 2.772289e-01 2.636394e-01 2.502496e-01 2.370915e-01 2.240799e-01 2.110151e-01 1.979153e-01 1.850863e-01 1.729737e-01 1.617427e-01 1.510635e-01 1.406831e-01 1.305934e-01 1.207898e-01 1.113665e-01 1.022530e-01 9.323265e-02 8.443838e-02 7.601319e-02 6.784193e-02 6.021456e-02 5.338475e-02 4.722959e-02 4.180852e-02 3.702259e-02 3.267574e-02 2.883657e-02 2.543437e-02 2.239296e-02 1.970764e-02 1.728875e-02 1.510931e-02 1.311750e-02 1.129982e-02 9.649840e-03 8.139831e-03 6.811055e-03 5.610550e-03 4.562509e-03 3.656252e-03 2.870728e-03 2.233243e-03 1.690870e-03 1.267754e-03 9.263869e-04 6.581809e-04 4.602429e-04 3.048741e-04 1.974810e-04 1.212859e-04 7.152116e-05 4.132451e-05 2.244135e-05 1.309323e-05 7.219637e-06 4.081309e-06 2.044502e-06 1.000982e-06 4.481683e-07 1.798100e-07 6.968599e-08 2.425750e-08 9.366693e-09 3.449176e-09
7.192126e-09 6.001223e-08 1.399718e-07 3.754073e-07 9.513127e-07 2.801419e-06 5.043882e-06 6.079847e-06 7.582772e-06 1.065472e-05 1.339723e-05 1.586967e-05 1.545141e-05 1.197825e-05 9.728578e-06 9.745334e-06 1.185661e-05 1.501278e-05 1.988602e-05 2.844703e-05 4.320915e-05 6.174645e-05 8.190840e-05 1.053585e-04 1.315878e-04 1.537771e-04 1.682960e-04 1.989911e-04 2.373619e-04 3.074091e-04 4.159275e-04 5.680993e-04 8.041395e-04 1.138117e-03 1.391482e-03 1.491650e-03 1.515114e-03 1.533954e-03 1.701165e-03 1.915193e-03 2.131924e-03 2.516298e-03 3.058647e-03 3.750356e-03 4.629117e-03 5.646507e-03 6.895092e-03 8.443201e-03 1.040207e-02 1.280304e-02 1.511573e-02 1.743952e-02 2.038422e-02 2.405521e-02 2.825489e-02 3.259123e-02 3.742442e-02 4.330891e-02 5.013561e-02 5.753942e-02 6.469552e-02 7.085800e-02 7.617705e-02 8.188281e-02 8.856600e-02 9.559881e-02 1.033251e-01 1.131425e-01 1.252953e-01 1.389232e-01 1.533930e-01 1.681023e-01 1.825748e-01 1.971779e-01 2.122106e-01 2.275048e-01 2.433640e-01 2.591048e-01 2.720801e-01 2.807261e-01 2.869484e-01 2.930687e-01 2.994160e-01 3.060404e-01 3.136932e-01 3.223376e-01 3.307367e-01 3.382807e-01 3.459184e-01 3.549994e-01 3.657054e-01 3.769658e-01 3.876989e-01 3.968275e-01 4.032575e-01 4.065763e-01 4.067126e-01 4.035134e-01 3.968289e-01 3.872097e-01 3.757145e-01 3.637461e-01 3.529397e-01 3.436063e-01 3.354370e-01 3.283752e-01 3.224476e-01 3.184460e-01 3.170244e-01 3.181747e-01 3.210976e-01 3.242304e-01 3.262499e-01 3.264657e-01 3.250259e-01 3.227131e-01 3.200768e-01 3.169375e-01 3.123264e-01 3.051972e-01 2.949934e-01 2.818272e-01 2.665506e-01 2.505490e-01 2.351492e-01 2.211721e-01 2.087235e-01 1.973928e-01 1.865647e-01 1.758375e-01 1.652098e-01 1.547132e-01 1.443736e-01 1.340218e-01 1.235781e-01 1.131990e-01 1.031656e-01 9.369508e-02 8.493727e-02 7.693353e-02 6.945773e-02 6.253182e-02 5.612795e-02 5.011603e-02 4.462757e-02 3.960280e-02 3.499365e-02 3.082748e-02 2.699709e-02 2.353294e-02 2.041598e-02 1.764109e-02 1.519964e-02 1.306992e-02 1.122676e-02 9.582142e-03 8.160537e-03 6.876803e-03 5.729254e-03 4.742432e-03 3.828239e-03 3.059374e-03 2.380170e-03 1.807774e-03 1.342187e-03 9.656809e-04 6.843517e-04 4.680580e-04 3.136522e-04 2.034005e-04 1.272355e-04 7.739288e-05 4.440390e-05 2.556233e-05 1.473527e-05 8.572209e-06 4.391739e-06 2.257385e-06 1.038854e-06 4.667748e-07 1.984729e-07 7.571310e-08 3.020962e-08 1.070828e-08 4.427724e-09
5.616745e-09 4.067570e-07 4.405546e-07 4.987735e-07 1.027956e-06 1.113164e-06 1.629305e-06 3.619406e-06 4.999730e-06 5.939783e-06 8.524649e-06 1.275985e-05 1.610434e-05 1.881883e-05 2.075161e-05 2.100397e-05 2.091016e-05 2.600359e-05 3.811721e-05 5.679244e-05 7.596485e-05 9.924278e-05 1.287001e-04 1.597644e-04 1.858396e-04 2.145466e-04 2.605927e-04 3.237444e-04 4.196813e-04 5.254053e-04 6.657441e-04 8.431806e-04 1.065069e-03 1.235250e-03 1.362064e-03 1.504519e-03 1.682743e-03 1.896789e-03 2.067188e-03 2.325191e-03 2.772729e-03 3.368488e-03 4.122087e-03 4.888863e-03 5.851284e-03 7.293201e-03 9.076611e-03 1.106973e-02 1.289669e-02 1.463249e-02 1.675383e-02 1.919367e-02 2.169278e-02 2.423298e-02 2.731453e-02 3.182231e-02 3.803350e-02 4.554730e-02 5.338229e-02 6.068328e-02 6.754728e-02 7.411274e-02 8.021322e-02 8.581468e-02 9.130593e-02 9.774710e-02 1.063415e-01 1.174088e-01 1.305872e-01 1.453308e-01 1.609465e-01 1.760414e-01 1.896732e-01 2.035026e-01 2.193830e-01 2.355623e-01 2.491404e-01 2.606445e-01 2.717330e-01 2.809469e-01 2.866931e-01 2.907568e-01 2.958007e-01 3.022982e-01 3.091998e-01 3.165153e-01 3.254486e-01 3.363181e-01 3.478759e-01 3.585834e-01 3.676438e-01 3.750552e-01 3.817365e-01 3.889506e-01 3.966708e-01 4.026681e-01 4.042316e-01 4.003066e-01 3.918010e-01 3.809977e-01 3.698395e-01 3.589026e-01 3.482338e-01 3.376100e-01 3.276747e-01 3.197820e-01 3.145180e-01 3.120515e-01 3.119585e-01 3.137403e-01 3.170980e-01 3.213767e-01 3.256415e-01 3.286093e-01 3.290259e-01 3.263508e-01 3.209491e-01 3.139443e-01 3.065147e-01 2.993954e-01 2.925867e-01 2.853084e-01 2.763937e-01 2.648480e-01 2.505152e-01 2.344279e-01 2.182809e-01 2.033188e-01 1.897969e-01 1.774845e-01 1.660189e-01 1.551276e-01 1.445322e-01 1.339826e-01 1.234790e-01 1.130468e-01 1.028268e-01 9.329762e-02 8.463303e-02 7.670908e-02 6.965413e-02 6.323023e-02 5.708789e-02 5.139213e-02 4.609249e-02 4.118248e-02 3.682600e-02 3.281911e-02 2.908683e-02 2.569346e-02 2.251029e-02 1.956912e-02 1.689295e-02 1.444436e-02 1.224133e-02 1.029353e-02 8.563453e-03 7.067280e-03 5.804732e-03 4.709574e-03 3.811255e-03 3.041263e-03 2.378348e-03 1.835289e-03 1.364678e-03 9.949310e-04 7.008403e-04 4.739783e-04 3.142989e-04 1.995433e-04 1.253599e-04 7.694391e-05 4.601698e-05 2.685610e-05 1.594606e-05 9.550683e-06 5.349911e-06 2.722693e-06 1.271958e-06 5.424174e-07 2.160276e-07 8.477918e-08 3.139949e-08 1.278841e-08 4.724982e-09
1.093209e-06 1.531555e-06 7.454335e-06 3.582852e-06 1.718824e-06 2.432461e-06 2.996179e-06 2.574531e-06 3.231940e-06 5.495135e-06 8.655294e-06 1.286697e-05 1.828264e-05 2.675939e-05 3.869476e-05 5.161514e-05 6.690191e-05 8.010700e-05 1.035950e-04 1.185981e-04 1.302865e-04 1.390913e-04 1.512702e-04 1.644388e-04 1.801128e-04 2.120477e-04 2.818390e-04 3.928077e-04 5.132846e-04 5.989983e-04 6.717445e-04 7.848770e-04 8.884492e-04 1.003676e-03 1.154370e-03 1.349430e-03 1.610964e-03 1.918611e-03 2.340337e-03 3.002788e-03 3.880372e-03 4.729724e-03 5.469773e-03 6.456145e-03 7.779997e-03 9.446936e-03 1.117372e-02 1.249961e-02 1.355605e-02 1.491592e-02 1.679277e-02 1.899096e-02 2.143059e-02 2.419904e-02 2.774350e-02 3.261675e-02 3.849842e-02 4.489683e-02 5.130430e-02 5.700020e-02 6.255195e-02 6.838100e-02 7.504489e-02 8.358729e-02 9.332404e-02 1.028377e-01 1.117722e-01 1.206844e-01 1.309745e-01 1.435665e-01 1.582112e-01 1.742606e-01 1.911838e-01 2.081433e-01 2.243455e-01 2.398556e-01 2.539910e-01 2.644450e-01 2.709541e-01 2.763342e-01 2.828369e-01 2.901317e-01 2.977610e-01 3.063949e-01 3.152120e-01 3.216117e-01 3.250761e-01 3.285906e-01 3.350699e-01 3.448893e-01 3.570195e-01 3.705126e-01 3.840471e-01 3.948821e-01 4.006872e-01 4.015717e-01 3.991086e-01 3.944511e-01 3.875860e-01 3.783871e-01 3.673965e-01 3.556272e-01 3.443571e-01 3.341028e-01 3.254672e-01 3.191942e-01 3.153369e-01 3.140320e-01 3.150206e-01 3.176457e-01 3.211758e-01 3.248322e-01 3.282474e-01 3.312680e-01 3.335663e-01 3.343572e-01 3.322597e-01 3.262747e-01 3.168237e-01 3.056674e-01 2.947433e-01 2.849191e-01 2.759028e-01 2.666370e-01 2.558317e-01 2.425219e-01 2.265375e-01 2.089090e-01 1.914043e-01 1.754781e-01 1.615068e-01 1.492815e-01 1.384014e-01 1.283635e-01 1.186995e-01 1.091131e-01 9.945007e-02 9.003323e-02 8.123010e-02 7.316155e-02 6.610637e-02 5.994295e-02 5.447147e-02 4.964207e-02 4.506915e-02 4.073209e-02 3.666049e-02 3.278203e-02 2.923461e-02 2.593307e-02 2.287134e-02 2.007207e-02 1.745229e-02 1.501010e-02 1.275113e-02 1.070895e-02 8.859147e-03 7.242526e-03 5.846471e-03 4.658437e-03 3.687794e-03 2.881199e-03 2.247624e-03 1.718937e-03 1.303636e-03 9.659526e-04 6.881295e-04 4.797129e-04 3.138627e-04 2.005002e-04 1.230499e-04 7.343098e-05 4.361950e-05 2.481800e-05 1.426685e-05 7.854274e-06 4.727236e-06 2.646316e-06 1.344708e-06 6.086137e-07 2.405139e-07 9.194869e-08 3.442583e-08 1.324085e-08 5.365526e-09
1.515183e-05 5.704627e-06 4.192178e-06 1.190313e-05 1.288223e-05 5.825301e-06 3.961772e-06 4.253470e-06 6.508518e-06 9.098462e-06 1.029199e-05 1.260230e-05 1.852197e-05 3.081575e-05 4.898298e-05 7.261655e-05 9.800673e-05 1.138303e-04 1.038796e-04 9.030954e-05 8.041025e-05 7.052465e-05 6.476921e-05 7.668389e-05 1.074738e-04 1.562064e-04 2.080744e-04 2.667196e-04 3.166047e-04 3.844631e-04 4.489968e-04 4.896946e-04 5.606650e-04 6.717489e-04 8.260473e-04 1.021626e-03 1.219893e-03 1.503417e-03 1.950401e-03 2.482099e-03 3.089365e-03 3.992590e-03 5.260529e-03 6.785896e-03 8.299378e-03 9.256872e-03 9.953228e-03 1.122879e-02 1.292538e-02 1.442705e-02 1.580893e-02 1.764014e-02 2.046591e-02 2.470081e-02 2.980740e-02 3.454498e-02 3.842275e-02 4.188670e-02 4.616120e-02 5.142433e-02 5.720261e-02 6.400232e-02 7.181802e-02 8.028878e-02 9.024618e-02 1.017356e-01 1.136283e-01 1.253944e-01 1.371063e-01 1.493693e-01 1.630147e-01 1.786633e-01 1.959612e-01 2.133256e-01 2.285591e-01 2.407622e-01 2.515395e-01 2.622608e-01 2.719006e-01 2.797761e-01 2.877915e-01 2.973309e-01 3.073981e-01 3.164658e-01 3.236967e-01 3.288424e-01 3.321352e-01 3.348275e-01 3.395002e-01 3.482803e-01 3.606622e-01 3.743572e-01 3.873886e-01 3.983981e-01 4.062936e-01 4.098194e-01 4.078840e-01 4.006246e-01 3.893923e-01 3.762934e-01 3.632048e-01 3.509982e-01 3.401543e-01 3.305898e-01 3.225399e-01 3.165072e-01 3.125198e-01 3.110068e-01 3.122259e-01 3.158563e-01 3.207537e-01 3.250063e-01 3.272139e-01 3.272469e-01 3.260078e-01 3.246046e-01 3.233096e-01 3.214369e-01 3.175072e-01 3.100574e-01 2.987932e-01 2.847669e-01 2.697874e-01 2.552712e-01 2.415906e-01 2.283459e-01 2.148063e-01 2.003354e-01 1.849831e-01 1.693495e-01 1.543536e-01 1.409368e-01 1.294680e-01 1.196649e-01 1.110106e-01 1.030282e-01 9.526170e-02 8.738092e-02 7.927037e-02 7.131026e-02 6.370664e-02 5.675306e-02 5.080625e-02 4.562749e-02 4.110637e-02 3.716819e-02 3.343447e-02 2.993444e-02 2.665336e-02 2.351574e-02 2.064677e-02 1.803612e-02 1.567942e-02 1.360395e-02 1.172544e-02 1.000848e-02 8.478612e-03 7.070320e-03 5.784477e-03 4.671080e-03 3.672817e-03 2.843138e-03 2.155653e-03 1.605453e-03 1.186264e-03 8.554929e-04 6.137184e-04 4.271296e-04 2.889677e-04 1.909219e-04 1.195291e-04 7.370480e-05 4.273107e-05 2.433355e-05 1.299862e-05 7.035342e-06 3.965433e-06 2.226595e-06 1.243211e-06 5.983582e-07 2.776623e-07 1.065129e-07 4.346875e-08 1.594307e-08 6.755028e-09
1.011574e-05 4.505103e-06 2.801794e-06 3.140613e-06 4.623289e-06 4.508203e-06 5.065704e-06 5.710813e-06 5.135546e-06 3.816886e-06 4.496771e-06 8.233410e-06 1.520713e-05 2.358415e-05 2.818071e-05 3.384772e-05 4.109669e-05 4.848451e-05 5.153334e-05 4.757381e-05 4.176521e-05 4.104635e-05 4.161036e-05 5.361338e-05 7.913420e-05 1.202197e-04 1.652133e-04 1.925743e-04 2.290780e-04 2.603689e-04 2.997044e-04 3.569885e-04 4.151949e-04 5.120888e-04 6.252134e-04 7.455557e-04 9.497329e-04 1.247947e-03 1.617992e-03 2.131730e-03 2.754208e-03 3.487565e-03 4.645320e-03 5.853809e-03 6.529114e-03 7.369489e-03 8.570391e-03 9.744000e-03 1.133812e-02 1.365032e-02 1.636335e-02 1.945586e-02 2.325968e-02 2.766371e-02 3.122683e-02 3.362703e-02 3.710503e-02 4.186983e-02 4.680405e-02 5.228365e-02 5.818086e-02 6.454834e-02 7.233474e-02 8.193509e-02 9.281326e-02 1.042581e-01 1.162661e-01 1.295013e-01 1.441241e-01 1.591130e-01 1.727942e-01 1.834457e-01 1.914534e-01 2.004682e-01 2.131946e-01 2.285373e-01 2.437808e-01 2.580280e-01 2.715516e-01 2.833564e-01 2.924860e-01 3.000323e-01 3.075728e-01 3.150797e-01 3.218307e-01 3.278191e-01 3.333642e-01 3.388245e-01 3.456038e-01 3.557537e-01 3.692274e-01 3.833598e-01 3.952942e-01 4.035087e-01 4.078301e-01 4.082367e-01 4.042440e-01 3.960998e-01 3.851778e-01 3.734042e-01 3.619560e-01 3.508577e-01 3.403750e-01 3.307691e-01 3.225640e-01 3.162025e-01 3.114765e-01 3.086241e-01 3.078359e-01 3.091266e-01 3.123067e-01 3.166842e-01 3.213448e-01 3.250369e-01 3.265315e-01 3.254688e-01 3.224902e-01 3.187625e-01 3.148928e-01 3.104237e-01 3.039647e-01 2.939480e-01 2.798354e-01 2.626339e-01 2.443756e-01 2.270319e-01 2.115407e-01 1.974973e-01 1.838225e-01 1.697086e-01 1.551970e-01 1.408557e-01 1.272421e-01 1.149789e-01 1.044963e-01 9.572238e-02 8.841535e-02 8.202141e-02 7.606861e-02 7.042305e-02 6.460349e-02 5.867963e-02 5.286754e-02 4.727198e-02 4.236404e-02 3.810180e-02 3.429984e-02 3.092882e-02 2.771793e-02 2.460849e-02 2.162805e-02 1.877902e-02 1.613573e-02 1.370256e-02 1.154956e-02 9.666830e-03 8.027719e-03 6.654034e-03 5.485496e-03 4.467657e-03 3.591921e-03 2.831823e-03 2.165413e-03 1.626387e-03 1.177682e-03 8.404783e-04 5.882684e-04 4.023699e-04 2.792031e-04 1.859643e-04 1.251043e-04 8.111521e-05 5.054748e-05 3.010899e-05 1.651580e-05 8.745429e-06 4.577620e-06 2.457535e-06 1.224996e-06 6.377593e-07 2.802624e-07 1.306425e-07 5.018069e-08 2.167969e-08 8.018846e-09
8.725988e-07 1.370045e-06 4.256255e-06 3.088248e-06 1.755383e-06 1.991376e-06 2.773364e-06 2.932870e-06 3.422030e-06 6.578924e-06 1.194347e-05 1.480049e-05 1.550685e-05 1.556742e-05 1.752720e-05 2.119758e-05 2.354059e-05 2.380392e-05 2.608957e-05 3.226650e-05 4.110628e-05 5.353649e-05 7.493532e-05 8.970901e-05 1.032624e-04 1.229401e-04 1.552576e-04 2.012424e-04 2.354645e-04 2.619230e-04 2.834566e-04 3.157782e-04 3.941081e-04 4.785347e-04 5.979867e-04 8.001977e-04 1.047917e-03 1.412853e-03 1.953028e-03 2.601660e-03 3.499404e-03 4.516492e-03 5.023191e-03 5.486438e-03 6.498941e-03 7.679369e-03 9.083437e-03 1.101540e-02 1.299909e-02 1.511638e-02 1.816974e-02 2.183267e-02 2.498328e-02 2.745796e-02 3.017908e-02 3.324737e-02 3.640230e-02 4.069570e-02 4.670871e-02 5.358006e-02 6.087112e-02 6.910353e-02 7.877019e-02 8.961630e-02 1.009827e-01 1.128901e-01 1.259326e-01 1.395862e-01 1.520069e-01 1.624264e-01 1.711423e-01 1.787494e-01 1.866048e-01 1.954439e-01 2.057190e-01 2.185415e-01 2.340533e-01 2.504821e-01 2.655286e-01 2.782434e-01 2.886417e-01 2.960970e-01 3.008806e-01 3.050001e-01 3.098507e-01 3.156316e-01 3.230154e-01 3.331672e-01 3.455317e-01 3.581950e-01 3.703778e-01 3.825152e-01 3.938235e-01 4.018151e-01 4.049144e-01 4.036018e-01 3.989329e-01 3.914429e-01 3.813077e-01 3.694482e-01 3.571875e-01 3.453590e-01 3.346700e-01 3.251749e-01 3.170571e-01 3.107343e-01 3.062106e-01 3.037360e-01 3.032055e-01 3.042845e-01 3.068485e-01 3.107479e-01 3.158933e-01 3.217787e-01 3.271527e-01 3.301967e-01 3.292345e-01 3.240287e-01 3.157929e-01 3.063079e-01 2.967959e-01 2.872518e-01 2.767287e-01 2.641770e-01 2.491825e-01 2.322886e-01 2.146945e-01 1.978251e-01 1.826345e-01 1.691668e-01 1.568427e-01 1.449382e-01 1.330319e-01 1.211274e-01 1.093896e-01 9.828461e-02 8.852999e-02 8.043898e-02 7.403713e-02 6.881776e-02 6.437501e-02 6.043868e-02 5.632635e-02 5.200426e-02 4.747366e-02 4.268052e-02 3.812237e-02 3.391313e-02 3.004364e-02 2.662732e-02 2.346136e-02 2.042949e-02 1.756757e-02 1.484882e-02 1.232356e-02 1.008100e-02 8.151716e-03 6.528678e-03 5.209127e-03 4.158400e-03 3.322704e-03 2.636599e-03 2.086844e-03 1.612148e-03 1.223679e-03 8.944455e-04 6.264392e-04 4.309170e-04 2.814848e-04 1.850195e-04 1.205279e-04 7.674833e-05 5.027397e-05 3.088934e-05 1.880068e-05 1.027751e-05 5.437734e-06 2.786130e-06 1.381624e-06 6.326662e-07 2.925175e-07 1.255613e-07 5.683068e-08 2.306421e-08 1.009037e-08
5.014775e-09 3.837630e-07 6.911848e-07 9.700732e-07 2.294564e-06 4.490946e-06 5.708421e-06 6.806897e-06 1.000855e-05 1.541114e-05 1.904253e-05 2.087106e-05 2.344903e-05 2.375243e-05 2.301920e-05 2.254856e-05 2.303376e-05 2.870804e-05 3.973037e-05 5.231894e-05 6.639521e-05 8.400583e-05 1.055039e-04 1.313563e-04 1.479067e-04 1.587863e-04 1.750787e-04 2.043635e-04 2.338139e-04 2.508692e-04 2.817212e-04 3.382539e-04 3.970857e-04 5.133386e-04 7.035919e-04 9.808658e-04 1.426487e-03 1.892426e-03 2.349084e-03 2.985070e-03 3.540844e-03 4.016040e-03 4.729709e-03 5.347632e-03 5.993578e-03 7.252211e-03 8.855744e-03 1.037926e-02 1.218875e-02 1.478757e-02 1.745055e-02 1.967380e-02 2.244916e-02 2.567238e-02 2.906965e-02 3.345234e-02 3.846755e-02 4.331510e-02 4.779092e-02 5.251718e-02 5.934463e-02 6.838177e-02 7.858644e-02 9.067385e-02 1.041835e-01 1.162738e-01 1.251374e-01 1.317274e-01 1.378066e-01 1.444902e-01 1.527049e-01 1.625138e-01 1.738695e-01 1.873064e-01 2.021053e-01 2.164290e-01 2.300391e-01 2.436114e-01 2.567123e-01 2.685953e-01 2.795653e-01 2.903086e-01 3.007952e-01 3.103474e-01 3.179924e-01 3.227723e-01 3.251716e-01 3.280095e-01 3.349090e-01 3.471780e-01 3.626577e-01 3.777262e-01 3.898827e-01 3.985135e-01 4.033162e-01 4.032426e-01 3.981088e-01 3.892134e-01 3.781351e-01 3.664309e-01 3.551027e-01 3.441837e-01 3.337257e-01 3.235881e-01 3.141986e-01 3.065414e-01 3.011905e-01 2.987373e-01 2.990457e-01 3.013796e-01 3.048694e-01 3.085791e-01 3.119538e-01 3.147981e-01 3.171199e-01 3.187676e-01 3.189074e-01 3.161191e-01 3.091030e-01 2.979429e-01 2.842919e-01 2.702301e-01 2.571974e-01 2.455375e-01 2.346383e-01 2.234251e-01 2.110096e-01 1.972132e-01 1.825295e-01 1.679263e-01 1.545039e-01 1.428450e-01 1.328136e-01 1.237902e-01 1.149438e-01 1.058020e-01 9.613352e-02 8.633263e-02 7.726458e-02 6.924346e-02 6.267716e-02 5.731706e-02 5.263586e-02 4.851941e-02 4.439339e-02 4.018297e-02 3.607177e-02 3.197704e-02 2.817652e-02 2.474742e-02 2.167339e-02 1.901196e-02 1.659381e-02 1.438946e-02 1.233170e-02 1.037123e-02 8.541525e-03 6.875691e-03 5.424633e-03 4.213548e-03 3.241305e-03 2.480284e-03 1.898251e-03 1.448192e-03 1.094220e-03 8.113512e-04 5.860956e-04 4.001597e-04 2.651005e-04 1.670859e-04 1.006614e-04 6.105837e-05 3.526561e-05 2.137381e-05 1.275634e-05 7.677681e-06 4.744125e-06 2.700547e-06 1.439924e-06 6.644341e-07 3.047257e-07 1.273840e-07 5.525089e-08 2.405787e-08 1.107309e-08
4.512090e-09 6.496028e-08 2.484740e-07 7.032123e-07 1.243549e-06 1.906897e-06 4.693404e-06 1.423403e-05 2.684435e-05 2.910293e-05 2.403425e-05 1.762275e-05 1.580743e-05 1.662862e-05 1.693160e-05 1.723175e-05 2.089388e-05 2.670110e-05 3.231004e-05 3.978218e-05 4.950811e-05 6.450641e-05 8.048423e-05 9.374140e-05 1.149760e-04 1.415729e-04 1.674132e-04 1.784771e-04 1.934266e-04 2.344974e-04 2.963200e-04 3.832416e-04 5.448359e-04 7.677818e-04 1.046372e-03 1.331660e-03 1.511866e-03 1.752088e-03 2.014284e-03 2.193036e-03 2.467843e-03 2.775925e-03 3.134751e-03 3.895771e-03 4.891327e-03 5.725930e-03 6.704701e-03 8.315770e-03 1.026386e-02 1.199018e-02 1.388796e-02 1.640440e-02 1.947285e-02 2.317836e-02 2.738362e-02 3.166757e-02 3.609084e-02 4.079545e-02 4.589783e-02 5.155803e-02 5.797944e-02 6.589478e-02 7.516498e-02 8.468990e-02 9.429491e-02 1.036652e-01 1.119090e-01 1.189529e-01 1.257402e-01 1.333306e-01 1.425830e-01 1.541876e-01 1.679559e-01 1.837168e-01 2.019712e-01 2.203901e-01 2.346522e-01 2.439020e-01 2.510991e-01 2.583599e-01 2.662972e-01 2.767790e-01 2.910087e-01 3.064191e-01 3.190708e-01 3.273925e-01 3.322899e-01 3.356737e-01 3.393338e-01 3.447071e-01 3.532832e-01 3.656391e-01 3.796177e-01 3.910308e-01 3.968927e-01 3.967430e-01 3.917334e-01 3.834870e-01 3.733652e-01 3.625936e-01 3.520108e-01 3.418578e-01 3.325315e-01 3.239416e-01 3.161702e-01 3.096530e-01 3.045005e-01 3.011918e-01 3.000167e-01 3.009855e-01 3.036092e-01 3.066387e-01 3.089651e-01 3.100693e-01 3.099951e-01 3.090150e-01 3.072611e-01 3.047256e-01 3.008794e-01 2.945289e-01 2.845316e-01 2.709855e-01 2.554183e-01 2.397332e-01 2.253053e-01 2.125290e-01 2.009392e-01 1.894697e-01 1.773137e-01 1.647174e-01 1.522267e-01 1.401800e-01 1.290828e-01 1.193226e-01 1.108877e-01 1.035673e-01 9.655885e-02 8.927504e-02 8.146790e-02 7.329969e-02 6.528702e-02 5.782105e-02 5.156421e-02 4.638466e-02 4.191718e-02 3.809546e-02 3.441022e-02 3.069350e-02 2.708411e-02 2.359772e-02 2.041734e-02 1.761000e-02 1.516337e-02 1.306334e-02 1.127304e-02 9.711767e-03 8.294094e-03 6.989056e-03 5.742949e-03 4.573141e-03 3.517428e-03 2.625957e-03 1.904411e-03 1.368587e-03 9.785801e-04 6.991270e-04 4.988778e-04 3.521547e-04 2.434532e-04 1.616618e-04 1.040764e-04 6.248165e-05 3.633188e-05 2.039170e-05 1.201484e-05 7.356217e-06 4.468843e-06 2.802143e-06 1.529354e-06 8.333001e-07 3.662580e-07 1.651800e-07 6.413360e-08 2.833537e-08 1.249405e-08
3.185230e-09 4.350713e-08 1.236573e-07 3.213656e-07 8.259106e-07 2.435124e-06 4.432447e-06 5.472843e-06 6.664478e-06 9.681778e-06 1.243797e-05 1.499445e-05 1.533752e-05 1.271080e-05 1.101666e-05 1.174743e-05 1.562548e-05 2.065318e-05 2.594586e-05 3.398002e-05 4.749962e-05 6.266332e-05 8.227760e-05 1.064364e-04 1.396780e-04 1.701007e-04 1.892718e-04 2.173495e-04 2.577455e-04 3.124687e-04 4.083673e-04 5.613513e-04 7.886390e-04 1.138415e-03 1.428994e-03 1.521582e-03 1.553206e-03 1.571573e-03 1.715326e-03 1.958697e-03 2.171485e-03 2.558188e-03 3.185293e-03 3.839705e-03 4.586750e-03 5.625836e-03 6.870655e-03 8.294968e-03 1.030654e-02 1.270468e-02 1.503685e-02 1.754032e-02 2.035653e-02 2.396412e-02 2.813344e-02 3.218508e-02 3.706726e-02 4.335469e-02 5.106572e-02 5.962589e-02 6.682020e-02 7.184678e-02 7.671724e-02 8.225038e-02 8.772714e-02 9.414170e-02 1.024030e-01 1.120896e-01 1.234033e-01 1.366760e-01 1.509291e-01 1.646477e-01 1.774373e-01 1.899276e-01 2.028052e-01 2.164814e-01 2.309579e-01 2.448239e-01 2.561579e-01 2.646975e-01 2.720598e-01 2.796089e-01 2.877090e-01 2.971749e-01 3.087715e-01 3.215501e-01 3.332843e-01 3.423399e-01 3.490871e-01 3.552110e-01 3.614548e-01 3.671905e-01 3.721045e-01 3.762576e-01 3.791553e-01 3.801773e-01 3.789827e-01 3.751731e-01 3.683693e-01 3.591328e-01 3.487190e-01 3.381720e-01 3.284475e-01 3.197630e-01 3.123128e-01 3.064034e-01 3.017916e-01 2.986716e-01 2.973157e-01 2.979830e-01 3.005014e-01 3.038979e-01 3.070696e-01 3.090219e-01 3.091832e-01 3.076626e-01 3.049433e-01 3.015273e-01 2.976401e-01 2.931544e-01 2.872173e-01 2.783130e-01 2.652653e-01 2.485190e-01 2.301818e-01 2.125850e-01 1.972241e-01 1.844523e-01 1.736592e-01 1.639922e-01 1.546810e-01 1.451256e-01 1.351438e-01 1.247337e-01 1.144470e-01 1.050101e-01 9.684371e-02 9.002187e-02 8.381703e-02 7.773732e-02 7.123957e-02 6.421089e-02 5.720809e-02 5.040230e-02 4.451309e-02 3.963186e-02 3.540054e-02 3.184248e-02 2.856866e-02 2.531504e-02 2.212442e-02 1.896818e-02 1.600870e-02 1.338284e-02 1.110866e-02 9.216975e-03 7.687414e-03 6.422393e-03 5.370252e-03 4.463014e-03 3.607732e-03 2.831997e-03 2.136322e-03 1.537461e-03 1.064026e-03 7.164401e-04 4.721338e-04 3.143932e-04 2.104230e-04 1.436134e-04 9.814229e-05 6.544822e-05 4.308051e-05 2.782382e-05 1.693649e-05 9.654558e-06 5.501843e-06 3.040284e-06 1.699909e-06 8.902279e-07 4.533301e-07 1.963019e-07 8.355879e-08 3.201983e-08 1.377584e-08
3.786921e-09 3.113836e-07 3.691976e-07 4.563284e-07 9.306589e-07 1.032633e-06 1.510546e-06 3.244206e-06 4.554665e-06 5.042139e-06 7.176161e-06 1.073150e-05 1.366552e-05 1.617523e-05 1.929010e-05 2.025158e-05 2.302458e-05 3.254920e-05 4.969906e-05 7.129926e-05 9.213322e-05 1.144603e-04 1.424495e-04 1.783278e-04 2.079699e-04 2.389992e-04 2.872103e-04 3.447133e-04 4.194542e-04 5.206139e-04 6.359192e-04 8.141907e-04 1.069069e-03 1.270110e-03 1.404001e-03 1.506160e-03 1.631326e-03 1.820749e-03 1.982518e-03 2.237488e-03 2.803484e-03 3.529002e-03 4.282750e-03 5.203883e-03 6.320839e-03 7.643157e-03 9.498993e-03 1.157946e-02 1.325108e-02 1.497045e-02 1.703087e-02 1.934125e-02 2.189876e-02 2.434532e-02 2.722267e-02 3.147269e-02 3.726985e-02 4.484075e-02 5.358212e-02 6.218268e-02 7.034767e-02 7.723686e-02 8.163518e-02 8.483006e-02 8.873388e-02 9.366303e-02 1.011507e-01 1.131195e-01 1.283017e-01 1.438919e-01 1.585142e-01 1.720434e-01 1.848606e-01 1.978743e-01 2.113350e-01 2.241338e-01 2.356459e-01 2.462244e-01 2.556443e-01 2.630665e-01 2.691813e-01 2.762367e-01 2.854256e-01 2.961587e-01 3.071684e-01 3.180954e-01 3.296132e-01 3.411100e-01 3.503802e-01 3.563678e-01 3.599108e-01 3.622678e-01 3.647681e-01 3.683906e-01 3.725689e-01 3.752607e-01 3.744958e-01 3.697514e-01 3.618518e-01 3.523525e-01 3.423532e-01 3.321472e-01 3.222865e-01 3.131846e-01 3.054637e-01 2.997651e-01 2.960194e-01 2.943009e-01 2.944304e-01 2.960981e-01 2.989562e-01 3.024765e-01 3.062378e-01 3.096263e-01 3.117161e-01 3.115616e-01 3.085804e-01 3.030167e-01 2.957181e-01 2.877446e-01 2.798562e-01 2.723425e-01 2.646779e-01 2.553558e-01 2.424147e-01 2.251860e-01 2.057077e-01 1.871272e-01 1.715746e-01 1.596953e-01 1.508914e-01 1.440963e-01 1.380191e-01 1.311187e-01 1.226732e-01 1.126045e-01 1.019427e-01 9.196453e-02 8.333266e-02 7.630194e-02 7.037314e-02 6.510009e-02 5.972065e-02 5.400546e-02 4.830585e-02 4.263191e-02 3.757462e-02 3.325944e-02 2.947759e-02 2.631288e-02 2.347412e-02 2.070833e-02 1.802944e-02 1.530823e-02 1.266413e-02 1.024695e-02 8.123632e-03 6.413640e-03 5.078335e-03 4.032481e-03 3.256011e-03 2.617288e-03 2.079578e-03 1.610883e-03 1.180231e-03 8.202199e-04 5.368476e-04 3.357994e-04 2.060577e-04 1.263215e-04 7.839804e-05 5.114771e-05 3.368118e-05 2.390905e-05 1.680074e-05 1.080548e-05 6.417534e-06 3.481937e-06 1.886234e-06 9.385225e-07 4.754131e-07 2.112822e-07 9.174801e-08 3.714796e-08 1.506114e-08
8.204854e-07 1.394995e-06 6.254498e-06 3.120106e-06 1.580351e-06 2.096599e-06 2.547733e-06 2.258688e-06 2.759324e-06 4.832623e-06 7.176713e-06 1.056221e-05 1.485830e-05 2.191397e-05 3.155959e-05 4.847195e-05 7.245664e-05 9.859683e-05 1.282304e-04 1.513437e-04 1.601464e-04 1.641595e-04 1.751675e-04 1.850239e-04 2.029353e-04 2.385277e-04 3.049560e-04 4.179997e-04 5.196454e-04 5.870053e-04 6.788619e-04 7.892125e-04 9.133925e-04 1.051732e-03 1.186479e-03 1.371725e-03 1.603587e-03 1.855808e-03 2.258335e-03 2.970794e-03 3.890986e-03 4.832903e-03 5.804253e-03 6.890140e-03 8.437393e-03 1.044394e-02 1.212376e-02 1.334504e-02 1.445369e-02 1.567342e-02 1.733813e-02 1.948038e-02 2.182830e-02 2.433006e-02 2.774344e-02 3.288534e-02 3.936100e-02 4.606039e-02 5.195042e-02 5.721745e-02 6.282228e-02 6.903479e-02 7.614122e-02 8.398468e-02 9.198923e-02 9.975304e-02 1.070214e-01 1.140136e-01 1.225700e-01 1.352905e-01 1.520513e-01 1.699526e-01 1.873167e-01 2.041761e-01 2.199500e-01 2.334289e-01 2.438893e-01 2.505887e-01 2.544518e-01 2.588882e-01 2.668128e-01 2.777719e-01 2.900630e-01 3.031122e-01 3.155534e-01 3.247954e-01 3.298689e-01 3.326606e-01 3.360989e-01 3.418159e-01 3.495463e-01 3.580711e-01 3.659050e-01 3.713118e-01 3.732965e-01 3.722765e-01 3.690007e-01 3.637900e-01 3.567806e-01 3.484492e-01 3.393451e-01 3.299282e-01 3.210621e-01 3.130356e-01 3.061292e-01 3.008728e-01 2.974490e-01 2.963090e-01 2.973578e-01 2.999975e-01 3.035722e-01 3.074823e-01 3.113603e-01 3.148042e-01 3.173443e-01 3.184145e-01 3.171602e-01 3.126896e-01 3.045477e-01 2.932852e-01 2.802749e-01 2.671608e-01 2.551621e-01 2.448132e-01 2.357273e-01 2.262668e-01 2.142646e-01 1.988004e-01 1.814026e-01 1.647918e-01 1.507157e-01 1.397427e-01 1.313551e-01 1.246058e-01 1.184336e-01 1.115307e-01 1.033197e-01 9.375646e-02 8.381776e-02 7.454019e-02 6.658076e-02 6.028901e-02 5.520561e-02 5.107801e-02 4.719781e-02 4.301358e-02 3.868442e-02 3.415305e-02 2.987207e-02 2.607402e-02 2.268058e-02 1.985321e-02 1.739424e-02 1.513807e-02 1.305221e-02 1.095548e-02 8.925569e-03 7.023371e-03 5.345352e-03 3.993480e-03 2.950058e-03 2.195341e-03 1.661949e-03 1.266063e-03 9.761624e-04 7.346923e-04 5.330623e-04 3.696629e-04 2.377210e-04 1.460378e-04 8.531921e-05 4.901588e-05 2.949441e-05 1.846024e-05 1.241431e-05 8.855283e-06 6.020028e-06 3.772474e-06 2.078091e-06 1.114280e-06 5.029853e-07 2.384222e-07 9.750900e-08 4.406207e-08 1.887143e-08
1.198137e-05 4.075226e-06 3.810734e-06 1.054052e-05 1.055200e-05 5.548462e-06 3.826002e-06 3.819325e-06 5.758846e-06 7.635042e-06 8.687840e-06 1.048610e-05 1.565923e-05 2.729162e-05 4.568866e-05 6.495856e-05 9.095803e-05 1.097003e-04 1.044694e-04 9.433054e-05 8.578617e-05 7.606312e-05 7.819106e-05 9.334539e-05 1.264411e-04 1.788036e-04 2.358554e-04 2.854216e-04 3.411310e-04 4.055617e-04 4.662400e-04 5.355778e-04 6.124902e-04 7.295155e-04 9.164508e-04 1.126254e-03 1.328775e-03 1.607848e-03 2.074478e-03 2.643498e-03 3.291774e-03 4.208585e-03 5.426494e-03 7.058458e-03 8.749402e-03 9.932819e-03 1.093993e-02 1.230409e-02 1.399030e-02 1.557836e-02 1.697625e-02 1.849064e-02 2.091815e-02 2.520785e-02 3.086134e-02 3.605812e-02 4.015544e-02 4.377478e-02 4.794110e-02 5.266635e-02 5.749630e-02 6.320268e-02 7.055492e-02 7.958681e-02 9.003605e-02 1.008857e-01 1.113316e-01 1.214959e-01 1.313155e-01 1.417887e-01 1.556167e-01 1.736924e-01 1.927821e-01 2.094938e-01 2.234305e-01 2.345619e-01 2.431807e-01 2.509826e-01 2.591367e-01 2.675761e-01 2.767393e-01 2.872791e-01 2.993565e-01 3.124083e-01 3.240725e-01 3.316695e-01 3.353687e-01 3.381015e-01 3.423156e-01 3.481923e-01 3.549070e-01 3.620528e-01 3.693354e-01 3.756216e-01 3.791948e-01 3.789002e-01 3.748822e-01 3.680704e-01 3.592661e-01 3.493709e-01 3.392317e-01 3.291683e-01 3.196861e-01 3.109751e-01 3.035381e-01 2.982011e-01 2.952448e-01 2.949622e-01 2.970833e-01 3.009507e-01 3.057311e-01 3.102597e-01 3.135859e-01 3.151317e-01 3.148218e-01 3.129251e-01 3.096443e-01 3.049783e-01 2.985512e-01 2.897670e-01 2.782212e-01 2.643274e-01 2.493765e-01 2.348828e-01 2.218109e-01 2.103048e-01 1.998104e-01 1.892381e-01 1.775734e-01 1.644256e-01 1.504256e-01 1.370196e-01 1.253003e-01 1.158979e-01 1.085294e-01 1.026117e-01 9.742471e-02 9.168214e-02 8.476143e-02 7.651938e-02 6.765658e-02 5.918524e-02 5.193246e-02 4.618852e-02 4.158382e-02 3.795057e-02 3.468124e-02 3.132432e-02 2.788662e-02 2.423282e-02 2.070470e-02 1.752876e-02 1.474273e-02 1.249047e-02 1.062092e-02 9.071388e-03 7.745944e-03 6.468190e-03 5.233972e-03 4.059165e-03 3.006432e-03 2.150327e-03 1.498376e-03 1.045535e-03 7.355828e-04 5.309455e-04 3.941506e-04 2.927587e-04 2.166619e-04 1.520600e-04 1.000760e-04 6.093125e-05 3.503128e-05 2.054548e-05 1.216564e-05 8.195934e-06 5.330517e-06 3.483280e-06 2.147525e-06 1.165660e-06 6.074490e-07 2.595768e-07 1.176737e-07 4.737258e-08 2.300226e-08
7.810634e-06 3.502703e-06 2.325661e-06 2.858714e-06 4.315515e-06 4.078678e-06 4.242640e-06 4.658624e-06 3.999155e-06 3.016932e-06 3.464371e-06 6.236807e-06 1.164844e-05 1.773358e-05 2.232235e-05 2.739560e-05 3.388848e-05 4.132348e-05 4.663101e-05 4.482014e-05 4.245973e-05 4.534181e-05 5.086174e-05 6.671832e-05 1.000614e-04 1.486342e-04 1.914936e-04 2.184881e-04 2.438763e-04 2.799943e-04 3.294460e-04 3.839850e-04 4.672128e-04 5.755109e-04 6.804747e-04 7.963113e-04 1.001945e-03 1.330212e-03 1.723674e-03 2.260927e-03 2.912600e-03 3.693033e-03 4.912046e-03 6.114509e-03 6.683661e-03 7.429137e-03 8.767853e-03 1.018914e-02 1.188020e-02 1.406869e-02 1.678618e-02 2.017808e-02 2.429065e-02 2.868873e-02 3.190649e-02 3.416885e-02 3.778341e-02 4.285762e-02 4.801099e-02 5.331417e-02 5.872867e-02 6.464381e-02 7.206425e-02 8.092325e-02 9.112818e-02 1.026909e-01 1.150227e-01 1.283005e-01 1.434856e-01 1.592694e-01 1.716482e-01 1.788963e-01 1.840498e-01 1.912463e-01 2.020535e-01 2.158743e-01 2.307800e-01 2.451100e-01 2.584929e-01 2.706488e-01 2.813152e-01 2.909380e-01 3.003353e-01 3.099748e-01 3.196674e-01 3.288294e-01 3.366190e-01 3.425212e-01 3.480385e-01 3.555406e-01 3.648230e-01 3.733146e-01 3.788167e-01 3.807696e-01 3.799686e-01 3.770198e-01 3.716801e-01 3.641275e-01 3.552560e-01 3.459500e-01 3.366202e-01 3.274831e-01 3.192589e-01 3.119380e-01 3.053901e-01 2.999118e-01 2.957490e-01 2.937044e-01 2.940959e-01 2.966115e-01 3.005071e-01 3.047084e-01 3.082954e-01 3.104470e-01 3.105071e-01 3.081779e-01 3.036135e-01 2.975357e-01 2.907940e-01 2.838326e-01 2.763931e-01 2.676664e-01 2.567276e-01 2.433526e-01 2.283613e-01 2.131766e-01 1.990315e-01 1.862888e-01 1.746570e-01 1.633804e-01 1.517556e-01 1.394086e-01 1.265390e-01 1.141729e-01 1.032189e-01 9.437592e-02 8.763622e-02 8.260770e-02 7.868913e-02 7.485880e-02 7.028973e-02 6.438962e-02 5.751211e-02 5.042497e-02 4.399161e-02 3.869983e-02 3.434193e-02 3.083863e-02 2.774251e-02 2.471159e-02 2.168678e-02 1.849805e-02 1.538422e-02 1.249655e-02 1.000417e-02 8.017250e-03 6.456764e-03 5.299420e-03 4.399136e-03 3.638087e-03 2.952391e-03 2.297077e-03 1.698267e-03 1.184226e-03 7.936256e-04 5.207625e-04 3.451340e-04 2.341562e-04 1.665521e-04 1.220457e-04 9.024203e-05 6.521026e-05 4.282063e-05 2.602166e-05 1.519701e-05 9.021459e-06 5.505909e-06 3.318208e-06 2.031828e-06 1.207074e-06 6.352340e-07 3.146458e-07 1.277600e-07 5.530166e-08 2.235445e-08
7.264566e-07 1.263818e-06 4.003105e-06 2.795931e-06 1.481336e-06 1.638781e-06 2.325405e-06 2.454771e-06 2.791392e-06 5.193468e-06 9.258512e-06 1.209200e-05 1.206435e-05 1.193680e-05 1.316696e-05 1.568028e-05 1.711289e-05 1.808253e-05 2.122976e-05 2.943449e-05 4.182982e-05 6.035925e-05 9.060209e-05 1.118034e-04 1.268318e-04 1.464719e-04 1.768250e-04 2.152203e-04 2.529082e-04 2.772646e-04 3.038721e-04 3.541222e-04 4.242432e-04 5.117255e-04 6.217541e-04 7.986809e-04 1.047221e-03 1.429971e-03 2.000102e-03 2.647989e-03 3.585123e-03 4.665121e-03 5.167101e-03 5.524659e-03 6.389562e-03 7.447501e-03 8.751641e-03 1.070525e-02 1.286269e-02 1.513643e-02 1.828345e-02 2.204553e-02 2.525517e-02 2.767101e-02 2.997405e-02 3.247418e-02 3.523441e-02 3.913132e-02 4.510544e-02 5.261504e-02 6.086377e-02 6.978720e-02 7.937194e-02 8.972939e-02 1.003917e-01 1.116604e-01 1.246511e-01 1.384894e-01 1.510742e-01 1.612316e-01 1.685887e-01 1.731155e-01 1.771094e-01 1.829649e-01 1.909012e-01 2.013360e-01 2.155868e-01 2.329199e-01 2.497864e-01 2.638331e-01 2.753650e-01 2.848735e-01 2.931083e-01 3.010060e-01 3.085782e-01 3.159463e-01 3.244204e-01 3.350543e-01 3.466501e-01 3.568621e-01 3.649439e-01 3.715586e-01 3.765504e-01 3.786806e-01 3.774400e-01 3.733914e-01 3.672652e-01 3.594885e-01 3.502423e-01 3.401435e-01 3.300862e-01 3.206632e-01 3.125606e-01 3.058319e-01 3.003590e-01 2.960673e-01 2.925623e-01 2.901716e-01 2.893413e-01 2.903857e-01 2.932394e-01 2.971577e-01 3.012250e-01 3.046370e-01 3.067063e-01 3.067831e-01 3.042357e-01 2.988414e-01 2.908542e-01 2.811137e-01 2.707220e-01 2.605174e-01 2.506571e-01 2.407410e-01 2.299828e-01 2.176673e-01 2.037554e-01 1.891504e-01 1.752453e-01 1.628994e-01 1.522314e-01 1.425223e-01 1.329802e-01 1.229243e-01 1.120438e-01 1.010151e-01 9.071270e-02 8.216935e-02 7.559600e-02 7.069041e-02 6.708708e-02 6.400074e-02 6.056631e-02 5.605696e-02 5.041163e-02 4.403833e-02 3.782045e-02 3.242970e-02 2.792699e-02 2.437003e-02 2.145710e-02 1.886239e-02 1.637283e-02 1.378364e-02 1.118860e-02 8.755565e-03 6.682566e-03 5.050987e-03 3.832077e-03 2.974223e-03 2.365759e-03 1.912616e-03 1.545395e-03 1.209888e-03 9.006039e-04 6.263013e-04 4.082097e-04 2.590734e-04 1.611843e-04 1.041736e-04 7.201459e-05 5.118848e-05 3.855633e-05 2.652296e-05 1.726552e-05 1.013291e-05 5.941075e-06 3.572213e-06 2.044001e-06 1.216620e-06 6.682860e-07 3.453470e-07 1.596529e-07 6.699082e-08 2.956259e-08
2.970270e-09 3.400563e-07 6.157405e-07 7.378565e-07 1.889391e-06 3.855021e-06 5.025100e-06 6.400956e-06 1.019880e-05 1.571769e-05 1.944100e-05 2.066081e-05 2.211958e-05 2.051414e-05 1.902947e-05 1.787991e-05 1.846312e-05 2.128627e-05 3.235382e-05 4.723752e-05 6.530983e-05 9.065281e-05 1.202642e-04 1.576674e-04 1.756155e-04 1.798871e-04 1.904744e-04 2.175689e-04 2.448034e-04 2.700915e-04 3.042570e-04 3.591691e-04 4.306143e-04 5.311730e-04 7.218047e-04 1.033591e-03 1.498608e-03 1.990351e-03 2.490408e-03 3.203699e-03 3.746240e-03 4.115440e-03 4.678617e-03 5.172703e-03 5.806800e-03 7.067647e-03 8.557222e-03 9.847065e-03 1.156192e-02 1.429578e-02 1.700608e-02 1.928819e-02 2.224670e-02 2.569341e-02 2.926769e-02 3.347708e-02 3.784606e-02 4.179179e-02 4.575575e-02 5.045941e-02 5.724779e-02 6.647696e-02 7.739159e-02 9.040014e-02 1.047550e-01 1.172788e-01 1.265254e-01 1.328145e-01 1.363748e-01 1.393273e-01 1.448994e-01 1.532817e-01 1.630174e-01 1.741755e-01 1.867237e-01 1.992935e-01 2.109710e-01 2.229292e-01 2.359978e-01 2.493798e-01 2.629255e-01 2.770784e-01 2.916069e-01 3.050919e-01 3.152986e-01 3.209787e-01 3.231215e-01 3.247518e-01 3.296210e-01 3.390432e-01 3.506495e-01 3.609960e-01 3.680887e-01 3.715810e-01 3.716986e-01 3.686042e-01 3.626595e-01 3.546322e-01 3.454892e-01 3.363406e-01 3.277090e-01 3.193401e-01 3.114219e-01 3.041732e-01 2.981506e-01 2.939647e-01 2.912919e-01 2.897099e-01 2.886758e-01 2.881675e-01 2.886697e-01 2.903469e-01 2.928588e-01 2.952985e-01 2.966212e-01 2.961548e-01 2.935967e-01 2.887916e-01 2.814829e-01 2.717079e-01 2.600918e-01 2.477163e-01 2.356653e-01 2.247054e-01 2.149696e-01 2.061305e-01 1.975430e-01 1.884310e-01 1.781673e-01 1.668081e-01 1.553029e-01 1.446796e-01 1.355153e-01 1.274146e-01 1.196315e-01 1.112439e-01 1.014959e-01 9.078708e-02 8.007499e-02 7.058511e-02 6.285392e-02 5.682798e-02 5.219152e-02 4.833048e-02 4.464106e-02 4.057481e-02 3.600897e-02 3.106380e-02 2.625802e-02 2.208660e-02 1.861434e-02 1.591577e-02 1.383373e-02 1.213274e-02 1.058548e-02 8.983918e-03 7.298062e-03 5.609693e-03 4.125727e-03 2.955478e-03 2.099930e-03 1.524278e-03 1.139254e-03 8.804214e-04 6.896391e-04 5.367364e-04 4.024327e-04 2.787365e-04 1.827185e-04 1.126187e-04 6.882122e-05 4.483503e-05 2.962668e-05 2.095940e-05 1.434137e-05 9.534040e-06 6.495066e-06 3.967448e-06 2.481780e-06 1.329356e-06 7.502530e-07 3.585173e-07 1.792642e-07 8.104247e-08 3.916745e-08
4.484749e-09 5.217571e-08 1.840993e-07 6.507626e-07 1.293875e-06 2.098926e-06 5.306085e-06 1.687101e-05 3.120830e-05 3.375952e-05 2.683003e-05 1.914119e-05 1.634548e-05 1.680302e-05 1.642313e-05 1.676575e-05 1.900225e-05 2.452109e-05 2.928287e-05 3.752715e-05 5.104329e-05 6.956378e-05 9.164932e-05 1.046297e-04 1.246450e-04 1.503773e-04 1.740496e-04 1.883318e-04 2.089469e-04 2.561436e-04 3.331794e-04 4.258551e-04 5.745186e-04 8.041025e-04 1.092263e-03 1.414056e-03 1.649236e-03 1.936577e-03 2.253199e-03 2.441185e-03 2.704220e-03 2.925804e-03 3.161746e-03 3.904105e-03 4.867863e-03 5.632619e-03 6.643109e-03 8.234973e-03 9.941812e-03 1.136947e-02 1.317777e-02 1.558233e-02 1.850810e-02 2.248895e-02 2.708883e-02 3.131124e-02 3.582704e-02 4.087912e-02 4.566553e-02 5.046664e-02 5.612347e-02 6.333986e-02 7.226895e-02 8.242442e-02 9.342720e-02 1.040489e-01 1.125662e-01 1.188548e-01 1.241337e-01 1.295706e-01 1.364769e-01 1.459369e-01 1.575826e-01 1.708272e-01 1.866116e-01 2.037627e-01 2.179415e-01 2.268680e-01 2.328444e-01 2.400356e-01 2.504317e-01 2.640312e-01 2.809559e-01 3.000523e-01 3.170055e-01 3.275303e-01 3.317280e-01 3.327280e-01 3.333256e-01 3.353264e-01 3.398631e-01 3.469180e-01 3.548276e-01 3.609213e-01 3.631079e-01 3.609857e-01 3.554653e-01 3.479016e-01 3.394675e-01 3.312359e-01 3.238274e-01 3.171240e-01 3.111727e-01 3.056596e-01 3.005093e-01 2.961700e-01 2.929425e-01 2.914001e-01 2.912475e-01 2.914306e-01 2.910189e-01 2.896989e-01 2.880646e-01 2.868184e-01 2.861997e-01 2.857451e-01 2.844145e-01 2.813374e-01 2.761256e-01 2.687049e-01 2.592157e-01 2.479670e-01 2.354877e-01 2.226133e-01 2.102381e-01 1.991583e-01 1.896633e-01 1.814250e-01 1.735822e-01 1.653032e-01 1.560643e-01 1.457297e-01 1.348548e-01 1.243255e-01 1.150473e-01 1.070214e-01 9.976372e-02 9.246832e-02 8.424775e-02 7.519055e-02 6.588103e-02 5.730524e-02 5.013372e-02 4.440562e-02 3.989446e-02 3.616313e-02 3.277515e-02 2.930489e-02 2.563033e-02 2.178309e-02 1.808388e-02 1.485950e-02 1.217877e-02 1.011001e-02 8.583162e-03 7.429346e-03 6.482090e-03 5.581076e-03 4.605254e-03 3.558691e-03 2.584227e-03 1.773562e-03 1.178135e-03 7.866003e-04 5.397339e-04 3.874534e-04 2.902317e-04 2.244077e-04 1.697159e-04 1.210827e-04 8.092810e-05 4.925115e-05 3.153214e-05 2.014476e-05 1.366022e-05 9.361869e-06 6.502450e-06 4.535019e-06 2.793185e-06 1.677314e-06 8.042661e-07 3.996816e-07 1.703464e-07 8.119192e-08 3.690502e-08
2.438839e-09 5.570919e-08 2.053492e-07 5.043626e-07 1.215806e-06 3.509391e-06 6.555063e-06 7.843439e-06 9.468895e-06 1.310064e-05 1.626667e-05 1.815612e-05 1.836795e-05 1.470093e-05 1.238834e-05 1.248214e-05 1.561106e-05 1.955420e-05 2.436034e-05 3.378828e-05 4.918672e-05 6.901961e-05 9.114624e-05 1.188640e-04 1.513597e-04 1.790750e-04 2.010991e-04 2.276032e-04 2.751929e-04 3.495545e-04 4.509828e-04 6.188188e-04 8.483916e-04 1.200950e-03 1.518071e-03 1.591199e-03 1.657793e-03 1.730515e-03 1.893957e-03 2.140606e-03 2.312123e-03 2.710498e-03 3.385735e-03 3.973104e-03 4.687486e-03 5.769541e-03 7.015239e-03 8.517852e-03 1.058785e-02 1.291005e-02 1.502776e-02 1.735499e-02 2.020921e-02 2.333210e-02 2.693748e-02 3.146762e-02 3.661064e-02 4.264848e-02 5.055463e-02 5.903409e-02 6.584140e-02 7.104389e-02 7.600790e-02 8.075069e-02 8.539104e-02 9.149478e-02 9.957255e-02 1.089457e-01 1.199656e-01 1.329419e-01 1.461650e-01 1.577304e-01 1.680239e-01 1.783277e-01 1.889893e-01 2.001823e-01 2.127647e-01 2.266937e-01 2.393036e-01 2.485745e-01 2.564537e-01 2.659351e-01 2.775507e-01 2.905627e-01 3.047777e-01 3.188668e-01 3.296596e-01 3.357104e-01 3.390989e-01 3.421422e-01 3.448798e-01 3.463660e-01 3.467828e-01 3.469456e-01 3.466458e-01 3.450558e-01 3.419172e-01 3.375146e-01 3.320351e-01 3.257233e-01 3.190698e-01 3.126973e-01 3.075125e-01 3.033610e-01 2.996532e-01 2.961603e-01 2.926796e-01 2.897572e-01 2.878563e-01 2.872493e-01 2.877786e-01 2.884954e-01 2.883762e-01 2.869476e-01 2.846681e-01 2.823558e-01 2.803748e-01 2.783252e-01 2.753266e-01 2.707265e-01 2.643497e-01 2.561198e-01 2.458458e-01 2.336108e-01 2.200569e-01 2.062396e-01 1.932563e-01 1.819645e-01 1.725478e-01 1.646978e-01 1.576169e-01 1.502819e-01 1.417273e-01 1.315648e-01 1.203773e-01 1.091442e-01 9.913944e-02 9.071299e-02 8.350557e-02 7.697274e-02 7.016596e-02 6.277642e-02 5.505796e-02 4.773443e-02 4.141384e-02 3.627169e-02 3.219195e-02 2.887291e-02 2.602777e-02 2.325381e-02 2.031191e-02 1.710733e-02 1.389858e-02 1.101169e-02 8.616057e-03 6.820470e-03 5.515921e-03 4.588487e-03 3.909803e-03 3.353505e-03 2.789784e-03 2.173484e-03 1.567067e-03 1.032600e-03 6.444778e-04 3.972297e-04 2.513794e-04 1.700735e-04 1.231347e-04 9.457242e-05 7.160146e-05 5.340157e-05 3.754595e-05 2.479317e-05 1.545313e-05 9.763278e-06 6.309239e-06 4.194899e-06 2.785531e-06 1.658548e-06 9.053024e-07 4.098335e-07 1.840731e-07 7.561184e-08 3.512277e-08
4.504022e-09 4.740196e-07 5.694716e-07 7.600573e-07 1.613778e-06 1.860814e-06 2.549953e-06 5.154259e-06 6.905991e-06 7.421113e-06 9.851934e-06 1.516373e-05 1.886328e-05 2.176147e-05 2.401921e-05 2.403088e-05 2.374726e-05 3.217256e-05 4.922547e-05 7.096130e-05 9.429109e-05 1.187972e-04 1.485817e-04 1.862521e-04 2.153215e-04 2.445299e-04 2.886003e-04 3.576674e-04 4.402196e-04 5.417826e-04 6.884370e-04 8.756692e-04 1.160629e-03 1.354433e-03 1.433037e-03 1.554442e-03 1.662709e-03 1.840389e-03 1.990690e-03 2.226694e-03 2.848827e-03 3.639572e-03 4.509146e-03 5.599496e-03 6.775282e-03 8.179942e-03 1.004194e-02 1.202120e-02 1.377705e-02 1.560125e-02 1.774610e-02 1.994023e-02 2.199508e-02 2.416036e-02 2.681686e-02 3.054534e-02 3.618682e-02 4.378585e-02 5.220667e-02 6.084131e-02 6.934549e-02 7.592238e-02 7.984448e-02 8.256763e-02 8.540227e-02 8.907841e-02 9.564099e-02 1.071630e-01 1.220840e-01 1.374973e-01 1.519578e-01 1.650214e-01 1.770469e-01 1.887607e-01 2.006796e-01 2.115378e-01 2.200746e-01 2.280519e-01 2.375295e-01 2.475862e-01 2.565941e-01 2.652318e-01 2.756126e-01 2.880295e-01 3.000608e-01 3.108267e-01 3.220166e-01 3.332042e-01 3.414295e-01 3.452229e-01 3.454496e-01 3.436287e-01 3.411820e-01 3.393069e-01 3.382459e-01 3.369624e-01 3.342536e-01 3.300899e-01 3.251893e-01 3.201385e-01 3.148997e-01 3.090908e-01 3.030864e-01 2.972985e-01 2.923635e-01 2.888061e-01 2.861368e-01 2.841804e-01 2.830815e-01 2.832161e-01 2.847288e-01 2.871453e-01 2.895783e-01 2.908220e-01 2.899038e-01 2.866294e-01 2.817561e-01 2.764436e-01 2.715001e-01 2.670415e-01 2.626236e-01 2.576907e-01 2.518970e-01 2.447701e-01 2.353684e-01 2.229079e-01 2.078717e-01 1.919162e-01 1.769453e-01 1.643159e-01 1.543802e-01 1.468917e-01 1.408744e-01 1.347050e-01 1.269313e-01 1.167721e-01 1.048367e-01 9.264391e-02 8.195960e-02 7.327844e-02 6.633869e-02 6.076186e-02 5.555870e-02 5.020012e-02 4.456459e-02 3.891678e-02 3.376593e-02 2.942052e-02 2.584271e-02 2.292490e-02 2.053315e-02 1.830746e-02 1.599799e-02 1.344244e-02 1.075481e-02 8.208657e-03 6.084091e-03 4.499646e-03 3.391514e-03 2.642128e-03 2.142629e-03 1.781067e-03 1.462993e-03 1.155518e-03 8.396918e-04 5.550503e-04 3.427217e-04 2.054239e-04 1.289453e-04 8.667458e-05 6.225683e-05 4.635409e-05 3.343775e-05 2.480807e-05 1.708097e-05 1.123201e-05 7.273030e-06 4.659113e-06 2.943954e-06 1.727956e-06 9.440399e-07 4.600735e-07 2.097509e-07 9.369732e-08 4.111091e-08
9.574558e-07 1.749311e-06 8.487799e-06 4.723525e-06 2.268634e-06 2.773854e-06 3.529053e-06 3.235077e-06 3.968692e-06 6.988425e-06 1.128626e-05 1.583587e-05 2.191430e-05 3.056736e-05 4.416291e-05 6.589643e-05 9.410664e-05 1.157326e-04 1.390549e-04 1.588721e-04 1.603449e-04 1.584686e-04 1.666602e-04 1.708177e-04 1.886418e-04 2.223669e-04 2.954719e-04 4.192366e-04 5.557349e-04 6.395812e-04 7.246388e-04 8.633712e-04 9.844723e-04 1.135911e-03 1.272056e-03 1.428011e-03 1.683889e-03 1.907600e-03 2.289915e-03 3.008155e-03 3.905344e-03 4.939930e-03 6.074313e-03 7.435546e-03 9.364702e-03 1.152867e-02 1.331076e-02 1.456983e-02 1.534432e-02 1.628080e-02 1.778591e-02 1.966139e-02 2.176597e-02 2.430078e-02 2.782895e-02 3.310833e-02 3.988126e-02 4.657190e-02 5.197674e-02 5.660246e-02 6.177610e-02 6.758592e-02 7.408313e-02 8.137782e-02 8.868392e-02 9.541488e-02 1.014857e-01 1.076342e-01 1.158550e-01 1.281197e-01 1.447676e-01 1.633817e-01 1.809828e-01 1.965275e-01 2.100463e-01 2.216763e-01 2.312427e-01 2.374245e-01 2.406043e-01 2.448499e-01 2.534033e-01 2.651418e-01 2.779667e-01 2.916069e-01 3.052888e-01 3.163059e-01 3.227951e-01 3.259529e-01 3.282428e-01 3.310023e-01 3.343204e-01 3.375008e-01 3.393090e-01 3.388138e-01 3.362787e-01 3.329053e-01 3.296251e-01 3.263519e-01 3.223689e-01 3.175194e-01 3.122114e-01 3.067985e-01 3.018761e-01 2.974915e-01 2.937278e-01 2.910071e-01 2.894858e-01 2.894622e-01 2.903765e-01 2.911668e-01 2.913457e-01 2.912053e-01 2.914825e-01 2.925825e-01 2.940490e-01 2.944909e-01 2.923839e-01 2.871836e-01 2.796288e-01 2.711150e-01 2.626861e-01 2.547992e-01 2.473961e-01 2.402163e-01 2.330342e-01 2.252003e-01 2.155049e-01 2.028024e-01 1.872445e-01 1.705572e-01 1.547253e-01 1.412308e-01 1.305178e-01 1.224456e-01 1.161676e-01 1.101766e-01 1.030589e-01 9.394155e-02 8.340904e-02 7.270848e-02 6.337028e-02 5.589444e-02 5.008982e-02 4.570292e-02 4.190604e-02 3.819725e-02 3.418984e-02 2.983591e-02 2.552638e-02 2.166268e-02 1.837611e-02 1.575916e-02 1.370630e-02 1.202394e-02 1.051169e-02 8.897504e-03 7.134055e-03 5.372202e-03 3.824537e-03 2.653198e-03 1.836899e-03 1.312521e-03 9.876365e-04 7.745448e-04 6.310739e-04 5.076642e-04 3.834964e-04 2.702243e-04 1.735629e-04 1.085893e-04 6.808534e-05 4.387332e-05 3.002741e-05 2.091822e-05 1.529340e-05 1.057013e-05 7.541761e-06 5.122621e-06 3.076587e-06 1.782676e-06 8.893829e-07 4.616498e-07 2.152336e-07 1.070721e-07 5.064954e-08
1.552069e-05 4.898860e-06 4.130713e-06 1.056024e-05 1.278091e-05 7.307112e-06 5.225892e-06 5.307119e-06 8.003251e-06 1.129329e-05 1.295500e-05 1.600678e-05 2.663131e-05 5.095792e-05 8.084058e-05 1.128565e-04 1.427907e-04 1.537555e-04 1.326415e-04 1.030238e-04 8.848371e-05 7.637999e-05 7.450360e-05 8.865592e-05 1.186544e-04 1.768041e-04 2.485535e-04 3.147073e-04 3.799206e-04 4.699682e-04 5.412214e-04 5.884856e-04 6.723184e-04 7.981812e-04 1.033778e-03 1.285869e-03 1.482669e-03 1.790280e-03 2.238962e-03 2.791753e-03 3.435497e-03 4.323532e-03 5.634023e-03 7.380734e-03 9.329305e-03 1.096421e-02 1.219018e-02 1.351664e-02 1.515671e-02 1.635802e-02 1.707647e-02 1.846878e-02 2.111542e-02 2.527254e-02 3.102301e-02 3.652294e-02 4.062721e-02 4.465109e-02 4.950289e-02 5.420445e-02 5.841393e-02 6.361370e-02 7.043206e-02 7.825948e-02 8.704585e-02 9.655873e-02 1.062372e-01 1.157285e-01 1.247111e-01 1.345920e-01 1.478078e-01 1.645418e-01 1.823695e-01 1.983126e-01 2.114546e-01 2.220312e-01 2.304146e-01 2.377900e-01 2.449560e-01 2.518587e-01 2.596550e-01 2.701320e-01 2.836481e-01 2.988763e-01 3.130410e-01 3.233759e-01 3.291972e-01 3.321002e-01 3.340662e-01 3.359912e-01 3.379844e-01 3.400299e-01 3.417960e-01 3.424248e-01 3.411394e-01 3.381345e-01 3.342955e-01 3.302594e-01 3.259369e-01 3.211370e-01 3.159479e-01 3.103661e-01 3.048206e-01 2.995183e-01 2.948453e-01 2.912418e-01 2.886074e-01 2.873982e-01 2.878600e-01 2.896728e-01 2.918597e-01 2.930803e-01 2.926821e-01 2.910354e-01 2.890777e-01 2.874987e-01 2.862554e-01 2.844656e-01 2.808523e-01 2.746770e-01 2.659803e-01 2.554746e-01 2.440188e-01 2.322773e-01 2.206392e-01 2.092265e-01 1.981155e-01 1.871980e-01 1.759742e-01 1.637562e-01 1.503112e-01 1.365456e-01 1.236999e-01 1.128199e-01 1.041296e-01 9.753503e-02 9.243340e-02 8.765281e-02 8.190831e-02 7.438505e-02 6.552140e-02 5.629370e-02 4.817189e-02 4.159690e-02 3.649903e-02 3.274521e-02 2.966584e-02 2.689609e-02 2.395421e-02 2.062017e-02 1.715540e-02 1.394719e-02 1.126689e-02 9.230607e-03 7.703689e-03 6.590102e-03 5.729604e-03 4.887689e-03 3.973379e-03 2.997794e-03 2.085859e-03 1.370439e-03 8.791342e-04 5.799676e-04 4.037895e-04 3.010263e-04 2.416403e-04 1.924974e-04 1.512142e-04 1.076410e-04 7.049050e-05 4.435021e-05 2.689486e-05 1.766739e-05 1.173612e-05 8.826968e-06 6.545121e-06 4.711689e-06 3.223342e-06 1.775749e-06 9.988164e-07 4.510458e-07 2.385057e-07 1.074088e-07 5.957395e-08
7.568912e-06 3.213922e-06 1.974969e-06 2.652528e-06 4.233039e-06 3.947749e-06 4.076526e-06 4.796157e-06 4.755858e-06 3.804742e-06 4.600789e-06 8.863011e-06 2.050688e-05 3.648413e-05 4.689434e-05 5.183202e-05 5.712694e-05 5.840316e-05 5.746680e-05 5.094630e-05 4.642141e-05 4.775235e-05 5.250551e-05 6.691575e-05 1.045269e-04 1.581928e-04 2.089658e-04 2.444547e-04 2.783579e-04 3.086299e-04 3.588634e-04 4.232363e-04 4.957892e-04 6.266600e-04 7.370471e-04 8.653119e-04 1.088898e-03 1.403481e-03 1.821828e-03 2.368256e-03 3.061370e-03 3.893245e-03 5.029837e-03 6.210718e-03 6.772500e-03 7.450288e-03 8.876731e-03 1.043748e-02 1.189452e-02 1.391182e-02 1.681851e-02 2.008544e-02 2.392728e-02 2.839261e-02 3.139304e-02 3.347199e-02 3.733877e-02 4.248808e-02 4.794515e-02 5.386644e-02 5.970826e-02 6.545859e-02 7.196954e-02 7.987656e-02 8.923084e-02 9.989575e-02 1.116765e-01 1.245822e-01 1.387731e-01 1.526002e-01 1.626942e-01 1.677718e-01 1.705392e-01 1.759385e-01 1.862256e-01 1.997082e-01 2.143930e-01 2.287963e-01 2.419062e-01 2.537933e-01 2.646942e-01 2.747706e-01 2.852757e-01 2.974294e-01 3.105269e-01 3.223014e-01 3.305649e-01 3.348811e-01 3.374808e-01 3.408578e-01 3.447317e-01 3.471656e-01 3.473211e-01 3.458094e-01 3.432005e-01 3.393211e-01 3.339782e-01 3.278543e-01 3.220391e-01 3.171716e-01 3.129021e-01 3.083423e-01 3.035999e-01 2.988440e-01 2.942059e-01 2.899448e-01 2.861042e-01 2.832945e-01 2.818346e-01 2.819012e-01 2.836199e-01 2.865374e-01 2.893910e-01 2.904778e-01 2.889329e-01 2.853081e-01 2.810306e-01 2.771139e-01 2.735952e-01 2.697525e-01 2.644919e-01 2.571055e-01 2.474497e-01 2.357590e-01 2.227324e-01 2.092508e-01 1.960873e-01 1.834439e-01 1.712584e-01 1.594250e-01 1.477336e-01 1.358355e-01 1.233888e-01 1.108340e-01 9.914752e-02 8.931817e-02 8.160830e-02 7.602320e-02 7.200154e-02 6.875991e-02 6.521783e-02 6.018807e-02 5.357293e-02 4.606630e-02 3.909714e-02 3.321594e-02 2.863329e-02 2.520177e-02 2.245950e-02 2.016774e-02 1.781407e-02 1.517311e-02 1.234490e-02 9.613695e-03 7.334162e-03 5.631723e-03 4.399576e-03 3.573709e-03 3.005529e-03 2.529516e-03 2.086986e-03 1.600032e-03 1.121892e-03 7.264675e-04 4.534379e-04 2.928829e-04 2.004582e-04 1.512399e-04 1.197434e-04 9.544357e-05 7.303117e-05 5.098111e-05 3.356944e-05 2.062940e-05 1.395277e-05 9.339979e-06 6.788303e-06 5.019245e-06 3.414407e-06 2.235341e-06 1.138480e-06 6.241592e-07 2.655910e-07 1.404584e-07 6.212513e-08
4.099536e-07 6.811235e-07 2.459742e-06 1.821199e-06 9.254791e-07 1.074053e-06 1.842332e-06 2.097260e-06 2.557319e-06 5.447282e-06 1.201139e-05 1.709640e-05 1.829337e-05 1.824750e-05 2.050301e-05 2.553749e-05 2.723823e-05 2.678369e-05 3.041044e-05 3.677689e-05 4.793740e-05 6.599098e-05 9.432885e-05 1.207297e-04 1.355430e-04 1.606415e-04 1.951605e-04 2.369544e-04 2.703514e-04 2.936251e-04 3.112932e-04 3.572957e-04 4.445418e-04 5.261668e-04 6.419834e-04 8.233927e-04 1.069988e-03 1.461387e-03 2.002998e-03 2.696648e-03 3.645476e-03 4.774861e-03 5.424550e-03 5.645658e-03 6.235687e-03 7.008827e-03 7.996061e-03 9.842942e-03 1.215106e-02 1.447397e-02 1.739737e-02 2.112285e-02 2.452628e-02 2.688830e-02 2.901229e-02 3.123644e-02 3.354631e-02 3.737225e-02 4.336482e-02 5.084075e-02 5.948191e-02 6.856389e-02 7.805649e-02 8.856168e-02 9.969702e-02 1.115074e-01 1.242822e-01 1.367322e-01 1.467897e-01 1.540028e-01 1.589592e-01 1.621576e-01 1.649202e-01 1.681070e-01 1.726836e-01 1.805037e-01 1.928124e-01 2.092973e-01 2.278946e-01 2.455801e-01 2.605578e-01 2.731542e-01 2.839632e-01 2.927105e-01 2.994927e-01 3.058447e-01 3.136110e-01 3.229702e-01 3.322587e-01 3.397368e-01 3.447361e-01 3.474934e-01 3.482572e-01 3.467909e-01 3.430479e-01 3.376347e-01 3.313723e-01 3.248125e-01 3.181937e-01 3.119993e-01 3.067278e-01 3.021960e-01 2.980390e-01 2.934928e-01 2.886109e-01 2.843753e-01 2.811230e-01 2.788643e-01 2.772710e-01 2.764249e-01 2.767752e-01 2.785710e-01 2.817075e-01 2.854594e-01 2.884080e-01 2.887951e-01 2.856291e-01 2.792945e-01 2.712468e-01 2.630000e-01 2.552665e-01 2.479269e-01 2.402576e-01 2.316363e-01 2.218389e-01 2.104872e-01 1.975016e-01 1.834292e-01 1.694399e-01 1.564450e-01 1.448188e-01 1.343123e-01 1.244674e-01 1.146440e-01 1.041842e-01 9.324105e-02 8.265553e-02 7.351979e-02 6.630994e-02 6.108110e-02 5.731517e-02 5.457436e-02 5.201261e-02 4.849897e-02 4.357388e-02 3.732049e-02 3.098230e-02 2.545564e-02 2.115203e-02 1.796858e-02 1.563947e-02 1.389204e-02 1.228720e-02 1.052862e-02 8.502061e-03 6.438296e-03 4.666988e-03 3.341517e-03 2.419414e-03 1.844628e-03 1.471214e-03 1.214885e-03 1.015935e-03 8.101485e-04 6.066142e-04 4.175656e-04 2.784525e-04 1.857256e-04 1.271452e-04 9.183642e-05 6.901607e-05 5.134530e-05 3.834269e-05 2.643579e-05 1.782447e-05 1.137037e-05 7.181281e-06 4.958084e-06 3.433376e-06 2.184935e-06 1.334447e-06 6.878419e-07 3.612568e-07 1.602516e-07 8.316756e-08
9.572386e-10 1.255134e-07 2.497634e-07 2.892336e-07 8.749548e-07 2.019176e-06 2.695353e-06 4.169872e-06 7.627167e-06 1.324274e-05 1.811435e-05 2.246946e-05 2.552109e-05 2.560926e-05 2.434762e-05 2.432890e-05 2.524570e-05 3.216756e-05 4.434302e-05 6.057645e-05 7.796377e-05 1.006505e-04 1.321819e-04 1.695419e-04 1.972751e-04 2.047561e-04 2.208706e-04 2.509032e-04 2.731211e-04 2.806635e-04 3.043885e-04 3.549839e-04 4.191938e-04 5.381285e-04 7.372333e-04 1.073454e-03 1.601422e-03 2.134703e-03 2.681707e-03 3.375379e-03 3.992680e-03 4.365849e-03 4.770730e-03 5.185385e-03 5.595642e-03 6.557322e-03 7.794308e-03 8.737420e-03 1.031728e-02 1.326497e-02 1.621044e-02 1.865011e-02 2.154435e-02 2.502489e-02 2.872049e-02 3.280986e-02 3.703774e-02 4.076070e-02 4.398333e-02 4.781967e-02 5.413815e-02 6.402258e-02 7.699954e-02 9.193018e-02 1.069101e-01 1.187720e-01 1.263511e-01 1.307088e-01 1.325168e-01 1.334906e-01 1.362926e-01 1.416287e-01 1.488516e-01 1.576345e-01 1.674100e-01 1.775835e-01 1.884478e-01 2.006759e-01 2.148858e-01 2.315865e-01 2.497765e-01 2.672576e-01 2.830419e-01 2.964486e-01 3.058483e-01 3.103006e-01 3.108922e-01 3.107746e-01 3.135621e-01 3.201183e-01 3.283168e-01 3.354414e-01 3.395480e-01 3.399571e-01 3.370916e-01 3.320507e-01 3.262839e-01 3.209946e-01 3.162690e-01 3.113773e-01 3.057932e-01 2.996781e-01 2.940319e-01 2.891864e-01 2.851283e-01 2.818425e-01 2.790150e-01 2.770046e-01 2.759797e-01 2.757015e-01 2.757782e-01 2.759476e-01 2.763958e-01 2.774723e-01 2.792004e-01 2.807513e-01 2.804866e-01 2.765597e-01 2.683598e-01 2.570901e-01 2.446757e-01 2.327495e-01 2.220448e-01 2.125553e-01 2.038270e-01 1.953682e-01 1.869728e-01 1.781964e-01 1.684444e-01 1.573918e-01 1.456867e-01 1.343237e-01 1.241490e-01 1.151844e-01 1.069758e-01 9.865944e-02 8.947699e-02 7.941213e-02 6.922574e-02 6.009119e-02 5.259686e-02 4.689542e-02 4.252658e-02 3.919726e-02 3.636850e-02 3.333950e-02 2.970788e-02 2.525766e-02 2.067321e-02 1.661970e-02 1.348877e-02 1.122969e-02 9.682695e-03 8.617752e-03 7.739840e-03 6.755375e-03 5.507452e-03 4.097742e-03 2.840492e-03 1.887245e-03 1.251979e-03 8.754479e-04 6.495073e-04 5.187738e-04 4.298719e-04 3.521188e-04 2.734729e-04 1.917917e-04 1.286526e-04 8.314928e-05 5.501822e-05 3.858643e-05 2.750678e-05 2.121197e-05 1.543588e-05 1.131778e-05 7.310439e-06 4.966191e-06 3.206064e-06 1.971213e-06 1.152470e-06 6.287078e-07 3.334934e-07 1.763102e-07 8.792297e-08
2.591916e-09 1.982353e-08 6.083584e-08 2.629342e-07 5.697997e-07 1.039754e-06 3.008561e-06 9.910912e-06 2.137038e-05 2.581514e-05 2.236567e-05 1.690221e-05 1.611244e-05 1.739697e-05 1.854977e-05 1.907916e-05 2.374189e-05 3.183553e-05 3.944696e-05 4.916658e-05 6.344861e-05 8.542560e-05 1.085188e-04 1.244878e-04 1.463175e-04 1.801290e-04 2.089905e-04 2.195597e-04 2.332500e-04 2.740524e-04 3.379860e-04 4.198765e-04 5.721255e-04 8.163539e-04 1.159906e-03 1.536685e-03 1.815805e-03 2.149356e-03 2.499146e-03 2.702357e-03 2.894138e-03 3.050340e-03 3.207728e-03 3.785750e-03 4.683210e-03 5.414433e-03 6.318473e-03 7.879042e-03 9.388790e-03 1.064988e-02 1.261372e-02 1.517328e-02 1.812038e-02 2.223002e-02 2.699271e-02 3.153994e-02 3.603594e-02 4.039450e-02 4.467499e-02 4.917579e-02 5.447423e-02 6.145634e-02 7.078978e-02 8.209347e-02 9.389392e-02 1.042854e-01 1.121241e-01 1.176922e-01 1.212853e-01 1.241991e-01 1.286268e-01 1.354868e-01 1.445516e-01 1.562358e-01 1.709143e-01 1.861488e-01 1.990706e-01 2.087661e-01 2.157518e-01 2.227492e-01 2.330555e-01 2.479426e-01 2.663800e-01 2.858023e-01 3.027927e-01 3.142031e-01 3.189318e-01 3.185889e-01 3.164087e-01 3.153936e-01 3.169456e-01 3.204757e-01 3.244641e-01 3.277339e-01 3.292933e-01 3.281837e-01 3.242251e-01 3.184699e-01 3.125369e-01 3.076113e-01 3.037095e-01 2.999364e-01 2.961312e-01 2.923115e-01 2.887256e-01 2.857469e-01 2.833330e-01 2.818548e-01 2.812080e-01 2.808976e-01 2.802820e-01 2.787105e-01 2.761048e-01 2.730234e-01 2.702220e-01 2.681204e-01 2.666647e-01 2.650515e-01 2.618187e-01 2.553744e-01 2.451620e-01 2.324713e-01 2.192554e-01 2.070317e-01 1.963555e-01 1.870121e-01 1.784704e-01 1.701461e-01 1.616998e-01 1.528938e-01 1.434558e-01 1.330092e-01 1.219233e-01 1.110408e-01 1.012552e-01 9.276614e-02 8.542717e-02 7.847802e-02 7.112638e-02 6.312995e-02 5.493586e-02 4.734229e-02 4.093651e-02 3.598191e-02 3.202333e-02 2.893667e-02 2.634691e-02 2.373239e-02 2.088346e-02 1.757298e-02 1.417518e-02 1.115561e-02 8.789934e-03 7.080639e-03 5.950025e-03 5.170600e-03 4.597501e-03 4.062104e-03 3.357873e-03 2.518419e-03 1.705013e-03 1.070373e-03 6.672756e-04 4.396398e-04 3.172033e-04 2.508209e-04 2.052496e-04 1.692821e-04 1.277870e-04 9.032961e-05 5.923446e-05 3.754371e-05 2.539912e-05 1.819241e-05 1.424714e-05 1.123450e-05 8.616566e-06 5.940906e-06 3.748897e-06 2.242341e-06 1.187202e-06 6.341247e-07 3.211333e-07 1.770913e-07 9.455792e-08
8.343065e-10 2.949479e-08 1.318083e-07 3.118671e-07 7.594136e-07 2.140192e-06 4.172629e-06 5.300487e-06 6.205769e-06 9.283901e-06 1.202042e-05 1.386989e-05 1.502598e-05 1.381285e-05 1.228862e-05 1.328853e-05 1.746048e-05 2.358540e-05 3.063930e-05 4.218038e-05 6.334169e-05 8.785421e-05 1.139146e-04 1.485787e-04 1.898140e-04 2.205695e-04 2.444874e-04 2.732708e-04 3.175610e-04 3.884938e-04 4.985053e-04 6.648742e-04 9.112810e-04 1.284195e-03 1.613561e-03 1.691159e-03 1.719902e-03 1.800833e-03 1.993450e-03 2.309161e-03 2.504740e-03 2.875561e-03 3.565274e-03 4.157010e-03 4.787142e-03 5.779321e-03 6.997622e-03 8.423408e-03 1.049112e-02 1.280630e-02 1.469109e-02 1.708716e-02 2.030306e-02 2.335398e-02 2.673368e-02 3.114947e-02 3.626014e-02 4.252961e-02 5.052338e-02 5.878509e-02 6.542439e-02 7.023354e-02 7.381410e-02 7.722290e-02 8.209971e-02 8.937746e-02 9.808115e-02 1.072543e-01 1.176554e-01 1.290588e-01 1.395548e-01 1.484649e-01 1.565431e-01 1.648206e-01 1.741308e-01 1.848205e-01 1.968779e-01 2.097597e-01 2.219334e-01 2.318693e-01 2.403971e-01 2.501667e-01 2.622792e-01 2.761548e-01 2.907862e-01 3.039141e-01 3.129490e-01 3.172626e-01 3.182765e-01 3.178278e-01 3.173039e-01 3.176410e-01 3.188866e-01 3.199152e-01 3.194260e-01 3.172968e-01 3.142015e-01 3.104644e-01 3.060356e-01 3.013915e-01 2.972771e-01 2.937539e-01 2.907149e-01 2.877869e-01 2.851253e-01 2.831198e-01 2.813864e-01 2.798493e-01 2.784838e-01 2.774780e-01 2.770159e-01 2.767094e-01 2.757266e-01 2.732188e-01 2.690690e-01 2.641635e-01 2.598840e-01 2.569430e-01 2.551212e-01 2.533033e-01 2.497906e-01 2.430109e-01 2.322296e-01 2.184851e-01 2.038472e-01 1.901025e-01 1.781012e-01 1.678823e-01 1.589445e-01 1.506534e-01 1.424854e-01 1.340342e-01 1.249146e-01 1.147521e-01 1.038284e-01 9.302321e-02 8.335534e-02 7.515766e-02 6.839325e-02 6.241015e-02 5.652047e-02 5.041539e-02 4.416316e-02 3.812123e-02 3.282997e-02 2.859176e-02 2.510848e-02 2.245772e-02 2.024315e-02 1.817341e-02 1.600916e-02 1.338697e-02 1.061805e-02 8.081998e-03 6.033957e-03 4.604412e-03 3.672632e-03 3.048903e-03 2.659830e-03 2.331499e-03 1.972846e-03 1.538984e-03 1.083300e-03 7.103898e-04 4.556514e-04 3.049757e-04 2.159552e-04 1.614396e-04 1.257056e-04 9.640461e-05 7.015583e-05 4.886406e-05 3.353657e-05 2.362008e-05 1.671708e-05 1.250925e-05 9.266268e-06 6.710016e-06 4.571143e-06 2.759177e-06 1.537348e-06 7.296452e-07 3.729267e-07 1.757540e-07 9.814187e-08
2.778522e-09 2.701937e-07 3.489336e-07 5.310509e-07 1.117660e-06 1.363037e-06 1.786573e-06 3.389761e-06 4.606925e-06 4.676792e-06 6.428186e-06 1.053259e-05 1.344614e-05 1.632105e-05 2.096590e-05 2.335514e-05 2.513476e-05 3.239122e-05 5.216400e-05 8.399812e-05 1.159694e-04 1.486664e-04 1.913967e-04 2.338886e-04 2.727359e-04 3.084402e-04 3.477882e-04 4.143628e-04 5.110102e-04 6.269319e-04 7.837923e-04 1.011456e-03 1.321524e-03 1.527167e-03 1.544993e-03 1.588954e-03 1.668434e-03 1.814205e-03 1.965039e-03 2.178504e-03 2.902016e-03 3.817627e-03 4.684436e-03 5.831634e-03 7.111269e-03 8.559504e-03 1.048683e-02 1.257287e-02 1.422535e-02 1.591344e-02 1.808682e-02 2.006379e-02 2.189423e-02 2.413423e-02 2.651496e-02 2.969874e-02 3.532613e-02 4.321883e-02 5.181558e-02 6.080534e-02 6.909833e-02 7.461759e-02 7.750753e-02 7.919043e-02 8.035049e-02 8.258522e-02 8.940066e-02 1.022122e-01 1.179198e-01 1.334051e-01 1.473776e-01 1.592079e-01 1.694689e-01 1.788292e-01 1.873953e-01 1.951048e-01 2.021809e-01 2.095739e-01 2.190846e-01 2.310772e-01 2.434638e-01 2.544496e-01 2.647438e-01 2.752761e-01 2.846865e-01 2.920172e-01 2.988864e-01 3.062919e-01 3.127151e-01 3.165501e-01 3.177894e-01 3.173016e-01 3.160232e-01 3.147274e-01 3.133329e-01 3.109044e-01 3.069886e-01 3.024389e-01 2.983237e-01 2.947954e-01 2.912622e-01 2.874096e-01 2.840761e-01 2.816993e-01 2.801623e-01 2.791000e-01 2.779270e-01 2.769812e-01 2.764616e-01 2.761845e-01 2.759395e-01 2.755992e-01 2.751461e-01 2.742970e-01 2.723670e-01 2.685477e-01 2.627440e-01 2.557928e-01 2.491892e-01 2.440234e-01 2.404716e-01 2.377340e-01 2.340904e-01 2.275189e-01 2.166234e-01 2.018735e-01 1.853869e-01 1.694860e-01 1.555585e-01 1.439773e-01 1.344824e-01 1.265862e-01 1.196049e-01 1.127548e-01 1.052805e-01 9.655342e-02 8.664908e-02 7.660180e-02 6.766543e-02 6.022004e-02 5.426996e-02 4.933256e-02 4.484648e-02 4.043011e-02 3.595188e-02 3.133204e-02 2.697529e-02 2.327307e-02 2.017983e-02 1.787852e-02 1.599091e-02 1.434427e-02 1.261809e-02 1.048195e-02 8.167326e-03 5.965115e-03 4.174058e-03 2.948778e-03 2.153663e-03 1.668768e-03 1.395313e-03 1.203127e-03 1.041205e-03 8.396153e-04 6.223602e-04 4.169773e-04 2.705728e-04 1.752555e-04 1.185216e-04 8.512416e-05 6.275792e-05 4.771564e-05 3.560920e-05 2.546099e-05 1.893934e-05 1.370800e-05 9.727478e-06 6.702850e-06 4.363660e-06 2.716298e-06 1.503656e-06 8.047367e-07 3.745124e-07 1.926255e-07 8.958704e-08
4.929969e-07 1.088464e-06 5.412804e-06 3.034946e-06 1.628455e-06 2.067502e-06 2.706869e-06 2.401005e-06 2.826294e-06 4.797756e-06 7.294200e-06 1.058232e-05 1.516783e-05 2.181508e-05 3.342361e-05 5.291116e-05 7.819276e-05 1.046234e-04 1.413793e-04 1.699804e-04 1.831438e-04 1.886313e-04 1.984612e-04 2.149542e-04 2.296165e-04 2.656610e-04 3.520854e-04 4.931962e-04 6.390034e-04 7.443571e-04 8.492912e-04 9.949793e-04 1.156026e-03 1.299474e-03 1.408133e-03 1.517907e-03 1.724872e-03 1.898198e-03 2.191325e-03 2.878102e-03 3.671268e-03 4.683557e-03 6.018023e-03 7.583801e-03 9.818725e-03 1.239846e-02 1.437507e-02 1.551745e-02 1.634968e-02 1.717022e-02 1.838216e-02 2.017472e-02 2.213406e-02 2.461348e-02 2.877226e-02 3.466787e-02 4.102379e-02 4.721678e-02 5.258059e-02 5.702566e-02 6.200259e-02 6.793847e-02 7.420561e-02 8.017138e-02 8.576196e-02 9.074776e-02 9.492218e-02 1.002759e-01 1.096105e-01 1.232596e-01 1.398982e-01 1.572257e-01 1.725239e-01 1.855934e-01 1.976256e-01 2.082692e-01 2.168879e-01 2.234997e-01 2.282897e-01 2.329368e-01 2.405703e-01 2.516077e-01 2.633960e-01 2.743637e-01 2.847077e-01 2.937116e-01 2.995254e-01 3.021554e-01 3.040585e-01 3.069902e-01 3.103891e-01 3.126835e-01 3.127029e-01 3.105021e-01 3.071714e-01 3.037692e-01 3.004634e-01 2.968638e-01 2.929770e-01 2.895506e-01 2.870690e-01 2.850413e-01 2.831181e-01 2.810838e-01 2.793681e-01 2.786825e-01 2.788958e-01 2.797824e-01 2.805229e-01 2.803446e-01 2.792221e-01 2.775637e-01 2.758723e-01 2.744994e-01 2.734973e-01 2.722417e-01 2.695331e-01 2.640946e-01 2.556860e-01 2.453791e-01 2.349695e-01 2.259260e-01 2.187671e-01 2.130655e-01 2.074630e-01 2.000530e-01 1.893385e-01 1.753139e-01 1.595458e-01 1.441118e-01 1.304644e-01 1.190946e-01 1.098832e-01 1.025850e-01 9.667643e-02 9.129263e-02 8.546460e-02 7.839768e-02 7.003018e-02 6.134074e-02 5.351731e-02 4.696561e-02 4.173085e-02 3.754858e-02 3.396884e-02 3.067704e-02 2.738011e-02 2.372757e-02 2.002520e-02 1.664375e-02 1.380642e-02 1.175063e-02 1.015060e-02 8.915611e-03 7.774964e-03 6.496730e-03 5.066935e-03 3.637392e-03 2.430892e-03 1.608127e-03 1.083988e-03 7.938464e-04 6.356985e-04 5.338701e-04 4.604488e-04 3.747652e-04 2.809241e-04 1.947481e-04 1.268732e-04 8.201499e-05 5.654062e-05 4.086961e-05 3.283298e-05 2.568300e-05 1.929432e-05 1.304635e-05 8.444830e-06 5.624750e-06 3.488512e-06 2.123829e-06 1.234196e-06 6.811201e-07 3.599101e-07 1.827018e-07 9.927996e-08
9.681265e-06 2.958720e-06 2.479033e-06 6.234333e-06 8.288199e-06 5.123426e-06 3.655291e-06 4.018155e-06 5.933230e-06 7.593900e-06 8.462553e-06 1.066331e-05 1.695954e-05 3.081446e-05 4.940171e-05 7.582094e-05 1.125013e-04 1.426279e-04 1.335656e-04 1.145300e-04 1.025652e-04 8.771971e-05 8.835906e-05 1.008573e-04 1.398885e-04 2.100335e-04 2.932499e-04 3.786750e-04 4.692402e-04 5.793512e-04 6.784875e-04 7.484080e-04 8.213324e-04 9.527017e-04 1.188466e-03 1.428767e-03 1.598330e-03 1.890399e-03 2.354025e-03 2.825037e-03 3.417259e-03 4.234801e-03 5.457997e-03 7.503830e-03 9.745246e-03 1.165084e-02 1.336260e-02 1.496633e-02 1.643021e-02 1.753919e-02 1.831665e-02 1.968152e-02 2.236955e-02 2.664122e-02 3.227346e-02 3.812395e-02 4.308275e-02 4.749810e-02 5.237483e-02 5.667287e-02 5.991041e-02 6.396563e-02 6.965725e-02 7.688890e-02 8.552728e-02 9.494958e-02 1.042725e-01 1.124560e-01 1.197302e-01 1.281163e-01 1.394059e-01 1.544333e-01 1.721340e-01 1.889633e-01 2.027885e-01 2.141336e-01 2.228962e-01 2.290044e-01 2.338213e-01 2.380006e-01 2.422701e-01 2.492124e-01 2.605865e-01 2.743724e-01 2.871031e-01 2.975360e-01 3.059205e-01 3.120667e-01 3.156885e-01 3.171707e-01 3.171475e-01 3.162354e-01 3.148635e-01 3.128469e-01 3.095767e-01 3.051127e-01 3.005751e-01 2.970845e-01 2.946396e-01 2.926080e-01 2.906114e-01 2.884601e-01 2.864383e-01 2.843973e-01 2.824524e-01 2.811503e-01 2.805030e-01 2.807116e-01 2.816116e-01 2.828712e-01 2.838680e-01 2.834901e-01 2.809102e-01 2.763751e-01 2.710561e-01 2.661192e-01 2.621265e-01 2.585169e-01 2.539121e-01 2.467125e-01 2.362409e-01 2.234284e-01 2.101526e-01 1.979823e-01 1.874628e-01 1.783041e-01 1.696848e-01 1.607120e-01 1.506703e-01 1.394120e-01 1.274060e-01 1.155776e-01 1.047965e-01 9.556630e-02 8.796696e-02 8.191468e-02 7.700104e-02 7.250194e-02 6.758919e-02 6.161903e-02 5.454083e-02 4.700623e-02 4.008517e-02 3.423967e-02 2.959079e-02 2.599782e-02 2.317680e-02 2.080900e-02 1.849227e-02 1.587267e-02 1.304348e-02 1.031757e-02 8.084642e-03 6.488564e-03 5.347811e-03 4.575354e-03 3.979389e-03 3.390916e-03 2.736288e-03 2.020907e-03 1.376696e-03 9.168778e-04 6.130381e-04 4.458485e-04 3.395377e-04 2.741795e-04 2.264185e-04 1.749431e-04 1.298598e-04 8.676871e-05 5.756539e-05 3.922094e-05 2.754115e-05 2.105509e-05 1.551507e-05 1.172611e-05 8.074402e-06 5.679587e-06 3.675789e-06 2.175395e-06 1.271537e-06 6.792446e-07 3.732172e-07 2.031325e-07 1.193660e-07
6.824149e-06 2.473507e-06 1.554464e-06 2.495408e-06 3.891669e-06 3.514571e-06 3.319717e-06 3.571675e-06 3.413125e-06 2.796718e-06 3.448800e-06 6.745396e-06 1.363437e-05 2.410515e-05 3.122818e-05 3.634098e-05 4.480249e-05 5.188529e-05 5.416498e-05 4.934092e-05 4.597146e-05 5.030876e-05 5.706279e-05 7.526918e-05 1.144150e-04 1.754594e-04 2.389793e-04 2.865524e-04 3.308194e-04 3.844240e-04 4.560912e-04 5.262204e-04 6.086119e-04 7.340569e-04 8.524763e-04 9.937495e-04 1.234565e-03 1.544917e-03 1.912711e-03 2.478147e-03 3.111842e-03 3.913072e-03 5.104906e-03 6.107223e-03 6.669173e-03 7.516966e-03 9.014958e-03 1.074594e-02 1.254700e-02 1.483286e-02 1.777439e-02 2.106923e-02 2.499215e-02 2.936535e-02 3.207305e-02 3.404352e-02 3.835460e-02 4.388682e-02 4.894715e-02 5.445056e-02 5.997223e-02 6.488837e-02 7.095629e-02 7.932851e-02 8.907272e-02 9.917986e-02 1.097586e-01 1.207046e-01 1.315935e-01 1.423035e-01 1.517728e-01 1.580047e-01 1.622172e-01 1.689374e-01 1.794863e-01 1.918775e-01 2.050112e-01 2.175922e-01 2.277771e-01 2.361097e-01 2.447300e-01 2.538281e-01 2.629837e-01 2.738490e-01 2.875503e-01 3.016313e-01 3.124076e-01 3.188370e-01 3.221368e-01 3.234880e-01 3.231839e-01 3.212957e-01 3.180478e-01 3.137994e-01 3.089403e-01 3.036472e-01 2.981396e-01 2.931613e-01 2.896142e-01 2.878246e-01 2.870262e-01 2.859487e-01 2.846288e-01 2.832470e-01 2.816980e-01 2.797359e-01 2.770415e-01 2.744854e-01 2.729007e-01 2.726261e-01 2.733992e-01 2.744568e-01 2.747331e-01 2.730466e-01 2.685727e-01 2.615533e-01 2.533453e-01 2.454370e-01 2.387335e-01 2.330609e-01 2.273314e-01 2.200838e-01 2.103381e-01 1.982978e-01 1.853587e-01 1.731119e-01 1.622957e-01 1.527253e-01 1.436596e-01 1.344202e-01 1.245640e-01 1.141369e-01 1.033978e-01 9.292427e-02 8.340051e-02 7.529660e-02 6.874616e-02 6.374196e-02 5.992092e-02 5.675497e-02 5.352439e-02 4.953378e-02 4.438888e-02 3.830425e-02 3.226255e-02 2.695383e-02 2.273813e-02 1.955980e-02 1.724317e-02 1.536639e-02 1.361831e-02 1.163502e-02 9.394799e-03 7.142337e-03 5.282826e-03 3.928181e-03 3.010517e-03 2.441317e-03 2.069924e-03 1.774488e-03 1.481825e-03 1.150460e-03 8.245516e-04 5.573635e-04 3.718873e-04 2.623214e-04 1.895298e-04 1.484710e-04 1.146392e-04 8.973019e-05 6.659819e-05 4.804378e-05 3.393778e-05 2.295884e-05 1.667824e-05 1.205885e-05 9.400505e-06 6.632409e-06 4.520927e-06 2.759982e-06 1.517357e-06 8.045346e-07 3.940451e-07 2.130036e-07 1.118722e-07
3.986358e-07 6.295759e-07 2.779637e-06 1.823019e-06 7.873963e-07 8.476565e-07 1.463983e-06 1.647185e-06 2.020639e-06 4.674189e-06 1.115899e-05 1.562880e-05 1.596753e-05 1.584207e-05 1.722309e-05 2.033222e-05 2.087302e-05 2.102092e-05 2.470019e-05 3.209613e-05 4.394348e-05 6.258509e-05 9.433401e-05 1.257181e-04 1.445351e-04 1.684280e-04 2.066590e-04 2.557215e-04 3.052723e-04 3.292002e-04 3.506838e-04 4.091611e-04 5.067897e-04 6.098006e-04 7.219370e-04 9.003351e-04 1.144479e-03 1.541339e-03 2.087737e-03 2.714965e-03 3.737265e-03 4.885504e-03 5.392653e-03 5.571480e-03 6.053543e-03 6.622542e-03 7.525454e-03 9.415868e-03 1.181718e-02 1.431888e-02 1.740059e-02 2.130236e-02 2.475655e-02 2.714593e-02 2.958628e-02 3.144180e-02 3.226457e-02 3.537330e-02 4.199269e-02 4.970656e-02 5.869499e-02 6.940481e-02 8.038049e-02 9.124034e-02 1.021560e-01 1.128286e-01 1.229074e-01 1.324780e-01 1.413109e-01 1.481868e-01 1.525158e-01 1.549999e-01 1.563890e-01 1.570296e-01 1.588282e-01 1.639820e-01 1.733559e-01 1.873622e-01 2.050132e-01 2.230162e-01 2.389722e-01 2.534902e-01 2.668794e-01 2.774050e-01 2.850322e-01 2.923547e-01 3.006101e-01 3.085311e-01 3.146347e-01 3.180929e-01 3.185197e-01 3.166028e-01 3.135591e-01 3.098696e-01 3.054803e-01 3.004709e-01 2.951681e-01 2.900048e-01 2.853416e-01 2.817230e-01 2.795691e-01 2.784455e-01 2.778128e-01 2.768811e-01 2.755712e-01 2.743243e-01 2.727638e-01 2.707427e-01 2.682898e-01 2.659913e-01 2.645487e-01 2.641115e-01 2.642738e-01 2.642383e-01 2.629040e-01 2.591157e-01 2.522755e-01 2.428353e-01 2.322118e-01 2.218818e-01 2.128199e-01 2.051756e-01 1.983569e-01 1.912909e-01 1.829613e-01 1.727973e-01 1.612051e-01 1.493488e-01 1.383132e-01 1.285964e-01 1.199134e-01 1.116376e-01 1.032608e-01 9.458526e-02 8.549497e-02 7.637656e-02 6.780165e-02 6.028892e-02 5.414618e-02 4.947831e-02 4.597167e-02 4.334904e-02 4.113898e-02 3.859883e-02 3.504119e-02 3.022927e-02 2.484840e-02 1.999468e-02 1.620544e-02 1.349672e-02 1.168421e-02 1.030695e-02 9.134004e-03 7.794638e-03 6.199996e-03 4.546978e-03 3.178955e-03 2.180271e-03 1.545364e-03 1.171642e-03 9.570824e-04 8.091845e-04 6.883608e-04 5.502906e-04 4.119361e-04 2.869782e-04 1.964386e-04 1.379749e-04 1.001510e-04 7.920433e-05 6.356517e-05 5.081038e-05 3.803928e-05 2.675960e-05 1.790716e-05 1.198876e-05 8.076444e-06 5.970778e-06 4.096126e-06 2.710051e-06 1.567309e-06 8.364786e-07 4.168342e-07 1.975069e-07 1.031727e-07
7.915699e-10 1.403304e-07 2.541359e-07 2.595106e-07 8.635461e-07 2.037016e-06 2.658482e-06 4.340446e-06 8.209084e-06 1.433277e-05 1.928583e-05 2.330594e-05 2.550741e-05 2.513642e-05 2.471447e-05 2.308948e-05 2.352168e-05 2.926990e-05 4.112693e-05 5.698756e-05 7.544461e-05 9.918783e-05 1.306006e-04 1.678480e-04 1.992496e-04 2.049185e-04 2.168938e-04 2.536510e-04 2.794056e-04 2.958447e-04 3.175185e-04 3.660471e-04 4.390226e-04 5.689224e-04 7.913673e-04 1.144709e-03 1.700683e-03 2.271085e-03 2.880344e-03 3.637824e-03 4.173532e-03 4.432677e-03 4.842899e-03 5.172716e-03 5.377640e-03 6.250301e-03 7.399982e-03 8.106139e-03 9.417725e-03 1.213339e-02 1.520960e-02 1.804824e-02 2.145348e-02 2.547895e-02 2.893749e-02 3.248594e-02 3.654402e-02 3.920600e-02 4.159711e-02 4.657434e-02 5.457528e-02 6.584651e-02 8.031747e-02 9.569848e-02 1.097303e-01 1.201195e-01 1.264885e-01 1.299240e-01 1.307703e-01 1.306943e-01 1.316408e-01 1.336196e-01 1.368231e-01 1.418649e-01 1.479114e-01 1.542367e-01 1.620187e-01 1.731633e-01 1.888131e-01 2.090284e-01 2.320502e-01 2.543469e-01 2.730886e-01 2.871711e-01 2.955191e-01 2.975576e-01 2.956288e-01 2.934979e-01 2.932647e-01 2.951640e-01 2.986142e-01 3.020453e-01 3.033576e-01 3.018034e-01 2.984254e-01 2.945109e-01 2.906695e-01 2.870959e-01 2.838035e-01 2.810048e-01 2.788683e-01 2.770200e-01 2.754673e-01 2.740133e-01 2.726688e-01 2.716638e-01 2.705793e-01 2.690852e-01 2.665156e-01 2.627530e-01 2.585045e-01 2.546207e-01 2.516035e-01 2.494224e-01 2.477184e-01 2.458329e-01 2.427096e-01 2.369483e-01 2.279528e-01 2.164405e-01 2.039499e-01 1.919300e-01 1.813705e-01 1.725724e-01 1.652579e-01 1.586471e-01 1.518555e-01 1.441755e-01 1.354240e-01 1.258911e-01 1.162537e-01 1.072180e-01 9.910554e-02 9.173754e-02 8.478411e-02 7.779713e-02 7.037114e-02 6.264842e-02 5.501086e-02 4.801396e-02 4.208330e-02 3.739056e-02 3.367968e-02 3.087910e-02 2.865173e-02 2.642774e-02 2.377168e-02 2.027059e-02 1.628673e-02 1.273489e-02 9.937048e-03 8.044981e-03 6.859211e-03 6.035094e-03 5.427530e-03 4.729604e-03 3.791169e-03 2.726982e-03 1.814641e-03 1.177229e-03 8.030688e-04 5.875434e-04 4.745437e-04 3.957679e-04 3.348457e-04 2.642104e-04 1.953757e-04 1.320825e-04 9.106806e-05 6.321622e-05 4.715955e-05 3.750744e-05 2.973962e-05 2.414976e-05 1.732978e-05 1.222278e-05 7.880746e-06 5.238650e-06 3.518106e-06 2.210034e-06 1.391737e-06 7.862847e-07 4.366845e-07 2.276986e-07 1.228215e-07
4.120329e-09 2.108223e-08 5.700945e-08 2.788124e-07 6.423103e-07 1.205432e-06 3.738784e-06 1.352771e-05 2.858119e-05 3.394104e-05 2.860629e-05 2.102120e-05 1.923667e-05 1.917328e-05 1.934941e-05 2.141362e-05 2.771042e-05 3.660493e-05 4.431468e-05 5.261549e-05 6.519124e-05 8.467442e-05 1.049742e-04 1.169166e-04 1.362752e-04 1.760166e-04 2.071018e-04 2.174034e-04 2.315231e-04 2.746576e-04 3.416535e-04 4.230014e-04 5.582137e-04 7.783832e-04 1.138816e-03 1.588918e-03 1.986921e-03 2.424542e-03 2.840499e-03 3.090166e-03 3.212619e-03 3.281247e-03 3.275070e-03 3.729688e-03 4.664044e-03 5.291149e-03 6.056831e-03 7.519095e-03 8.914172e-03 1.014914e-02 1.202941e-02 1.464841e-02 1.772810e-02 2.162580e-02 2.658958e-02 3.153709e-02 3.612437e-02 4.120902e-02 4.583601e-02 4.990353e-02 5.503587e-02 6.139867e-02 6.975987e-02 8.117962e-02 9.391722e-02 1.056543e-01 1.146163e-01 1.199436e-01 1.220636e-01 1.221611e-01 1.225211e-01 1.250995e-01 1.299699e-01 1.371875e-01 1.478119e-01 1.608562e-01 1.737599e-01 1.855032e-01 1.966441e-01 2.083664e-01 2.220258e-01 2.383562e-01 2.563520e-01 2.734742e-01 2.871162e-01 2.955703e-01 2.982944e-01 2.964928e-01 2.927542e-01 2.893501e-01 2.871900e-01 2.863644e-01 2.867755e-01 2.878827e-01 2.885315e-01 2.877154e-01 2.855195e-01 2.830334e-01 2.811812e-01 2.802139e-01 2.798954e-01 2.796422e-01 2.794168e-01 2.788633e-01 2.778034e-01 2.765029e-01 2.749751e-01 2.737083e-01 2.724349e-01 2.702331e-01 2.661849e-01 2.600973e-01 2.529161e-01 2.459489e-01 2.400241e-01 2.352424e-01 2.313616e-01 2.278147e-01 2.236402e-01 2.173542e-01 2.079466e-01 1.958518e-01 1.827846e-01 1.704104e-01 1.597108e-01 1.508545e-01 1.434771e-01 1.367944e-01 1.300284e-01 1.226941e-01 1.147532e-01 1.062516e-01 9.755588e-02 8.926558e-02 8.187040e-02 7.538725e-02 6.967385e-02 6.422765e-02 5.849962e-02 5.237916e-02 4.606908e-02 3.996169e-02 3.451765e-02 3.003071e-02 2.637258e-02 2.357494e-02 2.128407e-02 1.916115e-02 1.685209e-02 1.403223e-02 1.104091e-02 8.388736e-03 6.285681e-03 4.914592e-03 4.064570e-03 3.554019e-03 3.217270e-03 2.861836e-03 2.349283e-03 1.752316e-03 1.188413e-03 7.857772e-04 5.260701e-04 3.767905e-04 2.914940e-04 2.290696e-04 1.852865e-04 1.418545e-04 1.037442e-04 7.255942e-05 5.111088e-05 3.646976e-05 2.844753e-05 2.144361e-05 1.692304e-05 1.244769e-05 9.047146e-06 5.884993e-06 3.697884e-06 2.231012e-06 1.281039e-06 7.468373e-07 4.048189e-07 2.334137e-07 1.339067e-07
9.466758e-10 4.583676e-08 2.377912e-07 5.338514e-07 1.237194e-06 3.566340e-06 6.850065e-06 7.700424e-06 9.320588e-06 1.408054e-05 1.610526e-05 1.874869e-05 2.187777e-05 1.896647e-05 1.574409e-05 1.733705e-05 2.362856e-05 3.245208e-05 3.966677e-05 5.266403e-05 7.324771e-05 9.641337e-05 1.211078e-04 1.530963e-04 1.905574e-04 2.184995e-04 2.456202e-04 2.744979e-04 3.196386e-04 3.916135e-04 5.110733e-04 6.889011e-04 9.320340e-04 1.323714e-03 1.662061e-03 1.782833e-03 1.892744e-03 2.057610e-03 2.307537e-03 2.617393e-03 2.853303e-03 3.195395e-03 3.899842e-03 4.507214e-03 4.970832e-03 5.897961e-03 7.009521e-03 8.322458e-03 1.049415e-02 1.286759e-02 1.478428e-02 1.679167e-02 1.945463e-02 2.252103e-02 2.592056e-02 3.042615e-02 3.612484e-02 4.299250e-02 5.146195e-02 5.945264e-02 6.477141e-02 6.870275e-02 7.243370e-02 7.661275e-02 8.265945e-02 9.072814e-02 9.932274e-02 1.075053e-01 1.157613e-01 1.237999e-01 1.300953e-01 1.347035e-01 1.396767e-01 1.460295e-01 1.534263e-01 1.630890e-01 1.764072e-01 1.913243e-01 2.048823e-01 2.165213e-01 2.275994e-01 2.394351e-01 2.518911e-01 2.640584e-01 2.757564e-01 2.863252e-01 2.935607e-01 2.958353e-01 2.938664e-01 2.897776e-01 2.855025e-01 2.821813e-01 2.802080e-01 2.793458e-01 2.788466e-01 2.782665e-01 2.778094e-01 2.777773e-01 2.779554e-01 2.780427e-01 2.780447e-01 2.779053e-01 2.780081e-01 2.781936e-01 2.780549e-01 2.772191e-01 2.750763e-01 2.721491e-01 2.690001e-01 2.660647e-01 2.631923e-01 2.594517e-01 2.538828e-01 2.463739e-01 2.379085e-01 2.298611e-01 2.232189e-01 2.181258e-01 2.141446e-01 2.105487e-01 2.063955e-01 2.003606e-01 1.913067e-01 1.793083e-01 1.660374e-01 1.534747e-01 1.428486e-01 1.343672e-01 1.276345e-01 1.218545e-01 1.161455e-01 1.097800e-01 1.025316e-01 9.438845e-02 8.573779e-02 7.733549e-02 6.983885e-02 6.334785e-02 5.786552e-02 5.293367e-02 4.799858e-02 4.284810e-02 3.752577e-02 3.216725e-02 2.730471e-02 2.325997e-02 2.003355e-02 1.766246e-02 1.574883e-02 1.410652e-02 1.229057e-02 1.006558e-02 7.736266e-03 5.659749e-03 4.051457e-03 3.028699e-03 2.399710e-03 2.047003e-03 1.837517e-03 1.655425e-03 1.402408e-03 1.092665e-03 7.715664e-04 5.252762e-04 3.479996e-04 2.472023e-04 1.818816e-04 1.407809e-04 1.116546e-04 8.394431e-05 6.243622e-05 4.377750e-05 3.053103e-05 2.170377e-05 1.644796e-05 1.274820e-05 9.228199e-06 6.467408e-06 4.010466e-06 2.377153e-06 1.293920e-06 6.776768e-07 3.635684e-07 1.940020e-07 1.168832e-07
4.319896e-09 4.792893e-07 6.199435e-07 1.027781e-06 2.182882e-06 2.549374e-06 3.194237e-06 5.922207e-06 7.298816e-06 7.030135e-06 9.111107e-06 1.432865e-05 1.781371e-05 2.119566e-05 2.984177e-05 3.312438e-05 3.488500e-05 4.523986e-05 7.086856e-05 1.035610e-04 1.379697e-04 1.721424e-04 2.153045e-04 2.603267e-04 2.961760e-04 3.240032e-04 3.541363e-04 4.155824e-04 5.147137e-04 6.412818e-04 7.995904e-04 1.034996e-03 1.400618e-03 1.638999e-03 1.682761e-03 1.702148e-03 1.743437e-03 1.876891e-03 2.050457e-03 2.386892e-03 3.178332e-03 4.324482e-03 5.322391e-03 6.399905e-03 7.712564e-03 8.968546e-03 1.087420e-02 1.305607e-02 1.458967e-02 1.619588e-02 1.817992e-02 2.011444e-02 2.191267e-02 2.397571e-02 2.638099e-02 2.950989e-02 3.483186e-02 4.219476e-02 5.027694e-02 5.952320e-02 6.875285e-02 7.525313e-02 7.907681e-02 8.115616e-02 8.182640e-02 8.314940e-02 8.851124e-02 9.904221e-02 1.118454e-01 1.241908e-01 1.358210e-01 1.461168e-01 1.543142e-01 1.618577e-01 1.700960e-01 1.775537e-01 1.836707e-01 1.918275e-01 2.046558e-01 2.197640e-01 2.336125e-01 2.457990e-01 2.567347e-01 2.655607e-01 2.714250e-01 2.749152e-01 2.776479e-01 2.802884e-01 2.818851e-01 2.815520e-01 2.795894e-01 2.769228e-01 2.743357e-01 2.725238e-01 2.719370e-01 2.721884e-01 2.723499e-01 2.721111e-01 2.720258e-01 2.726947e-01 2.739331e-01 2.746997e-01 2.746994e-01 2.739346e-01 2.728636e-01 2.719456e-01 2.705218e-01 2.681015e-01 2.643762e-01 2.599908e-01 2.559654e-01 2.527156e-01 2.497285e-01 2.457972e-01 2.399091e-01 2.320436e-01 2.232786e-01 2.149463e-01 2.079945e-01 2.027528e-01 1.990151e-01 1.962302e-01 1.934273e-01 1.889600e-01 1.809671e-01 1.688033e-01 1.540837e-01 1.395106e-01 1.270261e-01 1.172306e-01 1.099224e-01 1.044090e-01 9.966972e-02 9.465015e-02 8.857016e-02 8.106308e-02 7.252914e-02 6.404663e-02 5.649690e-02 5.011984e-02 4.497104e-02 4.067357e-02 3.674250e-02 3.283212e-02 2.879749e-02 2.457479e-02 2.059697e-02 1.718056e-02 1.455747e-02 1.268478e-02 1.128742e-02 1.017868e-02 8.909113e-03 7.328722e-03 5.570534e-03 3.917506e-03 2.675665e-03 1.891578e-03 1.425364e-03 1.168866e-03 1.025020e-03 9.166030e-04 7.819511e-04 6.135625e-04 4.306194e-04 2.887503e-04 1.887083e-04 1.323183e-04 9.595317e-05 7.732958e-05 6.165403e-05 4.899525e-05 3.667174e-05 2.580792e-05 1.829101e-05 1.222873e-05 8.860136e-06 5.980270e-06 3.987195e-06 2.405188e-06 1.392276e-06 7.503664e-07 3.939197e-07 2.105751e-07 1.098916e-07
6.854102e-07 1.672223e-06 8.126663e-06 4.435997e-06 2.637378e-06 3.261838e-06 4.179909e-06 3.672075e-06 4.225938e-06 6.768102e-06 1.019431e-05 1.436917e-05 1.976453e-05 2.773354e-05 4.069588e-05 6.768663e-05 1.023870e-04 1.369006e-04 1.728285e-04 2.030186e-04 2.056027e-04 2.041780e-04 2.099617e-04 2.176573e-04 2.332585e-04 2.659289e-04 3.477996e-04 4.851996e-04 6.335281e-04 7.431395e-04 8.717623e-04 1.047327e-03 1.207775e-03 1.383807e-03 1.487735e-03 1.622912e-03 1.811808e-03 1.957828e-03 2.247494e-03 2.910074e-03 3.910681e-03 5.017725e-03 6.505072e-03 8.269939e-03 1.052713e-02 1.345691e-02 1.550242e-02 1.668939e-02 1.741446e-02 1.775299e-02 1.866804e-02 2.038234e-02 2.255014e-02 2.515584e-02 2.921427e-02 3.505655e-02 4.105840e-02 4.682511e-02 5.263272e-02 5.790438e-02 6.361417e-02 7.014945e-02 7.622449e-02 8.158271e-02 8.597215e-02 8.882919e-02 9.088289e-02 9.385088e-02 1.006485e-01 1.128877e-01 1.287253e-01 1.453280e-01 1.604162e-01 1.730072e-01 1.842500e-01 1.953264e-01 2.050647e-01 2.119567e-01 2.174666e-01 2.242349e-01 2.331544e-01 2.432461e-01 2.530905e-01 2.615126e-01 2.677309e-01 2.715308e-01 2.730125e-01 2.728495e-01 2.723415e-01 2.725373e-01 2.732473e-01 2.736084e-01 2.733172e-01 2.728391e-01 2.726204e-01 2.727009e-01 2.729937e-01 2.735563e-01 2.743973e-01 2.754070e-01 2.763837e-01 2.768719e-01 2.769065e-01 2.761908e-01 2.748002e-01 2.734347e-01 2.722215e-01 2.711141e-01 2.688862e-01 2.644973e-01 2.584516e-01 2.521969e-01 2.468948e-01 2.427765e-01 2.393134e-01 2.353362e-01 2.297767e-01 2.222668e-01 2.133210e-01 2.038813e-01 1.948821e-01 1.869778e-01 1.804542e-01 1.752676e-01 1.709057e-01 1.660009e-01 1.586509e-01 1.476342e-01 1.337764e-01 1.195619e-01 1.071434e-01 9.731325e-02 8.998265e-02 8.458117e-02 8.015195e-02 7.570062e-02 7.040616e-02 6.393650e-02 5.661321e-02 4.934647e-02 4.286736e-02 3.743805e-02 3.304775e-02 2.951455e-02 2.653297e-02 2.370840e-02 2.086573e-02 1.782609e-02 1.477041e-02 1.202960e-02 9.881517e-03 8.308087e-03 7.317657e-03 6.583081e-03 5.851874e-03 4.923461e-03 3.807085e-03 2.713065e-03 1.851067e-03 1.274297e-03 9.309727e-04 7.235790e-04 6.041577e-04 5.046525e-04 4.185578e-04 3.192442e-04 2.288901e-04 1.577053e-04 1.103054e-04 8.246964e-05 6.390524e-05 5.126111e-05 3.948463e-05 3.006260e-05 2.100537e-05 1.420862e-05 9.051992e-06 5.822465e-06 3.585371e-06 2.118707e-06 1.254916e-06 7.364564e-07 4.211368e-07 2.322784e-07 1.319834e-07
1.245534e-05 3.377691e-06 3.168931e-06 8.342629e-06 9.959761e-06 7.001021e-06 5.070593e-06 5.083482e-06 7.422356e-06 9.849286e-06 1.076768e-05 1.346843e-05 2.105383e-05 3.871236e-05 6.380202e-05 9.049546e-05 1.285690e-04 1.577553e-04 1.454396e-04 1.185123e-04 1.054734e-04 9.274195e-05 9.145898e-05 1.045755e-04 1.395312e-04 2.089555e-04 2.986337e-04 4.025206e-04 5.084362e-04 6.414464e-04 7.418988e-04 8.172389e-04 9.173731e-04 1.063274e-03 1.346929e-03 1.607207e-03 1.813771e-03 2.087492e-03 2.554905e-03 3.088841e-03 3.605547e-03 4.376516e-03 5.610190e-03 7.834344e-03 1.055398e-02 1.272728e-02 1.477263e-02 1.652393e-02 1.794671e-02 1.897261e-02 1.964425e-02 2.083087e-02 2.318946e-02 2.747786e-02 3.314677e-02 3.884772e-02 4.469858e-02 5.014172e-02 5.477940e-02 5.896022e-02 6.227292e-02 6.579596e-02 7.072525e-02 7.657351e-02 8.371943e-02 9.195920e-02 9.974889e-02 1.067590e-01 1.133267e-01 1.199075e-01 1.283487e-01 1.411543e-01 1.588423e-01 1.778052e-01 1.935910e-01 2.058649e-01 2.161411e-01 2.240090e-01 2.288841e-01 2.320557e-01 2.355700e-01 2.405844e-01 2.474194e-01 2.556621e-01 2.639435e-01 2.708442e-01 2.760376e-01 2.798101e-01 2.821001e-01 2.827937e-01 2.823729e-01 2.816683e-01 2.810872e-01 2.803955e-01 2.792567e-01 2.778615e-01 2.769063e-01 2.769507e-01 2.777630e-01 2.788128e-01 2.797160e-01 2.799066e-01 2.794110e-01 2.778909e-01 2.753605e-01 2.724833e-01 2.695901e-01 2.674837e-01 2.662940e-01 2.654752e-01 2.637200e-01 2.595789e-01 2.529613e-01 2.451634e-01 2.377687e-01 2.314557e-01 2.260598e-01 2.207171e-01 2.143956e-01 2.065075e-01 1.970772e-01 1.865629e-01 1.756964e-01 1.652588e-01 1.558759e-01 1.477058e-01 1.405248e-01 1.335995e-01 1.258375e-01 1.163728e-01 1.054423e-01 9.438123e-02 8.463603e-02 7.680684e-02 7.087349e-02 6.642244e-02 6.279468e-02 5.926201e-02 5.518109e-02 5.022345e-02 4.442854e-02 3.838658e-02 3.276636e-02 2.795300e-02 2.404245e-02 2.101012e-02 1.861412e-02 1.649353e-02 1.444252e-02 1.220736e-02 9.864875e-03 7.765573e-03 6.072019e-03 4.881865e-03 4.154401e-03 3.646213e-03 3.299590e-03 2.858794e-03 2.322317e-03 1.727084e-03 1.204516e-03 8.239475e-04 5.834654e-04 4.354560e-04 3.498882e-04 2.816836e-04 2.291314e-04 1.706679e-04 1.264754e-04 8.879400e-05 6.473758e-05 4.742218e-05 3.654305e-05 2.806051e-05 2.100789e-05 1.493558e-05 9.904657e-06 6.169712e-06 3.573277e-06 1.975305e-06 1.152433e-06 6.792468e-07 3.955811e-07 2.306244e-07 1.379340e-07
5.386564e-06 1.978966e-06 1.345305e-06 2.406385e-06 3.767577e-06 2.942271e-06 2.847608e-06 3.207373e-06 3.184290e-06 2.699533e-06 3.336991e-06 6.879513e-06 1.480654e-05 2.496787e-05 3.254431e-05 4.074395e-05 4.883321e-05 5.765803e-05 5.970979e-05 5.223135e-05 4.833783e-05 5.447950e-05 6.321340e-05 8.446730e-05 1.320278e-04 2.055631e-04 2.796117e-04 3.300790e-04 3.855175e-04 4.514561e-04 5.402884e-04 6.174442e-04 7.109507e-04 8.620137e-04 9.894285e-04 1.125091e-03 1.351986e-03 1.721684e-03 2.149426e-03 2.685845e-03 3.323162e-03 4.141098e-03 5.316299e-03 6.280833e-03 7.022080e-03 8.170465e-03 9.840850e-03 1.172694e-02 1.364209e-02 1.605332e-02 1.898099e-02 2.225530e-02 2.613379e-02 2.975158e-02 3.213030e-02 3.473171e-02 3.905881e-02 4.474534e-02 5.071840e-02 5.652823e-02 6.204192e-02 6.680793e-02 7.217761e-02 7.934224e-02 8.713228e-02 9.545887e-02 1.046797e-01 1.139246e-01 1.230363e-01 1.320655e-01 1.400883e-01 1.458452e-01 1.504826e-01 1.585104e-01 1.716526e-01 1.865334e-01 2.004696e-01 2.129010e-01 2.226091e-01 2.290714e-01 2.340968e-01 2.392736e-01 2.446893e-01 2.505808e-01 2.581895e-01 2.678716e-01 2.774943e-01 2.843956e-01 2.884053e-01 2.909204e-01 2.922608e-01 2.919185e-01 2.900091e-01 2.873773e-01 2.847323e-01 2.820053e-01 2.787236e-01 2.753309e-01 2.732488e-01 2.735985e-01 2.758324e-01 2.778038e-01 2.783516e-01 2.771713e-01 2.747053e-01 2.715108e-01 2.673413e-01 2.627699e-01 2.583817e-01 2.547798e-01 2.521791e-01 2.501103e-01 2.474527e-01 2.427496e-01 2.354775e-01 2.264069e-01 2.170510e-01 2.084463e-01 2.008687e-01 1.939934e-01 1.871666e-01 1.798017e-01 1.714213e-01 1.617900e-01 1.512520e-01 1.406861e-01 1.310016e-01 1.225279e-01 1.150164e-01 1.079508e-01 1.006384e-01 9.248763e-02 8.349812e-02 7.447774e-02 6.649471e-02 6.002855e-02 5.513508e-02 5.154599e-02 4.884443e-02 4.653111e-02 4.405012e-02 4.085873e-02 3.658104e-02 3.152353e-02 2.642024e-02 2.190685e-02 1.829042e-02 1.560192e-02 1.359194e-02 1.192317e-02 1.038900e-02 8.714308e-03 6.939185e-03 5.245455e-03 3.817535e-03 2.856887e-03 2.234462e-03 1.876306e-03 1.668304e-03 1.471261e-03 1.239916e-03 9.480104e-04 6.669475e-04 4.594668e-04 3.162457e-04 2.337422e-04 1.789780e-04 1.454986e-04 1.188440e-04 9.277260e-05 7.087671e-05 5.159164e-05 3.808762e-05 2.733530e-05 2.025020e-05 1.442946e-05 1.016264e-05 6.569645e-06 4.171764e-06 2.430842e-06 1.387411e-06 7.499936e-07 3.930903e-07 2.106618e-07 1.122831e-07
2.706895e-07 4.067629e-07 1.894391e-06 1.126740e-06 4.514872e-07 4.826610e-07 8.994119e-07 1.138113e-06 1.474450e-06 3.606978e-06 8.972769e-06 1.388143e-05 1.555044e-05 1.674253e-05 2.008902e-05 2.275782e-05 2.359077e-05 2.261330e-05 2.399523e-05 3.017493e-05 4.618488e-05 7.272946e-05 1.148781e-04 1.567329e-04 1.883791e-04 2.225719e-04 2.717970e-04 3.336809e-04 3.831479e-04 4.058983e-04 4.269525e-04 5.011848e-04 6.065544e-04 7.016823e-04 8.103732e-04 9.924414e-04 1.279105e-03 1.661395e-03 2.163622e-03 2.797869e-03 3.820881e-03 4.995112e-03 5.590057e-03 5.856972e-03 6.109579e-03 6.524113e-03 7.475707e-03 9.356990e-03 1.178538e-02 1.421420e-02 1.739625e-02 2.135908e-02 2.474425e-02 2.756463e-02 3.004932e-02 3.139876e-02 3.230855e-02 3.567301e-02 4.252679e-02 5.116241e-02 6.098135e-02 7.165585e-02 8.196883e-02 9.170035e-02 1.006105e-01 1.081451e-01 1.153665e-01 1.227512e-01 1.299856e-01 1.372347e-01 1.440077e-01 1.490605e-01 1.517550e-01 1.523820e-01 1.533495e-01 1.577578e-01 1.661586e-01 1.778252e-01 1.922107e-01 2.065935e-01 2.174132e-01 2.252564e-01 2.330149e-01 2.403809e-01 2.460320e-01 2.519951e-01 2.610940e-01 2.725640e-01 2.828694e-01 2.894821e-01 2.924938e-01 2.932741e-01 2.926314e-01 2.905713e-01 2.870771e-01 2.826059e-01 2.778773e-01 2.734764e-01 2.697036e-01 2.670989e-01 2.662852e-01 2.668553e-01 2.681555e-01 2.688915e-01 2.681727e-01 2.659196e-01 2.618921e-01 2.567068e-01 2.509016e-01 2.452555e-01 2.404500e-01 2.366846e-01 2.337278e-01 2.308528e-01 2.269873e-01 2.207779e-01 2.117186e-01 2.006554e-01 1.891645e-01 1.784926e-01 1.692830e-01 1.616481e-01 1.551243e-01 1.490119e-01 1.425139e-01 1.348347e-01 1.256608e-01 1.157508e-01 1.064200e-01 9.852868e-02 9.198889e-02 8.621829e-02 8.045749e-02 7.407981e-02 6.690048e-02 5.944821e-02 5.258745e-02 4.682753e-02 4.235375e-02 3.902264e-02 3.655735e-02 3.468353e-02 3.303457e-02 3.105655e-02 2.812891e-02 2.419070e-02 1.987142e-02 1.597004e-02 1.287262e-02 1.074622e-02 9.303679e-03 8.281390e-03 7.383428e-03 6.257481e-03 4.887010e-03 3.475644e-03 2.364715e-03 1.667506e-03 1.237718e-03 1.013611e-03 8.647085e-04 7.497524e-04 6.217721e-04 4.797959e-04 3.468287e-04 2.420035e-04 1.730020e-04 1.312305e-04 1.029898e-04 8.562827e-05 6.746200e-05 5.274724e-05 3.810560e-05 2.691676e-05 1.878026e-05 1.311365e-05 9.045188e-06 6.113912e-06 4.040649e-06 2.681106e-06 1.561581e-06 8.622105e-07 4.508144e-07 2.230152e-07 1.211031e-07
4.118873e-10 7.689375e-08 1.344924e-07 1.097334e-07 3.913417e-07 1.033155e-06 1.400661e-06 2.608029e-06 5.742502e-06 1.087202e-05 1.601850e-05 2.215175e-05 2.653802e-05 2.646492e-05 2.508669e-05 2.543537e-05 2.466946e-05 2.636531e-05 3.876073e-05 5.577327e-05 7.921028e-05 1.140437e-04 1.652349e-04 2.272898e-04 2.762867e-04 3.008682e-04 3.230680e-04 3.583235e-04 3.793047e-04 3.798782e-04 3.860810e-04 4.200612e-04 4.974958e-04 6.361197e-04 8.865525e-04 1.306575e-03 1.869477e-03 2.465811e-03 3.042920e-03 3.765401e-03 4.259155e-03 4.471230e-03 4.787175e-03 4.974543e-03 5.264788e-03 6.049580e-03 6.955459e-03 7.648499e-03 8.880278e-03 1.149915e-02 1.456096e-02 1.759089e-02 2.150616e-02 2.544385e-02 2.897110e-02 3.317368e-02 3.737807e-02 4.016448e-02 4.254922e-02 4.696144e-02 5.454497e-02 6.566174e-02 7.898746e-02 9.204097e-02 1.040007e-01 1.131509e-01 1.185282e-01 1.219193e-01 1.239535e-01 1.251926e-01 1.276048e-01 1.315468e-01 1.361875e-01 1.408510e-01 1.447318e-01 1.477183e-01 1.514418e-01 1.579234e-01 1.681722e-01 1.825552e-01 2.001196e-01 2.174622e-01 2.315275e-01 2.422786e-01 2.501505e-01 2.544008e-01 2.558866e-01 2.577584e-01 2.623999e-01 2.692063e-01 2.759939e-01 2.811715e-01 2.839434e-01 2.841279e-01 2.821532e-01 2.788326e-01 2.750122e-01 2.714538e-01 2.685671e-01 2.665203e-01 2.653704e-01 2.647682e-01 2.647060e-01 2.644562e-01 2.634013e-01 2.616176e-01 2.586826e-01 2.543427e-01 2.479916e-01 2.398757e-01 2.312250e-01 2.234776e-01 2.175397e-01 2.133451e-01 2.103045e-01 2.074123e-01 2.033613e-01 1.968246e-01 1.875274e-01 1.764464e-01 1.649884e-01 1.542465e-01 1.448586e-01 1.371319e-01 1.308625e-01 1.254413e-01 1.201119e-01 1.141316e-01 1.068552e-01 9.839809e-02 8.980466e-02 8.227320e-02 7.611353e-02 7.094569e-02 6.609362e-02 6.097666e-02 5.532191e-02 4.935762e-02 4.362277e-02 3.850719e-02 3.423267e-02 3.081852e-02 2.809794e-02 2.594377e-02 2.417825e-02 2.232333e-02 1.996804e-02 1.697317e-02 1.368169e-02 1.070615e-02 8.390724e-03 6.894072e-03 5.972092e-03 5.434217e-03 4.918132e-03 4.222403e-03 3.293041e-03 2.322454e-03 1.569312e-03 1.067166e-03 7.711529e-04 6.012450e-04 4.975006e-04 4.147403e-04 3.315284e-04 2.484340e-04 1.759176e-04 1.252654e-04 9.257669e-05 7.212856e-05 5.815691e-05 4.696425e-05 3.620492e-05 2.736367e-05 1.882351e-05 1.292177e-05 8.173858e-06 5.202133e-06 3.384575e-06 2.214900e-06 1.426051e-06 8.278897e-07 4.779649e-07 2.743980e-07 1.503154e-07
2.899415e-09 9.664765e-09 2.047171e-08 1.276188e-07 3.215447e-07 6.408774e-07 2.233618e-06 8.438787e-06 1.950674e-05 2.603864e-05 2.404203e-05 1.848147e-05 1.755320e-05 1.854895e-05 1.942229e-05 2.005869e-05 2.588074e-05 3.698227e-05 4.656730e-05 5.790643e-05 7.335359e-05 9.939951e-05 1.296100e-04 1.506585e-04 1.813967e-04 2.287923e-04 2.708431e-04 2.869622e-04 2.971306e-04 3.346500e-04 3.970168e-04 4.857080e-04 6.181735e-04 8.707033e-04 1.254617e-03 1.704733e-03 2.156839e-03 2.601632e-03 3.057016e-03 3.259095e-03 3.393313e-03 3.400233e-03 3.291091e-03 3.695984e-03 4.438717e-03 5.021886e-03 5.776180e-03 6.929111e-03 8.212810e-03 9.411959e-03 1.127732e-02 1.395786e-02 1.699816e-02 2.143556e-02 2.713764e-02 3.243414e-02 3.757930e-02 4.292255e-02 4.699052e-02 5.017019e-02 5.383630e-02 5.824205e-02 6.540220e-02 7.601055e-02 8.762811e-02 9.911807e-02 1.089322e-01 1.153522e-01 1.190643e-01 1.206590e-01 1.207968e-01 1.217790e-01 1.250667e-01 1.304900e-01 1.381880e-01 1.474227e-01 1.561735e-01 1.635273e-01 1.706589e-01 1.793273e-01 1.904204e-01 2.041609e-01 2.197347e-01 2.349356e-01 2.478993e-01 2.577142e-01 2.636327e-01 2.656405e-01 2.654648e-01 2.654502e-01 2.666974e-01 2.688319e-01 2.712064e-01 2.735347e-01 2.751504e-01 2.750242e-01 2.728301e-01 2.695740e-01 2.668261e-01 2.657259e-01 2.662998e-01 2.671725e-01 2.675274e-01 2.668797e-01 2.654262e-01 2.636721e-01 2.612395e-01 2.581851e-01 2.541573e-01 2.486410e-01 2.411618e-01 2.318400e-01 2.217583e-01 2.122826e-01 2.044983e-01 1.986050e-01 1.942273e-01 1.904884e-01 1.860788e-01 1.794689e-01 1.700052e-01 1.585672e-01 1.467592e-01 1.358796e-01 1.265039e-01 1.188360e-01 1.127192e-01 1.076068e-01 1.027797e-01 9.762432e-02 9.165327e-02 8.477984e-02 7.755446e-02 7.090028e-02 6.525695e-02 6.054918e-02 5.636689e-02 5.225474e-02 4.789389e-02 4.323334e-02 3.849880e-02 3.390288e-02 2.971759e-02 2.619207e-02 2.322147e-02 2.083753e-02 1.888362e-02 1.693559e-02 1.481313e-02 1.228519e-02 9.589181e-03 7.210346e-03 5.414404e-03 4.254207e-03 3.587109e-03 3.191600e-03 2.899445e-03 2.558444e-03 2.038977e-03 1.481397e-03 1.005644e-03 6.775343e-04 4.732499e-04 3.474036e-04 2.724205e-04 2.130681e-04 1.723606e-04 1.309035e-04 1.009446e-04 7.516170e-05 5.737954e-05 4.355067e-05 3.422170e-05 2.590560e-05 1.939977e-05 1.328216e-05 8.858875e-06 5.773447e-06 3.667893e-06 2.306196e-06 1.281905e-06 7.424446e-07 4.071651e-07 2.416134e-07 1.450839e-07
6.765619e-10 3.954739e-08 2.235954e-07 4.377927e-07 9.916733e-07 2.756840e-06 5.455026e-06 6.590357e-06 7.504744e-06 1.135435e-05 1.435189e-05 1.550424e-05 1.872953e-05 1.747989e-05 1.508570e-05 1.743656e-05 2.589767e-05 3.753709e-05 4.980058e-05 6.908674e-05 1.005205e-04 1.337713e-04 1.702783e-04 2.157883e-04 2.615960e-04 2.967108e-04 3.205130e-04 3.410148e-04 3.809789e-04 4.637635e-04 5.987948e-04 7.637946e-04 1.050186e-03 1.444269e-03 1.777431e-03 1.880455e-03 1.967319e-03 2.199311e-03 2.493412e-03 2.878464e-03 3.101809e-03 3.476031e-03 4.191922e-03 4.667653e-03 5.151159e-03 5.952690e-03 6.979479e-03 8.409328e-03 1.040279e-02 1.267993e-02 1.463807e-02 1.688630e-02 2.014565e-02 2.369353e-02 2.759632e-02 3.257521e-02 3.817509e-02 4.462535e-02 5.205549e-02 5.786530e-02 6.164620e-02 6.503583e-02 6.773669e-02 7.154650e-02 7.860503e-02 8.771383e-02 9.773405e-02 1.074745e-01 1.154907e-01 1.222024e-01 1.272470e-01 1.296106e-01 1.309179e-01 1.336227e-01 1.378542e-01 1.440579e-01 1.540232e-01 1.667539e-01 1.791662e-01 1.900660e-01 1.999495e-01 2.095477e-01 2.195423e-01 2.299650e-01 2.400929e-01 2.493338e-01 2.573076e-01 2.631507e-01 2.660140e-01 2.664483e-01 2.661504e-01 2.663415e-01 2.670481e-01 2.676667e-01 2.676815e-01 2.672312e-01 2.665660e-01 2.656155e-01 2.642114e-01 2.627843e-01 2.621880e-01 2.625667e-01 2.638575e-01 2.648357e-01 2.642200e-01 2.617793e-01 2.576160e-01 2.528750e-01 2.480654e-01 2.432210e-01 2.378060e-01 2.309988e-01 2.225320e-01 2.127629e-01 2.026938e-01 1.933611e-01 1.856918e-01 1.800088e-01 1.761104e-01 1.731943e-01 1.699380e-01 1.645958e-01 1.559512e-01 1.445631e-01 1.323775e-01 1.213605e-01 1.123665e-01 1.054290e-01 1.001891e-01 9.601103e-02 9.219658e-02 8.806568e-02 8.308747e-02 7.704552e-02 7.031926e-02 6.374264e-02 5.788916e-02 5.294854e-02 4.883024e-02 4.517721e-02 4.160648e-02 3.778381e-02 3.364258e-02 2.925013e-02 2.505809e-02 2.145606e-02 1.850681e-02 1.634792e-02 1.466056e-02 1.310684e-02 1.140851e-02 9.202935e-03 6.865217e-03 4.853885e-03 3.420432e-03 2.554042e-03 2.081289e-03 1.788130e-03 1.623976e-03 1.415194e-03 1.154858e-03 8.559763e-04 5.895669e-04 4.018356e-04 2.783135e-04 2.085300e-04 1.637631e-04 1.328434e-04 1.062091e-04 7.997832e-05 5.937213e-05 4.260306e-05 3.174136e-05 2.407509e-05 1.907371e-05 1.449894e-05 1.067275e-05 7.245249e-06 4.731552e-06 2.736730e-06 1.560368e-06 7.713498e-07 4.329368e-07 2.225426e-07 1.302150e-07
5.171721e-09 5.118929e-07 7.147864e-07 1.227161e-06 2.444542e-06 2.937546e-06 3.412840e-06 5.980899e-06 7.621433e-06 6.877557e-06 8.483315e-06 1.410601e-05 1.832444e-05 2.320690e-05 3.595989e-05 4.234991e-05 4.582704e-05 6.444150e-05 1.046843e-04 1.566732e-04 2.080701e-04 2.596882e-04 3.129817e-04 3.656342e-04 4.065145e-04 4.237932e-04 4.374974e-04 4.928095e-04 6.037641e-04 7.312305e-04 9.057233e-04 1.211095e-03 1.573453e-03 1.811202e-03 1.795540e-03 1.774373e-03 1.799390e-03 1.881715e-03 2.071849e-03 2.393929e-03 3.288416e-03 4.494414e-03 5.653276e-03 7.052226e-03 8.312298e-03 9.634046e-03 1.144269e-02 1.333058e-02 1.499745e-02 1.686394e-02 1.947304e-02 2.213976e-02 2.444457e-02 2.662328e-02 2.860616e-02 3.129289e-02 3.587376e-02 4.165623e-02 4.837610e-02 5.724442e-02 6.597311e-02 7.251382e-02 7.784909e-02 8.091640e-02 8.199112e-02 8.407074e-02 8.946668e-02 9.867628e-02 1.096113e-01 1.196018e-01 1.286446e-01 1.372352e-01 1.440876e-01 1.493112e-01 1.547566e-01 1.601250e-01 1.646694e-01 1.710421e-01 1.818013e-01 1.947868e-01 2.067199e-01 2.170729e-01 2.261576e-01 2.337661e-01 2.395755e-01 2.439448e-01 2.482075e-01 2.530888e-01 2.576905e-01 2.607058e-01 2.618647e-01 2.619225e-01 2.618623e-01 2.623058e-01 2.631450e-01 2.636063e-01 2.628656e-01 2.610875e-01 2.591517e-01 2.578038e-01 2.571936e-01 2.566498e-01 2.561819e-01 2.556843e-01 2.551938e-01 2.545725e-01 2.523696e-01 2.479435e-01 2.415261e-01 2.344452e-01 2.277934e-01 2.217651e-01 2.158332e-01 2.089881e-01 2.007698e-01 1.914257e-01 1.818544e-01 1.729710e-01 1.656571e-01 1.604515e-01 1.574038e-01 1.559532e-01 1.548813e-01 1.521877e-01 1.458375e-01 1.356185e-01 1.234554e-01 1.119234e-01 1.025068e-01 9.554253e-02 9.074806e-02 8.742341e-02 8.467905e-02 8.159497e-02 7.740121e-02 7.175864e-02 6.495664e-02 5.792890e-02 5.148214e-02 4.603142e-02 4.167157e-02 3.816797e-02 3.504120e-02 3.175219e-02 2.805131e-02 2.391162e-02 1.989890e-02 1.641612e-02 1.372139e-02 1.188657e-02 1.057308e-02 9.475589e-03 8.230257e-03 6.597403e-03 4.889489e-03 3.381392e-03 2.294205e-03 1.652254e-03 1.280218e-03 1.073696e-03 9.408494e-04 8.026811e-04 6.392363e-04 4.678184e-04 3.252960e-04 2.328438e-04 1.710648e-04 1.372129e-04 1.070670e-04 8.734204e-05 6.563719e-05 4.959314e-05 3.500560e-05 2.458307e-05 1.679717e-05 1.273105e-05 9.308265e-06 6.775811e-06 4.556711e-06 3.053468e-06 1.798181e-06 1.063341e-06 5.403929e-07 3.083930e-07 1.534267e-07
9.433556e-07 2.046653e-06 9.953878e-06 6.240887e-06 3.404482e-06 4.341200e-06 5.962185e-06 4.924762e-06 5.192189e-06 9.336257e-06 1.397954e-05 1.841285e-05 2.499985e-05 3.541760e-05 5.739661e-05 1.013513e-04 1.602605e-04 2.166802e-04 2.764336e-04 3.260513e-04 3.283281e-04 3.103238e-04 2.959238e-04 2.788406e-04 2.729480e-04 3.036499e-04 3.930015e-04 5.405867e-04 6.834764e-04 8.220535e-04 9.769867e-04 1.135364e-03 1.319148e-03 1.470278e-03 1.556591e-03 1.665618e-03 1.831523e-03 1.922510e-03 2.120312e-03 2.807568e-03 3.847307e-03 5.276491e-03 7.075927e-03 9.089803e-03 1.188284e-02 1.481537e-02 1.691190e-02 1.816092e-02 1.901551e-02 1.984793e-02 2.128776e-02 2.335337e-02 2.542287e-02 2.811424e-02 3.208671e-02 3.656224e-02 4.114002e-02 4.656333e-02 5.208555e-02 5.714305e-02 6.367311e-02 7.112612e-02 7.772470e-02 8.374508e-02 8.815975e-02 8.972906e-02 8.935960e-02 8.977976e-02 9.476233e-02 1.056216e-01 1.199328e-01 1.349843e-01 1.489946e-01 1.604244e-01 1.694598e-01 1.780101e-01 1.857755e-01 1.908820e-01 1.949925e-01 2.012641e-01 2.099894e-01 2.195486e-01 2.288952e-01 2.372383e-01 2.437007e-01 2.482480e-01 2.512662e-01 2.530282e-01 2.544136e-01 2.564348e-01 2.589351e-01 2.609716e-01 2.621756e-01 2.629358e-01 2.635667e-01 2.640488e-01 2.641739e-01 2.637916e-01 2.627458e-01 2.610779e-01 2.592460e-01 2.574461e-01 2.560620e-01 2.545655e-01 2.526216e-01 2.507192e-01 2.488001e-01 2.466809e-01 2.428672e-01 2.362380e-01 2.273608e-01 2.179615e-01 2.094944e-01 2.024342e-01 1.966424e-01 1.912415e-01 1.852686e-01 1.781583e-01 1.701193e-01 1.619260e-01 1.544535e-01 1.484215e-01 1.441511e-01 1.414782e-01 1.395507e-01 1.368442e-01 1.316434e-01 1.233533e-01 1.130096e-01 1.026164e-01 9.362218e-02 8.653057e-02 8.134791e-02 7.764261e-02 7.465310e-02 7.155039e-02 6.750625e-02 6.203529e-02 5.529338e-02 4.821850e-02 4.171487e-02 3.627954e-02 3.202194e-02 2.879179e-02 2.609737e-02 2.345744e-02 2.045759e-02 1.700222e-02 1.364389e-02 1.078216e-02 8.629114e-03 7.180681e-03 6.225609e-03 5.568522e-03 4.935302e-03 4.101969e-03 3.135978e-03 2.218430e-03 1.520920e-03 1.075275e-03 7.944390e-04 6.257062e-04 5.109833e-04 4.170045e-04 3.343108e-04 2.558204e-04 1.964535e-04 1.477749e-04 1.151500e-04 9.001016e-05 7.153505e-05 5.571629e-05 4.098929e-05 2.957325e-05 2.026099e-05 1.367371e-05 9.152135e-06 5.751785e-06 3.638913e-06 2.354448e-06 1.533424e-06 9.047878e-07 5.487828e-07 3.040113e-07 1.866227e-07
2.385473e-05 6.242558e-06 5.329725e-06 1.239738e-05 1.718341e-05 1.105053e-05 7.293510e-06 7.401686e-06 1.033259e-05 1.283536e-05 1.342046e-05 1.790154e-05 3.298032e-05 6.425674e-05 1.034077e-04 1.503302e-04 2.186966e-04 2.634529e-04 2.389560e-04 1.851113e-04 1.498615e-04 1.188944e-04 1.039960e-04 1.125700e-04 1.443677e-04 2.080996e-04 2.964666e-04 4.020394e-04 5.277953e-04 6.607754e-04 7.667607e-04 8.502154e-04 9.349847e-04 1.114438e-03 1.426251e-03 1.692931e-03 1.866467e-03 2.203808e-03 2.740274e-03 3.263822e-03 3.825664e-03 4.535773e-03 5.816979e-03 8.175015e-03 1.102125e-02 1.369171e-02 1.621890e-02 1.860656e-02 2.082981e-02 2.258209e-02 2.330254e-02 2.414382e-02 2.621283e-02 2.943755e-02 3.421316e-02 4.050429e-02 4.670119e-02 5.196376e-02 5.726093e-02 6.190775e-02 6.555347e-02 6.982452e-02 7.440406e-02 7.849830e-02 8.316381e-02 8.853742e-02 9.369533e-02 9.824648e-02 1.020843e-01 1.062016e-01 1.127624e-01 1.237912e-01 1.396130e-01 1.572006e-01 1.725655e-01 1.848235e-01 1.954016e-01 2.042271e-01 2.104734e-01 2.154974e-01 2.211668e-01 2.273968e-01 2.341813e-01 2.422574e-01 2.504677e-01 2.566622e-01 2.607342e-01 2.639932e-01 2.666806e-01 2.681734e-01 2.686907e-01 2.690571e-01 2.694364e-01 2.694140e-01 2.687530e-01 2.676184e-01 2.662047e-01 2.648377e-01 2.637596e-01 2.628720e-01 2.617456e-01 2.596301e-01 2.567571e-01 2.531819e-01 2.491801e-01 2.454316e-01 2.420043e-01 2.394137e-01 2.375091e-01 2.356531e-01 2.324678e-01 2.265553e-01 2.179970e-01 2.082406e-01 1.989479e-01 1.909675e-01 1.846490e-01 1.796523e-01 1.751008e-01 1.699409e-01 1.633701e-01 1.554630e-01 1.471107e-01 1.394453e-01 1.330848e-01 1.280303e-01 1.236861e-01 1.191070e-01 1.132780e-01 1.056949e-01 9.680279e-02 8.786659e-02 7.997786e-02 7.344733e-02 6.832856e-02 6.445787e-02 6.138889e-02 5.856854e-02 5.520985e-02 5.056921e-02 4.452178e-02 3.785462e-02 3.157668e-02 2.637705e-02 2.251740e-02 1.973014e-02 1.747390e-02 1.531550e-02 1.301599e-02 1.060183e-02 8.174998e-03 6.061054e-03 4.495672e-03 3.513576e-03 2.925109e-03 2.602508e-03 2.366936e-03 2.069674e-03 1.667223e-03 1.219477e-03 8.545102e-04 5.978349e-04 4.437738e-04 3.448036e-04 2.857305e-04 2.335738e-04 1.906602e-04 1.469534e-04 1.125368e-04 8.556366e-05 6.726111e-05 5.099424e-05 4.085579e-05 3.062003e-05 2.367861e-05 1.632516e-05 1.096786e-05 6.749978e-06 3.833567e-06 2.173476e-06 1.249667e-06 7.145206e-07 3.954290e-07 2.368228e-07 1.422033e-07
1.206262e-05 4.265583e-06 2.418647e-06 4.652809e-06 7.250859e-06 4.501387e-06 3.591032e-06 4.098496e-06 4.185453e-06 3.356062e-06 4.414468e-06 1.006943e-05 2.385649e-05 4.390822e-05 5.808499e-05 6.619101e-05 7.257991e-05 7.367665e-05 6.910468e-05 6.264637e-05 5.705870e-05 5.920140e-05 6.483697e-05 8.033939e-05 1.218342e-04 1.879077e-04 2.524155e-04 3.051499e-04 3.625968e-04 4.387423e-04 5.274734e-04 6.017155e-04 7.174744e-04 8.933215e-04 1.026598e-03 1.170119e-03 1.447892e-03 1.840616e-03 2.334709e-03 3.015215e-03 3.674296e-03 4.418325e-03 5.466119e-03 6.486952e-03 7.352323e-03 8.783113e-03 1.121720e-02 1.401430e-02 1.648716e-02 1.904182e-02 2.205073e-02 2.498476e-02 2.809168e-02 3.145511e-02 3.394622e-02 3.670036e-02 4.210761e-02 4.882938e-02 5.503897e-02 6.107982e-02 6.620383e-02 7.011675e-02 7.449791e-02 7.999705e-02 8.575311e-02 9.176730e-02 9.853658e-02 1.054303e-01 1.115980e-01 1.169003e-01 1.214256e-01 1.249563e-01 1.285676e-01 1.362411e-01 1.498413e-01 1.660479e-01 1.818999e-01 1.971295e-01 2.100824e-01 2.189848e-01 2.258201e-01 2.328922e-01 2.396086e-01 2.456037e-01 2.526014e-01 2.611645e-01 2.689869e-01 2.741380e-01 2.771829e-01 2.791216e-01 2.798378e-01 2.792172e-01 2.776583e-01 2.755108e-01 2.727961e-01 2.693551e-01 2.650997e-01 2.606292e-01 2.570526e-01 2.552709e-01 2.552118e-01 2.552208e-01 2.541108e-01 2.511986e-01 2.467525e-01 2.415234e-01 2.356240e-01 2.299645e-01 2.251730e-01 2.216652e-01 2.192442e-01 2.170521e-01 2.138042e-01 2.082305e-01 2.001969e-01 1.906926e-01 1.813072e-01 1.731336e-01 1.666585e-01 1.617420e-01 1.576915e-01 1.535113e-01 1.481835e-01 1.411707e-01 1.329124e-01 1.246333e-01 1.173548e-01 1.112734e-01 1.058406e-01 1.002522e-01 9.392040e-02 8.656637e-02 7.846142e-02 7.046136e-02 6.336125e-02 5.730087e-02 5.238236e-02 4.862898e-02 4.589933e-02 4.388628e-02 4.187413e-02 3.888272e-02 3.431301e-02 2.878169e-02 2.337920e-02 1.889472e-02 1.548360e-02 1.293589e-02 1.111294e-02 9.665868e-03 8.293304e-03 6.743371e-03 5.000248e-03 3.479628e-03 2.403772e-03 1.792177e-03 1.450077e-03 1.279026e-03 1.162918e-03 1.022852e-03 8.267305e-04 6.251896e-04 4.473827e-04 3.315072e-04 2.497713e-04 2.048599e-04 1.684096e-04 1.404628e-04 1.128193e-04 8.640343e-05 6.359755e-05 4.744087e-05 3.454042e-05 2.709679e-05 2.014120e-05 1.569768e-05 1.097401e-05 7.541449e-06 4.738043e-06 2.683612e-06 1.477012e-06 7.584019e-07 3.821250e-07 1.991445e-07 1.148996e-07
4.491976e-07 5.269355e-07 3.057770e-06 1.709484e-06 5.431768e-07 5.595596e-07 1.064223e-06 1.230168e-06 1.587465e-06 4.511584e-06 1.238552e-05 1.964292e-05 2.168916e-05 2.184291e-05 2.503384e-05 2.841040e-05 2.693491e-05 2.429815e-05 2.546726e-05 3.073411e-05 4.315132e-05 6.382286e-05 1.005587e-04 1.395189e-04 1.639230e-04 1.948460e-04 2.417977e-04 2.970169e-04 3.437067e-04 3.606176e-04 3.870578e-04 4.863779e-04 6.151025e-04 7.123212e-04 8.385349e-04 1.072673e-03 1.388550e-03 1.865223e-03 2.470782e-03 3.120065e-03 4.188328e-03 5.494548e-03 6.196869e-03 6.416396e-03 6.844659e-03 7.455920e-03 8.449651e-03 1.053592e-02 1.322352e-02 1.562027e-02 1.866461e-02 2.285166e-02 2.656697e-02 2.955166e-02 3.247515e-02 3.402322e-02 3.446649e-02 3.770102e-02 4.498943e-02 5.441935e-02 6.506265e-02 7.561789e-02 8.452737e-02 9.149528e-02 9.739336e-02 1.021898e-01 1.054626e-01 1.085087e-01 1.126081e-01 1.170852e-01 1.210452e-01 1.248582e-01 1.282901e-01 1.302834e-01 1.331067e-01 1.406213e-01 1.528618e-01 1.680841e-01 1.861837e-01 2.047944e-01 2.190406e-01 2.285620e-01 2.367955e-01 2.439964e-01 2.488967e-01 2.535683e-01 2.606110e-01 2.688166e-01 2.752546e-01 2.789128e-01 2.803701e-01 2.801090e-01 2.782646e-01 2.751186e-01 2.709495e-01 2.660340e-01 2.606418e-01 2.550040e-01 2.493392e-01 2.443434e-01 2.410469e-01 2.395209e-01 2.393746e-01 2.390811e-01 2.372730e-01 2.337303e-01 2.285051e-01 2.225879e-01 2.165385e-01 2.110313e-01 2.066708e-01 2.036121e-01 2.015333e-01 1.995302e-01 1.963567e-01 1.907018e-01 1.824028e-01 1.724073e-01 1.622071e-01 1.530460e-01 1.456289e-01 1.400963e-01 1.359939e-01 1.324131e-01 1.282049e-01 1.224379e-01 1.149486e-01 1.066803e-01 9.885983e-02 9.213795e-02 8.626968e-02 8.057971e-02 7.468803e-02 6.838414e-02 6.156758e-02 5.462952e-02 4.816648e-02 4.236046e-02 3.756066e-02 3.392285e-02 3.142875e-02 2.985124e-02 2.866966e-02 2.689238e-02 2.381500e-02 1.983494e-02 1.569501e-02 1.216572e-02 9.506284e-03 7.783410e-03 6.777665e-03 6.047368e-03 5.314959e-03 4.326709e-03 3.229094e-03 2.252365e-03 1.570398e-03 1.150682e-03 8.980354e-04 7.492934e-04 6.483457e-04 5.403258e-04 4.348711e-04 3.271150e-04 2.491654e-04 1.913525e-04 1.552919e-04 1.310832e-04 1.069906e-04 8.800028e-05 6.681736e-05 5.013372e-05 3.642710e-05 2.595549e-05 1.884275e-05 1.292515e-05 9.329788e-06 6.388695e-06 4.273639e-06 2.684413e-06 1.589300e-06 8.682513e-07 4.479267e-07 2.313719e-07 1.247671e-07
5.555988e-10 1.022968e-07 1.596569e-07 1.110414e-07 4.132122e-07 1.026749e-06 1.331855e-06 2.617279e-06 5.822729e-06 1.140287e-05 1.873231e-05 2.729466e-05 3.192469e-05 3.032365e-05 2.718138e-05 2.461604e-05 2.240501e-05 2.505375e-05 3.338547e-05 4.604137e-05 6.056771e-05 8.247332e-05 1.194604e-04 1.745691e-04 2.281718e-04 2.514198e-04 2.805659e-04 3.271016e-04 3.368572e-04 3.281478e-04 3.558261e-04 4.010922e-04 4.822579e-04 6.479975e-04 9.328127e-04 1.410871e-03 2.161738e-03 2.852913e-03 3.447691e-03 4.217839e-03 4.806841e-03 5.010135e-03 5.353041e-03 5.656596e-03 5.881199e-03 6.660319e-03 7.643904e-03 8.044080e-03 8.952593e-03 1.159132e-02 1.470776e-02 1.793667e-02 2.242450e-02 2.682347e-02 3.055245e-02 3.506111e-02 3.914064e-02 4.173774e-02 4.436661e-02 4.924332e-02 5.726749e-02 6.782523e-02 7.926945e-02 8.997159e-02 9.797595e-02 1.026428e-01 1.052666e-01 1.060884e-01 1.055558e-01 1.061610e-01 1.091840e-01 1.132901e-01 1.184887e-01 1.253992e-01 1.321283e-01 1.381302e-01 1.459876e-01 1.568564e-01 1.702126e-01 1.871482e-01 2.072722e-01 2.255016e-01 2.384561e-01 2.477466e-01 2.539808e-01 2.557377e-01 2.545758e-01 2.548714e-01 2.583910e-01 2.628281e-01 2.661249e-01 2.680537e-01 2.683425e-01 2.667471e-01 2.636310e-01 2.595667e-01 2.550035e-01 2.506571e-01 2.471076e-01 2.442850e-01 2.417513e-01 2.391142e-01 2.370784e-01 2.356742e-01 2.344110e-01 2.327892e-01 2.296330e-01 2.245397e-01 2.173562e-01 2.089452e-01 2.006742e-01 1.936019e-01 1.882744e-01 1.846740e-01 1.824213e-01 1.805815e-01 1.778037e-01 1.725609e-01 1.643701e-01 1.541765e-01 1.435265e-01 1.337676e-01 1.257195e-01 1.196668e-01 1.152727e-01 1.117550e-01 1.081139e-01 1.035758e-01 9.775829e-02 9.095136e-02 8.384269e-02 7.720830e-02 7.129903e-02 6.585250e-02 6.071688e-02 5.574198e-02 5.044575e-02 4.478597e-02 3.914104e-02 3.374947e-02 2.919348e-02 2.581842e-02 2.351889e-02 2.184105e-02 2.039960e-02 1.858797e-02 1.621928e-02 1.323424e-02 1.006396e-02 7.453932e-03 5.623084e-03 4.565274e-03 4.013099e-03 3.695011e-03 3.393564e-03 2.895271e-03 2.217316e-03 1.549897e-03 1.066216e-03 7.634637e-04 5.762771e-04 4.660244e-04 3.856726e-04 3.166908e-04 2.537241e-04 1.985277e-04 1.570926e-04 1.222618e-04 1.010018e-04 7.988557e-05 6.698000e-05 5.275593e-05 4.085521e-05 2.941614e-05 1.999556e-05 1.336144e-05 8.420801e-06 5.452173e-06 3.409599e-06 2.042424e-06 1.279432e-06 7.560334e-07 4.321944e-07 2.452838e-07 1.428426e-07
5.022414e-09 1.027446e-08 1.675055e-08 1.063182e-07 2.788869e-07 5.808664e-07 2.036249e-06 7.890243e-06 1.980907e-05 2.801672e-05 2.609667e-05 1.985136e-05 1.824043e-05 1.797178e-05 1.710897e-05 1.722465e-05 2.125011e-05 2.880582e-05 3.432923e-05 4.109581e-05 5.300120e-05 7.137756e-05 9.286102e-05 1.110808e-04 1.443248e-04 1.983976e-04 2.446798e-04 2.621777e-04 2.842187e-04 3.469156e-04 4.101096e-04 4.806945e-04 6.163744e-04 8.790098e-04 1.360326e-03 1.974419e-03 2.484790e-03 3.044330e-03 3.578437e-03 3.777865e-03 3.854142e-03 3.880292e-03 3.716918e-03 4.027963e-03 4.851764e-03 5.404926e-03 5.976744e-03 7.249942e-03 8.511736e-03 9.385729e-03 1.133362e-02 1.415474e-02 1.723221e-02 2.239230e-02 2.881855e-02 3.467704e-02 4.084724e-02 4.649323e-02 5.023908e-02 5.255719e-02 5.408527e-02 5.665974e-02 6.192635e-02 6.941919e-02 7.813565e-02 8.678509e-02 9.353750e-02 9.861253e-02 1.024068e-01 1.039870e-01 1.050250e-01 1.085169e-01 1.141716e-01 1.214478e-01 1.318167e-01 1.442087e-01 1.559236e-01 1.669883e-01 1.781449e-01 1.893523e-01 2.018126e-01 2.164362e-01 2.309020e-01 2.426414e-01 2.519338e-01 2.586492e-01 2.612105e-01 2.601396e-01 2.583714e-01 2.578198e-01 2.578406e-01 2.575308e-01 2.572249e-01 2.570023e-01 2.561447e-01 2.541368e-01 2.510344e-01 2.474122e-01 2.441170e-01 2.419861e-01 2.411724e-01 2.404709e-01 2.392475e-01 2.372371e-01 2.348553e-01 2.327269e-01 2.304050e-01 2.277702e-01 2.241022e-01 2.187539e-01 2.113944e-01 2.024206e-01 1.930371e-01 1.846177e-01 1.780569e-01 1.734493e-01 1.703805e-01 1.680015e-01 1.651430e-01 1.603082e-01 1.525490e-01 1.423951e-01 1.314471e-01 1.212682e-01 1.127584e-01 1.061464e-01 1.011801e-01 9.721740e-02 9.344409e-02 8.925076e-02 8.430549e-02 7.856324e-02 7.223796e-02 6.597663e-02 6.025991e-02 5.513538e-02 5.063605e-02 4.671129e-02 4.267010e-02 3.819094e-02 3.341883e-02 2.862346e-02 2.452626e-02 2.140792e-02 1.887759e-02 1.685688e-02 1.528838e-02 1.360027e-02 1.162303e-02 9.093841e-03 6.589056e-03 4.667547e-03 3.438644e-03 2.795776e-03 2.491548e-03 2.332043e-03 2.151105e-03 1.868475e-03 1.444834e-03 1.041803e-03 7.275929e-04 5.227189e-04 3.913380e-04 3.147529e-04 2.620496e-04 2.125242e-04 1.680604e-04 1.281122e-04 9.546786e-05 7.390603e-05 5.763282e-05 4.644778e-05 3.710153e-05 2.895369e-05 2.170473e-05 1.524986e-05 1.020009e-05 6.270111e-06 3.689113e-06 2.207476e-06 1.240083e-06 7.116686e-07 3.947607e-07 2.260917e-07 1.364795e-07
7.256332e-10 4.669817e-08 2.728169e-07 4.789537e-07 9.494864e-07 2.523328e-06 5.213569e-06 6.312902e-06 7.099838e-06 1.024301e-05 1.173776e-05 1.201490e-05 1.346965e-05 1.334988e-05 1.213768e-05 1.349470e-05 1.876242e-05 2.705650e-05 3.505735e-05 4.538221e-05 6.620948e-05 9.525714e-05 1.320178e-04 1.764930e-04 2.282597e-04 2.801138e-04 3.292028e-04 3.697095e-04 4.313622e-04 5.201001e-04 6.612598e-04 8.489625e-04 1.144529e-03 1.664047e-03 2.022148e-03 2.078429e-03 2.227878e-03 2.515660e-03 2.953677e-03 3.469323e-03 3.714418e-03 3.997097e-03 4.745271e-03 5.319864e-03 5.703819e-03 6.548751e-03 7.662956e-03 8.836031e-03 1.085151e-02 1.339676e-02 1.520347e-02 1.775125e-02 2.138563e-02 2.478342e-02 2.921034e-02 3.505651e-02 4.113032e-02 4.768694e-02 5.369311e-02 5.752984e-02 5.941936e-02 5.971042e-02 5.962684e-02 6.147862e-02 6.641492e-02 7.442336e-02 8.445818e-02 9.410091e-02 1.031461e-01 1.124431e-01 1.199082e-01 1.249449e-01 1.304422e-01 1.371089e-01 1.438609e-01 1.525249e-01 1.651216e-01 1.797264e-01 1.937689e-01 2.058984e-01 2.152938e-01 2.233872e-01 2.317556e-01 2.391289e-01 2.444368e-01 2.490371e-01 2.534446e-01 2.558815e-01 2.556055e-01 2.543888e-01 2.537541e-01 2.533862e-01 2.522798e-01 2.503600e-01 2.482031e-01 2.459646e-01 2.435520e-01 2.410144e-01 2.384432e-01 2.363680e-01 2.355448e-01 2.357433e-01 2.364918e-01 2.365542e-01 2.349604e-01 2.317003e-01 2.269394e-01 2.218198e-01 2.168485e-01 2.122074e-01 2.075861e-01 2.022015e-01 1.954086e-01 1.872185e-01 1.784244e-01 1.701846e-01 1.635767e-01 1.589926e-01 1.561597e-01 1.542288e-01 1.520240e-01 1.480129e-01 1.409205e-01 1.309483e-01 1.197997e-01 1.094370e-01 1.010151e-01 9.461382e-02 8.978654e-02 8.587665e-02 8.220077e-02 7.822064e-02 7.369442e-02 6.846797e-02 6.251418e-02 5.631237e-02 5.049572e-02 4.535592e-02 4.119678e-02 3.804362e-02 3.494491e-02 3.136302e-02 2.747769e-02 2.337940e-02 1.956166e-02 1.641819e-02 1.394344e-02 1.231110e-02 1.107620e-02 9.738004e-03 8.207689e-03 6.327177e-03 4.581133e-03 3.243831e-03 2.363288e-03 1.869225e-03 1.614795e-03 1.454012e-03 1.327193e-03 1.127034e-03 8.726876e-04 6.380121e-04 4.657795e-04 3.590726e-04 2.840836e-04 2.373898e-04 1.909045e-04 1.516852e-04 1.168264e-04 8.663413e-05 6.427184e-05 4.713329e-05 3.445659e-05 2.563575e-05 1.917831e-05 1.430804e-05 1.051028e-05 7.192316e-06 4.745449e-06 2.856616e-06 1.647737e-06 8.695478e-07 4.763979e-07 2.523245e-07 1.443994e-07
5.316981e-09 3.804517e-07 5.944358e-07 1.127985e-06 2.228218e-06 2.710233e-06 2.961190e-06 4.720152e-06 5.618207e-06 4.706488e-06 5.885015e-06 9.899584e-06 1.255048e-05 1.556602e-05 2.158046e-05 2.357798e-05 2.478962e-05 3.545252e-05 6.334600e-05 1.058346e-04 1.534702e-04 2.076260e-04 2.796967e-04 3.619987e-04 4.248036e-04 4.647861e-04 5.089985e-04 5.994411e-04 7.189073e-04 8.786603e-04 1.090787e-03 1.434448e-03 1.948098e-03 2.260410e-03 2.243381e-03 2.130149e-03 2.050748e-03 2.162355e-03 2.398035e-03 2.839255e-03 4.002454e-03 5.583562e-03 6.954103e-03 8.509871e-03 1.009267e-02 1.122956e-02 1.268407e-02 1.466962e-02 1.609617e-02 1.819772e-02 2.168192e-02 2.451081e-02 2.724401e-02 3.036837e-02 3.284865e-02 3.561112e-02 3.904101e-02 4.273014e-02 4.742787e-02 5.312341e-02 5.847552e-02 6.279189e-02 6.561131e-02 6.706726e-02 6.845100e-02 7.148269e-02 7.870415e-02 9.100173e-02 1.049003e-01 1.179174e-01 1.308342e-01 1.424809e-01 1.516283e-01 1.598742e-01 1.681657e-01 1.753042e-01 1.809830e-01 1.874214e-01 1.971557e-01 2.095690e-01 2.210153e-01 2.288225e-01 2.342412e-01 2.394200e-01 2.429352e-01 2.435251e-01 2.438906e-01 2.460097e-01 2.481109e-01 2.482900e-01 2.471582e-01 2.461145e-01 2.454222e-01 2.447480e-01 2.438170e-01 2.421655e-01 2.394077e-01 2.359612e-01 2.326490e-01 2.300130e-01 2.281629e-01 2.267113e-01 2.260446e-01 2.261401e-01 2.266177e-01 2.267616e-01 2.249198e-01 2.206527e-01 2.143729e-01 2.074354e-01 2.009913e-01 1.954114e-01 1.904431e-01 1.853039e-01 1.792159e-01 1.718546e-01 1.636910e-01 1.556856e-01 1.489860e-01 1.441870e-01 1.412460e-01 1.395323e-01 1.379926e-01 1.351469e-01 1.294174e-01 1.204576e-01 1.096275e-01 9.904110e-02 9.027059e-02 8.371923e-02 7.901637e-02 7.549095e-02 7.247408e-02 6.929698e-02 6.549618e-02 6.067966e-02 5.468008e-02 4.819421e-02 4.233924e-02 3.748665e-02 3.368248e-02 3.083412e-02 2.821775e-02 2.547455e-02 2.223491e-02 1.830766e-02 1.467030e-02 1.179338e-02 9.640586e-03 8.310638e-03 7.374602e-03 6.606286e-03 5.718646e-03 4.514271e-03 3.305934e-03 2.317067e-03 1.651136e-03 1.271826e-03 1.043766e-03 8.949707e-04 7.759698e-04 6.488178e-04 5.209718e-04 4.075904e-04 3.209625e-04 2.519177e-04 2.027701e-04 1.666525e-04 1.337989e-04 1.066118e-04 7.949806e-05 5.688474e-05 3.941081e-05 2.635210e-05 1.786988e-05 1.215582e-05 8.376795e-06 6.010434e-06 4.217316e-06 2.937367e-06 1.821430e-06 1.092724e-06 5.839734e-07 3.275267e-07 1.815928e-07
3.902699e-07 1.060998e-06 4.025593e-06 2.756020e-06 1.932683e-06 2.400513e-06 3.391971e-06 3.120934e-06 3.203116e-06 5.037503e-06 7.354742e-06 1.013499e-05 1.378385e-05 1.884612e-05 2.811880e-05 5.250322e-05 9.643903e-05 1.370845e-04 1.867661e-04 2.398335e-04 2.677586e-04 2.769491e-04 2.851650e-04 2.950990e-04 3.233588e-04 3.869219e-04 5.106119e-04 6.910840e-04 8.954063e-04 1.055069e-03 1.244508e-03 1.482397e-03 1.699692e-03 1.870341e-03 1.913944e-03 2.028912e-03 2.255609e-03 2.343511e-03 2.581776e-03 3.395095e-03 4.659907e-03 6.511631e-03 9.007113e-03 1.141209e-02 1.413153e-02 1.750365e-02 1.979778e-02 2.134683e-02 2.342534e-02 2.448867e-02 2.564456e-02 2.821404e-02 3.084581e-02 3.386158e-02 3.705830e-02 3.951229e-02 4.179843e-02 4.405722e-02 4.629537e-02 4.903762e-02 5.318315e-02 5.905487e-02 6.584363e-02 7.267857e-02 7.893131e-02 8.366743e-02 8.675039e-02 9.087016e-02 9.990067e-02 1.140766e-01 1.310058e-01 1.487226e-01 1.641295e-01 1.758744e-01 1.855900e-01 1.943540e-01 2.018353e-01 2.071287e-01 2.102962e-01 2.137078e-01 2.201576e-01 2.281380e-01 2.340080e-01 2.380239e-01 2.421874e-01 2.455549e-01 2.461441e-01 2.450564e-01 2.445004e-01 2.444757e-01 2.438205e-01 2.425178e-01 2.412509e-01 2.401826e-01 2.391717e-01 2.382227e-01 2.372272e-01 2.358492e-01 2.337993e-01 2.314135e-01 2.294320e-01 2.278467e-01 2.266281e-01 2.252010e-01 2.234412e-01 2.220169e-01 2.209279e-01 2.197717e-01 2.167707e-01 2.107653e-01 2.023804e-01 1.933151e-01 1.850990e-01 1.783133e-01 1.728904e-01 1.681575e-01 1.631300e-01 1.569411e-01 1.495323e-01 1.415820e-01 1.342124e-01 1.282186e-01 1.239465e-01 1.211461e-01 1.191200e-01 1.165917e-01 1.120395e-01 1.047884e-01 9.569772e-02 8.646072e-02 7.844235e-02 7.213006e-02 6.741636e-02 6.399257e-02 6.142331e-02 5.904550e-02 5.606365e-02 5.174197e-02 4.578915e-02 3.922570e-02 3.339539e-02 2.862208e-02 2.510698e-02 2.275411e-02 2.062504e-02 1.837013e-02 1.577720e-02 1.273371e-02 9.852326e-03 7.491317e-03 5.857312e-03 4.921722e-03 4.347260e-03 3.966059e-03 3.549269e-03 2.939474e-03 2.256641e-03 1.636435e-03 1.180283e-03 8.965828e-04 7.092016e-04 5.918064e-04 5.007859e-04 4.121276e-04 3.261523e-04 2.530531e-04 1.970340e-04 1.553241e-04 1.277496e-04 1.025663e-04 8.391940e-05 6.529420e-05 4.869027e-05 3.460230e-05 2.307029e-05 1.485863e-05 9.452729e-06 5.866503e-06 3.701383e-06 2.400089e-06 1.597080e-06 9.567502e-07 5.718409e-07 3.207794e-07 1.955868e-07
5.992767e-06 1.564808e-06 1.455962e-06 2.790686e-06 5.220627e-06 4.408703e-06 3.192011e-06 3.130674e-06 4.957686e-06 6.292383e-06 6.563334e-06 8.556228e-06 1.457672e-05 3.064301e-05 5.285949e-05 8.286512e-05 1.426393e-04 2.027244e-04 2.005336e-04 1.714075e-04 1.515530e-04 1.308453e-04 1.242362e-04 1.435462e-04 1.948740e-04 2.862847e-04 4.152464e-04 5.738065e-04 7.421959e-04 9.434580e-04 1.089044e-03 1.157570e-03 1.272341e-03 1.487789e-03 1.873749e-03 2.220244e-03 2.461164e-03 2.900235e-03 3.505706e-03 4.110447e-03 4.824976e-03 5.675969e-03 6.920807e-03 9.511710e-03 1.283127e-02 1.598932e-02 2.036843e-02 2.436671e-02 2.718037e-02 3.005896e-02 3.105794e-02 3.115103e-02 3.185103e-02 3.296823e-02 3.571028e-02 3.945526e-02 4.303861e-02 4.670563e-02 5.006027e-02 5.339924e-02 5.693715e-02 6.075284e-02 6.590316e-02 7.214250e-02 7.885769e-02 8.679856e-02 9.520938e-02 1.021333e-01 1.081640e-01 1.145928e-01 1.221000e-01 1.343267e-01 1.529889e-01 1.725651e-01 1.882401e-01 2.008484e-01 2.112078e-01 2.188514e-01 2.243979e-01 2.284753e-01 2.316744e-01 2.351831e-01 2.392354e-01 2.425718e-01 2.447191e-01 2.464090e-01 2.475627e-01 2.475719e-01 2.468504e-01 2.462284e-01 2.454027e-01 2.437118e-01 2.414867e-01 2.394632e-01 2.376952e-01 2.358455e-01 2.339087e-01 2.323526e-01 2.313882e-01 2.307011e-01 2.298142e-01 2.281517e-01 2.261903e-01 2.240956e-01 2.218043e-01 2.193347e-01 2.163914e-01 2.137174e-01 2.115775e-01 2.095858e-01 2.063223e-01 2.002815e-01 1.915429e-01 1.815772e-01 1.720689e-01 1.640272e-01 1.577321e-01 1.528095e-01 1.483350e-01 1.431584e-01 1.366138e-01 1.288524e-01 1.209359e-01 1.138660e-01 1.082022e-01 1.037727e-01 1.001154e-01 9.642851e-02 9.177902e-02 8.565231e-02 7.840078e-02 7.095676e-02 6.424067e-02 5.871386e-02 5.451952e-02 5.170829e-02 5.005430e-02 4.868861e-02 4.650014e-02 4.281195e-02 3.726697e-02 3.093138e-02 2.526046e-02 2.070740e-02 1.743701e-02 1.520269e-02 1.337394e-02 1.181886e-02 1.009132e-02 7.925062e-03 5.829118e-03 4.175575e-03 3.119525e-03 2.562291e-03 2.289911e-03 2.149600e-03 1.997120e-03 1.689240e-03 1.331271e-03 9.825028e-04 7.386931e-04 5.829905e-04 4.771074e-04 4.083974e-04 3.452391e-04 2.836207e-04 2.247284e-04 1.744016e-04 1.324352e-04 1.034161e-04 7.913458e-05 6.203687e-05 4.849019e-05 3.693841e-05 2.737681e-05 1.890675e-05 1.247693e-05 7.792618e-06 4.500771e-06 2.652821e-06 1.457635e-06 8.615659e-07 4.787494e-07 2.757086e-07 1.666567e-07
2.953999e-06 1.001131e-06 5.482513e-07 1.385362e-06 1.986550e-06 1.251463e-06 1.149663e-06 1.316128e-06 1.431691e-06 1.419919e-06 2.018344e-06 4.848409e-06 1.257464e-05 2.606057e-05 3.812209e-05 4.775331e-05 5.606460e-05 6.187071e-05 6.684813e-05 6.627102e-05 6.650476e-05 7.565823e-05 9.224260e-05 1.212061e-04 1.799786e-04 2.735897e-04 3.788861e-04 4.657107e-04 5.590469e-04 6.616726e-04 7.702500e-04 8.802594e-04 9.887572e-04 1.192806e-03 1.378838e-03 1.586307e-03 1.905179e-03 2.368121e-03 3.027112e-03 3.819425e-03 4.508134e-03 5.182594e-03 6.249561e-03 7.267897e-03 8.811884e-03 1.163313e-02 1.484509e-02 1.886822e-02 2.263342e-02 2.526657e-02 2.801250e-02 2.938391e-02 2.988410e-02 3.040232e-02 3.051942e-02 3.256155e-02 3.726207e-02 4.310014e-02 4.956360e-02 5.568774e-02 6.124875e-02 6.653956e-02 7.132600e-02 7.705072e-02 8.404206e-02 9.124728e-02 9.967007e-02 1.089923e-01 1.169430e-01 1.243735e-01 1.319922e-01 1.372670e-01 1.424151e-01 1.535085e-01 1.701191e-01 1.870648e-01 2.027699e-01 2.168345e-01 2.266038e-01 2.317695e-01 2.348019e-01 2.371986e-01 2.393750e-01 2.416932e-01 2.442814e-01 2.470960e-01 2.496939e-01 2.510075e-01 2.503994e-01 2.487456e-01 2.472137e-01 2.455715e-01 2.430075e-01 2.396247e-01 2.362727e-01 2.332344e-01 2.300184e-01 2.267339e-01 2.242603e-01 2.234433e-01 2.243319e-01 2.254515e-01 2.255109e-01 2.236021e-01 2.198985e-01 2.152409e-01 2.097858e-01 2.041862e-01 1.987649e-01 1.941497e-01 1.906603e-01 1.877973e-01 1.843403e-01 1.787837e-01 1.706330e-01 1.608880e-01 1.511396e-01 1.426806e-01 1.360656e-01 1.312062e-01 1.274453e-01 1.237350e-01 1.191032e-01 1.130226e-01 1.059861e-01 9.903657e-02 9.308770e-02 8.821348e-02 8.397956e-02 7.973979e-02 7.493094e-02 6.922074e-02 6.275805e-02 5.615174e-02 5.018209e-02 4.529217e-02 4.161579e-02 3.908269e-02 3.756284e-02 3.653403e-02 3.530978e-02 3.298128e-02 2.873741e-02 2.360705e-02 1.874530e-02 1.458930e-02 1.163554e-02 9.801162e-03 8.567105e-03 7.592836e-03 6.400163e-03 4.910316e-03 3.545675e-03 2.499167e-03 1.843416e-03 1.494558e-03 1.269758e-03 1.142580e-03 1.005775e-03 8.421879e-04 6.778880e-04 5.265311e-04 4.249419e-04 3.513342e-04 2.983018e-04 2.622615e-04 2.178429e-04 1.803867e-04 1.380274e-04 1.025990e-04 7.427942e-05 5.347449e-05 3.867050e-05 2.911970e-05 2.163583e-05 1.654392e-05 1.187980e-05 8.307033e-06 5.391463e-06 3.068660e-06 1.754764e-06 8.542146e-07 4.448865e-07 2.322239e-07 1.331349e-07
1.371702e-07 1.276606e-07 9.401949e-07 5.082711e-07 1.368192e-07 1.343572e-07 3.102053e-07 3.842916e-07 5.124010e-07 1.813292e-06 6.603717e-06 1.266762e-05 1.529621e-05 1.700642e-05 2.179991e-05 2.664116e-05 2.690858e-05 2.566332e-05 2.861274e-05 3.942081e-05 6.358316e-05 1.015327e-04 1.584763e-04 2.195877e-04 2.726575e-04 3.316105e-04 4.018388e-04 4.751144e-04 5.086464e-04 5.092994e-04 5.352781e-04 6.361304e-04 8.218440e-04 9.887046e-04 1.161202e-03 1.424434e-03 1.831243e-03 2.358340e-03 2.970981e-03 3.742756e-03 5.040175e-03 6.698444e-03 7.934988e-03 9.077280e-03 9.941842e-03 1.045593e-02 1.149291e-02 1.317293e-02 1.547831e-02 1.776745e-02 1.976540e-02 2.243365e-02 2.470861e-02 2.679959e-02 2.950699e-02 3.117105e-02 3.255072e-02 3.631991e-02 4.342314e-02 5.326689e-02 6.407914e-02 7.464331e-02 8.440281e-02 9.186578e-02 9.809411e-02 1.040988e-01 1.092863e-01 1.154276e-01 1.230127e-01 1.301844e-01 1.376140e-01 1.455153e-01 1.512467e-01 1.545309e-01 1.591944e-01 1.675717e-01 1.783756e-01 1.907364e-01 2.046172e-01 2.169609e-01 2.242901e-01 2.271973e-01 2.283966e-01 2.291326e-01 2.293722e-01 2.298579e-01 2.321889e-01 2.364536e-01 2.405596e-01 2.426281e-01 2.428230e-01 2.422343e-01 2.411325e-01 2.389690e-01 2.357327e-01 2.321324e-01 2.284844e-01 2.245928e-01 2.203560e-01 2.164958e-01 2.142131e-01 2.136648e-01 2.143254e-01 2.145802e-01 2.130086e-01 2.093003e-01 2.034104e-01 1.963291e-01 1.887702e-01 1.816133e-01 1.755215e-01 1.707564e-01 1.672978e-01 1.644089e-01 1.609206e-01 1.556136e-01 1.478902e-01 1.384266e-01 1.286138e-01 1.198851e-01 1.130644e-01 1.081707e-01 1.046493e-01 1.016750e-01 9.851666e-02 9.448829e-02 8.936084e-02 8.350035e-02 7.780313e-02 7.287032e-02 6.873542e-02 6.490836e-02 6.092488e-02 5.638869e-02 5.099063e-02 4.503009e-02 3.934805e-02 3.439039e-02 3.034757e-02 2.743820e-02 2.577498e-02 2.472087e-02 2.373518e-02 2.224981e-02 1.960342e-02 1.598526e-02 1.216318e-02 9.026623e-03 7.013800e-03 5.826627e-03 5.137906e-03 4.689898e-03 4.100381e-03 3.275877e-03 2.438476e-03 1.717283e-03 1.273879e-03 9.860880e-04 8.080413e-04 6.866404e-04 5.702752e-04 4.653152e-04 3.692375e-04 2.914708e-04 2.417450e-04 1.971153e-04 1.738158e-04 1.455424e-04 1.250806e-04 1.003556e-04 7.645991e-05 5.518987e-05 3.824094e-05 2.574117e-05 1.804753e-05 1.212792e-05 8.826722e-06 6.133159e-06 4.227927e-06 2.743189e-06 1.542574e-06 8.814626e-07 4.508870e-07 2.373140e-07 1.333844e-07
2.655611e-10 3.659759e-08 5.295407e-08 2.865109e-08 1.303290e-07 3.424133e-07 4.180820e-07 1.266584e-06 3.661406e-06 7.578319e-06 1.332025e-05 2.173275e-05 3.023067e-05 3.471195e-05 3.400373e-05 3.276692e-05 3.223766e-05 3.716637e-05 5.158318e-05 7.536505e-05 1.096916e-04 1.577596e-04 2.253007e-04 3.111335e-04 4.026167e-04 4.508685e-04 4.799939e-04 5.064435e-04 4.969349e-04 4.479627e-04 4.367628e-04 5.070172e-04 6.378049e-04 8.553982e-04 1.224136e-03 1.792669e-03 2.548558e-03 3.349178e-03 4.132838e-03 5.121056e-03 6.076459e-03 6.932659e-03 7.858921e-03 8.228215e-03 8.424579e-03 8.764837e-03 8.835825e-03 8.626409e-03 9.025377e-03 1.084581e-02 1.322263e-02 1.598863e-02 2.020788e-02 2.455633e-02 2.837224e-02 3.281596e-02 3.699247e-02 4.020455e-02 4.341771e-02 4.826874e-02 5.618794e-02 6.711008e-02 8.019617e-02 9.353629e-02 1.044319e-01 1.127563e-01 1.186667e-01 1.222585e-01 1.256631e-01 1.295558e-01 1.337921e-01 1.397064e-01 1.472437e-01 1.540343e-01 1.586632e-01 1.625081e-01 1.674223e-01 1.732922e-01 1.801970e-01 1.899942e-01 2.022467e-01 2.126042e-01 2.181605e-01 2.205591e-01 2.218115e-01 2.213454e-01 2.189324e-01 2.175615e-01 2.200920e-01 2.250208e-01 2.291002e-01 2.312147e-01 2.319563e-01 2.316815e-01 2.301971e-01 2.276058e-01 2.245414e-01 2.217791e-01 2.194884e-01 2.173600e-01 2.150881e-01 2.124868e-01 2.102322e-01 2.083459e-01 2.063108e-01 2.035871e-01 1.991778e-01 1.929958e-01 1.849805e-01 1.758278e-01 1.667364e-01 1.587848e-01 1.527166e-01 1.485327e-01 1.458931e-01 1.440666e-01 1.418048e-01 1.377175e-01 1.309467e-01 1.221298e-01 1.127517e-01 1.041609e-01 9.722226e-02 9.219222e-02 8.876499e-02 8.616939e-02 8.369620e-02 8.069401e-02 7.676552e-02 7.187812e-02 6.658322e-02 6.162909e-02 5.751785e-02 5.398431e-02 5.051875e-02 4.679427e-02 4.256923e-02 3.768579e-02 3.243142e-02 2.750063e-02 2.350731e-02 2.059562e-02 1.858417e-02 1.716466e-02 1.622924e-02 1.508475e-02 1.297693e-02 1.003486e-02 7.197079e-03 5.155102e-03 3.946876e-03 3.351293e-03 3.080677e-03 2.899911e-03 2.584765e-03 2.126057e-03 1.602663e-03 1.165223e-03 8.784329e-04 6.830968e-04 5.681764e-04 4.794306e-04 4.092334e-04 3.355178e-04 2.632868e-04 2.096579e-04 1.613726e-04 1.303534e-04 1.045985e-04 8.578839e-05 7.029525e-05 5.560999e-05 4.141844e-05 2.984018e-05 1.956554e-05 1.330981e-05 8.350446e-06 5.666830e-06 3.655510e-06 2.393225e-06 1.468677e-06 8.458709e-07 4.662412e-07 2.548165e-07 1.505054e-07
5.075552e-09 5.692171e-09 6.889735e-09 4.993887e-08 1.291090e-07 3.011081e-07 1.274956e-06 5.366344e-06 1.608355e-05 2.691545e-05 2.713264e-05 2.272234e-05 2.188324e-05 2.221522e-05 2.418752e-05 2.855385e-05 3.839657e-05 5.275951e-05 6.760822e-05 8.287364e-05 9.943074e-05 1.248575e-04 1.622512e-04 2.007061e-04 2.498220e-04 3.047097e-04 3.436234e-04 3.577457e-04 3.698999e-04 4.349911e-04 5.271042e-04 5.863674e-04 6.929235e-04 9.521029e-04 1.420487e-03 2.138281e-03 2.945278e-03 3.799107e-03 4.652311e-03 5.150803e-03 5.396381e-03 5.383697e-03 5.183901e-03 5.313204e-03 5.643496e-03 5.825563e-03 6.195658e-03 7.113203e-03 7.853765e-03 8.334812e-03 9.860150e-03 1.241012e-02 1.551463e-02 2.027075e-02 2.632582e-02 3.226624e-02 3.828762e-02 4.402660e-02 4.839153e-02 5.181728e-02 5.548350e-02 6.006466e-02 6.668144e-02 7.664241e-02 8.872569e-02 1.003616e-01 1.110670e-01 1.198522e-01 1.253841e-01 1.292205e-01 1.320095e-01 1.341744e-01 1.381778e-01 1.447933e-01 1.524532e-01 1.596894e-01 1.664763e-01 1.728623e-01 1.779048e-01 1.815947e-01 1.863702e-01 1.941173e-01 2.029817e-01 2.099438e-01 2.149268e-01 2.190404e-01 2.216178e-01 2.214740e-01 2.198263e-01 2.193331e-01 2.207107e-01 2.222802e-01 2.229835e-01 2.230560e-01 2.226914e-01 2.216842e-01 2.196936e-01 2.170457e-01 2.145353e-01 2.128870e-01 2.122093e-01 2.113549e-01 2.095589e-01 2.065450e-01 2.029359e-01 1.995382e-01 1.959319e-01 1.919488e-01 1.869940e-01 1.807064e-01 1.728691e-01 1.637576e-01 1.545929e-01 1.466379e-01 1.406719e-01 1.366819e-01 1.341542e-01 1.324982e-01 1.306042e-01 1.270594e-01 1.207801e-01 1.122434e-01 1.030413e-01 9.466159e-02 8.785207e-02 8.270672e-02 7.894838e-02 7.602127e-02 7.343858e-02 7.078487e-02 6.758253e-02 6.341270e-02 5.835989e-02 5.315942e-02 4.855971e-02 4.466534e-02 4.149041e-02 3.874171e-02 3.554047e-02 3.144737e-02 2.695252e-02 2.267086e-02 1.888694e-02 1.597379e-02 1.405911e-02 1.285827e-02 1.191299e-02 1.068189e-02 8.874375e-03 6.703941e-03 4.817135e-03 3.485655e-03 2.695458e-03 2.284649e-03 2.046148e-03 1.888265e-03 1.658876e-03 1.372759e-03 1.048113e-03 7.954029e-04 6.187206e-04 5.086377e-04 4.260077e-04 3.647350e-04 3.065167e-04 2.413839e-04 1.864103e-04 1.366190e-04 1.003033e-04 7.511404e-05 5.752700e-05 4.534390e-05 3.629960e-05 2.745277e-05 2.117637e-05 1.460100e-05 1.018792e-05 6.490131e-06 4.314551e-06 2.677551e-06 1.576063e-06 8.860691e-07 4.884853e-07 2.730477e-07 1.684929e-07
6.925428e-10 4.594866e-08 2.742031e-07 4.669672e-07 9.113972e-07 2.323071e-06 4.838320e-06 6.176853e-06 7.997015e-06 1.245597e-05 1.410915e-05 1.628833e-05 2.162796e-05 2.242274e-05 1.979669e-05 2.320267e-05 3.562084e-05 5.622797e-05 7.508224e-05 9.628817e-05 1.317212e-04 1.738429e-04 2.251129e-04 2.709137e-04 3.089506e-04 3.537441e-04 4.078219e-04 4.562545e-04 5.146858e-04 6.231909e-04 7.837348e-04 1.023360e-03 1.317135e-03 1.770806e-03 2.223423e-03 2.420216e-03 2.759386e-03 3.314091e-03 4.022774e-03 4.756459e-03 5.229848e-03 5.684749e-03 6.146070e-03 6.342965e-03 6.396461e-03 6.980755e-03 7.824144e-03 8.600483e-03 1.020409e-02 1.227842e-02 1.398941e-02 1.628632e-02 1.939148e-02 2.294670e-02 2.759048e-02 3.371489e-02 4.077736e-02 4.830059e-02 5.589560e-02 6.239925e-02 6.649299e-02 6.912047e-02 7.153705e-02 7.482878e-02 8.166127e-02 9.261982e-02 1.050035e-01 1.168959e-01 1.277002e-01 1.368074e-01 1.440812e-01 1.487702e-01 1.510390e-01 1.533124e-01 1.569108e-01 1.615375e-01 1.675724e-01 1.752093e-01 1.833757e-01 1.899844e-01 1.940257e-01 1.970471e-01 2.009332e-01 2.052313e-01 2.085156e-01 2.111754e-01 2.143138e-01 2.171867e-01 2.184012e-01 2.182874e-01 2.185993e-01 2.198306e-01 2.205867e-01 2.196859e-01 2.175958e-01 2.152679e-01 2.130117e-01 2.109289e-01 2.089520e-01 2.072473e-01 2.063474e-01 2.061064e-01 2.061512e-01 2.052341e-01 2.023929e-01 1.978599e-01 1.920388e-01 1.861101e-01 1.804818e-01 1.753304e-01 1.703048e-01 1.647157e-01 1.582284e-01 1.508179e-01 1.431132e-01 1.360615e-01 1.304748e-01 1.267313e-01 1.244923e-01 1.232420e-01 1.219940e-01 1.193574e-01 1.138458e-01 1.055755e-01 9.615879e-02 8.746371e-02 8.049750e-02 7.531121e-02 7.148339e-02 6.851419e-02 6.594935e-02 6.323776e-02 5.975973e-02 5.539339e-02 5.029120e-02 4.488117e-02 3.994590e-02 3.593868e-02 3.285833e-02 3.038079e-02 2.797482e-02 2.510989e-02 2.153758e-02 1.769138e-02 1.425476e-02 1.170471e-02 9.939976e-03 8.778830e-03 7.982950e-03 7.242209e-03 6.134373e-03 4.733278e-03 3.459201e-03 2.504470e-03 1.953922e-03 1.620949e-03 1.434652e-03 1.268742e-03 1.081217e-03 8.932673e-04 7.067588e-04 5.615074e-04 4.578946e-04 3.770872e-04 3.192921e-04 2.697015e-04 2.209252e-04 1.725621e-04 1.288494e-04 9.128331e-05 6.427291e-05 4.521521e-05 3.126269e-05 2.326642e-05 1.656800e-05 1.267238e-05 8.940601e-06 6.298090e-06 4.351336e-06 2.772383e-06 1.625627e-06 9.128850e-07 5.057149e-07 2.866242e-07 1.717372e-07
9.195270e-09 5.636561e-07 9.200629e-07 1.622096e-06 3.306480e-06 4.109010e-06 4.521600e-06 6.824140e-06 7.423399e-06 6.102272e-06 7.652057e-06 1.275452e-05 1.790052e-05 2.564548e-05 4.201017e-05 5.297763e-05 6.317353e-05 8.639816e-05 1.391725e-04 2.131233e-04 2.938002e-04 3.858785e-04 4.524813e-04 5.009608e-04 5.377802e-04 5.688331e-04 6.068202e-04 7.058074e-04 8.658950e-04 1.028650e-03 1.268982e-03 1.640999e-03 2.250102e-03 2.655924e-03 2.751622e-03 2.851863e-03 2.813175e-03 2.900635e-03 3.262548e-03 4.044758e-03 5.450265e-03 7.033410e-03 8.447078e-03 9.941379e-03 1.158936e-02 1.234860e-02 1.328876e-02 1.484820e-02 1.603447e-02 1.801537e-02 2.086283e-02 2.372999e-02 2.706455e-02 3.062251e-02 3.416132e-02 3.829820e-02 4.327290e-02 4.936749e-02 5.666819e-02 6.510397e-02 7.420333e-02 8.236899e-02 8.796597e-02 9.129063e-02 9.313636e-02 9.489017e-02 1.014375e-01 1.145924e-01 1.290470e-01 1.414031e-01 1.525228e-01 1.622087e-01 1.692136e-01 1.734367e-01 1.763363e-01 1.788136e-01 1.805684e-01 1.823233e-01 1.862380e-01 1.928141e-01 1.993587e-01 2.030877e-01 2.047364e-01 2.068124e-01 2.091337e-01 2.098824e-01 2.098299e-01 2.110366e-01 2.131404e-01 2.139880e-01 2.133887e-01 2.129574e-01 2.136568e-01 2.148865e-01 2.152953e-01 2.140558e-01 2.111193e-01 2.072542e-01 2.034832e-01 2.005520e-01 1.985918e-01 1.970178e-01 1.959414e-01 1.952723e-01 1.947927e-01 1.939905e-01 1.912616e-01 1.862322e-01 1.793692e-01 1.720277e-01 1.653001e-01 1.596178e-01 1.548540e-01 1.500736e-01 1.444891e-01 1.379152e-01 1.308647e-01 1.242157e-01 1.185818e-01 1.144968e-01 1.120026e-01 1.108056e-01 1.099037e-01 1.079345e-01 1.034589e-01 9.634264e-02 8.783888e-02 7.960036e-02 7.269188e-02 6.738117e-02 6.352112e-02 6.076582e-02 5.855013e-02 5.621021e-02 5.305413e-02 4.871342e-02 4.325961e-02 3.748240e-02 3.233367e-02 2.819629e-02 2.514824e-02 2.303970e-02 2.122121e-02 1.903132e-02 1.625716e-02 1.310382e-02 1.007647e-02 7.763916e-03 6.284554e-03 5.435935e-03 4.925156e-03 4.486740e-03 3.851784e-03 3.124739e-03 2.366458e-03 1.807321e-03 1.425725e-03 1.165070e-03 1.016399e-03 8.811216e-04 7.719002e-04 6.491295e-04 5.157384e-04 4.157610e-04 3.244590e-04 2.608755e-04 2.119143e-04 1.736800e-04 1.416268e-04 1.093030e-04 8.105778e-05 5.526538e-05 3.830546e-05 2.488537e-05 1.734627e-05 1.186299e-05 8.354885e-06 5.642814e-06 3.721236e-06 2.547440e-06 1.566089e-06 9.031752e-07 5.126216e-07 2.877527e-07 1.810100e-07
6.759726e-07 1.759470e-06 6.944392e-06 5.266234e-06 3.563131e-06 4.865020e-06 6.572307e-06 5.598493e-06 5.830615e-06 8.696376e-06 1.230937e-05 1.787078e-05 2.261240e-05 3.010882e-05 4.948615e-05 1.042906e-04 1.794108e-04 2.554107e-04 3.311135e-04 4.066073e-04 4.324920e-04 3.714401e-04 3.302640e-04 3.300856e-04 3.594919e-04 4.269896e-04 5.775907e-04 7.734476e-04 9.546970e-04 1.160139e-03 1.405004e-03 1.731076e-03 2.077939e-03 2.508030e-03 2.750303e-03 2.899583e-03 3.135444e-03 3.275929e-03 3.526581e-03 4.201702e-03 5.346365e-03 7.032601e-03 9.811213e-03 1.268987e-02 1.534833e-02 1.877347e-02 2.101867e-02 2.241526e-02 2.393951e-02 2.487232e-02 2.667321e-02 2.984753e-02 3.362026e-02 3.848590e-02 4.377966e-02 4.843407e-02 5.295491e-02 5.745652e-02 6.205944e-02 6.743840e-02 7.372341e-02 8.121888e-02 9.015811e-02 9.881672e-02 1.057270e-01 1.107377e-01 1.121722e-01 1.126573e-01 1.193148e-01 1.322105e-01 1.468064e-01 1.612552e-01 1.736317e-01 1.824305e-01 1.880471e-01 1.919392e-01 1.950577e-01 1.967136e-01 1.964857e-01 1.962508e-01 1.988924e-01 2.038513e-01 2.073640e-01 2.084731e-01 2.096311e-01 2.114321e-01 2.117540e-01 2.103227e-01 2.093541e-01 2.097230e-01 2.101246e-01 2.093840e-01 2.081737e-01 2.076059e-01 2.078694e-01 2.085153e-01 2.086783e-01 2.076088e-01 2.050063e-01 2.014146e-01 1.979010e-01 1.948590e-01 1.924742e-01 1.901974e-01 1.877853e-01 1.856817e-01 1.836720e-01 1.815952e-01 1.781473e-01 1.723718e-01 1.645694e-01 1.560690e-01 1.484600e-01 1.424256e-01 1.379096e-01 1.340953e-01 1.299508e-01 1.248627e-01 1.187199e-01 1.122242e-01 1.061938e-01 1.013763e-01 9.789041e-02 9.557400e-02 9.384421e-02 9.181722e-02 8.829789e-02 8.276443e-02 7.571311e-02 6.832556e-02 6.184327e-02 5.685967e-02 5.338823e-02 5.112835e-02 4.969281e-02 4.834924e-02 4.603940e-02 4.206110e-02 3.656139e-02 3.050487e-02 2.510940e-02 2.102447e-02 1.818170e-02 1.628288e-02 1.486483e-02 1.349967e-02 1.161928e-02 9.071229e-03 6.634567e-03 4.909488e-03 3.890571e-03 3.338583e-03 3.080600e-03 2.845802e-03 2.510138e-03 2.049782e-03 1.551012e-03 1.199217e-03 9.283183e-04 7.944009e-04 7.070467e-04 6.272366e-04 5.549504e-04 4.396703e-04 3.434597e-04 2.582217e-04 1.925349e-04 1.517329e-04 1.190258e-04 9.654012e-05 7.554390e-05 5.923396e-05 4.313413e-05 3.105842e-05 2.121815e-05 1.419402e-05 9.331704e-06 5.946992e-06 3.778017e-06 2.408422e-06 1.566634e-06 9.242885e-07 5.229196e-07 3.060422e-07 1.834911e-07
1.011887e-05 2.942049e-06 3.007309e-06 5.399637e-06 1.120954e-05 9.488979e-06 6.794269e-06 7.088765e-06 1.017794e-05 1.263822e-05 1.379823e-05 1.623355e-05 2.534374e-05 4.616434e-05 7.775639e-05 1.225769e-04 2.074919e-04 2.873671e-04 2.967147e-04 2.500905e-04 1.970484e-04 1.544150e-04 1.301581e-04 1.376085e-04 1.850411e-04 2.872488e-04 4.284055e-04 6.125861e-04 8.491928e-04 1.110352e-03 1.298584e-03 1.484624e-03 1.764127e-03 2.088820e-03 2.640183e-03 3.148922e-03 3.599571e-03 4.171867e-03 4.749060e-03 5.030978e-03 5.456465e-03 6.439827e-03 7.535927e-03 9.782355e-03 1.302113e-02 1.643696e-02 2.068009e-02 2.501749e-02 2.893670e-02 3.246763e-02 3.511301e-02 3.737064e-02 4.013705e-02 4.356553e-02 4.891818e-02 5.570013e-02 6.232712e-02 6.839627e-02 7.374340e-02 7.856379e-02 8.306205e-02 8.746508e-02 9.269253e-02 9.869359e-02 1.047540e-01 1.110208e-01 1.169466e-01 1.205898e-01 1.217768e-01 1.235745e-01 1.283756e-01 1.378885e-01 1.529181e-01 1.697798e-01 1.833319e-01 1.922871e-01 1.984208e-01 2.029858e-01 2.058201e-01 2.068122e-01 2.072522e-01 2.084733e-01 2.105528e-01 2.123854e-01 2.132888e-01 2.138474e-01 2.145292e-01 2.146176e-01 2.137566e-01 2.126840e-01 2.119402e-01 2.110297e-01 2.093529e-01 2.070310e-01 2.047343e-01 2.030885e-01 2.021726e-01 2.019494e-01 2.020335e-01 2.015944e-01 1.998592e-01 1.964905e-01 1.924922e-01 1.884584e-01 1.847417e-01 1.816329e-01 1.784983e-01 1.754443e-01 1.724418e-01 1.693877e-01 1.653515e-01 1.591058e-01 1.507414e-01 1.415192e-01 1.330729e-01 1.262557e-01 1.211701e-01 1.174045e-01 1.139604e-01 1.099107e-01 1.047031e-01 9.875501e-02 9.282108e-02 8.774385e-02 8.379669e-02 8.079381e-02 7.821227e-02 7.553820e-02 7.203382e-02 6.715997e-02 6.122527e-02 5.507493e-02 4.946975e-02 4.492515e-02 4.179533e-02 4.002273e-02 3.924996e-02 3.885525e-02 3.783571e-02 3.481823e-02 2.970094e-02 2.394844e-02 1.882732e-02 1.486356e-02 1.220649e-02 1.066212e-02 9.704590e-03 8.756654e-03 7.317912e-03 5.602025e-03 4.078156e-03 3.046879e-03 2.446252e-03 2.125862e-03 1.932641e-03 1.715192e-03 1.482513e-03 1.179139e-03 9.308845e-04 7.493813e-04 6.223741e-04 5.552681e-04 4.779898e-04 4.305653e-04 3.621960e-04 2.887086e-04 2.241401e-04 1.609506e-04 1.173754e-04 8.478053e-05 6.267233e-05 4.795844e-05 3.687353e-05 2.845938e-05 2.050950e-05 1.448443e-05 9.697973e-06 6.216672e-06 3.831429e-06 2.419751e-06 1.518929e-06 9.217811e-07 5.253204e-07 3.041051e-07 1.944009e-07
4.523062e-06 1.871138e-06 1.181812e-06 3.779597e-06 4.521639e-06 2.502995e-06 2.348449e-06 2.819672e-06 3.130807e-06 2.764567e-06 3.322145e-06 7.415229e-06 1.889225e-05 3.651102e-05 4.809372e-05 5.732201e-05 6.797153e-05 7.882458e-05 7.853638e-05 6.975101e-05 6.670033e-05 7.146312e-05 8.411975e-05 1.101529e-04 1.636274e-04 2.491013e-04 3.685237e-04 4.889960e-04 6.034939e-04 7.687657e-04 1.022745e-03 1.225623e-03 1.441286e-03 1.760392e-03 2.023392e-03 2.381405e-03 2.873067e-03 3.423890e-03 3.926573e-03 4.749217e-03 5.303893e-03 5.513486e-03 6.143802e-03 6.806783e-03 7.916419e-03 1.028341e-02 1.395196e-02 1.853582e-02 2.347995e-02 2.919911e-02 3.526810e-02 4.055258e-02 4.535708e-02 4.894011e-02 5.102462e-02 5.455875e-02 6.080450e-02 6.902835e-02 7.717022e-02 8.343211e-02 8.972162e-02 9.456430e-02 9.697294e-02 1.005183e-01 1.049122e-01 1.088646e-01 1.144548e-01 1.208191e-01 1.249810e-01 1.276741e-01 1.306513e-01 1.329316e-01 1.353786e-01 1.431169e-01 1.573088e-01 1.725709e-01 1.852966e-01 1.958601e-01 2.035286e-01 2.073027e-01 2.084821e-01 2.092603e-01 2.104750e-01 2.118118e-01 2.132124e-01 2.150563e-01 2.170834e-01 2.182633e-01 2.180258e-01 2.167335e-01 2.153371e-01 2.140962e-01 2.125107e-01 2.102008e-01 2.072942e-01 2.040428e-01 2.004244e-01 1.969818e-01 1.946498e-01 1.940421e-01 1.947974e-01 1.951803e-01 1.939480e-01 1.903102e-01 1.847296e-01 1.786238e-01 1.725772e-01 1.673211e-01 1.627714e-01 1.589670e-01 1.558063e-01 1.527469e-01 1.489349e-01 1.432295e-01 1.353959e-01 1.263408e-01 1.175739e-01 1.102584e-01 1.046503e-01 1.005389e-01 9.720150e-02 9.394260e-02 9.001037e-02 8.518497e-02 7.985368e-02 7.482205e-02 7.062544e-02 6.724251e-02 6.432947e-02 6.145189e-02 5.817535e-02 5.406924e-02 4.895042e-02 4.340803e-02 3.825748e-02 3.392490e-02 3.068859e-02 2.877076e-02 2.794887e-02 2.750842e-02 2.673100e-02 2.489099e-02 2.161467e-02 1.728146e-02 1.297672e-02 9.740091e-03 7.751063e-03 6.573499e-03 5.848519e-03 5.177136e-03 4.323553e-03 3.366815e-03 2.488428e-03 1.888175e-03 1.487460e-03 1.258300e-03 1.100794e-03 9.745021e-04 8.489638e-04 6.932521e-04 5.653945e-04 4.487022e-04 3.691318e-04 3.120968e-04 2.713561e-04 2.467975e-04 2.040780e-04 1.666895e-04 1.240534e-04 8.834125e-05 6.374228e-05 4.512254e-05 3.370737e-05 2.424495e-05 1.782373e-05 1.257810e-05 8.645515e-06 5.837398e-06 3.751039e-06 2.278260e-06 1.379536e-06 7.834607e-07 4.482598e-07 2.533642e-07 1.602615e-07
2.956545e-07 2.680830e-07 1.997898e-06 7.257881e-07 2.126326e-07 2.528703e-07 5.148000e-07 6.167709e-07 8.305926e-07 2.457082e-06 7.981575e-06 1.581992e-05 1.903652e-05 2.187920e-05 2.728911e-05 3.119365e-05 2.936078e-05 2.507921e-05 2.371772e-05 3.417988e-05 5.318100e-05 8.678159e-05 1.485703e-04 2.206688e-04 2.903505e-04 3.668330e-04 4.473561e-04 5.252880e-04 5.985024e-04 6.319473e-04 7.102240e-04 9.558745e-04 1.214922e-03 1.446800e-03 1.763001e-03 2.168290e-03 2.481299e-03 2.866470e-03 3.510482e-03 4.018093e-03 5.036765e-03 6.256036e-03 6.984461e-03 7.911196e-03 9.098573e-03 1.025710e-02 1.165095e-02 1.489875e-02 1.994783e-02 2.504449e-02 3.086600e-02 3.758975e-02 4.282438e-02 4.789547e-02 5.227382e-02 5.390147e-02 5.454492e-02 5.659457e-02 6.368501e-02 7.452046e-02 8.388419e-02 9.309090e-02 1.016086e-01 1.056620e-01 1.088227e-01 1.124808e-01 1.142569e-01 1.171800e-01 1.230507e-01 1.284227e-01 1.329320e-01 1.382991e-01 1.425495e-01 1.441405e-01 1.466700e-01 1.535696e-01 1.635971e-01 1.746774e-01 1.862341e-01 1.960690e-01 2.016469e-01 2.037556e-01 2.046726e-01 2.052569e-01 2.055263e-01 2.060746e-01 2.077545e-01 2.105385e-01 2.132927e-01 2.147330e-01 2.146951e-01 2.139146e-01 2.128120e-01 2.110373e-01 2.083893e-01 2.053494e-01 2.020834e-01 1.983006e-01 1.939222e-01 1.897159e-01 1.868066e-01 1.853527e-01 1.850794e-01 1.844591e-01 1.819524e-01 1.771775e-01 1.701022e-01 1.621137e-01 1.542923e-01 1.476057e-01 1.424638e-01 1.387547e-01 1.362019e-01 1.339491e-01 1.309027e-01 1.259261e-01 1.187240e-01 1.101700e-01 1.015329e-01 9.396382e-02 8.802238e-02 8.383445e-02 8.078861e-02 7.816987e-02 7.541259e-02 7.204261e-02 6.784353e-02 6.313749e-02 5.862014e-02 5.477829e-02 5.170747e-02 4.910638e-02 4.653451e-02 4.349936e-02 3.953391e-02 3.481754e-02 2.997845e-02 2.569827e-02 2.241093e-02 2.012496e-02 1.853136e-02 1.751432e-02 1.699037e-02 1.608032e-02 1.382425e-02 1.068502e-02 7.786014e-03 5.804123e-03 4.655854e-03 4.047891e-03 3.697056e-03 3.253568e-03 2.676507e-03 2.015669e-03 1.462008e-03 1.087694e-03 8.557713e-04 7.472255e-04 6.716359e-04 6.090606e-04 5.278565e-04 4.220897e-04 3.337410e-04 2.534463e-04 2.061133e-04 1.639279e-04 1.406087e-04 1.173926e-04 9.724974e-05 8.025662e-05 6.019676e-05 4.560045e-05 3.164422e-05 2.232330e-05 1.534177e-05 1.039202e-05 7.459275e-06 5.098796e-06 3.516451e-06 2.274278e-06 1.354135e-06 7.665334e-07 4.056681e-07 2.400313e-07 1.454628e-07
5.230931e-10 6.635126e-08 7.709541e-08 3.816355e-08 1.794756e-07 4.397702e-07 5.819546e-07 1.424123e-06 3.677603e-06 8.687953e-06 1.598794e-05 2.427309e-05 3.173682e-05 3.614503e-05 3.490444e-05 3.269595e-05 3.260328e-05 3.376426e-05 3.859111e-05 5.012448e-05 8.044469e-05 1.320533e-04 2.097796e-04 3.377485e-04 4.518277e-04 4.952754e-04 5.313868e-04 6.075838e-04 6.352343e-04 6.637601e-04 7.016427e-04 7.642485e-04 9.955510e-04 1.360618e-03 1.789952e-03 2.242782e-03 2.961639e-03 3.505496e-03 3.925432e-03 4.750584e-03 5.290765e-03 5.992753e-03 7.160896e-03 8.135526e-03 8.830642e-03 9.932804e-03 1.144148e-02 1.197171e-02 1.310995e-02 1.703546e-02 2.165143e-02 2.690886e-02 3.396485e-02 3.976955e-02 4.483384e-02 4.960089e-02 5.222903e-02 5.367542e-02 5.404361e-02 5.629378e-02 6.368549e-02 7.391462e-02 8.589900e-02 9.928881e-02 1.092679e-01 1.157970e-01 1.214392e-01 1.247933e-01 1.268850e-01 1.305067e-01 1.348954e-01 1.392535e-01 1.450933e-01 1.515859e-01 1.558085e-01 1.581753e-01 1.614033e-01 1.657143e-01 1.709316e-01 1.785046e-01 1.875625e-01 1.943334e-01 1.972536e-01 1.981040e-01 1.982418e-01 1.973348e-01 1.955355e-01 1.947301e-01 1.963551e-01 1.993666e-01 2.019185e-01 2.032606e-01 2.036138e-01 2.033074e-01 2.022175e-01 2.001693e-01 1.974100e-01 1.945768e-01 1.918885e-01 1.890821e-01 1.858295e-01 1.819998e-01 1.784905e-01 1.755101e-01 1.728222e-01 1.700730e-01 1.659072e-01 1.598840e-01 1.519276e-01 1.429927e-01 1.344467e-01 1.273095e-01 1.221776e-01 1.189449e-01 1.171933e-01 1.160605e-01 1.143022e-01 1.106344e-01 1.044333e-01 9.644406e-02 8.806108e-02 8.057129e-02 7.462605e-02 7.034164e-02 6.733429e-02 6.506137e-02 6.302090e-02 6.069601e-02 5.762639e-02 5.357216e-02 4.902792e-02 4.485226e-02 4.144752e-02 3.864620e-02 3.636991e-02 3.422036e-02 3.134008e-02 2.761943e-02 2.370963e-02 1.995997e-02 1.662799e-02 1.420941e-02 1.269896e-02 1.179679e-02 1.109936e-02 9.967129e-03 8.254588e-03 6.367081e-03 4.746614e-03 3.694747e-03 3.053180e-03 2.684088e-03 2.398480e-03 2.072016e-03 1.687668e-03 1.271246e-03 9.545770e-04 7.329442e-04 6.053813e-04 5.285789e-04 4.623954e-04 4.205902e-04 3.558018e-04 2.862407e-04 2.154344e-04 1.593950e-04 1.178785e-04 8.828648e-05 7.245262e-05 5.766845e-05 4.814723e-05 3.669290e-05 2.754182e-05 1.965365e-05 1.337582e-05 9.695402e-06 7.089669e-06 5.394286e-06 3.835592e-06 2.522890e-06 1.527937e-06 8.452408e-07 4.807127e-07 2.660886e-07 1.800978e-07
7.506266e-09 7.099546e-09 6.869981e-09 5.188464e-08 1.370651e-07 3.114118e-07 1.188925e-06 5.075575e-06 1.540008e-05 2.537724e-05 2.381512e-05 2.173175e-05 2.035056e-05 1.961961e-05 2.101225e-05 2.609158e-05 3.329182e-05 4.286154e-05 5.233207e-05 6.665444e-05 8.385028e-05 1.127773e-04 1.517890e-04 1.868055e-04 2.504897e-04 3.335846e-04 4.005207e-04 4.506696e-04 5.567380e-04 6.809861e-04 8.226191e-04 9.210175e-04 1.011582e-03 1.220231e-03 1.595674e-03 2.136220e-03 2.679481e-03 3.544883e-03 4.284248e-03 4.644836e-03 5.185377e-03 5.670781e-03 5.894498e-03 6.316732e-03 7.271854e-03 7.977322e-03 8.686912e-03 1.036646e-02 1.165271e-02 1.224772e-02 1.438765e-02 1.768528e-02 2.177997e-02 2.832496e-02 3.534728e-02 4.224994e-02 4.945284e-02 5.469827e-02 5.814229e-02 5.996815e-02 6.104302e-02 6.453785e-02 7.136931e-02 8.153712e-02 9.491438e-02 1.080021e-01 1.187153e-01 1.279339e-01 1.343043e-01 1.380913e-01 1.414509e-01 1.446331e-01 1.476240e-01 1.514837e-01 1.569057e-01 1.621749e-01 1.662131e-01 1.699988e-01 1.728567e-01 1.737705e-01 1.753217e-01 1.800121e-01 1.857925e-01 1.896396e-01 1.917771e-01 1.933716e-01 1.938032e-01 1.922776e-01 1.899096e-01 1.885043e-01 1.884765e-01 1.891142e-01 1.898227e-01 1.902097e-01 1.900412e-01 1.893327e-01 1.879203e-01 1.858831e-01 1.837337e-01 1.821643e-01 1.812335e-01 1.796809e-01 1.768602e-01 1.725875e-01 1.676238e-01 1.630973e-01 1.587973e-01 1.546650e-01 1.499685e-01 1.441663e-01 1.370141e-01 1.287715e-01 1.205524e-01 1.135154e-01 1.083929e-01 1.051849e-01 1.034994e-01 1.028225e-01 1.021160e-01 9.974460e-02 9.445640e-02 8.688474e-02 7.875352e-02 7.138634e-02 6.538501e-02 6.088540e-02 5.771979e-02 5.550606e-02 5.389314e-02 5.225644e-02 4.996729e-02 4.664613e-02 4.233579e-02 3.774720e-02 3.378960e-02 3.064073e-02 2.820234e-02 2.615962e-02 2.397062e-02 2.122640e-02 1.802066e-02 1.474623e-02 1.199456e-02 1.014952e-02 8.878288e-03 7.988974e-03 7.315332e-03 6.423275e-03 5.238337e-03 3.952919e-03 2.926070e-03 2.258795e-03 1.842141e-03 1.628265e-03 1.475309e-03 1.305992e-03 1.082743e-03 8.550881e-04 6.628245e-04 5.101222e-04 4.210761e-04 3.603391e-04 3.189839e-04 2.818554e-04 2.299595e-04 1.795082e-04 1.313764e-04 9.746185e-05 7.097373e-05 5.439833e-05 4.154128e-05 3.225922e-05 2.487006e-05 1.826011e-05 1.392357e-05 1.005193e-05 7.479108e-06 5.482977e-06 3.842400e-06 2.584330e-06 1.558981e-06 9.301817e-07 5.182542e-07 3.248252e-07 2.020550e-07
7.231793e-10 4.782373e-08 3.053788e-07 4.484430e-07 8.698406e-07 1.999834e-06 3.977916e-06 5.518247e-06 6.004987e-06 8.981206e-06 1.389027e-05 1.483678e-05 1.748338e-05 2.020068e-05 1.926226e-05 2.095124e-05 3.040432e-05 4.825120e-05 7.618726e-05 1.083957e-04 1.471921e-04 1.903511e-04 2.441036e-04 2.994105e-04 3.682262e-04 4.801871e-04 6.299356e-04 7.711846e-04 8.899107e-04 1.070198e-03 1.236567e-03 1.445515e-03 1.613922e-03 1.754582e-03 1.888849e-03 2.135407e-03 2.685848e-03 3.322358e-03 4.407124e-03 5.766915e-03 6.817900e-03 7.640838e-03 8.547020e-03 9.215905e-03 9.364228e-03 1.010240e-02 1.111680e-02 1.193281e-02 1.397096e-02 1.656961e-02 1.820136e-02 2.081432e-02 2.419880e-02 2.770492e-02 3.326471e-02 4.015894e-02 4.778127e-02 5.688018e-02 6.546026e-02 7.206322e-02 7.653905e-02 7.890519e-02 8.039051e-02 8.333424e-02 9.045774e-02 1.022102e-01 1.153211e-01 1.274604e-01 1.382258e-01 1.462840e-01 1.517986e-01 1.555544e-01 1.575249e-01 1.590662e-01 1.613968e-01 1.639811e-01 1.667802e-01 1.700941e-01 1.739372e-01 1.771200e-01 1.782202e-01 1.781280e-01 1.788889e-01 1.807341e-01 1.825731e-01 1.842670e-01 1.861525e-01 1.875920e-01 1.876610e-01 1.867908e-01 1.864729e-01 1.871833e-01 1.877825e-01 1.873166e-01 1.859033e-01 1.839731e-01 1.816937e-01 1.791696e-01 1.765365e-01 1.742620e-01 1.728796e-01 1.721773e-01 1.719809e-01 1.709698e-01 1.678974e-01 1.629889e-01 1.567559e-01 1.506071e-01 1.450058e-01 1.401207e-01 1.355847e-01 1.306458e-01 1.248709e-01 1.182353e-01 1.113105e-01 1.049254e-01 9.984767e-02 9.648742e-02 9.474602e-02 9.416237e-02 9.371185e-02 9.191500e-02 8.749481e-02 8.050393e-02 7.244790e-02 6.498746e-02 5.897738e-02 5.441274e-02 5.113427e-02 4.889124e-02 4.734573e-02 4.594822e-02 4.408193e-02 4.108914e-02 3.673916e-02 3.196000e-02 2.778416e-02 2.436375e-02 2.172877e-02 1.978307e-02 1.792155e-02 1.566429e-02 1.317712e-02 1.065256e-02 8.463174e-03 6.959738e-03 5.978694e-03 5.388934e-03 4.847841e-03 4.126317e-03 3.280389e-03 2.428371e-03 1.796908e-03 1.393485e-03 1.163953e-03 1.046056e-03 9.655114e-04 8.875156e-04 7.707395e-04 6.364393e-04 4.963753e-04 3.836094e-04 3.082528e-04 2.433594e-04 2.036603e-04 1.687814e-04 1.393192e-04 1.097754e-04 8.261791e-05 6.013559e-05 4.203968e-05 3.117294e-05 2.268283e-05 1.759653e-05 1.297773e-05 9.823665e-06 7.186015e-06 5.057162e-06 3.620699e-06 2.355631e-06 1.500575e-06 8.863882e-07 5.473713e-07 3.265795e-07 2.220667e-07
8.928707e-09 4.760668e-07 7.868376e-07 1.507878e-06 2.636566e-06 3.282787e-06 4.054655e-06 5.719163e-06 6.762834e-06 5.352271e-06 5.551443e-06 1.023639e-05 1.555001e-05 2.274422e-05 3.806704e-05 4.688478e-05 5.577470e-05 9.603697e-05 1.633196e-04 2.445264e-04 3.531271e-04 4.946223e-04 6.629688e-04 8.822427e-04 1.062253e-03 1.167378e-03 1.261992e-03 1.395956e-03 1.489688e-03 1.552044e-03 1.711898e-03 1.886423e-03 2.095981e-03 2.292706e-03 2.626729e-03 2.980243e-03 3.313061e-03 3.995576e-03 5.021266e-03 6.616097e-03 9.031704e-03 1.171296e-02 1.387212e-02 1.595378e-02 1.801403e-02 1.879723e-02 1.964401e-02 2.113025e-02 2.207085e-02 2.438176e-02 2.833493e-02 3.168199e-02 3.574143e-02 4.039591e-02 4.454808e-02 4.942449e-02 5.520328e-02 6.161387e-02 6.979834e-02 7.981616e-02 8.925053e-02 9.682222e-02 1.027345e-01 1.056464e-01 1.057667e-01 1.071385e-01 1.134885e-01 1.250503e-01 1.388851e-01 1.514486e-01 1.606907e-01 1.676823e-01 1.729608e-01 1.750481e-01 1.748860e-01 1.748854e-01 1.749182e-01 1.747155e-01 1.757883e-01 1.783337e-01 1.807571e-01 1.819317e-01 1.821157e-01 1.820728e-01 1.817610e-01 1.810363e-01 1.807267e-01 1.815688e-01 1.827804e-01 1.830970e-01 1.825425e-01 1.823047e-01 1.833046e-01 1.851728e-01 1.865335e-01 1.863074e-01 1.843790e-01 1.813355e-01 1.777676e-01 1.742685e-01 1.712507e-01 1.684784e-01 1.663479e-01 1.648399e-01 1.637856e-01 1.627117e-01 1.596456e-01 1.541065e-01 1.467329e-01 1.391238e-01 1.324256e-01 1.269813e-01 1.226075e-01 1.185726e-01 1.141383e-01 1.089118e-01 1.030877e-01 9.730963e-02 9.228485e-02 8.855627e-02 8.617156e-02 8.481479e-02 8.384869e-02 8.217625e-02 7.861831e-02 7.292967e-02 6.600326e-02 5.907867e-02 5.318104e-02 4.866532e-02 4.540231e-02 4.323323e-02 4.191997e-02 4.068060e-02 3.862936e-02 3.549673e-02 3.122719e-02 2.645216e-02 2.221211e-02 1.890967e-02 1.641634e-02 1.457078e-02 1.300417e-02 1.140616e-02 9.603454e-03 7.588756e-03 5.904656e-03 4.784799e-03 4.051348e-03 3.606098e-03 3.214273e-03 2.753110e-03 2.177265e-03 1.601520e-03 1.185662e-03 9.222964e-04 7.794493e-04 7.222443e-04 7.021369e-04 6.685265e-04 5.820579e-04 4.751183e-04 3.517952e-04 2.682340e-04 2.016752e-04 1.605767e-04 1.322541e-04 1.059813e-04 8.329948e-05 6.158325e-05 4.462318e-05 3.105343e-05 2.218331e-05 1.549388e-05 1.167587e-05 8.857218e-06 6.453278e-06 4.735864e-06 3.268798e-06 2.265309e-06 1.424763e-06 8.654193e-07 5.352251e-07 3.448880e-07 2.265125e-07
5.922703e-07 1.249135e-06 6.530076e-06 4.282894e-06 2.888448e-06 5.035271e-06 6.311110e-06 4.778535e-06 4.765595e-06 7.935254e-06 1.124079e-05 1.298358e-05 1.870348e-05 2.658073e-05 4.314413e-05 1.076172e-04 2.089516e-04 2.885145e-04 4.183917e-04 5.640448e-04 6.161035e-04 6.454411e-04 6.879014e-04 7.328369e-04 8.591155e-04 1.013180e-03 1.134395e-03 1.222759e-03 1.358138e-03 1.455955e-03 1.568369e-03 1.826471e-03 2.211527e-03 2.788287e-03 3.281270e-03 3.964823e-03 4.815611e-03 5.568963e-03 6.431326e-03 7.798476e-03 1.005040e-02 1.344312e-02 1.833309e-02 2.298568e-02 2.705952e-02 3.179072e-02 3.467549e-02 3.649639e-02 3.872239e-02 3.922670e-02 4.077455e-02 4.448222e-02 4.898199e-02 5.461599e-02 6.043094e-02 6.602523e-02 7.090021e-02 7.503191e-02 7.948579e-02 8.406260e-02 9.040900e-02 9.871769e-02 1.064585e-01 1.139280e-01 1.204414e-01 1.230926e-01 1.230752e-01 1.236078e-01 1.283672e-01 1.395689e-01 1.547218e-01 1.684669e-01 1.778492e-01 1.845147e-01 1.893009e-01 1.911945e-01 1.910161e-01 1.902639e-01 1.890252e-01 1.876245e-01 1.872935e-01 1.878301e-01 1.878700e-01 1.873072e-01 1.870801e-01 1.869799e-01 1.859702e-01 1.843056e-01 1.831091e-01 1.825238e-01 1.818609e-01 1.809693e-01 1.805103e-01 1.809206e-01 1.819962e-01 1.832342e-01 1.839113e-01 1.833155e-01 1.810968e-01 1.777638e-01 1.741378e-01 1.703194e-01 1.667517e-01 1.632431e-01 1.599232e-01 1.575655e-01 1.558024e-01 1.541506e-01 1.508761e-01 1.448988e-01 1.367489e-01 1.279878e-01 1.202260e-01 1.141993e-01 1.099430e-01 1.068415e-01 1.038370e-01 9.998654e-02 9.499780e-02 8.945420e-02 8.420611e-02 7.997823e-02 7.698342e-02 7.490199e-02 7.314258e-02 7.101946e-02 6.778276e-02 6.314000e-02 5.752858e-02 5.167595e-02 4.635914e-02 4.212751e-02 3.906438e-02 3.696714e-02 3.558930e-02 3.441605e-02 3.258191e-02 2.957433e-02 2.540546e-02 2.089714e-02 1.696401e-02 1.383961e-02 1.159731e-02 1.025655e-02 9.249366e-03 8.051178e-03 6.542058e-03 4.978166e-03 3.769974e-03 2.978976e-03 2.520927e-03 2.272084e-03 2.041325e-03 1.734238e-03 1.371988e-03 1.033699e-03 7.965199e-04 6.433933e-04 5.625961e-04 5.193117e-04 4.878919e-04 4.377219e-04 3.804053e-04 3.042159e-04 2.346364e-04 1.818935e-04 1.352718e-04 1.052015e-04 7.774181e-05 5.859666e-05 4.355085e-05 3.171572e-05 2.299015e-05 1.627874e-05 1.150422e-05 7.917925e-06 5.724729e-06 4.112356e-06 2.977360e-06 2.072469e-06 1.306774e-06 7.989368e-07 4.775785e-07 3.165499e-07 2.157711e-07
9.653743e-06 2.931622e-06 2.384717e-06 4.124086e-06 1.074865e-05 7.727260e-06 5.061645e-06 6.002971e-06 9.206128e-06 9.233965e-06 9.742076e-06 1.381361e-05 2.227778e-05 4.436120e-05 8.696720e-05 1.530370e-04 2.720380e-04 3.775546e-04 3.544161e-04 3.092555e-04 3.061728e-04 2.822760e-04 2.760828e-04 3.158809e-04 3.681577e-04 4.533504e-04 5.927733e-04 7.907969e-04 1.002475e-03 1.317274e-03 1.590845e-03 1.859288e-03 2.304011e-03 2.905807e-03 3.870824e-03 4.917164e-03 6.127129e-03 7.518607e-03 8.824706e-03 9.796376e-03 1.062870e-02 1.224101e-02 1.467106e-02 1.938925e-02 2.598178e-02 3.217850e-02 3.954428e-02 4.565659e-02 5.039335e-02 5.524165e-02 5.717174e-02 5.834909e-02 5.979734e-02 6.231062e-02 6.792568e-02 7.458922e-02 8.163915e-02 8.827399e-02 9.270387e-02 9.646146e-02 9.960426e-02 1.023921e-01 1.070863e-01 1.122188e-01 1.171710e-01 1.233924e-01 1.283443e-01 1.306759e-01 1.321783e-01 1.333530e-01 1.361631e-01 1.455339e-01 1.614128e-01 1.764099e-01 1.866696e-01 1.941836e-01 1.991744e-01 2.007715e-01 2.003360e-01 1.995369e-01 1.989259e-01 1.986785e-01 1.984387e-01 1.975315e-01 1.960015e-01 1.946007e-01 1.935139e-01 1.922303e-01 1.908512e-01 1.899885e-01 1.893471e-01 1.880124e-01 1.859887e-01 1.839944e-01 1.823663e-01 1.810385e-01 1.799812e-01 1.796066e-01 1.798755e-01 1.798347e-01 1.783477e-01 1.747500e-01 1.701313e-01 1.649781e-01 1.596020e-01 1.547802e-01 1.505198e-01 1.473995e-01 1.451419e-01 1.431410e-01 1.400696e-01 1.344503e-01 1.262758e-01 1.170363e-01 1.086182e-01 1.020632e-01 9.745479e-02 9.429452e-02 9.164128e-02 8.861123e-02 8.461194e-02 7.982287e-02 7.496478e-02 7.074160e-02 6.737230e-02 6.464625e-02 6.226434e-02 5.987881e-02 5.695821e-02 5.306078e-02 4.826693e-02 4.316467e-02 3.841616e-02 3.443228e-02 3.139375e-02 2.934716e-02 2.810690e-02 2.696256e-02 2.524832e-02 2.281429e-02 1.944056e-02 1.541367e-02 1.185279e-02 9.330489e-03 7.777697e-03 6.853992e-03 6.084958e-03 5.209904e-03 4.151354e-03 3.089661e-03 2.288128e-03 1.786800e-03 1.489708e-03 1.324269e-03 1.206711e-03 1.088492e-03 9.291111e-04 7.413661e-04 5.812180e-04 4.599900e-04 3.750981e-04 3.229707e-04 2.896070e-04 2.584650e-04 2.257966e-04 1.766763e-04 1.392371e-04 9.990411e-05 7.364014e-05 5.436674e-05 4.032155e-05 3.122319e-05 2.225543e-05 1.634787e-05 1.104277e-05 7.648982e-06 5.223513e-06 3.533178e-06 2.553227e-06 1.733010e-06 1.158453e-06 6.587740e-07 4.108224e-07 2.492964e-07 1.764402e-07
4.677598e-06 1.916543e-06 7.382237e-07 3.012519e-06 3.390853e-06 1.587899e-06 1.786195e-06 1.937825e-06 1.934081e-06 2.151093e-06 3.085727e-06 6.355459e-06 1.743410e-05 3.901641e-05 5.483390e-05 6.361387e-05 6.780951e-05 7.908228e-05 1.036387e-04 1.162251e-04 1.142652e-04 1.339148e-04 1.535688e-04 1.689928e-04 2.174006e-04 2.941049e-04 3.926323e-04 5.200495e-04 7.147066e-04 9.458875e-04 1.329627e-03 1.767983e-03 2.174581e-03 2.696041e-03 3.312928e-03 4.233942e-03 5.381771e-03 6.821502e-03 8.323432e-03 1.006416e-02 1.160462e-02 1.215594e-02 1.300180e-02 1.409809e-02 1.637680e-02 2.133661e-02 2.761084e-02 3.542071e-02 4.294164e-02 4.989651e-02 5.736252e-02 6.222422e-02 6.621044e-02 6.882676e-02 6.913154e-02 7.202216e-02 7.820110e-02 8.659410e-02 9.611036e-02 1.032542e-01 1.092914e-01 1.141273e-01 1.160628e-01 1.185867e-01 1.220241e-01 1.246217e-01 1.288494e-01 1.340525e-01 1.370322e-01 1.393141e-01 1.422289e-01 1.433815e-01 1.447633e-01 1.527504e-01 1.664686e-01 1.787654e-01 1.882055e-01 1.968975e-01 2.030662e-01 2.046138e-01 2.034109e-01 2.024061e-01 2.022228e-01 2.019494e-01 2.013468e-01 2.011380e-01 2.015119e-01 2.014590e-01 2.002318e-01 1.983792e-01 1.971142e-01 1.965402e-01 1.956710e-01 1.939908e-01 1.918528e-01 1.892741e-01 1.856928e-01 1.814814e-01 1.780564e-01 1.766440e-01 1.769284e-01 1.766215e-01 1.745373e-01 1.701490e-01 1.638777e-01 1.569590e-01 1.498100e-01 1.435332e-01 1.383818e-01 1.346002e-01 1.320579e-01 1.300799e-01 1.274736e-01 1.227485e-01 1.153912e-01 1.064907e-01 9.778854e-02 9.058334e-02 8.522033e-02 8.150625e-02 7.876738e-02 7.624458e-02 7.328671e-02 6.958221e-02 6.534358e-02 6.116174e-02 5.753666e-02 5.455628e-02 5.201793e-02 4.959816e-02 4.683829e-02 4.342856e-02 3.928683e-02 3.468035e-02 3.016249e-02 2.641337e-02 2.364384e-02 2.159271e-02 2.013731e-02 1.914866e-02 1.818142e-02 1.638502e-02 1.328074e-02 9.936478e-03 7.453272e-03 5.877243e-03 4.994138e-03 4.515101e-03 4.084537e-03 3.431576e-03 2.608624e-03 1.845758e-03 1.317915e-03 1.007540e-03 8.461061e-04 8.007080e-04 7.686887e-04 7.146781e-04 6.061202e-04 4.787073e-04 3.709342e-04 2.929651e-04 2.412500e-04 2.097844e-04 1.759942e-04 1.491842e-04 1.155879e-04 8.943386e-05 6.698935e-05 4.868382e-05 3.788548e-05 2.717385e-05 2.089381e-05 1.411302e-05 1.011951e-05 6.866916e-06 4.684959e-06 3.263913e-06 2.134248e-06 1.505872e-06 9.030969e-07 5.706963e-07 3.137025e-07 2.054650e-07 1.306804e-07
2.589332e-07 1.526762e-07 1.466004e-06 4.674973e-07 1.247344e-07 1.850392e-07 3.220559e-07 3.390022e-07 5.728356e-07 1.825332e-06 6.617824e-06 1.415835e-05 1.885339e-05 2.177834e-05 2.515650e-05 2.556251e-05 2.667386e-05 3.058313e-05 3.899042e-05 5.837922e-05 9.439777e-05 1.346370e-04 1.971685e-04 2.734305e-04 3.280534e-04 4.061015e-04 5.269835e-04 6.436689e-04 7.448405e-04 9.345060e-04 1.198861e-03 1.668415e-03 2.314774e-03 2.989243e-03 3.701092e-03 4.480614e-03 5.276274e-03 6.070206e-03 7.295685e-03 8.463635e-03 9.931074e-03 1.192296e-02 1.298163e-02 1.379612e-02 1.464427e-02 1.579268e-02 1.830355e-02 2.284565e-02 2.988944e-02 3.686328e-02 4.390274e-02 5.246510e-02 5.819144e-02 6.302281e-02 6.815477e-02 6.997016e-02 7.075273e-02 7.333665e-02 8.096951e-02 9.340216e-02 1.044218e-01 1.144993e-01 1.239970e-01 1.286517e-01 1.317405e-01 1.352093e-01 1.360011e-01 1.370791e-01 1.411806e-01 1.447392e-01 1.474630e-01 1.517944e-01 1.545762e-01 1.536417e-01 1.549299e-01 1.621432e-01 1.711435e-01 1.794580e-01 1.885497e-01 1.967684e-01 2.007900e-01 2.013104e-01 2.012310e-01 2.013919e-01 2.009381e-01 1.999772e-01 1.999290e-01 2.013873e-01 2.030176e-01 2.032629e-01 2.024206e-01 2.017460e-01 2.014432e-01 2.004081e-01 1.981597e-01 1.956350e-01 1.932465e-01 1.900449e-01 1.854488e-01 1.806443e-01 1.772883e-01 1.752665e-01 1.739169e-01 1.718099e-01 1.679902e-01 1.624402e-01 1.547945e-01 1.462751e-01 1.378939e-01 1.307386e-01 1.252247e-01 1.213211e-01 1.188834e-01 1.172660e-01 1.151703e-01 1.110921e-01 1.044359e-01 9.608370e-02 8.748484e-02 7.999425e-02 7.425448e-02 7.021546e-02 6.730793e-02 6.492779e-02 6.262185e-02 5.995368e-02 5.662353e-02 5.274792e-02 4.889597e-02 4.546872e-02 4.250728e-02 3.987316e-02 3.732034e-02 3.443639e-02 3.076715e-02 2.667965e-02 2.280555e-02 1.945123e-02 1.671194e-02 1.479196e-02 1.369661e-02 1.294905e-02 1.194801e-02 1.033437e-02 8.201160e-03 6.200113e-03 4.718448e-03 3.797322e-03 3.292281e-03 2.957602e-03 2.586195e-03 2.105711e-03 1.589768e-03 1.131993e-03 8.423195e-04 6.612057e-04 5.672203e-04 5.150767e-04 4.738531e-04 4.366368e-04 3.822961e-04 3.113899e-04 2.510975e-04 1.936769e-04 1.552347e-04 1.199803e-04 9.634506e-05 7.649201e-05 5.792930e-05 4.508701e-05 3.149377e-05 2.406347e-05 1.613679e-05 1.193247e-05 8.185260e-06 6.026198e-06 4.434905e-06 3.150106e-06 2.188189e-06 1.341772e-06 8.777299e-07 4.796489e-07 3.082323e-07 1.813839e-07 1.265533e-07
5.439131e-10 6.486263e-08 7.528651e-08 3.024446e-08 1.543798e-07 3.092648e-07 4.252497e-07 1.153011e-06 2.851959e-06 6.532319e-06 1.434037e-05 2.445696e-05 3.090650e-05 3.351549e-05 3.411206e-05 4.022117e-05 4.628003e-05 5.149948e-05 6.139540e-05 7.559858e-05 1.008034e-04 1.578258e-04 2.406793e-04 3.640710e-04 5.301175e-04 6.644618e-04 7.828681e-04 9.781298e-04 1.168828e-03 1.229783e-03 1.362290e-03 1.551296e-03 1.975168e-03 2.689302e-03 3.641366e-03 4.631389e-03 5.724825e-03 6.729687e-03 7.344650e-03 8.290167e-03 9.255287e-03 1.019447e-02 1.178509e-02 1.334933e-02 1.458174e-02 1.551976e-02 1.701497e-02 1.837222e-02 2.033504e-02 2.578492e-02 3.199879e-02 3.849328e-02 4.757531e-02 5.505422e-02 6.080877e-02 6.660968e-02 7.043581e-02 7.226695e-02 7.204116e-02 7.414961e-02 8.316118e-02 9.511659e-02 1.081575e-01 1.225701e-01 1.324608e-01 1.386708e-01 1.449134e-01 1.478865e-01 1.482206e-01 1.498305e-01 1.513010e-01 1.526082e-01 1.569637e-01 1.620850e-01 1.637751e-01 1.640921e-01 1.662817e-01 1.692053e-01 1.731647e-01 1.802792e-01 1.884826e-01 1.937637e-01 1.956735e-01 1.963832e-01 1.969850e-01 1.968692e-01 1.958570e-01 1.955232e-01 1.972148e-01 1.996398e-01 2.006433e-01 2.001395e-01 1.997122e-01 1.998552e-01 1.992052e-01 1.967733e-01 1.934440e-01 1.906126e-01 1.881298e-01 1.849582e-01 1.809229e-01 1.763677e-01 1.723194e-01 1.686478e-01 1.649726e-01 1.613612e-01 1.567866e-01 1.507484e-01 1.427452e-01 1.338042e-01 1.253900e-01 1.183557e-01 1.129715e-01 1.091714e-01 1.068334e-01 1.053625e-01 1.035156e-01 9.994345e-02 9.390274e-02 8.615705e-02 7.809224e-02 7.083843e-02 6.498848e-02 6.064987e-02 5.750614e-02 5.512194e-02 5.320067e-02 5.120516e-02 4.861620e-02 4.518493e-02 4.116593e-02 3.719522e-02 3.387011e-02 3.109861e-02 2.845635e-02 2.574293e-02 2.273940e-02 1.945659e-02 1.611969e-02 1.314676e-02 1.090487e-02 9.503295e-03 8.632251e-03 7.968162e-03 7.344298e-03 6.388974e-03 5.036118e-03 3.757293e-03 2.816478e-03 2.234986e-03 1.892366e-03 1.703987e-03 1.540747e-03 1.336612e-03 1.055021e-03 7.953464e-04 6.024644e-04 4.635053e-04 3.927012e-04 3.512937e-04 3.188104e-04 2.856560e-04 2.342094e-04 1.878048e-04 1.429751e-04 1.094714e-04 8.548149e-05 6.648187e-05 5.398705e-05 3.942503e-05 2.985966e-05 2.030198e-05 1.488787e-05 1.072777e-05 8.286257e-06 6.187919e-06 4.695664e-06 3.483804e-06 2.318254e-06 1.518995e-06 8.656206e-07 5.439892e-07 3.032385e-07 2.125258e-07 1.435230e-07
1.381876e-08 9.142481e-09 6.968400e-09 5.510881e-08 1.258012e-07 3.335470e-07 1.265749e-06 4.933764e-06 1.829558e-05 3.009498e-05 2.524813e-05 2.074298e-05 1.989386e-05 2.075274e-05 2.533400e-05 3.392761e-05 4.652731e-05 5.762952e-05 6.513963e-05 7.177561e-05 7.882293e-05 9.743392e-05 1.445666e-04 2.118960e-04 3.269483e-04 5.043851e-04 6.970421e-04 8.794624e-04 1.121023e-03 1.446155e-03 1.659221e-03 1.860146e-03 2.093925e-03 2.438366e-03 3.086120e-03 4.247980e-03 5.599837e-03 7.148296e-03 8.705227e-03 9.615930e-03 1.055134e-02 1.142968e-02 1.205993e-02 1.295170e-02 1.435147e-02 1.592021e-02 1.680452e-02 1.860827e-02 2.066724e-02 2.164674e-02 2.495660e-02 2.953485e-02 3.466759e-02 4.317950e-02 5.216112e-02 6.047405e-02 6.850885e-02 7.472409e-02 7.959319e-02 8.086732e-02 8.003309e-02 8.327316e-02 9.058727e-02 1.012017e-01 1.158873e-01 1.290431e-01 1.381782e-01 1.470211e-01 1.532756e-01 1.554792e-01 1.576371e-01 1.598432e-01 1.603821e-01 1.615994e-01 1.648319e-01 1.680245e-01 1.710625e-01 1.742095e-01 1.752464e-01 1.743255e-01 1.758115e-01 1.807665e-01 1.855288e-01 1.880788e-01 1.897363e-01 1.913758e-01 1.921764e-01 1.915171e-01 1.907371e-01 1.917220e-01 1.941132e-01 1.954605e-01 1.947289e-01 1.932115e-01 1.920133e-01 1.905490e-01 1.877604e-01 1.841261e-01 1.810438e-01 1.791385e-01 1.776036e-01 1.748206e-01 1.707528e-01 1.655554e-01 1.597047e-01 1.542987e-01 1.494278e-01 1.453365e-01 1.409113e-01 1.351984e-01 1.280625e-01 1.201251e-01 1.124010e-01 1.057936e-01 1.008460e-01 9.749169e-02 9.531124e-02 9.386363e-02 9.211781e-02 8.889942e-02 8.351362e-02 7.648245e-02 6.910781e-02 6.244315e-02 5.689397e-02 5.249374e-02 4.923104e-02 4.681140e-02 4.487792e-02 4.302998e-02 4.080652e-02 3.770627e-02 3.383514e-02 2.998531e-02 2.664691e-02 2.368219e-02 2.106793e-02 1.876589e-02 1.627060e-02 1.342749e-02 1.072996e-02 8.453285e-03 6.726763e-03 5.693951e-03 5.173774e-03 4.886763e-03 4.541925e-03 3.828909e-03 2.933351e-03 2.139431e-03 1.582809e-03 1.254320e-03 1.093513e-03 1.021569e-03 9.719568e-04 8.923268e-04 7.409618e-04 6.023633e-04 4.687407e-04 3.763938e-04 3.155714e-04 2.631094e-04 2.198481e-04 1.795333e-04 1.408717e-04 1.105720e-04 8.289636e-05 6.615533e-05 4.948370e-05 3.928674e-05 2.957127e-05 2.219194e-05 1.625827e-05 1.207008e-05 8.886054e-06 6.597342e-06 4.892229e-06 3.607130e-06 2.565720e-06 1.624718e-06 1.046031e-06 5.904677e-07 3.923208e-07 2.436895e-07 1.872687e-07
1.146087e-09 9.213328e-08 5.671430e-07 7.589983e-07 1.486102e-06 2.881742e-06 5.767628e-06 7.869105e-06 8.001768e-06 1.027149e-05 1.252193e-05 1.311487e-05 1.869759e-05 2.405532e-05 2.504760e-05 2.953449e-05 4.315008e-05 6.962501e-05 9.769781e-05 1.327129e-04 1.882747e-04 2.451885e-04 3.039254e-04 4.177568e-04 5.624633e-04 7.565855e-04 1.060312e-03 1.399444e-03 1.731168e-03 2.121092e-03 2.626230e-03 3.112369e-03 3.530768e-03 4.064960e-03 4.551631e-03 5.017688e-03 6.357281e-03 8.287255e-03 1.069090e-02 1.343289e-02 1.541511e-02 1.718742e-02 1.846888e-02 1.928570e-02 1.963316e-02 2.029509e-02 2.177731e-02 2.260919e-02 2.454594e-02 2.734928e-02 2.896967e-02 3.183934e-02 3.533991e-02 3.871084e-02 4.481738e-02 5.270143e-02 6.171525e-02 7.174818e-02 8.051947e-02 8.872677e-02 9.402047e-02 9.470592e-02 9.547912e-02 9.818763e-02 1.042278e-01 1.168167e-01 1.315105e-01 1.427999e-01 1.532774e-01 1.621955e-01 1.661113e-01 1.673206e-01 1.686444e-01 1.699453e-01 1.712669e-01 1.725229e-01 1.732761e-01 1.753388e-01 1.796833e-01 1.827402e-01 1.817522e-01 1.800268e-01 1.809434e-01 1.827485e-01 1.831754e-01 1.834700e-01 1.850498e-01 1.867285e-01 1.868531e-01 1.860697e-01 1.866126e-01 1.890417e-01 1.912153e-01 1.907531e-01 1.878144e-01 1.840481e-01 1.800330e-01 1.755458e-01 1.709718e-01 1.673237e-01 1.649946e-01 1.630628e-01 1.611450e-01 1.586161e-01 1.547309e-01 1.493665e-01 1.426166e-01 1.362614e-01 1.310219e-01 1.266956e-01 1.224039e-01 1.173804e-01 1.114472e-01 1.048218e-01 9.816603e-02 9.233020e-02 8.790569e-02 8.501802e-02 8.316650e-02 8.183064e-02 8.028404e-02 7.753953e-02 7.290924e-02 6.679063e-02 6.025945e-02 5.422904e-02 4.923238e-02 4.522737e-02 4.207187e-02 3.966372e-02 3.773820e-02 3.571421e-02 3.326234e-02 3.030846e-02 2.676948e-02 2.303583e-02 1.985045e-02 1.734007e-02 1.526389e-02 1.339624e-02 1.147668e-02 9.399834e-03 7.357745e-03 5.537016e-03 4.258103e-03 3.584764e-03 3.226120e-03 3.020196e-03 2.802944e-03 2.379572e-03 1.825099e-03 1.317959e-03 9.744614e-04 7.842923e-04 6.969700e-04 6.592072e-04 6.617376e-04 6.198278e-04 5.448911e-04 4.521154e-04 3.534898e-04 2.798231e-04 2.220781e-04 1.777182e-04 1.462753e-04 1.137825e-04 8.952631e-05 6.511834e-05 4.908822e-05 3.544324e-05 2.788282e-05 2.184055e-05 1.639293e-05 1.241472e-05 8.997116e-06 6.458557e-06 4.625099e-06 3.320022e-06 2.336890e-06 1.599330e-06 9.822040e-07 6.613075e-07 3.949007e-07 2.867060e-07 2.003403e-07
2.300322e-08 1.021230e-06 1.707598e-06 3.760954e-06 5.169411e-06 6.634340e-06 7.435166e-06 7.996789e-06 7.146680e-06 5.793792e-06 7.033343e-06 1.056903e-05 1.681011e-05 3.458254e-05 6.704961e-05 9.654237e-05 1.258439e-04 1.841107e-04 2.943371e-04 4.018315e-04 5.136177e-04 7.311115e-04 1.031869e-03 1.289355e-03 1.651563e-03 2.052846e-03 2.371455e-03 2.826236e-03 3.446759e-03 4.075107e-03 4.824891e-03 5.692957e-03 6.600603e-03 7.358713e-03 8.352575e-03 9.513929e-03 9.934243e-03 1.112764e-02 1.352817e-02 1.701449e-02 2.153227e-02 2.545631e-02 2.929122e-02 3.215014e-02 3.439211e-02 3.508638e-02 3.510610e-02 3.607858e-02 3.592676e-02 3.749542e-02 4.091241e-02 4.352779e-02 4.744996e-02 5.125272e-02 5.420467e-02 5.881151e-02 6.414227e-02 7.087845e-02 8.007365e-02 8.953133e-02 9.923506e-02 1.081838e-01 1.126407e-01 1.144333e-01 1.156552e-01 1.163346e-01 1.228376e-01 1.370402e-01 1.511895e-01 1.628200e-01 1.734651e-01 1.813018e-01 1.851240e-01 1.859444e-01 1.854994e-01 1.858180e-01 1.862943e-01 1.850500e-01 1.839408e-01 1.859198e-01 1.888567e-01 1.890194e-01 1.872832e-01 1.867862e-01 1.870094e-01 1.857281e-01 1.838030e-01 1.834105e-01 1.841357e-01 1.839504e-01 1.827649e-01 1.824732e-01 1.842861e-01 1.869520e-01 1.877955e-01 1.851910e-01 1.797562e-01 1.731692e-01 1.664673e-01 1.605985e-01 1.562870e-01 1.527177e-01 1.493490e-01 1.462062e-01 1.438161e-01 1.420002e-01 1.385334e-01 1.327603e-01 1.254715e-01 1.184078e-01 1.125162e-01 1.077986e-01 1.038290e-01 9.980219e-02 9.508685e-02 8.962781e-02 8.395793e-02 7.891873e-02 7.498533e-02 7.231451e-02 7.064558e-02 6.949980e-02 6.815775e-02 6.579109e-02 6.187909e-02 5.663583e-02 5.094548e-02 4.559176e-02 4.112364e-02 3.765409e-02 3.502297e-02 3.298457e-02 3.126125e-02 2.932475e-02 2.674921e-02 2.351107e-02 1.992712e-02 1.656410e-02 1.382902e-02 1.167415e-02 1.014087e-02 9.162880e-03 8.126225e-03 6.633125e-03 5.031587e-03 3.679318e-03 2.797315e-03 2.317094e-03 2.059338e-03 1.951908e-03 1.804782e-03 1.513512e-03 1.167208e-03 8.738042e-04 6.770602e-04 5.786214e-04 5.229255e-04 5.037171e-04 4.776666e-04 4.211585e-04 3.622620e-04 2.918943e-04 2.346125e-04 1.893114e-04 1.528138e-04 1.246855e-04 9.490158e-05 7.155565e-05 5.171366e-05 3.764598e-05 2.729778e-05 1.915301e-05 1.511693e-05 1.131255e-05 8.590163e-06 6.159770e-06 4.388628e-06 3.087850e-06 2.156301e-06 1.398622e-06 9.277846e-07 5.564837e-07 3.961994e-07 2.526631e-07 1.982356e-07
9.024708e-07 2.362179e-06 9.967763e-06 6.248065e-06 5.759025e-06 7.687436e-06 7.937315e-06 6.274751e-06 6.907817e-06 8.073260e-06 9.722561e-06 1.745441e-05 3.276366e-05 5.929095e-05 1.252819e-04 2.370560e-04 3.402384e-04 4.253483e-04 5.316864e-04 7.382291e-04 9.845037e-04 1.171887e-03 1.480057e-03 2.005918e-03 2.463844e-03 3.032466e-03 3.823875e-03 4.495678e-03 4.987986e-03 5.603841e-03 6.397307e-03 7.532547e-03 8.876705e-03 1.051857e-02 1.194755e-02 1.331553e-02 1.532204e-02 1.613615e-02 1.703560e-02 1.908531e-02 2.312306e-02 2.938454e-02 3.575429e-02 4.285851e-02 4.897957e-02 5.457659e-02 5.763859e-02 5.873957e-02 6.068635e-02 5.955200e-02 5.911122e-02 6.178517e-02 6.472141e-02 6.982525e-02 7.526691e-02 7.909532e-02 8.374918e-02 8.783112e-02 9.209675e-02 9.890128e-02 1.063483e-01 1.150416e-01 1.254635e-01 1.326063e-01 1.365921e-01 1.397441e-01 1.386762e-01 1.372096e-01 1.442501e-01 1.572480e-01 1.706031e-01 1.839470e-01 1.945400e-01 2.001529e-01 2.026363e-01 2.030922e-01 2.021317e-01 2.013303e-01 2.004130e-01 1.984389e-01 1.968167e-01 1.966749e-01 1.961634e-01 1.942619e-01 1.928373e-01 1.924440e-01 1.912209e-01 1.889616e-01 1.873873e-01 1.866599e-01 1.852203e-01 1.826542e-01 1.807067e-01 1.805754e-01 1.814794e-01 1.818475e-01 1.804198e-01 1.764292e-01 1.697260e-01 1.616709e-01 1.543467e-01 1.485298e-01 1.441028e-01 1.399177e-01 1.357893e-01 1.328305e-01 1.308324e-01 1.290545e-01 1.254544e-01 1.191167e-01 1.110518e-01 1.029254e-01 9.606082e-02 9.084854e-02 8.697382e-02 8.364136e-02 7.996140e-02 7.569357e-02 7.109912e-02 6.678415e-02 6.318332e-02 6.054796e-02 5.881752e-02 5.762285e-02 5.641961e-02 5.445979e-02 5.119931e-02 4.664515e-02 4.150566e-02 3.662243e-02 3.255067e-02 2.949388e-02 2.738060e-02 2.604611e-02 2.496935e-02 2.333357e-02 2.093132e-02 1.806763e-02 1.475685e-02 1.141412e-02 8.818327e-03 7.184454e-03 6.320647e-03 5.861108e-03 5.298291e-03 4.465526e-03 3.482492e-03 2.552492e-03 1.930703e-03 1.566036e-03 1.356333e-03 1.243734e-03 1.136039e-03 1.003642e-03 8.486186e-04 6.728927e-04 5.477839e-04 4.608019e-04 3.952004e-04 3.597946e-04 3.166506e-04 2.779369e-04 2.315669e-04 1.877000e-04 1.517967e-04 1.193246e-04 9.377747e-05 7.192841e-05 5.388844e-05 4.024592e-05 2.825522e-05 2.093148e-05 1.405256e-05 1.046607e-05 7.365723e-06 5.733518e-06 4.203197e-06 3.060659e-06 2.072891e-06 1.403251e-06 8.429910e-07 5.585908e-07 3.515415e-07 2.707790e-07 1.860258e-07
1.808215e-05 5.089622e-06 4.520634e-06 6.715046e-06 1.340648e-05 1.035887e-05 7.444505e-06 8.499067e-06 9.341848e-06 1.421172e-05 2.482735e-05 3.682802e-05 6.358356e-05 8.528450e-05 1.068546e-04 1.797449e-04 3.050125e-04 4.192482e-04 4.993014e-04 5.611927e-04 6.949461e-04 8.809767e-04 1.034588e-03 1.269249e-03 1.678173e-03 2.085764e-03 2.494064e-03 3.194081e-03 4.169323e-03 5.123158e-03 5.829392e-03 6.535209e-03 7.731528e-03 9.108785e-03 1.101115e-02 1.311578e-02 1.514260e-02 1.783445e-02 1.942966e-02 2.054907e-02 2.148464e-02 2.395141e-02 2.952978e-02 3.697963e-02 4.702157e-02 5.723833e-02 6.768522e-02 7.509796e-02 7.917549e-02 8.475742e-02 8.632471e-02 8.542415e-02 8.628561e-02 8.774574e-02 9.360573e-02 1.013976e-01 1.073743e-01 1.141508e-01 1.191036e-01 1.220355e-01 1.269713e-01 1.314574e-01 1.370110e-01 1.461210e-01 1.532247e-01 1.584537e-01 1.640662e-01 1.649628e-01 1.619168e-01 1.619984e-01 1.654397e-01 1.726217e-01 1.866292e-01 2.008903e-01 2.084078e-01 2.124892e-01 2.153756e-01 2.147475e-01 2.120267e-01 2.103566e-01 2.089428e-01 2.066892e-01 2.045638e-01 2.028961e-01 2.008588e-01 1.989426e-01 1.978128e-01 1.963903e-01 1.941664e-01 1.924120e-01 1.913660e-01 1.893241e-01 1.856625e-01 1.816461e-01 1.783492e-01 1.755423e-01 1.727551e-01 1.706034e-01 1.690784e-01 1.662957e-01 1.606197e-01 1.526427e-01 1.448973e-01 1.382117e-01 1.324446e-01 1.278171e-01 1.240078e-01 1.215170e-01 1.198367e-01 1.180535e-01 1.146917e-01 1.084295e-01 9.991489e-02 9.098651e-02 8.326428e-02 7.741363e-02 7.318182e-02 6.998915e-02 6.702726e-02 6.377386e-02 6.005879e-02 5.617815e-02 5.267072e-02 4.992090e-02 4.798637e-02 4.660550e-02 4.543533e-02 4.390704e-02 4.137041e-02 3.760687e-02 3.298729e-02 2.832471e-02 2.444068e-02 2.175597e-02 2.004042e-02 1.892353e-02 1.818789e-02 1.751605e-02 1.630962e-02 1.385057e-02 1.040562e-02 7.428106e-03 5.560176e-03 4.518612e-03 4.043021e-03 3.877086e-03 3.648585e-03 3.135633e-03 2.386598e-03 1.705492e-03 1.265242e-03 1.008388e-03 8.875385e-04 8.465633e-04 7.845665e-04 6.979235e-04 5.819512e-04 4.611383e-04 3.817938e-04 3.127469e-04 2.719222e-04 2.369406e-04 2.030404e-04 1.676699e-04 1.314376e-04 1.030876e-04 7.972082e-05 6.125223e-05 4.766811e-05 3.548114e-05 2.747651e-05 1.854962e-05 1.386416e-05 9.203507e-06 6.712779e-06 4.666444e-06 3.428069e-06 2.502101e-06 1.769254e-06 1.146554e-06 7.630112e-07 4.597806e-07 3.319700e-07 2.311021e-07 1.951789e-07
8.127079e-06 2.896465e-06 1.255547e-06 4.962244e-06 4.378228e-06 1.860976e-06 1.375943e-06 1.592466e-06 3.147534e-06 4.935160e-06 6.788339e-06 1.129542e-05 2.018422e-05 4.204573e-05 6.415064e-05 7.491670e-05 1.055848e-04 1.755013e-04 2.692096e-04 3.622482e-04 4.396726e-04 5.493096e-04 6.835739e-04 7.839712e-04 9.411475e-04 1.230190e-03 1.555777e-03 1.831809e-03 2.256125e-03 3.026872e-03 4.090329e-03 5.091869e-03 5.813701e-03 6.910263e-03 8.045932e-03 9.442419e-03 1.132215e-02 1.373744e-02 1.682008e-02 1.921678e-02 2.135674e-02 2.221519e-02 2.319457e-02 2.567790e-02 3.013689e-02 3.889224e-02 4.997389e-02 6.325901e-02 7.524870e-02 8.313613e-02 9.245057e-02 9.902112e-02 1.018539e-01 1.036617e-01 1.025072e-01 1.070278e-01 1.168666e-01 1.264967e-01 1.382010e-01 1.470528e-01 1.522013e-01 1.578714e-01 1.603645e-01 1.619689e-01 1.674052e-01 1.718755e-01 1.756720e-01 1.817378e-01 1.843911e-01 1.831373e-01 1.832380e-01 1.821955e-01 1.795454e-01 1.847107e-01 1.973090e-01 2.065068e-01 2.113909e-01 2.159470e-01 2.180660e-01 2.160540e-01 2.128412e-01 2.108591e-01 2.096055e-01 2.081105e-01 2.060159e-01 2.037034e-01 2.019534e-01 2.008980e-01 1.994435e-01 1.970002e-01 1.947068e-01 1.931119e-01 1.910323e-01 1.875432e-01 1.830795e-01 1.778978e-01 1.715429e-01 1.648297e-01 1.598265e-01 1.580061e-01 1.581437e-01 1.566465e-01 1.519541e-01 1.445541e-01 1.361037e-01 1.283941e-01 1.217416e-01 1.168088e-01 1.132671e-01 1.108408e-01 1.091532e-01 1.073880e-01 1.043998e-01 9.879234e-02 9.068402e-02 8.178470e-02 7.375394e-02 6.751845e-02 6.305706e-02 5.991553e-02 5.735824e-02 5.474058e-02 5.171809e-02 4.827457e-02 4.470855e-02 4.146422e-02 3.895614e-02 3.719444e-02 3.589340e-02 3.463087e-02 3.279531e-02 2.982448e-02 2.578768e-02 2.162882e-02 1.808493e-02 1.537009e-02 1.349613e-02 1.252696e-02 1.235182e-02 1.225560e-02 1.141994e-02 9.522359e-03 7.147779e-03 5.191384e-03 3.923282e-03 3.212776e-03 2.905561e-03 2.712889e-03 2.422051e-03 2.001276e-03 1.524149e-03 1.140249e-03 8.947496e-04 7.413874e-04 6.583953e-04 6.048169e-04 5.310602e-04 4.671258e-04 3.810532e-04 3.115709e-04 2.576394e-04 2.139449e-04 1.823704e-04 1.493602e-04 1.205968e-04 9.425338e-05 7.132962e-05 5.454202e-05 3.998006e-05 3.084292e-05 2.202715e-05 1.702644e-05 1.136017e-05 8.159796e-06 5.535210e-06 3.898018e-06 2.761871e-06 1.949515e-06 1.317945e-06 8.792141e-07 5.499705e-07 3.612962e-07 2.212624e-07 1.707889e-07 1.212820e-07
2.804490e-07 1.696784e-07 1.573317e-06 4.693431e-07 1.341821e-07 1.078003e-07 2.086630e-07 4.883984e-07 1.055309e-06 3.349871e-06 8.959832e-06 1.379545e-05 1.855461e-05 2.555040e-05 4.367686e-05 6.579922e-05 7.789087e-05 9.957080e-05 1.512863e-04 2.285794e-04 3.303054e-04 4.696549e-04 6.539090e-04 8.323115e-04 9.413306e-04 1.099055e-03 1.396254e-03 1.722780e-03 1.945475e-03 2.234868e-03 2.853182e-03 3.904746e-03 5.129287e-03 6.125492e-03 7.393986e-03 8.581577e-03 9.576014e-03 1.060323e-02 1.246878e-02 1.519242e-02 1.783452e-02 2.081050e-02 2.257483e-02 2.419347e-02 2.548353e-02 2.684971e-02 3.101995e-02 3.856606e-02 5.082678e-02 6.374214e-02 7.411073e-02 8.628341e-02 9.631861e-02 1.034551e-01 1.091587e-01 1.089329e-01 1.096620e-01 1.146722e-01 1.246907e-01 1.419952e-01 1.566963e-01 1.675693e-01 1.780877e-01 1.828569e-01 1.836886e-01 1.858407e-01 1.865019e-01 1.864681e-01 1.895387e-01 1.920524e-01 1.920661e-01 1.931743e-01 1.935349e-01 1.894112e-01 1.864508e-01 1.904489e-01 1.968344e-01 2.010102e-01 2.055430e-01 2.100227e-01 2.105771e-01 2.076187e-01 2.049150e-01 2.040854e-01 2.038777e-01 2.030353e-01 2.017115e-01 2.006079e-01 1.994867e-01 1.974794e-01 1.946954e-01 1.920936e-01 1.898965e-01 1.870502e-01 1.830650e-01 1.788174e-01 1.741960e-01 1.679706e-01 1.602577e-01 1.533546e-01 1.492078e-01 1.474500e-01 1.468055e-01 1.452594e-01 1.413562e-01 1.350529e-01 1.266831e-01 1.182201e-01 1.109553e-01 1.055782e-01 1.018994e-01 9.935866e-02 9.773307e-02 9.630261e-02 9.386571e-02 8.913327e-02 8.186461e-02 7.354960e-02 6.574162e-02 5.943446e-02 5.489297e-02 5.186578e-02 4.974591e-02 4.787365e-02 4.574262e-02 4.290827e-02 3.940934e-02 3.569493e-02 3.235730e-02 2.981552e-02 2.809512e-02 2.679488e-02 2.525684e-02 2.304210e-02 2.000054e-02 1.647040e-02 1.304145e-02 1.038568e-02 8.761696e-03 7.989372e-03 7.731413e-03 7.588149e-03 7.270741e-03 6.332380e-03 4.870688e-03 3.584258e-03 2.711432e-03 2.189416e-03 1.901566e-03 1.698061e-03 1.516060e-03 1.293774e-03 1.035567e-03 8.123217e-04 6.542134e-04 5.371469e-04 4.754056e-04 4.171620e-04 3.641665e-04 3.099856e-04 2.469807e-04 1.996647e-04 1.596563e-04 1.303810e-04 1.075990e-04 8.536542e-05 6.789614e-05 5.002001e-05 3.698577e-05 2.624924e-05 1.967536e-05 1.395342e-05 1.039647e-05 7.246689e-06 5.167974e-06 3.817462e-06 2.705542e-06 1.916609e-06 1.254650e-06 7.967526e-07 5.253659e-07 3.096115e-07 2.101356e-07 1.282987e-07 9.983034e-08
4.293254e-10 3.165423e-08 3.711921e-08 1.228418e-08 3.745093e-08 1.404667e-07 4.314421e-07 1.709944e-06 3.411922e-06 4.613028e-06 8.834096e-06 2.151915e-05 4.175999e-05 6.612758e-05 9.122690e-05 1.321431e-04 1.726007e-04 1.890999e-04 2.146047e-04 2.763440e-04 3.569974e-04 4.715121e-04 6.796364e-04 1.035049e-03 1.397584e-03 1.619317e-03 1.883646e-03 2.368034e-03 2.894700e-03 3.154268e-03 3.340108e-03 3.787713e-03 4.896623e-03 6.413586e-03 7.952878e-03 9.797122e-03 1.169914e-02 1.308730e-02 1.366025e-02 1.483229e-02 1.652469e-02 1.842104e-02 2.119252e-02 2.353197e-02 2.627562e-02 2.834393e-02 2.996873e-02 3.183431e-02 3.429931e-02 4.229026e-02 5.314319e-02 6.371424e-02 7.733399e-02 8.946667e-02 9.969294e-02 1.090058e-01 1.128760e-01 1.142658e-01 1.137970e-01 1.156126e-01 1.282025e-01 1.451529e-01 1.617538e-01 1.776640e-01 1.874317e-01 1.928271e-01 1.957347e-01 1.948233e-01 1.926696e-01 1.917066e-01 1.908669e-01 1.899836e-01 1.909236e-01 1.922534e-01 1.904347e-01 1.873072e-01 1.866058e-01 1.868884e-01 1.867365e-01 1.889059e-01 1.936788e-01 1.967454e-01 1.959452e-01 1.939075e-01 1.932097e-01 1.932833e-01 1.928742e-01 1.927893e-01 1.936823e-01 1.937959e-01 1.913564e-01 1.872289e-01 1.836385e-01 1.809489e-01 1.776158e-01 1.730819e-01 1.684516e-01 1.645583e-01 1.604321e-01 1.550425e-01 1.489005e-01 1.429259e-01 1.382077e-01 1.348649e-01 1.326299e-01 1.310362e-01 1.282408e-01 1.231891e-01 1.157010e-01 1.072899e-01 9.958962e-02 9.340301e-02 8.906883e-02 8.632507e-02 8.485908e-02 8.402149e-02 8.248565e-02 7.897197e-02 7.293541e-02 6.545797e-02 5.811591e-02 5.191575e-02 4.726008e-02 4.416354e-02 4.234167e-02 4.110336e-02 3.979962e-02 3.787909e-02 3.486075e-02 3.086240e-02 2.690030e-02 2.378995e-02 2.154422e-02 1.987504e-02 1.855871e-02 1.711838e-02 1.484711e-02 1.191228e-02 9.131668e-03 7.011420e-03 5.614084e-03 4.895610e-03 4.667175e-03 4.634805e-03 4.473418e-03 3.873886e-03 3.022605e-03 2.286078e-03 1.745616e-03 1.428963e-03 1.267160e-03 1.173481e-03 1.070443e-03 9.135036e-04 7.329139e-04 5.918547e-04 4.812471e-04 4.033187e-04 3.536178e-04 2.979448e-04 2.496035e-04 1.987101e-04 1.562417e-04 1.242538e-04 9.631752e-05 7.705456e-05 5.997640e-05 4.607632e-05 3.426859e-05 2.460517e-05 1.739775e-05 1.269618e-05 9.071249e-06 6.774618e-06 5.151464e-06 3.824774e-06 2.837192e-06 2.016680e-06 1.352046e-06 8.785930e-07 5.548715e-07 3.721701e-07 2.185019e-07 1.562141e-07 1.020176e-07
9.463268e-09 4.038892e-09 2.334168e-09 1.744342e-08 5.907770e-08 2.386688e-07 7.714555e-07 1.974181e-06 8.104907e-06 2.102584e-05 2.826534e-05 4.106016e-05 6.705897e-05 1.000394e-04 1.541313e-04 2.355565e-04 3.529870e-04 4.654247e-04 5.169556e-04 5.594174e-04 6.476594e-04 7.418095e-04 8.646936e-04 1.107636e-03 1.627043e-03 2.302232e-03 2.837892e-03 3.424330e-03 4.362533e-03 5.388077e-03 5.991021e-03 6.255673e-03 6.584598e-03 7.480822e-03 9.092239e-03 1.129990e-02 1.403083e-02 1.736934e-02 2.009871e-02 2.125014e-02 2.250153e-02 2.371971e-02 2.453163e-02 2.577438e-02 2.751847e-02 3.038118e-02 3.303260e-02 3.624170e-02 3.908454e-02 4.035527e-02 4.464550e-02 5.085385e-02 5.823445e-02 7.043206e-02 8.325966e-02 9.524030e-02 1.073184e-01 1.161202e-01 1.212282e-01 1.219586e-01 1.197124e-01 1.208920e-01 1.299292e-01 1.462045e-01 1.641519e-01 1.775821e-01 1.879494e-01 1.948312e-01 1.962809e-01 1.952853e-01 1.929406e-01 1.893563e-01 1.865325e-01 1.852777e-01 1.847436e-01 1.835339e-01 1.820186e-01 1.812092e-01 1.800279e-01 1.770017e-01 1.748450e-01 1.764946e-01 1.795977e-01 1.806198e-01 1.800226e-01 1.800468e-01 1.804211e-01 1.796689e-01 1.788813e-01 1.801709e-01 1.823217e-01 1.817189e-01 1.777181e-01 1.727721e-01 1.684617e-01 1.642368e-01 1.592560e-01 1.543322e-01 1.506759e-01 1.483765e-01 1.463116e-01 1.428207e-01 1.378163e-01 1.316599e-01 1.252781e-01 1.202505e-01 1.168905e-01 1.149747e-01 1.128448e-01 1.090199e-01 1.029889e-01 9.540251e-02 8.775246e-02 8.118328e-02 7.644442e-02 7.361163e-02 7.219716e-02 7.164560e-02 7.092127e-02 6.872861e-02 6.419016e-02 5.781119e-02 5.107671e-02 4.517251e-02 4.058714e-02 3.732159e-02 3.534619e-02 3.438051e-02 3.366923e-02 3.225826e-02 2.971731e-02 2.618542e-02 2.217920e-02 1.857150e-02 1.601062e-02 1.437451e-02 1.322486e-02 1.210267e-02 1.062091e-02 8.714576e-03 6.638600e-03 4.875298e-03 3.733053e-03 3.184404e-03 2.939025e-03 2.809552e-03 2.657455e-03 2.318839e-03 1.869684e-03 1.454008e-03 1.168820e-03 1.023054e-03 9.363914e-04 8.682449e-04 7.819458e-04 6.675572e-04 5.428075e-04 4.438888e-04 3.570002e-04 3.018215e-04 2.548499e-04 2.125895e-04 1.726262e-04 1.337549e-04 1.021527e-04 7.685269e-05 5.795833e-05 4.527937e-05 3.374318e-05 2.493867e-05 1.779920e-05 1.239910e-05 8.941406e-06 6.616967e-06 4.939383e-06 3.679520e-06 2.724473e-06 2.008293e-06 1.376798e-06 9.094100e-07 6.073494e-07 3.930260e-07 2.682155e-07 1.714082e-07 1.329211e-07
8.515684e-10 6.601832e-08 3.960449e-07 5.774053e-07 1.240208e-06 1.674012e-06 2.997413e-06 5.194886e-06 7.853990e-06 2.107730e-05 5.485081e-05 8.410017e-05 1.299741e-04 2.023662e-04 2.280268e-04 2.728320e-04 3.921156e-04 5.961172e-04 8.285962e-04 9.882887e-04 1.110654e-03 1.302796e-03 1.502091e-03 1.649890e-03 1.872787e-03 2.428120e-03 3.324905e-03 4.209622e-03 5.236716e-03 6.874648e-03 8.726552e-03 1.024951e-02 1.102115e-02 1.189310e-02 1.273678e-02 1.382317e-02 1.612802e-02 1.977105e-02 2.497679e-02 2.998130e-02 3.307804e-02 3.541185e-02 3.774187e-02 3.875625e-02 3.847759e-02 3.847266e-02 3.967299e-02 4.146941e-02 4.513624e-02 4.957700e-02 5.208872e-02 5.619921e-02 6.075815e-02 6.423260e-02 7.142553e-02 8.161808e-02 9.278098e-02 1.050687e-01 1.168052e-01 1.259529e-01 1.310839e-01 1.323887e-01 1.300028e-01 1.288844e-01 1.358345e-01 1.503185e-01 1.659255e-01 1.789147e-01 1.885353e-01 1.938192e-01 1.960564e-01 1.948019e-01 1.909149e-01 1.869820e-01 1.834750e-01 1.807439e-01 1.784670e-01 1.760744e-01 1.748266e-01 1.746032e-01 1.725304e-01 1.687046e-01 1.670956e-01 1.680816e-01 1.683710e-01 1.675474e-01 1.675172e-01 1.680910e-01 1.674210e-01 1.658197e-01 1.657193e-01 1.676431e-01 1.692963e-01 1.679472e-01 1.633378e-01 1.573561e-01 1.510742e-01 1.449046e-01 1.396201e-01 1.361247e-01 1.344082e-01 1.333041e-01 1.321966e-01 1.300241e-01 1.257382e-01 1.196724e-01 1.126535e-01 1.065674e-01 1.020854e-01 9.911257e-02 9.678960e-02 9.378198e-02 8.928326e-02 8.315758e-02 7.639617e-02 7.031829e-02 6.573346e-02 6.289458e-02 6.143950e-02 6.092289e-02 6.055935e-02 5.920076e-02 5.586678e-02 5.065528e-02 4.475960e-02 3.925463e-02 3.478384e-02 3.155027e-02 2.952041e-02 2.846266e-02 2.782457e-02 2.678364e-02 2.464134e-02 2.132335e-02 1.749796e-02 1.413659e-02 1.165260e-02 9.912356e-03 8.875008e-03 8.337099e-03 7.610535e-03 6.281759e-03 4.735342e-03 3.446426e-03 2.620797e-03 2.188878e-03 1.969358e-03 1.877058e-03 1.740819e-03 1.479782e-03 1.211634e-03 9.853155e-04 8.399524e-04 7.483079e-04 6.778986e-04 6.188494e-04 5.440636e-04 4.529391e-04 3.698480e-04 3.007725e-04 2.481597e-04 2.044812e-04 1.691521e-04 1.353749e-04 1.048102e-04 7.814568e-05 5.803186e-05 4.285717e-05 3.272075e-05 2.428552e-05 1.762410e-05 1.258086e-05 9.054101e-06 6.597193e-06 4.885916e-06 3.591522e-06 2.676543e-06 1.940963e-06 1.369197e-06 8.918374e-07 5.852218e-07 3.946453e-07 2.554992e-07 1.776867e-07 1.236810e-07
1.903203e-08 8.264539e-07 2.749484e-06 4.077666e-06 5.751587e-06 9.670711e-06 1.084993e-05 1.517521e-05 2.229521e-05 2.450081e-05 4.230324e-05 9.317578e-05 1.554140e-04 2.720833e-04 4.869438e-04 5.327072e-04 5.229982e-04 6.420239e-04 8.729230e-04 1.154820e-03 1.420186e-03 1.652017e-03 2.003888e-03 2.471597e-03 2.865559e-03 3.216862e-03 3.794703e-03 4.764738e-03 5.754039e-03 7.000018e-03 9.112624e-03 1.178556e-02 1.442126e-02 1.628570e-02 1.836673e-02 2.013345e-02 2.118999e-02 2.240622e-02 2.619618e-02 3.274836e-02 4.084930e-02 4.729276e-02 5.174994e-02 5.685643e-02 5.994536e-02 6.020209e-02 5.946423e-02 5.859733e-02 5.758099e-02 5.889494e-02 6.350780e-02 6.726823e-02 7.199537e-02 7.775911e-02 8.118164e-02 8.478787e-02 9.067849e-02 9.787948e-02 1.067834e-01 1.182597e-01 1.291353e-01 1.371512e-01 1.430777e-01 1.445754e-01 1.423424e-01 1.410387e-01 1.455058e-01 1.575769e-01 1.713006e-01 1.830307e-01 1.911673e-01 1.952059e-01 1.964748e-01 1.951272e-01 1.912450e-01 1.861773e-01 1.821848e-01 1.789626e-01 1.751472e-01 1.722949e-01 1.716007e-01 1.706872e-01 1.678039e-01 1.653340e-01 1.647600e-01 1.639090e-01 1.619452e-01 1.606002e-01 1.600403e-01 1.586784e-01 1.564743e-01 1.550457e-01 1.554505e-01 1.569049e-01 1.575108e-01 1.554603e-01 1.500665e-01 1.427087e-01 1.351464e-01 1.289231e-01 1.247884e-01 1.220464e-01 1.202453e-01 1.190769e-01 1.183597e-01 1.175262e-01 1.144485e-01 1.087711e-01 1.015383e-01 9.451800e-02 8.879789e-02 8.455925e-02 8.164984e-02 7.907199e-02 7.574584e-02 7.124040e-02 6.595702e-02 6.090004e-02 5.680189e-02 5.408577e-02 5.257517e-02 5.185901e-02 5.140407e-02 5.033836e-02 4.778039e-02 4.344844e-02 3.817281e-02 3.308075e-02 2.887006e-02 2.578574e-02 2.382142e-02 2.283028e-02 2.226571e-02 2.134325e-02 1.964243e-02 1.707337e-02 1.364223e-02 1.021470e-02 7.797003e-03 6.428297e-03 5.801775e-03 5.510874e-03 5.039287e-03 4.259258e-03 3.367220e-03 2.531279e-03 1.982193e-03 1.674031e-03 1.490268e-03 1.378497e-03 1.221667e-03 1.042983e-03 8.719325e-04 7.117625e-04 6.097917e-04 5.350841e-04 4.817542e-04 4.317240e-04 3.682956e-04 3.035706e-04 2.457953e-04 1.956532e-04 1.578044e-04 1.255365e-04 1.017896e-04 7.725773e-05 5.803986e-05 4.213448e-05 3.064112e-05 2.235184e-05 1.589031e-05 1.134455e-05 7.951028e-06 6.027377e-06 4.484365e-06 3.393204e-06 2.502268e-06 1.828703e-06 1.270328e-06 8.324057e-07 5.350204e-07 3.421857e-07 2.314128e-07 1.480551e-07 1.079706e-07
1.426511e-06 3.159597e-06 1.254758e-05 1.506185e-05 1.412987e-05 2.221540e-05 3.567751e-05 3.776484e-05 4.655629e-05 6.822905e-05 7.372295e-05 8.888342e-05 1.423458e-04 2.234357e-04 4.087211e-04 8.344249e-04 1.090176e-03 1.082823e-03 1.209685e-03 1.487335e-03 1.774577e-03 2.089723e-03 2.380251e-03 2.813174e-03 3.485305e-03 4.274351e-03 5.101549e-03 6.084766e-03 7.373851e-03 8.371408e-03 9.565858e-03 1.160882e-02 1.464774e-02 1.787965e-02 2.079263e-02 2.390999e-02 2.725192e-02 2.958621e-02 3.027187e-02 3.285355e-02 3.848998e-02 4.881435e-02 5.915470e-02 6.736414e-02 7.638030e-02 8.326914e-02 8.649586e-02 8.720801e-02 8.710052e-02 8.439340e-02 8.138218e-02 8.282364e-02 8.581615e-02 9.063406e-02 9.749413e-02 1.029021e-01 1.065008e-01 1.107747e-01 1.154029e-01 1.195863e-01 1.264132e-01 1.351753e-01 1.434689e-01 1.511891e-01 1.564585e-01 1.579980e-01 1.564295e-01 1.549996e-01 1.584943e-01 1.662869e-01 1.773019e-01 1.887400e-01 1.948340e-01 1.966601e-01 1.973677e-01 1.960614e-01 1.918598e-01 1.869714e-01 1.832543e-01 1.795075e-01 1.757966e-01 1.734208e-01 1.717376e-01 1.694226e-01 1.671728e-01 1.657112e-01 1.639869e-01 1.616123e-01 1.597722e-01 1.583114e-01 1.557625e-01 1.520010e-01 1.487886e-01 1.471506e-01 1.465144e-01 1.461409e-01 1.452556e-01 1.427659e-01 1.374357e-01 1.301889e-01 1.232235e-01 1.174312e-01 1.130406e-01 1.095646e-01 1.070143e-01 1.060102e-01 1.058838e-01 1.057720e-01 1.037158e-01 9.854511e-02 9.110887e-02 8.312013e-02 7.625729e-02 7.110948e-02 6.764872e-02 6.523491e-02 6.285502e-02 5.987807e-02 5.616731e-02 5.225459e-02 4.871743e-02 4.603568e-02 4.434574e-02 4.338763e-02 4.274792e-02 4.178914e-02 3.979043e-02 3.627422e-02 3.157217e-02 2.675213e-02 2.275842e-02 1.994872e-02 1.810754e-02 1.699966e-02 1.651997e-02 1.632812e-02 1.550370e-02 1.315701e-02 9.824113e-03 7.020582e-03 5.360056e-03 4.464344e-03 4.051547e-03 3.918027e-03 3.651419e-03 3.110539e-03 2.440264e-03 1.850981e-03 1.496081e-03 1.272200e-03 1.125317e-03 1.022738e-03 8.767468e-04 7.403683e-04 6.021947e-04 4.896555e-04 4.260232e-04 3.723394e-04 3.294830e-04 2.839279e-04 2.315370e-04 1.875726e-04 1.443809e-04 1.175093e-04 9.285007e-05 7.602813e-05 5.813252e-05 4.320768e-05 3.132314e-05 2.185670e-05 1.550059e-05 1.068781e-05 7.732297e-06 5.515490e-06 4.130620e-06 3.076325e-06 2.251996e-06 1.612233e-06 1.085870e-06 7.327293e-07 4.585380e-07 3.063859e-07 2.005881e-07 1.474672e-07 1.004727e-07
6.403134e-05 1.795640e-05 1.888620e-05 5.239437e-05 5.433420e-05 3.934915e-05 6.256795e-05 1.028861e-04 1.043771e-04 1.180150e-04 1.708394e-04 2.088367e-04 2.256718e-04 2.617844e-04 3.317632e-04 5.394439e-04 1.090201e-03 1.719349e-03 1.985845e-03 2.238681e-03 2.689032e-03 3.080749e-03 3.523983e-03 3.979041e-03 4.456894e-03 5.073701e-03 6.001511e-03 7.338850e-03 9.176546e-03 1.144089e-02 1.297734e-02 1.424103e-02 1.598374e-02 1.878881e-02 2.201885e-02 2.536411e-02 2.879815e-02 3.339279e-02 3.703963e-02 3.885591e-02 4.072220e-02 4.380490e-02 5.239229e-02 6.402370e-02 7.640754e-02 8.928087e-02 1.016113e-01 1.094993e-01 1.139086e-01 1.175335e-01 1.172047e-01 1.136791e-01 1.105812e-01 1.094710e-01 1.123839e-01 1.187368e-01 1.264566e-01 1.322358e-01 1.363476e-01 1.408997e-01 1.439225e-01 1.460481e-01 1.505535e-01 1.560667e-01 1.605748e-01 1.659258e-01 1.703110e-01 1.700929e-01 1.691144e-01 1.701276e-01 1.699215e-01 1.727112e-01 1.833354e-01 1.927080e-01 1.954243e-01 1.964897e-01 1.976528e-01 1.960539e-01 1.917934e-01 1.880799e-01 1.854959e-01 1.827284e-01 1.797111e-01 1.767660e-01 1.740608e-01 1.719181e-01 1.700310e-01 1.672651e-01 1.638350e-01 1.612455e-01 1.594659e-01 1.564974e-01 1.518325e-01 1.469971e-01 1.429276e-01 1.393787e-01 1.361044e-01 1.339321e-01 1.327652e-01 1.311492e-01 1.275736e-01 1.216674e-01 1.150261e-01 1.085215e-01 1.026970e-01 9.839009e-02 9.553450e-02 9.437700e-02 9.429382e-02 9.432957e-02 9.301516e-02 8.848190e-02 8.100121e-02 7.244529e-02 6.493705e-02 5.939998e-02 5.574702e-02 5.344602e-02 5.165310e-02 4.977614e-02 4.737843e-02 4.446319e-02 4.135814e-02 3.856954e-02 3.647094e-02 3.502535e-02 3.406702e-02 3.324880e-02 3.188308e-02 2.923142e-02 2.534749e-02 2.121226e-02 1.755189e-02 1.468432e-02 1.271944e-02 1.175458e-02 1.164113e-02 1.168865e-02 1.095134e-02 9.216651e-03 7.080210e-03 5.275244e-03 4.132899e-03 3.494446e-03 3.201912e-03 3.023578e-03 2.648387e-03 2.183748e-03 1.737576e-03 1.385952e-03 1.166531e-03 9.905355e-04 8.765830e-04 7.776121e-04 6.398313e-04 5.296212e-04 4.244460e-04 3.455488e-04 2.910533e-04 2.396198e-04 2.059634e-04 1.665734e-04 1.356035e-04 1.050921e-04 8.303358e-05 6.656245e-05 5.145211e-05 4.005829e-05 2.897551e-05 2.136422e-05 1.523324e-05 1.091265e-05 7.917364e-06 5.933124e-06 4.359535e-06 3.204904e-06 2.221980e-06 1.520211e-06 1.005643e-06 6.494045e-07 4.080586e-07 2.424900e-07 1.744269e-07 1.238008e-07 9.925956e-08
1.901490e-04 1.406673e-04 6.685247e-05 6.447710e-05 1.558197e-04 1.615578e-04 1.044382e-04 1.530672e-04 2.586560e-04 2.540904e-04 2.668677e-04 3.700225e-04 4.963553e-04 5.725954e-04 5.912418e-04 6.058269e-04 7.807506e-04 1.336250e-03 2.232048e-03 2.982819e-03 3.601152e-03 4.444612e-03 5.145048e-03 5.864828e-03 6.813068e-03 7.756992e-03 8.350372e-03 8.949224e-03 1.020088e-02 1.283557e-02 1.648026e-02 1.948088e-02 2.145557e-02 2.355574e-02 2.607366e-02 2.887778e-02 3.192494e-02 3.513432e-02 4.008413e-02 4.414583e-02 4.788339e-02 4.967257e-02 5.181478e-02 5.705473e-02 6.514455e-02 7.752500e-02 9.175558e-02 1.089152e-01 1.216295e-01 1.315593e-01 1.402638e-01 1.451784e-01 1.470509e-01 1.439096e-01 1.397380e-01 1.387348e-01 1.411551e-01 1.492299e-01 1.581602e-01 1.630289e-01 1.687603e-01 1.734230e-01 1.727724e-01 1.739381e-01 1.768158e-01 1.759024e-01 1.771514e-01 1.808224e-01 1.797649e-01 1.784307e-01 1.808516e-01 1.793466e-01 1.751068e-01 1.790061e-01 1.872475e-01 1.907712e-01 1.926411e-01 1.956557e-01 1.967873e-01 1.944898e-01 1.910588e-01 1.889125e-01 1.878783e-01 1.864510e-01 1.837159e-01 1.804148e-01 1.777893e-01 1.754442e-01 1.719565e-01 1.674659e-01 1.637243e-01 1.609884e-01 1.578117e-01 1.534398e-01 1.483705e-01 1.429095e-01 1.365915e-01 1.302753e-01 1.255983e-01 1.235943e-01 1.234261e-01 1.226138e-01 1.200197e-01 1.151899e-01 1.085548e-01 1.015532e-01 9.501769e-02 9.012713e-02 8.688311e-02 8.502711e-02 8.433194e-02 8.402453e-02 8.300307e-02 7.922327e-02 7.229420e-02 6.403174e-02 5.652468e-02 5.084364e-02 4.701832e-02 4.469689e-02 4.319108e-02 4.194127e-02 4.043227e-02 3.826347e-02 3.553350e-02 3.257795e-02 2.987329e-02 2.781379e-02 2.648654e-02 2.553266e-02 2.434427e-02 2.255081e-02 1.992472e-02 1.656766e-02 1.307204e-02 1.034877e-02 8.714124e-03 7.929301e-03 7.654481e-03 7.547163e-03 7.180642e-03 6.239298e-03 4.895151e-03 3.738748e-03 3.018089e-03 2.558145e-03 2.259822e-03 2.025025e-03 1.775314e-03 1.534493e-03 1.260581e-03 1.022646e-03 8.732761e-04 7.517575e-04 6.678042e-04 5.661029e-04 4.499062e-04 3.640894e-04 2.792719e-04 2.262401e-04 1.869078e-04 1.562655e-04 1.310836e-04 1.006240e-04 7.965349e-05 5.883687e-05 4.554963e-05 3.311360e-05 2.477937e-05 1.851864e-05 1.376088e-05 1.048207e-05 7.673218e-06 5.733329e-06 4.268423e-06 3.105153e-06 2.174442e-06 1.438114e-06 9.395691e-07 6.021931e-07 3.692803e-07 2.258572e-07 1.335995e-07 8.996756e-08 6.563951e-08
5.576207e-04 3.571924e-04 2.862788e-04 1.782353e-04 1.700120e-04 3.791225e-04 4.058817e-04 2.559807e-04 3.366103e-04 5.748469e-04 5.556815e-04 5.412896e-04 7.041777e-04 9.772840e-04 1.214738e-03 1.291908e-03 1.253761e-03 1.336142e-03 1.799659e-03 2.754325e-03 3.888662e-03 4.987992e-03 6.413273e-03 7.688629e-03 8.798532e-03 1.040195e-02 1.237026e-02 1.368857e-02 1.420324e-02 1.470156e-02 1.730551e-02 2.197439e-02 2.688083e-02 3.030122e-02 3.386818e-02 3.709387e-02 4.007032e-02 4.223403e-02 4.512348e-02 4.926296e-02 5.302185e-02 5.808342e-02 5.985106e-02 6.236804e-02 6.559167e-02 7.072064e-02 7.869090e-02 8.956110e-02 1.071882e-01 1.222609e-01 1.364454e-01 1.495938e-01 1.602502e-01 1.701307e-01 1.720555e-01 1.698409e-01 1.680478e-01 1.641128e-01 1.681791e-01 1.800139e-01 1.859669e-01 1.925647e-01 2.002476e-01 1.994462e-01 1.984939e-01 1.998491e-01 1.956904e-01 1.922679e-01 1.922607e-01 1.890079e-01 1.855451e-01 1.868536e-01 1.863700e-01 1.813412e-01 1.799784e-01 1.836024e-01 1.856878e-01 1.864978e-01 1.892809e-01 1.925728e-01 1.932416e-01 1.910112e-01 1.886568e-01 1.882179e-01 1.884503e-01 1.873704e-01 1.851419e-01 1.828589e-01 1.800791e-01 1.755887e-01 1.699321e-01 1.647614e-01 1.605953e-01 1.565157e-01 1.519502e-01 1.475297e-01 1.428862e-01 1.369494e-01 1.297575e-01 1.233571e-01 1.193770e-01 1.172440e-01 1.159699e-01 1.143598e-01 1.117117e-01 1.077599e-01 1.017856e-01 9.488609e-02 8.825856e-02 8.286326e-02 7.892530e-02 7.618067e-02 7.477706e-02 7.411993e-02 7.312858e-02 7.021685e-02 6.450153e-02 5.711915e-02 4.997880e-02 4.426903e-02 4.024224e-02 3.778189e-02 3.640864e-02 3.548614e-02 3.461337e-02 3.326433e-02 3.094789e-02 2.784419e-02 2.483602e-02 2.239944e-02 2.043025e-02 1.894656e-02 1.794375e-02 1.691606e-02 1.500260e-02 1.227429e-02 9.573921e-03 7.477167e-03 6.110244e-03 5.390774e-03 5.148144e-03 5.067593e-03 4.731042e-03 3.993269e-03 3.133271e-03 2.437640e-03 1.976032e-03 1.691073e-03 1.553231e-03 1.453027e-03 1.289586e-03 1.087332e-03 8.860694e-04 7.354051e-04 6.219016e-04 5.108027e-04 4.338769e-04 3.496268e-04 2.784391e-04 2.224433e-04 1.723776e-04 1.463484e-04 1.165390e-04 9.668537e-05 7.356798e-05 5.603762e-05 4.155967e-05 3.005964e-05 2.227070e-05 1.638143e-05 1.290885e-05 9.551471e-06 7.150976e-06 5.121624e-06 3.745199e-06 2.649448e-06 1.834643e-06 1.224952e-06 7.925182e-07 5.071880e-07 3.281783e-07 1.892129e-07 1.151633e-07 7.055475e-08 4.842722e-08
9.040360e-04 8.228478e-04 5.699251e-04 5.250312e-04 3.723915e-04 3.626056e-04 7.569172e-04 8.606531e-04 5.541527e-04 6.503628e-04 1.108164e-03 1.099021e-03 9.918608e-04 1.184073e-03 1.629957e-03 2.130590e-03 2.391116e-03 2.417902e-03 2.426312e-03 2.717661e-03 3.554087e-03 4.836270e-03 6.296286e-03 8.228096e-03 1.018575e-02 1.177221e-02 1.394557e-02 1.709434e-02 1.981317e-02 2.110754e-02 2.147762e-02 2.311667e-02 2.790685e-02 3.405840e-02 3.944413e-02 4.506376e-02 5.031199e-02 5.509193e-02 5.689416e-02 6.011834e-02 6.310101e-02 6.612538e-02 7.075284e-02 7.280739e-02 7.544962e-02 7.734657e-02 8.203206e-02 8.661682e-02 9.251262e-02 1.056877e-01 1.194803e-01 1.344169e-01 1.491605e-01 1.624517e-01 1.781799e-01 1.865699e-01 1.892549e-01 1.932798e-01 1.864397e-01 1.824550e-01 1.928075e-01 1.995315e-01 2.070710e-01 2.178333e-01 2.191771e-01 2.181568e-01 2.191177e-01 2.146165e-01 2.088618e-01 2.057851e-01 2.005299e-01 1.943143e-01 1.926706e-01 1.921663e-01 1.878408e-01 1.844757e-01 1.851025e-01 1.852128e-01 1.834005e-01 1.833790e-01 1.858748e-01 1.876726e-01 1.866113e-01 1.844396e-01 1.837362e-01 1.841795e-01 1.839467e-01 1.832201e-01 1.829099e-01 1.815873e-01 1.772146e-01 1.704240e-01 1.636632e-01 1.580075e-01 1.524694e-01 1.466561e-01 1.413659e-01 1.373071e-01 1.334758e-01 1.288614e-01 1.237025e-01 1.185360e-01 1.140582e-01 1.101001e-01 1.066512e-01 1.040357e-01 1.013000e-01 9.770655e-02 9.246514e-02 8.609554e-02 7.966612e-02 7.387188e-02 6.938955e-02 6.620073e-02 6.429984e-02 6.333797e-02 6.245220e-02 6.041729e-02 5.625603e-02 5.027822e-02 4.384806e-02 3.832001e-02 3.421372e-02 3.147537e-02 2.992739e-02 2.914207e-02 2.859192e-02 2.763676e-02 2.594770e-02 2.341942e-02 2.027476e-02 1.728514e-02 1.505924e-02 1.358873e-02 1.254409e-02 1.158516e-02 1.039136e-02 8.798700e-03 6.975463e-03 5.389064e-03 4.376077e-03 3.864218e-03 3.570708e-03 3.289150e-03 2.924023e-03 2.459175e-03 1.984984e-03 1.610002e-03 1.395263e-03 1.298085e-03 1.224972e-03 1.113038e-03 9.413183e-04 7.683014e-04 6.093759e-04 4.911019e-04 4.049797e-04 3.322005e-04 2.859825e-04 2.217068e-04 1.783732e-04 1.355160e-04 1.077701e-04 8.374559e-05 6.327978e-05 4.973730e-05 3.698103e-05 2.874038e-05 2.103517e-05 1.627664e-05 1.219473e-05 9.240795e-06 6.713783e-06 4.773281e-06 3.318283e-06 2.353285e-06 1.574662e-06 1.056199e-06 6.819695e-07 4.524850e-07 2.851340e-07 1.851234e-07 1.063240e-07 7.304008e-08 5.097037e-08
1.194419e-03 1.336770e-03 1.021244e-03 8.338983e-04 8.273080e-04 6.375164e-04 6.330330e-04 1.232422e-03 1.523940e-03 1.034911e-03 1.080753e-03 1.789770e-03 1.930346e-03 1.665274e-03 1.802212e-03 2.359136e-03 3.145779e-03 3.713307e-03 3.980394e-03 4.069330e-03 4.191801e-03 4.781797e-03 5.977042e-03 7.611539e-03 9.834516e-03 1.233213e-02 1.426215e-02 1.669365e-02 2.074924e-02 2.495263e-02 2.761189e-02 2.898948e-02 3.000093e-02 3.406151e-02 3.988183e-02 4.698088e-02 5.448096e-02 6.273734e-02 7.071349e-02 7.387697e-02 7.810134e-02 8.131999e-02 8.441515e-02 8.717823e-02 8.935478e-02 9.118322e-02 9.164064e-02 9.605659e-02 9.977397e-02 1.032002e-01 1.116758e-01 1.215528e-01 1.338735e-01 1.471973e-01 1.596324e-01 1.772821e-01 1.885145e-01 1.945589e-01 2.052667e-01 2.022024e-01 1.947904e-01 1.988499e-01 2.024293e-01 2.096636e-01 2.233256e-01 2.287315e-01 2.297796e-01 2.321624e-01 2.290239e-01 2.233815e-01 2.201094e-01 2.145127e-01 2.068117e-01 2.025987e-01 2.004251e-01 1.955163e-01 1.908351e-01 1.896230e-01 1.885843e-01 1.850553e-01 1.819674e-01 1.816969e-01 1.820583e-01 1.805292e-01 1.780284e-01 1.766982e-01 1.762918e-01 1.753490e-01 1.744608e-01 1.751058e-01 1.760516e-01 1.739638e-01 1.680457e-01 1.608117e-01 1.540211e-01 1.474945e-01 1.406257e-01 1.342429e-01 1.293691e-01 1.262022e-01 1.239709e-01 1.212296e-01 1.174790e-01 1.123777e-01 1.063258e-01 1.006568e-01 9.585202e-02 9.229219e-02 8.916403e-02 8.560505e-02 8.101656e-02 7.528334e-02 6.927844e-02 6.371201e-02 5.929160e-02 5.618569e-02 5.419441e-02 5.304724e-02 5.225836e-02 5.099680e-02 4.819270e-02 4.362850e-02 3.823062e-02 3.315022e-02 2.909022e-02 2.618233e-02 2.436868e-02 2.335145e-02 2.280615e-02 2.217744e-02 2.084519e-02 1.854530e-02 1.567307e-02 1.293767e-02 1.071800e-02 9.083971e-03 8.113993e-03 7.619444e-03 7.005887e-03 5.898959e-03 4.647800e-03 3.617649e-03 2.925495e-03 2.524981e-03 2.278017e-03 2.089605e-03 1.852606e-03 1.570980e-03 1.331261e-03 1.161476e-03 1.051496e-03 9.534258e-04 8.362207e-04 7.178932e-04 5.960178e-04 4.876270e-04 3.880602e-04 3.314054e-04 2.766906e-04 2.312468e-04 1.850814e-04 1.410045e-04 1.082990e-04 7.947601e-05 6.086451e-05 4.501316e-05 3.585689e-05 2.788851e-05 2.149673e-05 1.615076e-05 1.185270e-05 8.862960e-06 6.241068e-06 4.387299e-06 3.087622e-06 2.129723e-06 1.462061e-06 9.795710e-07 6.426612e-07 4.093035e-07 2.683207e-07 1.669113e-07 1.110048e-07 7.731398e-08 6.359740e-08
