1.785668e-12 1.720710e-12 1.114413e-12 1.422994e-12 1.249048e-12 3.368841e-12 3.080117e-12 5.840390e-12 2.155475e-11 5.054728e-11 6.735358e-11 4.464363e-10 4.511632e-09 1.464503e-08 4.012186e-08 2.583586e-07 2.856641e-06 8.009144e-06 1.116829e-05 2.149680e-05 1.268038e-04 3.777983e-04 8.348596e-04 1.265777e-03 2.698172e-03 3.184450e-03 4.049903e-03 8.050342e-03 1.554657e-02 3.407406e-02 4.101594e-02 5.811977e-02 5.269058e-02 6.420202e-02 7.987258e-02 8.399605e-02 1.183790e-01 1.148148e-01 1.553589e-01 2.052329e-01 2.140760e-01 3.069871e-01 3.120582e-01 3.229592e-01 3.924378e-01 3.421116e-01 4.025533e-01 4.304568e-01 4.149624e-01 5.053238e-01 5.042681e-01 5.257007e-01 6.139745e-01 5.816887e-01 5.772079e-01 5.947939e-01 5.787482e-01 5.584732e-01 5.503667e-01 5.855060e-01 5.727416e-01 5.938826e-01 6.467872e-01 5.646549e-01 5.644843e-01 5.375426e-01 4.436063e-01 4.165668e-01 3.342948e-01 2.607459e-01 2.380534e-01 1.678218e-01 1.237113e-01 1.278208e-01 1.048160e-01 7.300663e-02 7.342920e-02 8.055075e-02 6.621087e-02 5.736802e-02 6.401610e-02 6.354561e-02 5.166556e-02 4.986631e-02 5.744105e-02 5.643941e-02 4.575900e-02 4.156464e-02 4.369281e-02 4.047877e-02 3.140517e-02 2.663102e-02 2.736544e-02 2.671844e-02 2.038477e-02 1.394912e-02 1.064727e-02 8.980858e-03 7.176518e-03 5.189374e-03 3.839619e-03 3.138843e-03 2.750667e-03 2.405425e-03 2.075172e-03 1.906179e-03 1.933433e-03 2.094907e-03 2.143406e-03 1.931934e-03 1.602579e-03 1.353530e-03 1.182092e-03 9.655497e-04 7.049738e-04 5.173248e-04 4.567489e-04 4.878175e-04 4.903855e-04 3.719003e-04 2.229549e-04 1.333610e-04 9.621908e-05 7.952600e-05 6.147154e-05 3.629297e-05 1.740207e-05 8.459965e-06 4.631613e-06 2.502918e-06 1.144522e-06 4.360989e-07 1.364093e-07 3.401356e-08 6.526895e-09 1.025323e-09 1.724129e-10 3.428141e-11 6.935098e-12 1.092462e-12 1.065150e-13 7.145039e-15 5.128754e-16 3.608466e-17 3.243092e-18 4.330862e-19 1.167161e-19 8.194419e-20 1.344121e-19 5.664270e-19 2.844843e-18 1.597250e-17 9.046354e-17 4.507431e-16 1.552727e-15 3.432031e-15 4.160805e-15 2.735221e-15 1.138570e-15 3.073523e-16 4.214088e-17 3.434094e-18 9.886479e-20 1.342706e-21 1.240825e-23 5.890877e-26 2.178568e-28 4.302942e-31 6.139746e-34 9.509394e-37 1.433151e-39 1.853918e-42 2.802597e-45 0.000000e+00 0.000000e+00 0.000000e+00 0.000000e+00 0.000000e+00 0.000000e+00 0.000000e+00 0.000000e+00 0.000000e+00 0.000000e+00 0.000000e+00 0.000000e+00
4.703544e-13 3.054068e-13 3.107793e-13 2.311337e-13 5.275968e-13 5.771732e-13 9.365266e-13 3.999448e-12 8.699914e-12 1.307502e-11 1.207126e-10 1.633306e-09 5.455150e-09 2.082674e-08 1.856201e-07 2.155121e-06 4.885520e-06 7.411763e-06 1.731920e-05 1.237121e-04 3.266338e-04 7.270792e-04 1.031745e-03 2.197784e-03 2.574211e-03 4.054504e-03 9.316040e-03 1.826292e-02 3.469060e-02 3.828527e-02 5.175317e-02 5.033493e-02 6.271276e-02 8.264729e-02 8.791617e-02 1.264602e-01 1.274791e-01 1.837064e-01 2.428696e-01 2.571696e-01 3.493728e-01 3.451462e-01 3.656160e-01 4.100782e-01 3.651942e-01 4.240072e-01 4.384641e-01 4.174830e-01 5.046701e-01 4.930872e-01 5.124363e-01 6.043132e-01 5.584432e-01 5.709771e-01 6.004490e-01 5.714532e-01 5.925503e-01 6.145856e-01 6.391653e-01 6.452457e-01 6.556796e-01 6.586971e-01 5.607785e-01 5.418178e-01 5.160524e-01 4.117613e-01 3.849978e-01 3.282252e-01 2.508670e-01 2.298269e-01 1.778257e-01 1.352687e-01 1.363069e-01 1.127713e-01 8.082271e-02 8.070371e-02 8.601716e-02 6.953144e-02 6.054391e-02 6.662695e-02 6.579869e-02 5.593523e-02 5.567447e-02 6.309449e-02 5.954475e-02 4.910096e-02 4.743150e-02 4.929190e-02 4.254597e-02 3.377762e-02 3.243633e-02 3.528056e-02 3.261283e-02 2.463330e-02 1.899916e-02 1.654957e-02 1.444875e-02 1.124431e-02 8.149855e-03 6.085711e-03 4.856485e-03 3.976693e-03 3.294085e-03 2.849008e-03 2.673690e-03 2.720217e-03 2.747669e-03 2.568006e-03 2.191888e-03 1.870848e-03 1.696987e-03 1.561096e-03 1.327306e-03 1.027715e-03 8.250620e-04 7.826659e-04 8.184232e-04 7.560326e-04 5.314458e-04 3.155357e-04 2.113469e-04 1.770891e-04 1.579514e-04 1.117567e-04 6.062836e-05 3.078401e-05 1.864201e-05 1.363852e-05 9.714249e-06 5.113983e-06 1.820518e-06 5.265676e-07 1.441470e-07 3.800176e-08 1.010370e-08 2.809689e-09 7.507892e-10 1.744620e-10 2.857689e-11 2.876816e-12 2.276587e-13 1.604781e-14 1.336047e-15 1.270518e-16 1.286769e-17 1.859935e-18 4.347001e-19 1.755989e-19 1.963508e-19 4.306559e-19 1.426064e-18 4.176955e-18 1.738869e-17 6.897660e-17 2.862872e-16 8.542966e-16 2.080199e-15 3.085311e-15 3.599655e-15 2.085689e-15 7.147220e-16 8.050108e-17 5.049458e-18 1.429724e-19 2.567233e-21 2.820865e-23 1.051915e-25 2.821408e-28 2.972541e-31 4.524746e-34 2.082517e-37 2.763585e-40 6.726233e-44 0.000000e+00 0.000000e+00 0.000000e+00 0.000000e+00 0.000000e+00 0.000000e+00 0.000000e+00 0.000000e+00 0.000000e+00 0.000000e+00 0.000000e+00 0.000000e+00
7.760290e-14 8.147498e-14 4.341677e-14 8.718650e-14 9.368480e-14 1.282144e-13 6.348305e-13 1.370207e-12 2.055959e-12 2.732335e-11 4.644096e-10 1.740204e-09 1.061874e-08 1.271615e-07 1.619173e-06 2.979438e-06 5.774834e-06 1.524931e-05 1.221523e-04 2.631416e-04 6.121987e-04 7.983312e-04 1.829140e-03 2.268501e-03 4.447106e-03 1.075330e-02 1.920248e-02 3.268972e-02 3.303749e-02 4.590067e-02 4.703307e-02 6.201591e-02 8.400203e-02 9.199756e-02 1.366978e-01 1.435616e-01 2.111155e-01 2.680905e-01 2.848279e-01 3.713526e-01 3.494981e-01 3.870669e-01 4.041471e-01 3.718272e-01 4.383128e-01 4.340912e-01 4.272587e-01 4.986604e-01 4.791309e-01 5.077291e-01 5.745633e-01 5.251580e-01 5.514434e-01 5.740423e-01 5.440624e-01 5.961278e-01 6.303579e-01 6.416010e-01 6.513711e-01 6.449817e-01 5.962220e-01 5.146966e-01 4.879912e-01 4.505247e-01 3.604771e-01 3.372070e-01 2.991973e-01 2.321532e-01 2.167275e-01 1.829774e-01 1.414576e-01 1.394963e-01 1.192377e-01 8.784161e-02 8.739819e-02 9.200781e-02 7.341942e-02 6.414979e-02 7.127064e-02 7.087624e-02 6.104147e-02 6.147750e-02 6.906272e-02 6.438077e-02 5.471700e-02 5.453085e-02 5.460512e-02 4.531770e-02 3.739136e-02 3.819546e-02 4.018323e-02 3.408239e-02 2.638122e-02 2.310790e-02 2.228002e-02 2.010357e-02 1.621500e-02 1.252257e-02 9.692204e-03 7.509097e-03 5.955039e-03 4.919210e-03 4.318653e-03 3.993934e-03 3.768181e-03 3.489080e-03 3.024663e-03 2.567625e-03 2.250739e-03 2.072917e-03 1.895766e-03 1.633260e-03 1.368858e-03 1.220087e-03 1.209711e-03 1.201794e-03 9.901540e-04 6.381012e-04 3.931811e-04 2.878010e-04 2.647445e-04 2.330940e-04 1.602344e-04 8.735329e-05 5.022458e-05 3.689058e-05 3.207311e-05 2.381119e-05 1.173244e-05 4.080904e-06 1.314194e-06 5.108491e-07 2.397091e-07 1.166703e-07 4.729618e-08 1.582111e-08 3.699499e-09 5.775357e-10 6.920324e-11 7.178768e-12 6.673874e-13 6.974635e-14 7.989991e-15 1.027582e-15 1.409784e-16 2.000501e-17 3.300643e-18 6.386592e-19 2.349004e-19 2.505329e-19 4.064636e-19 9.735107e-19 3.595404e-18 2.050206e-17 9.244408e-17 4.152907e-16 1.178045e-15 2.558959e-15 3.309360e-15 2.752356e-15 1.079748e-15 2.879133e-16 4.176375e-17 3.893256e-18 1.934916e-19 3.502265e-21 3.192720e-23 1.030658e-25 3.252188e-28 2.476397e-31 2.672684e-34 5.573965e-38 5.746865e-41 1.121039e-44 0.000000e+00 0.000000e+00 0.000000e+00 0.000000e+00 0.000000e+00 0.000000e+00 0.000000e+00 0.000000e+00 0.000000e+00 0.000000e+00 0.000000e+00
1.872315e-14 9.067844e-15 1.221462e-14 1.688009e-14 1.304655e-14 8.239829e-14 1.783336e-13 2.717060e-13 5.172514e-12 1.184687e-10 5.542466e-10 5.754159e-09 7.858798e-08 1.124122e-06 1.858678e-06 5.055382e-06 1.451289e-05 1.182322e-04 2.168154e-04 4.970204e-04 6.471868e-04 1.572055e-03 2.308464e-03 5.011975e-03 1.194195e-02 1.837402e-02 2.955422e-02 2.758665e-02 4.030306e-02 4.302370e-02 6.181889e-02 8.455224e-02 9.580284e-02 1.439415e-01 1.561076e-01 2.275446e-01 2.686233e-01 2.871037e-01 3.605664e-01 3.243219e-01 3.713300e-01 3.669970e-01 3.572936e-01 4.316434e-01 4.114531e-01 4.333489e-01 4.749079e-01 4.607124e-01 5.007007e-01 5.285368e-01 4.915884e-01 5.119457e-01 5.183550e-01 4.976840e-01 5.519224e-01 5.741154e-01 5.679883e-01 5.636324e-01 5.443887e-01 4.878760e-01 4.328786e-01 4.130863e-01 3.696398e-01 3.068986e-01 2.936283e-01 2.689368e-01 2.187591e-01 2.052675e-01 1.831588e-01 1.463189e-01 1.416777e-01 1.246886e-01 9.594657e-02 9.553564e-02 9.850301e-02 7.823360e-02 6.970986e-02 7.828830e-02 7.669773e-02 6.622100e-02 6.798834e-02 7.578520e-02 7.023189e-02 6.185254e-02 6.281412e-02 6.200564e-02 5.155128e-02 4.481075e-02 4.594056e-02 4.432743e-02 3.552409e-02 2.857133e-02 2.662973e-02 2.629894e-02 2.413344e-02 2.073409e-02 1.722434e-02 1.367315e-02 1.064173e-02 8.601151e-03 7.442581e-03 6.593990e-03 5.837692e-03 5.116419e-03 4.406633e-03 3.749040e-03 3.176671e-03 2.825283e-03 2.596076e-03 2.362395e-03 2.056471e-03 1.782532e-03 1.654534e-03 1.615574e-03 1.474157e-03 1.108058e-03 7.116017e-04 4.637878e-04 3.687898e-04 3.254410e-04 2.662999e-04 1.687464e-04 9.675193e-05 6.485142e-05 5.751571e-05 5.341158e-05 3.732645e-05 1.765311e-05 6.728658e-06 2.939023e-06 1.779538e-06 1.403657e-06 9.911699e-07 5.093120e-07 1.698893e-07 3.929571e-08 7.051597e-09 1.155453e-09 1.803680e-10 2.753326e-11 3.509047e-12 4.273301e-13 6.071141e-14 1.023551e-14 1.659507e-15 2.392606e-16 2.399364e-17 2.274885e-18 3.947638e-19 2.491711e-19 4.618105e-19 1.092376e-18 3.691310e-18 1.423435e-17 4.325483e-17 1.074653e-16 2.926700e-16 5.896184e-16 9.479896e-16 1.234441e-15 1.042974e-15 7.799084e-16 3.810978e-16 1.144574e-16 1.346785e-17 6.846179e-19 1.185722e-20 1.221590e-22 3.666989e-25 6.189550e-28 3.068066e-31 1.338252e-34 3.223260e-38 9.472778e-42 2.802597e-45 0.000000e+00 0.000000e+00 0.000000e+00 0.000000e+00 0.000000e+00 0.000000e+00 0.000000e+00 0.000000e+00 0.000000e+00 0.000000e+00
2.311258e-15 1.182819e-15 3.157281e-15 1.037452e-15 7.986956e-15 1.776559e-14 2.620866e-14 7.365500e-13 2.620680e-11 2.004741e-10 3.639284e-09 5.117574e-08 7.941970e-07 1.365472e-06 4.827588e-06 1.513280e-05 1.161463e-04 1.950240e-04 4.004398e-04 5.525908e-04 1.405854e-03 2.507832e-03 5.381851e-03 1.212098e-02 1.653781e-02 2.542241e-02 2.286985e-02 3.495317e-02 4.025434e-02 6.226132e-02 8.385578e-02 9.771708e-02 1.413841e-01 1.579685e-01 2.198651e-01 2.459955e-01 2.630440e-01 3.162620e-01 2.804887e-01 3.234078e-01 3.193173e-01 3.296044e-01 4.052121e-01 3.771693e-01 4.194806e-01 4.355089e-01 4.304711e-01 4.738807e-01 4.663388e-01 4.462828e-01 4.444507e-01 4.368545e-01 4.320131e-01 4.586075e-01 4.670273e-01 4.472080e-01 4.275479e-01 4.165147e-01 3.721917e-01 3.362493e-01 3.335669e-01 2.940619e-01 2.559675e-01 2.593391e-01 2.423681e-01 2.046048e-01 1.956311e-01 1.819344e-01 1.510416e-01 1.451198e-01 1.352670e-01 1.108223e-01 1.089539e-01 1.094595e-01 8.839413e-02 7.979241e-02 8.744919e-02 8.293810e-02 7.232879e-02 7.529817e-02 8.208127e-02 7.590219e-02 6.964462e-02 7.234539e-02 7.068881e-02 6.047757e-02 5.557835e-02 5.689772e-02 5.207351e-02 4.188636e-02 3.500650e-02 3.268856e-02 3.103832e-02 2.804578e-02 2.444932e-02 2.053881e-02 1.649824e-02 1.335831e-02 1.157964e-02 1.042565e-02 9.207298e-03 7.805155e-03 6.607562e-03 5.608338e-03 4.727507e-03 4.041911e-03 3.542347e-03 3.233135e-03 2.901150e-03 2.516426e-03 2.195724e-03 2.027154e-03 1.891474e-03 1.566711e-03 1.098018e-03 7.125168e-04 5.100910e-04 4.244108e-04 3.715139e-04 2.679479e-04 1.607891e-04 9.791053e-05 7.772878e-05 7.765939e-05 7.265621e-05 4.810992e-05 2.224627e-05 9.997135e-06 5.932243e-06 5.167642e-06 5.276035e-06 4.648894e-06 2.611454e-06 9.195647e-07 2.576679e-07 6.675647e-08 1.686781e-08 4.240361e-09 1.011358e-09 1.851622e-10 2.554638e-11 3.488963e-12 6.066338e-13 1.306408e-13 2.350371e-14 2.817794e-15 2.115933e-16 1.216572e-17 1.355564e-18 6.246509e-19 9.237013e-19 1.812557e-18 3.227141e-18 5.856136e-18 1.056849e-17 2.125865e-17 6.847782e-17 2.080634e-16 5.921526e-16 1.190345e-15 2.264322e-15 2.510381e-15 2.376585e-15 9.314819e-16 2.131255e-16 1.942197e-17 1.025671e-18 1.698479e-20 1.246651e-22 2.784577e-25 2.272590e-28 1.310794e-31 2.414606e-35 4.806522e-39 4.147843e-43 0.000000e+00 0.000000e+00 0.000000e+00 0.000000e+00 0.000000e+00 0.000000e+00 0.000000e+00 0.000000e+00 0.000000e+00 0.000000e+00
8.844145e-17 5.022174e-16 8.299474e-17 4.531313e-16 1.377030e-15 1.489210e-15 7.140854e-14 4.061851e-12 6.953643e-11 2.389711e-09 3.829132e-08 6.757977e-07 1.346323e-06 5.152134e-06 1.787159e-05 1.206825e-04 1.901338e-04 3.326246e-04 5.191396e-04 1.380833e-03 2.742768e-03 5.414595e-03 1.135185e-02 1.454806e-02 2.090860e-02 1.939584e-02 3.080195e-02 3.970074e-02 6.134734e-02 8.079078e-02 9.459671e-02 1.290791e-01 1.455931e-01 1.912247e-01 2.081192e-01 2.241189e-01 2.527803e-01 2.307516e-01 2.635860e-01 2.722789e-01 2.961643e-01 3.573124e-01 3.301225e-01 3.736622e-01 3.707480e-01 3.722111e-01 4.038868e-01 3.738534e-01 3.674423e-01 3.460647e-01 3.361610e-01 3.435722e-01 3.436774e-01 3.471534e-01 3.274035e-01 3.063122e-01 3.062650e-01 2.747814e-01 2.510770e-01 2.607043e-01 2.301754e-01 2.106675e-01 2.298195e-01 2.124462e-01 1.844111e-01 1.861129e-01 1.760271e-01 1.521509e-01 1.532826e-01 1.518660e-01 1.311332e-01 1.297194e-01 1.304241e-01 1.071697e-01 9.689972e-02 1.024566e-01 9.315870e-02 8.033374e-02 8.342533e-02 8.822905e-02 8.127221e-02 7.730300e-02 8.085602e-02 7.832523e-02 7.035892e-02 6.890784e-02 7.037576e-02 6.438364e-02 5.423089e-02 4.742664e-02 4.354117e-02 3.980218e-02 3.558537e-02 3.042701e-02 2.441989e-02 1.953933e-02 1.656554e-02 1.480022e-02 1.312670e-02 1.108936e-02 9.296411e-03 7.911902e-03 6.825859e-03 5.802379e-03 4.896213e-03 4.241622e-03 3.704615e-03 3.245804e-03 2.780086e-03 2.429212e-03 2.198007e-03 1.941498e-03 1.514859e-03 1.029911e-03 6.933626e-04 5.249176e-04 4.463855e-04 3.631923e-04 2.531791e-04 1.568743e-04 1.095472e-04 9.914399e-05 9.978101e-05 8.390584e-05 4.957964e-05 2.520595e-05 1.480649e-05 1.268519e-05 1.443540e-05 1.670383e-05 1.455298e-05 8.179638e-06 3.232323e-06 1.149495e-06 4.671402e-07 2.020548e-07 7.931456e-08 2.525777e-08 6.568694e-09 1.324422e-09 2.346593e-10 4.558659e-11 1.083093e-11 2.153156e-12 2.531016e-13 1.642100e-14 8.176364e-16 4.069825e-17 4.124401e-18 1.853409e-18 2.009900e-18 2.342997e-18 2.293183e-18 3.357629e-18 6.468167e-18 1.631182e-17 5.051296e-17 1.525501e-16 3.068404e-16 7.157912e-16 1.187317e-15 1.798889e-15 1.632983e-15 1.072844e-15 3.733809e-16 1.099835e-16 1.289451e-17 7.863054e-19 1.290090e-20 6.854107e-23 1.460112e-25 8.538436e-29 2.439615e-32 2.501723e-36 1.918322e-40 2.242078e-44 0.000000e+00 0.000000e+00 0.000000e+00 0.000000e+00 0.000000e+00 0.000000e+00 0.000000e+00 0.000000e+00 0.000000e+00
4.231058e-17 1.581198e-17 1.462647e-17 8.058092e-17 3.435453e-17 4.066466e-15 4.185533e-13 1.972494e-11 1.358583e-09 2.799480e-08 6.155128e-07 1.607584e-06 5.942628e-06 2.341428e-05 1.308822e-04 1.902311e-04 2.974828e-04 5.613171e-04 1.528855e-03 2.968687e-03 5.356966e-03 1.030192e-02 1.286858e-02 1.690393e-02 1.734897e-02 2.876582e-02 4.042967e-02 5.771028e-02 7.432904e-02 8.591068e-02 1.108294e-01 1.232662e-01 1.564438e-01 1.672298e-01 1.809231e-01 1.908039e-01 1.837599e-01 2.107781e-01 2.292373e-01 2.562268e-01 2.924851e-01 2.677864e-01 2.962862e-01 2.799900e-01 2.789792e-01 2.913496e-01 2.560365e-01 2.578354e-01 2.348400e-01 2.311322e-01 2.484098e-01 2.353132e-01 2.435629e-01 2.338591e-01 2.143125e-01 2.256461e-01 2.023011e-01 1.854564e-01 2.014344e-01 1.784948e-01 1.712111e-01 1.972638e-01 1.774925e-01 1.605193e-01 1.730207e-01 1.639599e-01 1.507733e-01 1.643644e-01 1.674222e-01 1.512533e-01 1.559310e-01 1.581922e-01 1.316099e-01 1.205105e-01 1.251487e-01 1.094710e-01 9.218443e-02 9.443806e-02 9.705065e-02 8.755148e-02 8.330431e-02 8.568947e-02 8.415558e-02 8.013661e-02 8.117784e-02 8.295029e-02 7.911879e-02 7.157936e-02 6.444959e-02 5.822562e-02 5.293037e-02 4.746949e-02 3.929531e-02 3.059124e-02 2.479212e-02 2.177866e-02 1.922323e-02 1.590890e-02 1.275009e-02 1.044257e-02 8.891602e-03 7.595976e-03 6.460586e-03 5.452272e-03 4.589429e-03 3.907805e-03 3.307185e-03 2.851018e-03 2.480060e-03 2.184879e-03 1.845160e-03 1.404170e-03 9.784959e-04 6.959906e-04 5.505606e-04 4.549984e-04 3.452151e-04 2.313238e-04 1.583705e-04 1.304823e-04 1.295645e-04 1.272340e-04 9.423650e-05 5.440480e-05 3.111362e-05 2.487457e-05 2.866682e-05 3.852341e-05 4.303761e-05 3.237516e-05 1.661221e-05 7.060869e-06 3.296591e-06 1.948670e-06 1.327015e-06 7.995003e-07 3.527444e-07 1.207029e-07 3.675756e-08 1.008677e-08 2.715706e-09 7.643084e-10 1.753139e-10 2.092245e-11 1.223951e-12 5.008336e-14 2.394679e-15 1.698040e-16 2.200518e-17 8.404309e-18 7.521343e-18 5.607332e-18 4.486797e-18 5.969355e-18 1.084018e-17 1.997959e-17 3.100954e-17 4.987963e-17 7.590800e-17 1.579556e-16 4.294275e-16 7.679130e-16 1.223702e-15 1.204522e-15 9.304639e-16 4.668166e-16 1.509030e-16 1.594078e-17 7.087034e-19 8.492810e-21 3.853521e-23 4.068446e-26 1.720811e-29 1.932321e-33 3.995780e-37 2.104190e-41 4.203895e-45 0.000000e+00 0.000000e+00 0.000000e+00 0.000000e+00 0.000000e+00 0.000000e+00 0.000000e+00 0.000000e+00
1.001198e-17 5.866628e-19 5.834122e-18 2.743238e-19 8.613049e-17 2.661050e-14 4.383023e-12 6.901417e-10 1.944310e-08 5.053616e-07 1.830400e-06 6.607960e-06 3.170007e-05 1.461333e-04 1.948652e-04 2.976636e-04 6.890410e-04 1.819246e-03 3.202769e-03 5.288017e-03 9.203487e-03 1.105743e-02 1.360277e-02 1.612426e-02 2.743161e-02 3.933675e-02 5.079540e-02 6.443772e-02 7.321513e-02 9.087896e-02 9.928440e-02 1.238112e-01 1.288307e-01 1.369860e-01 1.390584e-01 1.415051e-01 1.664257e-01 1.839797e-01 2.029766e-01 2.125153e-01 1.924973e-01 1.997179e-01 1.813006e-01 1.741888e-01 1.729758e-01 1.492758e-01 1.537887e-01 1.424953e-01 1.457767e-01 1.649238e-01 1.528016e-01 1.658024e-01 1.653722e-01 1.495223e-01 1.670496e-01 1.491200e-01 1.368497e-01 1.553634e-01 1.370768e-01 1.364803e-01 1.615088e-01 1.417686e-01 1.359092e-01 1.561794e-01 1.491705e-01 1.485015e-01 1.729460e-01 1.758381e-01 1.663304e-01 1.787409e-01 1.801304e-01 1.534012e-01 1.445024e-01 1.474777e-01 1.258533e-01 1.059558e-01 1.077903e-01 1.076185e-01 9.453976e-02 8.733445e-02 8.783147e-02 8.806667e-02 8.731810e-02 8.821159e-02 9.076399e-02 9.153113e-02 8.693808e-02 7.823744e-02 7.100283e-02 6.696770e-02 6.030508e-02 4.822795e-02 3.726396e-02 3.140209e-02 2.834024e-02 2.454234e-02 1.960016e-02 1.537215e-02 1.232396e-02 9.876516e-03 7.997041e-03 6.579176e-03 5.478151e-03 4.550487e-03 3.816233e-03 3.294834e-03 2.844395e-03 2.470831e-03 2.127576e-03 1.785753e-03 1.385342e-03 9.965961e-04 7.288940e-04 5.824564e-04 4.840918e-04 3.713154e-04 2.612199e-04 1.942306e-04 1.729524e-04 1.724640e-04 1.543023e-04 1.095108e-04 6.681841e-05 4.831505e-05 4.951734e-05 6.630051e-05 8.478967e-05 7.936649e-05 5.075372e-05 2.562295e-05 1.347329e-05 8.734314e-06 6.949523e-06 6.152399e-06 4.755751e-06 2.625217e-06 1.127774e-06 4.761322e-07 2.045814e-07 8.475966e-08 2.958836e-08 8.234728e-09 1.348116e-09 1.023338e-10 4.656754e-12 2.525626e-13 1.705276e-14 1.230353e-15 1.126095e-16 2.107421e-17 1.227676e-17 1.217000e-17 1.239792e-17 1.693493e-17 2.452770e-17 2.092287e-17 2.560576e-17 3.192499e-17 6.994719e-17 1.688816e-16 4.655043e-16 9.076156e-16 1.271894e-15 1.639556e-15 1.500113e-15 9.921918e-16 3.727458e-16 6.448441e-17 4.778742e-18 1.799087e-19 1.609695e-21 6.579390e-24 4.504836e-27 3.163534e-30 3.674200e-34 7.993386e-38 1.964620e-42 0.000000e+00 0.000000e+00 0.000000e+00 0.000000e+00 0.000000e+00 0.000000e+00 0.000000e+00 0.000000e+00
3.933729e-20 1.843423e-18 1.833625e-21 4.608766e-19 8.694350e-16 6.313028e-13 3.089726e-10 1.336019e-08 3.696177e-07 1.766697e-06 6.380108e-06 3.937565e-05 1.583893e-04 2.048182e-04 3.312647e-04 8.946809e-04 2.173640e-03 3.391480e-03 5.121795e-03 7.874580e-03 9.011315e-03 1.063204e-02 1.458241e-02 2.413969e-02 3.441014e-02 4.148456e-02 5.229310e-02 5.944449e-02 7.171623e-02 7.803661e-02 9.290937e-02 9.491154e-02 9.751952e-02 1.002977e-01 1.061052e-01 1.258167e-01 1.348027e-01 1.409879e-01 1.339776e-01 1.195819e-01 1.138972e-01 1.013168e-01 9.367620e-02 8.924384e-02 8.001952e-02 8.443435e-02 8.340616e-02 8.991662e-02 1.039565e-01 9.977394e-02 1.114364e-01 1.150615e-01 1.061808e-01 1.203119e-01 1.085667e-01 1.020500e-01 1.166203e-01 1.038501e-01 1.068856e-01 1.243388e-01 1.100235e-01 1.139227e-01 1.366727e-01 1.329692e-01 1.438053e-01 1.730199e-01 1.724362e-01 1.711466e-01 1.872225e-01 1.833815e-01 1.626873e-01 1.560385e-01 1.531743e-01 1.329550e-01 1.151107e-01 1.142492e-01 1.121371e-01 9.845140e-02 8.816408e-02 8.726022e-02 9.006764e-02 8.986101e-02 8.800952e-02 9.083476e-02 9.557473e-02 9.141542e-02 8.169173e-02 7.774446e-02 7.767221e-02 6.949192e-02 5.445400e-02 4.331868e-02 3.839250e-02 3.516795e-02 2.999133e-02 2.393245e-02 1.892072e-02 1.496002e-02 1.154158e-02 8.853907e-03 7.028304e-03 5.631312e-03 4.513028e-03 3.742855e-03 3.247004e-03 2.855536e-03 2.466831e-03 2.134284e-03 1.795680e-03 1.418336e-03 1.074766e-03 8.474321e-04 7.227653e-04 6.135150e-04 4.711061e-04 3.401249e-04 2.684255e-04 2.477985e-04 2.372450e-04 1.972461e-04 1.379943e-04 9.906576e-05 9.053737e-05 1.115221e-04 1.493515e-04 1.548930e-04 1.102132e-04 6.295221e-05 3.806012e-05 2.766924e-05 2.436718e-05 2.389827e-05 2.243827e-05 1.753486e-05 1.060804e-05 5.191740e-06 2.483150e-06 1.420810e-06 8.082820e-07 3.551630e-07 1.186720e-07 2.860268e-08 3.974272e-09 3.299545e-10 2.119318e-11 1.458431e-12 1.045530e-13 4.894559e-15 2.106753e-16 2.456126e-17 1.230685e-17 2.157364e-17 5.270628e-17 9.537401e-17 1.088532e-16 8.843332e-17 6.842791e-17 1.234305e-16 1.728455e-16 2.896067e-16 3.461765e-16 3.629411e-16 4.084805e-16 5.835161e-16 6.634561e-16 5.877923e-16 2.745685e-16 8.054148e-17 1.214986e-17 8.875636e-19 2.732116e-20 2.241297e-22 9.197020e-25 7.428873e-28 3.480535e-31 2.522448e-35 1.903630e-39 4.344025e-44 0.000000e+00 0.000000e+00 0.000000e+00 0.000000e+00 0.000000e+00 0.000000e+00 0.000000e+00
1.354918e-18 1.386313e-22 5.367563e-22 1.491693e-17 6.641444e-14 1.131430e-10 7.135584e-09 2.189943e-07 1.357915e-06 5.198844e-06 3.987015e-05 1.489444e-04 1.998048e-04 3.807057e-04 1.113307e-03 2.493580e-03 3.439519e-03 4.765706e-03 6.261787e-03 6.913303e-03 7.925648e-03 1.214090e-02 1.908083e-02 2.680989e-02 3.140061e-02 3.905719e-02 4.532265e-02 5.236107e-02 5.765130e-02 6.400377e-02 6.631115e-02 6.631559e-02 6.975608e-02 7.492242e-02 8.505184e-02 8.724374e-02 8.448103e-02 7.447962e-02 6.581823e-02 5.835234e-02 5.276034e-02 4.756156e-02 4.530099e-02 4.415683e-02 4.804074e-02 5.216701e-02 5.782740e-02 6.744488e-02 6.826955e-02 7.552916e-02 8.053447e-02 7.653321e-02 8.471585e-02 7.936291e-02 7.681344e-02 8.541898e-02 7.829913e-02 8.267269e-02 9.234668e-02 8.624414e-02 9.653852e-02 1.153352e-01 1.164876e-01 1.342543e-01 1.587808e-01 1.554197e-01 1.609831e-01 1.736679e-01 1.650162e-01 1.527537e-01 1.464753e-01 1.396454e-01 1.257125e-01 1.106518e-01 1.069542e-01 1.060395e-01 9.343219e-02 8.139463e-02 8.204535e-02 8.701478e-02 8.319075e-02 7.893094e-02 8.371496e-02 8.884797e-02 8.225893e-02 7.510640e-02 7.800002e-02 8.122874e-02 7.125539e-02 5.661302e-02 4.860402e-02 4.577238e-02 4.187076e-02 3.501302e-02 2.810119e-02 2.278564e-02 1.826106e-02 1.403877e-02 1.062041e-02 8.179885e-03 6.398182e-03 5.018295e-03 4.060352e-03 3.446378e-03 2.966220e-03 2.545189e-03 2.185527e-03 1.867162e-03 1.541675e-03 1.258859e-03 1.073317e-03 9.558761e-04 8.236353e-04 6.432041e-04 4.863704e-04 4.088703e-04 3.914207e-04 3.680360e-04 2.952621e-04 2.146664e-04 1.752581e-04 1.879655e-04 2.444374e-04 2.853854e-04 2.340130e-04 1.380150e-04 8.053821e-05 5.933565e-05 5.733147e-05 6.192946e-05 6.431588e-05 5.758142e-05 4.275049e-05 2.581809e-05 1.271961e-05 6.153972e-06 3.643736e-06 2.527427e-06 1.531696e-06 6.187977e-07 1.913246e-07 5.035808e-08 9.333231e-09 1.047141e-09 9.834548e-11 7.563421e-12 4.029711e-13 1.593479e-14 6.203591e-16 6.178355e-17 3.027268e-17 5.003550e-17 1.326000e-16 3.123575e-16 4.174605e-16 3.756746e-16 3.546097e-16 3.091895e-16 2.665552e-16 1.597957e-16 1.366644e-16 1.357707e-16 1.995642e-16 3.307698e-16 4.866715e-16 4.040762e-16 2.927306e-16 1.039226e-16 2.659739e-17 2.906121e-18 1.620301e-19 3.233033e-21 2.563607e-23 5.392197e-26 3.176205e-29 8.845487e-33 7.297692e-37 5.076344e-41 1.401298e-45 0.000000e+00 0.000000e+00 0.000000e+00 0.000000e+00 0.000000e+00 0.000000e+00
1.936210e-21 8.456507e-26 1.205927e-19 8.221579e-15 3.705765e-11 2.513602e-09 9.412107e-08 7.609354e-07 3.583367e-06 3.369183e-05 1.229430e-04 1.802758e-04 4.279696e-04 1.279499e-03 2.676380e-03 3.211262e-03 3.969585e-03 4.467853e-03 5.029065e-03 5.776331e-03 9.303731e-03 1.387144e-02 1.866596e-02 2.141892e-02 2.593892e-02 3.064105e-02 3.354592e-02 3.812579e-02 4.026648e-02 4.313498e-02 4.193337e-02 4.416517e-02 4.714362e-02 5.014627e-02 5.007294e-02 4.504457e-02 3.841887e-02 3.400978e-02 2.932858e-02 2.777310e-02 2.487712e-02 2.503597e-02 2.686388e-02 3.031867e-02 3.600642e-02 3.960309e-02 4.663017e-02 4.877301e-02 5.234435e-02 5.705192e-02 5.468193e-02 5.917455e-02 5.778422e-02 5.655539e-02 6.147577e-02 5.842121e-02 6.334560e-02 6.990970e-02 7.026374e-02 8.320491e-02 9.610183e-02 1.012588e-01 1.197897e-01 1.330330e-01 1.312880e-01 1.395159e-01 1.422360e-01 1.349051e-01 1.294900e-01 1.201661e-01 1.150532e-01 1.090944e-01 9.544948e-02 9.107865e-02 9.223758e-02 7.996931e-02 6.856294e-02 7.145941e-02 7.452610e-02 6.706787e-02 6.452732e-02 7.089514e-02 7.212277e-02 6.552574e-02 6.492782e-02 7.250636e-02 7.417516e-02 6.477956e-02 5.617098e-02 5.365894e-02 5.243589e-02 4.741296e-02 3.986485e-02 3.290413e-02 2.720728e-02 2.190219e-02 1.700477e-02 1.316902e-02 1.034981e-02 8.122819e-03 6.364161e-03 5.101143e-03 4.227737e-03 3.541868e-03 2.929840e-03 2.422377e-03 2.025387e-03 1.729410e-03 1.515034e-03 1.381065e-03 1.279426e-03 1.127885e-03 9.282029e-04 7.660533e-04 6.924836e-04 6.720157e-04 6.108700e-04 4.799036e-04 3.679247e-04 3.396349e-04 3.995044e-04 4.841539e-04 4.565049e-04 3.031418e-04 1.751866e-04 1.183527e-04 1.116484e-04 1.292583e-04 1.413367e-04 1.256540e-04 9.890282e-05 7.289761e-05 4.653441e-05 2.632310e-05 1.456059e-05 9.039141e-06 6.651856e-06 4.749892e-06 2.396390e-06 8.468750e-07 2.671167e-07 7.926297e-08 1.828869e-08 2.915175e-09 3.400369e-10 3.193465e-11 1.862124e-12 8.168364e-14 4.718491e-15 4.556290e-16 1.151043e-16 7.976020e-17 1.173846e-16 2.313860e-16 5.113705e-16 8.911839e-16 1.105046e-15 9.423704e-16 4.711151e-16 2.344450e-16 1.969894e-16 2.613215e-16 3.215757e-16 3.895267e-16 3.182176e-16 2.590383e-16 1.741610e-16 1.128684e-16 2.917159e-17 6.024217e-18 4.070370e-19 1.865320e-20 2.331029e-22 1.358354e-24 2.902213e-27 2.238706e-30 7.579988e-34 3.825259e-38 1.839905e-42 0.000000e+00 0.000000e+00 0.000000e+00 0.000000e+00 0.000000e+00 0.000000e+00
1.196881e-33 6.308346e-23 1.180360e-15 6.016370e-12 3.482996e-10 1.753041e-08 2.083246e-07 1.571706e-06 2.017076e-05 7.841357e-05 1.379370e-04 4.059694e-04 1.214783e-03 2.301483e-03 2.338689e-03 2.590896e-03 2.828818e-03 3.509255e-03 4.126713e-03 6.605820e-03 9.330973e-03 1.151317e-02 1.273063e-02 1.493451e-02 1.796560e-02 1.902128e-02 2.279610e-02 2.362139e-02 2.568687e-02 2.426361e-02 2.543242e-02 2.710632e-02 2.724448e-02 2.707301e-02 2.304077e-02 1.987889e-02 1.799042e-02 1.568545e-02 1.582529e-02 1.443073e-02 1.601737e-02 1.852016e-02 2.154230e-02 2.702375e-02 2.875329e-02 3.394509e-02 3.575667e-02 3.701640e-02 4.047016e-02 3.872066e-02 4.145327e-02 4.134338e-02 4.079054e-02 4.416895e-02 4.392954e-02 4.973140e-02 5.551686e-02 5.915729e-02 7.202606e-02 8.000864e-02 8.744539e-02 1.036572e-01 1.072554e-01 1.087559e-01 1.160050e-01 1.098342e-01 1.059759e-01 1.035396e-01 9.186802e-02 9.042550e-02 8.977897e-02 7.661394e-02 7.346445e-02 7.650839e-02 6.440110e-02 5.465593e-02 5.801085e-02 5.839422e-02 5.075091e-02 5.044661e-02 5.567348e-02 5.436496e-02 5.082417e-02 5.456737e-02 6.128796e-02 6.099099e-02 5.642897e-02 5.544507e-02 5.734809e-02 5.680471e-02 5.206581e-02 4.540030e-02 3.873407e-02 3.252778e-02 2.669809e-02 2.162989e-02 1.755547e-02 1.419433e-02 1.130172e-02 8.944828e-03 7.214067e-03 5.902710e-03 4.790213e-03 3.817865e-03 3.019500e-03 2.457025e-03 2.096236e-03 1.881195e-03 1.746311e-03 1.641898e-03 1.510102e-03 1.351607e-03 1.232330e-03 1.187017e-03 1.149754e-03 1.014137e-03 8.056572e-04 6.629382e-04 6.684262e-04 7.896638e-04 8.473605e-04 6.581013e-04 3.997149e-04 2.503555e-04 2.085535e-04 2.284851e-04 2.659043e-04 2.568217e-04 1.971213e-04 1.407799e-04 1.060885e-04 8.491900e-05 6.322672e-05 4.366726e-05 2.983260e-05 2.109970e-05 1.369315e-05 6.965335e-06 2.558742e-06 8.346677e-07 3.088564e-07 1.191523e-07 3.315334e-08 6.728357e-09 1.166013e-09 1.578844e-10 1.564598e-11 1.227586e-12 9.535810e-14 8.487587e-15 8.569287e-16 1.953818e-16 1.270712e-16 2.131117e-16 5.456071e-16 1.451248e-15 2.831990e-15 3.221480e-15 1.954107e-15 1.025941e-15 6.247160e-16 4.404336e-16 2.741912e-16 1.697132e-16 1.412469e-16 1.251134e-16 1.728355e-16 1.181629e-16 6.470618e-17 1.142281e-17 1.696205e-18 7.836055e-20 2.713208e-21 3.746677e-23 2.373843e-25 5.731940e-28 2.007608e-31 4.729214e-35 1.321396e-39 4.484155e-44 0.000000e+00 0.000000e+00 0.000000e+00 0.000000e+00 0.000000e+00
7.677182e-40 1.648990e-19 3.451810e-15 6.275599e-13 9.681229e-11 3.712478e-09 9.509279e-08 2.519751e-06 1.450805e-05 4.105645e-05 1.779924e-04 6.038163e-04 1.095707e-03 1.028805e-03 1.195126e-03 1.586597e-03 2.278165e-03 2.801888e-03 4.392473e-03 5.839440e-03 6.436720e-03 6.822803e-03 7.933444e-03 9.798399e-03 1.047562e-02 1.309909e-02 1.341313e-02 1.424825e-02 1.330581e-02 1.400604e-02 1.508172e-02 1.471399e-02 1.461693e-02 1.213373e-02 1.081688e-02 1.019091e-02 9.221557e-03 1.000450e-02 9.586588e-03 1.181841e-02 1.420977e-02 1.672839e-02 2.112035e-02 2.140732e-02 2.509218e-02 2.598649e-02 2.607969e-02 2.869170e-02 2.749010e-02 2.955958e-02 2.999199e-02 3.001932e-02 3.351033e-02 3.517121e-02 4.127993e-02 4.655885e-02 5.073224e-02 6.183723e-02 6.714800e-02 7.521030e-02 8.797565e-02 8.776391e-02 9.121232e-02 9.513822e-02 8.601458e-02 8.426679e-02 8.211578e-02 7.215752e-02 7.246327e-02 7.204212e-02 6.095759e-02 5.940558e-02 6.159291e-02 5.070278e-02 4.391143e-02 4.695617e-02 4.553230e-02 3.983945e-02 4.100224e-02 4.421005e-02 4.195095e-02 4.118466e-02 4.605785e-02 5.022053e-02 4.987580e-02 5.033805e-02 5.404677e-02 5.805421e-02 5.908901e-02 5.723428e-02 5.268244e-02 4.625620e-02 3.948725e-02 3.344760e-02 2.852807e-02 2.424545e-02 2.017415e-02 1.638381e-02 1.318699e-02 1.065217e-02 8.616818e-03 6.877451e-03 5.391906e-03 4.200416e-03 3.351044e-03 2.831703e-03 2.514119e-03 2.291661e-03 2.105710e-03 1.980075e-03 1.907554e-03 1.869636e-03 1.845604e-03 1.773329e-03 1.585735e-03 1.350747e-03 1.231117e-03 1.292932e-03 1.441380e-03 1.340533e-03 9.177026e-04 5.422302e-04 3.874823e-04 3.811257e-04 4.442684e-04 4.683045e-04 3.939028e-04 2.866129e-04 2.100957e-04 1.803851e-04 1.745131e-04 1.606481e-04 1.200904e-04 7.916997e-05 5.175927e-05 3.131339e-05 1.596233e-05 6.836139e-06 2.834645e-06 1.359754e-06 7.394993e-07 3.324815e-07 1.047880e-07 2.409058e-08 5.494900e-09 1.206900e-09 2.010007e-10 2.845500e-11 3.176679e-12 2.268803e-13 1.421347e-14 1.419606e-15 4.911768e-16 4.738227e-16 7.835632e-16 1.608938e-15 3.159133e-15 4.859104e-15 5.735959e-15 3.676331e-15 2.129757e-15 8.583034e-16 3.591391e-16 2.546411e-16 2.791678e-16 4.317067e-16 4.045476e-16 3.732205e-16 1.105133e-16 3.502639e-17 4.419315e-18 4.108030e-19 1.834727e-20 4.066590e-22 3.998661e-24 1.018485e-26 1.362663e-29 4.462824e-33 8.046806e-37 1.640780e-41 1.401298e-45 0.000000e+00 0.000000e+00 0.000000e+00 0.000000e+00
0.000000e+00 3.318275e-42 4.507645e-27 8.910900e-20 2.157609e-15 3.826869e-12 1.347094e-09 4.607071e-08 6.423217e-07 9.079358e-06 5.893481e-05 1.503016e-04 1.847543e-04 3.228164e-04 6.656126e-04 1.174263e-03 1.622120e-03 2.625455e-03 3.373447e-03 3.516241e-03 3.772025e-03 4.540870e-03 5.738243e-03 6.225743e-03 7.630368e-03 7.422542e-03 7.524691e-03 7.058437e-03 7.555243e-03 8.289155e-03 8.037567e-03 7.952749e-03 6.601509e-03 6.187775e-03 6.159400e-03 5.995573e-03 7.024003e-03 7.204731e-03 9.557649e-03 1.147908e-02 1.343044e-02 1.630081e-02 1.582171e-02 1.826202e-02 1.836531e-02 1.849042e-02 2.078694e-02 2.013026e-02 2.205113e-02 2.296997e-02 2.351035e-02 2.777396e-02 3.025370e-02 3.545374e-02 4.017487e-02 4.340030e-02 5.268482e-02 5.750288e-02 6.403370e-02 7.404099e-02 7.372365e-02 7.639728e-02 7.700059e-02 6.914530e-02 6.881632e-02 6.677493e-02 5.989618e-02 6.096281e-02 5.915651e-02 5.037688e-02 5.038282e-02 5.138209e-02 4.245877e-02 3.810872e-02 4.062796e-02 3.852887e-02 3.474811e-02 3.636122e-02 3.808053e-02 3.629996e-02 3.725860e-02 4.151955e-02 4.348380e-02 4.384071e-02 4.687860e-02 5.200626e-02 5.659043e-02 6.016551e-02 6.192463e-02 5.975193e-02 5.421304e-02 4.802520e-02 4.253843e-02 3.760438e-02 3.275082e-02 2.797430e-02 2.349122e-02 1.936799e-02 1.575955e-02 1.262237e-02 9.981016e-03 7.764902e-03 6.043104e-03 4.843880e-03 4.071742e-03 3.578797e-03 3.187129e-03 2.871041e-03 2.652108e-03 2.547710e-03 2.495422e-03 2.458287e-03 2.404166e-03 2.300397e-03 2.180884e-03 2.154982e-03 2.260391e-03 2.244264e-03 1.820640e-03 1.178950e-03 7.584512e-04 6.260499e-04 7.021218e-04 8.340573e-04 8.001451e-04 6.061754e-04 4.327190e-04 3.545188e-04 3.442430e-04 3.552112e-04 3.236797e-04 2.296234e-04 1.370110e-04 8.212240e-05 5.581783e-05 3.792963e-05 2.410978e-05 1.479013e-05 9.399566e-06 5.472583e-06 2.749084e-06 9.823041e-07 2.606119e-07 6.981193e-08 2.047553e-08 6.090741e-09 1.628999e-09 3.435402e-10 5.844106e-11 5.788566e-12 3.595415e-13 3.064993e-14 5.446164e-15 2.279843e-15 1.618515e-15 1.631126e-15 2.411729e-15 5.022600e-15 8.442019e-15 1.397413e-14 1.059553e-14 6.373953e-15 2.719072e-15 1.616729e-15 1.525405e-15 1.016526e-15 6.902920e-16 2.671545e-16 1.159456e-16 3.133814e-17 7.554546e-18 8.209149e-19 4.282921e-20 1.126737e-21 1.162259e-23 7.126634e-26 2.377372e-28 2.721783e-31 8.988582e-35 5.222641e-39 7.987401e-44 0.000000e+00 0.000000e+00 0.000000e+00 0.000000e+00
1.401298e-45 0.000000e+00 1.401298e-45 1.021890e-37 3.213414e-27 3.733471e-20 1.309109e-15 3.245347e-12 1.635005e-09 9.509267e-08 1.206054e-06 5.269761e-06 2.785248e-05 1.217618e-04 3.179792e-04 5.876549e-04 1.129334e-03 1.627032e-03 1.902513e-03 2.279768e-03 2.845332e-03 3.467469e-03 3.535553e-03 3.926222e-03 3.548173e-03 3.486315e-03 3.328016e-03 3.662723e-03 4.104703e-03 4.033541e-03 4.022563e-03 3.481428e-03 3.581980e-03 3.930474e-03 4.293654e-03 5.434659e-03 5.879036e-03 8.016713e-03 9.365798e-03 1.077510e-02 1.230678e-02 1.168623e-02 1.325282e-02 1.314963e-02 1.406352e-02 1.606396e-02 1.593692e-02 1.788315e-02 1.909650e-02 2.042907e-02 2.495838e-02 2.747191e-02 3.124170e-02 3.493612e-02 3.804820e-02 4.552087e-02 4.952272e-02 5.420990e-02 6.162253e-02 6.181250e-02 6.227220e-02 6.141322e-02 5.683988e-02 5.751879e-02 5.638311e-02 5.218478e-02 5.294925e-02 5.047540e-02 4.467154e-02 4.688632e-02 4.792310e-02 4.032908e-02 3.752385e-02 4.010519e-02 3.761625e-02 3.441953e-02 3.609568e-02 3.749941e-02 3.643114e-02 3.759640e-02 4.064104e-02 4.171149e-02 4.230145e-02 4.513400e-02 4.952050e-02 5.435713e-02 5.956767e-02 6.355768e-02 6.342459e-02 6.005430e-02 5.592714e-02 5.200111e-02 4.751771e-02 4.240567e-02 3.722845e-02 3.208243e-02 2.719010e-02 2.252244e-02 1.810577e-02 1.411621e-02 1.093999e-02 8.647968e-03 7.092349e-03 5.988231e-03 5.124955e-03 4.449725e-03 3.922691e-03 3.566563e-03 3.320060e-03 3.173377e-03 3.102258e-03 3.125916e-03 3.203946e-03 3.271385e-03 3.310316e-03 3.265795e-03 2.938331e-03 2.234733e-03 1.541623e-03 1.161781e-03 1.126203e-03 1.318928e-03 1.457165e-03 1.236661e-03 8.619245e-04 6.465287e-04 6.001070e-04 6.283883e-04 6.105842e-04 4.787438e-04 3.079686e-04 1.829615e-04 1.214496e-04 1.017882e-04 9.901568e-05 8.943866e-05 6.920259e-05 4.607244e-05 2.534999e-05 1.042640e-05 3.288737e-06 1.005594e-06 3.403979e-07 1.406513e-07 6.350520e-08 2.525242e-08 8.587607e-09 2.905837e-09 7.208837e-10 1.123494e-10 1.012990e-11 7.651208e-13 8.227579e-14 1.436725e-14 4.409959e-15 2.626995e-15 2.887276e-15 4.750879e-15 1.287001e-14 2.159757e-14 3.662566e-14 2.573598e-14 1.446434e-14 6.161249e-15 2.455640e-15 9.855903e-16 3.928087e-16 2.378672e-16 1.224226e-16 5.249397e-17 1.400819e-17 1.533896e-18 9.267303e-20 2.928485e-21 5.420756e-23 7.605501e-25 3.896640e-27 1.215991e-29 4.700350e-33 9.056954e-37 2.383048e-41 1.401298e-45 0.000000e+00 0.000000e+00 0.000000e+00
0.000000e+00 4.003885e-37 8.407791e-45 1.401298e-45 4.357758e-41 5.163777e-33 4.819789e-25 5.363115e-19 9.237585e-15 1.103801e-11 1.545122e-09 7.507116e-08 1.385678e-06 9.960539e-06 4.329931e-05 1.583764e-04 3.735776e-04 6.279289e-04 9.234937e-04 1.168043e-03 1.316186e-03 1.227431e-03 1.292926e-03 1.157178e-03 1.164424e-03 1.158263e-03 1.366299e-03 1.601704e-03 1.674224e-03 1.776639e-03 1.723760e-03 2.101087e-03 2.664367e-03 3.341560e-03 4.421699e-03 4.942298e-03 6.812348e-03 7.778082e-03 8.944476e-03 9.515060e-03 8.967688e-03 9.997698e-03 1.001231e-02 1.187106e-02 1.316827e-02 1.353527e-02 1.582356e-02 1.688582e-02 1.916090e-02 2.308748e-02 2.515807e-02 2.858285e-02 3.170735e-02 3.528188e-02 4.047141e-02 4.209155e-02 4.579135e-02 5.082785e-02 5.032673e-02 5.005200e-02 4.955943e-02 4.783573e-02 4.972437e-02 4.965930e-02 4.683353e-02 4.711382e-02 4.557899e-02 4.342460e-02 4.746037e-02 4.872154e-02 4.287470e-02 4.217169e-02 4.567345e-02 4.269757e-02 3.938410e-02 4.132236e-02 4.237294e-02 4.048382e-02 4.064061e-02 4.283064e-02 4.356010e-02 4.318933e-02 4.457962e-02 4.813053e-02 5.260248e-02 5.725776e-02 6.093640e-02 6.203214e-02 6.122805e-02 6.032014e-02 5.884524e-02 5.559598e-02 5.084671e-02 4.580541e-02 4.100336e-02 3.600414e-02 3.029722e-02 2.421518e-02 1.887420e-02 1.488568e-02 1.218974e-02 1.016667e-02 8.517708e-03 7.172725e-03 6.094219e-03 5.272724e-03 4.647167e-03 4.262308e-03 4.089270e-03 4.095841e-03 4.179609e-03 4.296319e-03 4.354927e-03 4.236099e-03 3.915032e-03 3.406334e-03 2.785280e-03 2.236751e-03 1.988621e-03 2.066169e-03 2.305048e-03 2.276619e-03 1.795717e-03 1.278030e-03 1.042986e-03 1.066510e-03 1.120428e-03 9.410753e-04 6.240804e-04 3.911112e-04 2.710111e-04 2.322076e-04 2.390218e-04 2.631002e-04 2.504206e-04 1.821297e-04 1.027838e-04 5.209793e-05 2.264121e-05 8.903811e-06 3.542851e-06 1.757452e-06 1.038472e-06 6.481845e-07 3.364927e-07 1.434576e-07 5.355616e-08 1.829887e-08 5.066919e-09 8.049816e-10 8.341031e-11 7.448184e-12 6.964193e-13 8.700233e-14 2.217958e-14 8.592229e-15 6.690152e-15 7.205094e-15 9.031448e-15 1.740804e-14 2.072571e-14 3.076103e-14 2.428335e-14 1.736935e-14 7.646049e-15 2.924630e-15 1.192574e-15 6.433864e-16 2.909370e-16 9.852418e-17 1.852195e-17 2.058073e-18 1.570815e-19 7.559646e-21 2.416249e-22 3.030277e-24 3.204559e-26 6.899398e-29 1.246062e-31 2.369168e-35 4.864756e-39 7.146622e-44 0.000000e+00 0.000000e+00 0.000000e+00
0.000000e+00 4.203895e-45 1.070345e-34 2.120628e-39 1.835701e-42 2.567566e-39 7.817964e-34 9.512616e-28 4.897023e-22 1.101426e-17 3.328514e-14 1.615118e-11 1.643648e-09 6.868512e-08 1.283519e-06 9.544271e-06 3.348234e-05 7.671252e-05 1.220717e-04 1.601453e-04 1.706745e-04 2.106848e-04 2.120011e-04 2.408759e-04 2.756674e-04 3.841583e-04 5.071372e-04 6.071909e-04 7.414367e-04 8.505770e-04 1.294935e-03 1.889368e-03 2.693463e-03 3.677275e-03 4.415641e-03 6.359900e-03 7.135982e-03 8.020412e-03 7.772756e-03 7.120383e-03 8.088795e-03 8.446511e-03 1.106726e-02 1.166348e-02 1.260434e-02 1.542460e-02 1.564123e-02 1.876821e-02 2.167329e-02 2.388583e-02 2.831596e-02 3.046652e-02 3.334916e-02 3.581995e-02 3.571460e-02 3.962960e-02 4.293440e-02 4.179131e-02 4.239426e-02 4.226891e-02 4.224103e-02 4.546690e-02 4.523237e-02 4.315444e-02 4.476022e-02 4.468189e-02 4.487957e-02 4.999360e-02 5.126483e-02 4.802508e-02 5.078291e-02 5.549554e-02 5.283762e-02 5.059619e-02 5.301057e-02 5.230932e-02 4.812426e-02 4.703858e-02 4.828745e-02 4.730750e-02 4.487488e-02 4.520867e-02 4.829477e-02 5.135262e-02 5.371984e-02 5.578066e-02 5.706597e-02 5.839698e-02 6.010478e-02 6.087303e-02 5.914960e-02 5.570731e-02 5.203338e-02 4.839272e-02 4.339550e-02 3.665831e-02 2.966118e-02 2.386853e-02 1.967222e-02 1.645847e-02 1.381756e-02 1.160028e-02 9.795725e-03 8.255274e-03 6.951645e-03 6.028210e-03 5.527767e-03 5.447249e-03 5.556914e-03 5.629211e-03 5.511271e-03 5.268735e-03 4.951267e-03 4.531630e-03 4.079605e-03 3.672562e-03 3.387317e-03 3.290011e-03 3.444483e-03 3.591765e-03 3.343953e-03 2.706530e-03 2.130776e-03 1.871655e-03 1.845830e-03 1.742647e-03 1.321006e-03 8.394942e-04 5.623403e-04 4.918654e-04 5.308430e-04 5.954680e-04 5.858541e-04 4.703730e-04 3.005891e-04 1.676589e-04 9.163007e-05 5.483015e-05 3.303816e-05 2.066099e-05 1.385831e-05 1.010649e-05 6.504686e-06 3.200928e-06 1.309834e-06 4.877054e-07 1.892685e-07 6.304323e-08 1.358739e-08 2.022413e-09 2.651242e-10 3.413346e-11 5.017420e-12 8.618235e-13 1.767195e-13 7.024370e-14 2.082061e-14 1.160248e-14 7.514752e-15 7.509657e-15 1.336677e-14 2.133299e-14 4.842528e-14 5.378634e-14 4.526039e-14 1.675608e-14 5.330769e-15 1.425273e-15 4.021668e-16 8.515327e-17 1.543854e-17 2.310011e-18 2.249901e-19 1.688219e-20 4.729777e-22 1.002057e-23 7.488517e-26 4.962318e-28 5.508055e-31 8.321213e-34 8.094279e-38 1.070872e-41 0.000000e+00 0.000000e+00 0.000000e+00
1.401298e-45 2.802597e-45 4.217908e-42 9.200386e-34 3.250356e-35 6.271321e-39 1.077344e-37 6.318176e-34 9.448944e-30 6.023675e-25 2.770045e-20 1.878524e-16 2.459036e-13 6.131148e-11 3.516907e-09 5.604535e-08 4.176717e-07 1.730218e-06 4.944220e-06 9.616454e-06 1.792728e-05 2.404749e-05 3.618539e-05 5.619701e-05 9.971259e-05 1.562166e-04 2.108746e-04 2.947702e-04 4.011865e-04 7.453675e-04 1.234882e-03 2.005771e-03 3.031806e-03 4.089636e-03 5.917039e-03 6.297793e-03 6.473748e-03 6.078538e-03 5.625046e-03 7.212785e-03 8.123345e-03 1.107122e-02 1.173375e-02 1.286540e-02 1.632379e-02 1.557839e-02 1.976225e-02 2.248473e-02 2.467090e-02 2.978740e-02 2.906015e-02 3.018691e-02 3.149850e-02 3.155261e-02 3.645361e-02 3.852545e-02 3.781834e-02 3.943083e-02 3.897881e-02 4.048754e-02 4.415312e-02 4.264667e-02 4.243215e-02 4.602627e-02 4.597841e-02 4.744298e-02 5.364230e-02 5.420392e-02 5.329420e-02 5.951392e-02 6.456357e-02 6.350771e-02 6.515654e-02 6.853589e-02 6.569605e-02 6.032359e-02 5.832931e-02 5.684192e-02 5.227915e-02 4.765781e-02 4.692366e-02 4.854867e-02 4.929398e-02 4.928449e-02 4.991480e-02 5.123323e-02 5.340715e-02 5.614275e-02 5.780946e-02 5.776154e-02 5.675372e-02 5.534115e-02 5.232500e-02 4.680777e-02 3.994382e-02 3.370217e-02 2.876459e-02 2.476370e-02 2.123232e-02 1.804112e-02 1.538150e-02 1.304895e-02 1.096440e-02 9.221802e-03 8.039817e-03 7.530573e-03 7.424663e-03 7.358475e-03 7.023894e-03 6.576588e-03 6.222578e-03 5.975794e-03 5.716781e-03 5.383768e-03 5.078024e-03 4.834829e-03 4.723198e-03 4.759308e-03 4.865090e-03 4.675765e-03 4.148959e-03 3.601614e-03 3.272665e-03 3.054568e-03 2.631165e-03 1.962487e-03 1.333342e-03 1.014019e-03 9.813632e-04 1.099588e-03 1.132585e-03 9.435900e-04 6.675472e-04 4.451749e-04 3.029979e-04 2.124361e-04 1.548564e-04 1.177241e-04 8.897324e-05 6.467305e-05 4.842379e-05 3.192775e-05 1.689489e-05 6.999257e-06 2.873439e-06 1.321208e-06 5.695794e-07 1.820490e-07 3.904672e-08 6.365791e-09 1.057207e-09 2.103652e-10 3.367151e-11 6.694429e-12 1.585612e-12 3.757318e-13 1.215403e-13 2.881367e-14 1.730541e-14 1.310216e-14 1.730160e-14 3.182744e-14 4.850316e-14 7.434646e-14 5.721667e-14 3.604793e-14 1.238928e-14 4.331327e-15 1.010016e-15 2.131029e-16 4.338382e-17 6.737658e-18 7.714088e-19 4.516664e-20 1.762620e-21 3.017354e-23 4.634694e-25 1.441184e-27 6.795962e-30 3.118407e-33 2.276226e-36 9.537097e-41 8.407791e-45 0.000000e+00 0.000000e+00
0.000000e+00 5.338947e-43 1.481313e-41 3.006698e-38 2.528391e-31 1.477551e-30 1.473802e-33 1.659973e-35 3.528829e-34 1.601363e-30 3.517862e-26 5.407345e-22 2.063413e-18 2.265329e-15 5.633735e-13 4.011501e-11 1.148160e-09 1.485613e-08 9.063439e-08 3.671717e-07 9.435432e-07 2.451871e-06 6.060304e-06 1.370731e-05 2.473792e-05 3.711824e-05 6.397237e-05 1.156257e-04 2.627997e-04 5.216303e-04 9.978913e-04 1.756045e-03 2.574379e-03 3.554248e-03 3.774815e-03 3.838705e-03 4.327219e-03 4.552407e-03 6.761701e-03 8.360334e-03 1.089871e-02 1.238679e-02 1.315033e-02 1.725551e-02 1.661890e-02 2.133846e-02 2.469875e-02 2.530441e-02 2.963195e-02 2.588154e-02 2.584374e-02 2.895204e-02 2.999553e-02 3.529737e-02 3.722601e-02 3.705321e-02 3.926682e-02 3.845892e-02 4.122193e-02 4.465321e-02 4.252803e-02 4.498855e-02 4.885622e-02 4.749478e-02 5.075612e-02 5.703099e-02 5.647240e-02 5.788724e-02 6.525034e-02 6.910624e-02 7.048003e-02 7.569160e-02 7.981210e-02 7.757245e-02 7.360146e-02 7.134452e-02 6.686965e-02 5.894011e-02 5.239322e-02 4.986403e-02 4.903216e-02 4.688855e-02 4.460495e-02 4.416363e-02 4.544064e-02 4.749741e-02 4.972066e-02 5.187953e-02 5.368057e-02 5.486372e-02 5.443722e-02 5.171599e-02 4.701559e-02 4.182024e-02 3.707507e-02 3.304883e-02 2.956195e-02 2.631012e-02 2.316995e-02 2.012546e-02 1.733693e-02 1.476473e-02 1.262559e-02 1.113746e-02 1.025785e-02 9.655770e-03 8.898018e-03 8.105608e-03 7.541765e-03 7.381582e-03 7.448859e-03 7.438055e-03 7.182785e-03 6.719825e-03 6.293284e-03 6.044179e-03 6.062335e-03 6.239743e-03 6.344283e-03 5.973507e-03 5.309880e-03 4.774662e-03 4.392270e-03 3.889743e-03 3.115851e-03 2.394547e-03 1.965979e-03 1.849777e-03 1.874853e-03 1.697067e-03 1.284253e-03 9.356370e-04 7.593571e-04 6.500379e-04 5.320194e-04 3.948195e-04 2.821421e-04 2.063715e-04 1.636011e-04 1.269195e-04 1.001943e-04 7.087345e-05 4.272850e-05 2.330829e-05 1.290999e-05 6.651464e-06 2.749432e-06 7.957521e-07 1.676049e-07 3.397754e-08 6.151586e-09 8.840887e-10 1.299479e-10 1.956300e-11 6.334553e-12 2.408470e-12 8.837599e-13 3.640201e-13 1.434792e-13 8.851533e-14 5.117539e-14 3.852730e-14 3.283963e-14 3.567967e-14 4.653277e-14 5.390897e-14 5.717511e-14 2.895064e-14 8.204456e-15 1.105240e-15 1.369635e-16 1.452310e-17 1.203623e-18 7.473108e-20 2.539565e-21 6.708042e-23 5.339011e-25 5.912201e-27 9.098640e-30 2.570455e-32 3.777662e-36 1.060458e-39 7.286752e-44 0.000000e+00 0.000000e+00
1.401298e-45 1.821688e-44 8.968815e-40 5.881866e-40 9.523314e-37 2.306480e-30 2.931496e-28 1.437256e-29 4.262930e-31 3.691585e-31 1.754715e-29 1.202766e-26 2.583105e-23 3.084336e-20 1.612799e-17 3.447708e-15 2.952678e-13 9.259434e-12 1.433959e-10 1.240885e-09 8.366689e-09 4.355692e-08 1.632892e-07 4.751560e-07 1.141657e-06 3.254718e-06 9.717581e-06 3.059535e-05 8.270764e-05 2.042133e-04 4.338887e-04 7.272605e-04 1.077634e-03 1.427192e-03 1.904029e-03 2.803294e-03 3.486207e-03 5.662098e-03 7.643436e-03 9.337707e-03 1.153057e-02 1.211667e-02 1.615212e-02 1.655415e-02 2.018532e-02 2.371820e-02 2.261971e-02 2.501606e-02 2.127621e-02 2.277693e-02 2.846138e-02 2.964908e-02 3.476459e-02 3.736506e-02 3.712472e-02 3.913883e-02 3.893974e-02 4.258991e-02 4.635685e-02 4.538225e-02 4.925492e-02 5.183633e-02 4.994278e-02 5.510865e-02 6.066288e-02 5.915539e-02 6.200439e-02 6.824482e-02 7.007528e-02 7.305915e-02 7.925410e-02 8.312882e-02 8.279589e-02 8.099953e-02 7.905999e-02 7.407273e-02 6.542289e-02 5.803683e-02 5.416094e-02 5.079324e-02 4.562985e-02 4.124354e-02 3.993682e-02 4.058502e-02 4.152778e-02 4.289930e-02 4.542695e-02 4.843886e-02 5.027536e-02 5.029544e-02 4.888532e-02 4.648617e-02 4.321004e-02 3.978704e-02 3.690178e-02 3.459595e-02 3.218272e-02 2.929976e-02 2.622735e-02 2.315164e-02 2.018834e-02 1.739425e-02 1.514896e-02 1.339953e-02 1.185404e-02 1.045418e-02 9.343274e-03 8.817813e-03 8.768783e-03 8.883801e-03 8.747381e-03 8.295502e-03 7.834087e-03 7.645728e-03 7.841816e-03 8.220335e-03 8.447524e-03 8.156053e-03 7.372928e-03 6.416838e-03 5.793807e-03 5.614548e-03 5.442871e-03 4.915703e-03 4.136011e-03 3.497055e-03 3.135950e-03 2.879407e-03 2.498559e-03 1.959774e-03 1.499624e-03 1.272402e-03 1.177857e-03 9.904974e-04 7.032193e-04 4.803740e-04 3.723589e-04 3.337329e-04 3.245942e-04 2.984813e-04 2.450598e-04 1.809210e-04 1.195784e-04 7.184398e-05 4.047996e-05 1.911138e-05 6.664233e-06 1.969814e-06 5.187430e-07 1.140889e-07 2.097168e-08 2.573798e-09 2.953356e-10 6.323245e-11 2.384223e-11 1.793506e-11 1.048933e-11 5.385406e-12 2.031622e-12 5.413867e-13 1.540006e-13 5.201289e-14 3.592691e-14 3.450666e-14 6.051388e-14 9.665744e-14 1.068162e-13 5.660475e-14 1.066294e-14 1.442073e-15 1.238273e-16 1.229696e-17 8.176523e-19 4.695229e-20 2.077193e-21 4.183408e-23 1.273437e-24 8.620551e-27 8.908539e-29 5.095745e-32 4.909784e-35 5.434223e-39 1.888950e-42 1.401298e-45 0.000000e+00
0.000000e+00 2.942727e-44 1.971487e-41 1.054812e-36 8.946012e-36 4.244696e-35 1.044917e-30 8.116876e-27 6.817359e-26 3.384309e-26 2.021274e-26 4.271878e-26 2.926386e-25 8.666363e-24 7.201767e-22 7.423132e-20 5.465788e-18 2.899811e-16 1.196909e-14 3.807385e-13 7.275545e-12 7.769698e-11 6.068515e-10 3.955240e-09 2.558522e-08 1.472122e-07 7.858437e-07 3.518900e-06 1.336552e-05 4.132782e-05 1.001011e-04 2.129155e-04 4.406850e-04 8.449086e-04 1.518549e-03 2.315914e-03 4.018942e-03 5.847862e-03 7.108533e-03 9.197525e-03 9.998973e-03 1.298716e-02 1.394402e-02 1.577285e-02 1.860915e-02 1.773482e-02 1.917634e-02 1.814540e-02 2.164214e-02 2.781413e-02 2.905528e-02 3.455113e-02 3.698375e-02 3.623565e-02 3.800457e-02 3.923781e-02 4.429491e-02 4.862427e-02 4.950424e-02 5.351266e-02 5.512693e-02 5.544708e-02 6.186417e-02 6.605594e-02 6.436730e-02 6.689756e-02 7.109521e-02 7.173747e-02 7.445919e-02 7.981012e-02 8.280518e-02 8.262120e-02 8.147438e-02 8.035564e-02 7.584327e-02 6.785215e-02 6.175184e-02 5.822134e-02 5.305757e-02 4.602475e-02 4.097775e-02 3.909191e-02 3.837360e-02 3.768833e-02 3.817842e-02 4.036727e-02 4.302681e-02 4.469975e-02 4.556496e-02 4.617941e-02 4.580628e-02 4.401742e-02 4.183608e-02 4.045938e-02 3.959364e-02 3.824715e-02 3.595237e-02 3.302974e-02 2.975230e-02 2.616318e-02 2.273859e-02 1.966643e-02 1.704203e-02 1.469006e-02 1.265491e-02 1.120195e-02 1.034211e-02 9.960279e-03 9.590516e-03 9.065279e-03 8.593891e-03 8.563135e-03 9.166001e-03 1.014513e-02 1.085563e-02 1.064790e-02 9.651661e-03 8.418564e-03 7.481046e-03 7.059562e-03 7.090103e-03 7.150530e-03 6.635019e-03 5.711415e-03 4.923671e-03 4.495606e-03 4.233304e-03 3.820534e-03 3.146492e-03 2.453071e-03 1.994276e-03 1.719009e-03 1.428101e-03 1.090158e-03 8.486239e-04 7.710645e-04 8.187044e-04 8.846904e-04 8.196901e-04 6.220413e-04 4.172899e-04 2.709367e-04 1.690058e-04 1.053764e-04 5.837416e-05 2.964582e-05 1.248757e-05 4.492794e-06 1.441601e-06 3.678838e-07 6.790756e-08 1.091506e-08 1.649550e-09 3.811875e-10 1.476381e-10 7.185789e-11 4.641425e-11 2.297183e-11 9.635779e-12 2.530098e-12 6.021863e-13 2.112224e-13 1.010429e-13 7.829130e-14 5.445149e-14 4.832692e-14 2.885273e-14 1.291405e-14 5.359965e-15 1.212795e-15 3.019559e-16 2.459269e-17 1.714114e-18 7.238230e-20 3.142036e-21 1.586587e-22 3.787594e-24 9.334082e-26 1.861384e-28 4.729934e-31 1.162567e-34 7.192131e-38 9.186913e-42 2.802597e-45 0.000000e+00
1.401298e-45 2.298129e-43 2.304309e-40 3.428009e-38 1.836907e-36 3.577857e-35 6.865628e-31 8.059668e-26 8.311817e-23 4.515996e-22 7.163904e-23 2.402383e-24 1.935907e-25 1.047849e-25 3.073210e-25 3.679848e-24 1.350364e-22 9.876209e-21 7.548274e-19 3.832140e-17 1.301124e-15 3.769971e-14 9.389412e-13 2.079878e-11 3.434949e-10 4.070391e-09 3.658180e-08 2.655505e-07 1.635138e-06 7.093270e-06 2.507054e-05 8.645626e-05 2.670874e-04 6.476535e-04 1.307586e-03 2.548459e-03 4.045474e-03 5.278323e-03 6.909008e-03 7.921538e-03 9.488904e-03 1.048184e-02 1.143275e-02 1.399822e-02 1.424687e-02 1.521433e-02 1.616854e-02 2.005986e-02 2.601954e-02 2.828166e-02 3.359650e-02 3.527043e-02 3.414894e-02 3.651448e-02 3.956208e-02 4.505143e-02 4.996275e-02 5.240478e-02 5.587577e-02 5.865946e-02 6.263913e-02 6.885643e-02 7.197785e-02 7.159568e-02 7.317910e-02 7.625532e-02 7.728033e-02 7.869517e-02 8.169716e-02 8.344959e-02 8.193313e-02 7.944941e-02 7.838609e-02 7.413037e-02 6.662374e-02 6.239153e-02 6.031601e-02 5.488148e-02 4.823914e-02 4.462452e-02 4.283402e-02 4.030482e-02 3.787575e-02 3.751819e-02 3.885470e-02 4.005522e-02 4.095626e-02 4.249746e-02 4.431212e-02 4.487171e-02 4.399018e-02 4.319182e-02 4.346715e-02 4.402655e-02 4.333409e-02 4.110837e-02 3.813517e-02 3.490209e-02 3.139064e-02 2.769607e-02 2.436657e-02 2.137258e-02 1.857613e-02 1.586908e-02 1.355543e-02 1.196912e-02 1.086878e-02 9.993436e-03 9.229132e-03 8.954603e-03 9.456541e-03 1.061066e-02 1.176126e-02 1.209037e-02 1.153710e-02 1.066852e-02 1.000296e-02 9.564883e-03 9.258289e-03 9.013082e-03 8.583018e-03 7.677258e-03 6.482075e-03 5.757265e-03 5.711876e-03 5.945056e-03 5.742927e-03 4.935807e-03 3.948733e-03 3.124791e-03 2.617619e-03 2.312513e-03 2.015144e-03 1.729933e-03 1.659701e-03 1.809564e-03 1.904789e-03 1.651639e-03 1.154687e-03 7.247326e-04 4.636219e-04 3.440391e-04 2.507722e-04 1.761743e-04 1.129285e-04 6.431685e-05 3.155402e-05 1.251933e-05 3.804359e-06 9.501603e-07 2.094354e-07 4.415756e-08 9.099720e-09 1.591113e-09 3.112238e-10 7.623426e-11 3.491717e-11 2.797254e-11 2.155027e-11 1.266757e-11 4.790976e-12 1.664305e-12 4.709975e-13 1.245804e-13 4.295150e-14 1.791859e-14 1.185093e-14 1.016388e-14 7.477441e-15 5.390028e-15 8.978425e-16 9.673181e-17 2.815402e-18 1.307231e-19 5.668488e-21 2.360547e-22 6.778747e-24 4.150640e-26 1.965778e-28 1.962078e-31 2.914677e-34 5.415095e-38 1.736629e-41 4.203895e-45 1.401298e-45
0.000000e+00 8.547921e-44 5.074943e-40 2.121521e-39 1.564201e-35 5.315535e-30 3.190790e-29 1.814489e-28 4.734013e-26 7.211977e-24 6.040068e-23 3.652051e-23 3.345355e-24 1.305566e-25 1.811354e-26 2.147577e-26 1.612101e-25 3.148976e-24 1.098100e-22 5.685415e-21 4.118387e-19 3.100180e-17 1.898907e-15 7.760018e-14 2.325846e-12 5.752481e-11 1.105032e-09 1.592140e-08 1.489144e-07 1.134265e-06 8.226226e-06 5.068999e-05 1.857792e-04 5.198700e-04 1.257184e-03 2.371515e-03 3.676926e-03 4.772097e-03 5.831352e-03 6.640319e-03 8.098804e-03 9.471588e-03 1.195901e-02 1.291273e-02 1.305622e-02 1.537063e-02 1.945977e-02 2.500938e-02 2.815248e-02 3.140783e-02 3.219132e-02 3.142994e-02 3.430506e-02 3.861962e-02 4.340029e-02 4.882874e-02 5.248951e-02 5.489802e-02 6.022969e-02 6.693373e-02 7.109035e-02 7.495358e-02 7.692431e-02 7.752848e-02 8.195232e-02 8.496924e-02 8.464109e-02 8.650254e-02 8.769129e-02 8.392053e-02 7.979776e-02 7.839113e-02 7.404397e-02 6.673962e-02 6.383150e-02 6.328438e-02 5.853579e-02 5.338901e-02 5.179010e-02 5.041565e-02 4.679134e-02 4.355790e-02 4.264598e-02 4.258273e-02 4.170080e-02 4.105861e-02 4.207531e-02 4.381103e-02 4.439105e-02 4.393802e-02 4.426660e-02 4.603893e-02 4.746131e-02 4.644765e-02 4.349645e-02 4.047721e-02 3.792370e-02 3.521695e-02 3.211293e-02 2.900625e-02 2.612415e-02 2.287235e-02 1.938399e-02 1.623521e-02 1.384629e-02 1.214502e-02 1.077165e-02 9.862119e-03 9.613437e-03 1.011224e-02 1.099313e-02 1.163691e-02 1.180423e-02 1.179534e-02 1.200158e-02 1.227225e-02 1.216563e-02 1.147616e-02 1.050736e-02 9.516419e-03 8.494148e-03 7.560689e-03 6.977870e-03 6.967791e-03 7.255897e-03 7.240260e-03 6.534419e-03 5.477611e-03 4.683947e-03 4.239879e-03 3.966368e-03 3.644564e-03 3.235338e-03 2.873837e-03 2.778168e-03 2.759108e-03 2.332695e-03 1.634512e-03 1.039391e-03 7.198300e-04 5.627342e-04 4.907423e-04 4.051225e-04 2.799398e-04 1.734948e-04 9.489780e-05 4.418087e-05 1.609903e-05 4.732426e-06 1.241451e-06 3.301683e-07 8.271115e-08 1.665825e-08 2.364101e-09 3.002062e-10 6.744590e-11 3.355643e-11 4.351218e-11 5.585069e-11 5.239286e-11 2.751308e-11 8.274452e-12 1.946003e-12 3.271763e-13 1.026756e-13 4.479346e-14 3.019934e-14 2.013017e-14 1.263538e-14 3.118323e-15 5.497544e-16 3.137912e-17 2.464177e-18 1.120928e-19 5.517990e-21 1.296613e-22 1.805815e-24 2.065648e-26 1.092736e-28 7.027432e-31 5.394965e-34 2.896789e-37 5.295787e-41 3.222986e-44 1.401298e-45
1.401298e-45 4.287973e-43 3.321077e-43 9.915142e-39 1.179803e-34 2.001659e-32 1.463147e-29 8.911091e-28 3.725242e-27 6.819234e-26 6.104777e-24 1.557636e-22 2.741317e-22 8.001977e-23 6.256645e-24 4.371360e-25 6.343266e-26 5.469408e-26 3.417992e-25 9.128123e-24 4.167536e-22 2.233076e-20 1.387448e-18 8.965623e-17 5.899569e-15 3.090226e-13 1.296720e-11 3.573309e-10 7.942827e-09 1.550234e-07 1.996855e-06 1.309751e-05 6.419769e-05 2.579890e-04 7.075335e-04 1.502251e-03 2.051604e-03 3.035914e-03 3.958510e-03 5.769606e-03 7.786075e-03 9.922088e-03 1.256293e-02 1.281360e-02 1.696779e-02 2.127116e-02 2.494986e-02 2.809836e-02 2.792062e-02 2.826154e-02 2.838430e-02 3.104127e-02 3.612277e-02 4.096799e-02 4.634433e-02 4.945105e-02 5.118481e-02 5.843761e-02 6.548146e-02 6.818418e-02 7.420754e-02 7.720135e-02 7.730766e-02 8.536912e-02 9.085374e-02 9.025105e-02 9.482088e-02 9.649613e-02 9.065928e-02 8.695323e-02 8.555416e-02 8.041671e-02 7.390223e-02 7.220069e-02 7.209761e-02 6.783107e-02 6.379273e-02 6.311786e-02 6.184365e-02 5.827159e-02 5.531497e-02 5.389665e-02 5.197304e-02 4.858815e-02 4.574201e-02 4.505341e-02 4.549813e-02 4.516496e-02 4.440315e-02 4.519846e-02 4.761675e-02 4.893230e-02 4.712864e-02 4.396052e-02 4.171403e-02 4.039696e-02 3.866262e-02 3.607893e-02 3.316807e-02 3.008773e-02 2.667467e-02 2.288003e-02 1.941902e-02 1.656432e-02 1.421095e-02 1.230256e-02 1.087146e-02 1.020684e-02 1.025174e-02 1.072790e-02 1.127700e-02 1.182800e-02 1.257962e-02 1.337734e-02 1.368484e-02 1.308133e-02 1.197450e-02 1.101609e-02 1.050533e-02 1.024736e-02 9.861889e-03 9.337343e-03 8.958734e-03 8.779864e-03 8.260024e-03 7.274835e-03 6.480738e-03 6.167427e-03 6.158920e-03 6.074004e-03 5.684021e-03 4.988166e-03 4.307204e-03 3.920319e-03 3.696101e-03 3.252001e-03 2.294749e-03 1.465097e-03 1.012909e-03 8.113038e-04 7.198274e-04 6.150105e-04 4.748986e-04 3.020986e-04 1.765228e-04 9.564868e-05 4.492931e-05 1.737790e-05 5.766594e-06 1.701163e-06 4.877401e-07 1.244612e-07 2.386633e-08 4.004833e-09 6.591154e-10 1.861681e-10 1.022297e-10 8.052629e-11 8.113653e-11 5.470818e-11 3.973191e-11 2.082902e-11 7.529092e-12 2.638924e-12 7.332335e-13 2.681028e-13 6.120713e-14 1.593785e-14 2.909074e-15 6.994897e-16 1.269798e-16 3.382195e-17 4.827647e-18 4.668023e-19 1.376343e-20 2.596020e-22 4.246545e-24 6.793873e-26 1.151045e-27 3.525431e-30 4.164572e-33 1.003371e-36 3.706925e-40 2.970753e-43 1.401298e-45
1.401298e-45 1.401298e-45 9.598894e-43 4.619881e-34 4.186166e-29 4.846148e-27 1.794399e-26 1.427603e-25 3.251062e-25 1.975477e-25 4.076265e-25 7.669265e-24 2.501459e-22 1.442881e-21 1.117772e-21 1.298654e-22 1.090959e-23 1.669435e-24 8.054334e-25 1.221693e-24 6.651055e-24 1.011321e-22 2.936972e-21 1.530575e-19 1.039914e-17 9.170205e-16 6.811049e-14 4.401514e-12 2.005351e-10 6.087155e-09 9.669175e-08 1.097997e-06 9.378740e-06 4.811023e-05 1.591997e-04 2.962243e-04 6.849400e-04 1.253371e-03 2.272898e-03 4.149329e-03 6.118096e-03 9.810627e-03 1.063864e-02 1.517161e-02 1.959577e-02 2.126671e-02 2.519478e-02 2.320749e-02 2.418196e-02 2.589883e-02 2.845681e-02 3.580694e-02 4.140062e-02 4.555822e-02 4.790769e-02 5.002107e-02 5.835617e-02 6.350487e-02 6.546891e-02 7.230570e-02 7.336416e-02 7.544684e-02 8.794829e-02 9.392701e-02 9.542593e-02 1.047439e-01 1.065907e-01 1.010403e-01 1.002970e-01 9.866668e-02 9.306882e-02 8.840546e-02 8.720382e-02 8.703037e-02 8.402489e-02 8.040490e-02 7.944494e-02 7.898330e-02 7.587172e-02 7.206713e-02 6.933771e-02 6.557847e-02 5.978912e-02 5.472335e-02 5.231200e-02 5.082983e-02 4.808991e-02 4.546550e-02 4.556892e-02 4.787016e-02 4.875125e-02 4.664546e-02 4.408510e-02 4.311780e-02 4.305404e-02 4.207981e-02 3.962483e-02 3.666800e-02 3.382538e-02 3.078821e-02 2.739788e-02 2.377813e-02 2.045834e-02 1.739579e-02 1.458280e-02 1.238828e-02 1.106225e-02 1.074865e-02 1.111714e-02 1.179234e-02 1.251088e-02 1.314625e-02 1.354463e-02 1.336202e-02 1.265563e-02 1.201331e-02 1.210996e-02 1.288546e-02 1.349496e-02 1.312760e-02 1.201418e-02 1.100085e-02 1.036489e-02 9.718114e-03 8.593882e-03 7.313556e-03 6.750408e-03 6.927642e-03 7.259636e-03 7.074610e-03 6.514871e-03 5.960408e-03 5.513794e-03 5.137251e-03 4.314904e-03 3.006780e-03 1.851484e-03 1.268270e-03 1.108925e-03 1.044221e-03 9.519032e-04 7.400002e-04 4.828314e-04 2.852189e-04 1.653942e-04 9.055432e-05 4.317184e-05 1.632661e-05 5.670515e-06 1.900095e-06 5.459411e-07 1.397304e-07 3.015876e-08 5.620764e-09 1.318051e-09 3.138568e-10 1.207569e-10 5.026468e-11 3.022144e-11 2.882579e-11 3.283258e-11 4.665954e-11 3.724194e-11 1.767006e-11 4.898392e-12 7.025201e-13 9.011018e-14 1.168580e-14 3.018128e-15 9.854103e-16 4.825154e-16 1.564549e-16 2.431923e-17 1.384921e-18 3.951106e-20 8.184707e-22 1.437580e-23 2.685244e-25 1.489139e-27 3.547883e-30 1.780468e-33 7.674268e-37 5.010371e-40 2.017870e-43 1.401298e-45
0.000000e+00 3.192817e-36 2.072675e-27 4.974382e-32 8.434359e-37 3.157584e-37 1.718978e-36 8.152916e-36 1.130481e-34 7.039800e-34 2.379162e-33 6.825776e-32 8.332225e-30 8.817458e-28 2.059746e-26 1.972655e-25 4.829848e-25 5.493241e-25 4.767498e-25 5.700573e-25 1.143045e-24 4.678298e-24 5.136456e-23 1.327563e-21 7.718873e-20 5.634337e-18 4.988468e-16 3.848177e-14 2.319031e-12 8.769469e-11 2.330171e-09 4.561193e-08 5.651137e-07 3.464847e-06 1.377564e-05 5.720679e-05 1.771896e-04 5.078449e-04 1.428328e-03 2.668077e-03 4.928487e-03 6.079543e-03 9.241071e-03 1.331202e-02 1.475906e-02 1.921663e-02 1.788902e-02 1.946713e-02 2.336269e-02 2.595890e-02 3.502585e-02 4.028471e-02 4.269279e-02 4.739975e-02 5.085494e-02 5.793761e-02 6.062226e-02 6.138752e-02 6.672569e-02 6.657116e-02 7.176029e-02 8.580922e-02 8.940265e-02 9.349000e-02 1.055634e-01 1.060402e-01 1.031503e-01 1.068958e-01 1.056706e-01 1.019730e-01 1.007732e-01 1.003783e-01 1.025080e-01 1.027710e-01 9.919805e-02 9.989094e-02 1.025703e-01 9.791944e-02 9.082711e-02 8.781075e-02 8.365201e-02 7.504445e-02 6.749922e-02 6.380660e-02 5.976478e-02 5.307599e-02 4.798137e-02 4.759615e-02 4.956836e-02 4.913295e-02 4.623666e-02 4.448048e-02 4.513162e-02 4.628267e-02 4.559753e-02 4.337275e-02 4.130353e-02 3.965309e-02 3.716928e-02 3.339077e-02 2.940216e-02 2.568629e-02 2.214563e-02 1.857685e-02 1.557346e-02 1.382525e-02 1.319366e-02 1.319254e-02 1.316588e-02 1.299896e-02 1.290369e-02 1.288780e-02 1.281647e-02 1.273954e-02 1.316822e-02 1.437731e-02 1.576276e-02 1.597743e-02 1.470561e-02 1.317053e-02 1.244329e-02 1.251909e-02 1.223182e-02 1.060606e-02 8.512714e-03 7.118628e-03 6.834337e-03 7.107863e-03 7.386035e-03 7.369007e-03 7.226486e-03 7.002121e-03 6.287897e-03 4.942914e-03 3.429194e-03 2.253167e-03 1.657273e-03 1.495093e-03 1.582695e-03 1.489232e-03 1.088218e-03 6.638234e-04 3.606722e-04 1.887456e-04 1.038845e-04 5.292418e-05 2.310085e-05 9.395534e-06 3.618544e-06 1.417877e-06 4.821883e-07 1.209759e-07 2.748044e-08 5.276121e-09 1.010985e-09 2.389811e-10 5.964333e-11 3.153739e-11 2.352324e-11 3.767628e-11 6.487989e-11 8.640146e-11 7.455744e-11 3.449030e-11 1.056527e-11 1.787217e-12 2.729773e-13 5.298059e-14 1.406832e-14 3.659871e-15 7.857893e-16 8.352671e-17 7.832476e-18 4.359089e-19 2.812431e-20 8.134428e-22 1.768837e-23 1.345001e-25 6.478609e-28 1.064659e-30 1.397192e-33 1.811212e-36 6.960824e-40 1.338240e-42 1.401298e-45
1.667545e-43 1.401298e-45 0.000000e+00 0.000000e+00 0.000000e+00 0.000000e+00 0.000000e+00 0.000000e+00 1.401298e-45 1.401298e-45 1.401298e-45 5.745324e-44 1.673010e-41 1.778351e-38 1.662270e-35 2.800138e-33 2.652380e-31 1.073639e-29 1.724683e-28 1.424749e-27 9.848624e-27 1.017650e-25 1.804214e-24 5.139673e-23 1.526214e-21 7.397876e-20 4.647980e-18 3.423128e-16 2.111458e-14 1.212487e-12 5.799256e-11 1.582309e-09 2.314889e-08 2.379676e-07 2.251514e-06 1.494589e-05 8.041535e-05 3.259261e-04 8.385939e-04 1.785826e-03 2.840678e-03 4.753599e-03 7.624855e-03 9.162512e-03 1.179399e-02 1.173277e-02 1.329348e-02 1.761387e-02 1.990346e-02 2.673685e-02 3.124965e-02 3.258298e-02 3.832922e-02 4.200669e-02 4.572187e-02 4.903506e-02 5.065753e-02 5.424980e-02 5.569741e-02 6.183847e-02 7.166398e-02 7.345454e-02 7.869051e-02 8.875078e-02 8.833990e-02 8.904391e-02 9.669216e-02 9.841558e-02 9.838958e-02 1.020922e-01 1.055228e-01 1.115572e-01 1.158550e-01 1.151555e-01 1.201012e-01 1.258284e-01 1.188988e-01 1.104336e-01 1.096914e-01 1.054008e-01 9.239908e-02 8.197439e-02 7.709334e-02 7.038756e-02 6.049132e-02 5.415149e-02 5.395503e-02 5.506681e-02 5.241960e-02 4.848370e-02 4.748894e-02 4.946866e-02 5.127632e-02 5.102859e-02 4.999891e-02 4.943170e-02 4.821911e-02 4.502858e-02 4.067325e-02 3.692092e-02 3.396141e-02 3.047450e-02 2.641521e-02 2.267345e-02 2.006326e-02 1.844438e-02 1.689047e-02 1.519249e-02 1.371733e-02 1.292181e-02 1.281423e-02 1.308370e-02 1.362537e-02 1.454680e-02 1.579240e-02 1.655894e-02 1.608156e-02 1.488640e-02 1.430965e-02 1.493419e-02 1.572534e-02 1.486134e-02 1.212313e-02 9.212463e-03 7.622444e-03 7.363874e-03 7.858217e-03 8.000127e-03 7.606595e-03 7.249898e-03 6.978710e-03 6.276774e-03 5.080498e-03 3.740516e-03 2.773268e-03 2.243944e-03 2.123932e-03 2.177573e-03 1.971595e-03 1.376354e-03 7.842768e-04 4.272187e-04 2.346008e-04 1.259971e-04 6.564451e-05 3.263712e-05 1.434862e-05 6.514766e-06 3.048150e-06 1.296389e-06 4.489199e-07 1.173761e-07 2.356960e-08 4.637068e-09 7.554125e-10 1.730811e-10 5.769810e-11 3.448843e-11 4.162060e-11 5.221024e-11 6.149296e-11 4.509432e-11 3.062902e-11 2.195901e-11 1.278859e-11 5.732824e-12 1.470560e-12 2.870826e-13 3.213759e-14 2.823014e-15 1.719925e-16 2.150711e-17 2.340867e-18 5.901039e-19 4.304260e-20 2.348481e-21 3.331745e-23 3.811437e-25 1.539797e-27 4.788882e-30 1.023678e-32 6.294607e-36 6.372661e-39 1.838504e-42 2.662467e-44
0.000000e+00 0.000000e+00 0.000000e+00 0.000000e+00 0.000000e+00 0.000000e+00 0.000000e+00 0.000000e+00 0.000000e+00 0.000000e+00 1.401298e-45 1.401298e-45 1.401298e-45 1.401298e-45 1.387285e-43 2.662972e-40 7.436867e-38 9.851909e-36 1.137489e-33 1.267762e-31 1.091830e-29 5.064778e-28 1.898049e-26 5.521899e-25 2.571402e-23 1.319819e-21 8.103064e-20 4.421213e-18 3.134170e-16 2.055900e-14 1.170634e-12 4.187427e-11 1.127312e-09 2.682846e-08 3.960060e-07 4.142989e-06 2.754691e-05 1.217288e-04 3.520227e-04 7.849253e-04 1.617246e-03 3.156279e-03 4.461279e-03 5.459644e-03 6.264444e-03 7.490751e-03 1.059605e-02 1.302867e-02 1.714728e-02 2.107537e-02 2.165861e-02 2.557882e-02 2.891812e-02 3.110438e-02 3.585130e-02 3.878207e-02 4.093348e-02 4.455014e-02 4.999496e-02 5.500988e-02 5.699547e-02 6.133504e-02 6.653244e-02 6.691736e-02 7.038707e-02 7.949145e-02 8.394726e-02 8.673470e-02 9.509403e-02 1.032317e-01 1.105814e-01 1.184974e-01 1.238794e-01 1.316341e-01 1.383092e-01 1.335868e-01 1.282549e-01 1.301185e-01 1.246012e-01 1.075656e-01 9.472549e-02 8.919083e-02 8.140820e-02 7.047080e-02 6.409580e-02 6.457580e-02 6.545912e-02 6.128103e-02 5.640938e-02 5.597625e-02 5.890851e-02 6.096561e-02 6.083117e-02 6.048679e-02 6.053122e-02 5.938320e-02 5.618718e-02 5.246520e-02 4.977018e-02 4.750029e-02 4.403912e-02 3.895976e-02 3.396913e-02 2.984870e-02 2.620405e-02 2.261222e-02 1.916927e-02 1.663962e-02 1.516194e-02 1.441254e-02 1.404121e-02 1.399710e-02 1.448730e-02 1.530623e-02 1.581017e-02 1.574908e-02 1.584597e-02 1.681516e-02 1.827352e-02 1.851800e-02 1.614868e-02 1.245203e-02 9.814093e-03 8.936739e-03 9.491920e-03 1.023074e-02 9.865787e-03 8.286209e-03 6.776209e-03 5.997334e-03 5.615163e-03 4.946867e-03 4.102546e-03 3.436558e-03 3.132821e-03 3.048823e-03 2.883897e-03 2.409044e-03 1.636338e-03 9.434168e-04 5.493466e-04 3.482518e-04 2.166881e-04 1.236360e-04 6.172749e-05 2.926448e-05 1.323848e-05 6.162332e-06 2.933376e-06 1.167958e-06 3.581683e-07 8.893485e-08 1.722588e-08 2.983036e-09 5.323225e-10 1.070124e-10 3.981134e-11 2.038883e-11 1.809961e-11 1.761349e-11 1.587632e-11 1.397773e-11 1.530109e-11 2.208454e-11 2.564986e-11 1.807083e-11 5.837780e-12 9.385506e-13 7.734490e-14 4.742674e-15 5.536342e-16 7.847922e-17 2.301688e-17 1.909688e-18 1.532376e-19 3.333118e-21 8.801413e-23 7.590604e-25 4.304965e-27 9.942452e-30 1.058835e-32 8.110747e-36 1.873975e-39 5.771948e-42 8.407791e-45
0.000000e+00 0.000000e+00 0.000000e+00 0.000000e+00 0.000000e+00 0.000000e+00 0.000000e+00 0.000000e+00 0.000000e+00 0.000000e+00 1.401298e-45 1.401298e-45 1.401298e-45 1.401298e-45 1.401298e-45 1.401298e-44 1.459592e-41 6.642073e-39 2.356955e-36 4.280911e-34 3.595118e-32 2.868802e-30 1.317279e-28 8.583867e-27 5.429722e-25 4.788309e-23 3.293783e-21 2.930608e-19 2.970100e-17 2.252284e-15 9.659117e-14 4.416907e-12 1.805103e-10 4.511047e-09 8.887483e-08 1.013249e-06 7.732361e-06 3.434537e-05 1.225950e-04 3.866846e-04 9.877381e-04 1.741785e-03 2.325313e-03 3.358112e-03 4.451143e-03 6.854262e-03 9.441497e-03 1.201191e-02 1.544076e-02 1.595636e-02 1.871625e-02 2.220441e-02 2.404206e-02 2.895354e-02 3.200649e-02 3.356186e-02 3.855051e-02 4.267629e-02 4.482666e-02 4.703516e-02 4.905720e-02 5.031789e-02 5.117702e-02 5.503871e-02 6.234328e-02 6.691834e-02 7.176678e-02 8.361147e-02 9.449465e-02 1.016472e-01 1.121280e-01 1.209678e-01 1.269678e-01 1.349630e-01 1.377365e-01 1.367311e-01 1.395206e-01 1.343974e-01 1.162021e-01 1.031554e-01 9.929544e-02 9.182378e-02 7.940451e-02 7.426258e-02 7.847837e-02 8.144429e-02 7.631382e-02 7.096394e-02 7.212652e-02 7.672124e-02 7.835288e-02 7.669870e-02 7.550342e-02 7.585943e-02 7.576894e-02 7.408360e-02 7.203294e-02 7.040628e-02 6.749599e-02 6.198129e-02 5.522359e-02 4.896040e-02 4.375645e-02 3.854177e-02 3.291963e-02 2.762344e-02 2.312741e-02 1.972735e-02 1.721588e-02 1.552466e-02 1.478213e-02 1.497017e-02 1.575217e-02 1.654890e-02 1.722040e-02 1.823194e-02 1.989710e-02 2.128120e-02 2.049896e-02 1.735977e-02 1.403734e-02 1.221943e-02 1.227659e-02 1.340854e-02 1.394647e-02 1.225785e-02 9.407817e-03 7.202012e-03 6.166503e-03 5.769895e-03 5.306738e-03 4.582967e-03 4.021057e-03 3.848810e-03 3.796540e-03 3.529343e-03 2.874619e-03 1.999746e-03 1.264123e-03 8.076479e-04 5.671014e-04 4.189553e-04 2.611101e-04 1.402315e-04 6.969563e-05 3.243614e-05 1.520664e-05 6.890695e-06 2.912351e-06 1.059480e-06 2.939500e-07 6.861411e-08 1.502403e-08 2.743432e-09 5.574172e-10 1.196902e-10 3.337645e-11 1.379835e-11 7.626918e-12 8.708043e-12 1.167592e-11 2.096076e-11 3.516353e-11 4.882752e-11 4.788191e-11 2.637545e-11 1.339735e-11 3.206869e-12 5.670560e-13 6.391042e-14 6.812904e-15 6.881088e-16 2.601526e-17 1.159305e-18 2.851067e-20 1.469908e-21 3.097156e-23 4.275177e-25 2.080408e-27 6.146461e-30 9.002994e-33 4.765019e-36 6.608909e-39 4.185679e-42 1.022948e-43
1.401298e-45 0.000000e+00 0.000000e+00 0.000000e+00 0.000000e+00 0.000000e+00 0.000000e+00 0.000000e+00 0.000000e+00 0.000000e+00 1.401298e-45 1.401298e-45 1.401298e-45 1.401298e-45 1.401298e-45 1.121039e-44 5.032063e-42 1.937163e-39 3.648453e-37 5.176056e-35 5.413145e-33 2.066754e-31 1.658958e-29 1.384669e-27 1.559085e-25 1.195337e-23 1.167018e-21 8.793614e-20 5.937631e-18 3.025831e-16 1.955587e-14 1.050859e-12 3.587579e-11 1.070803e-09 1.746623e-08 2.123254e-07 1.599304e-06 1.017109e-05 5.244962e-05 1.805876e-04 4.412200e-04 7.870197e-04 1.635678e-03 2.835134e-03 5.058685e-03 7.727267e-03 9.694036e-03 1.314994e-02 1.402356e-02 1.663595e-02 2.045212e-02 2.146485e-02 2.591570e-02 2.857747e-02 2.966546e-02 3.503270e-02 3.721845e-02 3.752189e-02 3.943796e-02 3.867009e-02 3.779167e-02 3.901220e-02 4.177546e-02 4.642070e-02 5.121918e-02 5.797132e-02 7.010140e-02 8.076186e-02 8.784861e-02 9.862598e-02 1.071048e-01 1.108957e-01 1.197065e-01 1.267656e-01 1.265727e-01 1.290268e-01 1.269057e-01 1.127082e-01 1.034987e-01 1.029286e-01 9.596119e-02 8.503230e-02 8.563331e-02 9.553847e-02 9.864666e-02 9.277488e-02 9.140740e-02 9.851939e-02 1.053225e-01 1.039515e-01 9.875914e-02 9.702345e-02 9.906359e-02 1.005270e-01 9.932122e-02 9.725562e-02 9.534574e-02 9.193011e-02 8.554041e-02 7.779033e-02 7.106192e-02 6.502102e-02 5.842025e-02 5.022170e-02 4.125484e-02 3.322180e-02 2.688086e-02 2.263037e-02 2.018195e-02 1.916884e-02 1.912163e-02 1.943018e-02 1.973046e-02 2.019992e-02 2.133368e-02 2.304685e-02 2.409342e-02 2.303858e-02 2.027055e-02 1.759243e-02 1.648127e-02 1.716691e-02 1.842812e-02 1.764668e-02 1.432580e-02 1.065569e-02 8.462622e-03 7.751375e-03 7.567481e-03 6.812104e-03 5.320725e-03 4.189965e-03 3.790554e-03 3.867334e-03 3.723615e-03 3.112050e-03 2.332983e-03 1.691842e-03 1.242148e-03 9.807727e-04 7.589522e-04 5.404832e-04 3.336944e-04 1.843101e-04 1.046880e-04 5.558317e-05 2.530583e-05 1.080476e-05 4.093623e-06 1.333705e-06 4.235501e-07 1.095875e-07 2.818444e-08 6.768237e-09 1.414102e-09 3.403297e-10 7.360137e-11 1.938807e-11 8.501736e-12 6.932246e-12 1.320866e-11 2.220159e-11 3.609657e-11 3.295748e-11 2.296017e-11 1.810804e-11 1.192510e-11 7.804992e-12 1.806990e-12 2.576666e-13 1.430595e-14 4.212222e-16 1.190419e-17 3.840879e-19 3.200932e-20 1.549032e-21 5.165539e-23 7.346433e-25 7.754481e-27 3.596841e-29 6.566558e-32 6.414352e-35 2.544935e-38 8.339688e-41 1.359260e-43
5.046076e-42 1.401298e-45 1.401298e-45 1.401298e-45 0.000000e+00 1.401298e-45 0.000000e+00 0.000000e+00 1.401298e-45 1.401298e-45 1.401298e-45 1.401298e-45 2.802597e-45 4.358038e-43 7.082162e-42 8.863213e-42 8.948972e-41 7.648371e-39 1.605576e-36 3.665748e-34 4.202851e-32 6.894640e-30 5.696693e-28 3.802334e-26 1.240337e-24 5.141091e-23 2.503883e-21 1.092927e-19 4.484525e-18 2.294263e-16 1.267208e-14 5.031589e-13 1.583734e-11 3.141334e-10 5.325602e-09 5.770445e-08 5.016839e-07 3.782393e-06 1.811037e-05 6.119309e-05 1.601983e-04 5.136994e-04 1.341181e-03 3.114939e-03 5.858127e-03 8.211800e-03 1.190613e-02 1.324930e-02 1.584452e-02 1.978370e-02 2.029011e-02 2.400874e-02 2.597727e-02 2.630188e-02 3.096265e-02 3.180962e-02 3.163039e-02 3.324813e-02 3.099945e-02 2.972349e-02 3.134520e-02 3.299912e-02 3.660732e-02 4.224645e-02 4.850730e-02 5.767669e-02 6.661492e-02 7.290359e-02 8.240631e-02 9.019827e-02 9.256845e-02 9.897391e-02 1.047434e-01 1.035062e-01 1.049694e-01 1.059818e-01 9.911525e-02 9.520972e-02 9.747245e-02 9.493431e-02 9.126546e-02 9.756044e-02 1.078573e-01 1.095315e-01 1.083611e-01 1.157049e-01 1.284968e-01 1.346561e-01 1.307247e-01 1.262603e-01 1.279560e-01 1.320973e-01 1.314446e-01 1.262789e-01 1.232354e-01 1.247005e-01 1.256684e-01 1.205146e-01 1.105419e-01 1.012385e-01 9.384976e-02 8.480410e-02 7.281976e-02 5.974307e-02 4.865924e-02 4.079538e-02 3.526435e-02 3.137787e-02 2.851209e-02 2.638630e-02 2.494520e-02 2.420531e-02 2.436876e-02 2.555460e-02 2.725844e-02 2.798155e-02 2.651741e-02 2.356901e-02 2.129293e-02 2.114636e-02 2.286421e-02 2.396319e-02 2.175831e-02 1.698407e-02 1.299152e-02 1.116253e-02 1.082212e-02 1.043590e-02 8.627645e-03 6.283910e-03 4.618665e-03 4.059456e-03 4.033325e-03 3.901426e-03 3.276025e-03 2.629115e-03 2.150936e-03 1.907296e-03 1.679307e-03 1.432505e-03 1.161794e-03 8.264933e-04 5.405713e-04 3.405433e-04 1.992063e-04 1.020403e-04 4.396815e-05 1.680345e-05 6.794413e-06 2.424282e-06 7.823027e-07 2.464729e-07 6.323558e-08 1.764381e-08 4.455400e-09 9.652925e-10 2.071672e-10 3.582512e-11 8.899879e-12 4.905662e-12 5.059331e-12 8.830564e-12 1.129047e-11 1.504893e-11 1.425255e-11 1.431240e-11 1.317140e-11 6.978256e-12 2.531848e-12 3.388098e-13 2.998174e-14 1.520988e-15 7.762491e-17 5.354670e-18 2.713601e-19 8.605611e-21 1.723532e-22 3.109627e-24 3.039874e-26 1.325987e-28 1.326964e-31 6.406572e-35 4.048830e-38 2.482400e-41 2.522337e-43
1.232401e-35 1.514378e-37 6.475339e-39 4.196656e-39 1.788477e-41 1.771241e-42 7.310154e-41 1.967423e-42 3.186553e-42 1.002503e-40 8.070008e-40 5.094519e-40 5.036673e-40 2.554716e-39 2.100197e-38 2.327983e-37 2.963563e-36 7.593045e-35 2.673450e-33 7.459983e-32 4.973134e-30 4.999024e-28 3.842549e-26 1.035804e-24 3.460095e-23 1.070627e-21 2.076992e-20 5.568981e-19 2.058363e-17 1.001546e-15 3.806994e-14 1.179979e-12 2.731626e-11 4.727042e-10 5.663324e-09 5.713755e-08 5.153861e-07 2.829987e-06 1.146873e-05 4.213224e-05 1.789492e-04 6.164262e-04 1.736297e-03 3.842706e-03 6.033593e-03 9.066321e-03 1.080553e-02 1.349955e-02 1.722027e-02 1.817034e-02 2.163155e-02 2.368857e-02 2.436931e-02 2.870122e-02 2.927136e-02 2.920099e-02 3.024988e-02 2.766632e-02 2.707637e-02 2.891316e-02 2.978657e-02 3.281676e-02 3.755378e-02 4.141147e-02 4.791161e-02 5.512141e-02 5.942411e-02 6.609084e-02 7.234807e-02 7.371439e-02 7.785638e-02 8.220951e-02 8.057906e-02 8.113714e-02 8.446078e-02 8.320677e-02 8.347891e-02 8.931606e-02 9.328608e-02 9.517927e-02 1.019323e-01 1.101079e-01 1.138818e-01 1.190898e-01 1.311547e-01 1.439330e-01 1.490312e-01 1.495113e-01 1.539926e-01 1.624957e-01 1.657468e-01 1.587629e-01 1.507605e-01 1.523503e-01 1.619852e-01 1.667794e-01 1.580962e-01 1.436309e-01 1.328987e-01 1.252387e-01 1.147293e-01 9.975561e-02 8.509041e-02 7.314998e-02 6.331261e-02 5.467805e-02 4.686534e-02 4.065053e-02 3.620851e-02 3.346463e-02 3.226984e-02 3.239646e-02 3.329136e-02 3.363333e-02 3.214981e-02 2.905702e-02 2.627042e-02 2.546449e-02 2.725337e-02 3.032095e-02 3.108015e-02 2.698033e-02 2.096812e-02 1.674250e-02 1.502882e-02 1.446067e-02 1.285745e-02 9.870238e-03 6.964959e-03 5.447459e-03 5.037155e-03 5.146268e-03 4.754091e-03 3.743528e-03 2.721920e-03 2.273489e-03 2.140941e-03 2.103915e-03 2.040034e-03 1.869365e-03 1.629921e-03 1.282029e-03 8.470612e-04 4.956707e-04 2.681047e-04 1.220120e-04 5.424555e-05 2.415548e-05 1.039872e-05 4.232278e-06 1.306600e-06 3.898141e-07 1.249076e-07 4.104982e-08 1.485402e-08 4.201663e-09 8.356572e-10 1.469388e-10 2.277178e-11 7.448573e-12 5.062999e-12 6.680401e-12 1.215632e-11 2.040200e-11 3.242356e-11 3.193069e-11 2.365154e-11 1.181700e-11 3.994556e-12 1.213551e-12 2.101655e-13 2.219013e-14 1.116949e-15 3.158517e-17 5.153482e-19 7.611513e-21 1.219114e-22 1.632621e-24 1.316131e-26 2.353358e-29 3.496482e-32 1.939921e-35 1.481887e-38 2.847298e-41 1.022948e-43
2.672625e-31 6.625485e-31 4.959007e-33 4.141370e-33 1.036832e-32 1.736071e-34 3.701746e-35 4.577430e-33 2.617271e-34 5.665051e-36 5.284018e-35 3.673730e-33 9.264763e-33 5.930156e-33 1.763621e-32 3.095326e-31 3.177102e-30 7.671647e-30 8.644749e-30 5.974372e-29 1.151462e-27 3.012107e-26 1.768303e-24 1.424875e-22 7.455651e-21 1.510233e-19 2.912278e-18 8.062588e-17 2.068158e-15 3.835335e-14 5.304042e-13 7.960728e-12 9.358599e-11 9.209472e-10 8.123125e-09 7.103721e-08 4.421070e-07 2.161346e-06 1.068780e-05 5.434876e-05 2.329146e-04 7.338264e-04 1.736084e-03 2.971015e-03 4.677488e-03 6.254068e-03 8.420783e-03 1.148529e-02 1.365748e-02 1.768397e-02 2.109327e-02 2.314775e-02 2.766738e-02 2.847849e-02 2.842107e-02 2.936714e-02 2.750969e-02 2.764880e-02 2.882927e-02 2.876284e-02 3.105698e-02 3.412541e-02 3.630883e-02 4.085650e-02 4.526015e-02 4.709432e-02 5.141741e-02 5.637955e-02 5.761900e-02 6.025599e-02 6.356769e-02 6.303645e-02 6.437873e-02 6.882214e-02 7.053168e-02 7.322854e-02 8.092890e-02 8.716511e-02 9.087667e-02 9.797195e-02 1.070858e-01 1.136698e-01 1.206200e-01 1.307274e-01 1.404025e-01 1.476377e-01 1.565774e-01 1.689946e-01 1.784088e-01 1.780921e-01 1.728223e-01 1.741062e-01 1.855729e-01 1.968446e-01 1.939998e-01 1.795619e-01 1.675282e-01 1.630968e-01 1.591099e-01 1.477870e-01 1.312880e-01 1.151832e-01 1.011923e-01 8.743898e-02 7.438785e-02 6.410889e-02 5.679893e-02 5.192438e-02 4.849435e-02 4.601981e-02 4.419640e-02 4.214340e-02 3.902036e-02 3.514699e-02 3.207347e-02 3.112692e-02 3.291896e-02 3.673682e-02 3.963657e-02 3.759371e-02 3.103144e-02 2.434103e-02 2.043500e-02 1.889076e-02 1.756125e-02 1.470860e-02 1.086218e-02 8.087307e-03 6.883663e-03 6.938018e-03 7.094025e-03 6.199206e-03 4.358508e-03 2.945882e-03 2.272295e-03 2.171190e-03 2.337026e-03 2.506637e-03 2.632087e-03 2.644249e-03 2.237335e-03 1.530302e-03 9.148681e-04 5.118023e-04 3.036155e-04 1.750497e-04 9.169037e-05 4.996165e-05 2.319069e-05 8.844780e-06 3.289284e-06 1.225042e-06 6.019529e-07 3.176004e-07 1.305437e-07 3.744339e-08 6.283037e-09 7.225220e-10 8.871700e-11 1.464083e-11 7.135450e-12 6.255337e-12 1.077655e-11 1.952116e-11 3.211924e-11 3.810231e-11 2.708461e-11 1.309260e-11 5.138031e-12 1.616481e-12 3.631019e-13 3.241993e-14 1.300084e-15 2.682176e-17 4.994163e-19 7.425008e-21 1.118283e-22 1.440537e-24 7.218656e-27 4.576592e-29 7.524170e-32 1.623183e-34 1.438143e-37 2.453674e-40 1.434930e-42
3.794665e-26 2.032384e-27 3.308488e-27 3.999613e-29 1.537161e-28 2.878461e-28 3.027487e-29 1.119322e-29 2.850100e-28 9.968726e-28 1.574771e-27 1.412251e-27 1.257074e-27 3.538157e-28 4.096181e-28 2.323274e-27 1.339753e-26 7.674460e-26 4.972111e-25 4.147230e-24 1.822192e-23 7.825286e-23 6.227936e-22 1.842673e-20 4.457077e-19 1.617695e-17 9.263851e-16 2.714252e-14 3.783884e-13 2.885658e-12 2.088195e-11 1.059612e-10 6.395254e-10 4.351536e-09 2.982263e-08 1.655428e-07 7.034627e-07 3.670761e-06 1.856033e-05 8.058947e-05 2.478697e-04 5.841754e-04 1.111204e-03 1.823565e-03 2.778238e-03 4.186140e-03 6.360949e-03 8.815410e-03 1.239300e-02 1.624312e-02 1.927582e-02 2.354350e-02 2.526802e-02 2.605196e-02 2.779024e-02 2.696320e-02 2.720252e-02 2.856698e-02 2.903914e-02 3.111751e-02 3.312698e-02 3.414940e-02 3.695116e-02 3.973827e-02 4.085359e-02 4.378447e-02 4.696900e-02 4.696659e-02 4.850309e-02 5.272589e-02 5.452258e-02 5.612153e-02 6.035525e-02 6.340642e-02 6.681058e-02 7.387497e-02 8.030790e-02 8.530509e-02 9.382435e-02 1.035974e-01 1.101488e-01 1.156404e-01 1.231896e-01 1.319138e-01 1.414978e-01 1.522990e-01 1.624247e-01 1.692583e-01 1.737314e-01 1.802519e-01 1.914308e-01 2.039499e-01 2.078496e-01 1.992838e-01 1.885554e-01 1.862955e-01 1.907196e-01 1.907409e-01 1.790418e-01 1.607485e-01 1.426707e-01 1.254250e-01 1.095854e-01 9.659855e-02 8.751415e-02 8.120474e-02 7.473128e-02 6.763174e-02 6.082581e-02 5.499114e-02 4.973716e-02 4.482732e-02 4.115981e-02 3.980920e-02 4.111432e-02 4.412512e-02 4.657778e-02 4.548776e-02 4.004574e-02 3.284495e-02 2.731080e-02 2.444781e-02 2.295251e-02 2.050954e-02 1.628236e-02 1.218492e-02 9.743918e-03 9.196258e-03 9.531289e-03 9.124144e-03 7.112902e-03 4.812602e-03 3.323277e-03 2.780561e-03 2.898522e-03 3.247689e-03 3.447425e-03 3.446883e-03 3.236806e-03 2.727930e-03 2.057034e-03 1.416165e-03 1.049353e-03 8.718148e-04 6.765856e-04 4.696765e-04 2.728534e-04 1.363324e-04 6.594290e-05 2.880974e-05 1.431221e-05 9.417139e-06 5.694964e-06 2.815081e-06 7.979152e-07 1.154171e-07 1.243246e-08 9.101624e-10 7.312010e-11 9.861878e-12 3.622058e-12 3.592455e-12 5.271966e-12 9.838502e-12 1.683646e-11 2.299514e-11 1.929484e-11 9.846220e-12 3.854179e-12 1.289508e-12 2.906672e-13 3.841411e-14 3.147899e-15 1.862559e-16 5.185714e-18 8.449706e-20 1.016859e-21 8.867779e-24 1.087213e-25 4.329820e-28 1.880593e-30 1.228143e-33 1.039072e-36 6.213750e-40 2.072520e-42
5.948462e-23 2.413167e-23 5.126687e-24 1.860204e-23 3.271030e-25 1.755720e-24 6.982257e-24 1.196846e-24 1.903041e-25 6.032148e-24 6.519644e-24 3.831780e-24 4.732286e-24 1.215932e-22 9.992105e-22 5.567699e-22 3.423761e-22 2.808967e-21 9.340076e-20 3.324780e-19 4.033077e-19 2.992595e-19 8.579093e-19 4.205824e-18 9.740048e-17 4.558622e-15 1.320756e-13 2.749796e-12 2.542674e-11 1.722381e-10 6.802505e-10 2.804727e-09 1.180183e-08 4.869151e-08 1.913935e-07 6.479722e-07 3.061198e-06 1.260384e-05 4.405524e-05 1.182710e-04 2.535555e-04 4.894381e-04 8.060441e-04 1.345520e-03 2.133870e-03 3.293159e-03 4.880465e-03 7.082060e-03 9.989017e-03 1.272227e-02 1.626627e-02 1.892381e-02 2.064285e-02 2.340770e-02 2.442917e-02 2.661170e-02 3.050283e-02 3.175128e-02 3.328377e-02 3.528957e-02 3.624166e-02 3.925209e-02 4.224084e-02 4.189760e-02 4.292509e-02 4.521198e-02 4.528270e-02 4.832228e-02 5.442369e-02 5.532824e-02 5.510502e-02 5.992340e-02 6.427374e-02 6.722783e-02 7.391099e-02 8.130469e-02 8.651858e-02 9.349974e-02 1.014655e-01 1.076655e-01 1.139260e-01 1.218876e-01 1.306549e-01 1.383687e-01 1.438690e-01 1.486024e-01 1.559099e-01 1.664783e-01 1.775737e-01 1.887839e-01 1.993605e-01 2.035167e-01 1.995816e-01 1.965447e-01 2.019506e-01 2.111313e-01 2.119395e-01 1.999161e-01 1.824304e-01 1.663380e-01 1.520666e-01 1.380889e-01 1.264155e-01 1.168357e-01 1.067939e-01 9.492940e-02 8.254404e-02 7.242052e-02 6.487478e-02 5.886526e-02 5.406063e-02 5.098552e-02 5.013614e-02 5.081336e-02 5.139392e-02 5.012876e-02 4.632859e-02 4.074250e-02 3.527363e-02 3.134827e-02 2.885045e-02 2.619409e-02 2.200863e-02 1.710561e-02 1.329217e-02 1.156119e-02 1.138742e-02 1.137633e-02 9.926273e-03 7.292546e-03 5.048225e-03 3.993765e-03 4.046297e-03 4.731308e-03 5.342773e-03 5.035141e-03 4.074787e-03 3.228017e-03 2.850963e-03 2.572576e-03 2.363552e-03 2.339647e-03 2.358996e-03 2.228722e-03 1.694604e-03 9.541988e-04 5.051612e-04 2.778235e-04 1.561800e-04 1.045727e-04 7.368156e-05 5.210359e-05 2.691015e-05 6.692625e-06 9.807102e-07 9.962768e-08 8.657572e-09 8.560503e-10 7.288549e-11 1.249205e-11 4.997381e-12 5.931043e-12 9.194286e-12 1.378742e-11 1.913499e-11 2.295753e-11 2.278417e-11 1.665344e-11 9.172892e-12 3.947209e-12 1.018738e-12 2.222002e-13 3.365975e-14 2.530866e-15 6.539365e-17 8.749493e-19 7.742734e-21 8.964015e-23 3.234381e-25 1.234875e-27 8.349681e-31 6.166867e-34 1.463307e-37 1.364556e-40 3.335090e-43
3.680474e-20 1.660977e-20 1.165409e-20 1.831288e-20 4.894485e-20 2.268980e-20 2.787253e-20 2.686726e-19 2.140339e-18 1.306796e-18 1.416790e-18 1.169233e-18 8.722694e-19 1.820513e-18 3.820839e-18 8.402815e-18 1.425176e-17 4.504491e-17 8.737151e-17 4.617961e-16 2.073746e-15 1.034289e-14 1.456515e-14 3.350289e-14 1.838046e-13 1.004412e-12 7.849396e-12 5.398106e-11 5.641607e-10 4.390094e-09 2.753951e-08 1.267171e-07 4.159718e-07 1.190263e-06 2.956491e-06 9.930370e-06 2.694656e-05 6.035466e-05 1.178968e-04 1.962978e-04 3.381085e-04 5.225508e-04 8.292295e-04 1.241973e-03 1.801810e-03 2.623924e-03 3.677939e-03 5.233924e-03 6.894043e-03 9.271530e-03 1.169606e-02 1.384007e-02 1.769233e-02 2.086714e-02 2.520323e-02 3.076933e-02 3.246878e-02 3.576583e-02 4.007044e-02 4.132304e-02 4.455094e-02 4.628933e-02 4.407824e-02 4.666969e-02 5.146057e-02 5.247249e-02 5.615899e-02 6.043058e-02 5.818574e-02 5.861908e-02 6.594326e-02 7.020325e-02 7.171880e-02 7.906637e-02 8.753549e-02 9.126570e-02 9.636407e-02 1.046461e-01 1.121615e-01 1.187234e-01 1.254245e-01 1.319439e-01 1.368159e-01 1.390772e-01 1.424904e-01 1.499793e-01 1.581576e-01 1.645124e-01 1.737233e-01 1.878182e-01 1.986152e-01 2.007183e-01 2.019634e-01 2.100626e-01 2.201705e-01 2.211064e-01 2.113177e-01 1.988639e-01 1.882647e-01 1.777960e-01 1.661287e-01 1.534416e-01 1.400826e-01 1.246878e-01 1.085702e-01 9.516747e-02 8.526996e-02 7.782071e-02 7.075109e-02 6.390917e-02 5.878526e-02 5.626717e-02 5.551204e-02 5.461577e-02 5.223532e-02 4.831351e-02 4.368170e-02 3.913834e-02 3.515811e-02 3.144527e-02 2.711402e-02 2.200704e-02 1.732122e-02 1.439284e-02 1.331569e-02 1.323081e-02 1.250817e-02 1.028597e-02 7.616953e-03 5.965126e-03 5.728466e-03 6.528523e-03 7.692761e-03 7.694505e-03 6.263921e-03 4.617776e-03 3.862270e-03 3.748050e-03 3.924550e-03 4.077162e-03 4.290967e-03 4.673919e-03 4.672360e-03 3.610769e-03 2.246496e-03 1.324732e-03 8.612711e-04 7.278181e-04 6.239449e-04 4.887008e-04 3.519994e-04 1.709900e-04 4.862370e-05 8.074466e-06 9.220861e-07 1.208266e-07 1.599918e-08 2.206252e-09 2.714478e-10 3.409454e-11 1.024780e-11 6.593501e-12 7.947596e-12 9.713604e-12 1.125354e-11 1.606000e-11 2.024732e-11 2.619536e-11 1.986897e-11 8.635316e-12 2.169675e-12 3.807013e-13 4.935238e-14 3.143210e-15 1.125109e-16 2.037644e-18 3.238136e-20 1.181297e-22 3.609072e-25 3.432107e-28 5.005637e-31 2.428875e-34 2.055288e-37 1.666578e-40 1.062184e-42
8.040665e-20 3.080919e-20 1.731547e-19 6.990175e-20 1.906644e-18 7.256913e-18 1.813865e-17 3.711020e-17 7.224613e-17 7.823547e-17 1.492055e-16 6.518235e-16 2.965567e-15 2.757975e-15 3.200490e-15 1.847811e-14 1.520682e-13 2.706926e-13 2.110454e-13 2.570731e-13 1.108521e-12 4.091723e-12 2.014957e-11 8.455708e-11 1.831029e-10 3.028591e-10 5.426939e-10 2.037172e-09 9.959695e-09 6.382513e-08 4.646395e-07 2.474595e-06 9.884717e-06 2.673673e-05 7.161674e-05 1.364820e-04 2.028460e-04 2.812258e-04 3.227290e-04 4.185008e-04 5.278602e-04 7.142857e-04 9.713577e-04 1.226903e-03 1.596855e-03 2.041728e-03 2.806014e-03 3.751515e-03 5.080910e-03 6.629311e-03 8.224055e-03 1.122078e-02 1.442146e-02 1.895277e-02 2.472084e-02 2.771133e-02 3.282421e-02 3.758126e-02 3.901602e-02 4.318336e-02 4.508662e-02 4.497435e-02 5.076928e-02 5.603388e-02 5.658196e-02 6.005097e-02 6.258190e-02 6.057522e-02 6.317934e-02 7.021276e-02 7.298701e-02 7.593521e-02 8.591074e-02 9.519032e-02 9.766862e-02 1.025058e-01 1.122993e-01 1.198008e-01 1.233304e-01 1.271308e-01 1.332611e-01 1.387574e-01 1.406371e-01 1.427069e-01 1.479474e-01 1.524855e-01 1.559749e-01 1.651167e-01 1.808884e-01 1.929097e-01 1.961426e-01 2.005213e-01 2.132051e-01 2.263189e-01 2.281495e-01 2.201683e-01 2.109497e-01 2.031300e-01 1.939648e-01 1.826473e-01 1.703979e-01 1.564330e-01 1.410421e-01 1.256724e-01 1.126508e-01 1.021589e-01 9.159613e-02 8.038326e-02 7.031339e-02 6.377368e-02 6.098884e-02 5.997978e-02 5.837926e-02 5.512788e-02 5.059535e-02 4.546602e-02 4.039560e-02 3.565138e-02 3.106833e-02 2.640577e-02 2.202809e-02 1.867646e-02 1.672298e-02 1.594278e-02 1.528871e-02 1.360639e-02 1.093149e-02 8.678574e-03 7.760189e-03 8.137533e-03 9.393322e-03 9.951362e-03 8.826669e-03 6.874667e-03 5.702938e-03 5.408930e-03 5.762750e-03 5.977882e-03 5.604634e-03 5.196888e-03 5.358746e-03 5.481864e-03 4.744594e-03 3.454807e-03 2.342705e-03 1.963371e-03 2.069816e-03 2.316825e-03 2.222990e-03 1.386091e-03 6.108324e-04 2.022179e-04 4.199816e-05 7.254996e-06 1.235641e-06 2.060640e-07 3.671905e-08 4.310960e-09 3.905775e-10 2.967896e-11 3.750121e-12 1.409202e-12 1.451393e-12 2.776071e-12 6.571616e-12 1.187856e-11 2.129852e-11 2.108091e-11 1.666855e-11 6.150664e-12 1.769749e-12 3.187651e-13 5.356098e-14 5.347481e-15 3.785445e-16 1.453098e-17 1.468332e-19 7.534047e-22 1.353950e-24 3.283461e-27 3.807271e-30 3.537542e-33 2.117121e-36 2.502132e-39 5.914881e-42
1.436029e-20 3.087632e-19 7.533748e-20 4.793488e-18 2.411348e-17 7.764371e-16 4.914535e-15 1.396505e-14 5.507551e-15 2.546528e-14 3.605175e-14 1.871174e-13 9.845384e-13 1.959902e-12 2.693678e-12 1.093893e-11 3.634554e-11 5.269368e-11 4.859576e-11 7.189085e-11 2.151468e-10 1.481295e-09 9.624747e-09 2.632007e-08 2.985132e-08 2.135078e-08 2.294997e-08 5.422560e-08 1.933209e-07 9.879271e-07 4.719267e-06 2.339938e-05 8.681846e-05 2.699630e-04 5.527222e-04 7.736181e-04 9.350976e-04 8.711932e-04 9.552470e-04 1.002221e-03 1.081227e-03 1.236533e-03 1.296312e-03 1.488081e-03 1.687997e-03 2.029825e-03 2.507932e-03 3.099893e-03 3.930092e-03 4.920090e-03 6.877672e-03 9.390795e-03 1.250907e-02 1.654849e-02 1.946472e-02 2.412398e-02 2.926804e-02 3.244397e-02 3.736255e-02 4.059793e-02 4.254605e-02 4.915879e-02 5.544245e-02 5.806183e-02 6.212032e-02 6.469482e-02 6.373893e-02 6.708048e-02 7.410827e-02 7.889906e-02 8.553026e-02 9.674885e-02 1.042512e-01 1.059708e-01 1.114839e-01 1.217997e-01 1.269880e-01 1.264574e-01 1.288030e-01 1.361042e-01 1.410047e-01 1.396468e-01 1.400971e-01 1.464585e-01 1.510881e-01 1.525338e-01 1.612514e-01 1.774701e-01 1.875109e-01 1.893753e-01 1.971867e-01 2.155538e-01 2.306439e-01 2.301981e-01 2.209368e-01 2.131726e-01 2.080144e-01 2.022494e-01 1.941345e-01 1.836611e-01 1.705330e-01 1.553115e-01 1.408296e-01 1.272848e-01 1.135566e-01 9.946860e-02 8.612017e-02 7.621714e-02 7.055502e-02 6.797021e-02 6.575970e-02 6.158977e-02 5.546109e-02 4.910463e-02 4.362362e-02 3.892958e-02 3.468470e-02 3.073841e-02 2.727289e-02 2.440842e-02 2.219786e-02 2.066911e-02 1.938529e-02 1.760204e-02 1.493039e-02 1.221693e-02 1.049484e-02 1.017168e-02 1.117989e-02 1.228467e-02 1.207836e-02 1.032156e-02 8.611549e-03 7.694610e-03 7.789706e-03 8.250042e-03 8.123172e-03 7.081456e-03 6.026640e-03 5.482179e-03 5.479527e-03 5.268534e-03 4.227931e-03 3.338494e-03 3.143272e-03 3.348984e-03 3.919730e-03 3.605099e-03 2.177224e-03 1.000021e-03 3.770954e-04 1.256948e-04 3.956887e-05 9.624645e-06 2.389573e-06 4.450961e-07 5.366533e-08 4.777123e-09 2.955757e-10 2.144318e-11 2.515898e-12 8.668106e-13 1.081244e-12 2.959765e-12 8.675688e-12 1.655041e-11 1.693090e-11 1.460026e-11 9.379777e-12 7.446078e-12 3.567111e-12 1.653870e-12 2.998187e-13 4.097606e-14 2.260321e-15 6.649271e-17 8.491641e-19 4.835773e-21 1.796205e-23 3.675652e-26 2.383217e-29 1.055169e-32 3.507739e-36 2.183722e-39 6.206351e-42
2.856761e-18 3.815963e-19 1.527722e-17 2.588361e-16 1.089011e-14 6.903493e-14 7.809312e-13 7.653792e-13 2.659654e-12 8.309871e-13 1.338094e-11 2.703567e-11 5.364481e-11 4.298003e-10 2.276701e-09 2.850343e-09 4.931417e-09 1.858079e-08 7.822742e-08 1.384361e-07 1.640992e-07 2.534860e-07 4.166313e-07 6.639704e-07 1.213748e-06 2.402217e-06 4.467993e-06 6.334381e-06 1.088435e-05 1.851327e-05 4.149402e-05 1.044950e-04 2.868802e-04 6.415365e-04 1.048331e-03 1.550452e-03 1.706431e-03 2.033924e-03 2.165373e-03 2.276175e-03 2.414622e-03 2.151146e-03 2.125187e-03 2.076380e-03 2.155900e-03 2.351922e-03 2.515163e-03 3.018311e-03 3.623633e-03 4.725976e-03 6.234768e-03 7.904996e-03 1.060616e-02 1.305206e-02 1.627839e-02 2.042115e-02 2.314901e-02 2.706819e-02 3.164203e-02 3.584772e-02 4.385723e-02 5.248281e-02 5.601677e-02 6.082061e-02 6.635498e-02 6.815802e-02 7.366397e-02 8.340619e-02 9.000768e-02 9.724483e-02 1.082672e-01 1.159480e-01 1.195451e-01 1.262508e-01 1.341381e-01 1.344438e-01 1.309090e-01 1.340690e-01 1.411777e-01 1.414292e-01 1.368581e-01 1.391542e-01 1.477373e-01 1.506549e-01 1.505433e-01 1.602726e-01 1.754285e-01 1.802732e-01 1.799952e-01 1.921084e-01 2.149003e-01 2.280050e-01 2.232265e-01 2.148447e-01 2.129066e-01 2.138761e-01 2.110040e-01 2.023506e-01 1.895568e-01 1.750541e-01 1.605993e-01 1.461363e-01 1.320959e-01 1.182415e-01 1.052428e-01 9.453468e-02 8.659963e-02 8.127934e-02 7.657529e-02 7.033853e-02 6.240378e-02 5.461452e-02 4.837737e-02 4.362270e-02 3.972813e-02 3.635494e-02 3.355220e-02 3.117811e-02 2.914042e-02 2.727920e-02 2.529783e-02 2.297349e-02 2.017471e-02 1.728531e-02 1.496098e-02 1.392240e-02 1.458155e-02 1.617963e-02 1.719501e-02 1.607130e-02 1.363034e-02 1.149192e-02 1.075251e-02 1.106300e-02 1.127722e-02 1.037197e-02 8.867425e-03 7.684874e-03 7.347666e-03 7.560881e-03 7.109556e-03 5.611347e-03 4.333958e-03 3.931750e-03 4.551257e-03 5.179632e-03 4.438231e-03 2.927494e-03 1.541689e-03 7.641159e-04 4.359102e-04 2.093852e-04 8.195262e-05 2.549373e-05 5.385679e-06 8.035856e-07 7.623115e-08 5.512963e-09 4.722424e-10 4.211088e-11 6.122573e-12 1.600093e-12 1.061163e-12 1.585112e-12 2.590810e-12 4.112609e-12 4.469527e-12 5.477097e-12 6.789837e-12 8.143958e-12 8.186837e-12 3.022133e-12 5.031881e-13 2.793440e-14 1.254992e-15 3.430410e-17 6.797439e-19 5.712052e-21 2.664421e-23 2.265875e-26 1.465054e-29 3.081557e-33 1.541710e-36 1.608528e-39 3.908221e-42
9.483621e-18 2.684223e-17 2.430370e-16 5.061409e-15 4.061722e-14 1.483926e-12 1.199708e-12 5.367201e-12 1.340125e-10 1.224087e-08 2.303784e-08 2.888399e-08 1.799466e-08 5.211196e-08 7.205436e-08 4.933699e-08 5.519166e-08 1.971188e-07 8.235326e-07 3.057543e-06 7.296135e-06 8.727269e-06 8.841233e-06 1.420450e-05 3.336154e-05 9.702712e-05 1.812318e-04 2.667552e-04 3.115638e-04 3.804570e-04 4.826611e-04 6.349051e-04 8.932666e-04 1.186679e-03 1.741484e-03 2.410647e-03 3.500994e-03 4.337042e-03 4.815904e-03 4.878047e-03 4.037409e-03 3.516956e-03 2.944300e-03 2.681349e-03 2.703017e-03 2.797453e-03 3.193278e-03 3.417734e-03 4.112540e-03 5.307545e-03 6.376918e-03 8.281203e-03 9.655605e-03 1.148392e-02 1.443975e-02 1.598871e-02 1.894283e-02 2.303597e-02 2.655516e-02 3.403341e-02 4.256737e-02 4.707639e-02 5.461463e-02 6.288665e-02 6.671812e-02 7.548863e-02 8.870488e-02 9.684529e-02 1.069539e-01 1.223033e-01 1.320734e-01 1.360016e-01 1.412674e-01 1.453416e-01 1.426724e-01 1.393829e-01 1.427563e-01 1.464589e-01 1.425180e-01 1.393690e-01 1.457113e-01 1.540858e-01 1.531531e-01 1.512010e-01 1.603217e-01 1.720628e-01 1.734323e-01 1.757422e-01 1.936490e-01 2.173045e-01 2.246631e-01 2.177904e-01 2.145573e-01 2.188174e-01 2.214246e-01 2.155627e-01 2.031145e-01 1.885931e-01 1.740035e-01 1.595285e-01 1.455326e-01 1.321993e-01 1.207276e-01 1.111644e-01 1.032941e-01 9.668341e-02 8.996222e-02 8.265743e-02 7.448173e-02 6.611274e-02 5.870256e-02 5.281772e-02 4.813920e-02 4.416793e-02 4.079254e-02 3.811379e-02 3.622311e-02 3.460481e-02 3.262738e-02 3.016623e-02 2.739733e-02 2.461993e-02 2.208219e-02 2.053213e-02 2.066857e-02 2.225650e-02 2.404618e-02 2.364732e-02 2.051946e-02 1.672630e-02 1.452558e-02 1.411991e-02 1.437919e-02 1.379112e-02 1.205807e-02 1.031957e-02 9.618145e-03 1.010049e-02 1.052727e-02 9.619248e-03 7.339797e-03 5.195821e-03 4.466175e-03 5.305433e-03 6.417852e-03 6.041611e-03 4.100694e-03 2.285348e-03 1.379094e-03 8.754706e-04 5.531039e-04 2.934787e-04 1.037055e-04 2.772299e-05 5.658121e-06 7.929841e-07 9.408205e-08 1.034701e-08 1.068868e-09 1.115239e-10 9.811745e-12 1.257452e-12 3.209281e-13 2.314465e-13 3.823500e-13 8.550066e-13 2.591322e-12 5.072877e-12 7.721328e-12 6.338047e-12 3.295243e-12 8.816482e-13 1.083355e-13 9.526850e-15 5.788163e-16 2.627185e-17 5.516497e-19 7.285647e-21 2.210014e-23 5.673817e-26 2.333278e-29 1.675513e-32 8.424714e-36 9.088130e-39 5.998959e-41
1.761302e-17 4.308169e-17 6.587057e-17 3.399191e-15 6.162345e-13 3.671101e-12 2.743654e-10 1.803358e-08 1.037419e-07 2.321672e-08 1.044983e-08 6.444265e-08 7.872932e-07 1.325745e-06 3.962545e-06 1.375889e-05 3.291202e-05 2.443366e-05 2.514163e-05 2.675762e-05 2.512509e-05 2.247270e-05 2.894997e-05 6.461095e-05 1.623412e-04 3.523432e-04 6.854065e-04 1.169888e-03 1.490004e-03 1.859228e-03 2.057173e-03 2.169071e-03 2.072861e-03 2.234532e-03 2.881607e-03 4.091087e-03 5.812764e-03 7.143897e-03 7.470241e-03 6.522764e-03 5.661216e-03 4.834053e-03 4.230635e-03 3.704495e-03 3.260290e-03 3.309858e-03 3.628247e-03 4.550316e-03 5.449994e-03 6.024455e-03 7.354110e-03 8.205546e-03 9.528439e-03 1.135942e-02 1.194168e-02 1.405146e-02 1.677986e-02 1.937901e-02 2.561660e-02 3.172008e-02 3.524850e-02 4.270209e-02 5.088197e-02 5.725928e-02 6.999461e-02 8.452854e-02 9.411762e-02 1.086658e-01 1.261798e-01 1.348669e-01 1.407685e-01 1.494290e-01 1.543904e-01 1.524651e-01 1.487008e-01 1.485334e-01 1.494497e-01 1.477846e-01 1.493095e-01 1.573785e-01 1.623088e-01 1.567219e-01 1.529436e-01 1.614579e-01 1.715545e-01 1.723039e-01 1.772130e-01 1.968770e-01 2.161728e-01 2.178095e-01 2.130570e-01 2.164829e-01 2.235357e-01 2.239251e-01 2.167727e-01 2.061776e-01 1.928394e-01 1.763104e-01 1.583796e-01 1.419426e-01 1.288802e-01 1.187355e-01 1.108150e-01 1.037251e-01 9.739547e-02 9.234647e-02 8.752439e-02 8.176123e-02 7.445012e-02 6.654950e-02 5.928814e-02 5.326612e-02 4.856924e-02 4.521068e-02 4.308935e-02 4.172456e-02 4.053795e-02 3.902114e-02 3.702872e-02 3.472320e-02 3.235425e-02 3.053846e-02 2.978582e-02 3.033731e-02 3.165988e-02 3.160435e-02 2.852127e-02 2.369657e-02 2.000265e-02 1.856355e-02 1.873711e-02 1.891824e-02 1.761006e-02 1.539757e-02 1.380157e-02 1.378754e-02 1.443905e-02 1.456991e-02 1.284757e-02 9.938021e-03 7.590821e-03 6.880219e-03 7.317401e-03 8.187500e-03 7.341464e-03 4.586995e-03 2.742714e-03 1.815196e-03 1.254844e-03 8.951493e-04 5.262193e-04 2.477088e-04 9.423493e-05 2.943587e-05 7.429629e-06 1.695918e-06 2.996100e-07 4.782560e-08 5.065316e-09 3.654145e-10 2.336837e-11 1.969716e-12 4.193970e-13 2.715588e-13 4.938417e-13 1.509077e-12 4.315517e-12 7.279168e-12 5.619186e-12 2.587770e-12 9.665645e-13 3.256396e-13 1.071427e-13 2.254360e-14 2.228473e-15 7.922565e-17 1.696131e-18 1.655402e-20 1.767889e-22 3.175042e-25 5.707031e-28 2.045334e-31 9.585370e-35 7.119526e-38 9.133103e-41
5.596034e-17 2.816288e-19 2.991012e-17 8.955860e-14 7.196710e-12 1.960692e-09 3.947846e-08 9.436729e-08 7.750613e-08 8.464456e-07 6.572038e-06 1.198395e-05 3.804268e-06 3.115638e-06 6.537998e-06 3.330631e-05 6.835112e-05 1.516682e-04 2.127247e-04 2.765205e-04 2.840825e-04 3.869510e-04 5.397398e-04 6.021609e-04 6.747242e-04 7.748221e-04 1.092569e-03 1.292962e-03 1.850184e-03 2.201397e-03 2.587365e-03 2.754144e-03 3.033300e-03 3.806396e-03 4.489082e-03 5.853891e-03 6.743245e-03 7.112362e-03 7.096430e-03 6.771103e-03 6.456528e-03 5.697359e-03 4.998489e-03 4.622210e-03 4.565659e-03 4.751541e-03 5.255433e-03 5.679693e-03 6.351027e-03 7.218335e-03 7.450217e-03 8.053108e-03 8.799415e-03 9.250397e-03 1.085978e-02 1.274362e-02 1.481939e-02 1.872927e-02 2.194396e-02 2.517198e-02 3.248741e-02 4.050785e-02 4.774947e-02 5.956756e-02 7.181589e-02 8.244985e-02 9.909345e-02 1.145791e-01 1.233607e-01 1.361239e-01 1.502792e-01 1.567850e-01 1.582432e-01 1.564642e-01 1.550080e-01 1.575224e-01 1.605009e-01 1.639114e-01 1.705475e-01 1.732378e-01 1.673865e-01 1.652335e-01 1.726186e-01 1.759132e-01 1.705723e-01 1.743268e-01 1.935920e-01 2.105902e-01 2.138326e-01 2.157797e-01 2.233894e-01 2.284074e-01 2.262556e-01 2.205966e-01 2.112941e-01 1.952090e-01 1.745915e-01 1.548131e-01 1.382949e-01 1.247201e-01 1.133661e-01 1.037089e-01 9.671855e-02 9.260630e-02 9.084704e-02 8.970460e-02 8.608587e-02 7.927096e-02 7.087407e-02 6.324320e-02 5.750717e-02 5.362544e-02 5.121004e-02 4.993147e-02 4.949613e-02 4.926775e-02 4.847417e-02 4.682140e-02 4.477227e-02 4.287231e-02 4.129663e-02 4.054027e-02 4.079294e-02 4.071230e-02 3.841184e-02 3.375170e-02 2.901504e-02 2.614309e-02 2.561518e-02 2.634318e-02 2.603964e-02 2.384209e-02 2.096305e-02 1.957896e-02 1.974848e-02 2.078239e-02 2.017407e-02 1.720398e-02 1.352194e-02 1.144952e-02 1.097821e-02 1.149777e-02 1.126166e-02 8.397847e-03 5.070434e-03 3.174987e-03 2.372443e-03 2.177952e-03 1.797953e-03 1.216744e-03 7.072196e-04 3.851571e-04 1.943919e-04 9.538206e-05 3.409799e-05 9.138766e-06 1.859789e-06 2.607286e-07 2.599302e-08 1.930024e-09 1.504746e-10 1.634177e-11 2.943104e-12 1.065756e-12 7.671720e-13 8.953968e-13 1.171543e-12 1.226094e-12 1.005974e-12 7.677084e-13 5.977236e-13 4.621608e-13 2.200442e-13 5.127394e-14 3.353246e-15 1.068000e-16 1.965472e-18 3.961643e-20 2.513483e-22 1.235998e-24 8.103474e-28 4.139419e-31 8.362400e-35 2.837488e-38 4.908608e-41
6.904756e-20 1.490326e-20 1.755235e-15 2.286409e-12 2.302765e-09 4.243998e-08 3.753687e-07 1.698369e-06 6.491410e-06 6.235640e-06 1.081565e-05 1.436626e-05 6.426036e-05 1.667311e-04 2.538772e-04 1.544759e-04 1.558654e-04 1.345441e-04 1.882076e-04 2.828738e-04 6.558036e-04 1.410818e-03 2.072373e-03 2.522546e-03 2.403368e-03 2.681637e-03 2.378653e-03 2.744466e-03 2.732492e-03 3.061780e-03 3.127984e-03 3.232680e-03 3.742858e-03 3.951463e-03 4.401648e-03 4.089664e-03 3.923745e-03 3.886319e-03 3.808453e-03 4.086297e-03 3.881054e-03 3.840846e-03 4.077563e-03 4.422895e-03 5.195747e-03 5.720405e-03 6.155240e-03 6.704333e-03 6.854935e-03 6.985044e-03 7.239736e-03 7.503415e-03 7.854731e-03 8.613246e-03 9.631979e-03 1.085683e-02 1.303251e-02 1.580948e-02 1.956601e-02 2.564030e-02 3.215205e-02 3.866450e-02 4.898601e-02 6.064587e-02 7.127776e-02 8.477557e-02 9.682552e-02 1.070550e-01 1.233264e-01 1.393519e-01 1.488692e-01 1.573078e-01 1.627720e-01 1.656629e-01 1.724547e-01 1.774418e-01 1.788668e-01 1.838045e-01 1.873375e-01 1.843151e-01 1.845078e-01 1.900759e-01 1.899727e-01 1.870642e-01 1.964117e-01 2.165995e-01 2.285617e-01 2.275214e-01 2.282328e-01 2.345538e-01 2.381328e-01 2.358574e-01 2.295059e-01 2.173829e-01 1.994678e-01 1.802406e-01 1.623398e-01 1.452738e-01 1.287932e-01 1.144444e-01 1.036077e-01 9.620442e-02 9.243155e-02 9.118397e-02 9.008447e-02 8.703780e-02 8.143246e-02 7.539469e-02 7.062398e-02 6.744496e-02 6.525223e-02 6.342080e-02 6.196119e-02 6.108854e-02 6.051617e-02 5.962607e-02 5.822695e-02 5.664911e-02 5.529449e-02 5.473851e-02 5.505026e-02 5.537865e-02 5.400583e-02 4.966901e-02 4.343940e-02 3.786333e-02 3.490312e-02 3.440813e-02 3.423361e-02 3.240282e-02 2.877074e-02 2.579597e-02 2.469534e-02 2.550165e-02 2.568593e-02 2.341307e-02 1.905160e-02 1.531753e-02 1.337661e-02 1.327519e-02 1.384965e-02 1.274518e-02 9.659228e-03 6.494422e-03 4.363277e-03 3.582741e-03 3.445539e-03 3.088251e-03 2.253041e-03 1.433629e-03 9.085731e-04 6.266530e-04 4.378032e-04 2.472972e-04 9.690024e-05 2.531030e-05 5.188433e-06 9.211757e-07 1.323333e-07 1.698875e-08 1.884426e-09 1.809481e-10 1.448462e-11 1.517212e-12 3.021176e-13 1.706376e-13 1.866340e-13 3.323712e-13 5.708523e-13 9.945878e-13 1.012730e-12 5.726697e-13 1.426040e-13 1.768204e-14 1.424818e-15 7.447840e-17 2.761020e-18 3.978166e-20 3.796986e-22 8.156629e-25 1.198390e-27 3.964024e-31 1.208235e-34 4.583180e-38 8.458378e-41
5.127723e-28 1.588445e-18 2.762094e-13 1.174723e-09 3.964684e-08 9.704290e-07 5.374333e-06 7.076810e-06 2.490798e-05 8.223641e-05 8.465982e-05 8.593227e-05 1.325760e-04 2.790390e-04 3.200710e-04 5.281978e-04 5.578154e-04 5.391467e-04 4.768933e-04 6.715289e-04 8.799107e-04 9.999163e-04 1.281530e-03 1.650608e-03 2.474900e-03 2.703785e-03 3.819163e-03 3.999548e-03 4.569251e-03 4.512738e-03 4.906397e-03 5.377014e-03 5.095588e-03 5.018985e-03 4.028474e-03 3.391601e-03 2.835204e-03 2.630626e-03 2.822364e-03 2.705345e-03 2.991119e-03 3.415903e-03 3.932181e-03 4.880605e-03 5.253561e-03 5.955698e-03 6.516244e-03 6.534479e-03 6.929659e-03 7.019913e-03 7.316447e-03 7.606282e-03 7.797311e-03 8.646145e-03 9.650911e-03 1.151107e-02 1.420680e-02 1.688480e-02 2.133305e-02 2.700818e-02 3.259518e-02 4.098694e-02 5.010587e-02 5.712318e-02 6.673314e-02 7.724014e-02 8.686190e-02 1.005148e-01 1.145602e-01 1.260508e-01 1.410224e-01 1.556780e-01 1.659632e-01 1.775524e-01 1.852973e-01 1.859933e-01 1.889520e-01 1.920185e-01 1.912469e-01 1.963762e-01 2.086559e-01 2.179389e-01 2.256273e-01 2.397520e-01 2.543789e-01 2.571739e-01 2.536494e-01 2.570692e-01 2.660128e-01 2.708540e-01 2.687648e-01 2.608829e-01 2.461841e-01 2.260851e-01 2.047323e-01 1.845522e-01 1.653197e-01 1.472751e-01 1.309989e-01 1.171264e-01 1.067578e-01 1.002653e-01 9.690025e-02 9.388036e-02 8.951608e-02 8.510417e-02 8.234888e-02 8.193922e-02 8.215830e-02 8.094577e-02 7.803358e-02 7.498270e-02 7.328761e-02 7.286508e-02 7.258988e-02 7.185791e-02 7.152151e-02 7.238064e-02 7.419479e-02 7.602270e-02 7.598381e-02 7.177100e-02 6.314295e-02 5.326954e-02 4.592256e-02 4.211405e-02 4.062949e-02 3.937337e-02 3.666844e-02 3.353846e-02 3.149393e-02 3.141987e-02 3.172218e-02 3.024203e-02 2.579811e-02 2.060391e-02 1.696544e-02 1.564921e-02 1.590999e-02 1.570853e-02 1.380941e-02 1.072806e-02 7.955066e-03 6.308928e-03 5.543942e-03 4.842938e-03 3.897274e-03 2.690775e-03 1.824210e-03 1.452948e-03 1.365151e-03 1.230679e-03 9.356682e-04 5.125595e-04 2.237366e-04 8.364779e-05 3.072999e-05 8.766554e-06 1.934703e-06 2.622210e-07 2.254562e-08 1.107131e-09 4.310334e-11 2.505207e-12 4.439170e-13 2.480536e-13 3.749102e-13 6.615714e-13 1.224977e-12 1.172221e-12 7.368564e-13 1.928278e-13 4.488567e-14 8.038885e-15 1.723565e-15 1.995810e-16 8.992633e-18 1.515657e-19 9.113159e-22 3.250012e-24 3.485945e-27 2.146509e-30 4.714006e-34 2.807608e-37 3.825461e-40
1.440132e-34 1.071871e-16 1.354038e-11 1.788037e-09 1.732078e-07 2.247839e-06 1.068196e-05 9.040267e-05 1.332929e-04 8.823416e-05 2.029119e-04 5.139539e-04 6.144226e-04 3.330008e-04 2.458584e-04 2.994707e-04 5.889859e-04 9.629495e-04 1.528891e-03 1.884229e-03 1.705390e-03 1.401270e-03 1.220349e-03 1.399589e-03 1.537244e-03 2.396831e-03 2.625774e-03 3.299846e-03 3.538803e-03 4.315322e-03 5.148397e-03 5.346774e-03 5.525399e-03 4.304906e-03 3.701098e-03 3.164503e-03 2.874000e-03 2.668789e-03 2.338681e-03 2.724223e-03 3.154883e-03 3.733719e-03 4.478119e-03 4.725483e-03 5.400801e-03 5.816916e-03 6.142095e-03 6.710576e-03 6.757072e-03 7.155665e-03 7.464480e-03 7.769840e-03 8.664015e-03 9.506887e-03 1.146638e-02 1.401117e-02 1.636267e-02 2.072416e-02 2.534330e-02 2.900015e-02 3.539692e-02 4.194299e-02 4.702329e-02 5.520313e-02 6.239050e-02 6.812038e-02 7.961003e-02 9.263201e-02 1.046087e-01 1.223861e-01 1.383582e-01 1.489258e-01 1.671455e-01 1.845786e-01 1.880765e-01 1.913743e-01 1.976094e-01 1.988915e-01 2.041145e-01 2.184133e-01 2.337403e-01 2.492547e-01 2.689539e-01 2.859472e-01 2.927795e-01 2.959956e-01 3.029829e-01 3.103279e-01 3.141317e-01 3.145626e-01 3.073717e-01 2.877875e-01 2.615845e-01 2.379901e-01 2.189634e-01 2.013753e-01 1.823124e-01 1.619454e-01 1.427489e-01 1.276582e-01 1.175679e-01 1.096632e-01 1.019801e-01 9.500640e-02 9.118165e-02 9.175048e-02 9.443495e-02 9.605712e-02 9.478801e-02 9.208791e-02 9.050374e-02 9.079704e-02 9.166618e-02 9.150860e-02 9.074007e-02 9.107134e-02 9.361222e-02 9.750435e-02 9.922028e-02 9.482380e-02 8.377496e-02 7.016492e-02 5.882987e-02 5.186321e-02 4.908185e-02 4.864772e-02 4.793165e-02 4.599656e-02 4.340689e-02 4.163155e-02 4.050764e-02 3.871801e-02 3.457164e-02 2.888203e-02 2.402291e-02 2.123890e-02 2.042936e-02 1.994330e-02 1.842741e-02 1.533055e-02 1.227139e-02 1.027906e-02 9.464866e-03 8.682477e-03 7.254458e-03 5.288234e-03 3.644038e-03 2.810459e-03 2.800717e-03 3.250425e-03 3.713044e-03 3.209506e-03 2.220435e-03 1.330742e-03 8.973672e-04 5.973038e-04 3.264835e-04 9.116303e-05 1.225386e-05 9.581033e-07 4.934877e-08 2.045458e-09 9.680234e-11 8.017592e-12 1.733442e-12 8.224117e-13 5.889114e-13 4.429439e-13 2.880249e-13 1.824995e-13 8.494301e-14 5.082092e-14 2.307780e-14 1.304643e-14 3.441517e-15 4.753185e-16 1.759212e-17 3.131994e-19 2.001077e-21 5.529706e-24 6.186402e-27 2.025834e-30 7.396749e-34 2.188465e-37 5.203049e-40
0.000000e+00 4.249418e-33 4.647494e-20 1.982119e-13 7.496462e-10 2.082353e-07 9.666569e-06 2.895297e-05 7.540883e-05 2.354292e-04 3.761025e-04 3.271053e-04 3.195531e-04 5.072840e-04 7.135881e-04 7.714031e-04 8.047209e-04 9.506950e-04 1.172869e-03 1.382329e-03 1.739771e-03 2.088062e-03 2.365901e-03 2.197789e-03 2.456262e-03 2.237170e-03 2.439616e-03 2.154167e-03 2.343861e-03 2.717284e-03 2.917845e-03 3.323436e-03 2.943845e-03 3.019718e-03 2.822852e-03 2.747118e-03 2.782927e-03 2.656612e-03 2.937368e-03 2.950393e-03 3.296605e-03 3.647196e-03 3.708990e-03 4.127308e-03 4.426836e-03 4.857424e-03 5.332665e-03 5.789436e-03 6.536432e-03 7.090247e-03 7.750880e-03 8.884913e-03 1.059373e-02 1.316444e-02 1.478086e-02 1.685502e-02 2.080992e-02 2.358837e-02 2.666674e-02 3.200421e-02 3.642511e-02 4.055054e-02 4.529177e-02 4.797771e-02 5.368855e-02 6.556775e-02 7.588829e-02 8.578144e-02 9.988777e-02 1.105308e-01 1.231286e-01 1.487719e-01 1.701857e-01 1.768257e-01 1.868728e-01 1.973107e-01 1.964301e-01 1.985480e-01 2.127459e-01 2.311225e-01 2.525578e-01 2.809046e-01 3.088926e-01 3.277536e-01 3.394444e-01 3.476790e-01 3.541425e-01 3.617804e-01 3.678018e-01 3.600219e-01 3.363984e-01 3.106086e-01 2.912106e-01 2.750536e-01 2.560503e-01 2.320652e-01 2.055217e-01 1.809284e-01 1.612980e-01 1.455603e-01 1.310007e-01 1.172554e-01 1.076083e-01 1.037204e-01 1.042605e-01 1.062391e-01 1.065873e-01 1.061113e-01 1.070263e-01 1.101995e-01 1.136047e-01 1.141627e-01 1.115795e-01 1.092478e-01 1.107987e-01 1.159682e-01 1.202179e-01 1.178132e-01 1.071520e-01 9.226103e-02 7.853700e-02 6.933950e-02 6.558566e-02 6.559501e-02 6.614439e-02 6.467081e-02 6.032058e-02 5.502302e-02 5.066489e-02 4.753581e-02 4.390534e-02 3.868933e-02 3.296915e-02 2.828816e-02 2.562102e-02 2.407416e-02 2.258656e-02 1.992978e-02 1.704282e-02 1.478387e-02 1.352230e-02 1.253366e-02 1.097832e-02 8.846058e-03 6.800298e-03 5.505907e-03 5.266000e-03 5.785567e-03 6.800286e-03 7.131377e-03 6.003788e-03 4.187622e-03 3.045850e-03 2.397001e-03 1.959300e-03 1.396523e-03 5.068445e-04 9.045714e-05 8.651500e-06 6.466674e-07 4.964412e-08 3.783751e-09 3.083869e-10 3.254578e-11 4.393536e-12 9.350678e-13 2.573765e-13 1.183183e-13 7.150197e-14 6.867883e-14 7.210688e-14 6.946724e-14 5.409056e-14 1.948966e-14 4.023542e-15 2.805034e-16 1.396786e-17 2.416747e-19 2.274915e-21 5.325784e-24 4.665389e-27 2.177918e-30 4.750436e-34 4.235484e-37 3.053962e-40
8.267661e-43 1.401298e-45 1.212619e-37 1.904483e-25 6.430622e-17 1.484197e-11 9.723057e-09 7.774110e-07 1.203324e-05 5.596289e-05 1.082797e-04 1.543894e-04 2.355591e-04 4.995684e-04 8.895966e-04 1.198841e-03 1.379631e-03 1.291250e-03 1.049466e-03 1.184132e-03 1.512064e-03 1.985247e-03 2.252436e-03 2.444801e-03 2.272131e-03 2.297558e-03 2.167612e-03 2.284548e-03 2.261180e-03 2.018261e-03 2.026000e-03 1.763125e-03 1.963279e-03 2.113785e-03 2.448950e-03 2.899736e-03 2.996156e-03 3.453810e-03 3.628735e-03 3.733773e-03 3.580674e-03 3.344877e-03 3.652981e-03 3.934649e-03 4.277968e-03 4.868830e-03 5.463633e-03 6.059009e-03 6.879527e-03 7.947817e-03 9.607786e-03 1.228071e-02 1.461187e-02 1.636929e-02 1.983961e-02 2.321588e-02 2.475758e-02 2.767469e-02 3.116852e-02 3.311387e-02 3.498749e-02 3.656263e-02 3.923699e-02 4.626416e-02 5.456122e-02 5.990802e-02 6.668574e-02 7.612690e-02 8.567174e-02 1.013604e-01 1.239199e-01 1.391748e-01 1.477092e-01 1.617932e-01 1.759148e-01 1.831879e-01 1.921333e-01 2.048870e-01 2.173976e-01 2.337378e-01 2.577825e-01 2.845881e-01 3.096345e-01 3.310313e-01 3.477912e-01 3.639026e-01 3.824453e-01 3.936790e-01 3.867981e-01 3.697002e-01 3.551897e-01 3.434756e-01 3.289848e-01 3.092866e-01 2.848547e-01 2.582154e-01 2.324707e-01 2.096128e-01 1.878647e-01 1.651275e-01 1.443502e-01 1.295316e-01 1.221576e-01 1.194008e-01 1.179229e-01 1.171059e-01 1.178172e-01 1.212535e-01 1.257295e-01 1.284115e-01 1.281901e-01 1.275000e-01 1.300127e-01 1.365148e-01 1.437131e-01 1.454172e-01 1.377155e-01 1.229452e-01 1.073024e-01 9.621774e-02 9.118950e-02 9.008918e-02 8.957550e-02 8.664096e-02 7.980147e-02 7.125290e-02 6.420300e-02 6.001972e-02 5.705978e-02 5.271397e-02 4.642029e-02 3.953099e-02 3.414647e-02 3.067470e-02 2.869733e-02 2.674301e-02 2.440941e-02 2.185963e-02 1.962852e-02 1.780199e-02 1.579511e-02 1.340708e-02 1.105239e-02 9.463279e-03 9.084104e-03 9.783566e-03 1.098494e-02 1.135885e-02 9.576952e-03 6.696512e-03 4.550975e-03 3.871122e-03 3.770244e-03 3.870110e-03 2.828543e-03 1.399090e-03 4.580540e-04 1.008440e-04 1.851110e-05 2.912526e-06 3.562372e-07 3.215112e-08 2.219990e-09 1.260816e-10 9.442617e-12 1.099118e-12 3.509908e-13 2.110996e-13 2.382379e-13 2.475480e-13 2.481423e-13 1.417415e-13 5.663799e-14 1.263563e-14 1.842034e-15 1.906307e-16 1.224634e-17 5.029295e-19 5.449462e-21 1.976042e-23 1.911125e-26 5.314970e-30 2.313524e-33 5.724105e-37 1.102055e-39
8.407791e-45 3.484878e-30 7.422073e-37 1.773116e-34 8.269524e-27 1.023993e-19 2.972653e-14 1.259798e-10 2.206440e-08 4.192930e-07 3.269913e-06 2.237753e-05 1.017012e-04 2.067641e-04 3.283698e-04 4.857705e-04 7.982407e-04 9.784795e-04 9.816969e-04 8.806376e-04 8.928640e-04 9.550129e-04 1.033826e-03 1.104806e-03 1.174997e-03 1.358049e-03 1.570533e-03 1.701352e-03 1.610343e-03 1.476163e-03 1.250219e-03 1.387489e-03 1.571834e-03 1.837928e-03 2.298981e-03 2.621386e-03 3.516638e-03 4.282606e-03 4.458443e-03 4.415064e-03 3.814272e-03 3.630001e-03 3.829325e-03 4.362355e-03 5.277182e-03 5.547201e-03 6.118534e-03 7.552566e-03 8.687410e-03 1.076339e-02 1.375694e-02 1.537090e-02 1.849332e-02 2.314527e-02 2.564601e-02 2.775150e-02 2.971536e-02 3.068933e-02 3.202556e-02 3.308965e-02 3.359906e-02 3.541452e-02 3.971545e-02 4.483271e-02 4.904588e-02 5.434988e-02 6.189713e-02 7.082340e-02 8.358704e-02 9.907456e-02 1.101971e-01 1.200748e-01 1.363110e-01 1.547527e-01 1.691358e-01 1.826681e-01 1.983364e-01 2.128365e-01 2.244383e-01 2.376543e-01 2.547089e-01 2.732776e-01 2.918142e-01 3.118158e-01 3.349774e-01 3.566233e-01 3.670033e-01 3.656397e-01 3.637535e-01 3.660892e-01 3.679424e-01 3.641537e-01 3.536330e-01 3.373065e-01 3.171824e-01 2.958517e-01 2.723355e-01 2.427891e-01 2.086456e-01 1.783900e-01 1.588251e-01 1.485787e-01 1.432579e-01 1.389387e-01 1.350843e-01 1.333457e-01 1.336387e-01 1.354506e-01 1.376150e-01 1.408362e-01 1.470580e-01 1.571934e-01 1.686255e-01 1.742123e-01 1.682806e-01 1.529315e-01 1.360686e-01 1.240112e-01 1.180180e-01 1.161159e-01 1.148561e-01 1.106818e-01 1.025655e-01 9.302679e-02 8.519226e-02 8.042319e-02 7.726159e-02 7.288939e-02 6.567740e-02 5.623721e-02 4.772046e-02 4.200252e-02 3.927035e-02 3.775769e-02 3.603401e-02 3.341965e-02 3.041584e-02 2.770738e-02 2.516832e-02 2.227960e-02 1.906571e-02 1.659004e-02 1.546609e-02 1.597875e-02 1.765389e-02 1.919825e-02 1.810101e-02 1.448868e-02 1.007674e-02 7.374828e-03 6.392193e-03 7.126564e-03 7.931609e-03 6.804981e-03 4.085097e-03 2.082169e-03 9.350089e-04 4.088703e-04 1.328066e-04 2.479684e-05 2.200540e-06 1.135505e-07 4.094808e-09 1.736363e-10 1.009955e-11 1.518545e-12 5.335016e-13 3.849158e-13 2.854437e-13 1.679999e-13 7.164940e-14 2.724930e-14 9.329904e-15 2.990584e-15 7.605539e-16 1.611008e-16 2.119226e-17 1.075819e-18 1.709921e-20 5.908662e-23 3.945928e-26 1.278288e-29 1.515409e-33 7.044487e-37 3.756797e-40
1.401298e-45 1.777777e-33 3.072240e-25 1.680106e-29 2.688536e-30 2.746504e-26 2.551062e-21 7.499015e-17 1.913157e-13 7.111653e-11 6.208199e-09 1.667898e-07 1.646051e-06 1.029133e-05 3.242536e-05 6.431241e-05 1.140487e-04 2.034437e-04 2.933105e-04 3.403738e-04 3.299417e-04 3.270041e-04 3.625270e-04 4.000175e-04 5.013635e-04 6.893053e-04 1.053382e-03 1.376960e-03 1.471376e-03 1.409077e-03 1.373756e-03 1.503100e-03 1.775007e-03 2.277832e-03 2.575261e-03 3.086113e-03 3.613720e-03 3.769208e-03 4.192364e-03 4.059243e-03 4.410847e-03 5.131142e-03 5.299462e-03 5.768343e-03 6.070110e-03 7.256419e-03 8.642908e-03 8.969258e-03 1.172589e-02 1.522612e-02 1.698273e-02 2.088166e-02 2.331113e-02 2.332988e-02 2.564459e-02 2.744478e-02 2.886335e-02 3.120315e-02 3.111216e-02 3.078904e-02 3.346778e-02 3.827772e-02 4.310772e-02 4.556501e-02 4.836667e-02 5.441188e-02 6.148655e-02 7.063336e-02 8.259149e-02 9.310500e-02 1.050106e-01 1.224250e-01 1.387348e-01 1.512807e-01 1.691008e-01 1.924017e-01 2.089301e-01 2.179886e-01 2.277545e-01 2.376632e-01 2.455345e-01 2.558193e-01 2.715009e-01 2.901464e-01 3.074131e-01 3.197685e-01 3.292023e-01 3.407808e-01 3.546809e-01 3.668543e-01 3.755814e-01 3.811671e-01 3.816898e-01 3.744350e-01 3.577873e-01 3.301978e-01 2.933809e-01 2.554287e-01 2.256672e-01 2.065963e-01 1.943652e-01 1.828966e-01 1.712113e-01 1.610289e-01 1.540946e-01 1.509324e-01 1.505264e-01 1.538723e-01 1.611610e-01 1.718053e-01 1.823163e-01 1.870473e-01 1.824378e-01 1.703105e-01 1.568956e-01 1.471936e-01 1.430353e-01 1.432236e-01 1.432151e-01 1.386016e-01 1.292977e-01 1.190285e-01 1.106653e-01 1.041748e-01 9.808321e-02 9.079183e-02 8.111516e-02 6.967987e-02 5.949366e-02 5.270947e-02 4.957074e-02 4.845150e-02 4.755736e-02 4.523756e-02 4.140853e-02 3.732473e-02 3.389759e-02 3.064956e-02 2.681511e-02 2.325560e-02 2.066413e-02 1.984206e-02 2.060831e-02 2.215353e-02 2.242018e-02 2.065057e-02 1.696660e-02 1.299119e-02 9.944702e-03 8.420258e-03 7.773063e-03 7.522480e-03 6.167773e-03 4.328433e-03 2.954605e-03 2.130161e-03 1.454356e-03 7.112661e-04 1.881416e-04 2.588570e-05 1.740145e-06 8.779375e-08 4.205836e-09 2.147033e-10 1.675422e-11 2.101136e-12 5.254873e-13 1.919579e-13 8.062702e-14 3.962784e-14 1.870037e-14 1.253396e-14 7.503861e-15 4.093775e-15 1.428695e-15 3.287037e-16 3.085905e-17 1.140730e-18 1.036955e-20 3.159385e-23 2.453224e-26 4.999801e-30 1.042873e-33 1.974652e-37 2.568916e-40
9.809089e-45 3.127519e-37 3.907192e-29 7.056070e-23 8.331763e-25 2.858119e-27 2.244379e-25 6.201629e-22 9.618704e-19 1.318712e-15 8.951540e-13 1.176769e-10 4.575123e-09 7.496340e-08 6.936962e-07 3.001762e-06 8.111152e-06 1.756321e-05 3.933174e-05 8.133185e-05 1.320327e-04 1.814208e-04 2.248619e-04 2.994294e-04 3.948094e-04 5.726620e-04 7.250460e-04 9.426693e-04 1.364948e-03 1.845742e-03 2.442588e-03 2.568875e-03 2.764620e-03 3.089978e-03 3.798205e-03 4.411275e-03 3.897475e-03 3.705656e-03 3.478703e-03 4.145363e-03 5.790289e-03 6.699703e-03 7.947408e-03 8.321214e-03 8.867156e-03 9.800267e-03 1.046978e-02 1.373131e-02 1.653223e-02 1.784189e-02 2.159649e-02 2.242891e-02 2.281047e-02 2.597735e-02 2.672649e-02 2.758857e-02 3.068545e-02 3.104146e-02 3.160040e-02 3.606816e-02 4.027439e-02 4.196415e-02 4.320766e-02 4.650467e-02 5.239511e-02 5.835613e-02 6.495304e-02 7.322127e-02 8.194167e-02 9.268633e-02 1.055505e-01 1.184106e-01 1.342827e-01 1.557750e-01 1.761549e-01 1.907258e-01 2.048144e-01 2.190227e-01 2.262197e-01 2.267272e-01 2.272891e-01 2.313790e-01 2.397984e-01 2.527031e-01 2.684232e-01 2.850302e-01 3.023815e-01 3.212024e-01 3.429266e-01 3.673094e-01 3.897743e-01 4.036357e-01 4.061044e-01 3.972690e-01 3.764915e-01 3.468525e-01 3.153332e-01 2.888065e-01 2.680601e-01 2.481190e-01 2.272817e-01 2.077111e-01 1.934625e-01 1.847368e-01 1.804871e-01 1.802858e-01 1.827127e-01 1.873456e-01 1.915776e-01 1.932972e-01 1.912415e-01 1.858353e-01 1.796614e-01 1.750258e-01 1.732091e-01 1.724528e-01 1.692574e-01 1.620596e-01 1.519980e-01 1.419857e-01 1.333020e-01 1.249477e-01 1.155516e-01 1.042929e-01 9.155221e-02 7.915767e-02 6.949569e-02 6.359623e-02 6.132999e-02 6.138285e-02 6.150981e-02 5.920699e-02 5.389914e-02 4.764600e-02 4.220418e-02 3.764885e-02 3.319925e-02 2.929205e-02 2.617056e-02 2.462916e-02 2.480632e-02 2.606970e-02 2.674107e-02 2.529996e-02 2.142980e-02 1.645963e-02 1.241811e-02 1.011348e-02 8.842781e-03 8.170285e-03 7.370089e-03 5.914374e-03 4.686824e-03 3.733101e-03 3.701297e-03 3.512059e-03 2.327793e-03 8.692172e-04 2.044487e-04 3.195219e-05 4.504164e-06 4.712635e-07 4.027789e-08 2.404545e-09 1.245021e-10 8.695463e-12 9.678404e-13 2.304136e-13 9.842913e-14 6.824990e-14 6.186520e-14 4.545562e-14 2.839199e-14 9.633654e-15 2.214876e-15 2.256807e-16 1.239157e-17 2.495017e-19 3.227010e-21 1.339590e-23 1.871461e-26 7.479063e-30 1.114798e-33 3.277722e-37 1.807297e-40
1.919779e-43 3.558172e-33 4.237630e-32 1.847123e-25 3.481238e-19 1.193192e-19 2.338739e-22 1.855101e-23 4.230769e-22 1.541159e-19 8.639901e-17 3.353373e-14 4.495774e-12 2.092426e-10 4.820312e-09 6.171419e-08 5.018219e-07 2.440588e-06 7.645500e-06 2.012841e-05 4.960042e-05 1.129383e-04 2.150726e-04 3.202343e-04 4.356454e-04 5.160046e-04 5.968284e-04 7.114303e-04 1.065737e-03 1.800286e-03 2.627087e-03 3.574842e-03 3.851911e-03 3.748147e-03 3.825228e-03 3.538383e-03 3.977266e-03 3.894367e-03 4.316671e-03 5.731284e-03 6.205046e-03 7.759219e-03 9.141647e-03 1.042086e-02 1.257406e-02 1.346072e-02 1.694371e-02 1.959314e-02 1.916328e-02 2.016710e-02 1.884604e-02 1.980317e-02 2.382680e-02 2.409404e-02 2.619316e-02 3.026853e-02 2.951566e-02 3.118663e-02 3.715663e-02 3.955490e-02 4.123384e-02 4.527253e-02 4.843878e-02 5.196680e-02 5.676690e-02 6.263202e-02 7.034531e-02 7.891846e-02 8.809733e-02 9.836858e-02 1.106878e-01 1.258952e-01 1.417952e-01 1.562351e-01 1.719238e-01 1.900387e-01 2.058204e-01 2.142596e-01 2.166103e-01 2.176044e-01 2.187367e-01 2.205899e-01 2.243932e-01 2.312679e-01 2.422612e-01 2.586124e-01 2.809347e-01 3.084715e-01 3.379615e-01 3.647417e-01 3.864547e-01 4.028372e-01 4.111268e-01 4.059654e-01 3.882763e-01 3.663315e-01 3.461014e-01 3.260346e-01 3.022692e-01 2.756327e-01 2.522858e-01 2.354142e-01 2.256148e-01 2.197392e-01 2.154313e-01 2.119496e-01 2.079497e-01 2.051234e-01 2.044487e-01 2.061920e-01 2.087077e-01 2.095373e-01 2.072881e-01 2.011644e-01 1.928937e-01 1.844017e-01 1.768290e-01 1.707999e-01 1.652205e-01 1.581552e-01 1.472700e-01 1.319440e-01 1.149448e-01 1.000305e-01 8.919241e-02 8.241905e-02 7.918373e-02 7.806332e-02 7.674915e-02 7.310297e-02 6.667354e-02 5.935172e-02 5.290266e-02 4.795522e-02 4.405158e-02 4.082036e-02 3.790323e-02 3.607902e-02 3.627600e-02 3.812174e-02 3.986727e-02 3.906405e-02 3.476017e-02 2.800114e-02 2.183026e-02 1.785646e-02 1.575143e-02 1.497218e-02 1.495424e-02 1.375096e-02 1.268471e-02 1.067223e-02 9.111371e-03 8.214993e-03 7.433260e-03 5.578837e-03 3.065514e-03 1.087983e-03 3.619640e-04 1.070327e-04 2.740243e-05 4.776608e-06 3.771981e-07 1.632679e-08 4.886624e-10 1.893462e-11 1.573745e-12 2.794268e-13 1.296277e-13 8.070590e-14 5.471108e-14 2.513221e-14 7.379094e-15 1.457597e-15 1.980048e-16 1.694763e-17 9.187457e-19 4.305249e-20 1.126075e-21 1.330130e-23 2.829285e-26 1.131024e-29 2.090585e-33 2.623489e-37 1.710579e-40
9.528830e-44 1.688185e-33 6.732077e-29 1.180251e-28 1.005978e-23 4.685671e-18 7.284072e-17 2.051614e-18 8.514818e-20 9.727513e-20 1.207309e-18 5.732245e-17 6.683746e-15 5.255174e-13 1.859782e-11 4.274775e-10 7.728758e-09 8.486634e-08 5.674540e-07 2.448678e-06 8.330983e-06 2.463885e-05 6.343736e-05 1.293607e-04 2.141669e-04 3.304325e-04 4.750238e-04 7.039877e-04 9.486405e-04 1.274995e-03 1.789653e-03 2.331016e-03 2.705793e-03 2.902529e-03 2.885464e-03 3.408719e-03 3.928639e-03 5.198439e-03 7.076867e-03 6.953812e-03 8.173870e-03 9.139486e-03 9.674838e-03 1.158762e-02 1.211287e-02 1.533976e-02 1.761395e-02 1.670337e-02 1.804628e-02 1.802077e-02 1.983387e-02 2.338844e-02 2.351192e-02 2.679051e-02 3.002367e-02 2.828163e-02 3.133412e-02 3.766371e-02 4.028874e-02 4.463033e-02 4.882626e-02 4.936777e-02 5.327778e-02 5.989266e-02 6.516200e-02 7.116191e-02 7.742620e-02 8.324932e-02 9.109256e-02 1.024429e-01 1.171013e-01 1.332897e-01 1.486343e-01 1.642360e-01 1.803804e-01 1.933878e-01 2.011271e-01 2.066633e-01 2.126336e-01 2.164945e-01 2.151340e-01 2.119949e-01 2.131814e-01 2.211307e-01 2.350205e-01 2.540408e-01 2.776755e-01 3.047862e-01 3.333848e-01 3.617662e-01 3.880123e-01 4.079733e-01 4.181608e-01 4.201410e-01 4.173544e-01 4.105855e-01 3.960301e-01 3.716176e-01 3.413998e-01 3.133204e-01 2.923750e-01 2.764592e-01 2.634137e-01 2.509651e-01 2.400243e-01 2.336471e-01 2.325149e-01 2.365053e-01 2.412167e-01 2.425643e-01 2.388930e-01 2.318809e-01 2.252036e-01 2.206507e-01 2.190126e-01 2.190171e-01 2.175137e-01 2.111672e-01 1.968491e-01 1.758458e-01 1.532231e-01 1.334761e-01 1.181735e-01 1.070741e-01 9.960007e-02 9.413216e-02 8.900540e-02 8.322545e-02 7.659787e-02 6.982669e-02 6.375010e-02 5.906552e-02 5.562458e-02 5.271486e-02 4.967165e-02 4.722584e-02 4.638705e-02 4.700612e-02 4.812199e-02 4.808465e-02 4.559500e-02 3.994022e-02 3.315928e-02 2.748721e-02 2.368508e-02 2.134711e-02 2.065599e-02 1.928261e-02 1.838106e-02 1.696740e-02 1.455901e-02 1.209466e-02 9.215788e-03 6.399878e-03 4.481314e-03 2.709458e-03 1.558379e-03 9.065975e-04 4.359625e-04 1.854702e-04 4.731338e-05 6.476971e-06 4.887233e-07 1.847515e-08 6.992855e-10 2.930265e-11 2.261621e-12 3.418644e-13 8.182088e-14 3.217030e-14 1.150943e-14 4.176113e-15 1.090533e-15 2.564888e-16 4.528661e-17 6.882013e-18 7.048629e-19 5.026236e-20 1.821969e-21 1.444850e-23 2.200312e-26 7.761878e-30 1.053222e-33 1.915010e-37 6.570969e-41
4.764415e-44 9.788688e-35 5.771662e-29 4.095707e-25 4.019014e-24 8.322157e-22 6.342883e-18 8.117840e-16 4.759422e-16 7.654308e-17 5.022029e-17 9.494965e-17 3.422165e-16 3.257623e-15 6.797991e-14 1.372867e-12 2.393011e-11 3.927872e-10 5.544738e-09 5.928107e-08 3.877185e-07 1.747866e-06 5.963337e-06 1.855081e-05 5.603492e-05 1.434500e-04 3.167023e-04 5.180874e-04 8.174523e-04 1.045406e-03 1.281504e-03 1.530694e-03 2.036588e-03 2.626278e-03 3.148545e-03 3.765011e-03 5.088528e-03 6.857337e-03 7.154386e-03 7.991893e-03 7.969962e-03 7.909569e-03 9.512290e-03 1.013137e-02 1.231137e-02 1.347224e-02 1.265705e-02 1.451412e-02 1.687024e-02 2.066120e-02 2.431681e-02 2.405384e-02 2.603665e-02 2.768755e-02 2.674817e-02 3.031542e-02 3.538244e-02 3.861169e-02 4.490698e-02 4.978810e-02 5.221506e-02 5.903088e-02 6.562367e-02 6.807391e-02 7.195044e-02 7.612124e-02 7.877209e-02 8.525161e-02 9.661658e-02 1.087517e-01 1.211005e-01 1.353655e-01 1.506211e-01 1.644564e-01 1.764590e-01 1.877678e-01 1.991530e-01 2.107675e-01 2.199136e-01 2.231527e-01 2.235620e-01 2.258124e-01 2.301156e-01 2.358887e-01 2.465156e-01 2.644097e-01 2.871357e-01 3.113351e-01 3.358463e-01 3.610846e-01 3.871462e-01 4.111624e-01 4.293838e-01 4.412123e-01 4.476460e-01 4.471315e-01 4.348311e-01 4.094768e-01 3.764442e-01 3.444946e-01 3.199429e-01 3.021984e-01 2.907498e-01 2.834803e-01 2.794457e-01 2.786598e-01 2.780165e-01 2.757190e-01 2.694052e-01 2.606095e-01 2.533006e-01 2.508035e-01 2.543846e-01 2.605934e-01 2.634365e-01 2.568442e-01 2.391169e-01 2.146600e-01 1.888999e-01 1.666168e-01 1.496015e-01 1.372238e-01 1.275468e-01 1.186415e-01 1.101455e-01 1.022376e-01 9.511085e-02 8.873582e-02 8.291349e-02 7.761614e-02 7.285091e-02 6.848279e-02 6.420929e-02 6.029211e-02 5.702458e-02 5.504682e-02 5.458723e-02 5.444931e-02 5.297528e-02 4.874541e-02 4.245671e-02 3.579509e-02 3.005633e-02 2.561754e-02 2.305318e-02 2.086018e-02 1.899201e-02 1.720198e-02 1.470208e-02 1.238090e-02 9.992704e-03 7.318207e-03 5.163975e-03 3.556160e-03 2.354115e-03 1.851863e-03 1.409381e-03 1.142375e-03 7.386737e-04 2.846771e-04 7.151171e-05 1.069143e-05 1.047787e-06 8.979144e-08 4.960213e-09 3.157470e-10 1.772621e-11 1.470373e-12 2.031333e-13 4.392436e-14 1.522100e-14 5.272122e-15 2.089495e-15 5.825767e-16 1.606829e-16 2.240854e-17 2.129889e-18 7.766989e-20 1.029047e-21 4.519284e-24 5.681115e-27 3.212461e-30 7.947230e-34 1.669561e-37 8.133697e-41
4.541608e-42 6.361631e-33 2.450728e-29 8.254250e-25 5.076847e-23 1.279821e-22 7.860231e-20 2.302272e-16 2.384243e-14 5.609098e-14 1.300043e-14 1.630463e-15 4.302852e-16 3.643217e-16 9.988003e-16 7.017344e-15 9.402290e-14 1.806408e-12 3.765526e-11 6.361429e-10 7.702220e-09 7.095120e-08 4.799086e-07 2.640288e-06 1.186725e-05 4.622193e-05 1.311681e-04 3.223046e-04 5.819604e-04 8.862484e-04 1.143708e-03 1.354869e-03 1.968274e-03 2.787766e-03 3.867483e-03 4.875156e-03 5.670832e-03 6.097381e-03 7.279492e-03 7.922449e-03 7.874316e-03 8.163365e-03 8.189599e-03 9.822543e-03 1.111744e-02 1.077711e-02 1.225960e-02 1.429777e-02 1.692027e-02 2.048903e-02 2.277275e-02 2.581382e-02 2.684125e-02 2.562539e-02 2.911368e-02 3.467145e-02 3.861902e-02 4.409177e-02 4.833744e-02 5.232497e-02 6.148911e-02 6.887390e-02 7.101834e-02 7.557984e-02 7.859515e-02 7.758632e-02 8.149241e-02 8.989725e-02 9.709468e-02 1.065586e-01 1.197492e-01 1.310651e-01 1.404038e-01 1.519754e-01 1.648749e-01 1.768468e-01 1.892169e-01 2.025337e-01 2.153722e-01 2.279059e-01 2.409416e-01 2.520744e-01 2.591610e-01 2.668235e-01 2.791363e-01 2.942042e-01 3.096860e-01 3.277389e-01 3.504291e-01 3.739949e-01 3.931016e-01 4.088481e-01 4.280412e-01 4.523728e-01 4.711659e-01 4.698009e-01 4.459283e-01 4.136036e-01 3.864356e-01 3.680225e-01 3.553227e-01 3.436788e-01 3.337997e-01 3.254997e-01 3.178604e-01 3.096991e-01 2.985391e-01 2.872309e-01 2.786519e-01 2.757985e-01 2.791583e-01 2.857998e-01 2.912051e-01 2.901625e-01 2.805658e-01 2.634207e-01 2.418139e-01 2.203975e-01 2.013181e-01 1.847585e-01 1.694777e-01 1.549405e-01 1.418404e-01 1.308433e-01 1.220241e-01 1.149141e-01 1.084108e-01 1.019064e-01 9.540951e-02 8.930644e-02 8.382525e-02 7.921221e-02 7.556126e-02 7.361297e-02 7.358719e-02 7.449426e-02 7.489697e-02 7.284825e-02 6.728834e-02 5.876638e-02 4.921149e-02 4.091804e-02 3.514818e-02 3.087623e-02 2.762854e-02 2.531592e-02 2.266868e-02 2.015688e-02 1.700678e-02 1.333493e-02 9.865064e-03 7.447960e-03 5.382577e-03 4.522468e-03 3.842166e-03 3.409764e-03 3.074429e-03 2.307941e-03 1.341917e-03 5.662303e-04 1.472646e-04 3.137511e-05 4.656549e-06 5.151236e-07 4.139746e-08 1.857631e-09 8.118212e-11 3.835126e-12 3.482100e-13 5.537531e-14 1.317016e-14 4.230993e-15 1.165283e-15 3.786877e-16 5.317540e-17 6.010830e-18 2.247963e-19 5.783528e-21 5.819667e-23 3.733242e-25 1.319993e-27 1.573618e-30 6.847925e-34 1.781510e-37 5.485103e-41
9.080414e-43 4.560935e-32 3.918267e-28 1.069935e-26 4.156219e-22 1.903634e-18 3.302298e-18 1.155406e-17 5.341645e-16 1.662315e-14 5.315751e-14 2.626484e-14 5.331675e-15 8.363403e-16 3.166484e-16 4.680984e-16 2.789995e-15 2.860006e-14 4.411504e-13 7.588086e-12 1.566956e-10 2.888129e-09 4.460318e-08 4.231545e-07 2.624703e-06 1.157935e-05 4.393992e-05 1.420634e-04 3.584026e-04 7.117843e-04 1.166445e-03 1.968668e-03 2.622127e-03 3.522697e-03 4.558683e-03 5.461438e-03 5.680799e-03 5.517426e-03 5.484467e-03 5.792753e-03 6.851406e-03 7.738493e-03 8.906834e-03 9.576191e-03 9.480789e-03 1.126282e-02 1.420597e-02 1.681863e-02 1.934912e-02 2.035909e-02 2.154050e-02 2.262861e-02 2.394322e-02 2.843850e-02 3.418687e-02 3.827882e-02 4.289020e-02 4.657725e-02 5.074971e-02 5.880871e-02 6.427292e-02 6.766585e-02 7.558886e-02 8.042176e-02 8.099146e-02 8.705247e-02 9.389984e-02 9.582781e-02 9.977884e-02 1.058706e-01 1.104395e-01 1.177314e-01 1.288527e-01 1.392224e-01 1.504987e-01 1.656096e-01 1.822908e-01 2.004209e-01 2.231623e-01 2.472451e-01 2.646365e-01 2.754951e-01 2.875498e-01 3.034078e-01 3.179320e-01 3.299717e-01 3.439187e-01 3.592729e-01 3.707894e-01 3.781547e-01 3.889300e-01 4.089907e-01 4.336125e-01 4.501126e-01 4.507581e-01 4.405074e-01 4.278080e-01 4.163466e-01 4.037189e-01 3.877328e-01 3.705946e-01 3.543082e-01 3.416589e-01 3.318909e-01 3.242146e-01 3.186166e-01 3.130077e-01 3.087754e-01 3.067000e-01 3.077954e-01 3.116212e-01 3.156393e-01 3.172090e-01 3.136891e-01 3.038697e-01 2.870654e-01 2.644031e-01 2.393276e-01 2.144122e-01 1.914946e-01 1.715652e-01 1.554281e-01 1.431810e-01 1.339952e-01 1.266157e-01 1.200899e-01 1.137150e-01 1.071947e-01 1.009732e-01 9.580717e-02 9.204472e-02 8.994233e-02 8.959889e-02 9.096791e-02 9.314622e-02 9.370967e-02 8.963119e-02 8.027921e-02 6.797723e-02 5.643403e-02 4.776109e-02 4.176689e-02 3.803305e-02 3.597595e-02 3.352391e-02 3.075787e-02 2.668343e-02 2.164347e-02 1.630662e-02 1.235388e-02 9.118778e-03 7.319064e-03 6.285335e-03 5.301728e-03 4.637529e-03 3.575379e-03 2.395676e-03 1.517658e-03 8.127597e-04 3.914069e-04 1.522654e-04 3.473724e-05 5.654988e-06 5.066936e-07 3.358342e-08 1.564830e-09 6.239151e-11 3.548276e-12 2.455403e-13 3.087509e-14 4.760686e-15 1.024583e-15 2.656845e-16 4.863474e-17 7.672201e-18 5.488961e-19 3.821261e-20 1.259082e-21 3.308866e-23 3.377538e-25 1.347983e-27 1.270581e-30 3.899720e-34 6.010356e-38 2.409533e-41
1.661660e-41 4.387620e-32 8.595247e-28 9.759743e-24 2.054518e-21 1.717471e-19 9.231359e-18 3.633265e-17 4.737132e-17 2.949404e-16 7.236579e-15 8.349194e-14 1.382478e-13 7.023739e-14 1.946716e-14 6.730023e-15 3.506817e-15 6.188997e-15 3.178364e-14 4.280666e-13 7.642657e-12 1.573220e-10 2.392555e-09 2.911717e-08 2.995130e-07 2.152022e-06 1.234011e-05 4.557734e-05 1.547186e-04 4.500296e-04 1.099256e-03 1.758451e-03 2.342425e-03 3.024945e-03 3.917289e-03 4.799339e-03 5.033517e-03 4.954513e-03 4.872125e-03 5.575492e-03 6.831041e-03 8.743390e-03 1.020123e-02 1.021168e-02 1.192853e-02 1.512099e-02 1.754665e-02 1.911237e-02 1.848933e-02 1.789913e-02 1.893664e-02 2.120144e-02 2.623358e-02 3.305742e-02 3.839893e-02 4.389458e-02 4.923508e-02 5.503014e-02 6.232867e-02 6.484701e-02 6.756055e-02 7.528136e-02 7.857057e-02 8.150986e-02 9.186613e-02 9.914149e-02 1.010662e-01 1.061232e-01 1.091055e-01 1.089089e-01 1.132968e-01 1.192674e-01 1.222906e-01 1.294072e-01 1.442326e-01 1.612567e-01 1.798822e-01 2.042412e-01 2.298734e-01 2.503838e-01 2.713664e-01 2.995742e-01 3.263445e-01 3.407732e-01 3.492659e-01 3.613222e-01 3.736269e-01 3.795471e-01 3.827429e-01 3.908805e-01 4.054297e-01 4.201597e-01 4.280902e-01 4.283513e-01 4.265632e-01 4.267693e-01 4.259647e-01 4.177247e-01 4.014990e-01 3.839001e-01 3.716723e-01 3.645060e-01 3.608534e-01 3.571097e-01 3.512328e-01 3.437768e-01 3.343752e-01 3.262869e-01 3.213968e-01 3.215956e-01 3.264628e-01 3.322105e-01 3.335783e-01 3.260382e-01 3.096380e-01 2.870012e-01 2.617902e-01 2.370398e-01 2.147129e-01 1.963772e-01 1.821322e-01 1.710689e-01 1.619219e-01 1.539948e-01 1.467167e-01 1.393556e-01 1.319468e-01 1.249548e-01 1.189400e-01 1.144116e-01 1.117647e-01 1.111995e-01 1.115950e-01 1.108028e-01 1.063378e-01 9.682892e-02 8.351778e-02 7.001528e-02 5.967036e-02 5.317108e-02 4.991328e-02 4.820286e-02 4.579264e-02 4.252792e-02 3.733079e-02 3.065804e-02 2.350771e-02 1.768833e-02 1.328801e-02 1.016799e-02 8.427013e-03 6.930995e-03 5.936359e-03 4.873432e-03 3.588145e-03 2.460953e-03 1.600525e-03 9.874393e-04 6.990762e-04 4.068189e-04 1.826951e-04 4.656045e-05 6.247729e-06 6.482503e-07 4.960534e-08 3.787878e-09 2.759283e-10 1.786511e-11 1.394393e-12 1.029617e-13 1.514700e-14 2.341091e-15 5.336130e-16 7.909578e-17 1.192626e-17 1.418295e-18 1.396765e-19 8.262507e-21 1.663216e-22 1.030292e-24 1.282485e-27 5.137692e-31 7.693868e-35 2.151452e-38 5.741120e-42
1.062184e-41 2.102648e-35 7.097017e-31 1.146275e-23 9.229272e-19 1.973073e-16 4.501737e-15 3.691938e-14 2.709214e-14 6.509996e-15 4.535690e-15 1.944057e-14 1.689819e-13 6.267165e-13 7.475915e-13 3.240600e-13 1.587642e-13 1.037182e-13 1.665346e-13 4.509490e-13 2.624709e-12 2.278378e-11 2.608519e-10 3.562540e-09 3.825108e-08 4.000547e-07 2.502928e-06 1.446565e-05 5.296269e-05 1.848997e-04 4.336843e-04 8.099806e-04 1.432677e-03 2.055628e-03 2.509935e-03 2.464558e-03 2.860316e-03 3.429665e-03 3.878817e-03 4.643428e-03 6.046287e-03 7.674668e-03 8.435622e-03 1.015930e-02 1.214588e-02 1.305657e-02 1.487412e-02 1.609068e-02 1.636888e-02 1.728971e-02 1.879228e-02 2.353292e-02 3.107345e-02 3.689100e-02 4.266062e-02 4.850476e-02 5.563924e-02 6.408870e-02 6.719246e-02 7.187348e-02 7.934034e-02 8.019082e-02 8.571450e-02 9.874370e-02 1.034391e-01 1.061281e-01 1.134675e-01 1.141863e-01 1.124539e-01 1.169065e-01 1.192901e-01 1.188046e-01 1.266967e-01 1.411112e-01 1.533626e-01 1.674624e-01 1.895620e-01 2.149568e-01 2.378348e-01 2.623654e-01 2.908954e-01 3.154345e-01 3.323038e-01 3.493451e-01 3.712834e-01 3.897443e-01 3.974766e-01 3.997414e-01 4.043233e-01 4.119824e-01 4.172840e-01 4.156871e-01 4.106111e-01 4.108066e-01 4.185559e-01 4.261760e-01 4.248511e-01 4.155748e-01 4.056956e-01 3.991815e-01 3.946432e-01 3.879380e-01 3.788509e-01 3.670715e-01 3.545995e-01 3.452892e-01 3.404641e-01 3.421529e-01 3.489516e-01 3.587908e-01 3.676908e-01 3.704621e-01 3.637505e-01 3.470846e-01 3.251682e-01 3.031733e-01 2.838177e-01 2.669649e-01 2.511484e-01 2.355509e-01 2.201181e-01 2.055941e-01 1.922574e-01 1.802132e-01 1.694100e-01 1.593918e-01 1.501896e-01 1.424546e-01 1.373511e-01 1.355365e-01 1.362597e-01 1.376904e-01 1.366558e-01 1.296319e-01 1.168711e-01 1.022947e-01 9.038886e-02 8.270829e-02 7.895606e-02 7.674373e-02 7.304244e-02 6.705967e-02 5.802524e-02 4.728865e-02 3.707941e-02 2.870686e-02 2.267859e-02 1.840767e-02 1.629135e-02 1.475374e-02 1.349706e-02 1.179589e-02 9.363016e-03 6.759482e-03 4.799133e-03 3.198734e-03 2.395703e-03 1.795651e-03 1.305824e-03 8.273903e-04 3.298380e-04 8.772056e-05 1.508016e-05 1.880044e-06 2.298484e-07 2.249723e-08 2.173139e-09 1.404234e-10 7.519978e-12 5.192717e-13 4.351459e-14 6.849394e-15 6.237669e-16 9.656058e-17 9.397547e-18 1.663358e-18 1.143740e-19 4.545069e-21 4.606572e-23 1.570697e-25 1.558842e-28 5.291905e-32 1.707750e-35 4.161220e-39 5.058687e-42
7.006492e-45 1.025071e-28 2.471466e-18 9.408647e-18 1.398793e-18 1.442758e-18 7.034242e-19 8.683669e-19 2.642305e-18 2.710008e-18 1.625215e-18 3.708029e-18 2.756191e-17 3.328512e-16 2.644823e-15 1.724881e-14 5.985835e-14 1.623887e-13 3.668292e-13 9.569462e-13 3.534037e-12 1.768023e-11 1.358055e-10 1.152015e-09 1.293938e-08 9.932909e-08 7.745307e-07 4.006477e-06 1.853840e-05 5.647073e-05 1.371848e-04 3.207604e-04 6.385095e-04 9.119507e-04 1.030660e-03 1.240341e-03 1.656293e-03 2.278304e-03 3.549580e-03 4.716853e-03 5.684061e-03 6.002881e-03 7.591228e-03 1.024952e-02 1.131001e-02 1.178203e-02 1.052196e-02 9.976523e-03 1.216256e-02 1.543192e-02 2.027262e-02 2.612306e-02 3.022382e-02 3.597485e-02 4.433923e-02 5.386050e-02 6.081065e-02 6.495779e-02 7.433822e-02 8.309685e-02 8.686803e-02 9.702688e-02 1.062258e-01 1.068038e-01 1.130973e-01 1.211780e-01 1.204394e-01 1.214401e-01 1.252098e-01 1.221257e-01 1.201432e-01 1.271383e-01 1.355528e-01 1.429551e-01 1.572748e-01 1.787664e-01 1.994676e-01 2.189874e-01 2.423537e-01 2.670572e-01 2.872591e-01 3.064905e-01 3.295227e-01 3.507636e-01 3.617379e-01 3.654912e-01 3.713300e-01 3.828929e-01 3.951980e-01 3.994794e-01 3.941567e-01 3.890314e-01 3.941911e-01 4.087825e-01 4.218224e-01 4.250889e-01 4.219042e-01 4.186475e-01 4.153385e-01 4.086947e-01 3.997141e-01 3.907374e-01 3.849042e-01 3.815375e-01 3.799682e-01 3.814983e-01 3.858968e-01 3.931465e-01 3.973410e-01 3.937763e-01 3.819451e-01 3.652706e-01 3.497764e-01 3.387056e-01 3.320169e-01 3.254786e-01 3.149533e-01 2.993519e-01 2.801338e-01 2.596970e-01 2.406651e-01 2.246737e-01 2.105924e-01 1.968112e-01 1.831596e-01 1.712833e-01 1.630731e-01 1.598889e-01 1.614445e-01 1.656858e-01 1.680097e-01 1.629682e-01 1.497885e-01 1.320847e-01 1.155584e-01 1.037355e-01 9.719098e-02 9.341900e-02 8.814140e-02 7.952131e-02 6.792228e-02 5.575629e-02 4.507409e-02 3.658448e-02 3.059653e-02 2.666692e-02 2.506577e-02 2.421816e-02 2.336163e-02 2.172214e-02 1.840763e-02 1.400783e-02 1.017011e-02 7.007931e-03 5.067977e-03 3.933351e-03 2.989891e-03 2.339871e-03 1.456399e-03 7.201388e-04 2.776089e-04 7.832926e-05 2.008468e-05 3.781957e-06 5.110883e-07 5.725761e-08 3.616254e-09 2.249554e-10 8.512188e-12 4.585455e-13 3.048839e-14 2.334726e-15 2.524680e-16 2.197491e-17 3.808481e-18 2.771709e-19 1.835138e-20 3.627687e-22 5.694749e-24 2.572998e-26 5.152116e-29 2.655054e-32 6.040778e-36 2.216802e-39 8.337726e-43
8.530967e-36 1.404623e-32 2.797412e-40 1.293656e-39 3.407925e-36 9.559138e-34 2.158618e-31 1.470568e-29 4.331599e-28 1.416972e-26 2.759729e-25 2.089668e-24 3.262660e-23 1.287977e-21 6.281339e-20 2.294004e-18 6.116705e-17 1.048707e-15 1.285970e-14 1.424013e-13 1.233775e-12 1.075058e-11 8.259490e-11 7.997015e-10 5.949205e-09 4.480314e-08 2.712349e-07 1.508222e-06 6.357301e-06 2.061919e-05 5.923930e-05 1.243822e-04 2.694326e-04 4.274272e-04 8.013739e-04 1.154907e-03 1.640221e-03 2.509298e-03 3.179442e-03 3.892462e-03 4.077286e-03 4.759162e-03 5.969651e-03 6.747317e-03 7.524652e-03 7.628383e-03 7.754901e-03 8.851924e-03 1.051164e-02 1.371208e-02 1.829286e-02 2.206556e-02 2.632022e-02 3.289675e-02 3.950206e-02 4.485385e-02 5.303642e-02 6.449539e-02 7.337025e-02 8.497295e-02 1.003959e-01 1.078329e-01 1.138038e-01 1.239882e-01 1.265696e-01 1.248164e-01 1.279365e-01 1.283879e-01 1.242231e-01 1.257846e-01 1.320913e-01 1.355586e-01 1.413888e-01 1.564426e-01 1.746049e-01 1.892461e-01 2.059857e-01 2.284374e-01 2.493301e-01 2.650979e-01 2.822812e-01 3.013099e-01 3.145913e-01 3.236632e-01 3.355807e-01 3.498070e-01 3.616412e-01 3.696121e-01 3.731535e-01 3.728663e-01 3.749381e-01 3.862436e-01 4.053786e-01 4.244791e-01 4.379960e-01 4.460808e-01 4.478956e-01 4.419801e-01 4.311641e-01 4.238816e-01 4.250977e-01 4.299397e-01 4.335410e-01 4.341694e-01 4.348475e-01 4.370345e-01 4.347969e-01 4.256360e-01 4.106928e-01 3.962016e-01 3.874313e-01 3.851990e-01 3.864215e-01 3.846935e-01 3.750821e-01 3.571020e-01 3.347031e-01 3.136030e-01 2.967600e-01 2.834863e-01 2.702288e-01 2.546602e-01 2.369564e-01 2.198810e-01 2.068855e-01 2.005921e-01 2.011174e-01 2.057720e-01 2.090814e-01 2.045331e-01 1.894854e-01 1.668380e-01 1.444687e-01 1.274530e-01 1.167115e-01 1.096463e-01 1.020497e-01 9.158574e-02 7.838731e-02 6.488874e-02 5.325504e-02 4.442171e-02 3.839165e-02 3.408226e-02 3.150308e-02 2.974848e-02 2.811706e-02 2.598415e-02 2.253455e-02 1.801213e-02 1.360658e-02 1.000212e-02 7.307991e-03 5.797975e-03 4.569133e-03 3.755717e-03 2.883622e-03 1.931633e-03 1.162845e-03 5.796764e-04 2.550121e-04 1.169750e-04 3.983006e-05 1.188370e-05 1.876645e-06 1.867895e-07 1.410973e-08 6.244441e-10 3.325919e-11 1.310080e-12 8.988996e-14 6.924391e-15 7.907521e-16 1.045894e-16 8.758548e-18 5.997162e-19 2.072621e-20 9.154498e-22 1.416664e-23 1.356147e-25 1.524521e-28 4.963940e-32 4.197503e-36 3.393300e-40 1.135052e-43
0.000000e+00 0.000000e+00 1.401298e-45 1.401298e-45 1.050974e-43 3.271037e-40 1.029493e-37 1.353319e-35 1.652120e-33 9.751758e-32 4.190070e-30 1.219396e-28 3.078783e-27 1.324655e-25 1.093579e-23 1.053201e-21 6.940097e-20 3.404212e-18 1.239055e-16 3.355926e-15 8.463590e-14 1.641191e-12 2.783495e-11 2.933662e-10 2.507023e-09 1.911889e-08 1.183538e-07 6.049202e-07 2.336855e-06 8.788908e-06 2.471153e-05 6.185427e-05 1.165205e-04 2.753431e-04 5.734029e-04 9.524257e-04 1.432390e-03 1.833733e-03 2.260653e-03 2.529631e-03 2.947762e-03 3.617115e-03 3.697663e-03 3.429941e-03 3.519784e-03 4.079868e-03 5.410903e-03 7.265944e-03 8.950349e-03 1.111999e-02 1.284536e-02 1.508457e-02 1.976256e-02 2.386419e-02 2.857612e-02 3.704977e-02 4.461274e-02 5.252127e-02 6.575049e-02 7.709412e-02 8.647487e-02 1.008289e-01 1.113893e-01 1.161333e-01 1.253345e-01 1.345152e-01 1.357269e-01 1.340576e-01 1.349924e-01 1.376527e-01 1.406326e-01 1.470748e-01 1.596056e-01 1.725217e-01 1.822299e-01 1.966274e-01 2.177865e-01 2.353383e-01 2.468077e-01 2.598056e-01 2.735627e-01 2.831984e-01 2.910024e-01 2.972662e-01 2.998240e-01 3.050979e-01 3.179633e-01 3.292472e-01 3.323380e-01 3.368880e-01 3.539352e-01 3.800810e-01 4.039365e-01 4.187260e-01 4.249289e-01 4.247817e-01 4.216968e-01 4.223422e-01 4.314511e-01 4.460436e-01 4.594186e-01 4.669911e-01 4.731870e-01 4.798459e-01 4.857881e-01 4.876670e-01 4.812118e-01 4.698697e-01 4.572512e-01 4.467325e-01 4.380582e-01 4.275568e-01 4.118297e-01 3.902710e-01 3.677855e-01 3.506795e-01 3.410643e-01 3.362769e-01 3.303613e-01 3.178190e-01 2.970549e-01 2.721934e-01 2.504591e-01 2.374393e-01 2.343623e-01 2.388972e-01 2.456098e-01 2.464759e-01 2.353753e-01 2.133687e-01 1.894442e-01 1.699021e-01 1.564726e-01 1.475023e-01 1.388753e-01 1.268850e-01 1.106088e-01 9.361064e-02 7.897519e-02 6.761987e-02 5.926276e-02 5.250648e-02 4.713087e-02 4.264435e-02 3.864811e-02 3.456955e-02 3.014940e-02 2.573034e-02 2.136707e-02 1.785123e-02 1.501121e-02 1.314897e-02 1.140072e-02 9.592196e-03 7.623676e-03 5.603903e-03 3.893020e-03 2.679657e-03 1.728464e-03 1.155929e-03 7.083184e-04 3.870849e-04 1.841565e-04 4.931694e-05 9.264722e-06 8.755206e-07 6.137061e-08 3.376692e-09 1.460529e-10 7.998955e-12 4.500719e-13 4.502772e-14 4.597104e-15 3.997341e-16 2.169720e-17 9.320878e-19 4.867445e-20 1.530400e-21 2.944230e-23 8.782633e-26 7.852012e-29 8.666469e-33 4.576218e-37 2.148471e-41 2.802597e-45
3.741467e-43 1.401298e-45 1.401298e-45 2.536350e-42 1.755112e-40 3.816886e-39 3.925593e-37 2.529924e-35 3.550698e-34 8.414625e-33 3.522375e-31 1.995589e-29 4.296032e-28 5.947932e-27 2.992087e-25 2.780091e-23 2.803156e-21 2.234670e-19 1.270472e-17 5.271903e-16 1.611414e-14 3.647256e-13 5.790356e-12 6.917439e-11 7.918864e-10 6.430015e-09 5.006519e-08 2.576494e-07 1.314564e-06 5.202802e-06 1.479359e-05 4.066172e-05 9.191793e-05 1.999755e-04 3.883939e-04 7.864417e-04 1.198350e-03 1.366070e-03 1.463771e-03 1.751760e-03 2.348454e-03 2.393640e-03 2.170842e-03 2.348002e-03 2.548299e-03 3.360744e-03 4.880537e-03 6.355406e-03 8.595522e-03 9.950114e-03 1.143304e-02 1.541218e-02 1.798018e-02 2.175370e-02 2.800595e-02 3.222780e-02 4.007411e-02 5.055552e-02 5.620704e-02 6.399046e-02 7.358809e-02 7.823664e-02 8.660544e-02 1.012004e-01 1.123151e-01 1.207153e-01 1.310546e-01 1.419200e-01 1.508815e-01 1.561512e-01 1.603789e-01 1.670262e-01 1.721103e-01 1.757933e-01 1.881409e-01 2.085548e-01 2.244653e-01 2.352449e-01 2.477486e-01 2.579100e-01 2.611966e-01 2.626541e-01 2.667885e-01 2.753192e-01 2.902794e-01 3.070057e-01 3.153112e-01 3.175276e-01 3.288067e-01 3.549639e-01 3.850200e-01 4.055004e-01 4.127298e-01 4.120222e-01 4.114684e-01 4.179106e-01 4.332850e-01 4.523236e-01 4.671165e-01 4.758202e-01 4.848195e-01 4.970957e-01 5.118468e-01 5.214975e-01 5.214032e-01 5.138133e-01 5.014130e-01 4.885681e-01 4.749058e-01 4.608372e-01 4.465981e-01 4.316492e-01 4.184582e-01 4.100538e-01 4.076821e-01 4.078037e-01 4.031613e-01 3.875283e-01 3.597621e-01 3.252995e-01 2.930451e-01 2.696053e-01 2.572688e-01 2.552681e-01 2.590468e-01 2.612615e-01 2.545602e-01 2.366333e-01 2.131881e-01 1.909364e-01 1.742464e-01 1.630939e-01 1.537435e-01 1.419304e-01 1.256940e-01 1.081824e-01 9.272307e-02 8.037950e-02 7.112037e-02 6.376211e-02 5.754348e-02 5.177180e-02 4.646376e-02 4.176215e-02 3.741306e-02 3.394241e-02 3.065758e-02 2.805192e-02 2.628574e-02 2.491111e-02 2.303272e-02 2.040659e-02 1.686473e-02 1.296076e-02 9.730302e-03 7.204917e-03 5.460534e-03 4.161815e-03 3.162614e-03 2.131711e-03 1.314136e-03 6.145058e-04 2.343042e-04 6.285695e-05 1.127588e-05 1.380044e-06 9.538572e-08 4.593497e-09 1.666001e-10 5.830080e-12 2.766694e-13 1.815335e-14 1.631509e-15 1.110721e-16 7.574795e-18 4.114966e-19 1.856299e-20 3.916685e-22 3.085971e-24 9.086137e-27 5.742122e-30 1.094037e-33 5.742233e-38 2.515331e-42 1.401298e-45
1.284999e-35 1.165152e-34 1.266663e-36 5.271350e-38 1.366988e-34 5.917618e-34 1.895745e-33 1.014089e-32 1.303591e-31 1.148449e-30 1.107782e-29 1.428560e-28 3.430025e-27 8.383977e-26 1.969594e-24 6.250461e-23 3.438712e-21 2.236142e-19 1.104248e-17 4.671561e-16 9.965461e-15 1.769581e-13 2.769258e-12 4.711265e-11 4.983782e-10 4.689900e-09 2.778301e-08 1.726770e-07 7.853364e-07 2.740399e-06 8.987251e-06 2.471951e-05 7.107430e-05 1.403951e-04 2.682816e-04 4.129979e-04 5.641557e-04 8.447616e-04 1.133328e-03 1.559182e-03 1.645804e-03 1.717200e-03 2.195622e-03 2.473749e-03 3.290705e-03 4.368279e-03 5.232403e-03 7.165753e-03 8.735678e-03 1.082674e-02 1.488449e-02 1.729319e-02 2.108482e-02 2.629852e-02 2.970295e-02 3.580512e-02 4.097741e-02 4.349096e-02 4.915926e-02 5.256910e-02 5.338223e-02 5.943437e-02 6.831945e-02 7.660976e-02 8.956008e-02 1.083103e-01 1.282065e-01 1.458492e-01 1.599247e-01 1.708655e-01 1.789305e-01 1.832852e-01 1.891796e-01 2.017827e-01 2.139197e-01 2.196165e-01 2.241201e-01 2.300384e-01 2.328539e-01 2.323792e-01 2.343354e-01 2.427155e-01 2.558569e-01 2.691306e-01 2.780581e-01 2.828304e-01 2.914241e-01 3.101461e-01 3.345900e-01 3.556797e-01 3.690932e-01 3.764868e-01 3.834076e-01 3.958310e-01 4.150646e-01 4.364551e-01 4.534118e-01 4.650686e-01 4.768741e-01 4.929488e-01 5.130067e-01 5.306951e-01 5.423124e-01 5.450775e-01 5.407579e-01 5.344010e-01 5.268142e-01 5.203699e-01 5.121919e-01 5.012501e-01 4.893583e-01 4.788145e-01 4.716298e-01 4.650132e-01 4.538288e-01 4.347248e-01 4.073556e-01 3.743541e-01 3.409017e-01 3.128991e-01 2.951698e-01 2.886917e-01 2.898890e-01 2.920293e-01 2.868291e-01 2.699142e-01 2.452290e-01 2.205378e-01 2.018872e-01 1.892071e-01 1.788829e-01 1.668337e-01 1.506957e-01 1.321554e-01 1.144755e-01 9.986258e-02 8.865233e-02 7.974971e-02 7.200852e-02 6.483447e-02 5.854271e-02 5.358053e-02 4.913501e-02 4.536806e-02 4.207389e-02 3.899211e-02 3.629300e-02 3.383910e-02 3.085026e-02 2.742884e-02 2.356612e-02 1.912684e-02 1.545834e-02 1.233132e-02 9.726737e-03 7.730598e-03 5.967474e-03 4.282310e-03 3.056014e-03 1.945473e-03 1.182748e-03 6.648068e-04 3.022121e-04 1.129961e-04 2.510121e-05 3.158870e-06 1.965315e-07 6.415765e-09 1.541696e-10 3.175587e-12 9.881710e-14 7.454781e-15 9.708468e-16 1.833496e-16 1.797959e-17 1.266947e-18 2.737991e-20 4.022568e-22 2.676318e-24 8.404366e-27 7.310679e-30 1.226427e-33 5.304528e-38 1.814682e-42 1.401298e-45
3.550488e-28 1.577629e-29 1.333942e-28 1.182682e-29 1.604053e-30 2.196654e-28 2.226832e-28 3.452146e-28 5.038705e-28 2.783861e-27 6.116321e-27 5.156530e-26 8.433065e-25 2.428076e-23 3.179377e-22 2.152898e-21 3.137039e-20 7.002147e-19 3.313362e-17 1.247568e-15 4.384417e-14 7.643853e-13 1.365980e-11 1.352869e-10 1.187085e-09 6.866700e-09 3.584568e-08 1.444362e-07 4.520970e-07 1.522073e-06 4.246644e-06 1.620958e-05 3.595482e-05 8.057029e-05 1.464384e-04 2.193724e-04 3.668987e-04 5.634010e-04 9.641841e-04 1.120627e-03 1.276554e-03 1.921103e-03 2.638181e-03 4.133013e-03 5.535460e-03 6.376184e-03 8.075654e-03 9.116268e-03 1.125869e-02 1.540700e-02 1.797103e-02 2.134190e-02 2.567771e-02 2.876547e-02 3.361869e-02 3.719372e-02 3.871709e-02 4.073934e-02 3.970896e-02 3.927679e-02 4.368657e-02 4.867281e-02 5.432447e-02 6.525100e-02 7.961868e-02 9.455928e-02 1.110984e-01 1.279552e-01 1.437202e-01 1.583920e-01 1.694482e-01 1.780723e-01 1.882849e-01 1.971700e-01 2.013851e-01 2.046546e-01 2.105541e-01 2.180508e-01 2.251401e-01 2.341329e-01 2.485865e-01 2.637308e-01 2.709557e-01 2.740206e-01 2.844598e-01 3.021871e-01 3.161148e-01 3.220503e-01 3.259815e-01 3.336995e-01 3.456842e-01 3.600586e-01 3.757771e-01 3.912870e-01 4.045572e-01 4.166235e-01 4.309769e-01 4.504499e-01 4.750229e-01 4.996955e-01 5.173424e-01 5.220726e-01 5.194627e-01 5.156658e-01 5.134476e-01 5.112706e-01 5.040557e-01 4.945600e-01 4.844178e-01 4.757380e-01 4.700211e-01 4.665795e-01 4.643500e-01 4.598091e-01 4.481975e-01 4.267811e-01 3.984035e-01 3.706411e-01 3.503191e-01 3.395007e-01 3.361506e-01 3.352504e-01 3.290461e-01 3.128468e-01 2.889937e-01 2.649485e-01 2.463155e-01 2.336245e-01 2.241220e-01 2.129343e-01 1.969952e-01 1.774182e-01 1.577296e-01 1.408752e-01 1.273134e-01 1.161525e-01 1.062945e-01 9.739862e-02 8.948752e-02 8.299404e-02 7.754450e-02 7.286186e-02 6.815118e-02 6.273958e-02 5.655518e-02 5.040824e-02 4.438847e-02 3.844802e-02 3.323005e-02 2.861144e-02 2.527240e-02 2.307539e-02 2.103816e-02 1.842302e-02 1.521702e-02 1.102707e-02 7.693877e-03 5.343481e-03 3.813680e-03 3.299288e-03 2.841329e-03 2.433169e-03 1.514775e-03 4.936807e-04 7.942566e-05 5.688509e-06 2.050975e-07 5.367251e-09 8.961985e-11 1.620977e-12 4.279958e-14 4.438650e-15 1.315878e-15 4.245202e-16 6.525036e-17 2.531173e-18 5.813854e-20 6.245425e-22 4.409929e-24 1.004511e-26 5.138274e-30 4.500342e-34 1.338973e-38 1.499389e-43 1.401298e-45
4.718867e-24 5.145176e-25 2.733922e-24 3.195340e-24 6.857375e-25 3.206113e-25 9.173234e-24 4.940939e-24 1.179649e-23 1.634293e-23 5.143344e-23 6.527339e-23 3.104229e-22 2.523948e-21 2.674401e-20 3.733842e-19 3.423097e-18 6.450496e-17 9.492634e-16 1.826443e-14 2.597029e-13 6.136266e-12 7.920922e-11 6.245171e-10 3.518180e-09 1.560021e-08 6.280237e-08 1.745645e-07 5.970447e-07 1.514350e-06 5.445558e-06 1.332494e-05 3.480030e-05 7.381492e-05 1.193262e-04 2.216609e-04 3.589378e-04 6.260842e-04 8.366984e-04 1.266887e-03 2.249649e-03 3.296791e-03 5.421636e-03 7.718351e-03 9.913950e-03 1.258603e-02 1.339837e-02 1.537057e-02 1.843549e-02 1.962951e-02 2.249063e-02 2.647059e-02 2.985393e-02 3.490888e-02 3.869676e-02 4.025299e-02 4.032137e-02 3.791174e-02 3.741769e-02 4.013142e-02 4.272986e-02 4.691362e-02 5.475061e-02 6.347550e-02 7.328585e-02 8.597410e-02 9.907351e-02 1.121878e-01 1.269892e-01 1.407987e-01 1.527409e-01 1.645879e-01 1.729807e-01 1.757307e-01 1.792711e-01 1.885478e-01 2.002661e-01 2.118551e-01 2.270287e-01 2.464157e-01 2.614428e-01 2.694550e-01 2.833049e-01 3.076732e-01 3.245711e-01 3.220416e-01 3.150922e-01 3.191928e-01 3.316534e-01 3.432986e-01 3.517030e-01 3.588627e-01 3.669335e-01 3.781391e-01 3.936738e-01 4.112118e-01 4.272757e-01 4.421749e-01 4.563525e-01 4.685026e-01 4.791533e-01 4.883380e-01 4.987258e-01 5.077043e-01 5.135390e-01 5.162238e-01 5.133029e-01 5.094417e-01 5.087099e-01 5.148217e-01 5.266811e-01 5.356017e-01 5.316510e-01 5.099285e-01 4.748704e-01 4.368037e-01 4.054048e-01 3.858117e-01 3.772197e-01 3.735887e-01 3.664885e-01 3.505519e-01 3.265858e-01 2.997622e-01 2.752830e-01 2.559463e-01 2.409817e-01 2.262323e-01 2.088411e-01 1.890192e-01 1.690454e-01 1.515386e-01 1.375005e-01 1.266265e-01 1.172225e-01 1.081446e-01 9.972023e-02 9.247994e-02 8.657250e-02 8.190546e-02 7.761703e-02 7.272642e-02 6.719533e-02 6.097129e-02 5.426003e-02 4.762525e-02 4.190595e-02 3.741078e-02 3.449520e-02 3.267118e-02 3.150691e-02 2.929817e-02 2.539355e-02 2.004378e-02 1.442949e-02 1.055990e-02 7.946144e-03 7.053847e-03 7.140409e-03 7.609745e-03 7.659738e-03 4.953624e-03 1.582096e-03 2.181205e-04 1.335934e-05 6.070632e-07 2.253715e-08 7.863455e-10 2.395743e-11 4.299472e-13 1.236036e-14 6.498631e-16 1.497583e-16 3.777377e-17 6.887013e-18 4.555554e-19 1.456214e-20 1.981124e-22 9.388753e-25 1.242462e-27 3.311922e-31 2.408367e-35 3.729584e-40 9.809089e-45 1.401298e-45
7.907428e-22 1.006173e-21 7.308112e-22 3.108129e-21 4.099308e-21 1.060299e-21 1.248831e-21 4.335043e-20 3.384255e-20 1.073094e-20 4.331251e-20 3.577425e-19 8.644226e-19 1.409973e-18 7.175291e-18 7.458201e-17 1.143968e-15 6.438318e-15 3.269958e-14 1.920045e-13 2.568163e-12 2.708484e-11 2.557416e-10 2.376544e-09 1.444954e-08 7.522205e-08 2.238934e-07 9.312853e-07 2.411925e-06 6.288099e-06 1.053287e-05 1.959562e-05 4.106067e-05 6.146059e-05 1.183568e-04 1.935039e-04 3.428039e-04 5.109454e-04 8.410815e-04 1.662067e-03 2.920682e-03 5.383598e-03 8.116364e-03 1.062677e-02 1.387267e-02 1.641672e-02 1.997715e-02 2.333360e-02 2.437409e-02 2.710331e-02 3.094097e-02 3.457310e-02 3.930035e-02 4.243300e-02 4.318397e-02 4.288901e-02 4.201644e-02 4.245708e-02 4.396148e-02 4.570290e-02 4.941418e-02 5.551346e-02 6.157673e-02 6.686278e-02 7.237947e-02 7.815122e-02 8.522403e-02 9.450158e-02 1.043346e-01 1.140862e-01 1.253165e-01 1.366940e-01 1.448931e-01 1.515982e-01 1.609095e-01 1.726474e-01 1.856471e-01 2.013592e-01 2.190659e-01 2.356775e-01 2.541876e-01 2.813641e-01 3.095412e-01 3.211523e-01 3.202168e-01 3.266397e-01 3.434278e-01 3.557926e-01 3.568258e-01 3.544034e-01 3.567936e-01 3.648732e-01 3.750062e-01 3.817516e-01 3.822319e-01 3.809347e-01 3.854257e-01 3.987411e-01 4.170398e-01 4.355896e-01 4.532312e-01 4.672023e-01 4.773435e-01 4.817371e-01 4.831519e-01 4.886428e-01 4.995611e-01 5.183220e-01 5.401358e-01 5.567154e-01 5.586185e-01 5.401315e-01 5.053711e-01 4.655691e-01 4.333559e-01 4.160393e-01 4.128683e-01 4.168032e-01 4.174331e-01 4.065216e-01 3.827585e-01 3.518420e-01 3.223038e-01 2.990735e-01 2.815866e-01 2.655146e-01 2.477426e-01 2.278051e-01 2.076443e-01 1.896790e-01 1.748969e-01 1.631698e-01 1.522570e-01 1.407873e-01 1.295890e-01 1.194063e-01 1.102656e-01 1.024066e-01 9.582496e-02 8.927689e-02 8.240096e-02 7.504599e-02 6.752540e-02 6.034879e-02 5.415205e-02 4.851741e-02 4.432100e-02 4.114115e-02 3.813230e-02 3.435707e-02 2.866836e-02 2.229390e-02 1.640316e-02 1.230602e-02 9.941356e-03 8.989675e-03 9.231386e-03 9.697739e-03 9.605748e-03 7.254805e-03 3.540970e-03 1.037986e-03 1.661666e-04 1.654913e-05 1.445636e-06 1.160674e-07 1.173556e-08 7.953633e-10 3.789334e-11 8.216131e-13 1.200847e-14 3.112020e-16 1.991290e-17 5.708274e-18 1.738883e-18 3.634303e-19 1.767723e-20 2.388821e-22 7.837856e-25 6.662239e-28 1.704936e-31 6.627631e-36 1.799295e-40 1.401298e-45 1.401298e-45
4.473970e-20 5.758871e-20 4.788205e-20 1.025313e-19 2.952169e-19 5.662687e-19 2.783925e-19 1.258245e-18 1.748174e-17 1.151758e-16 1.074330e-16 1.875723e-16 2.499708e-16 7.671898e-16 1.290940e-15 7.317048e-15 2.692760e-14 2.739106e-13 1.769512e-12 1.386920e-11 7.780585e-11 3.584453e-10 2.312789e-09 1.336517e-08 8.493981e-08 2.787974e-07 1.565195e-06 4.824090e-06 1.302865e-05 2.270272e-05 3.064468e-05 4.721468e-05 5.078672e-05 9.568398e-05 1.577106e-04 2.715826e-04 4.191417e-04 6.382056e-04 1.274647e-03 2.146391e-03 3.560982e-03 5.463358e-03 7.343396e-03 1.024026e-02 1.354007e-02 1.811719e-02 2.412011e-02 2.833626e-02 3.297345e-02 3.768800e-02 4.067869e-02 4.449152e-02 4.712915e-02 4.653845e-02 4.503197e-02 4.407497e-02 4.513621e-02 4.870971e-02 5.228503e-02 5.519025e-02 5.867783e-02 6.165710e-02 6.385799e-02 6.702106e-02 7.032940e-02 7.289033e-02 7.598074e-02 7.994413e-02 8.624210e-02 9.673839e-02 1.070743e-01 1.135436e-01 1.218675e-01 1.354282e-01 1.490657e-01 1.612620e-01 1.755601e-01 1.909450e-01 2.059062e-01 2.244760e-01 2.472740e-01 2.654218e-01 2.768695e-01 2.940623e-01 3.223570e-01 3.484566e-01 3.604820e-01 3.639634e-01 3.702675e-01 3.819913e-01 3.926796e-01 3.953051e-01 3.882456e-01 3.770899e-01 3.709022e-01 3.734534e-01 3.821582e-01 3.936678e-01 4.058068e-01 4.170446e-01 4.275757e-01 4.365247e-01 4.483846e-01 4.645841e-01 4.852964e-01 5.112356e-01 5.365972e-01 5.571370e-01 5.650591e-01 5.576943e-01 5.383825e-01 5.144251e-01 4.939850e-01 4.811797e-01 4.774162e-01 4.789192e-01 4.768163e-01 4.628275e-01 4.345044e-01 3.977694e-01 3.620182e-01 3.328730e-01 3.112167e-01 2.941091e-01 2.779185e-01 2.605259e-01 2.433469e-01 2.288559e-01 2.172769e-01 2.074634e-01 1.972470e-01 1.858464e-01 1.734549e-01 1.606961e-01 1.491338e-01 1.397566e-01 1.322357e-01 1.250278e-01 1.173831e-01 1.089514e-01 1.002979e-01 9.204115e-02 8.443944e-02 7.731400e-02 7.089858e-02 6.469984e-02 5.800786e-02 5.076986e-02 4.229933e-02 3.361228e-02 2.605667e-02 2.065220e-02 1.758557e-02 1.669247e-02 1.754642e-02 1.887008e-02 1.825650e-02 1.418216e-02 7.748401e-03 3.031946e-03 9.041236e-04 2.254762e-04 5.918749e-05 1.449353e-05 3.534993e-06 7.225943e-07 8.114049e-08 5.755208e-09 1.601247e-10 2.991863e-12 3.277784e-14 4.629017e-16 2.074366e-17 3.795098e-18 2.172168e-18 6.508545e-19 5.418296e-20 8.063736e-22 2.507778e-24 2.229892e-27 2.488837e-31 1.156936e-35 9.420649e-41 1.401298e-45 1.401298e-45
2.172164e-18 9.330683e-19 2.064230e-18 5.488875e-18 7.242055e-18 2.260333e-17 1.492064e-16 4.202518e-17 1.422726e-16 3.362556e-15 2.440443e-14 2.234881e-14 8.935585e-14 2.146200e-13 1.047156e-12 1.406321e-12 4.100054e-12 1.605176e-11 1.592083e-10 8.343490e-10 2.275481e-09 6.262451e-09 1.564326e-08 6.617115e-08 2.236131e-07 1.572333e-06 5.203837e-06 1.817509e-05 3.613653e-05 5.669295e-05 9.644388e-05 1.043417e-04 1.664046e-04 2.107130e-04 3.078923e-04 4.617586e-04 6.873644e-04 1.300698e-03 1.875591e-03 2.741851e-03 3.933630e-03 4.831715e-03 6.825825e-03 9.537015e-03 1.332165e-02 1.900457e-02 2.423056e-02 3.131725e-02 3.929469e-02 4.426764e-02 4.888283e-02 5.130172e-02 5.037507e-02 5.002008e-02 5.072693e-02 5.274741e-02 5.620250e-02 5.855471e-02 6.087146e-02 6.516942e-02 6.858387e-02 7.050637e-02 7.241269e-02 7.277028e-02 7.228518e-02 7.335252e-02 7.620128e-02 8.207837e-02 8.995295e-02 9.414048e-02 9.717184e-02 1.067355e-01 1.198175e-01 1.296776e-01 1.396863e-01 1.526757e-01 1.652241e-01 1.778144e-01 1.930906e-01 2.072946e-01 2.186555e-01 2.347099e-01 2.614713e-01 2.921569e-01 3.162192e-01 3.337416e-01 3.519998e-01 3.722098e-01 3.880267e-01 3.945966e-01 3.925228e-01 3.855202e-01 3.781704e-01 3.719362e-01 3.666756e-01 3.646410e-01 3.676878e-01 3.745946e-01 3.828630e-01 3.930791e-01 4.087685e-01 4.291168e-01 4.553585e-01 4.860896e-01 5.168601e-01 5.423333e-01 5.546696e-01 5.555745e-01 5.482055e-01 5.376490e-01 5.265569e-01 5.162780e-01 5.092255e-01 5.034277e-01 4.936018e-01 4.753254e-01 4.474648e-01 4.137978e-01 3.787492e-01 3.467758e-01 3.209873e-01 3.005643e-01 2.827784e-01 2.655298e-01 2.496181e-01 2.359357e-01 2.242424e-01 2.135068e-01 2.020485e-01 1.893492e-01 1.756138e-01 1.625870e-01 1.525268e-01 1.454277e-01 1.401871e-01 1.350983e-01 1.291427e-01 1.213795e-01 1.122768e-01 1.037245e-01 9.631546e-02 9.000860e-02 8.455728e-02 7.886472e-02 7.210271e-02 6.508317e-02 5.705748e-02 4.862162e-02 4.101653e-02 3.520093e-02 3.175989e-02 3.066074e-02 3.112981e-02 3.117966e-02 2.860583e-02 2.203139e-02 1.368663e-02 6.840856e-03 3.052434e-03 1.332601e-03 6.341598e-04 3.506370e-04 1.941846e-04 9.549677e-05 2.580959e-05 3.242333e-06 1.760252e-07 5.221875e-09 1.315652e-10 2.795052e-12 4.685241e-14 8.223292e-16 1.766337e-17 1.634651e-18 3.112906e-19 1.079715e-19 1.332391e-20 3.805944e-22 1.899520e-24 9.917698e-28 1.257343e-31 1.618107e-36 1.657035e-41 1.401298e-45 1.401298e-45
6.039703e-17 2.208924e-17 8.866914e-17 2.207448e-16 1.179801e-15 5.225405e-15 1.004004e-14 6.987017e-14 2.275245e-13 5.807658e-13 2.210060e-12 1.133037e-11 1.110277e-11 3.774191e-11 6.093877e-11 1.344755e-10 2.380487e-10 1.054810e-09 2.937632e-09 8.095633e-09 4.416333e-08 1.721865e-07 4.591683e-07 7.491340e-07 3.065588e-06 7.054413e-06 1.927094e-05 3.285330e-05 6.520410e-05 1.424149e-04 2.210269e-04 4.093658e-04 5.394529e-04 7.011041e-04 8.438248e-04 1.116486e-03 1.770228e-03 2.233576e-03 2.839933e-03 3.468590e-03 3.936333e-03 5.375855e-03 7.078563e-03 9.497021e-03 1.319038e-02 1.694819e-02 2.219021e-02 2.834630e-02 3.460679e-02 4.227622e-02 4.776378e-02 4.943512e-02 5.087687e-02 5.464680e-02 6.036104e-02 6.542178e-02 6.799397e-02 7.042827e-02 7.434694e-02 7.656851e-02 7.635336e-02 7.537118e-02 7.412647e-02 7.444454e-02 7.732819e-02 8.187108e-02 8.701908e-02 9.023565e-02 9.075705e-02 9.417230e-02 1.032593e-01 1.123683e-01 1.192695e-01 1.291724e-01 1.427331e-01 1.552370e-01 1.653547e-01 1.736023e-01 1.798455e-01 1.870967e-01 1.994088e-01 2.167415e-01 2.358130e-01 2.563095e-01 2.808429e-01 3.089117e-01 3.359305e-01 3.597479e-01 3.800021e-01 3.956780e-01 4.049388e-01 4.056380e-01 3.970870e-01 3.831753e-01 3.712060e-01 3.651604e-01 3.623317e-01 3.612130e-01 3.645130e-01 3.758135e-01 3.962009e-01 4.206724e-01 4.457704e-01 4.674551e-01 4.841258e-01 4.965154e-01 5.023366e-01 5.045429e-01 5.044962e-01 5.046078e-01 5.049870e-01 5.033693e-01 4.999781e-01 4.934006e-01 4.821856e-01 4.649581e-01 4.409435e-01 4.132434e-01 3.850712e-01 3.579026e-01 3.324758e-01 3.099315e-01 2.920863e-01 2.788540e-01 2.688578e-01 2.597052e-01 2.486978e-01 2.352248e-01 2.203936e-01 2.070541e-01 1.972633e-01 1.908276e-01 1.866243e-01 1.821707e-01 1.745560e-01 1.625763e-01 1.473588e-01 1.323952e-01 1.194910e-01 1.090612e-01 1.002059e-01 9.202024e-02 8.393875e-02 7.585283e-02 6.777219e-02 6.016634e-02 5.318650e-02 4.691862e-02 4.181947e-02 3.785487e-02 3.482339e-02 3.121617e-02 2.634196e-02 1.996689e-02 1.327290e-02 8.061316e-03 4.731636e-03 2.898042e-03 2.030730e-03 1.582034e-03 1.320773e-03 9.611894e-04 5.044664e-04 1.612317e-04 2.588396e-05 2.290680e-06 1.203996e-07 5.624106e-09 2.714292e-10 9.749681e-12 2.787899e-13 3.530024e-15 5.858069e-17 1.097406e-18 1.012582e-19 1.651617e-20 3.858624e-21 1.954052e-22 1.192529e-24 7.539477e-28 4.238873e-32 5.360121e-37 1.336839e-42 1.401298e-45 1.401298e-45
3.713954e-17 1.044600e-16 1.656713e-16 8.580321e-16 9.550779e-15 1.001179e-13 1.604536e-13 1.190915e-12 2.537504e-12 3.861260e-12 7.616095e-12 5.366883e-11 2.153153e-10 5.721680e-10 1.369136e-09 6.823042e-09 2.070965e-08 4.622390e-08 6.150599e-08 1.681983e-07 4.957001e-07 1.507684e-06 4.051358e-06 1.070573e-05 1.638760e-05 2.669120e-05 3.539312e-05 5.875536e-05 1.094708e-04 1.851507e-04 3.872846e-04 7.046512e-04 1.122667e-03 1.558527e-03 2.037879e-03 2.582865e-03 2.934872e-03 3.389481e-03 3.939772e-03 4.338919e-03 5.203214e-03 6.203257e-03 7.832016e-03 1.015635e-02 1.228184e-02 1.502430e-02 1.872953e-02 2.325964e-02 2.867565e-02 3.392236e-02 3.812362e-02 4.224911e-02 4.892301e-02 5.616140e-02 6.128188e-02 6.619906e-02 7.039829e-02 7.276627e-02 7.347903e-02 7.371730e-02 7.375885e-02 7.333919e-02 7.409523e-02 7.716382e-02 8.169977e-02 8.578832e-02 8.818077e-02 9.063441e-02 9.599377e-02 1.031108e-01 1.095196e-01 1.164091e-01 1.257274e-01 1.353757e-01 1.424253e-01 1.483206e-01 1.551904e-01 1.623194e-01 1.689265e-01 1.756966e-01 1.833507e-01 1.936480e-01 2.104171e-01 2.348675e-01 2.621743e-01 2.878452e-01 3.142104e-01 3.454226e-01 3.768631e-01 3.982802e-01 4.045444e-01 3.994514e-01 3.926669e-01 3.883205e-01 3.820094e-01 3.707133e-01 3.590108e-01 3.554190e-01 3.640504e-01 3.828058e-01 4.064582e-01 4.279520e-01 4.472100e-01 4.638001e-01 4.773340e-01 4.864917e-01 4.871050e-01 4.829955e-01 4.777566e-01 4.769010e-01 4.814893e-01 4.861450e-01 4.865372e-01 4.787519e-01 4.616746e-01 4.355379e-01 4.019704e-01 3.665938e-01 3.355209e-01 3.125743e-01 2.979444e-01 2.896522e-01 2.848335e-01 2.795981e-01 2.708896e-01 2.580904e-01 2.433455e-01 2.302948e-01 2.213190e-01 2.168788e-01 2.159862e-01 2.148381e-01 2.088024e-01 1.968664e-01 1.807438e-01 1.634053e-01 1.476268e-01 1.353689e-01 1.261700e-01 1.176910e-01 1.087523e-01 9.963702e-02 9.042935e-02 8.226522e-02 7.484600e-02 6.731670e-02 6.053535e-02 5.388657e-02 4.708264e-02 4.008231e-02 3.262870e-02 2.506780e-02 1.825543e-02 1.274059e-02 9.030762e-03 6.728433e-03 5.638642e-03 5.230059e-03 4.856010e-03 4.235667e-03 2.810878e-03 1.398151e-03 4.883004e-04 1.211613e-04 2.584069e-05 3.888555e-06 5.109594e-07 4.438170e-08 2.715972e-09 9.126454e-11 1.596581e-12 2.053298e-14 1.934630e-16 2.851635e-18 7.934602e-20 9.296210e-21 1.494565e-21 1.271119e-22 1.217999e-24 9.078404e-28 4.715349e-32 2.533753e-37 4.750402e-43 1.401298e-45 1.401298e-45
1.071304e-16 1.083496e-16 4.253722e-16 3.828148e-15 1.086170e-13 3.353645e-13 7.913773e-12 4.445611e-12 1.344133e-11 4.709016e-11 2.170332e-10 6.440029e-10 6.618836e-09 1.304106e-08 3.530112e-08 8.370313e-08 2.769463e-07 3.841895e-07 7.579374e-07 1.513116e-06 3.189029e-06 7.835274e-06 2.035529e-05 5.087144e-05 5.829614e-05 6.092010e-05 6.683335e-05 1.202974e-04 1.850343e-04 3.399437e-04 6.262342e-04 9.979848e-04 1.711960e-03 2.466978e-03 3.586495e-03 4.241438e-03 4.253605e-03 4.545725e-03 4.823000e-03 5.852987e-03 6.974567e-03 7.995354e-03 9.303889e-03 1.020377e-02 1.191928e-02 1.431119e-02 1.629604e-02 1.847952e-02 2.105248e-02 2.388866e-02 2.831203e-02 3.551137e-02 4.194598e-02 4.670137e-02 5.227100e-02 5.686669e-02 6.000307e-02 6.302673e-02 6.453131e-02 6.456409e-02 6.623050e-02 6.978490e-02 7.353171e-02 7.692605e-02 7.935251e-02 8.160824e-02 8.629592e-02 9.330365e-02 1.014134e-01 1.112552e-01 1.212346e-01 1.284996e-01 1.342469e-01 1.412149e-01 1.496051e-01 1.570887e-01 1.612362e-01 1.627380e-01 1.641398e-01 1.666817e-01 1.715189e-01 1.805366e-01 1.937845e-01 2.088639e-01 2.263098e-01 2.513991e-01 2.858514e-01 3.214094e-01 3.468303e-01 3.616833e-01 3.736243e-01 3.851768e-01 3.888845e-01 3.781658e-01 3.595221e-01 3.463555e-01 3.452327e-01 3.558648e-01 3.739225e-01 3.943166e-01 4.149829e-01 4.336867e-01 4.518708e-01 4.654614e-01 4.707236e-01 4.698934e-01 4.660618e-01 4.657421e-01 4.685497e-01 4.735992e-01 4.793473e-01 4.803776e-01 4.710899e-01 4.481001e-01 4.155294e-01 3.823840e-01 3.553023e-01 3.365472e-01 3.250884e-01 3.188439e-01 3.141831e-01 3.066381e-01 2.934338e-01 2.751234e-01 2.558302e-01 2.400959e-01 2.304941e-01 2.266768e-01 2.263365e-01 2.251092e-01 2.192657e-01 2.072775e-01 1.904006e-01 1.729543e-01 1.583704e-01 1.480377e-01 1.411831e-01 1.349024e-01 1.269205e-01 1.176529e-01 1.076853e-01 9.806971e-02 9.079914e-02 8.480150e-02 7.941391e-02 7.414561e-02 6.772064e-02 6.003672e-02 5.155100e-02 4.224601e-02 3.334483e-02 2.619225e-02 2.063828e-02 1.706885e-02 1.481317e-02 1.337032e-02 1.176183e-02 9.686878e-03 6.799470e-03 4.028132e-03 2.093057e-03 9.694407e-04 4.280805e-04 1.743346e-04 5.806828e-05 1.464938e-05 2.010412e-06 1.339479e-07 4.002557e-09 7.447284e-11 1.105748e-12 1.716800e-14 2.231469e-16 2.691837e-18 4.275518e-20 1.668515e-21 1.352769e-22 1.021823e-23 1.645385e-25 2.035726e-28 1.115662e-32 5.611872e-38 6.305843e-44 1.401298e-45 1.401298e-45
1.062975e-15 2.420151e-15 5.804748e-15 6.645560e-13 1.528027e-12 4.622241e-11 6.158490e-11 2.713398e-10 3.656849e-10 1.096207e-09 2.671619e-09 9.029959e-09 1.535297e-08 1.759966e-07 5.715451e-07 1.442403e-06 2.277109e-06 6.853856e-06 1.421454e-05 1.718645e-05 2.799319e-05 4.114792e-05 7.284126e-05 8.687848e-05 1.729429e-04 2.324321e-04 3.813253e-04 4.592967e-04 6.528119e-04 9.129425e-04 1.059845e-03 1.620978e-03 2.115940e-03 3.103147e-03 3.658756e-03 4.192794e-03 4.932514e-03 5.284405e-03 6.164271e-03 7.086864e-03 8.573055e-03 1.024575e-02 1.091125e-02 1.171427e-02 1.235290e-02 1.291009e-02 1.420030e-02 1.543339e-02 1.645475e-02 1.867083e-02 2.237064e-02 2.639142e-02 3.141940e-02 3.720563e-02 4.148386e-02 4.507136e-02 4.888061e-02 5.094474e-02 5.322431e-02 5.787141e-02 6.293668e-02 6.836956e-02 7.382911e-02 7.738643e-02 8.199921e-02 8.952816e-02 9.742384e-02 1.071032e-01 1.192824e-01 1.288739e-01 1.361955e-01 1.455740e-01 1.553062e-01 1.610969e-01 1.618355e-01 1.597836e-01 1.588783e-01 1.607265e-01 1.628051e-01 1.641887e-01 1.678194e-01 1.751421e-01 1.843706e-01 1.963428e-01 2.153649e-01 2.422601e-01 2.699496e-01 2.922337e-01 3.121960e-01 3.343477e-01 3.542401e-01 3.618918e-01 3.550126e-01 3.427164e-01 3.353059e-01 3.376996e-01 3.489898e-01 3.655115e-01 3.823061e-01 3.981465e-01 4.166350e-01 4.368393e-01 4.558248e-01 4.673079e-01 4.702930e-01 4.707577e-01 4.716200e-01 4.765032e-01 4.813078e-01 4.795542e-01 4.675216e-01 4.460638e-01 4.207000e-01 3.957887e-01 3.746296e-01 3.592512e-01 3.497735e-01 3.440952e-01 3.382536e-01 3.291102e-01 3.155952e-01 2.996010e-01 2.846011e-01 2.740978e-01 2.702752e-01 2.728079e-01 2.793021e-01 2.843856e-01 2.827723e-01 2.715254e-01 2.522953e-01 2.310137e-01 2.124135e-01 1.985990e-01 1.887446e-01 1.795667e-01 1.682742e-01 1.543590e-01 1.391495e-01 1.245209e-01 1.127826e-01 1.038805e-01 9.661390e-02 8.988884e-02 8.340811e-02 7.575292e-02 6.689645e-02 5.759177e-02 4.810098e-02 3.969694e-02 3.262546e-02 2.697422e-02 2.289033e-02 1.938726e-02 1.569128e-02 1.204378e-02 8.296001e-03 5.329892e-03 3.410642e-03 2.192983e-03 1.515674e-03 1.056264e-03 6.854628e-04 3.367474e-04 1.094300e-04 2.000916e-05 1.898725e-06 1.029823e-07 3.064548e-09 8.436828e-11 2.067683e-12 4.993859e-14 7.268056e-16 7.167494e-18 6.791365e-20 9.463314e-22 3.040896e-23 1.057451e-24 1.987939e-26 3.210102e-29 2.927462e-33 1.369983e-38 1.821688e-44 1.401298e-45 1.401298e-45
5.928712e-14 2.209201e-14 1.724174e-12 3.048852e-12 8.089678e-11 1.689383e-10 3.656465e-10 7.634831e-10 5.060653e-09 1.883963e-08 9.870551e-08 1.872507e-07 4.690113e-07 9.290063e-07 2.141837e-06 2.703972e-06 5.493358e-06 1.433697e-05 3.271624e-05 6.963625e-05 9.927583e-05 1.366076e-04 1.462173e-04 2.170416e-04 3.390399e-04 7.477057e-04 1.072747e-03 1.337613e-03 1.655319e-03 1.760286e-03 2.307635e-03 2.531784e-03 3.083809e-03 3.287735e-03 3.724840e-03 4.741654e-03 5.961432e-03 7.294400e-03 8.220858e-03 9.043085e-03 9.523595e-03 1.006023e-02 1.089761e-02 1.162019e-02 1.195257e-02 1.246609e-02 1.276578e-02 1.290858e-02 1.417726e-02 1.613070e-02 1.820444e-02 2.141486e-02 2.528234e-02 2.912002e-02 3.335929e-02 3.657560e-02 3.820623e-02 4.056358e-02 4.494284e-02 5.020079e-02 5.632541e-02 6.249663e-02 6.855410e-02 7.704803e-02 8.760893e-02 9.940533e-02 1.145587e-01 1.309062e-01 1.445807e-01 1.581559e-01 1.709157e-01 1.781188e-01 1.790998e-01 1.768479e-01 1.754531e-01 1.765042e-01 1.761590e-01 1.716194e-01 1.672391e-01 1.671895e-01 1.701074e-01 1.734282e-01 1.777910e-01 1.858604e-01 1.987270e-01 2.149255e-01 2.343823e-01 2.591267e-01 2.875044e-01 3.115522e-01 3.241102e-01 3.260615e-01 3.232633e-01 3.214183e-01 3.235977e-01 3.299451e-01 3.390925e-01 3.518313e-01 3.703859e-01 3.948078e-01 4.218854e-01 4.448722e-01 4.637995e-01 4.789094e-01 4.905241e-01 4.999130e-01 5.040739e-01 5.027978e-01 4.925308e-01 4.729450e-01 4.470768e-01 4.193227e-01 3.951083e-01 3.761647e-01 3.616874e-01 3.491254e-01 3.369193e-01 3.243254e-01 3.110598e-01 2.981342e-01 2.878074e-01 2.829192e-01 2.841573e-01 2.898726e-01 2.969105e-01 3.000847e-01 2.957510e-01 2.826640e-01 2.638150e-01 2.438467e-01 2.259641e-01 2.124804e-01 2.031242e-01 1.950037e-01 1.855713e-01 1.736069e-01 1.600065e-01 1.469544e-01 1.360561e-01 1.265942e-01 1.186147e-01 1.110562e-01 1.028665e-01 9.400171e-02 8.397765e-02 7.390909e-02 6.352291e-02 5.343284e-02 4.480395e-02 3.764005e-02 3.156027e-02 2.672555e-02 2.204382e-02 1.764838e-02 1.367330e-02 1.008774e-02 7.716020e-03 6.054021e-03 5.217441e-03 4.670340e-03 4.016807e-03 2.941877e-03 1.634343e-03 6.527856e-04 1.696515e-04 3.102489e-05 3.958463e-06 3.582300e-07 2.472192e-08 9.734400e-10 3.056682e-11 4.312329e-13 4.486900e-15 2.374390e-17 1.580039e-19 1.175890e-21 1.848274e-23 3.922512e-25 5.607169e-27 1.266171e-29 1.596163e-33 1.068843e-38 7.006492e-45 1.401298e-45 1.401298e-45
7.327027e-14 1.366031e-12 2.095030e-12 8.432786e-11 4.850425e-10 1.188053e-09 5.607171e-09 4.546493e-08 9.208109e-08 1.322557e-07 1.300805e-07 5.884304e-07 2.289270e-06 5.222844e-06 1.268248e-05 3.652591e-05 7.243457e-05 7.144705e-05 8.165033e-05 9.658367e-05 1.240913e-04 1.383537e-04 1.963069e-04 3.468874e-04 5.739870e-04 8.363139e-04 1.212536e-03 1.806281e-03 2.019248e-03 2.500179e-03 2.706416e-03 2.927559e-03 2.988978e-03 3.055849e-03 3.876489e-03 4.685072e-03 5.945880e-03 7.723887e-03 8.527550e-03 8.807850e-03 8.586382e-03 8.815439e-03 9.444157e-03 9.214927e-03 9.129610e-03 9.132111e-03 9.389299e-03 1.097023e-02 1.221495e-02 1.334729e-02 1.562305e-02 1.798288e-02 2.061760e-02 2.370395e-02 2.642785e-02 2.859860e-02 3.119253e-02 3.544285e-02 4.026267e-02 4.455621e-02 4.917866e-02 5.534482e-02 6.488477e-02 7.803251e-02 9.356128e-02 1.113542e-01 1.310785e-01 1.503514e-01 1.680327e-01 1.842913e-01 1.970138e-01 2.053453e-01 2.115375e-01 2.148939e-01 2.100096e-01 1.991937e-01 1.922419e-01 1.921669e-01 1.941934e-01 1.929387e-01 1.871607e-01 1.805289e-01 1.780396e-01 1.815847e-01 1.892477e-01 2.012465e-01 2.219843e-01 2.516014e-01 2.814608e-01 3.029264e-01 3.142933e-01 3.174067e-01 3.154955e-01 3.132514e-01 3.145134e-01 3.215654e-01 3.354553e-01 3.556847e-01 3.795080e-01 4.034708e-01 4.259431e-01 4.441894e-01 4.597218e-01 4.740027e-01 4.886679e-01 5.029458e-01 5.092784e-01 5.054644e-01 4.919870e-01 4.740357e-01 4.547029e-01 4.346251e-01 4.150957e-01 3.966325e-01 3.793679e-01 3.619604e-01 3.443247e-01 3.281192e-01 3.160166e-01 3.100339e-01 3.096719e-01 3.137791e-01 3.191035e-01 3.211127e-01 3.164189e-01 3.033934e-01 2.848111e-01 2.649464e-01 2.474947e-01 2.346533e-01 2.256231e-01 2.176273e-01 2.088823e-01 1.987866e-01 1.871093e-01 1.758056e-01 1.665522e-01 1.583909e-01 1.501473e-01 1.410005e-01 1.304492e-01 1.192917e-01 1.076751e-01 9.603986e-02 8.485152e-02 7.404313e-02 6.432602e-02 5.617825e-02 4.904938e-02 4.340391e-02 3.876404e-02 3.381386e-02 2.949406e-02 2.526834e-02 2.192066e-02 1.953178e-02 1.759008e-02 1.583114e-02 1.352769e-02 1.054578e-02 7.233012e-03 4.417370e-03 2.257893e-03 1.066559e-03 4.057047e-04 1.155885e-04 2.321505e-05 2.440967e-06 1.420858e-07 3.408487e-09 3.804043e-11 2.754638e-13 1.235979e-15 6.981251e-18 3.259488e-20 3.177224e-22 3.392043e-24 6.848525e-26 5.764735e-28 1.534870e-30 2.443997e-34 2.433852e-39 1.401298e-45 1.401298e-45 1.401298e-45
1.520598e-12 3.429202e-13 5.162931e-11 1.315417e-09 4.665608e-09 2.870697e-08 8.803680e-08 1.341794e-07 3.038591e-07 1.200005e-06 5.204064e-06 8.547745e-06 7.620100e-06 9.122489e-06 1.852291e-05 5.375357e-05 9.220364e-05 1.640113e-04 1.997155e-04 2.805378e-04 2.831742e-04 4.052654e-04 5.431423e-04 7.184406e-04 8.636034e-04 9.680263e-04 1.147484e-03 1.290191e-03 1.700871e-03 1.904204e-03 2.109440e-03 2.384987e-03 2.670979e-03 3.502025e-03 3.864662e-03 4.789461e-03 5.721315e-03 5.937965e-03 6.767161e-03 6.744884e-03 6.673380e-03 6.420138e-03 5.942658e-03 6.453459e-03 6.598901e-03 6.763502e-03 7.628562e-03 8.196652e-03 9.656462e-03 1.178345e-02 1.320901e-02 1.481033e-02 1.659744e-02 1.862297e-02 2.128830e-02 2.499568e-02 2.963677e-02 3.350546e-02 3.639367e-02 4.104893e-02 4.871238e-02 5.878969e-02 7.053713e-02 8.361174e-02 1.019140e-01 1.257551e-01 1.470253e-01 1.652762e-01 1.857589e-01 2.033898e-01 2.140661e-01 2.229027e-01 2.287102e-01 2.272648e-01 2.237922e-01 2.239257e-01 2.265071e-01 2.275267e-01 2.211320e-01 2.063365e-01 1.906497e-01 1.801454e-01 1.738202e-01 1.706648e-01 1.749203e-01 1.908392e-01 2.175604e-01 2.494890e-01 2.805437e-01 3.057261e-01 3.206007e-01 3.232704e-01 3.178913e-01 3.124247e-01 3.127800e-01 3.205774e-01 3.349105e-01 3.548398e-01 3.790390e-01 4.047916e-01 4.290731e-01 4.492056e-01 4.675327e-01 4.845425e-01 4.994078e-01 5.106375e-01 5.127789e-01 5.045914e-01 4.853454e-01 4.605557e-01 4.365499e-01 4.155593e-01 3.969124e-01 3.784257e-01 3.603121e-01 3.425842e-01 3.260058e-01 3.125870e-01 3.051051e-01 3.050686e-01 3.102323e-01 3.171193e-01 3.215747e-01 3.208369e-01 3.152218e-01 3.063554e-01 2.972054e-01 2.889315e-01 2.811203e-01 2.727684e-01 2.633764e-01 2.523069e-01 2.401024e-01 2.283440e-01 2.178426e-01 2.081145e-01 1.980503e-01 1.857533e-01 1.712344e-01 1.560325e-01 1.401050e-01 1.250737e-01 1.108449e-01 9.724452e-02 8.483075e-02 7.433976e-02 6.582580e-02 5.901897e-02 5.400083e-02 4.870235e-02 4.366384e-02 3.916966e-02 3.422851e-02 3.001150e-02 2.626438e-02 2.199165e-02 1.777560e-02 1.341727e-02 9.186608e-03 6.493445e-03 4.473654e-03 3.295055e-03 2.529962e-03 1.590053e-03 8.663718e-04 2.652376e-04 4.110833e-05 3.039814e-06 7.947181e-08 1.269437e-09 9.011299e-12 6.649163e-14 3.639030e-16 2.290902e-18 1.499952e-20 1.132099e-22 1.262041e-24 1.124229e-26 6.860489e-29 8.546376e-32 2.046608e-35 2.231021e-40 1.401298e-45 1.401298e-45 0.000000e+00
1.520672e-14 1.738889e-12 6.475325e-10 5.993876e-09 5.481196e-08 1.390219e-07 5.814848e-07 1.872898e-06 3.779409e-06 5.217862e-06 8.446983e-06 1.281707e-05 3.800208e-05 8.079452e-05 1.312367e-04 1.113147e-04 1.410907e-04 1.582996e-04 2.662957e-04 3.137006e-04 5.739033e-04 7.936785e-04 1.137356e-03 1.244541e-03 1.353509e-03 1.464251e-03 1.556314e-03 1.713869e-03 1.711142e-03 1.950002e-03 2.040305e-03 2.233208e-03 2.753066e-03 3.149697e-03 3.717420e-03 3.761240e-03 3.648847e-03 3.852257e-03 3.801070e-03 4.114403e-03 4.072853e-03 3.799688e-03 3.985460e-03 4.170162e-03 4.897046e-03 5.696248e-03 6.342165e-03 7.511262e-03 8.359137e-03 9.203144e-03 1.054102e-02 1.198837e-02 1.382667e-02 1.582156e-02 1.805392e-02 2.127636e-02 2.498820e-02 2.959297e-02 3.679732e-02 4.557850e-02 5.425986e-02 6.459452e-02 7.859423e-02 9.665997e-02 1.160580e-01 1.323966e-01 1.498684e-01 1.725526e-01 1.931161e-01 2.095467e-01 2.272121e-01 2.407997e-01 2.448451e-01 2.475999e-01 2.561256e-01 2.672162e-01 2.714087e-01 2.626024e-01 2.455415e-01 2.275803e-01 2.099089e-01 1.936067e-01 1.847251e-01 1.875614e-01 2.009301e-01 2.220103e-01 2.483867e-01 2.758087e-01 3.007545e-01 3.221688e-01 3.369573e-01 3.415647e-01 3.369045e-01 3.283099e-01 3.227911e-01 3.268816e-01 3.428963e-01 3.669610e-01 3.908426e-01 4.089743e-01 4.238657e-01 4.396385e-01 4.598256e-01 4.814163e-01 4.989985e-01 5.086311e-01 5.079745e-01 5.024306e-01 4.958000e-01 4.900712e-01 4.840760e-01 4.750516e-01 4.609882e-01 4.400716e-01 4.139940e-01 3.868769e-01 3.633720e-01 3.459030e-01 3.349412e-01 3.299258e-01 3.285870e-01 3.280490e-01 3.253807e-01 3.193666e-01 3.107281e-01 3.006668e-01 2.899256e-01 2.786438e-01 2.664173e-01 2.531859e-01 2.402194e-01 2.289201e-01 2.188691e-01 2.098182e-01 2.013270e-01 1.920529e-01 1.816774e-01 1.700922e-01 1.572111e-01 1.446715e-01 1.322498e-01 1.190945e-01 1.068512e-01 9.583779e-02 8.649231e-02 7.825976e-02 7.122152e-02 6.470894e-02 5.741545e-02 5.052669e-02 4.380983e-02 3.716610e-02 3.167902e-02 2.613774e-02 2.061947e-02 1.655580e-02 1.243020e-02 9.829696e-03 8.179175e-03 6.823920e-03 6.658568e-03 5.967178e-03 4.928209e-03 3.161154e-03 1.156980e-03 2.764805e-04 2.943107e-05 1.717142e-06 5.649355e-08 9.859215e-10 1.602251e-11 1.383547e-13 1.287377e-15 5.805854e-18 3.020724e-20 1.227715e-22 7.528434e-25 4.002661e-27 1.402944e-29 1.516009e-32 2.350387e-36 4.885067e-41 1.401298e-45 1.401298e-45 0.000000e+00
3.490251e-18 7.174077e-12 9.079034e-10 4.305565e-08 2.556828e-07 2.373385e-06 5.486594e-06 6.200295e-06 1.308754e-05 2.859330e-05 3.610807e-05 5.170151e-05 8.024865e-05 1.448317e-04 1.862518e-04 2.942938e-04 3.357715e-04 4.390707e-04 4.381603e-04 6.541321e-04 7.077305e-04 9.109426e-04 9.735771e-04 1.147155e-03 1.237561e-03 1.420958e-03 1.732041e-03 2.012071e-03 2.345461e-03 2.346335e-03 2.675555e-03 2.918191e-03 3.051958e-03 3.109205e-03 3.055055e-03 2.948654e-03 2.718792e-03 2.631576e-03 2.702533e-03 2.750177e-03 2.933120e-03 3.174685e-03 3.528494e-03 3.971154e-03 4.355297e-03 5.182579e-03 5.954368e-03 6.627929e-03 7.726495e-03 8.593969e-03 9.698600e-03 1.101085e-02 1.195808e-02 1.382306e-02 1.667094e-02 1.983470e-02 2.438342e-02 3.067510e-02 3.856566e-02 4.837468e-02 6.053003e-02 7.518873e-02 8.997329e-02 1.020622e-01 1.124515e-01 1.259453e-01 1.437210e-01 1.599751e-01 1.733355e-01 1.888400e-01 2.047717e-01 2.156088e-01 2.251764e-01 2.404030e-01 2.579312e-01 2.685134e-01 2.717080e-01 2.711647e-01 2.633041e-01 2.478507e-01 2.333202e-01 2.261501e-01 2.261529e-01 2.308698e-01 2.416378e-01 2.610700e-01 2.870054e-01 3.143198e-01 3.386754e-01 3.562677e-01 3.645908e-01 3.637298e-01 3.561510e-01 3.469247e-01 3.429455e-01 3.491679e-01 3.646382e-01 3.848971e-01 4.048722e-01 4.217151e-01 4.365403e-01 4.506712e-01 4.658189e-01 4.790603e-01 4.871819e-01 4.912753e-01 4.929214e-01 4.963785e-01 5.006409e-01 5.024889e-01 4.989601e-01 4.885529e-01 4.723950e-01 4.515378e-01 4.285764e-01 4.070937e-01 3.904633e-01 3.792594e-01 3.713298e-01 3.635725e-01 3.531313e-01 3.394384e-01 3.232763e-01 3.070166e-01 2.920507e-01 2.790755e-01 2.682548e-01 2.591048e-01 2.516578e-01 2.447876e-01 2.378261e-01 2.311258e-01 2.238668e-01 2.148101e-01 2.046658e-01 1.944003e-01 1.834259e-01 1.723810e-01 1.606563e-01 1.473994e-01 1.339067e-01 1.206904e-01 1.087134e-01 9.958903e-02 9.264397e-02 8.643595e-02 8.038762e-02 7.397863e-02 6.739155e-02 6.036328e-02 5.359786e-02 4.750431e-02 4.082901e-02 3.552797e-02 3.074940e-02 2.656572e-02 2.486643e-02 2.263009e-02 2.175583e-02 2.022105e-02 1.649928e-02 1.287878e-02 7.536393e-03 3.576823e-03 1.193988e-03 2.407224e-04 3.543555e-05 2.526092e-06 1.234594e-07 2.868796e-09 4.068408e-11 3.436828e-13 1.395950e-15 4.078586e-18 7.328077e-21 2.003267e-23 6.807362e-26 3.775541e-28 1.234599e-30 1.424836e-33 1.996007e-37 3.080054e-42 1.401298e-45 1.401298e-45 1.401298e-45
3.478219e-25 1.499027e-13 3.560213e-09 2.095830e-07 4.454541e-06 1.162206e-05 2.388209e-05 6.226552e-05 8.144481e-05 6.893907e-05 1.438511e-04 2.366624e-04 3.245779e-04 2.713702e-04 2.878129e-04 4.249917e-04 7.611773e-04 9.936385e-04 1.230228e-03 1.285412e-03 1.266125e-03 1.081665e-03 9.677379e-04 1.009068e-03 1.162373e-03 1.314256e-03 1.513278e-03 1.795247e-03 1.990369e-03 2.350839e-03 2.525753e-03 2.743920e-03 2.675478e-03 2.599304e-03 2.411527e-03 2.299969e-03 2.384991e-03 2.246099e-03 2.281483e-03 2.540494e-03 2.940723e-03 3.628115e-03 3.992163e-03 4.446961e-03 4.991470e-03 5.172622e-03 5.994877e-03 6.708552e-03 6.966361e-03 7.976404e-03 8.821600e-03 9.895949e-03 1.230550e-02 1.466556e-02 1.780110e-02 2.231322e-02 2.661967e-02 3.305078e-02 4.194511e-02 5.127903e-02 6.452307e-02 7.979811e-02 9.068286e-02 1.012089e-01 1.123279e-01 1.204610e-01 1.283844e-01 1.395848e-01 1.553359e-01 1.723728e-01 1.845105e-01 1.965201e-01 2.168757e-01 2.375839e-01 2.479323e-01 2.557372e-01 2.670267e-01 2.736667e-01 2.731780e-01 2.728817e-01 2.735527e-01 2.721137e-01 2.720180e-01 2.782385e-01 2.913471e-01 3.090237e-01 3.280365e-01 3.454671e-01 3.609228e-01 3.752338e-01 3.858870e-01 3.874755e-01 3.799250e-01 3.708473e-01 3.675635e-01 3.726616e-01 3.847501e-01 4.014024e-01 4.202423e-01 4.395683e-01 4.573210e-01 4.687582e-01 4.742645e-01 4.762535e-01 4.788289e-01 4.845091e-01 4.904268e-01 4.954869e-01 4.975957e-01 4.966797e-01 4.934557e-01 4.874164e-01 4.789811e-01 4.682609e-01 4.561960e-01 4.437543e-01 4.316084e-01 4.181429e-01 4.011075e-01 3.790354e-01 3.535651e-01 3.293008e-01 3.094291e-01 2.959122e-01 2.880755e-01 2.835869e-01 2.802905e-01 2.751799e-01 2.673608e-01 2.572277e-01 2.453333e-01 2.327961e-01 2.210001e-01 2.102336e-01 1.996034e-01 1.880534e-01 1.748204e-01 1.598697e-01 1.445215e-01 1.303796e-01 1.185656e-01 1.090806e-01 1.020411e-01 9.638882e-02 9.102600e-02 8.625110e-02 8.063637e-02 7.465062e-02 6.913833e-02 6.394625e-02 5.902838e-02 5.507763e-02 5.134680e-02 4.742830e-02 4.490520e-02 4.065903e-02 3.633659e-02 3.137617e-02 2.394062e-02 1.772206e-02 1.153421e-02 6.945640e-03 4.146483e-03 2.050981e-03 9.070426e-04 2.717971e-04 4.790672e-05 5.118877e-06 2.079092e-07 4.836309e-09 4.226886e-11 2.282180e-13 6.156157e-16 1.169358e-18 1.825631e-21 3.615264e-24 1.069919e-26 4.310907e-29 1.549541e-31 1.405821e-34 1.934881e-38 2.298129e-43 1.401298e-45 1.401298e-45 1.401298e-45
5.809522e-34 3.250093e-17 1.519535e-10 2.266353e-07 6.079080e-06 6.322382e-05 2.383578e-04 3.079731e-04 3.609947e-04 6.451781e-04 6.470274e-04 6.615432e-04 6.191197e-04 8.155402e-04 1.128682e-03 1.347402e-03 1.456829e-03 1.480353e-03 1.714356e-03 1.610971e-03 1.699426e-03 1.482250e-03 1.633855e-03 1.525900e-03 1.570717e-03 1.518486e-03 1.501007e-03 1.490149e-03 1.569137e-03 1.820840e-03 1.936139e-03 1.963326e-03 1.925632e-03 1.811970e-03 1.834441e-03 1.872917e-03 1.974345e-03 2.246503e-03 2.399978e-03 2.647159e-03 3.151064e-03 3.574332e-03 4.169970e-03 4.603656e-03 4.876397e-03 5.273124e-03 5.390449e-03 6.023912e-03 7.267572e-03 8.049427e-03 9.291758e-03 1.158756e-02 1.440630e-02 1.849901e-02 2.263517e-02 2.646591e-02 3.309286e-02 3.974618e-02 4.536366e-02 5.581321e-02 6.746863e-02 7.597506e-02 8.683452e-02 9.651124e-02 1.022521e-01 1.120465e-01 1.245286e-01 1.345544e-01 1.434076e-01 1.527624e-01 1.676072e-01 1.895746e-01 2.074800e-01 2.160397e-01 2.256585e-01 2.374624e-01 2.437608e-01 2.503004e-01 2.641868e-01 2.780334e-01 2.856998e-01 2.941842e-01 3.084306e-01 3.236597e-01 3.350917e-01 3.445315e-01 3.560358e-01 3.713671e-01 3.875106e-01 3.983772e-01 3.997297e-01 3.931374e-01 3.849639e-01 3.817453e-01 3.863116e-01 3.976636e-01 4.122724e-01 4.280891e-01 4.442200e-01 4.591644e-01 4.699133e-01 4.723928e-01 4.698056e-01 4.668642e-01 4.683051e-01 4.764384e-01 4.869042e-01 4.971623e-01 5.037923e-01 5.058734e-01 5.035385e-01 4.965028e-01 4.867785e-01 4.758714e-01 4.638621e-01 4.483806e-01 4.277435e-01 4.024378e-01 3.753719e-01 3.510499e-01 3.329575e-01 3.233680e-01 3.204172e-01 3.199459e-01 3.174042e-01 3.090641e-01 2.950303e-01 2.768997e-01 2.576071e-01 2.403249e-01 2.256117e-01 2.126573e-01 2.009527e-01 1.899045e-01 1.778074e-01 1.644474e-01 1.506985e-01 1.376616e-01 1.276000e-01 1.200948e-01 1.143577e-01 1.104649e-01 1.060968e-01 1.004672e-01 9.393129e-02 8.599075e-02 7.810288e-02 7.018416e-02 6.221797e-02 5.612211e-02 5.113806e-02 4.615659e-02 4.261320e-02 3.792098e-02 3.249902e-02 2.748866e-02 2.121489e-02 1.636234e-02 1.237177e-02 8.938908e-03 6.910777e-03 5.095806e-03 3.731304e-03 2.578185e-03 1.314689e-03 4.715912e-04 8.607759e-05 7.766263e-06 3.328774e-07 6.429294e-09 7.000703e-11 4.439990e-13 1.901713e-15 4.942876e-18 9.601135e-21 1.224285e-23 1.874334e-26 3.039844e-29 5.135764e-32 3.485633e-35 3.333505e-39 4.484155e-44 1.401298e-45 1.401298e-45 1.401298e-45
1.996635e-28 1.347130e-25 9.733818e-18 4.813007e-11 2.841223e-07 2.667368e-05 1.905700e-04 5.959295e-04 1.434816e-03 1.573622e-03 1.608319e-03 1.260474e-03 1.388872e-03 2.022792e-03 2.678152e-03 2.916787e-03 2.694876e-03 2.719599e-03 2.000073e-03 2.009521e-03 1.617898e-03 1.895102e-03 1.693313e-03 1.803738e-03 1.694622e-03 1.708704e-03 1.722131e-03 1.675654e-03 1.833393e-03 1.671893e-03 1.786081e-03 1.694803e-03 1.640963e-03 1.651190e-03 1.692250e-03 1.988504e-03 2.108378e-03 2.378297e-03 2.860258e-03 3.328122e-03 3.489284e-03 3.498412e-03 3.927516e-03 4.354541e-03 4.850084e-03 5.478515e-03 5.864795e-03 6.540401e-03 7.522797e-03 9.086963e-03 1.174811e-02 1.475748e-02 1.809416e-02 2.169959e-02 2.648452e-02 3.369302e-02 3.962461e-02 4.462496e-02 5.331668e-02 6.010775e-02 6.227038e-02 6.706901e-02 7.525480e-02 8.471940e-02 9.593588e-02 1.062262e-01 1.137100e-01 1.220828e-01 1.339911e-01 1.494060e-01 1.653765e-01 1.746805e-01 1.781752e-01 1.853283e-01 1.947562e-01 2.005651e-01 2.097609e-01 2.269146e-01 2.458986e-01 2.636497e-01 2.830868e-01 3.013406e-01 3.115782e-01 3.165763e-01 3.255382e-01 3.429211e-01 3.660441e-01 3.874027e-01 4.006910e-01 4.055607e-01 4.037308e-01 3.964903e-01 3.872182e-01 3.801222e-01 3.795517e-01 3.896739e-01 4.113624e-01 4.398110e-01 4.645722e-01 4.777365e-01 4.793556e-01 4.728066e-01 4.650879e-01 4.599558e-01 4.595333e-01 4.646536e-01 4.714939e-01 4.783868e-01 4.825686e-01 4.837549e-01 4.826887e-01 4.787987e-01 4.721395e-01 4.618825e-01 4.477697e-01 4.288501e-01 4.058050e-01 3.820930e-01 3.621982e-01 3.492483e-01 3.425646e-01 3.391251e-01 3.349479e-01 3.269788e-01 3.153477e-01 3.007439e-01 2.849787e-01 2.699456e-01 2.559820e-01 2.427591e-01 2.294964e-01 2.149576e-01 1.986399e-01 1.818461e-01 1.666710e-01 1.538983e-01 1.445435e-01 1.389605e-01 1.360854e-01 1.341270e-01 1.309472e-01 1.256374e-01 1.181701e-01 1.090502e-01 9.951864e-02 9.081008e-02 8.309526e-02 7.663716e-02 7.130854e-02 6.612616e-02 6.159943e-02 5.588540e-02 4.881020e-02 4.208787e-02 3.450377e-02 2.818725e-02 2.341882e-02 1.948161e-02 1.725955e-02 1.546364e-02 1.369441e-02 1.171237e-02 8.590945e-03 5.309030e-03 2.388725e-03 6.973870e-04 1.216338e-04 1.055079e-05 5.494741e-07 1.358063e-08 2.229823e-10 2.013106e-12 1.086107e-14 2.876307e-17 3.309899e-20 2.175470e-23 9.209877e-27 5.897161e-30 3.704166e-33 1.573025e-36 1.474937e-40 1.401298e-45 1.401298e-45 1.401298e-45 1.401298e-45
8.535741e-29 3.797220e-18 3.846763e-21 5.147188e-19 2.093575e-14 1.458871e-10 7.390911e-08 4.780486e-06 3.712805e-05 1.118056e-04 2.118658e-04 5.560642e-04 1.184399e-03 1.609917e-03 1.607238e-03 1.571584e-03 1.894010e-03 1.784105e-03 1.767042e-03 1.425171e-03 1.480322e-03 1.255985e-03 1.265374e-03 1.223652e-03 1.330161e-03 1.489082e-03 1.632222e-03 1.858560e-03 1.749471e-03 1.841641e-03 1.561305e-03 1.616641e-03 1.680673e-03 1.789244e-03 2.100002e-03 2.125553e-03 2.682726e-03 3.214611e-03 3.567736e-03 3.689194e-03 3.541939e-03 3.719107e-03 3.726418e-03 4.426018e-03 5.172890e-03 5.445380e-03 6.889826e-03 8.105215e-03 9.186638e-03 1.182641e-02 1.439701e-02 1.782029e-02 2.276129e-02 2.805739e-02 3.411905e-02 3.782514e-02 4.135234e-02 4.818343e-02 5.204170e-02 5.242957e-02 5.616156e-02 6.243426e-02 6.781400e-02 7.537714e-02 8.726929e-02 9.938337e-02 1.110480e-01 1.243797e-01 1.368220e-01 1.454843e-01 1.522424e-01 1.611486e-01 1.724363e-01 1.799844e-01 1.828089e-01 1.881971e-01 2.000548e-01 2.147913e-01 2.304019e-01 2.506559e-01 2.747031e-01 2.923013e-01 2.994399e-01 3.049526e-01 3.141722e-01 3.238333e-01 3.320371e-01 3.422656e-01 3.560933e-01 3.693665e-01 3.777177e-01 3.791530e-01 3.756755e-01 3.739886e-01 3.827520e-01 4.052047e-01 4.355867e-01 4.630311e-01 4.784171e-01 4.804699e-01 4.756393e-01 4.699014e-01 4.686720e-01 4.708610e-01 4.730456e-01 4.740084e-01 4.736030e-01 4.765803e-01 4.841086e-01 4.954466e-01 5.084462e-01 5.185200e-01 5.208786e-01 5.109130e-01 4.894384e-01 4.626867e-01 4.368863e-01 4.163179e-01 4.008175e-01 3.882293e-01 3.756950e-01 3.613453e-01 3.462970e-01 3.315415e-01 3.178270e-01 3.049963e-01 2.908738e-01 2.743387e-01 2.548890e-01 2.329543e-01 2.107566e-01 1.903634e-01 1.734946e-01 1.609036e-01 1.525737e-01 1.471830e-01 1.430562e-01 1.386289e-01 1.321448e-01 1.244641e-01 1.160952e-01 1.074452e-01 1.002572e-01 9.405047e-02 8.909063e-02 8.548770e-02 8.230287e-02 7.917167e-02 7.642535e-02 7.233774e-02 6.690726e-02 6.207557e-02 5.571149e-02 5.003123e-02 4.512533e-02 3.962890e-02 3.589308e-02 3.204495e-02 2.800063e-02 2.434053e-02 1.861729e-02 1.311869e-02 8.017016e-03 3.967546e-03 1.737800e-03 5.391564e-04 1.215664e-04 1.665264e-05 1.180414e-06 4.842835e-08 8.697368e-10 8.864263e-12 3.385663e-14 5.562435e-17 3.683542e-20 1.157036e-23 2.795335e-27 7.512337e-31 2.550770e-34 5.955578e-38 4.690146e-42 1.401298e-45 0.000000e+00 0.000000e+00 0.000000e+00
8.399192e-29 2.418710e-18 6.481530e-14 1.164069e-16 9.656890e-18 1.368523e-15 6.797585e-13 1.227480e-10 8.856098e-09 2.367281e-07 3.555612e-06 2.338555e-05 7.338114e-05 1.498530e-04 2.711177e-04 4.259180e-04 5.652909e-04 7.287097e-04 8.537027e-04 9.099554e-04 8.439781e-04 8.358377e-04 8.846879e-04 9.539261e-04 1.097023e-03 1.281807e-03 1.573553e-03 1.701306e-03 1.839179e-03 1.687257e-03 1.719396e-03 1.734148e-03 2.030039e-03 2.467141e-03 2.494138e-03 2.965002e-03 3.229403e-03 3.480518e-03 3.682792e-03 3.662549e-03 4.211500e-03 4.817599e-03 5.570402e-03 5.871587e-03 6.498245e-03 8.350953e-03 9.118566e-03 1.038120e-02 1.348476e-02 1.616548e-02 1.970319e-02 2.341224e-02 2.561071e-02 2.868973e-02 3.165210e-02 3.494968e-02 4.042431e-02 4.371127e-02 4.467916e-02 4.840465e-02 5.302453e-02 5.658899e-02 6.359932e-02 7.373387e-02 8.250854e-02 9.362709e-02 1.101623e-01 1.234753e-01 1.317936e-01 1.434601e-01 1.565442e-01 1.646504e-01 1.695497e-01 1.742218e-01 1.808446e-01 1.899665e-01 1.988671e-01 2.080389e-01 2.241477e-01 2.469322e-01 2.655579e-01 2.763374e-01 2.848163e-01 2.909343e-01 2.925532e-01 2.949738e-01 3.038736e-01 3.172027e-01 3.312337e-01 3.447053e-01 3.543760e-01 3.578974e-01 3.605960e-01 3.711424e-01 3.918909e-01 4.180757e-01 4.436777e-01 4.668740e-01 4.870216e-01 5.023285e-01 5.107897e-01 5.098565e-01 5.005860e-01 4.841101e-01 4.652546e-01 4.515161e-01 4.460555e-01 4.508268e-01 4.623206e-01 4.745733e-01 4.812470e-01 4.776612e-01 4.659798e-01 4.505638e-01 4.357727e-01 4.241562e-01 4.152027e-01 4.072852e-01 3.979763e-01 3.865434e-01 3.740941e-01 3.613181e-01 3.493885e-01 3.374529e-01 3.234388e-01 3.064003e-01 2.861690e-01 2.644588e-01 2.436087e-01 2.247823e-01 2.093100e-01 1.979118e-01 1.898338e-01 1.832220e-01 1.759783e-01 1.670360e-01 1.561447e-01 1.444447e-01 1.332329e-01 1.235261e-01 1.164243e-01 1.111513e-01 1.066187e-01 1.025271e-01 9.769070e-02 9.133919e-02 8.425906e-02 7.636462e-02 6.795917e-02 6.077863e-02 5.428860e-02 4.900574e-02 4.576785e-02 4.231581e-02 3.895187e-02 3.556831e-02 3.076004e-02 2.621796e-02 2.123659e-02 1.616148e-02 1.205732e-02 8.115149e-03 5.344986e-03 3.370293e-03 1.852007e-03 9.183221e-04 3.015544e-04 6.150472e-05 5.818172e-06 2.434790e-07 4.609066e-09 3.762670e-11 1.395552e-13 2.164455e-16 1.707177e-19 5.662156e-23 1.289517e-26 1.650350e-30 2.066254e-34 1.472832e-38 5.787363e-43 1.401298e-45 0.000000e+00 0.000000e+00 0.000000e+00
1.926908e-27 3.544375e-20 3.551553e-15 2.354760e-12 1.270209e-13 1.418294e-15 2.975455e-15 1.806815e-13 1.383236e-11 9.576386e-10 3.684221e-08 4.760268e-07 3.004220e-06 1.435036e-05 4.968124e-05 1.172942e-04 2.194956e-04 3.589946e-04 5.179555e-04 7.029829e-04 8.528793e-04 9.990503e-04 1.093858e-03 1.243524e-03 1.358449e-03 1.518567e-03 1.591188e-03 1.685429e-03 1.786174e-03 1.947606e-03 2.305235e-03 2.550811e-03 2.576451e-03 2.630473e-03 3.305151e-03 3.633404e-03 3.506942e-03 3.302413e-03 3.179988e-03 3.945324e-03 5.154542e-03 6.324503e-03 7.247131e-03 7.770617e-03 8.766839e-03 9.582326e-03 1.123284e-02 1.466123e-02 1.763988e-02 2.073076e-02 2.348021e-02 2.488866e-02 2.801404e-02 3.087269e-02 3.287140e-02 3.675690e-02 3.842707e-02 3.820264e-02 4.201317e-02 4.734092e-02 5.100287e-02 5.659850e-02 6.251635e-02 6.781842e-02 7.942366e-02 9.523158e-02 1.060454e-01 1.184075e-01 1.380625e-01 1.537009e-01 1.626297e-01 1.720947e-01 1.804343e-01 1.874610e-01 1.959285e-01 2.012569e-01 2.046046e-01 2.152575e-01 2.314930e-01 2.437571e-01 2.513600e-01 2.590507e-01 2.652716e-01 2.676344e-01 2.690475e-01 2.723275e-01 2.787096e-01 2.904889e-01 3.069845e-01 3.221639e-01 3.328391e-01 3.438034e-01 3.608475e-01 3.844796e-01 4.119157e-01 4.410643e-01 4.699569e-01 4.963377e-01 5.175679e-01 5.305794e-01 5.328451e-01 5.216883e-01 5.017004e-01 4.795107e-01 4.630987e-01 4.583741e-01 4.630270e-01 4.732262e-01 4.807822e-01 4.803999e-01 4.724361e-01 4.606668e-01 4.508445e-01 4.448906e-01 4.416668e-01 4.383619e-01 4.323787e-01 4.232345e-01 4.113479e-01 3.982298e-01 3.849065e-01 3.708653e-01 3.559074e-01 3.395822e-01 3.217485e-01 3.029070e-01 2.850043e-01 2.691942e-01 2.560533e-01 2.449700e-01 2.344604e-01 2.235323e-01 2.112841e-01 1.973887e-01 1.822184e-01 1.684188e-01 1.577163e-01 1.500287e-01 1.451892e-01 1.417595e-01 1.387287e-01 1.346814e-01 1.283699e-01 1.204345e-01 1.113572e-01 1.015128e-01 9.180762e-02 8.407076e-02 7.752894e-02 7.266613e-02 6.913386e-02 6.519432e-02 6.115908e-02 5.593936e-02 4.945476e-02 4.264407e-02 3.583126e-02 2.925869e-02 2.395393e-02 1.948889e-02 1.620828e-02 1.366050e-02 1.118068e-02 8.898407e-03 6.004501e-03 3.153153e-03 1.092383e-03 2.010392e-04 1.826936e-05 6.705563e-07 1.274542e-08 1.118284e-10 4.656145e-13 1.048326e-15 8.617266e-19 3.793079e-22 4.640341e-26 3.183346e-30 7.570605e-35 1.803667e-39 1.961818e-44 1.401298e-45 1.401298e-45 0.000000e+00 0.000000e+00
1.186104e-27 6.974468e-19 1.874342e-17 1.047659e-13 6.123967e-11 8.838323e-12 2.789105e-13 9.613102e-14 5.755722e-13 1.371665e-11 3.385628e-10 7.401124e-09 1.179884e-07 1.152630e-06 7.255852e-06 3.384098e-05 1.127605e-04 2.985762e-04 5.564787e-04 8.831769e-04 1.182057e-03 1.580192e-03 1.801129e-03 2.034076e-03 2.042684e-03 1.981293e-03 1.909889e-03 1.853481e-03 2.009413e-03 2.231745e-03 2.719112e-03 2.857525e-03 2.874397e-03 2.860816e-03 2.790655e-03 2.856630e-03 3.030553e-03 3.282733e-03 3.970043e-03 4.895994e-03 5.838084e-03 6.785513e-03 8.201222e-03 1.026746e-02 1.136640e-02 1.278363e-02 1.604068e-02 1.886836e-02 2.102523e-02 2.239961e-02 2.316385e-02 2.515725e-02 2.698891e-02 2.893378e-02 3.214955e-02 3.376103e-02 3.480170e-02 3.831181e-02 4.168671e-02 4.439326e-02 4.998402e-02 5.733413e-02 6.496369e-02 7.485431e-02 8.445757e-02 9.308038e-02 1.079522e-01 1.275085e-01 1.432824e-01 1.582389e-01 1.764415e-01 1.920209e-01 2.010890e-01 2.054538e-01 2.075894e-01 2.119448e-01 2.213282e-01 2.294821e-01 2.321624e-01 2.352658e-01 2.421140e-01 2.493260e-01 2.538947e-01 2.560305e-01 2.570196e-01 2.595302e-01 2.671132e-01 2.802029e-01 2.952008e-01 3.096569e-01 3.251714e-01 3.437634e-01 3.655410e-01 3.899350e-01 4.177085e-01 4.497281e-01 4.824852e-01 5.094051e-01 5.235419e-01 5.234749e-01 5.118186e-01 4.909130e-01 4.673746e-01 4.465280e-01 4.329924e-01 4.286719e-01 4.296511e-01 4.335148e-01 4.377378e-01 4.413000e-01 4.425022e-01 4.386873e-01 4.303331e-01 4.195320e-01 4.091437e-01 4.005748e-01 3.935397e-01 3.880374e-01 3.827670e-01 3.762826e-01 3.676350e-01 3.561310e-01 3.428385e-01 3.293235e-01 3.174242e-01 3.063785e-01 2.951081e-01 2.825681e-01 2.672985e-01 2.493215e-01 2.287657e-01 2.079575e-01 1.892366e-01 1.741326e-01 1.631577e-01 1.555065e-01 1.503978e-01 1.459675e-01 1.406302e-01 1.337893e-01 1.254633e-01 1.168604e-01 1.091212e-01 1.022814e-01 9.655412e-02 9.260041e-02 8.957678e-02 8.751170e-02 8.721516e-02 8.537072e-02 8.202312e-02 7.790353e-02 7.095118e-02 6.408556e-02 5.737385e-02 4.973276e-02 4.330172e-02 3.705473e-02 3.166452e-02 2.812222e-02 2.472752e-02 2.213106e-02 1.858056e-02 1.355233e-02 8.387710e-03 3.705871e-03 1.136357e-03 2.075890e-04 2.072080e-05 1.005541e-06 2.661964e-08 3.020807e-10 1.746805e-12 3.448319e-15 3.071121e-18 6.952324e-22 5.987375e-26 1.377153e-30 1.657793e-35 1.335718e-40 1.401298e-45 1.401298e-45 0.000000e+00 0.000000e+00 0.000000e+00
2.034417e-26 3.819280e-18 1.512666e-15 2.252338e-15 2.081757e-13 1.297289e-10 5.948507e-10 6.614805e-11 6.729978e-12 4.632544e-12 2.029416e-11 2.504844e-10 4.880020e-09 7.844590e-08 9.609397e-07 7.438867e-06 4.755632e-05 1.669655e-04 4.622950e-04 8.039864e-04 1.290179e-03 1.510506e-03 1.937530e-03 1.969521e-03 2.101445e-03 2.146597e-03 2.153999e-03 2.444585e-03 2.439473e-03 2.740096e-03 2.559966e-03 2.589651e-03 2.584031e-03 2.405309e-03 2.376267e-03 2.480191e-03 3.130891e-03 4.012965e-03 4.980899e-03 5.584950e-03 6.217836e-03 7.659380e-03 8.752534e-03 9.661129e-03 1.160379e-02 1.415192e-02 1.615460e-02 1.706170e-02 1.824785e-02 2.033397e-02 2.281862e-02 2.515925e-02 2.684011e-02 2.916826e-02 3.086492e-02 3.118377e-02 3.397049e-02 3.865474e-02 4.248015e-02 4.726135e-02 5.233145e-02 5.694869e-02 6.509195e-02 7.671741e-02 8.828591e-02 1.010563e-01 1.151945e-01 1.275067e-01 1.420453e-01 1.625105e-01 1.806450e-01 1.916556e-01 2.026590e-01 2.166036e-01 2.291294e-01 2.357605e-01 2.363410e-01 2.353740e-01 2.362876e-01 2.386001e-01 2.416393e-01 2.451376e-01 2.469940e-01 2.468596e-01 2.480698e-01 2.534412e-01 2.628588e-01 2.753622e-01 2.917146e-01 3.129811e-01 3.373370e-01 3.606959e-01 3.812415e-01 4.019732e-01 4.263363e-01 4.528840e-01 4.755032e-01 4.890736e-01 4.920307e-01 4.847653e-01 4.703344e-01 4.513555e-01 4.336019e-01 4.192867e-01 4.100559e-01 4.077145e-01 4.107685e-01 4.179818e-01 4.245842e-01 4.274189e-01 4.253021e-01 4.181771e-01 4.086260e-01 3.997913e-01 3.950851e-01 3.958219e-01 3.990302e-01 4.000162e-01 3.948428e-01 3.836346e-01 3.698988e-01 3.571391e-01 3.473390e-01 3.388537e-01 3.302492e-01 3.193514e-01 3.051212e-01 2.884280e-01 2.699502e-01 2.522415e-01 2.368288e-01 2.240735e-01 2.135769e-01 2.041828e-01 1.953690e-01 1.847506e-01 1.719932e-01 1.583715e-01 1.445240e-01 1.322454e-01 1.220695e-01 1.140127e-01 1.083334e-01 1.041638e-01 1.003717e-01 9.605759e-02 9.109935e-02 8.420090e-02 7.571227e-02 6.680539e-02 5.833220e-02 5.052789e-02 4.479736e-02 4.016158e-02 3.621249e-02 3.344419e-02 3.013445e-02 2.761706e-02 2.517369e-02 2.249019e-02 1.978787e-02 1.641405e-02 1.278450e-02 8.778496e-03 5.416481e-03 2.698212e-03 1.047902e-03 2.791772e-04 4.171426e-05 3.578418e-06 1.222662e-07 2.033119e-09 1.040182e-11 2.291263e-14 1.491916e-17 3.250431e-21 2.410765e-25 4.692745e-30 5.066041e-35 1.431342e-40 1.401298e-45 1.401298e-45 0.000000e+00 0.000000e+00 0.000000e+00
2.957604e-27 2.599168e-19 2.080920e-15 3.569526e-14 2.171210e-13 5.720645e-12 3.270186e-10 1.455741e-09 5.740329e-10 2.171977e-10 2.651501e-10 7.815335e-10 3.861474e-09 2.952814e-08 2.537619e-07 2.037791e-06 1.076761e-05 5.102946e-05 1.597527e-04 4.012941e-04 6.627213e-04 1.007573e-03 1.134244e-03 1.393887e-03 1.614583e-03 1.884417e-03 2.240459e-03 2.267030e-03 2.635079e-03 2.473231e-03 2.599987e-03 2.368747e-03 2.326803e-03 2.523283e-03 2.540597e-03 2.962276e-03 3.490498e-03 4.417791e-03 5.057784e-03 5.486883e-03 6.160599e-03 6.813366e-03 8.142549e-03 9.633195e-03 1.126925e-02 1.312484e-02 1.395024e-02 1.496635e-02 1.741550e-02 2.055561e-02 2.316100e-02 2.526947e-02 2.758221e-02 2.789491e-02 2.755737e-02 3.025863e-02 3.429466e-02 3.845347e-02 4.408293e-02 4.907509e-02 5.370261e-02 6.128369e-02 7.087719e-02 8.006462e-02 9.031711e-02 1.021753e-01 1.137591e-01 1.270053e-01 1.432814e-01 1.583041e-01 1.717495e-01 1.887115e-01 2.062472e-01 2.182596e-01 2.276071e-01 2.375226e-01 2.445622e-01 2.471146e-01 2.481432e-01 2.489462e-01 2.487719e-01 2.494751e-01 2.539626e-01 2.612342e-01 2.683510e-01 2.755912e-01 2.848621e-01 2.972703e-01 3.132986e-01 3.319694e-01 3.504567e-01 3.667393e-01 3.830609e-01 4.026618e-01 4.251658e-01 4.470689e-01 4.643168e-01 4.738196e-01 4.729551e-01 4.628451e-01 4.494099e-01 4.362351e-01 4.262484e-01 4.191776e-01 4.146991e-01 4.126032e-01 4.098568e-01 4.064226e-01 4.010307e-01 3.946296e-01 3.895514e-01 3.869957e-01 3.878833e-01 3.902796e-01 3.916523e-01 3.902248e-01 3.855307e-01 3.787477e-01 3.709346e-01 3.635760e-01 3.573606e-01 3.517331e-01 3.457345e-01 3.374709e-01 3.266839e-01 3.150396e-01 3.034836e-01 2.922682e-01 2.809260e-01 2.695426e-01 2.582462e-01 2.452525e-01 2.300003e-01 2.127660e-01 1.950568e-01 1.787486e-01 1.643013e-01 1.529460e-01 1.450544e-01 1.396585e-01 1.359409e-01 1.330000e-01 1.293068e-01 1.244101e-01 1.175275e-01 1.077358e-01 9.674085e-02 8.568243e-02 7.461673e-02 6.584392e-02 5.862143e-02 5.290528e-02 4.835746e-02 4.423345e-02 4.078725e-02 3.754698e-02 3.451944e-02 3.159046e-02 2.854457e-02 2.478682e-02 2.119520e-02 1.733451e-02 1.398685e-02 1.116543e-02 7.934038e-03 5.356037e-03 2.615044e-03 8.766478e-04 1.668583e-04 1.440056e-05 6.131555e-07 8.203523e-09 4.965374e-11 9.691340e-14 7.201180e-17 1.991428e-20 1.322577e-24 3.758405e-29 1.345221e-34 2.793208e-40 1.401298e-45 1.401298e-45 1.401298e-45 0.000000e+00 0.000000e+00
2.288769e-25 2.196165e-17 3.147396e-16 4.518467e-13 5.066379e-12 1.449424e-12 6.817136e-12 2.630219e-10 5.040961e-09 1.664713e-08 1.739977e-08 1.347490e-08 1.599880e-08 3.421178e-08 1.123965e-07 4.784500e-07 2.384059e-06 1.087632e-05 3.842580e-05 1.098334e-04 2.300250e-04 4.184648e-04 6.627953e-04 9.404002e-04 1.225372e-03 1.546366e-03 1.806399e-03 2.136856e-03 2.260113e-03 2.463758e-03 2.412021e-03 2.393458e-03 2.543734e-03 2.930527e-03 3.419827e-03 3.507989e-03 3.657594e-03 3.951595e-03 4.602659e-03 5.503915e-03 5.884498e-03 6.204552e-03 6.793275e-03 8.360412e-03 9.750598e-03 9.996467e-03 1.138647e-02 1.428228e-02 1.691089e-02 1.941667e-02 2.242531e-02 2.445612e-02 2.545474e-02 2.660566e-02 2.906630e-02 3.312756e-02 3.755073e-02 4.146986e-02 4.565526e-02 5.096635e-02 5.861319e-02 6.753553e-02 7.457728e-02 8.112724e-02 9.064308e-02 1.021486e-01 1.145548e-01 1.283699e-01 1.400119e-01 1.491286e-01 1.602766e-01 1.718169e-01 1.836515e-01 2.028734e-01 2.255747e-01 2.382188e-01 2.430408e-01 2.494641e-01 2.552127e-01 2.589863e-01 2.656906e-01 2.745095e-01 2.803681e-01 2.845193e-01 2.913540e-01 3.015775e-01 3.142449e-01 3.292674e-01 3.450966e-01 3.574300e-01 3.648209e-01 3.711082e-01 3.804301e-01 3.935722e-01 4.096340e-01 4.286180e-01 4.491044e-01 4.675077e-01 4.783635e-01 4.795038e-01 4.742127e-01 4.640100e-01 4.499018e-01 4.319461e-01 4.134536e-01 3.999650e-01 3.925088e-01 3.910236e-01 3.919771e-01 3.929233e-01 3.925013e-01 3.898223e-01 3.851510e-01 3.788356e-01 3.721274e-01 3.665933e-01 3.640660e-01 3.659768e-01 3.709903e-01 3.760358e-01 3.774191e-01 3.726621e-01 3.624529e-01 3.490008e-01 3.345248e-01 3.206921e-01 3.078862e-01 2.948557e-01 2.803796e-01 2.637960e-01 2.457644e-01 2.271324e-01 2.090581e-01 1.931368e-01 1.799003e-01 1.705017e-01 1.636592e-01 1.580131e-01 1.533692e-01 1.482651e-01 1.418211e-01 1.338988e-01 1.252543e-01 1.158365e-01 1.062622e-01 9.795686e-02 9.032924e-02 8.411456e-02 7.981361e-02 7.569616e-02 7.195593e-02 6.879082e-02 6.426869e-02 6.104461e-02 5.756902e-02 5.341193e-02 5.012158e-02 4.459870e-02 3.933319e-02 3.400194e-02 2.831793e-02 2.464742e-02 2.087950e-02 1.770843e-02 1.430801e-02 9.355131e-03 4.972701e-03 1.593062e-03 2.988331e-04 2.943438e-05 1.234680e-06 2.180401e-08 1.323769e-10 3.174340e-13 2.393161e-16 5.587315e-20 3.558022e-24 3.795874e-29 1.146008e-34 4.328050e-41 1.401298e-45 0.000000e+00 0.000000e+00 0.000000e+00 0.000000e+00
1.615260e-26 1.430276e-18 1.198525e-14 4.324516e-14 5.580905e-13 8.068559e-12 1.663762e-11 7.823729e-11 1.329956e-09 2.040833e-08 7.973054e-08 1.063730e-07 9.409758e-08 8.210124e-08 1.164887e-07 2.530508e-07 8.420191e-07 2.593408e-06 9.390915e-06 2.574277e-05 7.672923e-05 1.616038e-04 3.410558e-04 5.650034e-04 8.577621e-04 1.139751e-03 1.424394e-03 1.827699e-03 2.059481e-03 2.342788e-03 2.385961e-03 2.750234e-03 2.816695e-03 3.194937e-03 3.677543e-03 4.008662e-03 4.055687e-03 3.612572e-03 3.726681e-03 4.203671e-03 5.011901e-03 5.953227e-03 6.615350e-03 7.282777e-03 7.684913e-03 9.087797e-03 1.198999e-02 1.479451e-02 1.778794e-02 2.041523e-02 2.175322e-02 2.292641e-02 2.442431e-02 2.846334e-02 3.457347e-02 3.784420e-02 4.011863e-02 4.453102e-02 5.037118e-02 5.853624e-02 6.645713e-02 7.178754e-02 7.843973e-02 8.720244e-02 9.596684e-02 1.057706e-01 1.174211e-01 1.287566e-01 1.389152e-01 1.480754e-01 1.562961e-01 1.663767e-01 1.797096e-01 1.929571e-01 2.059743e-01 2.232600e-01 2.438527e-01 2.608860e-01 2.712365e-01 2.782897e-01 2.862260e-01 2.959812e-01 3.067148e-01 3.196477e-01 3.368067e-01 3.562959e-01 3.730128e-01 3.836953e-01 3.878942e-01 3.871906e-01 3.849528e-01 3.836564e-01 3.838435e-01 3.866392e-01 3.947804e-01 4.102082e-01 4.303476e-01 4.510133e-01 4.698974e-01 4.860338e-01 4.961838e-01 4.933282e-01 4.778207e-01 4.548545e-01 4.309563e-01 4.116192e-01 3.976508e-01 3.913312e-01 3.904489e-01 3.909301e-01 3.889596e-01 3.834558e-01 3.774970e-01 3.744096e-01 3.760227e-01 3.815186e-01 3.876331e-01 3.915447e-01 3.909113e-01 3.858747e-01 3.784399e-01 3.706296e-01 3.635224e-01 3.570873e-01 3.505001e-01 3.419789e-01 3.310179e-01 3.178542e-01 3.031991e-01 2.874780e-01 2.714151e-01 2.564936e-01 2.426644e-01 2.303437e-01 2.185534e-01 2.071806e-01 1.971780e-01 1.867111e-01 1.752190e-01 1.639442e-01 1.519785e-01 1.396155e-01 1.274723e-01 1.157398e-01 1.052337e-01 9.618066e-02 8.814793e-02 8.021775e-02 7.242247e-02 6.480808e-02 5.781049e-02 5.155240e-02 4.717908e-02 4.311353e-02 4.040769e-02 3.793003e-02 3.492592e-02 3.288715e-02 2.956548e-02 2.694426e-02 2.443673e-02 2.124997e-02 1.898749e-02 1.566027e-02 1.250433e-02 8.723119e-03 4.825213e-03 2.064073e-03 4.983480e-04 7.834326e-05 4.980487e-06 1.303456e-07 1.102466e-09 2.617213e-12 1.950657e-15 3.031148e-19 1.307942e-23 1.022807e-28 1.734376e-34 6.630944e-41 1.401298e-45 1.401298e-45 0.000000e+00 0.000000e+00 0.000000e+00
4.523640e-26 6.065858e-18 3.542301e-15 2.810923e-14 1.251614e-13 2.012676e-12 4.812064e-11 3.712333e-10 1.393288e-09 6.303265e-09 5.917332e-08 3.074338e-07 6.149639e-07 6.971066e-07 6.882045e-07 7.742381e-07 9.863624e-07 1.934767e-06 3.935599e-06 1.043840e-05 2.357625e-05 6.434812e-05 1.299155e-04 2.460593e-04 4.232066e-04 6.567955e-04 1.000229e-03 1.214663e-03 1.633535e-03 1.875521e-03 2.366951e-03 2.503925e-03 2.662399e-03 2.844163e-03 3.072018e-03 3.630871e-03 3.623838e-03 3.851400e-03 3.756760e-03 3.888571e-03 4.656521e-03 5.853671e-03 7.156323e-03 7.114400e-03 8.151892e-03 1.100638e-02 1.270335e-02 1.408101e-02 1.550991e-02 1.706605e-02 1.924462e-02 2.223271e-02 2.689691e-02 3.171282e-02 3.525225e-02 4.092466e-02 4.799027e-02 5.351297e-02 6.020544e-02 6.726122e-02 7.174365e-02 7.743046e-02 8.524631e-02 9.309462e-02 1.043841e-01 1.190387e-01 1.304864e-01 1.383698e-01 1.464180e-01 1.542061e-01 1.599839e-01 1.658181e-01 1.747167e-01 1.861901e-01 2.006462e-01 2.211998e-01 2.457797e-01 2.664782e-01 2.831564e-01 3.001820e-01 3.140560e-01 3.227630e-01 3.338729e-01 3.526315e-01 3.745242e-01 3.939090e-01 4.095307e-01 4.195017e-01 4.225136e-01 4.212056e-01 4.183387e-01 4.132582e-01 4.065287e-01 4.030313e-01 4.058220e-01 4.133255e-01 4.231704e-01 4.369769e-01 4.551742e-01 4.724002e-01 4.831774e-01 4.846611e-01 4.793334e-01 4.674900e-01 4.506347e-01 4.324230e-01 4.138364e-01 3.983295e-01 3.865471e-01 3.786384e-01 3.726679e-01 3.659480e-01 3.589230e-01 3.535201e-01 3.516247e-01 3.527962e-01 3.547657e-01 3.562576e-01 3.574179e-01 3.588577e-01 3.600942e-01 3.602193e-01 3.580475e-01 3.533118e-01 3.465893e-01 3.374923e-01 3.259574e-01 3.129900e-01 2.994127e-01 2.853753e-01 2.699882e-01 2.538430e-01 2.375609e-01 2.214781e-01 2.068404e-01 1.935324e-01 1.827661e-01 1.742454e-01 1.661501e-01 1.582690e-01 1.509844e-01 1.438190e-01 1.357870e-01 1.276543e-01 1.190965e-01 1.093134e-01 9.891655e-02 8.831756e-02 7.729515e-02 6.794766e-02 6.004917e-02 5.296658e-02 4.781770e-02 4.341370e-02 3.923067e-02 3.628350e-02 3.332071e-02 3.068035e-02 2.870327e-02 2.576210e-02 2.336032e-02 2.040159e-02 1.731591e-02 1.537533e-02 1.287839e-02 1.101533e-02 8.087954e-03 4.607479e-03 1.772360e-03 3.315167e-04 3.036942e-05 8.604613e-07 7.770190e-09 1.810870e-11 1.043384e-14 1.634869e-18 5.378173e-23 4.628900e-28 6.655381e-34 1.907041e-40 1.401298e-45 1.401298e-45 0.000000e+00 0.000000e+00 0.000000e+00
3.515997e-25 1.581495e-18 1.675609e-18 8.254228e-15 3.791625e-11 4.513382e-09 4.713344e-08 1.845622e-07 1.645313e-07 1.032769e-07 8.307570e-08 2.337106e-07 8.453287e-07 2.427403e-06 3.681104e-06 4.297617e-06 4.671493e-06 5.489241e-06 7.784924e-06 1.206153e-05 2.119721e-05 3.673377e-05 6.833349e-05 1.310922e-04 2.179240e-04 3.825074e-04 5.699286e-04 8.703112e-04 1.108751e-03 1.474056e-03 1.693465e-03 1.812937e-03 1.956517e-03 2.207502e-03 2.382604e-03 2.189954e-03 2.504160e-03 2.863681e-03 3.062899e-03 3.472352e-03 4.242419e-03 5.038115e-03 5.336882e-03 6.368070e-03 7.838625e-03 8.601089e-03 1.016501e-02 1.240361e-02 1.389812e-02 1.525641e-02 1.766323e-02 2.244712e-02 2.914992e-02 3.538465e-02 4.006106e-02 4.456550e-02 5.126506e-02 6.158681e-02 7.028919e-02 7.400079e-02 7.997598e-02 8.791480e-02 9.554656e-02 1.082215e-01 1.216641e-01 1.291240e-01 1.367564e-01 1.446613e-01 1.497558e-01 1.567079e-01 1.667370e-01 1.767864e-01 1.868007e-01 1.991859e-01 2.148544e-01 2.317976e-01 2.495032e-01 2.718540e-01 2.977178e-01 3.188686e-01 3.343582e-01 3.519120e-01 3.736227e-01 3.970872e-01 4.223456e-01 4.461297e-01 4.614406e-01 4.675575e-01 4.698638e-01 4.694796e-01 4.631542e-01 4.523867e-01 4.419499e-01 4.339099e-01 4.287792e-01 4.287317e-01 4.357987e-01 4.485287e-01 4.618774e-01 4.716161e-01 4.771980e-01 4.772552e-01 4.718331e-01 4.602301e-01 4.447151e-01 4.307669e-01 4.205781e-01 4.156631e-01 4.132964e-01 4.109774e-01 4.079125e-01 4.034549e-01 3.980404e-01 3.924038e-01 3.884437e-01 3.882352e-01 3.922109e-01 3.986695e-01 4.049587e-01 4.085990e-01 4.069325e-01 3.993258e-01 3.869982e-01 3.719904e-01 3.567759e-01 3.425294e-01 3.291597e-01 3.167540e-01 3.052762e-01 2.936736e-01 2.805421e-01 2.659296e-01 2.513348e-01 2.371410e-01 2.245081e-01 2.132562e-01 2.023038e-01 1.919082e-01 1.809091e-01 1.685306e-01 1.557983e-01 1.431725e-01 1.312958e-01 1.192687e-01 1.083827e-01 9.925365e-02 9.076123e-02 8.372673e-02 7.867718e-02 7.350578e-02 6.897737e-02 6.544179e-02 6.023042e-02 5.659826e-02 5.274941e-02 4.881821e-02 4.600640e-02 4.205959e-02 3.798271e-02 3.375868e-02 2.872131e-02 2.498470e-02 2.151743e-02 1.947783e-02 1.855737e-02 1.699762e-02 1.499696e-02 9.460792e-03 4.125798e-03 8.189131e-04 6.834735e-05 2.066690e-06 1.618525e-08 4.144944e-11 2.059146e-14 3.320615e-18 8.987731e-23 6.290199e-28 5.948780e-34 9.243385e-41 1.401298e-45 0.000000e+00 0.000000e+00 0.000000e+00 0.000000e+00
1.046993e-27 3.661252e-18 6.002309e-10 1.522923e-08 5.464624e-09 2.771373e-09 1.354079e-09 1.185602e-09 2.042803e-09 2.283237e-09 3.057083e-09 5.580160e-09 2.496567e-08 1.258633e-07 5.828751e-07 1.753681e-06 4.441085e-06 7.853111e-06 1.289002e-05 1.827706e-05 2.795337e-05 3.931468e-05 6.418377e-05 1.040713e-04 1.952798e-04 2.899816e-04 4.380554e-04 5.930922e-04 7.842337e-04 9.261862e-04 9.905915e-04 1.192309e-03 1.322991e-03 1.354149e-03 1.301837e-03 1.423742e-03 1.540892e-03 1.655692e-03 2.241021e-03 2.941235e-03 3.356374e-03 3.709700e-03 4.576982e-03 6.076504e-03 6.845975e-03 7.118858e-03 7.633055e-03 8.106958e-03 9.519560e-03 1.256950e-02 1.725809e-02 2.238164e-02 2.655661e-02 3.159403e-02 3.897773e-02 4.813924e-02 5.846097e-02 6.680725e-02 7.416418e-02 8.407541e-02 9.372363e-02 1.042600e-01 1.184421e-01 1.290561e-01 1.343073e-01 1.396713e-01 1.440566e-01 1.477461e-01 1.533493e-01 1.608648e-01 1.707383e-01 1.825455e-01 1.955275e-01 2.114114e-01 2.297342e-01 2.476122e-01 2.657602e-01 2.849158e-01 3.033636e-01 3.230817e-01 3.459164e-01 3.684857e-01 3.896217e-01 4.126869e-01 4.371226e-01 4.597174e-01 4.790926e-01 4.925739e-01 4.954727e-01 4.876761e-01 4.761959e-01 4.682950e-01 4.649594e-01 4.642294e-01 4.659640e-01 4.713286e-01 4.785428e-01 4.835093e-01 4.825915e-01 4.774500e-01 4.720981e-01 4.658984e-01 4.590235e-01 4.524185e-01 4.490548e-01 4.500746e-01 4.508711e-01 4.480614e-01 4.383518e-01 4.224928e-01 4.044679e-01 3.882447e-01 3.776167e-01 3.737545e-01 3.765310e-01 3.845972e-01 3.959864e-01 4.075015e-01 4.155140e-01 4.174566e-01 4.126646e-01 4.022220e-01 3.892849e-01 3.759817e-01 3.633040e-01 3.523406e-01 3.431454e-01 3.346109e-01 3.260008e-01 3.177841e-01 3.100337e-01 3.013029e-01 2.915510e-01 2.804586e-01 2.667976e-01 2.504270e-01 2.312292e-01 2.104649e-01 1.901500e-01 1.710309e-01 1.530667e-01 1.366972e-01 1.218072e-01 1.086185e-01 9.719447e-02 8.756104e-02 8.017004e-02 7.367995e-02 6.782033e-02 6.248481e-02 5.693691e-02 5.202397e-02 4.813801e-02 4.443374e-02 4.210241e-02 3.969558e-02 3.761593e-02 3.562295e-02 3.293256e-02 3.093192e-02 2.840561e-02 2.632711e-02 2.538920e-02 2.352027e-02 2.349417e-02 2.258268e-02 1.925648e-02 1.483297e-02 6.344668e-03 1.698215e-03 1.573951e-04 5.447559e-06 6.180482e-08 1.330531e-10 1.037547e-13 9.505035e-18 3.027513e-22 9.686122e-28 7.548785e-34 6.456062e-41 1.401298e-45 1.401298e-45 0.000000e+00 0.000000e+00 0.000000e+00
1.762547e-24 3.943787e-17 3.018380e-19 9.849001e-19 1.619884e-17 1.049045e-16 7.170580e-16 5.267205e-15 3.634743e-14 3.338213e-13 2.429960e-12 1.755948e-11 1.191971e-10 1.329293e-09 1.270735e-08 9.243895e-08 4.321689e-07 1.547741e-06 4.148245e-06 9.686144e-06 2.026390e-05 3.866721e-05 6.533643e-05 1.037663e-04 1.477156e-04 2.209216e-04 3.036467e-04 4.024450e-04 5.039404e-04 5.965125e-04 7.311252e-04 7.603353e-04 8.306289e-04 8.795998e-04 1.024051e-03 1.143030e-03 1.221256e-03 1.517151e-03 1.762264e-03 1.964147e-03 2.294070e-03 2.716810e-03 3.505425e-03 4.128320e-03 4.670105e-03 5.333339e-03 5.516687e-03 6.258160e-03 8.101769e-03 1.052884e-02 1.372277e-02 1.732706e-02 2.126213e-02 2.668806e-02 3.347655e-02 4.034461e-02 4.723078e-02 5.576813e-02 6.760583e-02 8.352251e-02 1.005026e-01 1.161410e-01 1.285786e-01 1.353286e-01 1.406185e-01 1.462887e-01 1.478938e-01 1.494015e-01 1.563627e-01 1.662408e-01 1.793448e-01 1.985267e-01 2.189414e-01 2.365208e-01 2.559105e-01 2.763841e-01 2.904430e-01 3.000069e-01 3.134900e-01 3.322985e-01 3.531026e-01 3.756928e-01 4.004345e-01 4.249774e-01 4.467313e-01 4.646118e-01 4.775981e-01 4.852705e-01 4.901610e-01 4.963677e-01 5.063847e-01 5.183968e-01 5.269568e-01 5.288244e-01 5.266969e-01 5.247862e-01 5.225881e-01 5.183781e-01 5.115308e-01 5.026969e-01 4.941901e-01 4.872231e-01 4.842142e-01 4.841176e-01 4.847602e-01 4.847369e-01 4.816831e-01 4.766731e-01 4.690482e-01 4.596155e-01 4.504370e-01 4.432155e-01 4.393578e-01 4.377310e-01 4.364429e-01 4.341353e-01 4.317004e-01 4.302040e-01 4.294970e-01 4.282853e-01 4.256056e-01 4.208916e-01 4.135257e-01 4.028804e-01 3.888283e-01 3.734794e-01 3.591318e-01 3.456236e-01 3.324279e-01 3.195565e-01 3.065426e-01 2.928299e-01 2.775452e-01 2.609138e-01 2.440644e-01 2.271942e-01 2.104544e-01 1.935952e-01 1.779099e-01 1.633434e-01 1.493532e-01 1.362966e-01 1.238214e-01 1.130178e-01 1.027516e-01 9.266746e-02 8.341810e-02 7.472736e-02 6.598002e-02 5.862502e-02 5.202702e-02 4.601193e-02 4.185600e-02 3.816180e-02 3.521162e-02 3.358239e-02 3.156840e-02 3.035713e-02 2.982331e-02 2.839570e-02 2.835973e-02 2.732669e-02 2.587707e-02 2.556588e-02 2.354932e-02 2.341782e-02 2.292141e-02 1.833867e-02 1.182913e-02 3.588837e-03 4.815584e-04 2.137540e-05 2.167271e-07 6.398548e-10 2.784746e-13 3.455802e-17 5.367276e-22 1.889301e-27 8.074265e-34 5.132396e-41 1.401298e-45 0.000000e+00 0.000000e+00 0.000000e+00 0.000000e+00
2.782603e-31 1.498579e-30 6.045314e-24 1.410985e-22 1.478853e-21 4.526422e-20 6.786086e-19 9.500401e-18 1.689733e-16 2.276943e-15 3.453338e-14 4.244698e-13 5.462578e-12 5.937599e-11 7.074197e-10 8.294133e-09 5.589018e-08 2.838323e-07 9.914050e-07 3.277381e-06 7.013934e-06 1.694418e-05 3.163640e-05 5.725148e-05 8.369006e-05 1.292782e-04 1.889875e-04 2.470389e-04 3.127035e-04 3.829173e-04 4.523316e-04 5.111841e-04 5.666332e-04 6.844694e-04 8.549092e-04 1.010231e-03 1.178291e-03 1.262923e-03 1.320668e-03 1.431895e-03 1.683948e-03 2.114153e-03 2.369942e-03 2.544674e-03 2.892263e-03 3.331216e-03 4.236368e-03 5.579857e-03 6.899836e-03 8.632204e-03 1.032853e-02 1.217331e-02 1.592311e-02 2.024015e-02 2.447767e-02 3.076049e-02 3.792157e-02 4.655859e-02 5.918653e-02 7.280883e-02 8.776385e-02 1.042126e-01 1.156505e-01 1.250439e-01 1.345234e-01 1.403678e-01 1.491624e-01 1.634703e-01 1.751343e-01 1.852495e-01 1.993857e-01 2.154114e-01 2.337533e-01 2.548981e-01 2.713594e-01 2.827139e-01 2.973348e-01 3.127818e-01 3.217343e-01 3.289002e-01 3.429368e-01 3.639688e-01 3.865903e-01 4.070485e-01 4.255719e-01 4.418619e-01 4.504250e-01 4.487476e-01 4.469299e-01 4.571388e-01 4.810741e-01 5.116307e-01 5.417517e-01 5.655949e-01 5.763094e-01 5.699930e-01 5.512701e-01 5.312237e-01 5.166150e-01 5.079811e-01 5.045841e-01 5.044299e-01 5.078726e-01 5.120383e-01 5.138058e-01 5.122362e-01 5.064843e-01 5.005000e-01 4.956603e-01 4.917451e-01 4.874582e-01 4.818125e-01 4.760518e-01 4.712730e-01 4.676479e-01 4.651903e-01 4.647558e-01 4.664763e-01 4.682240e-01 4.664893e-01 4.595888e-01 4.483694e-01 4.342890e-01 4.192770e-01 4.043138e-01 3.890284e-01 3.742020e-01 3.605204e-01 3.475804e-01 3.347516e-01 3.217674e-01 3.081726e-01 2.925276e-01 2.750967e-01 2.578767e-01 2.414366e-01 2.251591e-01 2.085190e-01 1.915325e-01 1.751019e-01 1.591988e-01 1.439131e-01 1.305932e-01 1.178538e-01 1.064406e-01 9.674790e-02 8.721786e-02 7.917511e-02 7.265459e-02 6.579194e-02 6.020341e-02 5.528285e-02 5.009902e-02 4.667736e-02 4.410454e-02 4.210111e-02 4.169917e-02 4.119861e-02 4.016620e-02 3.962816e-02 3.686529e-02 3.441086e-02 3.160690e-02 2.851271e-02 2.672613e-02 2.586227e-02 2.613512e-02 2.454945e-02 1.703138e-02 6.021720e-03 9.048204e-04 3.539263e-05 3.553968e-07 6.655896e-10 2.499078e-13 1.954345e-17 2.236860e-22 5.307039e-28 1.227169e-34 5.263277e-42 0.000000e+00 0.000000e+00 0.000000e+00 0.000000e+00 0.000000e+00
1.530916e-22 2.951560e-22 8.503785e-24 4.922980e-21 3.222402e-20 1.133898e-19 1.427173e-18 1.291817e-17 1.111698e-16 1.450578e-15 2.088793e-14 3.133571e-13 3.180807e-12 2.684818e-11 2.656610e-10 2.442182e-09 2.533944e-08 1.322485e-07 5.766742e-07 1.448455e-06 4.478658e-06 7.661634e-06 1.622997e-05 2.622444e-05 5.106225e-05 7.838244e-05 1.147963e-04 1.631092e-04 2.020612e-04 2.826886e-04 3.348657e-04 4.431664e-04 5.358298e-04 6.458436e-04 7.997547e-04 9.760919e-04 1.189015e-03 1.200036e-03 1.164927e-03 1.341111e-03 1.544766e-03 1.701710e-03 1.838652e-03 2.086263e-03 2.507170e-03 3.143632e-03 4.258545e-03 5.695849e-03 7.194194e-03 8.650681e-03 1.049510e-02 1.333838e-02 1.605267e-02 1.924017e-02 2.382466e-02 2.847875e-02 3.559133e-02 4.515709e-02 5.350848e-02 6.363875e-02 7.508162e-02 8.435543e-02 9.628856e-02 1.096757e-01 1.208801e-01 1.372252e-01 1.587989e-01 1.755606e-01 1.938889e-01 2.188469e-01 2.359276e-01 2.428835e-01 2.520480e-01 2.648781e-01 2.794418e-01 2.965394e-01 3.110933e-01 3.195141e-01 3.257436e-01 3.316112e-01 3.368258e-01 3.425667e-01 3.507344e-01 3.642381e-01 3.843249e-01 4.064330e-01 4.261211e-01 4.453718e-01 4.664851e-01 4.870316e-01 5.064504e-01 5.281842e-01 5.518594e-01 5.700525e-01 5.774617e-01 5.775295e-01 5.754391e-01 5.726708e-01 5.661327e-01 5.542248e-01 5.411174e-01 5.299742e-01 5.243466e-01 5.243604e-01 5.289314e-01 5.363405e-01 5.410773e-01 5.421767e-01 5.397477e-01 5.359054e-01 5.322663e-01 5.277711e-01 5.222510e-01 5.168725e-01 5.131335e-01 5.107165e-01 5.077971e-01 5.017747e-01 4.909753e-01 4.752415e-01 4.561852e-01 4.361159e-01 4.169858e-01 3.995761e-01 3.847054e-01 3.713753e-01 3.580754e-01 3.448793e-01 3.311363e-01 3.166173e-01 3.017206e-01 2.860978e-01 2.702267e-01 2.542778e-01 2.376806e-01 2.209447e-01 2.042549e-01 1.881487e-01 1.722724e-01 1.578760e-01 1.448412e-01 1.323880e-01 1.206907e-01 1.094499e-01 9.920432e-02 8.970022e-02 8.141532e-02 7.379587e-02 6.648358e-02 5.982662e-02 5.348304e-02 4.764726e-02 4.300245e-02 3.959927e-02 3.722585e-02 3.584854e-02 3.500927e-02 3.410615e-02 3.321683e-02 3.189936e-02 2.995264e-02 2.859326e-02 2.731363e-02 2.620282e-02 2.737759e-02 2.811154e-02 3.133408e-02 3.272272e-02 2.254046e-02 9.355914e-03 1.233230e-03 5.400218e-05 4.425747e-07 6.870873e-10 2.436684e-13 9.975968e-18 1.186926e-22 1.067161e-28 2.754036e-35 5.619207e-43 0.000000e+00 0.000000e+00 0.000000e+00 0.000000e+00 0.000000e+00
7.698310e-19 2.502587e-17 3.173817e-18 1.853971e-19 3.532014e-18 1.567557e-17 4.144540e-17 2.618321e-16 1.506856e-15 1.140062e-14 9.068573e-14 8.199566e-13 8.910491e-12 8.605222e-11 5.655272e-10 3.094717e-09 1.337944e-08 8.339865e-08 3.278451e-07 1.354613e-06 2.917610e-06 7.253443e-06 1.204655e-05 2.405340e-05 3.755232e-05 5.872302e-05 8.260013e-05 1.088146e-04 1.640310e-04 1.860163e-04 2.577893e-04 3.331613e-04 4.848031e-04 6.646057e-04 7.823592e-04 9.734185e-04 1.002145e-03 1.195827e-03 1.514357e-03 1.654970e-03 1.822966e-03 1.854327e-03 2.155884e-03 2.689891e-03 3.268453e-03 4.452926e-03 5.727975e-03 6.932696e-03 8.731033e-03 1.073999e-02 1.369612e-02 1.740743e-02 2.070241e-02 2.407970e-02 2.804882e-02 3.332755e-02 3.876312e-02 4.400503e-02 5.039762e-02 5.505789e-02 5.909725e-02 6.720321e-02 7.740007e-02 8.990572e-02 1.096261e-01 1.311598e-01 1.513591e-01 1.792408e-01 2.073340e-01 2.238777e-01 2.408743e-01 2.628738e-01 2.772323e-01 2.840037e-01 2.911934e-01 2.972982e-01 3.020477e-01 3.092509e-01 3.157648e-01 3.162000e-01 3.133411e-01 3.159755e-01 3.284276e-01 3.439617e-01 3.526257e-01 3.572196e-01 3.698461e-01 3.943489e-01 4.254338e-01 4.583235e-01 4.909756e-01 5.211588e-01 5.476612e-01 5.714494e-01 5.944181e-01 6.143843e-01 6.241473e-01 6.203808e-01 6.075158e-01 5.921937e-01 5.791145e-01 5.666369e-01 5.565271e-01 5.500717e-01 5.494086e-01 5.560530e-01 5.658485e-01 5.764558e-01 5.846629e-01 5.893342e-01 5.899971e-01 5.855628e-01 5.763506e-01 5.634772e-01 5.494573e-01 5.359303e-01 5.226831e-01 5.090402e-01 4.946675e-01 4.804692e-01 4.664308e-01 4.514309e-01 4.348961e-01 4.175843e-01 4.009950e-01 3.852090e-01 3.683970e-01 3.505240e-01 3.321018e-01 3.131698e-01 2.937074e-01 2.741500e-01 2.552546e-01 2.374616e-01 2.202490e-01 2.034514e-01 1.877839e-01 1.735293e-01 1.606165e-01 1.485622e-01 1.384923e-01 1.296857e-01 1.207770e-01 1.128755e-01 1.045420e-01 9.535036e-02 8.624875e-02 7.646068e-02 6.701303e-02 5.919360e-02 5.154724e-02 4.540022e-02 4.040388e-02 3.593331e-02 3.300760e-02 3.064953e-02 2.826147e-02 2.698278e-02 2.549560e-02 2.385463e-02 2.384937e-02 2.283904e-02 2.334980e-02 2.482011e-02 2.546349e-02 3.056898e-02 3.343176e-02 3.570047e-02 2.895498e-02 1.113023e-02 1.963536e-03 7.427490e-05 6.785053e-07 1.183847e-09 2.892675e-13 1.777761e-17 9.815710e-23 1.468446e-28 1.862630e-35 4.021727e-43 0.000000e+00 0.000000e+00 0.000000e+00 0.000000e+00 0.000000e+00
2.447818e-15 8.026882e-16 5.308062e-15 8.571753e-16 1.393710e-16 7.873687e-16 3.121433e-15 6.986558e-15 3.800419e-14 1.618339e-13 9.264831e-13 5.148891e-12 4.307713e-11 3.171665e-10 1.774438e-09 6.460080e-09 2.554950e-08 8.891628e-08 4.210160e-07 1.364882e-06 4.038478e-06 8.813559e-06 2.009667e-05 3.305761e-05 4.797178e-05 6.903457e-05 9.566506e-05 1.259894e-04 1.378757e-04 1.781961e-04 2.062000e-04 3.012868e-04 4.215642e-04 5.451866e-04 7.679594e-04 8.843846e-04 1.189735e-03 1.550155e-03 1.942783e-03 2.356931e-03 2.417235e-03 2.978795e-03 3.807578e-03 4.814826e-03 6.525789e-03 7.511040e-03 8.633945e-03 1.073599e-02 1.302576e-02 1.667855e-02 2.019772e-02 2.230360e-02 2.584822e-02 2.981725e-02 3.327662e-02 3.766954e-02 4.121093e-02 4.309440e-02 4.443205e-02 4.660771e-02 5.113970e-02 5.780569e-02 6.754572e-02 8.119655e-02 9.694027e-02 1.156710e-01 1.369448e-01 1.562943e-01 1.760005e-01 2.002204e-01 2.236170e-01 2.392420e-01 2.486646e-01 2.553651e-01 2.599817e-01 2.655295e-01 2.766221e-01 2.925340e-01 3.090757e-01 3.225599e-01 3.272367e-01 3.210429e-01 3.111449e-01 3.070761e-01 3.133204e-01 3.290808e-01 3.502461e-01 3.719171e-01 3.928786e-01 4.176748e-01 4.512512e-01 4.924471e-01 5.352841e-01 5.745471e-01 6.052361e-01 6.224822e-01 6.248686e-01 6.187955e-01 6.110199e-01 6.046551e-01 6.005766e-01 5.968329e-01 5.932283e-01 5.872253e-01 5.787805e-01 5.710269e-01 5.638571e-01 5.579066e-01 5.501866e-01 5.399538e-01 5.293732e-01 5.209284e-01 5.165998e-01 5.159360e-01 5.174500e-01 5.193350e-01 5.190744e-01 5.142696e-01 5.041914e-01 4.909691e-01 4.760073e-01 4.603006e-01 4.448622e-01 4.304989e-01 4.169938e-01 4.029978e-01 3.874939e-01 3.696094e-01 3.511870e-01 3.335075e-01 3.156215e-01 2.978525e-01 2.805588e-01 2.633222e-01 2.458106e-01 2.280405e-01 2.103572e-01 1.934421e-01 1.776410e-01 1.624070e-01 1.485520e-01 1.360576e-01 1.245721e-01 1.138509e-01 1.035525e-01 9.414120e-02 8.479014e-02 7.660399e-02 6.969481e-02 6.295851e-02 5.787659e-02 5.258010e-02 4.757886e-02 4.402296e-02 4.040052e-02 3.797384e-02 3.701549e-02 3.528312e-02 3.478790e-02 3.420391e-02 3.199878e-02 3.159573e-02 2.874956e-02 2.667437e-02 2.578878e-02 2.352109e-02 2.461352e-02 2.225470e-02 1.639732e-02 7.444758e-03 1.165109e-03 5.244770e-05 4.488245e-07 6.730057e-10 1.907055e-13 7.134697e-18 5.329702e-23 4.669632e-29 5.373457e-36 7.146622e-44 0.000000e+00 0.000000e+00 0.000000e+00 0.000000e+00 0.000000e+00
1.190334e-14 4.488716e-14 3.371089e-14 1.192861e-13 3.478344e-14 1.885507e-14 5.671005e-14 2.760441e-13 7.102818e-13 3.703530e-12 8.200059e-12 4.615947e-11 1.793690e-10 1.087500e-09 6.388118e-09 3.755897e-08 1.205111e-07 3.190245e-07 6.946842e-07 1.610862e-06 3.742126e-06 8.578683e-06 1.824611e-05 3.208096e-05 5.715993e-05 8.212010e-05 1.088020e-04 1.388546e-04 1.647372e-04 2.009419e-04 2.648213e-04 3.259365e-04 4.302325e-04 6.124711e-04 7.847651e-04 1.117328e-03 1.583593e-03 2.111119e-03 2.702062e-03 3.323350e-03 4.725029e-03 6.209888e-03 8.086084e-03 1.075132e-02 1.229423e-02 1.412153e-02 1.605158e-02 1.791967e-02 2.105547e-02 2.286811e-02 2.506201e-02 2.958916e-02 3.328077e-02 3.784152e-02 4.221508e-02 4.234233e-02 4.310824e-02 4.436074e-02 4.488544e-02 4.864948e-02 5.384216e-02 5.836195e-02 6.616043e-02 7.711065e-02 8.873938e-02 1.027766e-01 1.190810e-01 1.352724e-01 1.515504e-01 1.677312e-01 1.828225e-01 1.981877e-01 2.140011e-01 2.257745e-01 2.319288e-01 2.377174e-01 2.493427e-01 2.690334e-01 2.919343e-01 3.103910e-01 3.241374e-01 3.360181e-01 3.415014e-01 3.363904e-01 3.255435e-01 3.146410e-01 3.080060e-01 3.142677e-01 3.417765e-01 3.881680e-01 4.411632e-01 4.913974e-01 5.375351e-01 5.771093e-01 6.055687e-01 6.231155e-01 6.331965e-01 6.365548e-01 6.328524e-01 6.250539e-01 6.185006e-01 6.136148e-01 6.102521e-01 6.044832e-01 5.942271e-01 5.816349e-01 5.680994e-01 5.582325e-01 5.524654e-01 5.515069e-01 5.560219e-01 5.649392e-01 5.760725e-01 5.853084e-01 5.887524e-01 5.853056e-01 5.750673e-01 5.602183e-01 5.426712e-01 5.249587e-01 5.077546e-01 4.907669e-01 4.732518e-01 4.535795e-01 4.305487e-01 4.043398e-01 3.769392e-01 3.496313e-01 3.236341e-01 2.997591e-01 2.784960e-01 2.594361e-01 2.420449e-01 2.256462e-01 2.095174e-01 1.937424e-01 1.780035e-01 1.626728e-01 1.480284e-01 1.350513e-01 1.224931e-01 1.110537e-01 1.012100e-01 9.173453e-02 8.389513e-02 7.742961e-02 7.186580e-02 6.737356e-02 6.321201e-02 5.901907e-02 5.469568e-02 5.062796e-02 4.712379e-02 4.422282e-02 4.290722e-02 4.253006e-02 4.274140e-02 4.403207e-02 4.392655e-02 4.390828e-02 4.246073e-02 3.841084e-02 3.493138e-02 2.976633e-02 2.613001e-02 2.383317e-02 2.156915e-02 1.965740e-02 1.320471e-02 5.701170e-03 8.948403e-04 3.694117e-05 2.913638e-07 4.130462e-10 8.793524e-14 2.898188e-18 1.377097e-23 8.956383e-30 8.883155e-37 7.006492e-45 0.000000e+00 0.000000e+00 0.000000e+00 0.000000e+00 0.000000e+00
1.078762e-13 6.206385e-14 3.327930e-13 2.883422e-13 1.432840e-12 5.016544e-13 6.455176e-13 2.405798e-12 1.159409e-11 1.559815e-11 1.334536e-10 5.060363e-10 2.047434e-09 4.396537e-09 1.388804e-08 4.184438e-08 1.758113e-07 5.084701e-07 1.034932e-06 2.267340e-06 4.785720e-06 1.123035e-05 1.885311e-05 3.625680e-05 5.804975e-05 9.287916e-05 1.361044e-04 1.634589e-04 2.344780e-04 2.736791e-04 3.219794e-04 3.615270e-04 4.709850e-04 5.990285e-04 8.008989e-04 1.166230e-03 1.555685e-03 2.159082e-03 3.020152e-03 4.536900e-03 6.711159e-03 9.742491e-03 1.318002e-02 1.563753e-02 1.831087e-02 2.090575e-02 2.389632e-02 2.613632e-02 2.713509e-02 3.027403e-02 3.397232e-02 3.771023e-02 4.304086e-02 4.521389e-02 4.676173e-02 4.937241e-02 4.815821e-02 4.918044e-02 5.437705e-02 5.721200e-02 6.101838e-02 6.875940e-02 7.380769e-02 7.743245e-02 8.455214e-02 9.159949e-02 9.865127e-02 1.103799e-01 1.245052e-01 1.380017e-01 1.522185e-01 1.654103e-01 1.762234e-01 1.879428e-01 2.034800e-01 2.226015e-01 2.418061e-01 2.578372e-01 2.742602e-01 2.958832e-01 3.183208e-01 3.322251e-01 3.360986e-01 3.315535e-01 3.182454e-01 3.029593e-01 2.986988e-01 3.107396e-01 3.359002e-01 3.722965e-01 4.210129e-01 4.777973e-01 5.326437e-01 5.779945e-01 6.111495e-01 6.301342e-01 6.336066e-01 6.270335e-01 6.190442e-01 6.156505e-01 6.178776e-01 6.197298e-01 6.173546e-01 6.072263e-01 5.904360e-01 5.707154e-01 5.487964e-01 5.302574e-01 5.183022e-01 5.151027e-01 5.186148e-01 5.235150e-01 5.269597e-01 5.288457e-01 5.306506e-01 5.332728e-01 5.363432e-01 5.387074e-01 5.381671e-01 5.324047e-01 5.206327e-01 5.033672e-01 4.818799e-01 4.568946e-01 4.292454e-01 4.012631e-01 3.745935e-01 3.496646e-01 3.252188e-01 3.009809e-01 2.784751e-01 2.579924e-01 2.387511e-01 2.208693e-01 2.042689e-01 1.885551e-01 1.734325e-01 1.588254e-01 1.449997e-01 1.321192e-01 1.204154e-01 1.100478e-01 1.011631e-01 9.360920e-02 8.711055e-02 8.101292e-02 7.549754e-02 7.035708e-02 6.516311e-02 6.078793e-02 5.648809e-02 5.311685e-02 5.038675e-02 4.798784e-02 4.638113e-02 4.523854e-02 4.375256e-02 4.209663e-02 4.002138e-02 3.690356e-02 3.413427e-02 3.036422e-02 2.717729e-02 2.517381e-02 2.352461e-02 2.443466e-02 2.504905e-02 2.444698e-02 1.801245e-02 7.454660e-03 1.258202e-03 4.903846e-05 4.117575e-07 5.590743e-10 1.214320e-13 3.721116e-18 1.701564e-23 1.209121e-29 1.157703e-36 1.821688e-44 0.000000e+00 0.000000e+00 0.000000e+00 0.000000e+00 0.000000e+00
1.499218e-13 1.113558e-13 1.990089e-13 1.475220e-12 2.053644e-12 1.120190e-11 1.105491e-11 2.196775e-11 6.384958e-11 4.367534e-10 9.624774e-10 2.940860e-09 4.932797e-09 1.894146e-08 4.057275e-08 1.101996e-07 2.955333e-07 1.017252e-06 3.079114e-06 6.657629e-06 1.142493e-05 1.465153e-05 2.618999e-05 3.728834e-05 5.918228e-05 9.164358e-05 1.381729e-04 2.373722e-04 3.132578e-04 4.037205e-04 4.264103e-04 4.839910e-04 5.794404e-04 7.424463e-04 1.074274e-03 1.373773e-03 1.870560e-03 2.486019e-03 3.511067e-03 5.446442e-03 7.638071e-03 1.037748e-02 1.330396e-02 1.571447e-02 1.919539e-02 2.326818e-02 2.681463e-02 3.168273e-02 3.582622e-02 3.868672e-02 4.361129e-02 4.721505e-02 4.968280e-02 5.362983e-02 5.419198e-02 5.475660e-02 5.840168e-02 6.040796e-02 6.316439e-02 6.928486e-02 7.426076e-02 7.667551e-02 7.928676e-02 8.088889e-02 8.102181e-02 8.429579e-02 9.106698e-02 9.729657e-02 1.047353e-01 1.164193e-01 1.296688e-01 1.427786e-01 1.584703e-01 1.768292e-01 1.947934e-01 2.117580e-01 2.293162e-01 2.476835e-01 2.660517e-01 2.840989e-01 3.015946e-01 3.151620e-01 3.192759e-01 3.122446e-01 2.987440e-01 2.858148e-01 2.802681e-01 2.877297e-01 3.114884e-01 3.517852e-01 4.052526e-01 4.651007e-01 5.238674e-01 5.748725e-01 6.142996e-01 6.410013e-01 6.559107e-01 6.619161e-01 6.597764e-01 6.485271e-01 6.307871e-01 6.101372e-01 5.944196e-01 5.842482e-01 5.775089e-01 5.718530e-01 5.633780e-01 5.535793e-01 5.428070e-01 5.333483e-01 5.276798e-01 5.266750e-01 5.316767e-01 5.420091e-01 5.551559e-01 5.672396e-01 5.748345e-01 5.760697e-01 5.687156e-01 5.514572e-01 5.262042e-01 4.979747e-01 4.713887e-01 4.471552e-01 4.244732e-01 4.026439e-01 3.812350e-01 3.597545e-01 3.377159e-01 3.155190e-01 2.943729e-01 2.748894e-01 2.560666e-01 2.371096e-01 2.186097e-01 2.010175e-01 1.842261e-01 1.686875e-01 1.546136e-01 1.410996e-01 1.290365e-01 1.178333e-01 1.074445e-01 9.885890e-02 9.081402e-02 8.390945e-02 7.857608e-02 7.427278e-02 7.122284e-02 6.895746e-02 6.735194e-02 6.546169e-02 6.336106e-02 6.083932e-02 5.706170e-02 5.339811e-02 4.946373e-02 4.447389e-02 4.029958e-02 3.530965e-02 3.020586e-02 2.629398e-02 2.202826e-02 1.959825e-02 1.825451e-02 1.744286e-02 1.880358e-02 1.776551e-02 1.379099e-02 6.391185e-03 1.140982e-03 5.511530e-05 4.928049e-07 7.786943e-10 1.903653e-13 7.546417e-18 4.639147e-23 4.172837e-29 4.647222e-36 4.624285e-44 0.000000e+00 0.000000e+00 0.000000e+00 0.000000e+00 0.000000e+00
1.933201e-13 1.819434e-13 2.435913e-13 1.536532e-12 3.755905e-12 1.230585e-11 9.283221e-11 5.412346e-11 1.005894e-10 6.837833e-10 3.057440e-09 6.839898e-09 2.863000e-08 6.015480e-08 1.477118e-07 3.371489e-07 5.886338e-07 1.172803e-06 2.722727e-06 6.674446e-06 1.188561e-05 2.299300e-05 3.645458e-05 5.967350e-05 8.407729e-05 1.140677e-04 1.746709e-04 2.243302e-04 3.075000e-04 3.946846e-04 5.271371e-04 6.315385e-04 7.764944e-04 1.069877e-03 1.352913e-03 1.813672e-03 2.356828e-03 3.169123e-03 4.447074e-03 5.557640e-03 7.359185e-03 9.138520e-03 1.092577e-02 1.486058e-02 1.871470e-02 2.358582e-02 2.992352e-02 3.479698e-02 4.216780e-02 4.948987e-02 5.390624e-02 6.003027e-02 6.193320e-02 6.167213e-02 6.604663e-02 6.986061e-02 7.452824e-02 7.938842e-02 7.922453e-02 7.974582e-02 8.301396e-02 8.517125e-02 8.818976e-02 9.078369e-02 8.923190e-02 8.636911e-02 8.631994e-02 9.071606e-02 9.867762e-02 1.071486e-01 1.166429e-01 1.309460e-01 1.488456e-01 1.666607e-01 1.855725e-01 2.062815e-01 2.262890e-01 2.455316e-01 2.649250e-01 2.809670e-01 2.905721e-01 2.956942e-01 2.974113e-01 2.936985e-01 2.854058e-01 2.766116e-01 2.703141e-01 2.713462e-01 2.875673e-01 3.240767e-01 3.782578e-01 4.416760e-01 5.047635e-01 5.574496e-01 5.925457e-01 6.111941e-01 6.206620e-01 6.265793e-01 6.281459e-01 6.233693e-01 6.143745e-01 6.031896e-01 5.939015e-01 5.854527e-01 5.768418e-01 5.685208e-01 5.585043e-01 5.482679e-01 5.376218e-01 5.289089e-01 5.255048e-01 5.281324e-01 5.350957e-01 5.422012e-01 5.456119e-01 5.442769e-01 5.386484e-01 5.299255e-01 5.188786e-01 5.061640e-01 4.925424e-01 4.782203e-01 4.624557e-01 4.434806e-01 4.206096e-01 3.937379e-01 3.647550e-01 3.358042e-01 3.087204e-01 2.844493e-01 2.630997e-01 2.438399e-01 2.261128e-01 2.093984e-01 1.932716e-01 1.778064e-01 1.630075e-01 1.492543e-01 1.367084e-01 1.255954e-01 1.151751e-01 1.055393e-01 9.702566e-02 8.921084e-02 8.276385e-02 7.861831e-02 7.585037e-02 7.444945e-02 7.471344e-02 7.397945e-02 7.294247e-02 7.116792e-02 6.730025e-02 6.317213e-02 5.919404e-02 5.426859e-02 5.022240e-02 4.674599e-02 4.196836e-02 3.841607e-02 3.396869e-02 2.900459e-02 2.554041e-02 2.142798e-02 1.900415e-02 1.785585e-02 1.654615e-02 1.611883e-02 1.154050e-02 5.389109e-03 1.018693e-03 5.087243e-05 5.079695e-07 8.348667e-10 2.205318e-13 9.499519e-18 6.274133e-23 5.655652e-29 5.276662e-36 5.745324e-44 0.000000e+00 0.000000e+00 0.000000e+00 0.000000e+00 0.000000e+00
8.408203e-13 4.979819e-13 1.801669e-12 2.489885e-12 3.017998e-11 1.108611e-10 1.716820e-10 1.088505e-09 3.241028e-09 3.279999e-09 6.887475e-09 2.283628e-08 4.973222e-08 1.101922e-07 2.807043e-07 6.368326e-07 1.510562e-06 3.277174e-06 6.093714e-06 9.741909e-06 2.096154e-05 3.759960e-05 5.811501e-05 8.353453e-05 1.292134e-04 1.856881e-04 2.056558e-04 2.286061e-04 2.858855e-04 3.966688e-04 5.756152e-04 8.457772e-04 1.097673e-03 1.316168e-03 1.636437e-03 2.151191e-03 2.881557e-03 3.682164e-03 4.407658e-03 5.222739e-03 6.140658e-03 7.838972e-03 1.048795e-02 1.337632e-02 1.749033e-02 2.234354e-02 2.825671e-02 3.641605e-02 4.446188e-02 5.291100e-02 5.957605e-02 6.220391e-02 6.703854e-02 7.304734e-02 7.838277e-02 8.441679e-02 8.742156e-02 9.048555e-02 9.487294e-02 9.452676e-02 9.201653e-02 9.092617e-02 8.931208e-02 9.012134e-02 9.541256e-02 9.954318e-02 9.953086e-02 9.763607e-02 9.688961e-02 1.010904e-01 1.112791e-01 1.247219e-01 1.408402e-01 1.615362e-01 1.847798e-01 2.058180e-01 2.231846e-01 2.370288e-01 2.479376e-01 2.591573e-01 2.727180e-01 2.838223e-01 2.856177e-01 2.762542e-01 2.585890e-01 2.397763e-01 2.301053e-01 2.373241e-01 2.632324e-01 3.065792e-01 3.647296e-01 4.309460e-01 4.946303e-01 5.481676e-01 5.893106e-01 6.162538e-01 6.259617e-01 6.204522e-01 6.062917e-01 5.911031e-01 5.803927e-01 5.737386e-01 5.718731e-01 5.719089e-01 5.711445e-01 5.678911e-01 5.591422e-01 5.482428e-01 5.383225e-01 5.331848e-01 5.346045e-01 5.400671e-01 5.463443e-01 5.512832e-01 5.548685e-01 5.582646e-01 5.599014e-01 5.574675e-01 5.496870e-01 5.370813e-01 5.211697e-01 5.016472e-01 4.788539e-01 4.542822e-01 4.293085e-01 4.046637e-01 3.799518e-01 3.557903e-01 3.336023e-01 3.133255e-01 2.936491e-01 2.739945e-01 2.547590e-01 2.362904e-01 2.181009e-01 2.001016e-01 1.827704e-01 1.663486e-01 1.509663e-01 1.369478e-01 1.247690e-01 1.144840e-01 1.058306e-01 9.867575e-02 9.287057e-02 8.746143e-02 8.291323e-02 7.884745e-02 7.417374e-02 7.014967e-02 6.552114e-02 6.045249e-02 5.595875e-02 5.144684e-02 4.741852e-02 4.417263e-02 4.112948e-02 3.878535e-02 3.702857e-02 3.482586e-02 3.281508e-02 3.104552e-02 2.912404e-02 2.831980e-02 2.840575e-02 2.965888e-02 3.257377e-02 3.249660e-02 2.558062e-02 1.178160e-02 2.183142e-03 1.092484e-04 1.083090e-06 1.764793e-09 4.543618e-13 1.691357e-17 9.102094e-23 6.551631e-29 7.273759e-36 1.022948e-43 1.401298e-45 0.000000e+00 0.000000e+00 0.000000e+00 0.000000e+00
1.171627e-12 1.121046e-12 2.715519e-12 6.368030e-12 7.425389e-11 2.735957e-10 6.630519e-10 4.479053e-09 1.289284e-08 1.881375e-08 2.574480e-08 5.552594e-08 9.978761e-08 2.590408e-07 5.512006e-07 1.271853e-06 2.340033e-06 5.011547e-06 6.987494e-06 1.211074e-05 2.153463e-05 3.965463e-05 6.871018e-05 1.009068e-04 1.539130e-04 1.801567e-04 1.867304e-04 2.232862e-04 2.742881e-04 3.770244e-04 5.499002e-04 8.265636e-04 1.186082e-03 1.399092e-03 1.767078e-03 2.165150e-03 2.805754e-03 3.630920e-03 4.131831e-03 5.089664e-03 6.013321e-03 7.539212e-03 1.049509e-02 1.337546e-02 1.724947e-02 2.174497e-02 2.650132e-02 3.377628e-02 4.092521e-02 4.823863e-02 5.600151e-02 6.035402e-02 6.642390e-02 7.366101e-02 7.932908e-02 8.594306e-02 8.866826e-02 8.938407e-02 9.324825e-02 9.426221e-02 9.088671e-02 8.839916e-02 8.724976e-02 8.875171e-02 9.402650e-02 9.824906e-02 9.911241e-02 9.869746e-02 9.812713e-02 9.995228e-02 1.075256e-01 1.210860e-01 1.393553e-01 1.603547e-01 1.802880e-01 1.976222e-01 2.151196e-01 2.326848e-01 2.462415e-01 2.560454e-01 2.658243e-01 2.738134e-01 2.740096e-01 2.632207e-01 2.440098e-01 2.236041e-01 2.112360e-01 2.145423e-01 2.373711e-01 2.802435e-01 3.401312e-01 4.086848e-01 4.743081e-01 5.279200e-01 5.666691e-01 5.914157e-01 6.028384e-01 6.029840e-01 5.954101e-01 5.847539e-01 5.762789e-01 5.708185e-01 5.696985e-01 5.704958e-01 5.707054e-01 5.691290e-01 5.631212e-01 5.556298e-01 5.490036e-01 5.462925e-01 5.492412e-01 5.553890e-01 5.618269e-01 5.661007e-01 5.676346e-01 5.669037e-01 5.626473e-01 5.535796e-01 5.399414e-01 5.234536e-01 5.056505e-01 4.861902e-01 4.652058e-01 4.437354e-01 4.227868e-01 4.022008e-01 3.808227e-01 3.588853e-01 3.374168e-01 3.167461e-01 2.958196e-01 2.745791e-01 2.537802e-01 2.339893e-01 2.149257e-01 1.965924e-01 1.795089e-01 1.637436e-01 1.492997e-01 1.362613e-01 1.249031e-01 1.151877e-01 1.066684e-01 9.932304e-02 9.309293e-02 8.703008e-02 8.170435e-02 7.709459e-02 7.205840e-02 6.801926e-02 6.388500e-02 5.932680e-02 5.555126e-02 5.191058e-02 4.833448e-02 4.576712e-02 4.320212e-02 4.092425e-02 3.968409e-02 3.714728e-02 3.501505e-02 3.291061e-02 3.025465e-02 2.923036e-02 2.852919e-02 2.952901e-02 3.193954e-02 3.155822e-02 2.512039e-02 1.150554e-02 2.201910e-03 1.120100e-04 1.127304e-06 1.885235e-09 4.702743e-13 1.811622e-17 9.246596e-23 6.767278e-29 7.184119e-36 9.528830e-44 1.401298e-45 0.000000e+00 0.000000e+00 0.000000e+00 0.000000e+00
7.341012e-13 8.163295e-13 1.041172e-12 1.319282e-11 4.308826e-11 1.905437e-10 2.775460e-09 1.882268e-09 3.079268e-09 7.883298e-09 1.600413e-08 2.191187e-08 1.231856e-07 2.675739e-07 6.491413e-07 1.136796e-06 2.329816e-06 3.471096e-06 7.843240e-06 1.463073e-05 2.343704e-05 3.834729e-05 6.173311e-05 1.058420e-04 1.224534e-04 1.504731e-04 2.069868e-04 2.593032e-04 3.760289e-04 4.770425e-04 6.228119e-04 7.626882e-04 9.678396e-04 1.361112e-03 1.612518e-03 2.057153e-03 2.472357e-03 3.082208e-03 4.198787e-03 5.094367e-03 6.852549e-03 8.742467e-03 1.037503e-02 1.406070e-02 1.761074e-02 2.138423e-02 2.577657e-02 2.892943e-02 3.480939e-02 4.132444e-02 4.629783e-02 5.409219e-02 5.916435e-02 6.217295e-02 6.786328e-02 7.085001e-02 7.590937e-02 8.187101e-02 8.026232e-02 7.908908e-02 8.163963e-02 8.249260e-02 8.384999e-02 8.551105e-02 8.427839e-02 8.312397e-02 8.451899e-02 8.806331e-02 9.430284e-02 1.029797e-01 1.131350e-01 1.251412e-01 1.383085e-01 1.529220e-01 1.715283e-01 1.923087e-01 2.093125e-01 2.226206e-01 2.371471e-01 2.519582e-01 2.621072e-01 2.657291e-01 2.610092e-01 2.443245e-01 2.186709e-01 1.940964e-01 1.788884e-01 1.774952e-01 1.939818e-01 2.318714e-01 2.911956e-01 3.656862e-01 4.430811e-01 5.086441e-01 5.512699e-01 5.715866e-01 5.795596e-01 5.850413e-01 5.906034e-01 5.943025e-01 5.955038e-01 5.930260e-01 5.895106e-01 5.845429e-01 5.791003e-01 5.758430e-01 5.742976e-01 5.751569e-01 5.758211e-01 5.759147e-01 5.772098e-01 5.793040e-01 5.806189e-01 5.777237e-01 5.684006e-01 5.533907e-01 5.351770e-01 5.164866e-01 4.986221e-01 4.821324e-01 4.667846e-01 4.521767e-01 4.369972e-01 4.197876e-01 3.999020e-01 3.772794e-01 3.528221e-01 3.279751e-01 3.038924e-01 2.814524e-01 2.606812e-01 2.412312e-01 2.230699e-01 2.060386e-01 1.898939e-01 1.748696e-01 1.610790e-01 1.485724e-01 1.372439e-01 1.273041e-01 1.177557e-01 1.085262e-01 9.998135e-02 9.160361e-02 8.419274e-02 7.871988e-02 7.422286e-02 7.100020e-02 6.950076e-02 6.741533e-02 6.559435e-02 6.368335e-02 6.023851e-02 5.696376e-02 5.418111e-02 5.039881e-02 4.771274e-02 4.540385e-02 4.152311e-02 3.882480e-02 3.455856e-02 2.958517e-02 2.591953e-02 2.128953e-02 1.852161e-02 1.684687e-02 1.528470e-02 1.479484e-02 1.065877e-02 5.160985e-03 1.022929e-03 5.479087e-05 5.785101e-07 9.744198e-10 2.653641e-13 1.102428e-17 7.421119e-23 6.273099e-29 5.741615e-36 5.745324e-44 0.000000e+00 0.000000e+00 0.000000e+00 0.000000e+00 0.000000e+00
1.924411e-12 8.922034e-13 3.980787e-12 3.471527e-11 8.215371e-11 1.705161e-09 1.459355e-09 2.504627e-09 3.781981e-09 1.583263e-08 3.215167e-08 1.205200e-07 1.348746e-07 4.205274e-07 7.672340e-07 2.048974e-06 3.370011e-06 8.542479e-06 1.641516e-05 2.848065e-05 4.497954e-05 5.825465e-05 8.873666e-05 9.553315e-05 1.411463e-04 1.928467e-04 2.642523e-04 3.762499e-04 4.557055e-04 6.116678e-04 6.676211e-04 7.865708e-04 8.928640e-04 1.131389e-03 1.573657e-03 1.842602e-03 2.277597e-03 2.730109e-03 3.706346e-03 5.394503e-03 7.251765e-03 9.791358e-03 1.232190e-02 1.418110e-02 1.622011e-02 1.888181e-02 2.189272e-02 2.505595e-02 2.794733e-02 3.133084e-02 3.643527e-02 4.126413e-02 4.577518e-02 5.098342e-02 5.401709e-02 5.723369e-02 6.085718e-02 6.155274e-02 6.391666e-02 6.859507e-02 7.171428e-02 7.441732e-02 7.744408e-02 7.851947e-02 7.836781e-02 8.038457e-02 8.541363e-02 9.234466e-02 1.008673e-01 1.101973e-01 1.198963e-01 1.318880e-01 1.468515e-01 1.616015e-01 1.733503e-01 1.842181e-01 1.981384e-01 2.154356e-01 2.328095e-01 2.478900e-01 2.602998e-01 2.660667e-01 2.582906e-01 2.363363e-01 2.074841e-01 1.801297e-01 1.611758e-01 1.567096e-01 1.708657e-01 2.056369e-01 2.609383e-01 3.322854e-01 4.083901e-01 4.755405e-01 5.262675e-01 5.608771e-01 5.826082e-01 5.956489e-01 6.029719e-01 6.049753e-01 6.019102e-01 5.937175e-01 5.861757e-01 5.820714e-01 5.822299e-01 5.871204e-01 5.933152e-01 6.010568e-01 6.078565e-01 6.126032e-01 6.143023e-01 6.119673e-01 6.074231e-01 6.015484e-01 5.937064e-01 5.820962e-01 5.664532e-01 5.478715e-01 5.271156e-01 5.038691e-01 4.787414e-01 4.543690e-01 4.331426e-01 4.150208e-01 3.988998e-01 3.840593e-01 3.695230e-01 3.543992e-01 3.375697e-01 3.187664e-01 2.990531e-01 2.795620e-01 2.596192e-01 2.388941e-01 2.188843e-01 2.006727e-01 1.840318e-01 1.693014e-01 1.564416e-01 1.442146e-01 1.331688e-01 1.223948e-01 1.118911e-01 1.026923e-01 9.350739e-02 8.521245e-02 7.812898e-02 7.177294e-02 6.683987e-02 6.281234e-02 5.944166e-02 5.617208e-02 5.293911e-02 4.961498e-02 4.594052e-02 4.284270e-02 3.992685e-02 3.673897e-02 3.422962e-02 3.112224e-02 2.772433e-02 2.513989e-02 2.182342e-02 1.999505e-02 1.882916e-02 1.800202e-02 1.945106e-02 1.836513e-02 1.477325e-02 7.091362e-03 1.376154e-03 7.237356e-05 7.044742e-07 1.203370e-09 3.031873e-13 1.253767e-17 7.543705e-23 7.076882e-29 7.796016e-36 8.267661e-44 0.000000e+00 0.000000e+00 0.000000e+00 0.000000e+00 0.000000e+00
1.920618e-12 1.673143e-12 1.558610e-11 1.518063e-11 6.279061e-10 3.749751e-10 5.860026e-10 1.524277e-09 8.528094e-09 1.074708e-08 5.016681e-08 8.349743e-08 2.400713e-07 3.371327e-07 7.732216e-07 1.167007e-06 2.923138e-06 6.066693e-06 1.035686e-05 1.874740e-05 2.982186e-05 5.441255e-05 6.745769e-05 1.098042e-04 1.514460e-04 2.273653e-04 2.944703e-04 3.433851e-04 4.572481e-04 5.078685e-04 6.441678e-04 7.196194e-04 9.144349e-04 1.030211e-03 1.267437e-03 1.742736e-03 2.179605e-03 2.805539e-03 3.478695e-03 4.927569e-03 6.860686e-03 9.049335e-03 1.135667e-02 1.251132e-02 1.436842e-02 1.606733e-02 1.770446e-02 2.015877e-02 2.149289e-02 2.360941e-02 2.725400e-02 3.130804e-02 3.706270e-02 4.115184e-02 4.372653e-02 4.678115e-02 4.715068e-02 4.929294e-02 5.418378e-02 5.688826e-02 6.126926e-02 6.830475e-02 7.188386e-02 7.537129e-02 8.266020e-02 8.912451e-02 9.544273e-02 1.061300e-01 1.195512e-01 1.338795e-01 1.479913e-01 1.567767e-01 1.604677e-01 1.658907e-01 1.763913e-01 1.900183e-01 2.020222e-01 2.107691e-01 2.217683e-01 2.395035e-01 2.574743e-01 2.647931e-01 2.565702e-01 2.318992e-01 1.949103e-01 1.594838e-01 1.383952e-01 1.352929e-01 1.500624e-01 1.843876e-01 2.406112e-01 3.146757e-01 3.930794e-01 4.613391e-01 5.121580e-01 5.452217e-01 5.627660e-01 5.706745e-01 5.750537e-01 5.798332e-01 5.864228e-01 5.921263e-01 5.973787e-01 6.017449e-01 6.057128e-01 6.099116e-01 6.112857e-01 6.122045e-01 6.142954e-01 6.183828e-01 6.217021e-01 6.187801e-01 6.081678e-01 5.917197e-01 5.724888e-01 5.529579e-01 5.343959e-01 5.172002e-01 5.009296e-01 4.847677e-01 4.685816e-01 4.524039e-01 4.363381e-01 4.195230e-01 4.010915e-01 3.819178e-01 3.626698e-01 3.433689e-01 3.227707e-01 3.006712e-01 2.788725e-01 2.580588e-01 2.374925e-01 2.177283e-01 1.996806e-01 1.832073e-01 1.682062e-01 1.546270e-01 1.423965e-01 1.310658e-01 1.205770e-01 1.109070e-01 1.018543e-01 9.374491e-02 8.638147e-02 7.898541e-02 7.215590e-02 6.571818e-02 5.925573e-02 5.390616e-02 4.887585e-02 4.463045e-02 4.113056e-02 3.799918e-02 3.549789e-02 3.378003e-02 3.202864e-02 3.057957e-02 2.933943e-02 2.756416e-02 2.651433e-02 2.482499e-02 2.379791e-02 2.364947e-02 2.366625e-02 2.618465e-02 2.815614e-02 2.930231e-02 2.279653e-02 1.028919e-02 1.920850e-03 8.510172e-05 8.123843e-07 1.239153e-09 2.981280e-13 9.681159e-18 4.728596e-23 3.481063e-29 3.729690e-36 6.305843e-44 0.000000e+00 0.000000e+00 0.000000e+00 0.000000e+00 0.000000e+00
5.318374e-13 5.965776e-12 2.036640e-12 1.052551e-10 9.372769e-11 1.160151e-10 6.393628e-10 2.978933e-09 4.270453e-09 1.359850e-08 2.098456e-08 7.659398e-08 1.588977e-07 4.882434e-07 1.054659e-06 2.735931e-06 4.810738e-06 6.919837e-06 9.963333e-06 1.623135e-05 2.890293e-05 4.521372e-05 8.193653e-05 1.249560e-04 1.931185e-04 2.401601e-04 3.057502e-04 3.515746e-04 3.841766e-04 4.388582e-04 5.063826e-04 5.954740e-04 7.690053e-04 1.072238e-03 1.318492e-03 1.770515e-03 2.414915e-03 3.155033e-03 3.895953e-03 4.394051e-03 5.655046e-03 6.698876e-03 7.863692e-03 9.707252e-03 1.034010e-02 1.158684e-02 1.332078e-02 1.450323e-02 1.687270e-02 1.878411e-02 2.071931e-02 2.470675e-02 2.832283e-02 3.252841e-02 3.702027e-02 3.811559e-02 3.955942e-02 4.185241e-02 4.399502e-02 4.890827e-02 5.425270e-02 5.882522e-02 6.698110e-02 7.667805e-02 8.579800e-02 9.913457e-02 1.158406e-01 1.303974e-01 1.439152e-01 1.574751e-01 1.688024e-01 1.801932e-01 1.928627e-01 1.998514e-01 1.987491e-01 1.981331e-01 2.047903e-01 2.176750e-01 2.319502e-01 2.440457e-01 2.536425e-01 2.581911e-01 2.490789e-01 2.230574e-01 1.891144e-01 1.574372e-01 1.348957e-01 1.276107e-01 1.404010e-01 1.757796e-01 2.333358e-01 3.076358e-01 3.873978e-01 4.578623e-01 5.088907e-01 5.415439e-01 5.626897e-01 5.772996e-01 5.865738e-01 5.922441e-01 5.977557e-01 6.028206e-01 6.081682e-01 6.118838e-01 6.140618e-01 6.184242e-01 6.262533e-01 6.393225e-01 6.541242e-01 6.666120e-01 6.749074e-01 6.767173e-01 6.710325e-01 6.558236e-01 6.315857e-01 6.021594e-01 5.718659e-01 5.438086e-01 5.191941e-01 4.982539e-01 4.797506e-01 4.629484e-01 4.468127e-01 4.301906e-01 4.116526e-01 3.906256e-01 3.681380e-01 3.448108e-01 3.211666e-01 2.984621e-01 2.775295e-01 2.578169e-01 2.391928e-01 2.215410e-01 2.047282e-01 1.887898e-01 1.736915e-01 1.593786e-01 1.457055e-01 1.335664e-01 1.214540e-01 1.098220e-01 9.932415e-02 8.886716e-02 7.991903e-02 7.231827e-02 6.585609e-02 6.071718e-02 5.626364e-02 5.218424e-02 4.831307e-02 4.476753e-02 4.157678e-02 3.873816e-02 3.690469e-02 3.558036e-02 3.471025e-02 3.461957e-02 3.365904e-02 3.309104e-02 3.202153e-02 2.958754e-02 2.830772e-02 2.591268e-02 2.493539e-02 2.519466e-02 2.533121e-02 2.561534e-02 1.917895e-02 9.236984e-03 1.669782e-03 7.945944e-05 7.365728e-07 1.180544e-09 2.872555e-13 1.021892e-17 5.316153e-23 3.675825e-29 3.841249e-36 3.783506e-44 0.000000e+00 0.000000e+00 0.000000e+00 0.000000e+00 0.000000e+00
2.133944e-12 9.850575e-14 7.619056e-12 9.657117e-12 8.323291e-12 1.150905e-10 3.882563e-10 9.039145e-10 3.613735e-09 1.186712e-08 3.387207e-08 7.112391e-08 1.881105e-07 4.038857e-07 9.359171e-07 1.627956e-06 3.183285e-06 6.042384e-06 1.448152e-05 2.628082e-05 4.274977e-05 6.886898e-05 1.197755e-04 1.648395e-04 2.146403e-04 2.596377e-04 2.800505e-04 3.374727e-04 3.694478e-04 4.563278e-04 4.749190e-04 6.067195e-04 7.899562e-04 1.014827e-03 1.375811e-03 1.547776e-03 2.060782e-03 2.621658e-03 3.276450e-03 3.737342e-03 3.510159e-03 4.085135e-03 4.844542e-03 5.673000e-03 7.202709e-03 7.688791e-03 8.297017e-03 9.973612e-03 1.195774e-02 1.517447e-02 1.815739e-02 1.993787e-02 2.290007e-02 2.639230e-02 2.990326e-02 3.433674e-02 3.797996e-02 4.023078e-02 4.227646e-02 4.560354e-02 5.147209e-02 5.865010e-02 6.758823e-02 8.081530e-02 9.658312e-02 1.128814e-01 1.297745e-01 1.455307e-01 1.603476e-01 1.772330e-01 1.943941e-01 2.059913e-01 2.119389e-01 2.153687e-01 2.154492e-01 2.135275e-01 2.157724e-01 2.244301e-01 2.366175e-01 2.490071e-01 2.568337e-01 2.546254e-01 2.402703e-01 2.148965e-01 1.840162e-01 1.563267e-01 1.388374e-01 1.350077e-01 1.471753e-01 1.786231e-01 2.322782e-01 3.045675e-01 3.819450e-01 4.492896e-01 5.002076e-01 5.358311e-01 5.592374e-01 5.746833e-01 5.859193e-01 5.941555e-01 6.002716e-01 6.033375e-01 6.057511e-01 6.073639e-01 6.090206e-01 6.142836e-01 6.231523e-01 6.361302e-01 6.480489e-01 6.543089e-01 6.532258e-01 6.450065e-01 6.316503e-01 6.138684e-01 5.928773e-01 5.703731e-01 5.480279e-01 5.258047e-01 5.044335e-01 4.849220e-01 4.672024e-01 4.506908e-01 4.351183e-01 4.209886e-01 4.081171e-01 3.952668e-01 3.815764e-01 3.656750e-01 3.487696e-01 3.318750e-01 3.138271e-01 2.948657e-01 2.760788e-01 2.574557e-01 2.388776e-01 2.207606e-01 2.033432e-01 1.870910e-01 1.721994e-01 1.579103e-01 1.444370e-01 1.317221e-01 1.198771e-01 1.084019e-01 9.722420e-02 8.751019e-02 7.820246e-02 7.032370e-02 6.432516e-02 5.871617e-02 5.470183e-02 5.066095e-02 4.656437e-02 4.324906e-02 3.959740e-02 3.652252e-02 3.462240e-02 3.204245e-02 3.042345e-02 2.899957e-02 2.624504e-02 2.544926e-02 2.282013e-02 2.136875e-02 2.123193e-02 2.021257e-02 2.284545e-02 2.223986e-02 1.855010e-02 9.504770e-03 1.750608e-03 9.411512e-05 9.259188e-07 1.630965e-09 4.951894e-13 2.108491e-17 1.637272e-22 1.561097e-28 1.813421e-35 2.410233e-43 0.000000e+00 0.000000e+00 0.000000e+00 0.000000e+00 0.000000e+00
1.067966e-15 6.451867e-14 1.783414e-13 1.302208e-13 5.170526e-12 2.586200e-11 1.565473e-10 8.390712e-10 3.038517e-09 8.195399e-09 2.334359e-08 7.302583e-08 2.164072e-07 5.532257e-07 1.079420e-06 2.123377e-06 3.325770e-06 8.024037e-06 1.425993e-05 3.122102e-05 5.171310e-05 1.005194e-04 1.264238e-04 1.963085e-04 2.298462e-04 2.789761e-04 3.225664e-04 3.339508e-04 3.953353e-04 4.018193e-04 5.412471e-04 6.786336e-04 9.462904e-04 1.233309e-03 1.451976e-03 1.780447e-03 1.746814e-03 2.016317e-03 2.410911e-03 2.658028e-03 2.946577e-03 2.915369e-03 3.411539e-03 4.147999e-03 4.659328e-03 5.868025e-03 6.970384e-03 7.902455e-03 9.318382e-03 1.079959e-02 1.334613e-02 1.636143e-02 1.870649e-02 2.140634e-02 2.472285e-02 2.944131e-02 3.519033e-02 4.120632e-02 4.828516e-02 5.362169e-02 5.823304e-02 6.767712e-02 7.952815e-02 9.142610e-02 1.084510e-01 1.271835e-01 1.434562e-01 1.644586e-01 1.848019e-01 1.946661e-01 2.040112e-01 2.172040e-01 2.259899e-01 2.329889e-01 2.435339e-01 2.498498e-01 2.476197e-01 2.449550e-01 2.473333e-01 2.519773e-01 2.556798e-01 2.572329e-01 2.532510e-01 2.364891e-01 2.055651e-01 1.721375e-01 1.503317e-01 1.460513e-01 1.603429e-01 1.949714e-01 2.519104e-01 3.269304e-01 4.065485e-01 4.757686e-01 5.294707e-01 5.708296e-01 6.012802e-01 6.199418e-01 6.260800e-01 6.218331e-01 6.107625e-01 5.949782e-01 5.810423e-01 5.742919e-01 5.789007e-01 5.969163e-01 6.233449e-01 6.538200e-01 6.816836e-01 7.023967e-01 7.127122e-01 7.101863e-01 6.954782e-01 6.712966e-01 6.419750e-01 6.110169e-01 5.798972e-01 5.490261e-01 5.196127e-01 4.936784e-01 4.716600e-01 4.523403e-01 4.346146e-01 4.181169e-01 4.030518e-01 3.885128e-01 3.724388e-01 3.542348e-01 3.348099e-01 3.140574e-01 2.916874e-01 2.686157e-01 2.464582e-01 2.262628e-01 2.075889e-01 1.903548e-01 1.751345e-01 1.619648e-01 1.504534e-01 1.395281e-01 1.301589e-01 1.217299e-01 1.127440e-01 1.047148e-01 9.632145e-02 8.732245e-02 7.875922e-02 6.992074e-02 6.154424e-02 5.477431e-02 4.841548e-02 4.331031e-02 3.921475e-02 3.544704e-02 3.277170e-02 3.056814e-02 2.822791e-02 2.683555e-02 2.524485e-02 2.325595e-02 2.270915e-02 2.094361e-02 2.042408e-02 2.055812e-02 1.996716e-02 2.312783e-02 2.455465e-02 2.712459e-02 2.319696e-02 1.013396e-02 2.090044e-03 9.399383e-05 1.017966e-06 1.943018e-09 5.240148e-13 3.195831e-17 1.836390e-22 2.673353e-28 3.399664e-35 7.244713e-43 0.000000e+00 0.000000e+00 0.000000e+00 0.000000e+00 0.000000e+00
2.612595e-19 9.364577e-17 1.313175e-16 7.988999e-14 1.156567e-12 1.471121e-11 1.189823e-10 6.263979e-10 2.730394e-09 1.173881e-08 3.747218e-08 1.100815e-07 2.878122e-07 6.802135e-07 1.717517e-06 3.464889e-06 9.123265e-06 1.542555e-05 3.214772e-05 4.634492e-05 8.159422e-05 9.513837e-05 1.641198e-04 1.908637e-04 2.671457e-04 3.139004e-04 3.819491e-04 4.625430e-04 5.028048e-04 6.716261e-04 7.724910e-04 1.007484e-03 1.157809e-03 1.331834e-03 1.609660e-03 1.876412e-03 2.166322e-03 2.041314e-03 1.898166e-03 2.166884e-03 2.554621e-03 2.886840e-03 3.042398e-03 3.409405e-03 4.107905e-03 4.870734e-03 5.956877e-03 7.186940e-03 8.168739e-03 9.092993e-03 1.038168e-02 1.245794e-02 1.466214e-02 1.711432e-02 2.045363e-02 2.466540e-02 3.158801e-02 4.080435e-02 4.969514e-02 6.097994e-02 7.313152e-02 8.211529e-02 9.354696e-02 1.077887e-01 1.193544e-01 1.318010e-01 1.457217e-01 1.561974e-01 1.689650e-01 1.852204e-01 1.950275e-01 2.017821e-01 2.139012e-01 2.261803e-01 2.352887e-01 2.463026e-01 2.583899e-01 2.669237e-01 2.732898e-01 2.812299e-01 2.916690e-01 2.987478e-01 2.921441e-01 2.687057e-01 2.357615e-01 2.028475e-01 1.786286e-01 1.706310e-01 1.835288e-01 2.193251e-01 2.778045e-01 3.551572e-01 4.399770e-01 5.129048e-01 5.607396e-01 5.869103e-01 6.013702e-01 6.088099e-01 6.066907e-01 5.939122e-01 5.757077e-01 5.565475e-01 5.423797e-01 5.350256e-01 5.370238e-01 5.493494e-01 5.676559e-01 5.892714e-01 6.102807e-01 6.293597e-01 6.448804e-01 6.532833e-01 6.528490e-01 6.444905e-01 6.306278e-01 6.136112e-01 5.939219e-01 5.719311e-01 5.473937e-01 5.205269e-01 4.924090e-01 4.650603e-01 4.401754e-01 4.183101e-01 3.998671e-01 3.834644e-01 3.673992e-01 3.520126e-01 3.371238e-01 3.218116e-01 3.058755e-01 2.887384e-01 2.709822e-01 2.529606e-01 2.344903e-01 2.162916e-01 1.990053e-01 1.831642e-01 1.681156e-01 1.543775e-01 1.417810e-01 1.294784e-01 1.173963e-01 1.055810e-01 9.494513e-02 8.520161e-02 7.712245e-02 7.019288e-02 6.363967e-02 5.792173e-02 5.257895e-02 4.765063e-02 4.377297e-02 4.089709e-02 3.877614e-02 3.753481e-02 3.689855e-02 3.613505e-02 3.539914e-02 3.397782e-02 3.168502e-02 2.957266e-02 2.740080e-02 2.503978e-02 2.476809e-02 2.395839e-02 2.543138e-02 2.586323e-02 1.830133e-02 8.130087e-03 1.222963e-03 6.176746e-05 5.829030e-07 1.002275e-09 3.659878e-13 1.480411e-17 1.664345e-22 1.399962e-28 3.558463e-35 6.880375e-43 0.000000e+00 0.000000e+00 0.000000e+00 0.000000e+00 0.000000e+00
6.861592e-28 1.816609e-22 3.795486e-16 4.506553e-14 1.453628e-12 2.433015e-11 2.686250e-10 2.226670e-09 1.150354e-08 3.694124e-08 1.460862e-07 4.073381e-07 1.041872e-06 2.298014e-06 4.995691e-06 1.385999e-05 2.744297e-05 4.880679e-05 6.251632e-05 9.981767e-05 1.329550e-04 2.014938e-04 2.190206e-04 2.960590e-04 3.556737e-04 4.431821e-04 5.052609e-04 5.766405e-04 7.024155e-04 8.009462e-04 9.348814e-04 1.071966e-03 1.229865e-03 1.454409e-03 1.577462e-03 1.692468e-03 1.847107e-03 1.908708e-03 2.049353e-03 2.204671e-03 2.609289e-03 3.301394e-03 3.689962e-03 3.948703e-03 4.221062e-03 4.581707e-03 5.400622e-03 6.195521e-03 7.102275e-03 8.304843e-03 9.070664e-03 1.047458e-02 1.353633e-02 1.685974e-02 2.086591e-02 2.600260e-02 3.151043e-02 4.036789e-02 5.329096e-02 6.623574e-02 8.201032e-02 9.943324e-02 1.094987e-01 1.173199e-01 1.262269e-01 1.326065e-01 1.408505e-01 1.491624e-01 1.519290e-01 1.587270e-01 1.736098e-01 1.866267e-01 1.981262e-01 2.151730e-01 2.318324e-01 2.425688e-01 2.544089e-01 2.705728e-01 2.873998e-01 3.043964e-01 3.220328e-01 3.354744e-01 3.357160e-01 3.153594e-01 2.789399e-01 2.412775e-01 2.144711e-01 2.040070e-01 2.135309e-01 2.471556e-01 3.060822e-01 3.833734e-01 4.638807e-01 5.325807e-01 5.808560e-01 6.072085e-01 6.150991e-01 6.109000e-01 5.978163e-01 5.761458e-01 5.484443e-01 5.190269e-01 4.953338e-01 4.796939e-01 4.718980e-01 4.717888e-01 4.776724e-01 4.916280e-01 5.123454e-01 5.363093e-01 5.588578e-01 5.757447e-01 5.863051e-01 5.902098e-01 5.870134e-01 5.768447e-01 5.624191e-01 5.474668e-01 5.331805e-01 5.181698e-01 5.011460e-01 4.823739e-01 4.620773e-01 4.409575e-01 4.198848e-01 3.984059e-01 3.779037e-01 3.596649e-01 3.436103e-01 3.288796e-01 3.152765e-01 3.020762e-01 2.874776e-01 2.710483e-01 2.540526e-01 2.372016e-01 2.203643e-01 2.033155e-01 1.860171e-01 1.696744e-01 1.539213e-01 1.387983e-01 1.258112e-01 1.132900e-01 1.020618e-01 9.267331e-02 8.393206e-02 7.679687e-02 7.134838e-02 6.568886e-02 6.092652e-02 5.671797e-02 5.186973e-02 4.819759e-02 4.509292e-02 4.245266e-02 4.125145e-02 4.045290e-02 3.920514e-02 3.874823e-02 3.624804e-02 3.401056e-02 3.133483e-02 2.825304e-02 2.641622e-02 2.524387e-02 2.545491e-02 2.377260e-02 1.687581e-02 6.322510e-03 1.034458e-03 4.564363e-05 5.059115e-07 1.038079e-09 4.006582e-13 3.150647e-17 3.367673e-22 7.876628e-28 1.654444e-34 7.352613e-42 0.000000e+00 0.000000e+00 0.000000e+00 0.000000e+00 0.000000e+00
4.152108e-27 1.186413e-15 7.908276e-14 5.259485e-12 1.852068e-10 3.086396e-09 3.107968e-08 1.366527e-07 4.544695e-07 1.619119e-06 2.939911e-06 5.351974e-06 9.624770e-06 2.364605e-05 5.557414e-05 9.830645e-05 1.244608e-04 1.431799e-04 1.638085e-04 1.985196e-04 2.320010e-04 2.873918e-04 3.824314e-04 4.959598e-04 5.867393e-04 7.050881e-04 8.020438e-04 8.914471e-04 9.676561e-04 1.087969e-03 1.226316e-03 1.236937e-03 1.346882e-03 1.382216e-03 1.619738e-03 1.678232e-03 1.705445e-03 2.101127e-03 2.302459e-03 2.559072e-03 2.900890e-03 3.389211e-03 4.417829e-03 4.849674e-03 5.198431e-03 5.591166e-03 5.465135e-03 6.224161e-03 7.491244e-03 8.945500e-03 1.157441e-02 1.405056e-02 1.690082e-02 2.187571e-02 2.758309e-02 3.425890e-02 4.165290e-02 4.856401e-02 5.935462e-02 7.571256e-02 9.130049e-02 1.057657e-01 1.189753e-01 1.249965e-01 1.284116e-01 1.325244e-01 1.327781e-01 1.343091e-01 1.409683e-01 1.467441e-01 1.542610e-01 1.714171e-01 1.922818e-01 2.061380e-01 2.173119e-01 2.329194e-01 2.507241e-01 2.691165e-01 2.917070e-01 3.179408e-01 3.419102e-01 3.582660e-01 3.626153e-01 3.496180e-01 3.203915e-01 2.856538e-01 2.582784e-01 2.469684e-01 2.567191e-01 2.896585e-01 3.446565e-01 4.141117e-01 4.830274e-01 5.374292e-01 5.738809e-01 5.955322e-01 6.034673e-01 5.975421e-01 5.782014e-01 5.476496e-01 5.105561e-01 4.716415e-01 4.381168e-01 4.132755e-01 3.983129e-01 3.940854e-01 3.992707e-01 4.138887e-01 4.348069e-01 4.587035e-01 4.832007e-01 5.064700e-01 5.277943e-01 5.444444e-01 5.534955e-01 5.529391e-01 5.445178e-01 5.313962e-01 5.162206e-01 5.002884e-01 4.844463e-01 4.692405e-01 4.538349e-01 4.368275e-01 4.170782e-01 3.958706e-01 3.753570e-01 3.555195e-01 3.359341e-01 3.169198e-01 2.989456e-01 2.819716e-01 2.649256e-01 2.481624e-01 2.322318e-01 2.167096e-01 2.014462e-01 1.856630e-01 1.702889e-01 1.557167e-01 1.416779e-01 1.286946e-01 1.167438e-01 1.066867e-01 9.718558e-02 8.808217e-02 7.970347e-02 7.177205e-02 6.396205e-02 5.717652e-02 5.119839e-02 4.566492e-02 4.158306e-02 3.783384e-02 3.454895e-02 3.238506e-02 3.016740e-02 2.874010e-02 2.828933e-02 2.726869e-02 2.747973e-02 2.704360e-02 2.576532e-02 2.578693e-02 2.378751e-02 2.374974e-02 2.332577e-02 1.879333e-02 1.252314e-02 3.958608e-03 5.805683e-04 2.808493e-05 3.088595e-07 9.868177e-10 4.456330e-13 5.686850e-17 8.949945e-22 3.036054e-27 1.334393e-33 7.997911e-41 1.401298e-45 0.000000e+00 0.000000e+00 0.000000e+00 0.000000e+00
1.697304e-27 5.860205e-21 1.018502e-12 1.157193e-08 8.053788e-07 1.053518e-05 2.906632e-05 6.512558e-05 1.412821e-04 1.290385e-04 1.151126e-04 1.052019e-04 1.815017e-04 3.425081e-04 5.298461e-04 4.972578e-04 4.292115e-04 3.157557e-04 2.733051e-04 2.361707e-04 2.641300e-04 2.988724e-04 4.036037e-04 4.929031e-04 6.815353e-04 8.235665e-04 1.046828e-03 1.191201e-03 1.355294e-03 1.425940e-03 1.472761e-03 1.594429e-03 1.581699e-03 1.639567e-03 1.577025e-03 1.820553e-03 1.984289e-03 1.991878e-03 2.610706e-03 3.193147e-03 3.549707e-03 3.725624e-03 4.165610e-03 5.448878e-03 5.929185e-03 5.989624e-03 6.537291e-03 6.821634e-03 8.031966e-03 1.081487e-02 1.442134e-02 1.854284e-02 2.245703e-02 2.735730e-02 3.535454e-02 4.487149e-02 5.499155e-02 6.410137e-02 7.128695e-02 8.005657e-02 8.966736e-02 1.002763e-01 1.135157e-01 1.227311e-01 1.263471e-01 1.306217e-01 1.340917e-01 1.362270e-01 1.419043e-01 1.513257e-01 1.605799e-01 1.677029e-01 1.755707e-01 1.882026e-01 2.045006e-01 2.213499e-01 2.399631e-01 2.623358e-01 2.866509e-01 3.123536e-01 3.399699e-01 3.623939e-01 3.698877e-01 3.598488e-01 3.368731e-01 3.111599e-01 2.940890e-01 2.918267e-01 3.051555e-01 3.328674e-01 3.735140e-01 4.231593e-01 4.728442e-01 5.134256e-01 5.422922e-01 5.621772e-01 5.727964e-01 5.694626e-01 5.475646e-01 5.101134e-01 4.659705e-01 4.207298e-01 3.798607e-01 3.468902e-01 3.250868e-01 3.165084e-01 3.196430e-01 3.337550e-01 3.558265e-01 3.825382e-01 4.105531e-01 4.365733e-01 4.596702e-01 4.790108e-01 4.940307e-01 5.043451e-01 5.097423e-01 5.092866e-01 5.025182e-01 4.903975e-01 4.740549e-01 4.551753e-01 4.360792e-01 4.178114e-01 4.000117e-01 3.833905e-01 3.681428e-01 3.527561e-01 3.364467e-01 3.202170e-01 3.050160e-01 2.901683e-01 2.758755e-01 2.623196e-01 2.487545e-01 2.346439e-01 2.192173e-01 2.026777e-01 1.862475e-01 1.698876e-01 1.534511e-01 1.376412e-01 1.223792e-01 1.082971e-01 9.574705e-02 8.503627e-02 7.661035e-02 6.947064e-02 6.315795e-02 5.779456e-02 5.262811e-02 4.824756e-02 4.517440e-02 4.216183e-02 4.046196e-02 3.868199e-02 3.710809e-02 3.572405e-02 3.374456e-02 3.231158e-02 3.057502e-02 2.881565e-02 2.839458e-02 2.640457e-02 2.627713e-02 2.510617e-02 2.097716e-02 1.627688e-02 6.974137e-03 1.949049e-03 1.934411e-04 7.047787e-06 8.666221e-08 1.846816e-10 1.501815e-13 1.315316e-17 4.153000e-22 1.299796e-27 9.751010e-34 8.593042e-41 1.401298e-45 1.401298e-45 0.000000e+00 0.000000e+00 0.000000e+00
3.070602e-26 1.586392e-17 3.392927e-19 4.210354e-16 8.005673e-12 9.029490e-09 9.160794e-07 2.490238e-05 9.413175e-05 1.277757e-04 1.487703e-04 3.503638e-04 6.447636e-04 7.318079e-04 5.251179e-04 3.592142e-04 2.583910e-04 1.996771e-04 1.674386e-04 1.721080e-04 2.179369e-04 2.819042e-04 3.646713e-04 5.184847e-04 6.842614e-04 9.308700e-04 1.082920e-03 1.344580e-03 1.456991e-03 1.707181e-03 1.759804e-03 1.851942e-03 1.954237e-03 2.082483e-03 2.364130e-03 2.295538e-03 2.703391e-03 3.155371e-03 3.148871e-03 3.427687e-03 3.911295e-03 4.321957e-03 4.528823e-03 5.218031e-03 6.459624e-03 7.214895e-03 8.159894e-03 1.013279e-02 1.215478e-02 1.369707e-02 1.625742e-02 2.149479e-02 2.869884e-02 3.530025e-02 3.998509e-02 4.513496e-02 5.365103e-02 6.484125e-02 7.197970e-02 7.420751e-02 7.949420e-02 8.681718e-02 9.505270e-02 1.091187e-01 1.216626e-01 1.266917e-01 1.346670e-01 1.439622e-01 1.469758e-01 1.501499e-01 1.577775e-01 1.657692e-01 1.732544e-01 1.848092e-01 2.018112e-01 2.197651e-01 2.363739e-01 2.568726e-01 2.846212e-01 3.138163e-01 3.380204e-01 3.558406e-01 3.633012e-01 3.560125e-01 3.383881e-01 3.192860e-01 3.057126e-01 3.040926e-01 3.193716e-01 3.505166e-01 3.911971e-01 4.347965e-01 4.767458e-01 5.120539e-01 5.358855e-01 5.475992e-01 5.488856e-01 5.396670e-01 5.164582e-01 4.787007e-01 4.318999e-01 3.825451e-01 3.382211e-01 3.021491e-01 2.765756e-01 2.637697e-01 2.643656e-01 2.795423e-01 3.079353e-01 3.468874e-01 3.924961e-01 4.383567e-01 4.780837e-01 5.060298e-01 5.213810e-01 5.271905e-01 5.269955e-01 5.223756e-01 5.144066e-01 5.042232e-01 4.904724e-01 4.722344e-01 4.495307e-01 4.236867e-01 3.967615e-01 3.708789e-01 3.467164e-01 3.246289e-01 3.048761e-01 2.870044e-01 2.698419e-01 2.529827e-01 2.375666e-01 2.233970e-01 2.112364e-01 2.011056e-01 1.916115e-01 1.831198e-01 1.746400e-01 1.645623e-01 1.535524e-01 1.419821e-01 1.300546e-01 1.170427e-01 1.049764e-01 9.436036e-02 8.463257e-02 7.702124e-02 7.166324e-02 6.684778e-02 6.309404e-02 6.052188e-02 5.649279e-02 5.383296e-02 5.079731e-02 4.755405e-02 4.515457e-02 4.174497e-02 3.806730e-02 3.439789e-02 2.983818e-02 2.656119e-02 2.347117e-02 2.158481e-02 2.098611e-02 1.934540e-02 1.744738e-02 1.117276e-02 5.049773e-03 1.060141e-03 9.360623e-05 3.106440e-06 2.458857e-08 6.609684e-11 3.073916e-14 4.784632e-18 1.202744e-22 7.803617e-28 7.294974e-34 1.088753e-40 1.401298e-45 0.000000e+00 0.000000e+00 0.000000e+00 0.000000e+00
2.067070e-27 9.541446e-18 4.740665e-13 2.272626e-13 8.882569e-14 2.871937e-12 4.802873e-10 2.304749e-08 3.384854e-07 3.621916e-06 3.031664e-05 8.772469e-05 1.105883e-04 1.093224e-04 1.008551e-04 9.587450e-05 8.281555e-05 9.629637e-05 1.224683e-04 1.874253e-04 2.392919e-04 3.785722e-04 5.328650e-04 7.452997e-04 9.207875e-04 1.096777e-03 1.357897e-03 1.467674e-03 1.769647e-03 1.768139e-03 2.003994e-03 1.995123e-03 2.230457e-03 2.529836e-03 2.685931e-03 3.172175e-03 3.382444e-03 3.776472e-03 3.892296e-03 4.037640e-03 4.693631e-03 5.922865e-03 7.033244e-03 6.881490e-03 7.779296e-03 1.031221e-02 1.221258e-02 1.347746e-02 1.499481e-02 1.785368e-02 2.132697e-02 2.482848e-02 2.926360e-02 3.307639e-02 3.648185e-02 4.164534e-02 4.642764e-02 5.162627e-02 6.028317e-02 6.765082e-02 7.171830e-02 7.768436e-02 8.482616e-02 9.297840e-02 1.071246e-01 1.228096e-01 1.313998e-01 1.376897e-01 1.467522e-01 1.545578e-01 1.590368e-01 1.649831e-01 1.760094e-01 1.880306e-01 1.978733e-01 2.123410e-01 2.366720e-01 2.639903e-01 2.884251e-01 3.119315e-01 3.319777e-01 3.412978e-01 3.404848e-01 3.335850e-01 3.208055e-01 3.061765e-01 2.987343e-01 3.036242e-01 3.206378e-01 3.490026e-01 3.863521e-01 4.269946e-01 4.654635e-01 5.006139e-01 5.294165e-01 5.439535e-01 5.388441e-01 5.183936e-01 4.881099e-01 4.488467e-01 4.022074e-01 3.519987e-01 3.055989e-01 2.666246e-01 2.380346e-01 2.218799e-01 2.179748e-01 2.271338e-01 2.495436e-01 2.849726e-01 3.308325e-01 3.801199e-01 4.254647e-01 4.609594e-01 4.841761e-01 4.945219e-01 4.924299e-01 4.813253e-01 4.665554e-01 4.523228e-01 4.396783e-01 4.276906e-01 4.141197e-01 3.979231e-01 3.798681e-01 3.599071e-01 3.383779e-01 3.169768e-01 2.969695e-01 2.785752e-01 2.607057e-01 2.437503e-01 2.279438e-01 2.129479e-01 1.993783e-01 1.867721e-01 1.763019e-01 1.678499e-01 1.599118e-01 1.524741e-01 1.458870e-01 1.393604e-01 1.318293e-01 1.241259e-01 1.155007e-01 1.053139e-01 9.468227e-02 8.374579e-02 7.295029e-02 6.418999e-02 5.698793e-02 5.084891e-02 4.640663e-02 4.261787e-02 3.882277e-02 3.601760e-02 3.310643e-02 3.035323e-02 2.829202e-02 2.532942e-02 2.294658e-02 2.019936e-02 1.717070e-02 1.550730e-02 1.307454e-02 1.152950e-02 8.751345e-03 5.194419e-03 2.126411e-03 4.142352e-04 4.120381e-05 1.202800e-06 1.154708e-08 2.663416e-11 1.493936e-14 2.221865e-18 6.594022e-23 5.524034e-28 7.256625e-34 2.218171e-40 1.401298e-45 1.401298e-45 0.000000e+00 0.000000e+00 0.000000e+00
2.260041e-27 2.017016e-18 1.252774e-14 9.202915e-13 2.208707e-11 7.265562e-11 1.615121e-10 2.012368e-09 7.290394e-08 1.585782e-06 8.909821e-06 1.733554e-05 2.257677e-05 2.522964e-05 3.408106e-05 5.190431e-05 1.019167e-04 1.501396e-04 2.254686e-04 2.886504e-04 4.687092e-04 6.365407e-04 9.422908e-04 1.156682e-03 1.443847e-03 1.591724e-03 1.703240e-03 1.819457e-03 1.859812e-03 2.001443e-03 1.997832e-03 2.277635e-03 2.244889e-03 2.646281e-03 3.113770e-03 3.370950e-03 3.345884e-03 3.104765e-03 3.447589e-03 4.025387e-03 5.160584e-03 6.475789e-03 7.543008e-03 8.669793e-03 9.099534e-03 1.055954e-02 1.394246e-02 1.760763e-02 2.098759e-02 2.382360e-02 2.598379e-02 2.725612e-02 2.841054e-02 3.237807e-02 3.701643e-02 3.881952e-02 4.081883e-02 4.343424e-02 4.785493e-02 5.696903e-02 6.542949e-02 7.109881e-02 7.958328e-02 8.879091e-02 9.704792e-02 1.095880e-01 1.253570e-01 1.372230e-01 1.466252e-01 1.578249e-01 1.691380e-01 1.778616e-01 1.844051e-01 1.929230e-01 2.077899e-01 2.268188e-01 2.435225e-01 2.579932e-01 2.753208e-01 2.936415e-01 3.070430e-01 3.138060e-01 3.138216e-01 3.067424e-01 2.963936e-01 2.887518e-01 2.884536e-01 2.987500e-01 3.202004e-01 3.500896e-01 3.858287e-01 4.244875e-01 4.620063e-01 4.949841e-01 5.221608e-01 5.410028e-01 5.444750e-01 5.262848e-01 4.878686e-01 4.365326e-01 3.792623e-01 3.204449e-01 2.679759e-01 2.274105e-01 2.008716e-01 1.882405e-01 1.882814e-01 2.018936e-01 2.291976e-01 2.692681e-01 3.185553e-01 3.707373e-01 4.200355e-01 4.610506e-01 4.914009e-01 5.101656e-01 5.170325e-01 5.141850e-01 5.032594e-01 4.868574e-01 4.674103e-01 4.465305e-01 4.245836e-01 4.017820e-01 3.783953e-01 3.542532e-01 3.298918e-01 3.067419e-01 2.856788e-01 2.665928e-01 2.494765e-01 2.352565e-01 2.233644e-01 2.134831e-01 2.042395e-01 1.950325e-01 1.869495e-01 1.781425e-01 1.679839e-01 1.580152e-01 1.472714e-01 1.358339e-01 1.245070e-01 1.134318e-01 1.031033e-01 9.394315e-02 8.557402e-02 7.730342e-02 6.938170e-02 6.187336e-02 5.524019e-02 4.941398e-02 4.547140e-02 4.190620e-02 3.971108e-02 3.778439e-02 3.535942e-02 3.374397e-02 3.066426e-02 2.810132e-02 2.539159e-02 2.186668e-02 1.929462e-02 1.560600e-02 1.246618e-02 8.761876e-03 5.015704e-03 2.286765e-03 5.805548e-04 1.004169e-04 6.674283e-06 1.865446e-07 1.610656e-09 3.750316e-12 2.729597e-15 3.778656e-19 1.550830e-23 1.034572e-28 1.711124e-34 5.925671e-41 1.401298e-45 1.401298e-45 0.000000e+00 0.000000e+00 0.000000e+00
3.884795e-27 1.646471e-18 2.349747e-16 2.417802e-12 2.320894e-10 2.348185e-10 6.913395e-10 9.241347e-09 1.106755e-07 5.426468e-07 1.306575e-06 2.483694e-06 4.726552e-06 1.065379e-05 2.928551e-05 7.510393e-05 1.546885e-04 2.865334e-04 4.770763e-04 7.039982e-04 9.431224e-04 1.212862e-03 1.436436e-03 1.654463e-03 1.799618e-03 2.001755e-03 1.973352e-03 2.078714e-03 1.995543e-03 2.232104e-03 2.245017e-03 2.217515e-03 2.294627e-03 2.408588e-03 2.835883e-03 2.963929e-03 3.102414e-03 3.410201e-03 4.032357e-03 5.340626e-03 6.190466e-03 6.699098e-03 7.728945e-03 9.695940e-03 1.156921e-02 1.249278e-02 1.445149e-02 1.817734e-02 2.163246e-02 2.350824e-02 2.514957e-02 2.687914e-02 2.744767e-02 2.803014e-02 3.053863e-02 3.396166e-02 3.725788e-02 4.088026e-02 4.405612e-02 4.806271e-02 5.679014e-02 6.804251e-02 7.603056e-02 8.430331e-02 9.573502e-02 1.059846e-01 1.182243e-01 1.375376e-01 1.545891e-01 1.627392e-01 1.711034e-01 1.830781e-01 1.950585e-01 2.079461e-01 2.200275e-01 2.283562e-01 2.391447e-01 2.553633e-01 2.695108e-01 2.806756e-01 2.929009e-01 3.005571e-01 2.971434e-01 2.878080e-01 2.806172e-01 2.786397e-01 2.830369e-01 2.962097e-01 3.196430e-01 3.511296e-01 3.872375e-01 4.262275e-01 4.665385e-01 5.031586e-01 5.293548e-01 5.408263e-01 5.353049e-01 5.109610e-01 4.665460e-01 4.064771e-01 3.412078e-01 2.798145e-01 2.294389e-01 1.923531e-01 1.692113e-01 1.597353e-01 1.623812e-01 1.771843e-01 2.038936e-01 2.422907e-01 2.908331e-01 3.445991e-01 3.968101e-01 4.395874e-01 4.675504e-01 4.797464e-01 4.799859e-01 4.747124e-01 4.675696e-01 4.592999e-01 4.484017e-01 4.327486e-01 4.118916e-01 3.868148e-01 3.594187e-01 3.322304e-01 3.072100e-01 2.843676e-01 2.635457e-01 2.438699e-01 2.256353e-01 2.089358e-01 1.940279e-01 1.814751e-01 1.713624e-01 1.644466e-01 1.595569e-01 1.554700e-01 1.519555e-01 1.476847e-01 1.418753e-01 1.344812e-01 1.263886e-01 1.172851e-01 1.077587e-01 9.922370e-02 9.099188e-02 8.425410e-02 7.956611e-02 7.496830e-02 7.089087e-02 6.714021e-02 6.212043e-02 5.814777e-02 5.426012e-02 4.989437e-02 4.646518e-02 4.145903e-02 3.652013e-02 3.167258e-02 2.642272e-02 2.283976e-02 1.928188e-02 1.623423e-02 1.313076e-02 8.744337e-03 4.860008e-03 1.652949e-03 3.436364e-04 3.713361e-05 1.729971e-06 3.292947e-08 2.048313e-10 5.017407e-13 3.505728e-16 7.870570e-20 4.402803e-24 4.368587e-29 1.146012e-34 4.042186e-41 1.401298e-45 0.000000e+00 0.000000e+00 0.000000e+00 0.000000e+00
4.244248e-28 2.176157e-18 1.963162e-14 1.781736e-13 5.271498e-12 1.032334e-09 7.894906e-08 2.146714e-07 8.510673e-08 5.116482e-08 9.332633e-08 3.199855e-07 1.541657e-06 8.880166e-06 3.903410e-05 1.420895e-04 3.522931e-04 7.244842e-04 1.043821e-03 1.559096e-03 1.678132e-03 1.991576e-03 2.008883e-03 2.240392e-03 2.254222e-03 2.199272e-03 2.358685e-03 2.203216e-03 2.533567e-03 2.255505e-03 2.393180e-03 2.249504e-03 2.182461e-03 2.442426e-03 2.334894e-03 2.606124e-03 3.087584e-03 3.929013e-03 4.741466e-03 5.310936e-03 6.080532e-03 6.997553e-03 8.011343e-03 9.366421e-03 1.162319e-02 1.397895e-02 1.530448e-02 1.643074e-02 1.876798e-02 2.211297e-02 2.404927e-02 2.474144e-02 2.680082e-02 2.748444e-02 2.718544e-02 3.022432e-02 3.449206e-02 3.773372e-02 4.226242e-02 4.700800e-02 5.154636e-02 5.940329e-02 7.001099e-02 7.900185e-02 8.898575e-02 1.033426e-01 1.159137e-01 1.258085e-01 1.414209e-01 1.607712e-01 1.750860e-01 1.865490e-01 1.996149e-01 2.137651e-01 2.288868e-01 2.410778e-01 2.453396e-01 2.466404e-01 2.525280e-01 2.615786e-01 2.695097e-01 2.760157e-01 2.800892e-01 2.795058e-01 2.767165e-01 2.774011e-01 2.848277e-01 3.002840e-01 3.251844e-01 3.589691e-01 3.982398e-01 4.385178e-01 4.781820e-01 5.151302e-01 5.411851e-01 5.459760e-01 5.250305e-01 4.824974e-01 4.251533e-01 3.616346e-01 3.010954e-01 2.481343e-01 2.059981e-01 1.752410e-01 1.561384e-01 1.487501e-01 1.521887e-01 1.668624e-01 1.923131e-01 2.279646e-01 2.721830e-01 3.219215e-01 3.737808e-01 4.223025e-01 4.612347e-01 4.855145e-01 4.931445e-01 4.871532e-01 4.718498e-01 4.521134e-01 4.314052e-01 4.103628e-01 3.891799e-01 3.661715e-01 3.411603e-01 3.161026e-01 2.929804e-01 2.728102e-01 2.552575e-01 2.404455e-01 2.284158e-01 2.171225e-01 2.055277e-01 1.931704e-01 1.807498e-01 1.696131e-01 1.597705e-01 1.523490e-01 1.476987e-01 1.448223e-01 1.429975e-01 1.415626e-01 1.387429e-01 1.340104e-01 1.265118e-01 1.150420e-01 1.020306e-01 8.894043e-02 7.619886e-02 6.624280e-02 5.818955e-02 5.196271e-02 4.692247e-02 4.255617e-02 3.874843e-02 3.520783e-02 3.198484e-02 2.864811e-02 2.553590e-02 2.179452e-02 1.853257e-02 1.521923e-02 1.245017e-02 1.025983e-02 7.559238e-03 5.454113e-03 2.857238e-03 1.066478e-03 2.266322e-04 2.210979e-05 1.057907e-06 1.510975e-08 9.827619e-11 1.887130e-13 1.390695e-16 3.560870e-20 2.182693e-24 5.813374e-29 1.880342e-34 3.743219e-40 1.401298e-45 1.401298e-45 0.000000e+00 0.000000e+00 0.000000e+00
3.223068e-28 3.502084e-18 1.692510e-14 1.102981e-13 7.811428e-12 3.302134e-09 6.143882e-08 5.081259e-08 1.864708e-08 1.999935e-08 6.095848e-08 3.502877e-07 2.968877e-06 1.852964e-05 8.889276e-05 2.753951e-04 7.424672e-04 1.301735e-03 1.983733e-03 1.993839e-03 2.467319e-03 2.434508e-03 2.738004e-03 2.507457e-03 2.518460e-03 2.437267e-03 2.250546e-03 2.394025e-03 2.176231e-03 2.443698e-03 2.237024e-03 2.268544e-03 2.330446e-03 2.202229e-03 2.306035e-03 2.538083e-03 3.164964e-03 3.888706e-03 4.628535e-03 5.104973e-03 5.743365e-03 7.144923e-03 8.590576e-03 9.720476e-03 1.110452e-02 1.287968e-02 1.431695e-02 1.503603e-02 1.612441e-02 1.836550e-02 2.164774e-02 2.467336e-02 2.599882e-02 2.755155e-02 2.925227e-02 2.929423e-02 3.125517e-02 3.668282e-02 4.222396e-02 4.700989e-02 5.090962e-02 5.463318e-02 6.248258e-02 7.436814e-02 8.513652e-02 9.507965e-02 1.081896e-01 1.231378e-01 1.379683e-01 1.541404e-01 1.710605e-01 1.879117e-01 2.040439e-01 2.148024e-01 2.208370e-01 2.292364e-01 2.412139e-01 2.519629e-01 2.605343e-01 2.692746e-01 2.789941e-01 2.887833e-01 2.963898e-01 3.010585e-01 3.038035e-01 3.066832e-01 3.120429e-01 3.228329e-01 3.418177e-01 3.704425e-01 4.078170e-01 4.496439e-01 4.894470e-01 5.214390e-01 5.406185e-01 5.411487e-01 5.180855e-01 4.738918e-01 4.160241e-01 3.532872e-01 2.932072e-01 2.401926e-01 1.982972e-01 1.679931e-01 1.489307e-01 1.409170e-01 1.435361e-01 1.579727e-01 1.847253e-01 2.235956e-01 2.718191e-01 3.229077e-01 3.701642e-01 4.084896e-01 4.376207e-01 4.594754e-01 4.738014e-01 4.789087e-01 4.724127e-01 4.557323e-01 4.330154e-01 4.084774e-01 3.851013e-01 3.621893e-01 3.395504e-01 3.164572e-01 2.932649e-01 2.712659e-01 2.506199e-01 2.330681e-01 2.191436e-01 2.084034e-01 1.998484e-01 1.922052e-01 1.847153e-01 1.753602e-01 1.642968e-01 1.524187e-01 1.404350e-01 1.300375e-01 1.214318e-01 1.149555e-01 1.107073e-01 1.075965e-01 1.044309e-01 1.001834e-01 9.466109e-02 8.700335e-02 7.741687e-02 6.774168e-02 5.868679e-02 5.047749e-02 4.447193e-02 3.967908e-02 3.561416e-02 3.274978e-02 2.938022e-02 2.661348e-02 2.387096e-02 2.093517e-02 1.794599e-02 1.474350e-02 1.135723e-02 7.872061e-03 5.068823e-03 2.663611e-03 1.160439e-03 3.470638e-04 6.013177e-05 6.036723e-06 2.315097e-07 4.390001e-09 2.394413e-11 5.682301e-14 3.737702e-17 7.872473e-21 5.675259e-25 1.003731e-29 1.132978e-34 3.013885e-40 1.401298e-45 1.401298e-45 0.000000e+00 0.000000e+00 0.000000e+00
1.044227e-28 9.369014e-19 5.576975e-17 1.310118e-12 1.006743e-09 3.158677e-10 7.216680e-11 2.784327e-10 6.169152e-09 1.023269e-07 9.633006e-07 5.608364e-06 1.902773e-05 6.056163e-05 1.759716e-04 4.412826e-04 7.842904e-04 1.126048e-03 1.352874e-03 1.727891e-03 1.838468e-03 2.140730e-03 2.180296e-03 2.268108e-03 2.108551e-03 2.012345e-03 1.969657e-03 1.845378e-03 1.945650e-03 1.928451e-03 2.150938e-03 2.251025e-03 2.361032e-03 2.589799e-03 2.636780e-03 2.707530e-03 2.916485e-03 3.350293e-03 3.985527e-03 4.591573e-03 5.231843e-03 5.800270e-03 7.132481e-03 9.058058e-03 9.799062e-03 1.091428e-02 1.323088e-02 1.517934e-02 1.706951e-02 1.843178e-02 1.966634e-02 2.208498e-02 2.418757e-02 2.651554e-02 2.907206e-02 3.017080e-02 3.218010e-02 3.561607e-02 3.843382e-02 4.245481e-02 4.858674e-02 5.433522e-02 5.999150e-02 6.809618e-02 7.808588e-02 8.943336e-02 1.030265e-01 1.158763e-01 1.281136e-01 1.453653e-01 1.642098e-01 1.775080e-01 1.896662e-01 2.045503e-01 2.167807e-01 2.246672e-01 2.341696e-01 2.466373e-01 2.609375e-01 2.785366e-01 2.978239e-01 3.143249e-01 3.261485e-01 3.331592e-01 3.355501e-01 3.363399e-01 3.418313e-01 3.550284e-01 3.736139e-01 3.944753e-01 4.183358e-01 4.474598e-01 4.807529e-01 5.107727e-01 5.282216e-01 5.286340e-01 5.113481e-01 4.782768e-01 4.322190e-01 3.772775e-01 3.186985e-01 2.611797e-01 2.122125e-01 1.760953e-01 1.539724e-01 1.449625e-01 1.470156e-01 1.601205e-01 1.849296e-01 2.223786e-01 2.708896e-01 3.238174e-01 3.730101e-01 4.118823e-01 4.388887e-01 4.552339e-01 4.622870e-01 4.621714e-01 4.556607e-01 4.430550e-01 4.248144e-01 4.012611e-01 3.745287e-01 3.468891e-01 3.209627e-01 2.971808e-01 2.759281e-01 2.569175e-01 2.392506e-01 2.225254e-01 2.057949e-01 1.898050e-01 1.755676e-01 1.641429e-01 1.556293e-01 1.492553e-01 1.444267e-01 1.396782e-01 1.339047e-01 1.268126e-01 1.189788e-01 1.114157e-01 1.050254e-01 9.962447e-02 9.521737e-02 9.243423e-02 9.029678e-02 8.860978e-02 8.832148e-02 8.604511e-02 8.175620e-02 7.649907e-02 6.876368e-02 6.087426e-02 5.369983e-02 4.609044e-02 3.937328e-02 3.349550e-02 2.797361e-02 2.407327e-02 2.048701e-02 1.717651e-02 1.372869e-02 9.484592e-03 5.657400e-03 2.553269e-03 8.111481e-04 1.649858e-04 1.864609e-05 1.056432e-06 3.330130e-08 4.336647e-10 3.003566e-12 6.784005e-15 6.924105e-18 1.715189e-21 1.492527e-25 3.599821e-30 4.231797e-35 3.909665e-40 1.401298e-45 1.401298e-45 0.000000e+00 0.000000e+00 0.000000e+00
2.911569e-29 2.282691e-20 1.657138e-14 8.060769e-12 2.787415e-12 1.004887e-12 1.202322e-11 6.881964e-10 4.431492e-08 2.010567e-06 2.293659e-05 7.137458e-05 1.340454e-04 1.987039e-04 2.814916e-04 3.787329e-04 4.825857e-04 5.915955e-04 6.894612e-04 8.118204e-04 9.524790e-04 1.034538e-03 1.102009e-03 1.240707e-03 1.334831e-03 1.442507e-03 1.462513e-03 1.594771e-03 1.619964e-03 1.705559e-03 1.966381e-03 2.128566e-03 2.188531e-03 2.193650e-03 2.751058e-03 3.123828e-03 3.252794e-03 3.088299e-03 3.115365e-03 3.978129e-03 4.871177e-03 5.962222e-03 6.348805e-03 6.488431e-03 7.809292e-03 8.723251e-03 1.034557e-02 1.350525e-02 1.585583e-02 1.813330e-02 1.983494e-02 2.108821e-02 2.429270e-02 2.639647e-02 2.883670e-02 3.395560e-02 3.548915e-02 3.586580e-02 4.037908e-02 4.521403e-02 4.915819e-02 5.531588e-02 6.106599e-02 6.701525e-02 7.722619e-02 8.864747e-02 9.933947e-02 1.140493e-01 1.300900e-01 1.408716e-01 1.531041e-01 1.698203e-01 1.818816e-01 1.899620e-01 2.016633e-01 2.142598e-01 2.272124e-01 2.480940e-01 2.766897e-01 3.039025e-01 3.267837e-01 3.494174e-01 3.695739e-01 3.817703e-01 3.885300e-01 3.933836e-01 3.971110e-01 4.030613e-01 4.137498e-01 4.264920e-01 4.389770e-01 4.533066e-01 4.721598e-01 4.928202e-01 5.073088e-01 5.087394e-01 4.943178e-01 4.667395e-01 4.294997e-01 3.846814e-01 3.344238e-01 2.817144e-01 2.333719e-01 1.946812e-01 1.686087e-01 1.562151e-01 1.566861e-01 1.704178e-01 1.970697e-01 2.352216e-01 2.817082e-01 3.310650e-01 3.789878e-01 4.211097e-01 4.546568e-01 4.775370e-01 4.880431e-01 4.867472e-01 4.752224e-01 4.565939e-01 4.339198e-01 4.081355e-01 3.801711e-01 3.506578e-01 3.204674e-01 2.912687e-01 2.657350e-01 2.452261e-01 2.303045e-01 2.200576e-01 2.123520e-01 2.053252e-01 1.972426e-01 1.871729e-01 1.748796e-01 1.628958e-01 1.528328e-01 1.451136e-01 1.397465e-01 1.355882e-01 1.323009e-01 1.287038e-01 1.234398e-01 1.171707e-01 1.102277e-01 1.023635e-01 9.440679e-02 8.756427e-02 8.125577e-02 7.590856e-02 7.126910e-02 6.599457e-02 6.002370e-02 5.320193e-02 4.521352e-02 3.709332e-02 2.998528e-02 2.329568e-02 1.829845e-02 1.434211e-02 1.127796e-02 9.075160e-03 6.927615e-03 5.135573e-03 3.266377e-03 1.617075e-03 5.536265e-04 1.033613e-04 9.884152e-06 4.064071e-07 8.589740e-09 8.840235e-11 4.238167e-13 1.169803e-15 1.165748e-18 6.312189e-22 9.073127e-26 6.955895e-30 1.826894e-34 4.716663e-39 6.025583e-44 1.401298e-45 1.401298e-45 0.000000e+00 0.000000e+00
5.888410e-31 2.946966e-18 5.981229e-14 9.612913e-16 2.481761e-15 1.585420e-12 9.949837e-10 1.153422e-07 2.927591e-06 2.641018e-05 1.714799e-04 5.434677e-04 8.194952e-04 8.647392e-04 7.346735e-04 6.594469e-04 6.128435e-04 6.158528e-04 5.602972e-04 5.144559e-04 4.782066e-04 5.512244e-04 6.445330e-04 7.405828e-04 9.023047e-04 1.032367e-03 1.265241e-03 1.307484e-03 1.504307e-03 1.484685e-03 1.542242e-03 1.560413e-03 1.679769e-03 1.994098e-03 2.068781e-03 2.569118e-03 2.724568e-03 2.935605e-03 3.207407e-03 3.302968e-03 4.248810e-03 4.943119e-03 5.827413e-03 6.575151e-03 7.090570e-03 9.060933e-03 1.019697e-02 1.122785e-02 1.357480e-02 1.533393e-02 1.780698e-02 2.017015e-02 2.210335e-02 2.594261e-02 2.885351e-02 3.151709e-02 3.727421e-02 4.153129e-02 4.282062e-02 4.606616e-02 5.137119e-02 5.738398e-02 6.476989e-02 7.278798e-02 8.173031e-02 9.390534e-02 1.079877e-01 1.201074e-01 1.315853e-01 1.436885e-01 1.525225e-01 1.586114e-01 1.671822e-01 1.798177e-01 1.947057e-01 2.108695e-01 2.296707e-01 2.525182e-01 2.816777e-01 3.158400e-01 3.473529e-01 3.723618e-01 3.923411e-01 4.058151e-01 4.115607e-01 4.161942e-01 4.260836e-01 4.386752e-01 4.494165e-01 4.582562e-01 4.658622e-01 4.717885e-01 4.780756e-01 4.867599e-01 4.948813e-01 4.951953e-01 4.819966e-01 4.561497e-01 4.209690e-01 3.793434e-01 3.347108e-01 2.897449e-01 2.486712e-01 2.139069e-01 1.878878e-01 1.727379e-01 1.689695e-01 1.778548e-01 1.997989e-01 2.343725e-01 2.783950e-01 3.247730e-01 3.666146e-01 3.991012e-01 4.211968e-01 4.344000e-01 4.402108e-01 4.400130e-01 4.337975e-01 4.220560e-01 4.060673e-01 3.866926e-01 3.657746e-01 3.436717e-01 3.199041e-01 2.947741e-01 2.688672e-01 2.442213e-01 2.226595e-01 2.046779e-01 1.908475e-01 1.813749e-01 1.753194e-01 1.707102e-01 1.655470e-01 1.587696e-01 1.499002e-01 1.399356e-01 1.299118e-01 1.211450e-01 1.145491e-01 1.093877e-01 1.048011e-01 1.005268e-01 9.568859e-02 8.973844e-02 8.332385e-02 7.630219e-02 6.867159e-02 6.209523e-02 5.610743e-02 5.086923e-02 4.754524e-02 4.355614e-02 3.920677e-02 3.473186e-02 2.868452e-02 2.324151e-02 1.791679e-02 1.289864e-02 9.139623e-03 5.817303e-03 3.582546e-03 2.125911e-03 1.093643e-03 5.175532e-04 1.661503e-04 3.387211e-05 3.329974e-06 1.467167e-07 3.080882e-09 2.730036e-11 1.115966e-13 1.936734e-16 1.750520e-19 6.799067e-23 1.839474e-26 2.655622e-30 3.826739e-34 3.003283e-38 1.399897e-42 1.401298e-45 1.401298e-45 0.000000e+00 0.000000e+00
6.289588e-30 4.222755e-19 3.965807e-20 8.132935e-16 4.843089e-11 5.483764e-08 8.464043e-06 2.281811e-04 7.950221e-04 1.063065e-03 1.030841e-03 1.537396e-03 2.341231e-03 2.743715e-03 2.734944e-03 2.058349e-03 1.706803e-03 1.162872e-03 1.009145e-03 7.184976e-04 6.918039e-04 5.857053e-04 6.653867e-04 7.247047e-04 8.010026e-04 9.294559e-04 9.806899e-04 1.154683e-03 1.115873e-03 1.279312e-03 1.211007e-03 1.290992e-03 1.426392e-03 1.472450e-03 1.682516e-03 1.607129e-03 2.005951e-03 2.545248e-03 2.874379e-03 3.318996e-03 3.444511e-03 3.928793e-03 4.442247e-03 5.213840e-03 6.256021e-03 6.856787e-03 8.130764e-03 9.244883e-03 1.024535e-02 1.247923e-02 1.479651e-02 1.797755e-02 2.171883e-02 2.595897e-02 3.180164e-02 3.538608e-02 3.848293e-02 4.449725e-02 4.901187e-02 5.219323e-02 5.697551e-02 6.294370e-02 7.154486e-02 8.212809e-02 9.083886e-02 9.937882e-02 1.107221e-01 1.222770e-01 1.331038e-01 1.447372e-01 1.546506e-01 1.630166e-01 1.734160e-01 1.836984e-01 1.941233e-01 2.111109e-01 2.346797e-01 2.585014e-01 2.834516e-01 3.153168e-01 3.523786e-01 3.844360e-01 4.073915e-01 4.267919e-01 4.431360e-01 4.522104e-01 4.557440e-01 4.604134e-01 4.687866e-01 4.774773e-01 4.840854e-01 4.886904e-01 4.908982e-01 4.910519e-01 4.903874e-01 4.887100e-01 4.813175e-01 4.639163e-01 4.342196e-01 3.935327e-01 3.470582e-01 2.997881e-01 2.579857e-01 2.248289e-01 2.019479e-01 1.902563e-01 1.893966e-01 2.003605e-01 2.232413e-01 2.579186e-01 3.033152e-01 3.552693e-01 4.063321e-01 4.459541e-01 4.673376e-01 4.715013e-01 4.642145e-01 4.518888e-01 4.375695e-01 4.215223e-01 4.026867e-01 3.803239e-01 3.561220e-01 3.317551e-01 3.091177e-01 2.892698e-01 2.709429e-01 2.534742e-01 2.361799e-01 2.182675e-01 2.006651e-01 1.844880e-01 1.706056e-01 1.596681e-01 1.521707e-01 1.471021e-01 1.430787e-01 1.389262e-01 1.330265e-01 1.262531e-01 1.188010e-01 1.110493e-01 1.048101e-01 9.925660e-02 9.449018e-02 9.101889e-02 8.737152e-02 8.337227e-02 7.987365e-02 7.489301e-02 6.894682e-02 6.382296e-02 5.724799e-02 5.129810e-02 4.597670e-02 3.983293e-02 3.516889e-02 3.048795e-02 2.562506e-02 2.137619e-02 1.566722e-02 1.041860e-02 6.035741e-03 2.801429e-03 1.155590e-03 3.441739e-04 7.500728e-05 1.023777e-05 7.372173e-07 3.112980e-08 6.173168e-10 6.697643e-12 2.858832e-14 5.130865e-17 3.844883e-20 1.338199e-23 3.559151e-27 1.058637e-30 3.812849e-34 1.053566e-37 9.530231e-42 1.401298e-45 0.000000e+00 0.000000e+00 0.000000e+00
8.589032e-32 3.347877e-24 5.699940e-15 5.514979e-10 3.049971e-07 1.333851e-05 6.665978e-05 2.635895e-04 8.256711e-04 9.905914e-04 8.498832e-04 6.730366e-04 7.749973e-04 1.132788e-03 1.550994e-03 2.025617e-03 1.766532e-03 1.560045e-03 9.998205e-04 1.018801e-03 8.207538e-04 9.009975e-04 7.492097e-04 7.965668e-04 8.066029e-04 8.229633e-04 8.923323e-04 8.909396e-04 1.001220e-03 9.081068e-04 9.821061e-04 1.037263e-03 1.075091e-03 1.145744e-03 1.123545e-03 1.317928e-03 1.465145e-03 1.636581e-03 2.137263e-03 2.522563e-03 2.772467e-03 3.143704e-03 3.663679e-03 4.524157e-03 5.370420e-03 5.924157e-03 6.615623e-03 7.311440e-03 8.169821e-03 1.013283e-02 1.291878e-02 1.608977e-02 2.035903e-02 2.373330e-02 2.756482e-02 3.487924e-02 4.052395e-02 4.517623e-02 5.424269e-02 6.113631e-02 6.503140e-02 7.288509e-02 8.149073e-02 9.088470e-02 1.043348e-01 1.138351e-01 1.176084e-01 1.246605e-01 1.342460e-01 1.441250e-01 1.571336e-01 1.690243e-01 1.765765e-01 1.866379e-01 2.006132e-01 2.144790e-01 2.323368e-01 2.569524e-01 2.835543e-01 3.110635e-01 3.421914e-01 3.716148e-01 3.916522e-01 4.066105e-01 4.238123e-01 4.432016e-01 4.604166e-01 4.727784e-01 4.800302e-01 4.833730e-01 4.834659e-01 4.823092e-01 4.840260e-01 4.907264e-01 4.999721e-01 5.064188e-01 5.035521e-01 4.877428e-01 4.582124e-01 4.182529e-01 3.735142e-01 3.276064e-01 2.855305e-01 2.508224e-01 2.263361e-01 2.138515e-01 2.126895e-01 2.229169e-01 2.431777e-01 2.715848e-01 3.051406e-01 3.391683e-01 3.699924e-01 3.950240e-01 4.131550e-01 4.225641e-01 4.213522e-01 4.108075e-01 3.949078e-01 3.786393e-01 3.635301e-01 3.491412e-01 3.338583e-01 3.166026e-01 2.983735e-01 2.799191e-01 2.624924e-01 2.475035e-01 2.352140e-01 2.251827e-01 2.163653e-01 2.069098e-01 1.953513e-01 1.822453e-01 1.692914e-01 1.575561e-01 1.487063e-01 1.434661e-01 1.410900e-01 1.396635e-01 1.369663e-01 1.322014e-01 1.247908e-01 1.153143e-01 1.054683e-01 9.585232e-02 8.691747e-02 7.899675e-02 7.140148e-02 6.407551e-02 5.766696e-02 5.070706e-02 4.350382e-02 3.726424e-02 3.061527e-02 2.499065e-02 2.063849e-02 1.682534e-02 1.444673e-02 1.245108e-02 1.052886e-02 8.656153e-03 6.152871e-03 3.710461e-03 1.671473e-03 4.868791e-04 8.673324e-05 7.573502e-06 3.931792e-07 9.713315e-09 1.587952e-10 1.443129e-12 7.904205e-15 2.276370e-17 2.961062e-20 2.182062e-23 1.038447e-26 7.082124e-30 5.193748e-33 2.517964e-36 3.302188e-40 4.203895e-45 1.401298e-45 1.401298e-45 1.401298e-45
2.213062e-35 4.911817e-19 3.018983e-14 4.344006e-11 4.081575e-09 1.169213e-07 1.189879e-06 4.250172e-06 1.259231e-05 4.208515e-05 7.059243e-05 8.795380e-05 1.109499e-04 2.052008e-04 3.371851e-04 4.458635e-04 5.964072e-04 6.537238e-04 7.333554e-04 6.389508e-04 6.909859e-04 6.411343e-04 6.862522e-04 6.371244e-04 6.564830e-04 6.952169e-04 7.314514e-04 7.556782e-04 7.799422e-04 9.029685e-04 9.517610e-04 9.537132e-04 9.565808e-04 8.960157e-04 9.984769e-04 1.072860e-03 1.147749e-03 1.447198e-03 1.591024e-03 1.860684e-03 2.319169e-03 2.570634e-03 3.226228e-03 3.711504e-03 4.112932e-03 4.861890e-03 5.053062e-03 6.004199e-03 7.807263e-03 8.816909e-03 1.083664e-02 1.390156e-02 1.647940e-02 2.078998e-02 2.515323e-02 2.820880e-02 3.479360e-02 4.226403e-02 4.847018e-02 6.032296e-02 7.383397e-02 8.321570e-02 9.475858e-02 1.041927e-01 1.090390e-01 1.184507e-01 1.280347e-01 1.328299e-01 1.388001e-01 1.466336e-01 1.571960e-01 1.737406e-01 1.903492e-01 2.025769e-01 2.170068e-01 2.333298e-01 2.451950e-01 2.582294e-01 2.778127e-01 2.972880e-01 3.152095e-01 3.401321e-01 3.723381e-01 4.001870e-01 4.164128e-01 4.238563e-01 4.284366e-01 4.347038e-01 4.452638e-01 4.598149e-01 4.760260e-01 4.919061e-01 5.069322e-01 5.200920e-01 5.303504e-01 5.360107e-01 5.339174e-01 5.220579e-01 4.989615e-01 4.651469e-01 4.230016e-01 3.754572e-01 3.299478e-01 2.923227e-01 2.661809e-01 2.526218e-01 2.498920e-01 2.577029e-01 2.750642e-01 3.007820e-01 3.319688e-01 3.632690e-01 3.900740e-01 4.097499e-01 4.219580e-01 4.261196e-01 4.223470e-01 4.111213e-01 3.939961e-01 3.738652e-01 3.532980e-01 3.352228e-01 3.198643e-01 3.064069e-01 2.935301e-01 2.797753e-01 2.653224e-01 2.499930e-01 2.345597e-01 2.208243e-01 2.090920e-01 1.984304e-01 1.885352e-01 1.789975e-01 1.680290e-01 1.556327e-01 1.428287e-01 1.305441e-01 1.209773e-01 1.139064e-01 1.087825e-01 1.055203e-01 1.018769e-01 9.711634e-02 9.127412e-02 8.400743e-02 7.659754e-02 6.857166e-02 5.982133e-02 5.230013e-02 4.529200e-02 3.860442e-02 3.373820e-02 2.873305e-02 2.413734e-02 2.034175e-02 1.576941e-02 1.224479e-02 9.233654e-03 6.543427e-03 4.905132e-03 3.485810e-03 2.459840e-03 1.684889e-03 8.667877e-04 3.277701e-04 6.362810e-05 6.155599e-06 2.808565e-07 5.474675e-09 6.073365e-11 3.607443e-13 1.481339e-15 3.957920e-18 8.190973e-21 1.222020e-23 1.942912e-26 3.601011e-29 6.199585e-32 5.614690e-35 6.412979e-39 1.345247e-43 1.401298e-45 1.401298e-45 1.401298e-45
9.543162e-31 1.075695e-19 2.233910e-13 1.884984e-11 6.299414e-10 7.739684e-09 6.995472e-08 4.367835e-07 1.505188e-06 2.928854e-06 8.965944e-06 1.984033e-05 3.405960e-05 3.692044e-05 6.241294e-05 1.182298e-04 2.147424e-04 2.932232e-04 3.933697e-04 4.046982e-04 3.814492e-04 3.422358e-04 3.758661e-04 4.185194e-04 4.926909e-04 5.591741e-04 6.375709e-04 7.483928e-04 8.367315e-04 9.678174e-04 1.018068e-03 1.051378e-03 9.922493e-04 1.074780e-03 1.065040e-03 1.148963e-03 1.336389e-03 1.293667e-03 1.440206e-03 1.672838e-03 1.996851e-03 2.586521e-03 2.777235e-03 3.139546e-03 3.566297e-03 3.826084e-03 5.012251e-03 6.121906e-03 6.933750e-03 8.746689e-03 9.846417e-03 1.105012e-02 1.380994e-02 1.608202e-02 1.921832e-02 2.407845e-02 2.900065e-02 3.630332e-02 4.560057e-02 5.518319e-02 6.948242e-02 8.558645e-02 9.751696e-02 1.091547e-01 1.184068e-01 1.240341e-01 1.323818e-01 1.414934e-01 1.496331e-01 1.610254e-01 1.737247e-01 1.852922e-01 2.011506e-01 2.195225e-01 2.306798e-01 2.372456e-01 2.468050e-01 2.588073e-01 2.726902e-01 2.898311e-01 3.058162e-01 3.170862e-01 3.286375e-01 3.443374e-01 3.614865e-01 3.760009e-01 3.862355e-01 3.921320e-01 3.975331e-01 4.096462e-01 4.314497e-01 4.601820e-01 4.918894e-01 5.237743e-01 5.486278e-01 5.574894e-01 5.472910e-01 5.253671e-01 5.005318e-01 4.761714e-01 4.488204e-01 4.128758e-01 3.718961e-01 3.335466e-01 3.048633e-01 2.891241e-01 2.845429e-01 2.897843e-01 3.023616e-01 3.210113e-01 3.445576e-01 3.702061e-01 3.950402e-01 4.155043e-01 4.291246e-01 4.346026e-01 4.329110e-01 4.245730e-01 4.095893e-01 3.882039e-01 3.620002e-01 3.347375e-01 3.090883e-01 2.879018e-01 2.720254e-01 2.608794e-01 2.534693e-01 2.470994e-01 2.401119e-01 2.317177e-01 2.215718e-01 2.099328e-01 1.981170e-01 1.867570e-01 1.757187e-01 1.645986e-01 1.527540e-01 1.400068e-01 1.272669e-01 1.154549e-01 1.054758e-01 9.740765e-02 9.114107e-02 8.588830e-02 8.077890e-02 7.618061e-02 7.094839e-02 6.533622e-02 6.015415e-02 5.476888e-02 4.932577e-02 4.455640e-02 3.967971e-02 3.530780e-02 3.221102e-02 2.835672e-02 2.510086e-02 2.151524e-02 1.644539e-02 1.228420e-02 7.938667e-03 4.758196e-03 2.809112e-03 1.382154e-03 6.266800e-04 1.953714e-04 3.687042e-05 4.288456e-06 1.863212e-07 4.712423e-09 4.265911e-11 2.361513e-13 6.337592e-16 1.236805e-18 2.225810e-21 4.807503e-24 1.689564e-26 6.423826e-29 2.626479e-31 2.214661e-34 4.213196e-38 5.058687e-43 1.401298e-45 1.401298e-45 1.401298e-45
3.514547e-21 2.080598e-15 1.254402e-13 6.288112e-11 6.673734e-10 6.335979e-09 3.599044e-08 1.561789e-07 5.406302e-07 1.751145e-06 3.691258e-06 7.123656e-06 1.214684e-05 2.470923e-05 3.389212e-05 6.469014e-05 8.670551e-05 1.264386e-04 1.296424e-04 1.999665e-04 2.266810e-04 2.990707e-04 2.993702e-04 3.976059e-04 4.717995e-04 5.551911e-04 6.517810e-04 7.741273e-04 9.100776e-04 9.376098e-04 1.045260e-03 1.208177e-03 1.377782e-03 1.372955e-03 1.479401e-03 1.495363e-03 1.505004e-03 1.658724e-03 1.796472e-03 2.010945e-03 2.241221e-03 2.485465e-03 2.784827e-03 2.959142e-03 3.313238e-03 4.087918e-03 4.894398e-03 6.046247e-03 7.477975e-03 8.643398e-03 1.035568e-02 1.207482e-02 1.347292e-02 1.583353e-02 1.886937e-02 2.249671e-02 2.702263e-02 3.274559e-02 4.151633e-02 5.258827e-02 6.460450e-02 7.953941e-02 9.441645e-02 1.058083e-01 1.171575e-01 1.298496e-01 1.426641e-01 1.571965e-01 1.731769e-01 1.855478e-01 1.933789e-01 2.027844e-01 2.151525e-01 2.276581e-01 2.413920e-01 2.565122e-01 2.684063e-01 2.725016e-01 2.691007e-01 2.655012e-01 2.681866e-01 2.754683e-01 2.818130e-01 2.871614e-01 2.992350e-01 3.230715e-01 3.534636e-01 3.821295e-01 4.062252e-01 4.267900e-01 4.458691e-01 4.652870e-01 4.850823e-01 5.066858e-01 5.325201e-01 5.603665e-01 5.786940e-01 5.763855e-01 5.524065e-01 5.148659e-01 4.748119e-01 4.370059e-01 4.042332e-01 3.750245e-01 3.498460e-01 3.318848e-01 3.232466e-01 3.261491e-01 3.384617e-01 3.561582e-01 3.746978e-01 3.901271e-01 4.008652e-01 4.052999e-01 4.039585e-01 3.987491e-01 3.924530e-01 3.857638e-01 3.774517e-01 3.658042e-01 3.497424e-01 3.297795e-01 3.072292e-01 2.846697e-01 2.636564e-01 2.452701e-01 2.304687e-01 2.194933e-01 2.126246e-01 2.083299e-01 2.048879e-01 2.013329e-01 1.961442e-01 1.879005e-01 1.779322e-01 1.678591e-01 1.576751e-01 1.482858e-01 1.388713e-01 1.284591e-01 1.179718e-01 1.072606e-01 9.726841e-02 8.947925e-02 8.305851e-02 7.700699e-02 7.101357e-02 6.447940e-02 5.765910e-02 5.053599e-02 4.362733e-02 3.735625e-02 3.117736e-02 2.629620e-02 2.220871e-02 1.896577e-02 1.741785e-02 1.576462e-02 1.508113e-02 1.379532e-02 1.133429e-02 8.787066e-03 5.212562e-03 2.578820e-03 8.953030e-04 1.959058e-04 3.088791e-05 2.353539e-06 1.236923e-07 2.943887e-09 4.600328e-11 4.003023e-13 1.766124e-15 5.682199e-18 1.150535e-20 3.840678e-23 1.412184e-25 9.041411e-28 2.664697e-30 3.416330e-33 4.127502e-37 7.869692e-42 1.401298e-45 1.401298e-45 1.401298e-45
7.180943e-16 4.627917e-14 7.493203e-12 3.956525e-11 1.305326e-09 7.084950e-09 3.254431e-08 1.139049e-07 4.983551e-07 1.081335e-06 1.947253e-06 3.549394e-06 1.095664e-05 2.153294e-05 3.759943e-05 3.178704e-05 4.091000e-05 4.901857e-05 8.603365e-05 1.018652e-04 1.780850e-04 2.250466e-04 3.371038e-04 3.681198e-04 4.215897e-04 4.670260e-04 5.276711e-04 6.403767e-04 7.301801e-04 8.545814e-04 9.570852e-04 1.071126e-03 1.329573e-03 1.655787e-03 1.895016e-03 2.075723e-03 2.201452e-03 2.550955e-03 2.868890e-03 3.186262e-03 3.286018e-03 3.031914e-03 3.241525e-03 3.755334e-03 4.546207e-03 5.618534e-03 6.503751e-03 7.654223e-03 8.871885e-03 9.975694e-03 1.172618e-02 1.403630e-02 1.627899e-02 1.870980e-02 2.148973e-02 2.439527e-02 2.800152e-02 3.309857e-02 3.998011e-02 4.837367e-02 5.784249e-02 6.882330e-02 8.249490e-02 9.909796e-02 1.158045e-01 1.313580e-01 1.492908e-01 1.671752e-01 1.811046e-01 1.975254e-01 2.171495e-01 2.288299e-01 2.343484e-01 2.443006e-01 2.554851e-01 2.620174e-01 2.673704e-01 2.713306e-01 2.684962e-01 2.591877e-01 2.485438e-01 2.416421e-01 2.426945e-01 2.519141e-01 2.657467e-01 2.837402e-01 3.074699e-01 3.331224e-01 3.575196e-01 3.830794e-01 4.128285e-01 4.469981e-01 4.832805e-01 5.159416e-01 5.395944e-01 5.547646e-01 5.648956e-01 5.691136e-01 5.595027e-01 5.317000e-01 4.935605e-01 4.551545e-01 4.243326e-01 4.011949e-01 3.837886e-01 3.714259e-01 3.629388e-01 3.608484e-01 3.652162e-01 3.748584e-01 3.866872e-01 3.965976e-01 4.012916e-01 3.974205e-01 3.857883e-01 3.696423e-01 3.537928e-01 3.402993e-01 3.291164e-01 3.198265e-01 3.113007e-01 3.027475e-01 2.934773e-01 2.835070e-01 2.732178e-01 2.625553e-01 2.512901e-01 2.391773e-01 2.265732e-01 2.141617e-01 2.034714e-01 1.954404e-01 1.891587e-01 1.835325e-01 1.774969e-01 1.696822e-01 1.599959e-01 1.489629e-01 1.370564e-01 1.259493e-01 1.150886e-01 1.034690e-01 9.249032e-02 8.191609e-02 7.255798e-02 6.428690e-02 5.703599e-02 5.068734e-02 4.422466e-02 3.817688e-02 3.252551e-02 2.703737e-02 2.246379e-02 1.809340e-02 1.401445e-02 1.105871e-02 8.288531e-03 6.557048e-03 5.447741e-03 4.595847e-03 4.451741e-03 4.024425e-03 3.423264e-03 2.258425e-03 9.017200e-04 2.308201e-04 2.676472e-05 1.695852e-06 5.681213e-08 1.046134e-09 1.704040e-11 1.553628e-13 1.507466e-15 7.580670e-18 4.443388e-20 2.041586e-22 1.450266e-24 8.364329e-27 3.267158e-29 3.399566e-32 5.579700e-36 1.054225e-40 1.401298e-45 1.401298e-45 1.401298e-45
4.884346e-13 1.024406e-13 1.001693e-11 2.311392e-10 6.091983e-10 6.429667e-09 3.373931e-08 8.330291e-08 1.485508e-07 6.298051e-07 2.784148e-06 4.429995e-06 4.801662e-06 7.299180e-06 1.346142e-05 3.220692e-05 4.773059e-05 6.569342e-05 6.779160e-05 8.249581e-05 8.630433e-05 1.437563e-04 2.000763e-04 2.714741e-04 3.192998e-04 4.005271e-04 5.345301e-04 6.151600e-04 7.635133e-04 9.007075e-04 1.023101e-03 1.204380e-03 1.364261e-03 1.737996e-03 2.118636e-03 2.665355e-03 3.351245e-03 3.645638e-03 4.285214e-03 4.666540e-03 4.799461e-03 5.207215e-03 5.457477e-03 6.386669e-03 7.391267e-03 7.974593e-03 9.243744e-03 9.934309e-03 1.111321e-02 1.360720e-02 1.512310e-02 1.685310e-02 1.969836e-02 2.203623e-02 2.451162e-02 2.873820e-02 3.369775e-02 3.701600e-02 3.975599e-02 4.464263e-02 5.185014e-02 6.095659e-02 7.272279e-02 8.706498e-02 1.054348e-01 1.257323e-01 1.431742e-01 1.617304e-01 1.823651e-01 1.969996e-01 2.084808e-01 2.231488e-01 2.318528e-01 2.315291e-01 2.354648e-01 2.446286e-01 2.489162e-01 2.508118e-01 2.542001e-01 2.517559e-01 2.407607e-01 2.297218e-01 2.249020e-01 2.278530e-01 2.397000e-01 2.605001e-01 2.868927e-01 3.149757e-01 3.425593e-01 3.680561e-01 3.899285e-01 4.109217e-01 4.376502e-01 4.751311e-01 5.180495e-01 5.525416e-01 5.674462e-01 5.648285e-01 5.535696e-01 5.385478e-01 5.186321e-01 4.909847e-01 4.601851e-01 4.311411e-01 4.080917e-01 3.932688e-01 3.838423e-01 3.770659e-01 3.692943e-01 3.606855e-01 3.534767e-01 3.481446e-01 3.433730e-01 3.366161e-01 3.276190e-01 3.166578e-01 3.050137e-01 2.946232e-01 2.876242e-01 2.854374e-01 2.857315e-01 2.858219e-01 2.835077e-01 2.781577e-01 2.712272e-01 2.643453e-01 2.588763e-01 2.543431e-01 2.491055e-01 2.415339e-01 2.313453e-01 2.191120e-01 2.063507e-01 1.952870e-01 1.863853e-01 1.783865e-01 1.696562e-01 1.582759e-01 1.441510e-01 1.292360e-01 1.140064e-01 1.002816e-01 8.777592e-02 7.601992e-02 6.537737e-02 5.590899e-02 4.785002e-02 4.124920e-02 3.612268e-02 3.148453e-02 2.764637e-02 2.448130e-02 2.137667e-02 1.879585e-02 1.645567e-02 1.381623e-02 1.119775e-02 8.492149e-03 5.924990e-03 4.258542e-03 3.021808e-03 2.317125e-03 1.844761e-03 1.243680e-03 7.156093e-04 2.354063e-04 3.933126e-05 2.997839e-06 8.330716e-08 1.292123e-09 9.384131e-12 6.685860e-14 3.722396e-16 2.536322e-18 1.855280e-20 1.586525e-22 1.978637e-24 1.928348e-26 1.300957e-28 1.739633e-31 4.438326e-35 4.872301e-40 1.401298e-45 1.401298e-45 1.401298e-45
1.281216e-13 1.329104e-12 2.853389e-12 1.022797e-10 7.923699e-10 2.156632e-09 9.841615e-09 7.660297e-08 2.550993e-07 3.421115e-07 2.866785e-07 1.288608e-06 3.795708e-06 7.696401e-06 1.372239e-05 3.072212e-05 4.898759e-05 5.299276e-05 5.693246e-05 6.683892e-05 8.053175e-05 8.486390e-05 1.108864e-04 1.774982e-04 2.803380e-04 3.813466e-04 5.009507e-04 7.318897e-04 8.781524e-04 1.116875e-03 1.296579e-03 1.434617e-03 1.532600e-03 1.633890e-03 2.096223e-03 2.789234e-03 3.691129e-03 5.001992e-03 5.644939e-03 6.084645e-03 6.881355e-03 7.910256e-03 9.501352e-03 1.027405e-02 1.069616e-02 1.118650e-02 1.144678e-02 1.350640e-02 1.507971e-02 1.557058e-02 1.819325e-02 2.098883e-02 2.332357e-02 2.741434e-02 3.119823e-02 3.289411e-02 3.533223e-02 4.004439e-02 4.450216e-02 4.787048e-02 5.260839e-02 6.009920e-02 7.023939e-02 8.250177e-02 9.785663e-02 1.168615e-01 1.353478e-01 1.490177e-01 1.616549e-01 1.771863e-01 1.910423e-01 2.012699e-01 2.126235e-01 2.209655e-01 2.179944e-01 2.126104e-01 2.173148e-01 2.279181e-01 2.360068e-01 2.425605e-01 2.477773e-01 2.480387e-01 2.460541e-01 2.484796e-01 2.561389e-01 2.658414e-01 2.775188e-01 2.918707e-01 3.088455e-01 3.309461e-01 3.596100e-01 3.914763e-01 4.226906e-01 4.536321e-01 4.847742e-01 5.137662e-01 5.349215e-01 5.433429e-01 5.376539e-01 5.222371e-01 5.033591e-01 4.807689e-01 4.560233e-01 4.310230e-01 4.102536e-01 3.968387e-01 3.878497e-01 3.820548e-01 3.773254e-01 3.731216e-01 3.681566e-01 3.609658e-01 3.529289e-01 3.453407e-01 3.390852e-01 3.325883e-01 3.244065e-01 3.147731e-01 3.057196e-01 2.994412e-01 2.958517e-01 2.943290e-01 2.921800e-01 2.864052e-01 2.757279e-01 2.606487e-01 2.443865e-01 2.298383e-01 2.185102e-01 2.104620e-01 2.039441e-01 1.964189e-01 1.865245e-01 1.748302e-01 1.621580e-01 1.506192e-01 1.417330e-01 1.343545e-01 1.269222e-01 1.184356e-01 1.082708e-01 9.748454e-02 8.637523e-02 7.593056e-02 6.621295e-02 5.689429e-02 4.846880e-02 4.096273e-02 3.422528e-02 2.893809e-02 2.471808e-02 2.101310e-02 1.819674e-02 1.565095e-02 1.381199e-02 1.244284e-02 1.126106e-02 1.016419e-02 8.710257e-03 6.903660e-03 4.931976e-03 3.193307e-03 1.779091e-03 9.159901e-04 3.819327e-04 1.174084e-04 2.472195e-05 2.687194e-06 1.549155e-07 3.621968e-09 3.920399e-11 2.682575e-13 1.209596e-15 7.002192e-18 3.770707e-20 4.221560e-22 5.311617e-24 1.215331e-25 1.134417e-27 3.454526e-30 5.983241e-34 6.582838e-39 4.203895e-45 1.401298e-45 1.401298e-45
3.026157e-13 1.497168e-13 6.156829e-12 1.875437e-11 6.753909e-10 1.648255e-09 5.183601e-09 9.826186e-09 5.059448e-08 1.431621e-07 7.818037e-07 1.087722e-06 2.692817e-06 3.849683e-06 7.112491e-06 7.175547e-06 1.205092e-05 1.954113e-05 3.590689e-05 6.366245e-05 8.340640e-05 9.529528e-05 9.421816e-05 1.290401e-04 1.820765e-04 3.409482e-04 4.777446e-04 6.065327e-04 7.594856e-04 8.228028e-04 1.060372e-03 1.236999e-03 1.562368e-03 1.856746e-03 2.209216e-03 2.881343e-03 3.967169e-03 5.101257e-03 6.237663e-03 7.352938e-03 8.053241e-03 9.307511e-03 1.081211e-02 1.228257e-02 1.311882e-02 1.398270e-02 1.510591e-02 1.539002e-02 1.714925e-02 2.026095e-02 2.195623e-02 2.472297e-02 2.866314e-02 3.110167e-02 3.469747e-02 3.922229e-02 4.120266e-02 4.333894e-02 4.911833e-02 5.678196e-02 6.407452e-02 6.959504e-02 7.539349e-02 8.467294e-02 9.421454e-02 1.026053e-01 1.150455e-01 1.306110e-01 1.432911e-01 1.547905e-01 1.667166e-01 1.752714e-01 1.800072e-01 1.857976e-01 1.941307e-01 2.016416e-01 2.070639e-01 2.125468e-01 2.185443e-01 2.230020e-01 2.263706e-01 2.317404e-01 2.388572e-01 2.460598e-01 2.554865e-01 2.697490e-01 2.871029e-01 3.027732e-01 3.138954e-01 3.223841e-01 3.338180e-01 3.544921e-01 3.863010e-01 4.246163e-01 4.604928e-01 4.860269e-01 4.978335e-01 4.993139e-01 4.955459e-01 4.884715e-01 4.773774e-01 4.605846e-01 4.425064e-01 4.252180e-01 4.093938e-01 3.963272e-01 3.849614e-01 3.764370e-01 3.688399e-01 3.607808e-01 3.514104e-01 3.408915e-01 3.314111e-01 3.239284e-01 3.188769e-01 3.152747e-01 3.121369e-01 3.081770e-01 3.017547e-01 2.926986e-01 2.828821e-01 2.758283e-01 2.728825e-01 2.730892e-01 2.738639e-01 2.711159e-01 2.622885e-01 2.473138e-01 2.292474e-01 2.119899e-01 1.975324e-01 1.869317e-01 1.792708e-01 1.717960e-01 1.621195e-01 1.497301e-01 1.362079e-01 1.235318e-01 1.132375e-01 1.044995e-01 9.712859e-02 9.003782e-02 8.248420e-02 7.462714e-02 6.606273e-02 5.786437e-02 4.948115e-02 4.115261e-02 3.379291e-02 2.739227e-02 2.194935e-02 1.779488e-02 1.418107e-02 1.124071e-02 8.756361e-03 6.564208e-03 5.089508e-03 3.991909e-03 3.408252e-03 3.017592e-03 2.586904e-03 1.925658e-03 1.120635e-03 4.795782e-04 1.368163e-04 2.754891e-05 3.771901e-06 3.560728e-07 2.394800e-08 9.018606e-10 2.628348e-11 3.526384e-13 3.516536e-15 1.976156e-17 1.467487e-19 1.350644e-21 2.599676e-23 6.998581e-25 1.178589e-26 3.149373e-29 4.399753e-33 3.136666e-38 2.242078e-44 1.401298e-45 1.401298e-45
2.066302e-14 5.835540e-14 1.173710e-13 1.001778e-11 4.569686e-11 1.789531e-09 3.094208e-09 1.838404e-08 1.891729e-08 4.459687e-08 8.270322e-08 2.465938e-07 2.433709e-07 1.697361e-06 3.836621e-06 7.057983e-06 7.926412e-06 1.783358e-05 3.065041e-05 3.456342e-05 4.388397e-05 5.555316e-05 8.543963e-05 9.838800e-05 1.642269e-04 2.005168e-04 2.897663e-04 3.279744e-04 4.426713e-04 5.761780e-04 6.863298e-04 1.043964e-03 1.463966e-03 2.123701e-03 2.608966e-03 3.162235e-03 3.663740e-03 4.258746e-03 5.251673e-03 6.335785e-03 7.980208e-03 9.206194e-03 9.754870e-03 1.064356e-02 1.184796e-02 1.337730e-02 1.530511e-02 1.753663e-02 1.939762e-02 2.173623e-02 2.577990e-02 2.925129e-02 3.247382e-02 3.738844e-02 4.099191e-02 4.366319e-02 4.891763e-02 5.401463e-02 5.815687e-02 6.389425e-02 7.086986e-02 7.891615e-02 8.466187e-02 8.525082e-02 8.713478e-02 9.329961e-02 9.961637e-02 1.080088e-01 1.203887e-01 1.307346e-01 1.396212e-01 1.519918e-01 1.629645e-01 1.681781e-01 1.738451e-01 1.829161e-01 1.900482e-01 1.934641e-01 1.974027e-01 2.042464e-01 2.129786e-01 2.227963e-01 2.339965e-01 2.469346e-01 2.612042e-01 2.748494e-01 2.852195e-01 2.927758e-01 3.018661e-01 3.154587e-01 3.327126e-01 3.520840e-01 3.745787e-01 4.021182e-01 4.330816e-01 4.624982e-01 4.830975e-01 4.913783e-01 4.876433e-01 4.764746e-01 4.635348e-01 4.485805e-01 4.321131e-01 4.135180e-01 3.954997e-01 3.828543e-01 3.759033e-01 3.757972e-01 3.784841e-01 3.794946e-01 3.758630e-01 3.669675e-01 3.554524e-01 3.426833e-01 3.308945e-01 3.220610e-01 3.174749e-01 3.162756e-01 3.155760e-01 3.121651e-01 3.038928e-01 2.908668e-01 2.755231e-01 2.616286e-01 2.524404e-01 2.484786e-01 2.480991e-01 2.471427e-01 2.418072e-01 2.302018e-01 2.137017e-01 1.963341e-01 1.812127e-01 1.697044e-01 1.607964e-01 1.520769e-01 1.413369e-01 1.284170e-01 1.147859e-01 1.018950e-01 9.148143e-02 8.335958e-02 7.649327e-02 6.995449e-02 6.366976e-02 5.696597e-02 4.987217e-02 4.294846e-02 3.611768e-02 2.988994e-02 2.444262e-02 1.982784e-02 1.630098e-02 1.339030e-02 1.051998e-02 7.930664e-03 5.391015e-03 3.422448e-03 2.152853e-03 1.347402e-03 9.033421e-04 6.146036e-04 3.938715e-04 1.980457e-04 6.667068e-05 1.294246e-05 1.301666e-06 7.285484e-08 2.176757e-09 5.798706e-11 1.316517e-12 2.962012e-14 4.205577e-16 4.354803e-18 4.736022e-20 8.030626e-22 3.327894e-23 1.419128e-24 3.497315e-26 6.642621e-29 7.329046e-33 3.541687e-38 4.764415e-44 1.401298e-45 1.401298e-45
1.357607e-14 8.860575e-15 4.279865e-14 3.545155e-13 6.878148e-12 3.611820e-11 1.109622e-09 7.858070e-10 2.640908e-09 8.853445e-09 2.958352e-08 7.245249e-08 4.583694e-07 6.280436e-07 1.116473e-06 2.023427e-06 5.279433e-06 7.026941e-06 9.467985e-06 1.111323e-05 1.768095e-05 3.453818e-05 7.289006e-05 1.203536e-04 1.280119e-04 1.214520e-04 1.140572e-04 1.619123e-04 1.951013e-04 3.317230e-04 5.170127e-04 7.545505e-04 1.157143e-03 1.667614e-03 2.486876e-03 2.905680e-03 3.256218e-03 3.571098e-03 4.001668e-03 5.167094e-03 6.080911e-03 7.117226e-03 8.182061e-03 8.924039e-03 1.071829e-02 1.312771e-02 1.580693e-02 1.896947e-02 2.182993e-02 2.475715e-02 2.901307e-02 3.561803e-02 4.141849e-02 4.509000e-02 5.046675e-02 5.674346e-02 6.162278e-02 6.619444e-02 6.949420e-02 7.152910e-02 7.454453e-02 7.818820e-02 8.251157e-02 8.705491e-02 8.817696e-02 8.693451e-02 8.858757e-02 9.357940e-02 1.008203e-01 1.108585e-01 1.201474e-01 1.273640e-01 1.385425e-01 1.531810e-01 1.638308e-01 1.715619e-01 1.820257e-01 1.914386e-01 1.938935e-01 1.928682e-01 1.957611e-01 2.053509e-01 2.196069e-01 2.356765e-01 2.534285e-01 2.737649e-01 2.932168e-01 3.057681e-01 3.097463e-01 3.109740e-01 3.181059e-01 3.355037e-01 3.598533e-01 3.841464e-01 4.045281e-01 4.214078e-01 4.336991e-01 4.402032e-01 4.406785e-01 4.371659e-01 4.332717e-01 4.280793e-01 4.220064e-01 4.108224e-01 3.943027e-01 3.784528e-01 3.669449e-01 3.633269e-01 3.643937e-01 3.676556e-01 3.717366e-01 3.742892e-01 3.728745e-01 3.640923e-01 3.484091e-01 3.295200e-01 3.116446e-01 2.975723e-01 2.884176e-01 2.843243e-01 2.829192e-01 2.798203e-01 2.714666e-01 2.572216e-01 2.402618e-01 2.245394e-01 2.126320e-01 2.048241e-01 1.996100e-01 1.942612e-01 1.863868e-01 1.751309e-01 1.612395e-01 1.474176e-01 1.358832e-01 1.273254e-01 1.206647e-01 1.139942e-01 1.058265e-01 9.678081e-02 8.781175e-02 7.970289e-02 7.358645e-02 6.819131e-02 6.298753e-02 5.749058e-02 5.107276e-02 4.418514e-02 3.735321e-02 3.055745e-02 2.437959e-02 1.941432e-02 1.553143e-02 1.289096e-02 1.112701e-02 9.866711e-03 8.357107e-03 6.566726e-03 4.298489e-03 2.369253e-03 1.132748e-03 4.888446e-04 2.038392e-04 7.972564e-05 2.633924e-05 6.692751e-06 9.466090e-07 6.526657e-08 2.020812e-09 3.649499e-11 5.030359e-13 7.156195e-15 8.940253e-17 1.108610e-18 2.012043e-20 9.783908e-22 1.005071e-22 1.010225e-23 2.044652e-25 3.481545e-28 2.295196e-32 1.361409e-37 1.555441e-43 1.401298e-45 1.401298e-45
1.559520e-14 2.564570e-14 6.374222e-14 3.010204e-13 2.631397e-12 2.883578e-11 6.271297e-11 3.957391e-10 1.200600e-09 2.042213e-09 3.424220e-09 1.159036e-08 3.898565e-08 6.238278e-08 1.533282e-07 5.631651e-07 1.781954e-06 2.318190e-06 2.284721e-06 4.123615e-06 6.481512e-06 1.238883e-05 1.760769e-05 3.726372e-05 4.038293e-05 5.896653e-05 6.699205e-05 8.975666e-05 1.480709e-04 1.939668e-04 3.569754e-04 5.308444e-04 7.806289e-04 1.074414e-03 1.384131e-03 1.892726e-03 2.136517e-03 2.650938e-03 3.176746e-03 3.416208e-03 4.245730e-03 5.003975e-03 6.430986e-03 8.579198e-03 1.031079e-02 1.306698e-02 1.662950e-02 2.050910e-02 2.584974e-02 3.113136e-02 3.518662e-02 3.942684e-02 4.636604e-02 5.467857e-02 6.134874e-02 6.789876e-02 7.401063e-02 7.788089e-02 7.979077e-02 7.963078e-02 7.798968e-02 7.729606e-02 7.842533e-02 8.062844e-02 8.405536e-02 8.763255e-02 8.876539e-02 8.815319e-02 9.001995e-02 9.660769e-02 1.062306e-01 1.150166e-01 1.231063e-01 1.351503e-01 1.501980e-01 1.600809e-01 1.630065e-01 1.656727e-01 1.705214e-01 1.744924e-01 1.774819e-01 1.843576e-01 1.988858e-01 2.191327e-01 2.398945e-01 2.587379e-01 2.760856e-01 2.907223e-01 3.000493e-01 3.049549e-01 3.094433e-01 3.175117e-01 3.338580e-01 3.598230e-01 3.890122e-01 4.117191e-01 4.226329e-01 4.248152e-01 4.220766e-01 4.163945e-01 4.101538e-01 4.042839e-01 4.023806e-01 4.028884e-01 4.025207e-01 3.991580e-01 3.904240e-01 3.815904e-01 3.753267e-01 3.738164e-01 3.762462e-01 3.785973e-01 3.788857e-01 3.756158e-01 3.685059e-01 3.563845e-01 3.380065e-01 3.160033e-01 2.948828e-01 2.786671e-01 2.685214e-01 2.633849e-01 2.610332e-01 2.576396e-01 2.499570e-01 2.370666e-01 2.214636e-01 2.071744e-01 1.966357e-01 1.902698e-01 1.869227e-01 1.833209e-01 1.761358e-01 1.650619e-01 1.515186e-01 1.373587e-01 1.243431e-01 1.139059e-01 1.053367e-01 9.702387e-02 8.846927e-02 7.999810e-02 7.196238e-02 6.510559e-02 5.892147e-02 5.255120e-02 4.671709e-02 4.085509e-02 3.485271e-02 2.896497e-02 2.306772e-02 1.740899e-02 1.256142e-02 8.731107e-03 6.219517e-03 4.648981e-03 3.900788e-03 3.551178e-03 3.166568e-03 2.561665e-03 1.530255e-03 6.652206e-04 2.018131e-04 4.369596e-05 8.281410e-06 1.149054e-06 1.431375e-07 1.248242e-08 7.641662e-10 2.548452e-11 4.328413e-13 5.326598e-15 4.855132e-17 7.569820e-19 2.449460e-20 3.736452e-21 8.297857e-22 9.530652e-23 1.251317e-24 1.195702e-27 8.300903e-32 5.292351e-37 1.122440e-42 1.401298e-45 1.401298e-45
3.218829e-14 2.577169e-14 9.563328e-14 3.051746e-13 2.593324e-12 1.515537e-11 2.321518e-11 2.692122e-10 7.267668e-10 1.854939e-09 2.841420e-09 9.863826e-09 7.312388e-09 3.492064e-08 6.571489e-08 1.665505e-07 1.434556e-07 3.497319e-07 5.848320e-07 9.959892e-07 2.800794e-06 4.440249e-06 7.030608e-06 6.262737e-06 1.674650e-05 2.167472e-05 4.408247e-05 7.107069e-05 1.086528e-04 1.943240e-04 2.469684e-04 4.414200e-04 5.460949e-04 6.462208e-04 7.711728e-04 9.532848e-04 1.516484e-03 1.779638e-03 2.218121e-03 2.796259e-03 3.102207e-03 4.434987e-03 5.985790e-03 8.147235e-03 1.162866e-02 1.460346e-02 1.872011e-02 2.361180e-02 2.831274e-02 3.478038e-02 4.029207e-02 4.347120e-02 4.693242e-02 5.320179e-02 6.195014e-02 6.909107e-02 7.223916e-02 7.440308e-02 7.692105e-02 7.858723e-02 7.883651e-02 7.672972e-02 7.369083e-02 7.378973e-02 7.681084e-02 7.979225e-02 8.320742e-02 8.688973e-02 8.716343e-02 8.641237e-02 9.170437e-02 1.036475e-01 1.159332e-01 1.255637e-01 1.362036e-01 1.492387e-01 1.591147e-01 1.604861e-01 1.574810e-01 1.579849e-01 1.644424e-01 1.754085e-01 1.906145e-01 2.109065e-01 2.346464e-01 2.567171e-01 2.727868e-01 2.823245e-01 2.859831e-01 2.857702e-01 2.868930e-01 2.942287e-01 3.087011e-01 3.284521e-01 3.508594e-01 3.714149e-01 3.842376e-01 3.883968e-01 3.882090e-01 3.870411e-01 3.857771e-01 3.821950e-01 3.798105e-01 3.808222e-01 3.852097e-01 3.907889e-01 3.917103e-01 3.894908e-01 3.861096e-01 3.846979e-01 3.850480e-01 3.841066e-01 3.815790e-01 3.770722e-01 3.710552e-01 3.622661e-01 3.491910e-01 3.329993e-01 3.151841e-01 2.967095e-01 2.785690e-01 2.625213e-01 2.503335e-01 2.417886e-01 2.350304e-01 2.271695e-01 2.160147e-01 2.015912e-01 1.862291e-01 1.731121e-01 1.638597e-01 1.578915e-01 1.539144e-01 1.495365e-01 1.422261e-01 1.311947e-01 1.180494e-01 1.054647e-01 9.458914e-02 8.589670e-02 7.822116e-02 7.093662e-02 6.388307e-02 5.682974e-02 4.992999e-02 4.377693e-02 3.833454e-02 3.364942e-02 2.998221e-02 2.708235e-02 2.471870e-02 2.189915e-02 1.814100e-02 1.350727e-02 8.868349e-03 5.338611e-03 3.140022e-03 1.930214e-03 1.362866e-03 1.045303e-03 8.322723e-04 5.451603e-04 2.426548e-04 6.328425e-05 8.179488e-06 5.856830e-07 2.608969e-08 1.090707e-09 4.839049e-11 1.628283e-12 4.390637e-14 5.249237e-16 8.625502e-18 1.735046e-19 1.995664e-20 4.493593e-21 1.547625e-21 1.133265e-22 9.237304e-25 7.748505e-28 5.502487e-32 8.986261e-37 2.811005e-42 1.401298e-45 1.401298e-45
6.221300e-15 3.815336e-15 1.178635e-14 5.529897e-14 2.869889e-13 5.341317e-13 6.371553e-12 2.249381e-12 6.909846e-12 2.075558e-11 8.708929e-11 6.045409e-11 5.350272e-10 1.530685e-09 1.029354e-08 9.343411e-09 2.617776e-08 6.038930e-08 2.732467e-07 5.704592e-07 7.045758e-07 1.104078e-06 1.165787e-06 2.415634e-06 3.747288e-06 1.621487e-05 3.210198e-05 6.637551e-05 1.067998e-04 1.332139e-04 1.911015e-04 1.780562e-04 2.652417e-04 3.172620e-04 4.020960e-04 5.505479e-04 7.271884e-04 1.292833e-03 1.703034e-03 2.379467e-03 3.532114e-03 4.344548e-03 6.259730e-03 8.731869e-03 1.206101e-02 1.682269e-02 2.054412e-02 2.638007e-02 3.289092e-02 3.667811e-02 4.164247e-02 4.553187e-02 4.690890e-02 4.867348e-02 5.038610e-02 5.295593e-02 5.707795e-02 6.011290e-02 6.274543e-02 6.621759e-02 6.844334e-02 7.027631e-02 7.161609e-02 7.020742e-02 6.891590e-02 6.977908e-02 7.027229e-02 7.164755e-02 7.745557e-02 8.425553e-02 8.807572e-02 9.351721e-02 1.044519e-01 1.173036e-01 1.270042e-01 1.333822e-01 1.391047e-01 1.451256e-01 1.496362e-01 1.518539e-01 1.559235e-01 1.668629e-01 1.857659e-01 2.087096e-01 2.302664e-01 2.475819e-01 2.595877e-01 2.647792e-01 2.633974e-01 2.596019e-01 2.586882e-01 2.641358e-01 2.778502e-01 2.991753e-01 3.239787e-01 3.468173e-01 3.619698e-01 3.666945e-01 3.639780e-01 3.617287e-01 3.658828e-01 3.738077e-01 3.842041e-01 3.958945e-01 4.082069e-01 4.200708e-01 4.261677e-01 4.266748e-01 4.216302e-01 4.137307e-01 4.047864e-01 3.959289e-01 3.891899e-01 3.827404e-01 3.730638e-01 3.578741e-01 3.375041e-01 3.149077e-01 2.922669e-01 2.711295e-01 2.526587e-01 2.363907e-01 2.214201e-01 2.076458e-01 1.960830e-01 1.870199e-01 1.793701e-01 1.712971e-01 1.613871e-01 1.496580e-01 1.373552e-01 1.267802e-01 1.195066e-01 1.148118e-01 1.111780e-01 1.068774e-01 1.010957e-01 9.358787e-02 8.537345e-02 7.804822e-02 7.200916e-02 6.730314e-02 6.316458e-02 5.869376e-02 5.334612e-02 4.774161e-02 4.156939e-02 3.533340e-02 2.987452e-02 2.581759e-02 2.344440e-02 2.272834e-02 2.305891e-02 2.307634e-02 2.110672e-02 1.627067e-02 1.014559e-02 5.126317e-03 2.321981e-03 1.036960e-03 4.956793e-04 2.670680e-04 1.372028e-04 5.776878e-05 1.255992e-05 1.202505e-06 4.884621e-08 1.169840e-09 2.404364e-11 4.382621e-13 6.387365e-15 1.006986e-16 2.106431e-18 2.174262e-19 5.246625e-20 2.566330e-20 4.679208e-21 1.908221e-22 1.352613e-24 9.251626e-28 1.569795e-31 2.721011e-36 3.544444e-41 1.401298e-45 1.401298e-45
4.821240e-16 7.080298e-16 9.548287e-16 1.203727e-14 1.549395e-14 1.440124e-13 7.874551e-14 1.813151e-13 3.954657e-13 2.034530e-12 3.250190e-12 1.914854e-11 3.408454e-11 1.064637e-10 1.169371e-10 7.191672e-10 1.948694e-09 9.738566e-09 2.467968e-08 7.643295e-08 1.574171e-07 2.556616e-07 6.075857e-07 1.176687e-06 3.471099e-06 5.666835e-06 1.597625e-05 2.786547e-05 4.709652e-05 6.750052e-05 7.644240e-05 1.014138e-04 9.579233e-05 1.716291e-04 2.699775e-04 4.095399e-04 5.616776e-04 7.431666e-04 1.379279e-03 2.150150e-03 3.351364e-03 5.110377e-03 6.824530e-03 9.444400e-03 1.176541e-02 1.545229e-02 2.115424e-02 2.458842e-02 2.949081e-02 3.565292e-02 3.858182e-02 4.186675e-02 4.422220e-02 4.327283e-02 4.225713e-02 4.258966e-02 4.436953e-02 4.744190e-02 5.045753e-02 5.367406e-02 5.680607e-02 5.875504e-02 6.118896e-02 6.430309e-02 6.499606e-02 6.488378e-02 6.798843e-02 7.223560e-02 7.507095e-02 8.017071e-02 8.945538e-02 9.821330e-02 1.049644e-01 1.140838e-01 1.248727e-01 1.319009e-01 1.350271e-01 1.379662e-01 1.421974e-01 1.480539e-01 1.572072e-01 1.702531e-01 1.868626e-01 2.077670e-01 2.319332e-01 2.523697e-01 2.623255e-01 2.623281e-01 2.568898e-01 2.506291e-01 2.480035e-01 2.521869e-01 2.633612e-01 2.792750e-01 2.981560e-01 3.183482e-01 3.361888e-01 3.483828e-01 3.534158e-01 3.529192e-01 3.519241e-01 3.530545e-01 3.598060e-01 3.706263e-01 3.831616e-01 3.970726e-01 4.092818e-01 4.197854e-01 4.245563e-01 4.209208e-01 4.090764e-01 3.923997e-01 3.762477e-01 3.640862e-01 3.575727e-01 3.547390e-01 3.499250e-01 3.382737e-01 3.186843e-01 2.949179e-01 2.724105e-01 2.536379e-01 2.380575e-01 2.237213e-01 2.093672e-01 1.953364e-01 1.833632e-01 1.748077e-01 1.688185e-01 1.633177e-01 1.561303e-01 1.468759e-01 1.362484e-01 1.256755e-01 1.167665e-01 1.100185e-01 1.047257e-01 9.923394e-02 9.275142e-02 8.498239e-02 7.707819e-02 6.992638e-02 6.365453e-02 5.835143e-02 5.387651e-02 4.958811e-02 4.497926e-02 3.993000e-02 3.394584e-02 2.778100e-02 2.229020e-02 1.828219e-02 1.604592e-02 1.552814e-02 1.640160e-02 1.756632e-02 1.678751e-02 1.298718e-02 7.119358e-03 2.810375e-03 8.506204e-04 2.143789e-04 5.552657e-05 1.321468e-05 2.893355e-06 4.975170e-07 4.339598e-08 2.361598e-09 5.085738e-11 7.474401e-13 6.744193e-15 8.250217e-17 3.616528e-18 7.577931e-19 5.573764e-19 2.305639e-19 2.537772e-20 5.287007e-22 2.171769e-24 2.763917e-27 4.156939e-31 2.649899e-35 3.067022e-40 7.006492e-45 1.401298e-45
2.166540e-17 1.345240e-17 1.104755e-16 2.083453e-16 3.202003e-15 1.882735e-15 1.392321e-15 9.246489e-15 1.353565e-14 1.147082e-14 7.447714e-14 4.872493e-13 1.577068e-12 2.720299e-12 1.330926e-11 6.992485e-11 4.805653e-10 1.583226e-09 5.318695e-09 1.116447e-08 3.167743e-08 8.310880e-08 2.403359e-07 8.066255e-07 1.651235e-06 3.231495e-06 4.579436e-06 1.087936e-05 1.667707e-05 2.590087e-05 3.306156e-05 5.053640e-05 8.711524e-05 1.060006e-04 1.811538e-04 2.767672e-04 4.449310e-04 6.255599e-04 9.790297e-04 1.854497e-03 3.028553e-03 5.199843e-03 7.471829e-03 9.552463e-03 1.303882e-02 1.567914e-02 1.892790e-02 2.306482e-02 2.415744e-02 2.590105e-02 2.970229e-02 3.329358e-02 3.695014e-02 3.955758e-02 4.007984e-02 3.890665e-02 3.800668e-02 3.951037e-02 4.116616e-02 4.194241e-02 4.539368e-02 5.111850e-02 5.519464e-02 5.916774e-02 6.519894e-02 7.018489e-02 7.332247e-02 7.887875e-02 8.828453e-02 9.724579e-02 1.040779e-01 1.121076e-01 1.200356e-01 1.241185e-01 1.276674e-01 1.336807e-01 1.379302e-01 1.389956e-01 1.423309e-01 1.513049e-01 1.650016e-01 1.833006e-01 2.059437e-01 2.277271e-01 2.433580e-01 2.540676e-01 2.597834e-01 2.567216e-01 2.465007e-01 2.366077e-01 2.327815e-01 2.374933e-01 2.517698e-01 2.731742e-01 2.944212e-01 3.090236e-01 3.169035e-01 3.229142e-01 3.301665e-01 3.384539e-01 3.478564e-01 3.566824e-01 3.662892e-01 3.747063e-01 3.815052e-01 3.880631e-01 3.931068e-01 3.990765e-01 4.049687e-01 4.081104e-01 4.045704e-01 3.906549e-01 3.678507e-01 3.420919e-01 3.209530e-01 3.091760e-01 3.060929e-01 3.071208e-01 3.057694e-01 2.976101e-01 2.823305e-01 2.629935e-01 2.443570e-01 2.287269e-01 2.152433e-01 2.010627e-01 1.850300e-01 1.685270e-01 1.540848e-01 1.431901e-01 1.356210e-01 1.298831e-01 1.230350e-01 1.138462e-01 1.035067e-01 9.383634e-02 8.573466e-02 7.932973e-02 7.415411e-02 6.903700e-02 6.344853e-02 5.708242e-02 5.069838e-02 4.485311e-02 4.005672e-02 3.611380e-02 3.329177e-02 3.129805e-02 2.959812e-02 2.737821e-02 2.381778e-02 1.954403e-02 1.520979e-02 1.199712e-02 1.001496e-02 9.148696e-03 9.366521e-03 9.635446e-03 9.271392e-03 6.821643e-03 3.223297e-03 9.284586e-04 1.468174e-04 1.437725e-05 1.236319e-06 9.186412e-08 8.147705e-09 4.731919e-10 1.840022e-11 3.375597e-13 4.162829e-15 9.932371e-17 6.418446e-18 2.208380e-18 8.974808e-19 2.432490e-19 1.561884e-20 2.547052e-22 1.152387e-24 1.274361e-27 4.674280e-31 2.524872e-35 8.741944e-40 1.541428e-44 1.401298e-45
7.810601e-20 1.413693e-19 2.417187e-19 6.556939e-18 7.833332e-18 2.190137e-18 2.845237e-17 2.252319e-17 8.157199e-17 2.622181e-16 1.266457e-15 2.912626e-15 1.174258e-14 8.270220e-14 6.292602e-13 4.685947e-12 3.016392e-11 2.340499e-10 9.066813e-10 4.555751e-09 1.731859e-08 9.458344e-08 2.788182e-07 5.822589e-07 9.286751e-07 1.513129e-06 2.851610e-06 3.907278e-06 7.121565e-06 1.005399e-05 2.012715e-05 3.576528e-05 7.741193e-05 1.430984e-04 2.028315e-04 3.484686e-04 5.645480e-04 9.444652e-04 1.171942e-03 1.696963e-03 2.899629e-03 3.966033e-03 6.147189e-03 8.615904e-03 1.076875e-02 1.344508e-02 1.458865e-02 1.647691e-02 1.927838e-02 2.033828e-02 2.237816e-02 2.524655e-02 2.836773e-02 3.253607e-02 3.477809e-02 3.592464e-02 3.571359e-02 3.285103e-02 3.278143e-02 3.583609e-02 3.779188e-02 4.149965e-02 4.926603e-02 5.645043e-02 6.278148e-02 7.234358e-02 8.392172e-02 9.431315e-02 1.039097e-01 1.145016e-01 1.261876e-01 1.367685e-01 1.444871e-01 1.484758e-01 1.485038e-01 1.478463e-01 1.491382e-01 1.504002e-01 1.505122e-01 1.534091e-01 1.625585e-01 1.776732e-01 1.988119e-01 2.260089e-01 2.519912e-01 2.661204e-01 2.678989e-01 2.636721e-01 2.557720e-01 2.465540e-01 2.415870e-01 2.445099e-01 2.552810e-01 2.726251e-01 2.949384e-01 3.170574e-01 3.320385e-01 3.383747e-01 3.399325e-01 3.415278e-01 3.469207e-01 3.552089e-01 3.663800e-01 3.775617e-01 3.870514e-01 3.943647e-01 3.959347e-01 3.932225e-01 3.881707e-01 3.843347e-01 3.833525e-01 3.817368e-01 3.749078e-01 3.602566e-01 3.397045e-01 3.183821e-01 3.012334e-01 2.911668e-01 2.873719e-01 2.860178e-01 2.815334e-01 2.706284e-01 2.543974e-01 2.364762e-01 2.198384e-01 2.056210e-01 1.927131e-01 1.784821e-01 1.620132e-01 1.451334e-01 1.303020e-01 1.186900e-01 1.100421e-01 1.031547e-01 9.607304e-02 8.805352e-02 7.980624e-02 7.251539e-02 6.682953e-02 6.258950e-02 5.891868e-02 5.484001e-02 5.021260e-02 4.499581e-02 3.965540e-02 3.460112e-02 3.043872e-02 2.730987e-02 2.527568e-02 2.412069e-02 2.362831e-02 2.257440e-02 2.040918e-02 1.689166e-02 1.261721e-02 9.463893e-03 7.115000e-03 6.152133e-03 5.960633e-03 5.892733e-03 5.488470e-03 3.223541e-03 9.548033e-04 1.257242e-04 7.466841e-06 3.317126e-07 1.147982e-08 3.684071e-10 1.002249e-11 1.604386e-13 4.426401e-15 2.283704e-16 6.027502e-17 1.899732e-17 4.599735e-18 4.083206e-19 1.630256e-20 3.116182e-22 1.937868e-24 3.815849e-27 1.407148e-30 1.369000e-34 2.771771e-39 7.426882e-44 1.401298e-45
2.610980e-22 2.443025e-24 2.654773e-22 6.412927e-22 9.637394e-23 8.928066e-21 1.169897e-20 5.553970e-20 2.192440e-19 2.076294e-18 5.035857e-18 2.467426e-17 2.222610e-16 4.476625e-15 5.002093e-14 4.140298e-13 3.492240e-12 2.531904e-11 2.654457e-10 1.887922e-09 1.359094e-08 4.590982e-08 1.473633e-07 2.785443e-07 6.875896e-07 1.258744e-06 2.272427e-06 3.986509e-06 6.875057e-06 1.534260e-05 2.571612e-05 5.930113e-05 9.438530e-05 1.759033e-04 2.805073e-04 3.910102e-04 6.144712e-04 9.420706e-04 1.578968e-03 1.722892e-03 1.923258e-03 2.836919e-03 3.752662e-03 5.330178e-03 6.645774e-03 7.694132e-03 9.389279e-03 1.027436e-02 1.257615e-02 1.630032e-02 1.813420e-02 2.087797e-02 2.386627e-02 2.628974e-02 3.097904e-02 3.337065e-02 3.399179e-02 3.585100e-02 3.445271e-02 3.372150e-02 3.790136e-02 4.199459e-02 4.606976e-02 5.577192e-02 6.887984e-02 8.072656e-02 9.272527e-02 1.068753e-01 1.226699e-01 1.377151e-01 1.497786e-01 1.592040e-01 1.662528e-01 1.694320e-01 1.683127e-01 1.631404e-01 1.566761e-01 1.543717e-01 1.585840e-01 1.676456e-01 1.806436e-01 1.994634e-01 2.239818e-01 2.502656e-01 2.746974e-01 2.939123e-01 3.017669e-01 2.964675e-01 2.847412e-01 2.739094e-01 2.676073e-01 2.679233e-01 2.762862e-01 2.908441e-01 3.062179e-01 3.182431e-01 3.263384e-01 3.327313e-01 3.386016e-01 3.441554e-01 3.499402e-01 3.551995e-01 3.622166e-01 3.711624e-01 3.800828e-01 3.855106e-01 3.832560e-01 3.759413e-01 3.656164e-01 3.542207e-01 3.427798e-01 3.313687e-01 3.214389e-01 3.138607e-01 3.072565e-01 2.992783e-01 2.887987e-01 2.779319e-01 2.702030e-01 2.672563e-01 2.681064e-01 2.695276e-01 2.663291e-01 2.550258e-01 2.373955e-01 2.191609e-01 2.043898e-01 1.932476e-01 1.836861e-01 1.726249e-01 1.584042e-01 1.425763e-01 1.280009e-01 1.161770e-01 1.066729e-01 9.830215e-02 8.977085e-02 8.116092e-02 7.313844e-02 6.676950e-02 6.192523e-02 5.828302e-02 5.488123e-02 5.089607e-02 4.619014e-02 4.129434e-02 3.650432e-02 3.167191e-02 2.735072e-02 2.350230e-02 2.064124e-02 1.881335e-02 1.729999e-02 1.539496e-02 1.312640e-02 9.830429e-03 6.984321e-03 4.860819e-03 3.331932e-03 2.684079e-03 2.074532e-03 1.553363e-03 8.521573e-04 2.470011e-04 3.687066e-05 2.436723e-06 8.156154e-08 1.957230e-09 2.909273e-11 4.780069e-13 1.181512e-14 1.268546e-15 4.169360e-16 1.656570e-16 3.135834e-17 1.511998e-18 4.733181e-20 6.900453e-22 7.738824e-24 2.628222e-26 2.052493e-29 2.491109e-33 8.749421e-38 1.199511e-42 1.401298e-45
9.668323e-30 3.825715e-29 1.363855e-28 1.611321e-29 3.576904e-26 3.018245e-25 5.352606e-24 7.618000e-23 1.098735e-21 5.164022e-21 3.591778e-20 4.338778e-19 1.384158e-17 2.617267e-16 4.819777e-15 6.783624e-14 1.076726e-12 1.737020e-11 2.157095e-10 2.056156e-09 9.256669e-09 3.198051e-08 7.477508e-08 2.321417e-07 5.156160e-07 1.290858e-06 2.498214e-06 5.735928e-06 1.160596e-05 2.203206e-05 4.925608e-05 1.027868e-04 2.095364e-04 3.207757e-04 5.397255e-04 7.330002e-04 9.149090e-04 1.278561e-03 1.771385e-03 2.576943e-03 2.658778e-03 2.795592e-03 3.507362e-03 3.945475e-03 5.006472e-03 5.836414e-03 6.734867e-03 8.908222e-03 1.009433e-02 1.235213e-02 1.639518e-02 1.767166e-02 2.042635e-02 2.405236e-02 2.604519e-02 3.173554e-02 3.693423e-02 3.867335e-02 4.325755e-02 4.611655e-02 4.622815e-02 5.115464e-02 5.916086e-02 6.560805e-02 7.505759e-02 9.097576e-02 1.099112e-01 1.273174e-01 1.422156e-01 1.547177e-01 1.635138e-01 1.692518e-01 1.746099e-01 1.794201e-01 1.812270e-01 1.804170e-01 1.790594e-01 1.771027e-01 1.757650e-01 1.805460e-01 1.948928e-01 2.165381e-01 2.428497e-01 2.744527e-01 3.061521e-01 3.258728e-01 3.317607e-01 3.314912e-01 3.279022e-01 3.218718e-01 3.165020e-01 3.146909e-01 3.183506e-01 3.280720e-01 3.408428e-01 3.501328e-01 3.509511e-01 3.463125e-01 3.432294e-01 3.448212e-01 3.508770e-01 3.586758e-01 3.682151e-01 3.774874e-01 3.840940e-01 3.875360e-01 3.861774e-01 3.820146e-01 3.741757e-01 3.632053e-01 3.504803e-01 3.372181e-01 3.253867e-01 3.148849e-01 3.049124e-01 2.950239e-01 2.845417e-01 2.727439e-01 2.602176e-01 2.492288e-01 2.431144e-01 2.434873e-01 2.481910e-01 2.522777e-01 2.492284e-01 2.354907e-01 2.142733e-01 1.924762e-01 1.753347e-01 1.626704e-01 1.513118e-01 1.386898e-01 1.239494e-01 1.088858e-01 9.592509e-02 8.581135e-02 7.782048e-02 7.058408e-02 6.330728e-02 5.600624e-02 4.960869e-02 4.492901e-02 4.128234e-02 3.866310e-02 3.663949e-02 3.484137e-02 3.310978e-02 3.138974e-02 2.909723e-02 2.622192e-02 2.295339e-02 1.898193e-02 1.559214e-02 1.269777e-02 1.022177e-02 8.273358e-03 6.546479e-03 4.726357e-03 3.348660e-03 2.061175e-03 1.154098e-03 5.918627e-04 2.382648e-04 8.028314e-05 1.593663e-05 1.790200e-06 9.762174e-08 2.840050e-09 5.912393e-11 1.075216e-12 3.052005e-14 2.201794e-15 2.990792e-16 5.891166e-17 6.398846e-18 5.107420e-19 1.353736e-20 2.749021e-22 2.531592e-24 1.206744e-26 1.532854e-29 3.521558e-33 2.075961e-37 8.266260e-42 1.401298e-45
2.775818e-40 9.072111e-39 3.024465e-40 1.423598e-33 4.496140e-31 6.317471e-29 1.257018e-26 6.280296e-25 6.632389e-24 1.294419e-22 4.237523e-21 2.449315e-19 4.617991e-18 6.596914e-17 1.351695e-15 4.445643e-14 1.318675e-12 3.057660e-11 4.334975e-10 3.316547e-09 1.395146e-08 4.566315e-08 1.645486e-07 4.015601e-07 9.236251e-07 1.801766e-06 4.746067e-06 1.066012e-05 2.645058e-05 5.854689e-05 1.029556e-04 1.989941e-04 3.481698e-04 5.641590e-04 8.545239e-04 1.488468e-03 2.018983e-03 2.167317e-03 2.155318e-03 2.585898e-03 3.547327e-03 3.431668e-03 3.168816e-03 3.429728e-03 3.799757e-03 5.153119e-03 6.741344e-03 8.157319e-03 1.065525e-02 1.118087e-02 1.211952e-02 1.588431e-02 1.725484e-02 1.940838e-02 2.393824e-02 2.674901e-02 3.284564e-02 4.249931e-02 4.849592e-02 5.518609e-02 6.398170e-02 6.873463e-02 7.452869e-02 8.582237e-02 9.686440e-02 1.053557e-01 1.137263e-01 1.235859e-01 1.350339e-01 1.457787e-01 1.534722e-01 1.591551e-01 1.631850e-01 1.647113e-01 1.676400e-01 1.751786e-01 1.843733e-01 1.949520e-01 2.092973e-01 2.258251e-01 2.456557e-01 2.729994e-01 3.034119e-01 3.289602e-01 3.521865e-01 3.731341e-01 3.809386e-01 3.731841e-01 3.633154e-01 3.601575e-01 3.614959e-01 3.636452e-01 3.658352e-01 3.668057e-01 3.641977e-01 3.580559e-01 3.499115e-01 3.405913e-01 3.305931e-01 3.224191e-01 3.203420e-01 3.243736e-01 3.336299e-01 3.434761e-01 3.494496e-01 3.505078e-01 3.460063e-01 3.382289e-01 3.276526e-01 3.160646e-01 3.047264e-01 2.934547e-01 2.834087e-01 2.763530e-01 2.738224e-01 2.758603e-01 2.795649e-01 2.807659e-01 2.758092e-01 2.647332e-01 2.517954e-01 2.418637e-01 2.376699e-01 2.397831e-01 2.451239e-01 2.477043e-01 2.416046e-01 2.250720e-01 2.031173e-01 1.817772e-01 1.648824e-01 1.523131e-01 1.408436e-01 1.277201e-01 1.123945e-01 9.742745e-02 8.513413e-02 7.560356e-02 6.799825e-02 6.115146e-02 5.481750e-02 4.867709e-02 4.315308e-02 3.873124e-02 3.508992e-02 3.252621e-02 3.022999e-02 2.847885e-02 2.721693e-02 2.626488e-02 2.459868e-02 2.201026e-02 1.850720e-02 1.440374e-02 1.097336e-02 8.257908e-03 6.313867e-03 4.868548e-03 3.697771e-03 2.411547e-03 1.415521e-03 6.006117e-04 2.077712e-04 5.108438e-05 8.385019e-06 9.519541e-07 5.803701e-08 2.437702e-09 7.806603e-11 2.374251e-12 1.026887e-13 6.287202e-15 5.471960e-16 3.768751e-17 2.585064e-18 1.537034e-19 8.000931e-21 2.081537e-22 2.171024e-24 8.344241e-27 6.883173e-30 1.781876e-33 1.153417e-37 7.027512e-42 1.401298e-45
0.000000e+00 0.000000e+00 1.180594e-41 2.492290e-37 6.972041e-34 5.246037e-30 1.622739e-27 1.524815e-25 1.599214e-23 8.537667e-22 4.580793e-20 8.329783e-19 1.428729e-17 3.237381e-16 1.321228e-14 5.200378e-13 1.335899e-11 1.894987e-10 1.543821e-09 8.494939e-09 4.433689e-08 1.667155e-07 4.389171e-07 1.028306e-06 2.420848e-06 5.567237e-06 1.167788e-05 2.497009e-05 4.874146e-05 9.809834e-05 1.704541e-04 2.952698e-04 4.328243e-04 7.977656e-04 1.188276e-03 1.553481e-03 2.045883e-03 2.415221e-03 2.876112e-03 2.964823e-03 3.475975e-03 4.444316e-03 4.401860e-03 4.186083e-03 4.252093e-03 4.776103e-03 6.338274e-03 7.932493e-03 9.066573e-03 1.082943e-02 1.176716e-02 1.287920e-02 1.650343e-02 2.001201e-02 2.288818e-02 2.825232e-02 3.443364e-02 4.139343e-02 5.345741e-02 6.653593e-02 7.632765e-02 8.800572e-02 9.844135e-02 1.029103e-01 1.072657e-01 1.137901e-01 1.196201e-01 1.235173e-01 1.267487e-01 1.318794e-01 1.390546e-01 1.456424e-01 1.515799e-01 1.592307e-01 1.677501e-01 1.772303e-01 1.904916e-01 2.076627e-01 2.296308e-01 2.586881e-01 2.913600e-01 3.225902e-01 3.539890e-01 3.828962e-01 4.008862e-01 4.099266e-01 4.152375e-01 4.097205e-01 3.914550e-01 3.753191e-01 3.720341e-01 3.776660e-01 3.834039e-01 3.850239e-01 3.801941e-01 3.673624e-01 3.473954e-01 3.268236e-01 3.124153e-01 3.053727e-01 3.032870e-01 3.027977e-01 3.047026e-01 3.086475e-01 3.130459e-01 3.154322e-01 3.126857e-01 3.063863e-01 2.982166e-01 2.902115e-01 2.825367e-01 2.740318e-01 2.643594e-01 2.538325e-01 2.450918e-01 2.413078e-01 2.436734e-01 2.510199e-01 2.598244e-01 2.652320e-01 2.636350e-01 2.554182e-01 2.452554e-01 2.387333e-01 2.382212e-01 2.431314e-01 2.491006e-01 2.491555e-01 2.379281e-01 2.164093e-01 1.928702e-01 1.730960e-01 1.585897e-01 1.478922e-01 1.373077e-01 1.242503e-01 1.085545e-01 9.324706e-02 8.060099e-02 7.094418e-02 6.351519e-02 5.689905e-02 5.132348e-02 4.641525e-02 4.203865e-02 3.774945e-02 3.327212e-02 2.892787e-02 2.469507e-02 2.128695e-02 1.830298e-02 1.633242e-02 1.416057e-02 1.177177e-02 9.137596e-03 6.454681e-03 4.317428e-03 2.853919e-03 1.766823e-03 1.140348e-03 6.596636e-04 3.336719e-04 1.429063e-04 3.373761e-05 5.860805e-06 5.112240e-07 3.395089e-08 1.756973e-09 7.137189e-11 3.764585e-12 1.930201e-13 1.871571e-14 1.807187e-15 1.569450e-16 8.960398e-18 4.166629e-19 2.624248e-20 1.026777e-21 2.521185e-23 9.147815e-26 9.640720e-29 1.158046e-32 7.567369e-37 3.579757e-41 7.006492e-45
1.765482e-40 5.664761e-33 4.609566e-36 3.349131e-33 1.960261e-28 1.489020e-25 4.817952e-23 6.660549e-21 2.891620e-19 8.099184e-18 6.838748e-17 4.093061e-16 4.715425e-15 1.306016e-13 4.035454e-12 7.441957e-11 7.596430e-10 4.657396e-09 1.811824e-08 6.059972e-08 1.634853e-07 4.245151e-07 9.953063e-07 2.382169e-06 5.126336e-06 1.283324e-05 2.810547e-05 6.157481e-05 1.194393e-04 2.174396e-04 3.603754e-04 4.999755e-04 7.326904e-04 8.936145e-04 1.544239e-03 1.833122e-03 2.243826e-03 2.971112e-03 3.362205e-03 3.991694e-03 3.860961e-03 4.594241e-03 5.947486e-03 6.378482e-03 7.073835e-03 7.157528e-03 7.331626e-03 8.287669e-03 9.443438e-03 1.179634e-02 1.463432e-02 1.734463e-02 2.080172e-02 2.556278e-02 3.228164e-02 3.798427e-02 4.337592e-02 5.344136e-02 6.300193e-02 7.352415e-02 9.002326e-02 9.996936e-02 1.032656e-01 1.109663e-01 1.155684e-01 1.136440e-01 1.148883e-01 1.189243e-01 1.202347e-01 1.226304e-01 1.289642e-01 1.356425e-01 1.414977e-01 1.483274e-01 1.576754e-01 1.710816e-01 1.899819e-01 2.150373e-01 2.453884e-01 2.807961e-01 3.221990e-01 3.651729e-01 4.008810e-01 4.278703e-01 4.488267e-01 4.611625e-01 4.615458e-01 4.502503e-01 4.285779e-01 4.016305e-01 3.806867e-01 3.736561e-01 3.761702e-01 3.768012e-01 3.693827e-01 3.557140e-01 3.380922e-01 3.175081e-01 2.964644e-01 2.799704e-01 2.712699e-01 2.682341e-01 2.682966e-01 2.693622e-01 2.712030e-01 2.732363e-01 2.716227e-01 2.653567e-01 2.556612e-01 2.464005e-01 2.402211e-01 2.372621e-01 2.366702e-01 2.363779e-01 2.352090e-01 2.330212e-01 2.309730e-01 2.314563e-01 2.356263e-01 2.424414e-01 2.480717e-01 2.489203e-01 2.435184e-01 2.339608e-01 2.242819e-01 2.183801e-01 2.175237e-01 2.201089e-01 2.218570e-01 2.167171e-01 2.021023e-01 1.801369e-01 1.577373e-01 1.397634e-01 1.270089e-01 1.171176e-01 1.065614e-01 9.421162e-02 8.079933e-02 6.828732e-02 5.792049e-02 5.007797e-02 4.460389e-02 4.051422e-02 3.807237e-02 3.629184e-02 3.453941e-02 3.213749e-02 2.826169e-02 2.299988e-02 1.784754e-02 1.351540e-02 1.004263e-02 8.035196e-03 6.196130e-03 4.883582e-03 3.529653e-03 2.191337e-03 1.218164e-03 5.623706e-04 2.282696e-04 9.742845e-05 3.017355e-05 8.219301e-06 1.185469e-06 1.088226e-07 7.781230e-09 3.174068e-10 1.699928e-11 6.419529e-13 4.494239e-14 3.360590e-15 3.842906e-16 5.151675e-17 4.418264e-18 3.438448e-19 1.376151e-20 8.093809e-22 1.654078e-23 2.092421e-25 2.716415e-28 9.931418e-32 7.652285e-36 6.274398e-40 1.471363e-43
1.401298e-45 9.319603e-30 4.340537e-18 2.287113e-15 7.645374e-15 1.071100e-13 5.660753e-13 1.885775e-12 5.661078e-12 4.783690e-12 3.072178e-12 6.512211e-12 5.391964e-11 6.378176e-10 3.791032e-09 1.396222e-08 2.955385e-08 5.077978e-08 8.244422e-08 1.502015e-07 2.912780e-07 5.978690e-07 1.410598e-06 3.410961e-06 9.384568e-06 2.119196e-05 5.479980e-05 1.083348e-04 2.226437e-04 3.465809e-04 5.597739e-04 8.171033e-04 1.182608e-03 1.361698e-03 1.296997e-03 1.601733e-03 1.867516e-03 2.357351e-03 3.325281e-03 4.163370e-03 5.179009e-03 5.060352e-03 6.425753e-03 8.795737e-03 9.230580e-03 9.471856e-03 8.370331e-03 8.361867e-03 1.023741e-02 1.263421e-02 1.755385e-02 2.215635e-02 2.517515e-02 3.178545e-02 3.983331e-02 5.097308e-02 6.201501e-02 6.459449e-02 7.162414e-02 8.023074e-02 8.207686e-02 9.250686e-02 1.054373e-01 1.053456e-01 1.093242e-01 1.197105e-01 1.201211e-01 1.191967e-01 1.267091e-01 1.304886e-01 1.274250e-01 1.290491e-01 1.372414e-01 1.462666e-01 1.556912e-01 1.695721e-01 1.900152e-01 2.175059e-01 2.534858e-01 2.963349e-01 3.398506e-01 3.796364e-01 4.149666e-01 4.430440e-01 4.601507e-01 4.660209e-01 4.631283e-01 4.535534e-01 4.364890e-01 4.104159e-01 3.792464e-01 3.527013e-01 3.377204e-01 3.312624e-01 3.236489e-01 3.098173e-01 2.938027e-01 2.810756e-01 2.716285e-01 2.620317e-01 2.517165e-01 2.420512e-01 2.357434e-01 2.325862e-01 2.317623e-01 2.333076e-01 2.363932e-01 2.406016e-01 2.426230e-01 2.402526e-01 2.333572e-01 2.238313e-01 2.151613e-01 2.098447e-01 2.092571e-01 2.125263e-01 2.175204e-01 2.221812e-01 2.248441e-01 2.252869e-01 2.245656e-01 2.239892e-01 2.222260e-01 2.170539e-01 2.078590e-01 1.966500e-01 1.865935e-01 1.806251e-01 1.794028e-01 1.814780e-01 1.828586e-01 1.780428e-01 1.659984e-01 1.492119e-01 1.324860e-01 1.191035e-01 1.099697e-01 1.032404e-01 9.538645e-02 8.552892e-02 7.399841e-02 6.260319e-02 5.270876e-02 4.457970e-02 3.848491e-02 3.409914e-02 3.210099e-02 3.075124e-02 2.937392e-02 2.726878e-02 2.355934e-02 1.846531e-02 1.405547e-02 1.005215e-02 7.361152e-03 5.653485e-03 4.060390e-03 2.936526e-03 1.664064e-03 7.381401e-04 2.582905e-04 6.535501e-05 1.501096e-05 2.584230e-06 3.176328e-07 3.385497e-08 1.978329e-09 1.196492e-10 4.377929e-12 2.358822e-13 1.651006e-14 1.314524e-15 1.527186e-16 1.348908e-17 2.430171e-18 1.757627e-19 1.262611e-20 2.784243e-22 5.596602e-24 3.401005e-26 9.340569e-29 5.757122e-32 1.525567e-35 4.305369e-39 1.408305e-42
1.149065e-43 2.816948e-33 9.557424e-30 3.138104e-23 3.853950e-17 2.213561e-13 2.835387e-11 5.707546e-10 8.213561e-10 3.323345e-10 3.456390e-10 1.915734e-09 1.178565e-08 2.859609e-08 3.314621e-08 2.250525e-08 1.908573e-08 2.044502e-08 3.569555e-08 7.200477e-08 2.106526e-07 6.214077e-07 1.952448e-06 6.134133e-06 1.754851e-05 4.882183e-05 1.005187e-04 2.181803e-04 3.503224e-04 6.392669e-04 8.835916e-04 1.299078e-03 1.705994e-03 2.023248e-03 2.198401e-03 1.939495e-03 2.392842e-03 2.851309e-03 3.316461e-03 3.871384e-03 4.637892e-03 5.846801e-03 6.090276e-03 7.595238e-03 9.486928e-03 1.000351e-02 1.133140e-02 1.187751e-02 1.311066e-02 1.529734e-02 1.680459e-02 2.295377e-02 3.141959e-02 3.616715e-02 4.336151e-02 5.011612e-02 5.878543e-02 7.145890e-02 7.320033e-02 7.478271e-02 8.223353e-02 8.162212e-02 8.711644e-02 1.046966e-01 1.105160e-01 1.113469e-01 1.246089e-01 1.319557e-01 1.266683e-01 1.296336e-01 1.391053e-01 1.391663e-01 1.369292e-01 1.434938e-01 1.555821e-01 1.705038e-01 1.937178e-01 2.252902e-01 2.588354e-01 2.946802e-01 3.353204e-01 3.727899e-01 3.981745e-01 4.137138e-01 4.245584e-01 4.274356e-01 4.193761e-01 4.044630e-01 3.878163e-01 3.706850e-01 3.518016e-01 3.303251e-01 3.088132e-01 2.920958e-01 2.808688e-01 2.712257e-01 2.599178e-01 2.486635e-01 2.411040e-01 2.376906e-01 2.358088e-01 2.319274e-01 2.260564e-01 2.189340e-01 2.124204e-01 2.087842e-01 2.083483e-01 2.115297e-01 2.168926e-01 2.229172e-01 2.277801e-01 2.295028e-01 2.268730e-01 2.194037e-01 2.100024e-01 2.025498e-01 1.999048e-01 2.024646e-01 2.078704e-01 2.132080e-01 2.161635e-01 2.163271e-01 2.138076e-01 2.088988e-01 2.015002e-01 1.913879e-01 1.795265e-01 1.681402e-01 1.593424e-01 1.546895e-01 1.537286e-01 1.544918e-01 1.538001e-01 1.473777e-01 1.346261e-01 1.190933e-01 1.056061e-01 9.609539e-02 9.061681e-02 8.678697e-02 8.162484e-02 7.507467e-02 6.630036e-02 5.628334e-02 4.662141e-02 3.834441e-02 3.180681e-02 2.656787e-02 2.361782e-02 2.101262e-02 1.873548e-02 1.611243e-02 1.287668e-02 9.572683e-03 7.159997e-03 4.944131e-03 3.713436e-03 2.646713e-03 1.726093e-03 9.611200e-04 3.348870e-04 7.742922e-05 1.170639e-05 1.247658e-06 1.345928e-07 1.149006e-08 9.838721e-10 5.919385e-11 2.984330e-12 2.154623e-13 1.882854e-14 3.422446e-15 3.525433e-16 6.233691e-17 6.650637e-18 1.244930e-18 8.682866e-20 3.496693e-21 3.838028e-23 1.573455e-25 2.140104e-28 1.021461e-31 3.934671e-35 1.142790e-38 1.000807e-41
1.121039e-44 1.092828e-32 1.282557e-26 8.334445e-22 1.828006e-19 2.496691e-17 3.977688e-15 8.686521e-14 4.518475e-13 5.580277e-12 1.379753e-10 9.614750e-10 1.366307e-09 9.793226e-10 6.217936e-10 5.823057e-10 8.103336e-10 2.412445e-09 1.153142e-08 6.897480e-08 3.400103e-07 1.672310e-06 6.310716e-06 2.024169e-05 4.960081e-05 1.034789e-04 2.070314e-04 3.589411e-04 6.577264e-04 1.055482e-03 1.596048e-03 1.702913e-03 2.030014e-03 2.382809e-03 2.854582e-03 3.358825e-03 3.518188e-03 3.858912e-03 3.985281e-03 4.791196e-03 5.998869e-03 7.475966e-03 8.554528e-03 7.974501e-03 9.463761e-03 1.260682e-02 1.469001e-02 1.692763e-02 1.669560e-02 1.734133e-02 2.042249e-02 2.228848e-02 2.757895e-02 3.512635e-02 3.849866e-02 4.334031e-02 4.785533e-02 5.338406e-02 6.449590e-02 6.879731e-02 7.080661e-02 8.069976e-02 8.476290e-02 8.776499e-02 1.053182e-01 1.188443e-01 1.175266e-01 1.251327e-01 1.383464e-01 1.366096e-01 1.324253e-01 1.399262e-01 1.488452e-01 1.549099e-01 1.670692e-01 1.853329e-01 2.065643e-01 2.352969e-01 2.697234e-01 2.992643e-01 3.237257e-01 3.495507e-01 3.703270e-01 3.776287e-01 3.774725e-01 3.769941e-01 3.722297e-01 3.572926e-01 3.368635e-01 3.186542e-01 3.040364e-01 2.899832e-01 2.740808e-01 2.576977e-01 2.440646e-01 2.355356e-01 2.306038e-01 2.257129e-01 2.194793e-01 2.139226e-01 2.114430e-01 2.107210e-01 2.100867e-01 2.076135e-01 2.034890e-01 1.993615e-01 1.957057e-01 1.938541e-01 1.937776e-01 1.957120e-01 1.992185e-01 2.029975e-01 2.053574e-01 2.044596e-01 2.005911e-01 1.947864e-01 1.886805e-01 1.836872e-01 1.804806e-01 1.795703e-01 1.804070e-01 1.820086e-01 1.832542e-01 1.834266e-01 1.816640e-01 1.765837e-01 1.681504e-01 1.575428e-01 1.466117e-01 1.374357e-01 1.311322e-01 1.284789e-01 1.280024e-01 1.270025e-01 1.225820e-01 1.127506e-01 9.845437e-02 8.340497e-02 7.144406e-02 6.354689e-02 5.940447e-02 5.717107e-02 5.427208e-02 5.081522e-02 4.561405e-02 3.899948e-02 3.177514e-02 2.582324e-02 2.086471e-02 1.695917e-02 1.442650e-02 1.178732e-02 9.851607e-03 7.878445e-03 5.776470e-03 4.016171e-03 2.674811e-03 1.636796e-03 1.085130e-03 5.466171e-04 2.013134e-04 4.205752e-05 4.646058e-06 4.102619e-07 2.686447e-08 1.745770e-09 1.101858e-10 6.106380e-12 4.323228e-13 2.995445e-14 4.453906e-15 7.381963e-16 1.892572e-16 3.374610e-17 6.062538e-18 9.024535e-19 1.087117e-19 7.829466e-21 1.816694e-22 1.371523e-24 2.030466e-27 1.098204e-30 2.144190e-34 6.852852e-38 2.240816e-41
1.401298e-45 3.808347e-32 1.052891e-26 9.621788e-24 7.873481e-19 2.260232e-15 6.367426e-15 3.828902e-14 2.286775e-12 7.707440e-11 2.349184e-10 1.469293e-10 5.658779e-11 2.503414e-11 2.601725e-11 8.592807e-11 7.138292e-10 6.079295e-09 4.576329e-08 2.965866e-07 1.796254e-06 7.822034e-06 2.669839e-05 6.487466e-05 1.380477e-04 2.447619e-04 4.123514e-04 6.357505e-04 9.329172e-04 1.201479e-03 1.486578e-03 2.005704e-03 2.125180e-03 2.614789e-03 3.290344e-03 3.981888e-03 4.088718e-03 3.984768e-03 4.250302e-03 4.603328e-03 5.767985e-03 6.930470e-03 8.377826e-03 9.605331e-03 9.137366e-03 1.090582e-02 1.477685e-02 1.781883e-02 2.182004e-02 2.289037e-02 2.355070e-02 2.605194e-02 2.702967e-02 3.116260e-02 3.710888e-02 3.915698e-02 4.260687e-02 4.566382e-02 4.915800e-02 5.996225e-02 6.783150e-02 7.084851e-02 8.234719e-02 9.157112e-02 9.264055e-02 1.050164e-01 1.231984e-01 1.255037e-01 1.275067e-01 1.426117e-01 1.532096e-01 1.546146e-01 1.604882e-01 1.703937e-01 1.816838e-01 1.990604e-01 2.203186e-01 2.411963e-01 2.654378e-01 2.918565e-01 3.095386e-01 3.168962e-01 3.230313e-01 3.299483e-01 3.308891e-01 3.247468e-01 3.173687e-01 3.097804e-01 2.981592e-01 2.824357e-01 2.679132e-01 2.574068e-01 2.484244e-01 2.370644e-01 2.235245e-01 2.119913e-01 2.057958e-01 2.047006e-01 2.051796e-01 2.036793e-01 2.003106e-01 1.961196e-01 1.927439e-01 1.897279e-01 1.869020e-01 1.849241e-01 1.830851e-01 1.823345e-01 1.829026e-01 1.850255e-01 1.879824e-01 1.902825e-01 1.912577e-01 1.909457e-01 1.899866e-01 1.881898e-01 1.853550e-01 1.821388e-01 1.787522e-01 1.752115e-01 1.710942e-01 1.666065e-01 1.621575e-01 1.580298e-01 1.541263e-01 1.502790e-01 1.459207e-01 1.398845e-01 1.320643e-01 1.235672e-01 1.156909e-01 1.098410e-01 1.066118e-01 1.063819e-01 1.081483e-01 1.090403e-01 1.055141e-01 9.596514e-02 8.234377e-02 6.887639e-02 5.832475e-02 5.077793e-02 4.624230e-02 4.407277e-02 4.190858e-02 3.979373e-02 3.624731e-02 3.111874e-02 2.497261e-02 2.006719e-02 1.554370e-02 1.294632e-02 1.123046e-02 9.408881e-03 7.994530e-03 5.950120e-03 3.871173e-03 2.388501e-03 1.232096e-03 5.379026e-04 1.767902e-04 3.176191e-05 3.953540e-06 2.729053e-07 1.426107e-08 5.527107e-10 1.898394e-11 9.560278e-13 6.041735e-14 7.028609e-15 1.052112e-15 2.201906e-16 5.909350e-17 1.149524e-17 2.087841e-18 1.860913e-19 1.779867e-20 8.756243e-22 3.501452e-23 4.808494e-25 2.672007e-27 2.949433e-30 1.223389e-33 2.323294e-37 1.083274e-40
8.407791e-45 1.794945e-32 7.966795e-28 2.404644e-22 1.496908e-19 1.694709e-18 8.132631e-16 1.093847e-12 6.861316e-11 1.326177e-10 5.034046e-11 1.344778e-11 7.383066e-12 1.221938e-11 6.417577e-11 5.981859e-10 5.864543e-09 5.840939e-08 5.351856e-07 3.248156e-06 1.244745e-05 3.504404e-05 7.480141e-05 1.407788e-04 2.469307e-04 4.544380e-04 7.121188e-04 1.009502e-03 1.129194e-03 1.318760e-03 1.413897e-03 1.478974e-03 1.845023e-03 2.230295e-03 2.919774e-03 3.566354e-03 4.231452e-03 4.583875e-03 5.537403e-03 6.596583e-03 6.901315e-03 7.481601e-03 7.836686e-03 9.654331e-03 1.184065e-02 1.178806e-02 1.390955e-02 1.718317e-02 1.964996e-02 2.327887e-02 2.466301e-02 2.622052e-02 2.775752e-02 2.627973e-02 2.923212e-02 3.513418e-02 3.790990e-02 4.260201e-02 4.746988e-02 5.090626e-02 6.146204e-02 7.294578e-02 7.717594e-02 8.705162e-02 9.949443e-02 1.015705e-01 1.088082e-01 1.283579e-01 1.397828e-01 1.431243e-01 1.549235e-01 1.687018e-01 1.779390e-01 1.901997e-01 2.021548e-01 2.116108e-01 2.284479e-01 2.513293e-01 2.691602e-01 2.817497e-01 2.921968e-01 2.947864e-01 2.888967e-01 2.841353e-01 2.845429e-01 2.843042e-01 2.791614e-01 2.721195e-01 2.663057e-01 2.590770e-01 2.472978e-01 2.334799e-01 2.227211e-01 2.172396e-01 2.138185e-01 2.077150e-01 1.985089e-01 1.911145e-01 1.895745e-01 1.923498e-01 1.944840e-01 1.918145e-01 1.863144e-01 1.807329e-01 1.767506e-01 1.742511e-01 1.710966e-01 1.677973e-01 1.651922e-01 1.647811e-01 1.672257e-01 1.717587e-01 1.765156e-01 1.789131e-01 1.781292e-01 1.745716e-01 1.698655e-01 1.662178e-01 1.645072e-01 1.643314e-01 1.640122e-01 1.623043e-01 1.589350e-01 1.541819e-01 1.484962e-01 1.424865e-01 1.364747e-01 1.304900e-01 1.244339e-01 1.177678e-01 1.099760e-01 1.016372e-01 9.393968e-02 8.891926e-02 8.716960e-02 8.753701e-02 8.839241e-02 8.719216e-02 8.257103e-02 7.433382e-02 6.392470e-02 5.394251e-02 4.628129e-02 3.998093e-02 3.493290e-02 3.148141e-02 2.838553e-02 2.604412e-02 2.324153e-02 1.945376e-02 1.534750e-02 1.214919e-02 8.953912e-03 7.420372e-03 5.979281e-03 4.925460e-03 4.033267e-03 2.751671e-03 1.433836e-03 5.375145e-04 1.217779e-04 2.190567e-05 2.646019e-06 2.277774e-07 1.409146e-08 4.872385e-10 1.718210e-11 6.956596e-13 5.726011e-14 8.774572e-15 2.036440e-15 6.614839e-16 1.858840e-16 6.262251e-17 9.787257e-18 1.261604e-18 6.420315e-20 2.412888e-21 3.946249e-23 4.271966e-25 2.152426e-27 4.033625e-30 2.057918e-33 7.505188e-37 2.572013e-40
1.401298e-45 1.726466e-33 3.183131e-27 4.755355e-23 3.889677e-21 2.731704e-18 1.525229e-14 1.110290e-12 6.035742e-13 1.585093e-13 1.582960e-13 4.947460e-13 3.289743e-12 4.939715e-11 9.293910e-10 1.392154e-08 1.701557e-07 1.492396e-06 8.362714e-06 3.201828e-05 7.788048e-05 1.425822e-04 2.293072e-04 3.593942e-04 5.345642e-04 7.216205e-04 9.479581e-04 1.091952e-03 1.336421e-03 1.345823e-03 1.441337e-03 1.529626e-03 1.971201e-03 2.559499e-03 2.891526e-03 3.260361e-03 4.128213e-03 5.379038e-03 5.651993e-03 6.300030e-03 6.665871e-03 6.927994e-03 8.428394e-03 9.249461e-03 1.166784e-02 1.368702e-02 1.291297e-02 1.450650e-02 1.700319e-02 2.031308e-02 2.399179e-02 2.321391e-02 2.358486e-02 2.538866e-02 2.472854e-02 2.783391e-02 3.418655e-02 3.772781e-02 4.279330e-02 4.855065e-02 5.259362e-02 6.203837e-02 7.355329e-02 7.857969e-02 8.533476e-02 9.660313e-02 1.021460e-01 1.078876e-01 1.237325e-01 1.411451e-01 1.541066e-01 1.680787e-01 1.806113e-01 1.918106e-01 2.079461e-01 2.214220e-01 2.275704e-01 2.370947e-01 2.495624e-01 2.540500e-01 2.533917e-01 2.545609e-01 2.531150e-01 2.455981e-01 2.390350e-01 2.383210e-01 2.399054e-01 2.385801e-01 2.342358e-01 2.295801e-01 2.253147e-01 2.193657e-01 2.106834e-01 2.017040e-01 1.957646e-01 1.938934e-01 1.933939e-01 1.910609e-01 1.865059e-01 1.823492e-01 1.806467e-01 1.790314e-01 1.754860e-01 1.695174e-01 1.637943e-01 1.615139e-01 1.623263e-01 1.643919e-01 1.640845e-01 1.604120e-01 1.556173e-01 1.529701e-01 1.548603e-01 1.604588e-01 1.668588e-01 1.701429e-01 1.682503e-01 1.625198e-01 1.551573e-01 1.488363e-01 1.447944e-01 1.427470e-01 1.410496e-01 1.379386e-01 1.329947e-01 1.267139e-01 1.198174e-01 1.131576e-01 1.071461e-01 1.017100e-01 9.634622e-02 9.043662e-02 8.346677e-02 7.628507e-02 6.997904e-02 6.601746e-02 6.461974e-02 6.441724e-02 6.332087e-02 5.915943e-02 5.270080e-02 4.593905e-02 4.009354e-02 3.537940e-02 3.240011e-02 2.900514e-02 2.528512e-02 2.158565e-02 1.747499e-02 1.435752e-02 1.182947e-02 9.158630e-03 6.976027e-03 5.115648e-03 3.477996e-03 2.668150e-03 1.889290e-03 1.370300e-03 7.479907e-04 2.368642e-04 4.763334e-05 5.874879e-06 4.752002e-07 3.392534e-08 1.538206e-09 7.769487e-11 3.472422e-12 2.316208e-13 2.756669e-14 5.295661e-15 1.753265e-15 6.028324e-16 2.545692e-16 8.245142e-17 2.660556e-17 5.030971e-18 6.199340e-19 3.440701e-20 6.722301e-22 4.653323e-24 9.968522e-27 7.806063e-30 3.071691e-33 6.750225e-37 4.212864e-40
1.401298e-45 1.052101e-33 1.892629e-27 2.340838e-26 2.580269e-21 3.391267e-15 2.031876e-13 1.102580e-14 6.021955e-16 6.960914e-16 7.306302e-15 2.782543e-13 2.606345e-11 1.376522e-09 3.367308e-08 5.080308e-07 5.287142e-06 3.136118e-05 1.004178e-04 2.047796e-04 3.473719e-04 5.261984e-04 6.964785e-04 8.255056e-04 9.239121e-04 9.897968e-04 1.012387e-03 1.103020e-03 1.178855e-03 1.415782e-03 1.692383e-03 2.074245e-03 2.369086e-03 2.494669e-03 2.634777e-03 3.198334e-03 3.638648e-03 4.605094e-03 5.841181e-03 5.800056e-03 6.881441e-03 8.027030e-03 9.023337e-03 1.091875e-02 1.122782e-02 1.352095e-02 1.527273e-02 1.407257e-02 1.508261e-02 1.590391e-02 1.766941e-02 2.146336e-02 2.195960e-02 2.332116e-02 2.574212e-02 2.468424e-02 2.662767e-02 3.296483e-02 3.798953e-02 4.389673e-02 4.991476e-02 5.279197e-02 5.925256e-02 6.888081e-02 7.507042e-02 8.171725e-02 9.227015e-02 1.017398e-01 1.107314e-01 1.242223e-01 1.400273e-01 1.565378e-01 1.731742e-01 1.848943e-01 1.943371e-01 2.089604e-01 2.217524e-01 2.262254e-01 2.308094e-01 2.365012e-01 2.341205e-01 2.263222e-01 2.224132e-01 2.224039e-01 2.207425e-01 2.172479e-01 2.158110e-01 2.167627e-01 2.166766e-01 2.131943e-01 2.072507e-01 2.000832e-01 1.923573e-01 1.854597e-01 1.810477e-01 1.803406e-01 1.822635e-01 1.843654e-01 1.843139e-01 1.819563e-01 1.788429e-01 1.745455e-01 1.687289e-01 1.607379e-01 1.519821e-01 1.455765e-01 1.432187e-01 1.459700e-01 1.513520e-01 1.555860e-01 1.556516e-01 1.517652e-01 1.471980e-01 1.447423e-01 1.460361e-01 1.506272e-01 1.563734e-01 1.604847e-01 1.596561e-01 1.532523e-01 1.438087e-01 1.346692e-01 1.273797e-01 1.221798e-01 1.186616e-01 1.153772e-01 1.109490e-01 1.048317e-01 9.737698e-02 8.968566e-02 8.301996e-02 7.801698e-02 7.411121e-02 7.006385e-02 6.483506e-02 5.978169e-02 5.673808e-02 5.620632e-02 5.705300e-02 5.731953e-02 5.485694e-02 4.813165e-02 3.982546e-02 3.308512e-02 2.890464e-02 2.668320e-02 2.639650e-02 2.471242e-02 2.286493e-02 1.996184e-02 1.599052e-02 1.259238e-02 9.455300e-03 6.755476e-03 4.992259e-03 3.157073e-03 1.848489e-03 1.035950e-03 4.618112e-04 1.694777e-04 3.656025e-05 4.152261e-06 2.577389e-07 8.021482e-09 2.434960e-10 8.380565e-12 5.059551e-13 6.276333e-14 1.208036e-14 4.117930e-15 1.276083e-15 4.427632e-16 1.176942e-16 3.084614e-17 7.083395e-18 1.457002e-18 2.531072e-19 2.699862e-20 1.595471e-21 1.813749e-23 4.126311e-26 2.353212e-29 3.972929e-33 1.032108e-36 3.100751e-40
1.401298e-45 2.558996e-33 4.482065e-31 3.438201e-23 2.774830e-16 1.191804e-16 4.548011e-19 1.917457e-19 1.156030e-17 3.592342e-15 1.006760e-12 1.336748e-10 4.643994e-09 8.713564e-08 1.154319e-06 9.963499e-06 4.750845e-05 1.354026e-04 2.877512e-04 4.954506e-04 6.930975e-04 8.721302e-04 1.017373e-03 1.021699e-03 9.854803e-04 9.669914e-04 1.014908e-03 1.056371e-03 1.273026e-03 1.701510e-03 2.151149e-03 2.716237e-03 2.859385e-03 2.947099e-03 2.922857e-03 2.698688e-03 3.212898e-03 3.469382e-03 4.179508e-03 5.404449e-03 5.653017e-03 6.668465e-03 7.789876e-03 8.938145e-03 1.060085e-02 1.110439e-02 1.330787e-02 1.545794e-02 1.493178e-02 1.522691e-02 1.506223e-02 1.626082e-02 1.991707e-02 2.166115e-02 2.333730e-02 2.616155e-02 2.657538e-02 2.834501e-02 3.351049e-02 3.758335e-02 4.158089e-02 4.669404e-02 5.064588e-02 5.644441e-02 6.536745e-02 7.330815e-02 8.029740e-02 8.928087e-02 9.913268e-02 1.094972e-01 1.228278e-01 1.375390e-01 1.529269e-01 1.705301e-01 1.858124e-01 1.971415e-01 2.092280e-01 2.179834e-01 2.192649e-01 2.201671e-01 2.224873e-01 2.211006e-01 2.159002e-01 2.117383e-01 2.099684e-01 2.079699e-01 2.044683e-01 2.015340e-01 2.000389e-01 1.976541e-01 1.923399e-01 1.852142e-01 1.784388e-01 1.726966e-01 1.684446e-01 1.672735e-01 1.700633e-01 1.755747e-01 1.805684e-01 1.818217e-01 1.789955e-01 1.726429e-01 1.649935e-01 1.570901e-01 1.503451e-01 1.456551e-01 1.420924e-01 1.401519e-01 1.401294e-01 1.423635e-01 1.456889e-01 1.480258e-01 1.479860e-01 1.452978e-01 1.418348e-01 1.395615e-01 1.392547e-01 1.410033e-01 1.436642e-01 1.452269e-01 1.428632e-01 1.349840e-01 1.235566e-01 1.126443e-01 1.049254e-01 1.008428e-01 9.970099e-02 9.957865e-02 9.781490e-02 9.257080e-02 8.447305e-02 7.607257e-02 6.932177e-02 6.448899e-02 6.052896e-02 5.661567e-02 5.198512e-02 4.783691e-02 4.582703e-02 4.615854e-02 4.720667e-02 4.655781e-02 4.238768e-02 3.477274e-02 2.719983e-02 2.196783e-02 1.896855e-02 1.770360e-02 1.758394e-02 1.619607e-02 1.488462e-02 1.232966e-02 1.019668e-02 8.875770e-03 7.889381e-03 5.892881e-03 3.229155e-03 1.124366e-03 3.469462e-04 9.117922e-05 2.041150e-05 3.106745e-06 2.197320e-07 8.099814e-09 2.059115e-10 6.295073e-12 4.195551e-13 5.805619e-14 2.201361e-14 1.120238e-14 6.817036e-15 2.859793e-15 8.477867e-16 1.762504e-16 2.702961e-17 3.308007e-18 2.646472e-19 2.326531e-20 8.807127e-22 1.633218e-23 4.661295e-26 2.647819e-29 7.509967e-33 1.056691e-36 9.030192e-40
1.401298e-45 3.400325e-36 4.833899e-27 2.171784e-20 1.023737e-21 1.358676e-23 1.860084e-21 4.768713e-18 7.554259e-15 6.775128e-12 1.482330e-09 5.109204e-08 6.816743e-07 4.157619e-06 1.789922e-05 4.881362e-05 1.089324e-04 2.042547e-04 3.392891e-04 5.106092e-04 6.273434e-04 6.334770e-04 5.908375e-04 6.212452e-04 6.893892e-04 8.193644e-04 8.769104e-04 1.027143e-03 1.322658e-03 1.667623e-03 2.036380e-03 2.002940e-03 2.095079e-03 2.196349e-03 2.696152e-03 3.312931e-03 3.072560e-03 3.119272e-03 3.239460e-03 3.998922e-03 5.578621e-03 6.195180e-03 6.727792e-03 7.031783e-03 7.529465e-03 8.500183e-03 9.445953e-03 1.177153e-02 1.389769e-02 1.486753e-02 1.660961e-02 1.747249e-02 1.865613e-02 2.113170e-02 2.321499e-02 2.548131e-02 2.767651e-02 2.864523e-02 3.058435e-02 3.467889e-02 3.871084e-02 4.207052e-02 4.554890e-02 4.976778e-02 5.542728e-02 6.218179e-02 7.050665e-02 7.966834e-02 8.795515e-02 9.676749e-02 1.089148e-01 1.233278e-01 1.378198e-01 1.554220e-01 1.739891e-01 1.869710e-01 1.987172e-01 2.128044e-01 2.202254e-01 2.181387e-01 2.159395e-01 2.165827e-01 2.160339e-01 2.133552e-01 2.111103e-01 2.103314e-01 2.085155e-01 2.026898e-01 1.944690e-01 1.876839e-01 1.827762e-01 1.770975e-01 1.700305e-01 1.636824e-01 1.599831e-01 1.596787e-01 1.627046e-01 1.687472e-01 1.758527e-01 1.801046e-01 1.793807e-01 1.737743e-01 1.656197e-01 1.559596e-01 1.464098e-01 1.397697e-01 1.372845e-01 1.394187e-01 1.434842e-01 1.464120e-01 1.462730e-01 1.433872e-01 1.400421e-01 1.381265e-01 1.387668e-01 1.410339e-01 1.425714e-01 1.420498e-01 1.396275e-01 1.370941e-01 1.352549e-01 1.329050e-01 1.280249e-01 1.194599e-01 1.079070e-01 9.609646e-02 8.706518e-02 8.198898e-02 8.054561e-02 8.087289e-02 8.040652e-02 7.662597e-02 6.964340e-02 6.216255e-02 5.631193e-02 5.192486e-02 4.755393e-02 4.326210e-02 3.898173e-02 3.571872e-02 3.400652e-02 3.363160e-02 3.300472e-02 3.107520e-02 2.717979e-02 2.187067e-02 1.716605e-02 1.423857e-02 1.227597e-02 1.093360e-02 9.505345e-03 7.394616e-03 5.763561e-03 4.520373e-03 4.286843e-03 3.880131e-03 2.471159e-03 8.925623e-04 1.969859e-04 2.758032e-05 3.312728e-06 2.994953e-07 2.212282e-08 1.164729e-09 5.174880e-11 3.023696e-12 2.736908e-13 5.222568e-14 1.776732e-14 1.010993e-14 7.981270e-15 5.742827e-15 3.742210e-15 1.376809e-15 3.744852e-16 4.539359e-17 3.846498e-18 1.051471e-19 2.304726e-21 1.219274e-23 2.489097e-26 1.306213e-29 2.584122e-33 1.109768e-36 6.194216e-40
1.401298e-45 4.160672e-34 2.919452e-25 1.496009e-28 3.287973e-28 4.220463e-23 1.129897e-17 1.709716e-13 1.721508e-10 2.368156e-08 7.743265e-07 8.588148e-06 3.859271e-05 1.141843e-04 1.824027e-04 2.609903e-04 3.942191e-04 5.881260e-04 6.786545e-04 6.212385e-04 5.337074e-04 5.116324e-04 5.330448e-04 5.568311e-04 6.196757e-04 7.155561e-04 9.435114e-04 1.135001e-03 1.248857e-03 1.252830e-03 1.207756e-03 1.273206e-03 1.359533e-03 1.664089e-03 1.946924e-03 2.333941e-03 2.933958e-03 3.060745e-03 3.318394e-03 3.604267e-03 4.170160e-03 5.214406e-03 5.589276e-03 5.724282e-03 6.069360e-03 7.070809e-03 8.014735e-03 8.478215e-03 1.055810e-02 1.298807e-02 1.469139e-02 1.723206e-02 1.914673e-02 2.066771e-02 2.247020e-02 2.408863e-02 2.727949e-02 3.015852e-02 3.004190e-02 3.046584e-02 3.384230e-02 3.898350e-02 4.342833e-02 4.559019e-02 4.888504e-02 5.563200e-02 6.282718e-02 7.147485e-02 8.362307e-02 9.356724e-02 1.007210e-01 1.120536e-01 1.261930e-01 1.393204e-01 1.575591e-01 1.805278e-01 1.952280e-01 2.042069e-01 2.171492e-01 2.261942e-01 2.247759e-01 2.224280e-01 2.243899e-01 2.261594e-01 2.233480e-01 2.170180e-01 2.113640e-01 2.082405e-01 2.037467e-01 1.941586e-01 1.822051e-01 1.727107e-01 1.672317e-01 1.648054e-01 1.641542e-01 1.641984e-01 1.640723e-01 1.644379e-01 1.667724e-01 1.703684e-01 1.721186e-01 1.684249e-01 1.606506e-01 1.517706e-01 1.438020e-01 1.374162e-01 1.325436e-01 1.311734e-01 1.342103e-01 1.411290e-01 1.487572e-01 1.525383e-01 1.500691e-01 1.426148e-01 1.345048e-01 1.290971e-01 1.279150e-01 1.308619e-01 1.350282e-01 1.364485e-01 1.336442e-01 1.286693e-01 1.240761e-01 1.201702e-01 1.155867e-01 1.086578e-01 9.828916e-02 8.569071e-02 7.464202e-02 6.762223e-02 6.472868e-02 6.389587e-02 6.308853e-02 6.056666e-02 5.644815e-02 5.213170e-02 4.866921e-02 4.520073e-02 4.048552e-02 3.573339e-02 3.194258e-02 3.010396e-02 2.997379e-02 3.062050e-02 2.946339e-02 2.652595e-02 2.215118e-02 1.773828e-02 1.441529e-02 1.281034e-02 1.185772e-02 1.116121e-02 8.796746e-03 5.889168e-03 3.834688e-03 2.570312e-03 1.629758e-03 7.452974e-04 1.831970e-04 2.270432e-05 1.348330e-06 5.891359e-08 2.414236e-09 1.065762e-10 6.912912e-12 7.428218e-13 1.552137e-13 4.862993e-14 1.660060e-14 6.644287e-15 2.668182e-15 1.735295e-15 1.126323e-15 7.372601e-16 3.104896e-16 9.723325e-17 1.098104e-17 5.814969e-19 6.416675e-21 3.056206e-23 3.090664e-26 9.053646e-30 2.536583e-33 5.825425e-37 1.041365e-39
1.401298e-45 3.885408e-31 1.444779e-35 1.840562e-31 5.919330e-23 3.573255e-16 5.366307e-11 1.056370e-07 5.286058e-06 2.971789e-05 9.847007e-05 2.890736e-04 6.052991e-04 8.668582e-04 1.212191e-03 1.332913e-03 1.510462e-03 1.512578e-03 1.389649e-03 1.130007e-03 9.462433e-04 8.983462e-04 9.268319e-04 9.360344e-04 9.287219e-04 1.002630e-03 1.091699e-03 1.141807e-03 1.063711e-03 1.016282e-03 9.444451e-04 1.090715e-03 1.306911e-03 1.522335e-03 1.814817e-03 2.103674e-03 2.666273e-03 3.381198e-03 3.724608e-03 3.697737e-03 3.634680e-03 3.704041e-03 4.131120e-03 4.954326e-03 5.694419e-03 5.959789e-03 6.542533e-03 7.549343e-03 8.635309e-03 1.059966e-02 1.301799e-02 1.499402e-02 1.745399e-02 2.033002e-02 2.328677e-02 2.579271e-02 2.703436e-02 2.839077e-02 3.068783e-02 3.241487e-02 3.294075e-02 3.467705e-02 3.947348e-02 4.488781e-02 4.836538e-02 5.238551e-02 5.900190e-02 6.697759e-02 7.715438e-02 9.076731e-02 1.028095e-01 1.113853e-01 1.218811e-01 1.348191e-01 1.483210e-01 1.665246e-01 1.876952e-01 2.018041e-01 2.101490e-01 2.197482e-01 2.266259e-01 2.269299e-01 2.260879e-01 2.287544e-01 2.335215e-01 2.355365e-01 2.299763e-01 2.188761e-01 2.090279e-01 2.017339e-01 1.935249e-01 1.829503e-01 1.725583e-01 1.656441e-01 1.637520e-01 1.670298e-01 1.727402e-01 1.754810e-01 1.722552e-01 1.658941e-01 1.610103e-01 1.571583e-01 1.520339e-01 1.445688e-01 1.372541e-01 1.331149e-01 1.319951e-01 1.327346e-01 1.336562e-01 1.351426e-01 1.387514e-01 1.453278e-01 1.530508e-01 1.567307e-01 1.524913e-01 1.415991e-01 1.293290e-01 1.206994e-01 1.172107e-01 1.178656e-01 1.201317e-01 1.203604e-01 1.164366e-01 1.096900e-01 1.031033e-01 9.851839e-02 9.478046e-02 8.929676e-02 8.066601e-02 6.981661e-02 6.024196e-02 5.406617e-02 5.135784e-02 5.002189e-02 4.868608e-02 4.667499e-02 4.454659e-02 4.268786e-02 4.033110e-02 3.625073e-02 3.072985e-02 2.598982e-02 2.344226e-02 2.336553e-02 2.491463e-02 2.625569e-02 2.388981e-02 1.863051e-02 1.277307e-02 9.297383e-03 8.146058e-03 9.251099e-03 1.044792e-02 9.073082e-03 5.335440e-03 2.558704e-03 1.051940e-03 4.044394e-04 1.144111e-04 1.827344e-05 1.394793e-06 6.250153e-08 2.002235e-09 7.352065e-11 3.755371e-12 4.821871e-13 1.503811e-13 9.584088e-14 6.334745e-14 3.296119e-14 1.292742e-14 5.014049e-15 1.914538e-15 7.347295e-16 2.372776e-16 6.237598e-17 1.064889e-17 6.110407e-19 1.258779e-20 5.411777e-23 5.570579e-26 2.493480e-29 4.171507e-33 2.568403e-36 1.577793e-39
4.203895e-45 4.203895e-45 8.919731e-35 8.373434e-23 1.164673e-14 2.098345e-09 9.643886e-07 4.418703e-05 3.645101e-04 8.940576e-04 8.619212e-04 7.103245e-04 7.461659e-04 9.963505e-04 1.377015e-03 1.857669e-03 2.055024e-03 1.713188e-03 1.293780e-03 1.338647e-03 1.564206e-03 1.640032e-03 1.476423e-03 1.445660e-03 1.310612e-03 1.324380e-03 1.276789e-03 1.351983e-03 1.349309e-03 1.204120e-03 1.244519e-03 1.208083e-03 1.446113e-03 1.657624e-03 1.926076e-03 2.168042e-03 2.278444e-03 2.536366e-03 2.733104e-03 2.994212e-03 2.926670e-03 3.017704e-03 3.606569e-03 4.149752e-03 4.879328e-03 5.541604e-03 6.168525e-03 6.918657e-03 7.479053e-03 8.640059e-03 1.069617e-02 1.300173e-02 1.542655e-02 1.745561e-02 2.010787e-02 2.323152e-02 2.534654e-02 2.821372e-02 3.098068e-02 3.267194e-02 3.532735e-02 3.728089e-02 3.940031e-02 4.599803e-02 5.398953e-02 5.849144e-02 6.384614e-02 7.205585e-02 7.988495e-02 9.047720e-02 1.058949e-01 1.184974e-01 1.275894e-01 1.394224e-01 1.493379e-01 1.571444e-01 1.719025e-01 1.887784e-01 1.971656e-01 2.049025e-01 2.184564e-01 2.285254e-01 2.310848e-01 2.327561e-01 2.362684e-01 2.403418e-01 2.441563e-01 2.433868e-01 2.336058e-01 2.190346e-01 2.063568e-01 1.964407e-01 1.877072e-01 1.805717e-01 1.761798e-01 1.751529e-01 1.771627e-01 1.804068e-01 1.806682e-01 1.743049e-01 1.638281e-01 1.541540e-01 1.479107e-01 1.430307e-01 1.375219e-01 1.328161e-01 1.312771e-01 1.344193e-01 1.396542e-01 1.427841e-01 1.417762e-01 1.389775e-01 1.385794e-01 1.415768e-01 1.451359e-01 1.445216e-01 1.371777e-01 1.252089e-01 1.129512e-01 1.044619e-01 1.011440e-01 1.013788e-01 1.023927e-01 1.011168e-01 9.547083e-02 8.710195e-02 7.943181e-02 7.438970e-02 7.036038e-02 6.480620e-02 5.747465e-02 4.992094e-02 4.432876e-02 4.095203e-02 3.907777e-02 3.678778e-02 3.400662e-02 3.132492e-02 2.961170e-02 2.867563e-02 2.688822e-02 2.324018e-02 1.868164e-02 1.499361e-02 1.344359e-02 1.368952e-02 1.494782e-02 1.532412e-02 1.274647e-02 8.630798e-03 5.555486e-03 4.468171e-03 4.225807e-03 4.352900e-03 3.238732e-03 1.625762e-03 5.079455e-04 1.025693e-04 1.615606e-05 2.114989e-06 2.142063e-07 1.610109e-08 9.639479e-10 4.785997e-11 3.152336e-12 3.213512e-13 9.204431e-14 5.042070e-14 5.330711e-14 5.455726e-14 5.814174e-14 3.721362e-14 1.801609e-14 4.879142e-15 8.696344e-16 1.093197e-16 8.522648e-18 4.238787e-19 5.315272e-21 2.339645e-23 2.828025e-26 1.084400e-29 6.082417e-33 1.896373e-36 4.331412e-39
0.000000e+00 3.104240e-34 2.765606e-21 2.976818e-14 4.509753e-10 3.053364e-07 2.086691e-05 9.570312e-05 2.674626e-04 5.740803e-04 6.586894e-04 4.965184e-04 4.405226e-04 6.191086e-04 7.072756e-04 7.349015e-04 8.245368e-04 9.805664e-04 1.100960e-03 1.172991e-03 1.386759e-03 1.556167e-03 1.568702e-03 1.335615e-03 1.471078e-03 1.353369e-03 1.491569e-03 1.363303e-03 1.486250e-03 1.706975e-03 1.764866e-03 1.966275e-03 1.829408e-03 1.923442e-03 1.892522e-03 1.892479e-03 1.897921e-03 1.929630e-03 2.231424e-03 2.359498e-03 2.772540e-03 3.069774e-03 3.221004e-03 3.833173e-03 4.334539e-03 5.111987e-03 5.788276e-03 6.299070e-03 7.484515e-03 8.092449e-03 8.664110e-03 1.017312e-02 1.177759e-02 1.421549e-02 1.617793e-02 1.802990e-02 2.142704e-02 2.408324e-02 2.756330e-02 3.286505e-02 3.642154e-02 4.040391e-02 4.549410e-02 4.801041e-02 5.367073e-02 6.486377e-02 7.235486e-02 7.802235e-02 8.867530e-02 9.736920e-02 1.048915e-01 1.198781e-01 1.340552e-01 1.423711e-01 1.541996e-01 1.635017e-01 1.656471e-01 1.737816e-01 1.861129e-01 1.904720e-01 1.953578e-01 2.109744e-01 2.279959e-01 2.358210e-01 2.393601e-01 2.433985e-01 2.456537e-01 2.459102e-01 2.450822e-01 2.387746e-01 2.257113e-01 2.123411e-01 2.031778e-01 1.969636e-01 1.916564e-01 1.871698e-01 1.845169e-01 1.841183e-01 1.848251e-01 1.826984e-01 1.742980e-01 1.608736e-01 1.489688e-01 1.423128e-01 1.400433e-01 1.390499e-01 1.366989e-01 1.348487e-01 1.362208e-01 1.411145e-01 1.457239e-01 1.448763e-01 1.380538e-01 1.301319e-01 1.260892e-01 1.260813e-01 1.259058e-01 1.212248e-01 1.109412e-01 9.827289e-02 8.710000e-02 7.983681e-02 7.730570e-02 7.794719e-02 7.871603e-02 7.708449e-02 7.222443e-02 6.614628e-02 6.083348e-02 5.681307e-02 5.237586e-02 4.653171e-02 4.051900e-02 3.594635e-02 3.372065e-02 3.261069e-02 3.112897e-02 2.767278e-02 2.387942e-02 2.125330e-02 2.038771e-02 2.013076e-02 1.861242e-02 1.523294e-02 1.137721e-02 8.608280e-03 7.696954e-03 8.068048e-03 9.409950e-03 9.937857e-03 8.335409e-03 5.596757e-03 3.795692e-03 2.779938e-03 2.145633e-03 1.469648e-03 5.171809e-04 8.771994e-05 7.730440e-06 5.189097e-07 3.406092e-08 2.260962e-09 1.568985e-10 1.454062e-11 1.707753e-12 3.175926e-13 7.821379e-14 3.206694e-14 1.869624e-14 1.785092e-14 2.134271e-14 2.418367e-14 2.340986e-14 1.086457e-14 2.732481e-15 2.283883e-16 1.341265e-17 2.859950e-19 3.059382e-21 8.647391e-24 8.532603e-27 5.007354e-30 1.302813e-33 1.367085e-36 1.025515e-39
3.737611e-39 3.958147e-20 2.057761e-13 1.938358e-10 6.416142e-08 1.471462e-06 1.216282e-05 9.635869e-05 1.450409e-04 1.050778e-04 1.974790e-04 3.396861e-04 3.465381e-04 1.948818e-04 1.849011e-04 2.513475e-04 4.717642e-04 7.666530e-04 1.140635e-03 1.239928e-03 9.661237e-04 8.119062e-04 8.452798e-04 1.073388e-03 1.118432e-03 1.580167e-03 1.548831e-03 1.780224e-03 1.885487e-03 2.246478e-03 2.708652e-03 2.716184e-03 2.723220e-03 2.278308e-03 2.080081e-03 1.993483e-03 2.027625e-03 1.987647e-03 1.833580e-03 2.230812e-03 2.646486e-03 3.219708e-03 3.858411e-03 4.000194e-03 4.666749e-03 5.154802e-03 5.751878e-03 6.845889e-03 7.122974e-03 7.901638e-03 8.513211e-03 8.750233e-03 9.963680e-03 1.092070e-02 1.259226e-02 1.496440e-02 1.735201e-02 2.155357e-02 2.566577e-02 2.925170e-02 3.589884e-02 4.255191e-02 4.837489e-02 5.716387e-02 6.356037e-02 6.911176e-02 8.118872e-02 9.177399e-02 9.716034e-02 1.081527e-01 1.211969e-01 1.289072e-01 1.388672e-01 1.502129e-01 1.580235e-01 1.653565e-01 1.670143e-01 1.637309e-01 1.697879e-01 1.824330e-01 1.882527e-01 1.935290e-01 2.093271e-01 2.281859e-01 2.375787e-01 2.410507e-01 2.454828e-01 2.469348e-01 2.423906e-01 2.358143e-01 2.287205e-01 2.192915e-01 2.095062e-01 2.034321e-01 2.008385e-01 1.986462e-01 1.944710e-01 1.882984e-01 1.818601e-01 1.770657e-01 1.737937e-01 1.679886e-01 1.579584e-01 1.463421e-01 1.382876e-01 1.364997e-01 1.383761e-01 1.398997e-01 1.383686e-01 1.350191e-01 1.324960e-01 1.312185e-01 1.288916e-01 1.232674e-01 1.155925e-01 1.091056e-01 1.057839e-01 1.050210e-01 1.035247e-01 9.786056e-02 8.732885e-02 7.501747e-02 6.488194e-02 5.869242e-02 5.633785e-02 5.604958e-02 5.532627e-02 5.320372e-02 5.022619e-02 4.803187e-02 4.646630e-02 4.434779e-02 4.004949e-02 3.442404e-02 2.976593e-02 2.735727e-02 2.700749e-02 2.665608e-02 2.476219e-02 2.078527e-02 1.705535e-02 1.500072e-02 1.466409e-02 1.439009e-02 1.264817e-02 9.334391e-03 6.271326e-03 4.591092e-03 4.371421e-03 5.029521e-03 5.936186e-03 5.298520e-03 3.731468e-03 2.158172e-03 1.363351e-03 8.200043e-04 3.982761e-04 9.959362e-05 1.207148e-05 8.500703e-07 4.010930e-08 1.471912e-09 6.224490e-11 4.467222e-12 8.253583e-13 3.409247e-13 2.091201e-13 1.456820e-13 8.857438e-14 5.995120e-14 2.956810e-14 2.081171e-14 1.085007e-14 7.801770e-15 2.487980e-15 4.069076e-16 1.703608e-17 3.288821e-19 2.591693e-21 7.651036e-24 1.120388e-26 3.968830e-30 1.898738e-33 5.891162e-37 1.505451e-39
4.330402e-30 8.338213e-20 1.126228e-14 1.649819e-10 1.852705e-08 1.345749e-06 8.801118e-06 1.315408e-05 3.678435e-05 9.089361e-05 7.708672e-05 6.633157e-05 8.267829e-05 1.465765e-04 1.645797e-04 2.844036e-04 3.160919e-04 3.299362e-04 3.375786e-04 5.077677e-04 6.980478e-04 7.798816e-04 9.333444e-04 1.179979e-03 1.756056e-03 1.751955e-03 2.285818e-03 2.259283e-03 2.425560e-03 2.429781e-03 2.609238e-03 3.076001e-03 3.034571e-03 2.939036e-03 2.532517e-03 2.307295e-03 2.134177e-03 2.242168e-03 2.598319e-03 2.566626e-03 2.914763e-03 3.332725e-03 3.792164e-03 4.596171e-03 4.665066e-03 5.188117e-03 5.822821e-03 6.075384e-03 7.014094e-03 7.581887e-03 8.272544e-03 9.113397e-03 9.400925e-03 1.015032e-02 1.130569e-02 1.331176e-02 1.581863e-02 1.835645e-02 2.290670e-02 2.869673e-02 3.461187e-02 4.288676e-02 5.135243e-02 5.914311e-02 6.991167e-02 7.897016e-02 8.577901e-02 9.882170e-02 1.130580e-01 1.201650e-01 1.277908e-01 1.405881e-01 1.536560e-01 1.627551e-01 1.659818e-01 1.695386e-01 1.755639e-01 1.709391e-01 1.595990e-01 1.612332e-01 1.745244e-01 1.836950e-01 1.900257e-01 2.057100e-01 2.264822e-01 2.370019e-01 2.385084e-01 2.426167e-01 2.476901e-01 2.450045e-01 2.349548e-01 2.231258e-01 2.119502e-01 2.026599e-01 1.973042e-01 1.957387e-01 1.950335e-01 1.923518e-01 1.863736e-01 1.775666e-01 1.688196e-01 1.623257e-01 1.582238e-01 1.531903e-01 1.453507e-01 1.374120e-01 1.325778e-01 1.324501e-01 1.344432e-01 1.343696e-01 1.300766e-01 1.229056e-01 1.152825e-01 1.079829e-01 1.004875e-01 9.287534e-02 8.652766e-02 8.246668e-02 8.037108e-02 7.948423e-02 7.815181e-02 7.396365e-02 6.609866e-02 5.693935e-02 4.982566e-02 4.580298e-02 4.384685e-02 4.212994e-02 3.935663e-02 3.659727e-02 3.502516e-02 3.530091e-02 3.560311e-02 3.395465e-02 2.946366e-02 2.448950e-02 2.119930e-02 2.034088e-02 2.089956e-02 2.039509e-02 1.773043e-02 1.389008e-02 1.082297e-02 9.354795e-03 9.005931e-03 8.585220e-03 7.257239e-03 5.026832e-03 3.304967e-03 2.514883e-03 2.296570e-03 2.118055e-03 1.697501e-03 9.946391e-04 4.557301e-04 1.669773e-04 5.785129e-05 1.470751e-05 2.875786e-06 3.472684e-07 2.631587e-08 1.153846e-09 3.824611e-11 1.854226e-12 2.637537e-13 1.153190e-13 1.422909e-13 2.193568e-13 4.078255e-13 4.242433e-13 3.118410e-13 9.060160e-14 2.443740e-14 4.809979e-15 1.247163e-15 1.575037e-16 7.481952e-18 1.280886e-19 7.481345e-22 3.204494e-24 3.481297e-27 2.852726e-30 6.475358e-34 4.913238e-37 6.234531e-40
5.128388e-20 9.116882e-21 2.545055e-15 2.540660e-12 2.724643e-09 5.409679e-08 9.821641e-07 4.940376e-06 1.428285e-05 1.138436e-05 1.717976e-05 1.871751e-05 5.634316e-05 1.017726e-04 1.453964e-04 9.573926e-05 1.168772e-04 1.266978e-04 1.861554e-04 2.717287e-04 5.357696e-04 9.964958e-04 1.348589e-03 1.547444e-03 1.464740e-03 1.692106e-03 1.485292e-03 1.804764e-03 1.995783e-03 2.238325e-03 2.372538e-03 2.363478e-03 2.734918e-03 3.074051e-03 3.401498e-03 3.295267e-03 3.420674e-03 3.584697e-03 3.755824e-03 4.159033e-03 3.865792e-03 3.789162e-03 3.959090e-03 4.269318e-03 5.121072e-03 5.624253e-03 6.006589e-03 6.650624e-03 6.983384e-03 7.509587e-03 8.359318e-03 8.924997e-03 9.535435e-03 1.073914e-02 1.178637e-02 1.279003e-02 1.506408e-02 1.792553e-02 2.165127e-02 2.754981e-02 3.378551e-02 4.084318e-02 5.100060e-02 6.021592e-02 6.881286e-02 8.196782e-02 9.361513e-02 1.012604e-01 1.142692e-01 1.315764e-01 1.449258e-01 1.533745e-01 1.598962e-01 1.688770e-01 1.764420e-01 1.729462e-01 1.687479e-01 1.722121e-01 1.697977e-01 1.589411e-01 1.579319e-01 1.699336e-01 1.795556e-01 1.840945e-01 1.974594e-01 2.198164e-01 2.328496e-01 2.305470e-01 2.269047e-01 2.273511e-01 2.260071e-01 2.211900e-01 2.149849e-01 2.068247e-01 1.974313e-01 1.905738e-01 1.877578e-01 1.861171e-01 1.823446e-01 1.758332e-01 1.680585e-01 1.602211e-01 1.547294e-01 1.519777e-01 1.499566e-01 1.460961e-01 1.391188e-01 1.315719e-01 1.255559e-01 1.214643e-01 1.181163e-01 1.138172e-01 1.078221e-01 1.003896e-01 9.209554e-02 8.344907e-02 7.535079e-02 6.854463e-02 6.333127e-02 5.996402e-02 5.827131e-02 5.742661e-02 5.582264e-02 5.209223e-02 4.677645e-02 4.183456e-02 3.894249e-02 3.786235e-02 3.670859e-02 3.406965e-02 3.030029e-02 2.782786e-02 2.750064e-02 2.893782e-02 2.913030e-02 2.642706e-02 2.167682e-02 1.798213e-02 1.634668e-02 1.662398e-02 1.721124e-02 1.546411e-02 1.161702e-02 8.057448e-03 5.903425e-03 5.458276e-03 5.858769e-03 5.761055e-03 4.362260e-03 2.770055e-03 1.726034e-03 1.181698e-03 8.535024e-04 5.232678e-04 2.209416e-04 6.215740e-05 1.290704e-05 2.183481e-06 2.884874e-07 3.231972e-08 3.176185e-09 2.601137e-10 1.747337e-11 1.460153e-12 2.154570e-13 8.787667e-14 6.928694e-14 1.004625e-13 1.643794e-13 3.194434e-13 3.840127e-13 2.701495e-13 7.718561e-14 1.157562e-14 1.026072e-15 6.349646e-17 2.391395e-18 3.260578e-20 2.943928e-22 5.484645e-25 9.107087e-28 2.779138e-31 1.054789e-34 3.789570e-38 7.771882e-41
4.415052e-16 1.268754e-18 2.509991e-16 1.161753e-12 7.914343e-11 1.234562e-08 8.810246e-08 2.788488e-07 3.452351e-07 2.940370e-06 1.297294e-05 2.060543e-05 7.672194e-06 6.386497e-06 1.117699e-05 4.365537e-05 8.183839e-05 1.597470e-04 2.004493e-04 2.399441e-04 2.810358e-04 4.168572e-04 5.969859e-04 6.607836e-04 7.358959e-04 8.498402e-04 1.281840e-03 1.529968e-03 2.021090e-03 2.354558e-03 2.420795e-03 2.475091e-03 2.615997e-03 3.227870e-03 4.011763e-03 5.140996e-03 5.637812e-03 5.753534e-03 5.614754e-03 5.436451e-03 5.516868e-03 5.071221e-03 4.708782e-03 4.619663e-03 4.832125e-03 5.293792e-03 5.980761e-03 6.398268e-03 7.067466e-03 8.094124e-03 8.328029e-03 9.195175e-03 1.031848e-02 1.074245e-02 1.262045e-02 1.486885e-02 1.673635e-02 2.026714e-02 2.319138e-02 2.631960e-02 3.328715e-02 4.036542e-02 4.739056e-02 5.955160e-02 7.079557e-02 7.888316e-02 9.237740e-02 1.065994e-01 1.157777e-01 1.271416e-01 1.417306e-01 1.545050e-01 1.616175e-01 1.625106e-01 1.645200e-01 1.665993e-01 1.607996e-01 1.562028e-01 1.610092e-01 1.638356e-01 1.573704e-01 1.560505e-01 1.672941e-01 1.772157e-01 1.781329e-01 1.852031e-01 2.055229e-01 2.225930e-01 2.241675e-01 2.196124e-01 2.153921e-01 2.084215e-01 2.002767e-01 1.962740e-01 1.953246e-01 1.927178e-01 1.879510e-01 1.837628e-01 1.807043e-01 1.767681e-01 1.706513e-01 1.624329e-01 1.548002e-01 1.497648e-01 1.482633e-01 1.491731e-01 1.481352e-01 1.425211e-01 1.327387e-01 1.214859e-01 1.107954e-01 1.013258e-01 9.318172e-02 8.623892e-02 8.009730e-02 7.384820e-02 6.698858e-02 5.999282e-02 5.394500e-02 4.944073e-02 4.620923e-02 4.433672e-02 4.376596e-02 4.320998e-02 4.088709e-02 3.666680e-02 3.264148e-02 3.055673e-02 3.064165e-02 3.138547e-02 3.031054e-02 2.710299e-02 2.367415e-02 2.238719e-02 2.308084e-02 2.459550e-02 2.376676e-02 2.006188e-02 1.574360e-02 1.351059e-02 1.314154e-02 1.372486e-02 1.311678e-02 9.586904e-03 5.892911e-03 3.966428e-03 3.365874e-03 3.545300e-03 3.263163e-03 2.369332e-03 1.396821e-03 7.726740e-04 4.071529e-04 2.143227e-04 8.487143e-05 2.495252e-05 5.323147e-06 7.581884e-07 6.969015e-08 4.651875e-09 3.111018e-10 2.827848e-11 4.179296e-12 1.146066e-12 6.008754e-13 4.690759e-13 4.227351e-13 3.345211e-13 2.456634e-13 1.921216e-13 1.751937e-13 1.666489e-13 1.048782e-13 3.073024e-14 2.638502e-15 9.868247e-17 2.087645e-18 4.322253e-20 2.381117e-22 1.137418e-24 5.948850e-28 3.330084e-31 5.653435e-35 2.140135e-38 3.063939e-41
3.532361e-16 6.325089e-16 1.727269e-15 9.365386e-14 2.143178e-11 1.584520e-10 6.370619e-09 7.028624e-08 3.069329e-07 9.797090e-08 6.667521e-08 3.209769e-07 2.896232e-06 4.664376e-06 1.145078e-05 2.686566e-05 5.418008e-05 5.312931e-05 7.429106e-05 1.011830e-04 9.225244e-05 7.875949e-05 8.494317e-05 1.554349e-04 3.089845e-04 5.568081e-04 8.537357e-04 1.325141e-03 1.671097e-03 1.907797e-03 2.166808e-03 2.195311e-03 2.115244e-03 2.152348e-03 2.520474e-03 3.401557e-03 4.791726e-03 5.690348e-03 5.880876e-03 5.301779e-03 4.873886e-03 4.647488e-03 4.506629e-03 4.334156e-03 3.983418e-03 4.066088e-03 4.453346e-03 5.628601e-03 6.617684e-03 6.947670e-03 8.338350e-03 9.156164e-03 1.052049e-02 1.291050e-02 1.359690e-02 1.567022e-02 1.880655e-02 2.142465e-02 2.702740e-02 3.222864e-02 3.510634e-02 4.219731e-02 4.994796e-02 5.551871e-02 6.701244e-02 8.033039e-02 8.872584e-02 1.000270e-01 1.136856e-01 1.226209e-01 1.307040e-01 1.415651e-01 1.500617e-01 1.500234e-01 1.459487e-01 1.473191e-01 1.502985e-01 1.468095e-01 1.450704e-01 1.534772e-01 1.626558e-01 1.619189e-01 1.623921e-01 1.752806e-01 1.890247e-01 1.904745e-01 1.919196e-01 2.039794e-01 2.147347e-01 2.123086e-01 2.053377e-01 2.025099e-01 1.988508e-01 1.904665e-01 1.825475e-01 1.802101e-01 1.818846e-01 1.831001e-01 1.814535e-01 1.773898e-01 1.724517e-01 1.671080e-01 1.620289e-01 1.565555e-01 1.512109e-01 1.477988e-01 1.457546e-01 1.432314e-01 1.376174e-01 1.282731e-01 1.163152e-01 1.032904e-01 9.077645e-02 8.007705e-02 7.168459e-02 6.490888e-02 5.889262e-02 5.294921e-02 4.719330e-02 4.213738e-02 3.806798e-02 3.539045e-02 3.430258e-02 3.477005e-02 3.598155e-02 3.561949e-02 3.218883e-02 2.721384e-02 2.373231e-02 2.285877e-02 2.375442e-02 2.425805e-02 2.254084e-02 1.960234e-02 1.755613e-02 1.751436e-02 1.824041e-02 1.815238e-02 1.570354e-02 1.204132e-02 9.301068e-03 8.596444e-03 9.185317e-03 9.949218e-03 8.479953e-03 5.184964e-03 3.239028e-03 2.380286e-03 1.924057e-03 1.590007e-03 1.037184e-03 5.154971e-04 2.006833e-04 6.655136e-05 1.813312e-05 4.553991e-06 8.880327e-07 1.501037e-07 1.604942e-08 1.095958e-09 6.141864e-11 4.416582e-12 7.404156e-13 3.592887e-13 4.474152e-13 8.751925e-13 1.649036e-12 2.034635e-12 1.358866e-12 5.868144e-13 2.284011e-13 8.993828e-14 3.837677e-14 1.155363e-14 1.613318e-15 7.987360e-17 2.163191e-18 2.362117e-20 2.826745e-22 4.398400e-25 8.592989e-28 2.414338e-31 1.231392e-34 7.133025e-38 8.580010e-41
3.245770e-16 8.898039e-16 7.864853e-15 2.301703e-13 1.105955e-12 4.484885e-11 6.638732e-11 3.930470e-10 1.204454e-09 3.110805e-08 7.112622e-08 1.359900e-07 9.091039e-08 3.119709e-07 5.524265e-07 6.550076e-07 9.982738e-07 2.924051e-06 8.705463e-06 2.257005e-05 4.313712e-05 4.164590e-05 4.194799e-05 5.300011e-05 9.683261e-05 2.103628e-04 3.633430e-04 4.913145e-04 5.658625e-04 6.782696e-04 7.850587e-04 9.831010e-04 1.243731e-03 1.551549e-03 2.012538e-03 2.529191e-03 3.465965e-03 4.301269e-03 4.745294e-03 4.657089e-03 3.817387e-03 3.419948e-03 3.112091e-03 3.080327e-03 3.344276e-03 3.651350e-03 4.261448e-03 4.497428e-03 5.411430e-03 6.945678e-03 7.906742e-03 9.871271e-03 1.098221e-02 1.237886e-02 1.558866e-02 1.731491e-02 2.023713e-02 2.484598e-02 2.856373e-02 3.587865e-02 4.410113e-02 4.760548e-02 5.416198e-02 6.212613e-02 6.608780e-02 7.397167e-02 8.504288e-02 9.254709e-02 1.023179e-01 1.151630e-01 1.219757e-01 1.238868e-01 1.290690e-01 1.355470e-01 1.343266e-01 1.297727e-01 1.330694e-01 1.407500e-01 1.423305e-01 1.430675e-01 1.530905e-01 1.665894e-01 1.707815e-01 1.725527e-01 1.851260e-01 2.002683e-01 2.027504e-01 2.015807e-01 2.091587e-01 2.151535e-01 2.054421e-01 1.891496e-01 1.805132e-01 1.794807e-01 1.785683e-01 1.755307e-01 1.736420e-01 1.746919e-01 1.765674e-01 1.762706e-01 1.728830e-01 1.669650e-01 1.611539e-01 1.569531e-01 1.545435e-01 1.527840e-01 1.492206e-01 1.434390e-01 1.351762e-01 1.249370e-01 1.135797e-01 1.017156e-01 8.955807e-02 7.770547e-02 6.725491e-02 5.890194e-02 5.276088e-02 4.780924e-02 4.304762e-02 3.825166e-02 3.374083e-02 2.991677e-02 2.691765e-02 2.532343e-02 2.574656e-02 2.783626e-02 3.000372e-02 2.940569e-02 2.559723e-02 2.115106e-02 1.874664e-02 1.856029e-02 1.908277e-02 1.839389e-02 1.625412e-02 1.417706e-02 1.350009e-02 1.418925e-02 1.441098e-02 1.256852e-02 9.154770e-03 6.369933e-03 5.554371e-03 6.725167e-03 8.143334e-03 7.487485e-03 4.929449e-03 2.730531e-03 1.731651e-03 1.216028e-03 8.765528e-04 5.122306e-04 1.954941e-04 5.469875e-05 1.159272e-05 1.720748e-06 2.182749e-07 2.615512e-08 2.933311e-09 3.151080e-10 2.748137e-11 3.180278e-12 6.824193e-13 3.770878e-13 4.252912e-13 6.184826e-13 1.214774e-12 1.817319e-12 2.314917e-12 1.718915e-12 8.445883e-13 2.359268e-13 3.515839e-14 4.179898e-15 3.797125e-16 2.478167e-17 7.075381e-19 1.224087e-20 4.147209e-23 1.289706e-25 4.680345e-29 3.859588e-32 1.556219e-35 1.761177e-38 9.087841e-41
4.305858e-16 3.607362e-17 1.575159e-15 1.912230e-14 4.179331e-13 1.015192e-12 1.539838e-11 2.590767e-11 1.755575e-10 2.664140e-11 1.236154e-10 1.612903e-10 6.113617e-10 7.881349e-09 6.762102e-08 1.216592e-07 2.546635e-07 8.772401e-07 2.745763e-06 3.599645e-06 3.461897e-06 5.541282e-06 8.138109e-06 1.312658e-05 2.013497e-05 3.392388e-05 4.913259e-05 6.422478e-05 9.197885e-05 1.276177e-04 2.241820e-04 4.302980e-04 9.246095e-04 1.595301e-03 2.176198e-03 2.641967e-03 2.477790e-03 2.546489e-03 2.484385e-03 2.540917e-03 2.684252e-03 2.402021e-03 2.418889e-03 2.497436e-03 2.745380e-03 3.112240e-03 3.348491e-03 3.968753e-03 4.611031e-03 5.961157e-03 7.828438e-03 9.514669e-03 1.249125e-02 1.481400e-02 1.757254e-02 2.183856e-02 2.430148e-02 2.821973e-02 3.390944e-02 3.854709e-02 4.696697e-02 5.664438e-02 6.046587e-02 6.485063e-02 6.950116e-02 7.140807e-02 7.769836e-02 8.660118e-02 9.110159e-02 9.699930e-02 1.076160e-01 1.139846e-01 1.128022e-01 1.140028e-01 1.206055e-01 1.241741e-01 1.236476e-01 1.280171e-01 1.381054e-01 1.451496e-01 1.482487e-01 1.578418e-01 1.746368e-01 1.850330e-01 1.885072e-01 1.980821e-01 2.094910e-01 2.073587e-01 1.985692e-01 1.994647e-01 2.048458e-01 1.975109e-01 1.785719e-01 1.639367e-01 1.604174e-01 1.635771e-01 1.676278e-01 1.707407e-01 1.730802e-01 1.742034e-01 1.736132e-01 1.705626e-01 1.656397e-01 1.590488e-01 1.521341e-01 1.470817e-01 1.442049e-01 1.428051e-01 1.395274e-01 1.312082e-01 1.180261e-01 1.033270e-01 8.963557e-02 7.710386e-02 6.551109e-02 5.537723e-02 4.747663e-02 4.168825e-02 3.755725e-02 3.437682e-02 3.143511e-02 2.836435e-02 2.503343e-02 2.183908e-02 1.941247e-02 1.852389e-02 1.962551e-02 2.175470e-02 2.300275e-02 2.153875e-02 1.858422e-02 1.608577e-02 1.534375e-02 1.572621e-02 1.562158e-02 1.395962e-02 1.187415e-02 1.055437e-02 1.050119e-02 1.098380e-02 1.008280e-02 7.499385e-03 5.395085e-03 4.692402e-03 5.431729e-03 6.401702e-03 5.682154e-03 3.811400e-03 2.017596e-03 1.020569e-03 6.038650e-04 3.080873e-04 1.302753e-04 4.250788e-05 9.386281e-06 1.398627e-06 1.335219e-07 9.679683e-09 8.281726e-10 7.482956e-11 1.086169e-11 2.720723e-12 1.607511e-12 1.914310e-12 2.323953e-12 2.563988e-12 2.051267e-12 2.062286e-12 2.247683e-12 2.593159e-12 2.473518e-12 9.844924e-13 1.807414e-13 1.314908e-14 7.741653e-16 2.987399e-17 7.898381e-19 8.513245e-21 5.192564e-23 4.802591e-26 3.750072e-29 7.062161e-33 3.951969e-36 3.486190e-39 8.344732e-42
3.481176e-18 1.501726e-16 2.016261e-17 1.418607e-15 3.416448e-15 3.585167e-14 8.257849e-14 1.820950e-13 1.448145e-13 2.364201e-12 4.429248e-12 1.766528e-11 5.324661e-11 1.427890e-10 3.765502e-10 2.736394e-09 1.071336e-08 1.986845e-08 1.946306e-08 2.800362e-08 5.865936e-08 2.347297e-07 1.076317e-06 2.194359e-06 2.566951e-06 2.109098e-06 2.474581e-06 4.466939e-06 1.106538e-05 3.273250e-05 8.376747e-05 2.111036e-04 4.425035e-04 8.972770e-04 1.302613e-03 1.445350e-03 1.493482e-03 1.239803e-03 1.245376e-03 1.250107e-03 1.309470e-03 1.512062e-03 1.595147e-03 1.812702e-03 2.049591e-03 2.453367e-03 3.025315e-03 3.725822e-03 4.659296e-03 5.610561e-03 7.805335e-03 1.090981e-02 1.464391e-02 1.963028e-02 2.255113e-02 2.704156e-02 3.310464e-02 3.597127e-02 4.071313e-02 4.558931e-02 4.883330e-02 5.680001e-02 6.440257e-02 6.761831e-02 7.216838e-02 7.329214e-02 7.042862e-02 7.413396e-02 8.223263e-02 8.536670e-02 8.719155e-02 9.417430e-02 1.010310e-01 1.027696e-01 1.058189e-01 1.140513e-01 1.220007e-01 1.273785e-01 1.340993e-01 1.444993e-01 1.548547e-01 1.618299e-01 1.711293e-01 1.861812e-01 1.980026e-01 2.021995e-01 2.083800e-01 2.156193e-01 2.100590e-01 1.936904e-01 1.825950e-01 1.803586e-01 1.760079e-01 1.644541e-01 1.538869e-01 1.513760e-01 1.556796e-01 1.617907e-01 1.668395e-01 1.704000e-01 1.721711e-01 1.715356e-01 1.703909e-01 1.683914e-01 1.633034e-01 1.542469e-01 1.428512e-01 1.336434e-01 1.285866e-01 1.261072e-01 1.219117e-01 1.124803e-01 9.874125e-02 8.418085e-02 7.088004e-02 5.900150e-02 4.870172e-02 4.023569e-02 3.393966e-02 2.961589e-02 2.686604e-02 2.522007e-02 2.389575e-02 2.198100e-02 1.906718e-02 1.611150e-02 1.430046e-02 1.415182e-02 1.555189e-02 1.683729e-02 1.633600e-02 1.400396e-02 1.202251e-02 1.120181e-02 1.167589e-02 1.226182e-02 1.155797e-02 9.530873e-03 7.852425e-03 7.170563e-03 7.376339e-03 7.236727e-03 5.791469e-03 4.452280e-03 4.090671e-03 4.347094e-03 5.139213e-03 4.836426e-03 2.980867e-03 1.385661e-03 5.249720e-04 1.773219e-04 5.657685e-05 1.409317e-05 3.500796e-06 6.517813e-07 7.924294e-08 6.899133e-09 4.176290e-10 2.878232e-11 3.197970e-12 1.012636e-12 1.036302e-12 2.161308e-12 4.513886e-12 6.319735e-12 5.369586e-12 4.093088e-12 2.765975e-12 2.232644e-12 1.268205e-12 6.435846e-13 1.518386e-13 2.515952e-14 1.839041e-15 6.668444e-17 1.058031e-18 7.395178e-21 3.210081e-23 8.208262e-26 5.540568e-29 2.840146e-32 8.606428e-36 5.538604e-39 1.423299e-41
1.843824e-17 6.403309e-18 5.695547e-17 1.839086e-17 6.462864e-16 1.048492e-15 7.890046e-16 1.191264e-15 1.979353e-15 1.277136e-15 3.487131e-15 3.917610e-14 4.048829e-13 7.214879e-13 2.028097e-12 1.427170e-11 9.322239e-11 1.699786e-10 2.198267e-10 2.958702e-10 1.143791e-09 3.094226e-09 1.145857e-08 4.506604e-08 1.007728e-07 1.802669e-07 3.167414e-07 7.959214e-07 1.936495e-06 5.773006e-06 1.767058e-05 4.157065e-05 8.337766e-05 1.318537e-04 2.367595e-04 3.374611e-04 4.043843e-04 4.922262e-04 5.005557e-04 5.592678e-04 6.393054e-04 7.945037e-04 1.057097e-03 1.338685e-03 1.742068e-03 2.239605e-03 3.067022e-03 4.115220e-03 5.701067e-03 7.593235e-03 9.319909e-03 1.266207e-02 1.638653e-02 2.194243e-02 3.015318e-02 3.399664e-02 3.905268e-02 4.526306e-02 4.681177e-02 5.054098e-02 5.267156e-02 5.289471e-02 6.024282e-02 6.643732e-02 6.705356e-02 7.221053e-02 7.503646e-02 6.946032e-02 6.816114e-02 7.338417e-02 7.587943e-02 7.663191e-02 8.252691e-02 9.032252e-02 9.594472e-02 1.041742e-01 1.150164e-01 1.242636e-01 1.338561e-01 1.457708e-01 1.582586e-01 1.695544e-01 1.789501e-01 1.886065e-01 1.986457e-01 2.033249e-01 2.016651e-01 2.006794e-01 2.009212e-01 1.929561e-01 1.760714e-01 1.616804e-01 1.557454e-01 1.533305e-01 1.488251e-01 1.449156e-01 1.464999e-01 1.531974e-01 1.601892e-01 1.646116e-01 1.673377e-01 1.685259e-01 1.678408e-01 1.652979e-01 1.624678e-01 1.596114e-01 1.530251e-01 1.416090e-01 1.284948e-01 1.186049e-01 1.129998e-01 1.084344e-01 1.012031e-01 9.059510e-02 7.830098e-02 6.602208e-02 5.489382e-02 4.529124e-02 3.723856e-02 3.053379e-02 2.531073e-02 2.183704e-02 2.010325e-02 1.963057e-02 1.914101e-02 1.733416e-02 1.431236e-02 1.176036e-02 1.081804e-02 1.147453e-02 1.310566e-02 1.357651e-02 1.185988e-02 9.272498e-03 7.916913e-03 7.810458e-03 8.548580e-03 8.832286e-03 8.006526e-03 7.096775e-03 7.094725e-03 7.177220e-03 6.207053e-03 4.542281e-03 3.139332e-03 2.718407e-03 3.036062e-03 3.611893e-03 3.625441e-03 2.322973e-03 1.025389e-03 3.341600e-04 6.708723e-05 1.093908e-05 1.712827e-06 2.653466e-07 4.396101e-08 5.102117e-09 4.536911e-10 3.482070e-11 4.431524e-12 1.547143e-12 1.356438e-12 1.886760e-12 3.130407e-12 4.264266e-12 6.182064e-12 6.162982e-12 5.056548e-12 2.341610e-12 7.767157e-13 1.861756e-13 3.905557e-14 5.171823e-15 4.817423e-16 2.271726e-17 2.885365e-19 1.634989e-21 3.386604e-24 8.676091e-27 1.161831e-29 1.105630e-32 7.378646e-36 8.200736e-39 1.834580e-41
1.079700e-17 4.498238e-18 5.986021e-18 1.287695e-17 3.069496e-17 1.998694e-17 2.632043e-17 8.504531e-17 1.976873e-16 1.302962e-16 3.312924e-16 8.288140e-16 1.885418e-15 1.125447e-14 2.266256e-14 4.003380e-14 6.886279e-14 2.697020e-13 6.094864e-13 4.121318e-12 1.823204e-11 1.045329e-10 1.629772e-10 3.849830e-10 1.785674e-09 7.507012e-09 3.566401e-08 1.384705e-07 5.966055e-07 1.602980e-06 4.399327e-06 9.700214e-06 1.522698e-05 2.063831e-05 2.594474e-05 4.884228e-05 8.731564e-05 1.366536e-04 2.147246e-04 3.004610e-04 4.298816e-04 5.928140e-04 8.772042e-04 1.332879e-03 2.000598e-03 2.965998e-03 4.250491e-03 6.019298e-03 7.763153e-03 1.050758e-02 1.352782e-02 1.591690e-02 2.046897e-02 2.422141e-02 2.901096e-02 3.713768e-02 4.074640e-02 4.473457e-02 5.062112e-02 5.222818e-02 5.576073e-02 5.727360e-02 5.379593e-02 5.755194e-02 6.369000e-02 6.314421e-02 6.619044e-02 7.119767e-02 6.694705e-02 6.274479e-02 6.558488e-02 6.851815e-02 7.116648e-02 7.884768e-02 8.729017e-02 9.464227e-02 1.069699e-01 1.208574e-01 1.304905e-01 1.413514e-01 1.565226e-01 1.712880e-01 1.821313e-01 1.894054e-01 1.954782e-01 1.993216e-01 1.963817e-01 1.871249e-01 1.785273e-01 1.720451e-01 1.616641e-01 1.471798e-01 1.366421e-01 1.347487e-01 1.379455e-01 1.398499e-01 1.399516e-01 1.428959e-01 1.503327e-01 1.586094e-01 1.640793e-01 1.663226e-01 1.666894e-01 1.635022e-01 1.565888e-01 1.491843e-01 1.430072e-01 1.374786e-01 1.298165e-01 1.198080e-01 1.102561e-01 1.029832e-01 9.677445e-02 8.908288e-02 7.910249e-02 6.810094e-02 5.763488e-02 4.846681e-02 4.095371e-02 3.478889e-02 2.919040e-02 2.382097e-02 1.940245e-02 1.686502e-02 1.622417e-02 1.653920e-02 1.589860e-02 1.331260e-02 1.011828e-02 8.168140e-03 8.008740e-03 9.201693e-03 1.079008e-02 1.072705e-02 8.753598e-03 6.553666e-03 5.615299e-03 5.565808e-03 5.864704e-03 6.085837e-03 6.422573e-03 7.112279e-03 7.252439e-03 5.636326e-03 3.456536e-03 2.034220e-03 1.375613e-03 1.258866e-03 1.198713e-03 1.038003e-03 8.055645e-04 4.100852e-04 1.152781e-04 1.787649e-05 1.799593e-06 1.989409e-07 2.217995e-08 2.608839e-09 2.848940e-10 3.371937e-11 9.649391e-12 6.168257e-12 6.624793e-12 7.005727e-12 6.675844e-12 7.783480e-12 9.040890e-12 1.087984e-11 9.783675e-12 4.833507e-12 1.610771e-12 3.620473e-13 5.924145e-14 4.989964e-15 2.102297e-16 5.329811e-18 9.611863e-20 4.482193e-22 1.418537e-24 1.450369e-27 2.142546e-30 1.144435e-33 1.032765e-36 9.310886e-40 5.651437e-42
3.816109e-20 3.811066e-20 8.473183e-21 4.360869e-20 1.756576e-21 9.507881e-21 1.707801e-20 1.763525e-21 5.126371e-22 2.910293e-20 5.600188e-20 8.338057e-20 3.244451e-19 5.328160e-18 2.458706e-17 1.865407e-17 2.165532e-17 1.588649e-16 4.711247e-15 2.673399e-14 9.068584e-14 1.266990e-13 5.807117e-13 2.215983e-12 2.535399e-11 4.623143e-10 4.825411e-09 3.223395e-08 1.186650e-07 3.656588e-07 5.604716e-07 9.536372e-07 1.819841e-06 3.089564e-06 4.868357e-06 7.701964e-06 1.998525e-05 5.433704e-05 1.289535e-04 2.628367e-04 4.636744e-04 7.590568e-04 1.140772e-03 1.760840e-03 2.729093e-03 4.186434e-03 6.016972e-03 8.706910e-03 1.226303e-02 1.499835e-02 1.871905e-02 2.196610e-02 2.357318e-02 2.653621e-02 2.790340e-02 3.037514e-02 3.637540e-02 3.963146e-02 4.258010e-02 4.604107e-02 4.682006e-02 5.051825e-02 5.373186e-02 5.094801e-02 5.161835e-02 5.520112e-02 5.372727e-02 5.396152e-02 5.842122e-02 5.846541e-02 5.686437e-02 5.975654e-02 6.353574e-02 6.880411e-02 7.895201e-02 8.820515e-02 9.611236e-02 1.106672e-01 1.279399e-01 1.399947e-01 1.518080e-01 1.675079e-01 1.815039e-01 1.889643e-01 1.913253e-01 1.902478e-01 1.850705e-01 1.749725e-01 1.620515e-01 1.511285e-01 1.428821e-01 1.331376e-01 1.218972e-01 1.159035e-01 1.197659e-01 1.303704e-01 1.392044e-01 1.419718e-01 1.427205e-01 1.462011e-01 1.515624e-01 1.548945e-01 1.563813e-01 1.567909e-01 1.547105e-01 1.484980e-01 1.386750e-01 1.288653e-01 1.202049e-01 1.117619e-01 1.032720e-01 9.567823e-02 8.988127e-02 8.490901e-02 7.871103e-02 7.021686e-02 6.009632e-02 4.988639e-02 4.134393e-02 3.530604e-02 3.118797e-02 2.743875e-02 2.297957e-02 1.843031e-02 1.512643e-02 1.388058e-02 1.417039e-02 1.443425e-02 1.276779e-02 9.559499e-03 6.783139e-03 5.506038e-03 5.666198e-03 6.700052e-03 7.652294e-03 7.391271e-03 6.200740e-03 5.108895e-03 4.623302e-03 4.207445e-03 3.888215e-03 3.970081e-03 4.240703e-03 4.315011e-03 3.499508e-03 2.061608e-03 1.126967e-03 6.507389e-04 3.931201e-04 2.848105e-04 2.180272e-04 1.635912e-04 8.580234e-05 2.065665e-05 2.747436e-06 2.431613e-07 1.777200e-08 1.438319e-09 1.024609e-10 1.453962e-11 5.160011e-12 5.473443e-12 8.057764e-12 1.151351e-11 1.502245e-11 1.737469e-11 1.599775e-11 1.245701e-11 7.301249e-12 3.756218e-12 1.151082e-12 3.064252e-13 6.025769e-14 5.158039e-15 1.832150e-16 2.663708e-18 3.291236e-20 4.005040e-22 1.650211e-24 6.121938e-27 4.079995e-30 3.282964e-33 9.043021e-37 1.006911e-39 2.778775e-42
6.971698e-23 7.324200e-24 1.006029e-23 5.129232e-25 2.064120e-24 1.578222e-24 1.732295e-25 8.048924e-26 4.564193e-24 2.014237e-23 9.712911e-23 2.994627e-22 5.077890e-22 1.483776e-22 2.293091e-22 1.344261e-21 8.078777e-21 9.018209e-20 1.055061e-18 1.619808e-17 9.873394e-17 6.797321e-16 3.894203e-15 7.526806e-14 8.259322e-13 1.114217e-11 2.075714e-10 2.007283e-09 1.070362e-08 3.667375e-08 1.254276e-07 2.336572e-07 4.474331e-07 1.111152e-06 2.978353e-06 6.757766e-06 1.261913e-05 3.190332e-05 9.400916e-05 2.491408e-04 5.376394e-04 1.002445e-03 1.623287e-03 2.520224e-03 3.669996e-03 5.453772e-03 8.347854e-03 1.115573e-02 1.534372e-02 2.049891e-02 2.397863e-02 2.812167e-02 2.943433e-02 2.923180e-02 3.008902e-02 2.858240e-02 2.863897e-02 3.115790e-02 3.286424e-02 3.665671e-02 4.039075e-02 4.102182e-02 4.426124e-02 4.778723e-02 4.646860e-02 4.697999e-02 5.003843e-02 4.953865e-02 4.913517e-02 5.168308e-02 5.321950e-02 5.543787e-02 6.058761e-02 6.514721e-02 7.182701e-02 8.385650e-02 9.406070e-02 1.023234e-01 1.178582e-01 1.368410e-01 1.500437e-01 1.614392e-01 1.752941e-01 1.839892e-01 1.828960e-01 1.776363e-01 1.717530e-01 1.624276e-01 1.478179e-01 1.328164e-01 1.232873e-01 1.193547e-01 1.157178e-01 1.095527e-01 1.056686e-01 1.102216e-01 1.232942e-01 1.374096e-01 1.441416e-01 1.441055e-01 1.431165e-01 1.420867e-01 1.401230e-01 1.370363e-01 1.343008e-01 1.323970e-01 1.289351e-01 1.234500e-01 1.166720e-01 1.090624e-01 9.989107e-02 8.904254e-02 7.888185e-02 7.177124e-02 6.803600e-02 6.584372e-02 6.256134e-02 5.615075e-02 4.712031e-02 3.806277e-02 3.150859e-02 2.786848e-02 2.560755e-02 2.253406e-02 1.807475e-02 1.405554e-02 1.182725e-02 1.163853e-02 1.234387e-02 1.197382e-02 9.472501e-03 6.544106e-03 4.613104e-03 3.929382e-03 4.138284e-03 4.715189e-03 5.145004e-03 5.389224e-03 5.358719e-03 4.787110e-03 3.805401e-03 2.749852e-03 2.133030e-03 1.878822e-03 1.577229e-03 1.202199e-03 7.716750e-04 4.268115e-04 2.266072e-04 1.072904e-04 5.659075e-05 3.778777e-05 2.242408e-05 1.013643e-05 2.548843e-06 3.163144e-07 2.910585e-08 1.852939e-09 1.281366e-10 1.496251e-11 4.782204e-12 4.225194e-12 5.942340e-12 1.053670e-11 1.767765e-11 2.281708e-11 2.003468e-11 1.074850e-11 4.899946e-12 1.870850e-12 4.825971e-13 7.408532e-14 6.584865e-15 4.851651e-16 1.416946e-17 3.051100e-19 3.756913e-21 3.969037e-23 4.706807e-25 1.770705e-27 7.456869e-30 4.684256e-33 4.991189e-36 3.648991e-39 1.532040e-41
1.763771e-27 1.398235e-27 6.439971e-29 7.378982e-29 8.478568e-29 4.101777e-30 6.690787e-31 1.714858e-28 7.003143e-29 3.068819e-29 3.720938e-28 8.609669e-27 9.340103e-27 7.935880e-27 3.167791e-26 9.048238e-25 2.384904e-23 1.934294e-22 9.549297e-22 1.082352e-20 1.850545e-19 2.901709e-18 1.171056e-16 3.382900e-15 8.277547e-14 8.291073e-13 7.099293e-12 8.756915e-11 7.221910e-10 3.815691e-09 1.534103e-08 6.836931e-08 2.120729e-07 5.282946e-07 1.460242e-06 4.333683e-06 1.088873e-05 2.538080e-05 6.962725e-05 2.318348e-04 6.404509e-04 1.451420e-03 2.825846e-03 4.291680e-03 6.714668e-03 8.922696e-03 1.159525e-02 1.539040e-02 1.736129e-02 2.097154e-02 2.473323e-02 2.740984e-02 3.178286e-02 3.135873e-02 2.975625e-02 2.939033e-02 2.666206e-02 2.650803e-02 2.832391e-02 2.886929e-02 3.229334e-02 3.677067e-02 3.818789e-02 4.174982e-02 4.631110e-02 4.683525e-02 4.854233e-02 5.212967e-02 5.338751e-02 5.571987e-02 5.934167e-02 6.060718e-02 6.432196e-02 7.120269e-02 7.571396e-02 8.283241e-02 9.626678e-02 1.067197e-01 1.147423e-01 1.304441e-01 1.486582e-01 1.577162e-01 1.635973e-01 1.728944e-01 1.766074e-01 1.670766e-01 1.530274e-01 1.430089e-01 1.346644e-01 1.226657e-01 1.090327e-01 1.011457e-01 1.019453e-01 1.069882e-01 1.089179e-01 1.072924e-01 1.088037e-01 1.177454e-01 1.302588e-01 1.380380e-01 1.384654e-01 1.352823e-01 1.317846e-01 1.267001e-01 1.196230e-01 1.126560e-01 1.069116e-01 1.031180e-01 1.005782e-01 9.848682e-02 9.580384e-02 9.039573e-02 8.092041e-02 6.907886e-02 5.874051e-02 5.238016e-02 5.034602e-02 5.094629e-02 5.063333e-02 4.574446e-02 3.734664e-02 2.976347e-02 2.548900e-02 2.374951e-02 2.199540e-02 1.837787e-02 1.376466e-02 1.054677e-02 9.286069e-03 9.609586e-03 1.001686e-02 8.911477e-03 6.382900e-03 4.368487e-03 3.368990e-03 3.203233e-03 3.445692e-03 3.788088e-03 4.184050e-03 4.526696e-03 4.177630e-03 3.117540e-03 2.036533e-03 1.242101e-03 8.029595e-04 5.062352e-04 2.927514e-04 1.773025e-04 9.120173e-05 3.803928e-05 1.499552e-05 5.671032e-06 2.672167e-06 1.273168e-06 4.485778e-07 1.067792e-07 1.513125e-08 1.495026e-09 1.639685e-10 2.434290e-11 1.053666e-11 8.548563e-12 1.314803e-11 2.169265e-11 3.130268e-11 3.532299e-11 2.531356e-11 1.374324e-11 6.424466e-12 2.465893e-12 6.941054e-13 7.355818e-14 3.592436e-15 7.948847e-17 1.782301e-18 2.631305e-20 4.604549e-22 5.556771e-24 2.703778e-26 1.560183e-28 2.168626e-31 5.045330e-34 4.275727e-37 9.443771e-40 5.868638e-42
6.913481e-32 1.869096e-33 2.160972e-34 7.918792e-35 3.299592e-36 1.610613e-37 2.998296e-35 2.781569e-35 1.753053e-34 9.298363e-34 3.107632e-33 1.780980e-33 3.759142e-33 4.219105e-32 1.325282e-30 4.808941e-29 2.096063e-27 1.053723e-25 2.994838e-24 6.417222e-23 3.122928e-21 2.884015e-19 1.352261e-17 3.240742e-16 5.049996e-15 6.648009e-14 5.637038e-13 4.952393e-12 5.957969e-11 6.455949e-10 4.809284e-09 3.131805e-08 1.837568e-07 7.958290e-07 2.356137e-06 7.874306e-06 2.718405e-05 6.946696e-05 1.486175e-04 3.075930e-04 8.729865e-04 1.964533e-03 3.725579e-03 6.540928e-03 8.646827e-03 1.217399e-02 1.440929e-02 1.691189e-02 2.013230e-02 2.027435e-02 2.240876e-02 2.346222e-02 2.435124e-02 2.840071e-02 2.830795e-02 2.747339e-02 2.784933e-02 2.515241e-02 2.460410e-02 2.674484e-02 2.769707e-02 3.099751e-02 3.644339e-02 3.956009e-02 4.412069e-02 4.981211e-02 5.273274e-02 5.731973e-02 6.275887e-02 6.545675e-02 7.119121e-02 7.788346e-02 8.021948e-02 8.512185e-02 9.149427e-02 9.306118e-02 9.946845e-02 1.134257e-01 1.216261e-01 1.258057e-01 1.392176e-01 1.544668e-01 1.556315e-01 1.506440e-01 1.517329e-01 1.526955e-01 1.427967e-01 1.266125e-01 1.148544e-01 1.091143e-01 1.036249e-01 9.528702e-02 8.868404e-02 8.960557e-02 9.805275e-02 1.075558e-01 1.115925e-01 1.124817e-01 1.163049e-01 1.235147e-01 1.284655e-01 1.263692e-01 1.202688e-01 1.140539e-01 1.086587e-01 1.034000e-01 9.719068e-02 9.105416e-02 8.576323e-02 8.189175e-02 7.963840e-02 7.855722e-02 7.730138e-02 7.322861e-02 6.486993e-02 5.431785e-02 4.569574e-02 4.131616e-02 4.123568e-02 4.301541e-02 4.218450e-02 3.622352e-02 2.861545e-02 2.347250e-02 2.152031e-02 2.091856e-02 1.871965e-02 1.446600e-02 1.031936e-02 8.164505e-03 7.675502e-03 8.031124e-03 7.677636e-03 6.232118e-03 4.596625e-03 3.770305e-03 3.411895e-03 3.255169e-03 3.184898e-03 3.084296e-03 2.927256e-03 2.523329e-03 1.837844e-03 1.191812e-03 7.255413e-04 3.749707e-04 1.910536e-04 9.633624e-05 4.619986e-05 2.057069e-05 6.731937e-06 2.038531e-06 6.162915e-07 1.796349e-07 5.534287e-08 1.323399e-08 2.242268e-09 3.501656e-10 4.905581e-11 1.496865e-11 9.607234e-12 1.157593e-11 1.858680e-11 2.497763e-11 3.135586e-11 2.515961e-11 1.648666e-11 8.085989e-12 2.852570e-12 1.042810e-12 2.228463e-13 3.164891e-14 2.062499e-15 7.873478e-17 1.479068e-18 2.726828e-20 4.509383e-22 6.544415e-24 4.871158e-26 7.576587e-29 1.116970e-31 5.168562e-35 4.568036e-38 7.773843e-41 3.335090e-43
7.379572e-38 2.683206e-41 3.826946e-42 1.401298e-44 1.401298e-45 2.143987e-43 4.272559e-42 1.203856e-41 5.687870e-41 6.578157e-40 1.425256e-39 4.743435e-39 3.194375e-37 7.392695e-35 2.841052e-33 1.696128e-32 3.280409e-31 2.656940e-29 4.830874e-27 1.090995e-24 1.670682e-22 1.977810e-20 1.258917e-18 3.813873e-17 7.607186e-16 1.407726e-14 2.512447e-13 3.586513e-12 3.538618e-11 4.381833e-10 4.703019e-09 3.327977e-08 1.986272e-07 9.434346e-07 4.193306e-06 1.187611e-05 3.679072e-05 1.188542e-04 2.783855e-04 5.397928e-04 8.384794e-04 1.869615e-03 3.438565e-03 5.285314e-03 7.765534e-03 9.221890e-03 1.190764e-02 1.328376e-02 1.559299e-02 1.834674e-02 1.838103e-02 2.099849e-02 2.232338e-02 2.313984e-02 2.754317e-02 2.840985e-02 2.814403e-02 2.959718e-02 2.788640e-02 2.699084e-02 2.868668e-02 2.985053e-02 3.274037e-02 3.799796e-02 4.325490e-02 5.058755e-02 5.839193e-02 6.373466e-02 7.161653e-02 7.994238e-02 8.556830e-02 9.511817e-02 1.039857e-01 1.076519e-01 1.150163e-01 1.190885e-01 1.137867e-01 1.161522e-01 1.286030e-01 1.314793e-01 1.271143e-01 1.341391e-01 1.461168e-01 1.426950e-01 1.292892e-01 1.227501e-01 1.215999e-01 1.154944e-01 1.033675e-01 9.354749e-02 9.000336e-02 8.960979e-02 8.787547e-02 8.520226e-02 8.585630e-02 9.192794e-02 1.006668e-01 1.072183e-01 1.103832e-01 1.132286e-01 1.171577e-01 1.185653e-01 1.146107e-01 1.059380e-01 9.654850e-02 8.977334e-02 8.541830e-02 8.255266e-02 7.963935e-02 7.598553e-02 7.199715e-02 6.837305e-02 6.592460e-02 6.484550e-02 6.377737e-02 6.000225e-02 5.247229e-02 4.367621e-02 3.747016e-02 3.553576e-02 3.681744e-02 3.751988e-02 3.396321e-02 2.707125e-02 2.128383e-02 1.860617e-02 1.808711e-02 1.739859e-02 1.445357e-02 1.059914e-02 7.834220e-03 6.879649e-03 6.872662e-03 6.812874e-03 5.979214e-03 4.946332e-03 4.039390e-03 3.436267e-03 2.892606e-03 2.441781e-03 2.057244e-03 1.577057e-03 1.125270e-03 7.664448e-04 4.868326e-04 2.778989e-04 1.374280e-04 6.088032e-05 2.849062e-05 1.154462e-05 4.151868e-06 1.394850e-06 3.507604e-07 8.903545e-08 1.892416e-08 3.408394e-09 6.210251e-10 9.394589e-11 2.168295e-11 1.147995e-11 1.169212e-11 1.986982e-11 2.257610e-11 2.503344e-11 1.836542e-11 1.431100e-11 1.066600e-11 4.669033e-12 1.585619e-12 2.037300e-13 2.028054e-14 1.189945e-15 7.769599e-17 6.735308e-18 4.626272e-19 1.809068e-20 4.746102e-22 9.566833e-24 9.768797e-26 4.443276e-28 3.996945e-31 2.239823e-34 1.170347e-37 8.452492e-41 7.244713e-43
1.401298e-45 1.401298e-45 0.000000e+00 0.000000e+00 0.000000e+00 0.000000e+00 0.000000e+00 1.401298e-45 1.401298e-45 2.802597e-45 8.407791e-45 7.258726e-43 1.565264e-40 1.038269e-38 2.958886e-37 3.580722e-35 1.235735e-32 5.809716e-30 2.102087e-27 5.219699e-25 6.872999e-23 4.024520e-21 1.917998e-19 6.322296e-18 1.949864e-16 4.808790e-15 1.344465e-13 2.645631e-12 4.654266e-11 5.223812e-10 7.862653e-09 8.420528e-08 5.458911e-07 3.342278e-06 1.362273e-05 4.952090e-05 1.120198e-04 2.919688e-04 8.090652e-04 1.577133e-03 2.401813e-03 2.690711e-03 4.113821e-03 5.949410e-03 8.074737e-03 9.962458e-03 1.087750e-02 1.293260e-02 1.340043e-02 1.583941e-02 1.865613e-02 1.903868e-02 2.191198e-02 2.383828e-02 2.555378e-02 3.070513e-02 3.346688e-02 3.421600e-02 3.594988e-02 3.563745e-02 3.512160e-02 3.617219e-02 3.788744e-02 4.103342e-02 4.479889e-02 4.971011e-02 5.910948e-02 6.995279e-02 7.888909e-02 8.994493e-02 1.003498e-01 1.089777e-01 1.211643e-01 1.291010e-01 1.329563e-01 1.435578e-01 1.468981e-01 1.341406e-01 1.291072e-01 1.360783e-01 1.330039e-01 1.195005e-01 1.162965e-01 1.221675e-01 1.189896e-01 1.054775e-01 9.630946e-02 9.470041e-02 9.275480e-02 8.624759e-02 7.993671e-02 7.837463e-02 8.045627e-02 8.253539e-02 8.354133e-02 8.562476e-02 9.008940e-02 9.534820e-02 9.894502e-02 1.009716e-01 1.032721e-01 1.054104e-01 1.057967e-01 1.023811e-01 9.536590e-02 8.695388e-02 7.871927e-02 7.256915e-02 6.894702e-02 6.745984e-02 6.683666e-02 6.534605e-02 6.249760e-02 5.960491e-02 5.834382e-02 5.833934e-02 5.647616e-02 5.024214e-02 4.158090e-02 3.448308e-02 3.121633e-02 3.157767e-02 3.306773e-02 3.145590e-02 2.602677e-02 2.006830e-02 1.641497e-02 1.513599e-02 1.455774e-02 1.285102e-02 9.949180e-03 7.774999e-03 6.938009e-03 6.964666e-03 6.708183e-03 5.736175e-03 4.452978e-03 3.277213e-03 2.371668e-03 1.805528e-03 1.370452e-03 1.003334e-03 6.598973e-04 3.950426e-04 2.421234e-04 1.372861e-04 6.662913e-05 3.079862e-05 1.277928e-05 4.630192e-06 1.638709e-06 4.618086e-07 1.253967e-07 2.974506e-08 5.778542e-09 1.243141e-09 2.323920e-10 5.386448e-11 2.093271e-11 1.583054e-11 2.882503e-11 4.627237e-11 7.080936e-11 5.696569e-11 3.437467e-11 2.264132e-11 1.222089e-11 7.027354e-12 1.392693e-12 1.999798e-13 1.115743e-14 3.735392e-16 1.230988e-17 4.768057e-19 4.821039e-20 2.918572e-21 1.193887e-22 2.011031e-24 2.321997e-26 1.038506e-28 2.175106e-31 1.946601e-34 9.908903e-38 2.870013e-40 5.521116e-43
0.000000e+00 0.000000e+00 0.000000e+00 0.000000e+00 0.000000e+00 0.000000e+00 0.000000e+00 0.000000e+00 0.000000e+00 1.401298e-45 1.401298e-45 1.275182e-43 8.019631e-42 1.026633e-40 2.350716e-38 2.548071e-35 3.296708e-32 2.649762e-29 1.857291e-26 5.672367e-24 4.981581e-22 2.048270e-20 6.145263e-19 1.954571e-17 5.186008e-16 1.472147e-14 3.201872e-13 7.720774e-12 1.724952e-10 2.818446e-09 2.371499e-08 2.425512e-07 2.085478e-06 1.023036e-05 4.679018e-05 1.533222e-04 4.293408e-04 7.246878e-04 1.177502e-03 2.287463e-03 3.957911e-03 5.137673e-03 5.095397e-03 5.861168e-03 7.222022e-03 9.910893e-03 1.180463e-02 1.348393e-02 1.539039e-02 1.510610e-02 1.728529e-02 1.971511e-02 2.115233e-02 2.408313e-02 2.587166e-02 2.809263e-02 3.248849e-02 3.679036e-02 3.973312e-02 4.156349e-02 4.342880e-02 4.495885e-02 4.559688e-02 4.795431e-02 5.307706e-02 5.710321e-02 6.107930e-02 6.992801e-02 8.124314e-02 9.283758e-02 1.050876e-01 1.145035e-01 1.254227e-01 1.381246e-01 1.406701e-01 1.424175e-01 1.546013e-01 1.578778e-01 1.428717e-01 1.327471e-01 1.323090e-01 1.245114e-01 1.078788e-01 9.779003e-02 9.645155e-02 9.289489e-02 8.304407e-02 7.529695e-02 7.404103e-02 7.506429e-02 7.366508e-02 7.147120e-02 7.194110e-02 7.495461e-02 7.783815e-02 7.954407e-02 8.203764e-02 8.673670e-02 9.145216e-02 9.325286e-02 9.278805e-02 9.228715e-02 9.294128e-02 9.268222e-02 8.988412e-02 8.547188e-02 8.024449e-02 7.503717e-02 6.962076e-02 6.455033e-02 6.115549e-02 5.974209e-02 5.901780e-02 5.711076e-02 5.429300e-02 5.268475e-02 5.321208e-02 5.335544e-02 4.876011e-02 3.960796e-02 3.102276e-02 2.638814e-02 2.594970e-02 2.765016e-02 2.812919e-02 2.467152e-02 1.943523e-02 1.552029e-02 1.370251e-02 1.284489e-02 1.149045e-02 9.525401e-03 8.021954e-03 7.389523e-03 7.073973e-03 6.474033e-03 5.292954e-03 3.734091e-03 2.379596e-03 1.498328e-03 1.023467e-03 7.408274e-04 4.692206e-04 2.699176e-04 1.470958e-04 7.503604e-05 3.760591e-05 1.765965e-05 7.573644e-06 2.776794e-06 7.722345e-07 1.826141e-07 4.037505e-08 7.416601e-09 1.513178e-09 3.168524e-10 8.625661e-11 3.399821e-11 1.766355e-11 1.844356e-11 2.229817e-11 3.616898e-11 5.505244e-11 7.057714e-11 6.332715e-11 3.069921e-11 1.422998e-11 3.027019e-12 5.361471e-13 5.952009e-14 7.008320e-15 8.070131e-16 3.502761e-17 1.953397e-18 5.582676e-20 3.527126e-21 8.513035e-23 1.302603e-24 6.399866e-27 1.981769e-29 2.688946e-32 1.685058e-35 2.222494e-38 1.793102e-41 4.049753e-43
0.000000e+00 0.000000e+00 0.000000e+00 0.000000e+00 0.000000e+00 0.000000e+00 0.000000e+00 0.000000e+00 1.401298e-45 1.401298e-45 1.261169e-44 1.311615e-42 6.924937e-41 3.143791e-38 5.475092e-35 1.172386e-31 6.781518e-29 1.995009e-26 2.827092e-24 2.300564e-22 1.311004e-20 4.514861e-19 9.606425e-18 1.910655e-16 4.705679e-15 9.798483e-14 2.122995e-12 3.641763e-11 6.326154e-10 7.465095e-09 7.550434e-08 4.895758e-07 3.154909e-06 2.041114e-05 7.185165e-05 2.172210e-04 5.461399e-04 1.163857e-03 1.829580e-03 2.434519e-03 3.634430e-03 5.587460e-03 6.430821e-03 6.634706e-03 6.787516e-03 7.949179e-03 1.105441e-02 1.289755e-02 1.597190e-02 1.799035e-02 1.794804e-02 2.064051e-02 2.245491e-02 2.498165e-02 2.805169e-02 2.947905e-02 3.257136e-02 3.567796e-02 4.024918e-02 4.562625e-02 4.721949e-02 5.018754e-02 5.434281e-02 5.479161e-02 5.721895e-02 6.394774e-02 6.972475e-02 7.493037e-02 8.168851e-02 8.997556e-02 1.022832e-01 1.117007e-01 1.144543e-01 1.248484e-01 1.377315e-01 1.351349e-01 1.328971e-01 1.433999e-01 1.458146e-01 1.313524e-01 1.200320e-01 1.159810e-01 1.060623e-01 9.046835e-02 8.018564e-02 7.699504e-02 7.334230e-02 6.587253e-02 6.037735e-02 6.043273e-02 6.326722e-02 6.453003e-02 6.447539e-02 6.626625e-02 7.038599e-02 7.413529e-02 7.552803e-02 7.630406e-02 7.894774e-02 8.291844e-02 8.523659e-02 8.436080e-02 8.299261e-02 8.286150e-02 8.286297e-02 8.114972e-02 7.713099e-02 7.325462e-02 7.057378e-02 6.826831e-02 6.535739e-02 6.224082e-02 6.029733e-02 5.888294e-02 5.580790e-02 5.080720e-02 4.673152e-02 4.583105e-02 4.693514e-02 4.572774e-02 3.888493e-02 2.957621e-02 2.316942e-02 2.106473e-02 2.222843e-02 2.357613e-02 2.229325e-02 1.859447e-02 1.544015e-02 1.406920e-02 1.347104e-02 1.190212e-02 9.626773e-03 7.678878e-03 6.581774e-03 6.069489e-03 5.557615e-03 4.600387e-03 3.128911e-03 1.792350e-03 1.016690e-03 6.185449e-04 3.749565e-04 2.158557e-04 1.129164e-04 5.793495e-05 2.858427e-05 1.429069e-05 7.089915e-06 2.789621e-06 8.165685e-07 1.870029e-07 3.341831e-08 5.505658e-09 9.370119e-10 1.823301e-10 6.576410e-11 3.278106e-11 2.895369e-11 2.731221e-11 2.357023e-11 1.944823e-11 1.980534e-11 2.642893e-11 2.840489e-11 1.841344e-11 5.487629e-12 8.732201e-13 7.211295e-14 4.838575e-15 6.370339e-16 1.011782e-16 3.783876e-17 3.700950e-18 4.027447e-19 1.076256e-20 3.459481e-22 3.209140e-24 1.834091e-26 4.144274e-29 4.555703e-32 3.290471e-35 8.256404e-39 2.389494e-41 3.363116e-44
1.401298e-45 1.401298e-45 0.000000e+00 0.000000e+00 0.000000e+00 0.000000e+00 0.000000e+00 2.802597e-45 2.094941e-42 8.618686e-40 1.084877e-37 3.250198e-36 5.688012e-34 4.651055e-31 4.069777e-28 9.454950e-26 1.095792e-23 4.783989e-22 9.295710e-21 1.048974e-19 1.045950e-18 1.247466e-17 2.057931e-16 3.466597e-15 5.620429e-14 1.206889e-12 2.374083e-11 4.338761e-10 6.139750e-09 7.503268e-08 7.398370e-07 4.271855e-06 1.335815e-05 4.079602e-05 1.531198e-04 3.873417e-04 8.020672e-04 1.621719e-03 2.551655e-03 3.693625e-03 4.372602e-03 6.108673e-03 9.033839e-03 9.854903e-03 1.121667e-02 1.059542e-02 1.190714e-02 1.562633e-02 1.749040e-02 2.263929e-02 2.449026e-02 2.545316e-02 2.981498e-02 3.165471e-02 3.666010e-02 3.976538e-02 3.980909e-02 4.412540e-02 4.600236e-02 5.047323e-02 5.919609e-02 6.126020e-02 6.460601e-02 7.181769e-02 7.266001e-02 7.347565e-02 7.859984e-02 8.401310e-02 9.002543e-02 9.250379e-02 9.421270e-02 1.048797e-01 1.113459e-01 1.067807e-01 1.120186e-01 1.236604e-01 1.204649e-01 1.147616e-01 1.204380e-01 1.221111e-01 1.099036e-01 9.881320e-02 9.386124e-02 8.538890e-02 7.202893e-02 6.321120e-02 6.145192e-02 6.061240e-02 5.619625e-02 5.206471e-02 5.231673e-02 5.594325e-02 5.894963e-02 5.985875e-02 6.135552e-02 6.541844e-02 7.010250e-02 7.216796e-02 7.171111e-02 7.169639e-02 7.306477e-02 7.344604e-02 7.221179e-02 7.090405e-02 7.160310e-02 7.415743e-02 7.510424e-02 7.306479e-02 6.944339e-02 6.646461e-02 6.462345e-02 6.276193e-02 6.087295e-02 5.974554e-02 5.922579e-02 5.667067e-02 5.050091e-02 4.332133e-02 3.896831e-02 3.847094e-02 3.883575e-02 3.579215e-02 2.897128e-02 2.226439e-02 1.888058e-02 1.869595e-02 2.009645e-02 2.012146e-02 1.857279e-02 1.727304e-02 1.652715e-02 1.507830e-02 1.249402e-02 9.323373e-03 6.759014e-03 5.172046e-03 4.563537e-03 4.451961e-03 3.953562e-03 2.760726e-03 1.567619e-03 8.402892e-04 4.485922e-04 2.329997e-04 1.200480e-04 6.080278e-05 2.802753e-05 1.363995e-05 6.697163e-06 2.888164e-06 9.628650e-07 2.260299e-07 4.049732e-08 6.986742e-09 1.039869e-09 2.226638e-10 6.833174e-11 3.850750e-11 4.214528e-11 4.901298e-11 5.425074e-11 3.804057e-11 2.572908e-11 1.798183e-11 1.020225e-11 4.424292e-12 1.133443e-12 2.235156e-13 2.754184e-14 2.701525e-15 1.834768e-16 2.714318e-17 3.298028e-18 1.093339e-18 1.029965e-19 8.113157e-21 1.551990e-22 2.115786e-24 9.709191e-27 3.175044e-29 7.483179e-32 4.847495e-35 4.992398e-38 1.383502e-41 1.695571e-43
0.000000e+00 6.773647e-37 1.000507e-27 6.837829e-30 1.774565e-32 9.249833e-32 1.878454e-30 1.875767e-29 4.541297e-28 2.622461e-27 4.126721e-27 4.214196e-26 3.060963e-24 3.282457e-22 9.234768e-21 1.058409e-19 3.529956e-19 6.335971e-19 1.041018e-18 2.679254e-18 1.118768e-17 8.169514e-17 9.928873e-16 1.856408e-14 4.766246e-13 1.143830e-11 2.803049e-10 5.033761e-09 6.670498e-08 5.886164e-07 3.740464e-06 1.733847e-05 6.210168e-05 1.336313e-04 2.293260e-04 5.407120e-04 9.951066e-04 1.533369e-03 2.703849e-03 3.737998e-03 5.367621e-03 5.749915e-03 7.873067e-03 1.117060e-02 1.237376e-02 1.490368e-02 1.397747e-02 1.618960e-02 1.954524e-02 2.241252e-02 3.025512e-02 3.225834e-02 3.512957e-02 4.020111e-02 4.285049e-02 5.280786e-02 5.783469e-02 5.712996e-02 6.194601e-02 6.203924e-02 6.539366e-02 7.694642e-02 8.164544e-02 8.466342e-02 9.284414e-02 9.678595e-02 9.678340e-02 9.594448e-02 9.713275e-02 1.019921e-01 9.921255e-02 9.281150e-02 9.722324e-02 1.011397e-01 9.528496e-02 9.566976e-02 1.027415e-01 1.012218e-01 9.564897e-02 9.608858e-02 9.528448e-02 8.646392e-02 7.712251e-02 7.213826e-02 6.678783e-02 5.836598e-02 5.204100e-02 5.113063e-02 5.258483e-02 5.165969e-02 4.904389e-02 4.875176e-02 5.180293e-02 5.565851e-02 5.763566e-02 5.862801e-02 6.100461e-02 6.486495e-02 6.741741e-02 6.706742e-02 6.559398e-02 6.423740e-02 6.293785e-02 6.079423e-02 5.895009e-02 5.973022e-02 6.301245e-02 6.695454e-02 6.869701e-02 6.793722e-02 6.600232e-02 6.296300e-02 5.869034e-02 5.413199e-02 5.153482e-02 5.135936e-02 5.113961e-02 4.741856e-02 4.071200e-02 3.477256e-02 3.175726e-02 3.100958e-02 2.950956e-02 2.527037e-02 2.045495e-02 1.758793e-02 1.742388e-02 1.849834e-02 1.933560e-02 1.909295e-02 1.826507e-02 1.715407e-02 1.521734e-02 1.209750e-02 8.536369e-03 5.591318e-03 3.951706e-03 3.373882e-03 3.380248e-03 3.089463e-03 2.258264e-03 1.400500e-03 7.680275e-04 4.000486e-04 2.147930e-04 1.062485e-04 4.629966e-05 1.938312e-05 7.844927e-06 3.198320e-06 1.043407e-06 2.378287e-07 4.525792e-08 7.172688e-09 1.183452e-09 2.465293e-10 5.816137e-11 2.815373e-11 1.903003e-11 2.683086e-11 3.930932e-11 4.719204e-11 3.637093e-11 1.594678e-11 4.672351e-12 7.725729e-13 1.220500e-13 2.614537e-14 8.091393e-15 2.574363e-15 6.956211e-16 8.708858e-17 9.923127e-18 6.298079e-19 5.195731e-20 1.979647e-21 5.882409e-23 6.056056e-25 3.545999e-27 7.178189e-30 1.069893e-32 1.680857e-35 7.175940e-39 1.550397e-41 1.261169e-44
1.401298e-45 1.401298e-45 1.376075e-41 6.176993e-33 2.660326e-27 3.152744e-24 1.281746e-22 4.897638e-21 1.421045e-20 4.085287e-21 4.433957e-21 7.707774e-20 2.687669e-18 1.713715e-17 1.672120e-17 2.988589e-18 5.462707e-19 2.431903e-19 3.487756e-19 1.330373e-18 1.507738e-17 3.109170e-16 8.351290e-15 2.705242e-13 8.064746e-12 2.274369e-10 4.405399e-09 6.752454e-08 6.805069e-07 4.577480e-06 1.984450e-05 7.635038e-05 2.459472e-04 5.245972e-04 8.571329e-04 9.731433e-04 1.606874e-03 2.428458e-03 3.261638e-03 4.552153e-03 5.688496e-03 7.486567e-03 7.736029e-03 1.085502e-02 1.398569e-02 1.598690e-02 1.762943e-02 1.591827e-02 1.864965e-02 2.078571e-02 2.460343e-02 3.352762e-02 3.714563e-02 4.234277e-02 4.700194e-02 4.974512e-02 6.176136e-02 7.112641e-02 7.335074e-02 7.842911e-02 7.899547e-02 7.963318e-02 8.920296e-02 9.847948e-02 1.016190e-01 1.048382e-01 1.099753e-01 1.110172e-01 1.031793e-01 9.733201e-02 9.855608e-02 9.363998e-02 8.488192e-02 8.352002e-02 8.375318e-02 8.016013e-02 7.952716e-02 8.214637e-02 8.071910e-02 7.672792e-02 7.473072e-02 7.208904e-02 6.580393e-02 5.903514e-02 5.494095e-02 5.218834e-02 4.863319e-02 4.574373e-02 4.595652e-02 4.845752e-02 4.965068e-02 4.848431e-02 4.784957e-02 4.978981e-02 5.317023e-02 5.561848e-02 5.652579e-02 5.740819e-02 5.888491e-02 5.976309e-02 5.926927e-02 5.771778e-02 5.639327e-02 5.495553e-02 5.292071e-02 5.131997e-02 5.130294e-02 5.376330e-02 5.725798e-02 6.000086e-02 6.145275e-02 6.153684e-02 5.967439e-02 5.482424e-02 4.825033e-02 4.278881e-02 4.027577e-02 3.951328e-02 3.779534e-02 3.406575e-02 2.999196e-02 2.736846e-02 2.599267e-02 2.424482e-02 2.102259e-02 1.759473e-02 1.617084e-02 1.676038e-02 1.797584e-02 1.803550e-02 1.694383e-02 1.544287e-02 1.400694e-02 1.272658e-02 1.058520e-02 7.353060e-03 4.483680e-03 2.991383e-03 2.506669e-03 2.285042e-03 2.051505e-03 1.614729e-03 1.088391e-03 6.669894e-04 3.930017e-04 2.115256e-04 9.586528e-05 3.495928e-05 1.215309e-05 4.114147e-06 1.178652e-06 2.796742e-07 5.077664e-08 7.695672e-09 1.435190e-09 2.950340e-10 1.037630e-10 4.144313e-11 2.425139e-11 2.122846e-11 2.151114e-11 2.529146e-11 1.668278e-11 6.787043e-12 1.589648e-12 2.169509e-13 2.668594e-14 3.825986e-15 1.130359e-15 4.744299e-16 3.093462e-16 1.427801e-16 2.819692e-17 2.051123e-18 6.795852e-20 1.688061e-21 3.433204e-23 7.547888e-25 5.093776e-27 1.417393e-29 8.875481e-33 4.643639e-36 3.785094e-39 1.762833e-42 8.407791e-45
1.401298e-45 4.764415e-44 1.367948e-41 8.356062e-37 9.228947e-33 6.199935e-30 9.454385e-27 6.865253e-25 3.305263e-24 8.005501e-23 1.244273e-20 5.325629e-19 1.082138e-18 2.742097e-19 2.371927e-20 3.593153e-21 1.621874e-21 4.502560e-21 7.546716e-20 3.844896e-18 2.250749e-16 1.247012e-14 5.735580e-13 1.830011e-11 4.125577e-10 6.148400e-09 7.596686e-08 6.454454e-07 4.368741e-06 2.731961e-05 1.055545e-04 2.407816e-04 5.351827e-04 1.221521e-03 2.088314e-03 2.969086e-03 3.228934e-03 3.894082e-03 4.708565e-03 6.277364e-03 7.593401e-03 9.462303e-03 1.040627e-02 9.941166e-03 1.358990e-02 1.681873e-02 2.136782e-02 2.361848e-02 2.196829e-02 2.436300e-02 2.576826e-02 2.969439e-02 3.809653e-02 4.345046e-02 4.906384e-02 5.380299e-02 5.704402e-02 6.595347e-02 7.663257e-02 8.224555e-02 8.644883e-02 9.064454e-02 9.137704e-02 9.448224e-02 1.040903e-01 1.096131e-01 1.063946e-01 1.066680e-01 1.086093e-01 9.893171e-02 8.785499e-02 8.426420e-02 7.881791e-02 7.236885e-02 7.058110e-02 6.866392e-02 6.548133e-02 6.537218e-02 6.612523e-02 6.333783e-02 5.917878e-02 5.661362e-02 5.402397e-02 4.976230e-02 4.572974e-02 4.381175e-02 4.326406e-02 4.241697e-02 4.175936e-02 4.316585e-02 4.640094e-02 4.862249e-02 4.815334e-02 4.714891e-02 4.801166e-02 5.037327e-02 5.197975e-02 5.200253e-02 5.163937e-02 5.165870e-02 5.146005e-02 5.014821e-02 4.869826e-02 4.767276e-02 4.673389e-02 4.563134e-02 4.459441e-02 4.520138e-02 4.749706e-02 4.996926e-02 5.090831e-02 5.061784e-02 5.073041e-02 5.063847e-02 4.823097e-02 4.285686e-02 3.694107e-02 3.252824e-02 2.969295e-02 2.723261e-02 2.441177e-02 2.203907e-02 2.115191e-02 2.143301e-02 2.069235e-02 1.812866e-02 1.571524e-02 1.459345e-02 1.442922e-02 1.434665e-02 1.372140e-02 1.229401e-02 1.074078e-02 9.819617e-03 9.323912e-03 8.182696e-03 5.698099e-03 3.536625e-03 2.358767e-03 1.819559e-03 1.570186e-03 1.340985e-03 1.071322e-03 7.282170e-04 4.593471e-04 2.608222e-04 1.226001e-04 4.510110e-05 1.388419e-05 3.808364e-06 1.006501e-06 2.264054e-07 3.668487e-08 4.947128e-09 6.572133e-10 1.579073e-10 7.829833e-11 6.153970e-11 6.336934e-11 4.375540e-11 3.088389e-11 1.421300e-11 4.461476e-12 1.269904e-12 3.070097e-13 9.385311e-14 2.020668e-14 5.014153e-15 9.557170e-16 2.536498e-16 5.919595e-17 2.161127e-17 4.707703e-18 6.457854e-19 2.729281e-20 6.446713e-22 1.254122e-23 2.194502e-25 3.782249e-27 1.171518e-29 1.377429e-32 3.592181e-36 1.550091e-39 1.394292e-42 1.401298e-45
1.401298e-45 3.639172e-42 7.279827e-39 4.815440e-37 2.540772e-32 5.288838e-27 2.788569e-26 2.011971e-25 6.204723e-23 1.563130e-20 1.595043e-19 6.936008e-20 5.049054e-21 2.628571e-22 6.757503e-23 1.401560e-22 2.221150e-21 1.030799e-19 7.573475e-18 5.848048e-16 4.512529e-14 2.244158e-12 6.805123e-11 1.308423e-09 1.703488e-08 1.597443e-07 9.695261e-07 4.629584e-06 1.722525e-05 5.505071e-05 1.843420e-04 5.195928e-04 9.655129e-04 1.577218e-03 2.696623e-03 3.954003e-03 4.727762e-03 5.565840e-03 6.195827e-03 6.681020e-03 8.125375e-03 9.066038e-03 1.222111e-02 1.298023e-02 1.226047e-02 1.489472e-02 1.819604e-02 2.399602e-02 2.772890e-02 2.927636e-02 3.140770e-02 3.303630e-02 3.709466e-02 4.386355e-02 5.132372e-02 5.609033e-02 5.849495e-02 6.231972e-02 6.689388e-02 7.512554e-02 8.279599e-02 8.422991e-02 8.886015e-02 9.371765e-02 9.228387e-02 9.659413e-02 1.046833e-01 1.002567e-01 9.442524e-02 9.520556e-02 8.894365e-02 7.917617e-02 7.359843e-02 6.771600e-02 6.318849e-02 6.253450e-02 6.019282e-02 5.614458e-02 5.494264e-02 5.435939e-02 5.044243e-02 4.554265e-02 4.285738e-02 4.125961e-02 3.905108e-02 3.735461e-02 3.774230e-02 3.930414e-02 4.006234e-02 4.006044e-02 4.120035e-02 4.411702e-02 4.682767e-02 4.716889e-02 4.592619e-02 4.542824e-02 4.604435e-02 4.637006e-02 4.532395e-02 4.367625e-02 4.268810e-02 4.184206e-02 4.072634e-02 3.951005e-02 3.878038e-02 3.849630e-02 3.770074e-02 3.703419e-02 3.769104e-02 4.032977e-02 4.341773e-02 4.421237e-02 4.233820e-02 3.986381e-02 3.839486e-02 3.698428e-02 3.422906e-02 3.034103e-02 2.681173e-02 2.397538e-02 2.101820e-02 1.795144e-02 1.575113e-02 1.527799e-02 1.599091e-02 1.642700e-02 1.526762e-02 1.295845e-02 1.092743e-02 9.682762e-03 8.944046e-03 8.196530e-03 7.271572e-03 6.470526e-03 6.372603e-03 6.567503e-03 5.829761e-03 4.228710e-03 2.701467e-03 1.804603e-03 1.332910e-03 1.099928e-03 8.894450e-04 6.360291e-04 4.306679e-04 2.628231e-04 1.336780e-04 5.010900e-05 1.446398e-05 3.523638e-06 8.176960e-07 1.657446e-07 2.568860e-08 2.770954e-09 2.779388e-10 5.189848e-11 2.361655e-11 2.994358e-11 3.936112e-11 3.992902e-11 2.143223e-11 6.512263e-12 1.428765e-12 2.218557e-13 6.085081e-14 2.299477e-14 1.342060e-14 7.691595e-15 4.283548e-15 9.951006e-16 1.884491e-16 1.373499e-17 1.518285e-18 1.075649e-19 8.303228e-21 2.906800e-22 5.783500e-24 8.125522e-26 5.177529e-28 3.423402e-30 2.499765e-33 1.222001e-36 1.904463e-40 1.191104e-43 1.401298e-45
1.401298e-45 5.044674e-44 5.027439e-40 1.100912e-36 3.436461e-34 1.971663e-32 6.560684e-28 8.887356e-23 1.058217e-19 4.560996e-19 5.767722e-20 1.906362e-21 1.738125e-22 1.101674e-22 5.003576e-22 1.223747e-20 7.341511e-19 7.238180e-17 6.653763e-15 4.089526e-13 1.389282e-11 3.251905e-10 4.617479e-09 4.391141e-08 2.935628e-07 1.505942e-06 6.350349e-06 2.120076e-05 6.091656e-05 1.397010e-04 2.820292e-04 5.975447e-04 1.115052e-03 1.757795e-03 2.501839e-03 3.873092e-03 5.495294e-03 6.101722e-03 7.382666e-03 8.205255e-03 9.264497e-03 1.035121e-02 1.098116e-02 1.407209e-02 1.511737e-02 1.563334e-02 1.714379e-02 2.107695e-02 2.649859e-02 2.895498e-02 3.274155e-02 3.369892e-02 3.495232e-02 3.877339e-02 4.235980e-02 5.061655e-02 5.545259e-02 5.564180e-02 5.955665e-02 6.092279e-02 6.574535e-02 7.459911e-02 7.449391e-02 7.575054e-02 8.251445e-02 8.054415e-02 7.924978e-02 8.666830e-02 8.687358e-02 8.123533e-02 8.043270e-02 7.859820e-02 7.470327e-02 7.087592e-02 6.516210e-02 6.111399e-02 6.027596e-02 5.700843e-02 5.127817e-02 4.793226e-02 4.595147e-02 4.175123e-02 3.690878e-02 3.447320e-02 3.417183e-02 3.410249e-02 3.409265e-02 3.544750e-02 3.810806e-02 4.013541e-02 4.040514e-02 4.040710e-02 4.169891e-02 4.366711e-02 4.432906e-02 4.320549e-02 4.146209e-02 4.008535e-02 3.884983e-02 3.717352e-02 3.532494e-02 3.359343e-02 3.235346e-02 3.142386e-02 3.087885e-02 3.108234e-02 3.145044e-02 3.127240e-02 3.027584e-02 2.988828e-02 3.145587e-02 3.457041e-02 3.690695e-02 3.600496e-02 3.254884e-02 2.877858e-02 2.587839e-02 2.351251e-02 2.150300e-02 2.006788e-02 1.889595e-02 1.701516e-02 1.427351e-02 1.223234e-02 1.155151e-02 1.167595e-02 1.138613e-02 1.016544e-02 8.377266e-03 6.648392e-03 5.453723e-03 4.718186e-03 4.044252e-03 3.394407e-03 3.179575e-03 3.452867e-03 3.796066e-03 3.573450e-03 2.741243e-03 1.838720e-03 1.201704e-03 8.612871e-04 5.910260e-04 3.955384e-04 2.540112e-04 1.546520e-04 8.252680e-05 3.512156e-05 1.101689e-05 2.699096e-06 5.428299e-07 9.527633e-08 1.520861e-08 1.974300e-09 2.917797e-10 5.738109e-11 2.301655e-11 1.702141e-11 1.328930e-11 7.820047e-12 3.171429e-12 1.119301e-12 3.240194e-13 8.587976e-14 2.778195e-14 1.077360e-14 6.016379e-15 4.274657e-15 2.491545e-15 1.572439e-15 2.688745e-16 3.494262e-17 1.334027e-18 9.078564e-20 5.491546e-21 3.599882e-22 1.358168e-23 1.229773e-25 7.215431e-28 9.612699e-31 1.728629e-33 3.199498e-37 1.033626e-40 1.961818e-44 1.401298e-45
0.000000e+00 5.605194e-44 9.413755e-40 6.751792e-35 1.501560e-33 4.129559e-32 3.085238e-27 2.951820e-23 1.428155e-22 3.208520e-23 1.096499e-23 1.788862e-23 1.331910e-22 5.054248e-21 4.621420e-19 5.295718e-17 5.088466e-15 3.230306e-13 1.395203e-11 3.848856e-10 6.026314e-09 4.874857e-08 2.814952e-07 1.148151e-06 3.875503e-06 1.109186e-05 3.176339e-05 8.153931e-05 1.884378e-04 3.693846e-04 6.012848e-04 9.105214e-04 1.449349e-03 2.155571e-03 3.026332e-03 3.684066e-03 5.181529e-03 6.864775e-03 7.666090e-03 9.291339e-03 1.014230e-02 1.256526e-02 1.339871e-02 1.489026e-02 1.743568e-02 1.726617e-02 1.821495e-02 1.752277e-02 2.159782e-02 2.734472e-02 2.841819e-02 3.245587e-02 3.227726e-02 3.204353e-02 3.485301e-02 3.593446e-02 4.221613e-02 4.701446e-02 4.709223e-02 5.082265e-02 5.115981e-02 5.266081e-02 6.064540e-02 6.119070e-02 5.913729e-02 6.463338e-02 6.505030e-02 6.206556e-02 6.704154e-02 7.203154e-02 7.171074e-02 7.165872e-02 7.161099e-02 7.183372e-02 7.134378e-02 6.639361e-02 6.142430e-02 5.970195e-02 5.583234e-02 4.826027e-02 4.256590e-02 3.987614e-02 3.697687e-02 3.328951e-02 3.132220e-02 3.194214e-02 3.376469e-02 3.506494e-02 3.618686e-02 3.826584e-02 4.038203e-02 4.072119e-02 3.956279e-02 3.878168e-02 3.890801e-02 3.890134e-02 3.766907e-02 3.536500e-02 3.277534e-02 3.043268e-02 2.869883e-02 2.730449e-02 2.611974e-02 2.501203e-02 2.418414e-02 2.410476e-02 2.474996e-02 2.583692e-02 2.623241e-02 2.543589e-02 2.417967e-02 2.372220e-02 2.478613e-02 2.656791e-02 2.726535e-02 2.554686e-02 2.225957e-02 1.882447e-02 1.618812e-02 1.460952e-02 1.403379e-02 1.376248e-02 1.273481e-02 1.105550e-02 9.486406e-03 8.404818e-03 7.594709e-03 6.701426e-03 5.550914e-03 4.399877e-03 3.563755e-03 3.005781e-03 2.431689e-03 1.821610e-03 1.396360e-03 1.245146e-03 1.299579e-03 1.404080e-03 1.355977e-03 1.114849e-03 8.260662e-04 5.833171e-04 3.803539e-04 2.364372e-04 1.286535e-04 6.461804e-05 2.751994e-05 1.030679e-05 3.378721e-06 8.597546e-07 1.487460e-07 2.122520e-08 2.673062e-09 4.944832e-10 1.513705e-10 5.978532e-11 3.275293e-11 1.454734e-11 5.535944e-12 1.385416e-12 3.126264e-13 1.050511e-13 5.011894e-14 3.722826e-14 2.613951e-14 2.169196e-14 1.189795e-14 4.409904e-15 1.477930e-15 2.982611e-16 8.118185e-17 8.295954e-18 8.099799e-19 4.378055e-20 2.765760e-21 1.650859e-22 5.390231e-24 1.473606e-25 3.746597e-28 1.235714e-30 3.925852e-34 3.623180e-37 4.695891e-41 1.961818e-44 0.000000e+00
1.401298e-45 1.261169e-43 2.099509e-38 4.776317e-38 5.167588e-34 1.166405e-26 5.116280e-24 1.269686e-25 1.088422e-27 4.501935e-28 1.537819e-26 7.938437e-24 1.288510e-20 1.165986e-17 4.762364e-15 7.437453e-13 5.121647e-11 1.544596e-09 2.284191e-08 1.776439e-07 9.364954e-07 3.546553e-06 9.154988e-06 1.972699e-05 3.616774e-05 7.211640e-05 1.358419e-04 2.726598e-04 4.873664e-04 8.412799e-04 1.338593e-03 1.780207e-03 2.164429e-03 2.470499e-03 3.023557e-03 4.137849e-03 4.894114e-03 6.866446e-03 8.122427e-03 9.168979e-03 1.054721e-02 1.134036e-02 1.494864e-02 1.507323e-02 1.819522e-02 2.067000e-02 1.967653e-02 2.091357e-02 1.733725e-02 1.916008e-02 2.420305e-02 2.539984e-02 2.975163e-02 2.996116e-02 2.876299e-02 3.071540e-02 3.053394e-02 3.431746e-02 3.844041e-02 3.809454e-02 4.133850e-02 4.217678e-02 4.113959e-02 4.671387e-02 4.861502e-02 4.575101e-02 4.935958e-02 5.278188e-02 5.216190e-02 5.562584e-02 6.147059e-02 6.582601e-02 6.826943e-02 6.771354e-02 6.828226e-02 6.978019e-02 6.566235e-02 5.952069e-02 5.700559e-02 5.367055e-02 4.599560e-02 3.933906e-02 3.658743e-02 3.524833e-02 3.339411e-02 3.224092e-02 3.322008e-02 3.583773e-02 3.799686e-02 3.867797e-02 3.880379e-02 3.906117e-02 3.861607e-02 3.693543e-02 3.470470e-02 3.287995e-02 3.140524e-02 2.974796e-02 2.763358e-02 2.520224e-02 2.295610e-02 2.125777e-02 2.045214e-02 2.024424e-02 2.001800e-02 1.959555e-02 1.922842e-02 1.955670e-02 2.045913e-02 2.121903e-02 2.096415e-02 1.965899e-02 1.822233e-02 1.740782e-02 1.748441e-02 1.788076e-02 1.779343e-02 1.657922e-02 1.451667e-02 1.227742e-02 1.073900e-02 9.968789e-03 9.294686e-03 8.258129e-03 7.026993e-03 6.012456e-03 5.304623e-03 4.662364e-03 3.877362e-03 2.975990e-03 2.245679e-03 1.862891e-03 1.663615e-03 1.364244e-03 9.643406e-04 6.617055e-04 5.075812e-04 4.435586e-04 4.184409e-04 3.803247e-04 3.212609e-04 2.550585e-04 1.869457e-04 1.249212e-04 7.585184e-05 3.679999e-05 1.283438e-05 3.684259e-06 9.470892e-07 2.044484e-07 3.623002e-08 4.163128e-09 4.264113e-10 7.934567e-11 2.594933e-11 1.724300e-11 9.203092e-12 4.275743e-12 1.466575e-12 3.408497e-13 8.422261e-14 2.557055e-14 1.525214e-14 1.364979e-14 2.088703e-14 3.054808e-14 3.007784e-14 1.341820e-14 2.222718e-15 2.887456e-16 3.039325e-17 4.191012e-18 3.842348e-19 3.307251e-20 1.824721e-21 4.922084e-23 1.617706e-24 1.160503e-26 1.238745e-28 6.835355e-32 8.866001e-35 1.086650e-38 6.384316e-42 1.401298e-45 0.000000e+00
0.000000e+00 3.138909e-43 2.195975e-41 1.188148e-36 1.465587e-28 9.336897e-28 1.138907e-30 2.727400e-32 7.116725e-31 2.294428e-27 2.405916e-23 1.475056e-19 2.214235e-16 1.180349e-13 1.795535e-11 1.034014e-09 2.525679e-08 2.948193e-07 1.825598e-06 7.656451e-06 1.902115e-05 4.312706e-05 8.561383e-05 1.431484e-04 1.952801e-04 2.412008e-04 3.570841e-04 5.006387e-04 8.400194e-04 1.227320e-03 1.788387e-03 2.546033e-03 3.301553e-03 4.178613e-03 4.089900e-03 4.030788e-03 4.482528e-03 5.107384e-03 7.528151e-03 8.446441e-03 1.004663e-02 1.023383e-02 1.087433e-02 1.452526e-02 1.389170e-02 1.780917e-02 2.005303e-02 2.006191e-02 2.258281e-02 1.857450e-02 1.853647e-02 2.109582e-02 2.181784e-02 2.625435e-02 2.738408e-02 2.652980e-02 2.796213e-02 2.730654e-02 2.968662e-02 3.274784e-02 3.163896e-02 3.344993e-02 3.478057e-02 3.348953e-02 3.688082e-02 4.005402e-02 3.861665e-02 4.046202e-02 4.522439e-02 4.826719e-02 5.112749e-02 5.558137e-02 6.185091e-02 6.601943e-02 6.499091e-02 6.468529e-02 6.577615e-02 6.159906e-02 5.504355e-02 5.225039e-02 5.025819e-02 4.458907e-02 3.883807e-02 3.639365e-02 3.605198e-02 3.583128e-02 3.552996e-02 3.604054e-02 3.762219e-02 3.942171e-02 3.986947e-02 3.859225e-02 3.643020e-02 3.430235e-02 3.204817e-02 2.938992e-02 2.650003e-02 2.392668e-02 2.192329e-02 2.022929e-02 1.858788e-02 1.687778e-02 1.553894e-02 1.502423e-02 1.534715e-02 1.596698e-02 1.602930e-02 1.561141e-02 1.525948e-02 1.536391e-02 1.560962e-02 1.539262e-02 1.455941e-02 1.335912e-02 1.235402e-02 1.178011e-02 1.169301e-02 1.180207e-02 1.164750e-02 1.061456e-02 9.187625e-03 8.052015e-03 7.193963e-03 6.163820e-03 4.847998e-03 3.714240e-03 3.045570e-03 2.799878e-03 2.705689e-03 2.316109e-03 1.676455e-03 1.188167e-03 9.459084e-04 7.992084e-04 6.434557e-04 4.698529e-04 3.308382e-04 2.394262e-04 1.862959e-04 1.409867e-04 1.084604e-04 7.689183e-05 4.818986e-05 2.817080e-05 1.713137e-05 9.712391e-06 4.235351e-06 1.202992e-06 2.369080e-07 4.402178e-08 7.551829e-09 1.022248e-09 1.381198e-10 1.907928e-11 5.687871e-12 2.128696e-12 7.807192e-13 3.298039e-13 1.259765e-13 7.066909e-14 3.620446e-14 2.300374e-14 1.738866e-14 1.531343e-14 1.653206e-14 1.556679e-14 1.312989e-14 5.741823e-15 1.408594e-15 2.118485e-16 3.384954e-17 5.075169e-18 6.661631e-19 5.662281e-20 2.949969e-21 9.657618e-23 9.121988e-25 1.120032e-26 1.508910e-29 4.500608e-32 5.169218e-36 1.887611e-39 1.233143e-43 1.401298e-45 0.000000e+00
1.401298e-45 1.401298e-45 4.476098e-40 1.849339e-31 6.540539e-33 2.611886e-36 5.604029e-35 5.375941e-31 1.598456e-26 6.844940e-22 1.011299e-17 1.819168e-14 6.644710e-12 5.315205e-10 1.519674e-08 1.775082e-07 1.319645e-06 5.772504e-06 1.759500e-05 3.823613e-05 8.025884e-05 1.113614e-04 1.606741e-04 2.285896e-04 3.537044e-04 4.623500e-04 5.354603e-04 6.961910e-04 8.301270e-04 1.268591e-03 1.692194e-03 2.253223e-03 2.887485e-03 3.642971e-03 5.219826e-03 5.485375e-03 5.576472e-03 5.098793e-03 5.157930e-03 7.115581e-03 7.926919e-03 1.020004e-02 9.633352e-03 1.002908e-02 1.281364e-02 1.214048e-02 1.540301e-02 1.727116e-02 1.851016e-02 2.200097e-02 2.018052e-02 2.043447e-02 2.161965e-02 2.130753e-02 2.466053e-02 2.649442e-02 2.622098e-02 2.715221e-02 2.651635e-02 2.778272e-02 3.037452e-02 2.925408e-02 2.897018e-02 3.013053e-02 2.963092e-02 3.161417e-02 3.585846e-02 3.684949e-02 3.724351e-02 4.123035e-02 4.668861e-02 4.970616e-02 5.210480e-02 5.800708e-02 6.269625e-02 6.146345e-02 6.036942e-02 6.096302e-02 5.687841e-02 5.007301e-02 4.729447e-02 4.686945e-02 4.411888e-02 4.030405e-02 3.839451e-02 3.817195e-02 3.836670e-02 3.839852e-02 3.806340e-02 3.771019e-02 3.764134e-02 3.744501e-02 3.597985e-02 3.291148e-02 2.918530e-02 2.587964e-02 2.303001e-02 2.030947e-02 1.771658e-02 1.564001e-02 1.433786e-02 1.340296e-02 1.245540e-02 1.149944e-02 1.092630e-02 1.109412e-02 1.176049e-02 1.232891e-02 1.222648e-02 1.171239e-02 1.124427e-02 1.085907e-02 1.033584e-02 9.590237e-03 8.916303e-03 8.430998e-03 8.220791e-03 8.260104e-03 8.338833e-03 7.843631e-03 6.810268e-03 5.806075e-03 5.191348e-03 4.736358e-03 3.988243e-03 2.920839e-03 1.962501e-03 1.462607e-03 1.356470e-03 1.409505e-03 1.332157e-03 1.045443e-03 7.307308e-04 4.984085e-04 3.461476e-04 2.424066e-04 1.718553e-04 1.254777e-04 9.128622e-05 6.508953e-05 4.876570e-05 3.242127e-05 1.709472e-05 7.120741e-06 3.001051e-06 1.459854e-06 6.747920e-07 2.211496e-07 4.576335e-08 6.922316e-09 1.038893e-09 1.831822e-10 2.582850e-11 4.461518e-12 9.882116e-13 2.332794e-13 8.047789e-14 2.128327e-14 1.314986e-14 1.018694e-14 1.239564e-14 2.153280e-14 2.876100e-14 3.766895e-14 2.372638e-14 1.156107e-14 3.220120e-15 8.891798e-16 1.934051e-16 4.454610e-17 1.144347e-17 2.699160e-18 4.083399e-19 3.937345e-20 2.017529e-21 5.004270e-23 9.792129e-25 3.392522e-27 2.024216e-29 8.234100e-33 6.910259e-36 2.299293e-40 2.382207e-44 0.000000e+00 0.000000e+00
0.000000e+00 7.006492e-45 3.348595e-34 2.176928e-38 1.086875e-40 1.543863e-36 2.447144e-30 2.149409e-24 3.402682e-19 3.338326e-15 3.984698e-12 6.411722e-10 2.247292e-08 4.058436e-07 3.460256e-06 1.562456e-05 4.520860e-05 1.069268e-04 1.734542e-04 2.302777e-04 2.598010e-04 3.553669e-04 3.773950e-04 4.315556e-04 4.772026e-04 6.302294e-04 7.774535e-04 8.542438e-04 1.042481e-03 1.150689e-03 1.584425e-03 2.021760e-03 2.513326e-03 3.060458e-03 3.474297e-03 4.999754e-03 5.785767e-03 6.599914e-03 6.222168e-03 6.025584e-03 7.381239e-03 8.045252e-03 1.047565e-02 1.032117e-02 1.042447e-02 1.250504e-02 1.237647e-02 1.476329e-02 1.682044e-02 1.815911e-02 2.167478e-02 2.237335e-02 2.370774e-02 2.561040e-02 2.512262e-02 2.723494e-02 2.933497e-02 2.917463e-02 2.980455e-02 2.902850e-02 2.908644e-02 3.159685e-02 3.118042e-02 2.939221e-02 2.967326e-02 2.958350e-02 3.042623e-02 3.454110e-02 3.815899e-02 3.802433e-02 3.957825e-02 4.536492e-02 4.855577e-02 4.876536e-02 5.314508e-02 5.750597e-02 5.593896e-02 5.470421e-02 5.561072e-02 5.264193e-02 4.646455e-02 4.351242e-02 4.382043e-02 4.344383e-02 4.173354e-02 4.041888e-02 3.961877e-02 3.898755e-02 3.832613e-02 3.734011e-02 3.566691e-02 3.378246e-02 3.211806e-02 3.037398e-02 2.761828e-02 2.382451e-02 1.999790e-02 1.689036e-02 1.455572e-02 1.265899e-02 1.115953e-02 1.013144e-02 9.526109e-03 9.045118e-03 8.496760e-03 8.037101e-03 7.862580e-03 8.096673e-03 8.479278e-03 8.677865e-03 8.534717e-03 8.217092e-03 7.840438e-03 7.286493e-03 6.597830e-03 5.899653e-03 5.378040e-03 5.200797e-03 5.432057e-03 5.621024e-03 5.164765e-03 4.143190e-03 3.258723e-03 2.845631e-03 2.747169e-03 2.513710e-03 1.862217e-03 1.164918e-03 7.620360e-04 6.277308e-04 6.156607e-04 6.186515e-04 5.586586e-04 4.346112e-04 2.872957e-04 1.721020e-04 9.940658e-05 5.923570e-05 3.368141e-05 1.969851e-05 1.264353e-05 9.081789e-06 5.834801e-06 2.842536e-06 1.132139e-06 4.163560e-07 1.616815e-07 5.509223e-08 1.214429e-08 1.757890e-09 2.163203e-10 2.453261e-11 3.043982e-12 4.452826e-13 8.106331e-14 3.087908e-14 9.833695e-15 5.692692e-15 4.082044e-15 4.085202e-15 7.533576e-15 1.179103e-14 2.570003e-14 2.667798e-14 1.922501e-14 6.175477e-15 1.600401e-15 3.776362e-16 1.002882e-16 2.297822e-17 5.642986e-18 1.050468e-18 1.590475e-19 1.445032e-20 5.844890e-22 1.501845e-23 1.358516e-25 1.147599e-27 1.385858e-30 3.015509e-33 3.063562e-37 5.115020e-41 1.401298e-45 0.000000e+00 0.000000e+00
0.000000e+00 5.122139e-38 9.809089e-45 1.401298e-45 1.388950e-38 4.228031e-30 7.735987e-22 7.325028e-16 2.860682e-12 6.571534e-10 3.197654e-08 7.554584e-07 7.332583e-06 3.179221e-05 1.010435e-04 2.606774e-04 4.692692e-04 6.933702e-04 1.054722e-03 1.305867e-03 1.365126e-03 1.232441e-03 1.367725e-03 1.275369e-03 1.310026e-03 1.288639e-03 1.439453e-03 1.622980e-03 1.587876e-03 1.743640e-03 1.757576e-03 2.122950e-03 2.566946e-03 2.940381e-03 3.637186e-03 3.904794e-03 5.237526e-03 6.154212e-03 7.183914e-03 7.598652e-03 7.491386e-03 8.851699e-03 9.440124e-03 1.152177e-02 1.255105e-02 1.245659e-02 1.423162e-02 1.468003e-02 1.655535e-02 1.974746e-02 2.107124e-02 2.425117e-02 2.612030e-02 2.803422e-02 3.168488e-02 3.227751e-02 3.419493e-02 3.673081e-02 3.672449e-02 3.732539e-02 3.626073e-02 3.485066e-02 3.699098e-02 3.731757e-02 3.447947e-02 3.372324e-02 3.355999e-02 3.263098e-02 3.546744e-02 4.050910e-02 4.035709e-02 3.979198e-02 4.396109e-02 4.559354e-02 4.476501e-02 4.785555e-02 5.065054e-02 4.898455e-02 4.841402e-02 4.954525e-02 4.764039e-02 4.330072e-02 4.076753e-02 4.063039e-02 4.091265e-02 4.068455e-02 4.012185e-02 3.894312e-02 3.718943e-02 3.548433e-02 3.378025e-02 3.155459e-02 2.886987e-02 2.622894e-02 2.370553e-02 2.103456e-02 1.798919e-02 1.486901e-02 1.222220e-02 1.026208e-02 8.955871e-03 8.013132e-03 7.307259e-03 6.806364e-03 6.452201e-03 6.186330e-03 5.916284e-03 5.716608e-03 5.623939e-03 5.664578e-03 5.767083e-03 5.908351e-03 6.037754e-03 6.006582e-03 5.717983e-03 5.070702e-03 4.149795e-03 3.307928e-03 2.914462e-03 3.002070e-03 3.304949e-03 3.232623e-03 2.559886e-03 1.846815e-03 1.514312e-03 1.516925e-03 1.528484e-03 1.231323e-03 7.948849e-04 4.863606e-04 3.236409e-04 2.553835e-04 2.321250e-04 2.231804e-04 1.946069e-04 1.413964e-04 8.706369e-05 4.959862e-05 2.337387e-05 9.189582e-06 3.439427e-06 1.580523e-06 8.740216e-07 5.192180e-07 2.533249e-07 9.910325e-08 3.417631e-08 1.126863e-08 3.080231e-09 4.909086e-10 4.839907e-11 3.907841e-12 3.253152e-13 3.573760e-14 8.573062e-15 3.371748e-15 2.611080e-15 2.869555e-15 3.424039e-15 6.587346e-15 8.053271e-15 1.198831e-14 9.748971e-15 6.569215e-15 2.818739e-15 9.180777e-16 3.505733e-16 1.742021e-16 8.323959e-17 3.447193e-17 7.987990e-18 1.343958e-18 1.304191e-19 9.390317e-21 3.601407e-22 5.549181e-24 6.683025e-26 1.443790e-28 3.178033e-31 6.239814e-35 1.886462e-38 3.419168e-43 0.000000e+00 0.000000e+00 0.000000e+00
0.000000e+00 0.000000e+00 1.401298e-45 1.051261e-36 1.495222e-25 2.946467e-18 7.673354e-14 2.022326e-10 7.674024e-08 1.773316e-06 7.400270e-06 1.527899e-05 5.191220e-05 1.579158e-04 3.231680e-04 5.746677e-04 1.036458e-03 1.393617e-03 1.560695e-03 2.037934e-03 2.643360e-03 3.029314e-03 2.866182e-03 3.259256e-03 3.050088e-03 3.066895e-03 2.966231e-03 3.104228e-03 3.381519e-03 3.081139e-03 3.110312e-03 2.844522e-03 3.043904e-03 3.439172e-03 3.617305e-03 4.393499e-03 4.692817e-03 6.142076e-03 7.274176e-03 8.346922e-03 9.456627e-03 9.428764e-03 1.125001e-02 1.197170e-02 1.362970e-02 1.573901e-02 1.572720e-02 1.768858e-02 1.838282e-02 1.982227e-02 2.425191e-02 2.621356e-02 3.006847e-02 3.284899e-02 3.432821e-02 3.953857e-02 4.203402e-02 4.482614e-02 4.907212e-02 4.936939e-02 5.080195e-02 4.996837e-02 4.577215e-02 4.703117e-02 4.801558e-02 4.363223e-02 4.197918e-02 4.195830e-02 3.870805e-02 3.906220e-02 4.297360e-02 4.225960e-02 4.122483e-02 4.363843e-02 4.249592e-02 4.085106e-02 4.369137e-02 4.485697e-02 4.218912e-02 4.228921e-02 4.416702e-02 4.247929e-02 3.906495e-02 3.753211e-02 3.734953e-02 3.716291e-02 3.700676e-02 3.684491e-02 3.567018e-02 3.348373e-02 3.104774e-02 2.878181e-02 2.628420e-02 2.343335e-02 2.053845e-02 1.775027e-02 1.520453e-02 1.291929e-02 1.086986e-02 9.041870e-03 7.557448e-03 6.479021e-03 5.798840e-03 5.370117e-03 5.032195e-03 4.738221e-03 4.483553e-03 4.315000e-03 4.179679e-03 4.066977e-03 3.984446e-03 3.994130e-03 4.093238e-03 4.211866e-03 4.357935e-03 4.431947e-03 4.082234e-03 3.134917e-03 2.155629e-03 1.607248e-03 1.526903e-03 1.746273e-03 1.897534e-03 1.612738e-03 1.146213e-03 8.800583e-04 8.178316e-04 8.245530e-04 7.529766e-04 5.618460e-04 3.547856e-04 2.086916e-04 1.328117e-04 1.005299e-04 8.396117e-05 6.523776e-05 4.688204e-05 3.251773e-05 2.031108e-05 9.555653e-06 3.262907e-06 9.896532e-07 3.182797e-07 1.225764e-07 5.083703e-08 1.851043e-08 5.647455e-09 1.709707e-09 3.879715e-10 5.564505e-11 4.558075e-12 3.179197e-13 3.053494e-14 5.159397e-15 1.681969e-15 1.116531e-15 1.371352e-15 2.208255e-15 5.394291e-15 8.330733e-15 1.286982e-14 8.960675e-15 4.555350e-15 1.927611e-15 6.552367e-16 2.512040e-16 8.513355e-17 5.238507e-17 2.898186e-17 1.459477e-17 5.429926e-18 7.652486e-19 7.214070e-20 3.166942e-21 8.855097e-23 1.687985e-24 1.032771e-26 3.956784e-29 1.388698e-32 3.287339e-36 8.438900e-41 2.802597e-45 0.000000e+00 0.000000e+00 0.000000e+00
0.000000e+00 1.709584e-43 2.560385e-27 1.356550e-19 4.327732e-15 2.080289e-11 1.181976e-08 2.843361e-07 3.059139e-06 3.157105e-05 1.328529e-04 2.018636e-04 1.773494e-04 2.651001e-04 4.634584e-04 7.117620e-04 1.004462e-03 1.632900e-03 2.080151e-03 2.116839e-03 2.484509e-03 3.304501e-03 4.269155e-03 4.341944e-03 5.371021e-03 5.369609e-03 5.579600e-03 5.438338e-03 5.643355e-03 6.153017e-03 5.568981e-03 5.407134e-03 4.670273e-03 4.562636e-03 4.835545e-03 4.795175e-03 5.450409e-03 5.652014e-03 7.268482e-03 8.760334e-03 1.027037e-02 1.204564e-02 1.211770e-02 1.456630e-02 1.545846e-02 1.706499e-02 1.973413e-02 1.969476e-02 2.248317e-02 2.320452e-02 2.428138e-02 2.928953e-02 3.153499e-02 3.706382e-02 4.173074e-02 4.345344e-02 5.066203e-02 5.431186e-02 5.889604e-02 6.637954e-02 6.605785e-02 6.931180e-02 7.123264e-02 6.269207e-02 6.165142e-02 6.387127e-02 5.731365e-02 5.364662e-02 5.349663e-02 4.864924e-02 4.669714e-02 4.781176e-02 4.468682e-02 4.395838e-02 4.678455e-02 4.304241e-02 3.924076e-02 4.226988e-02 4.327398e-02 3.849813e-02 3.746458e-02 4.004135e-02 3.889500e-02 3.508383e-02 3.349539e-02 3.365088e-02 3.334254e-02 3.263017e-02 3.205757e-02 3.092667e-02 2.877784e-02 2.614121e-02 2.352633e-02 2.095704e-02 1.826092e-02 1.559966e-02 1.317101e-02 1.106365e-02 9.356545e-03 7.993541e-03 6.876261e-03 5.853496e-03 4.963751e-03 4.333302e-03 3.971315e-03 3.770928e-03 3.556307e-03 3.324949e-03 3.154310e-03 3.091579e-03 3.068111e-03 3.039045e-03 2.986383e-03 2.869939e-03 2.748221e-03 2.764361e-03 2.961860e-03 2.994836e-03 2.450420e-03 1.587700e-03 1.008733e-03 8.121944e-04 8.786113e-04 1.005866e-03 9.480710e-04 7.328704e-04 5.471694e-04 4.612407e-04 4.397600e-04 4.264716e-04 3.629146e-04 2.491265e-04 1.502246e-04 9.139952e-05 5.972059e-05 3.615214e-05 1.978970e-05 1.083063e-05 6.706962e-06 4.174329e-06 2.355140e-06 9.334823e-07 2.584537e-07 6.682598e-08 1.866801e-08 5.210979e-09 1.286919e-09 2.471733e-10 3.685339e-11 3.173606e-12 1.741933e-13 1.293316e-14 2.105545e-15 8.980187e-16 7.267041e-16 9.433694e-16 1.688740e-15 3.664474e-15 5.800630e-15 8.435470e-15 5.963160e-15 3.119474e-15 1.232217e-15 5.898768e-16 4.839543e-16 2.470262e-16 1.463507e-16 5.118603e-17 2.319228e-17 7.829604e-18 2.220459e-18 3.364589e-19 2.179815e-20 8.206022e-22 1.198866e-23 1.018858e-25 5.080637e-28 6.583073e-31 2.999586e-34 1.560582e-38 3.152922e-43 0.000000e+00 0.000000e+00 0.000000e+00 0.000000e+00
5.130154e-42 8.871513e-21 3.690746e-16 3.260184e-13 1.226780e-10 4.963411e-09 1.955365e-07 6.919617e-06 2.869551e-05 6.005164e-05 1.929702e-04 4.992659e-04 6.968444e-04 5.640268e-04 6.518053e-04 8.599124e-04 1.187762e-03 1.517728e-03 2.411721e-03 3.185488e-03 3.349188e-03 3.685268e-03 4.658130e-03 6.277859e-03 6.552318e-03 8.337676e-03 8.704383e-03 9.383280e-03 9.272610e-03 9.719470e-03 1.064308e-02 9.950927e-03 9.485445e-03 8.114532e-03 7.481007e-03 7.472973e-03 7.195805e-03 7.577236e-03 7.375212e-03 8.947935e-03 1.070153e-02 1.303960e-02 1.570300e-02 1.615562e-02 1.945498e-02 2.025918e-02 2.240879e-02 2.553820e-02 2.506502e-02 2.901421e-02 2.968290e-02 3.071243e-02 3.595675e-02 3.745260e-02 4.425212e-02 5.048205e-02 5.354350e-02 6.421328e-02 6.918813e-02 7.543841e-02 8.800569e-02 8.706354e-02 8.961336e-02 9.721029e-02 8.633070e-02 8.010618e-02 8.285305e-02 7.527559e-02 6.918914e-02 6.766146e-02 6.159282e-02 6.016648e-02 6.055614e-02 5.258337e-02 5.044556e-02 5.584245e-02 5.101615e-02 4.267256e-02 4.446832e-02 4.685619e-02 4.034739e-02 3.597113e-02 3.780898e-02 3.819517e-02 3.396114e-02 3.077817e-02 3.047385e-02 3.062984e-02 2.953366e-02 2.797140e-02 2.629148e-02 2.422994e-02 2.170110e-02 1.896935e-02 1.642807e-02 1.411644e-02 1.193558e-02 9.929231e-03 8.235753e-03 6.963411e-03 6.072064e-03 5.369896e-03 4.675339e-03 3.970998e-03 3.392047e-03 3.048811e-03 2.865783e-03 2.718286e-03 2.548167e-03 2.412443e-03 2.334498e-03 2.304189e-03 2.307129e-03 2.251303e-03 2.044098e-03 1.763721e-03 1.623489e-03 1.713382e-03 1.909397e-03 1.776934e-03 1.215263e-03 7.116626e-04 4.960807e-04 4.671761e-04 5.158957e-04 5.234114e-04 4.410885e-04 3.351798e-04 2.587133e-04 2.248027e-04 2.083525e-04 1.777430e-04 1.260718e-04 8.427747e-05 5.856120e-05 3.699692e-05 1.836870e-05 7.188092e-06 2.683059e-06 1.211150e-06 6.769999e-07 3.318391e-07 1.136173e-07 2.744934e-08 6.297509e-09 1.322887e-09 2.047619e-10 2.513999e-11 2.389874e-12 1.465359e-13 7.964585e-15 7.073033e-16 2.330604e-16 2.352735e-16 4.891005e-16 1.343022e-15 3.396982e-15 5.929254e-15 6.851300e-15 4.305268e-15 2.295013e-15 8.977468e-16 3.252028e-16 1.979012e-16 1.647536e-16 1.906400e-16 1.369386e-16 9.871271e-17 2.988042e-17 1.001937e-17 1.682193e-18 1.903709e-19 1.121293e-20 3.104231e-22 3.681996e-24 1.274324e-26 1.816170e-29 8.458312e-33 1.464311e-36 4.051714e-41 0.000000e+00 0.000000e+00 0.000000e+00 0.000000e+00 0.000000e+00
1.120626e-34 3.618334e-23 6.983088e-16 2.511751e-12 3.879338e-10 4.143617e-08 4.096220e-07 2.815086e-06 3.698576e-05 1.051397e-04 1.410012e-04 3.146847e-04 7.393992e-04 1.177277e-03 1.082492e-03 1.218329e-03 1.391020e-03 1.801325e-03 2.248704e-03 3.684565e-03 5.196241e-03 6.074599e-03 6.682360e-03 8.067413e-03 1.062707e-02 1.127788e-02 1.390216e-02 1.475780e-02 1.591006e-02 1.592598e-02 1.701891e-02 1.875271e-02 1.880904e-02 1.760320e-02 1.532677e-02 1.359413e-02 1.281609e-02 1.230030e-02 1.212308e-02 1.118380e-02 1.231381e-02 1.388664e-02 1.729106e-02 2.091449e-02 2.236572e-02 2.699018e-02 2.721550e-02 3.040185e-02 3.429352e-02 3.293387e-02 3.838817e-02 3.892332e-02 3.970343e-02 4.631378e-02 4.591645e-02 5.239242e-02 6.017445e-02 6.250973e-02 7.676362e-02 8.589360e-02 9.069718e-02 1.093763e-01 1.117692e-01 1.084061e-01 1.201495e-01 1.130167e-01 1.011258e-01 1.021512e-01 9.629123e-02 9.109620e-02 8.791029e-02 7.956787e-02 8.109413e-02 8.446112e-02 7.076756e-02 6.381518e-02 7.103091e-02 6.740543e-02 5.340511e-02 5.118179e-02 5.470190e-02 4.837524e-02 3.978044e-02 3.890797e-02 4.068710e-02 3.725329e-02 3.177834e-02 2.956803e-02 2.963498e-02 2.876678e-02 2.620250e-02 2.329045e-02 2.074605e-02 1.835312e-02 1.572323e-02 1.312401e-02 1.094809e-02 9.218055e-03 7.736384e-03 6.448785e-03 5.464338e-03 4.793163e-03 4.298484e-03 3.822454e-03 3.296296e-03 2.827794e-03 2.495656e-03 2.299979e-03 2.181151e-03 2.078028e-03 1.933004e-03 1.747206e-03 1.615884e-03 1.585075e-03 1.570377e-03 1.411554e-03 1.134617e-03 9.305570e-04 9.206898e-04 1.063641e-03 1.125912e-03 8.722435e-04 5.300058e-04 3.282624e-04 2.631348e-04 2.695517e-04 2.915294e-04 2.719471e-04 2.139562e-04 1.627615e-04 1.286292e-04 1.011648e-04 7.025641e-05 4.538937e-05 3.085759e-05 2.343590e-05 1.681007e-05 9.198761e-06 3.394672e-06 1.061792e-06 3.786189e-07 1.468895e-07 4.381613e-08 9.888748e-09 1.889152e-09 2.680682e-10 2.475509e-11 1.626229e-12 1.001809e-13 6.898047e-15 5.552911e-16 1.065687e-16 6.425371e-17 1.180264e-16 3.809875e-16 1.385343e-15 3.604836e-15 4.792841e-15 3.238001e-15 1.704474e-15 1.065815e-15 7.143350e-16 4.254578e-16 2.332558e-16 1.533538e-16 1.054041e-16 1.021695e-16 5.905202e-17 2.839556e-17 5.506615e-18 9.597715e-19 5.817400e-20 2.763350e-21 4.906091e-23 4.228170e-25 1.057102e-27 4.658120e-31 8.738129e-35 3.076814e-39 8.547921e-44 0.000000e+00 0.000000e+00 0.000000e+00 0.000000e+00 0.000000e+00
9.986497e-22 1.774361e-25 3.711297e-19 3.715796e-14 8.650503e-11 8.117026e-09 5.300863e-07 3.017491e-06 8.639611e-06 6.334641e-05 1.688524e-04 1.988215e-04 3.603906e-04 8.211330e-04 1.467247e-03 1.616354e-03 1.970312e-03 2.226356e-03 2.638695e-03 3.263029e-03 5.489429e-03 8.278522e-03 1.064490e-02 1.193961e-02 1.437671e-02 1.807073e-02 1.995749e-02 2.310639e-02 2.538370e-02 2.645996e-02 2.686808e-02 2.906565e-02 3.216210e-02 3.597903e-02 3.362750e-02 3.051581e-02 2.652694e-02 2.375936e-02 2.301941e-02 2.177657e-02 1.972322e-02 1.992034e-02 2.030230e-02 2.474619e-02 2.909572e-02 3.205871e-02 3.889129e-02 3.795956e-02 4.257764e-02 4.763499e-02 4.486655e-02 5.277494e-02 5.255471e-02 5.237683e-02 6.225021e-02 5.920489e-02 6.432011e-02 7.366980e-02 7.188171e-02 8.646230e-02 1.012242e-01 1.017936e-01 1.226395e-01 1.342067e-01 1.238313e-01 1.347955e-01 1.388760e-01 1.246442e-01 1.221049e-01 1.223502e-01 1.210317e-01 1.151001e-01 1.046292e-01 1.085156e-01 1.149644e-01 9.796431e-02 8.475087e-02 9.067064e-02 8.963398e-02 7.178260e-02 6.329677e-02 6.572938e-02 6.120792e-02 4.919508e-02 4.388570e-02 4.575129e-02 4.454479e-02 3.740177e-02 3.174937e-02 3.023564e-02 2.966372e-02 2.692438e-02 2.278266e-02 1.912693e-02 1.631585e-02 1.369719e-02 1.108485e-02 8.966653e-03 7.471994e-03 6.347090e-03 5.376418e-03 4.580801e-03 4.021092e-03 3.645340e-03 3.314455e-03 2.959000e-03 2.577620e-03 2.226118e-03 1.957825e-03 1.798186e-03 1.697246e-03 1.537985e-03 1.306377e-03 1.104841e-03 1.018506e-03 1.003922e-03 9.257213e-04 7.309529e-04 5.525798e-04 4.922362e-04 5.547006e-04 6.532099e-04 6.143904e-04 4.143903e-04 2.422146e-04 1.598179e-04 1.395500e-04 1.452084e-04 1.456391e-04 1.276993e-04 1.064705e-04 8.489055e-05 5.660917e-05 3.124391e-05 1.626735e-05 9.712963e-06 7.381640e-06 5.902199e-06 3.401996e-06 1.336914e-06 4.426731e-07 1.363110e-07 3.343404e-08 5.903728e-09 7.925400e-10 8.266856e-11 4.856165e-12 1.914052e-13 8.833164e-15 6.345025e-16 1.134529e-16 5.755253e-17 6.865000e-17 1.336777e-16 3.399106e-16 7.505701e-16 1.149464e-15 1.196186e-15 6.900809e-16 3.846152e-16 3.298488e-16 4.233303e-16 4.989251e-16 5.196684e-16 3.652332e-16 2.194075e-16 1.222688e-16 6.695042e-17 1.743440e-17 4.010730e-18 3.304347e-19 2.049378e-20 3.593826e-22 3.173302e-24 9.098622e-27 1.034253e-29 3.393109e-33 2.027008e-37 6.200746e-42 0.000000e+00 0.000000e+00 0.000000e+00 0.000000e+00 0.000000e+00 0.000000e+00
1.079055e-17 2.709096e-22 7.503858e-21 1.749524e-16 1.657836e-12 1.165946e-09 5.566787e-08 2.099748e-06 8.419079e-06 1.578551e-05 8.065735e-05 2.222085e-04 2.654929e-04 3.999528e-04 8.727169e-04 1.639320e-03 2.115871e-03 2.829899e-03 3.579687e-03 3.946346e-03 4.717109e-03 7.551420e-03 1.228079e-02 1.674240e-02 1.897227e-02 2.310139e-02 2.767964e-02 3.260563e-02 3.549866e-02 4.147766e-02 4.175648e-02 4.281778e-02 4.633482e-02 5.011032e-02 6.318550e-02 6.163124e-02 5.900918e-02 5.267447e-02 4.509566e-02 4.482684e-02 4.158972e-02 3.784614e-02 3.685533e-02 3.355230e-02 3.858121e-02 4.249140e-02 4.720695e-02 5.727156e-02 5.438961e-02 6.099328e-02 6.654453e-02 6.173874e-02 7.380299e-02 7.088111e-02 6.896377e-02 8.334663e-02 7.631950e-02 8.033270e-02 9.206033e-02 8.255221e-02 9.295528e-02 1.113697e-01 1.064795e-01 1.243975e-01 1.464984e-01 1.349476e-01 1.424001e-01 1.595239e-01 1.501064e-01 1.424717e-01 1.478652e-01 1.532854e-01 1.443465e-01 1.307465e-01 1.356000e-01 1.438096e-01 1.273151e-01 1.097842e-01 1.109089e-01 1.120958e-01 9.491216e-02 7.960960e-02 7.752674e-02 7.570054e-02 6.343510e-02 5.286020e-02 5.173265e-02 5.241652e-02 4.563173e-02 3.644387e-02 3.173628e-02 3.033633e-02 2.795435e-02 2.344182e-02 1.891565e-02 1.557624e-02 1.285078e-02 1.027400e-02 8.140910e-03 6.686372e-03 5.719920e-03 4.948732e-03 4.307964e-03 3.826309e-03 3.436338e-03 3.109603e-03 2.812878e-03 2.484525e-03 2.085831e-03 1.716320e-03 1.478030e-03 1.341363e-03 1.198410e-03 9.775477e-04 7.664947e-04 6.544022e-04 6.284723e-04 5.913160e-04 4.743829e-04 3.397837e-04 2.667074e-04 2.708492e-04 3.370640e-04 3.875641e-04 3.239363e-04 1.964160e-04 1.145057e-04 7.950984e-05 6.828459e-05 6.530404e-05 6.372750e-05 5.909858e-05 4.869319e-05 3.249263e-05 1.673807e-05 7.935496e-06 4.568409e-06 3.249753e-06 2.152572e-06 9.937859e-07 3.533620e-07 1.084434e-07 2.323009e-08 3.048824e-09 3.368003e-10 2.970367e-11 1.725385e-12 6.668213e-14 2.274743e-15 1.781839e-16 6.336213e-17 7.242604e-17 1.417825e-16 2.777751e-16 3.490650e-16 3.150548e-16 3.127793e-16 3.087385e-16 3.103397e-16 2.148239e-16 1.928213e-16 1.965269e-16 2.571292e-16 3.806698e-16 4.161780e-16 2.638766e-16 1.448421e-16 4.532247e-17 1.178748e-17 1.565875e-18 1.118624e-19 3.235068e-21 3.627926e-23 1.160679e-25 1.057198e-28 4.064290e-32 5.583936e-36 3.721484e-40 8.407791e-45 0.000000e+00 0.000000e+00 0.000000e+00 0.000000e+00 0.000000e+00 0.000000e+00
8.110180e-19 1.376685e-17 3.331444e-20 2.331073e-17 2.585855e-14 3.733668e-11 6.405519e-09 1.412216e-07 3.682016e-06 1.246884e-05 2.101870e-05 8.286137e-05 2.481442e-04 3.224320e-04 4.518533e-04 9.260860e-04 1.798054e-03 2.660752e-03 3.795980e-03 5.614698e-03 6.116762e-03 7.199878e-03 9.771873e-03 1.685293e-02 2.368355e-02 2.749674e-02 3.330140e-02 3.768839e-02 4.744910e-02 4.952857e-02 6.218691e-02 6.206207e-02 6.408422e-02 6.886064e-02 6.920274e-02 9.428336e-02 9.992739e-02 1.021333e-01 9.846339e-02 8.146718e-02 8.419646e-02 7.776592e-02 7.226447e-02 7.109621e-02 5.995793e-02 6.419165e-02 6.472316e-02 7.061959e-02 8.465065e-02 7.877994e-02 8.825632e-02 9.219213e-02 8.396938e-02 1.015867e-01 9.355459e-02 8.854333e-02 1.076161e-01 9.480134e-02 9.717135e-02 1.130237e-01 9.464892e-02 9.754431e-02 1.155189e-01 1.069731e-01 1.185194e-01 1.454305e-01 1.416735e-01 1.447238e-01 1.673589e-01 1.709704e-01 1.585952e-01 1.630054e-01 1.768188e-01 1.671508e-01 1.520080e-01 1.595872e-01 1.672182e-01 1.513400e-01 1.343798e-01 1.302692e-01 1.278648e-01 1.138590e-01 9.659109e-02 8.896527e-02 8.612982e-02 7.623374e-02 6.364909e-02 5.818262e-02 5.741481e-02 5.173279e-02 4.132749e-02 3.359921e-02 2.999639e-02 2.725129e-02 2.311875e-02 1.876533e-02 1.537255e-02 1.267088e-02 1.018215e-02 8.170623e-03 6.881298e-03 5.972167e-03 5.211907e-03 4.601423e-03 4.098445e-03 3.621288e-03 3.150607e-03 2.768171e-03 2.387087e-03 1.941458e-03 1.516295e-03 1.224918e-03 1.071135e-03 9.400095e-04 7.540965e-04 5.632431e-04 4.496198e-04 4.111035e-04 3.906579e-04 3.255850e-04 2.280927e-04 1.600164e-04 1.385820e-04 1.591722e-04 2.029313e-04 2.083534e-04 1.520326e-04 8.879176e-05 5.228947e-05 3.503896e-05 2.770789e-05 2.532513e-05 2.388894e-05 2.024058e-05 1.382597e-05 7.537927e-06 3.917408e-06 2.384545e-06 1.450664e-06 6.985074e-07 2.638804e-07 7.467482e-08 1.228401e-08 1.213979e-09 9.161659e-11 7.473985e-12 6.172757e-13 3.080955e-14 1.299368e-15 1.343776e-16 5.449092e-17 7.260841e-17 1.360222e-16 1.907780e-16 1.744343e-16 1.161385e-16 7.851829e-17 1.343870e-16 1.951794e-16 3.419671e-16 4.341912e-16 4.426691e-16 4.717166e-16 5.629973e-16 5.001836e-16 3.340421e-16 1.196938e-16 2.955894e-17 4.518166e-18 3.664418e-19 1.524879e-20 1.563814e-22 9.246498e-25 9.872679e-28 6.000644e-31 6.585261e-35 6.085985e-39 2.438259e-43 0.000000e+00 0.000000e+00 0.000000e+00 0.000000e+00 0.000000e+00 0.000000e+00 0.000000e+00
1.773986e-16 2.145985e-17 1.065576e-16 2.764506e-17 7.443477e-15 9.931089e-13 2.442470e-10 1.475463e-08 1.755511e-07 3.846378e-06 1.240703e-05 2.336919e-05 7.323779e-05 2.508351e-04 3.563651e-04 5.327402e-04 9.877380e-04 1.944473e-03 3.183833e-03 4.842124e-03 8.145792e-03 9.136792e-03 1.126422e-02 1.232286e-02 2.102014e-02 2.950135e-02 3.698901e-02 4.453216e-02 4.775533e-02 6.304505e-02 6.483919e-02 8.513297e-02 8.733752e-02 9.104617e-02 9.911519e-02 9.111682e-02 1.213981e-01 1.393518e-01 1.512773e-01 1.635650e-01 1.346907e-01 1.433089e-01 1.341329e-01 1.276647e-01 1.301787e-01 1.091354e-01 1.102445e-01 1.030773e-01 1.078269e-01 1.249391e-01 1.157507e-01 1.281731e-01 1.275998e-01 1.146281e-01 1.353135e-01 1.209822e-01 1.114059e-01 1.313596e-01 1.131576e-01 1.120980e-01 1.303039e-01 1.079850e-01 1.033298e-01 1.167122e-01 1.086887e-01 1.127410e-01 1.363678e-01 1.435743e-01 1.433492e-01 1.636147e-01 1.800170e-01 1.670390e-01 1.692794e-01 1.906157e-01 1.818819e-01 1.663798e-01 1.784497e-01 1.857947e-01 1.667714e-01 1.505948e-01 1.437211e-01 1.346188e-01 1.199136e-01 1.050165e-01 9.573283e-02 8.971716e-02 8.076655e-02 6.946930e-02 6.192621e-02 5.864400e-02 5.307280e-02 4.294575e-02 3.405374e-02 2.923563e-02 2.603446e-02 2.201063e-02 1.775626e-02 1.476663e-02 1.281573e-02 1.101360e-02 9.422185e-03 8.170200e-03 7.167324e-03 6.217139e-03 5.330043e-03 4.567798e-03 3.843209e-03 3.244829e-03 2.752260e-03 2.323079e-03 1.861289e-03 1.404188e-03 1.072308e-03 8.802291e-04 7.514352e-04 5.972982e-04 4.360206e-04 3.283680e-04 2.886505e-04 2.823586e-04 2.525817e-04 1.822489e-04 1.117588e-04 7.792455e-05 7.406411e-05 9.072171e-05 1.096915e-04 1.021714e-04 6.723288e-05 3.482249e-05 1.808677e-05 1.119026e-05 8.364921e-06 7.162449e-06 5.737781e-06 3.525371e-06 1.784928e-06 8.909130e-07 4.569932e-07 2.260685e-07 9.427544e-08 3.099881e-08 5.862752e-09 5.023172e-10 2.519101e-11 1.528019e-12 1.134988e-13 8.900744e-15 8.313325e-16 1.494210e-16 7.865467e-17 6.712371e-17 5.720760e-17 6.268534e-17 7.143591e-17 4.749766e-17 4.742508e-17 4.985429e-17 9.399042e-17 2.016625e-16 5.083757e-16 9.067076e-16 1.149079e-15 1.317937e-15 1.021326e-15 5.525786e-16 1.777366e-16 2.741351e-17 2.133649e-18 9.654304e-20 1.104832e-21 6.285282e-24 5.494299e-27 4.506277e-30 6.281728e-34 1.233043e-37 3.850768e-42 0.000000e+00 0.000000e+00 0.000000e+00 0.000000e+00 0.000000e+00 0.000000e+00 0.000000e+00 0.000000e+00
1.279349e-15 6.916893e-16 7.534480e-16 3.739140e-15 5.851944e-15 2.919578e-13 1.053597e-11 6.328701e-10 2.184589e-08 1.844772e-07 3.361375e-06 1.051675e-05 2.512915e-05 6.573209e-05 2.581109e-04 3.847490e-04 6.631020e-04 1.101234e-03 2.145896e-03 3.617116e-03 5.945627e-03 1.081561e-02 1.237966e-02 1.678433e-02 1.573376e-02 2.476048e-02 3.267672e-02 4.537224e-02 5.668695e-02 5.803747e-02 7.962922e-02 8.174635e-02 1.087881e-01 1.171539e-01 1.205980e-01 1.397859e-01 1.200188e-01 1.486885e-01 1.732024e-01 1.925479e-01 2.347947e-01 1.995587e-01 2.139243e-01 2.070104e-01 1.991637e-01 2.098402e-01 1.865037e-01 1.824989e-01 1.657074e-01 1.660320e-01 1.800764e-01 1.713022e-01 1.843507e-01 1.754129e-01 1.581388e-01 1.743665e-01 1.540229e-01 1.390501e-01 1.531807e-01 1.311970e-01 1.252211e-01 1.411998e-01 1.222554e-01 1.125032e-01 1.200434e-01 1.153620e-01 1.126811e-01 1.292463e-01 1.442106e-01 1.427681e-01 1.591316e-01 1.820269e-01 1.723657e-01 1.747997e-01 1.986097e-01 1.906031e-01 1.750530e-01 1.867744e-01 1.902386e-01 1.674380e-01 1.514250e-01 1.430443e-01 1.285439e-01 1.115434e-01 1.006920e-01 9.296664e-02 8.474778e-02 7.526793e-02 6.615451e-02 5.958214e-02 5.547977e-02 5.036599e-02 4.137526e-02 3.248835e-02 2.714533e-02 2.430335e-02 2.129639e-02 1.773630e-02 1.508186e-02 1.356426e-02 1.255125e-02 1.131729e-02 9.976577e-03 8.623353e-03 7.295328e-03 6.087693e-03 4.938698e-03 4.027810e-03 3.319582e-03 2.812967e-03 2.350574e-03 1.835164e-03 1.346590e-03 1.003740e-03 8.149300e-04 6.850158e-04 5.361667e-04 3.737820e-04 2.623072e-04 2.146020e-04 2.079838e-04 2.016228e-04 1.512710e-04 8.925987e-05 5.080300e-05 3.821978e-05 3.985691e-05 4.862372e-05 5.203648e-05 4.014927e-05 2.187817e-05 9.822697e-06 4.643791e-06 2.684840e-06 1.765538e-06 1.060650e-06 5.019363e-07 1.969417e-07 7.469477e-08 2.668870e-08 9.601900e-09 3.510660e-09 9.990451e-10 1.383496e-10 8.777405e-12 3.728443e-13 1.787074e-14 1.238059e-15 1.507007e-16 5.251736e-17 4.077639e-17 2.645572e-17 1.773032e-17 1.949568e-17 2.846999e-17 4.395068e-17 6.050768e-17 8.485173e-17 1.097007e-16 1.885967e-16 3.984760e-16 5.786391e-16 7.594245e-16 6.604036e-16 4.523307e-16 2.207087e-16 6.399710e-17 7.590898e-18 3.658730e-19 5.898051e-21 3.719550e-23 5.885694e-26 3.408302e-29 5.179430e-33 1.093155e-36 6.485209e-41 9.809089e-45 0.000000e+00 0.000000e+00 0.000000e+00 0.000000e+00 0.000000e+00 0.000000e+00 0.000000e+00 0.000000e+00
5.508975e-15 1.639638e-14 6.332442e-15 2.514964e-14 8.405290e-14 1.730563e-13 2.853704e-12 5.323883e-11 1.218130e-09 2.953897e-08 2.204867e-07 3.045664e-06 8.984287e-06 2.701480e-05 6.408548e-05 2.754462e-04 4.051132e-04 8.314234e-04 1.297496e-03 2.515408e-03 3.942446e-03 6.987547e-03 1.356501e-02 1.531316e-02 2.313460e-02 2.044187e-02 3.030613e-02 3.482262e-02 5.082086e-02 6.884212e-02 6.758677e-02 9.672955e-02 9.705711e-02 1.320464e-01 1.495277e-01 1.500072e-01 1.884930e-01 1.564960e-01 1.837838e-01 2.052051e-01 2.212912e-01 2.938686e-01 2.671952e-01 2.833036e-01 2.901446e-01 2.776935e-01 2.970660e-01 2.865077e-01 2.757969e-01 2.564102e-01 2.504787e-01 2.522202e-01 2.483696e-01 2.617046e-01 2.428266e-01 2.187466e-01 2.260730e-01 1.973836e-01 1.743077e-01 1.792978e-01 1.520490e-01 1.396652e-01 1.505300e-01 1.385029e-01 1.261550e-01 1.295238e-01 1.288179e-01 1.211056e-01 1.313416e-01 1.481462e-01 1.462763e-01 1.604061e-01 1.828452e-01 1.740980e-01 1.775787e-01 1.998689e-01 1.877532e-01 1.693441e-01 1.767129e-01 1.747840e-01 1.489844e-01 1.325005e-01 1.266878e-01 1.123226e-01 9.491558e-02 8.709118e-02 8.367340e-02 7.596204e-02 6.570539e-02 5.755769e-02 5.233787e-02 4.886231e-02 4.484358e-02 3.831902e-02 3.077753e-02 2.557044e-02 2.284343e-02 2.098806e-02 1.889184e-02 1.672278e-02 1.525991e-02 1.407102e-02 1.265440e-02 1.083139e-02 9.022582e-03 7.557003e-03 6.225531e-03 5.067993e-03 4.034729e-03 3.317036e-03 2.867439e-03 2.470165e-03 1.943203e-03 1.372454e-03 9.639600e-04 7.446915e-04 6.369912e-04 5.265119e-04 3.813676e-04 2.459848e-04 1.743875e-04 1.552749e-04 1.516917e-04 1.261987e-04 7.576917e-05 3.917706e-05 2.270260e-05 1.826779e-05 1.910404e-05 2.073836e-05 1.788200e-05 1.063795e-05 4.576780e-06 1.760777e-06 7.397804e-07 3.229700e-07 1.264772e-07 4.125704e-08 1.172754e-08 2.792805e-09 6.303719e-10 1.631228e-10 5.229967e-11 1.348459e-11 1.939594e-12 1.386449e-13 6.859014e-15 3.152190e-16 2.728599e-17 9.822752e-18 8.239720e-18 7.186044e-18 5.357878e-18 6.227946e-18 9.808200e-18 2.230849e-17 6.337855e-17 1.819052e-16 3.400942e-16 6.600350e-16 8.635662e-16 9.628642e-16 6.636408e-16 3.462437e-16 1.131044e-16 2.895795e-17 3.865406e-18 2.458951e-19 5.597885e-21 4.069502e-23 1.333406e-25 1.214469e-28 5.157204e-32 6.943582e-36 7.138649e-40 9.108440e-44 0.000000e+00 0.000000e+00 0.000000e+00 0.000000e+00 0.000000e+00 0.000000e+00 0.000000e+00 0.000000e+00 0.000000e+00
9.563017e-14 5.735469e-14 1.206025e-13 7.668164e-14 3.261018e-13 8.100444e-13 1.457982e-12 1.606655e-11 2.115501e-10 2.444754e-09 4.115423e-08 3.095952e-07 3.263647e-06 8.877436e-06 2.923331e-05 6.861222e-05 3.086490e-04 4.311879e-04 1.007591e-03 1.573291e-03 3.134383e-03 4.142462e-03 7.645561e-03 1.597070e-02 1.818417e-02 2.918150e-02 2.626141e-02 3.902975e-02 3.900183e-02 5.398987e-02 7.845257e-02 7.566272e-02 1.120496e-01 1.081333e-01 1.501410e-01 1.799157e-01 1.793689e-01 2.383798e-01 2.025664e-01 2.293360e-01 2.454334e-01 2.491005e-01 3.352007e-01 3.307852e-01 3.448492e-01 3.740047e-01 3.595046e-01 3.806108e-01 3.940428e-01 3.745140e-01 3.616845e-01 3.551407e-01 3.376645e-01 3.403951e-01 3.573053e-01 3.342571e-01 3.018346e-01 2.985269e-01 2.578752e-01 2.231524e-01 2.158362e-01 1.837421e-01 1.627795e-01 1.661855e-01 1.603895e-01 1.458710e-01 1.466752e-01 1.483130e-01 1.363272e-01 1.428504e-01 1.536909e-01 1.483039e-01 1.626403e-01 1.799804e-01 1.657006e-01 1.668240e-01 1.850631e-01 1.684390e-01 1.445355e-01 1.460370e-01 1.444320e-01 1.204444e-01 1.042256e-01 1.024591e-01 9.483635e-02 7.994830e-02 7.313227e-02 7.369480e-02 6.872293e-02 5.844854e-02 5.034541e-02 4.658627e-02 4.437123e-02 4.104993e-02 3.617145e-02 3.076860e-02 2.610873e-02 2.302251e-02 2.131517e-02 1.981798e-02 1.812777e-02 1.621998e-02 1.436541e-02 1.230737e-02 1.011058e-02 8.245825e-03 6.760094e-03 5.673797e-03 4.654501e-03 3.732908e-03 3.060081e-03 2.688886e-03 2.433328e-03 2.013445e-03 1.449723e-03 9.665862e-04 6.936124e-04 5.665026e-04 4.913826e-04 3.633679e-04 2.284969e-04 1.445974e-04 1.148763e-04 1.116621e-04 1.011638e-04 6.690836e-05 3.212985e-05 1.504715e-05 9.000084e-06 7.494969e-06 7.181809e-06 6.163134e-06 3.575950e-06 1.387684e-06 4.351988e-07 1.258730e-07 3.433041e-08 9.105437e-09 2.205364e-09 4.078901e-10 5.849645e-11 8.712557e-12 1.784330e-12 4.928984e-13 1.160873e-13 1.727873e-14 1.491490e-15 8.567143e-17 8.495496e-18 3.072558e-18 3.142022e-18 4.169711e-18 5.234334e-18 7.333950e-18 1.140830e-17 2.074000e-17 6.352710e-17 1.918945e-16 5.081310e-16 9.275676e-16 1.406490e-15 1.117064e-15 7.684297e-16 2.136537e-16 3.728720e-17 3.020555e-18 1.434219e-19 2.790854e-21 2.733269e-23 9.294601e-26 1.353623e-28 1.231695e-31 3.562839e-35 9.554640e-39 1.015941e-42 0.000000e+00 0.000000e+00 0.000000e+00 0.000000e+00 0.000000e+00 0.000000e+00 0.000000e+00 0.000000e+00 0.000000e+00 0.000000e+00
6.836177e-13 3.191775e-13 4.627352e-13 6.043698e-13 5.736592e-13 2.118570e-12 4.895299e-12 8.052313e-12 7.863061e-11 8.071759e-10 5.609490e-09 6.206438e-08 5.048041e-07 4.532093e-06 1.115811e-05 3.278010e-05 7.812922e-05 3.659239e-04 5.003135e-04 1.176006e-03 1.860661e-03 3.902849e-03 4.266324e-03 7.589905e-03 1.688901e-02 2.070463e-02 3.362896e-02 3.220620e-02 4.897505e-02 4.627397e-02 5.725127e-02 8.478766e-02 8.199166e-02 1.216879e-01 1.155878e-01 1.571727e-01 2.003071e-01 2.019774e-01 2.723001e-01 2.521264e-01 2.744735e-01 2.927845e-01 2.832675e-01 3.592673e-01 3.830234e-01 3.890486e-01 4.424435e-01 4.350437e-01 4.453589e-01 4.879784e-01 4.588012e-01 4.548192e-01 4.596566e-01 4.234317e-01 4.326690e-01 4.531317e-01 4.368257e-01 4.076304e-01 3.925489e-01 3.416507e-01 2.921798e-01 2.694893e-01 2.368316e-01 2.024239e-01 1.975030e-01 1.921944e-01 1.709223e-01 1.712723e-01 1.693321e-01 1.516246e-01 1.591586e-01 1.580632e-01 1.439364e-01 1.586771e-01 1.696682e-01 1.454766e-01 1.410039e-01 1.545923e-01 1.370012e-01 1.103662e-01 1.085686e-01 1.112755e-01 9.416495e-02 8.026173e-02 8.203861e-02 8.170732e-02 7.027053e-02 6.393979e-02 6.718176e-02 6.679600e-02 5.642116e-02 4.694567e-02 4.350663e-02 4.292220e-02 4.047003e-02 3.574759e-02 3.064965e-02 2.617802e-02 2.286072e-02 2.046907e-02 1.867594e-02 1.687546e-02 1.507507e-02 1.307671e-02 1.080432e-02 8.576673e-03 6.671518e-03 5.426596e-03 4.558890e-03 3.816992e-03 3.099235e-03 2.542587e-03 2.252520e-03 2.116848e-03 1.900139e-03 1.440248e-03 9.417266e-04 6.145040e-04 4.744132e-04 4.031663e-04 3.248430e-04 2.122235e-04 1.274574e-04 8.804349e-05 7.720103e-05 7.017787e-05 4.936632e-05 2.447134e-05 1.002472e-05 4.616970e-06 2.839220e-06 2.190983e-06 1.517609e-06 8.037907e-07 2.928591e-07 7.868051e-08 1.664187e-08 3.149540e-09 5.351943e-10 8.296999e-11 9.888713e-12 1.081247e-12 1.452906e-13 2.496129e-14 4.577902e-15 7.948607e-16 9.546274e-17 9.996597e-18 1.718580e-18 8.897575e-19 1.200705e-18 1.919753e-18 4.680640e-18 1.445411e-17 3.812389e-17 8.916256e-17 2.392334e-16 4.881485e-16 8.170102e-16 1.042263e-15 7.600829e-16 4.765394e-16 1.596076e-16 3.525480e-17 2.799437e-18 1.032521e-19 1.402048e-21 1.349175e-23 4.403569e-26 1.149844e-28 8.938497e-32 7.684396e-35 3.066753e-38 1.366546e-41 4.203895e-45 0.000000e+00 0.000000e+00 0.000000e+00 0.000000e+00 0.000000e+00 0.000000e+00 0.000000e+00 0.000000e+00 0.000000e+00 0.000000e+00
1.849008e-12 2.432263e-12 1.151890e-12 2.486781e-12 2.331650e-12 3.131692e-12 1.153044e-11 2.464786e-11 4.169740e-11 3.429463e-10 3.081738e-09 1.500287e-08 1.063144e-07 8.619862e-07 7.112219e-06 1.672374e-05 3.800317e-05 8.804476e-05 4.239374e-04 6.257751e-04 1.338419e-03 2.085609e-03 4.580401e-03 4.406875e-03 7.048496e-03 1.588902e-02 2.211728e-02 3.591519e-02 3.741124e-02 5.669727e-02 5.399227e-02 6.125920e-02 8.831966e-02 8.680174e-02 1.225433e-01 1.183227e-01 1.513011e-01 2.043578e-01 2.061310e-01 2.766140e-01 2.866992e-01 3.015446e-01 3.345307e-01 3.162186e-01 3.728087e-01 4.161303e-01 4.064070e-01 4.813874e-01 4.839990e-01 4.795831e-01 5.497537e-01 5.145977e-01 5.144243e-01 5.380488e-01 4.983772e-01 5.050390e-01 5.278353e-01 5.213906e-01 5.026660e-01 4.884291e-01 4.412369e-01 3.749685e-01 3.445142e-01 3.147633e-01 2.608126e-01 2.501872e-01 2.370913e-01 2.023516e-01 2.034483e-01 1.900726e-01 1.654316e-01 1.749811e-01 1.603460e-01 1.345794e-01 1.464819e-01 1.521540e-01 1.209390e-01 1.100807e-01 1.191717e-01 1.058382e-01 8.254183e-02 7.977843e-02 8.644220e-02 7.754635e-02 6.640034e-02 6.998884e-02 7.520335e-02 6.722908e-02 5.956472e-02 6.317557e-02 6.776846e-02 5.939873e-02 4.718183e-02 4.138792e-02 4.031788e-02 3.833172e-02 3.327116e-02 2.752315e-02 2.322633e-02 2.019397e-02 1.783897e-02 1.557223e-02 1.366128e-02 1.209137e-02 1.057623e-02 8.897150e-03 6.933382e-03 5.283745e-03 4.179668e-03 3.531763e-03 3.029382e-03 2.503178e-03 2.024506e-03 1.726166e-03 1.631778e-03 1.565858e-03 1.281950e-03 8.356548e-04 5.126390e-04 3.616701e-04 3.114037e-04 2.628465e-04 1.818979e-04 1.051638e-04 6.382909e-05 4.791499e-05 4.122798e-05 3.047403e-05 1.565834e-05 5.890368e-06 2.069183e-06 8.416882e-07 4.021092e-07 1.985995e-07 8.581023e-08 3.270645e-08 9.189979e-09 1.786682e-09 2.609988e-10 3.056859e-11 2.848952e-12 2.660346e-13 2.500046e-14 2.570246e-15 3.007266e-16 3.958379e-17 6.698047e-18 1.403244e-18 5.443723e-19 5.529773e-19 7.648925e-19 1.415919e-18 4.033470e-18 1.763636e-17 6.594946e-17 2.541836e-16 6.880402e-16 1.555289e-15 2.221188e-15 2.040977e-15 8.879713e-16 2.148186e-16 2.855110e-17 2.067353e-18 7.819800e-20 1.042270e-21 7.030492e-24 1.755195e-26 5.207004e-29 4.034375e-32 6.126320e-35 1.907582e-38 3.387919e-41 9.809089e-45 0.000000e+00 0.000000e+00 0.000000e+00 0.000000e+00 0.000000e+00 0.000000e+00 0.000000e+00 0.000000e+00 0.000000e+00 0.000000e+00 0.000000e+00
9.588319e-12 6.313880e-12 6.742503e-12 4.879808e-12 1.035427e-11 9.944101e-12 1.592564e-11 5.946697e-11 1.154408e-10 2.081074e-10 1.350706e-09 1.129612e-08 4.337296e-08 2.021751e-07 1.378349e-06 1.076955e-05 2.677781e-05 4.743320e-05 9.945259e-05 4.563394e-04 7.861833e-04 1.500415e-03 2.352702e-03 5.188895e-03 4.913884e-03 6.615668e-03 1.415003e-02 2.177544e-02 3.603025e-02 4.101697e-02 6.118909e-02 5.875308e-02 6.421608e-02 8.837119e-02 8.964287e-02 1.184691e-01 1.163497e-01 1.396491e-01 1.912606e-01 1.937789e-01 2.537771e-01 2.909622e-01 2.997853e-01 3.529080e-01 3.357769e-01 3.737826e-01 4.271054e-01 4.038885e-01 4.836558e-01 5.021996e-01 4.913106e-01 5.808780e-01 5.518557e-01 5.436529e-01 5.842771e-01 5.561972e-01 5.489893e-01 5.652182e-01 5.646328e-01 5.516748e-01 5.495094e-01 5.331645e-01 4.555660e-01 4.360067e-01 4.092304e-01 3.368068e-01 3.285204e-01 2.991880e-01 2.503429e-01 2.491012e-01 2.128400e-01 1.806705e-01 1.922870e-01 1.629912e-01 1.237971e-01 1.292667e-01 1.317667e-01 9.931148e-02 8.483437e-02 9.135235e-02 8.376474e-02 6.578177e-02 6.376082e-02 7.306261e-02 7.104434e-02 6.216784e-02 6.547581e-02 7.438567e-02 6.967122e-02 5.918780e-02 5.858280e-02 6.399617e-02 6.001390e-02 4.666740e-02 3.712201e-02 3.395136e-02 3.247164e-02 2.832735e-02 2.276326e-02 1.855903e-02 1.619388e-02 1.428870e-02 1.219762e-02 1.017091e-02 8.671449e-03 7.749876e-03 6.825121e-03 5.632479e-03 4.306968e-03 3.348164e-03 2.817329e-03 2.474794e-03 2.060917e-03 1.572738e-03 1.226596e-03 1.109887e-03 1.111311e-03 1.004043e-03 7.031701e-04 4.171745e-04 2.693087e-04 2.113495e-04 1.759975e-04 1.233929e-04 6.985747e-05 3.767620e-05 2.341719e-05 1.705956e-05 1.233488e-05 6.858785e-06 2.692046e-06 8.562158e-07 2.536263e-07 6.945844e-08 1.925508e-08 5.678455e-09 1.721708e-09 4.880699e-10 1.026069e-10 1.330047e-11 1.264245e-12 9.464485e-14 7.028034e-15 5.149859e-16 3.547838e-17 3.471566e-18 6.019204e-19 2.104087e-19 2.300330e-19 5.412860e-19 1.821860e-18 5.096042e-18 1.805530e-17 5.722729e-17 1.790988e-16 4.136532e-16 8.578067e-16 1.133894e-15 1.342660e-15 8.450834e-16 3.088452e-16 3.898338e-17 2.449476e-18 6.744925e-20 1.183028e-21 1.150121e-23 3.951255e-26 9.356520e-29 8.602267e-32 1.317838e-34 6.343550e-38 9.993360e-41 3.082857e-44 0.000000e+00 0.000000e+00 0.000000e+00 0.000000e+00 0.000000e+00 0.000000e+00 0.000000e+00 0.000000e+00 0.000000e+00 0.000000e+00 0.000000e+00 0.000000e+00
3.075821e-11 2.702914e-11 2.065863e-11 2.266017e-11 2.204530e-11 4.677731e-11 4.398400e-11 8.024723e-11 2.804867e-10 5.498997e-10 9.601985e-10 4.912905e-09 3.598131e-08 1.238287e-07 4.123000e-07 2.114116e-06 1.544150e-05 4.333579e-05 6.741780e-05 1.219023e-04 4.767383e-04 9.271472e-04 1.647355e-03 2.661378e-03 5.816207e-03 5.839796e-03 6.593507e-03 1.249426e-02 1.958539e-02 3.323900e-02 4.111392e-02 6.252506e-02 6.039206e-02 6.646989e-02 8.400612e-02 9.006418e-02 1.123166e-01 1.135589e-01 1.273474e-01 1.706234e-01 1.751205e-01 2.205869e-01 2.671935e-01 2.750985e-01 3.499714e-01 3.367876e-01 3.679746e-01 4.231811e-01 4.008961e-01 4.727969e-01 5.047321e-01 5.085505e-01 6.016886e-01 5.871115e-01 5.761631e-01 6.155196e-01 6.039847e-01 5.750406e-01 5.713422e-01 5.734867e-01 5.541479e-01 5.729372e-01 5.925240e-01 5.223606e-01 5.367306e-01 5.088090e-01 4.289832e-01 4.310100e-01 3.761523e-01 3.198818e-01 3.158962e-01 2.452126e-01 1.982314e-01 2.085398e-01 1.668739e-01 1.144782e-01 1.122550e-01 1.135257e-01 8.373459e-02 6.838990e-02 7.471775e-02 7.253768e-02 5.823777e-02 5.749005e-02 6.953503e-02 7.304693e-02 6.503461e-02 6.523700e-02 7.389253e-02 7.194468e-02 5.799436e-02 5.016363e-02 5.188472e-02 5.197330e-02 4.206414e-02 3.108349e-02 2.601651e-02 2.468375e-02 2.261222e-02 1.833614e-02 1.453394e-02 1.226707e-02 1.083579e-02 9.202758e-03 7.323878e-03 5.938018e-03 5.189481e-03 4.859573e-03 4.392480e-03 3.600781e-03 2.771799e-03 2.220306e-03 1.889310e-03 1.548526e-03 1.141100e-03 8.210146e-04 6.851229e-04 6.826834e-04 6.581980e-04 5.035946e-04 3.092185e-04 1.857886e-04 1.271116e-04 9.764016e-05 7.092238e-05 4.121495e-05 1.998037e-05 9.864843e-06 5.471539e-06 3.017275e-06 1.474333e-06 6.271013e-07 2.283660e-07 6.505374e-08 1.372889e-08 2.240396e-09 3.945778e-10 8.441039e-11 2.008514e-11 4.042103e-12 5.203803e-13 4.462949e-14 3.697770e-15 2.501433e-16 1.719469e-17 1.492256e-18 2.323632e-19 1.011413e-19 1.233403e-19 4.737049e-19 2.477392e-18 1.440982e-17 7.723042e-17 3.302870e-16 8.852311e-16 1.568151e-15 1.443493e-15 7.943707e-16 2.893459e-16 7.144575e-17 9.943795e-18 7.700937e-19 2.177794e-20 3.114555e-22 2.853179e-24 1.600649e-26 6.520214e-29 1.495393e-31 2.582829e-34 4.621370e-37 8.602992e-40 1.287793e-42 2.802597e-45 0.000000e+00 0.000000e+00 0.000000e+00 0.000000e+00 0.000000e+00 0.000000e+00 0.000000e+00 0.000000e+00 0.000000e+00 0.000000e+00 0.000000e+00 0.000000e+00
