4.566623e-31 9.325913e-29 4.968055e-36 5.312971e-36 4.682266e-29 1.137413e-23 2.589426e-18 6.515096e-13 1.769857e-10 6.522816e-08 2.903584e-06 1.736248e-05 1.424346e-05 5.329251e-04 6.185322e-04 3.851190e-05 2.790986e-05 2.351835e-05 2.200395e-05 2.763848e-05 3.089867e-05 4.247397e-05 2.271924e-05 8.335309e-05 5.773319e-05 1.008870e-04 9.062226e-05 1.958224e-04 1.494622e-04 1.393044e-04 1.220876e-04 2.438052e-04 4.126765e-04 4.799341e-04 6.675267e-04 7.000500e-04 1.070658e-03 1.195952e-03 1.136273e-03 1.855605e-03 1.349259e-03 1.848618e-03 1.850429e-03 1.649686e-03 2.266049e-03 1.722702e-03 2.163644e-03 2.989249e-03 2.206303e-03 3.199773e-03 3.313279e-03 2.205666e-03 3.872103e-03 2.200145e-03 1.895169e-03 3.082432e-03 1.536905e-03 2.610948e-03 2.615817e-03 1.973758e-03 3.543219e-03 2.416361e-03 2.691635e-03 3.198504e-03 2.205457e-03 2.875982e-03 2.965675e-03 2.162733e-03 2.727791e-03 2.687438e-03 2.163811e-03 3.202731e-03 4.024307e-03 3.455371e-03 4.567933e-03 5.874445e-03 5.004142e-03 5.164446e-03 5.885587e-03 4.836028e-03 4.050720e-03 4.337227e-03 3.648947e-03 2.540026e-03 2.578370e-03 2.907648e-03 2.212634e-03 1.521235e-03 1.473906e-03 1.469817e-03 9.545374e-04 6.325310e-04 6.609266e-04 7.011210e-04 5.748281e-04 4.800986e-04 4.573244e-04 4.113822e-04 3.345418e-04 2.604645e-04 2.196035e-04 2.126039e-04 2.087025e-04 1.733675e-04 1.323472e-04 1.194159e-04 1.383083e-04 1.718720e-04 1.773816e-04 1.564388e-04 1.348480e-04 1.169150e-04 1.059544e-04 9.630173e-05 7.496888e-05 4.553244e-05 2.875176e-05 2.401370e-05 2.584802e-05 3.468103e-05 4.996206e-05 5.485681e-05 3.823836e-05 1.670580e-05 5.500191e-06 1.330336e-06 2.267809e-07 3.568647e-08 8.387921e-09 4.878658e-09 8.440862e-09 1.656727e-08 7.851923e-09 4.084791e-10 2.619222e-12 4.096150e-15 4.648447e-18 4.110591e-21 1.928481e-24 2.337637e-28 6.704361e-33 8.331519e-38 3.012792e-43 0.000000e+00 0.000000e+00 0.000000e+00 0.000000e+00 0.000000e+00 0.000000e+00 0.000000e+00 1.456664e-40 1.192988e-30 1.409256e-24 1.552612e-21 2.879111e-19 8.262174e-18 1.163152e-16 2.159660e-15 9.803962e-15 1.173752e-13 1.164990e-12 1.873450e-12 8.660250e-13 3.062377e-14 2.279903e-16 5.045752e-19 6.849157e-23 6.052936e-27 7.021032e-32 2.731752e-36 1.011583e-40 5.605194e-45 1.401298e-45 0.000000e+00 0.000000e+00 0.000000e+00 0.000000e+00 0.000000e+00 0.000000e+00 0.000000e+00 0.000000e+00 0.000000e+00 0.000000e+00 0.000000e+00 0.000000e+00
2.742939e-36 5.605194e-45 0.000000e+00 5.039069e-42 6.844568e-34 1.657209e-22 7.446195e-16 1.037781e-13 1.761053e-11 1.958291e-08 4.270308e-07 2.316125e-06 3.955377e-06 5.729293e-05 7.587645e-05 5.543881e-05 3.478404e-05 3.200841e-05 3.828890e-05 5.048658e-05 4.326743e-05 6.221673e-05 1.003447e-04 6.406932e-05 6.895488e-05 5.103593e-05 1.618247e-04 1.247493e-04 2.158017e-04 1.341932e-04 3.074097e-04 3.990755e-04 4.480299e-04 4.528694e-04 5.342188e-04 1.163885e-03 1.531394e-03 1.487192e-03 1.400330e-03 1.336025e-03 1.620639e-03 1.495406e-03 1.546615e-03 1.512556e-03 1.322733e-03 1.600794e-03 1.788052e-03 1.751697e-03 2.092220e-03 2.321724e-03 1.887477e-03 2.577828e-03 2.101453e-03 1.591260e-03 2.780111e-03 1.601944e-03 2.121217e-03 2.864250e-03 1.668651e-03 3.169171e-03 2.594962e-03 2.250626e-03 3.269301e-03 2.168560e-03 2.208142e-03 2.310036e-03 1.652413e-03 1.874959e-03 1.943734e-03 1.753335e-03 2.494828e-03 3.061662e-03 2.617461e-03 3.171735e-03 3.749628e-03 3.064622e-03 3.078760e-03 3.486507e-03 2.675461e-03 2.159413e-03 2.239595e-03 1.870143e-03 1.477320e-03 1.665846e-03 1.870535e-03 1.340868e-03 9.770779e-04 1.082527e-03 1.081775e-03 5.621302e-04 3.182693e-04 3.253784e-04 3.212288e-04 2.358722e-04 2.143248e-04 2.691424e-04 2.739987e-04 2.144459e-04 1.863935e-04 1.855556e-04 1.954806e-04 1.996696e-04 1.769409e-04 1.464966e-04 1.354773e-04 1.439086e-04 1.498692e-04 1.409300e-04 1.279564e-04 1.230139e-04 1.289553e-04 1.322624e-04 1.272212e-04 1.069360e-04 8.033544e-05 5.888142e-05 4.964518e-05 4.883377e-05 4.823254e-05 4.188468e-05 3.852449e-05 3.492173e-05 2.193535e-05 8.185777e-06 2.125575e-06 4.680073e-07 9.177229e-08 2.775755e-08 2.618969e-08 6.203772e-08 1.249118e-07 6.227593e-08 4.351898e-09 4.800317e-11 2.147540e-13 7.069924e-16 2.512362e-18 8.359097e-21 9.888980e-24 2.779673e-27 1.375226e-31 2.254484e-36 8.716076e-42 0.000000e+00 0.000000e+00 0.000000e+00 0.000000e+00 0.000000e+00 0.000000e+00 0.000000e+00 5.605194e-45 3.386280e-34 4.715696e-27 4.282315e-23 3.354455e-21 1.508850e-19 2.220623e-18 2.079404e-17 3.886309e-16 4.214234e-15 5.104876e-14 8.711453e-14 1.411537e-14 3.930760e-16 4.172433e-19 4.778709e-22 6.725866e-26 1.041236e-30 1.973057e-35 3.086584e-40 4.203895e-45 0.000000e+00 0.000000e+00 0.000000e+00 0.000000e+00 0.000000e+00 0.000000e+00 0.000000e+00 0.000000e+00 0.000000e+00 0.000000e+00 0.000000e+00 0.000000e+00 0.000000e+00 0.000000e+00
1.401298e-45 0.000000e+00 0.000000e+00 1.401298e-45 1.113708e-31 1.440076e-21 7.392456e-19 1.408534e-15 3.570062e-12 4.903533e-10 4.887808e-09 2.433877e-07 1.791309e-06 3.117463e-05 2.071138e-05 2.900125e-05 7.510062e-05 1.198976e-04 5.173651e-05 6.958329e-05 4.431483e-05 1.300721e-04 9.082362e-05 6.291246e-05 4.769868e-05 7.514231e-05 6.743496e-05 1.738490e-04 2.818636e-04 3.441442e-04 3.647108e-04 4.014711e-04 2.959048e-04 4.227186e-04 7.582859e-04 1.207180e-03 1.802749e-03 1.056187e-03 1.145854e-03 1.412023e-03 1.199788e-03 1.515899e-03 1.158440e-03 1.125059e-03 1.386456e-03 1.123801e-03 1.536993e-03 1.481912e-03 1.653790e-03 1.810656e-03 1.719467e-03 2.018342e-03 1.659070e-03 2.294225e-03 1.839837e-03 1.960053e-03 2.797530e-03 1.681515e-03 2.542200e-03 2.376690e-03 1.769400e-03 2.644083e-03 1.883753e-03 1.594059e-03 1.844608e-03 1.424615e-03 1.453334e-03 1.631193e-03 1.555113e-03 1.967420e-03 2.210932e-03 1.913741e-03 2.094189e-03 2.174433e-03 1.617019e-03 1.442315e-03 1.530035e-03 1.146805e-03 8.870813e-04 9.612313e-04 9.295246e-04 8.218234e-04 9.603331e-04 1.085587e-03 7.722683e-04 5.768761e-04 6.925291e-04 6.258888e-04 2.726530e-04 1.685590e-04 1.991424e-04 1.949428e-04 1.290079e-04 1.108756e-04 1.516664e-04 1.804188e-04 1.565346e-04 1.614537e-04 2.034348e-04 2.288319e-04 2.180135e-04 1.895415e-04 1.596014e-04 1.493205e-04 1.580445e-04 1.618047e-04 1.416618e-04 1.155686e-04 1.092818e-04 1.268441e-04 1.577226e-04 1.708394e-04 1.549325e-04 1.317241e-04 1.124974e-04 9.580606e-05 8.389370e-05 7.009296e-05 5.276407e-05 3.970983e-05 3.094971e-05 2.286871e-05 1.181535e-05 3.974592e-06 9.470453e-07 2.681289e-07 1.458864e-07 1.736803e-07 3.698300e-07 5.774770e-07 2.150178e-07 1.248208e-08 2.757231e-10 5.054731e-12 9.727445e-14 2.297723e-15 4.149970e-17 4.404215e-19 1.169589e-21 5.154619e-25 3.430406e-29 4.629098e-34 1.058423e-39 0.000000e+00 0.000000e+00 0.000000e+00 0.000000e+00 0.000000e+00 0.000000e+00 0.000000e+00 0.000000e+00 3.071570e-38 5.301254e-30 5.164170e-25 4.090265e-22 3.709403e-20 3.522352e-18 5.456171e-17 8.653474e-16 1.190827e-14 1.658780e-14 9.824052e-15 6.422621e-16 3.350823e-18 4.435312e-21 1.651876e-24 5.290079e-28 1.642011e-32 1.541724e-37 5.605194e-42 0.000000e+00 0.000000e+00 0.000000e+00 0.000000e+00 0.000000e+00 0.000000e+00 0.000000e+00 0.000000e+00 0.000000e+00 0.000000e+00 0.000000e+00 0.000000e+00 0.000000e+00 0.000000e+00 0.000000e+00
0.000000e+00 0.000000e+00 0.000000e+00 2.253428e-41 5.681982e-33 6.706974e-27 3.887328e-23 5.072348e-18 2.019405e-14 7.992705e-12 5.349804e-10 2.011131e-08 6.289842e-08 3.583782e-06 3.697911e-05 5.661967e-05 1.356872e-04 1.457097e-04 3.510132e-05 2.881571e-05 3.770282e-05 6.029598e-05 7.154758e-05 4.188552e-05 1.223164e-04 5.141000e-05 9.522351e-05 2.571701e-04 5.234217e-04 2.324934e-04 2.784665e-04 2.192656e-04 2.808048e-04 5.467612e-04 5.063193e-04 1.313184e-03 1.000053e-03 9.651643e-04 1.188342e-03 1.024608e-03 1.364573e-03 1.065893e-03 9.939694e-04 1.244058e-03 8.801102e-04 1.346857e-03 1.337580e-03 1.380647e-03 1.914268e-03 1.501133e-03 1.790104e-03 1.766773e-03 1.670383e-03 1.714361e-03 1.688937e-03 1.905010e-03 1.532178e-03 1.664217e-03 1.663043e-03 1.320855e-03 1.672741e-03 1.362389e-03 1.139744e-03 1.418829e-03 1.230572e-03 1.158646e-03 1.346411e-03 1.209824e-03 1.180161e-03 1.207970e-03 1.031138e-03 9.986741e-04 1.002625e-03 7.720008e-04 6.514579e-04 6.712039e-04 5.132669e-04 3.692957e-04 4.231627e-04 4.879802e-04 4.031760e-04 4.468827e-04 5.676107e-04 4.144479e-04 3.209756e-04 4.308784e-04 3.754072e-04 1.610296e-04 1.207029e-04 1.558658e-04 1.513228e-04 1.014942e-04 9.680529e-05 1.464920e-04 1.695347e-04 1.429760e-04 1.471673e-04 2.077522e-04 2.525610e-04 2.269505e-04 1.952374e-04 1.757117e-04 1.633030e-04 1.644727e-04 1.637543e-04 1.467373e-04 1.378094e-04 1.551848e-04 1.786826e-04 1.771607e-04 1.700611e-04 1.855596e-04 2.122963e-04 2.103452e-04 1.710672e-04 1.272298e-04 1.031156e-04 8.931649e-05 6.850019e-05 4.653814e-05 2.878177e-05 1.513456e-05 6.423915e-06 2.625515e-06 1.347833e-06 1.102199e-06 1.626841e-06 2.784417e-06 2.390274e-06 7.028547e-07 7.851805e-08 4.602646e-09 2.378642e-10 2.075381e-11 2.267643e-12 2.165163e-13 1.190797e-14 2.196845e-16 6.651621e-19 2.192254e-22 9.902945e-27 9.123106e-32 1.922531e-37 6.726233e-44 0.000000e+00 0.000000e+00 0.000000e+00 0.000000e+00 0.000000e+00 0.000000e+00 0.000000e+00 1.209321e-42 7.829877e-32 3.707277e-25 4.506762e-21 1.242325e-18 4.253348e-17 4.039851e-16 7.928398e-16 1.935875e-15 1.793161e-15 2.683005e-16 2.614032e-17 1.690333e-19 2.788884e-22 2.997470e-25 1.091616e-28 9.806853e-33 1.639471e-37 2.292524e-42 0.000000e+00 0.000000e+00 0.000000e+00 0.000000e+00 0.000000e+00 0.000000e+00 0.000000e+00 0.000000e+00 0.000000e+00 0.000000e+00 0.000000e+00 0.000000e+00 0.000000e+00 0.000000e+00 0.000000e+00
0.000000e+00 0.000000e+00 0.000000e+00 0.000000e+00 1.401298e-45 1.607695e-37 8.350034e-30 3.687604e-22 4.768797e-17 1.153589e-13 5.678689e-12 2.812309e-10 1.783885e-08 6.713564e-06 3.030292e-05 4.540230e-05 5.625624e-05 3.001325e-05 2.282314e-05 3.205313e-05 1.455075e-05 1.193603e-04 3.414700e-05 1.227971e-04 1.370734e-04 9.096846e-05 1.042988e-04 3.380935e-04 2.189289e-04 1.154296e-04 1.566826e-04 1.926965e-04 3.474421e-04 3.202714e-04 4.830618e-04 7.233176e-04 8.311520e-04 1.045994e-03 8.876415e-04 1.176438e-03 1.030917e-03 8.797139e-04 1.079991e-03 7.868910e-04 1.173417e-03 1.312523e-03 1.185474e-03 1.779037e-03 1.292822e-03 1.474479e-03 1.583317e-03 1.167007e-03 1.391518e-03 1.216720e-03 1.105090e-03 1.078871e-03 8.950334e-04 9.144178e-04 8.353245e-04 9.039075e-04 8.955379e-04 8.322533e-04 1.045965e-03 9.890522e-04 8.435411e-04 8.823830e-04 6.910464e-04 5.247878e-04 5.058439e-04 4.252352e-04 3.707276e-04 3.875397e-04 3.357793e-04 2.888608e-04 3.237757e-04 2.927241e-04 2.261090e-04 2.690576e-04 3.116336e-04 2.173489e-04 2.118651e-04 3.123953e-04 2.261161e-04 1.642618e-04 2.535380e-04 2.381807e-04 1.282563e-04 1.357476e-04 2.039845e-04 1.894076e-04 1.241624e-04 1.240777e-04 1.834601e-04 1.979308e-04 1.585518e-04 1.577959e-04 2.035204e-04 2.284110e-04 1.990978e-04 1.873577e-04 1.926663e-04 1.858064e-04 1.780528e-04 1.793924e-04 1.746296e-04 1.803752e-04 2.170880e-04 2.509289e-04 2.361825e-04 2.027227e-04 1.973649e-04 2.195605e-04 2.440368e-04 2.174463e-04 1.765176e-04 1.536488e-04 1.407954e-04 1.107266e-04 7.315113e-05 4.600730e-05 2.946890e-05 1.687307e-05 8.603188e-06 5.703958e-06 6.892611e-06 1.162085e-05 1.348299e-05 8.378711e-06 2.962835e-06 6.755296e-07 1.136355e-07 1.644268e-08 2.380522e-09 4.995338e-10 1.436105e-10 2.923484e-11 2.314719e-12 3.803404e-14 8.539568e-17 2.045562e-20 1.233539e-24 2.085723e-29 8.424461e-35 3.086500e-41 0.000000e+00 0.000000e+00 0.000000e+00 0.000000e+00 0.000000e+00 0.000000e+00 0.000000e+00 0.000000e+00 2.403879e-34 7.233235e-26 2.550685e-21 7.562693e-19 1.346399e-17 6.153956e-17 1.390780e-16 1.757614e-16 4.069987e-16 1.650545e-16 2.365592e-17 7.587739e-19 2.692408e-21 4.294207e-24 2.716605e-27 3.703212e-31 2.027811e-35 8.512958e-40 9.248570e-44 0.000000e+00 0.000000e+00 0.000000e+00 0.000000e+00 0.000000e+00 0.000000e+00 0.000000e+00 0.000000e+00 0.000000e+00 0.000000e+00 0.000000e+00 0.000000e+00 0.000000e+00 0.000000e+00
0.000000e+00 0.000000e+00 0.000000e+00 0.000000e+00 0.000000e+00 0.000000e+00 1.852825e-35 1.248835e-28 1.095787e-21 3.481326e-16 9.359156e-14 1.728826e-11 2.489112e-09 1.305170e-06 2.413131e-06 6.955403e-06 1.824978e-05 2.236862e-05 4.638442e-05 1.767269e-05 1.897957e-05 1.377370e-04 6.990774e-05 1.137284e-04 2.402642e-04 6.206988e-05 7.698616e-05 1.039812e-04 8.009261e-05 9.443622e-05 1.383229e-04 2.274691e-04 2.281739e-04 3.180802e-04 3.387025e-04 6.160191e-04 9.768828e-04 7.776310e-04 8.984675e-04 8.125525e-04 6.876207e-04 8.313832e-04 6.933930e-04 9.821029e-04 1.076470e-03 8.812288e-04 1.182870e-03 9.032490e-04 1.036135e-03 1.094069e-03 7.447896e-04 9.058099e-04 7.506028e-04 6.146636e-04 6.780508e-04 5.081648e-04 5.183816e-04 5.349590e-04 5.061991e-04 5.776127e-04 5.567381e-04 6.221700e-04 6.127848e-04 4.550012e-04 4.072707e-04 3.012733e-04 2.054378e-04 1.973622e-04 1.724030e-04 1.444258e-04 1.633344e-04 1.631254e-04 1.510266e-04 1.929303e-04 2.031460e-04 1.652044e-04 2.007535e-04 2.319443e-04 1.432016e-04 1.360098e-04 2.188792e-04 1.495105e-04 9.738181e-05 1.729710e-04 2.046872e-04 1.347715e-04 1.840405e-04 3.072300e-04 2.659294e-04 1.777648e-04 1.939754e-04 2.587773e-04 2.307724e-04 1.678632e-04 1.641419e-04 2.152731e-04 2.398735e-04 1.979525e-04 1.690567e-04 1.852490e-04 2.121828e-04 2.257484e-04 2.349940e-04 2.533430e-04 2.750999e-04 3.036036e-04 3.135149e-04 2.758725e-04 2.440686e-04 2.483958e-04 2.573830e-04 2.119724e-04 1.569177e-04 1.450132e-04 1.701530e-04 1.860649e-04 1.473992e-04 9.859275e-05 7.427994e-05 6.222563e-05 4.731344e-05 3.062463e-05 2.080565e-05 1.889167e-05 2.201038e-05 2.392106e-05 1.813131e-05 8.950321e-06 3.888691e-06 1.289503e-06 2.501448e-07 4.238354e-08 1.091842e-08 4.420905e-09 1.921304e-09 4.314180e-10 2.928765e-11 3.112062e-13 5.811617e-16 2.426456e-19 3.969039e-23 1.931436e-27 1.056444e-32 2.692476e-39 0.000000e+00 0.000000e+00 0.000000e+00 0.000000e+00 0.000000e+00 0.000000e+00 0.000000e+00 0.000000e+00 1.852848e-38 6.823893e-28 4.999802e-22 4.686481e-19 1.950413e-17 1.421049e-16 4.909516e-16 1.800887e-15 6.545035e-15 1.828210e-14 4.926532e-15 3.084960e-16 2.478090e-18 3.962482e-21 5.248677e-24 3.661076e-27 1.565294e-30 4.226989e-34 1.577711e-37 2.288881e-41 2.802597e-45 0.000000e+00 0.000000e+00 0.000000e+00 0.000000e+00 0.000000e+00 0.000000e+00 0.000000e+00 0.000000e+00 0.000000e+00 0.000000e+00 0.000000e+00 0.000000e+00
0.000000e+00 0.000000e+00 0.000000e+00 0.000000e+00 0.000000e+00 0.000000e+00 1.401298e-45 6.178334e-34 1.792607e-24 1.227341e-18 4.947813e-15 5.320025e-13 8.739390e-12 1.705198e-08 4.602363e-07 8.963693e-06 2.078522e-05 2.828079e-05 2.059232e-05 1.921584e-05 1.482202e-05 9.830582e-05 2.469832e-05 1.137824e-04 7.637805e-05 2.422221e-05 2.682324e-05 5.009678e-05 8.127539e-05 1.065633e-04 1.561062e-04 1.445756e-04 2.002520e-04 2.417455e-04 3.078332e-04 6.528094e-04 6.492634e-04 6.113160e-04 4.813494e-04 4.657675e-04 5.519187e-04 5.663527e-04 7.030310e-04 6.529200e-04 5.258396e-04 5.924496e-04 5.443826e-04 6.147001e-04 6.044517e-04 4.456213e-04 4.900593e-04 4.205440e-04 3.550189e-04 4.042003e-04 3.230445e-04 3.379507e-04 3.741533e-04 3.351346e-04 3.810674e-04 3.373688e-04 2.939609e-04 2.728430e-04 1.841684e-04 1.530914e-04 1.318701e-04 1.003764e-04 1.023404e-04 9.825183e-05 8.517013e-05 1.024355e-04 1.143934e-04 1.100714e-04 1.426373e-04 1.551956e-04 1.268471e-04 1.573471e-04 1.847176e-04 1.129400e-04 1.183486e-04 2.080937e-04 1.366802e-04 8.944486e-05 1.813546e-04 2.516464e-04 1.823984e-04 2.550186e-04 4.271610e-04 3.282980e-04 2.146180e-04 2.614477e-04 3.356794e-04 2.707757e-04 2.016659e-04 2.029659e-04 2.548587e-04 2.627810e-04 2.053412e-04 1.877894e-04 2.204305e-04 2.526322e-04 2.685747e-04 3.048346e-04 3.676727e-04 4.049058e-04 3.860007e-04 3.504576e-04 3.105694e-04 2.789876e-04 2.733994e-04 2.606920e-04 2.082039e-04 1.516492e-04 1.330972e-04 1.474296e-04 1.605828e-04 1.473005e-04 1.237313e-04 1.103853e-04 1.071478e-04 9.581154e-05 6.993511e-05 4.924435e-05 4.248276e-05 4.266520e-05 3.677135e-05 2.448311e-05 1.658689e-05 1.000532e-05 3.622592e-06 8.437175e-07 1.663634e-07 4.533760e-08 2.699549e-08 1.904888e-08 6.302835e-09 5.646693e-10 1.712018e-11 1.462933e-13 3.627334e-16 4.852951e-19 2.647533e-22 2.757643e-26 1.497954e-31 3.328357e-38 0.000000e+00 0.000000e+00 0.000000e+00 0.000000e+00 0.000000e+00 0.000000e+00 0.000000e+00 0.000000e+00 1.401298e-43 5.890058e-31 4.044291e-23 3.000370e-19 3.131168e-17 4.908821e-16 3.240179e-15 2.552505e-14 2.356445e-13 1.543572e-12 1.146910e-12 1.246825e-13 2.319664e-15 1.391287e-17 7.610782e-20 4.454413e-22 9.140649e-25 1.221153e-27 4.751062e-31 1.460156e-34 5.655610e-39 8.407791e-43 1.401298e-45 0.000000e+00 0.000000e+00 0.000000e+00 0.000000e+00 0.000000e+00 0.000000e+00 0.000000e+00 0.000000e+00 0.000000e+00 0.000000e+00
0.000000e+00 0.000000e+00 0.000000e+00 0.000000e+00 0.000000e+00 0.000000e+00 0.000000e+00 1.706880e-36 5.828520e-27 7.494903e-20 1.628027e-16 8.648427e-15 4.833715e-13 1.302430e-08 1.040893e-06 5.635879e-06 4.459411e-06 8.417775e-06 1.906642e-05 1.221250e-05 1.343229e-05 5.825631e-05 2.909663e-05 5.953902e-05 2.581332e-05 1.102794e-05 3.018525e-05 7.421942e-05 9.295344e-05 1.052199e-04 1.003000e-04 1.134806e-04 1.571779e-04 2.144050e-04 2.329238e-04 3.485533e-04 3.848935e-04 2.934616e-04 3.073961e-04 3.347736e-04 3.902373e-04 3.808335e-04 3.070761e-04 2.586725e-04 2.603619e-04 2.942932e-04 3.053355e-04 2.981960e-04 2.565363e-04 2.514877e-04 2.500406e-04 2.211099e-04 2.447805e-04 2.324554e-04 2.382850e-04 2.711650e-04 2.382999e-04 2.269653e-04 1.880341e-04 1.356640e-04 1.239112e-04 9.255746e-05 8.043704e-05 8.429088e-05 7.406026e-05 8.140093e-05 8.637774e-05 8.186338e-05 1.029714e-04 1.142650e-04 1.006288e-04 1.189205e-04 1.277683e-04 1.048426e-04 1.327106e-04 1.641698e-04 1.128869e-04 1.335364e-04 2.307051e-04 1.534215e-04 1.208457e-04 2.789182e-04 3.951926e-04 2.966846e-04 3.472629e-04 4.807046e-04 3.522756e-04 2.359136e-04 3.159782e-04 3.918275e-04 2.834232e-04 2.191000e-04 2.483219e-04 3.218476e-04 3.179228e-04 2.533303e-04 2.442973e-04 2.957635e-04 3.270392e-04 3.156315e-04 3.376793e-04 4.016974e-04 4.285520e-04 3.956961e-04 3.563309e-04 3.272023e-04 3.037134e-04 2.785251e-04 2.554997e-04 2.200252e-04 1.864747e-04 1.775215e-04 1.864069e-04 1.639379e-04 1.247994e-04 1.161671e-04 1.462258e-04 1.818364e-04 1.754878e-04 1.335615e-04 1.004545e-04 8.666290e-05 8.317085e-05 7.514341e-05 5.134092e-05 2.546598e-05 1.054911e-05 4.646309e-06 1.838883e-06 5.998079e-07 2.624944e-07 1.762662e-07 1.427238e-07 6.092294e-08 6.427531e-09 1.911398e-10 3.662420e-12 6.804172e-14 5.985925e-16 2.338167e-18 2.429251e-21 2.573552e-25 9.883080e-31 1.939868e-37 4.203895e-45 0.000000e+00 0.000000e+00 0.000000e+00 0.000000e+00 0.000000e+00 0.000000e+00 0.000000e+00 0.000000e+00 2.082443e-35 1.721456e-25 2.844625e-20 1.410168e-17 9.984854e-16 2.246774e-14 4.805242e-13 8.350785e-12 6.426378e-11 1.326724e-10 2.466457e-11 1.258560e-12 1.783614e-14 2.035463e-16 1.639341e-18 4.080630e-21 7.550404e-24 7.877422e-27 5.248403e-30 1.403531e-33 6.828237e-38 1.598461e-41 1.401298e-45 0.000000e+00 0.000000e+00 0.000000e+00 0.000000e+00 0.000000e+00 0.000000e+00 0.000000e+00 0.000000e+00 0.000000e+00
0.000000e+00 0.000000e+00 0.000000e+00 0.000000e+00 0.000000e+00 0.000000e+00 0.000000e+00 1.336116e-36 6.700208e-26 1.154706e-19 3.712539e-17 1.767694e-15 1.292310e-12 1.008926e-07 2.346321e-06 1.925700e-06 2.791299e-06 2.224238e-05 3.118809e-05 1.599392e-05 1.259597e-05 2.515166e-04 6.371741e-05 3.907450e-05 2.244136e-05 1.926958e-05 4.170521e-05 7.185441e-05 7.024861e-05 7.351973e-05 8.926532e-05 9.195302e-05 1.308187e-04 1.178919e-04 1.233859e-04 2.202049e-04 2.387910e-04 2.316324e-04 1.905732e-04 2.177338e-04 1.825719e-04 1.466504e-04 1.403361e-04 1.364938e-04 1.644440e-04 1.586981e-04 1.556535e-04 1.559856e-04 1.441707e-04 1.653057e-04 1.550574e-04 1.646422e-04 1.824987e-04 1.759040e-04 1.937970e-04 1.734297e-04 1.358042e-04 1.180612e-04 8.909218e-05 8.721872e-05 8.651218e-05 8.184942e-05 9.648887e-05 9.537265e-05 1.011794e-04 1.121356e-04 1.071311e-04 1.254771e-04 1.289904e-04 1.021466e-04 1.123545e-04 1.251055e-04 1.044650e-04 1.292799e-04 1.781686e-04 1.482846e-04 1.768759e-04 2.847796e-04 2.212765e-04 2.196471e-04 4.597119e-04 5.896501e-04 4.480553e-04 4.681733e-04 5.807732e-04 4.287955e-04 2.909142e-04 3.665871e-04 4.429375e-04 3.058921e-04 2.192201e-04 2.647979e-04 3.499374e-04 3.192238e-04 2.818296e-04 3.199075e-04 4.046577e-04 4.351721e-04 3.703022e-04 3.370312e-04 3.665909e-04 3.698079e-04 3.268204e-04 3.045184e-04 3.035281e-04 2.949456e-04 2.781099e-04 2.728942e-04 2.860661e-04 2.740222e-04 2.537429e-04 2.567553e-04 2.425899e-04 1.944971e-04 1.620175e-04 1.766781e-04 2.395463e-04 2.817340e-04 2.423605e-04 1.778780e-04 1.483605e-04 1.481677e-04 1.450570e-04 1.096472e-04 5.432530e-05 2.084312e-05 8.246868e-06 4.149159e-06 2.928425e-06 2.235125e-06 1.709165e-06 1.287493e-06 5.790853e-07 8.039413e-08 3.754716e-09 1.285697e-10 5.676660e-12 3.143896e-13 1.017813e-14 7.461455e-17 6.470962e-20 4.743077e-24 1.718673e-29 4.491284e-36 2.508324e-43 0.000000e+00 0.000000e+00 0.000000e+00 0.000000e+00 0.000000e+00 0.000000e+00 0.000000e+00 0.000000e+00 1.169650e-40 8.108173e-29 1.650039e-21 1.400960e-17 5.619311e-15 5.757079e-13 1.565705e-11 2.256238e-10 8.760834e-10 1.272682e-09 4.182054e-10 1.701434e-11 2.856152e-13 2.596596e-15 1.027389e-17 3.125594e-20 1.019510e-22 4.800477e-25 3.269868e-27 5.289367e-30 1.404605e-33 7.394512e-38 2.492910e-42 0.000000e+00 0.000000e+00 0.000000e+00 0.000000e+00 0.000000e+00 0.000000e+00 0.000000e+00 0.000000e+00 0.000000e+00
0.000000e+00 0.000000e+00 0.000000e+00 0.000000e+00 0.000000e+00 0.000000e+00 0.000000e+00 1.041643e-34 3.162486e-25 2.106823e-20 3.949631e-18 1.320244e-15 8.809679e-12 9.736789e-07 5.111258e-06 4.493050e-06 1.672375e-05 6.901351e-05 5.663580e-05 3.002449e-05 2.661921e-05 4.769433e-04 9.545623e-05 3.611498e-05 2.739718e-05 2.352258e-05 3.697515e-05 5.969248e-05 6.510084e-05 8.612658e-05 7.578983e-05 7.275688e-05 6.573421e-05 7.294229e-05 9.922401e-05 1.775212e-04 2.096797e-04 1.380454e-04 1.239206e-04 1.133048e-04 9.842962e-05 1.078595e-04 1.053759e-04 1.174870e-04 1.164409e-04 1.130009e-04 1.210546e-04 1.110593e-04 1.275120e-04 1.307837e-04 1.347751e-04 1.585040e-04 1.484701e-04 1.535178e-04 1.497464e-04 1.149552e-04 1.191546e-04 1.144530e-04 1.225528e-04 1.501029e-04 1.431200e-04 1.642872e-04 1.737867e-04 1.651024e-04 1.833270e-04 1.765296e-04 1.714633e-04 1.603715e-04 1.205373e-04 1.224005e-04 1.513774e-04 1.334889e-04 1.483338e-04 2.348377e-04 2.247863e-04 2.434875e-04 3.894565e-04 4.017839e-04 4.313281e-04 6.901775e-04 7.804458e-04 5.997174e-04 6.024565e-04 7.361201e-04 5.751686e-04 4.170535e-04 4.980513e-04 5.492921e-04 3.436401e-04 2.326347e-04 3.054317e-04 3.872677e-04 2.884481e-04 2.497792e-04 3.254608e-04 4.394986e-04 4.726353e-04 4.116351e-04 3.738696e-04 3.855633e-04 3.568924e-04 2.811387e-04 2.399286e-04 2.466855e-04 2.586227e-04 2.675251e-04 3.131767e-04 3.501522e-04 3.329535e-04 3.246439e-04 3.625172e-04 3.721968e-04 3.017096e-04 2.363677e-04 2.399186e-04 3.000463e-04 3.186247e-04 2.568133e-04 2.018246e-04 1.830742e-04 2.045335e-04 2.377132e-04 2.003543e-04 1.022341e-04 3.965729e-05 1.879611e-05 1.253165e-05 9.504980e-06 7.010855e-06 5.974100e-06 5.458716e-06 2.844392e-06 5.780551e-07 4.213330e-08 2.287638e-09 2.121348e-10 3.748008e-11 5.529517e-12 2.786213e-13 2.772583e-15 2.746202e-18 1.968501e-22 1.206040e-27 7.175035e-34 1.076660e-40 0.000000e+00 0.000000e+00 0.000000e+00 0.000000e+00 0.000000e+00 0.000000e+00 0.000000e+00 0.000000e+00 0.000000e+00 1.563610e-32 2.198198e-23 3.813504e-18 4.511403e-15 7.311793e-13 2.020983e-11 1.512469e-10 3.887388e-10 4.238633e-10 1.609261e-10 1.267553e-11 1.981480e-13 3.140204e-15 2.449917e-17 1.104027e-19 1.401666e-21 1.810482e-23 3.373398e-25 4.360214e-27 1.252298e-30 1.385471e-34 9.423282e-39 2.326155e-43 0.000000e+00 0.000000e+00 0.000000e+00 0.000000e+00 0.000000e+00 0.000000e+00 0.000000e+00 0.000000e+00
0.000000e+00 0.000000e+00 0.000000e+00 0.000000e+00 1.401298e-45 1.401298e-45 5.605194e-44 1.695156e-34 3.720759e-27 2.300009e-22 2.215810e-19 2.550535e-15 2.023848e-10 7.147436e-06 2.758589e-05 7.080436e-06 1.829717e-05 5.482184e-05 3.600463e-05 2.383464e-05 2.625606e-05 4.984157e-04 1.839656e-04 4.422337e-05 3.448921e-05 2.972534e-05 5.119267e-05 8.126803e-05 1.124756e-04 8.607731e-05 6.661462e-05 5.405541e-05 5.608606e-05 9.310507e-05 1.067205e-04 1.626461e-04 1.481680e-04 1.119962e-04 1.115217e-04 1.094290e-04 1.277438e-04 1.272684e-04 1.245217e-04 1.338104e-04 1.208042e-04 1.304035e-04 1.189381e-04 1.269148e-04 1.503504e-04 1.520077e-04 1.791995e-04 1.749183e-04 1.704451e-04 1.916824e-04 1.686972e-04 2.052313e-04 2.522154e-04 2.644105e-04 3.259085e-04 3.069787e-04 3.122860e-04 3.384308e-04 3.029238e-04 3.186981e-04 2.973482e-04 2.505105e-04 2.341616e-04 1.842983e-04 1.869338e-04 2.383148e-04 1.847229e-04 1.753487e-04 3.112467e-04 3.242491e-04 3.530179e-04 6.067975e-04 7.072221e-04 7.009999e-04 9.019787e-04 9.634395e-04 7.613387e-04 7.722820e-04 9.514844e-04 7.751854e-04 5.964458e-04 6.987895e-04 7.089611e-04 4.217219e-04 3.092673e-04 4.235310e-04 4.444993e-04 2.844032e-04 2.480999e-04 3.292040e-04 3.929120e-04 3.542149e-04 3.273330e-04 3.509292e-04 3.804510e-04 3.531744e-04 2.736923e-04 2.179523e-04 2.139052e-04 2.378297e-04 2.677668e-04 2.920241e-04 3.215348e-04 3.480855e-04 4.041550e-04 4.732659e-04 4.728115e-04 3.881482e-04 3.159356e-04 3.275570e-04 3.775426e-04 3.341977e-04 2.041222e-04 1.340381e-04 1.585571e-04 2.626083e-04 3.175444e-04 2.189858e-04 1.058472e-04 5.149330e-05 2.984095e-05 2.230469e-05 1.789415e-05 1.153669e-05 6.526528e-06 4.094128e-06 2.802638e-06 9.254174e-07 1.308329e-07 1.590850e-08 3.139363e-09 1.229495e-09 5.927894e-10 1.299048e-10 5.770230e-12 4.327965e-14 5.116987e-17 5.920673e-21 8.073646e-26 1.803526e-31 1.143201e-37 2.942727e-44 0.000000e+00 0.000000e+00 0.000000e+00 0.000000e+00 0.000000e+00 0.000000e+00 0.000000e+00 0.000000e+00 5.165422e-36 1.930027e-25 5.087785e-19 2.222977e-15 3.533113e-13 1.319316e-11 9.669290e-11 1.837920e-10 2.402170e-10 8.825087e-11 1.281959e-11 5.549306e-13 1.272707e-14 3.589315e-16 2.644549e-18 4.260742e-20 1.523936e-21 3.211937e-23 7.736287e-25 6.917497e-28 1.000433e-31 4.317623e-35 7.195258e-39 4.287973e-43 1.401298e-45 0.000000e+00 0.000000e+00 0.000000e+00 0.000000e+00 0.000000e+00 0.000000e+00
0.000000e+00 0.000000e+00 0.000000e+00 1.401298e-45 1.401298e-45 1.401298e-45 2.210930e-37 9.164906e-31 4.420634e-26 1.036476e-22 5.629085e-20 5.959740e-15 3.310398e-09 1.218649e-06 5.927643e-07 2.946613e-07 1.844464e-06 1.195359e-05 9.112713e-06 1.751990e-05 7.646904e-05 1.436327e-03 4.108193e-04 6.887536e-05 4.007059e-05 5.274269e-05 7.898620e-05 1.237884e-04 1.527803e-04 9.580418e-05 7.811560e-05 7.392581e-05 9.921099e-05 1.153064e-04 1.252644e-04 1.711526e-04 1.726333e-04 1.725250e-04 1.693154e-04 1.896082e-04 1.946038e-04 1.780841e-04 1.951584e-04 1.760711e-04 1.814443e-04 1.832618e-04 1.828118e-04 2.465255e-04 2.453577e-04 2.793837e-04 3.046980e-04 2.825150e-04 3.704848e-04 3.707210e-04 4.704428e-04 6.323424e-04 5.849875e-04 6.529917e-04 6.140436e-04 5.570392e-04 6.070818e-04 5.457465e-04 5.326348e-04 4.857305e-04 3.990440e-04 4.158279e-04 3.597376e-04 3.570711e-04 4.361401e-04 2.885751e-04 2.589655e-04 4.898757e-04 4.838651e-04 5.207489e-04 8.830382e-04 1.010010e-03 9.207417e-04 1.115570e-03 1.191860e-03 9.619793e-04 1.003130e-03 1.260349e-03 1.067724e-03 8.531551e-04 9.864825e-04 9.499694e-04 5.976124e-04 5.198491e-04 6.901256e-04 6.123310e-04 3.735267e-04 3.191704e-04 3.755612e-04 3.731923e-04 2.927310e-04 2.678488e-04 2.881912e-04 2.901414e-04 2.764463e-04 2.529432e-04 2.385127e-04 2.581914e-04 2.857395e-04 2.815276e-04 2.701465e-04 2.859131e-04 3.296450e-04 4.133896e-04 4.980731e-04 5.065210e-04 4.393610e-04 4.114842e-04 4.399385e-04 4.498878e-04 3.307614e-04 1.927974e-04 1.408192e-04 1.712499e-04 2.617794e-04 2.909034e-04 1.921486e-04 1.000864e-04 6.090922e-05 5.012459e-05 4.584390e-05 3.287364e-05 1.810317e-05 9.136175e-06 5.280540e-06 3.049460e-06 1.413416e-06 5.355489e-07 1.894557e-07 8.634959e-08 6.172318e-08 5.283935e-08 2.507933e-08 3.223724e-09 8.251907e-11 4.248697e-13 5.388790e-16 1.517810e-19 8.199533e-24 1.179508e-28 5.686847e-34 9.070002e-40 0.000000e+00 0.000000e+00 0.000000e+00 0.000000e+00 0.000000e+00 0.000000e+00 0.000000e+00 0.000000e+00 2.284328e-38 1.324242e-26 2.545918e-19 3.643995e-15 7.496604e-13 1.808914e-11 1.813600e-10 3.472198e-10 3.864838e-10 3.704545e-10 7.781263e-11 1.096289e-11 6.199265e-13 1.833262e-14 3.232538e-16 3.343370e-18 1.981232e-19 5.530524e-21 6.925282e-23 7.961475e-26 1.745184e-29 1.070907e-32 3.382056e-36 9.449572e-40 3.321077e-43 3.222986e-44 1.121039e-44 4.484155e-44 0.000000e+00 0.000000e+00 0.000000e+00
0.000000e+00 0.000000e+00 0.000000e+00 1.401298e-45 1.401298e-45 2.530773e-40 2.909651e-33 9.627237e-27 2.360498e-23 6.340544e-21 1.511112e-17 9.855869e-13 1.248078e-08 2.116894e-09 4.102518e-09 4.084169e-08 2.570258e-07 2.084242e-06 3.101462e-06 1.071433e-05 1.683003e-04 8.672654e-04 2.558232e-04 3.139402e-05 3.114245e-05 4.934411e-05 7.398097e-05 1.166862e-04 1.694318e-04 1.299071e-04 1.038733e-04 1.200942e-04 1.210925e-04 1.412031e-04 1.754750e-04 2.631479e-04 3.185513e-04 2.904367e-04 2.690199e-04 2.853450e-04 2.797886e-04 3.035968e-04 3.064178e-04 3.093806e-04 3.431715e-04 3.621313e-04 4.675221e-04 4.709248e-04 5.052518e-04 5.857833e-04 5.422226e-04 7.846766e-04 8.572386e-04 1.008677e-03 1.324863e-03 1.093059e-03 1.150473e-03 1.108472e-03 9.293808e-04 1.032528e-03 9.212099e-04 8.240049e-04 8.206804e-04 7.479590e-04 8.711537e-04 8.141999e-04 7.469733e-04 8.226041e-04 5.353566e-04 5.138505e-04 8.427221e-04 7.835652e-04 8.037949e-04 1.195857e-03 1.290452e-03 1.130132e-03 1.326785e-03 1.519576e-03 1.306794e-03 1.362895e-03 1.648709e-03 1.453904e-03 1.235469e-03 1.431130e-03 1.373377e-03 9.960312e-04 9.742784e-04 1.150512e-03 8.858189e-04 5.629086e-04 4.790071e-04 4.731569e-04 3.835163e-04 2.927716e-04 2.801469e-04 2.992159e-04 2.933789e-04 2.715304e-04 2.646497e-04 2.803476e-04 3.169187e-04 3.594162e-04 3.684810e-04 3.556546e-04 3.637224e-04 3.965081e-04 4.180596e-04 4.227957e-04 4.460962e-04 5.172792e-04 5.912575e-04 6.189884e-04 5.385402e-04 3.981011e-04 2.850457e-04 2.520057e-04 2.823479e-04 3.119502e-04 2.702458e-04 1.902503e-04 1.465052e-04 1.304059e-04 1.261148e-04 1.106385e-04 8.401914e-05 5.643397e-05 3.524385e-05 2.256280e-05 1.482431e-05 9.636340e-06 5.919658e-06 4.130735e-06 3.680393e-06 4.069304e-06 4.120693e-06 2.739327e-06 6.566839e-07 3.985185e-08 6.757215e-10 4.131861e-12 9.187275e-15 7.875156e-18 2.261777e-21 2.170026e-25 6.739943e-30 4.597587e-35 4.927386e-41 0.000000e+00 0.000000e+00 0.000000e+00 0.000000e+00 0.000000e+00 0.000000e+00 0.000000e+00 9.961004e-40 1.868715e-27 2.096307e-19 5.883043e-15 2.202309e-12 6.934794e-11 7.990829e-10 4.792645e-09 9.027447e-09 1.903416e-08 1.375645e-08 2.261397e-09 2.306065e-10 6.340034e-12 9.934474e-14 1.688307e-15 4.539071e-17 1.039738e-18 2.000884e-21 8.686437e-25 1.236119e-28 7.233704e-32 1.037801e-34 6.238433e-38 4.221033e-40 1.831217e-41 5.826963e-40 1.110082e-39 1.582795e-40 1.541428e-44 0.000000e+00
0.000000e+00 0.000000e+00 0.000000e+00 1.401298e-45 1.401298e-45 2.190513e-39 2.710232e-32 4.595108e-25 2.065499e-21 3.081459e-18 9.606380e-13 3.170724e-11 4.786795e-10 1.673523e-10 2.826801e-09 6.412629e-08 1.187795e-07 4.226115e-07 3.704521e-07 1.206347e-06 2.118429e-05 6.008471e-05 1.697961e-05 5.378181e-06 1.057205e-05 2.386897e-05 4.813902e-05 8.233851e-05 1.596565e-04 1.214071e-04 1.079612e-04 1.086777e-04 1.214216e-04 1.545107e-04 2.469934e-04 3.728550e-04 4.257057e-04 3.577823e-04 3.645376e-04 4.205461e-04 4.508462e-04 5.305279e-04 5.200658e-04 5.974706e-04 6.690065e-04 7.480150e-04 7.870717e-04 7.784051e-04 9.524475e-04 9.470146e-04 1.366924e-03 1.590212e-03 1.642643e-03 2.055142e-03 1.701275e-03 1.776202e-03 1.855285e-03 1.545979e-03 1.735299e-03 1.551453e-03 1.311094e-03 1.481520e-03 1.506474e-03 1.713138e-03 1.620694e-03 1.439138e-03 1.518498e-03 1.072783e-03 1.084043e-03 1.432669e-03 1.245560e-03 1.240825e-03 1.646220e-03 1.644196e-03 1.470700e-03 1.762592e-03 1.964970e-03 1.730788e-03 1.781005e-03 2.108290e-03 1.934508e-03 1.715875e-03 1.926765e-03 1.928839e-03 1.671431e-03 1.676683e-03 1.636479e-03 1.146316e-03 7.647757e-04 6.374946e-04 5.557386e-04 4.421972e-04 3.744567e-04 3.888170e-04 4.242542e-04 4.047205e-04 3.730821e-04 3.764217e-04 3.980639e-04 4.150856e-04 4.365660e-04 4.674337e-04 4.868860e-04 5.199619e-04 5.572860e-04 5.350402e-04 4.857660e-04 4.914610e-04 5.685441e-04 6.703622e-04 7.266168e-04 7.161957e-04 6.405950e-04 5.494548e-04 4.977834e-04 5.028342e-04 5.139581e-04 4.672841e-04 3.821866e-04 3.190240e-04 3.049015e-04 3.276397e-04 3.450366e-04 3.194959e-04 2.622234e-04 2.042779e-04 1.593544e-04 1.246012e-04 1.026729e-04 9.407082e-05 9.155580e-05 9.747311e-05 1.066614e-04 1.190798e-04 8.989008e-05 3.392886e-05 5.454925e-06 3.304200e-07 9.220318e-09 1.366890e-10 9.728484e-13 2.696661e-15 2.783755e-18 9.848182e-22 8.700643e-26 1.328015e-30 2.547219e-36 8.463843e-43 0.000000e+00 0.000000e+00 0.000000e+00 0.000000e+00 0.000000e+00 0.000000e+00 2.147070e-41 4.375011e-29 5.826508e-20 1.059100e-14 9.691610e-12 1.113340e-09 2.497771e-08 4.136174e-07 2.382605e-06 4.364109e-06 3.403002e-06 3.797134e-07 2.307864e-08 5.267315e-10 7.734024e-12 1.111551e-13 1.404191e-15 6.017581e-18 2.892992e-21 3.353480e-25 7.662010e-29 6.956480e-32 9.703321e-34 6.666684e-36 1.586655e-37 3.273384e-37 7.105336e-36 1.143056e-33 3.645584e-35 3.792706e-38 2.654059e-42
0.000000e+00 0.000000e+00 0.000000e+00 1.401298e-45 1.401298e-45 1.965139e-39 3.230350e-32 1.371343e-25 5.522637e-21 1.473369e-16 5.730400e-11 8.008000e-12 9.287206e-12 2.868095e-11 5.332026e-10 2.861620e-08 4.778292e-08 2.238401e-08 2.090547e-08 4.987955e-08 1.279030e-06 1.225142e-06 8.476928e-07 1.231177e-06 4.380709e-06 1.231789e-05 3.042378e-05 5.691023e-05 8.583392e-05 6.943673e-05 5.524843e-05 6.825594e-05 8.427082e-05 1.426182e-04 2.190566e-04 3.510783e-04 3.617388e-04 3.339893e-04 4.145105e-04 4.487699e-04 5.921656e-04 5.965513e-04 6.914955e-04 8.334952e-04 8.182932e-04 9.590821e-04 8.836364e-04 1.099742e-03 1.230590e-03 1.529711e-03 1.878989e-03 1.863136e-03 2.261511e-03 2.163867e-03 2.291201e-03 2.642432e-03 2.404311e-03 2.623426e-03 2.496581e-03 2.099046e-03 2.418821e-03 2.585794e-03 2.695865e-03 2.530538e-03 2.408135e-03 2.550079e-03 1.938494e-03 1.935360e-03 2.238526e-03 1.899025e-03 1.854584e-03 2.217399e-03 2.076891e-03 1.907532e-03 2.274411e-03 2.420897e-03 2.098498e-03 2.130366e-03 2.482582e-03 2.226769e-03 1.993511e-03 2.316225e-03 2.491616e-03 2.271283e-03 2.092081e-03 1.880011e-03 1.366804e-03 9.556045e-04 7.684908e-04 6.870102e-04 6.170074e-04 5.836167e-04 6.295355e-04 6.817585e-04 6.771841e-04 6.476886e-04 6.467543e-04 6.655814e-04 6.402431e-04 5.952665e-04 5.923849e-04 6.389428e-04 6.849563e-04 7.056223e-04 6.867252e-04 6.597023e-04 6.842248e-04 7.355714e-04 7.495807e-04 7.509397e-04 8.312033e-04 9.607265e-04 9.652803e-04 8.775070e-04 8.621771e-04 9.411050e-04 9.588618e-04 8.408806e-04 7.009024e-04 6.464228e-04 7.132011e-04 8.460762e-04 9.036380e-04 8.062616e-04 6.990963e-04 6.424429e-04 6.513515e-04 7.113704e-04 7.299536e-04 7.283529e-04 7.131082e-04 7.645258e-04 7.955683e-04 7.513624e-04 5.444466e-04 2.008310e-04 3.845219e-05 4.104104e-06 2.693946e-07 1.017693e-08 1.850504e-10 1.229749e-12 2.581949e-15 1.762690e-18 2.806389e-22 7.966387e-27 3.358447e-32 3.101667e-38 1.541428e-44 0.000000e+00 0.000000e+00 0.000000e+00 0.000000e+00 0.000000e+00 7.987401e-44 2.011898e-31 3.900512e-21 1.701031e-14 8.227972e-11 2.548867e-08 1.826218e-06 2.473004e-05 1.297742e-04 9.135881e-05 1.599039e-05 1.188415e-06 3.391438e-08 8.136316e-10 7.033880e-12 7.225039e-14 2.814938e-16 3.326748e-19 1.176575e-22 1.533811e-26 7.528446e-30 5.330194e-32 2.336677e-33 7.034621e-35 2.915947e-36 5.663035e-36 3.958888e-34 3.549082e-32 1.083227e-32 2.983669e-35 5.130184e-38
0.000000e+00 0.000000e+00 0.000000e+00 1.401298e-45 9.809089e-45 9.896512e-38 3.207514e-32 6.728153e-24 9.214914e-20 7.147324e-17 5.770044e-13 1.466294e-11 3.675635e-11 1.686196e-10 4.679795e-10 4.559018e-09 2.886047e-09 6.856995e-10 3.660992e-09 1.668420e-08 1.070519e-07 9.788433e-08 1.624044e-07 6.196472e-07 3.358762e-06 6.517123e-06 1.962903e-05 2.421552e-05 2.152955e-05 1.690287e-05 2.076535e-05 3.173547e-05 5.096582e-05 7.267376e-05 1.262172e-04 1.835244e-04 1.878702e-04 2.428340e-04 2.671960e-04 3.861185e-04 4.239320e-04 4.968159e-04 6.516154e-04 6.146964e-04 8.081433e-04 7.238228e-04 8.476758e-04 1.041900e-03 1.059371e-03 1.361754e-03 1.398747e-03 1.706374e-03 2.022333e-03 2.246053e-03 2.860464e-03 2.912901e-03 3.064559e-03 3.092547e-03 2.682016e-03 3.052926e-03 3.376797e-03 3.356936e-03 3.216222e-03 3.279544e-03 3.385936e-03 2.745952e-03 2.706900e-03 2.953576e-03 2.490273e-03 2.300228e-03 2.609318e-03 2.431145e-03 2.212622e-03 2.550406e-03 2.743819e-03 2.381378e-03 2.289206e-03 2.590842e-03 2.361827e-03 2.152458e-03 2.412471e-03 2.663214e-03 2.426486e-03 2.196352e-03 1.991711e-03 1.536247e-03 1.187512e-03 1.098896e-03 1.100750e-03 1.045692e-03 1.016509e-03 1.076796e-03 1.134131e-03 1.143051e-03 1.139465e-03 1.131438e-03 1.054474e-03 9.213374e-04 8.486762e-04 8.561647e-04 8.836648e-04 8.846062e-04 8.520050e-04 8.395310e-04 8.668455e-04 9.078998e-04 9.441693e-04 9.574368e-04 9.999885e-04 1.125265e-03 1.213098e-03 1.175337e-03 1.191752e-03 1.378560e-03 1.633199e-03 1.589910e-03 1.332998e-03 1.177645e-03 1.243257e-03 1.500746e-03 1.636795e-03 1.412779e-03 1.159299e-03 1.102918e-03 1.302946e-03 1.666679e-03 1.875839e-03 1.788065e-03 1.524100e-03 1.401825e-03 1.548360e-03 2.023068e-03 2.640341e-03 2.504753e-03 1.541734e-03 5.555691e-04 1.182287e-04 1.849544e-05 2.465636e-06 2.239219e-07 9.159145e-09 1.263107e-10 4.981159e-13 6.199394e-16 1.925351e-19 1.035335e-23 9.177805e-29 1.878884e-34 2.180378e-40 0.000000e+00 0.000000e+00 0.000000e+00 0.000000e+00 0.000000e+00 0.000000e+00 1.219041e-34 5.121496e-23 5.345368e-15 3.048857e-10 1.508091e-07 9.790650e-06 6.408365e-05 6.148900e-05 2.088137e-05 1.020540e-06 6.649222e-08 2.004476e-09 2.704872e-11 2.569708e-13 1.073729e-15 2.750673e-18 1.781548e-21 7.645562e-25 3.416034e-28 2.302270e-31 6.425110e-33 3.570526e-34 4.656369e-36 6.337441e-38 2.447847e-38 4.637831e-37 5.509806e-35 3.636160e-34 7.552130e-35 3.495969e-36
0.000000e+00 0.000000e+00 0.000000e+00 1.401298e-45 2.833986e-41 5.214154e-34 1.940685e-27 1.338925e-21 1.965784e-18 1.388990e-15 1.180874e-12 1.259735e-10 5.405925e-10 1.075388e-09 1.012291e-09 6.741090e-10 2.737984e-10 1.499222e-10 5.602198e-09 1.669815e-08 1.352276e-08 2.462010e-08 7.166961e-08 3.685430e-07 1.895074e-06 2.419953e-06 5.506618e-06 5.048027e-06 3.211485e-06 4.425564e-06 7.144864e-06 1.060899e-05 1.613425e-05 2.456339e-05 4.908270e-05 6.717924e-05 9.097826e-05 1.141784e-04 1.776522e-04 2.342952e-04 2.818201e-04 4.029794e-04 3.883953e-04 5.079287e-04 4.618914e-04 4.599821e-04 6.117921e-04 5.634060e-04 7.613332e-04 8.971592e-04 1.115390e-03 1.635493e-03 1.838272e-03 2.340036e-03 2.554124e-03 2.517854e-03 2.778409e-03 2.711623e-03 2.976629e-03 3.261932e-03 3.154945e-03 3.055754e-03 3.200282e-03 3.305394e-03 2.989207e-03 2.915089e-03 3.081533e-03 2.545204e-03 2.194581e-03 2.570158e-03 2.406747e-03 2.122887e-03 2.627986e-03 2.885773e-03 2.303077e-03 2.300560e-03 2.758205e-03 2.343218e-03 2.043386e-03 2.373407e-03 2.539299e-03 2.201048e-03 2.011810e-03 1.948313e-03 1.752921e-03 1.641365e-03 1.659351e-03 1.706248e-03 1.699364e-03 1.717880e-03 1.751153e-03 1.734396e-03 1.686467e-03 1.634198e-03 1.566905e-03 1.447970e-03 1.302640e-03 1.207949e-03 1.190192e-03 1.215497e-03 1.180681e-03 1.128596e-03 1.089913e-03 1.087932e-03 1.106414e-03 1.147501e-03 1.245483e-03 1.415008e-03 1.603515e-03 1.638793e-03 1.553322e-03 1.576344e-03 1.866285e-03 2.131489e-03 2.024381e-03 1.829226e-03 1.799813e-03 2.088777e-03 2.377423e-03 2.206893e-03 1.766885e-03 1.474772e-03 1.508673e-03 1.772338e-03 2.019193e-03 2.056733e-03 1.844309e-03 1.596157e-03 1.594777e-03 2.101882e-03 3.228741e-03 4.445966e-03 4.223746e-03 2.510019e-03 1.022366e-03 3.756664e-04 1.348161e-04 4.417140e-05 1.263411e-05 2.354737e-06 1.499107e-07 2.610534e-09 1.419681e-11 2.729192e-14 1.312967e-17 9.394655e-22 1.320210e-26 7.211681e-32 2.661437e-37 1.139256e-42 0.000000e+00 0.000000e+00 0.000000e+00 0.000000e+00 0.000000e+00 1.931824e-38 6.735151e-26 1.414555e-16 3.646149e-11 2.916704e-08 6.262330e-07 1.898053e-06 9.413122e-07 1.374262e-07 1.117562e-08 3.327524e-10 1.651916e-11 1.367448e-13 1.100085e-15 5.552578e-18 7.568978e-21 3.525887e-24 1.418348e-27 6.878188e-31 1.002665e-33 3.309015e-35 5.055636e-36 6.455971e-38 5.909752e-40 3.119150e-41 2.488146e-40 1.681343e-38 2.373137e-36 2.124108e-35 1.649547e-36
0.000000e+00 0.000000e+00 0.000000e+00 1.401298e-45 1.394516e-40 2.435530e-30 8.904943e-24 5.085652e-18 1.850377e-14 2.106649e-12 1.118656e-10 3.752912e-10 1.777631e-09 1.007157e-08 2.213348e-08 1.847593e-08 1.339361e-08 1.270099e-08 8.647859e-08 3.771364e-08 1.398519e-08 2.592298e-08 5.841641e-08 1.955598e-07 1.201735e-06 1.059867e-06 1.595868e-06 1.379953e-06 1.033868e-06 1.750133e-06 2.258652e-06 3.318534e-06 4.687652e-06 9.070543e-06 1.775213e-05 2.833121e-05 4.382189e-05 7.573303e-05 1.284371e-04 1.604122e-04 2.395405e-04 2.498131e-04 2.700231e-04 2.793725e-04 2.488039e-04 3.602955e-04 3.767518e-04 5.213630e-04 7.424151e-04 8.494383e-04 1.327934e-03 1.403888e-03 1.555734e-03 1.834271e-03 1.699195e-03 2.072652e-03 2.219817e-03 2.181224e-03 2.471911e-03 2.501997e-03 2.511015e-03 2.792280e-03 2.949575e-03 2.803495e-03 2.699430e-03 2.735386e-03 2.232562e-03 1.887275e-03 2.180144e-03 1.970724e-03 1.765461e-03 2.307489e-03 2.400887e-03 1.830288e-03 2.075877e-03 2.435118e-03 1.918637e-03 1.816654e-03 2.225979e-03 2.131786e-03 1.728858e-03 1.729156e-03 1.924080e-03 1.942843e-03 1.954022e-03 2.156152e-03 2.358600e-03 2.386903e-03 2.283089e-03 2.167460e-03 2.065560e-03 1.957411e-03 1.834461e-03 1.720915e-03 1.637353e-03 1.577663e-03 1.544080e-03 1.556489e-03 1.573150e-03 1.539732e-03 1.464502e-03 1.442448e-03 1.450569e-03 1.426340e-03 1.404257e-03 1.540850e-03 1.824143e-03 2.012340e-03 2.050444e-03 2.110320e-03 2.281555e-03 2.492441e-03 2.471259e-03 2.275436e-03 2.200792e-03 2.517693e-03 3.051586e-03 3.159148e-03 2.767370e-03 2.331814e-03 2.097851e-03 2.108911e-03 2.205583e-03 2.151646e-03 1.879006e-03 1.617859e-03 1.631542e-03 2.035986e-03 2.767263e-03 3.699602e-03 4.010292e-03 3.157661e-03 1.952888e-03 1.116538e-03 6.756251e-04 4.579039e-04 3.216062e-04 1.697457e-04 4.735597e-05 6.386603e-06 2.969021e-07 4.358378e-09 2.806787e-11 6.513315e-14 3.881581e-17 4.223150e-21 1.399631e-25 3.997023e-30 1.190350e-34 3.235340e-39 5.745324e-44 0.000000e+00 0.000000e+00 0.000000e+00 0.000000e+00 2.918905e-42 2.048963e-30 4.326435e-20 6.241105e-14 1.051661e-10 2.781229e-09 5.761839e-09 4.644038e-09 6.377309e-10 5.126357e-11 2.961217e-12 6.543435e-14 1.256589e-15 5.274849e-18 2.554032e-20 1.827106e-23 4.185269e-27 1.770668e-30 2.334014e-33 2.006863e-35 1.716191e-36 1.940525e-36 1.558256e-37 1.415328e-39 7.729282e-41 2.848560e-41 3.085602e-39 4.607431e-37 2.307450e-36 1.554280e-37
0.000000e+00 0.000000e+00 0.000000e+00 1.401298e-45 5.332043e-34 1.798386e-26 8.880644e-21 4.362109e-16 5.081497e-12 3.895210e-10 1.202486e-08 1.202515e-09 2.085117e-09 1.683014e-08 1.232135e-07 8.822040e-06 1.456607e-05 7.407746e-06 4.697546e-06 1.835384e-06 3.661364e-07 3.142891e-07 2.300486e-07 4.848864e-07 2.044835e-06 1.309549e-06 1.063836e-06 9.275809e-07 8.715903e-07 7.915602e-07 1.014651e-06 1.204713e-06 2.458013e-06 5.551225e-06 1.179147e-05 2.427279e-05 3.776357e-05 7.718072e-05 1.026061e-04 1.491041e-04 1.771406e-04 1.570590e-04 1.942372e-04 1.879602e-04 3.047562e-04 4.083713e-04 5.022223e-04 7.814008e-04 7.432920e-04 1.041621e-03 1.048113e-03 9.485917e-04 1.328697e-03 1.142809e-03 1.440305e-03 1.706282e-03 1.521674e-03 2.138522e-03 2.376866e-03 2.425015e-03 2.816332e-03 2.856259e-03 2.580095e-03 2.386955e-03 2.296331e-03 1.883995e-03 1.622449e-03 1.736483e-03 1.499302e-03 1.356618e-03 1.697844e-03 1.676994e-03 1.343745e-03 1.677061e-03 1.891414e-03 1.526584e-03 1.556701e-03 1.845106e-03 1.641002e-03 1.406281e-03 1.629495e-03 1.905388e-03 1.930663e-03 2.056799e-03 2.370113e-03 2.597161e-03 2.542026e-03 2.308759e-03 2.108181e-03 1.979040e-03 1.825778e-03 1.691185e-03 1.676170e-03 1.741088e-03 1.788622e-03 1.806619e-03 1.860792e-03 1.888947e-03 1.817115e-03 1.767637e-03 1.828039e-03 1.869095e-03 1.781830e-03 1.716573e-03 1.845411e-03 2.071089e-03 2.203177e-03 2.294703e-03 2.505866e-03 2.853913e-03 3.044354e-03 2.930642e-03 2.740188e-03 2.751178e-03 3.069324e-03 3.462103e-03 3.569264e-03 3.392638e-03 3.106284e-03 2.934314e-03 2.848783e-03 2.760526e-03 2.617410e-03 2.305075e-03 2.019942e-03 2.026260e-03 2.367232e-03 3.087202e-03 3.594609e-03 3.292965e-03 2.635430e-03 2.074989e-03 1.794785e-03 1.593683e-03 1.369031e-03 1.103558e-03 7.844208e-04 3.952686e-04 1.003170e-04 1.005207e-05 4.082437e-07 6.053068e-09 4.243749e-11 1.147728e-13 9.480901e-17 2.816665e-20 5.181489e-24 9.082202e-28 2.123169e-31 2.368413e-35 8.472152e-40 7.006492e-45 0.000000e+00 0.000000e+00 0.000000e+00 1.401298e-45 1.683581e-35 7.813637e-25 2.377779e-17 1.941420e-13 1.559129e-11 5.905565e-11 5.560089e-11 2.396567e-11 2.528007e-12 2.975528e-13 9.230839e-15 7.747349e-17 4.450254e-19 5.572808e-22 8.011335e-25 2.906945e-28 6.951491e-31 1.005392e-32 2.323719e-34 5.846701e-35 6.349172e-35 5.903236e-35 3.544090e-37 2.075317e-39 2.143020e-40 9.805348e-40 6.201885e-38 6.638204e-38 1.077669e-39
0.000000e+00 0.000000e+00 2.802597e-45 2.427333e-35 1.631926e-26 3.753347e-21 8.714041e-19 4.075905e-14 4.887887e-11 3.370053e-09 1.194334e-08 1.006671e-08 2.033460e-08 2.730216e-07 3.861673e-06 6.342868e-05 1.275698e-04 1.647899e-05 4.073528e-05 2.411083e-05 9.372810e-06 2.338169e-06 2.067290e-06 1.847671e-06 6.679498e-06 2.830584e-06 6.685883e-07 5.182790e-07 3.417020e-07 3.643332e-07 4.935636e-07 1.122700e-06 2.601208e-06 7.180940e-06 1.738503e-05 2.230136e-05 4.102847e-05 5.697241e-05 8.041286e-05 1.034278e-04 8.663015e-05 1.490241e-04 1.881525e-04 3.284412e-04 5.111480e-04 4.900094e-04 7.657839e-04 6.242012e-04 7.544673e-04 8.265172e-04 6.108020e-04 1.023730e-03 8.093643e-04 9.738405e-04 1.500343e-03 1.355468e-03 2.238211e-03 2.632148e-03 2.577905e-03 3.021309e-03 2.816753e-03 2.306078e-03 2.138183e-03 2.009501e-03 1.671857e-03 1.461563e-03 1.492271e-03 1.273209e-03 1.124840e-03 1.328613e-03 1.307270e-03 1.134809e-03 1.468118e-03 1.618498e-03 1.325329e-03 1.388871e-03 1.614000e-03 1.446921e-03 1.385786e-03 1.716694e-03 1.961542e-03 1.924807e-03 2.012714e-03 2.315422e-03 2.462609e-03 2.268319e-03 2.020422e-03 1.905807e-03 1.846344e-03 1.747228e-03 1.684798e-03 1.754586e-03 1.877547e-03 1.950235e-03 2.042504e-03 2.164121e-03 2.183147e-03 2.085458e-03 2.068783e-03 2.168794e-03 2.196663e-03 2.093454e-03 2.077792e-03 2.226976e-03 2.378245e-03 2.409400e-03 2.479673e-03 2.861395e-03 3.418446e-03 3.650821e-03 3.511963e-03 3.433875e-03 3.499742e-03 3.629656e-03 3.771246e-03 3.947469e-03 3.813118e-03 3.532629e-03 3.398952e-03 3.418144e-03 3.546676e-03 3.397768e-03 2.911411e-03 2.518262e-03 2.472168e-03 2.902551e-03 3.297976e-03 3.228807e-03 2.967996e-03 2.790535e-03 2.746874e-03 2.626821e-03 2.361714e-03 2.061260e-03 1.998228e-03 1.993303e-03 1.615295e-03 7.653878e-04 1.823467e-04 1.740028e-05 7.023476e-07 1.436306e-08 1.602042e-10 8.886174e-13 2.080927e-15 2.225691e-18 2.180082e-21 1.712361e-24 8.091486e-28 1.192048e-31 2.283696e-36 9.079013e-42 0.000000e+00 0.000000e+00 0.000000e+00 0.000000e+00 4.389708e-40 3.468396e-29 2.547468e-20 3.996761e-15 1.336536e-12 2.614896e-11 5.866271e-11 5.458954e-11 1.634357e-11 1.015551e-12 3.195704e-14 1.334915e-16 6.014864e-19 2.575705e-21 8.350562e-24 4.606539e-26 2.511229e-28 8.252501e-30 2.225285e-31 8.596979e-33 9.110312e-33 1.321458e-33 9.669530e-36 3.267190e-39 5.461981e-41 1.652117e-40 5.487527e-40 9.714964e-40 1.448662e-41
0.000000e+00 1.401298e-45 4.580887e-40 9.157565e-28 4.785770e-19 3.510744e-18 5.147818e-18 5.005603e-13 1.424571e-09 1.785158e-08 7.598197e-09 1.746183e-07 5.634759e-07 1.352017e-06 5.684963e-06 1.175460e-05 9.599677e-06 2.845761e-06 4.053004e-06 1.752341e-05 8.303142e-06 5.115022e-06 6.045597e-06 5.685227e-06 9.486014e-06 1.527067e-06 1.940031e-07 1.625225e-07 2.811250e-07 2.148979e-07 4.293012e-07 8.721192e-07 2.402425e-06 6.711697e-06 7.449199e-06 1.104056e-05 1.361783e-05 2.246795e-05 3.313974e-05 4.070052e-05 1.060330e-04 1.662500e-04 2.748346e-04 4.177583e-04 3.439849e-04 5.634120e-04 4.954670e-04 5.105340e-04 6.818293e-04 4.150827e-04 7.848220e-04 6.766506e-04 7.824785e-04 1.567679e-03 1.305948e-03 1.999108e-03 2.541793e-03 2.276485e-03 2.805645e-03 2.671411e-03 2.151200e-03 2.177487e-03 2.059674e-03 1.693096e-03 1.524762e-03 1.557617e-03 1.389642e-03 1.205564e-03 1.287418e-03 1.289539e-03 1.162757e-03 1.389012e-03 1.497799e-03 1.304617e-03 1.393421e-03 1.598527e-03 1.537274e-03 1.614933e-03 1.970954e-03 2.117631e-03 1.998654e-03 2.065668e-03 2.327431e-03 2.354056e-03 2.111810e-03 1.997905e-03 2.079551e-03 2.145767e-03 2.049495e-03 1.961724e-03 2.022015e-03 2.122220e-03 2.208755e-03 2.358153e-03 2.576122e-03 2.642762e-03 2.603465e-03 2.635927e-03 2.747095e-03 2.727104e-03 2.660988e-03 2.747386e-03 2.942513e-03 2.995693e-03 2.955028e-03 3.250800e-03 3.923595e-03 4.496240e-03 4.634426e-03 4.650800e-03 4.783794e-03 4.939901e-03 4.866501e-03 4.609403e-03 4.281563e-03 4.029833e-03 3.904193e-03 3.834413e-03 3.846803e-03 3.886658e-03 3.814455e-03 3.600221e-03 3.300055e-03 3.357999e-03 3.676313e-03 3.792319e-03 3.372694e-03 2.836914e-03 2.615643e-03 2.632092e-03 2.510514e-03 2.304022e-03 2.682759e-03 3.967538e-03 5.097557e-03 3.715590e-03 1.450110e-03 3.732493e-04 8.033313e-05 1.392786e-05 1.373571e-06 7.857606e-08 2.562864e-09 3.841546e-11 2.414053e-13 7.065333e-16 1.217572e-18 1.346115e-21 3.622049e-25 1.638550e-29 1.479961e-34 3.220030e-40 0.000000e+00 0.000000e+00 0.000000e+00 0.000000e+00 7.426882e-44 1.010339e-32 1.265065e-22 6.524509e-16 2.181435e-12 1.441427e-10 1.019414e-09 8.756600e-10 2.128637e-10 1.243267e-11 2.191219e-13 3.038877e-15 2.692050e-17 6.844179e-19 1.506425e-20 1.154341e-22 1.305044e-24 1.183775e-26 3.251638e-28 4.173538e-30 1.050385e-31 1.389720e-32 6.375910e-36 5.021234e-39 6.835954e-41 2.004557e-41 4.232748e-40 5.991392e-41 4.505455e-41
0.000000e+00 0.000000e+00 2.799234e-41 5.856903e-31 1.019038e-23 8.878329e-19 2.398650e-17 2.811129e-12 3.156897e-10 4.349237e-08 2.553501e-08 9.217354e-07 1.175250e-05 4.346719e-06 2.129814e-05 4.252586e-06 7.425212e-06 1.493848e-06 2.371272e-06 4.486821e-06 5.285980e-06 1.979299e-06 9.461224e-06 6.547446e-06 3.189516e-06 3.815903e-07 8.663336e-08 2.253224e-07 2.002098e-07 1.731149e-07 1.913928e-07 5.846666e-07 1.121256e-06 1.521999e-06 2.159582e-06 2.552064e-06 6.568373e-06 1.287269e-05 2.681140e-05 6.943999e-05 9.701034e-05 1.482683e-04 1.975721e-04 1.666447e-04 2.642838e-04 2.695927e-04 2.260369e-04 3.767502e-04 2.506107e-04 4.679363e-04 5.500527e-04 5.526459e-04 1.072819e-03 8.497034e-04 1.244440e-03 1.809487e-03 1.624790e-03 2.412467e-03 2.477459e-03 1.953731e-03 2.346770e-03 2.131847e-03 1.646230e-03 1.741083e-03 1.841758e-03 1.664543e-03 1.501017e-03 1.520224e-03 1.433548e-03 1.263229e-03 1.368753e-03 1.399082e-03 1.341578e-03 1.494990e-03 1.683027e-03 1.729494e-03 1.907349e-03 2.226642e-03 2.288774e-03 2.224020e-03 2.353792e-03 2.577906e-03 2.552974e-03 2.451024e-03 2.634862e-03 2.958183e-03 2.978289e-03 2.717664e-03 2.551387e-03 2.567492e-03 2.650498e-03 2.781307e-03 3.033066e-03 3.324672e-03 3.548743e-03 3.703124e-03 3.912977e-03 4.074106e-03 4.067971e-03 3.988914e-03 4.053578e-03 4.170256e-03 4.294576e-03 4.603710e-03 5.228089e-03 5.863960e-03 6.302180e-03 6.542305e-03 6.790210e-03 7.242335e-03 7.354049e-03 6.829576e-03 5.994579e-03 5.291310e-03 4.695470e-03 4.184189e-03 3.958931e-03 4.110529e-03 4.262135e-03 4.144548e-03 3.932951e-03 4.030727e-03 4.371413e-03 4.531172e-03 4.132327e-03 3.435494e-03 2.876023e-03 2.691284e-03 2.705594e-03 2.712743e-03 3.066950e-03 4.469631e-03 6.855184e-03 6.637017e-03 3.121392e-03 9.789880e-04 3.332070e-04 1.687857e-04 9.481733e-05 3.887892e-05 7.686737e-06 7.010458e-07 3.303145e-08 7.499815e-10 6.509212e-12 3.137600e-14 6.516207e-17 3.463549e-20 3.350709e-24 6.115227e-29 3.140746e-34 9.464370e-40 1.401298e-45 0.000000e+00 0.000000e+00 0.000000e+00 0.000000e+00 2.142611e-36 2.557390e-25 3.866337e-17 1.655205e-12 2.314766e-10 2.539678e-09 3.096484e-09 7.507479e-10 9.155795e-11 5.427423e-12 2.536823e-13 1.347469e-14 8.145902e-16 3.299043e-17 4.272735e-19 2.557342e-21 4.919451e-23 7.851400e-25 2.268785e-27 4.944437e-30 1.654361e-32 7.609964e-35 4.934938e-38 6.339292e-40 6.139789e-40 1.871252e-40 1.995684e-39 5.376152e-40
3.222986e-44 1.401298e-45 8.407791e-45 2.290959e-34 5.405948e-26 2.609688e-22 5.712556e-17 7.978281e-14 9.752071e-11 2.653483e-07 1.128583e-07 1.434915e-07 2.991414e-06 2.712446e-06 5.428833e-06 4.177441e-06 1.108560e-06 1.626624e-06 5.553573e-07 2.649465e-06 1.262590e-06 1.404966e-06 6.523079e-06 7.871071e-06 9.627124e-07 2.163461e-07 1.968772e-07 1.823742e-07 2.291337e-07 8.830532e-08 1.779166e-07 3.543373e-07 6.156015e-07 1.190751e-06 1.526120e-06 4.743292e-06 9.185541e-06 2.091935e-05 3.805423e-05 4.482278e-05 6.538464e-05 7.479615e-05 7.192781e-05 9.331795e-05 1.121680e-04 9.024826e-05 1.628697e-04 1.359187e-04 2.031336e-04 2.880129e-04 2.760603e-04 4.936595e-04 4.719383e-04 7.434598e-04 1.136744e-03 1.130589e-03 1.768608e-03 1.705571e-03 1.464398e-03 1.890607e-03 1.692784e-03 1.484212e-03 1.919748e-03 2.036037e-03 1.909121e-03 1.967159e-03 2.039855e-03 1.890185e-03 1.682758e-03 1.667786e-03 1.668714e-03 1.653630e-03 1.748940e-03 1.913571e-03 2.006875e-03 2.229925e-03 2.586927e-03 2.732823e-03 2.803090e-03 3.114308e-03 3.402839e-03 3.392927e-03 3.516478e-03 4.048567e-03 4.564921e-03 4.485567e-03 4.054131e-03 3.815723e-03 3.863705e-03 4.015828e-03 4.132554e-03 4.392834e-03 4.820538e-03 5.265018e-03 5.643997e-03 6.037818e-03 6.485781e-03 6.664771e-03 6.501872e-03 6.240775e-03 6.258706e-03 6.546078e-03 7.008401e-03 7.543429e-03 8.067379e-03 8.454788e-03 8.837593e-03 9.715823e-03 1.035081e-02 1.007720e-02 9.061862e-03 8.007179e-03 7.124852e-03 6.248247e-03 5.343029e-03 4.714370e-03 4.510184e-03 4.661904e-03 4.797928e-03 4.718938e-03 4.674966e-03 4.670053e-03 4.639400e-03 4.423326e-03 3.990705e-03 3.598272e-03 3.471721e-03 3.629213e-03 4.162848e-03 4.937948e-03 5.612757e-03 5.449413e-03 3.945088e-03 2.126120e-03 1.128429e-03 8.447973e-04 8.282891e-04 7.081504e-04 3.261300e-04 5.844991e-05 5.194065e-06 4.053266e-07 2.616455e-08 1.005166e-09 1.553745e-11 1.016853e-13 2.592968e-16 1.287592e-19 9.170805e-24 1.698133e-28 1.048703e-33 2.552883e-39 4.203895e-45 0.000000e+00 0.000000e+00 0.000000e+00 0.000000e+00 1.301722e-40 1.173611e-28 4.095904e-19 3.875062e-13 2.862235e-10 3.801437e-09 1.455832e-08 7.474502e-09 1.861073e-09 2.935755e-10 3.344392e-11 3.194688e-12 2.841449e-13 1.494642e-14 2.096173e-16 2.870626e-18 3.280161e-20 1.969177e-22 1.625478e-25 1.459255e-29 3.144242e-32 6.002129e-35 1.836145e-37 6.073802e-40 3.283242e-41 1.211633e-40 1.029576e-40 1.192536e-38
6.438940e-39 2.802597e-45 1.326217e-40 1.053308e-29 1.099654e-22 7.994297e-19 4.463027e-14 1.671573e-12 2.851335e-09 9.657840e-07 9.717385e-08 1.084326e-07 2.052745e-07 2.142342e-07 3.118621e-07 4.507884e-07 3.244668e-07 2.857371e-07 3.486828e-07 1.524623e-07 2.077244e-07 1.765949e-07 2.081028e-06 3.995054e-06 9.568030e-07 4.636685e-07 3.854948e-07 3.678281e-07 1.596290e-07 1.475062e-07 1.287321e-07 3.746420e-07 7.363975e-07 1.120024e-06 3.680427e-06 5.513638e-06 1.429577e-05 2.215644e-05 2.726097e-05 4.202696e-05 3.528662e-05 4.726515e-05 5.421891e-05 7.253810e-05 7.530950e-05 1.101179e-04 1.232191e-04 1.666991e-04 2.456773e-04 2.408420e-04 3.702780e-04 4.313153e-04 6.094754e-04 8.645689e-04 9.056913e-04 1.178397e-03 1.165153e-03 1.142284e-03 1.494069e-03 1.468928e-03 1.596504e-03 2.225626e-03 2.268502e-03 2.471996e-03 2.887311e-03 2.931628e-03 2.846459e-03 2.645745e-03 2.471896e-03 2.480448e-03 2.296934e-03 2.150908e-03 2.298162e-03 2.434989e-03 2.583921e-03 3.021883e-03 3.498030e-03 3.788461e-03 4.242064e-03 4.793458e-03 4.919234e-03 5.117733e-03 5.939783e-03 6.782155e-03 6.717050e-03 6.321175e-03 6.527436e-03 7.177041e-03 7.349642e-03 6.935518e-03 6.672532e-03 7.144684e-03 7.986448e-03 8.708469e-03 9.482215e-03 1.015359e-02 1.011363e-02 9.529998e-03 9.265936e-03 9.463726e-03 9.580863e-03 9.389248e-03 9.256950e-03 9.476500e-03 1.004370e-02 1.106255e-02 1.216141e-02 1.276148e-02 1.250557e-02 1.169641e-02 1.073601e-02 9.815640e-03 8.743943e-03 7.568684e-03 6.617482e-03 6.173963e-03 5.897642e-03 5.370655e-03 4.924491e-03 4.882326e-03 5.071048e-03 5.059144e-03 4.695767e-03 4.408496e-03 4.484209e-03 4.866308e-03 5.493393e-03 6.024617e-03 5.788947e-03 4.754555e-03 3.764796e-03 3.132246e-03 2.807560e-03 2.791663e-03 3.176336e-03 3.582616e-03 2.731273e-03 9.074687e-04 1.289476e-04 1.197505e-05 1.124283e-06 1.473412e-07 2.128708e-08 1.572348e-09 4.097552e-11 3.912484e-13 1.342216e-15 1.012015e-18 1.088229e-22 1.908522e-27 9.146447e-33 1.244703e-38 7.006492e-45 0.000000e+00 0.000000e+00 0.000000e+00 0.000000e+00 2.802597e-45 1.124426e-32 2.009003e-21 4.516745e-14 3.987051e-10 1.574264e-08 6.405430e-08 7.331626e-08 1.664696e-08 4.426271e-09 8.843363e-10 1.270179e-10 1.470349e-11 8.000675e-13 1.292532e-14 5.962390e-17 1.940429e-19 1.837099e-22 1.720245e-25 3.393778e-29 4.231114e-33 1.786851e-35 4.990818e-39 2.919185e-41 1.015941e-42 2.578389e-42 3.789868e-40 2.637860e-39
1.849581e-30 2.424246e-43 3.130333e-33 4.346901e-25 5.827868e-19 1.368859e-16 1.037282e-12 1.860242e-09 1.470606e-06 2.124511e-06 9.457008e-08 1.365207e-07 6.035012e-08 3.200097e-08 1.839471e-08 9.949656e-08 3.725878e-08 1.825713e-07 1.856465e-07 9.374869e-08 6.955169e-08 2.370957e-07 3.252547e-07 8.180147e-07 1.337574e-07 4.114969e-08 1.383039e-07 9.746837e-08 1.454199e-07 1.163625e-07 3.185200e-07 1.109809e-06 1.780319e-06 3.894233e-06 4.679392e-06 1.073938e-05 1.387713e-05 1.778766e-05 2.277937e-05 1.854581e-05 3.452153e-05 4.093761e-05 6.026156e-05 7.695906e-05 9.256738e-05 1.379476e-04 1.761921e-04 2.461301e-04 2.662629e-04 3.855670e-04 4.962261e-04 6.033580e-04 8.365767e-04 8.223586e-04 9.416432e-04 1.067501e-03 1.006729e-03 1.324162e-03 1.537786e-03 1.817763e-03 2.412338e-03 2.602181e-03 3.090234e-03 3.436880e-03 3.267993e-03 3.235071e-03 3.089072e-03 2.902671e-03 2.835155e-03 2.509232e-03 2.334075e-03 2.535656e-03 2.638622e-03 2.797594e-03 3.440141e-03 4.110485e-03 4.338846e-03 4.918979e-03 5.720870e-03 5.926411e-03 6.164270e-03 7.307334e-03 8.453592e-03 8.610847e-03 9.055518e-03 1.085354e-02 1.237353e-02 1.192134e-02 1.061413e-02 1.021800e-02 1.092811e-02 1.183825e-02 1.272263e-02 1.358912e-02 1.384407e-02 1.339941e-02 1.292685e-02 1.290349e-02 1.294113e-02 1.249836e-02 1.190829e-02 1.171037e-02 1.188387e-02 1.215235e-02 1.252255e-02 1.303142e-02 1.358192e-02 1.386271e-02 1.349353e-02 1.307334e-02 1.246933e-02 1.136399e-02 1.009590e-02 8.984910e-03 8.221379e-03 7.236704e-03 6.068778e-03 5.186849e-03 4.967608e-03 5.300482e-03 5.344758e-03 4.866565e-03 4.653545e-03 5.125363e-03 6.299467e-03 6.997943e-03 6.408744e-03 5.072919e-03 3.947336e-03 3.436047e-03 3.764489e-03 4.651071e-03 5.094668e-03 4.657665e-03 3.831432e-03 2.689141e-03 1.205560e-03 3.001844e-04 5.207621e-05 9.674932e-06 2.415804e-06 6.335395e-07 1.182316e-07 9.782199e-09 3.266006e-10 4.444509e-12 1.769095e-14 1.185328e-17 1.016811e-21 1.289815e-26 3.420723e-32 3.005087e-38 1.261169e-44 0.000000e+00 0.000000e+00 0.000000e+00 0.000000e+00 0.000000e+00 8.765858e-38 3.299736e-25 4.434800e-16 4.292538e-11 1.190970e-08 1.234993e-07 3.094152e-07 2.432376e-07 1.464598e-07 5.306131e-08 6.802538e-09 5.181193e-10 1.425739e-11 6.609796e-14 9.053606e-17 5.695543e-20 8.977780e-23 2.167932e-25 1.064160e-28 7.442346e-33 1.945519e-36 2.961617e-38 2.913019e-41 1.645825e-41 3.573451e-41 3.205941e-39 1.519645e-38
1.461817e-33 8.623451e-41 2.095968e-32 4.815850e-25 6.471340e-22 1.927904e-16 9.771033e-12 2.053382e-07 6.025417e-07 5.610791e-06 2.861260e-07 4.580679e-08 2.569203e-08 5.884633e-08 2.697764e-09 2.592368e-09 1.145095e-08 5.781392e-08 1.607285e-07 2.653961e-08 8.849191e-08 3.271994e-07 1.170998e-07 8.766323e-08 1.342005e-08 1.302478e-08 6.702478e-08 1.576337e-07 1.633109e-07 4.603957e-07 1.111750e-06 2.327656e-06 3.094611e-06 2.852978e-06 5.527853e-06 7.130284e-06 9.561539e-06 1.205636e-05 1.071714e-05 2.144748e-05 2.577500e-05 3.426693e-05 4.724467e-05 5.229788e-05 9.680659e-05 1.248349e-04 1.786429e-04 2.544049e-04 3.508786e-04 4.858022e-04 5.853426e-04 7.917092e-04 8.030832e-04 8.623114e-04 9.965263e-04 9.481036e-04 1.254804e-03 1.632770e-03 1.816513e-03 2.330628e-03 2.772297e-03 2.981995e-03 3.082761e-03 2.966928e-03 2.938856e-03 2.953736e-03 2.812318e-03 2.654043e-03 2.524588e-03 2.542684e-03 2.741691e-03 2.939442e-03 3.329673e-03 4.089859e-03 4.595958e-03 4.626095e-03 5.149848e-03 5.944865e-03 6.057316e-03 6.365382e-03 7.866070e-03 9.023027e-03 9.223735e-03 1.067767e-02 1.365767e-02 1.522439e-02 1.441257e-02 1.380878e-02 1.474608e-02 1.599182e-02 1.643062e-02 1.676445e-02 1.712779e-02 1.699310e-02 1.638976e-02 1.600440e-02 1.604294e-02 1.586867e-02 1.528937e-02 1.502407e-02 1.525910e-02 1.529321e-02 1.493160e-02 1.457503e-02 1.448831e-02 1.451800e-02 1.439445e-02 1.452441e-02 1.460515e-02 1.414248e-02 1.335405e-02 1.214525e-02 1.074805e-02 9.322112e-03 8.002540e-03 6.958470e-03 6.182469e-03 5.784488e-03 5.464877e-03 4.968591e-03 4.789187e-03 5.148532e-03 6.382657e-03 7.429708e-03 6.913982e-03 5.575588e-03 4.742128e-03 4.577168e-03 4.855455e-03 5.177519e-03 5.103950e-03 4.673306e-03 4.061821e-03 3.521801e-03 2.754471e-03 1.584602e-03 5.688835e-04 1.562086e-04 4.836949e-05 2.112368e-05 1.171514e-05 5.247176e-06 1.258229e-06 1.303816e-07 5.517041e-09 6.972112e-11 1.489002e-13 4.546703e-17 3.018145e-21 5.772390e-26 2.784248e-31 3.878543e-37 2.312142e-43 0.000000e+00 0.000000e+00 0.000000e+00 0.000000e+00 0.000000e+00 1.228939e-42 7.431368e-30 5.973713e-19 3.434330e-12 1.376441e-08 1.180111e-06 9.571008e-06 2.090255e-05 1.236934e-05 2.509374e-06 1.298669e-07 3.176183e-09 4.489921e-11 8.895905e-14 1.039637e-16 1.584138e-19 3.317966e-22 3.068730e-24 9.309070e-28 5.373936e-32 3.961706e-35 3.441011e-37 1.241384e-38 7.155310e-41 1.029900e-39 1.445694e-39 5.323631e-40
2.247551e-29 2.924964e-38 2.275838e-33 7.519106e-29 1.166431e-25 1.426074e-19 3.925432e-12 1.283986e-07 1.418292e-07 7.594075e-08 8.144578e-08 5.148243e-09 1.139092e-08 7.264405e-09 7.723300e-10 9.503396e-10 1.187765e-08 3.898124e-08 5.034079e-08 5.173170e-08 3.247881e-08 7.921746e-08 1.977985e-08 1.550049e-08 7.415966e-09 1.254843e-08 5.422599e-08 8.152505e-08 1.044837e-07 2.204247e-07 5.224093e-07 1.268453e-06 1.535540e-06 2.498023e-06 4.358950e-06 5.789037e-06 7.823065e-06 9.756947e-06 1.398462e-05 1.832492e-05 2.214790e-05 2.919230e-05 3.731815e-05 6.252023e-05 8.452953e-05 1.230839e-04 1.956223e-04 2.531802e-04 3.598107e-04 4.561387e-04 5.876606e-04 6.933791e-04 7.760785e-04 9.510357e-04 1.047900e-03 1.384895e-03 1.778717e-03 1.916984e-03 2.486148e-03 2.961372e-03 2.992704e-03 3.221269e-03 3.330239e-03 3.359301e-03 3.466115e-03 3.346176e-03 3.302404e-03 3.451820e-03 3.486677e-03 3.557520e-03 3.887319e-03 4.463776e-03 5.146218e-03 5.359931e-03 5.441051e-03 6.237086e-03 6.957600e-03 6.909982e-03 7.466110e-03 8.944709e-03 9.491022e-03 9.504469e-03 1.127867e-02 1.423166e-02 1.516506e-02 1.481473e-02 1.615235e-02 1.895051e-02 2.030369e-02 2.035541e-02 2.023165e-02 1.991175e-02 1.915716e-02 1.866813e-02 1.871520e-02 1.860213e-02 1.822329e-02 1.809816e-02 1.864454e-02 1.893075e-02 1.842953e-02 1.741407e-02 1.651056e-02 1.595464e-02 1.548356e-02 1.498859e-02 1.470140e-02 1.462147e-02 1.456750e-02 1.399726e-02 1.265406e-02 1.108195e-02 9.673807e-03 8.479085e-03 7.587628e-03 6.937057e-03 6.379212e-03 5.675862e-03 5.306592e-03 5.349794e-03 5.743804e-03 6.106935e-03 6.005854e-03 5.610873e-03 5.229369e-03 5.226196e-03 5.634374e-03 5.802060e-03 5.457158e-03 5.088156e-03 4.985848e-03 5.059205e-03 4.796681e-03 3.662394e-03 1.993937e-03 8.107966e-04 3.129542e-04 1.656506e-04 1.334190e-04 1.346406e-04 1.254874e-04 7.006289e-05 1.650675e-05 1.256539e-06 2.863907e-08 1.661616e-10 2.204393e-13 8.300974e-17 1.205319e-20 7.443187e-25 1.452229e-29 7.410602e-35 1.606266e-40 0.000000e+00 0.000000e+00 0.000000e+00 0.000000e+00 0.000000e+00 0.000000e+00 4.095039e-35 3.756985e-23 2.501675e-14 2.886235e-09 1.693703e-06 2.727300e-05 6.420866e-05 3.604043e-05 3.657897e-06 1.903124e-07 5.690409e-09 1.050478e-10 1.237798e-12 3.574716e-15 4.143901e-17 2.591844e-19 5.283448e-22 3.149916e-25 6.146829e-30 9.007213e-33 1.323030e-34 1.038526e-37 1.808362e-39 3.624879e-41 2.483297e-40 1.572257e-42
5.221843e-32 8.146950e-39 1.036610e-35 1.099503e-27 3.598287e-22 1.440414e-16 7.724310e-13 1.718197e-08 4.539537e-08 8.119338e-08 5.464371e-08 1.995126e-08 1.331292e-09 5.751296e-10 2.129659e-10 2.152684e-09 1.612347e-08 1.011860e-08 5.443411e-09 5.129905e-09 9.009612e-09 3.503045e-08 3.193594e-08 9.319151e-09 1.068301e-08 2.437434e-08 3.939515e-08 8.068337e-08 1.627631e-07 3.308569e-07 6.324647e-07 1.048912e-06 1.389054e-06 2.348047e-06 3.793044e-06 6.229818e-06 1.118818e-05 1.516583e-05 2.714303e-05 3.147894e-05 4.258675e-05 5.941249e-05 7.340026e-05 1.033030e-04 1.175383e-04 1.612115e-04 1.887026e-04 2.277357e-04 3.013649e-04 3.648996e-04 5.197019e-04 6.413326e-04 8.041629e-04 1.008342e-03 1.265024e-03 1.565021e-03 1.804326e-03 2.257898e-03 2.595155e-03 2.783962e-03 3.233993e-03 3.590040e-03 3.762452e-03 4.032680e-03 4.193296e-03 4.591224e-03 4.931983e-03 4.835256e-03 5.131715e-03 5.678587e-03 6.156151e-03 6.662623e-03 6.831802e-03 7.372231e-03 8.589289e-03 9.161144e-03 8.884161e-03 9.634676e-03 1.092405e-02 1.087153e-02 1.085436e-02 1.287043e-02 1.476742e-02 1.457050e-02 1.491277e-02 1.743554e-02 1.990167e-02 2.029314e-02 1.969334e-02 1.914706e-02 1.863525e-02 1.860719e-02 1.917528e-02 1.969853e-02 1.955838e-02 1.930635e-02 1.964512e-02 2.003607e-02 1.969781e-02 1.848591e-02 1.714674e-02 1.614713e-02 1.538359e-02 1.473115e-02 1.449699e-02 1.435827e-02 1.416156e-02 1.397315e-02 1.335134e-02 1.227649e-02 1.094965e-02 9.753500e-03 8.948336e-03 8.162686e-03 7.319614e-03 6.536920e-03 6.217886e-03 6.419371e-03 6.516961e-03 6.032987e-03 5.143792e-03 4.618657e-03 4.801916e-03 5.109262e-03 5.210652e-03 5.229615e-03 5.441345e-03 5.898527e-03 6.460648e-03 7.261453e-03 7.478032e-03 5.688099e-03 3.270308e-03 1.890232e-03 1.323591e-03 1.106039e-03 1.019742e-03 1.045825e-03 1.334373e-03 1.690517e-03 1.290956e-03 3.484642e-04 2.843160e-05 8.718591e-07 1.177714e-08 7.387344e-11 2.105120e-13 2.679015e-16 1.416215e-19 2.542061e-23 1.911186e-27 6.582275e-32 1.174046e-36 1.127064e-41 0.000000e+00 0.000000e+00 0.000000e+00 0.000000e+00 0.000000e+00 7.612204e-40 2.923084e-28 3.343559e-18 7.265841e-12 1.460284e-08 5.937209e-07 1.465870e-06 1.573595e-06 5.491636e-07 6.515550e-08 1.138424e-08 1.308701e-09 7.257562e-11 3.063076e-12 3.909769e-14 4.481209e-16 3.247899e-19 3.265870e-23 6.083151e-27 2.108650e-30 6.469172e-33 2.107190e-36 1.050063e-40 1.934773e-41 4.358038e-43 3.222986e-44
3.360399e-23 1.197604e-36 3.755142e-29 1.055716e-24 1.183014e-19 8.073009e-14 1.135139e-10 1.847667e-09 4.565538e-08 7.294889e-08 1.549116e-08 2.497342e-09 7.149376e-10 3.587023e-10 1.530587e-10 2.024758e-10 2.140767e-09 5.252438e-09 4.105613e-09 8.149678e-09 8.439455e-09 2.404727e-08 1.769720e-08 1.193944e-08 1.980718e-08 3.023344e-08 1.734088e-08 2.304657e-08 5.753750e-08 1.583378e-07 5.150005e-07 1.276408e-06 2.113690e-06 4.039663e-06 7.703410e-06 1.479178e-05 1.986063e-05 3.331320e-05 3.896883e-05 5.231841e-05 7.565197e-05 7.248580e-05 1.071272e-04 1.008601e-04 1.359352e-04 1.739004e-04 1.847768e-04 2.927535e-04 3.390960e-04 4.712412e-04 5.774946e-04 6.756482e-04 8.800402e-04 9.825934e-04 1.158182e-03 1.325557e-03 1.427637e-03 1.643426e-03 1.902492e-03 2.246568e-03 2.744879e-03 3.131889e-03 3.635363e-03 4.438103e-03 5.103702e-03 5.586348e-03 6.177384e-03 6.775630e-03 7.286116e-03 7.744424e-03 8.185092e-03 8.636693e-03 9.674920e-03 1.098684e-02 1.143664e-02 1.159138e-02 1.267461e-02 1.370895e-02 1.350785e-02 1.384208e-02 1.522532e-02 1.565110e-02 1.518510e-02 1.633190e-02 1.908770e-02 2.064385e-02 2.018856e-02 1.919667e-02 1.834362e-02 1.790392e-02 1.819079e-02 1.900329e-02 1.937233e-02 1.932305e-02 1.935566e-02 1.945871e-02 1.905961e-02 1.794407e-02 1.664113e-02 1.562223e-02 1.482081e-02 1.414643e-02 1.358704e-02 1.315701e-02 1.315612e-02 1.359218e-02 1.367300e-02 1.315335e-02 1.219533e-02 1.114606e-02 1.019586e-02 9.302977e-03 8.441518e-03 7.815088e-03 7.372903e-03 7.184904e-03 7.174880e-03 7.034842e-03 6.538649e-03 5.792539e-03 5.602845e-03 5.718666e-03 5.552420e-03 4.952639e-03 4.597072e-03 5.365872e-03 6.952014e-03 8.116509e-03 7.847163e-03 6.450814e-03 4.898692e-03 3.634240e-03 3.029532e-03 3.007067e-03 3.097314e-03 2.696001e-03 2.367993e-03 2.599155e-03 3.402848e-03 3.509094e-03 1.359949e-03 1.447002e-04 6.358448e-06 1.985972e-07 4.805471e-09 6.885423e-11 5.236803e-13 2.005213e-15 3.309711e-18 1.921472e-21 4.799248e-25 7.467180e-29 5.829645e-33 1.552724e-37 1.029954e-42 0.000000e+00 0.000000e+00 0.000000e+00 0.000000e+00 9.809089e-45 3.273188e-34 4.833134e-24 1.230507e-16 1.374063e-12 1.527112e-10 1.778085e-09 6.107252e-09 1.486653e-08 1.447203e-08 1.117823e-08 7.714587e-09 1.778817e-09 1.312516e-10 3.337934e-12 1.621478e-14 9.601086e-18 5.428309e-21 7.701998e-25 1.292572e-27 4.580809e-31 1.235046e-35 2.094619e-39 5.268882e-43 1.303208e-43 0.000000e+00
3.760532e-18 4.417781e-32 1.839513e-27 8.746785e-22 2.521603e-16 4.507520e-13 3.150045e-09 2.783347e-08 8.889979e-09 1.694030e-08 1.028562e-08 1.425948e-09 5.804075e-11 2.058800e-10 6.797359e-11 1.831666e-10 5.914995e-10 6.704437e-09 1.715443e-08 4.260496e-08 1.929873e-08 7.917345e-09 6.066061e-09 1.881449e-09 2.976586e-09 1.270545e-08 3.180595e-08 8.077625e-08 3.048337e-07 6.280239e-07 2.037807e-06 2.679154e-06 3.852985e-06 7.744968e-06 1.432840e-05 2.842726e-05 4.235068e-05 5.522203e-05 6.316056e-05 7.851986e-05 6.980757e-05 9.038004e-05 9.273420e-05 1.283650e-04 2.075015e-04 2.063066e-04 3.263963e-04 3.624963e-04 4.604546e-04 6.143476e-04 7.010497e-04 9.161585e-04 9.960434e-04 1.136326e-03 1.249589e-03 1.281089e-03 1.508259e-03 1.747187e-03 2.076616e-03 2.633101e-03 3.129961e-03 3.972241e-03 5.180035e-03 5.962219e-03 6.843944e-03 7.945581e-03 8.109010e-03 8.279168e-03 9.102647e-03 9.329999e-03 9.604507e-03 1.113651e-02 1.258723e-02 1.303661e-02 1.396549e-02 1.565369e-02 1.660097e-02 1.663817e-02 1.701984e-02 1.773146e-02 1.757869e-02 1.764175e-02 1.937767e-02 2.180775e-02 2.261073e-02 2.185908e-02 2.077991e-02 2.001818e-02 1.948007e-02 1.915251e-02 1.903417e-02 1.906103e-02 1.932766e-02 1.974891e-02 1.988768e-02 1.920526e-02 1.785643e-02 1.640290e-02 1.540216e-02 1.475463e-02 1.391256e-02 1.303080e-02 1.253053e-02 1.256543e-02 1.295587e-02 1.335563e-02 1.347739e-02 1.306875e-02 1.216412e-02 1.120912e-02 1.025933e-02 9.348744e-03 8.524552e-03 7.973080e-03 8.029553e-03 8.336420e-03 8.346843e-03 7.791990e-03 7.467494e-03 7.500353e-03 7.377117e-03 6.901396e-03 5.911853e-03 5.290978e-03 5.568746e-03 6.527039e-03 6.999369e-03 6.206570e-03 5.585460e-03 5.574997e-03 5.635377e-03 5.363565e-03 4.761741e-03 3.741491e-03 2.625834e-03 1.911226e-03 1.866662e-03 2.703359e-03 3.136964e-03 1.413025e-03 2.187620e-04 1.534687e-05 8.614971e-07 5.905544e-08 3.955321e-09 1.709645e-10 3.520986e-12 3.187265e-14 1.233712e-16 1.898439e-19 9.830833e-23 2.135290e-26 1.684075e-30 3.602682e-35 2.179636e-40 1.401298e-45 0.000000e+00 0.000000e+00 0.000000e+00 0.000000e+00 6.999556e-40 6.455527e-30 6.336820e-22 6.402078e-17 3.215442e-14 2.554980e-12 4.953070e-11 6.888625e-10 4.966682e-09 1.810347e-08 3.175643e-08 8.226668e-09 8.333054e-10 1.050045e-11 5.760350e-14 1.212242e-16 5.705094e-20 5.403600e-23 6.554668e-27 5.062975e-30 1.081770e-34 6.394812e-40 1.332635e-42 1.401298e-45 0.000000e+00
1.391872e-09 5.452219e-30 1.168142e-24 1.292663e-20 8.126415e-15 1.502579e-09 1.469659e-08 7.081069e-08 1.065020e-07 1.406989e-07 4.452746e-09 1.865095e-09 1.063021e-09 8.952257e-10 5.270766e-10 7.610356e-10 2.289239e-09 3.648976e-09 1.145090e-08 6.638536e-09 1.383493e-08 9.042250e-09 1.102711e-08 1.007912e-08 2.315597e-08 6.839041e-08 8.255272e-08 2.177661e-07 3.482272e-07 1.352645e-06 3.021440e-06 4.454681e-06 8.099794e-06 1.065017e-05 2.437465e-05 3.059077e-05 4.608558e-05 5.423810e-05 6.782359e-05 7.580243e-05 8.061330e-05 1.181584e-04 1.523919e-04 2.311238e-04 2.084442e-04 2.701340e-04 3.325206e-04 4.168842e-04 6.363204e-04 7.790266e-04 1.008605e-03 1.212100e-03 1.393873e-03 1.588059e-03 1.795396e-03 2.217883e-03 2.605162e-03 3.187266e-03 3.993024e-03 4.614679e-03 5.750022e-03 7.058606e-03 7.657074e-03 8.601354e-03 9.274543e-03 8.767825e-03 9.119718e-03 1.016597e-02 1.016502e-02 1.030898e-02 1.156488e-02 1.233561e-02 1.218958e-02 1.300715e-02 1.513385e-02 1.633522e-02 1.618198e-02 1.686848e-02 1.817128e-02 1.898469e-02 1.965207e-02 2.118473e-02 2.271973e-02 2.296463e-02 2.217435e-02 2.178310e-02 2.168344e-02 2.115708e-02 2.003467e-02 1.908210e-02 1.898574e-02 1.980030e-02 2.089258e-02 2.135323e-02 2.100328e-02 2.011818e-02 1.923180e-02 1.823957e-02 1.685191e-02 1.528868e-02 1.411796e-02 1.375809e-02 1.392405e-02 1.397770e-02 1.406253e-02 1.415593e-02 1.416002e-02 1.395269e-02 1.321765e-02 1.234855e-02 1.148961e-02 1.052216e-02 9.769812e-03 9.674370e-03 1.012499e-02 1.019690e-02 9.420156e-03 8.601332e-03 8.546445e-03 9.201429e-03 8.964567e-03 7.519354e-03 6.292723e-03 5.964929e-03 6.346575e-03 6.504118e-03 5.918736e-03 5.428890e-03 5.545035e-03 6.113991e-03 5.905697e-03 4.731352e-03 3.483112e-03 2.662273e-03 2.170637e-03 2.149137e-03 2.506161e-03 2.378721e-03 1.054062e-03 1.605427e-04 1.421676e-05 1.689777e-06 3.148937e-07 7.985229e-08 1.620639e-08 1.539182e-09 5.923596e-11 9.437746e-13 5.230059e-15 1.039697e-17 5.998555e-21 8.590880e-25 4.193149e-29 7.537689e-34 6.412157e-39 2.522337e-44 0.000000e+00 0.000000e+00 0.000000e+00 0.000000e+00 1.821688e-44 1.661377e-34 9.488829e-26 1.481544e-19 7.239378e-16 1.879120e-13 2.742422e-11 6.991557e-10 2.028985e-08 1.137815e-07 1.123827e-07 1.773798e-08 3.480168e-10 8.736146e-12 2.325471e-14 5.271739e-17 2.991640e-20 7.200407e-25 3.698670e-28 3.091552e-32 6.269990e-36 5.262997e-41 5.605194e-45 0.000000e+00 0.000000e+00
1.325311e-12 5.407767e-28 1.994988e-23 7.839158e-17 4.500140e-10 8.245415e-06 2.930367e-06 3.170118e-07 7.721733e-07 1.532316e-07 1.206548e-08 1.953201e-08 3.030504e-08 1.040443e-08 1.057619e-09 1.279092e-09 1.634284e-09 7.572829e-09 1.884627e-08 2.729713e-08 2.707070e-08 2.340613e-08 2.002636e-08 2.992683e-08 1.084460e-07 1.527521e-07 2.493567e-07 2.606275e-07 9.455677e-07 2.741122e-06 4.713813e-06 7.116683e-06 7.306120e-06 1.546795e-05 1.636903e-05 2.212991e-05 2.451531e-05 2.708643e-05 4.567158e-05 5.466958e-05 1.141066e-04 1.564532e-04 2.325896e-04 2.470527e-04 2.854500e-04 4.028608e-04 4.819143e-04 7.218149e-04 8.359514e-04 9.346401e-04 1.186084e-03 1.339700e-03 1.646606e-03 2.198593e-03 2.769832e-03 3.382494e-03 4.313293e-03 5.038183e-03 5.560577e-03 6.558391e-03 7.466050e-03 7.956287e-03 8.715022e-03 9.066855e-03 8.969029e-03 9.831625e-03 1.067631e-02 1.033458e-02 1.027758e-02 1.058628e-02 1.004502e-02 9.396178e-03 9.913582e-03 1.106117e-02 1.159600e-02 1.189253e-02 1.294856e-02 1.475503e-02 1.617330e-02 1.709436e-02 1.781195e-02 1.855300e-02 1.892022e-02 1.876443e-02 1.871816e-02 1.951323e-02 2.023641e-02 1.998807e-02 1.933637e-02 1.973212e-02 2.080213e-02 2.178434e-02 2.237740e-02 2.296823e-02 2.369450e-02 2.380097e-02 2.302793e-02 2.108300e-02 1.915256e-02 1.807431e-02 1.779873e-02 1.773337e-02 1.763904e-02 1.714698e-02 1.639478e-02 1.603893e-02 1.584888e-02 1.597036e-02 1.595032e-02 1.523670e-02 1.422014e-02 1.354197e-02 1.322762e-02 1.249079e-02 1.124584e-02 1.025448e-02 1.010022e-02 1.060211e-02 1.074583e-02 9.837674e-03 8.650068e-03 7.869874e-03 7.767353e-03 8.086854e-03 7.701602e-03 6.487538e-03 5.161366e-03 4.592237e-03 4.689224e-03 4.890631e-03 4.766997e-03 4.251128e-03 3.361366e-03 2.601345e-03 2.125586e-03 1.782891e-03 1.233190e-03 4.606542e-04 9.403053e-05 1.883111e-05 5.504998e-06 2.737255e-06 1.841444e-06 9.364890e-07 2.306568e-07 2.184153e-08 8.116803e-10 1.396833e-11 8.644185e-14 1.586559e-16 9.684699e-20 1.820043e-23 1.152393e-27 3.103508e-32 2.743246e-37 9.374687e-43 0.000000e+00 0.000000e+00 0.000000e+00 0.000000e+00 0.000000e+00 2.090429e-37 3.193115e-27 7.457921e-20 4.542252e-15 2.954627e-12 3.284639e-10 1.203185e-08 5.967624e-08 1.620039e-07 2.319642e-08 7.600328e-10 2.421515e-11 1.500440e-13 6.363921e-16 9.532068e-20 1.087596e-23 2.865072e-28 1.553100e-32 1.089512e-34 7.428601e-39 2.970753e-43 0.000000e+00 0.000000e+00 0.000000e+00
2.437976e-14 9.558133e-26 3.126532e-23 3.600490e-15 2.704406e-08 3.253416e-05 1.994466e-06 1.898563e-06 5.358330e-06 1.517505e-06 6.375705e-07 8.748940e-08 6.609010e-08 4.933954e-08 4.504158e-08 3.049272e-08 9.910280e-08 1.397160e-07 1.309052e-07 1.105533e-07 9.080185e-08 8.976640e-08 5.075340e-08 7.010158e-08 1.707567e-07 3.721753e-07 3.353060e-07 7.386825e-07 1.426828e-06 1.927267e-06 2.873813e-06 4.027096e-06 1.305623e-05 1.888463e-05 2.467012e-05 2.668707e-05 3.018570e-05 5.119543e-05 6.154974e-05 1.156410e-04 1.557463e-04 2.277401e-04 2.926412e-04 3.642579e-04 5.800431e-04 6.698824e-04 9.018086e-04 9.511447e-04 9.484187e-04 1.198987e-03 1.253388e-03 1.565357e-03 2.101766e-03 2.356832e-03 2.862900e-03 3.402702e-03 3.593279e-03 3.939450e-03 4.474691e-03 4.922426e-03 5.471109e-03 6.261052e-03 7.092370e-03 7.938693e-03 9.043314e-03 9.730888e-03 9.557315e-03 9.546999e-03 9.625802e-03 8.935085e-03 8.418820e-03 8.856852e-03 9.135856e-03 8.893136e-03 9.288370e-03 1.037623e-02 1.140883e-02 1.247904e-02 1.337672e-02 1.379055e-02 1.405848e-02 1.447975e-02 1.451289e-02 1.482563e-02 1.617638e-02 1.761193e-02 1.800335e-02 1.846678e-02 1.977903e-02 2.138979e-02 2.196009e-02 2.232810e-02 2.357537e-02 2.553579e-02 2.683367e-02 2.642763e-02 2.528432e-02 2.408379e-02 2.363694e-02 2.378035e-02 2.363069e-02 2.253826e-02 2.109859e-02 1.998088e-02 1.927437e-02 1.872313e-02 1.870256e-02 1.866519e-02 1.854333e-02 1.823840e-02 1.755379e-02 1.649078e-02 1.493710e-02 1.333573e-02 1.227612e-02 1.223170e-02 1.287661e-02 1.299903e-02 1.223639e-02 1.114634e-02 1.045147e-02 1.091233e-02 1.129273e-02 1.048319e-02 8.292898e-03 6.103539e-03 5.098631e-03 5.285097e-03 5.897140e-03 5.797806e-03 4.739609e-03 3.853885e-03 3.285126e-03 2.759276e-03 2.035316e-03 1.112095e-03 4.712250e-04 1.820134e-04 7.798299e-05 5.128379e-05 5.501775e-05 5.610534e-05 3.878635e-05 1.431153e-05 2.370242e-06 1.755943e-07 6.271715e-09 1.002095e-10 6.863445e-13 1.681760e-15 1.657875e-18 7.287467e-22 9.505967e-26 2.904559e-30 1.885604e-35 3.029747e-41 0.000000e+00 0.000000e+00 0.000000e+00 0.000000e+00 0.000000e+00 2.895524e-38 3.359444e-27 2.443850e-18 2.958983e-13 1.706128e-10 2.771609e-09 1.207934e-08 2.162398e-08 6.114966e-09 1.095239e-09 2.828822e-11 7.201871e-13 5.218996e-15 7.515923e-19 1.021636e-22 2.146078e-27 3.219664e-31 9.960492e-35 1.662745e-37 4.186295e-40 1.401298e-45 0.000000e+00 0.000000e+00 0.000000e+00
1.414046e-07 9.373123e-24 3.689986e-20 1.020517e-15 3.350819e-08 1.465919e-06 1.138718e-06 1.592588e-06 3.926072e-05 5.086349e-05 9.982383e-06 3.065231e-06 1.480013e-06 8.875016e-07 3.274226e-07 1.704419e-07 1.330984e-07 4.311908e-07 4.220320e-07 4.407530e-07 3.140225e-07 7.989816e-08 6.657609e-08 6.910818e-08 2.119106e-07 3.614567e-07 1.125861e-06 2.269982e-06 4.186716e-06 8.650613e-06 1.007275e-05 2.056834e-05 2.459576e-05 2.909982e-05 3.564987e-05 4.413259e-05 6.760006e-05 8.118341e-05 1.285170e-04 1.643645e-04 2.123798e-04 2.741141e-04 3.534436e-04 5.647222e-04 6.909584e-04 8.763936e-04 9.348709e-04 9.669639e-04 1.227436e-03 1.340998e-03 1.727786e-03 2.155786e-03 2.213012e-03 2.553047e-03 2.656047e-03 2.572687e-03 2.801757e-03 2.963388e-03 3.103692e-03 3.491994e-03 4.044074e-03 4.765955e-03 5.603212e-03 6.527695e-03 7.390966e-03 7.859152e-03 8.294379e-03 8.746472e-03 8.594779e-03 8.545947e-03 9.109816e-03 9.075465e-03 8.719655e-03 9.292975e-03 1.013828e-02 1.052696e-02 1.096118e-02 1.140644e-02 1.141378e-02 1.152730e-02 1.179476e-02 1.197872e-02 1.237592e-02 1.357483e-02 1.465569e-02 1.517183e-02 1.623128e-02 1.798674e-02 1.880204e-02 1.859179e-02 1.916997e-02 2.126011e-02 2.322781e-02 2.385419e-02 2.343242e-02 2.313044e-02 2.372983e-02 2.521727e-02 2.661030e-02 2.692625e-02 2.580682e-02 2.392049e-02 2.211348e-02 2.085029e-02 2.042795e-02 1.992917e-02 1.924664e-02 1.904711e-02 1.852237e-02 1.807546e-02 1.784639e-02 1.750402e-02 1.663421e-02 1.557400e-02 1.525356e-02 1.554342e-02 1.612777e-02 1.582314e-02 1.426676e-02 1.353461e-02 1.411509e-02 1.537233e-02 1.478700e-02 1.110677e-02 8.018071e-03 7.253616e-03 8.243578e-03 9.363418e-03 7.885114e-03 5.168493e-03 3.635772e-03 3.544223e-03 3.972302e-03 3.340401e-03 1.986003e-03 1.032842e-03 6.009081e-04 4.437096e-04 4.226030e-04 4.652073e-04 5.787608e-04 5.829941e-04 3.283406e-04 8.206163e-05 8.343815e-06 3.673018e-07 1.095794e-08 2.036943e-10 1.947623e-12 9.751812e-15 2.245011e-17 2.041730e-20 5.090650e-24 1.767531e-28 9.862167e-34 1.568646e-39 1.401298e-45 0.000000e+00 0.000000e+00 0.000000e+00 0.000000e+00 8.149156e-39 1.736097e-27 5.403874e-18 2.178125e-12 6.695899e-10 6.124374e-09 9.866294e-09 7.610718e-09 5.682243e-09 6.433613e-10 5.460044e-11 5.044188e-13 6.962890e-16 1.236938e-19 3.717236e-24 2.107767e-27 3.187369e-31 1.288732e-34 1.298918e-37 4.958214e-41 1.401298e-45 0.000000e+00 0.000000e+00 0.000000e+00
4.853848e-16 1.170464e-26 6.263001e-21 3.531685e-13 4.078348e-09 1.985346e-09 1.201006e-07 6.868097e-06 3.979291e-05 5.947384e-05 8.596489e-06 2.659816e-05 2.745727e-05 2.568662e-06 1.035420e-06 2.169891e-06 4.141657e-06 2.678041e-06 1.458201e-06 1.017714e-06 3.101351e-06 1.026116e-06 5.804877e-07 1.325276e-06 1.828171e-06 2.256998e-06 2.464070e-06 3.738851e-06 1.185803e-05 2.101853e-05 3.357955e-05 3.658212e-05 4.817211e-05 6.938548e-05 9.136870e-05 1.237954e-04 1.478341e-04 1.928752e-04 2.184864e-04 2.561886e-04 3.269163e-04 4.166534e-04 5.958332e-04 6.851907e-04 7.397452e-04 8.000371e-04 8.529354e-04 1.061999e-03 1.262358e-03 1.573367e-03 1.850412e-03 1.934028e-03 2.181568e-03 2.244976e-03 2.271995e-03 2.500923e-03 2.538250e-03 2.644357e-03 2.989474e-03 3.306380e-03 3.727071e-03 4.333158e-03 4.986546e-03 5.626469e-03 6.131812e-03 6.740234e-03 7.409905e-03 7.795791e-03 8.389839e-03 9.024646e-03 8.984278e-03 8.999929e-03 9.551558e-03 9.967145e-03 1.010020e-02 1.032125e-02 1.025422e-02 1.012824e-02 1.051571e-02 1.093938e-02 1.099699e-02 1.157135e-02 1.254610e-02 1.313644e-02 1.371101e-02 1.525893e-02 1.688403e-02 1.692429e-02 1.641101e-02 1.705952e-02 1.859962e-02 1.960604e-02 1.941600e-02 1.907674e-02 1.948375e-02 2.055915e-02 2.192816e-02 2.327067e-02 2.388532e-02 2.367738e-02 2.279047e-02 2.201862e-02 2.138161e-02 2.053528e-02 1.979565e-02 1.956740e-02 1.889472e-02 1.833883e-02 1.832057e-02 1.858215e-02 1.898107e-02 1.905640e-02 1.891649e-02 1.905540e-02 1.961759e-02 1.963699e-02 1.841764e-02 1.775210e-02 1.844410e-02 1.992546e-02 1.985841e-02 1.587674e-02 1.168321e-02 1.024451e-02 1.102792e-02 1.270498e-02 1.198579e-02 8.424377e-03 5.294133e-03 4.138739e-03 4.565879e-03 5.241570e-03 4.644273e-03 3.195741e-03 2.200276e-03 1.761523e-03 1.580137e-03 1.496222e-03 1.651658e-03 2.060347e-03 2.194571e-03 1.528520e-03 5.146626e-04 6.158993e-05 3.534190e-06 1.622240e-07 7.958032e-09 3.727808e-10 9.121239e-12 9.948580e-14 4.820635e-16 6.518035e-19 1.584012e-22 6.005877e-27 3.931079e-32 1.263052e-37 4.512181e-43 0.000000e+00 0.000000e+00 0.000000e+00 0.000000e+00 7.379840e-40 1.387964e-28 2.072268e-18 6.261472e-12 7.054601e-09 8.070157e-08 1.411802e-07 1.500417e-07 8.920122e-08 2.922533e-08 6.399833e-10 4.512917e-12 3.978778e-15 9.208772e-19 3.053654e-22 5.016381e-26 2.382376e-29 4.170472e-34 8.360832e-38 4.593456e-41 1.401298e-45 0.000000e+00 0.000000e+00 0.000000e+00
3.334551e-07 1.107685e-23 1.925722e-19 5.737112e-13 1.862451e-08 6.654806e-08 7.734079e-07 8.090148e-06 1.417563e-05 6.230886e-05 9.797137e-05 1.390931e-04 2.185735e-04 2.532190e-05 1.438579e-05 2.966042e-05 2.492408e-05 8.276649e-06 7.775601e-06 2.683918e-06 3.186464e-06 5.357971e-07 3.601601e-07 9.712456e-07 1.895480e-06 1.978859e-06 3.410815e-06 7.770304e-06 1.650277e-05 2.746189e-05 2.489222e-05 4.290948e-05 7.311782e-05 1.079288e-04 1.480529e-04 1.612383e-04 1.936956e-04 2.065864e-04 2.389850e-04 2.966145e-04 3.807906e-04 5.136642e-04 5.874878e-04 6.328900e-04 7.102254e-04 7.412424e-04 8.792051e-04 1.029627e-03 1.154204e-03 1.289696e-03 1.367169e-03 1.538443e-03 1.669653e-03 1.795735e-03 2.026532e-03 2.161974e-03 2.396022e-03 2.754417e-03 2.977625e-03 3.267020e-03 3.779870e-03 4.239710e-03 4.600080e-03 5.203720e-03 6.028214e-03 6.726273e-03 7.414374e-03 8.201637e-03 8.518126e-03 8.431821e-03 8.640483e-03 8.742766e-03 8.439263e-03 8.397114e-03 8.607516e-03 8.645045e-03 8.929281e-03 9.876835e-03 1.079829e-02 1.156265e-02 1.260715e-02 1.353878e-02 1.382358e-02 1.442718e-02 1.594458e-02 1.727595e-02 1.729198e-02 1.735752e-02 1.821604e-02 1.890958e-02 1.877467e-02 1.858341e-02 1.895146e-02 1.949406e-02 1.985149e-02 1.990736e-02 1.980412e-02 1.957916e-02 1.950434e-02 2.019387e-02 2.120362e-02 2.200856e-02 2.197083e-02 2.151025e-02 2.099993e-02 2.061031e-02 2.022601e-02 1.976345e-02 1.959231e-02 1.978465e-02 1.984992e-02 2.027494e-02 2.157305e-02 2.284550e-02 2.312716e-02 2.269973e-02 2.297501e-02 2.404808e-02 2.456844e-02 2.203463e-02 1.713405e-02 1.399853e-02 1.300451e-02 1.367800e-02 1.388806e-02 1.187079e-02 9.300681e-03 7.661932e-03 7.182203e-03 7.111364e-03 6.722793e-03 5.579042e-03 4.426403e-03 3.783532e-03 3.637396e-03 3.745993e-03 4.194723e-03 5.009245e-03 5.532137e-03 5.124870e-03 3.105647e-03 9.627354e-04 1.763012e-04 2.373121e-05 2.714509e-06 3.840151e-07 5.693747e-08 5.544872e-09 2.278363e-10 2.822614e-12 1.122043e-14 1.175333e-17 1.992668e-21 6.421054e-26 7.131982e-31 5.281973e-36 6.357131e-41 1.401298e-45 0.000000e+00 0.000000e+00 0.000000e+00 4.318101e-41 1.676580e-30 1.347062e-19 6.593604e-12 4.910973e-08 2.224321e-06 5.384012e-06 5.901306e-06 3.108385e-06 2.623773e-07 4.860871e-09 1.976739e-11 5.809995e-14 6.501131e-17 1.352733e-20 1.848775e-24 3.590336e-29 7.317959e-34 2.150665e-38 2.373239e-41 1.681558e-44 0.000000e+00 0.000000e+00 0.000000e+00
1.129787e-10 5.879875e-24 7.789583e-17 4.720765e-11 1.234832e-07 1.357564e-05 1.762068e-05 8.565172e-06 2.851416e-06 1.418534e-06 2.029541e-05 7.619421e-05 1.889585e-04 2.422340e-05 4.215832e-05 1.173157e-04 5.501542e-05 2.156255e-05 2.516741e-05 5.255586e-06 6.177727e-06 1.898432e-06 1.249815e-06 3.363498e-06 4.339689e-06 4.594726e-06 8.014928e-06 1.522251e-05 3.098766e-05 2.689496e-05 3.938756e-05 6.068372e-05 8.830719e-05 1.157115e-04 1.270785e-04 1.673018e-04 1.860415e-04 2.308012e-04 2.708339e-04 3.209118e-04 3.759564e-04 3.711623e-04 3.989708e-04 4.655766e-04 5.604769e-04 7.444582e-04 9.170276e-04 1.038386e-03 1.159508e-03 1.213404e-03 1.304956e-03 1.392105e-03 1.474913e-03 1.605314e-03 1.730122e-03 1.917522e-03 2.169832e-03 2.314766e-03 2.499859e-03 2.810718e-03 3.015768e-03 3.305612e-03 4.065299e-03 4.966582e-03 5.787532e-03 6.788591e-03 7.465345e-03 7.481822e-03 7.504549e-03 7.564132e-03 7.330318e-03 7.027785e-03 6.942262e-03 7.050671e-03 7.248773e-03 7.659687e-03 8.511897e-03 9.896411e-03 1.137319e-02 1.264850e-02 1.331079e-02 1.360144e-02 1.396411e-02 1.446938e-02 1.482806e-02 1.525893e-02 1.586893e-02 1.679604e-02 1.761176e-02 1.822628e-02 1.889312e-02 1.960286e-02 2.005021e-02 2.013627e-02 2.029825e-02 2.034656e-02 2.017524e-02 1.991568e-02 1.977560e-02 2.036403e-02 2.142055e-02 2.249023e-02 2.336076e-02 2.383576e-02 2.392376e-02 2.330524e-02 2.243329e-02 2.203368e-02 2.187592e-02 2.181805e-02 2.213079e-02 2.252609e-02 2.326572e-02 2.454089e-02 2.599617e-02 2.672750e-02 2.633541e-02 2.495698e-02 2.216857e-02 1.927072e-02 1.631380e-02 1.375112e-02 1.239559e-02 1.180059e-02 1.206199e-02 1.197108e-02 1.049572e-02 8.963126e-03 8.391371e-03 8.549859e-03 8.474638e-03 7.187054e-03 5.658229e-03 5.059877e-03 6.084595e-03 8.277407e-03 9.809494e-03 9.077325e-03 6.294510e-03 3.372074e-03 1.470215e-03 4.940273e-04 1.274463e-04 3.567492e-05 1.082396e-05 3.206404e-06 7.347710e-07 7.539452e-08 2.435421e-09 2.226202e-11 5.765967e-14 4.157105e-17 7.330345e-21 3.131423e-25 7.443016e-30 2.251603e-34 1.222620e-38 1.469962e-42 0.000000e+00 0.000000e+00 0.000000e+00 1.240149e-42 1.711118e-33 1.967177e-22 2.181636e-13 3.785680e-08 6.452924e-06 3.488320e-05 1.899251e-05 3.330651e-06 1.539739e-07 2.454977e-09 6.388829e-11 5.328094e-13 9.491423e-16 1.321063e-19 3.129508e-24 1.750573e-28 3.616369e-33 1.824872e-37 1.282202e-40 1.751623e-43 0.000000e+00 0.000000e+00 0.000000e+00
2.747020e-07 4.027976e-25 1.665142e-16 1.048454e-11 5.705655e-09 2.102479e-08 1.919422e-07 1.352479e-06 8.102417e-07 7.863562e-08 1.232763e-06 3.938220e-06 1.551089e-05 1.580439e-05 9.041977e-05 2.871614e-04 1.252652e-04 6.167732e-05 1.085416e-04 5.829422e-05 4.372942e-05 8.937760e-06 6.376097e-06 1.319486e-05 1.772047e-05 1.579909e-05 2.303354e-05 4.563096e-05 4.224054e-05 4.127677e-05 5.512375e-05 8.681372e-05 1.250795e-04 1.555856e-04 2.134627e-04 2.419491e-04 3.371924e-04 3.866379e-04 4.380030e-04 4.518814e-04 3.846058e-04 3.841031e-04 3.810233e-04 4.233133e-04 4.989888e-04 5.616446e-04 6.592721e-04 7.475022e-04 8.667843e-04 1.022225e-03 1.167469e-03 1.319596e-03 1.464830e-03 1.646479e-03 1.860505e-03 2.015170e-03 2.059312e-03 2.079854e-03 2.105873e-03 2.114323e-03 2.315006e-03 2.809783e-03 3.354000e-03 3.988095e-03 4.756752e-03 5.137049e-03 5.259248e-03 5.516089e-03 5.580563e-03 5.504296e-03 5.566415e-03 5.679716e-03 5.947885e-03 6.413041e-03 6.877534e-03 7.590374e-03 8.790359e-03 9.988830e-03 1.062842e-02 1.120770e-02 1.179057e-02 1.196262e-02 1.183037e-02 1.187564e-02 1.214345e-02 1.277734e-02 1.383503e-02 1.519181e-02 1.635404e-02 1.728864e-02 1.829153e-02 1.956574e-02 2.072462e-02 2.155030e-02 2.218570e-02 2.227557e-02 2.159532e-02 2.063947e-02 2.020369e-02 2.042192e-02 2.141275e-02 2.315297e-02 2.553716e-02 2.723558e-02 2.776639e-02 2.771422e-02 2.717295e-02 2.622548e-02 2.520297e-02 2.443467e-02 2.426474e-02 2.462615e-02 2.475075e-02 2.485478e-02 2.564406e-02 2.655751e-02 2.551513e-02 2.251249e-02 1.860461e-02 1.521729e-02 1.355388e-02 1.321980e-02 1.347698e-02 1.320007e-02 1.133082e-02 9.794071e-03 9.712962e-03 1.098368e-02 1.230529e-02 1.085212e-02 7.679791e-03 5.439722e-03 5.289257e-03 7.124710e-03 1.021083e-02 1.076356e-02 7.651767e-03 4.784913e-03 3.229904e-03 2.079702e-03 1.032185e-03 4.388833e-04 1.781952e-04 8.244983e-05 4.094894e-05 1.479675e-05 2.748133e-06 1.945881e-07 4.328257e-09 3.572830e-11 1.205713e-13 1.358850e-16 4.686186e-20 6.056601e-24 5.342351e-28 7.520026e-32 1.783913e-35 5.483970e-39 1.900161e-42 2.802597e-45 0.000000e+00 6.866362e-44 8.810437e-37 1.941278e-26 1.716714e-16 4.425605e-10 4.090832e-07 2.054240e-06 7.707156e-07 6.790468e-08 4.722364e-09 5.226723e-10 2.819200e-11 4.339434e-13 3.918519e-16 6.886410e-20 8.547858e-24 2.402192e-27 6.092435e-31 9.623690e-36 6.339628e-40 9.108440e-43 1.401298e-45 0.000000e+00 0.000000e+00
2.766586e-15 9.229195e-21 2.256175e-13 2.742771e-15 1.360233e-11 4.527821e-10 5.443671e-09 3.203737e-08 2.362683e-07 1.528698e-07 4.188209e-06 1.788684e-07 4.135510e-07 2.512968e-06 1.060138e-05 3.435444e-05 5.166904e-05 4.462756e-05 1.366488e-04 1.278095e-04 3.323834e-05 1.427584e-05 3.487803e-05 5.870491e-05 5.648625e-05 2.939305e-05 4.065558e-05 6.574413e-05 9.186803e-05 1.097952e-04 1.673991e-04 2.377291e-04 2.895295e-04 3.222768e-04 3.293473e-04 4.233384e-04 4.482422e-04 4.862472e-04 4.538431e-04 4.328077e-04 4.788885e-04 4.501273e-04 4.974425e-04 5.076436e-04 5.083395e-04 5.321592e-04 5.107778e-04 5.813906e-04 6.868923e-04 7.814698e-04 9.576833e-04 1.155790e-03 1.414565e-03 1.724431e-03 1.937184e-03 2.041492e-03 2.041843e-03 2.015879e-03 2.025566e-03 2.127083e-03 2.312931e-03 2.526903e-03 2.803266e-03 3.095427e-03 3.233827e-03 3.343549e-03 3.492466e-03 3.537959e-03 3.576822e-03 3.807111e-03 4.207792e-03 4.713534e-03 5.325663e-03 5.981015e-03 6.909288e-03 8.005715e-03 8.651813e-03 9.061748e-03 9.707716e-03 1.020074e-02 1.024803e-02 1.050135e-02 1.111863e-02 1.178013e-02 1.248675e-02 1.355837e-02 1.466261e-02 1.543625e-02 1.622676e-02 1.776732e-02 1.977470e-02 2.155675e-02 2.269446e-02 2.313863e-02 2.279315e-02 2.174875e-02 2.077584e-02 2.017717e-02 2.017498e-02 2.075571e-02 2.208115e-02 2.425392e-02 2.726975e-02 3.039588e-02 3.223225e-02 3.165241e-02 2.983456e-02 2.798253e-02 2.625851e-02 2.468977e-02 2.338819e-02 2.286926e-02 2.335143e-02 2.407924e-02 2.412116e-02 2.322432e-02 2.099474e-02 1.778876e-02 1.549597e-02 1.471831e-02 1.480582e-02 1.477212e-02 1.313665e-02 1.109830e-02 1.032368e-02 1.103837e-02 1.274888e-02 1.251085e-02 9.914472e-03 7.551353e-03 7.015314e-03 8.412347e-03 1.113799e-02 1.227953e-02 9.563217e-03 6.134870e-03 4.414421e-03 3.689480e-03 2.807826e-03 1.719955e-03 8.969933e-04 5.058183e-04 3.733670e-04 2.849109e-04 1.384189e-04 3.129148e-05 2.968417e-06 1.324588e-07 2.896655e-09 3.584667e-11 2.730826e-13 9.757944e-16 1.088394e-18 5.224816e-22 1.885176e-25 7.742205e-29 4.092831e-32 1.490808e-35 3.252684e-39 6.670181e-43 1.401298e-45 2.802597e-45 2.804769e-40 3.834564e-31 9.737568e-21 3.558355e-13 1.806507e-09 2.287376e-08 8.419325e-09 1.453062e-09 3.506349e-10 8.350547e-11 4.025998e-12 2.471635e-14 3.605609e-17 1.756962e-20 2.463308e-23 2.381125e-26 3.992513e-29 9.707656e-34 1.153322e-38 4.833078e-42 1.121039e-44 0.000000e+00 0.000000e+00
4.153571e-07 7.402456e-22 6.668034e-14 1.389392e-12 4.991912e-11 9.631069e-10 1.669270e-09 1.189893e-07 2.283322e-07 5.983616e-08 1.414772e-07 2.073390e-07 3.512437e-06 1.156056e-05 8.581575e-06 9.407377e-06 1.635214e-05 3.582803e-05 1.717938e-04 2.141556e-04 3.565759e-05 2.818760e-05 1.247277e-04 1.024219e-04 7.021900e-05 5.267808e-05 5.743424e-05 7.230850e-05 8.061439e-05 1.108443e-04 1.802520e-04 2.723576e-04 3.231194e-04 3.513717e-04 3.796517e-04 3.742494e-04 3.788775e-04 3.678770e-04 4.405480e-04 5.343955e-04 5.453557e-04 6.319934e-04 5.977115e-04 5.843430e-04 6.064612e-04 5.721715e-04 6.646223e-04 7.361447e-04 7.975001e-04 9.682094e-04 1.099234e-03 1.276830e-03 1.507961e-03 1.657867e-03 1.762041e-03 1.820131e-03 1.918365e-03 1.997849e-03 2.047974e-03 2.215047e-03 2.361803e-03 2.471305e-03 2.663858e-03 2.827866e-03 2.981843e-03 3.162700e-03 3.246149e-03 3.335063e-03 3.582636e-03 3.888857e-03 4.193318e-03 4.582033e-03 5.200344e-03 6.013213e-03 6.685852e-03 7.060706e-03 7.563979e-03 8.421583e-03 9.086527e-03 9.570134e-03 1.061856e-02 1.225354e-02 1.350254e-02 1.454838e-02 1.578478e-02 1.676136e-02 1.715894e-02 1.786431e-02 1.947415e-02 2.159870e-02 2.336797e-02 2.440058e-02 2.467848e-02 2.417007e-02 2.318162e-02 2.211865e-02 2.135021e-02 2.082782e-02 2.057391e-02 2.137020e-02 2.335265e-02 2.590290e-02 2.810949e-02 2.963164e-02 3.099624e-02 3.120082e-02 2.938507e-02 2.666009e-02 2.391005e-02 2.222175e-02 2.200013e-02 2.297973e-02 2.367765e-02 2.313658e-02 2.129024e-02 1.904312e-02 1.766066e-02 1.693946e-02 1.627097e-02 1.583887e-02 1.514858e-02 1.391935e-02 1.272029e-02 1.173473e-02 1.138452e-02 1.101985e-02 1.024111e-02 9.558762e-03 9.270716e-03 9.812303e-03 1.123779e-02 1.231867e-02 1.143995e-02 8.843145e-03 6.308472e-03 4.710449e-03 3.821746e-03 2.988890e-03 2.004521e-03 1.349311e-03 1.189407e-03 1.156243e-03 8.693993e-04 3.803736e-04 8.658978e-05 1.160363e-05 1.128396e-06 7.951418e-08 3.846264e-09 1.257238e-10 2.261472e-12 1.724227e-14 4.573903e-17 5.611551e-20 6.232522e-23 6.685975e-26 4.249969e-29 9.082651e-33 4.755985e-37 1.291857e-41 1.401298e-45 0.000000e+00 3.503246e-44 5.063231e-36 4.248874e-25 8.565257e-16 7.730702e-11 3.843412e-09 4.109946e-09 1.127822e-09 5.167296e-10 4.651177e-11 1.518607e-12 9.120159e-15 2.950954e-17 4.740058e-20 6.546895e-23 4.009577e-25 1.015098e-27 1.324564e-30 2.881348e-35 3.907295e-39 3.337893e-42 4.203895e-45 2.802597e-45
2.779307e-29 5.836662e-25 2.821368e-15 1.405256e-15 2.127828e-12 2.287222e-09 4.969783e-09 1.737500e-08 3.377637e-08 4.295647e-07 1.573732e-06 4.243481e-06 5.501692e-05 2.467689e-05 4.190232e-06 4.327949e-06 7.321030e-06 1.477086e-04 2.885294e-04 1.507277e-04 3.046127e-05 5.991467e-05 2.164687e-04 1.258510e-04 7.218496e-05 6.074123e-05 1.004729e-04 1.795482e-04 1.743969e-04 1.816926e-04 2.124477e-04 2.351102e-04 2.903990e-04 3.160957e-04 3.559143e-04 3.798589e-04 3.693656e-04 4.035408e-04 4.546335e-04 5.273017e-04 6.415026e-04 7.061065e-04 7.881768e-04 8.664431e-04 8.587671e-04 9.053235e-04 9.206688e-04 9.793999e-04 1.141336e-03 1.233225e-03 1.411436e-03 1.624482e-03 1.732781e-03 1.850754e-03 1.971419e-03 2.120083e-03 2.193359e-03 2.236672e-03 2.380804e-03 2.395188e-03 2.478492e-03 2.833395e-03 3.146096e-03 3.507013e-03 4.070262e-03 4.493222e-03 4.922107e-03 5.468979e-03 5.586174e-03 5.498167e-03 5.632351e-03 5.772842e-03 5.885546e-03 6.058225e-03 6.145307e-03 6.534148e-03 7.397493e-03 8.352757e-03 9.318911e-03 1.090098e-02 1.286539e-02 1.437914e-02 1.545032e-02 1.688344e-02 1.852812e-02 1.996212e-02 2.133184e-02 2.312864e-02 2.492082e-02 2.632837e-02 2.748281e-02 2.816916e-02 2.792103e-02 2.699956e-02 2.609340e-02 2.496523e-02 2.343851e-02 2.208629e-02 2.170197e-02 2.246606e-02 2.372270e-02 2.496645e-02 2.643273e-02 2.785792e-02 2.877496e-02 2.875313e-02 2.699903e-02 2.511147e-02 2.429961e-02 2.441150e-02 2.434745e-02 2.385344e-02 2.327657e-02 2.215731e-02 2.075622e-02 1.935382e-02 1.839734e-02 1.870510e-02 1.912708e-02 1.791927e-02 1.561186e-02 1.344707e-02 1.222635e-02 1.174958e-02 1.125818e-02 1.045426e-02 9.514210e-03 9.079528e-03 9.890039e-03 1.139427e-02 1.237244e-02 1.135027e-02 8.483868e-03 5.775779e-03 4.170112e-03 3.404339e-03 2.924307e-03 2.438785e-03 2.048190e-03 1.886882e-03 1.824544e-03 1.311054e-03 5.620013e-04 1.569139e-04 4.034138e-05 1.039738e-05 2.409888e-06 3.586478e-07 2.947407e-08 1.408504e-09 3.275548e-11 3.045690e-13 1.442532e-15 4.992663e-18 1.443600e-20 2.337547e-23 8.969796e-27 4.936226e-31 5.820120e-36 4.804072e-41 1.401298e-45 0.000000e+00 0.000000e+00 7.093905e-40 6.228515e-29 3.640919e-18 1.878561e-11 3.918530e-09 8.619709e-09 3.393337e-09 5.876062e-10 6.118751e-11 1.895798e-12 1.383101e-13 8.720303e-16 1.351392e-18 2.806783e-21 1.467626e-23 5.493820e-25 2.970186e-27 3.848248e-31 6.084905e-36 3.452912e-40 1.947805e-43 2.802597e-45
6.348686e-22 2.011438e-27 4.653141e-21 7.921571e-16 3.723305e-14 1.217242e-10 1.759453e-08 2.174276e-08 2.076679e-08 5.873222e-07 3.534266e-07 5.332338e-06 1.706750e-04 1.168099e-04 7.507829e-05 3.682740e-05 6.263880e-06 7.126613e-05 8.214918e-05 2.068862e-05 1.634621e-05 5.460347e-05 1.361686e-04 1.500015e-04 1.084482e-04 1.596170e-04 4.463907e-04 5.123237e-04 3.585001e-04 3.214663e-04 3.146686e-04 3.360665e-04 3.335670e-04 3.769225e-04 3.761113e-04 4.105983e-04 4.550023e-04 4.902266e-04 5.639484e-04 6.016557e-04 7.310596e-04 8.497269e-04 9.726617e-04 1.140657e-03 1.246262e-03 1.371683e-03 1.470665e-03 1.539308e-03 1.577435e-03 1.641575e-03 1.709280e-03 1.778405e-03 1.974952e-03 2.279126e-03 2.623013e-03 2.863422e-03 3.033459e-03 3.188059e-03 3.195435e-03 3.335872e-03 3.615490e-03 3.747971e-03 4.141435e-03 4.915783e-03 5.635906e-03 6.658853e-03 7.814659e-03 8.099857e-03 8.117504e-03 8.379489e-03 8.228147e-03 7.911022e-03 7.978696e-03 8.175126e-03 8.532291e-03 9.310184e-03 1.028782e-02 1.143979e-02 1.302783e-02 1.463205e-02 1.565864e-02 1.657684e-02 1.802728e-02 1.992657e-02 2.181774e-02 2.380743e-02 2.570917e-02 2.734447e-02 2.858810e-02 2.944960e-02 2.979030e-02 2.967474e-02 2.936977e-02 2.880948e-02 2.772178e-02 2.578840e-02 2.372801e-02 2.221770e-02 2.144555e-02 2.135205e-02 2.190484e-02 2.303176e-02 2.456731e-02 2.609818e-02 2.704181e-02 2.738495e-02 2.759099e-02 2.772343e-02 2.762456e-02 2.742387e-02 2.709044e-02 2.622643e-02 2.518981e-02 2.441799e-02 2.372468e-02 2.342771e-02 2.295450e-02 2.148046e-02 1.966572e-02 1.773948e-02 1.575711e-02 1.451128e-02 1.363553e-02 1.249368e-02 1.117987e-02 1.004781e-02 1.000646e-02 1.109808e-02 1.266849e-02 1.306487e-02 1.050520e-02 7.202350e-03 5.111524e-03 4.444563e-03 4.548903e-03 4.630520e-03 4.057295e-03 3.134544e-03 2.432313e-03 1.950280e-03 1.405046e-03 7.987182e-04 4.210742e-04 2.173491e-04 1.108772e-04 4.699347e-05 1.243423e-05 1.554988e-06 1.045797e-07 4.842921e-09 1.755310e-10 3.428686e-12 4.432918e-14 4.553465e-16 2.191867e-18 1.761428e-21 1.399022e-25 2.464950e-30 2.381885e-35 3.225971e-40 1.261169e-44 0.000000e+00 0.000000e+00 2.522337e-43 1.268062e-33 1.684408e-22 3.153378e-14 1.792107e-10 7.570015e-10 5.844765e-10 1.235337e-10 2.088264e-11 9.203505e-12 2.139541e-12 6.254486e-14 6.333544e-17 1.640218e-19 4.827971e-21 8.043047e-23 8.509720e-25 1.299814e-29 2.258548e-35 1.087967e-39 1.793662e-43 1.401298e-45
2.110459e-23 4.316674e-26 4.841435e-23 4.535591e-17 7.610913e-14 1.069524e-11 2.374837e-10 1.674734e-09 4.364430e-08 9.509936e-07 1.233714e-06 4.319119e-07 1.633766e-05 6.378890e-05 1.195597e-04 4.799754e-05 2.191469e-05 1.902155e-04 9.088436e-05 4.211566e-05 3.831328e-05 1.482402e-04 1.599719e-04 1.849047e-04 1.850378e-04 3.709330e-04 9.215374e-04 6.090078e-04 3.822270e-04 4.210070e-04 5.210943e-04 5.011521e-04 5.314444e-04 5.003491e-04 4.813033e-04 5.274157e-04 5.724206e-04 6.986570e-04 7.363301e-04 8.319098e-04 8.733884e-04 9.720905e-04 1.182768e-03 1.345525e-03 1.741054e-03 1.983831e-03 2.125454e-03 2.332215e-03 2.323857e-03 2.329826e-03 2.379571e-03 2.482037e-03 2.630408e-03 2.769084e-03 2.949334e-03 3.244668e-03 3.589445e-03 3.925355e-03 4.334363e-03 4.713078e-03 5.026216e-03 5.560556e-03 6.256792e-03 6.983989e-03 8.033830e-03 8.946041e-03 9.301632e-03 9.829225e-03 1.048214e-02 1.063122e-02 1.099683e-02 1.205847e-02 1.318499e-02 1.405797e-02 1.511981e-02 1.650025e-02 1.809204e-02 1.966144e-02 2.056727e-02 2.108537e-02 2.174472e-02 2.285272e-02 2.393829e-02 2.488865e-02 2.611919e-02 2.750991e-02 2.798620e-02 2.805318e-02 2.844097e-02 2.892647e-02 2.852059e-02 2.751213e-02 2.671093e-02 2.594257e-02 2.486080e-02 2.341451e-02 2.210511e-02 2.095978e-02 1.996160e-02 1.957427e-02 2.046625e-02 2.274081e-02 2.544511e-02 2.701907e-02 2.774004e-02 2.835348e-02 2.896416e-02 3.017507e-02 3.151652e-02 3.221284e-02 3.172237e-02 3.031064e-02 2.851776e-02 2.725641e-02 2.680845e-02 2.594505e-02 2.429366e-02 2.206997e-02 1.979860e-02 1.853128e-02 1.738138e-02 1.549027e-02 1.391465e-02 1.294660e-02 1.302163e-02 1.397377e-02 1.490823e-02 1.495678e-02 1.307480e-02 1.060855e-02 8.769744e-03 7.870888e-03 7.771302e-03 7.673307e-03 6.827619e-03 5.385938e-03 3.977560e-03 3.039100e-03 2.488673e-03 2.078654e-03 1.601376e-03 1.098080e-03 7.979847e-04 6.026450e-04 3.259396e-04 9.698882e-05 1.666392e-05 1.810749e-06 1.790520e-07 1.836328e-08 1.855178e-09 1.113533e-10 2.428105e-12 2.319882e-14 5.487680e-17 1.502552e-20 6.422785e-25 1.370600e-29 4.168187e-34 1.345215e-38 6.137687e-43 0.000000e+00 0.000000e+00 0.000000e+00 4.943743e-39 2.968989e-28 1.170641e-18 4.641994e-13 4.259997e-11 6.363142e-11 6.173602e-11 3.042281e-11 4.111179e-11 3.171279e-11 5.928014e-13 2.425200e-15 1.745916e-17 4.771668e-19 2.225550e-21 5.569588e-25 1.218362e-30 2.141206e-36 2.072675e-40 6.081635e-43 1.401298e-45
1.447810e-21 5.096783e-29 1.600300e-21 5.311400e-19 2.959132e-15 3.980674e-11 5.199206e-10 4.737822e-11 3.342643e-08 3.292212e-08 1.558604e-08 3.570063e-07 2.186574e-05 9.478115e-05 5.780206e-05 3.593717e-04 7.474414e-05 3.070081e-04 4.217326e-04 7.244989e-05 1.362758e-04 6.304103e-04 1.937623e-04 1.702104e-04 2.863079e-04 6.744542e-04 8.505798e-04 3.698996e-04 2.781225e-04 3.921086e-04 5.001044e-04 5.991306e-04 6.774983e-04 7.649330e-04 8.240249e-04 7.980677e-04 8.646679e-04 8.793902e-04 9.582216e-04 1.040604e-03 1.094763e-03 1.228791e-03 1.327756e-03 1.599979e-03 1.695695e-03 1.799777e-03 2.073779e-03 2.232790e-03 2.612257e-03 3.028550e-03 3.335650e-03 3.525656e-03 3.481227e-03 3.583995e-03 3.618964e-03 3.731203e-03 4.080293e-03 4.368814e-03 4.800679e-03 5.518455e-03 6.304715e-03 7.220303e-03 8.202870e-03 9.041979e-03 9.877484e-03 1.080586e-02 1.192896e-02 1.313474e-02 1.409336e-02 1.518992e-02 1.697909e-02 1.863201e-02 1.966346e-02 2.122117e-02 2.328373e-02 2.474785e-02 2.585083e-02 2.700324e-02 2.761585e-02 2.819153e-02 2.942991e-02 3.085796e-02 3.164429e-02 3.218641e-02 3.251823e-02 3.234339e-02 3.180103e-02 3.134907e-02 3.043977e-02 2.900454e-02 2.755073e-02 2.648064e-02 2.551243e-02 2.440544e-02 2.350287e-02 2.291647e-02 2.234311e-02 2.173175e-02 2.178539e-02 2.284707e-02 2.437818e-02 2.579941e-02 2.753250e-02 2.914300e-02 3.022484e-02 3.140604e-02 3.276518e-02 3.408476e-02 3.522689e-02 3.540456e-02 3.403204e-02 3.191761e-02 3.034416e-02 2.916495e-02 2.820460e-02 2.728723e-02 2.543930e-02 2.337547e-02 2.137023e-02 1.955264e-02 1.869222e-02 1.799453e-02 1.709632e-02 1.667847e-02 1.678345e-02 1.716485e-02 1.670832e-02 1.505585e-02 1.293062e-02 1.116223e-02 1.042444e-02 1.011650e-02 9.234211e-03 7.807372e-03 6.123471e-03 4.780420e-03 3.929082e-03 3.559292e-03 3.325258e-03 2.914955e-03 2.179735e-03 1.456794e-03 1.008003e-03 7.356333e-04 3.609142e-04 9.135393e-05 1.415868e-05 1.919861e-06 3.234996e-07 8.174347e-08 1.770969e-08 1.650128e-09 3.442282e-11 1.627220e-13 2.500507e-16 8.959439e-20 8.102510e-24 3.860909e-28 1.640365e-32 6.645470e-37 1.856720e-41 1.401298e-45 0.000000e+00 0.000000e+00 1.513402e-43 9.982134e-34 1.170303e-22 4.896634e-15 1.653048e-11 1.423839e-10 1.530283e-10 1.621158e-10 1.693973e-10 1.129895e-10 6.557838e-12 1.362313e-13 2.817706e-15 1.338607e-17 2.306729e-21 1.909748e-26 1.397526e-32 5.494738e-38 8.635502e-41 2.648454e-43 1.401298e-45
4.493651e-27 1.387838e-28 1.730761e-22 1.059998e-17 1.133364e-15 5.312176e-14 1.159850e-11 4.365268e-09 3.597119e-08 9.045829e-08 2.089603e-08 5.273706e-07 1.200884e-05 5.027875e-06 1.519738e-05 2.645241e-05 7.502097e-05 2.142586e-04 4.156890e-04 3.917933e-05 1.500726e-04 4.698455e-04 1.443768e-04 1.185959e-04 2.843697e-04 4.641586e-04 4.428574e-04 3.016966e-04 3.306871e-04 4.211271e-04 4.459709e-04 5.846309e-04 6.605394e-04 9.281822e-04 1.056867e-03 1.162554e-03 1.206468e-03 1.148764e-03 1.192350e-03 1.153639e-03 1.237748e-03 1.270000e-03 1.362328e-03 1.491188e-03 1.587008e-03 1.792136e-03 1.999523e-03 2.408574e-03 2.901627e-03 3.276075e-03 3.713731e-03 4.048786e-03 4.414706e-03 4.687137e-03 4.970726e-03 5.315127e-03 5.220828e-03 5.530836e-03 6.282379e-03 6.646188e-03 7.411775e-03 8.366384e-03 8.984894e-03 1.030495e-02 1.228002e-02 1.472559e-02 1.820902e-02 2.121022e-02 2.319241e-02 2.566624e-02 2.693785e-02 2.620813e-02 2.670178e-02 2.800339e-02 2.771618e-02 2.747389e-02 2.886433e-02 2.999023e-02 3.044365e-02 3.239421e-02 3.547665e-02 3.740516e-02 3.805948e-02 3.898119e-02 3.961197e-02 3.929928e-02 3.812192e-02 3.627961e-02 3.427294e-02 3.281931e-02 3.157347e-02 3.001362e-02 2.820040e-02 2.710080e-02 2.657429e-02 2.647801e-02 2.659679e-02 2.687302e-02 2.715712e-02 2.754138e-02 2.820468e-02 2.911315e-02 3.027033e-02 3.174781e-02 3.329043e-02 3.486145e-02 3.648174e-02 3.724645e-02 3.615217e-02 3.504168e-02 3.511546e-02 3.560891e-02 3.536012e-02 3.421308e-02 3.227000e-02 3.066837e-02 2.979325e-02 2.845228e-02 2.682274e-02 2.473036e-02 2.233914e-02 2.095402e-02 2.032539e-02 1.997830e-02 1.990930e-02 1.911690e-02 1.711596e-02 1.459012e-02 1.263537e-02 1.166280e-02 1.101365e-02 1.011005e-02 8.296179e-03 6.221046e-03 4.830499e-03 4.297838e-03 4.284612e-03 4.298756e-03 3.669166e-03 2.478385e-03 1.425412e-03 9.034139e-04 6.556051e-04 4.442300e-04 1.589363e-04 2.769689e-05 3.673939e-06 7.039565e-07 2.444580e-07 1.486400e-07 5.694697e-08 4.541675e-09 7.738596e-11 4.156275e-13 8.222864e-16 5.899534e-19 1.396078e-22 1.374387e-26 9.712358e-31 4.070405e-35 1.006286e-39 1.681558e-44 0.000000e+00 0.000000e+00 0.000000e+00 6.022848e-38 1.741378e-26 7.007365e-17 6.085909e-12 3.538684e-10 5.290617e-10 4.852385e-10 7.136937e-10 8.156824e-10 2.834037e-10 1.950671e-11 1.850490e-13 3.911634e-17 2.769014e-22 5.634451e-28 3.055473e-34 5.545311e-39 5.336145e-42 3.783506e-44 0.000000e+00
1.448744e-07 3.368240e-28 6.472754e-24 1.964808e-19 4.266818e-16 4.436753e-13 4.722479e-12 4.105438e-10 4.878024e-09 3.340115e-08 1.086989e-07 1.479687e-07 1.077244e-06 1.060881e-06 4.238141e-05 1.703207e-05 7.938201e-05 1.637489e-04 1.103332e-04 9.658156e-05 2.074704e-04 4.952555e-04 2.220260e-04 1.871819e-04 2.423208e-04 5.205029e-04 5.027798e-04 4.237284e-04 5.406658e-04 6.502520e-04 7.939741e-04 7.080921e-04 8.211551e-04 9.395941e-04 1.063425e-03 1.243331e-03 1.339258e-03 1.618516e-03 1.460885e-03 1.506336e-03 1.560953e-03 1.614458e-03 1.756476e-03 1.656255e-03 1.779913e-03 2.000257e-03 2.300351e-03 2.817676e-03 3.215696e-03 3.782450e-03 4.513238e-03 5.067278e-03 5.733970e-03 6.238806e-03 6.312335e-03 6.411277e-03 6.862980e-03 7.257696e-03 7.481146e-03 8.030554e-03 8.439726e-03 8.751272e-03 1.005799e-02 1.208090e-02 1.510262e-02 1.998270e-02 2.475025e-02 2.910134e-02 3.370250e-02 3.447084e-02 3.261649e-02 3.303092e-02 3.312922e-02 2.998552e-02 2.812327e-02 2.904659e-02 2.918383e-02 2.868231e-02 3.051732e-02 3.350164e-02 3.494503e-02 3.630398e-02 3.899524e-02 4.184214e-02 4.338484e-02 4.405951e-02 4.331722e-02 4.141023e-02 3.989451e-02 3.916848e-02 3.775249e-02 3.558535e-02 3.410276e-02 3.375716e-02 3.371635e-02 3.330749e-02 3.289308e-02 3.282142e-02 3.258361e-02 3.219781e-02 3.178605e-02 3.230662e-02 3.385415e-02 3.568761e-02 3.732856e-02 3.799391e-02 3.711453e-02 3.653783e-02 3.676485e-02 3.739286e-02 3.879472e-02 4.077750e-02 4.181500e-02 4.091946e-02 3.935235e-02 3.752387e-02 3.585782e-02 3.382069e-02 3.040828e-02 2.694032e-02 2.435782e-02 2.278510e-02 2.290347e-02 2.273451e-02 2.094338e-02 1.879173e-02 1.706907e-02 1.625161e-02 1.557911e-02 1.422543e-02 1.167620e-02 8.815601e-03 6.880604e-03 6.000805e-03 5.935219e-03 6.075348e-03 5.546412e-03 4.107284e-03 2.508980e-03 1.494206e-03 9.878983e-04 6.982277e-04 3.694921e-04 1.038394e-04 1.554351e-05 2.513645e-06 8.979870e-07 8.086964e-07 8.890954e-07 4.895307e-07 7.446646e-08 2.477818e-09 3.296582e-11 3.226068e-13 1.604891e-15 2.845825e-18 2.030155e-21 6.409354e-25 8.980837e-29 4.634582e-33 7.325435e-38 6.123674e-43 0.000000e+00 0.000000e+00 0.000000e+00 8.063071e-42 8.611546e-31 7.744544e-20 4.927582e-13 2.747106e-10 1.207220e-09 8.652571e-10 1.552987e-09 3.353786e-09 1.358591e-09 5.611303e-11 3.589341e-14 4.135277e-19 6.832371e-25 7.036203e-31 1.408543e-36 1.077879e-41 1.401298e-44 0.000000e+00 0.000000e+00
2.327620e-12 2.014359e-27 2.331338e-25 8.298763e-20 1.355224e-16 1.066712e-12 1.228521e-10 1.533969e-09 4.846861e-09 6.259189e-08 2.861216e-07 3.748991e-07 1.360385e-06 4.464499e-06 3.793856e-05 5.548631e-05 4.097600e-05 6.865350e-05 1.694385e-05 4.964620e-05 2.023120e-04 2.687192e-04 2.074262e-04 1.912080e-04 3.999492e-04 8.559203e-04 6.871973e-04 6.503708e-04 7.317370e-04 9.267732e-04 8.886117e-04 9.665561e-04 9.973776e-04 1.028319e-03 1.110246e-03 1.154748e-03 1.548486e-03 1.606891e-03 1.822560e-03 2.053341e-03 1.978264e-03 2.215838e-03 2.093245e-03 2.266310e-03 2.400785e-03 2.432543e-03 2.819273e-03 2.974152e-03 3.412688e-03 4.151541e-03 4.778398e-03 6.062784e-03 7.143646e-03 7.420015e-03 8.173283e-03 8.654822e-03 8.616792e-03 8.968653e-03 9.146898e-03 8.913754e-03 9.265959e-03 1.021009e-02 1.133100e-02 1.377790e-02 1.765437e-02 2.150645e-02 2.638883e-02 3.202470e-02 3.454550e-02 3.583400e-02 3.797613e-02 3.674674e-02 3.292146e-02 3.141532e-02 3.145909e-02 3.044917e-02 3.014933e-02 3.211479e-02 3.384325e-02 3.450284e-02 3.659178e-02 4.017510e-02 4.269915e-02 4.426175e-02 4.536880e-02 4.556718e-02 4.519926e-02 4.526088e-02 4.505940e-02 4.388928e-02 4.275605e-02 4.222472e-02 4.187718e-02 4.144859e-02 4.143502e-02 4.159759e-02 4.083166e-02 3.835578e-02 3.608504e-02 3.585369e-02 3.709129e-02 3.828519e-02 3.928385e-02 3.981491e-02 3.951858e-02 3.876924e-02 3.767961e-02 3.706100e-02 3.793815e-02 4.036432e-02 4.263900e-02 4.419911e-02 4.560969e-02 4.544834e-02 4.335761e-02 4.031300e-02 3.649042e-02 3.283465e-02 2.988890e-02 2.714530e-02 2.532238e-02 2.389906e-02 2.245718e-02 2.182808e-02 2.090640e-02 1.975744e-02 1.895965e-02 1.809565e-02 1.653986e-02 1.391921e-02 1.132225e-02 9.602454e-03 9.157312e-03 9.354777e-03 9.043562e-03 7.480803e-03 5.197451e-03 3.277050e-03 2.140649e-03 1.468226e-03 9.281876e-04 4.245633e-04 1.164812e-04 2.217672e-05 5.172046e-06 2.930943e-06 4.519369e-06 6.819627e-06 3.474524e-06 4.399904e-07 2.072321e-08 6.877612e-10 1.942909e-11 4.448916e-13 5.098454e-15 1.728853e-17 2.246701e-20 1.498941e-23 3.090767e-27 1.366766e-31 8.832930e-37 2.066915e-42 0.000000e+00 0.000000e+00 0.000000e+00 0.000000e+00 3.861432e-36 3.138001e-24 2.189536e-15 2.366860e-11 2.236263e-10 2.122515e-10 3.055374e-10 3.554275e-10 6.267628e-11 2.122233e-13 1.620377e-17 5.428024e-23 7.169537e-29 1.879729e-34 3.512453e-40 4.203895e-45 0.000000e+00 0.000000e+00 0.000000e+00
6.034403e-07 1.020206e-29 1.886162e-24 1.434091e-18 3.275941e-13 1.995753e-12 7.094862e-12 6.869307e-11 3.722301e-09 1.166845e-08 1.869613e-08 2.573738e-08 1.924901e-07 2.638110e-06 2.273829e-06 4.856754e-05 3.847891e-05 1.119163e-05 1.139888e-05 1.331233e-05 5.587903e-05 8.622953e-05 8.206377e-05 1.749432e-04 4.418159e-04 6.482312e-04 4.747724e-04 5.863125e-04 7.957642e-04 7.044981e-04 7.330861e-04 7.702808e-04 8.456536e-04 9.983364e-04 1.009775e-03 1.219081e-03 1.273811e-03 1.486664e-03 1.845811e-03 1.877921e-03 2.346223e-03 2.376983e-03 2.598260e-03 2.940725e-03 3.016398e-03 3.601652e-03 3.643044e-03 3.831361e-03 4.302182e-03 4.610962e-03 5.698705e-03 6.651443e-03 7.453733e-03 9.370462e-03 1.051966e-02 1.082148e-02 1.164244e-02 1.170057e-02 1.111909e-02 1.118550e-02 1.146018e-02 1.182453e-02 1.312894e-02 1.515515e-02 1.725387e-02 2.096482e-02 2.651815e-02 3.072496e-02 3.425070e-02 3.767659e-02 3.769116e-02 3.578163e-02 3.562793e-02 3.579779e-02 3.468350e-02 3.451402e-02 3.654177e-02 3.867596e-02 3.991276e-02 4.209734e-02 4.515173e-02 4.721633e-02 4.765267e-02 4.791053e-02 4.893503e-02 5.012720e-02 5.033876e-02 4.972592e-02 4.845117e-02 4.737024e-02 4.677308e-02 4.653598e-02 4.670131e-02 4.738405e-02 4.799083e-02 4.727535e-02 4.567895e-02 4.349570e-02 4.135042e-02 4.064289e-02 4.182515e-02 4.373636e-02 4.474598e-02 4.397193e-02 4.199289e-02 4.016386e-02 3.967331e-02 4.122185e-02 4.373272e-02 4.607080e-02 4.781240e-02 4.754819e-02 4.672965e-02 4.637913e-02 4.444931e-02 4.031760e-02 3.594900e-02 3.224639e-02 2.984543e-02 2.803350e-02 2.584052e-02 2.396489e-02 2.231774e-02 2.108520e-02 2.092319e-02 2.067945e-02 1.993054e-02 1.843234e-02 1.613257e-02 1.392816e-02 1.255527e-02 1.234696e-02 1.265396e-02 1.224698e-02 1.005286e-02 6.872443e-03 4.487136e-03 3.180037e-03 2.495557e-03 1.792918e-03 9.477827e-04 3.460249e-04 1.067329e-04 3.794392e-05 2.499106e-05 3.114411e-05 4.610016e-05 3.146096e-05 6.774929e-06 7.297887e-07 5.568441e-08 3.305247e-09 1.738725e-10 5.389934e-12 6.749337e-14 3.404350e-16 5.715160e-19 4.126867e-22 7.488506e-26 1.610226e-30 4.489949e-36 2.953937e-42 0.000000e+00 0.000000e+00 0.000000e+00 0.000000e+00 4.835881e-42 2.855223e-30 5.600871e-20 1.534621e-14 7.204654e-13 9.199188e-13 6.438260e-13 1.869453e-13 5.159455e-15 8.524515e-18 3.941146e-22 3.311360e-27 1.030652e-32 2.341213e-38 1.177091e-43 0.000000e+00 0.000000e+00 0.000000e+00 0.000000e+00
5.423899e-13 3.424267e-29 4.765996e-24 6.599331e-19 2.389769e-15 1.031404e-13 1.279967e-12 1.152474e-10 1.717423e-09 3.819381e-09 7.527871e-09 1.251711e-08 9.511817e-08 2.289062e-06 3.802506e-06 2.046769e-05 5.575331e-05 2.072424e-05 5.496552e-05 3.971136e-05 6.886530e-05 1.178977e-04 1.420207e-04 2.612533e-04 4.397669e-04 4.551315e-04 3.827028e-04 4.000557e-04 4.064376e-04 4.712676e-04 5.551359e-04 6.718920e-04 7.497156e-04 7.769609e-04 9.408280e-04 1.050862e-03 1.198273e-03 1.541448e-03 1.718873e-03 2.198466e-03 2.344425e-03 2.539219e-03 2.977232e-03 3.041346e-03 3.759520e-03 4.115075e-03 4.638607e-03 5.698397e-03 6.032553e-03 6.684024e-03 7.178950e-03 7.707802e-03 9.063113e-03 9.784219e-03 1.077810e-02 1.305477e-02 1.453203e-02 1.529088e-02 1.630499e-02 1.639264e-02 1.576040e-02 1.560793e-02 1.588181e-02 1.640844e-02 1.804322e-02 2.111585e-02 2.443881e-02 2.773079e-02 3.195988e-02 3.527748e-02 3.668193e-02 3.828464e-02 3.976421e-02 3.917401e-02 3.854949e-02 4.032719e-02 4.226885e-02 4.255190e-02 4.440417e-02 4.900454e-02 5.190382e-02 5.218421e-02 5.347801e-02 5.619951e-02 5.710975e-02 5.663858e-02 5.675552e-02 5.716903e-02 5.597856e-02 5.362464e-02 5.189234e-02 5.157319e-02 5.230101e-02 5.269694e-02 5.174201e-02 4.899032e-02 4.567427e-02 4.369230e-02 4.315520e-02 4.360823e-02 4.436103e-02 4.497858e-02 4.556129e-02 4.526652e-02 4.528480e-02 4.634696e-02 4.783716e-02 4.920772e-02 5.017240e-02 5.009434e-02 4.943750e-02 4.916391e-02 4.777833e-02 4.537766e-02 4.331644e-02 4.046235e-02 3.690561e-02 3.373154e-02 3.063272e-02 2.780922e-02 2.525813e-02 2.312702e-02 2.236458e-02 2.244811e-02 2.296401e-02 2.334899e-02 2.182367e-02 1.931782e-02 1.745263e-02 1.682002e-02 1.704597e-02 1.694175e-02 1.520994e-02 1.181727e-02 8.522131e-03 6.374304e-03 5.567255e-03 5.350802e-03 4.647555e-03 2.971289e-03 1.396028e-03 5.791301e-04 3.236406e-04 2.961942e-04 4.174214e-04 6.019532e-04 5.254572e-04 1.976951e-04 3.214468e-05 3.364549e-06 3.420905e-07 2.837263e-08 1.817076e-09 9.867333e-11 2.650799e-12 2.490398e-14 6.039377e-17 2.139281e-20 1.182283e-24 8.677018e-30 1.159936e-35 7.857080e-42 0.000000e+00 0.000000e+00 0.000000e+00 0.000000e+00 0.000000e+00 8.360835e-36 5.119922e-25 6.428516e-18 1.851174e-15 2.550778e-15 3.406901e-16 1.725727e-17 3.145324e-19 9.828208e-22 2.522179e-25 6.196241e-30 2.765343e-35 1.141105e-40 1.401298e-45 0.000000e+00 0.000000e+00 0.000000e+00 0.000000e+00
4.480494e-16 2.382985e-29 1.142212e-23 1.121778e-20 1.219134e-16 2.810075e-13 5.827161e-11 3.873708e-08 2.823680e-07 1.507434e-08 6.081846e-08 2.216152e-07 2.264609e-06 4.836685e-06 5.412717e-06 1.248619e-05 9.027962e-05 7.778591e-05 1.674587e-04 5.830823e-04 5.615639e-04 4.147158e-04 4.652218e-04 5.084113e-04 5.714706e-04 4.879284e-04 4.516389e-04 5.575112e-04 5.690916e-04 6.312368e-04 6.599003e-04 6.780656e-04 7.035771e-04 7.752087e-04 9.065897e-04 1.105435e-03 1.394029e-03 1.505745e-03 1.762605e-03 1.948191e-03 2.299548e-03 2.862786e-03 2.997631e-03 3.563205e-03 4.018048e-03 4.601349e-03 5.785084e-03 6.420960e-03 7.586992e-03 8.639832e-03 8.921285e-03 9.356422e-03 9.690708e-03 1.048712e-02 1.207196e-02 1.386715e-02 1.599288e-02 1.836062e-02 1.958397e-02 1.985341e-02 2.008411e-02 1.961394e-02 1.867649e-02 1.863839e-02 1.952464e-02 2.030293e-02 2.149697e-02 2.460257e-02 2.863293e-02 3.171705e-02 3.514330e-02 3.972086e-02 4.213266e-02 4.228014e-02 4.343323e-02 4.482327e-02 4.524918e-02 4.679191e-02 4.933352e-02 5.126544e-02 5.311684e-02 5.672010e-02 6.027715e-02 6.214666e-02 6.352587e-02 6.558074e-02 6.684407e-02 6.618621e-02 6.420086e-02 6.257024e-02 6.211495e-02 6.213718e-02 6.110688e-02 5.866389e-02 5.591900e-02 5.381145e-02 5.212036e-02 5.026950e-02 4.859281e-02 4.753444e-02 4.740340e-02 4.717123e-02 4.762546e-02 4.884975e-02 5.062405e-02 5.290738e-02 5.449966e-02 5.453699e-02 5.298652e-02 5.218007e-02 5.188808e-02 5.144605e-02 5.087718e-02 4.850188e-02 4.591414e-02 4.434466e-02 4.150994e-02 3.661070e-02 3.150490e-02 2.765582e-02 2.599162e-02 2.621368e-02 2.711083e-02 2.791850e-02 2.692736e-02 2.479403e-02 2.328765e-02 2.246935e-02 2.248454e-02 2.282454e-02 2.219116e-02 1.972245e-02 1.621265e-02 1.325398e-02 1.212924e-02 1.263526e-02 1.329674e-02 1.170523e-02 7.926414e-03 4.480090e-03 2.687578e-03 2.156822e-03 2.626821e-03 4.160538e-03 5.955711e-03 5.263756e-03 2.110700e-03 3.695241e-04 4.114892e-05 4.712825e-06 7.635949e-07 1.658002e-07 3.000510e-08 3.539420e-09 2.053559e-10 2.173514e-12 2.859543e-15 4.587334e-19 1.062622e-23 7.564424e-29 2.725301e-34 8.175385e-40 4.203895e-45 0.000000e+00 0.000000e+00 0.000000e+00 0.000000e+00 8.257768e-40 8.102464e-29 1.764485e-20 8.478228e-17 9.152814e-17 5.596765e-18 1.511084e-19 3.995450e-21 6.462557e-23 6.673272e-26 3.160847e-30 1.533261e-35 1.015493e-40 1.401298e-45 0.000000e+00 0.000000e+00 0.000000e+00 0.000000e+00
6.829202e-26 9.523172e-30 5.968268e-25 1.311251e-17 3.392894e-15 4.851995e-12 6.860669e-10 1.335482e-08 4.308536e-08 1.874295e-08 1.294681e-07 1.164016e-06 9.612807e-06 5.698711e-06 9.105951e-06 7.989133e-05 1.036539e-03 3.046323e-04 3.375850e-04 1.384858e-03 2.051237e-03 9.857655e-04 1.083196e-03 1.255816e-03 9.543092e-04 6.257207e-04 5.541581e-04 6.410222e-04 8.594154e-04 9.606381e-04 9.454825e-04 1.021799e-03 1.003445e-03 1.125209e-03 1.205812e-03 1.245771e-03 1.302879e-03 1.408272e-03 1.594630e-03 1.853331e-03 2.299263e-03 2.617366e-03 3.304233e-03 4.010460e-03 4.468028e-03 5.386258e-03 5.741549e-03 6.449047e-03 7.562676e-03 8.130225e-03 9.416881e-03 1.051829e-02 1.079665e-02 1.178396e-02 1.310441e-02 1.375570e-02 1.473260e-02 1.626758e-02 1.751889e-02 1.905619e-02 2.040133e-02 2.063226e-02 2.097405e-02 2.124066e-02 2.026351e-02 2.007219e-02 2.185727e-02 2.362650e-02 2.520035e-02 2.889029e-02 3.361473e-02 3.676029e-02 4.005653e-02 4.409729e-02 4.725605e-02 4.914838e-02 5.122057e-02 5.335052e-02 5.514076e-02 5.794492e-02 6.184450e-02 6.487922e-02 6.606282e-02 6.830411e-02 7.273403e-02 7.639261e-02 7.644651e-02 7.431330e-02 7.277665e-02 7.257020e-02 7.307924e-02 7.387918e-02 7.487702e-02 7.536525e-02 7.483764e-02 7.323311e-02 7.086410e-02 6.807020e-02 6.448437e-02 6.069809e-02 5.773871e-02 5.617674e-02 5.627725e-02 5.876181e-02 6.253289e-02 6.481806e-02 6.372278e-02 6.146576e-02 5.999172e-02 5.985720e-02 6.110552e-02 6.160858e-02 6.044696e-02 5.885897e-02 5.596954e-02 5.202713e-02 4.796191e-02 4.289406e-02 3.811743e-02 3.532001e-02 3.442284e-02 3.507281e-02 3.550972e-02 3.437303e-02 3.286533e-02 3.125126e-02 3.045020e-02 3.049947e-02 2.967410e-02 2.781089e-02 2.528862e-02 2.327362e-02 2.266494e-02 2.366371e-02 2.538210e-02 2.563846e-02 2.245371e-02 1.686132e-02 1.147357e-02 8.374851e-03 7.639768e-03 8.970961e-03 1.243581e-02 1.659532e-02 1.523775e-02 7.231469e-03 1.587800e-03 1.985936e-04 2.536564e-05 6.207433e-06 3.014804e-06 1.937182e-06 8.981573e-07 1.482184e-07 6.275927e-09 4.651217e-11 4.317809e-14 8.872613e-18 6.321425e-22 1.861150e-26 3.547989e-31 4.327505e-36 5.028980e-41 1.401298e-45 0.000000e+00 0.000000e+00 0.000000e+00 6.544064e-43 1.395934e-32 4.455491e-23 4.581025e-18 3.667375e-17 3.873236e-18 1.877257e-19 7.833343e-21 1.858123e-22 3.395303e-25 1.744665e-29 1.346170e-34 2.915837e-39 9.668959e-44 0.000000e+00 0.000000e+00 0.000000e+00 0.000000e+00
1.720604e-24 3.950744e-27 1.425240e-19 2.309903e-16 5.624548e-13 1.973689e-09 1.280725e-08 7.627829e-09 3.320007e-08 1.143993e-07 7.820638e-07 3.837956e-06 2.998445e-05 1.393802e-05 4.940452e-05 2.550433e-04 1.079948e-03 2.853798e-04 1.985823e-04 7.226131e-04 7.555218e-04 5.857199e-04 8.432278e-04 1.049895e-03 6.658910e-04 6.103463e-04 8.000587e-04 9.507882e-04 1.023389e-03 1.031955e-03 1.350999e-03 1.619253e-03 1.935347e-03 1.832775e-03 1.779441e-03 1.723812e-03 1.593377e-03 1.711338e-03 1.787105e-03 2.074772e-03 2.346400e-03 2.894683e-03 3.702532e-03 4.276645e-03 5.247496e-03 5.186299e-03 5.398326e-03 6.299553e-03 6.366684e-03 7.466850e-03 8.533934e-03 9.130077e-03 1.125096e-02 1.240496e-02 1.237194e-02 1.356555e-02 1.430261e-02 1.443555e-02 1.596616e-02 1.780207e-02 1.873633e-02 2.052128e-02 2.221745e-02 2.196089e-02 2.229557e-02 2.371177e-02 2.390356e-02 2.451065e-02 2.734993e-02 2.984001e-02 3.150915e-02 3.480579e-02 3.967459e-02 4.402214e-02 4.871029e-02 5.386449e-02 5.742016e-02 6.087890e-02 6.631342e-02 7.089566e-02 7.092237e-02 7.048436e-02 7.436542e-02 8.036888e-02 8.134572e-02 7.827398e-02 7.622410e-02 7.614061e-02 7.476353e-02 7.301600e-02 7.406133e-02 7.838545e-02 8.350549e-02 8.708905e-02 8.957476e-02 9.002658e-02 8.714511e-02 8.186567e-02 7.651398e-02 7.268761e-02 7.019444e-02 6.982235e-02 7.193947e-02 7.367227e-02 7.336818e-02 7.219995e-02 7.110102e-02 7.118432e-02 7.170293e-02 7.152244e-02 6.991839e-02 6.905350e-02 6.896266e-02 6.744613e-02 6.474417e-02 5.934455e-02 5.344149e-02 5.006839e-02 4.833167e-02 4.792940e-02 4.772830e-02 4.637388e-02 4.462540e-02 4.241462e-02 4.071611e-02 4.008052e-02 3.937828e-02 3.916850e-02 3.890349e-02 3.782780e-02 3.710660e-02 3.733320e-02 3.828033e-02 3.837168e-02 3.648171e-02 3.258682e-02 2.676922e-02 2.082587e-02 1.589770e-02 1.337971e-02 1.412230e-02 1.836358e-02 2.368500e-02 2.205548e-02 1.076481e-02 2.541611e-03 3.783640e-04 6.398536e-05 2.272009e-05 2.274476e-05 3.876870e-05 4.294873e-05 1.667334e-05 1.535133e-06 2.604519e-08 1.047698e-10 1.405535e-13 9.171393e-17 3.460428e-20 4.715766e-24 2.031852e-28 3.576155e-33 3.755550e-38 4.764415e-43 0.000000e+00 0.000000e+00 0.000000e+00 1.401298e-45 1.357236e-36 3.043576e-26 3.155679e-19 9.465454e-17 7.350147e-17 5.453538e-18 1.513347e-19 2.091136e-21 4.839347e-24 7.111848e-28 2.842809e-32 1.034452e-36 3.292491e-41 0.000000e+00 0.000000e+00 0.000000e+00 0.000000e+00
9.157459e-26 9.889701e-24 2.395673e-19 3.596854e-14 9.400327e-11 2.519508e-09 1.174442e-07 1.028213e-07 4.222155e-06 1.262954e-05 1.255687e-05 3.016551e-05 3.371327e-05 3.258833e-05 1.518792e-04 1.737304e-04 1.158402e-04 6.081588e-05 8.722705e-05 3.524921e-04 4.203065e-04 1.981995e-04 3.053761e-04 4.612015e-04 4.839575e-04 5.738009e-04 7.408541e-04 9.532891e-04 1.153773e-03 1.398877e-03 1.617087e-03 2.012618e-03 2.261224e-03 2.546971e-03 2.706790e-03 2.462537e-03 2.552708e-03 2.357593e-03 2.539011e-03 2.774362e-03 3.071039e-03 3.563636e-03 3.717737e-03 4.151315e-03 4.369194e-03 4.890473e-03 5.599360e-03 5.493587e-03 6.381498e-03 7.199705e-03 7.749217e-03 9.643347e-03 1.030484e-02 1.081507e-02 1.253605e-02 1.289485e-02 1.365266e-02 1.603111e-02 1.759852e-02 1.885787e-02 2.097993e-02 2.197522e-02 2.220941e-02 2.367481e-02 2.509976e-02 2.517202e-02 2.559135e-02 2.714853e-02 2.912046e-02 3.146613e-02 3.456450e-02 3.791676e-02 4.068270e-02 4.272931e-02 4.491692e-02 4.841019e-02 5.394815e-02 6.103174e-02 6.598304e-02 6.802523e-02 7.046869e-02 7.462209e-02 7.717554e-02 7.787175e-02 7.861781e-02 7.979324e-02 7.933052e-02 7.763831e-02 7.647490e-02 7.729284e-02 7.968719e-02 8.297349e-02 8.713950e-02 9.161039e-02 9.508872e-02 9.575472e-02 9.336574e-02 8.900008e-02 8.466922e-02 8.328269e-02 8.476192e-02 8.507862e-02 8.335413e-02 8.105002e-02 7.988359e-02 8.077172e-02 8.272518e-02 8.344551e-02 8.127625e-02 7.815203e-02 7.632180e-02 7.535361e-02 7.525317e-02 7.219782e-02 6.606758e-02 6.127470e-02 5.847511e-02 5.823096e-02 5.927418e-02 5.791231e-02 5.376373e-02 4.901215e-02 4.571513e-02 4.441161e-02 4.377646e-02 4.356502e-02 4.343983e-02 4.304870e-02 4.356036e-02 4.472886e-02 4.554918e-02 4.623808e-02 4.624472e-02 4.464639e-02 3.975166e-02 3.271436e-02 2.499179e-02 1.944778e-02 1.752467e-02 1.960063e-02 2.561113e-02 3.059194e-02 2.255136e-02 8.434113e-03 1.819797e-03 3.636111e-04 1.197668e-04 1.002839e-04 2.090891e-04 5.980475e-04 9.149010e-04 3.423439e-04 3.080417e-05 1.112118e-06 1.611312e-08 9.306575e-11 3.276228e-13 7.904294e-16 8.752979e-19 2.507332e-22 1.327536e-26 2.225373e-31 2.498832e-36 3.343919e-41 1.401298e-45 0.000000e+00 0.000000e+00 0.000000e+00 8.603020e-40 2.630924e-29 1.961950e-20 6.594751e-16 5.118067e-15 9.238884e-16 2.487910e-17 4.003066e-19 2.141231e-21 1.894611e-24 1.212086e-28 3.803285e-33 1.108234e-38 8.407791e-45 0.000000e+00 0.000000e+00 0.000000e+00
2.210164e-22 1.082123e-27 5.353279e-19 1.442904e-13 2.619095e-10 1.095045e-08 1.829195e-07 1.127937e-06 9.905421e-05 3.114190e-04 7.744390e-05 7.042203e-05 5.811317e-05 2.503957e-04 9.637944e-04 2.794646e-04 5.713623e-05 3.604591e-05 5.970340e-05 1.446701e-04 1.653067e-04 9.520073e-05 9.511327e-05 2.155598e-04 3.225297e-04 4.182933e-04 6.520714e-04 8.350578e-04 1.171888e-03 1.340060e-03 1.603603e-03 1.651255e-03 1.586070e-03 1.876600e-03 2.154938e-03 2.735897e-03 3.097889e-03 3.537344e-03 4.058267e-03 4.153330e-03 4.415426e-03 4.000048e-03 3.957118e-03 4.382343e-03 4.660451e-03 5.204419e-03 5.612386e-03 6.301505e-03 7.169756e-03 7.825802e-03 9.006104e-03 9.476577e-03 9.882200e-03 1.101986e-02 1.180773e-02 1.308420e-02 1.530138e-02 1.716119e-02 1.908557e-02 2.120948e-02 2.248744e-02 2.355445e-02 2.485253e-02 2.585805e-02 2.604593e-02 2.556591e-02 2.605841e-02 2.838694e-02 3.154569e-02 3.520542e-02 3.881309e-02 4.101488e-02 4.253205e-02 4.360292e-02 4.468599e-02 4.789678e-02 5.238602e-02 5.527205e-02 5.802021e-02 6.258925e-02 6.687421e-02 6.973735e-02 7.319039e-02 7.889905e-02 8.463646e-02 8.848415e-02 9.076270e-02 9.248487e-02 9.284519e-02 9.206026e-02 9.009400e-02 8.893249e-02 9.068096e-02 9.522257e-02 9.991430e-02 1.022557e-01 1.016341e-01 1.008951e-01 1.008600e-01 1.007029e-01 1.000513e-01 9.813993e-02 9.618461e-02 9.617443e-02 9.906245e-02 1.015863e-01 9.996306e-02 9.671852e-02 9.437949e-02 9.229738e-02 9.006995e-02 8.668648e-02 8.172473e-02 7.735532e-02 7.341076e-02 7.082405e-02 7.089065e-02 7.048375e-02 6.758778e-02 6.273676e-02 5.702233e-02 5.222989e-02 4.952303e-02 4.893811e-02 4.993331e-02 5.129801e-02 5.262946e-02 5.304047e-02 5.210204e-02 5.158463e-02 5.105814e-02 4.950605e-02 4.628063e-02 4.073591e-02 3.347154e-02 2.694991e-02 2.364728e-02 2.459569e-02 3.053423e-02 3.790493e-02 3.465176e-02 1.931797e-02 6.742906e-03 2.026334e-03 8.175837e-04 6.446193e-04 1.095856e-03 2.949040e-03 6.901410e-03 7.355125e-03 2.412526e-03 2.735120e-04 1.726749e-05 9.494162e-07 4.156325e-08 8.310429e-10 6.206227e-12 2.166203e-14 3.128210e-17 1.316327e-20 1.383877e-24 5.453624e-29 1.349768e-33 4.895407e-38 2.767564e-42 1.401298e-45 0.000000e+00 0.000000e+00 2.059208e-41 7.890071e-32 7.612571e-22 2.422344e-15 5.281825e-13 5.550594e-13 3.651002e-14 8.239731e-16 7.913615e-18 5.335086e-21 1.783759e-25 3.621483e-31 3.901349e-37 1.149065e-43 0.000000e+00 0.000000e+00 0.000000e+00
1.125941e-18 1.456211e-21 2.888703e-18 3.617514e-14 2.014110e-10 4.867130e-08 1.936079e-06 7.279306e-05 6.107434e-04 4.584823e-04 7.779212e-05 9.018789e-05 8.736421e-05 1.561028e-04 3.143713e-04 1.048307e-04 3.610824e-05 2.635538e-05 8.330504e-05 7.232382e-05 7.198591e-05 4.884740e-05 9.839366e-05 2.181574e-04 3.096152e-04 4.521743e-04 5.438270e-04 8.295362e-04 8.553811e-04 1.068775e-03 1.086414e-03 1.042218e-03 1.313706e-03 1.483332e-03 2.058640e-03 2.515280e-03 3.146994e-03 4.007351e-03 4.229808e-03 4.899804e-03 4.859995e-03 4.914538e-03 5.584192e-03 5.160880e-03 5.473003e-03 5.626076e-03 5.643630e-03 6.667978e-03 7.116005e-03 7.768916e-03 9.145143e-03 9.833273e-03 1.100728e-02 1.260435e-02 1.378531e-02 1.560293e-02 1.767283e-02 1.903063e-02 2.079387e-02 2.273014e-02 2.416957e-02 2.639475e-02 2.878702e-02 2.886105e-02 2.810761e-02 2.874988e-02 3.045476e-02 3.281771e-02 3.554279e-02 3.830643e-02 4.204968e-02 4.567682e-02 4.778079e-02 5.026903e-02 5.495217e-02 5.801744e-02 5.667142e-02 5.572430e-02 5.850782e-02 6.231215e-02 6.473735e-02 6.983088e-02 7.832135e-02 8.760227e-02 9.458385e-02 9.954958e-02 1.031979e-01 1.061319e-01 1.057561e-01 1.023303e-01 9.986079e-02 1.012831e-01 1.062953e-01 1.118562e-01 1.166323e-01 1.211910e-01 1.239075e-01 1.237878e-01 1.204070e-01 1.167533e-01 1.143782e-01 1.148193e-01 1.185277e-01 1.216063e-01 1.221796e-01 1.212857e-01 1.177218e-01 1.123855e-01 1.090193e-01 1.078680e-01 1.046843e-01 9.919712e-02 9.394660e-02 9.060769e-02 9.092970e-02 9.099283e-02 8.736961e-02 8.116420e-02 7.350713e-02 6.735467e-02 6.481683e-02 6.457973e-02 6.511887e-02 6.555015e-02 6.557971e-02 6.540909e-02 6.518152e-02 6.566134e-02 6.557939e-02 6.372990e-02 6.024107e-02 5.354803e-02 4.517986e-02 3.800832e-02 3.358332e-02 3.281708e-02 3.640917e-02 4.284294e-02 4.438607e-02 3.458592e-02 1.934371e-02 9.066905e-03 4.633714e-03 3.357219e-03 4.070686e-03 7.615403e-03 1.641834e-02 2.669900e-02 2.292003e-02 9.047710e-03 1.709675e-03 1.971720e-04 2.059077e-05 2.511519e-06 2.638434e-07 1.286748e-08 2.003704e-10 1.144060e-12 3.188188e-15 3.662648e-18 1.301672e-21 1.666334e-25 1.416062e-29 9.033168e-34 7.629000e-38 7.288153e-42 2.802597e-45 1.401298e-45 1.915575e-42 2.997649e-34 8.684549e-24 1.445732e-15 2.369751e-11 2.069867e-10 2.435560e-11 3.648705e-13 1.128740e-15 2.036546e-19 4.940453e-25 3.769746e-31 3.716068e-37 6.137687e-43 0.000000e+00 0.000000e+00 0.000000e+00
6.539462e-11 1.289237e-20 6.410619e-15 4.880476e-11 7.204135e-08 1.265087e-05 7.352698e-06 9.603919e-05 2.647439e-04 1.355194e-04 2.666774e-05 3.635389e-05 6.114496e-05 5.070181e-05 3.448515e-05 2.201142e-05 1.858500e-05 2.860799e-05 4.912786e-05 4.192073e-05 3.890921e-05 8.417892e-05 2.095216e-04 3.454868e-04 4.019373e-04 4.332766e-04 6.016033e-04 5.891204e-04 8.373326e-04 8.795517e-04 9.592574e-04 1.196871e-03 1.272829e-03 1.800502e-03 1.966238e-03 2.351237e-03 2.877728e-03 3.015334e-03 3.944198e-03 4.261239e-03 5.023452e-03 5.916792e-03 5.526800e-03 6.310339e-03 6.327450e-03 6.029098e-03 7.002772e-03 6.900573e-03 7.754876e-03 9.493535e-03 1.017582e-02 1.207109e-02 1.441932e-02 1.554024e-02 1.775908e-02 2.038066e-02 2.188324e-02 2.357593e-02 2.512397e-02 2.618640e-02 2.808571e-02 3.068336e-02 3.199805e-02 3.224369e-02 3.369825e-02 3.623915e-02 3.866427e-02 4.124233e-02 4.437706e-02 4.816261e-02 5.148884e-02 5.503808e-02 6.158530e-02 6.847224e-02 6.925783e-02 6.581820e-02 6.398215e-02 6.487598e-02 6.535497e-02 6.527567e-02 6.739660e-02 7.375323e-02 8.106503e-02 8.747575e-02 9.277058e-02 9.759852e-02 1.016731e-01 1.040430e-01 1.040504e-01 1.037370e-01 1.070989e-01 1.148570e-01 1.251266e-01 1.343986e-01 1.388888e-01 1.385703e-01 1.351661e-01 1.323671e-01 1.300347e-01 1.299861e-01 1.321673e-01 1.335832e-01 1.343700e-01 1.344006e-01 1.331896e-01 1.315152e-01 1.297984e-01 1.274904e-01 1.229338e-01 1.198571e-01 1.189807e-01 1.170410e-01 1.148202e-01 1.128521e-01 1.097335e-01 1.051196e-01 9.753479e-02 8.889300e-02 8.369929e-02 8.235758e-02 8.452847e-02 8.910548e-02 9.114353e-02 8.955906e-02 8.626433e-02 8.316908e-02 7.952666e-02 7.479003e-02 7.042098e-02 6.467115e-02 5.837129e-02 5.364330e-02 5.026934e-02 4.929271e-02 5.093519e-02 5.294676e-02 5.141195e-02 4.436358e-02 3.329297e-02 2.239749e-02 1.485005e-02 1.062926e-02 9.241752e-03 1.051585e-02 1.519802e-02 2.366100e-02 3.109946e-02 2.716934e-02 1.277088e-02 3.170287e-03 5.092272e-04 7.326980e-05 1.392515e-05 3.630231e-06 8.698239e-07 9.247529e-08 3.808927e-09 6.685943e-11 5.212600e-13 1.315413e-15 9.630326e-19 2.490283e-22 3.847727e-26 3.850036e-30 2.540968e-34 1.316453e-38 1.540027e-42 8.407791e-45 4.021727e-43 1.904669e-36 3.159289e-26 1.407528e-16 8.236996e-11 7.352559e-09 8.667324e-10 5.337729e-12 8.081461e-15 3.741450e-19 8.986018e-25 1.348173e-30 7.348582e-36 1.149667e-40 1.401298e-45 0.000000e+00 0.000000e+00
8.608121e-13 5.225684e-20 4.005321e-15 1.959516e-09 1.559341e-05 1.765957e-05 4.893115e-06 8.224208e-05 1.919891e-04 4.082809e-05 3.383915e-05 1.012113e-05 1.255060e-05 8.085472e-06 8.594044e-06 7.084500e-06 7.127959e-06 1.394538e-05 3.295856e-05 4.773890e-05 4.930163e-05 1.057754e-04 2.063355e-04 2.463960e-04 2.637295e-04 3.685800e-04 4.154687e-04 5.894310e-04 6.292814e-04 7.759362e-04 1.070109e-03 1.305851e-03 1.766675e-03 1.753961e-03 2.204199e-03 2.542014e-03 2.748337e-03 3.444053e-03 3.417742e-03 4.152268e-03 4.798882e-03 5.157663e-03 6.473990e-03 6.847819e-03 7.550382e-03 8.559365e-03 8.476138e-03 9.577325e-03 1.040839e-02 1.063695e-02 1.213861e-02 1.357407e-02 1.503517e-02 1.729476e-02 1.973144e-02 2.171046e-02 2.350943e-02 2.657265e-02 2.954325e-02 3.200718e-02 3.613564e-02 3.779009e-02 3.593510e-02 3.747661e-02 4.066705e-02 4.153298e-02 4.393609e-02 4.882828e-02 5.331941e-02 5.725867e-02 6.177948e-02 6.775517e-02 7.293778e-02 7.255050e-02 7.023600e-02 7.134375e-02 7.346717e-02 7.300157e-02 7.100438e-02 7.110792e-02 7.360113e-02 7.670145e-02 8.045558e-02 8.600161e-02 9.226783e-02 9.891338e-02 1.026018e-01 1.028054e-01 1.029760e-01 1.070376e-01 1.158700e-01 1.268018e-01 1.370865e-01 1.447235e-01 1.456692e-01 1.397244e-01 1.325785e-01 1.318525e-01 1.370346e-01 1.417270e-01 1.427154e-01 1.423922e-01 1.432686e-01 1.440862e-01 1.431946e-01 1.415954e-01 1.393911e-01 1.389479e-01 1.376289e-01 1.326707e-01 1.296247e-01 1.304241e-01 1.299924e-01 1.255149e-01 1.167123e-01 1.060933e-01 9.812936e-02 9.320464e-02 9.166959e-02 9.455637e-02 9.806682e-02 1.001574e-01 1.008117e-01 9.813756e-02 9.272168e-02 8.581458e-02 7.916719e-02 7.285381e-02 6.838752e-02 6.642693e-02 6.505816e-02 6.505872e-02 6.522850e-02 6.338190e-02 5.913750e-02 5.285496e-02 4.505391e-02 3.702149e-02 3.001798e-02 2.408227e-02 1.987965e-02 1.787766e-02 1.814047e-02 2.082036e-02 2.495616e-02 2.574166e-02 1.714257e-02 6.473361e-03 1.548522e-03 3.168228e-04 8.416636e-05 3.340447e-05 2.001970e-05 1.280266e-05 4.806198e-06 6.734730e-07 4.026968e-08 1.273812e-09 1.459115e-11 4.330039e-14 3.779801e-17 1.849713e-20 5.960963e-24 1.148118e-27 1.094879e-31 6.425822e-36 4.810714e-40 6.151700e-43 8.603973e-43 8.685228e-38 1.707945e-28 2.166444e-18 2.442538e-11 1.524198e-08 3.915524e-09 3.494380e-11 4.602964e-14 8.130804e-18 9.285468e-23 1.326178e-27 4.336472e-32 3.764420e-37 2.853044e-42 0.000000e+00 0.000000e+00
6.170639e-16 3.462158e-21 6.544602e-14 6.480858e-11 1.137726e-06 2.224627e-05 2.934324e-05 1.256269e-04 9.443113e-05 4.493182e-05 7.382624e-05 2.355573e-05 6.636560e-06 1.058101e-05 8.145302e-06 6.830826e-06 5.889271e-06 7.247040e-06 9.064726e-06 2.223431e-05 8.425069e-05 1.678436e-04 1.961740e-04 1.595655e-04 2.145616e-04 2.392923e-04 3.226056e-04 4.022038e-04 6.144077e-04 8.063973e-04 1.011286e-03 1.428647e-03 1.649775e-03 2.061831e-03 2.203708e-03 2.430772e-03 2.894786e-03 3.231982e-03 4.205407e-03 4.508566e-03 4.966248e-03 5.489263e-03 5.918506e-03 7.306200e-03 7.982620e-03 8.995824e-03 1.018068e-02 1.043888e-02 1.118256e-02 1.162213e-02 1.222810e-02 1.336692e-02 1.422767e-02 1.638859e-02 1.846680e-02 1.984208e-02 2.317991e-02 2.649308e-02 3.038490e-02 3.712514e-02 4.013800e-02 4.012975e-02 4.312264e-02 4.547639e-02 4.552306e-02 4.735984e-02 5.027995e-02 5.339768e-02 5.749605e-02 6.297638e-02 7.091658e-02 7.724726e-02 7.844388e-02 8.016443e-02 8.583564e-02 8.733607e-02 8.285791e-02 8.079921e-02 8.365516e-02 8.769882e-02 8.871700e-02 8.758178e-02 8.809637e-02 9.278634e-02 9.795172e-02 1.023491e-01 1.053807e-01 1.088364e-01 1.130663e-01 1.175489e-01 1.229073e-01 1.295224e-01 1.365729e-01 1.402757e-01 1.403500e-01 1.399910e-01 1.413907e-01 1.436754e-01 1.469405e-01 1.524341e-01 1.593866e-01 1.641327e-01 1.663202e-01 1.651362e-01 1.630126e-01 1.628467e-01 1.629891e-01 1.595656e-01 1.545720e-01 1.513505e-01 1.492288e-01 1.499551e-01 1.489867e-01 1.391469e-01 1.251864e-01 1.135051e-01 1.072351e-01 1.063228e-01 1.064391e-01 1.057300e-01 1.052069e-01 1.025952e-01 9.795037e-02 9.209695e-02 8.396519e-02 7.477307e-02 6.731915e-02 6.337626e-02 6.331839e-02 6.716599e-02 7.138759e-02 7.204988e-02 6.977397e-02 6.555279e-02 6.098019e-02 5.610580e-02 5.048450e-02 4.329036e-02 3.612472e-02 3.061063e-02 2.762984e-02 2.723061e-02 2.876222e-02 2.851244e-02 2.124980e-02 1.040557e-02 3.532046e-03 1.048633e-03 3.920649e-04 2.195101e-04 1.908016e-04 2.236940e-04 2.283822e-04 1.289425e-04 2.742673e-05 2.195695e-06 1.025238e-07 3.408614e-09 4.783004e-11 1.868932e-13 3.019408e-16 3.491086e-19 2.930300e-22 1.188921e-25 1.952437e-29 1.394022e-33 1.024308e-37 4.086046e-41 3.783506e-42 5.740482e-39 4.352266e-31 3.995040e-21 5.705944e-13 4.639736e-09 9.042261e-09 2.116048e-10 1.264258e-12 1.237323e-15 3.074926e-19 2.965428e-23 1.811438e-27 6.858462e-33 7.542609e-39 2.802597e-45 0.000000e+00
2.018107e-16 7.673469e-21 2.750211e-15 2.512036e-10 1.493015e-07 8.623256e-07 2.314159e-06 4.899069e-05 7.531231e-05 3.264818e-05 1.613653e-05 2.346667e-05 4.248987e-05 5.850811e-05 9.073313e-06 3.164954e-06 7.325411e-06 1.553367e-05 1.246596e-05 2.090530e-05 4.945357e-05 1.006303e-04 1.131195e-04 9.634077e-05 1.355936e-04 2.219071e-04 3.222975e-04 4.065110e-04 6.347788e-04 9.889917e-04 1.260468e-03 1.478228e-03 1.609621e-03 1.711969e-03 1.933764e-03 2.156640e-03 2.483675e-03 2.900534e-03 3.386421e-03 4.481620e-03 5.032542e-03 5.530986e-03 6.019170e-03 6.114506e-03 7.698443e-03 8.652350e-03 9.362936e-03 1.076080e-02 1.103554e-02 1.244842e-02 1.362361e-02 1.407234e-02 1.601360e-02 1.685554e-02 1.792908e-02 2.098167e-02 2.384730e-02 2.793914e-02 3.299774e-02 3.631643e-02 3.966474e-02 4.496318e-02 5.128005e-02 5.559972e-02 5.695099e-02 5.902307e-02 6.198967e-02 6.317942e-02 6.624139e-02 7.373180e-02 8.056220e-02 8.481244e-02 9.232290e-02 1.005715e-01 1.026801e-01 1.003688e-01 1.005127e-01 1.058931e-01 1.106380e-01 1.107457e-01 1.079521e-01 1.082327e-01 1.098081e-01 1.098553e-01 1.088266e-01 1.114870e-01 1.178104e-01 1.234429e-01 1.259799e-01 1.283882e-01 1.336903e-01 1.410243e-01 1.478568e-01 1.523461e-01 1.555099e-01 1.592506e-01 1.638807e-01 1.663976e-01 1.665220e-01 1.700736e-01 1.805126e-01 1.893296e-01 1.935849e-01 1.942255e-01 1.931492e-01 1.891228e-01 1.814279e-01 1.753488e-01 1.729950e-01 1.763944e-01 1.806001e-01 1.758859e-01 1.653391e-01 1.530675e-01 1.413611e-01 1.350183e-01 1.337137e-01 1.350620e-01 1.354212e-01 1.297685e-01 1.199748e-01 1.105693e-01 1.008179e-01 9.206197e-02 8.508099e-02 7.852993e-02 7.404089e-02 7.262365e-02 7.329392e-02 7.426826e-02 7.394777e-02 7.141808e-02 6.747165e-02 6.358228e-02 5.929089e-02 5.404007e-02 4.834211e-02 4.300832e-02 3.971048e-02 3.941812e-02 4.140614e-02 4.271350e-02 3.816891e-02 2.587609e-02 1.327546e-02 5.941608e-03 2.934263e-03 1.926184e-03 1.827645e-03 2.340500e-03 3.073312e-03 3.045540e-03 1.601928e-03 3.512990e-04 3.436586e-05 2.002708e-06 9.324351e-08 3.767486e-09 8.211107e-11 6.971731e-13 3.147840e-15 8.877113e-18 1.349381e-20 6.661633e-24 9.293295e-28 5.439998e-32 2.357330e-36 4.149063e-40 3.971280e-42 1.611549e-40 3.145412e-34 1.381748e-24 3.224917e-15 1.556940e-09 6.664454e-08 1.689316e-08 5.518376e-10 5.908783e-12 8.448246e-15 4.514664e-18 1.764446e-22 6.805598e-28 3.330689e-34 3.639102e-40 2.802597e-45
7.993054e-08 1.855166e-20 4.442819e-14 1.476439e-10 8.718758e-09 2.115672e-07 9.244694e-06 1.215867e-05 1.379617e-05 1.655123e-05 5.449634e-05 4.547356e-05 2.668497e-05 1.676787e-05 2.635037e-05 1.242793e-05 1.305501e-05 1.304704e-05 9.142319e-06 9.055495e-06 1.933714e-05 6.523675e-05 1.394038e-04 2.214455e-04 2.545839e-04 3.571591e-04 3.847489e-04 5.077841e-04 6.508822e-04 7.898312e-04 1.078675e-03 1.218485e-03 1.584951e-03 1.663262e-03 1.762714e-03 2.057645e-03 2.283413e-03 2.936477e-03 3.314979e-03 3.642417e-03 4.498593e-03 5.186735e-03 5.925260e-03 6.735072e-03 6.548103e-03 7.241826e-03 8.792186e-03 1.032007e-02 1.290929e-02 1.404724e-02 1.496615e-02 1.716292e-02 1.823671e-02 1.981965e-02 2.198187e-02 2.415485e-02 2.798364e-02 3.132582e-02 3.347033e-02 3.611146e-02 4.071730e-02 4.773713e-02 5.286928e-02 5.658832e-02 6.386945e-02 7.053869e-02 7.375206e-02 7.950341e-02 8.471370e-02 8.563428e-02 8.913283e-02 9.666663e-02 1.033580e-01 1.091936e-01 1.151375e-01 1.193915e-01 1.231147e-01 1.283573e-01 1.308704e-01 1.294247e-01 1.294358e-01 1.325107e-01 1.334111e-01 1.324769e-01 1.331095e-01 1.362891e-01 1.402359e-01 1.434958e-01 1.453979e-01 1.498184e-01 1.583907e-01 1.682975e-01 1.766646e-01 1.840083e-01 1.913255e-01 1.979854e-01 2.028991e-01 2.079052e-01 2.136426e-01 2.186590e-01 2.220224e-01 2.245585e-01 2.278961e-01 2.271886e-01 2.191128e-01 2.065254e-01 1.954248e-01 1.920691e-01 1.956964e-01 1.976054e-01 1.946366e-01 1.873895e-01 1.772124e-01 1.714991e-01 1.711712e-01 1.725801e-01 1.722519e-01 1.654499e-01 1.541072e-01 1.417227e-01 1.294872e-01 1.194465e-01 1.118207e-01 1.038032e-01 9.782259e-02 9.427398e-02 9.110743e-02 8.814190e-02 8.449046e-02 7.993418e-02 7.433093e-02 6.901800e-02 6.333932e-02 5.782036e-02 5.292172e-02 4.869685e-02 4.520986e-02 4.332805e-02 4.274321e-02 4.311331e-02 4.291286e-02 3.811100e-02 2.857809e-02 1.869181e-02 1.162824e-02 7.778058e-03 6.482032e-03 7.244024e-03 1.006797e-02 1.357651e-02 1.256836e-02 6.180262e-03 1.526202e-03 2.157364e-04 2.113609e-05 2.018081e-06 1.983294e-07 1.664184e-08 7.882431e-10 1.507372e-11 1.364057e-13 6.187719e-16 9.005954e-19 3.288128e-22 2.658683e-26 8.208595e-31 2.620306e-35 1.868866e-39 4.070772e-42 7.209681e-42 4.195142e-37 5.576368e-28 1.730450e-17 1.116949e-09 2.659298e-06 1.229420e-05 2.104975e-06 5.031153e-08 1.152526e-10 3.795706e-14 1.441779e-18 4.018830e-24 7.242515e-30 1.274152e-35 1.900021e-40
3.652056e-06 5.484641e-19 1.842107e-14 1.407308e-09 1.581924e-07 3.420717e-06 4.210765e-06 9.088503e-06 9.581591e-06 1.392327e-05 1.970527e-05 3.738319e-05 5.519058e-05 2.089695e-05 1.587238e-05 1.638605e-05 1.685281e-05 2.713270e-05 4.129124e-05 4.342710e-05 1.143329e-04 1.092331e-04 1.171207e-04 1.485651e-04 2.718246e-04 2.788766e-04 3.447752e-04 4.515700e-04 6.162979e-04 7.748483e-04 8.260095e-04 1.410159e-03 1.672929e-03 2.127453e-03 2.609705e-03 2.727398e-03 3.305780e-03 3.214650e-03 3.670745e-03 3.921782e-03 3.943015e-03 4.796044e-03 5.497944e-03 6.325750e-03 7.264999e-03 7.961366e-03 9.396261e-03 1.099173e-02 1.243095e-02 1.490405e-02 1.704980e-02 1.841494e-02 2.015104e-02 2.217605e-02 2.489949e-02 2.826086e-02 3.130006e-02 3.403125e-02 3.706256e-02 4.151395e-02 4.595787e-02 4.767646e-02 5.081020e-02 5.795142e-02 6.540224e-02 7.345422e-02 8.322608e-02 8.917961e-02 9.243585e-02 9.837946e-02 1.033311e-01 1.067690e-01 1.139169e-01 1.195912e-01 1.211851e-01 1.280433e-01 1.408403e-01 1.473365e-01 1.467677e-01 1.474658e-01 1.487230e-01 1.482759e-01 1.465472e-01 1.476961e-01 1.515640e-01 1.569394e-01 1.603846e-01 1.623444e-01 1.662192e-01 1.747232e-01 1.845023e-01 1.913588e-01 1.978305e-01 2.080716e-01 2.213372e-01 2.349213e-01 2.460080e-01 2.547905e-01 2.604057e-01 2.646086e-01 2.674408e-01 2.672015e-01 2.655700e-01 2.567649e-01 2.401914e-01 2.243306e-01 2.150524e-01 2.131709e-01 2.145232e-01 2.152793e-01 2.105963e-01 2.063238e-01 2.070666e-01 2.094844e-01 2.126904e-01 2.110226e-01 2.015544e-01 1.872359e-01 1.720082e-01 1.600618e-01 1.500191e-01 1.391426e-01 1.291298e-01 1.209973e-01 1.146367e-01 1.110974e-01 1.088550e-01 1.049844e-01 9.815775e-02 8.944540e-02 7.983679e-02 7.070755e-02 6.359453e-02 5.732306e-02 5.145129e-02 4.679267e-02 4.312642e-02 4.029677e-02 3.806509e-02 3.538294e-02 3.131262e-02 2.598882e-02 2.028100e-02 1.569829e-02 1.295222e-02 1.234607e-02 1.386963e-02 1.716377e-02 2.012401e-02 1.751635e-02 9.103503e-03 2.830815e-03 6.008433e-04 1.138119e-04 2.356632e-05 5.775389e-06 1.528885e-06 2.806450e-07 2.026636e-08 4.962269e-10 4.919818e-12 2.181289e-14 2.917564e-17 7.213880e-21 4.017592e-25 8.825294e-30 2.100706e-34 1.160589e-38 7.827653e-42 1.447541e-42 4.137325e-39 5.625250e-31 6.693960e-20 1.778331e-10 2.454198e-05 8.105057e-04 2.493242e-04 2.331311e-06 2.066825e-09 4.311325e-13 1.346166e-17 1.203349e-22 4.003193e-28 1.309621e-33 8.631448e-39
3.820478e-06 6.554419e-16 7.401441e-11 1.249147e-08 3.284847e-06 1.802633e-05 1.369447e-05 1.233910e-05 8.155389e-06 5.786570e-06 3.349663e-05 1.582599e-05 1.837418e-05 1.783975e-05 2.638223e-05 4.924053e-05 6.399750e-05 8.312776e-05 6.182661e-05 9.535384e-05 1.214788e-04 1.656817e-04 1.021880e-04 1.456945e-04 1.786055e-04 3.486283e-04 4.747975e-04 5.974428e-04 7.985971e-04 8.633864e-04 1.427670e-03 1.524014e-03 2.070017e-03 2.396668e-03 2.591972e-03 3.441283e-03 3.530746e-03 4.177123e-03 4.026922e-03 4.314824e-03 4.974572e-03 4.855131e-03 5.582539e-03 6.051472e-03 7.038010e-03 8.863023e-03 9.719103e-03 1.151925e-02 1.321125e-02 1.413233e-02 1.679223e-02 1.944219e-02 2.194257e-02 2.515009e-02 2.757668e-02 3.048731e-02 3.339810e-02 3.631468e-02 4.130885e-02 4.490288e-02 4.603463e-02 4.960954e-02 5.457170e-02 5.884475e-02 6.506214e-02 7.171868e-02 7.717662e-02 8.529919e-02 9.377106e-02 9.881531e-02 1.053174e-01 1.124314e-01 1.157366e-01 1.207232e-01 1.326914e-01 1.452247e-01 1.516455e-01 1.565431e-01 1.599291e-01 1.596042e-01 1.563297e-01 1.545996e-01 1.559803e-01 1.612771e-01 1.693541e-01 1.783037e-01 1.868057e-01 1.933850e-01 1.971470e-01 1.963400e-01 1.952753e-01 1.995509e-01 2.125385e-01 2.310626e-01 2.479159e-01 2.605552e-01 2.727327e-01 2.881522e-01 2.996677e-01 3.062921e-01 3.122837e-01 3.094656e-01 2.935227e-01 2.723154e-01 2.556536e-01 2.482982e-01 2.433845e-01 2.357907e-01 2.262717e-01 2.219476e-01 2.240906e-01 2.247515e-01 2.230915e-01 2.197223e-01 2.127272e-01 2.048243e-01 1.961673e-01 1.877630e-01 1.791701e-01 1.699328e-01 1.623534e-01 1.551780e-01 1.479486e-01 1.415054e-01 1.362510e-01 1.307338e-01 1.248077e-01 1.173849e-01 1.058534e-01 9.213629e-02 7.943195e-02 6.885427e-02 6.115714e-02 5.634553e-02 5.288108e-02 4.996767e-02 4.722527e-02 4.365588e-02 3.922740e-02 3.387960e-02 2.818332e-02 2.331204e-02 1.967850e-02 1.770030e-02 1.771751e-02 1.909377e-02 2.078862e-02 2.024229e-02 1.536828e-02 8.901479e-03 3.909207e-03 1.373671e-03 4.646368e-04 1.699965e-04 7.350239e-05 3.471832e-05 1.407913e-05 3.118977e-06 2.352673e-07 5.351683e-09 4.990875e-11 2.085630e-13 2.369687e-16 4.759783e-20 2.250712e-24 5.866223e-29 1.828220e-33 1.326738e-37 5.693896e-41 3.045022e-42 4.028887e-40 3.224654e-33 7.605176e-23 2.184168e-12 5.264074e-06 1.181712e-03 2.140395e-04 8.814193e-07 4.991789e-10 9.254989e-14 4.177185e-18 1.406114e-23 3.616557e-29 2.743886e-35 1.294183e-40
2.684630e-16 1.723303e-14 2.121767e-09 5.000784e-07 1.219815e-05 1.191449e-04 2.186470e-05 1.033410e-05 9.993525e-06 3.526387e-05 6.513004e-05 1.015332e-05 7.000650e-06 3.585997e-05 7.668055e-05 6.824349e-05 1.046756e-04 9.577814e-05 8.285210e-05 7.449392e-05 2.273723e-04 2.138583e-04 3.144215e-04 2.368885e-04 3.640504e-04 3.850955e-04 5.670741e-04 7.155558e-04 7.404214e-04 1.171498e-03 1.151333e-03 1.536728e-03 1.608144e-03 2.039097e-03 2.642820e-03 2.699279e-03 3.234993e-03 3.370640e-03 4.258170e-03 4.777322e-03 5.287555e-03 6.371157e-03 6.244916e-03 7.298357e-03 8.171700e-03 8.552166e-03 1.003691e-02 1.058832e-02 1.203132e-02 1.489849e-02 1.643148e-02 1.996447e-02 2.502240e-02 2.851048e-02 3.244094e-02 3.475692e-02 3.643204e-02 3.975284e-02 4.184571e-02 4.460192e-02 5.046261e-02 5.610497e-02 6.142761e-02 6.680512e-02 6.872080e-02 7.057698e-02 7.577947e-02 7.997996e-02 8.397143e-02 9.162146e-02 9.805089e-02 1.006368e-01 1.075566e-01 1.231441e-01 1.392486e-01 1.487813e-01 1.558222e-01 1.644793e-01 1.703019e-01 1.702768e-01 1.669257e-01 1.665294e-01 1.703486e-01 1.742558e-01 1.783582e-01 1.875210e-01 2.007197e-01 2.107120e-01 2.136692e-01 2.151471e-01 2.230637e-01 2.375784e-01 2.520997e-01 2.622674e-01 2.717873e-01 2.841961e-01 2.952460e-01 3.031985e-01 3.107445e-01 3.172584e-01 3.195873e-01 3.147932e-01 3.053763e-01 2.946987e-01 2.859706e-01 2.807824e-01 2.754047e-01 2.692188e-01 2.607162e-01 2.527685e-01 2.477130e-01 2.441077e-01 2.376184e-01 2.298941e-01 2.221407e-01 2.119011e-01 2.009411e-01 1.917111e-01 1.857372e-01 1.811046e-01 1.757235e-01 1.693134e-01 1.614160e-01 1.520794e-01 1.437788e-01 1.369660e-01 1.285010e-01 1.184175e-01 1.056998e-01 9.071272e-02 7.803984e-02 6.926263e-02 6.421746e-02 6.183228e-02 6.080967e-02 5.834040e-02 5.336495e-02 4.696739e-02 4.016483e-02 3.420638e-02 2.971630e-02 2.688344e-02 2.598384e-02 2.627679e-02 2.761507e-02 2.873791e-02 2.681363e-02 2.140710e-02 1.434676e-02 8.568263e-03 4.993101e-03 2.924851e-03 1.828766e-03 1.204889e-03 7.557730e-04 3.835188e-04 1.248829e-04 1.894486e-05 1.012388e-06 1.894226e-08 1.677031e-10 7.453972e-13 1.000678e-15 2.728492e-19 2.225293e-23 1.493590e-27 1.330988e-31 2.291352e-35 1.240643e-38 1.345765e-40 7.154427e-40 3.419407e-35 2.564866e-26 3.706812e-16 2.151750e-08 2.513281e-05 1.061886e-05 2.702722e-08 1.352827e-11 1.740398e-15 1.362553e-20 1.058672e-26 3.160770e-33 1.878876e-39 1.401298e-44
8.834348e-11 1.941959e-12 1.451935e-07 5.842121e-06 2.698600e-05 8.789781e-05 1.172814e-04 8.396856e-05 2.740760e-05 7.006035e-06 4.646532e-05 6.679612e-05 8.411088e-05 5.564846e-05 5.038703e-05 3.202003e-05 2.414674e-05 6.641352e-05 1.521545e-04 2.767298e-04 2.332834e-04 3.908486e-04 4.753635e-04 8.998470e-04 7.779090e-04 9.383532e-04 8.851190e-04 8.824219e-04 1.142070e-03 1.007964e-03 1.378659e-03 1.345530e-03 1.688676e-03 1.833504e-03 2.109564e-03 2.664072e-03 2.884923e-03 3.747351e-03 4.020118e-03 5.060866e-03 6.065025e-03 6.819513e-03 9.199089e-03 9.593329e-03 1.026120e-02 1.150495e-02 1.170489e-02 1.367175e-02 1.515600e-02 1.600436e-02 1.926325e-02 2.194634e-02 2.456764e-02 2.959506e-02 3.290142e-02 3.581469e-02 3.909083e-02 3.996968e-02 4.194361e-02 4.687112e-02 5.305167e-02 5.956563e-02 6.411168e-02 6.709341e-02 7.239184e-02 7.735435e-02 7.958566e-02 8.372194e-02 8.879896e-02 9.035225e-02 9.165618e-02 9.862537e-02 1.126235e-01 1.268747e-01 1.367088e-01 1.472807e-01 1.614541e-01 1.719125e-01 1.755160e-01 1.811439e-01 1.882262e-01 1.909961e-01 1.886443e-01 1.880469e-01 1.937439e-01 2.056982e-01 2.169646e-01 2.247473e-01 2.331565e-01 2.480034e-01 2.680199e-01 2.861366e-01 2.993463e-01 3.077298e-01 3.118919e-01 3.095395e-01 3.031089e-01 2.989427e-01 2.993765e-01 3.003000e-01 2.967335e-01 2.908563e-01 2.925692e-01 2.993460e-01 3.012073e-01 2.946662e-01 2.869120e-01 2.837229e-01 2.816788e-01 2.761625e-01 2.667367e-01 2.576993e-01 2.492747e-01 2.362913e-01 2.227357e-01 2.129924e-01 2.059999e-01 2.019067e-01 1.989537e-01 1.950252e-01 1.878675e-01 1.785172e-01 1.711957e-01 1.651606e-01 1.573296e-01 1.464626e-01 1.306198e-01 1.125251e-01 9.764224e-02 8.646678e-02 7.909400e-02 7.548700e-02 7.387444e-02 7.157785e-02 6.711887e-02 6.062793e-02 5.295494e-02 4.619377e-02 4.154337e-02 3.869603e-02 3.748135e-02 3.777339e-02 3.973019e-02 4.275547e-02 4.426614e-02 4.274253e-02 3.602223e-02 2.686014e-02 1.863236e-02 1.304835e-02 1.030108e-02 9.225756e-03 8.408264e-03 6.902765e-03 4.094932e-03 1.417834e-03 2.579012e-04 2.114810e-05 8.554545e-07 1.764932e-08 2.252172e-10 1.617622e-12 3.576531e-15 1.866508e-18 3.782562e-22 7.357980e-26 2.226599e-29 7.242850e-33 3.624425e-36 5.350103e-39 7.556740e-40 2.115055e-37 1.763439e-30 6.467884e-21 1.732397e-12 3.536047e-08 2.631664e-08 1.051739e-10 3.094315e-14 1.566964e-18 2.937956e-24 7.948258e-31 2.468420e-37 4.652311e-43 0.000000e+00
1.502274e-07 1.097018e-10 1.303754e-07 3.045194e-06 2.549881e-05 7.570268e-06 4.693948e-05 1.368676e-04 2.222201e-04 9.384953e-05 6.770669e-05 2.422074e-05 5.786416e-05 1.085789e-04 1.266012e-04 2.149587e-04 3.739277e-04 3.549267e-04 5.490697e-04 5.353115e-04 5.554983e-04 5.336287e-04 7.751983e-04 8.770304e-04 1.161487e-03 1.031021e-03 1.125379e-03 1.423281e-03 1.323155e-03 1.605265e-03 1.238261e-03 1.512721e-03 1.683713e-03 2.148883e-03 2.465304e-03 2.716861e-03 3.825285e-03 4.086615e-03 5.305674e-03 5.802660e-03 6.583923e-03 8.641624e-03 9.426340e-03 1.198905e-02 1.353170e-02 1.423617e-02 1.666652e-02 1.707928e-02 1.861523e-02 2.143192e-02 2.196680e-02 2.417155e-02 2.620854e-02 2.638333e-02 2.941430e-02 3.345651e-02 3.620286e-02 4.083822e-02 4.598600e-02 5.051211e-02 5.419342e-02 5.706230e-02 6.269150e-02 6.880321e-02 7.255729e-02 7.883948e-02 8.686490e-02 9.155163e-02 9.590272e-02 1.024792e-01 1.104236e-01 1.205848e-01 1.294027e-01 1.338761e-01 1.406016e-01 1.520339e-01 1.624306e-01 1.722069e-01 1.840676e-01 1.982812e-01 2.091766e-01 2.154387e-01 2.210654e-01 2.309430e-01 2.449559e-01 2.594323e-01 2.690752e-01 2.724507e-01 2.752951e-01 2.818502e-01 2.919056e-01 3.013734e-01 3.068531e-01 3.092873e-01 3.097342e-01 3.094807e-01 3.070358e-01 3.028478e-01 2.949550e-01 2.885514e-01 2.907950e-01 2.959620e-01 3.001169e-01 3.005215e-01 3.006627e-01 3.001842e-01 2.971166e-01 2.971588e-01 2.985624e-01 2.971562e-01 2.896146e-01 2.760186e-01 2.627629e-01 2.517661e-01 2.408156e-01 2.335044e-01 2.282205e-01 2.204443e-01 2.101877e-01 2.005246e-01 1.957359e-01 1.924332e-01 1.884596e-01 1.809739e-01 1.652583e-01 1.446604e-01 1.255334e-01 1.103357e-01 1.009047e-01 9.712818e-02 9.487659e-02 9.100632e-02 8.409009e-02 7.359605e-02 6.226330e-02 5.351786e-02 4.826390e-02 4.556197e-02 4.503385e-02 4.552658e-02 4.554964e-02 4.517037e-02 4.404007e-02 4.294049e-02 3.982295e-02 3.451027e-02 2.765919e-02 2.124932e-02 1.698692e-02 1.501111e-02 1.465423e-02 1.501918e-02 1.372969e-02 9.304542e-03 4.320719e-03 1.125163e-03 1.577014e-04 1.298210e-05 6.311149e-07 2.205403e-08 4.891699e-10 5.632020e-12 2.124030e-14 1.989257e-17 1.061785e-20 5.277276e-24 3.437433e-27 1.796117e-30 5.611983e-34 4.179833e-37 4.195115e-39 6.631822e-38 7.068302e-33 2.076859e-24 6.222716e-16 6.661491e-11 3.152699e-10 2.376107e-12 1.292040e-15 3.555004e-20 1.108599e-25 5.021878e-32 6.841089e-38 4.946584e-43 0.000000e+00
2.044760e-05 8.052190e-09 7.713429e-08 6.886984e-07 3.359322e-06 2.707782e-05 2.473973e-06 3.811872e-05 8.329789e-05 3.176009e-04 7.463181e-04 6.488818e-04 5.254550e-04 4.671505e-04 3.510496e-04 4.107893e-04 3.229965e-04 2.569829e-04 4.202548e-04 2.938520e-04 3.189500e-04 3.670600e-04 5.269503e-04 6.614876e-04 8.040073e-04 1.035752e-03 1.252938e-03 1.408590e-03 1.664023e-03 1.849506e-03 2.634959e-03 2.718405e-03 2.715192e-03 2.597207e-03 2.693404e-03 3.391196e-03 3.678928e-03 5.156356e-03 6.049584e-03 7.029391e-03 8.719306e-03 8.774641e-03 1.059858e-02 1.210757e-02 1.442375e-02 1.764691e-02 1.758514e-02 2.013924e-02 2.240673e-02 2.263095e-02 2.530100e-02 2.517805e-02 2.430676e-02 2.644186e-02 2.710086e-02 2.902711e-02 3.417150e-02 3.850752e-02 4.410738e-02 4.915766e-02 5.148593e-02 5.632238e-02 6.099199e-02 6.490385e-02 7.442072e-02 8.264107e-02 8.685380e-02 9.557730e-02 1.056510e-01 1.141459e-01 1.260818e-01 1.365123e-01 1.424017e-01 1.528162e-01 1.664354e-01 1.749203e-01 1.823013e-01 1.928281e-01 2.008331e-01 2.041742e-01 2.082732e-01 2.198042e-01 2.416233e-01 2.681584e-01 2.886494e-01 3.023621e-01 3.149308e-01 3.242456e-01 3.256159e-01 3.168041e-01 3.017325e-01 2.882994e-01 2.794595e-01 2.733539e-01 2.727304e-01 2.796485e-01 2.880836e-01 2.927270e-01 2.937767e-01 2.958644e-01 3.032642e-01 3.085736e-01 3.054433e-01 2.966627e-01 2.911277e-01 2.969087e-01 3.028637e-01 3.023332e-01 2.994536e-01 2.945730e-01 2.866841e-01 2.764762e-01 2.667196e-01 2.607341e-01 2.553347e-01 2.460491e-01 2.369189e-01 2.311303e-01 2.287583e-01 2.287609e-01 2.296605e-01 2.247744e-01 2.071559e-01 1.827912e-01 1.601163e-01 1.419719e-01 1.302347e-01 1.243208e-01 1.205230e-01 1.171940e-01 1.121518e-01 1.023957e-01 9.029381e-02 7.931696e-02 7.169134e-02 6.782117e-02 6.688589e-02 6.670922e-02 6.487224e-02 6.160243e-02 5.659199e-02 5.126102e-02 4.565359e-02 4.024201e-02 3.489799e-02 2.934151e-02 2.489918e-02 2.187624e-02 2.061339e-02 2.042248e-02 2.025984e-02 1.783526e-02 1.253853e-02 6.299093e-03 2.177286e-03 5.680560e-04 1.064660e-04 1.665079e-05 2.098142e-06 1.835955e-07 9.352191e-09 1.900747e-10 1.229066e-12 2.742183e-15 3.708391e-18 5.728639e-21 6.968530e-24 5.388664e-27 2.214442e-30 1.160320e-33 6.744055e-36 5.155038e-36 1.485173e-32 8.252116e-26 1.102210e-17 6.712427e-12 4.164569e-10 2.190145e-11 1.648526e-14 1.179125e-18 7.500714e-24 2.579948e-29 3.513366e-35 2.699461e-40 8.407791e-45
1.001598e-05 1.261224e-11 4.436949e-09 2.146392e-07 4.503742e-05 5.546633e-05 1.781190e-04 3.238813e-05 1.616206e-04 1.179644e-04 2.730585e-04 1.459575e-04 4.690483e-04 1.508976e-04 1.379871e-04 5.008384e-04 1.099535e-03 1.106104e-03 6.868315e-04 7.554960e-04 6.638073e-04 1.126308e-03 1.123292e-03 1.371976e-03 1.352149e-03 1.582835e-03 1.704226e-03 1.686140e-03 2.176073e-03 3.085514e-03 3.834673e-03 4.019293e-03 4.047278e-03 4.202081e-03 4.737572e-03 5.207315e-03 5.875268e-03 5.952545e-03 6.374663e-03 7.846210e-03 9.054150e-03 1.128139e-02 1.191983e-02 1.251286e-02 1.407029e-02 1.505221e-02 1.825781e-02 1.936308e-02 1.947416e-02 2.128090e-02 2.142605e-02 2.329218e-02 2.634843e-02 2.754541e-02 3.004171e-02 3.258326e-02 3.462046e-02 3.844129e-02 4.101615e-02 4.463642e-02 5.256540e-02 5.858494e-02 6.369074e-02 7.157003e-02 7.678946e-02 8.314904e-02 9.350355e-02 9.951109e-02 1.058928e-01 1.187490e-01 1.296499e-01 1.371783e-01 1.488729e-01 1.605369e-01 1.695054e-01 1.829652e-01 1.982952e-01 2.071733e-01 2.095684e-01 2.128380e-01 2.229871e-01 2.407279e-01 2.598387e-01 2.774876e-01 2.966065e-01 3.200323e-01 3.429744e-01 3.524675e-01 3.448015e-01 3.259836e-01 3.079824e-01 2.949322e-01 2.891958e-01 2.869039e-01 2.877272e-01 2.923791e-01 2.994386e-01 3.078851e-01 3.149455e-01 3.223011e-01 3.274994e-01 3.269734e-01 3.231318e-01 3.191711e-01 3.159443e-01 3.146491e-01 3.177363e-01 3.177600e-01 3.101386e-01 3.022391e-01 2.906660e-01 2.772225e-01 2.650395e-01 2.538526e-01 2.456240e-01 2.381810e-01 2.315131e-01 2.309116e-01 2.356861e-01 2.378056e-01 2.312248e-01 2.165615e-01 1.978427e-01 1.783313e-01 1.629934e-01 1.529785e-01 1.464194e-01 1.438331e-01 1.426178e-01 1.385269e-01 1.316387e-01 1.220846e-01 1.119604e-01 1.039033e-01 9.827748e-02 9.509369e-02 9.367282e-02 9.229960e-02 8.802995e-02 8.160081e-02 7.324710e-02 6.327122e-02 5.390353e-02 4.497372e-02 3.836662e-02 3.377239e-02 3.142963e-02 2.989416e-02 2.916059e-02 2.732482e-02 2.337585e-02 1.730996e-02 1.028762e-02 4.967066e-03 2.002047e-03 8.032725e-04 3.349362e-04 1.297364e-04 3.965285e-05 6.693635e-06 4.746894e-07 1.305237e-08 1.325978e-10 7.497794e-13 3.552825e-15 1.653465e-17 4.710411e-20 4.757864e-23 2.438691e-26 1.352593e-29 4.095153e-32 5.116059e-33 4.775730e-31 1.508207e-25 6.145156e-18 2.702743e-11 2.081414e-08 5.378553e-09 7.721952e-12 8.974650e-16 3.346763e-20 1.152309e-25 1.412786e-31 6.610265e-38 1.877740e-43
7.464990e-07 7.109995e-12 6.274721e-09 1.480559e-06 2.275620e-04 1.777936e-04 1.838489e-05 1.780302e-04 2.967839e-04 3.809312e-04 6.585828e-04 1.123420e-03 1.651282e-03 1.524979e-03 8.576494e-04 1.164132e-03 1.005683e-03 7.159910e-04 1.539716e-03 1.573356e-03 1.615214e-03 1.160539e-03 1.301667e-03 1.211182e-03 1.352543e-03 1.487438e-03 1.722789e-03 2.161489e-03 2.157483e-03 2.658615e-03 2.936641e-03 3.974932e-03 5.434206e-03 6.168873e-03 6.751186e-03 6.303937e-03 6.428383e-03 6.784562e-03 7.406701e-03 8.683183e-03 9.805723e-03 1.143294e-02 1.406558e-02 1.546040e-02 1.570277e-02 1.656086e-02 1.719325e-02 1.812049e-02 1.931200e-02 2.030639e-02 2.272697e-02 2.615204e-02 3.009304e-02 3.305084e-02 3.576748e-02 3.892182e-02 3.966405e-02 4.140635e-02 4.809412e-02 5.505145e-02 6.080288e-02 6.921855e-02 7.618681e-02 8.242044e-02 9.349149e-02 1.014410e-01 1.046739e-01 1.138875e-01 1.241972e-01 1.281023e-01 1.316482e-01 1.364032e-01 1.434647e-01 1.553640e-01 1.681984e-01 1.800215e-01 1.917348e-01 2.035261e-01 2.151237e-01 2.284190e-01 2.423398e-01 2.561297e-01 2.710138e-01 2.897567e-01 3.111619e-01 3.256040e-01 3.254889e-01 3.144043e-01 3.090919e-01 3.179364e-01 3.351437e-01 3.452674e-01 3.490688e-01 3.511455e-01 3.487734e-01 3.385951e-01 3.264685e-01 3.240419e-01 3.268967e-01 3.251606e-01 3.209552e-01 3.146646e-01 3.129601e-01 3.146203e-01 3.168176e-01 3.171595e-01 3.121471e-01 3.105408e-01 3.050876e-01 2.949858e-01 2.873781e-01 2.768880e-01 2.668995e-01 2.593402e-01 2.554988e-01 2.578371e-01 2.607467e-01 2.607370e-01 2.585084e-01 2.514614e-01 2.375895e-01 2.184054e-01 1.999085e-01 1.852946e-01 1.762461e-01 1.753456e-01 1.799451e-01 1.835832e-01 1.818176e-01 1.702423e-01 1.530029e-01 1.381994e-01 1.283356e-01 1.238827e-01 1.233855e-01 1.237883e-01 1.212601e-01 1.158516e-01 1.057869e-01 9.203261e-02 7.987893e-02 6.902293e-02 6.147528e-02 5.635071e-02 5.367050e-02 5.188741e-02 5.068900e-02 4.840634e-02 4.485708e-02 4.029479e-02 3.279233e-02 2.411845e-02 1.595616e-02 9.703076e-03 5.853863e-03 3.616450e-03 2.230478e-03 1.115094e-03 3.681420e-04 6.753612e-05 6.039103e-06 2.599934e-07 6.382728e-09 1.031589e-10 1.467397e-12 1.406195e-14 5.679013e-17 6.727276e-20 3.426719e-23 2.298314e-26 5.941109e-29 3.407390e-30 4.050508e-29 1.140985e-24 1.222391e-17 8.803519e-11 5.939867e-07 5.473455e-07 2.143080e-09 8.422800e-13 3.197060e-17 1.449092e-22 1.689369e-29 2.697426e-36 5.451051e-43
1.031647e-05 1.448163e-12 2.187777e-09 1.430315e-06 3.432574e-05 1.095502e-05 3.889309e-06 5.228538e-05 5.357516e-05 8.908162e-05 1.134572e-04 2.557189e-04 2.819728e-04 3.783428e-04 6.478418e-04 1.047643e-03 4.264466e-04 3.279640e-04 3.953119e-04 7.668604e-04 7.568208e-04 8.849767e-04 9.923155e-04 1.232435e-03 1.487200e-03 1.529270e-03 1.632103e-03 1.659079e-03 2.220150e-03 2.310341e-03 2.794779e-03 3.639152e-03 4.278779e-03 6.083074e-03 6.195863e-03 7.526670e-03 8.218059e-03 8.766543e-03 1.119620e-02 1.046795e-02 1.167348e-02 1.244065e-02 1.245965e-02 1.559702e-02 1.793841e-02 1.985261e-02 2.176781e-02 2.320865e-02 2.671013e-02 2.959917e-02 3.164691e-02 3.229170e-02 3.277363e-02 3.683300e-02 4.098837e-02 4.224864e-02 4.740188e-02 5.406816e-02 5.843550e-02 6.698767e-02 7.553395e-02 8.005212e-02 8.998193e-02 1.013485e-01 1.058675e-01 1.119704e-01 1.202606e-01 1.248155e-01 1.299332e-01 1.357816e-01 1.406717e-01 1.492028e-01 1.556932e-01 1.559303e-01 1.607616e-01 1.723537e-01 1.839392e-01 2.000684e-01 2.248820e-01 2.517466e-01 2.778066e-01 3.050600e-01 3.263274e-01 3.370689e-01 3.422370e-01 3.388337e-01 3.318889e-01 3.330471e-01 3.427119e-01 3.516555e-01 3.598319e-01 3.669440e-01 3.706327e-01 3.686129e-01 3.683195e-01 3.724324e-01 3.733941e-01 3.670638e-01 3.558303e-01 3.400815e-01 3.269315e-01 3.167564e-01 3.100418e-01 3.062241e-01 3.042178e-01 3.052849e-01 3.056860e-01 3.035994e-01 3.064684e-01 3.077634e-01 3.077395e-01 3.100280e-01 3.083763e-01 3.028232e-01 2.941595e-01 2.855923e-01 2.797461e-01 2.710060e-01 2.546606e-01 2.344297e-01 2.159947e-01 2.021335e-01 1.962159e-01 2.006150e-01 2.125489e-01 2.244854e-01 2.302800e-01 2.221513e-01 2.025418e-01 1.817638e-01 1.657305e-01 1.576463e-01 1.569986e-01 1.597891e-01 1.600844e-01 1.539755e-01 1.400316e-01 1.230720e-01 1.097469e-01 9.910876e-02 9.281987e-02 8.883407e-02 8.523367e-02 8.068597e-02 7.480409e-02 6.875463e-02 6.265245e-02 5.812209e-02 5.229656e-02 4.564887e-02 3.712029e-02 2.855428e-02 2.220447e-02 1.808112e-02 1.517661e-02 1.228380e-02 8.703314e-03 4.562648e-03 1.627236e-03 3.461202e-04 4.201961e-05 2.761827e-06 1.093225e-07 2.810449e-09 5.331047e-11 6.191544e-13 2.793558e-15 4.373386e-18 3.167733e-21 3.014645e-24 1.171733e-26 4.627807e-28 1.599437e-27 3.078405e-24 3.044046e-18 1.840028e-11 8.488121e-07 7.993120e-06 1.252020e-07 7.042337e-11 2.717566e-15 2.201582e-21 2.635320e-28 1.117972e-35 5.582773e-42
3.695540e-07 1.486698e-17 1.617818e-14 4.961211e-11 3.801753e-08 4.629721e-08 5.574257e-07 5.443541e-06 5.733117e-06 4.751760e-06 2.867042e-05 1.104716e-04 3.571868e-04 3.145799e-04 1.216242e-03 6.220852e-04 9.837518e-04 7.145240e-04 6.860285e-04 6.782082e-04 7.206656e-04 8.956325e-04 1.049789e-03 1.451428e-03 1.460481e-03 2.044124e-03 2.040439e-03 2.462722e-03 2.352467e-03 2.561771e-03 3.093035e-03 2.963466e-03 3.994050e-03 4.116134e-03 6.515565e-03 8.050137e-03 9.412165e-03 1.201787e-02 1.085736e-02 1.384746e-02 1.380188e-02 1.327148e-02 1.541152e-02 1.464508e-02 1.764645e-02 2.149930e-02 2.370432e-02 2.922262e-02 3.263678e-02 3.553607e-02 3.975233e-02 4.037564e-02 4.188235e-02 4.264126e-02 4.374846e-02 5.041604e-02 5.558157e-02 6.078503e-02 6.898355e-02 7.152767e-02 7.833299e-02 9.344424e-02 1.011488e-01 1.071955e-01 1.155826e-01 1.161876e-01 1.197911e-01 1.300702e-01 1.394163e-01 1.501268e-01 1.606715e-01 1.629530e-01 1.624247e-01 1.662980e-01 1.716596e-01 1.800417e-01 1.948598e-01 2.117947e-01 2.310465e-01 2.581814e-01 2.817385e-01 2.892681e-01 2.921234e-01 3.032796e-01 3.226467e-01 3.435666e-01 3.594702e-01 3.617861e-01 3.496076e-01 3.345916e-01 3.301252e-01 3.388770e-01 3.558713e-01 3.767115e-01 3.985404e-01 4.151747e-01 4.201849e-01 4.102789e-01 3.950922e-01 3.818910e-01 3.731714e-01 3.617591e-01 3.492008e-01 3.360038e-01 3.267621e-01 3.232946e-01 3.251071e-01 3.261401e-01 3.241297e-01 3.299939e-01 3.377270e-01 3.465407e-01 3.563379e-01 3.590973e-01 3.571749e-01 3.475539e-01 3.276511e-01 3.008688e-01 2.684552e-01 2.372494e-01 2.187883e-01 2.147943e-01 2.215666e-01 2.338947e-01 2.452749e-01 2.455357e-01 2.311026e-01 2.111318e-01 1.931360e-01 1.824971e-01 1.803212e-01 1.832069e-01 1.860958e-01 1.849251e-01 1.769143e-01 1.631577e-01 1.462750e-01 1.303808e-01 1.195280e-01 1.118710e-01 1.046573e-01 9.756985e-02 8.923806e-02 8.146083e-02 7.330582e-02 6.646340e-02 6.009300e-02 5.363282e-02 4.543873e-02 3.713175e-02 3.029987e-02 2.566526e-02 2.343791e-02 2.288051e-02 2.188868e-02 1.818436e-02 1.237917e-02 6.262326e-03 2.263318e-03 5.384344e-04 8.159661e-05 8.342997e-06 5.557363e-07 2.739425e-08 8.545325e-10 1.488367e-11 9.295152e-14 1.753772e-16 1.775148e-19 2.343761e-22 1.131746e-24 4.120493e-26 3.585205e-26 4.179670e-24 1.936640e-19 4.959333e-13 2.283471e-07 3.072406e-05 1.373716e-06 1.004112e-09 1.344703e-14 1.557411e-20 1.983358e-27 5.868108e-34 2.544730e-40
2.672165e-05 1.163688e-14 1.656058e-12 2.253631e-10 5.145624e-10 8.425460e-09 1.189619e-08 1.073457e-07 4.845410e-07 5.743621e-06 2.942893e-05 2.780213e-04 1.005721e-04 1.825839e-04 1.539740e-04 4.317083e-04 5.187488e-04 8.630896e-04 5.437194e-04 7.013392e-04 6.708098e-04 7.664355e-04 1.033152e-03 1.165746e-03 1.715721e-03 1.557686e-03 2.202668e-03 2.446148e-03 3.220193e-03 3.829734e-03 3.779506e-03 4.709661e-03 4.376906e-03 5.622181e-03 6.213129e-03 7.514039e-03 9.600083e-03 9.383033e-03 1.196655e-02 1.264002e-02 1.501435e-02 1.893749e-02 1.828759e-02 2.200108e-02 2.047037e-02 2.047959e-02 2.533819e-02 2.584949e-02 3.022444e-02 3.594584e-02 3.846888e-02 4.740732e-02 5.300950e-02 5.474671e-02 5.758997e-02 5.903409e-02 6.584585e-02 6.938485e-02 7.083228e-02 8.024338e-02 8.702265e-02 9.275383e-02 1.027267e-01 1.089521e-01 1.138470e-01 1.246617e-01 1.357020e-01 1.433413e-01 1.537577e-01 1.653392e-01 1.756863e-01 1.843912e-01 1.918175e-01 2.032819e-01 2.176254e-01 2.242328e-01 2.287519e-01 2.438121e-01 2.585204e-01 2.609634e-01 2.647059e-01 2.847031e-01 3.144903e-01 3.387738e-01 3.549713e-01 3.637006e-01 3.618423e-01 3.523898e-01 3.458633e-01 3.430207e-01 3.462168e-01 3.591937e-01 3.833387e-01 4.069348e-01 4.230987e-01 4.273855e-01 4.207215e-01 4.140710e-01 4.125853e-01 4.128362e-01 4.124184e-01 4.086567e-01 4.053722e-01 3.992343e-01 3.850511e-01 3.659921e-01 3.490247e-01 3.426990e-01 3.391414e-01 3.352726e-01 3.356881e-01 3.360632e-01 3.398722e-01 3.451789e-01 3.415617e-01 3.280223e-01 3.040499e-01 2.780876e-01 2.601985e-01 2.493207e-01 2.470836e-01 2.549099e-01 2.665494e-01 2.710885e-01 2.637909e-01 2.496530e-01 2.329597e-01 2.195402e-01 2.131371e-01 2.121252e-01 2.131446e-01 2.128508e-01 2.071269e-01 1.934059e-01 1.755879e-01 1.581724e-01 1.425683e-01 1.293605e-01 1.188884e-01 1.119055e-01 1.051516e-01 9.814887e-02 9.089771e-02 8.335725e-02 7.436028e-02 6.443901e-02 5.395563e-02 4.445928e-02 3.634641e-02 3.007493e-02 2.648123e-02 2.436020e-02 2.272451e-02 2.074816e-02 1.782830e-02 1.294851e-02 8.268869e-03 4.368397e-03 1.819145e-03 6.509431e-04 1.773171e-04 4.156761e-05 6.844472e-06 6.507312e-07 3.236505e-08 5.592333e-10 3.234705e-12 6.803915e-15 1.217559e-17 4.956803e-20 6.139728e-22 3.306600e-23 1.099565e-23 1.533207e-22 2.856039e-19 2.080811e-13 1.905259e-07 1.925145e-04 3.380614e-05 2.479209e-08 7.793530e-13 1.148042e-18 9.976917e-25 2.313917e-31 2.671547e-37
3.095550e-08 4.821711e-13 5.706600e-10 5.092711e-08 2.335518e-07 1.868922e-08 1.725434e-07 3.298229e-07 5.854203e-07 3.560812e-06 1.208693e-05 3.062985e-05 3.898463e-05 1.046452e-04 6.031353e-04 5.853125e-04 5.506296e-04 4.379541e-04 7.317341e-04 8.013895e-04 8.838691e-04 1.052242e-03 1.094086e-03 1.420476e-03 1.313354e-03 2.013101e-03 2.063699e-03 2.693039e-03 2.825565e-03 3.279933e-03 3.858720e-03 3.974487e-03 5.343591e-03 6.345937e-03 7.385618e-03 7.965379e-03 8.180225e-03 1.097258e-02 1.201665e-02 1.492268e-02 1.676694e-02 1.789038e-02 2.194528e-02 2.100823e-02 2.448332e-02 2.731742e-02 2.647976e-02 3.291431e-02 3.512891e-02 3.836495e-02 4.738636e-02 5.261596e-02 5.935912e-02 6.710616e-02 7.303601e-02 7.928997e-02 7.832160e-02 7.963076e-02 8.761720e-02 9.090436e-02 9.617341e-02 1.065466e-01 1.113778e-01 1.171328e-01 1.312723e-01 1.445844e-01 1.513492e-01 1.590620e-01 1.722871e-01 1.840232e-01 1.895369e-01 1.998989e-01 2.214322e-01 2.390469e-01 2.437567e-01 2.500165e-01 2.640053e-01 2.749533e-01 2.807761e-01 2.919627e-01 3.112891e-01 3.290387e-01 3.373773e-01 3.383633e-01 3.402650e-01 3.444740e-01 3.481068e-01 3.500635e-01 3.573568e-01 3.682477e-01 3.782824e-01 3.898066e-01 4.085903e-01 4.256177e-01 4.307530e-01 4.307496e-01 4.304432e-01 4.296773e-01 4.295050e-01 4.309159e-01 4.343628e-01 4.316861e-01 4.261677e-01 4.214759e-01 4.158425e-01 4.086899e-01 3.961931e-01 3.864634e-01 3.830696e-01 3.791048e-01 3.709923e-01 3.647461e-01 3.562731e-01 3.440656e-01 3.267656e-01 3.055634e-01 2.911173e-01 2.839332e-01 2.840018e-01 2.902992e-01 2.952156e-01 2.969600e-01 2.958485e-01 2.896129e-01 2.769951e-01 2.626496e-01 2.523255e-01 2.459436e-01 2.436138e-01 2.435137e-01 2.407178e-01 2.311540e-01 2.183497e-01 2.005245e-01 1.814702e-01 1.662678e-01 1.540922e-01 1.424956e-01 1.313668e-01 1.209013e-01 1.116602e-01 1.023534e-01 9.223089e-02 8.152550e-02 7.036884e-02 5.936994e-02 4.977022e-02 4.290323e-02 3.837052e-02 3.498666e-02 3.272785e-02 3.074507e-02 2.871697e-02 2.470144e-02 1.943260e-02 1.367220e-02 8.192430e-03 4.899877e-03 2.840225e-03 1.722256e-03 1.071571e-03 4.773238e-04 1.318059e-04 1.616044e-05 8.065350e-07 1.636928e-08 1.416471e-10 9.820396e-13 1.070370e-14 3.039302e-16 1.801145e-17 1.712050e-18 6.036992e-19 1.301067e-18 2.406940e-16 5.020624e-12 1.336119e-06 2.075837e-03 1.467679e-03 5.390219e-06 3.001856e-10 2.152464e-15 5.774712e-22 1.275205e-28 1.150266e-35
1.381614e-05 3.455111e-14 1.078957e-10 9.209117e-08 2.622844e-06 4.782069e-06 8.099511e-06 1.134516e-05 1.028371e-05 7.288415e-06 1.717511e-05 5.936360e-05 5.812433e-05 1.219478e-04 1.408972e-04 2.713563e-04 3.300949e-04 7.711582e-04 1.003471e-03 1.040610e-03 1.092849e-03 1.162098e-03 1.317789e-03 1.291340e-03 1.727820e-03 1.647389e-03 2.348410e-03 2.429097e-03 2.719240e-03 2.851950e-03 3.468544e-03 4.675989e-03 4.723680e-03 6.194585e-03 6.653838e-03 8.486082e-03 1.027567e-02 1.088274e-02 1.243185e-02 1.344321e-02 1.540512e-02 1.714053e-02 1.914680e-02 2.395282e-02 2.662233e-02 2.974227e-02 3.425550e-02 3.640095e-02 4.129218e-02 4.464007e-02 4.671456e-02 5.187276e-02 5.678111e-02 6.711260e-02 7.946280e-02 8.354436e-02 9.157306e-02 9.974068e-02 9.901721e-02 1.056538e-01 1.149160e-01 1.135799e-01 1.208845e-01 1.405552e-01 1.486023e-01 1.475714e-01 1.567592e-01 1.707301e-01 1.740415e-01 1.782371e-01 1.978891e-01 2.164162e-01 2.175255e-01 2.226661e-01 2.461681e-01 2.715641e-01 2.864754e-01 2.984053e-01 3.121510e-01 3.227427e-01 3.216725e-01 3.067097e-01 2.954024e-01 3.059568e-01 3.329384e-01 3.545584e-01 3.639203e-01 3.686259e-01 3.712379e-01 3.704438e-01 3.713632e-01 3.745086e-01 3.789268e-01 3.810601e-01 3.818338e-01 3.856989e-01 3.947245e-01 4.060576e-01 4.159405e-01 4.249836e-01 4.338169e-01 4.346506e-01 4.299698e-01 4.286977e-01 4.322608e-01 4.394415e-01 4.439765e-01 4.427067e-01 4.423237e-01 4.484802e-01 4.454798e-01 4.234459e-01 3.917814e-01 3.578102e-01 3.326187e-01 3.157386e-01 3.061720e-01 3.076085e-01 3.130924e-01 3.188146e-01 3.226198e-01 3.169568e-01 3.054106e-01 2.945109e-01 2.861193e-01 2.817986e-01 2.817362e-01 2.856737e-01 2.860681e-01 2.798840e-01 2.656041e-01 2.411405e-01 2.138480e-01 1.905207e-01 1.690610e-01 1.514301e-01 1.390156e-01 1.281714e-01 1.168145e-01 1.058043e-01 9.506153e-02 8.477265e-02 7.490254e-02 6.539169e-02 5.676622e-02 4.972117e-02 4.397336e-02 3.987823e-02 3.829774e-02 3.725072e-02 3.707542e-02 3.720513e-02 3.562095e-02 3.150319e-02 2.382771e-02 1.720524e-02 1.176833e-02 9.004392e-03 8.224582e-03 8.094618e-03 6.982905e-03 3.888766e-03 1.068926e-03 1.432069e-04 9.487723e-06 3.769475e-07 1.092992e-08 3.642546e-10 2.146286e-11 2.424866e-12 4.005772e-13 9.071585e-14 3.779226e-14 4.567035e-14 4.904193e-13 2.815807e-10 2.501034e-06 3.548327e-03 2.181398e-02 3.506046e-04 1.399638e-07 3.745763e-13 9.064632e-20 6.476467e-28 4.357220e-35
4.859754e-13 1.411078e-11 5.041866e-09 6.761507e-09 5.260205e-08 1.772217e-06 3.677732e-06 6.220159e-05 1.997532e-05 3.390050e-05 5.771987e-05 3.806884e-05 1.009735e-04 2.209782e-04 1.292625e-04 2.655548e-04 6.362328e-04 1.064675e-03 1.141858e-03 9.419392e-04 9.562303e-04 1.228483e-03 1.174074e-03 1.665094e-03 1.504696e-03 1.908130e-03 1.868892e-03 2.198961e-03 2.721809e-03 3.299490e-03 3.966107e-03 3.876811e-03 5.284846e-03 5.906203e-03 7.509184e-03 8.889127e-03 9.681534e-03 1.058315e-02 1.077113e-02 1.283353e-02 1.473670e-02 1.783212e-02 2.220640e-02 2.420136e-02 2.728411e-02 3.047732e-02 3.369282e-02 3.747224e-02 4.015129e-02 4.407534e-02 4.579625e-02 4.780200e-02 5.642778e-02 6.164987e-02 6.775185e-02 8.380400e-02 9.143684e-02 9.619734e-02 1.102570e-01 1.127412e-01 1.145863e-01 1.328580e-01 1.405706e-01 1.333190e-01 1.360894e-01 1.470886e-01 1.500618e-01 1.492786e-01 1.601709e-01 1.764578e-01 1.782480e-01 1.786824e-01 1.992185e-01 2.228292e-01 2.301096e-01 2.418794e-01 2.731983e-01 3.051496e-01 3.202066e-01 3.198701e-01 3.121623e-01 3.061386e-01 3.061598e-01 3.074994e-01 3.068612e-01 3.123155e-01 3.315270e-01 3.576469e-01 3.815498e-01 4.010584e-01 4.181871e-01 4.250320e-01 4.231616e-01 4.198008e-01 4.207008e-01 4.211401e-01 4.184771e-01 4.222777e-01 4.337974e-01 4.416161e-01 4.481141e-01 4.540597e-01 4.629040e-01 4.701467e-01 4.769266e-01 4.831848e-01 4.868176e-01 4.912372e-01 4.869801e-01 4.805372e-01 4.730705e-01 4.489959e-01 4.155973e-01 3.836130e-01 3.576605e-01 3.402855e-01 3.274824e-01 3.204001e-01 3.206306e-01 3.181329e-01 3.112497e-01 2.998056e-01 2.831387e-01 2.708675e-01 2.681643e-01 2.731138e-01 2.796673e-01 2.823159e-01 2.749606e-01 2.554185e-01 2.291805e-01 2.024880e-01 1.779631e-01 1.595033e-01 1.465630e-01 1.338294e-01 1.220862e-01 1.112958e-01 9.934430e-02 8.698479e-02 7.566174e-02 6.616206e-02 5.873344e-02 5.280266e-02 4.829973e-02 4.507869e-02 4.344980e-02 4.253367e-02 4.397192e-02 4.675323e-02 4.771660e-02 4.670458e-02 4.106633e-02 3.382847e-02 2.667847e-02 2.238170e-02 2.058455e-02 2.026178e-02 2.122592e-02 2.006049e-02 1.442060e-02 7.221336e-03 2.009642e-03 3.618650e-04 4.060040e-05 3.595201e-06 3.068567e-07 2.780271e-08 4.251494e-09 1.101214e-09 4.725109e-10 3.376027e-10 2.176715e-10 1.641510e-10 2.490206e-10 5.810272e-09 3.450050e-06 3.525974e-03 9.179915e-02 9.743953e-03 1.753329e-06 9.783679e-12 1.515944e-19 3.317303e-27 2.649484e-35
2.050138e-05 2.850619e-11 1.222369e-09 4.666942e-08 7.165301e-08 2.398490e-07 1.699159e-06 1.283064e-05 1.013218e-05 1.135574e-05 8.325424e-05 5.738006e-05 6.940124e-05 2.216674e-04 2.565557e-04 4.887285e-04 9.516463e-04 1.067312e-03 1.038370e-03 8.256689e-04 1.091144e-03 9.554665e-04 1.159872e-03 1.189613e-03 1.501249e-03 1.554107e-03 1.742301e-03 2.121680e-03 2.308153e-03 3.163478e-03 3.476893e-03 4.519790e-03 4.887111e-03 6.099922e-03 6.512973e-03 6.795449e-03 8.232418e-03 9.211103e-03 1.221376e-02 1.324262e-02 1.554588e-02 1.872729e-02 2.011850e-02 2.459515e-02 2.844794e-02 3.129498e-02 3.477530e-02 3.790240e-02 4.136133e-02 4.463791e-02 5.230024e-02 5.946213e-02 5.925525e-02 6.376597e-02 6.684016e-02 6.919321e-02 8.209978e-02 8.981863e-02 9.242284e-02 1.049990e-01 1.121868e-01 1.121164e-01 1.193864e-01 1.288057e-01 1.342412e-01 1.402998e-01 1.487327e-01 1.578300e-01 1.623856e-01 1.616556e-01 1.680486e-01 1.850340e-01 1.995360e-01 2.117748e-01 2.354731e-01 2.659913e-01 2.819559e-01 2.870179e-01 2.995241e-01 3.174182e-01 3.355933e-01 3.574693e-01 3.772672e-01 3.858615e-01 3.919407e-01 4.043655e-01 4.179988e-01 4.254338e-01 4.347912e-01 4.544425e-01 4.775402e-01 4.866891e-01 4.801612e-01 4.671373e-01 4.527672e-01 4.421773e-01 4.365737e-01 4.356548e-01 4.443701e-01 4.539765e-01 4.680825e-01 4.856836e-01 5.106472e-01 5.308484e-01 5.312510e-01 5.190185e-01 5.011937e-01 4.852231e-01 4.687959e-01 4.472003e-01 4.291731e-01 4.155505e-01 3.959797e-01 3.741094e-01 3.571995e-01 3.482071e-01 3.452259e-01 3.373458e-01 3.247693e-01 3.096855e-01 2.910184e-01 2.766754e-01 2.686259e-01 2.636258e-01 2.629723e-01 2.630973e-01 2.573809e-01 2.443999e-01 2.250812e-01 2.030923e-01 1.826567e-01 1.665167e-01 1.544760e-01 1.455396e-01 1.409594e-01 1.351549e-01 1.252523e-01 1.137822e-01 1.012730e-01 8.820774e-02 7.658307e-02 6.702713e-02 6.031971e-02 5.559794e-02 5.255109e-02 5.134673e-02 5.214895e-02 5.280821e-02 5.269849e-02 5.210531e-02 4.660025e-02 3.933318e-02 3.290696e-02 2.842833e-02 2.873273e-02 3.152488e-02 3.867371e-02 4.486652e-02 4.781553e-02 4.299014e-02 3.188573e-02 1.735893e-02 7.141202e-03 1.753733e-03 3.479554e-04 5.070618e-05 7.377379e-06 1.270894e-06 3.241463e-07 1.789366e-07 1.594473e-07 1.341694e-07 7.926228e-08 2.533057e-08 1.246325e-08 4.111427e-08 2.600932e-06 8.490743e-04 2.125432e-02 1.415689e-03 5.580620e-07 1.016722e-12 2.347826e-19 1.999837e-27 5.955317e-35
2.138173e-09 7.549803e-11 6.319149e-09 1.428668e-09 2.910632e-08 7.498753e-07 6.661229e-07 1.047821e-06 9.943363e-06 1.674436e-05 1.684333e-05 2.474397e-05 8.730052e-05 1.766324e-04 2.229113e-04 4.111866e-04 7.548521e-04 8.055959e-04 6.979859e-04 8.865334e-04 9.200028e-04 1.307880e-03 1.338510e-03 1.643911e-03 1.617021e-03 1.616509e-03 1.997841e-03 2.052855e-03 2.962487e-03 2.829115e-03 4.088764e-03 4.870015e-03 5.737551e-03 6.518299e-03 6.444536e-03 7.683723e-03 7.756401e-03 9.480158e-03 1.057037e-02 1.313575e-02 1.570629e-02 1.645195e-02 2.058390e-02 2.244809e-02 2.540805e-02 2.922997e-02 3.106581e-02 3.531818e-02 3.907110e-02 4.319436e-02 4.801717e-02 5.360022e-02 6.006671e-02 6.597590e-02 7.337664e-02 7.621095e-02 7.772400e-02 8.836309e-02 9.524652e-02 9.699378e-02 1.066864e-01 1.113817e-01 1.105568e-01 1.245476e-01 1.406179e-01 1.473836e-01 1.659954e-01 1.829374e-01 1.794151e-01 1.867295e-01 2.134715e-01 2.271997e-01 2.310284e-01 2.500842e-01 2.742550e-01 2.840793e-01 2.916075e-01 3.146821e-01 3.472363e-01 3.756054e-01 3.954226e-01 3.995944e-01 3.928904e-01 3.952712e-01 4.068662e-01 4.149119e-01 4.217931e-01 4.441340e-01 4.812794e-01 5.109030e-01 5.207775e-01 5.168001e-01 5.066454e-01 4.923957e-01 4.758860e-01 4.605783e-01 4.522454e-01 4.537325e-01 4.640084e-01 4.821936e-01 5.073770e-01 5.328294e-01 5.543308e-01 5.670502e-01 5.695304e-01 5.608991e-01 5.473344e-01 5.304527e-01 5.043865e-01 4.783118e-01 4.508644e-01 4.318182e-01 4.194375e-01 4.037482e-01 3.888032e-01 3.769716e-01 3.686511e-01 3.587663e-01 3.441771e-01 3.319956e-01 3.247607e-01 3.164433e-01 3.095806e-01 3.001961e-01 2.849247e-01 2.685756e-01 2.494531e-01 2.289954e-01 2.093898e-01 1.938374e-01 1.827567e-01 1.766315e-01 1.740523e-01 1.704563e-01 1.657443e-01 1.587440e-01 1.451557e-01 1.284227e-01 1.133755e-01 1.002557e-01 8.951624e-02 8.132845e-02 7.622761e-02 7.357419e-02 7.142055e-02 6.894781e-02 6.561579e-02 6.012805e-02 5.051494e-02 4.145365e-02 3.458807e-02 2.922803e-02 2.832277e-02 3.108994e-02 3.811194e-02 4.879833e-02 6.186620e-02 7.055517e-02 7.452031e-02 6.254221e-02 4.777780e-02 2.665482e-02 1.245583e-02 4.400698e-03 1.328020e-03 4.037981e-04 1.277688e-04 5.073653e-05 2.983354e-05 2.099080e-05 1.377155e-05 4.830631e-06 1.277904e-06 2.977375e-07 1.011739e-07 8.994649e-08 1.067212e-06 3.822300e-05 4.051438e-04 4.066937e-05 1.580231e-08 1.391041e-13 9.989646e-21 9.047481e-29 3.729631e-38
9.220026e-08 3.506095e-12 5.930451e-12 7.644538e-10 4.622637e-09 2.411181e-08 1.891602e-06 6.613925e-06 2.802579e-06 6.676898e-06 1.581352e-05 3.983684e-05 8.734434e-05 2.142563e-04 2.643861e-04 4.111252e-04 5.417399e-04 6.717930e-04 8.063784e-04 1.141516e-03 1.298693e-03 1.343942e-03 1.575048e-03 1.851518e-03 1.934080e-03 2.382960e-03 2.509337e-03 3.134992e-03 2.968217e-03 3.676038e-03 3.879736e-03 4.591795e-03 6.086976e-03 5.987376e-03 7.454821e-03 8.161960e-03 9.775938e-03 1.180496e-02 1.253171e-02 1.412064e-02 1.484017e-02 1.732274e-02 1.928778e-02 2.158882e-02 2.441882e-02 2.749487e-02 3.371106e-02 3.742364e-02 4.152914e-02 4.867341e-02 5.106793e-02 5.578406e-02 6.419705e-02 6.689147e-02 6.965903e-02 7.867525e-02 8.506960e-02 8.933794e-02 1.013491e-01 1.076085e-01 1.075016e-01 1.202619e-01 1.361721e-01 1.436124e-01 1.607458e-01 1.852857e-01 1.936074e-01 1.985781e-01 2.181600e-01 2.298872e-01 2.235847e-01 2.264467e-01 2.459381e-01 2.665786e-01 2.849611e-01 3.105307e-01 3.409106e-01 3.591588e-01 3.574370e-01 3.488616e-01 3.459269e-01 3.462587e-01 3.495958e-01 3.637820e-01 3.890137e-01 4.173055e-01 4.441671e-01 4.661287e-01 4.773556e-01 4.790570e-01 4.838878e-01 4.985865e-01 5.204364e-01 5.384548e-01 5.464773e-01 5.473199e-01 5.378007e-01 5.287480e-01 5.285714e-01 5.338119e-01 5.435511e-01 5.480838e-01 5.492135e-01 5.458996e-01 5.443870e-01 5.482978e-01 5.446481e-01 5.421414e-01 5.300278e-01 5.118507e-01 4.934827e-01 4.732966e-01 4.615404e-01 4.513117e-01 4.329324e-01 4.111778e-01 3.951896e-01 3.899467e-01 3.894799e-01 3.874270e-01 3.858346e-01 3.839141e-01 3.767090e-01 3.651567e-01 3.449021e-01 3.164048e-01 2.873443e-01 2.606381e-01 2.393096e-01 2.255472e-01 2.182406e-01 2.144244e-01 2.106025e-01 2.011771e-01 1.848927e-01 1.674190e-01 1.501805e-01 1.342699e-01 1.228745e-01 1.159207e-01 1.113008e-01 1.060810e-01 9.961431e-02 9.336607e-02 8.483216e-02 7.450285e-02 6.401867e-02 5.514247e-02 4.673978e-02 4.043537e-02 3.893679e-02 3.978765e-02 4.331362e-02 5.172265e-02 6.073308e-02 6.805705e-02 7.330939e-02 7.000290e-02 5.932445e-02 4.566548e-02 2.711865e-02 1.612712e-02 7.584719e-03 4.134100e-03 2.321359e-03 1.478171e-03 1.033134e-03 7.132439e-04 4.256363e-04 1.760742e-04 3.594341e-05 6.501296e-06 1.340160e-06 5.369088e-07 1.524976e-07 7.651037e-08 9.750767e-08 1.022691e-06 7.675776e-06 2.752892e-06 3.663009e-09 1.978925e-14 9.529373e-22 1.181931e-30 2.169448e-40
3.131717e-05 1.871708e-12 4.229230e-09 2.162133e-09 8.894174e-09 7.787376e-08 1.209561e-07 4.473489e-07 4.247410e-06 1.996787e-05 4.926512e-05 6.239757e-05 7.171718e-05 1.311852e-04 1.586584e-04 2.383669e-04 5.014188e-04 6.465788e-04 8.852240e-04 9.964496e-04 1.405369e-03 1.398177e-03 1.619661e-03 1.612630e-03 2.107286e-03 2.627606e-03 3.202425e-03 3.481181e-03 3.810824e-03 4.338491e-03 5.003917e-03 5.536044e-03 5.481671e-03 7.112454e-03 7.778787e-03 8.849746e-03 1.050845e-02 1.085680e-02 1.239312e-02 1.294889e-02 1.426386e-02 1.739338e-02 1.922080e-02 2.178379e-02 2.543549e-02 2.794074e-02 2.981509e-02 3.435902e-02 3.919345e-02 4.225520e-02 4.783290e-02 5.303906e-02 5.517977e-02 6.246113e-02 7.076971e-02 7.690521e-02 8.476184e-02 8.876058e-02 9.233175e-02 1.042197e-01 1.201325e-01 1.330962e-01 1.467644e-01 1.623522e-01 1.719030e-01 1.756043e-01 1.814115e-01 1.941169e-01 2.100808e-01 2.244343e-01 2.420631e-01 2.675858e-01 2.907440e-01 2.994241e-01 3.017496e-01 3.132421e-01 3.334296e-01 3.529463e-01 3.681259e-01 3.769347e-01 3.785142e-01 3.777549e-01 3.800651e-01 3.849516e-01 3.956811e-01 4.171219e-01 4.476388e-01 4.759954e-01 4.934458e-01 5.041690e-01 5.150034e-01 5.249197e-01 5.310825e-01 5.325775e-01 5.317385e-01 5.341154e-01 5.365971e-01 5.359458e-01 5.384001e-01 5.413718e-01 5.439695e-01 5.410210e-01 5.345284e-01 5.350665e-01 5.372121e-01 5.479529e-01 5.616378e-01 5.707295e-01 5.736718e-01 5.638677e-01 5.450902e-01 5.283831e-01 5.136306e-01 5.078092e-01 5.054163e-01 4.943579e-01 4.806557e-01 4.717002e-01 4.691776e-01 4.682027e-01 4.593285e-01 4.446451e-01 4.227834e-01 3.900151e-01 3.548721e-01 3.205210e-01 2.916712e-01 2.742382e-01 2.644114e-01 2.583749e-01 2.513843e-01 2.394023e-01 2.219501e-01 2.000749e-01 1.762449e-01 1.574563e-01 1.463784e-01 1.393951e-01 1.345112e-01 1.299466e-01 1.246106e-01 1.173460e-01 1.075655e-01 9.925071e-02 9.251186e-02 8.664754e-02 8.232363e-02 8.045415e-02 7.951782e-02 7.723489e-02 7.570947e-02 7.598022e-02 7.409159e-02 7.177912e-02 6.813636e-02 6.168041e-02 5.077562e-02 4.174586e-02 2.832456e-02 2.011592e-02 1.279416e-02 8.808766e-03 6.188238e-03 4.847351e-03 3.670911e-03 2.847661e-03 1.611718e-03 8.110213e-04 2.243424e-04 5.061171e-05 7.707766e-06 2.051421e-06 8.907772e-07 4.817389e-07 1.747280e-07 2.553702e-08 1.044791e-08 3.496620e-08 5.759612e-07 1.028830e-06 3.269637e-09 1.007176e-14 3.961586e-22 2.087361e-31 6.282582e-41
3.745493e-10 2.927865e-11 8.266503e-10 3.212012e-09 2.290157e-07 2.363124e-07 1.864524e-06 2.325134e-06 8.403586e-06 2.045874e-05 3.309806e-05 3.061808e-05 1.332654e-04 2.180675e-04 1.664885e-04 1.754898e-04 3.372625e-04 5.395795e-04 6.578417e-04 9.131621e-04 9.245147e-04 1.186174e-03 1.146459e-03 1.534337e-03 1.890826e-03 2.414654e-03 2.968827e-03 3.483780e-03 5.058493e-03 4.931564e-03 6.003518e-03 5.170436e-03 5.911017e-03 6.372988e-03 7.200025e-03 8.586239e-03 8.707954e-03 1.068826e-02 1.186703e-02 1.400479e-02 1.737912e-02 1.652878e-02 1.936988e-02 2.186900e-02 2.268158e-02 2.650786e-02 2.853804e-02 3.215162e-02 3.676088e-02 4.027117e-02 4.712556e-02 5.172369e-02 5.749349e-02 6.750773e-02 7.314488e-02 7.595075e-02 8.090542e-02 8.713743e-02 9.154839e-02 9.897164e-02 1.150670e-01 1.301043e-01 1.414721e-01 1.544599e-01 1.594076e-01 1.597321e-01 1.700162e-01 1.887256e-01 2.099681e-01 2.360888e-01 2.625310e-01 2.727765e-01 2.726485e-01 2.855279e-01 3.117984e-01 3.305667e-01 3.385446e-01 3.468255e-01 3.570129e-01 3.660266e-01 3.761098e-01 3.892252e-01 4.047435e-01 4.186509e-01 4.333664e-01 4.568257e-01 4.913672e-01 5.292438e-01 5.613999e-01 5.823314e-01 5.909248e-01 5.887402e-01 5.847541e-01 5.875247e-01 5.984076e-01 6.138927e-01 6.314490e-01 6.444159e-01 6.466656e-01 6.370778e-01 6.235228e-01 6.106140e-01 5.996362e-01 5.884366e-01 5.832114e-01 5.780539e-01 5.756343e-01 5.800668e-01 5.805767e-01 5.855900e-01 5.836948e-01 5.738222e-01 5.641928e-01 5.509143e-01 5.439737e-01 5.367852e-01 5.190228e-01 5.037891e-01 4.952461e-01 4.930746e-01 4.866059e-01 4.627336e-01 4.317796e-01 3.996365e-01 3.721243e-01 3.553021e-01 3.414086e-01 3.293748e-01 3.172616e-01 3.010001e-01 2.792629e-01 2.542917e-01 2.306463e-01 2.123905e-01 1.970277e-01 1.846977e-01 1.761365e-01 1.686800e-01 1.587918e-01 1.480372e-01 1.381885e-01 1.311605e-01 1.231943e-01 1.150368e-01 1.096601e-01 1.038569e-01 9.841908e-02 9.396712e-02 8.942908e-02 8.269214e-02 7.453191e-02 6.725705e-02 5.947765e-02 4.998929e-02 3.980497e-02 3.050475e-02 2.069591e-02 1.386032e-02 9.031639e-03 6.016921e-03 4.655951e-03 3.685013e-03 3.182893e-03 2.746379e-03 2.164697e-03 1.708712e-03 1.068697e-03 5.299820e-04 2.218975e-04 6.365219e-05 2.066092e-05 4.866406e-06 1.372798e-06 3.099433e-07 4.762711e-08 3.207174e-09 2.794491e-10 1.659332e-10 1.101497e-09 9.919783e-10 2.001871e-12 4.297408e-18 4.742357e-26 6.063182e-35 4.203895e-45
3.612863e-05 5.115597e-14 5.369146e-11 1.174811e-07 2.996827e-07 1.694286e-05 3.019160e-06 2.172208e-06 1.609959e-06 3.068731e-06 1.640969e-06 8.763430e-06 3.181186e-05 1.097046e-04 1.279652e-04 2.221387e-04 1.880288e-04 2.622270e-04 4.323325e-04 6.572155e-04 8.618608e-04 8.207259e-04 1.366639e-03 1.529934e-03 1.886670e-03 2.031568e-03 2.357926e-03 3.379833e-03 3.496307e-03 4.183613e-03 3.878773e-03 4.720733e-03 5.231437e-03 6.033387e-03 7.767209e-03 7.899749e-03 1.146495e-02 1.105447e-02 1.401488e-02 1.635189e-02 1.593252e-02 2.028991e-02 1.991901e-02 2.094861e-02 2.395478e-02 2.402777e-02 3.004743e-02 3.112113e-02 3.352892e-02 4.029615e-02 4.336104e-02 5.234740e-02 6.134499e-02 6.112848e-02 6.652980e-02 7.589919e-02 8.047788e-02 8.881605e-02 1.038677e-01 1.125882e-01 1.134176e-01 1.243822e-01 1.401397e-01 1.426843e-01 1.461386e-01 1.664854e-01 1.883140e-01 1.934602e-01 1.969806e-01 2.119108e-01 2.301812e-01 2.421757e-01 2.535641e-01 2.713291e-01 2.903150e-01 3.039014e-01 3.143034e-01 3.273551e-01 3.433498e-01 3.624842e-01 3.912254e-01 4.248143e-01 4.510312e-01 4.710872e-01 4.880559e-01 4.939562e-01 4.861851e-01 4.864016e-01 5.151136e-01 5.656502e-01 6.171997e-01 6.589957e-01 6.926905e-01 7.184715e-01 7.375182e-01 7.517288e-01 7.610317e-01 7.666199e-01 7.683626e-01 7.584265e-01 7.493110e-01 7.361429e-01 7.251292e-01 7.079484e-01 6.889786e-01 6.722091e-01 6.503593e-01 6.361369e-01 6.294092e-01 6.286989e-01 6.365114e-01 6.294692e-01 6.122851e-01 5.956412e-01 5.807216e-01 5.772343e-01 5.695658e-01 5.476769e-01 5.171643e-01 4.828977e-01 4.544136e-01 4.282483e-01 4.012109e-01 3.809499e-01 3.653798e-01 3.528903e-01 3.419597e-01 3.244763e-01 3.030798e-01 2.810271e-01 2.589481e-01 2.381645e-01 2.220497e-01 2.130884e-01 2.062934e-01 1.970764e-01 1.861305e-01 1.764246e-01 1.671795e-01 1.575483e-01 1.477929e-01 1.380014e-01 1.276947e-01 1.138983e-01 1.025065e-01 9.375895e-02 8.444280e-02 7.639515e-02 6.976882e-02 6.197278e-02 5.425085e-02 4.739974e-02 4.017901e-02 3.223329e-02 2.437286e-02 1.766047e-02 1.299789e-02 9.326701e-03 7.323892e-03 5.945259e-03 5.358023e-03 5.437118e-03 5.850202e-03 6.600135e-03 8.210643e-03 7.694197e-03 6.837481e-03 3.259695e-03 1.228148e-03 2.687234e-04 3.310446e-05 3.037672e-06 2.338233e-07 2.776615e-08 2.870168e-09 1.262200e-10 2.956744e-12 2.670292e-13 1.477812e-13 1.092974e-13 4.500889e-16 3.828538e-21 2.629631e-28 2.817931e-37 0.000000e+00
2.878618e-09 3.353158e-14 2.852264e-10 2.505144e-10 1.144861e-07 2.718560e-08 1.650854e-07 7.292353e-08 5.380001e-07 3.922658e-07 3.150678e-06 5.204477e-06 3.483716e-05 3.513135e-05 1.245406e-04 9.668073e-05 1.933817e-04 2.525986e-04 3.772776e-04 4.926804e-04 6.297056e-04 1.133198e-03 1.190264e-03 1.998998e-03 1.999972e-03 2.856282e-03 3.231097e-03 3.292357e-03 3.621534e-03 3.304108e-03 4.506003e-03 4.701977e-03 5.553120e-03 6.743602e-03 7.035246e-03 9.524363e-03 9.931513e-03 1.307908e-02 1.441594e-02 1.401542e-02 1.634680e-02 1.603767e-02 1.884230e-02 2.146688e-02 2.358057e-02 2.733567e-02 2.788500e-02 3.066869e-02 3.383885e-02 3.675338e-02 4.317444e-02 5.037691e-02 6.065565e-02 7.019579e-02 7.607266e-02 8.432584e-02 9.267364e-02 1.054373e-01 1.115657e-01 1.157220e-01 1.313911e-01 1.301309e-01 1.220280e-01 1.447905e-01 1.788891e-01 1.852189e-01 1.875135e-01 2.020819e-01 2.166658e-01 2.244350e-01 2.229957e-01 2.342848e-01 2.820122e-01 3.213912e-01 3.151937e-01 3.245361e-01 3.668085e-01 3.926948e-01 3.974687e-01 4.111573e-01 4.417307e-01 4.838772e-01 5.383530e-01 5.926353e-01 6.238037e-01 6.252461e-01 6.029214e-01 5.655597e-01 5.340888e-01 5.314398e-01 5.631804e-01 6.144399e-01 6.683221e-01 7.171628e-01 7.587978e-01 7.900384e-01 8.044611e-01 8.040407e-01 8.039398e-01 8.019249e-01 7.994093e-01 7.843155e-01 7.634271e-01 7.478923e-01 7.384111e-01 7.366441e-01 7.341336e-01 7.237258e-01 7.096973e-01 6.942824e-01 6.795732e-01 6.730198e-01 6.577525e-01 6.449455e-01 6.394069e-01 6.335975e-01 6.274579e-01 6.028553e-01 5.626083e-01 5.206891e-01 4.850021e-01 4.598958e-01 4.353344e-01 4.123123e-01 3.960042e-01 3.800669e-01 3.622409e-01 3.413458e-01 3.140880e-01 2.878434e-01 2.671781e-01 2.487296e-01 2.308961e-01 2.161724e-01 2.050635e-01 1.941333e-01 1.824125e-01 1.729865e-01 1.656106e-01 1.564194e-01 1.451827e-01 1.329308e-01 1.226050e-01 1.116547e-01 1.006395e-01 9.335145e-02 8.631456e-02 7.758641e-02 7.005205e-02 6.348632e-02 5.577849e-02 4.954931e-02 4.503383e-02 3.895214e-02 3.414517e-02 3.054707e-02 2.745314e-02 2.661401e-02 2.557489e-02 2.424764e-02 2.608586e-02 2.611243e-02 3.134924e-02 3.479194e-02 3.438354e-02 2.635159e-02 1.066642e-02 2.888951e-03 4.683310e-04 4.990868e-05 4.003769e-06 2.425742e-07 2.212026e-08 2.417333e-09 2.102705e-10 4.237618e-12 2.974028e-14 2.350492e-16 3.329624e-17 1.914735e-17 1.026469e-18 1.320143e-22 2.262156e-29 5.469893e-38 0.000000e+00
1.202687e-05 2.692314e-13 6.458827e-14 2.813707e-11 1.917148e-10 1.097419e-09 1.891362e-08 1.322139e-07 1.902498e-06 1.011665e-05 6.019918e-06 2.631781e-05 3.794687e-05 7.457501e-05 7.222281e-05 1.447202e-04 1.922703e-04 4.214979e-04 4.764246e-04 7.174427e-04 1.059056e-03 1.145218e-03 1.439882e-03 1.368359e-03 2.116873e-03 2.503170e-03 2.849164e-03 3.062255e-03 3.244297e-03 4.170102e-03 4.196575e-03 5.177892e-03 5.557355e-03 6.637731e-03 8.035325e-03 8.512650e-03 1.076715e-02 1.136579e-02 1.266402e-02 1.500394e-02 1.511521e-02 1.767750e-02 1.914516e-02 2.112458e-02 2.486204e-02 2.685620e-02 3.049826e-02 3.824539e-02 4.187708e-02 4.384200e-02 5.318848e-02 5.624964e-02 5.520715e-02 7.265411e-02 8.477137e-02 8.736949e-02 1.129975e-01 1.194161e-01 1.250654e-01 1.509991e-01 1.396500e-01 1.472027e-01 1.908162e-01 1.769428e-01 1.688704e-01 2.182439e-01 2.306070e-01 2.351775e-01 2.731722e-01 2.805730e-01 2.929404e-01 3.359990e-01 3.319576e-01 3.160956e-01 3.547863e-01 3.857879e-01 3.707437e-01 3.696490e-01 4.064174e-01 4.454211e-01 4.762357e-01 5.074390e-01 5.260104e-01 5.303771e-01 5.633323e-01 6.429465e-01 7.221158e-01 7.522135e-01 7.392566e-01 7.113984e-01 6.812891e-01 6.555724e-01 6.498858e-01 6.737267e-01 7.185525e-01 7.613600e-01 7.893680e-01 8.052271e-01 8.135532e-01 8.066618e-01 7.920434e-01 7.772925e-01 7.597594e-01 7.384491e-01 7.219201e-01 7.185752e-01 7.236502e-01 7.213300e-01 6.956617e-01 6.739333e-01 6.647728e-01 6.707669e-01 6.825131e-01 6.767749e-01 6.644638e-01 6.489336e-01 6.268638e-01 6.000983e-01 5.603541e-01 5.132238e-01 4.710160e-01 4.404185e-01 4.218818e-01 4.046586e-01 3.879628e-01 3.707047e-01 3.466789e-01 3.201197e-01 2.933165e-01 2.673338e-01 2.491391e-01 2.387040e-01 2.285935e-01 2.198843e-01 2.146472e-01 2.109188e-01 2.046539e-01 1.944703e-01 1.824071e-01 1.680518e-01 1.517605e-01 1.357677e-01 1.237791e-01 1.144284e-01 1.039416e-01 9.597096e-02 9.055543e-02 8.496540e-02 8.071271e-02 7.873465e-02 7.909299e-02 8.008441e-02 8.141786e-02 8.525059e-02 8.365270e-02 8.274233e-02 8.316951e-02 7.669152e-02 7.483011e-02 7.071417e-02 6.438621e-02 6.569988e-02 5.566564e-02 4.617121e-02 2.836294e-02 1.151096e-02 2.975116e-03 4.712069e-04 5.910039e-05 6.913184e-06 6.843526e-07 9.455991e-08 1.135815e-08 1.657963e-09 8.202440e-11 1.006289e-12 2.642043e-15 1.073221e-17 5.005482e-19 2.718963e-19 3.809781e-20 1.227274e-23 3.287328e-30 1.683747e-39 0.000000e+00
1.150927e-05 3.933918e-20 3.562030e-13 2.781974e-12 1.085817e-10 1.157240e-09 5.386535e-07 4.081434e-06 2.221318e-05 1.383205e-05 1.884150e-05 6.372480e-05 1.834413e-04 1.108036e-04 2.075923e-04 3.496697e-04 5.531085e-04 6.531081e-04 9.397299e-04 1.226523e-03 1.558265e-03 1.665338e-03 1.871566e-03 2.423967e-03 2.467339e-03 2.672516e-03 3.092045e-03 3.523156e-03 4.583129e-03 5.111138e-03 6.315835e-03 6.653570e-03 7.327958e-03 7.762877e-03 8.794246e-03 1.019953e-02 1.043284e-02 1.160887e-02 1.213855e-02 1.354567e-02 1.611203e-02 1.786238e-02 2.041110e-02 2.390254e-02 2.546998e-02 3.294602e-02 3.870284e-02 3.883207e-02 4.911979e-02 5.803962e-02 5.661629e-02 6.375334e-02 7.034633e-02 6.844974e-02 8.278602e-02 1.040418e-01 1.040371e-01 1.130880e-01 1.242566e-01 1.323653e-01 1.534034e-01 1.604454e-01 1.667388e-01 1.976666e-01 2.050382e-01 1.987908e-01 2.358969e-01 2.717371e-01 2.670643e-01 3.019786e-01 3.435582e-01 3.316315e-01 3.463435e-01 3.853857e-01 3.780836e-01 3.746822e-01 4.245719e-01 4.559489e-01 4.450369e-01 4.686158e-01 5.276440e-01 5.681548e-01 5.975479e-01 6.413949e-01 6.725212e-01 6.709352e-01 6.715075e-01 6.982372e-01 7.282434e-01 7.367365e-01 7.341883e-01 7.404393e-01 7.515177e-01 7.499709e-01 7.351749e-01 7.232949e-01 7.193293e-01 7.176684e-01 7.166957e-01 7.210273e-01 7.360667e-01 7.549194e-01 7.704293e-01 7.689027e-01 7.497731e-01 7.256634e-01 7.033269e-01 6.981170e-01 6.865892e-01 6.674258e-01 6.560213e-01 6.546367e-01 6.664835e-01 6.686848e-01 6.448835e-01 6.079964e-01 5.731910e-01 5.453864e-01 5.232352e-01 4.984310e-01 4.704368e-01 4.458347e-01 4.265287e-01 4.090729e-01 3.857515e-01 3.602529e-01 3.360510e-01 3.122061e-01 2.944071e-01 2.792503e-01 2.649090e-01 2.562338e-01 2.484025e-01 2.349979e-01 2.201746e-01 2.036266e-01 1.856216e-01 1.664963e-01 1.494612e-01 1.373122e-01 1.293139e-01 1.229198e-01 1.186843e-01 1.192732e-01 1.178159e-01 1.143541e-01 1.136236e-01 1.111283e-01 1.076361e-01 1.077431e-01 1.093327e-01 1.111533e-01 1.091673e-01 1.044223e-01 9.895435e-02 9.036277e-02 8.316369e-02 7.890514e-02 7.098645e-02 6.821396e-02 6.158624e-02 5.082633e-02 3.880028e-02 2.419059e-02 1.193254e-02 4.794952e-03 1.290477e-03 2.949767e-04 5.711351e-05 1.149188e-05 2.929245e-06 6.965250e-07 1.902822e-07 2.743681e-08 1.972336e-09 2.565828e-11 7.779811e-14 1.855657e-16 1.651030e-18 7.668878e-20 1.341080e-21 3.199795e-25 5.201221e-32 5.784140e-41 0.000000e+00
4.819273e-10 3.321192e-14 5.462144e-12 4.189885e-10 5.353281e-08 2.234678e-07 1.819801e-05 3.199028e-05 1.424193e-05 2.565260e-05 4.393292e-05 1.446292e-04 2.702439e-04 2.914985e-04 3.133486e-04 5.247137e-04 6.625504e-04 1.061196e-03 1.169487e-03 1.371767e-03 1.366095e-03 1.733631e-03 2.020782e-03 2.481590e-03 2.504854e-03 2.833701e-03 3.035985e-03 4.045154e-03 4.579631e-03 5.438219e-03 6.196693e-03 7.014126e-03 8.597256e-03 8.090897e-03 9.215862e-03 9.509027e-03 1.011744e-02 1.109909e-02 1.161597e-02 1.285355e-02 1.364484e-02 1.644697e-02 1.899835e-02 2.288126e-02 2.921877e-02 2.959407e-02 3.422644e-02 4.143775e-02 4.318557e-02 5.119145e-02 5.760686e-02 6.082210e-02 7.468158e-02 8.568027e-02 8.711534e-02 9.461635e-02 1.082051e-01 1.194308e-01 1.313395e-01 1.441937e-01 1.540954e-01 1.736433e-01 1.922975e-01 1.942351e-01 2.201726e-01 2.470935e-01 2.369704e-01 2.493552e-01 2.937135e-01 3.059018e-01 3.085498e-01 3.457999e-01 3.582078e-01 3.417880e-01 3.648010e-01 3.964578e-01 3.902619e-01 4.039738e-01 4.578018e-01 4.879905e-01 4.871998e-01 5.090315e-01 5.503126e-01 5.762619e-01 5.885229e-01 5.953470e-01 5.935602e-01 5.966866e-01 6.260539e-01 6.728372e-01 7.054269e-01 7.145112e-01 7.164590e-01 7.187397e-01 7.129992e-01 6.943542e-01 6.706955e-01 6.536917e-01 6.494073e-01 6.537657e-01 6.717709e-01 6.989655e-01 7.349553e-01 7.668525e-01 7.708812e-01 7.543318e-01 7.222655e-01 6.905912e-01 6.682079e-01 6.480272e-01 6.376361e-01 6.358607e-01 6.334372e-01 6.289082e-01 6.148179e-01 5.861051e-01 5.562221e-01 5.335370e-01 5.188206e-01 5.094805e-01 4.963083e-01 4.743929e-01 4.480804e-01 4.218367e-01 3.960563e-01 3.710580e-01 3.506509e-01 3.340730e-01 3.184543e-01 3.057464e-01 2.893740e-01 2.734545e-01 2.609551e-01 2.433225e-01 2.229390e-01 2.050806e-01 1.898377e-01 1.778546e-01 1.684748e-01 1.639482e-01 1.617984e-01 1.581440e-01 1.489465e-01 1.379827e-01 1.265470e-01 1.120132e-01 9.948975e-02 9.095889e-02 8.205249e-02 7.537757e-02 7.276321e-02 6.791919e-02 6.247645e-02 5.816614e-02 5.332094e-02 4.932151e-02 4.591205e-02 4.110062e-02 3.635912e-02 3.044898e-02 2.362080e-02 1.796268e-02 1.298904e-02 9.195696e-03 6.596046e-03 3.870026e-03 2.166625e-03 8.629333e-04 3.657725e-04 1.668062e-04 8.204333e-05 4.406258e-05 1.774363e-05 5.598017e-06 5.854707e-07 1.169306e-08 2.599322e-11 1.444831e-14 7.113143e-18 6.201820e-21 1.322623e-23 2.172828e-27 2.460481e-33 9.828707e-42 0.000000e+00
6.814502e-05 1.016804e-11 1.357886e-08 1.979980e-06 9.211060e-06 1.447298e-05 9.359376e-05 1.401128e-04 1.862548e-04 1.248146e-04 2.526100e-04 3.810889e-04 8.125819e-04 3.311491e-04 5.197775e-04 8.177967e-04 1.015531e-03 8.426263e-04 1.074557e-03 1.294283e-03 1.939074e-03 2.018897e-03 2.285559e-03 2.143019e-03 2.500789e-03 2.769177e-03 3.364853e-03 3.492365e-03 4.325086e-03 4.930315e-03 5.761058e-03 7.177318e-03 8.053254e-03 1.100197e-02 1.055746e-02 1.114283e-02 1.168094e-02 1.185591e-02 1.279885e-02 1.357804e-02 1.582963e-02 1.808118e-02 2.181328e-02 2.371348e-02 2.507627e-02 3.045450e-02 3.431060e-02 4.143521e-02 4.671100e-02 4.420593e-02 5.252926e-02 6.522981e-02 6.684102e-02 7.836028e-02 9.402824e-02 9.550504e-02 1.038409e-01 1.265976e-01 1.425209e-01 1.521165e-01 1.739909e-01 1.921205e-01 1.982326e-01 2.146209e-01 2.267946e-01 2.269538e-01 2.445257e-01 2.570623e-01 2.576662e-01 2.832478e-01 3.173589e-01 3.265095e-01 3.479486e-01 3.922303e-01 4.082287e-01 4.060268e-01 4.241512e-01 4.364495e-01 4.304055e-01 4.355827e-01 4.505464e-01 4.526037e-01 4.461602e-01 4.460430e-01 4.554373e-01 4.776855e-01 5.218626e-01 5.827481e-01 6.438414e-01 6.987600e-01 7.495044e-01 7.817263e-01 7.792498e-01 7.495518e-01 7.180073e-01 6.952462e-01 6.754785e-01 6.496570e-01 6.235517e-01 6.042812e-01 6.007571e-01 6.088471e-01 6.265941e-01 6.559914e-01 6.876516e-01 6.900988e-01 6.643486e-01 6.301904e-01 6.062670e-01 5.985222e-01 5.885814e-01 5.765219e-01 5.670067e-01 5.553193e-01 5.429327e-01 5.229247e-01 4.992379e-01 4.864131e-01 4.837291e-01 4.800296e-01 4.713833e-01 4.535622e-01 4.324307e-01 4.157136e-01 4.025463e-01 3.905722e-01 3.770329e-01 3.639784e-01 3.490883e-01 3.334627e-01 3.154060e-01 2.924870e-01 2.742437e-01 2.571026e-01 2.373023e-01 2.204596e-01 2.072563e-01 1.987714e-01 1.918206e-01 1.836350e-01 1.774153e-01 1.685809e-01 1.528625e-01 1.365492e-01 1.243858e-01 1.114577e-01 9.874456e-02 8.788854e-02 7.590732e-02 6.452266e-02 5.566196e-02 4.785246e-02 4.235134e-02 3.813595e-02 3.520429e-02 3.175140e-02 2.562543e-02 2.012299e-02 1.528704e-02 1.158996e-02 1.021093e-02 8.957491e-03 8.957658e-03 8.867730e-03 8.787653e-03 8.612338e-03 7.043215e-03 5.809058e-03 4.844931e-03 4.447439e-03 4.181912e-03 3.248432e-03 2.587179e-03 1.099914e-03 1.459932e-04 2.025130e-06 2.001297e-09 2.132195e-13 8.515945e-18 8.442325e-22 5.398405e-25 1.359015e-28 5.872064e-34 8.737096e-42 0.000000e+00
1.393165e-10 9.810290e-10 7.037777e-05 2.417975e-04 3.138167e-04 1.390923e-04 2.748944e-04 7.194297e-04 2.347235e-04 2.632858e-04 9.062076e-04 1.034112e-03 8.833650e-04 8.176945e-04 7.364773e-04 9.559364e-04 8.581263e-04 1.098557e-03 1.047846e-03 1.255149e-03 1.335502e-03 1.612825e-03 1.753855e-03 2.176716e-03 2.563103e-03 3.047170e-03 3.152733e-03 3.672656e-03 3.617124e-03 4.499933e-03 4.681543e-03 5.777345e-03 7.317429e-03 7.433763e-03 9.615173e-03 1.045883e-02 1.173384e-02 1.366652e-02 1.562841e-02 1.881479e-02 2.066764e-02 2.219332e-02 2.383487e-02 2.612446e-02 3.016931e-02 3.473357e-02 3.884193e-02 4.005751e-02 4.442397e-02 5.545342e-02 5.982807e-02 6.254479e-02 7.436217e-02 7.924160e-02 8.254504e-02 1.047780e-01 1.221569e-01 1.260494e-01 1.427233e-01 1.686407e-01 1.750444e-01 1.771316e-01 2.018412e-01 2.290505e-01 2.374070e-01 2.547759e-01 2.833146e-01 2.940659e-01 2.920619e-01 2.993726e-01 3.221451e-01 3.545671e-01 3.841091e-01 4.097736e-01 4.345061e-01 4.509733e-01 4.633361e-01 4.808148e-01 4.888534e-01 4.745279e-01 4.509006e-01 4.334188e-01 4.268354e-01 4.337798e-01 4.585417e-01 4.931776e-01 5.289024e-01 5.719917e-01 6.258532e-01 6.682897e-01 6.818413e-01 6.783263e-01 6.773762e-01 6.862567e-01 7.052562e-01 7.341146e-01 7.643932e-01 7.802492e-01 7.717817e-01 7.319475e-01 6.744782e-01 6.143756e-01 5.749450e-01 5.588870e-01 5.712625e-01 5.978043e-01 6.081027e-01 6.087006e-01 5.999627e-01 5.985368e-01 6.000621e-01 5.850907e-01 5.594221e-01 5.338412e-01 5.193380e-01 5.207266e-01 5.237344e-01 5.172929e-01 5.079360e-01 4.972975e-01 4.835564e-01 4.681258e-01 4.481718e-01 4.291824e-01 4.128440e-01 3.956399e-01 3.769776e-01 3.592499e-01 3.448566e-01 3.334787e-01 3.229630e-01 3.060626e-01 2.887759e-01 2.765437e-01 2.637531e-01 2.515188e-01 2.422426e-01 2.346348e-01 2.259781e-01 2.102366e-01 1.908694e-01 1.733713e-01 1.552621e-01 1.360843e-01 1.209057e-01 1.064407e-01 8.913215e-02 7.433571e-02 6.405221e-02 5.668695e-02 5.335821e-02 5.431994e-02 5.600610e-02 5.892777e-02 6.063568e-02 5.623761e-02 4.802967e-02 3.910412e-02 3.272253e-02 3.051512e-02 3.081154e-02 3.400761e-02 3.613961e-02 3.800835e-02 3.929171e-02 3.965465e-02 4.054672e-02 4.078290e-02 4.332960e-02 4.677254e-02 4.315573e-02 3.659709e-02 2.286087e-02 8.161888e-03 6.410140e-04 6.137900e-06 3.761074e-09 2.464616e-13 3.678906e-18 1.816099e-22 3.571300e-26 6.034449e-30 2.623741e-35 5.465064e-43 0.000000e+00
1.802478e-05 1.672833e-07 3.414128e-04 4.632655e-05 4.204495e-05 1.033982e-04 3.692345e-04 3.520391e-04 2.190588e-04 3.811457e-04 1.566847e-03 5.926857e-04 6.459155e-04 1.002184e-03 1.253925e-03 9.536535e-04 7.452961e-04 7.081450e-04 8.327537e-04 8.635601e-04 1.116229e-03 1.203557e-03 1.739509e-03 2.169434e-03 2.600997e-03 2.663366e-03 3.023760e-03 3.462469e-03 4.018351e-03 4.217682e-03 4.981307e-03 5.255786e-03 5.472002e-03 7.071848e-03 7.902003e-03 1.090529e-02 1.313060e-02 1.582758e-02 1.968759e-02 2.124433e-02 2.459500e-02 2.675690e-02 2.795115e-02 3.469938e-02 3.709292e-02 3.949957e-02 4.322799e-02 4.479151e-02 5.274681e-02 6.148545e-02 6.863951e-02 7.324284e-02 7.570072e-02 8.404539e-02 9.214584e-02 9.763264e-02 1.106194e-01 1.290706e-01 1.426327e-01 1.532146e-01 1.653712e-01 1.827298e-01 2.029514e-01 2.140124e-01 2.397779e-01 2.816349e-01 2.882428e-01 2.948910e-01 3.397607e-01 3.605027e-01 3.515716e-01 3.733992e-01 3.978033e-01 3.918211e-01 4.031229e-01 4.553546e-01 5.078076e-01 5.424942e-01 5.820369e-01 6.287901e-01 6.643655e-01 6.833522e-01 6.923206e-01 6.852264e-01 6.810222e-01 7.006916e-01 7.258081e-01 7.224401e-01 6.978276e-01 6.819763e-01 6.877376e-01 7.090023e-01 7.380099e-01 7.704747e-01 7.991405e-01 8.205690e-01 8.432330e-01 8.664417e-01 8.771486e-01 8.599448e-01 8.235607e-01 7.743421e-01 7.281959e-01 6.937222e-01 6.747655e-01 6.879078e-01 7.144107e-01 7.300310e-01 7.276303e-01 7.105998e-01 6.903817e-01 6.648024e-01 6.248201e-01 5.848281e-01 5.547093e-01 5.370162e-01 5.296416e-01 5.183383e-01 5.022888e-01 4.884609e-01 4.783638e-01 4.680535e-01 4.563667e-01 4.405066e-01 4.252576e-01 4.136963e-01 3.993596e-01 3.838632e-01 3.662203e-01 3.485364e-01 3.312661e-01 3.108821e-01 2.888680e-01 2.739769e-01 2.641367e-01 2.556526e-01 2.461063e-01 2.349583e-01 2.215303e-01 2.037229e-01 1.836695e-01 1.684508e-01 1.572571e-01 1.432917e-01 1.295542e-01 1.189951e-01 1.080924e-01 9.984119e-02 9.814604e-02 9.920589e-02 9.689537e-02 9.300166e-02 8.400905e-02 6.903369e-02 5.628547e-02 4.486678e-02 3.583850e-02 3.178727e-02 3.074130e-02 3.277955e-02 3.751616e-02 4.179106e-02 4.615810e-02 4.819474e-02 4.817483e-02 4.900731e-02 4.441398e-02 4.009086e-02 3.181056e-02 2.592150e-02 2.070620e-02 1.673934e-02 1.052482e-02 3.426444e-03 2.887109e-04 2.931207e-06 2.097292e-09 7.634134e-14 6.225686e-19 5.328073e-24 1.596340e-28 1.668467e-33 3.333078e-39 0.000000e+00 0.000000e+00
5.974420e-05 9.704819e-10 3.487018e-05 1.882607e-04 2.852353e-04 2.790549e-04 4.275978e-04 5.597342e-04 3.658306e-04 2.525582e-04 4.224486e-04 4.728940e-04 8.698732e-04 8.407476e-04 7.896940e-04 7.530576e-04 7.652548e-04 6.391925e-04 7.165792e-04 9.417626e-04 1.072140e-03 1.542646e-03 1.727342e-03 2.195726e-03 2.546408e-03 2.931513e-03 3.324421e-03 3.209857e-03 3.604386e-03 4.057649e-03 4.496128e-03 5.250363e-03 6.283340e-03 7.511226e-03 9.392621e-03 1.025002e-02 1.291737e-02 1.597913e-02 1.881598e-02 2.484184e-02 2.768434e-02 3.583246e-02 4.176640e-02 4.015122e-02 4.739093e-02 4.793498e-02 5.055904e-02 6.435821e-02 6.508368e-02 6.693835e-02 7.584134e-02 8.451226e-02 9.226791e-02 9.705915e-02 1.074843e-01 1.143501e-01 1.091217e-01 1.192576e-01 1.281106e-01 1.264765e-01 1.532886e-01 1.857708e-01 1.913583e-01 2.136881e-01 2.410955e-01 2.404969e-01 2.581604e-01 2.929189e-01 2.999283e-01 3.271995e-01 3.824954e-01 3.987105e-01 4.073600e-01 4.511465e-01 4.900958e-01 5.079842e-01 5.293751e-01 5.526805e-01 5.802339e-01 6.253358e-01 6.876534e-01 7.527221e-01 8.085762e-01 8.412437e-01 8.251083e-01 7.685655e-01 7.298394e-01 7.327473e-01 7.471865e-01 7.426049e-01 7.350896e-01 7.520632e-01 7.920424e-01 8.305030e-01 8.513578e-01 8.546827e-01 8.532714e-01 8.541890e-01 8.623163e-01 8.681943e-01 8.695613e-01 8.582057e-01 8.395660e-01 8.178775e-01 8.003862e-01 7.912621e-01 7.949485e-01 8.035629e-01 7.883436e-01 7.644485e-01 7.370341e-01 7.170624e-01 6.964738e-01 6.641911e-01 6.383665e-01 6.249091e-01 6.227099e-01 6.218393e-01 6.061147e-01 5.777065e-01 5.533630e-01 5.366940e-01 5.272454e-01 5.197568e-01 5.092942e-01 5.007557e-01 4.894005e-01 4.722258e-01 4.519790e-01 4.273790e-01 4.055757e-01 3.844531e-01 3.562181e-01 3.279522e-01 3.018667e-01 2.769985e-01 2.526890e-01 2.294850e-01 2.135947e-01 2.020308e-01 1.889577e-01 1.778613e-01 1.702589e-01 1.597949e-01 1.477934e-01 1.422428e-01 1.412680e-01 1.429306e-01 1.465169e-01 1.463829e-01 1.367281e-01 1.170131e-01 9.483045e-02 7.462267e-02 5.809006e-02 4.811021e-02 4.307755e-02 3.981952e-02 4.147529e-02 4.286425e-02 4.371355e-02 4.494080e-02 4.375205e-02 4.261925e-02 3.835112e-02 3.161781e-02 2.425225e-02 1.649010e-02 1.193122e-02 9.400919e-03 9.967200e-03 1.144921e-02 1.067062e-02 4.506290e-03 4.430335e-04 3.624878e-06 1.280381e-09 2.247071e-14 5.327626e-20 7.990856e-26 6.375570e-32 2.975310e-38 7.006492e-45 0.000000e+00 0.000000e+00
9.795619e-11 1.283645e-12 2.469255e-07 1.791098e-05 1.451418e-04 6.250157e-05 1.887620e-04 3.665979e-04 3.323334e-04 4.071767e-04 2.642940e-04 4.839103e-04 8.031800e-04 9.034791e-04 7.221606e-04 6.852025e-04 7.595274e-04 1.014731e-03 1.031387e-03 9.121592e-04 9.040285e-04 1.174046e-03 1.486940e-03 1.916882e-03 2.148267e-03 2.846808e-03 3.114778e-03 4.064356e-03 4.531162e-03 5.165975e-03 6.450145e-03 6.510416e-03 8.306669e-03 8.734553e-03 9.969133e-03 1.246071e-02 1.360903e-02 1.815952e-02 1.962003e-02 2.356353e-02 2.976835e-02 3.087525e-02 4.279789e-02 4.990147e-02 5.018689e-02 6.302544e-02 6.771845e-02 7.058920e-02 8.333913e-02 8.803064e-02 9.468805e-02 1.035073e-01 1.102360e-01 1.204431e-01 1.187002e-01 1.259250e-01 1.370961e-01 1.266728e-01 1.298229e-01 1.521740e-01 1.552112e-01 1.623408e-01 1.884525e-01 1.985065e-01 2.016500e-01 2.222416e-01 2.480795e-01 2.784376e-01 3.103408e-01 3.248203e-01 3.349569e-01 3.578146e-01 3.806267e-01 3.999197e-01 4.290641e-01 4.592465e-01 4.754322e-01 4.883693e-01 5.147224e-01 5.602275e-01 6.181346e-01 6.827718e-01 7.443257e-01 7.788559e-01 7.806255e-01 7.593810e-01 7.314398e-01 7.104903e-01 7.111486e-01 7.420554e-01 7.912296e-01 8.356082e-01 8.605087e-01 8.660722e-01 8.632658e-01 8.596414e-01 8.609774e-01 8.667076e-01 8.767965e-01 8.835909e-01 8.843369e-01 8.736126e-01 8.612297e-01 8.530291e-01 8.496591e-01 8.506770e-01 8.486907e-01 8.588141e-01 8.633351e-01 8.433568e-01 8.156921e-01 7.919168e-01 7.881999e-01 7.889304e-01 7.740383e-01 7.503927e-01 7.228622e-01 7.012811e-01 6.896204e-01 6.746290e-01 6.606951e-01 6.518074e-01 6.416399e-01 6.258331e-01 6.003630e-01 5.689248e-01 5.404404e-01 5.144903e-01 4.926943e-01 4.719813e-01 4.516009e-01 4.367332e-01 4.147960e-01 3.828188e-01 3.501194e-01 3.170270e-01 2.880018e-01 2.618794e-01 2.424233e-01 2.309396e-01 2.192296e-01 2.029176e-01 1.896387e-01 1.797831e-01 1.676751e-01 1.624131e-01 1.651397e-01 1.647208e-01 1.569325e-01 1.422861e-01 1.207300e-01 9.729286e-02 7.857193e-02 6.498707e-02 5.531949e-02 4.981314e-02 4.820901e-02 4.816922e-02 4.847122e-02 4.968170e-02 4.708626e-02 4.351233e-02 4.044216e-02 3.603658e-02 3.289058e-02 2.699139e-02 2.152968e-02 1.713852e-02 1.460735e-02 1.429739e-02 1.718841e-02 1.968107e-02 1.757675e-02 5.627199e-03 2.959332e-04 1.021334e-06 1.669763e-10 2.235724e-15 4.182096e-21 1.973723e-27 2.505940e-34 2.097464e-41 1.401298e-45 0.000000e+00 0.000000e+00
1.180765e-05 3.667407e-10 1.830338e-06 1.531444e-05 3.416704e-05 3.232087e-05 2.320383e-05 4.539420e-05 9.976723e-05 3.318719e-04 4.712291e-04 5.820519e-04 5.568380e-04 4.925585e-04 5.410898e-04 6.690910e-04 7.646127e-04 7.840524e-04 8.674199e-04 1.069042e-03 1.493351e-03 1.617142e-03 1.866178e-03 1.775647e-03 2.471062e-03 2.513772e-03 3.810567e-03 4.322910e-03 5.403746e-03 6.404805e-03 6.499822e-03 8.625779e-03 7.405409e-03 9.592610e-03 1.115366e-02 1.353629e-02 1.778988e-02 1.844223e-02 2.492321e-02 2.660982e-02 3.102544e-02 3.669462e-02 3.392248e-02 4.257048e-02 4.831245e-02 5.206840e-02 6.370609e-02 6.530916e-02 7.254732e-02 8.307867e-02 8.381610e-02 9.151074e-02 9.300358e-02 9.594496e-02 1.084206e-01 1.087174e-01 1.154168e-01 1.366870e-01 1.464056e-01 1.537742e-01 1.719330e-01 1.801969e-01 1.791682e-01 1.887390e-01 2.082244e-01 2.295930e-01 2.510980e-01 2.695904e-01 2.948957e-01 3.290527e-01 3.524751e-01 3.698224e-01 3.953150e-01 4.149992e-01 4.215635e-01 4.385568e-01 4.760330e-01 5.030825e-01 5.001990e-01 5.007411e-01 5.303233e-01 5.721174e-01 6.121697e-01 6.686959e-01 7.442334e-01 7.904704e-01 7.702891e-01 7.227573e-01 7.065293e-01 7.257560e-01 7.546448e-01 7.714953e-01 7.681859e-01 7.489372e-01 7.286525e-01 7.216084e-01 7.337539e-01 7.551035e-01 7.733726e-01 7.840199e-01 7.951585e-01 8.068935e-01 8.153269e-01 8.169020e-01 8.092875e-01 7.960317e-01 7.760187e-01 7.545145e-01 7.465147e-01 7.460783e-01 7.497777e-01 7.633811e-01 7.829162e-01 8.139542e-01 8.345785e-01 8.324885e-01 8.146943e-01 7.857259e-01 7.620490e-01 7.393144e-01 7.085015e-01 6.723065e-01 6.377513e-01 6.027591e-01 5.636386e-01 5.234428e-01 4.865483e-01 4.575362e-01 4.326122e-01 4.097695e-01 3.870785e-01 3.706289e-01 3.585131e-01 3.411336e-01 3.220478e-01 3.052584e-01 2.903628e-01 2.753250e-01 2.559822e-01 2.386871e-01 2.229828e-01 2.027472e-01 1.865292e-01 1.810853e-01 1.756461e-01 1.687053e-01 1.623815e-01 1.456641e-01 1.210720e-01 9.741569e-02 7.869228e-02 6.642218e-02 6.048868e-02 5.890463e-02 5.862380e-02 5.884593e-02 5.885560e-02 5.683763e-02 5.135233e-02 4.418031e-02 3.416198e-02 2.557340e-02 1.852750e-02 1.445105e-02 1.213319e-02 1.096015e-02 1.080284e-02 1.121126e-02 1.238500e-02 1.437560e-02 1.519919e-02 1.577496e-02 9.317480e-03 2.344405e-03 7.184500e-05 2.197089e-07 4.543089e-11 1.041573e-15 3.015517e-21 1.146256e-27 1.160105e-34 6.860757e-42 0.000000e+00 0.000000e+00 0.000000e+00
1.595477e-05 2.541932e-12 1.178502e-07 3.732958e-05 3.360596e-05 3.248611e-06 1.778067e-05 1.908616e-05 8.027850e-05 2.554642e-04 3.046714e-04 1.292257e-04 3.665171e-04 5.543187e-04 6.868114e-04 5.216007e-04 8.442854e-04 1.121726e-03 1.666875e-03 1.817602e-03 1.905663e-03 1.987356e-03 2.117147e-03 2.676151e-03 2.720466e-03 3.682761e-03 3.597188e-03 4.423540e-03 5.032844e-03 6.257194e-03 7.847049e-03 7.906661e-03 1.000210e-02 1.036816e-02 1.242155e-02 1.375745e-02 1.573987e-02 1.870571e-02 2.080322e-02 2.451957e-02 2.649399e-02 2.970695e-02 3.492843e-02 3.719119e-02 4.480923e-02 4.873854e-02 4.905813e-02 5.530292e-02 5.624184e-02 5.979367e-02 6.999868e-02 7.660973e-02 8.789152e-02 1.040358e-01 1.153723e-01 1.313063e-01 1.449163e-01 1.511865e-01 1.667983e-01 1.802623e-01 1.812610e-01 1.904597e-01 2.125924e-01 2.296702e-01 2.396225e-01 2.584725e-01 2.836885e-01 2.998851e-01 3.105378e-01 3.227843e-01 3.440964e-01 3.790691e-01 4.090906e-01 4.258882e-01 4.543995e-01 4.917758e-01 5.062752e-01 5.177319e-01 5.547762e-01 5.784812e-01 5.617537e-01 5.616070e-01 6.153786e-01 6.750652e-01 6.930636e-01 6.987641e-01 7.350546e-01 7.934227e-01 8.414720e-01 8.631542e-01 8.481246e-01 7.934824e-01 7.236999e-01 6.756339e-01 6.627198e-01 6.742187e-01 6.947400e-01 7.128534e-01 7.297828e-01 7.462231e-01 7.664447e-01 7.886062e-01 8.089785e-01 8.157173e-01 8.023141e-01 7.766360e-01 7.475362e-01 7.271832e-01 7.211165e-01 7.337416e-01 7.402856e-01 7.355574e-01 7.291535e-01 7.317093e-01 7.460382e-01 7.498050e-01 7.373683e-01 7.152276e-01 6.911431e-01 6.721174e-01 6.511152e-01 6.218163e-01 5.890925e-01 5.564282e-01 5.180111e-01 4.739115e-01 4.311678e-01 3.953649e-01 3.708205e-01 3.515934e-01 3.333417e-01 3.187810e-01 3.111127e-01 3.046452e-01 2.935688e-01 2.798988e-01 2.652540e-01 2.506480e-01 2.332640e-01 2.170182e-01 2.084729e-01 1.997979e-01 1.891688e-01 1.813311e-01 1.729787e-01 1.543051e-01 1.324101e-01 1.098493e-01 8.638946e-02 6.901432e-02 5.890646e-02 5.438158e-02 5.487658e-02 5.896226e-02 6.349509e-02 6.847972e-02 7.219062e-02 7.335290e-02 6.980291e-02 6.210000e-02 5.311437e-02 4.424123e-02 3.710572e-02 3.135050e-02 2.901748e-02 2.835395e-02 2.814872e-02 3.017753e-02 2.920590e-02 2.783744e-02 2.148970e-02 1.476173e-02 8.577665e-03 1.595432e-03 7.333834e-05 3.192802e-07 1.529469e-10 4.225089e-15 1.192127e-20 2.766691e-27 2.101484e-34 5.497294e-42 0.000000e+00 0.000000e+00 0.000000e+00
6.228398e-06 3.881302e-12 4.384825e-09 4.565156e-06 3.271925e-05 2.831122e-05 7.420060e-06 5.292012e-05 1.959260e-04 2.876805e-04 2.290988e-04 6.836242e-04 4.920955e-04 5.304887e-04 5.909353e-04 1.576166e-03 1.404719e-03 1.867157e-03 1.431476e-03 1.732134e-03 1.540280e-03 2.076436e-03 2.259188e-03 2.751431e-03 3.133947e-03 3.309646e-03 3.983736e-03 4.185024e-03 5.322429e-03 6.066409e-03 7.904350e-03 9.530311e-03 1.240088e-02 1.447725e-02 1.562067e-02 1.647800e-02 1.571197e-02 1.877812e-02 2.028679e-02 2.404739e-02 2.641938e-02 2.616935e-02 3.200303e-02 3.331606e-02 3.517913e-02 4.044550e-02 4.512433e-02 5.016854e-02 5.790897e-02 6.635837e-02 7.206976e-02 8.063773e-02 9.158471e-02 9.969166e-02 1.141604e-01 1.327389e-01 1.461857e-01 1.587545e-01 1.732758e-01 1.879126e-01 2.076186e-01 2.278560e-01 2.399359e-01 2.572441e-01 2.835560e-01 2.929069e-01 2.926687e-01 3.094743e-01 3.308684e-01 3.486877e-01 3.779658e-01 4.072811e-01 4.263446e-01 4.624437e-01 5.153084e-01 5.481455e-01 5.632463e-01 5.706679e-01 5.610725e-01 5.568900e-01 5.839763e-01 6.149760e-01 6.146490e-01 5.977514e-01 6.014808e-01 6.341815e-01 6.861971e-01 7.492779e-01 8.045450e-01 8.262330e-01 8.110191e-01 7.837787e-01 7.639539e-01 7.486956e-01 7.303765e-01 7.106908e-01 6.980662e-01 6.932355e-01 7.001200e-01 7.190372e-01 7.490722e-01 7.803448e-01 8.055574e-01 8.184877e-01 8.150757e-01 8.024836e-01 7.856333e-01 7.747906e-01 7.699385e-01 7.700335e-01 7.723914e-01 7.633787e-01 7.415409e-01 7.195920e-01 7.069881e-01 7.059823e-01 7.031004e-01 6.927239e-01 6.783461e-01 6.604984e-01 6.392288e-01 6.074902e-01 5.631670e-01 5.195118e-01 4.845154e-01 4.525855e-01 4.234233e-01 3.969208e-01 3.739235e-01 3.582869e-01 3.399743e-01 3.185510e-01 3.012337e-01 2.866485e-01 2.693595e-01 2.488012e-01 2.292494e-01 2.127500e-01 1.988807e-01 1.864679e-01 1.791230e-01 1.744535e-01 1.644511e-01 1.509651e-01 1.402469e-01 1.266164e-01 1.081372e-01 9.381334e-02 8.096677e-02 6.924312e-02 6.213927e-02 5.879271e-02 5.640186e-02 5.477825e-02 5.315722e-02 5.107372e-02 4.995417e-02 4.940271e-02 4.920153e-02 4.824189e-02 5.042110e-02 5.481904e-02 5.911249e-02 6.433591e-02 6.769590e-02 6.944715e-02 7.074308e-02 6.345750e-02 5.835827e-02 4.235776e-02 3.361057e-02 2.391960e-02 1.464872e-02 4.373644e-03 2.579621e-04 2.741285e-06 1.092691e-09 3.628755e-14 3.306742e-20 4.425562e-27 5.107140e-35 1.471363e-43 0.000000e+00 0.000000e+00 0.000000e+00
3.667776e-12 7.313918e-12 9.778895e-09 1.632054e-06 1.561280e-05 8.354650e-06 3.618016e-05 4.999373e-05 1.482298e-04 1.408835e-04 1.652124e-04 1.715751e-04 3.767500e-04 3.425256e-04 7.162630e-04 7.269024e-04 1.299309e-03 1.176771e-03 1.663387e-03 1.593644e-03 2.446140e-03 2.241989e-03 2.752513e-03 2.705412e-03 3.215300e-03 3.668139e-03 4.186607e-03 5.517100e-03 6.014058e-03 7.438429e-03 7.731285e-03 1.047679e-02 1.148912e-02 1.405786e-02 1.573063e-02 1.682976e-02 2.047256e-02 1.892085e-02 2.178501e-02 2.120907e-02 2.283091e-02 2.830600e-02 2.790506e-02 3.419811e-02 3.956741e-02 4.128321e-02 5.006013e-02 5.764837e-02 6.417204e-02 7.250533e-02 7.919709e-02 8.653001e-02 9.484597e-02 1.034652e-01 1.125987e-01 1.232907e-01 1.390223e-01 1.600686e-01 1.771816e-01 1.924280e-01 2.164548e-01 2.377998e-01 2.512300e-01 2.660543e-01 2.755603e-01 2.847150e-01 2.958181e-01 2.970872e-01 3.069207e-01 3.362494e-01 3.648542e-01 3.923075e-01 4.397293e-01 4.859377e-01 5.036594e-01 5.301902e-01 5.843933e-01 6.201916e-01 6.195795e-01 6.178309e-01 6.257919e-01 6.223413e-01 6.113120e-01 6.133316e-01 6.332628e-01 6.602578e-01 6.839942e-01 6.955006e-01 6.920792e-01 6.847566e-01 6.921456e-01 7.231025e-01 7.720016e-01 8.257740e-01 8.755922e-01 9.098325e-01 9.229673e-01 9.132146e-01 8.903023e-01 8.638346e-01 8.428658e-01 8.290665e-01 8.282825e-01 8.425922e-01 8.646729e-01 8.876802e-01 9.011549e-01 9.032139e-01 8.915337e-01 8.679327e-01 8.405504e-01 8.170621e-01 7.848906e-01 7.424633e-01 7.017779e-01 6.726754e-01 6.570805e-01 6.393346e-01 6.144490e-01 5.884177e-01 5.669637e-01 5.509961e-01 5.344306e-01 5.137502e-01 4.958932e-01 4.798161e-01 4.583174e-01 4.324448e-01 4.039825e-01 3.823509e-01 3.657991e-01 3.439931e-01 3.205430e-01 2.988713e-01 2.776278e-01 2.564943e-01 2.354711e-01 2.214619e-01 2.139379e-01 2.070624e-01 2.019760e-01 2.018484e-01 1.961379e-01 1.834584e-01 1.715077e-01 1.572095e-01 1.380409e-01 1.208932e-01 1.084782e-01 9.641996e-02 8.567845e-02 8.025592e-02 7.383382e-02 6.474293e-02 5.759473e-02 4.885642e-02 4.215135e-02 3.776046e-02 3.405282e-02 3.277897e-02 3.429276e-02 4.005688e-02 4.938230e-02 5.778662e-02 6.555203e-02 6.621283e-02 6.072283e-02 5.072406e-02 3.609135e-02 2.970807e-02 2.296843e-02 2.482416e-02 2.279843e-02 1.032528e-02 1.386968e-03 1.501830e-05 1.143569e-08 1.569424e-13 1.668775e-19 3.791771e-27 9.410277e-36 1.401298e-45 0.000000e+00 0.000000e+00 0.000000e+00
3.165045e-05 1.271633e-11 1.202159e-08 4.794688e-06 2.697678e-06 5.083730e-06 1.278049e-05 2.581583e-05 1.247074e-05 4.573235e-05 5.242878e-05 9.751764e-05 1.227235e-04 3.354609e-04 3.382860e-04 5.914540e-04 6.884855e-04 1.031675e-03 1.009740e-03 1.203777e-03 1.555059e-03 2.180596e-03 2.642517e-03 2.796247e-03 3.084931e-03 3.770456e-03 4.488893e-03 4.853677e-03 5.286710e-03 5.886909e-03 7.866801e-03 8.585717e-03 1.048241e-02 1.088350e-02 1.337011e-02 1.729208e-02 1.881721e-02 2.237693e-02 2.058446e-02 2.174875e-02 2.492989e-02 2.635171e-02 3.338870e-02 3.765894e-02 4.215592e-02 5.377392e-02 5.501572e-02 6.023819e-02 6.884027e-02 6.923213e-02 7.764663e-02 8.738523e-02 8.804571e-02 9.740070e-02 1.036200e-01 1.088257e-01 1.265092e-01 1.448349e-01 1.637149e-01 1.871920e-01 2.000268e-01 2.143497e-01 2.457319e-01 2.692258e-01 2.798305e-01 3.027541e-01 3.229271e-01 3.312104e-01 3.438572e-01 3.450722e-01 3.415746e-01 3.604485e-01 3.921661e-01 4.215671e-01 4.608527e-01 4.976366e-01 5.103199e-01 5.399605e-01 6.085624e-01 6.536325e-01 6.483207e-01 6.465786e-01 6.667929e-01 6.824676e-01 6.981719e-01 7.286662e-01 7.557111e-01 7.587495e-01 7.634492e-01 7.963310e-01 8.439863e-01 8.817759e-01 9.138132e-01 9.580985e-01 1.015913e+00 1.070276e+00 1.117029e+00 1.156396e+00 1.182386e+00 1.177320e+00 1.145347e+00 1.100399e+00 1.061315e+00 1.038804e+00 1.033892e+00 1.036240e+00 1.023148e+00 9.922590e-01 9.488286e-01 9.055139e-01 8.681124e-01 8.423796e-01 8.295028e-01 8.089187e-01 7.764416e-01 7.390561e-01 7.078457e-01 6.828923e-01 6.524220e-01 6.194987e-01 5.904145e-01 5.685584e-01 5.524133e-01 5.360214e-01 5.204884e-01 5.111474e-01 5.023049e-01 4.861757e-01 4.607461e-01 4.297725e-01 4.025657e-01 3.724821e-01 3.402797e-01 3.155024e-01 2.987138e-01 2.867298e-01 2.742220e-01 2.614732e-01 2.533030e-01 2.416801e-01 2.233113e-01 2.063878e-01 1.902721e-01 1.708283e-01 1.528397e-01 1.367142e-01 1.205713e-01 1.055589e-01 9.359261e-02 8.262091e-02 7.283656e-02 6.639742e-02 6.091805e-02 5.409088e-02 4.737236e-02 4.128575e-02 3.513120e-02 2.960607e-02 2.526612e-02 2.167838e-02 2.038412e-02 2.110749e-02 2.196022e-02 2.235224e-02 1.957240e-02 1.615405e-02 1.108357e-02 6.867982e-03 4.390031e-03 2.869541e-03 2.917066e-03 3.365361e-03 5.191376e-03 3.843718e-03 7.431308e-04 1.340852e-05 5.801188e-09 1.074649e-13 3.807346e-20 6.492689e-28 1.296769e-37 1.401298e-45 0.000000e+00 0.000000e+00 0.000000e+00
1.469949e-14 1.470809e-11 5.283208e-10 1.017405e-07 2.788272e-06 9.244704e-06 1.634999e-05 7.035887e-06 2.210211e-05 2.229423e-05 5.241916e-05 6.110247e-05 1.380417e-04 1.733439e-04 3.941162e-04 4.895082e-04 5.143914e-04 5.420222e-04 6.889294e-04 9.612053e-04 9.986855e-04 1.260911e-03 1.389029e-03 1.983437e-03 2.572931e-03 3.131311e-03 3.970868e-03 4.012813e-03 5.362105e-03 6.195037e-03 7.859960e-03 8.459795e-03 9.518293e-03 1.209007e-02 1.442009e-02 1.585482e-02 1.758947e-02 1.940364e-02 2.388816e-02 2.900526e-02 2.990521e-02 3.479083e-02 3.688774e-02 3.924798e-02 4.558499e-02 4.508622e-02 5.373960e-02 6.131221e-02 6.263333e-02 8.068820e-02 8.500862e-02 8.362565e-02 9.971298e-02 1.016671e-01 1.045506e-01 1.223966e-01 1.267713e-01 1.374433e-01 1.629630e-01 1.758932e-01 1.906917e-01 2.149918e-01 2.275509e-01 2.506051e-01 2.905362e-01 3.078543e-01 3.186145e-01 3.558592e-01 3.812548e-01 3.910047e-01 4.273515e-01 4.507988e-01 4.407597e-01 4.458271e-01 4.736076e-01 5.046997e-01 5.443702e-01 5.849246e-01 6.056147e-01 6.317347e-01 6.875616e-01 7.343870e-01 7.487414e-01 7.593096e-01 7.774785e-01 7.792205e-01 7.835551e-01 8.278182e-01 8.978014e-01 9.558473e-01 9.986767e-01 1.035961e+00 1.057087e+00 1.054700e+00 1.040857e+00 1.026341e+00 1.015436e+00 1.010819e+00 1.023664e+00 1.055898e+00 1.097837e+00 1.124592e+00 1.122462e+00 1.092947e+00 1.049824e+00 1.017779e+00 9.991490e-01 9.891706e-01 9.766063e-01 9.562701e-01 9.274924e-01 8.903065e-01 8.531961e-01 8.176860e-01 7.730613e-01 7.274688e-01 6.884183e-01 6.616464e-01 6.449673e-01 6.260315e-01 6.079051e-01 5.950756e-01 5.885265e-01 5.851539e-01 5.785586e-01 5.682617e-01 5.524636e-01 5.271727e-01 4.862061e-01 4.374769e-01 3.977520e-01 3.698350e-01 3.445194e-01 3.251219e-01 3.120894e-01 3.018385e-01 2.886124e-01 2.651870e-01 2.424483e-01 2.230538e-01 1.996840e-01 1.784339e-01 1.662849e-01 1.561573e-01 1.434158e-01 1.322764e-01 1.210183e-01 1.084454e-01 9.744883e-02 8.782234e-02 7.980847e-02 7.400158e-02 6.973077e-02 6.525629e-02 5.971614e-02 5.586181e-02 5.109667e-02 4.531397e-02 3.929979e-02 3.408268e-02 2.993589e-02 2.704105e-02 2.330193e-02 1.766821e-02 1.236464e-02 7.564544e-03 4.505187e-03 2.548787e-03 1.515398e-03 1.174958e-03 1.172193e-03 1.857834e-03 2.723830e-03 2.534800e-03 3.980848e-04 4.185211e-06 9.816037e-10 6.281592e-15 1.393076e-21 6.167493e-30 7.603179e-40 0.000000e+00 0.000000e+00 0.000000e+00 0.000000e+00
6.690432e-05 7.594223e-15 3.174497e-10 6.703529e-07 3.174796e-06 1.486445e-06 1.716050e-06 1.666620e-05 2.058790e-05 4.216935e-05 3.602632e-05 6.825432e-05 8.071431e-05 1.994384e-04 2.586527e-04 4.260749e-04 5.201377e-04 5.560975e-04 6.778467e-04 7.407990e-04 1.235527e-03 1.472824e-03 2.224144e-03 2.806743e-03 3.327020e-03 3.788076e-03 3.864337e-03 5.627772e-03 6.151456e-03 6.954085e-03 6.458607e-03 7.521681e-03 9.104013e-03 9.682724e-03 1.078644e-02 1.228394e-02 1.525158e-02 1.906799e-02 2.268647e-02 2.584655e-02 3.249010e-02 3.474615e-02 3.833642e-02 4.331975e-02 4.327960e-02 5.361341e-02 5.648043e-02 6.242176e-02 8.020341e-02 7.792129e-02 8.677965e-02 1.065909e-01 1.072578e-01 1.245075e-01 1.485498e-01 1.520566e-01 1.702750e-01 1.905054e-01 1.915338e-01 2.101484e-01 2.368164e-01 2.468013e-01 2.655164e-01 2.813338e-01 2.820834e-01 3.094496e-01 3.489949e-01 3.650732e-01 3.974795e-01 4.447822e-01 4.637837e-01 4.762975e-01 5.084924e-01 5.255144e-01 5.233413e-01 5.417860e-01 5.709809e-01 5.877604e-01 6.085626e-01 6.414322e-01 6.709459e-01 6.962394e-01 7.268307e-01 7.440480e-01 7.435439e-01 7.495590e-01 7.691983e-01 7.882828e-01 8.093962e-01 8.432783e-01 8.880099e-01 9.317592e-01 9.682303e-01 9.927864e-01 1.002635e+00 9.966590e-01 9.845773e-01 9.736612e-01 9.763267e-01 9.986380e-01 1.041594e+00 1.087006e+00 1.113613e+00 1.114572e+00 1.094068e+00 1.070683e+00 1.052789e+00 1.044785e+00 1.035537e+00 1.017304e+00 9.848323e-01 9.381633e-01 8.828289e-01 8.324063e-01 7.852582e-01 7.374600e-01 6.928371e-01 6.563184e-01 6.356056e-01 6.239959e-01 6.120473e-01 6.020101e-01 5.986392e-01 5.986156e-01 5.953677e-01 5.810954e-01 5.576245e-01 5.330426e-01 5.069971e-01 4.729499e-01 4.377537e-01 4.122449e-01 3.891549e-01 3.614618e-01 3.329870e-01 3.082868e-01 2.883280e-01 2.640508e-01 2.375270e-01 2.200990e-01 2.039593e-01 1.843826e-01 1.718775e-01 1.626418e-01 1.477278e-01 1.337932e-01 1.242017e-01 1.152239e-01 1.085618e-01 1.045737e-01 9.974074e-02 9.379838e-02 8.744157e-02 8.052915e-02 7.380632e-02 6.952472e-02 6.652204e-02 6.111214e-02 5.609788e-02 5.237506e-02 4.670902e-02 4.108326e-02 3.151846e-02 2.046148e-02 1.237450e-02 6.419878e-03 3.726153e-03 2.189267e-03 1.481089e-03 1.330400e-03 1.458897e-03 2.312208e-03 3.111115e-03 1.823296e-03 1.612748e-04 5.614601e-07 6.129907e-11 1.612193e-16 1.688120e-23 5.056942e-32 5.420222e-42 0.000000e+00 0.000000e+00 0.000000e+00 0.000000e+00
4.514236e-06 5.067262e-14 5.423408e-11 3.014631e-08 1.425926e-07 5.247016e-08 4.844150e-07 7.024112e-06 5.870758e-05 6.717530e-05 1.328642e-04 1.385915e-04 2.124014e-04 2.276712e-04 3.754068e-04 5.764618e-04 7.560002e-04 9.253118e-04 1.112223e-03 1.645196e-03 2.040999e-03 3.067888e-03 3.619021e-03 4.217318e-03 4.827476e-03 5.026582e-03 6.170072e-03 5.488900e-03 5.411120e-03 5.168870e-03 5.861227e-03 6.879050e-03 7.250528e-03 9.058679e-03 1.037338e-02 1.251119e-02 1.538906e-02 1.717856e-02 2.114628e-02 2.560677e-02 2.836135e-02 3.440452e-02 3.751058e-02 4.201944e-02 5.006075e-02 5.315703e-02 6.310923e-02 7.096005e-02 7.044666e-02 8.076975e-02 8.814899e-02 9.546517e-02 1.143074e-01 1.277274e-01 1.424478e-01 1.649898e-01 1.743698e-01 1.793947e-01 1.954135e-01 2.115850e-01 2.313351e-01 2.549429e-01 2.653111e-01 2.780204e-01 3.048342e-01 3.255507e-01 3.483092e-01 3.872062e-01 4.171806e-01 4.400042e-01 4.795571e-01 5.119402e-01 5.254692e-01 5.568176e-01 5.945188e-01 5.993398e-01 5.917849e-01 6.045424e-01 6.224177e-01 6.368432e-01 6.653082e-01 6.962153e-01 7.163249e-01 7.461502e-01 7.985772e-01 8.399080e-01 8.475589e-01 8.304979e-01 8.038855e-01 7.774941e-01 7.639006e-01 7.769268e-01 8.185148e-01 8.739471e-01 9.225076e-01 9.478835e-01 9.553965e-01 9.523568e-01 9.439768e-01 9.289041e-01 9.201235e-01 9.247022e-01 9.444735e-01 9.748694e-01 1.013352e+00 1.057538e+00 1.092770e+00 1.108969e+00 1.096646e+00 1.060697e+00 1.013133e+00 9.623675e-01 9.134714e-01 8.695272e-01 8.342757e-01 8.017400e-01 7.674751e-01 7.307960e-01 6.981750e-01 6.750659e-01 6.546176e-01 6.304541e-01 6.074427e-01 5.901644e-01 5.736238e-01 5.549610e-01 5.312218e-01 5.109665e-01 5.007713e-01 4.863434e-01 4.584366e-01 4.278706e-01 3.974617e-01 3.639585e-01 3.301488e-01 2.988052e-01 2.761607e-01 2.576792e-01 2.335709e-01 2.123389e-01 1.960199e-01 1.768768e-01 1.592298e-01 1.460561e-01 1.325423e-01 1.197562e-01 1.112561e-01 1.060673e-01 1.011465e-01 9.691456e-02 9.175546e-02 8.339218e-02 7.519250e-02 6.933967e-02 6.449841e-02 6.319831e-02 6.284568e-02 6.053561e-02 5.978905e-02 5.647627e-02 5.483430e-02 4.813522e-02 3.817616e-02 2.795179e-02 1.745268e-02 1.224595e-02 7.986290e-03 6.172320e-03 5.259431e-03 4.652191e-03 5.720624e-03 5.932693e-03 6.320301e-03 1.951246e-03 9.116476e-05 1.988859e-07 1.331745e-11 3.126569e-17 2.335819e-24 8.309265e-33 9.654946e-43 0.000000e+00 0.000000e+00 0.000000e+00 0.000000e+00
3.731325e-05 7.706132e-15 2.259970e-11 8.103291e-10 1.400110e-09 5.863005e-08 4.481268e-07 3.264813e-06 1.369299e-05 5.521340e-05 1.099851e-04 2.948719e-04 4.601442e-04 6.324166e-04 5.925248e-04 6.965718e-04 7.937554e-04 1.033827e-03 1.365163e-03 1.504782e-03 1.772126e-03 2.021804e-03 2.697410e-03 3.032488e-03 3.579922e-03 4.179414e-03 5.302910e-03 5.989064e-03 7.043243e-03 7.905829e-03 8.784573e-03 8.278594e-03 9.059652e-03 9.902512e-03 1.233120e-02 1.558553e-02 1.677792e-02 2.060891e-02 2.190080e-02 2.369694e-02 2.725589e-02 2.898792e-02 3.484737e-02 4.039639e-02 4.454775e-02 5.221876e-02 5.650750e-02 6.030314e-02 6.890773e-02 7.738393e-02 8.719870e-02 9.593119e-02 1.053328e-01 1.187437e-01 1.278031e-01 1.398436e-01 1.555021e-01 1.682433e-01 1.837127e-01 1.977674e-01 2.057415e-01 2.201346e-01 2.412290e-01 2.606048e-01 2.801592e-01 3.006480e-01 3.207682e-01 3.471479e-01 3.794948e-01 4.104874e-01 4.387538e-01 4.665581e-01 4.959018e-01 5.162935e-01 5.253434e-01 5.472924e-01 5.848207e-01 6.216818e-01 6.599064e-01 6.981696e-01 7.230253e-01 7.393609e-01 7.668905e-01 7.942087e-01 8.106074e-01 8.223782e-01 8.404015e-01 8.517808e-01 8.466591e-01 8.307600e-01 8.122635e-01 7.950677e-01 7.885952e-01 8.045219e-01 8.497784e-01 9.089956e-01 9.641084e-01 9.907507e-01 9.851871e-01 9.550837e-01 9.198620e-01 8.940969e-01 8.913869e-01 9.149361e-01 9.554148e-01 1.003277e+00 1.037396e+00 1.045044e+00 1.025290e+00 9.907907e-01 9.574461e-01 9.338496e-01 9.197822e-01 9.093568e-01 8.974648e-01 8.909426e-01 8.825120e-01 8.623126e-01 8.322098e-01 7.993582e-01 7.703274e-01 7.348192e-01 6.903650e-01 6.456962e-01 6.034376e-01 5.656647e-01 5.299564e-01 4.941245e-01 4.668573e-01 4.460000e-01 4.153536e-01 3.810498e-01 3.511562e-01 3.249623e-01 3.014793e-01 2.780008e-01 2.581776e-01 2.451452e-01 2.261047e-01 2.012258e-01 1.826947e-01 1.650851e-01 1.450933e-01 1.305165e-01 1.204923e-01 1.108332e-01 1.042989e-01 9.997256e-02 9.618083e-02 9.263669e-02 8.902652e-02 8.582891e-02 8.241165e-02 8.148824e-02 8.246531e-02 8.167474e-02 7.815932e-02 7.190087e-02 6.353510e-02 5.666547e-02 4.960771e-02 4.204036e-02 3.470193e-02 2.954295e-02 2.708883e-02 2.378329e-02 2.263841e-02 2.111158e-02 2.011207e-02 1.865318e-02 1.521430e-02 1.507335e-02 9.199105e-03 2.747927e-03 1.117412e-04 3.125221e-07 3.212170e-11 9.142016e-17 1.067741e-23 4.170173e-32 4.858302e-42 0.000000e+00 0.000000e+00 0.000000e+00 0.000000e+00
9.706798e-06 1.127422e-17 6.327260e-14 4.436699e-11 8.314081e-09 4.373795e-08 2.583291e-07 2.956382e-06 2.020041e-05 1.978911e-05 5.518145e-05 1.129414e-04 2.419572e-04 3.639298e-04 5.512399e-04 6.649670e-04 8.221849e-04 1.009276e-03 1.223422e-03 1.636823e-03 1.731251e-03 2.085555e-03 1.970423e-03 2.503385e-03 2.948789e-03 3.821367e-03 4.296428e-03 5.601875e-03 6.957028e-03 8.607050e-03 1.001068e-02 1.120716e-02 1.312154e-02 1.367950e-02 1.511100e-02 1.539656e-02 1.783774e-02 1.874775e-02 1.985019e-02 2.244944e-02 2.406398e-02 2.899524e-02 3.413851e-02 3.796621e-02 4.463494e-02 4.712225e-02 4.850367e-02 5.486073e-02 5.943915e-02 6.575157e-02 7.619546e-02 8.555146e-02 9.603279e-02 1.060095e-01 1.161396e-01 1.258529e-01 1.393550e-01 1.622449e-01 1.774078e-01 1.846521e-01 1.959139e-01 2.081375e-01 2.292308e-01 2.572122e-01 2.723925e-01 2.832323e-01 2.984237e-01 3.123241e-01 3.318042e-01 3.576523e-01 3.819815e-01 4.139085e-01 4.554893e-01 4.860821e-01 5.049008e-01 5.265021e-01 5.495881e-01 5.828763e-01 6.373045e-01 6.866641e-01 7.045660e-01 7.010249e-01 7.009043e-01 7.003966e-01 6.912673e-01 6.748766e-01 6.715810e-01 6.994957e-01 7.577857e-01 8.207248e-01 8.595815e-01 8.658989e-01 8.484086e-01 8.189467e-01 7.986240e-01 7.969960e-01 8.166614e-01 8.446916e-01 8.727356e-01 8.937204e-01 9.069879e-01 9.156416e-01 9.307467e-01 9.555992e-01 9.770658e-01 9.884479e-01 9.821565e-01 9.606352e-01 9.348451e-01 9.168680e-01 9.104967e-01 9.162772e-01 9.309804e-01 9.483626e-01 9.564701e-01 9.531502e-01 9.419152e-01 9.163286e-01 8.740978e-01 8.239222e-01 7.835959e-01 7.576619e-01 7.333722e-01 7.046601e-01 6.742925e-01 6.408427e-01 6.051371e-01 5.591181e-01 5.096000e-01 4.721397e-01 4.359466e-01 3.927321e-01 3.546157e-01 3.268961e-01 3.035588e-01 2.804500e-01 2.575944e-01 2.406528e-01 2.237688e-01 2.006306e-01 1.836271e-01 1.719273e-01 1.556494e-01 1.404204e-01 1.308121e-01 1.211585e-01 1.113983e-01 1.047040e-01 9.930813e-02 9.367844e-02 9.036893e-02 8.952238e-02 8.876244e-02 8.875105e-02 8.887782e-02 8.259536e-02 7.238642e-02 6.271067e-02 5.291950e-02 4.727925e-02 4.284126e-02 3.970661e-02 3.917015e-02 3.995034e-02 4.446314e-02 4.725176e-02 4.858058e-02 4.463909e-02 3.918410e-02 3.019980e-02 2.502298e-02 2.132058e-02 1.335597e-02 4.738206e-03 2.648722e-04 1.195417e-06 1.669186e-10 6.828849e-16 8.780860e-23 3.915539e-31 4.015841e-41 0.000000e+00 0.000000e+00 0.000000e+00 0.000000e+00
6.614599e-14 9.585329e-19 2.913367e-13 5.781148e-10 2.693423e-09 1.330647e-08 2.768863e-07 1.368419e-06 5.171735e-06 4.207106e-05 1.017833e-04 1.924582e-04 2.131648e-04 2.831047e-04 4.839618e-04 8.309155e-04 1.104942e-03 1.138102e-03 1.308640e-03 1.162754e-03 1.515946e-03 1.451938e-03 2.039468e-03 2.019010e-03 2.567434e-03 2.726226e-03 3.824836e-03 4.572037e-03 5.392925e-03 6.363370e-03 7.490832e-03 1.059867e-02 1.150934e-02 1.401930e-02 1.358285e-02 1.465515e-02 1.565535e-02 1.578007e-02 1.946793e-02 2.059417e-02 2.566924e-02 3.070034e-02 3.264324e-02 4.014730e-02 4.126857e-02 4.418026e-02 5.235640e-02 5.441369e-02 6.138873e-02 6.777090e-02 7.056591e-02 8.278537e-02 9.374707e-02 9.997936e-02 1.138830e-01 1.279254e-01 1.418975e-01 1.555768e-01 1.701457e-01 1.929416e-01 2.144876e-01 2.309559e-01 2.441331e-01 2.542368e-01 2.773847e-01 3.083585e-01 3.270943e-01 3.462489e-01 3.639721e-01 3.736299e-01 3.937853e-01 4.177841e-01 4.292834e-01 4.464224e-01 4.834933e-01 5.294713e-01 5.721663e-01 6.017432e-01 6.128629e-01 6.268824e-01 6.605026e-01 6.866113e-01 6.872012e-01 6.690781e-01 6.443966e-01 6.195267e-01 6.092810e-01 6.235234e-01 6.630754e-01 7.301183e-01 8.262011e-01 9.262381e-01 9.878075e-01 9.851685e-01 9.396451e-01 8.844297e-01 8.513538e-01 8.473883e-01 8.727043e-01 9.163797e-01 9.692847e-01 1.013706e+00 1.035063e+00 1.033174e+00 1.010820e+00 9.809691e-01 9.547098e-01 9.408945e-01 9.423215e-01 9.581823e-01 9.765026e-01 9.837867e-01 9.744127e-01 9.536017e-01 9.276296e-01 8.985813e-01 8.693923e-01 8.410580e-01 8.121181e-01 7.797639e-01 7.512423e-01 7.352717e-01 7.189026e-01 6.890011e-01 6.510871e-01 6.141441e-01 5.832984e-01 5.508881e-01 5.119085e-01 4.781743e-01 4.526724e-01 4.219806e-01 3.834907e-01 3.482561e-01 3.194240e-01 2.895814e-01 2.572438e-01 2.299995e-01 2.124678e-01 1.969300e-01 1.828398e-01 1.741678e-01 1.631973e-01 1.465455e-01 1.323172e-01 1.183551e-01 1.036101e-01 9.306329e-02 8.358715e-02 7.506355e-02 6.900965e-02 6.449344e-02 6.146382e-02 5.899414e-02 5.602220e-02 5.084662e-02 4.482502e-02 4.055724e-02 3.785865e-02 3.703769e-02 3.751605e-02 3.721044e-02 3.781568e-02 3.851577e-02 3.948078e-02 3.808310e-02 3.077333e-02 2.680721e-02 2.119634e-02 1.770714e-02 1.624326e-02 1.589667e-02 1.521361e-02 5.248487e-03 3.392563e-04 1.059150e-06 1.282695e-10 3.464182e-16 3.096800e-23 8.001848e-32 4.726580e-42 0.000000e+00 0.000000e+00 0.000000e+00 0.000000e+00
1.007059e-14 5.439495e-21 1.894009e-13 3.505396e-11 4.748065e-10 4.905960e-09 5.832340e-08 6.321916e-07 1.180671e-05 4.588054e-05 7.958922e-05 1.289537e-04 2.787362e-04 4.788497e-04 6.129743e-04 7.073202e-04 8.179164e-04 9.530997e-04 9.536932e-04 1.199831e-03 1.235668e-03 1.684611e-03 1.919356e-03 2.779025e-03 3.155201e-03 3.943678e-03 4.094979e-03 4.862085e-03 5.998702e-03 7.035439e-03 8.384945e-03 8.888809e-03 1.135640e-02 1.211122e-02 1.442641e-02 1.552099e-02 1.693365e-02 2.080371e-02 2.082173e-02 2.592846e-02 2.798936e-02 2.945656e-02 3.557396e-02 3.499517e-02 4.100732e-02 5.003402e-02 5.520368e-02 6.750207e-02 7.251699e-02 7.843573e-02 9.021053e-02 9.096759e-02 9.846813e-02 1.129216e-01 1.215223e-01 1.334388e-01 1.469127e-01 1.595842e-01 1.755523e-01 1.938004e-01 2.119706e-01 2.280665e-01 2.448830e-01 2.671418e-01 2.917227e-01 3.207306e-01 3.589445e-01 3.914180e-01 4.137363e-01 4.383114e-01 4.532316e-01 4.559259e-01 4.728144e-01 5.062953e-01 5.414297e-01 5.790967e-01 6.119524e-01 6.307127e-01 6.402424e-01 6.425396e-01 6.457061e-01 6.545554e-01 6.573448e-01 6.334763e-01 5.930888e-01 5.522935e-01 5.198260e-01 5.103869e-01 5.426615e-01 6.210515e-01 7.289042e-01 8.427662e-01 9.459709e-01 1.013586e+00 1.037464e+00 1.030769e+00 1.028140e+00 1.043570e+00 1.070775e+00 1.086936e+00 1.086224e+00 1.070576e+00 1.042700e+00 1.007096e+00 9.687078e-01 9.432219e-01 9.363993e-01 9.465339e-01 9.640380e-01 9.810455e-01 9.900693e-01 9.832042e-01 9.548332e-01 9.089944e-01 8.586525e-01 8.167853e-01 7.865250e-01 7.674902e-01 7.569119e-01 7.431541e-01 7.226315e-01 6.969430e-01 6.696046e-01 6.307523e-01 5.830510e-01 5.374926e-01 5.046874e-01 4.869454e-01 4.698310e-01 4.507486e-01 4.342233e-01 4.162198e-01 3.874438e-01 3.507293e-01 3.181897e-01 2.917835e-01 2.644336e-01 2.372780e-01 2.220321e-01 2.163311e-01 2.028498e-01 1.894423e-01 1.791443e-01 1.619738e-01 1.436511e-01 1.287459e-01 1.154207e-01 1.019457e-01 8.995298e-02 7.996980e-02 6.982677e-02 6.173388e-02 5.500373e-02 4.983834e-02 4.556490e-02 4.096917e-02 3.746567e-02 3.554092e-02 3.581325e-02 3.673527e-02 3.646049e-02 3.486093e-02 3.068571e-02 2.711021e-02 2.330551e-02 1.900612e-02 1.577714e-02 1.318430e-02 1.177049e-02 1.065326e-02 1.073559e-02 1.232059e-02 8.759867e-03 2.336018e-03 7.409666e-05 1.457551e-07 1.079751e-11 2.164455e-17 9.759195e-25 9.607372e-34 1.681558e-44 0.000000e+00 0.000000e+00 0.000000e+00 0.000000e+00
2.410586e-05 1.017142e-18 1.080415e-15 1.332228e-12 3.014958e-10 1.174964e-09 4.804098e-08 6.586876e-07 5.519592e-06 2.566209e-05 4.978740e-05 1.342867e-04 1.737006e-04 2.586807e-04 3.869796e-04 5.251656e-04 6.373918e-04 8.451921e-04 1.084633e-03 1.389498e-03 1.732918e-03 1.979412e-03 2.275677e-03 2.504888e-03 3.051368e-03 3.607094e-03 4.469422e-03 5.194604e-03 5.712792e-03 6.510896e-03 7.369488e-03 8.940956e-03 9.398411e-03 1.138891e-02 1.350950e-02 1.687876e-02 1.956855e-02 2.066602e-02 2.483633e-02 2.610900e-02 2.898242e-02 3.212957e-02 3.188309e-02 3.746899e-02 4.277082e-02 4.883918e-02 5.888794e-02 6.405070e-02 7.346743e-02 8.344691e-02 8.849167e-02 1.000505e-01 1.102814e-01 1.183418e-01 1.322127e-01 1.442370e-01 1.535894e-01 1.651563e-01 1.788476e-01 1.889807e-01 1.971561e-01 2.145180e-01 2.362981e-01 2.554307e-01 2.810580e-01 3.094503e-01 3.370495e-01 3.742012e-01 4.136291e-01 4.444182e-01 4.685563e-01 4.849862e-01 5.059602e-01 5.388877e-01 5.684565e-01 5.903031e-01 6.116058e-01 6.296666e-01 6.391944e-01 6.460220e-01 6.554694e-01 6.556463e-01 6.440329e-01 6.100705e-01 5.506024e-01 4.862933e-01 4.479301e-01 4.459797e-01 4.768313e-01 5.348135e-01 6.159828e-01 7.140165e-01 8.242130e-01 9.346065e-01 1.035693e+00 1.112641e+00 1.160087e+00 1.172480e+00 1.164679e+00 1.142527e+00 1.108816e+00 1.067571e+00 1.034332e+00 1.016742e+00 1.004791e+00 9.897121e-01 9.695726e-01 9.519282e-01 9.379669e-01 9.247803e-01 9.078378e-01 8.867676e-01 8.631995e-01 8.379750e-01 8.112780e-01 7.855645e-01 7.603925e-01 7.348411e-01 7.139637e-01 6.969485e-01 6.752746e-01 6.474828e-01 6.203841e-01 5.938994e-01 5.634614e-01 5.294675e-01 4.994957e-01 4.824326e-01 4.713401e-01 4.523964e-01 4.307082e-01 4.074037e-01 3.797822e-01 3.438193e-01 3.057540e-01 2.776860e-01 2.550341e-01 2.329667e-01 2.215230e-01 2.157682e-01 2.032762e-01 1.881475e-01 1.775221e-01 1.659833e-01 1.517067e-01 1.426916e-01 1.349980e-01 1.221255e-01 1.106667e-01 9.992576e-02 8.819079e-02 7.615451e-02 6.624264e-02 5.837038e-02 4.991010e-02 4.294473e-02 3.734393e-02 3.308484e-02 3.163838e-02 2.974670e-02 2.575229e-02 2.126572e-02 1.618871e-02 1.246817e-02 1.023768e-02 8.513724e-03 7.828628e-03 7.764071e-03 8.299201e-03 8.863223e-03 8.990207e-03 8.294951e-03 4.385303e-03 7.569677e-04 1.380953e-05 1.814481e-08 7.696297e-13 9.306732e-19 1.831775e-26 4.958222e-36 0.000000e+00 0.000000e+00 0.000000e+00 0.000000e+00 0.000000e+00
8.437927e-12 6.744381e-17 4.576212e-13 1.316094e-10 1.855461e-09 4.592101e-09 1.860891e-07 8.569119e-07 4.429883e-06 1.466378e-05 4.711386e-05 9.268097e-05 2.152973e-04 2.691762e-04 3.620672e-04 3.907359e-04 6.039874e-04 7.677021e-04 1.120941e-03 1.383547e-03 1.961858e-03 2.323615e-03 2.866379e-03 2.978331e-03 3.197985e-03 3.413839e-03 3.967317e-03 4.716326e-03 5.595358e-03 6.599294e-03 7.136527e-03 7.802424e-03 9.594924e-03 1.152249e-02 1.387246e-02 1.615461e-02 1.799907e-02 2.091623e-02 2.293715e-02 2.598943e-02 2.854962e-02 2.995584e-02 3.378338e-02 3.755020e-02 4.223503e-02 4.659303e-02 4.856887e-02 5.461666e-02 6.189791e-02 6.860722e-02 7.982824e-02 9.107772e-02 1.001334e-01 1.128738e-01 1.264217e-01 1.376762e-01 1.528524e-01 1.655275e-01 1.706566e-01 1.771769e-01 1.905494e-01 2.090419e-01 2.315077e-01 2.577969e-01 2.846865e-01 3.051898e-01 3.220890e-01 3.438539e-01 3.645781e-01 3.832738e-01 4.149179e-01 4.584679e-01 4.931989e-01 5.146934e-01 5.345565e-01 5.515069e-01 5.685605e-01 6.029955e-01 6.450409e-01 6.688185e-01 6.703833e-01 6.476586e-01 6.014806e-01 5.386252e-01 4.736414e-01 4.149419e-01 3.740728e-01 3.608532e-01 3.793482e-01 4.309415e-01 5.173850e-01 6.359053e-01 7.754143e-01 9.136860e-01 1.029923e+00 1.103801e+00 1.134553e+00 1.129474e+00 1.108049e+00 1.082865e+00 1.071385e+00 1.074159e+00 1.081890e+00 1.081011e+00 1.068000e+00 1.052374e+00 1.031406e+00 1.001031e+00 9.588376e-01 9.106243e-01 8.658088e-01 8.339148e-01 8.182586e-01 8.139493e-01 8.105699e-01 7.997751e-01 7.764304e-01 7.405528e-01 7.004054e-01 6.664594e-01 6.357253e-01 6.022946e-01 5.724620e-01 5.512335e-01 5.341662e-01 5.160304e-01 4.936897e-01 4.735647e-01 4.602123e-01 4.436532e-01 4.222388e-01 4.022832e-01 3.839711e-01 3.637744e-01 3.319629e-01 3.004135e-01 2.758299e-01 2.545315e-01 2.365913e-01 2.210734e-01 2.066996e-01 1.897127e-01 1.755651e-01 1.642251e-01 1.521780e-01 1.457934e-01 1.382007e-01 1.263023e-01 1.160123e-01 1.053460e-01 9.350226e-02 8.033101e-02 6.959854e-02 5.934027e-02 4.908586e-02 4.063534e-02 3.323298e-02 2.840848e-02 2.484917e-02 2.110329e-02 1.717130e-02 1.266752e-02 9.423557e-03 7.091946e-03 5.724462e-03 4.958470e-03 4.377711e-03 4.443478e-03 4.659308e-03 4.918242e-03 5.097795e-03 4.313522e-03 2.168799e-03 2.803729e-04 4.513891e-06 2.533036e-09 5.936546e-14 1.884264e-20 1.371372e-28 2.092242e-38 0.000000e+00 0.000000e+00 0.000000e+00 0.000000e+00 0.000000e+00
6.436579e-06 1.273070e-17 4.207640e-13 5.154391e-10 3.791867e-08 4.116988e-08 1.662754e-07 2.442002e-06 1.296416e-05 6.505971e-05 8.602106e-05 1.229996e-04 1.651143e-04 3.331827e-04 4.324254e-04 6.164508e-04 6.728672e-04 8.151712e-04 9.633187e-04 1.350166e-03 1.754342e-03 2.196176e-03 2.473910e-03 2.760032e-03 3.311881e-03 3.872439e-03 4.612000e-03 5.173477e-03 5.608249e-03 6.432997e-03 7.251900e-03 8.840241e-03 1.084119e-02 1.316293e-02 1.483571e-02 1.555015e-02 1.819698e-02 2.117342e-02 2.473759e-02 2.732569e-02 2.907639e-02 3.266678e-02 3.600616e-02 3.932896e-02 4.167193e-02 4.365976e-02 4.827513e-02 5.183902e-02 5.574042e-02 6.504203e-02 7.400382e-02 8.398125e-02 9.771734e-02 1.056201e-01 1.118118e-01 1.240877e-01 1.381456e-01 1.491154e-01 1.606833e-01 1.753845e-01 1.888200e-01 2.024941e-01 2.236387e-01 2.466291e-01 2.619039e-01 2.793190e-01 2.998548e-01 3.114825e-01 3.265792e-01 3.590230e-01 3.993218e-01 4.448226e-01 4.934540e-01 5.201359e-01 5.185288e-01 5.206479e-01 5.420102e-01 5.800158e-01 6.271723e-01 6.643273e-01 6.766257e-01 6.597816e-01 6.185388e-01 5.496910e-01 4.649132e-01 3.822768e-01 3.198969e-01 2.895902e-01 2.985858e-01 3.511626e-01 4.465923e-01 5.721781e-01 7.069343e-01 8.261809e-01 9.144334e-01 9.664007e-01 9.915779e-01 9.969977e-01 9.922451e-01 9.874693e-01 9.981315e-01 1.022081e+00 1.047985e+00 1.064205e+00 1.064474e+00 1.051748e+00 1.025992e+00 9.926782e-01 9.535578e-01 9.096477e-01 8.628914e-01 8.243529e-01 8.015000e-01 7.901823e-01 7.805176e-01 7.638045e-01 7.379579e-01 7.086136e-01 6.801755e-01 6.521277e-01 6.273610e-01 5.970759e-01 5.624281e-01 5.327373e-01 5.124302e-01 4.963173e-01 4.764813e-01 4.525862e-01 4.340638e-01 4.193252e-01 4.019236e-01 3.858170e-01 3.725635e-01 3.620510e-01 3.443315e-01 3.138964e-01 2.895652e-01 2.727833e-01 2.459546e-01 2.199715e-01 2.018898e-01 1.843771e-01 1.666827e-01 1.521947e-01 1.420730e-01 1.318621e-01 1.211243e-01 1.122773e-01 1.033574e-01 9.649920e-02 8.971805e-02 8.160940e-02 7.455561e-02 6.576212e-02 5.619954e-02 4.669273e-02 3.816311e-02 3.195858e-02 2.614325e-02 2.092911e-02 1.632440e-02 1.237387e-02 9.154798e-03 6.938029e-03 5.240257e-03 3.909301e-03 2.937964e-03 2.369751e-03 2.195921e-03 2.201834e-03 2.560689e-03 2.511627e-03 1.291682e-03 1.680247e-04 1.705893e-06 8.595289e-10 8.999464e-15 2.443132e-21 9.656074e-30 1.200377e-39 0.000000e+00 0.000000e+00 0.000000e+00 0.000000e+00 0.000000e+00
5.555646e-11 1.687312e-17 1.092899e-14 1.819510e-10 6.268696e-07 6.961189e-07 6.260773e-06 1.504768e-05 7.958019e-05 1.017575e-04 1.843407e-04 1.782227e-04 1.836473e-04 2.290430e-04 4.057964e-04 5.711859e-04 7.658266e-04 1.069207e-03 1.246707e-03 1.640152e-03 1.838501e-03 2.307654e-03 2.519266e-03 3.231189e-03 3.561561e-03 4.376619e-03 4.690642e-03 5.318678e-03 5.667855e-03 5.951053e-03 7.456093e-03 8.804210e-03 1.022307e-02 1.141525e-02 1.337287e-02 1.638924e-02 1.810365e-02 2.030540e-02 2.253287e-02 2.544299e-02 2.975529e-02 3.259404e-02 3.619255e-02 3.909377e-02 4.206504e-02 4.747460e-02 5.183947e-02 5.907536e-02 6.631789e-02 6.937488e-02 7.643142e-02 8.687015e-02 9.515554e-02 1.033843e-01 1.118737e-01 1.172092e-01 1.225564e-01 1.334661e-01 1.492987e-01 1.665353e-01 1.832551e-01 2.017898e-01 2.216560e-01 2.390408e-01 2.574219e-01 2.793193e-01 2.989382e-01 3.182381e-01 3.399459e-01 3.543979e-01 3.677438e-01 3.936369e-01 4.232718e-01 4.467991e-01 4.704885e-01 5.004387e-01 5.301673e-01 5.568684e-01 5.789118e-01 5.891071e-01 5.930598e-01 5.944383e-01 5.818278e-01 5.309101e-01 4.457138e-01 3.544414e-01 2.858305e-01 2.546929e-01 2.652516e-01 3.184265e-01 4.107849e-01 5.280378e-01 6.468171e-01 7.443006e-01 8.135380e-01 8.601801e-01 8.982100e-01 9.305594e-01 9.566137e-01 9.701853e-01 9.759605e-01 9.778851e-01 9.787346e-01 9.768931e-01 9.693145e-01 9.589267e-01 9.467331e-01 9.400718e-01 9.357523e-01 9.275535e-01 9.088315e-01 8.796328e-01 8.423723e-01 8.014610e-01 7.643195e-01 7.314551e-01 7.007334e-01 6.751539e-01 6.542779e-01 6.336342e-01 6.144395e-01 5.972384e-01 5.741456e-01 5.444177e-01 5.150210e-01 4.902968e-01 4.643299e-01 4.304053e-01 3.978653e-01 3.748892e-01 3.579325e-01 3.433623e-01 3.330705e-01 3.280261e-01 3.230639e-01 3.051875e-01 2.878824e-01 2.724820e-01 2.473488e-01 2.221788e-01 2.057117e-01 1.937215e-01 1.813653e-01 1.720010e-01 1.656694e-01 1.533475e-01 1.392448e-01 1.269089e-01 1.148257e-01 1.052588e-01 9.648644e-02 8.985408e-02 8.188348e-02 7.244007e-02 6.449186e-02 5.409990e-02 4.620229e-02 3.963938e-02 3.214775e-02 2.699126e-02 2.179662e-02 1.789790e-02 1.489372e-02 1.176476e-02 9.553734e-03 7.032544e-03 5.350032e-03 4.389931e-03 3.768974e-03 3.851848e-03 4.053656e-03 3.622760e-03 1.382597e-03 1.285307e-04 8.542066e-07 2.852700e-10 3.547431e-15 7.620035e-22 5.830996e-30 6.755604e-40 0.000000e+00 0.000000e+00 0.000000e+00 0.000000e+00 0.000000e+00
2.383566e-05 1.440815e-17 5.473781e-13 4.052323e-10 1.247074e-07 1.437068e-07 3.393121e-06 4.996428e-05 1.546594e-04 2.014366e-04 2.419444e-04 3.587922e-04 5.978624e-04 7.085709e-04 6.989800e-04 7.878509e-04 1.223200e-03 1.419865e-03 1.823670e-03 1.534080e-03 1.827623e-03 1.961923e-03 2.849160e-03 3.295525e-03 4.138952e-03 4.192564e-03 4.734633e-03 5.469984e-03 6.718214e-03 8.037227e-03 8.220638e-03 8.435346e-03 8.938119e-03 1.053998e-02 1.255743e-02 1.501779e-02 1.801723e-02 1.983478e-02 2.243525e-02 2.549578e-02 2.833523e-02 3.324228e-02 3.699286e-02 4.188810e-02 4.862261e-02 5.421946e-02 6.117880e-02 6.651650e-02 7.181141e-02 7.944459e-02 8.557335e-02 9.036437e-02 9.593037e-02 1.044882e-01 1.115742e-01 1.158426e-01 1.235743e-01 1.344074e-01 1.459646e-01 1.608304e-01 1.821130e-01 2.025220e-01 2.134766e-01 2.268243e-01 2.454763e-01 2.620660e-01 2.825004e-01 3.034379e-01 3.179579e-01 3.381798e-01 3.626623e-01 3.735531e-01 3.866266e-01 4.234576e-01 4.706323e-01 5.181583e-01 5.657951e-01 5.945747e-01 5.994609e-01 6.045304e-01 6.103919e-01 5.890744e-01 5.436685e-01 4.839058e-01 4.079099e-01 3.263438e-01 2.681747e-01 2.468721e-01 2.622854e-01 3.123500e-01 3.923017e-01 4.865874e-01 5.743610e-01 6.495221e-01 7.223920e-01 7.904873e-01 8.404711e-01 8.653722e-01 8.754354e-01 8.761587e-01 8.715339e-01 8.632799e-01 8.562555e-01 8.521971e-01 8.490241e-01 8.452271e-01 8.367785e-01 8.302894e-01 8.310468e-01 8.431330e-01 8.622113e-01 8.772067e-01 8.758479e-01 8.513292e-01 8.099446e-01 7.666413e-01 7.291553e-01 6.979458e-01 6.687880e-01 6.385862e-01 6.081204e-01 5.813885e-01 5.566614e-01 5.293844e-01 5.015305e-01 4.788168e-01 4.574722e-01 4.277875e-01 3.897043e-01 3.534431e-01 3.236348e-01 2.994157e-01 2.813675e-01 2.729276e-01 2.728561e-01 2.772814e-01 2.739502e-01 2.627911e-01 2.470460e-01 2.260363e-01 2.074074e-01 1.938043e-01 1.836761e-01 1.776383e-01 1.720228e-01 1.628500e-01 1.523280e-01 1.439182e-01 1.374419e-01 1.306458e-01 1.261047e-01 1.209122e-01 1.094897e-01 1.000059e-01 8.990335e-02 7.988894e-02 7.442383e-02 6.643894e-02 5.872897e-02 5.013417e-02 4.234063e-02 3.657821e-02 3.112138e-02 2.606450e-02 2.057656e-02 1.695575e-02 1.370751e-02 1.197808e-02 1.031489e-02 8.815407e-03 7.441232e-03 3.744634e-03 1.083709e-03 5.285428e-05 2.941946e-07 7.438598e-11 7.803177e-16 2.546405e-22 1.616472e-30 6.530373e-40 0.000000e+00 0.000000e+00 0.000000e+00 0.000000e+00 0.000000e+00
1.937921e-21 5.788362e-16 2.303460e-13 1.994733e-10 5.278099e-08 6.270609e-08 1.395977e-06 1.089201e-05 3.913163e-05 1.094875e-04 4.659650e-04 1.154786e-03 9.990626e-04 9.821176e-04 1.321515e-03 1.821885e-03 1.810203e-03 1.783915e-03 1.592453e-03 1.917115e-03 2.229635e-03 2.789707e-03 2.874154e-03 3.203428e-03 3.396893e-03 3.969098e-03 4.184563e-03 4.958589e-03 5.793387e-03 7.249610e-03 8.301906e-03 9.036952e-03 9.980269e-03 1.077262e-02 1.204619e-02 1.297870e-02 1.473031e-02 1.792090e-02 2.050648e-02 2.379265e-02 2.808822e-02 3.220107e-02 3.734576e-02 4.386380e-02 5.097004e-02 5.697364e-02 6.223475e-02 6.616065e-02 7.204145e-02 8.159275e-02 8.939414e-02 9.541345e-02 1.024838e-01 1.089322e-01 1.166059e-01 1.290616e-01 1.387318e-01 1.431670e-01 1.531978e-01 1.679406e-01 1.811195e-01 1.993198e-01 2.211811e-01 2.375843e-01 2.570737e-01 2.815701e-01 3.027288e-01 3.280575e-01 3.557276e-01 3.706689e-01 3.827989e-01 4.077015e-01 4.326681e-01 4.499081e-01 4.772630e-01 5.138699e-01 5.368611e-01 5.506272e-01 5.691115e-01 5.867860e-01 6.005250e-01 5.981059e-01 5.554376e-01 4.697184e-01 3.769998e-01 3.021013e-01 2.546513e-01 2.399385e-01 2.628633e-01 3.243642e-01 4.176124e-01 5.254983e-01 6.245666e-01 6.955389e-01 7.416218e-01 7.784646e-01 8.128199e-01 8.352038e-01 8.427666e-01 8.369361e-01 8.195806e-01 7.888423e-01 7.546082e-01 7.332260e-01 7.310525e-01 7.438416e-01 7.566528e-01 7.653043e-01 7.719740e-01 7.815763e-01 7.962919e-01 8.171666e-01 8.418999e-01 8.620774e-01 8.716131e-01 8.682130e-01 8.479591e-01 8.046553e-01 7.429806e-01 6.774561e-01 6.183863e-01 5.708801e-01 5.364256e-01 5.113756e-01 4.909223e-01 4.731781e-01 4.597337e-01 4.397016e-01 4.088733e-01 3.687905e-01 3.288617e-01 2.918930e-01 2.596081e-01 2.348652e-01 2.257300e-01 2.295072e-01 2.286141e-01 2.270398e-01 2.303622e-01 2.257351e-01 2.146759e-01 2.016245e-01 1.875924e-01 1.733524e-01 1.566564e-01 1.403033e-01 1.269863e-01 1.165725e-01 1.088550e-01 1.042350e-01 1.023819e-01 9.664923e-02 8.866784e-02 8.022397e-02 7.118307e-02 6.555547e-02 5.977943e-02 5.315885e-02 4.533775e-02 3.749387e-02 3.208414e-02 2.638460e-02 2.322227e-02 1.956750e-02 1.651061e-02 1.425092e-02 1.267521e-02 1.230936e-02 1.070976e-02 8.540603e-03 5.114396e-03 1.920656e-03 2.871163e-04 1.210228e-05 5.034782e-08 1.605504e-11 1.765888e-16 5.648054e-23 5.462148e-31 1.499151e-40 0.000000e+00 0.000000e+00 0.000000e+00 0.000000e+00 0.000000e+00
1.454197e-05 1.788934e-17 5.060762e-14 9.541939e-12 5.710617e-08 1.205135e-06 2.013516e-05 3.317946e-05 6.887701e-05 1.774215e-04 3.857901e-04 5.320209e-04 9.435341e-04 1.355219e-03 1.634693e-03 1.547804e-03 1.237041e-03 1.327399e-03 1.607134e-03 2.199999e-03 2.334441e-03 2.697766e-03 2.580107e-03 2.819770e-03 3.166800e-03 3.554714e-03 4.101072e-03 4.328857e-03 5.232467e-03 5.978339e-03 7.966802e-03 9.958021e-03 1.170560e-02 1.319345e-02 1.372632e-02 1.489068e-02 1.576944e-02 1.723729e-02 2.027191e-02 2.416403e-02 2.766641e-02 3.120721e-02 3.754337e-02 4.206885e-02 4.587598e-02 5.030915e-02 5.480205e-02 6.351940e-02 7.196098e-02 7.798597e-02 8.463194e-02 9.292765e-02 1.004836e-01 1.054312e-01 1.143039e-01 1.262277e-01 1.373007e-01 1.513172e-01 1.658896e-01 1.795302e-01 1.973097e-01 2.164489e-01 2.327316e-01 2.495634e-01 2.624047e-01 2.724613e-01 2.939345e-01 3.239005e-01 3.527918e-01 3.834611e-01 4.124503e-01 4.343468e-01 4.601585e-01 4.913782e-01 5.074663e-01 5.070220e-01 5.070381e-01 5.130261e-01 5.264465e-01 5.485002e-01 5.733171e-01 5.812741e-01 5.578728e-01 4.931976e-01 4.002813e-01 3.127879e-01 2.583252e-01 2.428175e-01 2.673279e-01 3.334289e-01 4.355773e-01 5.518398e-01 6.604915e-01 7.469022e-01 7.971431e-01 8.091524e-01 8.065310e-01 8.071721e-01 8.127108e-01 8.085564e-01 7.892773e-01 7.547939e-01 7.125658e-01 6.749336e-01 6.511358e-01 6.473922e-01 6.565721e-01 6.720332e-01 6.871812e-01 7.009518e-01 7.128277e-01 7.250840e-01 7.404583e-01 7.584584e-01 7.822142e-01 8.093066e-01 8.286197e-01 8.286107e-01 8.004679e-01 7.512392e-01 6.940427e-01 6.362602e-01 5.839336e-01 5.423411e-01 5.066957e-01 4.713403e-01 4.404420e-01 4.147350e-01 3.857617e-01 3.551759e-01 3.254347e-01 3.011772e-01 2.801161e-01 2.636934e-01 2.611020e-01 2.640615e-01 2.609722e-01 2.553737e-01 2.537428e-01 2.525809e-01 2.420475e-01 2.318896e-01 2.222704e-01 2.035683e-01 1.811291e-01 1.602276e-01 1.424504e-01 1.274059e-01 1.165487e-01 1.095820e-01 1.032774e-01 9.667719e-02 8.933776e-02 7.872012e-02 6.923851e-02 6.117298e-02 5.239148e-02 4.335775e-02 3.356446e-02 2.659998e-02 2.107886e-02 1.816214e-02 1.617760e-02 1.367303e-02 1.188619e-02 1.016370e-02 1.008859e-02 9.694617e-03 7.739082e-03 5.433807e-03 2.557028e-03 7.422288e-04 7.464508e-05 2.131890e-06 9.317310e-09 3.106517e-12 6.885879e-17 3.457856e-23 5.013496e-31 2.361748e-40 0.000000e+00 0.000000e+00 0.000000e+00 0.000000e+00 0.000000e+00
7.514045e-07 7.626521e-18 3.728715e-14 9.531339e-09 2.877706e-06 4.388163e-06 1.884743e-05 4.149667e-05 1.540242e-04 3.221823e-04 4.310199e-04 4.843208e-04 6.321490e-04 7.462839e-04 6.481662e-04 6.011998e-04 9.524018e-04 1.143545e-03 1.604706e-03 1.658652e-03 1.858986e-03 1.672903e-03 2.383078e-03 2.788287e-03 3.189059e-03 3.272670e-03 3.591876e-03 4.476401e-03 5.014898e-03 6.209203e-03 6.893655e-03 8.549242e-03 1.006770e-02 1.156655e-02 1.346244e-02 1.526133e-02 1.736611e-02 1.911164e-02 2.164226e-02 2.305152e-02 2.576467e-02 2.912394e-02 3.144192e-02 3.565481e-02 3.992015e-02 4.568515e-02 5.308399e-02 6.086605e-02 6.768154e-02 7.174936e-02 7.938963e-02 8.736587e-02 9.310126e-02 1.025492e-01 1.109838e-01 1.214881e-01 1.405220e-01 1.579770e-01 1.737603e-01 1.937830e-01 2.128323e-01 2.292368e-01 2.449049e-01 2.573580e-01 2.687839e-01 2.842146e-01 2.993343e-01 3.111224e-01 3.285408e-01 3.626485e-01 4.066567e-01 4.426807e-01 4.636067e-01 4.760329e-01 4.905620e-01 5.097938e-01 5.254355e-01 5.338632e-01 5.401138e-01 5.466632e-01 5.545850e-01 5.563198e-01 5.416933e-01 4.979656e-01 4.307183e-01 3.599055e-01 3.080400e-01 2.882997e-01 3.076431e-01 3.692794e-01 4.674637e-01 5.796582e-01 6.817279e-01 7.614140e-01 8.138992e-01 8.344651e-01 8.331560e-01 8.217064e-01 8.061621e-01 7.803850e-01 7.445413e-01 7.005045e-01 6.528433e-01 6.070029e-01 5.668287e-01 5.396026e-01 5.278983e-01 5.359877e-01 5.612685e-01 5.950094e-01 6.260834e-01 6.490988e-01 6.654823e-01 6.771845e-01 6.889633e-01 7.008172e-01 7.108702e-01 7.220253e-01 7.276864e-01 7.202090e-01 6.977054e-01 6.617591e-01 6.177928e-01 5.734705e-01 5.334834e-01 4.933536e-01 4.554313e-01 4.271652e-01 4.061733e-01 3.885514e-01 3.698733e-01 3.522163e-01 3.385803e-01 3.285666e-01 3.169321e-01 3.000582e-01 2.819149e-01 2.586957e-01 2.385103e-01 2.233139e-01 2.095052e-01 2.018954e-01 1.955660e-01 1.837803e-01 1.709803e-01 1.579939e-01 1.419729e-01 1.259835e-01 1.102807e-01 9.425472e-02 7.865962e-02 6.532173e-02 5.376095e-02 4.278045e-02 3.402248e-02 2.731385e-02 2.159685e-02 1.636806e-02 1.222659e-02 9.394635e-03 7.516558e-03 6.703677e-03 6.194021e-03 5.942270e-03 5.641650e-03 5.565621e-03 5.566336e-03 5.344905e-03 4.077655e-03 2.210952e-03 9.531146e-04 2.164016e-04 2.135580e-05 4.851030e-07 1.854581e-09 7.725762e-13 1.934709e-17 2.521008e-23 6.808473e-31 6.489105e-40 0.000000e+00 0.000000e+00 0.000000e+00 0.000000e+00 0.000000e+00
2.734119e-06 3.355986e-16 3.584155e-11 1.433603e-08 7.521718e-07 1.061602e-05 4.182302e-05 2.215888e-05 1.847625e-04 3.262518e-04 6.382656e-04 5.822950e-04 3.013839e-04 2.311768e-04 3.245216e-04 4.534410e-04 5.548725e-04 6.695372e-04 6.426613e-04 8.771624e-04 1.164051e-03 1.848543e-03 2.023009e-03 2.247141e-03 2.511328e-03 3.314560e-03 4.062976e-03 4.529443e-03 5.332949e-03 5.932850e-03 7.404341e-03 7.894848e-03 8.968838e-03 1.020379e-02 1.191119e-02 1.404247e-02 1.728796e-02 2.014911e-02 2.083012e-02 2.240062e-02 2.387169e-02 2.678651e-02 2.944705e-02 3.194369e-02 3.629864e-02 4.206073e-02 4.901085e-02 5.357142e-02 5.950030e-02 6.962067e-02 7.499747e-02 8.050723e-02 9.063691e-02 1.021107e-01 1.166103e-01 1.304409e-01 1.435438e-01 1.628166e-01 1.805238e-01 1.940695e-01 2.055391e-01 2.119151e-01 2.247206e-01 2.493066e-01 2.776620e-01 3.038242e-01 3.209262e-01 3.318890e-01 3.487495e-01 3.672137e-01 3.810010e-01 3.989063e-01 4.238007e-01 4.487621e-01 4.740826e-01 5.065161e-01 5.455803e-01 5.792549e-01 5.943230e-01 5.890245e-01 5.734612e-01 5.535203e-01 5.323649e-01 5.076326e-01 4.723500e-01 4.213011e-01 3.703105e-01 3.433734e-01 3.534326e-01 4.014440e-01 4.832851e-01 5.839220e-01 6.756251e-01 7.347901e-01 7.686924e-01 7.931064e-01 8.113441e-01 8.134418e-01 8.004985e-01 7.747102e-01 7.384485e-01 6.883927e-01 6.300638e-01 5.729586e-01 5.200778e-01 4.767738e-01 4.487168e-01 4.442647e-01 4.637960e-01 5.008985e-01 5.455619e-01 5.894880e-01 6.267127e-01 6.495020e-01 6.573427e-01 6.539356e-01 6.445968e-01 6.402165e-01 6.450728e-01 6.528038e-01 6.547524e-01 6.465691e-01 6.263006e-01 5.955476e-01 5.622444e-01 5.254728e-01 4.858510e-01 4.519300e-01 4.292474e-01 4.129825e-01 3.974763e-01 3.760030e-01 3.620754e-01 3.520572e-01 3.262262e-01 2.993485e-01 2.799073e-01 2.597967e-01 2.390212e-01 2.217875e-01 2.094509e-01 1.937420e-01 1.734509e-01 1.542804e-01 1.368083e-01 1.231944e-01 1.118753e-01 1.016836e-01 9.014487e-02 7.515229e-02 5.953214e-02 4.609622e-02 3.424188e-02 2.498164e-02 1.823545e-02 1.304893e-02 9.505224e-03 6.690113e-03 4.808461e-03 3.536291e-03 2.842775e-03 2.461078e-03 2.276110e-03 2.294018e-03 2.401720e-03 2.867644e-03 3.450230e-03 3.920815e-03 3.070883e-03 1.651412e-03 6.411606e-04 1.529157e-04 1.398587e-05 3.342308e-07 1.100618e-09 2.746321e-13 4.171515e-18 2.811925e-24 1.355096e-31 1.654877e-40 0.000000e+00 0.000000e+00 0.000000e+00 0.000000e+00 0.000000e+00
3.572439e-14 1.015402e-15 3.089740e-13 9.339325e-10 2.930926e-08 1.407158e-06 1.046927e-04 1.004126e-04 1.223789e-04 1.644523e-04 1.167046e-04 1.634094e-04 1.827669e-04 2.595681e-04 3.014303e-04 3.113668e-04 3.156450e-04 3.795730e-04 5.376899e-04 5.819321e-04 7.884243e-04 9.434951e-04 1.298351e-03 1.765200e-03 2.568068e-03 3.336425e-03 3.812780e-03 4.614180e-03 5.552344e-03 6.759092e-03 6.953353e-03 7.690151e-03 8.826424e-03 1.036721e-02 1.230672e-02 1.411922e-02 1.544314e-02 1.787314e-02 2.138152e-02 2.525955e-02 2.788445e-02 2.924510e-02 3.219353e-02 3.526457e-02 3.871247e-02 4.151655e-02 4.490007e-02 5.148517e-02 5.870993e-02 6.501996e-02 7.308435e-02 8.163869e-02 9.171703e-02 1.048586e-01 1.194898e-01 1.365051e-01 1.490908e-01 1.568263e-01 1.691282e-01 1.837682e-01 1.948485e-01 2.085345e-01 2.235180e-01 2.336248e-01 2.491796e-01 2.733108e-01 2.984954e-01 3.274598e-01 3.531946e-01 3.653827e-01 3.768773e-01 3.918742e-01 4.006980e-01 4.150564e-01 4.459113e-01 4.820533e-01 5.186635e-01 5.637826e-01 6.070076e-01 6.228499e-01 6.088285e-01 5.798066e-01 5.487230e-01 5.186602e-01 4.906143e-01 4.574442e-01 4.192450e-01 3.921140e-01 3.981538e-01 4.477100e-01 5.330846e-01 6.304088e-01 7.181398e-01 7.810528e-01 8.145599e-01 8.197977e-01 8.082159e-01 7.820558e-01 7.447044e-01 6.945686e-01 6.387514e-01 5.793490e-01 5.184160e-01 4.604368e-01 4.127740e-01 3.843832e-01 3.768007e-01 3.892866e-01 4.187799e-01 4.598242e-01 5.030233e-01 5.402570e-01 5.675956e-01 5.849299e-01 5.957344e-01 6.020079e-01 6.039632e-01 6.067207e-01 6.123247e-01 6.183347e-01 6.193734e-01 6.121700e-01 5.995868e-01 5.825347e-01 5.651012e-01 5.501439e-01 5.295012e-01 5.051826e-01 4.822970e-01 4.611410e-01 4.409793e-01 4.211417e-01 4.022869e-01 3.814293e-01 3.497454e-01 3.145884e-01 2.850811e-01 2.594030e-01 2.323350e-01 2.116603e-01 1.951253e-01 1.715327e-01 1.467079e-01 1.249706e-01 1.071822e-01 9.230663e-02 8.282740e-02 7.722168e-02 7.000712e-02 6.147171e-02 5.349580e-02 4.545956e-02 3.808751e-02 3.198880e-02 2.604892e-02 2.100934e-02 1.636106e-02 1.241541e-02 9.286845e-03 6.616247e-03 4.986397e-03 3.582680e-03 2.715072e-03 2.147922e-03 2.037543e-03 2.139835e-03 2.561609e-03 2.962211e-03 2.533847e-03 1.643308e-03 6.653809e-04 1.652041e-04 1.625302e-05 3.711215e-07 1.160892e-09 1.658932e-13 1.120978e-18 3.478699e-25 7.710159e-33 1.207078e-41 0.000000e+00 0.000000e+00 0.000000e+00 0.000000e+00 0.000000e+00
2.341297e-09 2.135338e-16 4.588616e-13 3.834334e-09 1.814056e-07 8.300696e-07 1.341541e-05 4.566344e-06 1.929323e-05 2.790596e-05 3.460326e-05 4.406495e-05 6.535740e-05 1.072861e-04 1.522980e-04 2.543717e-04 2.936332e-04 3.290442e-04 3.891005e-04 6.872176e-04 7.207777e-04 8.751560e-04 1.387145e-03 2.102171e-03 2.643630e-03 2.899001e-03 3.748416e-03 4.605582e-03 5.309608e-03 5.422827e-03 6.161092e-03 7.331596e-03 8.207517e-03 9.929917e-03 1.147773e-02 1.357915e-02 1.606122e-02 1.779388e-02 2.097788e-02 2.426881e-02 2.872575e-02 3.308114e-02 3.522747e-02 3.877277e-02 4.291751e-02 4.658182e-02 5.073530e-02 5.520220e-02 6.093760e-02 6.797926e-02 7.667264e-02 8.902904e-02 1.002657e-01 1.079105e-01 1.162130e-01 1.240275e-01 1.328966e-01 1.458702e-01 1.585347e-01 1.729021e-01 1.930138e-01 2.087375e-01 2.185875e-01 2.287420e-01 2.323772e-01 2.364545e-01 2.565932e-01 2.847978e-01 3.096929e-01 3.346425e-01 3.573529e-01 3.775935e-01 4.013487e-01 4.164237e-01 4.206643e-01 4.339426e-01 4.617238e-01 4.964714e-01 5.390284e-01 5.847268e-01 6.127807e-01 6.073823e-01 5.798769e-01 5.399998e-01 4.955598e-01 4.573230e-01 4.370338e-01 4.358998e-01 4.566074e-01 5.062475e-01 5.890962e-01 6.938432e-01 7.975663e-01 8.778398e-01 9.258741e-01 9.368669e-01 9.127507e-01 8.520233e-01 7.670439e-01 6.736852e-01 5.872824e-01 5.067880e-01 4.319224e-01 3.682146e-01 3.214530e-01 2.971946e-01 2.946779e-01 3.135743e-01 3.520652e-01 4.047347e-01 4.612838e-01 5.135394e-01 5.564049e-01 5.836673e-01 5.944968e-01 5.932898e-01 5.843218e-01 5.731083e-01 5.629760e-01 5.557962e-01 5.509591e-01 5.451339e-01 5.359365e-01 5.209105e-01 5.012057e-01 4.817862e-01 4.621590e-01 4.415225e-01 4.234267e-01 4.103328e-01 4.058956e-01 4.009750e-01 3.829725e-01 3.588814e-01 3.343187e-01 3.023042e-01 2.719982e-01 2.451194e-01 2.193718e-01 1.982322e-01 1.775446e-01 1.545212e-01 1.343901e-01 1.195182e-01 1.079630e-01 9.951754e-02 9.548604e-02 9.260941e-02 8.650751e-02 7.886970e-02 6.965613e-02 6.123180e-02 5.410515e-02 4.754214e-02 4.258799e-02 3.717747e-02 3.126372e-02 2.705719e-02 2.119116e-02 1.697137e-02 1.248326e-02 8.016938e-03 4.963404e-03 2.952936e-03 1.964611e-03 1.585481e-03 1.515816e-03 1.646027e-03 1.818629e-03 1.405910e-03 9.225573e-04 2.386347e-04 2.093382e-05 3.841846e-07 6.757178e-10 1.014395e-13 2.989786e-19 5.727257e-26 3.110218e-34 3.152922e-43 0.000000e+00 0.000000e+00 0.000000e+00 0.000000e+00 0.000000e+00
3.280373e-05 4.238974e-16 2.072763e-11 2.896745e-08 5.414405e-08 1.659587e-07 2.953762e-06 1.228718e-06 6.573579e-06 1.253659e-05 2.043361e-05 2.470338e-05 5.145263e-05 6.851954e-05 1.486306e-04 1.636636e-04 2.764728e-04 3.409331e-04 4.828791e-04 5.386656e-04 8.330665e-04 1.128240e-03 1.317830e-03 1.637075e-03 1.964941e-03 2.646290e-03 3.104302e-03 3.465219e-03 3.708962e-03 4.224691e-03 5.212847e-03 6.077174e-03 7.672678e-03 8.862781e-03 1.034445e-02 1.281122e-02 1.514659e-02 1.952141e-02 2.201955e-02 2.401887e-02 2.673469e-02 2.951257e-02 3.655875e-02 4.158190e-02 4.552080e-02 5.311736e-02 5.849698e-02 6.338803e-02 6.644958e-02 7.185129e-02 8.130340e-02 8.805990e-02 9.686182e-02 1.060924e-01 1.096674e-01 1.158076e-01 1.246034e-01 1.338279e-01 1.492003e-01 1.634846e-01 1.781305e-01 1.974912e-01 2.118871e-01 2.273979e-01 2.510838e-01 2.659558e-01 2.690034e-01 2.725066e-01 2.795213e-01 2.962218e-01 3.240957e-01 3.551292e-01 3.897526e-01 4.281746e-01 4.540969e-01 4.609848e-01 4.640392e-01 4.730434e-01 4.930625e-01 5.300801e-01 5.749128e-01 6.038831e-01 6.061834e-01 5.830971e-01 5.503697e-01 5.308280e-01 5.405719e-01 5.750939e-01 6.195361e-01 6.637839e-01 7.116897e-01 7.670821e-01 8.266885e-01 8.802844e-01 9.187850e-01 9.304743e-01 9.102823e-01 8.557137e-01 7.782326e-01 6.859346e-01 5.862246e-01 4.834949e-01 3.901200e-01 3.164753e-01 2.672955e-01 2.444965e-01 2.457549e-01 2.697740e-01 3.139003e-01 3.729780e-01 4.381223e-01 5.021109e-01 5.576355e-01 5.953050e-01 6.106529e-01 6.062641e-01 5.878567e-01 5.633740e-01 5.395018e-01 5.198015e-01 5.065475e-01 4.971503e-01 4.888516e-01 4.797475e-01 4.687721e-01 4.559548e-01 4.431176e-01 4.258398e-01 4.057165e-01 3.904200e-01 3.819790e-01 3.740211e-01 3.576440e-01 3.364882e-01 3.184152e-01 2.955849e-01 2.651005e-01 2.375044e-01 2.130480e-01 1.871488e-01 1.607013e-01 1.368553e-01 1.169801e-01 1.029278e-01 9.411028e-02 9.008843e-02 8.951315e-02 8.963877e-02 8.783989e-02 8.342198e-02 7.787892e-02 7.124355e-02 6.442466e-02 5.907171e-02 5.371571e-02 4.809198e-02 4.499615e-02 4.158096e-02 3.915831e-02 3.607398e-02 2.825713e-02 1.964866e-02 1.105518e-02 6.002377e-03 3.284195e-03 2.044562e-03 1.768046e-03 2.007515e-03 2.802271e-03 4.322265e-03 5.052107e-03 2.953599e-03 3.170022e-04 4.356458e-06 6.515737e-09 5.620377e-13 2.629427e-18 2.620427e-25 1.045782e-33 3.012792e-43 0.000000e+00 0.000000e+00 0.000000e+00 0.000000e+00 0.000000e+00
2.113148e-05 2.195345e-13 4.528394e-12 8.879326e-10 5.239345e-08 1.059630e-07 3.383652e-06 8.993488e-06 2.814591e-05 3.484192e-05 4.295856e-05 5.522253e-05 5.237770e-05 1.001593e-04 1.321335e-04 2.153223e-04 2.449169e-04 4.660055e-04 6.055568e-04 8.122062e-04 9.451072e-04 1.157592e-03 1.355663e-03 1.395317e-03 1.890634e-03 2.449277e-03 2.928687e-03 3.321335e-03 3.896996e-03 4.663946e-03 4.979895e-03 5.776762e-03 6.771589e-03 8.498505e-03 1.048054e-02 1.172727e-02 1.451839e-02 1.635427e-02 1.954271e-02 2.238819e-02 2.470590e-02 2.922679e-02 3.220931e-02 3.783851e-02 4.510998e-02 4.990051e-02 5.557222e-02 6.142704e-02 6.927641e-02 7.414233e-02 7.752468e-02 8.235352e-02 8.761366e-02 9.795213e-02 1.094644e-01 1.187842e-01 1.316659e-01 1.411039e-01 1.464927e-01 1.560815e-01 1.626381e-01 1.727135e-01 1.962090e-01 2.200301e-01 2.430388e-01 2.708991e-01 2.877892e-01 2.968940e-01 3.118486e-01 3.206556e-01 3.262390e-01 3.441258e-01 3.670669e-01 3.939452e-01 4.324394e-01 4.642757e-01 4.781113e-01 4.936374e-01 5.165864e-01 5.365347e-01 5.613948e-01 5.916622e-01 6.169317e-01 6.377332e-01 6.590687e-01 6.714165e-01 6.763021e-01 6.888949e-01 7.122344e-01 7.333933e-01 7.480763e-01 7.588827e-01 7.707497e-01 7.859793e-01 8.048525e-01 8.143061e-01 8.047737e-01 7.745492e-01 7.304652e-01 6.667202e-01 5.808360e-01 4.782662e-01 3.775044e-01 2.956430e-01 2.409484e-01 2.151208e-01 2.146895e-01 2.385881e-01 2.864723e-01 3.557994e-01 4.366069e-01 5.150490e-01 5.779521e-01 6.167499e-01 6.324756e-01 6.313592e-01 6.172212e-01 5.952165e-01 5.695582e-01 5.429056e-01 5.195917e-01 4.994490e-01 4.802436e-01 4.608418e-01 4.416026e-01 4.229651e-01 4.068030e-01 3.900436e-01 3.730297e-01 3.588539e-01 3.428276e-01 3.300986e-01 3.201138e-01 3.065169e-01 2.943936e-01 2.832851e-01 2.629588e-01 2.420088e-01 2.236533e-01 1.994556e-01 1.753421e-01 1.530328e-01 1.323874e-01 1.155966e-01 1.040510e-01 9.653756e-02 9.182867e-02 8.844110e-02 8.632535e-02 8.562878e-02 8.455586e-02 8.347873e-02 8.438791e-02 8.332863e-02 8.062874e-02 7.751576e-02 7.313872e-02 7.117813e-02 7.077091e-02 6.762385e-02 6.060142e-02 4.532871e-02 3.241625e-02 2.142233e-02 1.320570e-02 9.226005e-03 6.857045e-03 7.169959e-03 9.384316e-03 1.524902e-02 3.202917e-02 3.262002e-02 9.995939e-03 2.431093e-04 4.346689e-07 3.979875e-11 1.546126e-16 2.291401e-23 1.153581e-31 3.954604e-41 0.000000e+00 0.000000e+00 0.000000e+00 0.000000e+00 0.000000e+00
1.341714e-07 1.416048e-15 6.528228e-12 1.873442e-08 2.506175e-07 1.215593e-06 3.893182e-05 1.607574e-05 2.622930e-05 1.146588e-04 1.354168e-04 1.059914e-04 1.329276e-04 1.570847e-04 2.176190e-04 2.798459e-04 4.531719e-04 5.396010e-04 7.292225e-04 8.960071e-04 1.089114e-03 1.187647e-03 1.545580e-03 1.841714e-03 2.036955e-03 2.100120e-03 2.617960e-03 3.499475e-03 4.376010e-03 5.463579e-03 6.415043e-03 7.543098e-03 8.351363e-03 9.217610e-03 1.062076e-02 1.208241e-02 1.331508e-02 1.441656e-02 1.616002e-02 1.895697e-02 2.268530e-02 2.663039e-02 2.924158e-02 3.349023e-02 3.625862e-02 3.942633e-02 4.595160e-02 4.985104e-02 5.664003e-02 6.584916e-02 6.981381e-02 7.889239e-02 8.855042e-02 9.387797e-02 1.087357e-01 1.220475e-01 1.295431e-01 1.410944e-01 1.478727e-01 1.552283e-01 1.683231e-01 1.760366e-01 1.909360e-01 2.152315e-01 2.321991e-01 2.510261e-01 2.843488e-01 3.162621e-01 3.370770e-01 3.565521e-01 3.647694e-01 3.557395e-01 3.502922e-01 3.551153e-01 3.699380e-01 4.074701e-01 4.591380e-01 4.982716e-01 5.288759e-01 5.609158e-01 5.890129e-01 6.165442e-01 6.521741e-01 6.816456e-01 6.961365e-01 6.969231e-01 6.856395e-01 6.714749e-01 6.741643e-01 6.988266e-01 7.245410e-01 7.340665e-01 7.334648e-01 7.281623e-01 7.180398e-01 7.041835e-01 6.889466e-01 6.614885e-01 6.135298e-01 5.459689e-01 4.689525e-01 3.871314e-01 3.095500e-01 2.478262e-01 2.081338e-01 1.913758e-01 1.934891e-01 2.143650e-01 2.567550e-01 3.218687e-01 4.024235e-01 4.823039e-01 5.452207e-01 5.845420e-01 6.048232e-01 6.126985e-01 6.110486e-01 6.017178e-01 5.852558e-01 5.636271e-01 5.406626e-01 5.181213e-01 4.970230e-01 4.783311e-01 4.607923e-01 4.452051e-01 4.309282e-01 4.200978e-01 4.119416e-01 3.943119e-01 3.665551e-01 3.377406e-01 3.126815e-01 2.893893e-01 2.677087e-01 2.524307e-01 2.430436e-01 2.365025e-01 2.300299e-01 2.199206e-01 2.038034e-01 1.841328e-01 1.638758e-01 1.422222e-01 1.245394e-01 1.093808e-01 9.263819e-02 7.909204e-02 7.090399e-02 6.456169e-02 6.025641e-02 5.983067e-02 6.086155e-02 6.428228e-02 6.732394e-02 6.984729e-02 7.262674e-02 7.298042e-02 7.489675e-02 7.507828e-02 7.351033e-02 7.447334e-02 7.442959e-02 7.659949e-02 7.705890e-02 6.783926e-02 6.050701e-02 4.913456e-02 4.360019e-02 4.261173e-02 4.376619e-02 4.395648e-02 2.094944e-02 1.698739e-03 1.008017e-05 2.038238e-09 9.893670e-15 2.211884e-21 2.059973e-29 4.113798e-38 0.000000e+00 0.000000e+00 0.000000e+00 0.000000e+00 0.000000e+00
4.446621e-10 9.010426e-13 7.587156e-09 7.951012e-08 7.531048e-07 4.050651e-07 3.417628e-06 1.258339e-05 5.830542e-05 8.943838e-05 1.402705e-04 1.241464e-04 2.355305e-04 2.180814e-04 2.516016e-04 2.994945e-04 3.903461e-04 5.318594e-04 6.823848e-04 9.668638e-04 1.115140e-03 1.402081e-03 1.421159e-03 1.877856e-03 1.932560e-03 2.279896e-03 2.633638e-03 3.557008e-03 4.875497e-03 5.446033e-03 7.185093e-03 8.057961e-03 9.560823e-03 1.030623e-02 1.035235e-02 1.179085e-02 1.217657e-02 1.367388e-02 1.430793e-02 1.619831e-02 1.867935e-02 2.082299e-02 2.611104e-02 2.782535e-02 2.986905e-02 3.321157e-02 3.516551e-02 4.294199e-02 4.967208e-02 5.580502e-02 6.840313e-02 7.601571e-02 8.439455e-02 9.905999e-02 1.061168e-01 1.138083e-01 1.250108e-01 1.346462e-01 1.530167e-01 1.685150e-01 1.794891e-01 2.045555e-01 2.191351e-01 2.191267e-01 2.331560e-01 2.497033e-01 2.617979e-01 2.893902e-01 3.256092e-01 3.522163e-01 3.717767e-01 3.838007e-01 3.849567e-01 3.848801e-01 3.918615e-01 4.057239e-01 4.287701e-01 4.582988e-01 4.823790e-01 5.001580e-01 5.236425e-01 5.539711e-01 5.874062e-01 6.176609e-01 6.362305e-01 6.357090e-01 6.252784e-01 6.173346e-01 6.205592e-01 6.427115e-01 6.820248e-01 7.189417e-01 7.316881e-01 7.162325e-01 6.856697e-01 6.474670e-01 6.042677e-01 5.544068e-01 4.962545e-01 4.265688e-01 3.527956e-01 2.835902e-01 2.261334e-01 1.835035e-01 1.562068e-01 1.443563e-01 1.462372e-01 1.630121e-01 1.968170e-01 2.485747e-01 3.137413e-01 3.840021e-01 4.483474e-01 4.987936e-01 5.340831e-01 5.568188e-01 5.702534e-01 5.773825e-01 5.784760e-01 5.715936e-01 5.577877e-01 5.380141e-01 5.151877e-01 4.897923e-01 4.648342e-01 4.408412e-01 4.203379e-01 4.083616e-01 3.956357e-01 3.743211e-01 3.457209e-01 3.135532e-01 2.837167e-01 2.555680e-01 2.276716e-01 2.052009e-01 1.928289e-01 1.813235e-01 1.679317e-01 1.566325e-01 1.443288e-01 1.334592e-01 1.232157e-01 1.153761e-01 1.095901e-01 1.001890e-01 8.784277e-02 7.725339e-02 6.843797e-02 6.037300e-02 5.395720e-02 4.871175e-02 4.566776e-02 4.424986e-02 4.422555e-02 4.625863e-02 4.804246e-02 5.122314e-02 5.362552e-02 5.516569e-02 5.921230e-02 6.216748e-02 7.195000e-02 8.832500e-02 1.052774e-01 1.182578e-01 1.117596e-01 9.546767e-02 6.885691e-02 3.619106e-02 1.543349e-02 5.026741e-03 1.050346e-03 8.469791e-05 1.039223e-06 7.650261e-10 1.334338e-14 9.907589e-21 7.522759e-28 1.178326e-35 3.909623e-43 0.000000e+00 0.000000e+00 0.000000e+00 0.000000e+00
4.492075e-05 7.208363e-10 2.693267e-07 2.423851e-06 3.703748e-07 1.753174e-07 2.127422e-06 3.236675e-05 2.082069e-05 9.217004e-05 1.347490e-04 1.996306e-04 1.970279e-04 2.938063e-04 2.968394e-04 3.923237e-04 5.320346e-04 7.842231e-04 1.059418e-03 1.042858e-03 1.307956e-03 1.384861e-03 1.952981e-03 1.789251e-03 2.442082e-03 2.729204e-03 3.610449e-03 3.999391e-03 4.480219e-03 6.190366e-03 6.617782e-03 8.391900e-03 9.314166e-03 1.096953e-02 1.220745e-02 1.156666e-02 1.267615e-02 1.291551e-02 1.480931e-02 1.601357e-02 1.753139e-02 2.063473e-02 2.094208e-02 2.352951e-02 2.735489e-02 3.010632e-02 3.632353e-02 3.978410e-02 4.403535e-02 5.323473e-02 5.892364e-02 6.968728e-02 8.286238e-02 8.950220e-02 1.008604e-01 1.100664e-01 1.164914e-01 1.300637e-01 1.410146e-01 1.574646e-01 1.852336e-01 1.961730e-01 1.989216e-01 2.181217e-01 2.322579e-01 2.383341e-01 2.511227e-01 2.627331e-01 2.716765e-01 2.890846e-01 3.191134e-01 3.611303e-01 4.066544e-01 4.432921e-01 4.649253e-01 4.706301e-01 4.647285e-01 4.567589e-01 4.549434e-01 4.641032e-01 4.889570e-01 5.203722e-01 5.439129e-01 5.612649e-01 5.854041e-01 6.195957e-01 6.536580e-01 6.748226e-01 6.840300e-01 6.930311e-01 7.126605e-01 7.376633e-01 7.461990e-01 7.208762e-01 6.706343e-01 6.142868e-01 5.595152e-01 5.003620e-01 4.353368e-01 3.652816e-01 2.949402e-01 2.288246e-01 1.751333e-01 1.381676e-01 1.172203e-01 1.102099e-01 1.149542e-01 1.322322e-01 1.630578e-01 2.062001e-01 2.570654e-01 3.122347e-01 3.703097e-01 4.273299e-01 4.765898e-01 5.129871e-01 5.359340e-01 5.502940e-01 5.597922e-01 5.639284e-01 5.617185e-01 5.526342e-01 5.369924e-01 5.147626e-01 4.866429e-01 4.543151e-01 4.285233e-01 4.058434e-01 3.793226e-01 3.556144e-01 3.326138e-01 3.081416e-01 2.845992e-01 2.613229e-01 2.321463e-01 2.054432e-01 1.845566e-01 1.601056e-01 1.365181e-01 1.168789e-01 1.021202e-01 9.168656e-02 8.600497e-02 8.635963e-02 8.619422e-02 8.343344e-02 7.912260e-02 7.351683e-02 6.790449e-02 6.345967e-02 5.875274e-02 5.313437e-02 4.923465e-02 4.678287e-02 4.677793e-02 4.911015e-02 5.248377e-02 5.715708e-02 5.955440e-02 6.296314e-02 6.480335e-02 6.314520e-02 5.871745e-02 5.509285e-02 4.910419e-02 4.401218e-02 4.101416e-02 3.829175e-02 3.330260e-02 2.076165e-02 8.081103e-03 1.759306e-03 1.813406e-04 5.617398e-06 4.753877e-08 3.766150e-11 2.370241e-15 9.397354e-21 4.380872e-27 1.241897e-33 1.593174e-39 1.121039e-44 0.000000e+00 0.000000e+00 0.000000e+00
1.133747e-05 6.221047e-08 4.232104e-06 1.457609e-05 2.064669e-05 5.410259e-07 4.345944e-05 4.255467e-05 1.073715e-04 2.497289e-04 3.407142e-04 2.431083e-04 3.740833e-04 4.801634e-04 7.535217e-04 7.852862e-04 8.222807e-04 8.447186e-04 9.476118e-04 1.194135e-03 1.515259e-03 2.028921e-03 1.932471e-03 2.516224e-03 2.712050e-03 3.999833e-03 4.159287e-03 4.965660e-03 5.375471e-03 5.432222e-03 6.533512e-03 6.894369e-03 8.070325e-03 8.377730e-03 9.506365e-03 1.144582e-02 1.215599e-02 1.437867e-02 1.528427e-02 1.628945e-02 1.843186e-02 1.823054e-02 2.070083e-02 2.297268e-02 2.449725e-02 3.037248e-02 3.286487e-02 3.762956e-02 4.490877e-02 4.658050e-02 5.419677e-02 6.075582e-02 6.446555e-02 7.655668e-02 8.391287e-02 9.321143e-02 1.102971e-01 1.211758e-01 1.333823e-01 1.434719e-01 1.450591e-01 1.575194e-01 1.806979e-01 1.939946e-01 2.073140e-01 2.317741e-01 2.461880e-01 2.513520e-01 2.570624e-01 2.595968e-01 2.691154e-01 2.982991e-01 3.407271e-01 3.841630e-01 4.223322e-01 4.523910e-01 4.754751e-01 4.905014e-01 4.953916e-01 4.938498e-01 4.941992e-01 4.994972e-01 5.094585e-01 5.243897e-01 5.484481e-01 5.870485e-01 6.415212e-01 7.006133e-01 7.436199e-01 7.582272e-01 7.502875e-01 7.342266e-01 7.212204e-01 7.079423e-01 6.848783e-01 6.478645e-01 5.988301e-01 5.366862e-01 4.628595e-01 3.826374e-01 3.058413e-01 2.367053e-01 1.797542e-01 1.387650e-01 1.146432e-01 1.060749e-01 1.109709e-01 1.298949e-01 1.632177e-01 2.093735e-01 2.634926e-01 3.208183e-01 3.785617e-01 4.344554e-01 4.856215e-01 5.272048e-01 5.549672e-01 5.674049e-01 5.669732e-01 5.565479e-01 5.402828e-01 5.223014e-01 5.053417e-01 4.893186e-01 4.707755e-01 4.543602e-01 4.345014e-01 4.020758e-01 3.650625e-01 3.309841e-01 3.024554e-01 2.752087e-01 2.497023e-01 2.280688e-01 2.100969e-01 1.946075e-01 1.753748e-01 1.555642e-01 1.354507e-01 1.174430e-01 1.039743e-01 9.338534e-02 8.891869e-02 8.616006e-02 8.225254e-02 7.870238e-02 7.538506e-02 7.140067e-02 6.733726e-02 6.555331e-02 6.324573e-02 5.951895e-02 5.612011e-02 5.412222e-02 5.535837e-02 5.833969e-02 6.406004e-02 7.116939e-02 7.746632e-02 8.683384e-02 9.255598e-02 8.754662e-02 7.124548e-02 4.944086e-02 2.904507e-02 1.594593e-02 8.833798e-03 5.589949e-03 3.605275e-03 1.994732e-03 7.520593e-04 2.186422e-04 2.347143e-05 7.406650e-07 4.478577e-09 4.502439e-12 9.412520e-16 1.855867e-20 8.184360e-26 2.409902e-31 3.019414e-36 9.096809e-41 1.401298e-45 0.000000e+00 0.000000e+00
2.905888e-05 3.309054e-06 5.486682e-06 1.124551e-04 8.966504e-04 4.290994e-05 3.135633e-04 3.744213e-04 1.265978e-04 3.440714e-04 5.607421e-04 5.578654e-04 5.192211e-04 8.490273e-04 8.067935e-04 8.576739e-04 9.472074e-04 1.136252e-03 1.163163e-03 1.316432e-03 1.651231e-03 1.784222e-03 2.238075e-03 2.724399e-03 3.438178e-03 3.466997e-03 4.251070e-03 5.053370e-03 5.792483e-03 6.317087e-03 6.072467e-03 6.437296e-03 6.591693e-03 7.121477e-03 8.270772e-03 9.303643e-03 1.211619e-02 1.322644e-02 1.533993e-02 1.788815e-02 1.784707e-02 2.077297e-02 2.145376e-02 2.475174e-02 3.013346e-02 3.078825e-02 3.762453e-02 4.167635e-02 4.357175e-02 5.169517e-02 5.173088e-02 5.547615e-02 6.311014e-02 6.367791e-02 7.560685e-02 8.968759e-02 9.833661e-02 1.145798e-01 1.283551e-01 1.344186e-01 1.455755e-01 1.545788e-01 1.604566e-01 1.785446e-01 2.013088e-01 2.176134e-01 2.356286e-01 2.499324e-01 2.588657e-01 2.756161e-01 2.903409e-01 2.940236e-01 3.039371e-01 3.278966e-01 3.581706e-01 3.933721e-01 4.362997e-01 4.821451e-01 5.245393e-01 5.531433e-01 5.596557e-01 5.525566e-01 5.492541e-01 5.522173e-01 5.545081e-01 5.589219e-01 5.784334e-01 6.192494e-01 6.701087e-01 7.051199e-01 7.127111e-01 7.054709e-01 6.980879e-01 6.937052e-01 6.904010e-01 6.825986e-01 6.584318e-01 6.049452e-01 5.248630e-01 4.319485e-01 3.428691e-01 2.651601e-01 2.034004e-01 1.600014e-01 1.349605e-01 1.267379e-01 1.328249e-01 1.527974e-01 1.863534e-01 2.321179e-01 2.855161e-01 3.400249e-01 3.903582e-01 4.352575e-01 4.755252e-01 5.111289e-01 5.387392e-01 5.540667e-01 5.541185e-01 5.405443e-01 5.180697e-01 4.909377e-01 4.648484e-01 4.414525e-01 4.284380e-01 4.227734e-01 4.082363e-01 3.842662e-01 3.540974e-01 3.207341e-01 2.887627e-01 2.595167e-01 2.320176e-01 2.125203e-01 2.070499e-01 2.007892e-01 1.878590e-01 1.764584e-01 1.624889e-01 1.475365e-01 1.328560e-01 1.215488e-01 1.120301e-01 1.002784e-01 8.921134e-02 7.987683e-02 7.230520e-02 6.688023e-02 6.421870e-02 6.459351e-02 6.504052e-02 6.382225e-02 6.127380e-02 5.888091e-02 5.812518e-02 5.723212e-02 5.680382e-02 5.532336e-02 5.605836e-02 5.914881e-02 6.641473e-02 7.590219e-02 7.855251e-02 7.010069e-02 4.812660e-02 2.734558e-02 1.266353e-02 4.517934e-03 1.302329e-03 2.201191e-04 3.258073e-05 3.264569e-06 2.585666e-07 7.337947e-09 4.984275e-11 9.240209e-14 3.421540e-17 4.527088e-21 1.551450e-25 8.957380e-30 3.803533e-34 5.136144e-39 4.203895e-44 0.000000e+00 0.000000e+00
3.849503e-06 5.516715e-07 2.837217e-06 3.338346e-04 1.997091e-04 1.934118e-05 1.248621e-03 3.907350e-04 2.547438e-04 5.799246e-04 5.325282e-04 3.844466e-04 4.785521e-04 5.223158e-04 4.679319e-04 5.049868e-04 6.804846e-04 8.606022e-04 1.030051e-03 1.290590e-03 1.624355e-03 2.297723e-03 2.930683e-03 3.503283e-03 4.039702e-03 4.405046e-03 4.712385e-03 4.443271e-03 4.939588e-03 4.998420e-03 5.763102e-03 6.056545e-03 7.091537e-03 8.472460e-03 8.911243e-03 1.081991e-02 1.076984e-02 1.366600e-02 1.555624e-02 1.714069e-02 2.120333e-02 2.247255e-02 2.709694e-02 2.943466e-02 3.214058e-02 3.889054e-02 4.084183e-02 4.621640e-02 5.199285e-02 5.468900e-02 6.390932e-02 7.011922e-02 7.234742e-02 8.081134e-02 8.364736e-02 8.679678e-02 1.005269e-01 1.083866e-01 1.188866e-01 1.390406e-01 1.518092e-01 1.660464e-01 1.804759e-01 1.803009e-01 1.810420e-01 1.919232e-01 2.079183e-01 2.332305e-01 2.670425e-01 2.962019e-01 3.151328e-01 3.306116e-01 3.422265e-01 3.460323e-01 3.509542e-01 3.666002e-01 3.903454e-01 4.220395e-01 4.657232e-01 5.100365e-01 5.372088e-01 5.447395e-01 5.433478e-01 5.444477e-01 5.547995e-01 5.713518e-01 5.870494e-01 6.001453e-01 6.166504e-01 6.370280e-01 6.505296e-01 6.461315e-01 6.331820e-01 6.280971e-01 6.345266e-01 6.423438e-01 6.333304e-01 5.949327e-01 5.288702e-01 4.442571e-01 3.578710e-01 2.817680e-01 2.233061e-01 1.836758e-01 1.617011e-01 1.562552e-01 1.653450e-01 1.887890e-01 2.257314e-01 2.733128e-01 3.249024e-01 3.729435e-01 4.131141e-01 4.451109e-01 4.714393e-01 4.941555e-01 5.127287e-01 5.254797e-01 5.286465e-01 5.204827e-01 5.029554e-01 4.800627e-01 4.519226e-01 4.278284e-01 4.091301e-01 3.844160e-01 3.586817e-01 3.361925e-01 3.177733e-01 3.015994e-01 2.859383e-01 2.696454e-01 2.493894e-01 2.331977e-01 2.223413e-01 2.082869e-01 1.940577e-01 1.827555e-01 1.735181e-01 1.639400e-01 1.557082e-01 1.488425e-01 1.377366e-01 1.223338e-01 1.073926e-01 9.292169e-02 7.922698e-02 6.898062e-02 6.257231e-02 5.902682e-02 5.703857e-02 5.394557e-02 4.978872e-02 4.570261e-02 4.082799e-02 3.592224e-02 2.999647e-02 2.377551e-02 1.908583e-02 1.533284e-02 1.452876e-02 1.631872e-02 2.123355e-02 2.925649e-02 4.093175e-02 5.503910e-02 5.632912e-02 3.024209e-02 6.855522e-03 6.573353e-04 2.332366e-05 5.141703e-07 7.870193e-09 8.382165e-11 4.849220e-13 7.166847e-16 3.583340e-19 6.601069e-23 1.697771e-26 5.605396e-30 5.043249e-34 2.173916e-39 1.261169e-44 0.000000e+00 0.000000e+00
3.485171e-05 1.608531e-07 2.007829e-04 4.178142e-04 5.784401e-04 1.813995e-05 2.762351e-04 5.835915e-04 6.059115e-04 2.651383e-04 2.802265e-04 3.678886e-04 3.068468e-04 4.142589e-04 5.939487e-04 6.039101e-04 6.291749e-04 7.659955e-04 1.168847e-03 1.263206e-03 1.575585e-03 1.723371e-03 2.486563e-03 3.008916e-03 3.745998e-03 4.552072e-03 4.603999e-03 5.227725e-03 4.602854e-03 5.459795e-03 5.707048e-03 7.072477e-03 7.776532e-03 8.705838e-03 1.044158e-02 1.108417e-02 1.350101e-02 1.419779e-02 1.505756e-02 1.753092e-02 1.969803e-02 2.338133e-02 2.849085e-02 2.897840e-02 3.142145e-02 3.538470e-02 3.921451e-02 4.731336e-02 5.047603e-02 5.775423e-02 6.667694e-02 7.049450e-02 8.072631e-02 8.789723e-02 9.193911e-02 1.011695e-01 1.020687e-01 1.034238e-01 1.165729e-01 1.294715e-01 1.447883e-01 1.646907e-01 1.781648e-01 1.899351e-01 1.992673e-01 1.981582e-01 2.001427e-01 2.132076e-01 2.284873e-01 2.480579e-01 2.796312e-01 3.085335e-01 3.211446e-01 3.337587e-01 3.528947e-01 3.659319e-01 3.735895e-01 3.833619e-01 3.935786e-01 4.073009e-01 4.347295e-01 4.724366e-01 5.093294e-01 5.464034e-01 5.878807e-01 6.243078e-01 6.370349e-01 6.219146e-01 5.992355e-01 5.851641e-01 5.797350e-01 5.753847e-01 5.687302e-01 5.594348e-01 5.476450e-01 5.347006e-01 5.212100e-01 5.029632e-01 4.730588e-01 4.255843e-01 3.648377e-01 3.010870e-01 2.486300e-01 2.144520e-01 1.985045e-01 1.984989e-01 2.120753e-01 2.394541e-01 2.798308e-01 3.307019e-01 3.852645e-01 4.343938e-01 4.704934e-01 4.899760e-01 4.950380e-01 4.908675e-01 4.815853e-01 4.701354e-01 4.572752e-01 4.436529e-01 4.315437e-01 4.192633e-01 4.110601e-01 4.073820e-01 3.935037e-01 3.705698e-01 3.444779e-01 3.173104e-01 2.939901e-01 2.755772e-01 2.618871e-01 2.550127e-01 2.524284e-01 2.467579e-01 2.373149e-01 2.259104e-01 2.087891e-01 1.901010e-01 1.748116e-01 1.618682e-01 1.545020e-01 1.493897e-01 1.404245e-01 1.304137e-01 1.194559e-01 1.069911e-01 9.340383e-02 8.076932e-02 7.118032e-02 6.341959e-02 5.696658e-02 5.201202e-02 4.687985e-02 4.072538e-02 3.432093e-02 2.727499e-02 1.946629e-02 1.293082e-02 7.555530e-03 4.499595e-03 2.974880e-03 2.324288e-03 2.319865e-03 2.714117e-03 4.166249e-03 7.514561e-03 1.220311e-02 1.171537e-02 4.523421e-03 5.889322e-04 1.836333e-05 1.662557e-07 6.469441e-10 1.703741e-12 2.866624e-15 2.091778e-18 4.777708e-22 4.510066e-26 8.558307e-30 2.426478e-33 2.284968e-37 5.676660e-42 0.000000e+00 0.000000e+00 0.000000e+00
2.283896e-06 2.577321e-07 3.495200e-06 1.471003e-04 2.964363e-04 5.373164e-06 1.254068e-04 1.913865e-04 1.884073e-04 3.198993e-04 4.957648e-04 4.641503e-04 4.104936e-04 4.492102e-04 3.992696e-04 4.379188e-04 6.427895e-04 9.769929e-04 1.019600e-03 1.510219e-03 1.858194e-03 2.310468e-03 2.152232e-03 2.440163e-03 2.618454e-03 3.053821e-03 3.754629e-03 4.426268e-03 5.921460e-03 6.500428e-03 7.606192e-03 8.032140e-03 9.106040e-03 1.013365e-02 1.105362e-02 1.305245e-02 1.408846e-02 1.449821e-02 1.702132e-02 1.703208e-02 1.959291e-02 2.250018e-02 2.137528e-02 2.875899e-02 3.086981e-02 3.360098e-02 3.878045e-02 3.626041e-02 4.515630e-02 4.952516e-02 5.162786e-02 6.482276e-02 7.118955e-02 7.733961e-02 9.378949e-02 9.647538e-02 1.003117e-01 1.115597e-01 1.106228e-01 1.130357e-01 1.239145e-01 1.301043e-01 1.453025e-01 1.674578e-01 1.811562e-01 1.957475e-01 2.074370e-01 2.117856e-01 2.207028e-01 2.307598e-01 2.384163e-01 2.540140e-01 2.750825e-01 2.969320e-01 3.251812e-01 3.528400e-01 3.670791e-01 3.745827e-01 3.828547e-01 3.874245e-01 3.939186e-01 4.139224e-01 4.465549e-01 4.864593e-01 5.327457e-01 5.757563e-01 5.927683e-01 5.775932e-01 5.532513e-01 5.424965e-01 5.499392e-01 5.672858e-01 5.847518e-01 5.905868e-01 5.765727e-01 5.489786e-01 5.203009e-01 4.931169e-01 4.628370e-01 4.252408e-01 3.812693e-01 3.330846e-01 2.884912e-01 2.556121e-01 2.391568e-01 2.392413e-01 2.539566e-01 2.831324e-01 3.241135e-01 3.730670e-01 4.237260e-01 4.680716e-01 5.003197e-01 5.158018e-01 5.129619e-01 4.952588e-01 4.687965e-01 4.408846e-01 4.148932e-01 3.935671e-01 3.755893e-01 3.655138e-01 3.651801e-01 3.605836e-01 3.516123e-01 3.402746e-01 3.238550e-01 3.022606e-01 2.776556e-01 2.533099e-01 2.315829e-01 2.177177e-01 2.097290e-01 2.010491e-01 1.933388e-01 1.880111e-01 1.809193e-01 1.700844e-01 1.584006e-01 1.497142e-01 1.438445e-01 1.380732e-01 1.324713e-01 1.281614e-01 1.240931e-01 1.182402e-01 1.087833e-01 9.756041e-02 8.467847e-02 7.114583e-02 5.987223e-02 5.155085e-02 4.494720e-02 3.974985e-02 3.450526e-02 2.901204e-02 2.314539e-02 1.580125e-02 9.167390e-03 4.585501e-03 2.132936e-03 1.024880e-03 4.993710e-04 3.138621e-04 2.479333e-04 2.497602e-04 2.626275e-04 1.984278e-04 9.895079e-05 1.814658e-05 1.103204e-06 1.392150e-08 5.290559e-11 6.111356e-14 3.615072e-17 1.142845e-20 1.329390e-24 6.875439e-29 1.667378e-33 1.328258e-37 5.480478e-42 2.802597e-45 0.000000e+00 0.000000e+00 0.000000e+00
9.864501e-06 1.467816e-06 5.374362e-06 1.225670e-05 3.449222e-05 4.692803e-06 1.305119e-04 1.059369e-04 2.659823e-04 3.715940e-04 4.177270e-04 6.227075e-04 5.549560e-04 4.307159e-04 4.483141e-04 5.071826e-04 7.319441e-04 7.672739e-04 9.586267e-04 1.112300e-03 1.346072e-03 1.416056e-03 1.571493e-03 1.747038e-03 2.031161e-03 2.770067e-03 3.190472e-03 3.856311e-03 4.431973e-03 5.750940e-03 6.747821e-03 7.639333e-03 8.560361e-03 8.695422e-03 1.043636e-02 1.078332e-02 1.220354e-02 1.388598e-02 1.505172e-02 1.834702e-02 1.938757e-02 2.140713e-02 2.506015e-02 2.698018e-02 3.118208e-02 3.338680e-02 3.546418e-02 3.915524e-02 3.987166e-02 4.455508e-02 5.237500e-02 5.432568e-02 6.238875e-02 7.218137e-02 7.365584e-02 8.209887e-02 9.389959e-02 1.002132e-01 1.077800e-01 1.120159e-01 1.120483e-01 1.163434e-01 1.225061e-01 1.359292e-01 1.639063e-01 1.911560e-01 2.082225e-01 2.222209e-01 2.288465e-01 2.340467e-01 2.447920e-01 2.519409e-01 2.585324e-01 2.736473e-01 2.859634e-01 2.998473e-01 3.284586e-01 3.486092e-01 3.464421e-01 3.490738e-01 3.672660e-01 3.882137e-01 4.125807e-01 4.474069e-01 4.804875e-01 5.032950e-01 5.250908e-01 5.417045e-01 5.384196e-01 5.263958e-01 5.323871e-01 5.603044e-01 5.917788e-01 6.094549e-01 6.063232e-01 5.819449e-01 5.472678e-01 5.162870e-01 4.916831e-01 4.640452e-01 4.292043e-01 3.894815e-01 3.508109e-01 3.155628e-01 2.872033e-01 2.723750e-01 2.741479e-01 2.928673e-01 3.242963e-01 3.638659e-01 4.059491e-01 4.431000e-01 4.697782e-01 4.824939e-01 4.817037e-01 4.686769e-01 4.447110e-01 4.138479e-01 3.822935e-01 3.524292e-01 3.305722e-01 3.188339e-01 3.052797e-01 2.910469e-01 2.813284e-01 2.746831e-01 2.683457e-01 2.605952e-01 2.489033e-01 2.323970e-01 2.150254e-01 1.978101e-01 1.830927e-01 1.708184e-01 1.608303e-01 1.557500e-01 1.530218e-01 1.497329e-01 1.460685e-01 1.429739e-01 1.362184e-01 1.254617e-01 1.157501e-01 1.076089e-01 1.029958e-01 1.023932e-01 1.045938e-01 1.049134e-01 9.965032e-02 8.913457e-02 7.611831e-02 6.350712e-02 5.193784e-02 4.058127e-02 3.197511e-02 2.553554e-02 1.996709e-02 1.519421e-02 9.511918e-03 5.113384e-03 2.231908e-03 7.476303e-04 2.179517e-04 6.316188e-05 1.880987e-05 6.453567e-06 2.047699e-06 6.618414e-07 1.196443e-07 1.218306e-08 4.413300e-10 5.907869e-12 2.116827e-14 1.609113e-17 3.612538e-21 5.073852e-25 7.401933e-29 3.341320e-33 6.629929e-38 8.085492e-43 0.000000e+00 0.000000e+00 0.000000e+00 0.000000e+00 0.000000e+00
1.751977e-08 6.339135e-07 2.164911e-06 2.445545e-06 2.080960e-05 4.158760e-05 4.336991e-04 1.630256e-04 2.655009e-04 4.233244e-04 3.795487e-04 3.366366e-04 2.501445e-04 5.432049e-04 7.195375e-04 8.376604e-04 6.589392e-04 8.489337e-04 6.626936e-04 7.895931e-04 7.663133e-04 1.296725e-03 1.637256e-03 1.988323e-03 2.132976e-03 2.248789e-03 2.788710e-03 2.988535e-03 3.956135e-03 3.968728e-03 5.126466e-03 5.588073e-03 6.505407e-03 7.815288e-03 8.030791e-03 9.966429e-03 1.078953e-02 1.400674e-02 1.542881e-02 1.785544e-02 1.897667e-02 2.045435e-02 2.388466e-02 2.411355e-02 2.724333e-02 3.046705e-02 3.454386e-02 4.107845e-02 4.455821e-02 4.664167e-02 4.919577e-02 5.337845e-02 5.682880e-02 5.994908e-02 6.669248e-02 7.552943e-02 8.186978e-02 8.752035e-02 9.816408e-02 1.058580e-01 1.089923e-01 1.193800e-01 1.278776e-01 1.282122e-01 1.336831e-01 1.535016e-01 1.790237e-01 1.991941e-01 2.201741e-01 2.414464e-01 2.527292e-01 2.637056e-01 2.847230e-01 3.013362e-01 3.030274e-01 3.011774e-01 3.004453e-01 3.025682e-01 3.138710e-01 3.304588e-01 3.471123e-01 3.688021e-01 3.965377e-01 4.275420e-01 4.619254e-01 4.928730e-01 5.118734e-01 5.251924e-01 5.399324e-01 5.516874e-01 5.597901e-01 5.686585e-01 5.778172e-01 5.827621e-01 5.833484e-01 5.791963e-01 5.644972e-01 5.364813e-01 5.041585e-01 4.756632e-01 4.490593e-01 4.149574e-01 3.743557e-01 3.335161e-01 2.990423e-01 2.759249e-01 2.660844e-01 2.715612e-01 2.912439e-01 3.214348e-01 3.555877e-01 3.869358e-01 4.107058e-01 4.241597e-01 4.266442e-01 4.205009e-01 4.082675e-01 3.928964e-01 3.728234e-01 3.541414e-01 3.396179e-01 3.187951e-01 2.944955e-01 2.743030e-01 2.595644e-01 2.497465e-01 2.435821e-01 2.405124e-01 2.387194e-01 2.395200e-01 2.384911e-01 2.308651e-01 2.192432e-01 2.035356e-01 1.833200e-01 1.649867e-01 1.516345e-01 1.423596e-01 1.394159e-01 1.394092e-01 1.360119e-01 1.301129e-01 1.217463e-01 1.103771e-01 9.706035e-02 8.756161e-02 8.254715e-02 7.673833e-02 6.999722e-02 6.176025e-02 5.379252e-02 4.633498e-02 3.899070e-02 3.201854e-02 2.585187e-02 2.093889e-02 1.709587e-02 1.283354e-02 8.884516e-03 5.510575e-03 2.798793e-03 1.121267e-03 3.531974e-04 9.296388e-05 1.815307e-05 3.097273e-06 4.404386e-07 4.868128e-08 3.532758e-09 1.219781e-10 1.497461e-12 7.091483e-15 1.376176e-17 5.457093e-21 3.823318e-25 2.442714e-29 3.037630e-33 3.199856e-37 1.492243e-41 0.000000e+00 0.000000e+00 0.000000e+00 0.000000e+00 0.000000e+00 0.000000e+00
5.766690e-07 2.110414e-08 1.183547e-06 3.451504e-06 6.814199e-06 1.350670e-05 1.795576e-04 1.692129e-04 2.315797e-04 1.689055e-04 1.739145e-04 3.537117e-04 6.470674e-04 4.893545e-04 6.785062e-04 4.426878e-04 7.681620e-04 6.635085e-04 1.117707e-03 9.128875e-04 1.521447e-03 1.231568e-03 1.771827e-03 1.594222e-03 1.837822e-03 1.770827e-03 1.821329e-03 2.452777e-03 2.083965e-03 3.238255e-03 2.854682e-03 4.309551e-03 5.211788e-03 6.652554e-03 7.550215e-03 8.277723e-03 1.067986e-02 1.105712e-02 1.390646e-02 1.390682e-02 1.654239e-02 1.869590e-02 1.874389e-02 2.382728e-02 2.563973e-02 3.031373e-02 3.490010e-02 3.514747e-02 4.197624e-02 4.691462e-02 5.072505e-02 5.752709e-02 5.835136e-02 6.104373e-02 6.420805e-02 6.435159e-02 7.341234e-02 8.160035e-02 7.940414e-02 8.917831e-02 1.017152e-01 1.011850e-01 1.127295e-01 1.315795e-01 1.349054e-01 1.405572e-01 1.495927e-01 1.574119e-01 1.751261e-01 1.990751e-01 2.212631e-01 2.497559e-01 2.743436e-01 2.820282e-01 2.905115e-01 3.014771e-01 2.984155e-01 2.944963e-01 3.057454e-01 3.228289e-01 3.380678e-01 3.624761e-01 3.984286e-01 4.324805e-01 4.600069e-01 4.853539e-01 5.063505e-01 5.206946e-01 5.348620e-01 5.493596e-01 5.577719e-01 5.584954e-01 5.577902e-01 5.573426e-01 5.528390e-01 5.437188e-01 5.350996e-01 5.289266e-01 5.200337e-01 5.019673e-01 4.760353e-01 4.408624e-01 3.992710e-01 3.573049e-01 3.221031e-01 2.992643e-01 2.886788e-01 2.894469e-01 2.987393e-01 3.152282e-01 3.373162e-01 3.617891e-01 3.847172e-01 4.000641e-01 4.057816e-01 4.019676e-01 3.915376e-01 3.763168e-01 3.616649e-01 3.533088e-01 3.393700e-01 3.195606e-01 3.005952e-01 2.830549e-01 2.685577e-01 2.569453e-01 2.499550e-01 2.457308e-01 2.474732e-01 2.511325e-01 2.495412e-01 2.446728e-01 2.370702e-01 2.271242e-01 2.109388e-01 1.896665e-01 1.705048e-01 1.565790e-01 1.471363e-01 1.383165e-01 1.303896e-01 1.231741e-01 1.152376e-01 1.055792e-01 9.319257e-02 8.215979e-02 7.322297e-02 6.473101e-02 5.606996e-02 4.926698e-02 4.283427e-02 3.701940e-02 3.310546e-02 2.935460e-02 2.739523e-02 2.654035e-02 2.640315e-02 2.555882e-02 2.277136e-02 1.742555e-02 1.065678e-02 4.619974e-03 1.770198e-03 4.258994e-04 7.170165e-05 7.852498e-06 5.974389e-07 3.090161e-08 9.869559e-10 1.675018e-11 8.723723e-14 1.802649e-16 1.769708e-19 4.096060e-23 2.523856e-27 1.081907e-31 2.797418e-35 1.363636e-38 1.967423e-42 0.000000e+00 0.000000e+00 0.000000e+00 0.000000e+00 0.000000e+00 0.000000e+00
8.672468e-06 7.083863e-07 4.389109e-07 2.224390e-06 1.106729e-05 4.780591e-06 9.390656e-06 1.946339e-05 7.791040e-05 1.257530e-04 1.285782e-04 3.070149e-04 2.411938e-04 3.999933e-04 3.794417e-04 7.591415e-04 7.439161e-04 1.312391e-03 1.105464e-03 1.575052e-03 1.028503e-03 1.083604e-03 6.709704e-04 9.352976e-04 7.808087e-04 1.526497e-03 2.272708e-03 2.671532e-03 3.125067e-03 3.016047e-03 4.101632e-03 4.195709e-03 5.081802e-03 5.711209e-03 7.204203e-03 8.679519e-03 9.008639e-03 9.986063e-03 9.933815e-03 1.228345e-02 1.407178e-02 1.644363e-02 1.973772e-02 1.968808e-02 2.409234e-02 2.512700e-02 2.813338e-02 3.418072e-02 3.571472e-02 4.408375e-02 4.945895e-02 5.132886e-02 6.018252e-02 6.239016e-02 6.650856e-02 7.542975e-02 7.293076e-02 7.777584e-02 8.475649e-02 8.190937e-02 8.836459e-02 1.030376e-01 1.106209e-01 1.215478e-01 1.342299e-01 1.343792e-01 1.363301e-01 1.471189e-01 1.555767e-01 1.633639e-01 1.804646e-01 1.981776e-01 2.121680e-01 2.297864e-01 2.519366e-01 2.720058e-01 2.874113e-01 2.997052e-01 3.116792e-01 3.277003e-01 3.444908e-01 3.556861e-01 3.670305e-01 3.850904e-01 4.069143e-01 4.307137e-01 4.593511e-01 4.907242e-01 5.151539e-01 5.237116e-01 5.174311e-01 5.023416e-01 4.849280e-01 4.705450e-01 4.634589e-01 4.645989e-01 4.686244e-01 4.708664e-01 4.700364e-01 4.631753e-01 4.466207e-01 4.167988e-01 3.806871e-01 3.467816e-01 3.210040e-01 3.065985e-01 3.019761e-01 3.047342e-01 3.102924e-01 3.172910e-01 3.262616e-01 3.383075e-01 3.535610e-01 3.693931e-01 3.816621e-01 3.866420e-01 3.833215e-01 3.766922e-01 3.745080e-01 3.678769e-01 3.546126e-01 3.397762e-01 3.232334e-01 3.053138e-01 2.870093e-01 2.705432e-01 2.559422e-01 2.485532e-01 2.469746e-01 2.418784e-01 2.351394e-01 2.296549e-01 2.232954e-01 2.176796e-01 2.103302e-01 1.959470e-01 1.805398e-01 1.676781e-01 1.514777e-01 1.356839e-01 1.236440e-01 1.154001e-01 1.099544e-01 1.034085e-01 9.528071e-02 8.379144e-02 7.075005e-02 5.875139e-02 4.701220e-02 3.826909e-02 3.128761e-02 2.558729e-02 2.135722e-02 1.832685e-02 1.578095e-02 1.407709e-02 1.348621e-02 1.380446e-02 1.544802e-02 1.516329e-02 1.224298e-02 7.963834e-03 3.530034e-03 9.883319e-04 1.779825e-04 1.668059e-05 1.077076e-06 3.085650e-08 6.384118e-10 6.592186e-12 2.637883e-14 2.907176e-17 1.535305e-20 3.119168e-24 3.740434e-28 8.466978e-32 6.569455e-35 3.125354e-37 1.386080e-40 5.605194e-45 0.000000e+00 0.000000e+00 0.000000e+00 0.000000e+00 0.000000e+00
2.657928e-06 1.881169e-06 7.285195e-06 8.336354e-06 7.570070e-06 1.014190e-06 5.025835e-06 9.416382e-06 5.342382e-05 7.809897e-05 1.460779e-04 1.595711e-04 2.883060e-04 2.616310e-04 5.250758e-04 7.763490e-04 1.290810e-03 1.137575e-03 8.686016e-04 7.562499e-04 1.081526e-03 1.423486e-03 1.469193e-03 1.696558e-03 2.299764e-03 2.731741e-03 3.320670e-03 3.223603e-03 3.513754e-03 3.635850e-03 4.107493e-03 4.460568e-03 4.643508e-03 5.520282e-03 5.837309e-03 6.750096e-03 6.841943e-03 7.552944e-03 9.617978e-03 1.049147e-02 1.292026e-02 1.376938e-02 1.589656e-02 1.942470e-02 1.941051e-02 2.240190e-02 2.374015e-02 2.693589e-02 3.485762e-02 3.579130e-02 4.079978e-02 4.777021e-02 5.151431e-02 6.110832e-02 6.834672e-02 7.015935e-02 7.483839e-02 7.846201e-02 8.245416e-02 9.194967e-02 9.891352e-02 1.009403e-01 1.057079e-01 1.137533e-01 1.195942e-01 1.289756e-01 1.422596e-01 1.466274e-01 1.529535e-01 1.656837e-01 1.728861e-01 1.717281e-01 1.760682e-01 1.908633e-01 2.087293e-01 2.282198e-01 2.554535e-01 2.865470e-01 3.084544e-01 3.188892e-01 3.276733e-01 3.383054e-01 3.458934e-01 3.507584e-01 3.614755e-01 3.819054e-01 4.047101e-01 4.189451e-01 4.228933e-01 4.223536e-01 4.251508e-01 4.347492e-01 4.486712e-01 4.586195e-01 4.594060e-01 4.559753e-01 4.571048e-01 4.646072e-01 4.717883e-01 4.683800e-01 4.518313e-01 4.253567e-01 3.971534e-01 3.734492e-01 3.576283e-01 3.495384e-01 3.460006e-01 3.464351e-01 3.493609e-01 3.536003e-01 3.565920e-01 3.562355e-01 3.550171e-01 3.558886e-01 3.608079e-01 3.674807e-01 3.747433e-01 3.837017e-01 3.853770e-01 3.766114e-01 3.652225e-01 3.521080e-01 3.375221e-01 3.193677e-01 2.996848e-01 2.768834e-01 2.581923e-01 2.486391e-01 2.386394e-01 2.294934e-01 2.219905e-01 2.148036e-01 2.058169e-01 1.979682e-01 1.922382e-01 1.849146e-01 1.789886e-01 1.708576e-01 1.544346e-01 1.342451e-01 1.127734e-01 9.264788e-02 7.766587e-02 6.754151e-02 6.048686e-02 5.430605e-02 4.899359e-02 4.509235e-02 4.170634e-02 3.772445e-02 3.384238e-02 3.011907e-02 2.562745e-02 2.060225e-02 1.494116e-02 1.023992e-02 6.946712e-03 5.356395e-03 4.620817e-03 4.283862e-03 4.498594e-03 5.160580e-03 4.705450e-03 2.759168e-03 7.167625e-04 8.192939e-05 3.602335e-06 6.323604e-08 4.764749e-10 2.265480e-12 3.919369e-15 2.772156e-18 5.790858e-22 1.273886e-25 4.536070e-29 1.123634e-31 2.917487e-33 1.051591e-34 2.114027e-37 2.647053e-42 0.000000e+00 0.000000e+00 0.000000e+00 0.000000e+00 0.000000e+00
5.531616e-06 1.813781e-07 1.599323e-05 8.439463e-06 3.926873e-05 1.204549e-05 1.137718e-05 3.413208e-05 5.646033e-05 8.240504e-05 1.149960e-04 3.306056e-04 3.131033e-04 4.466230e-04 5.763115e-04 7.834455e-04 6.661649e-04 6.307223e-04 1.338800e-03 1.234615e-03 1.689136e-03 1.230845e-03 2.398848e-03 2.122004e-03 2.607716e-03 2.367520e-03 2.351541e-03 2.888470e-03 2.456794e-03 3.655608e-03 2.951845e-03 3.555708e-03 3.866793e-03 3.750417e-03 4.656092e-03 3.910093e-03 5.932319e-03 6.759868e-03 7.585058e-03 1.004869e-02 9.736332e-03 1.335736e-02 1.513507e-02 1.626413e-02 2.196442e-02 2.203714e-02 2.553097e-02 2.913388e-02 3.003225e-02 3.568953e-02 3.953912e-02 4.168797e-02 4.768976e-02 5.156443e-02 5.439581e-02 6.317999e-02 7.100494e-02 7.647259e-02 8.680343e-02 9.472473e-02 9.860183e-02 1.082711e-01 1.139809e-01 1.141080e-01 1.217636e-01 1.286296e-01 1.343370e-01 1.470106e-01 1.561704e-01 1.544560e-01 1.547155e-01 1.611804e-01 1.670046e-01 1.752291e-01 1.927014e-01 2.155154e-01 2.374650e-01 2.609971e-01 2.868580e-01 3.111146e-01 3.318900e-01 3.518778e-01 3.726463e-01 3.867650e-01 3.833440e-01 3.616166e-01 3.366474e-01 3.245452e-01 3.328255e-01 3.591523e-01 3.959013e-01 4.298386e-01 4.492599e-01 4.532586e-01 4.499875e-01 4.447978e-01 4.407802e-01 4.405367e-01 4.430467e-01 4.400362e-01 4.300953e-01 4.169873e-01 4.060467e-01 3.957448e-01 3.848456e-01 3.761501e-01 3.721715e-01 3.746934e-01 3.801822e-01 3.850772e-01 3.851560e-01 3.787933e-01 3.690735e-01 3.592778e-01 3.527572e-01 3.528207e-01 3.583360e-01 3.614471e-01 3.563788e-01 3.469548e-01 3.343098e-01 3.211276e-01 3.072973e-01 2.948436e-01 2.819148e-01 2.704664e-01 2.631370e-01 2.502762e-01 2.327083e-01 2.165721e-01 2.023629e-01 1.898167e-01 1.784547e-01 1.688243e-01 1.613262e-01 1.557786e-01 1.484768e-01 1.390245e-01 1.280092e-01 1.143594e-01 9.979440e-02 8.413215e-02 7.004505e-02 5.949460e-02 5.092481e-02 4.404015e-02 3.929669e-02 3.696253e-02 3.572045e-02 3.354038e-02 3.158213e-02 3.048934e-02 2.922837e-02 2.614046e-02 1.988958e-02 1.266383e-02 6.760083e-03 3.393513e-03 1.627874e-03 8.487602e-04 5.466306e-04 4.870165e-04 5.704872e-04 6.737467e-04 4.477311e-04 1.284393e-04 1.293056e-05 3.321115e-07 2.076195e-09 4.804091e-12 4.007894e-15 1.216882e-18 1.572844e-22 1.511416e-26 9.679834e-30 6.090495e-32 8.859826e-33 4.172092e-33 1.848108e-35 1.884707e-39 8.407791e-45 0.000000e+00 0.000000e+00 0.000000e+00 0.000000e+00
2.047935e-08 1.255465e-07 1.823091e-06 4.657399e-06 1.192444e-05 3.929668e-05 4.030603e-05 1.609247e-05 7.205201e-05 6.555456e-05 1.000590e-04 1.685878e-04 4.453998e-04 4.794126e-04 5.812747e-04 8.354287e-04 9.357869e-04 1.359085e-03 9.139509e-04 1.422147e-03 9.566495e-04 1.815264e-03 1.021752e-03 2.057028e-03 1.547489e-03 1.948979e-03 2.103626e-03 1.821821e-03 2.508002e-03 1.398809e-03 2.372550e-03 1.964449e-03 2.736926e-03 3.541329e-03 3.355733e-03 5.705694e-03 5.192483e-03 7.367390e-03 8.430902e-03 8.434885e-03 1.249970e-02 1.199537e-02 1.490492e-02 1.787077e-02 1.799256e-02 2.240475e-02 2.425590e-02 2.608871e-02 2.942300e-02 3.102744e-02 3.389848e-02 3.692459e-02 3.861272e-02 4.250988e-02 4.788921e-02 5.279134e-02 6.047485e-02 7.034650e-02 7.662454e-02 8.245523e-02 9.140730e-02 9.741697e-02 1.030850e-01 1.159655e-01 1.297032e-01 1.380627e-01 1.453586e-01 1.482136e-01 1.474727e-01 1.504531e-01 1.524615e-01 1.577291e-01 1.762494e-01 1.969702e-01 2.066772e-01 2.175800e-01 2.348807e-01 2.486823e-01 2.624597e-01 2.858022e-01 3.137793e-01 3.384836e-01 3.592936e-01 3.724428e-01 3.730851e-01 3.606680e-01 3.405702e-01 3.212085e-01 3.138369e-01 3.217451e-01 3.396607e-01 3.595655e-01 3.760145e-01 3.842494e-01 3.838524e-01 3.818692e-01 3.847760e-01 3.914714e-01 3.975932e-01 4.002211e-01 4.011938e-01 3.987103e-01 3.936291e-01 3.867712e-01 3.806051e-01 3.779619e-01 3.787386e-01 3.839239e-01 3.914907e-01 3.970986e-01 3.966991e-01 3.907679e-01 3.815366e-01 3.716938e-01 3.659319e-01 3.643033e-01 3.598323e-01 3.513186e-01 3.412662e-01 3.291768e-01 3.165974e-01 3.036057e-01 2.913265e-01 2.794855e-01 2.699861e-01 2.667751e-01 2.621944e-01 2.519417e-01 2.383137e-01 2.205122e-01 1.995985e-01 1.772816e-01 1.567201e-01 1.385489e-01 1.257959e-01 1.179340e-01 1.094974e-01 1.012909e-01 9.387803e-02 8.641633e-02 7.879530e-02 7.096493e-02 6.497325e-02 6.030328e-02 5.543367e-02 5.091281e-02 4.703062e-02 4.484243e-02 4.391970e-02 4.189630e-02 3.986766e-02 3.806983e-02 3.702269e-02 3.761126e-02 3.621768e-02 3.245955e-02 2.425804e-02 1.355677e-02 6.063582e-03 2.291690e-03 7.857955e-04 2.807462e-04 1.155104e-04 5.341796e-05 1.990087e-05 5.865169e-06 1.154714e-06 8.713359e-08 2.202771e-09 1.455059e-11 3.357418e-14 2.056386e-17 4.516933e-21 1.066709e-24 1.083608e-27 9.909148e-30 9.696447e-31 2.371693e-31 5.138690e-33 4.590450e-36 2.862446e-40 1.401298e-45 0.000000e+00 0.000000e+00 0.000000e+00
3.758737e-06 5.200920e-09 3.929561e-07 7.352590e-08 8.532948e-07 5.460489e-05 1.253741e-04 2.754208e-05 3.775827e-05 8.658454e-05 1.391005e-04 2.059336e-04 4.293629e-04 5.263924e-04 5.751534e-04 6.837510e-04 9.591394e-04 7.057067e-04 8.639839e-04 6.018957e-04 1.020713e-03 6.336677e-04 1.185416e-03 7.973553e-04 1.436733e-03 1.238455e-03 1.549788e-03 1.880959e-03 1.687332e-03 2.827825e-03 2.317013e-03 3.745280e-03 3.502926e-03 4.285465e-03 6.080625e-03 6.093802e-03 8.833859e-03 8.215163e-03 1.030734e-02 1.210972e-02 1.131519e-02 1.383677e-02 1.419835e-02 1.613785e-02 1.835716e-02 2.008256e-02 2.336425e-02 2.657748e-02 2.969983e-02 3.000588e-02 3.109588e-02 3.489841e-02 3.728300e-02 4.104241e-02 4.589062e-02 5.093826e-02 5.927832e-02 6.362931e-02 6.813484e-02 7.733876e-02 8.018641e-02 8.753853e-02 1.062974e-01 1.180404e-01 1.259350e-01 1.391505e-01 1.452353e-01 1.466698e-01 1.552789e-01 1.674534e-01 1.792771e-01 1.897216e-01 1.973635e-01 2.098352e-01 2.269602e-01 2.376899e-01 2.434165e-01 2.527635e-01 2.627825e-01 2.733946e-01 2.894745e-01 3.048328e-01 3.138880e-01 3.236507e-01 3.394421e-01 3.574567e-01 3.713149e-01 3.734508e-01 3.587279e-01 3.318286e-01 3.063004e-01 2.915336e-01 2.911614e-01 3.052906e-01 3.303997e-01 3.575082e-01 3.750270e-01 3.780119e-01 3.695518e-01 3.568344e-01 3.480361e-01 3.424975e-01 3.383041e-01 3.325579e-01 3.263249e-01 3.237017e-01 3.244041e-01 3.299260e-01 3.385335e-01 3.487864e-01 3.585418e-01 3.643557e-01 3.661164e-01 3.653364e-01 3.628908e-01 3.556524e-01 3.459282e-01 3.375432e-01 3.293842e-01 3.201616e-01 3.091197e-01 2.973901e-01 2.855684e-01 2.744450e-01 2.664355e-01 2.561985e-01 2.417645e-01 2.271165e-01 2.127934e-01 1.976018e-01 1.814279e-01 1.645941e-01 1.476578e-01 1.320121e-01 1.197743e-01 1.107647e-01 1.035819e-01 9.695102e-02 9.171811e-02 8.771480e-02 8.414155e-02 8.197437e-02 7.991269e-02 7.898621e-02 7.820445e-02 7.648070e-02 7.351112e-02 6.781188e-02 6.221463e-02 5.750182e-02 5.208698e-02 4.656275e-02 4.250461e-02 3.984746e-02 3.970222e-02 3.976515e-02 3.862246e-02 3.282489e-02 2.253961e-02 1.150884e-02 3.994635e-03 1.087561e-03 2.574096e-04 4.315967e-05 5.962566e-06 6.143792e-07 5.171611e-08 3.117735e-09 1.174094e-10 2.853352e-12 2.905187e-14 1.059835e-16 1.644493e-19 4.278729e-22 5.722660e-24 1.871064e-25 1.600675e-26 1.878382e-27 6.072729e-29 4.755322e-31 6.531106e-35 6.091641e-40 1.863727e-43 1.401298e-45 0.000000e+00
2.805836e-10 1.489841e-11 1.683058e-08 2.890250e-07 5.947511e-07 2.039434e-05 1.418645e-04 3.374723e-05 7.052059e-05 1.702625e-04 2.335986e-04 3.331085e-04 4.029761e-04 4.158169e-04 4.820570e-04 6.289518e-04 6.123105e-04 6.555479e-04 7.540422e-04 1.055178e-03 8.599323e-04 1.174531e-03 9.001077e-04 1.336162e-03 9.959795e-04 1.496127e-03 1.281377e-03 1.753591e-03 2.161745e-03 2.799602e-03 4.162187e-03 3.755994e-03 5.394081e-03 4.988587e-03 6.436569e-03 7.479835e-03 8.111061e-03 9.755706e-03 9.239610e-03 1.107836e-02 1.219623e-02 1.424314e-02 1.628749e-02 1.717799e-02 2.007041e-02 2.005360e-02 2.195307e-02 2.278789e-02 2.274207e-02 2.819655e-02 3.069987e-02 3.264307e-02 3.810442e-02 4.057711e-02 4.693886e-02 5.331329e-02 5.507047e-02 6.374341e-02 6.873128e-02 7.021498e-02 8.217368e-02 9.151016e-02 9.581649e-02 1.079391e-01 1.204155e-01 1.255183e-01 1.331431e-01 1.490497e-01 1.643177e-01 1.770418e-01 1.964348e-01 2.157775e-01 2.204020e-01 2.182981e-01 2.241518e-01 2.350607e-01 2.433029e-01 2.558159e-01 2.750522e-01 2.876144e-01 2.891233e-01 2.895380e-01 2.901977e-01 2.878947e-01 2.912957e-01 3.061709e-01 3.248048e-01 3.390925e-01 3.480366e-01 3.488386e-01 3.394134e-01 3.270392e-01 3.237641e-01 3.332977e-01 3.537407e-01 3.782225e-01 3.948272e-01 3.965679e-01 3.860149e-01 3.669322e-01 3.459081e-01 3.273308e-01 3.161525e-01 3.104838e-01 3.078903e-01 3.086759e-01 3.120730e-01 3.186953e-01 3.252166e-01 3.307895e-01 3.345301e-01 3.384704e-01 3.448118e-01 3.485537e-01 3.478016e-01 3.434346e-01 3.384054e-01 3.328343e-01 3.258395e-01 3.163603e-01 3.054138e-01 2.940957e-01 2.843695e-01 2.782993e-01 2.695299e-01 2.543212e-01 2.358739e-01 2.171277e-01 1.991810e-01 1.825395e-01 1.677387e-01 1.545551e-01 1.416710e-01 1.294478e-01 1.172610e-01 1.071684e-01 1.005974e-01 9.424409e-02 8.887793e-02 8.393078e-02 7.918815e-02 7.629575e-02 7.322983e-02 7.136609e-02 7.365797e-02 8.035564e-02 8.704676e-02 8.941451e-02 9.092136e-02 8.981085e-02 8.284681e-02 7.407790e-02 6.469730e-02 5.635570e-02 5.015433e-02 4.316846e-02 3.829307e-02 3.337112e-02 3.119332e-02 2.402654e-02 1.426044e-02 5.857410e-03 1.352830e-03 1.701583e-04 1.260720e-05 5.969915e-07 2.064669e-08 4.988866e-10 1.409645e-11 4.598086e-13 1.019527e-14 1.633544e-16 1.661737e-18 5.565688e-20 1.495909e-20 6.902158e-21 2.176936e-21 3.286231e-22 2.235381e-23 3.029976e-25 2.078274e-29 1.011430e-34 2.068194e-38 9.395706e-42 7.707142e-44
4.006240e-06 6.585276e-15 2.093224e-09 3.637069e-08 1.374007e-06 2.528966e-06 1.606060e-04 1.458153e-04 5.460495e-05 1.873637e-04 2.532143e-04 2.977263e-04 2.820323e-04 2.663461e-04 2.306020e-04 3.383970e-04 5.339573e-04 7.536765e-04 6.525324e-04 6.731113e-04 6.719877e-04 7.505664e-04 8.428983e-04 6.848546e-04 9.990917e-04 9.420167e-04 1.920641e-03 1.845559e-03 2.946866e-03 2.585118e-03 3.303568e-03 4.469711e-03 4.868155e-03 6.948744e-03 5.446691e-03 6.779819e-03 6.306319e-03 7.170625e-03 9.044347e-03 9.293083e-03 1.316934e-02 1.405437e-02 1.639373e-02 1.915064e-02 1.816688e-02 2.124918e-02 1.933481e-02 2.031392e-02 2.487560e-02 2.522155e-02 3.045679e-02 3.421986e-02 3.642219e-02 4.405499e-02 4.646764e-02 4.993805e-02 5.750795e-02 6.057670e-02 6.843717e-02 8.069216e-02 8.660033e-02 9.315878e-02 1.021823e-01 1.050775e-01 1.069063e-01 1.153960e-01 1.269827e-01 1.395288e-01 1.556194e-01 1.730994e-01 1.859664e-01 1.934938e-01 2.044208e-01 2.202006e-01 2.283055e-01 2.291256e-01 2.337757e-01 2.373172e-01 2.350639e-01 2.375241e-01 2.481945e-01 2.574733e-01 2.657394e-01 2.769373e-01 2.861105e-01 2.932242e-01 3.083926e-01 3.287652e-01 3.399707e-01 3.415774e-01 3.449754e-01 3.529980e-01 3.650808e-01 3.802452e-01 3.959798e-01 4.083450e-01 4.155013e-01 4.166774e-01 4.097648e-01 3.960194e-01 3.802367e-01 3.624146e-01 3.448230e-01 3.292590e-01 3.184067e-01 3.128684e-01 3.101885e-01 3.114824e-01 3.142617e-01 3.132157e-01 3.080726e-01 3.020350e-01 2.944664e-01 2.875703e-01 2.850878e-01 2.869018e-01 2.907298e-01 2.939824e-01 2.942498e-01 2.912333e-01 2.854520e-01 2.775384e-01 2.706095e-01 2.604010e-01 2.457787e-01 2.306618e-01 2.153703e-01 1.995023e-01 1.839277e-01 1.708485e-01 1.606519e-01 1.525921e-01 1.451648e-01 1.358065e-01 1.233314e-01 1.106288e-01 9.986220e-02 9.071531e-02 8.359718e-02 7.951406e-02 7.822798e-02 7.672383e-02 7.297455e-02 6.817415e-02 6.627107e-02 6.773183e-02 7.114751e-02 7.586183e-02 8.143662e-02 8.719239e-02 8.725924e-02 8.310535e-02 7.890076e-02 7.345385e-02 6.531557e-02 5.638430e-02 4.470692e-02 3.512945e-02 2.714036e-02 2.077784e-02 1.548026e-02 8.435133e-03 2.984489e-03 6.098264e-04 5.873430e-05 3.241066e-06 7.640350e-08 1.101922e-09 1.797893e-11 3.368988e-13 8.466154e-15 1.431833e-16 4.467968e-18 4.372147e-19 6.302381e-19 2.376892e-18 3.092075e-18 1.450291e-18 3.350086e-19 1.164977e-20 4.052232e-25 7.957865e-30 6.359389e-34 2.064002e-37 1.874027e-40
3.186594e-08 2.407147e-15 4.256344e-10 4.509298e-07 1.604308e-06 2.347376e-06 5.313159e-05 4.157177e-05 4.977121e-05 1.964641e-04 9.511790e-05 8.781575e-05 1.711472e-04 2.601770e-04 3.150173e-04 2.561233e-04 4.300349e-04 2.877912e-04 3.636566e-04 3.471599e-04 5.546485e-04 5.341105e-04 7.383426e-04 9.583709e-04 1.101199e-03 1.550148e-03 1.322061e-03 2.088063e-03 1.764797e-03 2.819717e-03 2.593885e-03 3.237342e-03 3.922819e-03 4.072269e-03 5.782671e-03 5.096800e-03 6.973132e-03 8.657531e-03 1.029245e-02 1.373320e-02 1.188397e-02 1.387935e-02 1.524144e-02 1.576848e-02 1.930719e-02 1.876005e-02 2.189460e-02 2.538075e-02 2.443660e-02 2.800762e-02 2.982952e-02 3.218526e-02 3.827656e-02 3.939092e-02 4.335407e-02 4.927498e-02 5.110601e-02 5.862273e-02 6.760109e-02 7.279653e-02 8.373901e-02 9.383961e-02 9.625281e-02 1.018621e-01 1.083641e-01 1.125424e-01 1.199076e-01 1.277978e-01 1.363926e-01 1.485271e-01 1.621190e-01 1.781379e-01 1.946164e-01 2.054382e-01 2.153646e-01 2.259863e-01 2.265277e-01 2.211922e-01 2.214763e-01 2.222773e-01 2.213373e-01 2.291928e-01 2.471760e-01 2.633874e-01 2.746042e-01 2.830344e-01 2.878761e-01 2.929122e-01 3.056099e-01 3.237999e-01 3.417036e-01 3.585652e-01 3.757384e-01 3.881450e-01 3.924300e-01 3.900430e-01 3.821612e-01 3.714127e-01 3.628535e-01 3.575573e-01 3.553692e-01 3.522213e-01 3.470081e-01 3.388093e-01 3.282486e-01 3.184547e-01 3.108474e-01 3.076638e-01 3.065728e-01 3.073567e-01 3.073540e-01 2.994863e-01 2.835069e-01 2.662286e-01 2.517833e-01 2.413503e-01 2.352870e-01 2.326466e-01 2.320710e-01 2.315883e-01 2.304236e-01 2.309512e-01 2.302068e-01 2.253671e-01 2.186921e-01 2.112424e-01 2.032504e-01 1.947407e-01 1.850207e-01 1.739005e-01 1.627936e-01 1.545571e-01 1.480748e-01 1.421655e-01 1.367378e-01 1.297173e-01 1.201292e-01 1.093706e-01 9.835596e-02 9.216783e-02 9.071621e-02 9.013595e-02 8.891115e-02 8.488718e-02 7.962939e-02 7.221965e-02 6.410663e-02 5.798797e-02 5.286099e-02 4.921439e-02 4.487135e-02 3.938587e-02 3.362385e-02 2.919945e-02 2.493254e-02 2.315460e-02 2.284470e-02 2.136791e-02 1.725533e-02 1.361843e-02 8.526878e-03 3.949187e-03 1.192148e-03 2.448738e-04 3.218571e-05 2.443554e-06 7.149205e-08 9.777111e-10 7.372838e-12 7.416784e-14 6.835283e-16 1.181246e-17 3.151709e-19 5.990966e-20 9.058932e-20 2.440206e-19 3.091650e-19 7.913776e-20 1.100255e-19 4.608246e-21 6.370960e-24 4.719499e-27 5.464998e-30 4.080837e-34 9.454028e-37
1.140073e-05 7.461880e-19 5.797074e-11 4.692224e-10 2.551308e-09 1.280476e-07 1.785909e-05 4.011177e-06 1.951340e-06 1.243839e-05 1.790498e-05 4.203146e-05 6.202600e-05 1.213569e-04 1.170129e-04 1.419710e-04 1.643568e-04 2.757597e-04 3.018692e-04 4.355589e-04 3.750648e-04 5.288115e-04 6.309905e-04 9.295649e-04 1.171209e-03 1.376286e-03 1.826373e-03 1.666655e-03 2.020246e-03 1.939358e-03 2.521431e-03 2.793586e-03 3.033887e-03 3.955008e-03 4.586763e-03 7.024540e-03 7.803938e-03 8.110172e-03 9.182640e-03 8.901588e-03 1.175691e-02 1.243379e-02 1.327535e-02 1.558981e-02 1.534136e-02 1.908976e-02 2.172408e-02 2.218988e-02 2.644606e-02 2.653261e-02 2.909368e-02 3.387741e-02 3.432118e-02 3.840871e-02 4.067282e-02 4.191129e-02 5.035187e-02 5.699214e-02 6.282892e-02 7.280646e-02 7.513183e-02 7.741193e-02 8.678909e-02 9.275007e-02 9.806170e-02 1.056742e-01 1.105973e-01 1.181922e-01 1.279566e-01 1.339243e-01 1.420770e-01 1.537455e-01 1.627820e-01 1.717795e-01 1.840186e-01 1.976836e-01 2.114117e-01 2.182344e-01 2.140141e-01 2.101447e-01 2.135231e-01 2.158164e-01 2.163237e-01 2.247501e-01 2.406754e-01 2.547307e-01 2.665440e-01 2.807479e-01 3.002684e-01 3.265228e-01 3.592957e-01 3.886302e-01 4.035590e-01 4.051321e-01 4.024475e-01 3.982398e-01 3.894422e-01 3.753599e-01 3.597629e-01 3.472318e-01 3.433710e-01 3.472866e-01 3.567500e-01 3.657512e-01 3.674848e-01 3.595857e-01 3.416895e-01 3.204864e-01 3.030165e-01 2.934683e-01 2.881427e-01 2.840845e-01 2.817180e-01 2.788491e-01 2.744913e-01 2.683507e-01 2.601868e-01 2.514357e-01 2.429468e-01 2.355113e-01 2.319830e-01 2.293876e-01 2.241477e-01 2.188343e-01 2.127856e-01 2.051968e-01 1.949729e-01 1.850372e-01 1.757724e-01 1.678598e-01 1.621009e-01 1.558222e-01 1.493959e-01 1.450368e-01 1.421257e-01 1.389156e-01 1.337591e-01 1.248059e-01 1.112099e-01 9.846982e-02 8.679204e-02 7.668497e-02 7.102085e-02 6.680053e-02 6.027575e-02 5.188797e-02 4.292317e-02 3.414092e-02 2.695153e-02 2.127698e-02 1.686191e-02 1.260759e-02 8.559510e-03 5.382870e-03 3.263876e-03 2.173003e-03 1.697835e-03 1.675976e-03 2.038384e-03 2.612202e-03 2.533229e-03 1.408927e-03 3.585189e-04 4.434993e-05 2.977683e-06 1.178595e-07 2.256863e-09 2.098990e-11 1.003959e-13 4.065848e-16 1.728305e-18 1.500564e-20 6.258130e-22 1.657310e-22 1.693971e-22 1.751135e-22 1.056215e-23 1.856146e-24 5.881210e-25 1.092796e-25 4.506463e-27 3.729953e-27 2.303909e-29 4.360141e-32 8.534856e-35
2.824597e-06 2.145861e-09 1.794651e-10 8.965370e-13 1.400422e-12 2.181175e-08 1.103043e-06 1.071354e-07 7.817613e-08 7.640440e-07 3.816457e-06 6.941000e-06 1.354328e-05 3.540664e-05 7.851139e-05 1.130929e-04 1.965132e-04 1.783261e-04 2.011820e-04 2.458827e-04 3.755593e-04 4.873171e-04 5.372728e-04 6.868277e-04 8.476285e-04 1.070114e-03 1.152447e-03 1.485738e-03 2.009684e-03 2.428838e-03 3.020250e-03 3.154467e-03 4.001400e-03 4.172325e-03 4.972733e-03 5.448278e-03 6.216965e-03 7.177966e-03 7.256018e-03 9.374924e-03 1.054207e-02 1.216246e-02 1.332200e-02 1.319359e-02 1.502801e-02 1.561860e-02 1.703896e-02 1.968655e-02 2.140132e-02 2.522676e-02 2.780712e-02 2.891729e-02 3.307977e-02 3.620368e-02 4.005196e-02 4.618391e-02 4.939152e-02 5.329401e-02 5.813782e-02 5.967698e-02 6.383753e-02 7.001228e-02 7.434943e-02 8.167793e-02 9.119560e-02 9.832345e-02 1.051189e-01 1.127474e-01 1.202393e-01 1.267475e-01 1.295381e-01 1.311635e-01 1.361640e-01 1.432498e-01 1.525392e-01 1.664269e-01 1.820488e-01 1.954505e-01 2.048731e-01 2.089177e-01 2.130502e-01 2.221798e-01 2.301127e-01 2.304975e-01 2.330627e-01 2.489556e-01 2.771254e-01 3.067729e-01 3.295030e-01 3.430949e-01 3.529532e-01 3.635729e-01 3.735743e-01 3.759767e-01 3.704774e-01 3.632047e-01 3.573439e-01 3.528734e-01 3.496576e-01 3.480801e-01 3.498900e-01 3.531474e-01 3.585690e-01 3.657019e-01 3.709925e-01 3.690823e-01 3.549500e-01 3.339263e-01 3.124608e-01 2.928018e-01 2.784721e-01 2.704488e-01 2.674131e-01 2.679107e-01 2.713306e-01 2.759510e-01 2.797777e-01 2.802800e-01 2.756194e-01 2.680165e-01 2.576009e-01 2.421508e-01 2.252775e-01 2.089270e-01 1.968875e-01 1.902810e-01 1.875734e-01 1.846416e-01 1.791468e-01 1.733051e-01 1.649881e-01 1.546590e-01 1.459329e-01 1.389693e-01 1.332243e-01 1.281992e-01 1.224323e-01 1.163777e-01 1.096818e-01 9.792800e-02 8.139199e-02 6.624577e-02 5.484103e-02 4.569001e-02 3.826232e-02 3.280650e-02 2.823135e-02 2.359725e-02 1.947761e-02 1.595512e-02 1.356674e-02 1.073901e-02 7.028769e-03 3.620040e-03 1.526091e-03 5.884978e-04 2.282819e-04 1.107341e-04 8.902480e-05 1.016863e-04 1.384544e-04 1.564394e-04 7.630655e-05 1.240930e-05 6.947608e-07 1.509827e-08 1.490788e-10 6.866814e-13 2.912368e-15 8.770603e-18 2.208877e-20 1.060529e-22 3.485021e-24 4.761544e-25 2.357349e-25 2.861710e-26 4.110654e-28 1.239107e-29 1.519398e-30 1.588507e-31 5.028499e-31 4.488753e-30 3.492209e-31 3.115982e-33 1.488473e-34
1.138278e-05 1.073388e-17 6.463581e-13 1.424581e-09 3.099093e-10 2.716498e-09 9.031727e-07 1.000830e-06 4.938269e-07 1.047602e-06 8.996948e-07 2.657825e-06 1.312346e-05 6.852889e-05 7.422054e-05 7.293176e-05 9.594569e-05 1.261665e-04 1.665632e-04 1.976999e-04 3.283729e-04 4.082736e-04 6.475345e-04 6.519784e-04 8.925803e-04 8.958404e-04 1.279299e-03 1.645888e-03 1.962082e-03 2.688162e-03 2.556147e-03 3.367814e-03 3.297291e-03 4.176245e-03 4.318262e-03 4.292023e-03 5.150774e-03 6.033024e-03 7.803860e-03 7.895730e-03 7.896644e-03 8.576787e-03 9.154420e-03 1.046343e-02 1.173655e-02 1.291591e-02 1.475395e-02 1.666015e-02 1.944336e-02 2.224015e-02 2.465377e-02 2.801972e-02 3.043810e-02 3.325767e-02 3.789888e-02 4.107259e-02 4.400870e-02 4.800108e-02 5.114425e-02 5.626873e-02 6.354629e-02 6.917670e-02 7.480270e-02 8.051162e-02 8.535610e-02 9.234717e-02 1.005229e-01 1.055546e-01 1.090512e-01 1.145892e-01 1.210944e-01 1.270300e-01 1.358050e-01 1.479421e-01 1.551962e-01 1.544585e-01 1.542353e-01 1.629348e-01 1.798564e-01 1.970373e-01 2.087757e-01 2.197841e-01 2.355053e-01 2.478239e-01 2.479640e-01 2.419270e-01 2.423991e-01 2.516696e-01 2.644447e-01 2.757610e-01 2.846600e-01 2.918508e-01 3.011671e-01 3.141255e-01 3.296725e-01 3.450826e-01 3.603856e-01 3.753781e-01 3.887105e-01 3.986701e-01 4.066885e-01 4.112211e-01 4.113749e-01 4.060283e-01 3.973153e-01 3.902611e-01 3.844169e-01 3.775829e-01 3.633386e-01 3.431733e-01 3.248204e-01 3.114725e-01 3.024780e-01 2.940761e-01 2.837170e-01 2.730583e-01 2.665479e-01 2.673474e-01 2.765934e-01 2.872272e-01 2.888705e-01 2.772445e-01 2.551668e-01 2.288040e-01 2.048122e-01 1.866042e-01 1.749097e-01 1.679077e-01 1.664228e-01 1.647758e-01 1.589705e-01 1.509133e-01 1.408316e-01 1.296134e-01 1.182186e-01 1.070613e-01 9.717832e-02 9.122744e-02 8.808039e-02 8.394221e-02 7.751799e-02 7.075717e-02 6.163850e-02 4.989418e-02 3.903088e-02 3.029777e-02 2.287822e-02 1.703401e-02 1.300848e-02 1.075346e-02 9.678171e-03 9.220904e-03 8.432576e-03 6.141174e-03 3.045292e-03 9.873955e-04 2.195708e-04 4.605813e-05 1.142850e-05 4.023664e-06 2.422621e-06 1.823580e-06 1.304906e-06 4.541070e-07 6.580447e-08 3.316564e-09 3.645735e-11 1.840533e-13 7.645477e-16 3.704857e-18 1.099555e-20 8.736105e-23 3.175983e-24 1.945920e-25 1.166963e-26 1.440253e-28 1.382935e-30 4.861736e-32 2.151293e-33 4.177100e-34 5.221338e-33 2.677330e-32 5.427944e-34 5.673946e-35 8.340693e-36
7.056417e-17 1.771701e-19 8.473170e-15 1.337304e-11 2.576416e-09 1.283097e-06 3.685197e-05 1.716695e-05 8.351961e-06 4.043656e-06 1.050449e-05 2.292309e-05 2.087191e-05 2.858282e-05 5.463520e-05 7.049210e-05 7.964105e-05 1.217312e-04 1.942007e-04 3.328481e-04 3.256820e-04 4.876498e-04 5.035477e-04 7.584072e-04 6.599389e-04 1.065091e-03 1.238014e-03 1.695135e-03 1.873772e-03 1.838557e-03 2.549634e-03 2.477748e-03 3.210304e-03 3.009015e-03 3.657209e-03 4.446466e-03 4.678905e-03 5.502887e-03 5.862700e-03 6.656588e-03 7.197044e-03 7.216644e-03 8.334989e-03 9.662641e-03 1.072938e-02 1.251178e-02 1.388152e-02 1.557380e-02 1.724340e-02 1.906405e-02 2.205616e-02 2.482304e-02 2.736074e-02 3.075351e-02 3.355264e-02 3.672140e-02 4.145361e-02 4.597186e-02 5.139581e-02 5.785195e-02 6.236375e-02 6.723363e-02 7.307956e-02 7.795063e-02 8.386339e-02 9.033988e-02 9.501268e-02 9.956592e-02 1.054383e-01 1.111436e-01 1.167796e-01 1.237038e-01 1.310595e-01 1.372085e-01 1.426797e-01 1.491876e-01 1.538504e-01 1.543452e-01 1.561042e-01 1.660326e-01 1.829574e-01 1.991467e-01 2.124590e-01 2.245521e-01 2.333196e-01 2.358784e-01 2.389339e-01 2.485112e-01 2.623359e-01 2.745899e-01 2.843619e-01 2.919072e-01 2.976333e-01 3.026500e-01 3.090621e-01 3.182903e-01 3.313707e-01 3.482265e-01 3.677134e-01 3.858703e-01 3.997221e-01 4.051313e-01 4.025075e-01 3.936540e-01 3.821745e-01 3.738349e-01 3.672346e-01 3.610447e-01 3.506150e-01 3.347617e-01 3.159568e-01 2.980261e-01 2.838136e-01 2.742168e-01 2.661622e-01 2.563718e-01 2.449363e-01 2.352851e-01 2.288682e-01 2.254361e-01 2.271515e-01 2.323234e-01 2.348292e-01 2.287211e-01 2.137269e-01 1.923043e-01 1.686623e-01 1.503696e-01 1.375823e-01 1.274154e-01 1.206962e-01 1.157589e-01 1.104415e-01 1.040567e-01 9.602093e-02 8.685299e-02 7.798695e-02 7.088739e-02 6.482066e-02 5.933651e-02 5.564907e-02 5.308002e-02 4.808325e-02 4.263711e-02 3.780366e-02 3.237812e-02 2.587325e-02 1.927649e-02 1.351319e-02 9.542918e-03 6.927002e-03 5.721520e-03 5.353495e-03 5.106402e-03 4.397856e-03 2.705029e-03 1.064782e-03 2.285534e-04 3.061027e-05 4.156712e-06 6.970281e-07 1.529325e-07 3.397433e-08 6.534460e-09 1.066978e-09 8.052194e-11 1.850831e-12 1.416379e-14 9.461844e-17 5.557645e-19 3.187622e-21 7.366579e-23 5.466207e-24 2.888328e-25 1.875832e-27 4.261408e-30 6.399964e-32 7.915985e-33 6.375052e-34 1.486018e-33 2.140692e-32 1.030924e-32 5.714548e-35 9.450345e-36 1.103753e-36
8.668414e-28 3.061973e-20 8.420490e-15 1.463440e-12 2.522584e-10 2.375159e-07 1.984527e-05 4.457893e-05 7.975093e-05 8.919901e-05 5.582090e-05 8.113021e-05 7.810062e-05 1.018967e-04 1.151345e-04 2.179441e-04 3.105135e-04 2.803029e-04 2.897531e-04 2.831443e-04 4.364390e-04 3.898644e-04 4.879680e-04 5.136878e-04 8.479292e-04 9.049952e-04 1.197307e-03 1.246164e-03 1.648638e-03 1.977887e-03 2.160718e-03 2.565545e-03 2.602305e-03 3.247343e-03 3.574200e-03 4.428817e-03 5.211160e-03 5.361115e-03 5.705016e-03 6.516874e-03 7.428570e-03 8.435654e-03 8.939662e-03 9.662793e-03 1.097906e-02 1.154477e-02 1.250551e-02 1.393685e-02 1.508583e-02 1.688895e-02 1.827352e-02 2.030984e-02 2.397161e-02 2.698006e-02 3.073699e-02 3.524621e-02 3.857469e-02 4.340455e-02 4.889510e-02 5.357121e-02 5.926064e-02 6.447867e-02 6.910750e-02 7.443259e-02 7.918036e-02 8.388701e-02 9.002015e-02 9.672196e-02 1.020644e-01 1.074929e-01 1.152623e-01 1.210017e-01 1.217740e-01 1.226747e-01 1.265482e-01 1.332492e-01 1.457359e-01 1.623762e-01 1.731605e-01 1.766806e-01 1.855099e-01 2.013208e-01 2.150147e-01 2.259596e-01 2.407450e-01 2.551114e-01 2.617182e-01 2.608956e-01 2.590278e-01 2.583489e-01 2.606538e-01 2.657450e-01 2.713459e-01 2.743787e-01 2.760742e-01 2.789418e-01 2.841086e-01 2.907237e-01 2.986092e-01 3.081147e-01 3.194370e-01 3.294497e-01 3.369435e-01 3.406714e-01 3.391159e-01 3.340845e-01 3.267600e-01 3.211221e-01 3.158090e-01 3.094372e-01 3.020738e-01 2.930261e-01 2.827857e-01 2.717478e-01 2.605772e-01 2.502014e-01 2.391044e-01 2.238835e-01 2.032883e-01 1.821534e-01 1.651049e-01 1.550025e-01 1.519958e-01 1.547091e-01 1.583712e-01 1.550806e-01 1.443651e-01 1.273978e-01 1.067048e-01 8.915338e-02 7.683361e-02 6.874626e-02 6.331426e-02 5.944604e-02 5.651003e-02 5.451995e-02 5.330839e-02 5.154511e-02 5.002345e-02 4.972313e-02 4.941806e-02 4.772966e-02 4.467419e-02 4.148331e-02 3.882924e-02 3.622970e-02 3.412301e-02 3.225806e-02 2.845220e-02 2.094853e-02 1.318633e-02 8.113618e-03 5.125234e-03 3.582953e-03 2.925236e-03 2.733168e-03 2.651019e-03 1.897297e-03 8.479209e-04 2.038983e-04 2.950045e-05 2.890493e-06 1.612420e-07 7.507081e-09 3.094984e-10 1.118957e-11 1.840652e-13 2.101292e-15 2.045646e-17 1.546689e-19 1.705238e-21 6.368983e-23 8.167907e-24 1.669221e-25 2.333660e-28 1.986078e-31 3.558754e-33 6.201461e-34 1.155208e-34 1.461781e-33 4.763982e-32 5.028029e-33 1.917614e-34 2.074272e-35 2.994949e-37
3.141034e-19 8.361445e-24 6.866152e-17 7.055620e-12 9.521384e-10 6.661015e-08 3.949267e-06 1.291333e-05 2.028937e-05 5.967053e-05 2.200004e-04 3.460800e-04 3.739794e-04 5.237970e-04 5.296637e-04 4.363296e-04 4.965796e-04 5.513737e-04 4.959674e-04 4.935098e-04 4.219109e-04 4.652319e-04 4.627021e-04 5.694248e-04 6.564107e-04 7.876282e-04 8.730004e-04 1.046204e-03 1.328501e-03 1.799749e-03 2.038376e-03 2.299903e-03 2.673798e-03 3.387108e-03 4.049670e-03 4.438273e-03 5.119038e-03 5.682697e-03 6.225898e-03 6.411328e-03 7.284126e-03 8.491997e-03 9.310374e-03 9.891880e-03 1.021097e-02 1.143726e-02 1.270044e-02 1.390862e-02 1.532573e-02 1.613319e-02 1.783328e-02 2.010033e-02 2.291716e-02 2.773571e-02 3.219270e-02 3.559794e-02 3.855300e-02 4.060271e-02 4.352307e-02 4.779630e-02 5.282131e-02 5.711509e-02 6.064859e-02 6.598009e-02 7.274780e-02 7.964102e-02 8.654765e-02 9.389909e-02 1.024284e-01 1.091858e-01 1.123005e-01 1.156969e-01 1.185655e-01 1.184452e-01 1.213727e-01 1.313045e-01 1.427902e-01 1.569741e-01 1.803171e-01 2.023468e-01 2.086018e-01 2.081279e-01 2.141168e-01 2.191689e-01 2.184900e-01 2.194706e-01 2.254945e-01 2.299995e-01 2.319317e-01 2.337121e-01 2.362946e-01 2.392194e-01 2.451145e-01 2.525060e-01 2.589221e-01 2.635264e-01 2.646984e-01 2.603295e-01 2.514971e-01 2.443898e-01 2.472388e-01 2.603365e-01 2.813559e-01 3.040831e-01 3.200355e-01 3.264236e-01 3.228594e-01 3.140772e-01 3.037914e-01 2.945971e-01 2.859280e-01 2.778978e-01 2.702929e-01 2.623903e-01 2.540634e-01 2.434257e-01 2.297362e-01 2.106279e-01 1.885766e-01 1.640630e-01 1.400614e-01 1.197995e-01 1.056341e-01 9.874024e-02 9.700598e-02 9.873474e-02 1.003046e-01 9.579748e-02 8.596008e-02 7.418389e-02 6.333698e-02 5.464718e-02 4.809973e-02 4.391105e-02 4.198657e-02 4.213353e-02 4.365858e-02 4.596776e-02 5.028838e-02 5.609798e-02 6.121027e-02 6.414134e-02 6.583697e-02 6.661554e-02 6.402018e-02 5.653290e-02 5.014233e-02 4.554931e-02 4.072187e-02 3.296140e-02 2.436271e-02 1.573448e-02 8.786386e-03 4.338479e-03 2.188416e-03 1.329166e-03 9.222081e-04 8.177352e-04 8.579331e-04 7.739263e-04 4.570675e-04 1.246646e-04 9.275544e-06 2.058277e-07 3.208377e-09 4.508051e-11 4.365093e-13 4.591286e-15 6.198094e-17 1.073518e-18 2.093160e-20 2.353821e-21 2.192647e-22 1.973107e-24 1.176220e-27 9.485787e-31 4.042418e-32 2.459402e-33 8.389386e-34 1.448524e-32 1.498272e-31 5.175769e-32 2.745588e-32 2.930885e-33 1.863483e-36
1.248586e-09 1.460241e-20 4.733877e-17 7.255531e-13 1.821874e-10 2.945177e-08 2.160931e-06 8.326020e-06 3.431674e-05 8.786398e-05 9.063759e-05 2.253895e-04 2.743618e-04 2.400454e-04 2.468638e-04 3.038672e-04 3.626723e-04 4.206383e-04 5.453543e-04 5.484593e-04 6.367523e-04 6.792175e-04 7.550107e-04 7.055662e-04 5.705460e-04 5.940878e-04 7.631108e-04 1.123671e-03 1.490097e-03 1.812976e-03 2.364378e-03 2.981171e-03 3.571524e-03 3.851817e-03 4.158923e-03 4.308924e-03 4.170376e-03 4.620937e-03 5.082581e-03 5.949298e-03 6.459288e-03 7.009329e-03 8.179575e-03 8.927799e-03 9.927761e-03 1.122079e-02 1.287988e-02 1.469530e-02 1.626448e-02 1.806298e-02 2.029201e-02 2.282831e-02 2.511246e-02 2.704148e-02 2.908358e-02 3.144961e-02 3.400696e-02 3.647748e-02 3.944258e-02 4.238591e-02 4.545801e-02 5.021856e-02 5.475140e-02 5.859522e-02 6.492290e-02 7.321515e-02 8.095800e-02 8.833569e-02 9.547006e-02 1.016890e-01 1.069423e-01 1.117059e-01 1.189550e-01 1.291845e-01 1.375303e-01 1.441428e-01 1.534238e-01 1.620893e-01 1.650584e-01 1.676350e-01 1.738474e-01 1.772162e-01 1.769576e-01 1.775473e-01 1.800801e-01 1.809223e-01 1.822376e-01 1.871819e-01 1.959922e-01 2.044329e-01 2.118744e-01 2.169649e-01 2.205123e-01 2.247129e-01 2.299148e-01 2.337294e-01 2.373132e-01 2.422043e-01 2.462887e-01 2.458389e-01 2.426447e-01 2.415800e-01 2.475979e-01 2.593057e-01 2.734081e-01 2.864838e-01 2.923768e-01 2.884569e-01 2.765733e-01 2.632143e-01 2.527928e-01 2.435037e-01 2.324751e-01 2.215182e-01 2.123448e-01 2.047465e-01 1.982751e-01 1.898387e-01 1.761754e-01 1.565334e-01 1.357733e-01 1.177920e-01 1.031527e-01 9.135688e-02 8.351497e-02 7.987615e-02 7.818785e-02 7.781711e-02 7.795548e-02 7.624920e-02 7.145157e-02 6.443030e-02 5.741293e-02 5.189589e-02 4.857888e-02 4.731898e-02 4.689040e-02 4.830253e-02 5.128540e-02 5.499290e-02 5.978288e-02 6.343066e-02 6.666414e-02 6.807114e-02 6.537134e-02 6.205754e-02 5.713001e-02 4.862475e-02 3.744728e-02 2.676802e-02 1.837629e-02 1.133462e-02 6.383113e-03 3.258516e-03 1.626588e-03 8.037722e-04 3.889745e-04 2.293973e-04 1.597679e-04 1.191785e-04 1.038440e-04 7.018352e-05 2.218247e-05 1.636496e-06 4.614988e-08 8.326606e-10 7.499301e-12 5.752675e-14 8.850629e-16 2.415390e-17 1.889353e-18 7.494354e-19 9.133664e-20 5.369768e-22 1.952086e-25 4.747558e-28 1.374497e-29 4.763387e-31 1.920537e-31 4.125803e-30 6.423876e-30 7.419149e-30 5.617060e-29 5.230036e-30 7.113550e-34
2.860943e-06 2.345036e-20 2.557792e-15 1.970452e-11 1.221316e-10 6.386494e-09 8.105580e-06 2.433262e-04 2.270384e-04 3.400427e-04 2.201211e-04 1.211548e-04 1.023656e-04 1.217302e-04 1.320880e-04 1.529557e-04 2.473812e-04 3.591586e-04 6.103527e-04 7.902993e-04 8.946604e-04 8.411179e-04 8.300880e-04 8.212578e-04 8.810688e-04 9.597880e-04 1.203060e-03 1.559544e-03 1.725392e-03 2.059709e-03 2.064900e-03 2.394595e-03 2.710541e-03 2.911497e-03 3.066093e-03 3.224071e-03 3.903847e-03 4.212613e-03 4.926128e-03 5.324884e-03 5.775975e-03 6.112078e-03 6.515692e-03 7.963547e-03 9.230506e-03 1.042429e-02 1.177367e-02 1.329376e-02 1.565298e-02 1.846823e-02 2.102150e-02 2.345173e-02 2.494744e-02 2.517113e-02 2.554458e-02 2.704710e-02 2.942560e-02 3.214239e-02 3.461340e-02 3.746908e-02 4.092729e-02 4.497160e-02 5.054522e-02 5.686811e-02 6.168049e-02 6.562130e-02 7.012577e-02 7.392251e-02 7.790504e-02 8.530342e-02 9.507053e-02 1.044880e-01 1.157969e-01 1.301605e-01 1.413165e-01 1.460408e-01 1.480421e-01 1.482040e-01 1.444763e-01 1.403383e-01 1.422721e-01 1.495290e-01 1.569325e-01 1.608499e-01 1.634733e-01 1.676951e-01 1.750781e-01 1.820768e-01 1.864553e-01 1.908972e-01 1.979401e-01 2.025165e-01 2.009035e-01 1.953012e-01 1.937540e-01 1.991895e-01 2.078868e-01 2.180745e-01 2.307895e-01 2.429527e-01 2.510239e-01 2.513930e-01 2.472674e-01 2.424497e-01 2.389017e-01 2.376249e-01 2.381502e-01 2.410271e-01 2.423925e-01 2.377147e-01 2.250022e-01 2.079939e-01 1.934852e-01 1.819015e-01 1.718042e-01 1.626690e-01 1.540993e-01 1.471293e-01 1.428397e-01 1.411308e-01 1.399723e-01 1.362785e-01 1.268600e-01 1.145395e-01 1.022954e-01 9.068025e-02 8.239800e-02 7.848764e-02 7.800697e-02 7.912222e-02 7.930440e-02 7.635754e-02 7.053614e-02 6.366181e-02 5.657830e-02 5.025975e-02 4.533776e-02 4.155978e-02 3.774104e-02 3.491981e-02 3.315748e-02 3.280779e-02 3.393058e-02 3.407909e-02 3.334283e-02 3.274432e-02 3.145004e-02 2.919665e-02 2.484750e-02 1.926747e-02 1.205344e-02 5.901518e-03 2.456614e-03 9.505587e-04 3.790992e-04 1.645042e-04 9.674724e-05 7.422937e-05 5.077722e-05 2.490824e-05 1.104403e-05 3.290076e-06 6.016699e-07 5.067749e-08 2.804085e-09 7.970716e-11 1.420562e-12 1.773152e-14 3.883462e-16 2.051799e-17 9.075846e-18 1.177584e-17 4.309308e-18 3.456737e-20 3.545316e-23 1.591896e-25 1.006419e-27 5.576304e-30 4.840750e-30 8.279715e-29 1.154225e-28 2.622069e-28 1.108219e-27 1.184984e-29 5.910504e-34
1.733111e-15 7.162174e-17 8.857805e-14 4.209235e-12 7.163115e-10 1.703253e-07 7.047465e-05 1.629154e-04 1.776181e-04 1.364670e-04 2.484661e-04 2.201038e-04 1.411159e-04 2.091591e-04 2.277644e-04 2.545105e-04 2.810793e-04 3.907817e-04 4.615487e-04 6.114913e-04 7.019696e-04 8.754142e-04 7.589911e-04 9.680153e-04 1.291842e-03 1.806734e-03 1.869754e-03 1.662466e-03 1.796472e-03 1.731275e-03 2.092194e-03 1.943049e-03 1.985106e-03 2.053748e-03 2.273528e-03 2.703758e-03 3.095931e-03 3.640594e-03 3.834540e-03 4.233772e-03 4.802578e-03 5.765964e-03 6.732631e-03 7.539689e-03 8.679310e-03 9.731253e-03 1.091963e-02 1.223857e-02 1.387965e-02 1.623569e-02 1.855462e-02 2.031318e-02 2.146717e-02 2.291947e-02 2.459908e-02 2.571196e-02 2.755206e-02 2.997973e-02 3.247821e-02 3.608071e-02 3.925507e-02 4.176835e-02 4.538918e-02 4.806387e-02 5.036887e-02 5.405881e-02 5.693068e-02 6.091057e-02 6.895342e-02 7.666170e-02 8.374122e-02 9.585803e-02 1.074298e-01 1.121631e-01 1.177064e-01 1.240812e-01 1.220802e-01 1.175971e-01 1.191851e-01 1.211479e-01 1.203383e-01 1.218314e-01 1.281443e-01 1.367174e-01 1.455623e-01 1.520782e-01 1.568612e-01 1.639461e-01 1.757514e-01 1.848388e-01 1.867392e-01 1.871641e-01 1.911450e-01 1.945028e-01 1.930491e-01 1.897838e-01 1.910501e-01 1.999303e-01 2.164050e-01 2.351052e-01 2.505232e-01 2.540523e-01 2.455059e-01 2.300758e-01 2.146550e-01 2.035368e-01 1.952916e-01 1.900282e-01 1.874616e-01 1.868327e-01 1.851494e-01 1.820072e-01 1.736854e-01 1.603990e-01 1.482166e-01 1.406434e-01 1.374025e-01 1.364661e-01 1.357510e-01 1.350748e-01 1.355399e-01 1.359925e-01 1.356601e-01 1.333593e-01 1.256294e-01 1.140952e-01 1.026881e-01 9.331961e-02 8.627528e-02 8.112401e-02 7.718580e-02 7.310492e-02 6.842555e-02 6.194696e-02 5.463367e-02 4.870757e-02 4.398340e-02 3.932920e-02 3.441978e-02 3.023261e-02 2.669125e-02 2.366183e-02 2.064757e-02 1.837344e-02 1.743300e-02 1.670051e-02 1.534689e-02 1.419124e-02 1.383546e-02 1.338426e-02 1.053621e-02 6.306327e-03 2.511217e-03 7.434026e-04 1.687015e-04 3.769414e-05 1.334119e-05 7.811028e-06 6.763518e-06 5.669019e-06 2.903564e-06 6.388366e-07 3.682212e-08 1.266112e-09 2.842346e-11 4.699407e-13 8.297750e-15 1.901545e-16 8.493286e-18 1.801519e-18 2.949462e-18 1.045166e-17 7.585152e-18 1.796910e-19 1.353985e-21 1.118767e-23 1.275989e-26 2.078373e-29 1.539544e-29 2.248408e-28 2.061131e-27 3.328908e-26 4.616656e-26 2.554165e-29 2.726873e-34
8.977910e-07 1.982031e-12 2.856992e-15 1.191994e-09 5.822445e-07 1.111313e-05 3.401827e-04 1.134036e-04 1.630455e-05 1.218711e-05 2.965968e-05 1.598803e-04 2.419889e-04 2.870112e-04 2.401298e-04 2.700584e-04 3.077445e-04 3.747567e-04 5.171061e-04 4.235869e-04 5.587422e-04 6.086877e-04 8.945387e-04 9.289501e-04 1.273504e-03 1.418633e-03 1.608673e-03 1.650799e-03 1.574807e-03 1.635996e-03 1.474959e-03 1.534504e-03 1.537345e-03 1.764262e-03 2.083836e-03 2.365470e-03 2.576581e-03 2.836704e-03 3.256590e-03 3.860729e-03 4.714663e-03 5.626630e-03 6.613615e-03 7.496080e-03 8.551489e-03 9.718676e-03 1.102544e-02 1.244914e-02 1.337200e-02 1.457488e-02 1.603637e-02 1.753266e-02 1.986254e-02 2.187912e-02 2.345452e-02 2.579697e-02 2.768254e-02 2.971197e-02 3.264984e-02 3.513017e-02 3.783325e-02 3.930697e-02 3.874194e-02 3.955121e-02 4.081446e-02 4.188218e-02 4.663827e-02 5.325034e-02 5.836841e-02 6.634148e-02 7.579461e-02 7.981335e-02 8.367059e-02 9.143107e-02 9.531697e-02 9.549882e-02 9.959617e-02 1.054456e-01 1.089798e-01 1.129453e-01 1.187352e-01 1.242704e-01 1.297862e-01 1.339725e-01 1.356347e-01 1.361257e-01 1.383201e-01 1.409274e-01 1.441408e-01 1.500033e-01 1.580122e-01 1.635091e-01 1.678805e-01 1.766499e-01 1.900498e-01 2.019133e-01 2.060573e-01 2.029701e-01 1.972991e-01 1.929204e-01 1.928972e-01 1.945342e-01 1.936944e-01 1.871930e-01 1.756823e-01 1.633496e-01 1.520051e-01 1.426123e-01 1.348594e-01 1.304798e-01 1.308271e-01 1.331685e-01 1.330927e-01 1.300153e-01 1.256625e-01 1.214751e-01 1.197778e-01 1.220347e-01 1.267662e-01 1.300226e-01 1.290069e-01 1.273459e-01 1.263098e-01 1.226103e-01 1.161380e-01 1.080263e-01 9.962889e-02 9.201449e-02 8.536040e-02 7.930964e-02 7.364499e-02 6.964706e-02 6.545255e-02 5.972215e-02 5.441401e-02 4.860461e-02 4.330571e-02 3.908576e-02 3.516904e-02 3.103481e-02 2.699415e-02 2.256222e-02 1.801207e-02 1.474138e-02 1.258458e-02 1.034230e-02 8.118466e-03 6.267712e-03 4.937378e-03 4.044330e-03 3.743196e-03 3.598092e-03 2.717085e-03 1.224920e-03 2.777037e-04 3.980361e-05 4.554682e-06 5.937160e-07 1.248533e-07 5.251963e-08 2.875839e-08 1.383246e-08 3.116635e-09 2.252942e-10 6.702863e-12 1.195451e-13 1.614423e-15 4.715766e-17 2.628855e-18 1.992440e-18 7.351382e-18 3.325356e-17 2.522093e-17 1.799813e-18 1.205140e-19 2.512711e-21 1.752019e-24 3.985845e-27 1.272298e-27 1.037202e-26 1.103707e-25 7.214600e-24 1.819051e-24 1.164431e-28 8.945436e-34
9.651667e-13 4.192408e-16 2.986461e-10 1.272793e-07 2.135941e-05 7.992275e-05 1.585794e-05 2.420599e-06 5.346965e-06 1.409158e-06 9.353371e-06 4.631755e-05 5.293349e-05 6.114349e-05 1.878113e-04 3.416789e-04 3.469844e-04 3.391064e-04 3.772980e-04 5.399824e-04 4.633471e-04 6.793085e-04 9.889952e-04 1.511903e-03 1.293385e-03 1.116953e-03 1.106493e-03 1.274418e-03 1.338713e-03 1.318147e-03 1.256419e-03 1.256559e-03 1.399405e-03 1.559293e-03 1.786922e-03 2.050424e-03 2.397490e-03 2.876834e-03 3.322207e-03 3.924325e-03 4.447906e-03 5.058778e-03 6.200037e-03 7.223228e-03 8.345186e-03 9.849732e-03 1.094734e-02 1.217894e-02 1.350928e-02 1.382441e-02 1.485027e-02 1.667386e-02 1.823529e-02 2.045656e-02 2.317716e-02 2.514955e-02 2.761277e-02 3.116628e-02 3.448666e-02 3.682286e-02 3.849417e-02 3.938578e-02 3.892778e-02 3.901981e-02 4.129608e-02 4.373304e-02 4.590665e-02 5.024782e-02 5.531098e-02 5.890807e-02 6.332179e-02 6.847892e-02 7.086177e-02 7.196940e-02 7.483733e-02 7.809476e-02 8.182029e-02 8.892725e-02 9.794828e-02 1.058149e-01 1.135182e-01 1.200614e-01 1.229069e-01 1.198775e-01 1.116217e-01 1.022072e-01 9.816676e-02 1.008762e-01 1.080522e-01 1.162090e-01 1.257833e-01 1.364469e-01 1.446152e-01 1.475137e-01 1.469019e-01 1.483446e-01 1.537183e-01 1.584671e-01 1.576112e-01 1.517494e-01 1.444053e-01 1.365955e-01 1.294550e-01 1.239458e-01 1.203806e-01 1.179030e-01 1.147801e-01 1.104709e-01 1.058865e-01 1.028177e-01 1.003534e-01 9.769819e-02 9.592130e-02 9.525722e-02 9.570592e-02 9.655854e-02 9.779400e-02 9.973063e-02 1.026256e-01 1.052024e-01 1.068555e-01 1.078475e-01 1.055421e-01 1.008708e-01 9.561909e-02 9.012616e-02 8.438114e-02 7.796683e-02 7.182729e-02 6.593488e-02 6.166366e-02 5.891801e-02 5.585469e-02 5.407431e-02 5.098777e-02 4.512454e-02 3.882654e-02 3.282947e-02 2.816682e-02 2.461613e-02 2.187214e-02 1.905390e-02 1.575806e-02 1.239468e-02 9.071120e-03 6.377281e-03 4.734563e-03 3.441230e-03 2.246671e-03 1.362946e-03 8.820178e-04 6.906854e-04 6.736763e-04 5.948343e-04 3.470008e-04 9.233644e-05 1.123270e-05 8.060856e-07 3.915169e-08 2.359801e-09 1.656451e-10 2.678082e-11 7.040285e-12 1.648334e-12 2.271880e-13 2.157847e-14 1.767021e-15 1.241389e-16 2.740168e-17 5.102225e-17 3.193364e-16 1.223829e-15 4.716878e-16 2.049913e-16 8.341497e-17 8.543317e-18 9.922866e-21 2.494729e-23 1.137144e-23 7.834786e-24 5.884668e-23 2.303250e-22 4.490073e-24 3.189926e-29 1.505721e-34
2.040482e-13 8.663837e-10 2.732367e-09 1.157212e-04 9.516928e-06 1.063567e-07 4.076996e-07 3.104400e-07 5.662820e-08 5.398243e-07 3.416425e-06 3.056256e-05 1.068491e-04 2.366008e-04 2.578322e-04 2.767808e-04 2.335356e-04 2.044113e-04 3.174263e-04 4.322605e-04 6.355607e-04 8.036605e-04 9.724004e-04 8.733150e-04 8.523211e-04 9.293650e-04 8.806937e-04 8.232043e-04 8.355977e-04 8.287015e-04 9.839864e-04 1.139926e-03 1.234918e-03 1.379117e-03 1.452355e-03 1.813936e-03 2.341707e-03 2.868278e-03 3.729706e-03 3.982773e-03 4.538936e-03 5.356819e-03 6.028707e-03 7.534953e-03 8.315363e-03 8.643215e-03 9.861140e-03 1.055546e-02 1.134366e-02 1.294229e-02 1.388381e-02 1.531686e-02 1.833456e-02 2.107361e-02 2.384307e-02 2.719864e-02 2.937921e-02 3.046924e-02 3.247455e-02 3.559052e-02 3.750360e-02 3.973231e-02 4.388256e-02 4.615087e-02 4.800771e-02 5.186928e-02 5.262576e-02 5.073666e-02 5.072813e-02 5.075353e-02 5.070867e-02 5.410349e-02 5.893661e-02 6.118541e-02 6.339791e-02 6.791606e-02 7.073414e-02 7.091543e-02 7.365402e-02 8.077825e-02 8.920598e-02 9.501611e-02 9.731865e-02 9.737420e-02 9.648083e-02 9.323003e-02 8.905991e-02 8.825352e-02 9.306277e-02 9.991677e-02 1.038367e-01 1.037151e-01 1.022798e-01 9.957002e-02 9.519965e-02 9.030096e-02 8.636136e-02 8.426329e-02 8.320040e-02 8.221345e-02 8.180146e-02 8.179151e-02 8.199900e-02 8.235518e-02 8.243819e-02 8.328602e-02 8.493846e-02 8.650635e-02 8.696109e-02 8.496518e-02 8.162399e-02 7.929433e-02 7.835305e-02 7.755318e-02 7.643621e-02 7.575538e-02 7.721674e-02 7.911766e-02 7.958511e-02 8.009088e-02 8.287690e-02 8.621760e-02 8.792737e-02 8.746123e-02 8.426612e-02 8.003427e-02 7.520789e-02 6.973793e-02 6.357581e-02 5.821026e-02 5.383005e-02 4.892742e-02 4.499920e-02 4.182568e-02 3.852461e-02 3.606974e-02 3.319599e-02 2.858956e-02 2.285931e-02 1.773361e-02 1.419708e-02 1.263156e-02 1.268170e-02 1.275908e-02 1.142074e-02 9.091371e-03 6.354522e-03 3.917831e-03 2.149447e-03 1.079236e-03 5.140951e-04 2.310718e-04 1.215215e-04 8.725674e-05 8.483448e-05 6.970792e-05 3.763470e-05 1.113845e-05 8.716006e-07 1.991713e-08 3.302267e-10 7.279588e-12 3.686625e-13 3.829555e-14 6.849915e-15 1.646280e-15 5.845146e-16 4.212136e-16 1.036156e-15 1.362054e-14 3.147749e-13 8.912391e-13 7.693009e-13 7.652282e-13 5.078036e-12 1.658597e-12 3.307939e-15 2.402857e-17 2.710822e-18 8.304625e-19 2.459968e-19 1.101669e-19 2.355684e-23 7.452009e-29 1.214205e-34
1.040471e-06 2.560579e-12 2.727159e-09 4.451647e-13 2.364398e-12 2.336731e-10 1.906421e-09 2.403174e-09 1.836716e-07 3.098633e-06 5.421714e-06 7.473267e-06 5.562578e-05 1.347879e-04 2.066462e-04 1.921463e-04 1.963059e-04 2.898792e-04 3.251318e-04 3.823589e-04 4.268846e-04 4.754318e-04 3.921375e-04 3.347172e-04 4.367788e-04 5.398955e-04 6.386044e-04 7.089811e-04 7.241594e-04 8.509132e-04 8.789600e-04 9.908557e-04 1.194797e-03 1.273995e-03 1.583990e-03 1.796536e-03 2.124770e-03 2.769833e-03 3.204620e-03 4.215301e-03 5.115116e-03 5.688698e-03 6.550774e-03 6.589960e-03 7.364033e-03 8.408381e-03 8.614651e-03 9.967806e-03 1.178600e-02 1.299313e-02 1.520548e-02 1.679413e-02 1.812063e-02 2.050321e-02 2.245010e-02 2.435555e-02 2.594112e-02 2.724366e-02 2.835645e-02 2.931363e-02 3.245159e-02 3.721812e-02 4.167031e-02 4.745415e-02 5.188805e-02 5.287007e-02 5.418251e-02 5.473456e-02 5.287961e-02 5.218276e-02 5.231849e-02 5.140370e-02 5.213981e-02 5.464610e-02 5.542186e-02 5.508177e-02 5.622989e-02 5.817636e-02 5.959183e-02 6.207949e-02 6.763531e-02 7.556302e-02 8.377416e-02 9.011891e-02 9.381402e-02 9.418404e-02 9.182941e-02 8.861960e-02 8.735599e-02 8.796928e-02 8.793709e-02 8.504409e-02 8.025625e-02 7.504126e-02 6.966529e-02 6.435957e-02 6.019643e-02 5.815645e-02 5.760542e-02 5.698710e-02 5.601261e-02 5.494459e-02 5.507393e-02 5.711647e-02 6.016434e-02 6.387748e-02 6.752410e-02 7.083469e-02 7.373881e-02 7.533866e-02 7.471968e-02 7.119074e-02 6.674667e-02 6.451155e-02 6.533160e-02 6.757279e-02 6.929198e-02 6.949421e-02 6.860571e-02 6.815494e-02 6.831245e-02 6.878981e-02 7.017188e-02 7.209766e-02 7.333098e-02 7.321549e-02 7.131268e-02 6.657913e-02 6.075159e-02 5.500470e-02 4.893642e-02 4.409412e-02 3.938850e-02 3.336859e-02 2.812845e-02 2.494488e-02 2.352034e-02 2.245093e-02 2.028992e-02 1.642112e-02 1.223303e-02 9.308210e-03 7.671413e-03 6.993252e-03 7.264246e-03 7.875838e-03 7.507437e-03 5.824594e-03 3.529408e-03 1.750403e-03 7.360099e-04 2.849780e-04 1.029771e-04 4.328368e-05 2.120360e-05 1.047818e-05 8.168321e-06 1.061670e-05 8.430254e-06 8.781436e-07 1.870790e-08 1.900330e-10 2.867000e-12 9.842826e-14 8.187559e-15 9.210394e-16 3.089300e-16 4.965841e-16 6.144164e-15 5.552644e-13 2.785511e-11 2.908134e-10 7.054420e-10 1.134766e-08 5.446013e-07 7.104547e-07 5.184895e-09 1.035329e-10 1.619100e-11 5.775761e-13 7.693012e-14 5.273237e-16 2.883307e-20 2.087304e-26 2.272124e-32
1.354276e-18 7.126595e-15 2.392486e-18 2.308338e-15 7.761567e-15 7.469334e-14 1.116841e-09 4.589792e-08 3.359670e-08 9.648954e-06 2.706590e-05 6.437428e-05 1.404525e-04 9.253283e-05 9.354967e-05 2.145505e-04 5.377939e-04 4.305180e-04 4.236235e-04 4.910263e-04 4.034471e-04 3.072636e-04 3.230374e-04 3.270234e-04 3.058679e-04 3.142741e-04 4.334402e-04 5.508789e-04 7.061865e-04 8.161827e-04 9.542552e-04 1.037738e-03 9.868417e-04 1.250997e-03 1.407920e-03 1.700906e-03 2.045601e-03 2.164046e-03 2.903821e-03 3.347727e-03 3.837443e-03 4.502058e-03 4.409043e-03 5.025539e-03 5.636288e-03 6.356611e-03 8.183116e-03 9.098849e-03 1.045300e-02 1.267459e-02 1.450870e-02 1.656283e-02 1.704047e-02 1.758512e-02 1.806130e-02 1.813766e-02 2.030646e-02 2.192973e-02 2.305159e-02 2.596573e-02 2.743101e-02 2.850885e-02 3.247404e-02 3.637187e-02 3.916505e-02 4.334331e-02 4.798418e-02 5.281877e-02 5.771549e-02 6.006859e-02 5.925415e-02 5.597384e-02 5.068029e-02 4.598469e-02 4.368535e-02 4.324243e-02 4.480194e-02 4.955900e-02 5.720741e-02 6.488543e-02 7.073633e-02 7.643098e-02 8.302598e-02 8.745281e-02 8.758223e-02 8.552285e-02 8.346020e-02 8.040838e-02 7.665113e-02 7.389309e-02 7.296133e-02 7.309207e-02 7.220317e-02 6.939385e-02 6.555671e-02 6.193768e-02 5.913998e-02 5.767339e-02 5.757074e-02 5.783666e-02 5.746165e-02 5.536960e-02 5.269680e-02 5.100444e-02 5.106220e-02 5.325492e-02 5.605786e-02 5.891949e-02 6.078751e-02 6.234144e-02 6.432270e-02 6.584439e-02 6.490554e-02 6.194286e-02 5.956701e-02 5.857784e-02 5.869226e-02 5.978759e-02 6.088446e-02 6.076408e-02 5.975064e-02 5.854697e-02 5.762926e-02 5.763130e-02 5.867021e-02 6.041729e-02 6.111559e-02 6.085827e-02 5.925304e-02 5.462038e-02 4.865564e-02 4.224064e-02 3.565911e-02 3.001093e-02 2.523766e-02 2.114704e-02 1.773580e-02 1.557150e-02 1.451189e-02 1.365976e-02 1.214424e-02 9.679005e-03 6.860388e-03 4.829057e-03 3.830304e-03 3.430275e-03 3.338491e-03 3.446197e-03 3.209672e-03 2.420301e-03 1.441656e-03 7.835011e-04 3.765924e-04 1.677299e-04 5.508270e-05 1.122315e-05 2.572282e-06 9.797834e-07 6.245336e-07 2.718426e-07 2.863124e-08 8.703869e-10 1.505798e-11 2.954663e-13 9.382102e-15 5.389985e-16 1.189477e-16 1.493781e-16 4.282776e-15 5.327259e-13 3.568025e-11 5.608154e-10 8.879091e-09 1.894578e-06 4.747940e-04 1.024825e-03 7.509824e-05 1.642815e-05 2.120179e-06 8.288977e-08 1.801002e-09 3.947504e-12 4.460669e-17 5.329894e-23 3.592622e-29
8.941059e-11 8.835762e-25 1.895467e-14 2.309361e-15 2.282300e-13 4.694921e-11 5.807032e-10 4.520987e-08 1.816445e-07 3.327115e-05 1.975015e-04 1.737186e-04 2.265114e-04 2.002930e-04 2.273478e-04 2.136920e-04 3.545715e-04 3.702203e-04 3.548227e-04 3.891607e-04 3.002250e-04 2.411010e-04 2.019227e-04 2.564097e-04 2.885383e-04 4.025235e-04 3.858535e-04 5.091440e-04 5.466028e-04 5.992163e-04 6.263636e-04 6.522408e-04 9.312590e-04 9.717102e-04 1.235521e-03 1.413786e-03 1.513476e-03 1.921663e-03 1.847877e-03 2.090987e-03 2.343204e-03 2.474385e-03 3.163910e-03 3.527698e-03 3.817506e-03 4.448312e-03 5.291137e-03 6.738309e-03 8.301127e-03 9.898837e-03 1.089998e-02 1.244670e-02 1.392629e-02 1.359094e-02 1.459253e-02 1.570091e-02 1.544593e-02 1.783694e-02 2.099169e-02 2.189662e-02 2.475148e-02 2.744900e-02 2.714197e-02 2.890292e-02 3.318118e-02 3.650201e-02 4.042261e-02 4.630596e-02 5.224963e-02 5.717808e-02 5.896955e-02 5.601443e-02 4.975865e-02 4.307308e-02 3.865702e-02 3.769234e-02 4.002573e-02 4.475409e-02 5.128789e-02 5.975952e-02 6.892660e-02 7.420276e-02 7.419003e-02 7.295109e-02 7.192285e-02 6.949871e-02 6.680478e-02 6.740429e-02 7.196931e-02 7.653412e-02 7.772040e-02 7.648192e-02 7.466861e-02 7.354534e-02 7.278519e-02 7.167891e-02 6.989329e-02 6.771240e-02 6.538499e-02 6.313425e-02 6.141477e-02 5.939043e-02 5.675839e-02 5.411802e-02 5.225253e-02 5.169629e-02 5.216323e-02 5.366166e-02 5.533119e-02 5.649285e-02 5.748008e-02 5.875863e-02 6.003349e-02 6.051392e-02 5.914505e-02 5.615440e-02 5.336906e-02 5.238253e-02 5.263369e-02 5.309367e-02 5.316345e-02 5.260238e-02 5.178190e-02 5.067451e-02 4.986813e-02 4.912007e-02 4.907137e-02 5.036577e-02 5.171041e-02 5.352240e-02 5.325001e-02 4.734970e-02 3.882957e-02 3.140872e-02 2.592214e-02 2.129160e-02 1.729497e-02 1.392268e-02 1.135167e-02 9.593717e-03 8.257858e-03 7.114080e-03 5.903025e-03 4.423488e-03 2.960779e-03 1.838817e-03 1.163288e-03 8.476339e-04 6.785767e-04 5.642239e-04 4.637252e-04 3.662230e-04 2.849285e-04 2.179684e-04 1.269755e-04 4.292006e-05 8.340201e-06 1.159124e-06 1.357827e-07 1.728731e-08 1.002231e-09 3.327506e-11 7.906268e-13 1.266989e-14 2.200686e-16 1.033773e-17 1.894079e-18 5.121989e-18 2.890288e-16 5.324584e-14 3.637237e-12 7.805914e-11 6.241570e-09 4.924774e-06 5.648103e-04 1.723344e-03 3.724472e-03 7.399183e-03 1.325607e-03 2.072959e-05 2.944057e-07 2.034787e-10 2.606033e-15 3.832320e-21 3.714127e-27
7.323990e-12 1.009692e-19 3.802625e-18 2.203099e-10 1.968584e-12 4.024993e-12 5.217650e-08 3.447365e-08 4.574272e-08 4.519914e-04 1.173784e-04 4.511497e-05 1.696056e-04 3.823640e-04 2.409480e-04 2.243478e-04 2.559274e-04 2.096095e-04 1.706900e-04 2.071407e-04 1.814632e-04 1.773257e-04 2.079605e-04 2.442620e-04 3.307521e-04 3.189858e-04 3.871890e-04 3.319672e-04 3.808752e-04 3.867649e-04 4.518026e-04 6.531793e-04 8.342732e-04 1.250946e-03 1.239951e-03 1.163093e-03 1.248083e-03 1.243561e-03 1.512323e-03 1.711486e-03 1.811623e-03 2.173444e-03 2.295221e-03 2.593678e-03 3.203782e-03 3.612603e-03 4.149822e-03 5.138915e-03 6.025491e-03 6.773151e-03 7.543662e-03 7.910155e-03 9.325682e-03 1.215108e-02 1.320343e-02 1.416005e-02 1.555768e-02 1.428845e-02 1.403144e-02 1.599049e-02 1.718460e-02 1.943578e-02 2.390118e-02 2.624392e-02 2.727793e-02 2.980425e-02 3.043516e-02 2.937995e-02 3.037621e-02 3.279405e-02 3.586736e-02 3.995307e-02 4.327390e-02 4.354012e-02 4.226315e-02 4.248406e-02 4.467221e-02 4.724554e-02 4.874512e-02 4.941658e-02 5.067995e-02 5.333309e-02 5.608386e-02 5.686713e-02 5.681144e-02 5.860776e-02 6.256550e-02 6.745920e-02 7.326696e-02 8.059540e-02 8.811177e-02 9.212062e-02 9.051304e-02 8.533704e-02 7.957128e-02 7.518517e-02 7.250965e-02 7.127593e-02 7.062838e-02 6.930884e-02 6.735676e-02 6.504232e-02 6.331480e-02 6.192394e-02 6.008331e-02 5.807407e-02 5.613488e-02 5.506679e-02 5.490214e-02 5.570981e-02 5.738466e-02 6.007108e-02 6.315714e-02 6.496295e-02 6.361372e-02 5.837513e-02 5.140078e-02 4.545319e-02 4.206252e-02 4.132570e-02 4.188896e-02 4.238401e-02 4.240995e-02 4.228288e-02 4.218712e-02 4.222853e-02 4.253531e-02 4.214570e-02 4.154398e-02 4.129309e-02 4.074077e-02 4.017474e-02 3.899724e-02 3.581372e-02 3.046067e-02 2.465697e-02 1.978706e-02 1.627134e-02 1.355681e-02 1.072688e-02 7.865870e-03 5.535174e-03 4.015959e-03 3.050758e-03 2.185198e-03 1.383504e-03 7.899570e-04 3.785187e-04 1.646272e-04 7.862787e-05 4.271997e-05 2.454445e-05 1.520345e-05 1.121333e-05 8.337783e-06 6.439148e-06 3.885149e-06 1.496310e-06 1.834647e-07 8.559187e-09 1.588280e-10 1.978638e-12 2.148492e-14 2.124478e-16 2.890932e-18 1.213469e-19 2.834496e-20 1.511185e-19 1.047682e-17 1.629560e-15 7.168998e-14 2.314452e-12 5.364468e-10 2.629924e-07 6.108841e-06 8.962497e-05 3.836615e-03 4.757396e-02 2.573324e-03 2.679366e-05 1.071926e-07 4.641104e-11 4.887750e-16 1.181166e-21 2.398803e-27
1.869271e-25 2.099694e-23 2.475718e-15 4.947783e-13 3.931254e-11 1.309523e-10 1.034434e-09 3.855282e-08 1.061225e-07 4.181472e-06 8.347719e-05 1.072516e-04 5.189223e-05 5.252099e-05 1.001448e-04 8.406951e-05 1.273984e-04 6.348964e-05 7.167641e-05 7.051308e-05 8.889005e-05 8.224610e-05 9.451838e-05 1.250149e-04 1.270179e-04 1.660458e-04 1.680453e-04 2.393176e-04 2.566930e-04 3.227827e-04 4.402523e-04 5.045698e-04 6.795322e-04 7.391284e-04 9.798453e-04 1.214198e-03 1.254825e-03 1.486239e-03 1.456746e-03 1.481255e-03 1.667535e-03 1.725505e-03 2.156266e-03 2.669945e-03 3.145498e-03 3.820674e-03 3.970547e-03 3.871626e-03 3.917005e-03 4.233368e-03 4.781072e-03 5.253338e-03 5.553741e-03 5.982413e-03 7.133948e-03 8.363078e-03 9.144157e-03 1.035007e-02 1.075852e-02 1.036478e-02 1.133400e-02 1.295184e-02 1.432373e-02 1.668951e-02 1.846116e-02 1.836734e-02 1.883653e-02 1.924499e-02 1.852041e-02 1.910375e-02 2.170633e-02 2.556179e-02 3.058111e-02 3.655564e-02 4.202924e-02 4.520741e-02 4.645588e-02 4.758031e-02 4.840342e-02 4.737195e-02 4.491433e-02 4.365280e-02 4.536456e-02 4.967993e-02 5.494528e-02 5.992821e-02 6.534279e-02 7.243571e-02 7.994703e-02 8.566679e-02 8.970524e-02 9.268826e-02 9.339156e-02 9.026476e-02 8.439194e-02 7.850582e-02 7.397050e-02 7.074916e-02 6.904373e-02 6.891134e-02 7.026783e-02 7.211569e-02 7.412023e-02 7.555951e-02 7.612700e-02 7.601275e-02 7.517109e-02 7.414436e-02 7.284543e-02 7.093748e-02 6.866816e-02 6.639502e-02 6.445739e-02 6.349600e-02 6.281687e-02 6.023243e-02 5.472924e-02 4.666943e-02 3.836154e-02 3.224383e-02 2.929519e-02 2.916339e-02 3.071374e-02 3.213886e-02 3.260399e-02 3.251430e-02 3.251126e-02 3.369983e-02 3.534073e-02 3.604028e-02 3.530709e-02 3.414278e-02 3.336709e-02 3.222964e-02 3.013775e-02 2.631540e-02 2.167271e-02 1.735169e-02 1.381842e-02 1.090791e-02 8.393490e-03 6.072802e-03 4.093670e-03 2.597711e-03 1.643087e-03 1.069632e-03 6.653058e-04 3.585107e-04 1.653891e-04 6.328620e-05 2.094995e-05 6.397189e-06 1.982583e-06 6.355573e-07 2.011953e-07 8.701540e-08 5.739133e-08 4.893485e-08 2.631463e-08 4.059288e-09 1.855564e-10 3.186987e-12 2.300078e-14 1.281611e-16 1.496479e-18 4.558901e-20 1.178614e-20 4.800568e-20 1.495566e-18 4.625115e-17 5.223496e-16 1.566522e-14 7.277227e-12 1.608632e-09 5.118253e-08 7.027160e-06 5.031005e-03 1.868938e-02 4.982548e-04 1.262468e-06 2.128209e-09 3.134310e-13 2.293160e-18 1.025233e-23 2.804241e-29
6.731844e-06 1.064568e-15 9.307295e-16 1.134057e-10 1.022246e-10 2.079066e-10 7.752109e-08 1.375086e-07 3.382069e-08 2.524956e-06 1.956410e-05 1.147624e-05 1.615922e-06 4.434530e-06 8.241722e-06 8.341805e-06 7.933932e-06 1.194093e-05 8.991531e-06 1.252834e-05 1.824351e-05 3.401504e-05 4.260444e-05 4.662264e-05 6.148281e-05 6.987154e-05 1.267723e-04 1.610556e-04 2.600374e-04 3.265917e-04 3.692525e-04 4.645188e-04 5.113906e-04 6.914251e-04 8.356320e-04 1.070636e-03 1.366733e-03 1.308692e-03 1.331569e-03 1.319190e-03 1.358102e-03 1.572695e-03 1.741900e-03 2.138565e-03 2.405770e-03 2.593654e-03 2.811132e-03 2.779206e-03 2.934151e-03 2.801156e-03 2.753776e-03 2.872833e-03 2.658426e-03 2.653703e-03 2.956070e-03 3.520555e-03 4.862307e-03 6.428833e-03 7.767622e-03 9.321613e-03 9.788787e-03 9.419658e-03 9.522605e-03 1.003789e-02 1.085069e-02 1.170883e-02 1.287103e-02 1.441704e-02 1.539473e-02 1.601664e-02 1.729310e-02 1.895271e-02 2.112561e-02 2.448657e-02 2.863166e-02 3.312018e-02 3.845195e-02 4.395495e-02 4.839879e-02 5.212677e-02 5.522223e-02 5.607613e-02 5.485854e-02 5.418802e-02 5.600518e-02 5.973634e-02 6.435715e-02 6.957018e-02 7.478343e-02 7.806674e-02 7.861540e-02 7.782175e-02 7.797167e-02 7.911304e-02 7.921197e-02 7.747160e-02 7.537926e-02 7.389892e-02 7.278354e-02 7.233030e-02 7.394896e-02 7.723174e-02 8.164079e-02 8.614948e-02 9.058773e-02 9.492565e-02 9.742474e-02 9.701663e-02 9.364936e-02 8.893325e-02 8.446170e-02 7.987155e-02 7.422556e-02 6.733871e-02 5.992309e-02 5.343688e-02 4.865258e-02 4.460527e-02 3.997935e-02 3.473213e-02 2.995085e-02 2.677702e-02 2.515183e-02 2.489869e-02 2.580583e-02 2.678379e-02 2.766758e-02 2.800185e-02 2.787256e-02 2.791198e-02 2.806258e-02 2.808633e-02 2.720023e-02 2.617210e-02 2.544182e-02 2.458065e-02 2.311166e-02 2.011736e-02 1.598250e-02 1.213889e-02 9.129276e-03 6.705499e-03 4.606074e-03 2.827005e-03 1.648358e-03 9.344676e-04 4.793793e-04 2.472660e-04 1.443078e-04 8.641196e-05 4.806361e-05 1.821022e-05 4.598895e-06 7.779109e-07 9.351153e-08 1.091721e-08 1.921524e-09 4.116825e-10 1.561449e-10 5.103654e-11 1.079462e-11 1.067996e-12 2.755633e-14 3.601577e-16 5.348384e-18 1.752851e-19 4.141077e-20 8.380493e-20 5.695626e-19 1.797692e-18 2.781275e-18 6.951029e-17 3.515288e-14 1.231097e-11 1.217781e-09 5.194322e-06 7.219831e-03 1.206552e-02 1.014452e-04 2.621367e-07 2.099247e-10 8.333220e-15 6.737742e-20 1.089779e-25 7.007540e-31
1.118311e-06 1.709317e-19 6.562405e-14 3.083013e-09 7.573866e-07 1.130557e-07 9.503624e-07 8.323053e-07 1.072665e-07 7.605665e-07 1.657759e-06 4.537087e-07 8.841936e-07 4.526718e-06 6.363451e-06 2.847479e-06 4.809267e-06 3.248559e-06 4.078859e-06 3.723748e-06 6.569838e-06 8.550774e-06 1.202913e-05 1.914162e-05 3.145258e-05 6.785968e-05 9.798422e-05 1.774217e-04 2.313293e-04 3.596614e-04 4.898333e-04 6.151242e-04 8.144266e-04 8.593114e-04 9.383583e-04 9.056220e-04 8.659356e-04 9.936456e-04 1.079144e-03 1.389701e-03 1.661829e-03 1.943085e-03 2.103373e-03 1.821321e-03 1.929457e-03 1.898931e-03 2.152213e-03 2.427360e-03 2.237221e-03 2.364363e-03 2.054960e-03 1.878537e-03 2.138397e-03 1.999265e-03 2.018447e-03 2.332102e-03 2.404396e-03 2.982814e-03 4.160845e-03 4.989169e-03 5.987988e-03 7.158472e-03 7.344999e-03 7.154847e-03 7.813617e-03 9.029767e-03 9.746375e-03 1.065800e-02 1.240273e-02 1.368391e-02 1.404737e-02 1.483192e-02 1.592959e-02 1.639305e-02 1.758772e-02 2.073828e-02 2.536200e-02 3.161316e-02 4.052729e-02 5.041454e-02 5.748738e-02 6.085299e-02 6.097339e-02 5.759593e-02 5.263755e-02 4.916491e-02 4.877309e-02 5.150367e-02 5.671841e-02 6.278266e-02 6.719200e-02 6.846620e-02 6.804441e-02 6.855967e-02 7.090627e-02 7.358938e-02 7.482621e-02 7.487988e-02 7.536149e-02 7.625810e-02 7.746650e-02 7.890341e-02 8.190490e-02 8.637965e-02 9.123854e-02 9.581465e-02 9.955490e-02 1.024608e-01 1.026042e-01 9.780670e-02 8.899333e-02 7.970057e-02 7.145540e-02 6.357514e-02 5.578680e-02 4.892762e-02 4.334585e-02 3.894634e-02 3.565500e-02 3.295124e-02 3.042073e-02 2.802412e-02 2.568254e-02 2.393704e-02 2.270323e-02 2.223359e-02 2.201571e-02 2.151238e-02 2.135703e-02 2.208346e-02 2.365991e-02 2.475994e-02 2.428890e-02 2.227136e-02 1.982980e-02 1.804694e-02 1.714942e-02 1.662677e-02 1.612628e-02 1.505158e-02 1.261086e-02 9.537709e-03 6.664417e-03 4.496485e-03 2.877088e-03 1.541786e-03 7.294036e-04 3.300525e-04 1.436692e-04 7.330511e-05 5.596176e-05 3.823966e-05 2.026910e-05 6.524370e-06 1.427995e-06 1.625303e-07 8.229753e-09 2.575312e-10 1.077316e-11 8.535055e-13 1.023239e-13 1.163012e-14 1.047933e-15 5.295378e-17 2.997840e-18 3.294663e-19 1.321278e-19 2.692613e-19 4.488029e-19 1.899303e-19 6.201926e-20 1.015065e-18 7.620346e-16 1.610083e-13 8.839678e-11 1.891262e-06 2.696456e-03 1.109415e-03 3.204102e-05 4.153221e-07 4.557474e-10 3.355816e-14 7.875273e-20 2.382226e-25 3.124107e-31
6.681809e-07 8.265338e-18 2.092651e-11 4.461311e-08 2.197037e-05 1.791829e-07 3.625390e-08 8.745708e-08 2.018033e-07 3.093986e-07 1.101725e-06 3.656905e-05 2.140097e-05 8.523662e-06 8.209296e-06 1.205359e-05 5.144872e-06 4.545737e-06 3.858090e-06 4.490305e-06 3.123153e-06 3.788373e-06 6.005086e-06 1.456526e-05 3.448373e-05 5.956664e-05 1.076873e-04 1.542141e-04 2.862281e-04 4.303672e-04 5.997701e-04 6.924350e-04 6.745055e-04 7.524559e-04 7.217230e-04 8.016832e-04 8.865807e-04 1.050045e-03 1.420086e-03 1.477877e-03 1.705245e-03 1.631365e-03 1.717955e-03 1.917278e-03 1.705794e-03 1.762389e-03 1.562057e-03 1.600229e-03 1.720052e-03 1.605659e-03 1.854629e-03 1.905967e-03 1.860652e-03 2.206524e-03 2.108369e-03 1.857011e-03 1.825796e-03 1.620805e-03 1.681226e-03 2.324174e-03 3.261338e-03 4.461678e-03 6.058502e-03 7.169308e-03 7.395064e-03 7.625271e-03 8.087017e-03 8.159350e-03 8.008946e-03 8.312381e-03 8.924494e-03 9.482881e-03 1.043543e-02 1.213121e-02 1.384045e-02 1.567328e-02 1.903246e-02 2.382212e-02 2.906991e-02 3.557663e-02 4.350873e-02 4.986469e-02 5.204036e-02 5.073574e-02 4.761533e-02 4.432672e-02 4.227458e-02 4.223827e-02 4.458808e-02 4.886311e-02 5.395061e-02 5.809129e-02 5.985953e-02 5.939849e-02 5.864091e-02 5.953463e-02 6.241276e-02 6.602732e-02 6.877843e-02 6.979596e-02 7.014807e-02 7.019459e-02 7.006723e-02 6.949883e-02 6.931885e-02 7.088745e-02 7.417361e-02 7.866396e-02 8.213884e-02 8.231559e-02 7.815131e-02 7.121903e-02 6.361177e-02 5.656939e-02 4.984017e-02 4.329906e-02 3.764638e-02 3.325856e-02 3.038545e-02 2.878638e-02 2.788613e-02 2.693862e-02 2.558943e-02 2.397615e-02 2.249775e-02 2.128408e-02 1.993605e-02 1.844409e-02 1.695889e-02 1.583445e-02 1.528418e-02 1.590640e-02 1.789887e-02 2.048329e-02 2.151845e-02 1.944327e-02 1.584626e-02 1.280324e-02 1.123796e-02 1.074744e-02 1.059926e-02 1.034518e-02 9.201512e-03 7.406216e-03 5.276272e-03 3.328409e-03 1.936131e-03 9.494845e-04 3.631459e-04 1.447562e-04 8.697272e-05 5.362889e-05 2.754601e-05 1.308157e-05 8.387929e-06 4.697268e-06 6.173119e-07 1.509178e-08 1.436766e-10 1.621534e-12 2.642480e-14 8.875230e-16 3.635084e-17 2.010347e-18 3.055818e-19 1.089110e-19 1.351334e-19 2.962040e-19 2.357065e-19 2.617517e-20 4.154259e-21 1.083059e-19 4.523342e-17 5.701710e-15 8.183899e-12 2.400586e-07 2.494312e-05 3.680858e-06 5.149207e-07 9.931635e-08 1.613891e-09 2.283150e-13 3.309361e-18 3.029676e-24 1.115317e-29
4.162120e-14 7.634742e-18 2.073925e-12 1.349521e-08 8.289219e-08 3.787133e-11 1.462662e-10 2.195220e-09 6.223509e-08 1.601498e-06 5.056072e-05 1.471585e-04 2.300873e-05 1.932137e-05 8.109818e-05 4.447073e-05 1.695147e-05 6.538241e-06 4.631587e-06 2.677077e-06 3.011279e-06 3.970294e-06 7.663672e-06 1.613761e-05 3.232724e-05 5.727652e-05 1.021037e-04 2.326880e-04 3.695140e-04 4.882968e-04 4.859921e-04 5.264749e-04 6.228499e-04 6.782787e-04 7.721645e-04 7.706858e-04 9.078435e-04 8.761762e-04 8.514974e-04 8.912197e-04 7.918312e-04 8.300398e-04 8.248847e-04 9.077106e-04 9.939126e-04 9.606461e-04 9.751919e-04 8.884400e-04 9.010280e-04 1.010540e-03 1.053662e-03 1.214749e-03 1.318851e-03 1.307566e-03 1.487973e-03 1.640960e-03 1.685986e-03 1.831848e-03 1.883560e-03 1.989602e-03 2.483036e-03 3.211887e-03 4.127631e-03 5.349143e-03 6.099993e-03 6.104222e-03 6.228753e-03 6.443170e-03 6.504270e-03 6.937035e-03 8.004284e-03 9.389115e-03 1.120671e-02 1.403961e-02 1.771009e-02 2.095480e-02 2.375518e-02 2.720404e-02 3.045055e-02 3.299285e-02 3.604945e-02 3.974612e-02 4.270658e-02 4.400360e-02 4.423690e-02 4.420192e-02 4.445051e-02 4.490546e-02 4.510612e-02 4.490314e-02 4.452688e-02 4.461389e-02 4.580764e-02 4.758830e-02 4.878506e-02 4.897626e-02 4.876615e-02 4.876798e-02 4.932475e-02 5.037921e-02 5.145732e-02 5.187976e-02 5.181161e-02 5.136553e-02 5.026500e-02 4.902080e-02 4.862093e-02 5.005681e-02 5.305275e-02 5.675313e-02 5.934474e-02 5.820753e-02 5.338795e-02 4.759084e-02 4.241474e-02 3.772327e-02 3.325837e-02 2.923664e-02 2.618288e-02 2.435175e-02 2.367830e-02 2.367909e-02 2.342502e-02 2.255286e-02 2.107294e-02 1.914966e-02 1.747190e-02 1.623619e-02 1.532704e-02 1.424685e-02 1.301558e-02 1.201166e-02 1.152821e-02 1.169352e-02 1.229213e-02 1.316082e-02 1.338246e-02 1.240160e-02 1.030462e-02 8.030652e-03 6.613646e-03 6.281049e-03 6.503568e-03 6.434187e-03 5.585108e-03 4.493182e-03 3.421758e-03 2.317540e-03 1.095563e-03 4.405926e-04 1.942910e-04 9.417124e-05 3.473049e-05 1.223154e-05 5.419744e-06 3.856002e-06 1.488969e-06 1.667796e-07 4.475863e-09 3.299975e-11 1.620760e-13 1.207062e-15 8.509678e-18 1.459657e-19 1.609371e-20 8.876502e-21 1.851170e-20 3.385891e-20 9.961088e-21 3.528979e-22 6.520156e-23 2.637211e-21 3.052823e-19 2.289003e-17 1.907123e-13 3.804816e-09 3.027003e-08 1.526507e-09 4.723409e-10 3.756116e-10 2.263444e-11 4.781516e-14 1.608156e-18 1.689151e-23 3.493475e-29
1.715204e-24 3.968296e-24 1.236513e-20 4.344529e-16 4.372361e-11 1.404660e-13 1.200563e-12 2.195136e-11 3.326803e-09 3.041137e-07 1.490360e-06 2.773741e-06 5.198104e-06 1.250045e-05 1.491853e-05 1.688392e-05 1.566025e-05 9.810643e-06 3.869750e-06 3.353887e-06 4.153210e-06 6.544374e-06 8.017218e-06 1.064382e-05 1.850838e-05 4.851400e-05 1.175850e-04 1.962749e-04 2.686770e-04 3.189081e-04 3.822867e-04 3.967179e-04 4.646635e-04 5.366151e-04 6.278937e-04 6.282837e-04 5.225202e-04 4.826154e-04 4.134039e-04 4.250765e-04 4.593776e-04 4.756457e-04 4.731551e-04 4.334536e-04 4.773691e-04 5.481003e-04 6.029101e-04 7.081284e-04 7.241194e-04 7.036923e-04 7.359338e-04 7.273876e-04 7.947452e-04 1.002694e-03 1.252506e-03 1.782195e-03 2.630277e-03 3.266428e-03 3.650801e-03 3.605532e-03 3.193447e-03 3.067496e-03 3.194158e-03 3.525778e-03 4.526324e-03 5.872900e-03 6.838515e-03 8.201278e-03 1.014618e-02 1.139459e-02 1.240458e-02 1.430265e-02 1.628676e-02 1.790798e-02 2.057699e-02 2.428645e-02 2.728299e-02 2.938700e-02 3.144892e-02 3.249460e-02 3.242485e-02 3.308251e-02 3.490598e-02 3.705311e-02 3.901676e-02 4.087404e-02 4.295683e-02 4.537818e-02 4.745518e-02 4.812777e-02 4.711202e-02 4.498728e-02 4.267954e-02 4.120645e-02 4.085102e-02 4.085493e-02 4.051397e-02 4.012650e-02 3.986293e-02 3.976631e-02 3.984549e-02 3.990866e-02 3.991528e-02 3.988113e-02 3.966990e-02 3.914699e-02 3.828855e-02 3.800440e-02 3.878966e-02 4.031302e-02 4.194364e-02 4.314635e-02 4.300350e-02 4.099843e-02 3.770800e-02 3.410543e-02 3.068508e-02 2.782336e-02 2.543876e-02 2.343201e-02 2.211168e-02 2.154336e-02 2.112151e-02 2.038853e-02 1.911720e-02 1.757155e-02 1.628603e-02 1.530887e-02 1.412203e-02 1.260845e-02 1.129429e-02 1.044750e-02 9.961866e-03 9.451842e-03 8.943107e-03 8.681985e-03 8.699936e-03 8.579951e-03 7.662349e-03 6.205431e-03 5.023783e-03 4.348380e-03 3.960694e-03 3.690453e-03 3.313398e-03 2.694838e-03 1.922461e-03 1.286845e-03 7.352449e-04 3.679647e-04 1.632934e-04 7.554874e-05 3.189608e-05 1.190766e-05 3.248801e-06 9.266167e-07 1.963495e-07 2.484604e-08 1.543637e-09 2.499434e-11 1.638882e-13 5.978131e-16 1.367864e-18 7.140141e-21 3.573992e-22 2.706245e-22 7.881972e-22 1.518807e-21 1.642996e-22 1.735263e-24 4.525266e-25 4.584039e-24 4.974754e-23 3.728413e-21 2.570816e-16 1.283033e-11 5.606362e-11 9.416470e-12 5.088455e-12 1.462873e-12 4.685914e-14 7.906348e-17 2.288127e-20 3.690950e-25 1.285099e-29
1.400038e-07 2.264045e-28 2.016459e-25 2.445407e-20 6.465773e-15 1.765302e-13 4.131257e-12 5.929336e-12 5.294096e-10 4.775905e-10 1.183549e-09 4.560063e-08 2.336353e-07 5.980118e-07 3.412813e-06 4.169638e-06 3.974766e-06 5.702813e-06 6.664192e-06 4.185798e-06 4.391810e-06 7.625395e-06 1.145197e-05 1.745000e-05 3.129780e-05 5.228337e-05 8.564406e-05 1.142690e-04 1.344087e-04 1.497924e-04 1.891313e-04 2.710183e-04 3.654014e-04 4.995292e-04 5.496789e-04 6.246920e-04 6.177786e-04 5.872966e-04 5.847575e-04 4.880639e-04 4.663065e-04 4.454617e-04 4.631505e-04 5.026191e-04 4.463517e-04 4.921177e-04 5.954947e-04 6.721621e-04 8.449617e-04 8.835362e-04 8.539056e-04 9.982050e-04 1.142423e-03 1.449044e-03 2.156852e-03 2.825405e-03 3.600000e-03 4.782632e-03 5.426577e-03 5.537465e-03 5.408477e-03 4.671061e-03 4.075341e-03 3.975864e-03 4.107059e-03 4.926641e-03 6.673648e-03 8.557552e-03 1.060788e-02 1.336894e-02 1.536032e-02 1.574934e-02 1.628082e-02 1.737292e-02 1.827123e-02 1.965822e-02 2.258972e-02 2.634452e-02 2.985393e-02 3.310381e-02 3.555902e-02 3.674956e-02 3.739446e-02 3.868677e-02 4.078504e-02 4.302343e-02 4.501156e-02 4.700081e-02 4.935061e-02 5.095069e-02 5.037943e-02 4.784479e-02 4.466518e-02 4.205864e-02 4.023730e-02 3.918251e-02 3.841861e-02 3.768407e-02 3.697976e-02 3.625443e-02 3.577644e-02 3.546214e-02 3.510296e-02 3.446507e-02 3.380670e-02 3.356266e-02 3.362741e-02 3.389737e-02 3.424418e-02 3.464675e-02 3.494970e-02 3.494515e-02 3.420449e-02 3.277695e-02 3.097251e-02 2.935392e-02 2.852645e-02 2.844312e-02 2.809684e-02 2.669521e-02 2.460719e-02 2.245427e-02 2.077623e-02 1.970752e-02 1.877137e-02 1.738447e-02 1.564976e-02 1.407488e-02 1.315967e-02 1.298697e-02 1.293281e-02 1.198108e-02 9.987969e-03 7.954403e-03 6.628822e-03 6.212938e-03 6.487659e-03 6.951090e-03 6.781617e-03 5.652859e-03 4.025210e-03 2.689704e-03 2.042034e-03 1.827613e-03 1.705067e-03 1.445194e-03 1.024260e-03 5.348328e-04 2.167208e-04 6.716792e-05 1.906170e-05 5.419283e-06 2.186784e-06 1.153478e-06 6.373219e-07 2.187543e-07 3.985835e-08 2.767029e-09 9.692119e-11 1.744533e-12 1.317400e-14 3.767292e-17 7.394245e-20 2.339453e-22 8.608268e-24 4.832015e-24 1.302723e-23 1.911704e-23 1.859524e-24 5.319021e-26 6.256139e-27 3.940336e-27 1.307512e-27 9.144502e-26 3.614030e-20 7.609465e-15 2.566864e-13 1.536466e-12 7.882439e-12 9.290475e-13 2.293778e-15 1.229572e-18 7.011620e-23 4.465312e-27 1.402736e-31
6.961985e-09 1.925537e-35 3.641292e-28 7.162369e-21 6.405781e-15 1.329938e-14 1.460608e-14 3.252848e-14 1.188795e-12 3.816648e-12 8.898607e-11 1.185676e-09 3.062138e-09 2.097321e-08 1.877560e-07 4.788076e-07 9.806861e-07 1.780627e-06 4.053113e-06 5.137626e-06 7.600638e-06 9.771311e-06 1.854060e-05 3.685494e-05 5.257333e-05 5.458772e-05 4.803418e-05 6.140376e-05 8.260596e-05 1.436562e-04 2.225425e-04 3.328819e-04 4.036885e-04 3.921627e-04 4.550499e-04 4.884393e-04 6.162826e-04 6.824034e-04 7.021562e-04 7.621333e-04 7.147070e-04 7.980546e-04 7.998104e-04 8.145009e-04 9.205787e-04 7.677041e-04 7.782515e-04 8.522412e-04 9.312585e-04 1.362022e-03 1.778756e-03 2.137395e-03 2.756725e-03 2.975257e-03 3.150795e-03 3.674528e-03 3.829898e-03 3.779744e-03 4.148038e-03 4.574281e-03 4.985931e-03 5.663982e-03 6.046263e-03 6.108299e-03 6.257353e-03 6.362686e-03 6.788593e-03 7.881078e-03 9.148140e-03 1.041144e-02 1.210672e-02 1.393334e-02 1.501403e-02 1.608445e-02 1.809086e-02 2.069503e-02 2.375795e-02 2.801498e-02 3.336547e-02 3.877001e-02 4.299652e-02 4.529889e-02 4.544438e-02 4.437416e-02 4.395302e-02 4.502605e-02 4.701083e-02 4.851122e-02 4.932681e-02 4.988138e-02 4.996605e-02 4.889147e-02 4.612443e-02 4.271188e-02 3.979805e-02 3.801888e-02 3.712656e-02 3.667363e-02 3.647692e-02 3.631552e-02 3.588431e-02 3.513884e-02 3.454323e-02 3.396085e-02 3.291734e-02 3.163036e-02 3.040924e-02 2.970448e-02 2.953700e-02 2.986279e-02 3.019907e-02 3.003795e-02 2.909403e-02 2.746287e-02 2.573823e-02 2.478248e-02 2.510157e-02 2.643320e-02 2.776102e-02 2.827983e-02 2.743886e-02 2.485767e-02 2.177658e-02 1.937758e-02 1.825020e-02 1.804863e-02 1.767200e-02 1.630847e-02 1.444049e-02 1.295242e-02 1.205886e-02 1.156566e-02 1.116611e-02 1.031730e-02 8.716810e-03 6.843679e-03 5.268433e-03 4.324717e-03 3.981060e-03 3.893433e-03 3.411568e-03 2.402164e-03 1.485844e-03 9.117827e-04 6.364160e-04 4.789171e-04 3.733679e-04 2.545682e-04 1.369423e-04 4.837049e-05 1.113535e-05 1.222952e-06 1.159124e-07 1.484918e-08 4.361123e-09 2.038663e-09 7.798132e-10 1.077945e-10 5.516196e-12 1.137503e-13 7.644446e-16 2.711350e-18 5.180944e-21 1.630239e-23 3.363224e-25 4.188238e-26 1.298900e-26 1.937890e-27 2.548404e-28 1.386967e-28 8.402111e-29 9.938796e-30 6.952828e-31 2.883185e-29 1.451933e-23 8.470632e-18 9.432631e-16 3.039738e-13 2.445915e-11 6.244570e-12 9.272676e-15 5.729945e-19 1.027404e-23 1.004612e-28 7.332595e-33
5.884890e-08 2.162687e-31 3.968881e-25 5.851339e-22 1.644755e-17 4.232447e-19 8.124684e-18 1.971745e-16 3.039273e-15 6.140716e-14 9.437029e-12 2.380035e-10 3.050709e-10 1.335533e-09 1.900431e-08 2.193132e-07 5.262718e-07 8.423732e-07 1.148670e-06 3.133757e-06 5.879369e-06 1.012567e-05 1.078617e-05 1.493324e-05 2.391707e-05 4.142926e-05 7.484354e-05 9.875715e-05 1.677172e-04 2.108733e-04 2.808942e-04 2.594076e-04 2.584196e-04 3.001361e-04 3.173810e-04 4.193751e-04 4.981243e-04 6.665532e-04 8.319231e-04 1.019615e-03 1.332878e-03 1.398516e-03 1.523029e-03 1.376697e-03 1.351230e-03 1.541129e-03 1.495306e-03 1.767212e-03 2.142458e-03 2.526786e-03 3.492791e-03 4.139452e-03 4.562773e-03 5.123890e-03 4.869475e-03 4.529247e-03 4.630785e-03 4.752063e-03 4.914586e-03 5.242754e-03 5.693458e-03 6.362949e-03 7.156619e-03 8.057795e-03 9.082261e-03 9.436180e-03 9.190168e-03 9.313130e-03 9.748972e-03 1.014427e-02 1.086985e-02 1.221527e-02 1.419554e-02 1.690058e-02 2.039808e-02 2.436500e-02 2.841106e-02 3.235700e-02 3.607478e-02 3.953197e-02 4.292006e-02 4.558631e-02 4.620302e-02 4.439628e-02 4.156208e-02 3.960434e-02 3.951556e-02 4.065232e-02 4.176311e-02 4.236541e-02 4.248958e-02 4.225917e-02 4.174598e-02 4.100932e-02 3.977292e-02 3.845449e-02 3.774761e-02 3.758693e-02 3.745076e-02 3.719607e-02 3.704996e-02 3.668156e-02 3.587041e-02 3.487614e-02 3.374028e-02 3.200742e-02 2.937778e-02 2.667012e-02 2.467494e-02 2.375213e-02 2.366421e-02 2.382686e-02 2.360765e-02 2.298538e-02 2.260904e-02 2.314583e-02 2.456863e-02 2.583073e-02 2.588494e-02 2.522230e-02 2.423421e-02 2.299506e-02 2.159057e-02 1.973250e-02 1.798656e-02 1.688923e-02 1.657732e-02 1.697219e-02 1.716105e-02 1.598065e-02 1.379823e-02 1.171230e-02 1.020395e-02 9.190984e-03 8.468436e-03 7.693565e-03 6.619878e-03 5.420539e-03 4.201946e-03 3.134221e-03 2.328243e-03 1.737551e-03 1.221362e-03 7.623709e-04 4.261441e-04 2.152647e-04 1.149484e-04 7.369307e-05 5.129143e-05 3.516390e-05 1.972404e-05 4.662461e-06 4.119695e-07 1.667600e-08 5.653866e-10 3.404979e-11 2.873603e-12 3.653980e-13 3.731983e-14 1.196732e-15 1.559178e-17 1.153684e-19 4.682588e-22 2.153057e-24 2.940717e-26 9.880991e-28 1.389784e-29 7.204647e-32 2.926739e-33 7.303657e-33 1.320194e-31 2.440749e-31 2.995694e-32 9.870985e-31 1.301194e-24 2.665314e-19 5.305326e-17 1.982600e-14 5.117970e-12 3.060190e-12 1.156390e-14 1.075962e-18 6.805367e-24 5.645595e-29 1.220471e-33
7.146997e-21 1.084462e-33 5.320489e-22 3.274337e-21 4.900656e-20 6.391574e-19 1.577794e-15 6.384446e-15 3.229367e-14 5.087975e-14 1.120596e-13 1.809941e-12 6.657554e-11 7.161616e-10 1.072666e-08 8.429685e-08 3.663063e-07 2.143360e-06 8.145032e-06 6.040313e-06 8.253241e-06 8.969817e-06 1.282675e-05 1.176712e-05 2.121591e-05 3.884123e-05 6.772089e-05 1.300468e-04 1.493072e-04 1.821211e-04 1.387097e-04 1.515866e-04 1.748485e-04 2.297495e-04 3.195580e-04 3.515671e-04 4.278971e-04 5.277396e-04 8.017145e-04 1.184066e-03 1.500471e-03 1.659195e-03 1.646273e-03 1.882645e-03 1.955751e-03 2.185465e-03 2.630680e-03 2.814916e-03 3.311636e-03 3.552127e-03 3.657005e-03 4.233906e-03 4.491506e-03 4.918468e-03 5.871455e-03 6.373022e-03 7.030301e-03 8.116151e-03 8.839780e-03 9.689063e-03 1.013251e-02 9.871880e-03 1.030242e-02 1.076634e-02 1.087245e-02 1.184200e-02 1.258757e-02 1.194846e-02 1.149016e-02 1.168698e-02 1.192546e-02 1.266150e-02 1.446914e-02 1.694943e-02 2.039532e-02 2.502273e-02 2.933815e-02 3.229865e-02 3.424741e-02 3.534020e-02 3.581077e-02 3.640231e-02 3.715624e-02 3.765541e-02 3.723761e-02 3.597504e-02 3.496211e-02 3.517322e-02 3.625069e-02 3.727249e-02 3.782150e-02 3.812757e-02 3.855405e-02 3.961888e-02 4.115742e-02 4.204962e-02 4.189780e-02 4.124245e-02 4.069696e-02 3.994299e-02 3.893810e-02 3.767743e-02 3.639491e-02 3.488071e-02 3.253207e-02 2.916704e-02 2.535192e-02 2.189289e-02 1.929459e-02 1.790565e-02 1.758999e-02 1.800330e-02 1.883205e-02 2.007578e-02 2.205584e-02 2.455846e-02 2.632194e-02 2.650041e-02 2.545307e-02 2.378983e-02 2.203851e-02 2.055096e-02 1.934261e-02 1.817361e-02 1.695160e-02 1.570041e-02 1.536859e-02 1.600126e-02 1.604414e-02 1.467782e-02 1.248083e-02 1.034882e-02 8.967098e-03 8.394269e-03 7.979189e-03 7.030331e-03 5.646796e-03 4.282992e-03 3.279655e-03 2.727845e-03 2.324818e-03 1.840210e-03 1.245497e-03 7.688120e-04 4.616765e-04 2.329304e-04 8.934562e-05 3.571000e-05 1.825893e-05 1.317136e-05 1.059123e-05 7.026598e-06 2.428396e-06 2.552911e-07 6.175492e-09 7.332036e-11 6.560024e-13 1.143715e-14 3.443490e-16 7.115681e-18 1.358079e-19 2.541440e-21 3.196860e-23 4.946560e-25 2.246488e-26 5.199687e-28 2.040757e-30 1.893240e-33 2.389351e-35 1.889670e-34 1.764361e-32 3.922557e-31 3.091150e-32 4.348399e-30 1.213162e-23 1.973076e-18 2.074837e-16 5.031844e-14 8.974552e-13 2.025124e-13 1.466994e-15 2.676038e-19 5.997310e-24 7.147470e-29 2.912233e-33
5.360227e-08 1.433914e-36 3.875195e-27 3.687964e-19 6.740339e-20 2.119704e-17 8.138587e-17 1.927237e-16 4.665143e-15 4.119911e-15 1.333133e-13 3.361478e-12 1.055182e-10 3.579755e-10 2.924644e-09 7.061258e-08 2.309299e-07 1.660728e-06 4.457514e-06 5.972739e-06 4.738503e-06 1.175074e-05 2.429754e-05 4.648118e-05 4.987890e-05 6.657185e-05 7.259822e-05 7.343642e-05 8.984197e-05 8.909565e-05 1.189370e-04 1.174589e-04 1.383834e-04 1.800925e-04 2.818326e-04 4.852364e-04 6.866178e-04 9.156824e-04 9.562546e-04 9.824454e-04 1.016966e-03 1.174365e-03 1.468458e-03 1.690221e-03 2.161672e-03 2.577226e-03 3.065150e-03 3.665077e-03 3.749518e-03 3.945548e-03 3.876609e-03 3.709115e-03 4.110329e-03 4.547678e-03 5.150484e-03 6.631843e-03 7.883460e-03 9.108639e-03 1.087049e-02 1.160680e-02 1.228162e-02 1.314357e-02 1.250474e-02 1.208222e-02 1.253798e-02 1.221407e-02 1.239965e-02 1.387006e-02 1.416046e-02 1.367891e-02 1.419219e-02 1.496273e-02 1.594888e-02 1.814546e-02 2.093124e-02 2.370810e-02 2.684523e-02 2.963089e-02 3.101422e-02 3.135084e-02 3.085441e-02 3.032025e-02 3.062618e-02 3.173824e-02 3.299571e-02 3.393373e-02 3.421978e-02 3.385308e-02 3.334518e-02 3.274985e-02 3.233798e-02 3.245323e-02 3.332503e-02 3.491669e-02 3.719677e-02 3.981398e-02 4.196386e-02 4.283337e-02 4.246943e-02 4.111509e-02 3.935598e-02 3.716022e-02 3.464023e-02 3.180075e-02 2.866564e-02 2.526468e-02 2.167050e-02 1.827062e-02 1.551261e-02 1.379956e-02 1.324855e-02 1.394279e-02 1.597589e-02 1.971723e-02 2.512284e-02 2.956926e-02 3.080362e-02 2.986517e-02 2.805512e-02 2.576748e-02 2.310561e-02 2.046666e-02 1.848917e-02 1.745053e-02 1.693322e-02 1.645980e-02 1.553390e-02 1.386430e-02 1.253735e-02 1.208190e-02 1.157389e-02 9.778833e-03 7.298294e-03 5.358391e-03 4.548654e-03 4.589953e-03 4.635597e-03 3.933164e-03 2.836350e-03 2.030434e-03 1.613370e-03 1.369948e-03 9.946283e-04 6.404855e-04 4.475068e-04 2.667677e-04 1.087452e-04 3.769152e-05 1.322319e-05 5.526462e-06 2.535389e-06 1.548898e-06 1.562873e-06 1.108674e-06 1.317022e-07 2.238955e-09 1.451510e-11 8.195846e-14 7.994669e-16 9.490085e-18 1.245092e-19 2.399070e-21 4.319363e-23 2.733654e-24 4.511109e-25 2.035249e-26 9.633815e-29 1.722242e-31 1.491821e-32 2.725490e-31 1.113272e-28 3.622661e-28 1.542056e-29 4.564200e-27 8.487827e-21 9.802713e-17 2.020786e-14 2.318016e-12 2.441777e-12 4.853049e-14 1.200491e-16 3.218129e-20 2.223396e-24 8.496957e-29 1.721387e-32
5.226398e-37 2.339328e-41 6.622598e-29 6.827673e-22 1.556185e-19 1.649982e-18 4.345629e-17 1.611554e-15 1.412808e-14 2.142534e-13 3.786938e-13 4.171389e-13 1.803313e-10 1.065590e-08 2.527865e-08 6.804225e-07 2.767131e-06 1.833949e-06 2.764459e-06 8.822256e-06 2.122567e-05 2.929286e-05 9.590228e-05 1.484888e-04 1.695504e-04 1.088446e-04 7.886464e-05 6.735983e-05 6.875695e-05 8.546023e-05 9.684610e-05 1.430749e-04 2.157621e-04 3.436881e-04 4.826550e-04 6.641960e-04 8.696853e-04 9.170201e-04 8.989770e-04 8.602836e-04 9.808269e-04 1.210026e-03 1.417537e-03 1.672215e-03 1.835795e-03 1.992567e-03 2.137873e-03 2.231515e-03 2.437759e-03 2.626256e-03 2.833784e-03 3.176627e-03 3.409506e-03 3.917793e-03 4.637671e-03 5.099988e-03 5.820297e-03 6.341640e-03 6.649801e-03 7.622705e-03 8.436884e-03 8.999263e-03 1.026187e-02 1.087372e-02 1.110666e-02 1.230311e-02 1.302202e-02 1.312501e-02 1.403459e-02 1.484826e-02 1.505066e-02 1.588723e-02 1.709543e-02 1.813228e-02 1.941291e-02 2.056929e-02 2.129100e-02 2.203164e-02 2.272686e-02 2.335183e-02 2.372092e-02 2.287613e-02 2.102663e-02 2.016522e-02 2.113402e-02 2.313551e-02 2.498955e-02 2.630121e-02 2.691749e-02 2.659348e-02 2.575683e-02 2.503866e-02 2.487427e-02 2.546722e-02 2.693968e-02 2.917351e-02 3.161647e-02 3.344665e-02 3.435285e-02 3.464008e-02 3.472401e-02 3.377847e-02 3.163897e-02 2.848683e-02 2.506012e-02 2.190971e-02 1.923184e-02 1.700556e-02 1.499106e-02 1.336819e-02 1.257621e-02 1.333413e-02 1.652827e-02 2.299327e-02 3.070892e-02 3.542576e-02 3.581242e-02 3.335471e-02 2.992785e-02 2.664450e-02 2.384735e-02 2.137825e-02 1.902251e-02 1.687006e-02 1.593167e-02 1.612148e-02 1.583093e-02 1.415744e-02 1.164294e-02 9.443079e-03 8.115632e-03 7.463251e-03 6.734001e-03 5.346902e-03 3.870884e-03 2.710880e-03 2.085418e-03 1.833796e-03 1.681777e-03 1.456155e-03 1.156380e-03 9.059051e-04 6.338370e-04 4.107991e-04 3.014645e-04 2.332258e-04 1.468585e-04 7.375850e-05 3.039908e-05 9.184847e-06 1.876541e-06 3.680310e-07 1.502994e-07 1.007296e-07 5.630080e-08 8.984301e-09 3.122398e-10 3.823301e-12 4.448807e-14 5.400323e-16 5.874211e-18 9.537122e-20 2.115243e-21 2.009813e-22 5.052434e-23 3.830593e-24 3.598679e-26 5.474652e-28 8.132320e-28 1.261855e-25 2.117930e-23 1.253717e-23 1.226004e-24 3.409907e-21 4.242514e-16 1.415681e-14 1.308791e-12 4.692841e-11 8.835220e-12 3.392979e-14 1.500798e-17 3.174281e-21 1.511292e-25 2.198283e-29 4.528505e-33
2.230633e-17 4.563456e-37 8.711918e-31 7.678084e-26 2.747997e-20 1.610021e-16 1.461933e-14 1.455241e-14 1.859897e-12 3.916340e-10 1.436200e-10 2.622425e-13 6.723948e-11 3.783487e-08 6.150412e-08 7.152531e-07 4.224368e-06 9.026100e-06 1.491340e-05 6.905399e-05 9.946436e-05 1.079446e-04 6.297872e-05 4.814100e-05 4.139440e-05 5.040473e-05 7.165226e-05 9.347779e-05 1.149407e-04 1.264297e-04 1.648842e-04 2.480395e-04 3.532894e-04 4.707995e-04 5.261351e-04 5.676314e-04 5.814664e-04 6.234931e-04 7.354770e-04 9.020590e-04 1.090909e-03 1.175982e-03 1.315624e-03 1.356932e-03 1.353509e-03 1.417545e-03 1.380955e-03 1.495196e-03 1.656373e-03 1.841745e-03 2.183142e-03 2.367744e-03 2.541084e-03 2.713236e-03 2.772630e-03 3.022998e-03 3.308383e-03 3.568561e-03 3.926815e-03 4.195963e-03 4.654191e-03 5.476714e-03 6.436008e-03 7.640322e-03 8.641096e-03 9.049592e-03 9.599660e-03 1.016713e-02 1.025783e-02 1.034351e-02 1.069473e-02 1.113631e-02 1.175323e-02 1.248284e-02 1.298346e-02 1.328994e-02 1.357623e-02 1.371346e-02 1.356348e-02 1.310050e-02 1.284866e-02 1.305644e-02 1.314634e-02 1.274934e-02 1.248722e-02 1.302551e-02 1.409170e-02 1.521411e-02 1.626343e-02 1.695443e-02 1.717607e-02 1.727351e-02 1.757487e-02 1.801192e-02 1.844775e-02 1.914962e-02 2.046607e-02 2.201516e-02 2.337294e-02 2.422834e-02 2.452777e-02 2.423948e-02 2.354837e-02 2.240937e-02 2.078800e-02 1.881161e-02 1.676380e-02 1.510087e-02 1.410053e-02 1.385104e-02 1.454966e-02 1.694598e-02 2.187131e-02 2.859240e-02 3.444317e-02 3.779158e-02 3.821095e-02 3.634110e-02 3.282133e-02 2.858161e-02 2.424183e-02 2.052180e-02 1.793553e-02 1.673173e-02 1.634000e-02 1.523553e-02 1.358330e-02 1.188575e-02 1.029511e-02 8.687178e-03 7.141671e-03 5.814713e-03 4.828340e-03 4.214816e-03 3.471541e-03 2.460178e-03 1.662604e-03 1.184773e-03 9.330258e-04 7.178133e-04 4.953361e-04 3.706958e-04 2.832233e-04 1.747695e-04 9.827319e-05 5.975091e-05 4.103695e-05 3.346608e-05 2.701080e-05 1.691777e-05 6.827981e-06 1.342280e-06 2.139863e-07 3.201340e-08 5.692193e-09 8.620461e-10 5.205867e-11 1.743755e-12 4.915498e-14 7.749831e-16 9.640910e-18 2.008971e-19 6.963713e-21 4.841288e-22 8.401909e-23 6.719558e-24 1.304224e-25 2.149568e-26 4.773664e-25 6.197099e-23 2.009637e-21 1.290051e-21 7.765528e-20 3.373096e-14 4.213222e-11 1.509201e-11 6.044294e-11 3.934265e-10 3.996691e-11 7.579113e-14 6.182674e-17 4.950314e-21 4.068472e-25 2.937839e-29 1.235371e-32
5.458214e-37 2.374766e-40 1.920698e-27 2.843689e-17 8.000983e-17 7.726738e-12 1.211877e-09 5.235896e-10 3.578888e-10 7.100939e-09 1.200128e-09 6.114702e-11 2.947193e-09 4.067160e-07 4.335119e-07 4.231630e-06 6.156901e-05 1.661552e-04 3.058700e-04 2.530943e-04 9.119379e-05 3.899147e-05 3.160465e-05 2.276959e-05 2.050813e-05 3.709121e-05 7.433692e-05 1.349979e-04 1.896088e-04 3.151901e-04 3.972669e-04 3.955261e-04 4.007146e-04 4.005558e-04 4.557541e-04 4.346661e-04 4.561393e-04 4.930147e-04 6.182792e-04 7.742468e-04 8.432511e-04 9.705696e-04 9.772405e-04 1.087577e-03 1.228916e-03 1.311948e-03 1.549911e-03 1.572253e-03 1.605569e-03 1.693317e-03 1.663793e-03 1.816595e-03 1.935489e-03 1.904520e-03 1.978170e-03 2.022478e-03 2.152069e-03 2.482585e-03 2.738627e-03 2.931135e-03 3.171045e-03 3.339971e-03 3.524614e-03 4.007967e-03 4.696898e-03 5.374311e-03 5.982670e-03 6.357836e-03 6.474435e-03 6.475270e-03 6.423946e-03 6.340566e-03 6.368320e-03 6.677968e-03 7.165349e-03 7.458312e-03 7.545501e-03 7.755512e-03 8.133746e-03 8.249365e-03 7.940821e-03 7.648474e-03 7.716102e-03 8.099178e-03 8.570223e-03 9.157954e-03 9.791479e-03 1.029085e-02 1.060119e-02 1.059878e-02 1.041455e-02 1.005043e-02 9.887879e-03 1.026812e-02 1.092836e-02 1.146507e-02 1.194709e-02 1.271231e-02 1.368198e-02 1.417332e-02 1.385686e-02 1.333543e-02 1.307290e-02 1.297195e-02 1.278138e-02 1.242584e-02 1.186001e-02 1.126533e-02 1.098526e-02 1.182903e-02 1.485806e-02 2.053899e-02 2.697463e-02 3.139763e-02 3.403031e-02 3.605979e-02 3.721916e-02 3.621792e-02 3.271653e-02 2.820720e-02 2.389521e-02 2.025824e-02 1.766006e-02 1.572555e-02 1.383009e-02 1.230120e-02 1.128829e-02 1.014298e-02 8.642641e-03 6.929485e-03 5.388565e-03 4.297625e-03 3.771693e-03 3.311963e-03 2.577909e-03 1.827458e-03 1.277762e-03 9.501273e-04 7.258522e-04 4.786465e-04 2.618696e-04 1.518990e-04 9.887861e-05 6.445481e-05 3.781371e-05 1.887088e-05 9.746725e-06 5.279358e-06 2.944325e-06 2.152731e-06 1.752480e-06 1.121193e-06 5.018317e-07 1.219740e-07 1.395584e-08 8.438352e-10 2.324410e-11 4.559551e-13 8.253138e-15 8.098947e-17 7.750728e-19 1.689784e-20 6.131267e-22 2.655376e-23 1.977097e-24 8.865514e-26 3.288740e-27 4.329729e-27 1.176080e-25 2.085319e-24 9.875296e-24 8.003012e-22 6.803978e-16 4.149182e-09 9.593051e-08 4.382132e-09 2.986899e-09 6.488436e-09 2.714851e-10 1.473568e-12 1.100006e-15 1.813686e-19 1.744446e-23 2.623832e-27 1.284643e-30
3.063451e-22 2.528810e-35 6.666325e-19 9.921975e-14 5.560868e-13 3.926398e-07 4.540643e-07 2.885774e-08 1.238695e-09 3.002918e-08 3.484751e-08 4.372137e-09 2.646757e-07 5.419735e-05 6.532593e-06 1.695926e-05 1.943348e-04 1.874726e-04 8.382804e-05 1.163756e-04 5.714250e-05 4.029176e-05 3.739758e-05 6.091544e-05 7.239146e-05 8.262700e-05 1.060839e-04 1.250926e-04 1.834019e-04 1.989599e-04 2.214749e-04 2.207294e-04 2.292075e-04 2.257369e-04 2.214828e-04 2.603597e-04 3.066359e-04 4.058688e-04 4.779663e-04 5.916654e-04 7.556063e-04 8.999181e-04 1.144797e-03 1.286998e-03 1.446975e-03 1.631318e-03 1.587483e-03 1.608533e-03 1.516755e-03 1.375422e-03 1.350850e-03 1.273720e-03 1.294325e-03 1.426508e-03 1.498711e-03 1.623168e-03 1.773322e-03 1.858649e-03 2.039847e-03 2.232002e-03 2.250510e-03 2.286952e-03 2.309710e-03 2.231222e-03 2.310386e-03 2.563018e-03 2.890075e-03 3.381620e-03 3.945577e-03 4.361828e-03 4.880201e-03 5.613515e-03 6.052270e-03 6.072168e-03 6.090834e-03 6.154804e-03 6.116768e-03 5.976398e-03 5.933616e-03 6.177431e-03 6.443311e-03 6.316739e-03 5.949951e-03 5.769156e-03 5.962968e-03 6.413754e-03 6.900661e-03 7.304112e-03 7.362174e-03 7.164265e-03 6.960706e-03 6.695135e-03 6.380694e-03 6.223368e-03 6.478622e-03 7.184831e-03 7.957098e-03 8.397586e-03 8.450810e-03 8.329864e-03 8.034134e-03 7.538999e-03 7.127065e-03 6.997210e-03 7.089340e-03 7.225467e-03 7.234100e-03 7.314872e-03 7.998095e-03 1.012104e-02 1.438384e-02 2.025604e-02 2.572225e-02 2.921497e-02 3.055248e-02 3.088402e-02 3.087720e-02 3.055571e-02 2.868844e-02 2.524321e-02 2.134234e-02 1.842857e-02 1.637780e-02 1.419778e-02 1.199264e-02 1.008871e-02 8.426850e-03 7.092520e-03 6.128067e-03 5.230679e-03 4.296870e-03 3.588116e-03 2.962000e-03 2.288125e-03 1.726508e-03 1.252758e-03 8.756276e-04 6.267362e-04 4.500723e-04 3.148301e-04 2.102893e-04 1.220869e-04 6.112976e-05 2.936362e-05 1.289340e-05 5.902737e-06 3.102342e-06 1.570001e-06 6.596854e-07 2.465151e-07 8.342106e-08 3.842113e-08 2.551826e-08 1.698995e-08 5.105699e-09 5.960378e-10 2.828406e-11 6.611568e-13 6.055978e-15 3.074987e-17 2.143930e-19 3.805842e-21 8.309620e-23 2.432901e-24 7.859555e-26 1.148116e-27 6.146462e-29 1.273818e-28 1.477566e-27 7.122614e-27 6.909896e-26 3.798861e-21 6.100043e-13 2.936732e-07 4.937456e-07 2.938877e-08 1.381616e-08 1.409788e-08 6.562149e-10 3.934619e-12 3.309722e-15 5.318331e-19 6.352364e-23 2.901066e-26 2.079526e-29
8.343223e-36 2.798780e-37 1.749856e-21 1.201394e-12 1.308514e-10 1.184703e-06 1.622319e-07 4.255038e-07 7.816919e-08 4.295748e-07 5.086420e-07 1.302440e-07 7.319116e-07 1.055993e-03 3.768727e-04 2.998494e-05 1.006793e-04 1.393314e-04 8.792363e-05 1.024612e-04 1.581245e-04 2.139546e-04 2.926901e-04 3.522008e-04 2.722178e-04 1.830067e-04 1.640121e-04 1.646162e-04 1.514331e-04 1.440464e-04 1.271201e-04 1.306544e-04 1.355240e-04 1.516704e-04 1.568827e-04 1.716361e-04 2.055848e-04 2.452793e-04 3.283096e-04 4.388735e-04 6.195194e-04 8.901936e-04 1.143254e-03 1.375398e-03 1.472092e-03 1.455588e-03 1.416547e-03 1.317504e-03 1.291659e-03 1.322982e-03 1.355974e-03 1.396332e-03 1.420946e-03 1.477854e-03 1.621212e-03 1.790692e-03 1.893107e-03 1.939913e-03 1.942759e-03 1.876068e-03 1.875842e-03 1.885557e-03 1.817553e-03 1.772113e-03 1.738626e-03 1.739166e-03 1.839083e-03 2.049551e-03 2.443766e-03 3.050816e-03 3.707957e-03 4.481930e-03 5.595227e-03 6.663209e-03 7.104247e-03 7.112786e-03 7.201651e-03 7.200514e-03 6.804111e-03 6.235432e-03 5.857137e-03 5.689982e-03 5.432412e-03 5.115141e-03 4.930980e-03 4.861108e-03 4.917336e-03 5.133127e-03 5.369943e-03 5.402542e-03 5.281522e-03 5.206679e-03 5.273020e-03 5.405075e-03 5.585317e-03 5.985391e-03 6.587259e-03 7.131273e-03 7.254122e-03 6.971931e-03 6.534146e-03 6.062200e-03 5.632792e-03 5.303860e-03 5.215839e-03 5.439143e-03 5.882565e-03 6.772100e-03 8.510319e-03 1.129228e-02 1.474050e-02 1.840834e-02 2.221740e-02 2.550814e-02 2.700667e-02 2.629507e-02 2.438663e-02 2.241384e-02 2.024334e-02 1.816344e-02 1.625127e-02 1.441977e-02 1.240638e-02 1.063880e-02 9.079608e-03 7.527422e-03 6.066878e-03 4.986406e-03 4.199950e-03 3.536934e-03 3.154306e-03 2.835878e-03 2.279718e-03 1.750762e-03 1.379345e-03 1.059195e-03 7.492887e-04 4.799415e-04 2.912326e-04 1.906422e-04 1.391556e-04 1.004198e-04 6.884173e-05 4.242200e-05 2.034637e-05 7.464779e-06 2.391444e-06 9.621224e-07 4.163847e-07 1.207800e-07 2.043001e-08 3.334364e-09 6.478197e-10 1.694313e-10 4.495913e-11 9.914300e-12 1.347187e-12 7.074479e-14 8.831249e-16 5.975226e-18 5.195994e-20 7.224117e-22 9.147777e-24 1.399619e-25 1.984236e-27 1.485646e-29 6.226417e-31 1.774681e-30 2.331172e-29 8.299025e-29 1.367456e-26 3.635111e-20 3.370889e-12 1.336393e-08 1.748051e-08 1.573042e-09 1.501039e-09 1.051973e-09 3.526941e-11 1.825193e-13 8.552162e-17 6.113308e-21 5.953086e-25 1.938781e-28 4.388237e-31
8.303935e-15 2.246236e-35 2.334521e-23 5.375677e-14 1.315909e-12 8.027308e-09 1.382749e-08 2.424869e-07 1.099365e-07 1.423461e-05 1.531059e-05 1.191695e-06 5.959454e-07 3.341787e-04 2.708654e-04 4.062668e-05 2.273957e-04 5.789229e-04 2.838294e-04 2.915706e-04 4.036112e-04 3.866534e-04 2.412894e-04 2.851393e-04 2.835033e-04 2.475651e-04 1.844024e-04 1.273954e-04 8.519430e-05 7.808596e-05 8.673494e-05 9.018329e-05 9.176006e-05 9.714388e-05 1.301623e-04 1.651763e-04 2.050200e-04 2.482347e-04 3.092032e-04 4.071347e-04 4.898497e-04 5.863689e-04 6.634369e-04 7.313146e-04 7.777234e-04 8.044361e-04 8.477353e-04 8.645701e-04 9.163275e-04 1.008258e-03 1.147306e-03 1.393007e-03 1.539579e-03 1.611729e-03 1.631283e-03 1.573644e-03 1.680753e-03 1.753792e-03 1.709940e-03 1.725666e-03 1.633900e-03 1.514479e-03 1.516097e-03 1.489111e-03 1.433696e-03 1.450318e-03 1.502100e-03 1.561396e-03 1.651875e-03 1.874646e-03 2.314906e-03 2.904171e-03 3.551796e-03 4.437754e-03 5.562488e-03 6.353003e-03 6.682468e-03 7.005858e-03 7.245884e-03 7.025241e-03 6.584062e-03 6.355652e-03 6.239684e-03 6.088124e-03 5.954079e-03 5.873818e-03 5.771881e-03 5.666376e-03 5.697692e-03 5.832694e-03 5.874969e-03 5.803915e-03 5.822073e-03 6.091188e-03 6.421646e-03 6.659309e-03 6.834446e-03 7.091132e-03 7.291256e-03 7.211506e-03 6.881386e-03 6.449637e-03 6.096981e-03 5.841034e-03 5.773651e-03 6.126198e-03 7.188868e-03 9.299098e-03 1.213271e-02 1.459675e-02 1.612693e-02 1.736761e-02 1.910679e-02 2.147621e-02 2.364705e-02 2.423961e-02 2.235284e-02 1.921586e-02 1.645035e-02 1.446896e-02 1.248840e-02 1.011038e-02 8.120041e-03 6.857862e-03 6.032420e-03 5.293572e-03 4.344049e-03 3.421693e-03 2.735894e-03 2.527117e-03 2.552977e-03 2.290479e-03 1.807404e-03 1.381506e-03 1.052694e-03 8.270931e-04 6.428616e-04 4.491108e-04 3.023747e-04 1.921947e-04 1.098156e-04 5.772378e-05 3.500347e-05 2.605817e-05 1.995081e-05 1.319150e-05 6.436546e-06 2.550703e-06 8.553574e-07 2.196693e-07 4.066933e-08 4.593590e-09 2.794966e-10 1.446891e-11 9.405021e-13 7.594953e-14 6.280217e-15 3.371885e-16 8.781760e-18 1.655009e-19 3.274984e-21 5.203738e-23 3.910034e-25 1.595643e-27 6.745508e-30 1.582148e-32 7.367740e-34 6.054817e-33 1.381427e-31 1.497449e-30 4.344885e-27 9.260260e-20 1.735849e-13 3.662205e-11 3.068826e-11 1.325881e-11 5.143274e-11 4.466186e-11 6.820796e-13 2.244669e-15 5.190629e-19 2.306217e-23 6.190671e-28 1.730713e-31 1.367763e-34
9.438504e-09 1.108579e-27 4.283121e-19 1.529520e-14 2.600725e-13 1.733865e-08 3.223996e-08 2.590091e-06 3.339447e-06 1.451696e-04 8.788837e-05 1.661373e-05 9.468110e-07 1.379549e-04 3.395578e-04 2.224129e-04 1.837671e-04 1.373343e-04 8.725782e-05 1.172300e-04 2.306895e-04 2.259446e-04 1.479255e-04 1.613007e-04 1.509070e-04 1.132582e-04 1.037400e-04 8.610109e-05 9.049291e-05 8.538502e-05 8.175357e-05 7.194668e-05 7.268928e-05 8.743000e-05 1.100995e-04 1.702282e-04 2.317884e-04 3.054538e-04 3.234430e-04 3.076085e-04 2.967367e-04 2.819815e-04 3.068017e-04 3.505011e-04 4.321551e-04 5.273374e-04 6.027286e-04 6.992047e-04 7.636019e-04 8.372059e-04 9.086459e-04 9.417028e-04 1.045726e-03 1.139245e-03 1.242437e-03 1.382876e-03 1.396202e-03 1.427501e-03 1.483682e-03 1.436764e-03 1.417721e-03 1.431281e-03 1.386236e-03 1.387933e-03 1.502994e-03 1.584375e-03 1.598050e-03 1.711475e-03 1.879052e-03 1.938596e-03 2.024551e-03 2.290031e-03 2.619955e-03 2.946027e-03 3.468386e-03 4.280081e-03 5.272023e-03 6.266489e-03 7.226062e-03 8.039671e-03 8.408898e-03 8.526894e-03 8.785596e-03 9.129329e-03 9.260974e-03 9.233116e-03 9.313233e-03 9.381955e-03 9.214493e-03 9.005441e-03 9.043816e-03 9.276819e-03 9.388302e-03 9.430462e-03 9.534713e-03 9.636590e-03 9.550842e-03 9.326261e-03 9.097039e-03 8.837203e-03 8.386930e-03 7.866898e-03 7.588141e-03 7.580309e-03 7.917849e-03 9.056607e-03 1.142562e-02 1.482495e-02 1.775942e-02 1.899026e-02 1.889530e-02 1.836905e-02 1.793862e-02 1.777495e-02 1.808177e-02 1.868843e-02 1.896040e-02 1.829754e-02 1.595211e-02 1.308268e-02 1.043877e-02 8.304657e-03 6.429547e-03 4.824998e-03 3.691402e-03 3.119741e-03 2.902956e-03 2.721713e-03 2.423961e-03 2.081132e-03 1.715102e-03 1.428751e-03 1.256262e-03 1.043402e-03 7.856552e-04 6.141646e-04 4.678036e-04 3.439392e-04 2.843579e-04 2.311318e-04 1.419226e-04 6.550073e-05 2.829984e-05 1.268422e-05 6.924507e-06 5.500176e-06 5.319548e-06 3.699478e-06 1.539429e-06 5.575591e-07 2.142547e-07 3.879597e-08 2.053944e-09 4.084225e-11 7.881120e-13 1.761445e-14 3.267695e-16 6.851915e-18 1.654186e-19 4.767669e-21 2.023342e-22 5.213675e-24 2.324381e-26 3.698279e-29 3.089433e-32 2.139134e-35 1.169325e-36 1.271885e-35 3.010327e-34 7.203663e-33 1.246747e-27 7.180974e-20 5.975047e-15 8.824436e-14 7.786654e-14 6.118572e-13 3.791376e-11 3.323759e-11 3.304113e-13 2.968498e-16 5.071960e-20 7.681379e-25 4.357117e-29 2.650990e-33 2.676292e-36
1.495019e-21 3.190166e-29 2.617448e-23 1.125493e-13 2.971875e-11 7.159672e-08 7.781860e-07 9.255239e-05 6.192655e-06 3.667682e-05 5.295772e-05 8.674787e-05 1.037305e-06 6.363917e-05 8.076967e-05 2.512636e-05 2.318142e-05 4.704988e-05 6.839405e-05 4.101625e-05 9.403188e-05 1.082365e-04 6.903508e-05 6.820713e-05 7.536758e-05 8.176990e-05 7.463397e-05 8.366868e-05 6.561150e-05 5.803785e-05 4.847583e-05 5.358969e-05 6.790785e-05 9.420517e-05 1.380452e-04 1.691350e-04 2.130917e-04 2.354593e-04 2.585433e-04 2.669576e-04 2.576680e-04 2.622034e-04 2.639192e-04 2.781185e-04 3.181973e-04 3.775527e-04 4.477511e-04 4.910533e-04 5.200881e-04 5.591200e-04 5.894760e-04 6.107658e-04 6.103652e-04 6.208498e-04 6.455375e-04 6.931315e-04 8.209110e-04 9.704948e-04 1.087494e-03 1.244446e-03 1.374303e-03 1.395427e-03 1.450323e-03 1.475164e-03 1.391406e-03 1.439739e-03 1.596210e-03 1.667245e-03 1.817504e-03 2.126392e-03 2.392608e-03 2.634980e-03 2.914688e-03 3.200723e-03 3.429837e-03 3.713250e-03 4.323629e-03 5.373154e-03 6.736464e-03 8.278508e-03 9.741481e-03 1.076403e-02 1.142622e-02 1.219340e-02 1.309191e-02 1.366972e-02 1.383971e-02 1.421909e-02 1.490805e-02 1.528011e-02 1.491869e-02 1.430886e-02 1.385252e-02 1.349455e-02 1.321579e-02 1.306765e-02 1.304751e-02 1.298431e-02 1.271238e-02 1.229893e-02 1.172534e-02 1.084564e-02 1.001982e-02 9.939518e-03 1.122891e-02 1.432211e-02 1.843486e-02 2.207197e-02 2.381002e-02 2.341490e-02 2.170717e-02 1.961942e-02 1.793617e-02 1.690380e-02 1.626731e-02 1.569981e-02 1.555710e-02 1.544165e-02 1.434655e-02 1.225582e-02 9.594743e-03 7.242975e-03 5.479223e-03 4.149954e-03 3.032475e-03 2.220050e-03 1.768304e-03 1.720680e-03 1.856299e-03 1.772948e-03 1.425516e-03 1.063206e-03 8.328447e-04 6.199430e-04 4.505084e-04 3.612141e-04 2.966382e-04 2.352214e-04 2.054170e-04 1.792708e-04 1.387208e-04 8.948409e-05 4.356619e-05 1.731314e-05 6.569088e-06 3.441806e-06 2.467834e-06 1.423472e-06 6.516571e-07 3.063315e-07 2.018650e-07 1.123867e-07 1.651385e-08 7.769280e-10 1.382410e-11 9.743686e-14 7.133715e-16 7.416424e-18 8.878782e-20 2.390002e-21 1.088736e-22 1.282327e-24 1.366446e-27 4.906646e-31 6.500572e-35 1.734308e-38 8.171364e-40 4.060907e-39 8.364552e-39 9.809287e-37 1.661052e-30 2.535164e-22 1.083435e-18 1.792545e-17 2.961505e-16 2.454963e-13 1.584261e-10 1.618109e-10 1.854730e-12 1.546146e-15 6.694946e-20 1.847686e-24 2.734887e-29 5.523030e-33 5.091509e-37
2.775972e-42 8.486271e-33 6.758965e-22 5.891336e-15 2.708035e-10 4.450905e-10 2.305886e-06 3.093279e-04 5.807514e-07 8.344187e-06 9.102743e-05 3.412201e-04 3.759922e-06 1.822088e-05 1.852151e-05 6.105156e-06 6.704216e-07 3.998417e-06 2.908911e-05 2.525621e-05 1.433013e-05 1.104936e-05 1.198047e-05 2.770769e-05 4.534554e-05 4.251207e-05 4.942204e-05 4.564416e-05 5.337064e-05 5.340351e-05 6.857259e-05 7.858293e-05 9.306691e-05 1.146929e-04 1.338701e-04 1.692250e-04 1.721941e-04 1.754382e-04 1.825037e-04 1.976317e-04 2.414838e-04 2.651340e-04 2.908051e-04 2.951026e-04 2.667402e-04 2.625083e-04 2.653105e-04 2.945337e-04 3.322203e-04 3.567674e-04 4.144977e-04 4.887441e-04 5.542657e-04 6.053926e-04 6.356753e-04 6.755181e-04 7.231533e-04 8.058124e-04 9.519309e-04 1.065321e-03 1.147696e-03 1.268859e-03 1.310057e-03 1.328333e-03 1.397757e-03 1.375592e-03 1.348013e-03 1.431075e-03 1.563867e-03 1.736503e-03 2.047497e-03 2.447186e-03 2.840815e-03 3.303506e-03 3.768045e-03 4.083446e-03 4.406085e-03 5.006441e-03 5.893466e-03 7.032770e-03 8.420423e-03 9.974344e-03 1.142480e-02 1.258296e-02 1.366104e-02 1.481728e-02 1.587022e-02 1.683898e-02 1.793840e-02 1.927619e-02 2.003681e-02 1.944967e-02 1.791220e-02 1.624395e-02 1.492641e-02 1.406427e-02 1.369957e-02 1.367391e-02 1.368539e-02 1.356899e-02 1.343498e-02 1.349910e-02 1.390417e-02 1.490991e-02 1.679013e-02 1.972809e-02 2.288466e-02 2.532892e-02 2.627589e-02 2.573784e-02 2.428756e-02 2.208353e-02 1.950571e-02 1.714449e-02 1.562867e-02 1.490646e-02 1.413808e-02 1.259966e-02 1.097036e-02 9.693082e-03 8.406844e-03 6.857330e-03 5.196344e-03 3.894040e-03 2.999745e-03 2.350868e-03 1.942607e-03 1.715713e-03 1.505488e-03 1.304012e-03 1.092804e-03 8.414328e-04 6.057909e-04 4.174080e-04 2.712477e-04 1.849746e-04 1.422568e-04 1.188600e-04 1.001998e-04 8.529348e-05 7.851532e-05 6.274646e-05 4.091856e-05 2.270560e-05 9.614015e-06 3.956414e-06 1.526082e-06 5.134603e-07 1.637790e-07 4.920351e-08 1.888627e-08 9.272269e-09 2.648234e-09 5.274368e-10 2.324539e-11 1.655747e-13 9.838672e-16 5.748473e-18 4.200486e-20 1.229930e-21 6.625717e-23 2.200580e-25 4.063706e-29 2.673935e-33 4.340488e-38 4.294980e-42 1.163078e-43 1.541428e-44 2.802597e-45 2.242078e-43 1.447711e-36 2.619514e-29 2.962216e-26 1.074534e-23 6.719091e-20 1.164027e-14 6.386218e-12 1.128731e-11 4.863764e-13 1.596501e-15 3.451854e-19 8.765856e-24 4.028249e-28 1.437302e-32 3.003669e-37
2.457247e-40 1.763682e-33 2.705459e-26 5.663345e-16 1.305853e-10 8.600654e-11 1.811163e-07 9.443575e-06 2.838252e-07 4.153688e-06 5.348933e-06 3.524741e-05 8.340034e-07 6.088342e-07 3.462576e-07 8.359397e-07 2.540410e-07 6.332859e-07 3.380623e-06 1.419644e-06 2.755525e-06 3.959851e-06 5.748052e-06 1.193428e-05 1.597550e-05 1.715069e-05 1.922946e-05 3.049346e-05 3.774362e-05 5.925714e-05 7.141434e-05 8.967498e-05 1.015429e-04 1.138714e-04 1.472153e-04 1.691432e-04 2.042968e-04 2.059428e-04 1.986055e-04 1.999682e-04 1.990796e-04 2.350800e-04 2.625256e-04 2.878302e-04 3.063631e-04 2.926516e-04 2.982082e-04 3.084808e-04 3.381665e-04 4.074200e-04 4.722083e-04 5.645319e-04 7.152754e-04 8.557828e-04 9.726130e-04 1.020042e-03 1.015978e-03 1.005915e-03 9.827592e-04 1.027226e-03 1.103895e-03 1.159678e-03 1.279071e-03 1.398883e-03 1.461621e-03 1.555364e-03 1.631611e-03 1.678224e-03 1.763847e-03 1.865420e-03 2.042633e-03 2.327187e-03 2.656970e-03 3.081391e-03 3.717219e-03 4.418653e-03 4.929478e-03 5.417821e-03 6.142521e-03 6.982271e-03 7.788484e-03 8.729284e-03 9.989624e-03 1.131256e-02 1.243587e-02 1.354144e-02 1.468938e-02 1.572540e-02 1.651807e-02 1.711626e-02 1.758121e-02 1.767804e-02 1.714418e-02 1.604228e-02 1.471448e-02 1.337407e-02 1.228313e-02 1.171631e-02 1.168494e-02 1.192388e-02 1.234523e-02 1.341930e-02 1.577379e-02 1.936551e-02 2.289294e-02 2.478883e-02 2.475987e-02 2.433017e-02 2.402612e-02 2.349341e-02 2.245258e-02 2.116115e-02 1.997940e-02 1.894331e-02 1.806935e-02 1.659736e-02 1.445447e-02 1.208481e-02 9.788223e-03 7.744560e-03 6.190026e-03 5.071335e-03 4.090921e-03 3.210530e-03 2.458163e-03 2.061447e-03 1.967461e-03 1.877596e-03 1.665877e-03 1.300814e-03 9.379632e-04 6.549072e-04 4.543567e-04 3.234848e-04 2.126238e-04 1.320197e-04 8.201588e-05 4.964995e-05 3.134921e-05 2.316067e-05 1.873230e-05 1.573941e-05 1.334997e-05 9.915832e-06 5.706469e-06 2.232668e-06 5.066082e-07 9.512972e-08 1.815168e-08 3.661912e-09 6.993639e-10 1.491296e-10 2.682745e-11 3.176853e-12 1.695690e-13 2.412406e-15 1.451572e-17 7.227070e-20 4.535790e-22 1.987793e-23 1.711543e-24 5.778594e-27 1.258199e-30 3.537470e-35 3.649332e-40 2.382207e-44 0.000000e+00 0.000000e+00 0.000000e+00 0.000000e+00 1.681558e-44 4.716138e-38 5.572621e-35 5.656089e-31 4.774861e-24 3.969626e-18 4.093672e-15 2.984538e-15 7.177180e-16 1.290520e-17 3.220147e-20 1.685661e-23 2.899561e-27 1.341914e-31 8.718710e-37
0.000000e+00 6.196329e-38 7.899536e-30 6.594488e-23 2.432481e-15 3.897224e-15 5.010463e-10 1.966428e-08 2.682325e-08 6.529448e-07 2.346127e-07 7.945493e-07 4.136810e-08 3.077069e-09 1.950518e-09 2.388119e-08 2.433097e-08 1.703747e-07 6.757094e-07 8.210341e-07 2.546851e-06 7.093988e-06 3.840591e-06 3.464639e-06 4.555331e-06 6.245890e-06 9.655661e-06 1.431207e-05 2.377194e-05 3.222208e-05 5.450229e-05 6.453199e-05 8.119794e-05 1.057376e-04 1.329501e-04 1.782000e-04 1.993615e-04 2.389397e-04 2.449487e-04 2.286896e-04 2.175436e-04 1.985761e-04 2.206888e-04 2.562453e-04 3.009742e-04 3.643512e-04 3.885110e-04 4.117425e-04 4.352567e-04 4.431383e-04 5.074593e-04 5.708938e-04 6.421953e-04 8.065107e-04 9.815334e-04 1.149146e-03 1.295773e-03 1.364757e-03 1.401942e-03 1.405076e-03 1.407185e-03 1.444155e-03 1.536467e-03 1.718087e-03 1.984655e-03 2.310390e-03 2.570161e-03 2.806233e-03 3.114019e-03 3.333768e-03 3.463164e-03 3.699366e-03 4.054533e-03 4.367785e-03 4.695268e-03 5.313339e-03 6.171450e-03 6.849343e-03 7.403368e-03 8.291802e-03 9.302808e-03 9.905202e-03 1.028535e-02 1.090477e-02 1.175931e-02 1.258837e-02 1.327858e-02 1.354317e-02 1.321213e-02 1.256173e-02 1.200250e-02 1.163997e-02 1.139683e-02 1.106901e-02 1.056854e-02 9.890665e-03 9.145467e-03 8.578900e-03 8.515656e-03 9.135033e-03 1.051868e-02 1.247978e-02 1.527120e-02 1.876665e-02 2.200354e-02 2.365676e-02 2.308085e-02 2.151481e-02 2.005904e-02 1.928583e-02 1.903140e-02 1.867216e-02 1.809910e-02 1.784946e-02 1.756589e-02 1.603795e-02 1.352329e-02 1.077119e-02 8.218021e-03 6.058028e-03 4.438973e-03 3.374324e-03 2.740804e-03 2.374993e-03 2.147528e-03 2.057759e-03 1.960526e-03 1.898273e-03 1.744568e-03 1.326850e-03 8.795732e-04 5.449412e-04 3.294169e-04 2.187713e-04 1.598413e-04 1.140221e-04 6.899112e-05 3.576102e-05 1.712915e-05 7.211109e-06 3.401466e-06 2.128480e-06 1.475037e-06 1.217202e-06 9.972590e-07 5.032075e-07 1.209454e-07 1.328747e-08 1.028489e-09 8.279852e-11 8.264191e-12 1.030007e-12 9.867886e-14 5.621284e-15 2.304241e-16 4.946774e-18 3.347222e-20 1.377225e-22 1.138960e-24 3.148779e-26 9.635741e-28 5.230065e-30 1.981211e-33 2.366227e-37 4.840085e-41 1.121039e-44 0.000000e+00 0.000000e+00 0.000000e+00 0.000000e+00 0.000000e+00 1.401298e-45 4.023128e-42 9.374308e-36 5.663723e-28 8.616470e-21 5.143799e-19 2.887520e-18 2.155390e-19 1.059315e-20 1.516754e-22 6.970735e-25 2.946962e-27 6.689452e-31 4.306557e-36
0.000000e+00 9.681287e-38 5.059306e-33 1.091116e-24 8.780352e-20 1.693693e-18 1.389642e-12 1.181111e-11 2.036901e-11 1.012012e-09 8.188428e-10 4.552818e-09 2.875912e-10 2.629835e-09 3.229544e-08 4.364737e-08 1.577772e-08 7.374744e-08 5.326168e-07 5.369144e-07 3.193394e-06 3.956181e-06 2.289863e-06 1.227969e-06 1.155683e-06 1.451017e-06 2.365309e-06 5.351981e-06 9.494254e-06 1.611270e-05 2.295393e-05 4.146021e-05 5.772361e-05 8.185190e-05 1.080402e-04 1.401652e-04 1.839729e-04 2.017796e-04 2.409564e-04 2.614729e-04 2.761361e-04 2.843716e-04 2.754266e-04 3.024080e-04 3.357141e-04 3.912224e-04 4.897398e-04 5.528990e-04 6.197785e-04 6.582876e-04 6.465784e-04 7.021225e-04 7.472636e-04 7.999920e-04 9.581181e-04 1.152965e-03 1.418536e-03 1.715857e-03 1.934631e-03 2.161581e-03 2.405257e-03 2.581608e-03 2.786027e-03 3.038025e-03 3.293910e-03 3.726216e-03 4.317264e-03 4.871378e-03 5.440940e-03 6.180963e-03 6.963666e-03 7.398266e-03 7.729066e-03 8.496631e-03 9.276103e-03 9.501098e-03 9.824189e-03 1.066603e-02 1.121493e-02 1.119357e-02 1.144948e-02 1.206077e-02 1.221036e-02 1.170937e-02 1.108788e-02 1.081585e-02 1.083664e-02 1.075991e-02 1.032129e-02 9.417364e-03 8.385451e-03 7.575965e-03 7.079982e-03 6.777124e-03 6.525686e-03 6.222432e-03 5.943397e-03 5.726164e-03 5.818544e-03 6.531560e-03 8.300571e-03 1.103525e-02 1.404365e-02 1.602113e-02 1.671747e-02 1.696351e-02 1.690935e-02 1.643776e-02 1.549129e-02 1.453402e-02 1.399983e-02 1.380876e-02 1.373982e-02 1.352354e-02 1.286282e-02 1.197521e-02 1.077354e-02 9.064560e-03 7.210329e-03 5.521820e-03 4.119928e-03 3.027104e-03 2.256061e-03 1.854138e-03 1.720592e-03 1.646563e-03 1.471021e-03 1.250324e-03 1.034797e-03 8.439473e-04 6.614916e-04 4.591249e-04 2.673360e-04 1.581711e-04 1.064112e-04 7.345458e-05 4.829295e-05 3.014786e-05 1.582809e-05 6.183865e-06 2.158096e-06 7.733115e-07 3.247482e-07 1.835879e-07 1.127328e-07 6.916677e-08 2.716951e-08 4.220249e-09 3.031449e-10 1.145206e-11 4.021146e-13 1.485231e-14 4.514696e-16 1.722612e-17 6.782005e-19 1.441990e-20 1.308364e-22 1.336436e-24 1.554152e-26 1.591483e-28 1.230796e-30 1.170926e-33 1.724820e-37 1.900161e-41 6.025583e-44 1.401298e-45 0.000000e+00 0.000000e+00 0.000000e+00 0.000000e+00 0.000000e+00 0.000000e+00 9.809089e-45 1.201735e-37 8.843990e-28 1.425608e-22 4.866785e-20 2.150379e-20 4.642761e-21 1.190141e-22 1.015478e-24 7.383194e-26 1.057213e-27 5.599019e-30 1.027930e-34
0.000000e+00 0.000000e+00 4.874753e-39 1.096175e-32 2.151772e-25 2.277139e-19 4.787811e-15 7.161378e-15 5.730528e-13 4.725154e-11 2.489145e-11 3.115888e-10 2.781147e-10 2.970208e-09 3.859114e-08 8.486193e-08 1.902556e-08 1.990756e-07 2.424131e-06 1.077486e-06 1.624841e-06 1.201211e-06 7.257704e-07 8.135569e-07 8.129873e-07 9.682369e-07 1.108368e-06 2.759366e-06 5.877514e-06 1.100923e-05 1.820399e-05 2.603954e-05 4.183091e-05 5.277223e-05 7.073154e-05 8.771310e-05 1.202452e-04 1.544155e-04 1.766787e-04 2.179240e-04 2.535755e-04 3.130957e-04 3.611946e-04 3.864740e-04 4.364133e-04 4.596771e-04 5.146118e-04 6.124426e-04 6.868198e-04 8.084338e-04 8.922118e-04 9.490452e-04 1.082765e-03 1.158673e-03 1.245891e-03 1.395738e-03 1.538971e-03 1.823730e-03 2.176821e-03 2.477739e-03 2.841874e-03 3.276288e-03 3.786418e-03 4.354216e-03 4.806697e-03 5.238351e-03 5.834133e-03 6.464269e-03 7.278920e-03 8.303823e-03 9.386463e-03 1.083103e-02 1.210629e-02 1.278450e-02 1.394477e-02 1.554606e-02 1.613059e-02 1.587487e-02 1.601657e-02 1.607805e-02 1.524349e-02 1.442318e-02 1.398397e-02 1.306327e-02 1.133901e-02 9.508800e-03 8.186235e-03 7.454201e-03 7.101590e-03 6.755386e-03 6.229391e-03 5.636061e-03 5.183057e-03 4.933982e-03 4.806449e-03 4.599522e-03 4.347259e-03 4.214516e-03 4.497595e-03 5.479219e-03 7.381889e-03 9.848011e-03 1.208273e-02 1.319213e-02 1.307806e-02 1.226534e-02 1.132579e-02 1.069557e-02 1.010659e-02 9.509698e-03 9.198868e-03 9.382292e-03 9.758377e-03 9.597210e-03 8.721858e-03 7.577042e-03 6.586068e-03 5.641358e-03 4.447792e-03 3.305476e-03 2.534373e-03 2.090574e-03 1.865532e-03 1.793704e-03 1.814751e-03 1.836720e-03 1.637455e-03 1.184821e-03 7.768695e-04 5.031289e-04 3.555614e-04 2.717240e-04 2.046873e-04 1.445994e-04 8.850831e-05 4.891591e-05 2.805274e-05 1.672567e-05 9.850712e-06 5.388748e-06 2.632073e-06 1.092589e-06 4.182889e-07 1.751834e-07 7.600671e-08 3.036347e-08 9.878101e-09 2.299874e-09 3.590026e-10 2.366829e-11 6.145302e-13 7.989208e-15 5.892886e-17 6.829786e-19 1.437914e-20 1.620370e-22 1.762454e-24 5.025331e-26 6.896614e-28 5.207310e-30 1.014092e-32 2.409234e-36 4.054237e-41 1.401298e-45 0.000000e+00 0.000000e+00 0.000000e+00 0.000000e+00 0.000000e+00 0.000000e+00 0.000000e+00 0.000000e+00 0.000000e+00 1.593829e-36 2.099038e-27 2.931806e-22 1.625604e-21 1.857528e-21 3.146502e-22 2.465117e-24 1.956232e-25 4.761762e-27 2.433282e-27 2.711602e-29 1.615274e-32
0.000000e+00 0.000000e+00 0.000000e+00 1.253037e-36 1.199893e-27 1.674741e-23 1.339424e-20 2.252531e-16 1.163195e-13 1.984719e-12 5.003128e-11 1.494517e-08 7.599283e-10 5.756300e-10 6.960292e-09 2.296572e-07 8.302201e-09 2.748359e-08 1.009344e-06 5.715749e-07 1.161198e-06 1.211216e-06 8.085205e-07 5.465567e-07 9.048317e-07 1.698729e-06 2.188738e-06 2.515232e-06 3.962230e-06 5.552208e-06 1.003107e-05 1.468592e-05 2.151891e-05 3.448784e-05 5.080235e-05 7.962683e-05 1.028822e-04 1.488654e-04 1.871637e-04 2.088333e-04 2.512627e-04 2.913972e-04 3.738462e-04 4.361196e-04 4.712519e-04 5.280544e-04 5.439196e-04 6.256180e-04 7.545824e-04 8.803701e-04 1.107324e-03 1.284467e-03 1.491146e-03 1.833309e-03 2.042374e-03 2.233952e-03 2.443537e-03 2.517173e-03 2.689313e-03 3.013866e-03 3.276513e-03 3.538316e-03 3.984932e-03 4.657878e-03 5.362028e-03 5.982070e-03 6.664331e-03 7.355547e-03 7.944856e-03 8.782264e-03 9.865344e-03 1.089509e-02 1.226182e-02 1.391857e-02 1.506306e-02 1.603324e-02 1.758099e-02 1.873815e-02 1.890807e-02 1.888501e-02 1.848791e-02 1.720017e-02 1.552120e-02 1.403780e-02 1.238140e-02 1.035146e-02 8.286256e-03 6.543745e-03 5.404715e-03 4.766127e-03 4.444469e-03 4.292178e-03 4.189684e-03 4.087972e-03 4.030281e-03 4.042234e-03 4.148647e-03 4.394801e-03 4.876203e-03 5.838979e-03 7.391583e-03 8.943144e-03 9.908650e-03 1.025320e-02 1.026713e-02 9.856930e-03 8.919918e-03 7.877749e-03 6.978300e-03 6.362844e-03 6.053902e-03 5.872812e-03 5.832781e-03 5.837615e-03 5.478254e-03 4.545881e-03 3.611770e-03 3.029474e-03 2.729370e-03 2.496862e-03 2.177875e-03 1.893059e-03 1.792762e-03 1.761392e-03 1.622429e-03 1.393855e-03 1.130809e-03 8.982614e-04 6.307505e-04 3.883498e-04 2.367901e-04 1.608564e-04 1.310018e-04 1.159636e-04 8.855109e-05 5.407262e-05 3.053198e-05 1.691803e-05 8.865014e-06 4.692959e-06 2.774943e-06 1.609460e-06 9.067256e-07 5.085077e-07 2.094548e-07 5.618567e-08 1.377111e-08 3.829573e-09 1.372817e-09 2.818500e-10 1.043569e-11 1.277896e-13 7.078975e-16 3.551383e-18 3.691266e-20 2.013785e-22 2.137543e-24 6.212884e-26 8.421334e-28 4.638170e-30 4.751093e-33 2.818287e-37 8.870219e-43 0.000000e+00 0.000000e+00 0.000000e+00 0.000000e+00 0.000000e+00 0.000000e+00 0.000000e+00 0.000000e+00 0.000000e+00 0.000000e+00 7.974299e-36 1.818178e-26 1.640838e-23 1.438026e-23 3.804885e-24 7.650478e-26 4.379082e-27 8.113778e-29 9.438179e-29 8.547641e-29 2.430226e-29 9.154708e-32
0.000000e+00 0.000000e+00 2.088264e-38 7.793543e-36 5.745635e-31 2.261904e-25 8.727322e-21 1.126543e-13 1.316242e-13 5.894378e-12 2.295746e-11 8.718495e-10 2.836927e-10 2.341553e-10 5.415497e-10 8.309933e-08 5.813167e-08 1.274214e-08 2.214638e-07 1.618787e-07 2.402577e-07 4.546018e-07 1.143277e-06 8.854759e-07 1.354386e-06 2.624272e-06 3.105543e-06 3.471237e-06 3.772302e-06 5.116634e-06 5.969759e-06 1.041678e-05 1.571299e-05 2.518491e-05 4.178236e-05 6.601813e-05 1.055332e-04 1.326165e-04 1.802728e-04 2.174094e-04 2.355437e-04 2.682508e-04 3.001100e-04 3.812527e-04 4.500980e-04 5.039481e-04 5.710113e-04 6.125075e-04 7.295777e-04 8.882190e-04 1.097810e-03 1.476672e-03 1.822134e-03 2.236338e-03 2.920416e-03 3.418606e-03 3.846047e-03 4.341606e-03 4.420392e-03 4.485125e-03 4.868161e-03 5.090089e-03 5.096940e-03 5.256928e-03 5.599203e-03 5.898801e-03 6.304048e-03 7.084252e-03 7.841838e-03 8.176103e-03 8.683751e-03 9.617137e-03 1.018296e-02 1.084454e-02 1.246076e-02 1.404413e-02 1.482088e-02 1.568786e-02 1.700375e-02 1.763441e-02 1.721085e-02 1.659046e-02 1.546096e-02 1.352672e-02 1.160617e-02 1.020185e-02 8.833850e-03 7.127145e-03 5.509722e-03 4.399880e-03 3.790359e-03 3.480837e-03 3.338373e-03 3.358497e-03 3.572686e-03 4.023633e-03 4.608222e-03 5.379271e-03 6.318105e-03 7.268721e-03 8.004062e-03 8.385136e-03 8.530368e-03 8.407567e-03 8.199208e-03 8.031385e-03 7.812564e-03 7.317550e-03 6.330289e-03 5.088196e-03 4.128311e-03 3.597555e-03 3.428306e-03 3.442748e-03 3.459502e-03 3.227194e-03 2.698554e-03 2.058912e-03 1.564755e-03 1.349204e-03 1.303594e-03 1.351929e-03 1.507189e-03 1.678909e-03 1.681157e-03 1.486052e-03 1.320025e-03 1.135546e-03 8.690002e-04 6.035938e-04 3.728800e-04 2.127399e-04 1.280036e-04 9.264392e-05 6.784574e-05 4.498246e-05 3.339643e-05 2.453552e-05 1.541783e-05 9.931889e-06 7.035742e-06 4.888196e-06 3.171400e-06 2.059552e-06 1.033800e-06 2.723851e-07 4.522563e-08 8.489346e-09 3.487018e-09 1.596821e-09 2.394841e-10 9.856578e-12 9.824341e-14 5.555208e-16 4.177268e-18 2.725478e-20 4.137335e-22 1.059000e-23 1.533318e-25 5.216366e-28 3.122713e-31 1.237975e-35 3.872208e-41 2.802597e-45 0.000000e+00 0.000000e+00 0.000000e+00 0.000000e+00 0.000000e+00 0.000000e+00 0.000000e+00 0.000000e+00 6.305843e-44 5.729681e-33 2.006762e-24 1.066418e-22 8.835348e-24 7.427410e-26 2.979507e-28 1.350834e-30 1.062702e-31 3.471403e-31 3.514340e-30 7.182946e-30 1.032558e-31
0.000000e+00 0.000000e+00 0.000000e+00 3.458534e-36 2.109309e-31 2.326759e-27 3.004317e-20 3.764678e-15 4.193948e-15 1.929420e-13 7.757525e-13 4.929192e-11 6.650376e-10 2.412117e-09 2.614696e-10 3.912033e-09 3.522931e-08 1.673772e-08 1.027681e-07 3.000873e-07 2.717966e-07 5.896127e-07 2.382282e-06 3.042318e-06 2.320993e-06 2.102616e-06 1.909481e-06 1.991064e-06 2.814600e-06 3.826598e-06 5.641560e-06 7.426784e-06 1.238033e-05 1.772606e-05 2.722576e-05 4.539540e-05 7.114629e-05 1.106780e-04 1.362211e-04 1.674431e-04 1.991066e-04 2.237430e-04 2.471029e-04 2.757426e-04 3.475813e-04 4.274426e-04 5.279373e-04 6.397887e-04 7.709249e-04 9.827955e-04 1.228252e-03 1.566379e-03 2.114703e-03 2.609344e-03 3.116200e-03 3.917767e-03 4.572690e-03 5.268499e-03 6.139845e-03 6.577968e-03 6.932313e-03 7.553817e-03 7.861055e-03 7.552281e-03 7.151274e-03 6.849979e-03 6.468336e-03 6.310887e-03 6.692108e-03 7.189416e-03 7.311719e-03 7.453448e-03 7.954636e-03 8.456576e-03 9.065874e-03 1.039925e-02 1.190285e-02 1.252507e-02 1.271694e-02 1.312533e-02 1.313991e-02 1.249033e-02 1.178467e-02 1.106098e-02 9.617637e-03 7.803343e-03 6.633534e-03 6.036920e-03 5.381776e-03 4.375860e-03 3.448629e-03 2.990113e-03 2.932388e-03 3.142592e-03 3.587923e-03 4.425160e-03 5.622813e-03 6.879621e-03 7.717682e-03 8.163151e-03 8.405789e-03 8.311644e-03 7.856835e-03 7.380941e-03 7.259842e-03 7.384448e-03 7.330657e-03 6.946494e-03 6.102521e-03 4.977124e-03 3.917987e-03 3.132415e-03 2.641717e-03 2.401367e-03 2.253040e-03 2.032317e-03 1.841246e-03 1.634181e-03 1.392881e-03 1.250451e-03 1.301235e-03 1.589510e-03 1.940149e-03 2.003947e-03 1.703078e-03 1.309282e-03 9.719419e-04 7.310768e-04 6.107998e-04 5.496136e-04 5.029122e-04 3.736119e-04 2.257856e-04 1.369898e-04 7.990193e-05 4.729407e-05 3.253045e-05 2.287839e-05 1.661328e-05 1.261908e-05 1.191642e-05 1.249131e-05 9.134022e-06 5.568540e-06 2.870428e-06 1.073767e-06 2.404612e-07 3.297227e-08 4.931426e-09 8.434318e-10 1.732767e-10 2.076579e-11 7.551975e-13 1.196590e-14 1.643786e-16 1.844371e-18 3.067200e-20 1.138618e-21 1.584775e-23 2.425935e-26 1.146743e-29 7.450291e-34 1.499635e-38 2.394679e-41 7.244713e-43 8.407791e-45 0.000000e+00 0.000000e+00 0.000000e+00 0.000000e+00 0.000000e+00 0.000000e+00 2.004810e-40 3.033505e-29 2.257875e-21 4.311186e-20 1.371842e-21 1.464400e-24 4.707926e-28 9.004810e-32 8.152360e-33 9.439491e-33 2.427050e-31 8.934357e-31 2.452408e-32
0.000000e+00 0.000000e+00 0.000000e+00 5.857428e-42 1.647808e-34 1.097901e-25 8.599839e-24 2.077891e-20 2.752072e-15 3.919169e-13 2.718123e-12 9.501493e-12 4.317981e-11 3.508355e-10 2.196653e-10 2.304871e-09 7.852092e-08 6.659084e-08 2.169635e-07 6.379733e-07 8.018588e-07 1.073364e-06 2.173355e-06 2.043017e-06 1.703322e-06 1.350960e-06 1.493873e-06 1.493090e-06 1.988571e-06 3.159194e-06 4.406613e-06 7.152670e-06 9.512933e-06 1.442514e-05 2.040748e-05 2.972986e-05 4.786373e-05 7.264295e-05 1.073211e-04 1.306498e-04 1.537558e-04 1.846150e-04 2.208692e-04 2.532894e-04 2.948645e-04 3.659464e-04 4.726424e-04 6.344412e-04 8.087207e-04 1.036387e-03 1.361833e-03 1.687627e-03 2.130970e-03 2.726797e-03 3.248958e-03 3.776377e-03 4.321422e-03 4.853036e-03 5.571139e-03 6.423905e-03 7.334072e-03 8.229318e-03 9.285824e-03 1.012259e-02 9.935401e-03 9.414912e-03 8.839683e-03 7.915849e-03 7.349421e-03 7.350787e-03 7.332275e-03 7.264040e-03 7.561744e-03 7.896867e-03 8.118285e-03 8.534869e-03 9.275698e-03 9.913541e-03 9.937854e-03 9.649254e-03 9.422033e-03 9.140833e-03 8.447429e-03 7.523267e-03 6.707344e-03 5.869832e-03 4.954915e-03 4.159699e-03 3.669959e-03 3.350879e-03 3.000060e-03 2.724968e-03 2.673889e-03 3.001800e-03 3.812832e-03 5.121084e-03 6.609015e-03 7.779593e-03 8.263415e-03 8.213225e-03 7.907651e-03 7.528858e-03 7.120778e-03 6.543062e-03 6.076394e-03 6.153580e-03 6.801025e-03 7.373591e-03 6.591132e-03 4.965852e-03 3.631635e-03 2.844893e-03 2.348502e-03 1.989733e-03 1.748170e-03 1.629411e-03 1.574774e-03 1.444354e-03 1.287642e-03 1.207190e-03 1.248040e-03 1.411707e-03 1.592016e-03 1.708766e-03 1.785276e-03 1.841718e-03 1.697170e-03 1.362863e-03 1.006217e-03 7.982284e-04 6.828051e-04 5.405998e-04 3.538626e-04 1.882770e-04 9.837995e-05 5.197382e-05 2.594991e-05 1.546785e-05 1.166263e-05 9.739766e-06 9.585397e-06 8.873272e-06 6.182925e-06 3.324797e-06 1.452204e-06 7.445778e-07 3.265397e-07 8.155523e-08 1.093969e-08 8.284256e-10 5.385345e-11 2.637766e-12 7.154968e-14 1.530492e-15 3.963960e-17 7.343410e-19 1.976808e-20 8.405668e-22 8.534987e-24 1.326284e-26 8.153481e-30 1.480892e-33 3.456137e-37 4.792357e-39 1.190277e-40 6.081635e-43 0.000000e+00 0.000000e+00 0.000000e+00 0.000000e+00 1.401298e-45 6.165713e-44 6.690206e-37 1.850494e-26 3.899009e-19 9.535258e-18 1.703232e-18 4.623447e-21 3.006644e-25 7.457595e-29 1.020255e-31 3.379125e-32 1.295376e-31 1.903716e-32 5.941063e-34
0.000000e+00 0.000000e+00 0.000000e+00 1.401298e-45 2.430891e-37 4.593547e-30 2.683625e-24 6.872105e-20 2.498997e-15 9.844962e-14 3.420488e-12 3.052617e-12 2.839304e-11 2.904716e-10 5.857975e-10 9.541889e-09 5.541306e-07 3.199849e-07 4.395938e-07 1.865285e-06 1.862033e-06 2.921666e-06 3.598432e-06 2.902724e-06 1.681942e-06 1.269861e-06 1.117680e-06 1.044884e-06 1.369626e-06 2.212845e-06 3.548239e-06 4.676107e-06 7.617520e-06 1.121326e-05 1.826094e-05 2.821652e-05 4.169923e-05 6.719381e-05 9.790966e-05 1.375553e-04 1.672423e-04 1.922187e-04 2.265879e-04 2.685687e-04 3.099742e-04 3.664730e-04 4.410392e-04 5.742451e-04 8.197971e-04 1.071357e-03 1.401875e-03 1.808248e-03 2.161901e-03 2.678515e-03 3.163457e-03 3.582842e-03 4.057024e-03 4.317659e-03 4.599142e-03 5.122330e-03 5.703832e-03 6.501174e-03 7.599226e-03 8.803485e-03 9.882050e-03 1.049220e-02 1.060722e-02 1.032636e-02 9.718825e-03 9.119467e-03 8.778579e-03 8.747766e-03 8.745252e-03 8.700252e-03 8.790085e-03 8.706849e-03 8.444395e-03 8.265032e-03 8.210558e-03 8.045675e-03 7.520017e-03 6.853443e-03 6.291037e-03 5.752422e-03 5.109995e-03 4.358749e-03 3.650417e-03 3.049115e-03 2.634259e-03 2.437621e-03 2.349381e-03 2.344933e-03 2.552560e-03 3.255818e-03 4.529467e-03 5.864651e-03 6.574909e-03 6.751263e-03 6.686153e-03 6.490337e-03 6.101774e-03 5.562440e-03 5.100784e-03 5.021179e-03 5.300429e-03 5.636365e-03 5.576417e-03 5.250738e-03 4.808694e-03 4.155745e-03 3.334353e-03 2.645857e-03 2.237657e-03 2.054668e-03 1.892614e-03 1.633977e-03 1.414748e-03 1.324186e-03 1.369923e-03 1.663848e-03 2.266686e-03 2.923273e-03 3.022671e-03 2.393550e-03 1.588063e-03 1.109205e-03 8.917289e-04 7.440739e-04 6.751749e-04 6.026059e-04 4.987966e-04 4.469616e-04 3.839947e-04 2.790043e-04 1.788663e-04 8.892982e-05 3.469499e-05 1.461103e-05 8.818181e-06 7.600932e-06 6.324796e-06 4.367107e-06 2.437438e-06 8.812949e-07 2.284387e-07 6.500114e-08 2.513058e-08 1.126594e-08 3.427278e-09 5.118989e-10 3.187351e-11 1.118270e-12 1.877630e-14 2.868787e-16 5.308472e-18 8.677664e-20 2.977782e-21 6.660628e-23 2.606691e-25 3.050054e-28 2.308469e-31 9.373228e-35 2.277610e-37 4.368280e-39 2.771208e-41 3.082857e-44 0.000000e+00 0.000000e+00 3.923636e-44 1.384483e-42 1.192505e-42 9.789331e-41 3.635568e-34 1.209915e-24 7.303771e-19 8.689532e-17 7.372328e-17 2.202320e-18 3.585811e-21 3.688602e-25 1.981596e-28 3.546642e-30 5.666994e-32 4.583796e-33 7.976224e-37
0.000000e+00 0.000000e+00 0.000000e+00 4.203895e-45 1.970786e-41 2.287310e-30 1.884078e-22 1.533095e-19 9.136257e-15 4.629015e-11 4.842380e-10 2.492699e-11 1.134553e-10 6.711373e-10 8.727411e-10 1.233831e-08 2.472444e-06 2.646182e-06 2.282563e-06 8.031569e-06 7.941002e-06 4.265553e-06 4.745460e-06 4.329534e-06 2.179648e-06 1.310613e-06 1.569972e-06 1.302062e-06 1.354865e-06 1.975141e-06 3.105244e-06 5.187364e-06 6.929806e-06 1.079368e-05 1.616888e-05 2.739125e-05 4.386152e-05 6.119195e-05 9.057228e-05 1.220816e-04 1.655547e-04 2.090062e-04 2.363523e-04 2.787025e-04 3.212681e-04 3.662038e-04 4.423624e-04 5.177174e-04 6.751650e-04 9.736829e-04 1.297002e-03 1.739846e-03 2.173938e-03 2.552368e-03 3.106616e-03 3.518492e-03 3.906694e-03 4.343735e-03 4.546547e-03 4.757463e-03 5.175079e-03 5.598427e-03 6.030631e-03 6.759360e-03 7.731549e-03 8.557193e-03 9.361652e-03 1.014890e-02 1.034197e-02 1.013689e-02 9.921221e-03 9.584601e-03 9.051555e-03 8.767566e-03 8.735066e-03 8.370548e-03 7.714806e-03 7.242776e-03 6.940475e-03 6.536129e-03 5.958464e-03 5.360974e-03 4.896963e-03 4.573454e-03 4.200666e-03 3.623631e-03 3.063970e-03 2.718037e-03 2.485012e-03 2.279627e-03 2.178869e-03 2.385514e-03 3.085459e-03 4.321217e-03 5.693782e-03 6.589048e-03 6.623655e-03 5.998918e-03 5.220327e-03 4.685190e-03 4.334024e-03 3.998979e-03 3.713936e-03 3.561854e-03 3.568475e-03 3.693898e-03 3.827442e-03 3.840823e-03 3.598815e-03 3.232771e-03 2.830206e-03 2.389251e-03 1.949067e-03 1.675141e-03 1.543203e-03 1.504112e-03 1.525907e-03 1.550128e-03 1.615139e-03 1.726188e-03 1.748633e-03 1.703405e-03 1.689771e-03 1.695827e-03 1.593653e-03 1.410168e-03 1.176961e-03 1.066147e-03 1.060038e-03 8.579232e-04 5.848186e-04 3.731281e-04 2.372032e-04 1.653579e-04 1.199377e-04 7.564707e-05 3.610515e-05 1.592802e-05 1.024325e-05 8.752884e-06 6.819567e-06 4.210392e-06 2.152362e-06 7.796601e-07 1.682258e-07 2.084334e-08 2.458530e-09 3.897184e-10 7.910792e-11 1.631749e-11 2.184783e-12 1.688600e-13 7.422541e-15 2.160335e-16 4.171657e-18 8.911609e-20 2.258057e-21 1.546308e-23 1.650331e-26 8.569704e-30 2.747113e-33 1.614317e-36 8.971259e-39 1.724003e-40 1.247156e-42 0.000000e+00 0.000000e+00 1.401298e-45 4.400077e-43 3.218783e-42 1.373973e-41 7.766845e-39 3.341614e-32 5.004948e-24 4.714700e-19 1.277725e-17 1.527636e-17 2.868034e-18 2.262001e-20 4.449018e-23 5.792704e-26 3.401076e-29 5.395418e-31 7.741468e-35 1.322310e-38
0.000000e+00 0.000000e+00 0.000000e+00 7.006492e-45 1.597432e-36 6.991626e-30 5.376422e-27 2.218745e-21 2.056833e-15 4.213845e-11 2.817751e-09 3.104201e-09 4.871039e-08 5.593916e-08 2.812556e-08 8.500125e-08 1.956723e-05 3.448709e-05 9.004233e-06 1.236837e-05 1.474916e-05 1.183450e-05 9.218755e-06 1.492929e-05 9.482651e-06 5.026626e-06 3.467615e-06 2.792573e-06 2.256528e-06 2.186021e-06 2.796882e-06 4.026465e-06 6.574371e-06 9.234712e-06 1.448854e-05 2.247994e-05 3.789929e-05 6.198526e-05 8.244738e-05 1.122412e-04 1.396080e-04 1.770358e-04 2.289640e-04 2.672616e-04 3.179299e-04 3.712591e-04 4.281712e-04 5.285994e-04 6.280315e-04 7.986550e-04 1.090403e-03 1.419936e-03 1.892440e-03 2.305572e-03 2.655416e-03 3.072724e-03 3.350281e-03 3.734046e-03 4.192126e-03 4.605150e-03 5.122798e-03 5.511126e-03 5.869851e-03 6.213033e-03 6.228428e-03 6.595009e-03 7.486084e-03 7.903791e-03 8.282468e-03 9.013168e-03 9.104786e-03 8.571740e-03 8.325264e-03 8.174149e-03 7.450805e-03 6.419502e-03 5.782284e-03 5.478775e-03 5.076273e-03 4.592815e-03 4.324923e-03 4.211749e-03 3.943388e-03 3.511517e-03 3.223408e-03 3.130478e-03 3.052742e-03 2.924068e-03 2.852301e-03 2.975457e-03 3.276763e-03 3.801754e-03 4.670335e-03 5.770132e-03 6.671036e-03 7.081617e-03 7.036535e-03 6.537428e-03 5.495287e-03 4.345655e-03 3.529775e-03 3.039110e-03 2.805066e-03 2.720998e-03 2.778542e-03 2.885635e-03 2.912258e-03 2.873184e-03 2.753682e-03 2.526284e-03 2.248261e-03 2.036317e-03 1.901861e-03 1.788538e-03 1.662310e-03 1.553624e-03 1.480952e-03 1.539621e-03 1.831886e-03 2.229046e-03 2.431900e-03 2.244548e-03 1.790386e-03 1.337821e-03 1.024726e-03 7.740504e-04 5.961866e-04 4.915774e-04 4.104349e-04 3.601076e-04 3.380312e-04 3.004236e-04 2.381431e-04 1.727724e-04 1.210604e-04 8.629826e-05 5.409463e-05 2.840089e-05 1.439058e-05 8.304980e-06 5.928584e-06 4.409520e-06 3.088491e-06 1.425294e-06 4.104354e-07 6.505631e-08 5.981279e-09 3.319322e-10 1.275850e-11 6.172683e-13 4.039040e-14 2.591938e-15 2.080257e-16 1.249459e-17 5.828500e-19 2.958678e-20 5.674455e-22 2.023227e-24 1.452173e-27 3.311992e-31 7.103949e-35 4.950123e-38 4.756806e-40 1.807395e-41 9.248570e-44 0.000000e+00 0.000000e+00 2.382207e-44 7.749181e-43 2.022074e-42 9.627901e-41 1.488440e-37 8.063118e-31 3.004771e-23 1.410057e-19 1.418588e-18 5.695545e-19 1.101571e-20 3.966687e-22 2.343510e-24 1.452457e-26 1.540600e-28 2.726470e-32 1.431883e-35 4.069791e-41
0.000000e+00 0.000000e+00 0.000000e+00 4.203895e-45 1.127279e-37 1.711323e-33 5.616642e-27 3.202910e-21 2.042127e-17 2.129944e-12 6.879157e-09 3.683473e-08 7.955887e-07 3.687103e-06 2.399392e-06 1.287520e-06 8.951501e-05 2.396329e-04 3.555420e-05 1.205377e-05 1.305429e-05 1.260706e-05 1.409673e-05 2.173936e-05 1.835318e-05 1.139495e-05 8.203750e-06 4.765886e-06 3.593368e-06 3.332175e-06 3.196041e-06 3.441570e-06 4.522895e-06 7.426929e-06 1.127088e-05 1.776921e-05 2.930501e-05 4.943469e-05 8.273469e-05 1.095276e-04 1.372564e-04 1.669161e-04 1.914804e-04 2.348923e-04 2.773648e-04 3.273498e-04 4.037936e-04 4.817235e-04 6.192927e-04 7.719599e-04 9.521542e-04 1.215682e-03 1.482255e-03 1.850160e-03 2.224965e-03 2.507034e-03 2.703957e-03 2.861822e-03 3.110397e-03 3.413409e-03 4.037964e-03 4.856141e-03 5.284967e-03 5.758855e-03 6.127458e-03 5.757692e-03 5.477742e-03 5.736492e-03 6.016903e-03 6.051835e-03 6.218389e-03 6.836016e-03 7.141266e-03 6.502307e-03 6.036428e-03 6.083873e-03 5.396425e-03 4.026039e-03 3.349186e-03 3.407866e-03 3.331536e-03 2.917946e-03 2.755349e-03 2.951457e-03 3.145355e-03 3.072936e-03 2.946081e-03 3.150407e-03 3.799187e-03 4.710936e-03 5.543494e-03 6.154170e-03 6.562256e-03 6.904587e-03 7.253593e-03 7.316080e-03 6.916881e-03 6.310054e-03 5.613660e-03 4.710331e-03 3.818901e-03 3.201979e-03 2.866092e-03 2.601111e-03 2.373883e-03 2.294821e-03 2.384749e-03 2.542572e-03 2.606219e-03 2.528570e-03 2.367237e-03 2.129954e-03 1.871911e-03 1.745009e-03 1.771758e-03 1.891550e-03 2.076456e-03 2.222045e-03 2.160118e-03 1.803080e-03 1.354353e-03 1.019570e-03 8.028436e-04 6.706394e-04 6.630853e-04 8.131822e-04 1.008356e-03 1.017865e-03 8.334110e-04 5.901089e-04 4.053777e-04 2.806609e-04 1.926253e-04 1.180230e-04 7.252146e-05 5.594306e-05 5.069685e-05 4.504868e-05 2.876249e-05 1.295639e-05 5.625669e-06 3.460939e-06 2.651575e-06 1.519944e-06 8.250906e-07 4.928767e-07 1.892499e-07 1.878516e-08 3.895293e-10 4.817087e-12 7.169978e-14 1.600476e-15 5.061262e-17 2.021952e-18 1.480413e-19 8.520669e-21 1.431547e-22 5.327754e-25 3.153405e-28 8.548936e-32 1.840477e-35 2.768472e-38 1.002595e-39 1.980035e-41 1.611493e-43 4.203895e-45 1.121039e-44 1.722196e-42 2.455075e-42 2.455075e-41 2.820504e-39 1.989909e-35 3.060930e-28 3.226763e-22 1.478915e-19 5.083179e-19 2.744313e-20 5.675122e-22 1.226976e-24 1.260767e-26 4.760882e-28 1.860007e-30 4.958612e-33 4.865678e-38 5.717298e-43
0.000000e+00 0.000000e+00 0.000000e+00 0.000000e+00 1.184882e-38 2.420840e-31 1.861181e-24 3.464248e-20 1.778491e-16 2.848975e-10 4.826733e-07 8.505356e-08 8.772944e-07 2.059627e-05 4.174924e-05 4.148934e-06 3.639480e-05 9.110642e-05 1.615864e-05 4.661519e-06 4.959323e-06 7.056475e-06 1.015927e-05 3.594740e-05 4.372393e-05 4.083307e-05 2.986889e-05 1.755546e-05 9.801162e-06 6.136930e-06 5.511655e-06 5.077765e-06 5.517927e-06 6.480495e-06 1.025253e-05 1.558295e-05 2.311529e-05 3.706137e-05 5.477949e-05 9.015355e-05 1.199739e-04 1.460216e-04 1.912463e-04 2.166233e-04 2.573360e-04 2.959264e-04 3.335881e-04 4.221302e-04 5.144733e-04 6.694879e-04 8.597203e-04 1.027101e-03 1.281840e-03 1.535332e-03 1.712580e-03 1.999662e-03 2.275957e-03 2.333266e-03 2.480170e-03 2.653457e-03 2.701509e-03 3.160205e-03 3.907174e-03 4.304714e-03 4.797086e-03 5.254894e-03 4.975072e-03 4.667221e-03 4.639168e-03 4.412923e-03 4.388212e-03 4.750600e-03 4.869394e-03 4.939052e-03 5.193709e-03 4.946089e-03 4.451211e-03 4.151854e-03 3.673009e-03 2.993791e-03 2.542316e-03 2.370899e-03 2.305944e-03 2.334446e-03 2.544643e-03 2.877678e-03 3.241278e-03 3.807985e-03 4.694520e-03 5.682277e-03 6.496715e-03 7.085427e-03 7.393259e-03 7.304881e-03 7.066712e-03 6.840729e-03 6.453008e-03 5.666595e-03 4.880233e-03 4.427871e-03 4.090451e-03 3.519614e-03 2.923590e-03 2.575693e-03 2.417730e-03 2.348688e-03 2.392911e-03 2.620041e-03 2.818315e-03 2.736732e-03 2.440120e-03 2.203873e-03 2.091397e-03 2.088184e-03 2.046770e-03 2.112093e-03 2.283220e-03 2.417736e-03 2.348813e-03 2.136547e-03 1.866812e-03 1.513612e-03 1.091433e-03 6.860432e-04 4.512135e-04 3.287712e-04 2.563334e-04 2.358056e-04 2.395076e-04 2.381639e-04 2.306825e-04 2.619946e-04 2.967259e-04 2.463355e-04 1.826040e-04 1.266190e-04 9.718299e-05 9.987409e-05 8.951154e-05 4.419113e-05 1.355265e-05 4.688205e-06 1.759365e-06 5.097048e-07 1.915808e-07 1.749691e-07 3.969375e-07 6.642131e-07 1.507357e-07 5.866137e-09 8.098257e-11 1.050715e-12 1.881766e-14 5.933968e-16 2.418370e-17 6.877245e-19 6.668186e-21 9.539669e-24 4.469638e-27 1.212776e-30 3.302623e-34 2.347240e-36 7.621033e-38 9.459956e-40 7.051334e-42 4.119817e-43 5.575767e-42 5.248283e-41 1.719533e-41 2.378858e-40 4.525236e-38 1.492790e-32 2.095774e-25 1.327527e-20 2.762131e-19 2.763628e-19 3.779788e-20 2.331318e-22 5.436938e-25 1.935537e-27 9.911261e-30 2.484903e-31 3.364278e-35 1.878897e-39 2.802597e-45
0.000000e+00 0.000000e+00 0.000000e+00 4.904545e-44 2.302609e-35 3.958681e-26 4.028551e-22 2.202197e-18 4.492839e-15 9.677833e-09 1.690192e-06 5.883586e-07 2.925968e-06 3.505486e-06 7.258786e-07 1.291046e-07 1.083005e-06 3.007011e-06 1.193066e-06 7.504986e-07 2.935961e-06 8.910624e-06 1.843622e-05 5.073053e-05 9.648550e-05 9.966557e-05 9.038095e-05 5.092792e-05 2.850507e-05 1.685049e-05 1.106627e-05 9.437395e-06 8.373595e-06 9.618721e-06 1.045055e-05 1.627270e-05 2.537180e-05 3.713463e-05 5.878104e-05 7.738583e-05 1.179253e-04 1.511135e-04 1.752863e-04 2.337379e-04 2.814349e-04 3.573362e-04 4.211502e-04 4.536558e-04 5.565749e-04 6.600710e-04 8.002889e-04 1.003475e-03 1.102872e-03 1.269931e-03 1.541773e-03 1.641996e-03 1.840225e-03 2.205607e-03 2.332542e-03 2.498673e-03 2.746674e-03 2.629624e-03 2.669635e-03 3.105981e-03 3.278094e-03 3.465838e-03 4.047624e-03 4.079385e-03 3.778497e-03 4.001870e-03 3.918173e-03 3.484878e-03 3.731546e-03 4.219851e-03 4.056604e-03 3.788412e-03 3.895200e-03 3.878438e-03 3.460210e-03 3.018014e-03 2.777966e-03 2.600666e-03 2.355851e-03 2.170671e-03 2.290217e-03 2.827839e-03 3.632043e-03 4.438443e-03 5.071622e-03 5.601681e-03 6.073845e-03 6.378949e-03 6.429895e-03 6.236681e-03 5.856080e-03 5.424079e-03 5.185772e-03 4.992418e-03 4.468605e-03 3.793469e-03 3.364737e-03 3.143918e-03 2.847841e-03 2.486231e-03 2.289143e-03 2.295487e-03 2.333041e-03 2.401568e-03 2.571902e-03 2.771432e-03 2.785566e-03 2.531428e-03 2.188340e-03 1.954793e-03 1.937844e-03 2.099041e-03 2.302166e-03 2.386569e-03 2.154523e-03 1.686890e-03 1.130484e-03 7.593377e-04 6.140397e-04 6.025740e-04 6.444097e-04 6.090617e-04 5.166709e-04 4.276351e-04 3.557835e-04 2.589815e-04 1.678907e-04 1.264142e-04 9.939305e-05 8.761718e-05 8.270539e-05 6.358908e-05 5.346780e-05 6.265147e-05 1.027608e-04 1.297665e-04 7.913911e-05 3.122432e-05 8.050860e-06 1.160858e-06 1.244898e-07 2.166716e-08 1.577058e-08 4.388371e-08 1.441686e-07 1.920581e-07 4.417089e-08 3.297130e-09 2.086251e-10 1.271719e-11 4.189885e-13 8.318397e-15 3.282904e-17 1.392952e-20 3.756761e-24 5.912725e-28 3.716974e-31 3.051155e-33 3.894254e-35 1.662540e-37 8.894868e-40 1.982907e-40 1.080100e-39 5.266360e-40 7.193706e-41 4.974091e-40 9.880502e-37 4.010818e-30 2.917643e-23 2.026529e-20 5.071462e-20 1.937860e-20 1.379348e-21 3.578112e-23 1.605042e-25 2.032046e-28 2.555221e-30 1.991067e-33 9.645917e-37 2.392016e-42 0.000000e+00
0.000000e+00 0.000000e+00 0.000000e+00 1.041508e-36 2.523435e-33 6.781027e-26 1.840111e-20 7.151675e-18 1.623535e-17 1.876346e-12 1.901841e-08 3.691267e-08 7.622303e-08 7.950522e-08 7.933184e-09 4.481862e-10 3.426782e-09 5.261365e-08 1.412005e-07 2.356879e-07 9.822560e-07 8.579095e-06 2.941636e-05 1.131214e-04 1.527431e-04 2.118412e-04 1.674648e-04 1.176200e-04 5.836202e-05 3.133796e-05 1.966977e-05 1.478151e-05 1.426349e-05 1.414383e-05 1.799168e-05 1.924343e-05 2.882446e-05 4.607839e-05 7.011781e-05 1.127311e-04 1.414575e-04 2.003473e-04 2.487379e-04 2.750980e-04 3.398290e-04 4.012789e-04 5.286313e-04 6.780221e-04 7.639269e-04 9.301289e-04 1.082442e-03 1.195380e-03 1.433552e-03 1.480800e-03 1.412757e-03 1.578714e-03 1.649275e-03 1.755395e-03 2.215526e-03 2.556218e-03 2.807955e-03 3.267967e-03 3.267218e-03 3.030072e-03 3.222322e-03 3.286042e-03 3.098578e-03 3.330263e-03 3.612858e-03 3.465581e-03 3.439861e-03 3.639314e-03 3.596919e-03 3.440410e-03 3.575749e-03 3.821928e-03 3.715038e-03 3.351048e-03 3.219725e-03 3.301048e-03 3.155124e-03 2.864650e-03 2.854427e-03 3.166229e-03 3.455821e-03 3.732071e-03 4.406813e-03 5.471037e-03 6.155486e-03 6.144928e-03 5.947528e-03 5.701704e-03 5.356931e-03 4.984140e-03 4.746905e-03 4.568589e-03 4.300526e-03 3.937792e-03 3.502863e-03 3.010228e-03 2.572177e-03 2.326474e-03 2.242217e-03 2.182333e-03 2.077849e-03 2.020488e-03 2.061282e-03 2.146129e-03 2.186512e-03 2.186632e-03 2.146358e-03 2.029896e-03 1.965764e-03 1.980918e-03 2.029993e-03 1.918565e-03 1.679308e-03 1.494542e-03 1.499670e-03 1.579072e-03 1.485400e-03 1.141403e-03 7.499403e-04 4.732528e-04 2.964252e-04 1.952310e-04 1.369003e-04 1.030985e-04 9.554704e-05 1.094690e-04 1.257606e-04 1.384769e-04 1.590305e-04 1.924388e-04 1.837939e-04 1.286752e-04 6.918571e-05 3.386668e-05 2.475436e-05 2.676275e-05 3.334405e-05 3.931691e-05 2.965500e-05 1.122807e-05 1.635793e-06 1.111640e-07 1.006591e-08 2.523909e-09 1.883081e-09 2.956539e-09 4.141853e-09 2.656778e-09 1.223781e-09 3.384773e-10 4.040092e-11 1.929082e-12 1.567317e-14 1.458778e-17 5.669296e-21 1.775497e-24 2.211280e-27 7.151957e-30 9.486022e-33 3.694697e-36 9.153279e-39 9.859830e-40 1.053996e-39 6.322238e-41 1.099739e-41 4.361527e-40 3.087991e-35 1.094329e-27 3.581055e-22 8.379660e-21 4.818944e-21 1.804103e-22 5.198464e-24 4.900769e-26 4.691200e-28 3.206857e-30 1.259369e-32 4.080961e-35 1.284730e-39 4.203895e-45 0.000000e+00
0.000000e+00 0.000000e+00 0.000000e+00 1.330225e-40 7.785355e-34 8.116615e-28 4.253563e-24 9.165722e-21 2.446630e-19 2.270145e-15 1.505073e-11 6.819065e-10 5.509471e-10 3.781639e-10 8.020565e-11 3.754998e-11 4.749577e-10 7.634663e-09 8.474275e-08 6.539044e-07 3.106463e-06 1.272275e-05 4.344660e-05 1.395087e-04 2.308930e-04 2.224567e-04 2.263894e-04 1.422059e-04 9.023781e-05 4.472991e-05 2.937012e-05 2.049808e-05 1.776826e-05 2.014979e-05 2.306509e-05 3.212182e-05 3.590604e-05 4.902293e-05 7.304654e-05 1.055226e-04 1.630184e-04 1.992328e-04 2.729034e-04 3.438515e-04 3.739988e-04 4.518008e-04 5.055430e-04 6.225384e-04 8.388073e-04 9.826422e-04 1.240768e-03 1.573034e-03 1.676102e-03 2.028585e-03 2.243298e-03 1.914627e-03 1.934757e-03 1.965862e-03 1.852782e-03 2.281597e-03 2.849055e-03 3.086134e-03 3.672600e-03 4.107668e-03 3.890705e-03 3.886439e-03 4.005386e-03 3.807217e-03 3.627407e-03 3.697341e-03 3.932217e-03 3.993089e-03 3.907753e-03 3.944420e-03 4.018639e-03 3.903520e-03 3.719253e-03 3.666809e-03 3.620008e-03 3.405454e-03 3.271354e-03 3.460560e-03 3.935439e-03 4.664226e-03 5.595868e-03 6.346486e-03 6.730078e-03 7.145629e-03 7.611608e-03 7.519466e-03 6.815673e-03 6.036434e-03 5.407738e-03 4.833340e-03 4.328322e-03 3.997964e-03 3.745662e-03 3.425290e-03 2.985744e-03 2.540899e-03 2.176896e-03 1.900209e-03 1.764409e-03 1.764778e-03 1.798354e-03 1.740617e-03 1.656497e-03 1.647323e-03 1.678420e-03 1.696670e-03 1.596950e-03 1.466042e-03 1.408209e-03 1.420749e-03 1.452503e-03 1.484853e-03 1.445590e-03 1.298259e-03 1.030322e-03 7.731584e-04 6.598371e-04 6.136305e-04 5.768616e-04 5.371835e-04 4.782027e-04 4.004946e-04 3.188598e-04 2.087179e-04 1.196734e-04 7.257771e-05 4.439255e-05 2.729939e-05 1.928728e-05 1.987930e-05 2.718943e-05 4.484145e-05 6.262207e-05 4.921314e-05 2.129543e-05 8.522232e-06 5.154207e-06 4.229837e-06 3.869614e-06 3.743854e-06 2.532597e-06 7.516665e-07 9.373184e-08 7.143637e-09 7.687566e-10 1.584351e-10 6.606912e-11 3.692617e-11 1.457111e-11 4.852700e-12 1.180942e-12 1.125608e-13 3.949441e-15 2.955920e-17 6.654897e-20 1.929202e-22 1.462951e-24 2.547299e-27 2.096218e-31 8.904310e-36 1.703210e-39 3.570789e-41 2.602211e-42 9.248570e-44 9.388700e-44 8.261495e-41 4.543104e-34 4.512401e-26 6.397350e-22 9.691155e-21 1.849669e-21 7.524827e-23 9.712081e-26 2.666207e-28 1.024654e-30 5.410462e-33 6.168973e-35 9.927033e-38 1.654933e-42 0.000000e+00 0.000000e+00
0.000000e+00 0.000000e+00 0.000000e+00 1.401298e-45 2.076842e-37 7.927889e-31 2.248685e-26 1.564649e-22 8.064784e-20 1.434173e-16 1.971426e-14 3.355684e-13 1.727366e-12 5.106574e-12 5.963993e-12 1.488920e-11 7.521428e-10 1.348099e-08 8.019992e-08 3.942486e-07 2.068211e-06 9.829301e-06 2.281433e-05 5.421644e-05 7.805323e-05 9.494413e-05 7.665853e-05 6.447788e-05 4.285562e-05 2.999377e-05 1.939564e-05 1.649093e-05 1.481144e-05 1.534825e-05 2.005346e-05 2.711845e-05 4.277524e-05 5.323894e-05 7.039251e-05 9.799955e-05 1.289581e-04 1.910128e-04 2.255662e-04 3.007601e-04 4.093457e-04 4.546502e-04 5.688290e-04 6.377071e-04 6.892760e-04 8.928504e-04 1.013678e-03 1.230688e-03 1.692025e-03 1.862899e-03 2.210697e-03 2.770690e-03 2.592115e-03 2.575816e-03 2.734181e-03 2.444322e-03 2.561643e-03 3.059984e-03 3.235653e-03 3.582828e-03 4.113295e-03 4.234752e-03 4.305817e-03 4.475957e-03 4.574143e-03 4.731599e-03 4.730235e-03 4.742897e-03 5.225642e-03 5.564237e-03 5.154732e-03 4.793461e-03 4.875076e-03 4.663666e-03 4.094660e-03 3.955021e-03 4.281478e-03 4.657370e-03 5.191356e-03 6.201984e-03 7.394108e-03 8.436223e-03 9.079385e-03 8.913857e-03 8.349724e-03 7.904428e-03 7.413302e-03 6.622209e-03 5.700970e-03 4.999983e-03 4.468562e-03 3.985543e-03 3.526625e-03 3.110690e-03 2.701966e-03 2.338860e-03 2.081844e-03 1.876927e-03 1.699940e-03 1.576477e-03 1.545479e-03 1.535563e-03 1.490183e-03 1.428109e-03 1.292311e-03 1.122267e-03 1.011676e-03 1.041432e-03 1.208512e-03 1.367139e-03 1.339803e-03 1.170206e-03 9.931294e-04 9.071337e-04 8.534883e-04 7.746150e-04 6.599145e-04 4.990707e-04 3.434193e-04 2.335493e-04 1.497947e-04 9.885136e-05 7.877605e-05 6.939039e-05 6.675043e-05 7.193628e-05 8.643962e-05 9.957082e-05 8.939416e-05 6.718720e-05 4.517120e-05 3.556681e-05 3.542813e-05 3.186144e-05 1.846616e-05 8.473839e-06 3.433557e-06 1.207137e-06 4.002259e-07 1.599043e-07 9.302693e-08 5.149440e-08 1.750463e-08 3.158862e-09 4.312486e-10 6.041716e-11 1.112592e-11 2.220932e-12 2.990367e-13 4.231528e-14 3.203335e-15 1.452664e-16 7.096121e-18 1.363549e-19 1.235024e-21 5.488582e-23 7.492306e-24 3.046029e-26 1.484970e-30 1.548878e-35 5.503109e-40 8.940284e-43 9.809089e-45 1.401298e-45 4.203895e-45 1.581295e-40 2.374548e-32 3.517732e-25 9.828409e-22 5.576360e-21 6.293874e-21 1.547507e-22 1.523560e-25 5.340055e-29 4.947956e-32 1.698015e-34 7.456359e-37 2.839017e-40 5.605194e-45 0.000000e+00 0.000000e+00
0.000000e+00 0.000000e+00 0.000000e+00 1.401298e-45 3.115627e-38 6.991002e-33 1.700160e-29 6.548419e-24 3.562596e-22 2.790457e-21 1.637800e-18 2.883736e-15 1.710291e-14 2.167049e-13 1.615337e-12 1.552010e-11 6.337478e-10 2.572837e-08 2.491720e-07 6.670990e-07 1.116620e-06 4.455489e-06 1.034176e-05 2.173731e-05 2.817894e-05 3.149988e-05 2.944660e-05 2.141769e-05 1.686079e-05 1.169416e-05 9.942738e-06 8.180583e-06 9.079401e-06 1.106451e-05 1.445684e-05 2.143772e-05 3.159614e-05 5.441944e-05 7.288637e-05 9.663609e-05 1.302025e-04 1.563094e-04 2.208394e-04 2.606302e-04 3.279089e-04 4.791182e-04 5.743728e-04 7.243538e-04 8.712282e-04 8.860322e-04 1.014186e-03 1.090376e-03 1.167040e-03 1.508532e-03 1.726601e-03 2.001561e-03 2.584422e-03 2.856801e-03 3.118417e-03 3.440643e-03 3.207628e-03 3.084692e-03 3.194304e-03 3.041780e-03 3.214413e-03 3.640601e-03 3.632183e-03 3.901007e-03 4.543327e-03 4.698818e-03 5.077716e-03 5.953409e-03 6.086609e-03 6.107647e-03 6.884806e-03 7.111826e-03 6.312713e-03 5.993770e-03 6.214770e-03 6.150560e-03 6.160271e-03 6.609110e-03 7.080458e-03 7.557084e-03 8.170504e-03 8.526395e-03 8.699430e-03 8.890235e-03 8.424981e-03 7.250930e-03 6.224958e-03 5.648780e-03 5.128141e-03 4.571856e-03 4.123806e-03 3.722603e-03 3.239693e-03 2.765223e-03 2.432479e-03 2.200416e-03 2.007994e-03 1.815489e-03 1.670543e-03 1.546521e-03 1.438061e-03 1.316042e-03 1.187998e-03 1.087443e-03 1.025053e-03 1.015115e-03 1.083785e-03 1.188859e-03 1.231964e-03 1.178568e-03 1.096963e-03 1.006995e-03 8.725437e-04 7.403089e-04 6.069352e-04 4.755084e-04 3.777389e-04 3.039199e-04 2.653172e-04 2.448782e-04 2.100478e-04 1.625893e-04 1.112078e-04 6.736565e-05 3.328373e-05 1.594289e-05 9.618878e-06 8.579977e-06 1.242513e-05 2.185206e-05 3.058432e-05 2.998541e-05 2.069036e-05 1.144966e-05 6.307379e-06 4.306228e-06 2.653052e-06 8.202809e-07 1.402293e-07 2.436645e-08 5.344987e-09 1.179508e-09 1.649692e-10 1.678378e-11 1.846941e-12 2.677078e-13 4.745292e-14 5.661506e-15 5.171897e-16 4.173347e-17 1.398626e-18 4.027858e-20 1.835209e-21 3.834358e-23 7.873679e-25 3.733527e-25 1.143595e-24 2.171680e-26 4.901938e-30 1.064689e-34 1.701217e-39 6.586103e-43 5.605194e-45 0.000000e+00 4.904545e-44 4.312523e-38 6.406890e-30 5.881272e-24 5.597880e-22 2.779889e-21 3.558752e-21 2.487812e-22 4.166499e-25 1.130632e-28 1.755919e-31 4.576750e-34 1.281947e-36 7.012686e-40 0.000000e+00 0.000000e+00 0.000000e+00
0.000000e+00 0.000000e+00 0.000000e+00 0.000000e+00 6.544064e-43 1.007045e-32 2.165493e-28 3.377420e-27 5.305864e-27 4.885414e-26 2.603069e-23 9.807292e-19 2.773374e-16 5.879909e-15 2.061989e-14 3.400770e-13 3.858593e-11 3.334441e-09 6.333767e-08 4.312492e-07 9.217441e-07 2.652820e-06 5.224963e-06 1.081328e-05 1.529481e-05 1.735537e-05 1.567282e-05 1.282724e-05 9.860619e-06 8.092194e-06 7.249097e-06 7.721901e-06 7.315588e-06 9.265884e-06 1.279928e-05 1.995768e-05 3.389137e-05 5.173264e-05 8.906407e-05 1.186809e-04 1.449038e-04 1.919392e-04 2.187489e-04 2.813687e-04 3.418042e-04 3.808995e-04 5.509964e-04 7.019532e-04 8.495771e-04 1.110377e-03 1.145646e-03 1.227000e-03 1.259024e-03 1.216835e-03 1.380843e-03 1.506829e-03 1.703602e-03 2.115210e-03 2.413960e-03 2.810743e-03 3.252713e-03 3.077450e-03 2.873023e-03 2.982795e-03 2.641049e-03 2.458357e-03 3.027666e-03 3.187304e-03 3.029817e-03 3.806042e-03 4.675611e-03 4.787943e-03 5.365612e-03 6.243635e-03 6.634103e-03 7.029110e-03 7.610858e-03 8.237870e-03 8.917131e-03 9.075675e-03 8.906202e-03 9.366591e-03 9.763469e-03 9.115101e-03 8.489118e-03 8.508602e-03 8.246229e-03 7.447733e-03 6.906069e-03 6.434259e-03 5.398038e-03 4.388392e-03 3.855489e-03 3.467745e-03 2.994002e-03 2.614977e-03 2.461949e-03 2.382275e-03 2.198867e-03 1.962038e-03 1.806287e-03 1.677216e-03 1.507295e-03 1.319219e-03 1.164519e-03 1.049529e-03 9.525714e-04 9.083366e-04 8.926195e-04 9.316883e-04 1.067831e-03 1.273678e-03 1.394447e-03 1.279891e-03 1.041607e-03 7.924582e-04 6.250737e-04 5.585717e-04 5.172555e-04 4.874982e-04 4.157709e-04 2.998204e-04 1.988117e-04 1.240502e-04 7.659882e-05 5.016898e-05 3.600535e-05 3.055925e-05 2.969925e-05 2.628345e-05 1.632456e-05 1.041623e-05 9.529463e-06 1.283922e-05 1.935785e-05 2.284351e-05 1.604754e-05 6.689875e-06 2.766429e-06 1.744498e-06 9.806687e-07 3.261859e-07 9.460292e-08 2.708131e-08 7.312991e-09 7.206138e-10 2.041130e-11 5.004076e-13 1.257649e-14 5.708295e-16 4.437837e-17 2.234058e-18 1.175316e-19 5.753239e-21 1.954633e-22 7.516264e-24 4.993093e-25 1.414866e-26 6.523668e-28 4.145099e-27 5.583882e-26 2.130468e-27 5.188111e-30 3.531517e-34 1.231251e-38 8.175175e-42 8.688050e-44 4.764415e-44 3.375588e-41 1.726744e-34 1.542449e-26 1.293667e-22 7.216201e-22 6.693152e-22 2.364843e-22 1.118918e-23 1.294848e-26 2.103188e-29 4.495509e-32 8.388387e-34 2.077024e-35 5.213319e-39 3.082857e-44 0.000000e+00 0.000000e+00
0.000000e+00 0.000000e+00 0.000000e+00 0.000000e+00 0.000000e+00 3.556043e-38 8.987124e-35 5.810989e-32 5.684780e-31 6.017525e-27 3.715788e-24 2.812787e-19 6.316354e-17 4.958714e-15 1.253312e-14 3.443433e-14 6.149685e-12 2.459009e-09 2.758997e-08 1.531424e-07 6.816067e-07 2.587116e-06 4.241779e-06 9.574137e-06 1.581615e-05 2.121074e-05 2.200628e-05 2.157824e-05 1.620527e-05 1.142285e-05 9.769914e-06 1.050917e-05 1.383067e-05 1.440286e-05 1.887587e-05 2.452773e-05 3.920874e-05 6.942050e-05 1.071372e-04 1.872943e-04 2.523606e-04 2.762076e-04 3.591129e-04 3.791432e-04 4.539538e-04 5.490477e-04 5.364731e-04 7.185827e-04 8.529572e-04 9.676605e-04 1.283702e-03 1.316965e-03 1.371412e-03 1.454105e-03 1.328616e-03 1.387199e-03 1.535558e-03 1.556870e-03 1.742349e-03 1.982750e-03 2.018764e-03 2.221905e-03 2.316162e-03 2.080873e-03 2.080273e-03 2.080207e-03 1.906697e-03 2.138672e-03 2.670080e-03 2.850020e-03 3.093575e-03 3.860560e-03 4.615495e-03 5.020143e-03 5.498760e-03 6.545968e-03 7.952292e-03 8.862337e-03 9.618314e-03 1.080666e-02 1.121170e-02 1.035189e-02 9.982763e-03 1.014693e-02 9.234722e-03 7.982299e-03 7.598095e-03 7.406145e-03 6.523909e-03 5.653082e-03 4.979681e-03 3.950633e-03 2.914824e-03 2.408895e-03 2.261431e-03 2.101789e-03 1.859560e-03 1.739157e-03 1.727467e-03 1.651372e-03 1.485705e-03 1.321251e-03 1.185465e-03 1.119620e-03 1.042247e-03 9.464110e-04 8.232348e-04 7.693252e-04 8.343683e-04 1.054541e-03 1.297438e-03 1.339473e-03 1.160763e-03 9.054151e-04 7.458081e-04 6.532085e-04 5.945950e-04 5.085178e-04 3.883932e-04 2.881872e-04 2.148689e-04 1.755932e-04 1.600400e-04 1.420258e-04 1.079566e-04 7.043098e-05 3.521103e-05 1.545130e-05 7.921535e-06 5.505283e-06 4.457726e-06 4.792745e-06 6.584443e-06 7.336951e-06 6.452009e-06 6.288557e-06 4.574277e-06 1.903085e-06 7.479976e-07 3.894213e-07 1.797935e-07 5.543858e-08 1.236043e-08 5.399101e-09 6.695613e-09 3.104273e-09 1.694730e-10 2.047011e-12 2.014835e-14 5.024781e-16 2.538942e-17 1.051384e-18 2.276670e-20 4.738345e-22 9.199469e-24 2.441781e-25 2.021251e-26 4.952083e-28 1.067397e-28 5.240041e-27 3.293904e-26 2.967781e-27 2.597246e-29 7.548842e-33 1.761939e-36 4.935082e-39 2.029711e-40 7.200516e-40 3.623977e-36 1.280611e-28 1.266007e-21 1.324931e-19 4.973453e-20 2.823150e-21 1.278093e-22 3.130452e-25 3.191342e-28 1.242624e-31 1.526527e-33 7.991707e-35 1.248398e-35 2.426366e-37 7.693129e-43 0.000000e+00 0.000000e+00
0.000000e+00 0.000000e+00 0.000000e+00 0.000000e+00 0.000000e+00 2.802597e-45 7.927706e-41 1.078784e-34 8.866725e-31 2.227244e-27 1.294677e-24 3.822741e-19 2.624770e-17 2.213714e-15 9.728591e-14 4.615235e-13 2.165648e-11 8.115122e-09 1.220594e-07 5.287195e-07 1.151391e-06 4.171609e-06 5.244663e-06 9.898894e-06 1.321625e-05 1.724687e-05 1.841740e-05 2.159123e-05 2.707346e-05 2.015222e-05 1.729199e-05 1.442686e-05 1.665830e-05 2.434425e-05 2.879494e-05 4.181421e-05 5.042745e-05 7.708422e-05 1.267070e-04 1.885876e-04 3.365460e-04 4.712412e-04 5.391415e-04 6.904217e-04 6.667560e-04 7.813888e-04 9.194842e-04 8.444323e-04 1.051934e-03 1.127297e-03 1.126998e-03 1.449346e-03 1.450448e-03 1.381199e-03 1.588883e-03 1.472764e-03 1.418386e-03 1.697281e-03 1.639735e-03 1.484734e-03 1.611555e-03 1.575520e-03 1.407158e-03 1.487256e-03 1.671245e-03 1.535370e-03 1.428947e-03 1.632234e-03 1.757794e-03 1.912740e-03 2.585519e-03 3.389350e-03 3.772543e-03 4.585825e-03 6.200143e-03 7.185865e-03 7.547806e-03 8.544289e-03 9.525275e-03 9.614710e-03 9.724685e-03 9.610872e-03 8.594582e-03 7.765970e-03 7.625135e-03 7.267862e-03 6.494631e-03 6.135101e-03 5.939389e-03 5.241339e-03 4.374396e-03 3.685748e-03 2.884745e-03 2.091382e-03 1.718146e-03 1.686301e-03 1.614723e-03 1.426800e-03 1.287196e-03 1.247608e-03 1.210437e-03 1.111408e-03 9.814888e-04 8.873398e-04 8.251577e-04 7.759070e-04 8.062134e-04 9.618978e-04 1.155339e-03 1.267292e-03 1.197487e-03 1.065630e-03 9.111047e-04 7.115136e-04 5.229436e-04 3.901030e-04 3.179256e-04 2.891752e-04 2.763301e-04 2.599982e-04 2.213602e-04 1.622945e-04 1.122955e-04 7.183462e-05 4.656323e-05 3.170417e-05 2.168030e-05 1.279517e-05 6.470065e-06 3.757035e-06 2.829978e-06 3.072646e-06 3.633606e-06 3.282577e-06 2.341229e-06 1.868636e-06 1.589129e-06 8.372737e-07 2.365115e-07 5.882951e-08 1.783404e-08 4.578893e-09 6.819468e-10 1.213702e-10 4.245847e-11 2.771211e-11 1.470249e-11 2.284329e-12 9.193176e-14 3.114327e-15 1.976095e-16 1.250811e-17 4.704061e-19 1.429133e-20 1.763517e-22 4.217533e-24 2.717717e-25 1.103853e-26 2.305402e-26 1.601006e-24 3.704140e-24 6.381026e-25 1.006350e-26 1.857896e-29 3.873931e-32 6.246596e-34 7.222389e-35 5.290506e-34 1.863977e-29 5.521696e-22 1.860572e-16 8.067184e-16 1.505782e-17 3.061577e-19 6.618785e-22 8.386869e-25 7.294297e-29 4.546689e-32 1.099867e-34 6.348669e-36 2.076083e-36 2.376083e-38 3.330886e-42 0.000000e+00 0.000000e+00
0.000000e+00 0.000000e+00 0.000000e+00 0.000000e+00 0.000000e+00 1.835701e-43 2.001672e-37 2.250882e-34 1.370983e-32 1.481916e-26 8.916875e-24 7.591397e-18 7.167662e-15 1.924321e-13 2.709438e-13 1.055244e-12 3.263142e-11 4.320125e-09 1.586182e-07 8.718173e-07 1.462065e-06 3.549461e-06 5.441192e-06 9.872158e-06 1.413625e-05 1.458191e-05 1.585925e-05 1.769589e-05 1.802391e-05 2.326061e-05 2.144892e-05 2.645253e-05 2.358435e-05 2.891420e-05 4.075581e-05 5.256159e-05 8.072238e-05 9.928128e-05 1.414360e-04 2.005618e-04 2.716017e-04 4.486009e-04 6.472528e-04 8.336238e-04 1.078070e-03 1.070948e-03 1.209478e-03 1.332594e-03 1.270794e-03 1.492716e-03 1.582128e-03 1.528668e-03 1.801830e-03 1.859986e-03 1.747351e-03 1.916386e-03 1.832467e-03 1.720276e-03 1.846083e-03 1.759868e-03 1.536754e-03 1.391167e-03 1.376234e-03 1.323241e-03 1.239831e-03 1.473190e-03 1.667042e-03 1.438282e-03 1.498197e-03 1.893356e-03 2.139519e-03 2.716091e-03 4.074639e-03 5.369321e-03 6.210745e-03 7.550078e-03 8.900473e-03 8.963273e-03 8.312248e-03 7.679109e-03 7.152806e-03 6.967090e-03 6.781119e-03 6.161772e-03 5.476050e-03 5.109621e-03 4.685471e-03 4.182342e-03 3.970914e-03 3.896840e-03 3.552728e-03 3.030423e-03 2.546793e-03 2.032005e-03 1.498055e-03 1.228463e-03 1.209245e-03 1.254155e-03 1.165700e-03 1.020753e-03 9.532727e-04 8.937209e-04 7.963057e-04 6.811459e-04 6.735462e-04 7.773574e-04 9.880823e-04 1.283409e-03 1.458238e-03 1.445208e-03 1.192599e-03 8.487647e-04 5.915658e-04 4.482842e-04 3.702247e-04 3.199282e-04 2.605765e-04 1.938616e-04 1.420028e-04 1.157438e-04 1.013555e-04 9.099080e-05 8.073403e-05 6.723656e-05 4.839275e-05 2.736848e-05 1.402436e-05 6.742412e-06 3.516295e-06 3.005727e-06 4.136109e-06 5.116592e-06 3.966421e-06 2.071535e-06 8.756459e-07 3.855285e-07 2.019011e-07 1.017426e-07 3.148246e-08 7.115207e-09 1.384166e-09 2.428361e-10 3.263113e-11 2.834212e-12 2.198461e-13 2.500311e-14 4.816215e-15 1.169048e-15 1.613861e-16 1.690037e-17 1.300585e-18 9.491675e-20 1.172457e-20 1.658593e-21 9.848210e-23 1.086240e-23 2.648468e-24 1.966856e-24 5.546405e-23 4.329313e-21 7.674657e-21 1.723028e-21 8.099884e-23 1.387969e-24 7.875830e-26 3.128774e-27 3.396977e-28 7.395013e-27 2.301164e-22 1.555293e-15 1.900452e-11 2.579533e-12 4.688699e-14 7.893869e-17 3.392461e-19 6.798545e-23 2.099035e-26 4.812539e-30 8.802332e-33 1.070237e-34 6.242670e-37 1.700450e-39 2.802597e-45 0.000000e+00 0.000000e+00
0.000000e+00 0.000000e+00 0.000000e+00 0.000000e+00 0.000000e+00 0.000000e+00 9.942368e-38 4.609217e-31 1.148442e-30 5.085909e-26 2.374642e-23 6.820425e-19 1.006496e-14 2.043438e-12 3.639884e-11 2.289532e-11 3.605550e-10 3.344310e-08 2.235625e-07 4.434163e-07 1.402796e-06 7.783839e-06 6.907699e-06 2.249682e-05 2.568649e-05 4.120201e-05 3.504213e-05 3.715282e-05 3.776008e-05 3.074169e-05 3.849674e-05 3.524773e-05 4.798937e-05 4.906584e-05 6.129574e-05 8.240600e-05 1.072855e-04 1.461071e-04 1.876367e-04 2.474559e-04 3.120202e-04 3.950272e-04 5.221812e-04 7.308146e-04 9.977029e-04 1.255511e-03 1.477963e-03 1.637305e-03 1.656580e-03 1.724515e-03 1.916755e-03 2.027946e-03 2.164652e-03 2.439737e-03 2.482381e-03 2.674519e-03 2.873042e-03 2.536962e-03 2.532029e-03 2.467142e-03 2.007378e-03 1.904202e-03 1.743670e-03 1.484582e-03 1.529115e-03 1.619763e-03 1.717521e-03 2.083619e-03 2.387154e-03 2.490056e-03 2.809303e-03 3.391130e-03 4.274361e-03 5.368730e-03 6.161524e-03 6.887799e-03 7.758480e-03 7.740344e-03 7.091033e-03 6.577312e-03 5.779752e-03 4.950664e-03 4.664233e-03 4.713062e-03 4.323294e-03 3.740154e-03 3.425390e-03 3.155289e-03 2.698636e-03 2.327084e-03 2.214343e-03 2.147911e-03 1.923948e-03 1.611076e-03 1.274936e-03 1.010067e-03 8.639664e-04 8.384226e-04 8.698704e-04 8.309236e-04 7.672799e-04 7.358067e-04 7.144913e-04 6.742760e-04 6.907923e-04 8.435441e-04 1.138691e-03 1.453170e-03 1.404949e-03 1.155039e-03 9.246081e-04 7.184481e-04 5.491166e-04 4.107973e-04 2.949609e-04 2.268634e-04 1.881559e-04 1.608148e-04 1.348095e-04 1.069713e-04 7.985818e-05 5.840643e-05 4.115054e-05 2.946755e-05 2.363445e-05 1.785419e-05 1.267051e-05 8.277118e-06 4.957594e-06 3.599394e-06 3.435208e-06 3.070977e-06 2.085655e-06 1.334353e-06 8.183607e-07 3.930105e-07 1.388444e-07 4.062390e-08 1.048204e-08 1.643354e-09 1.736261e-10 1.882583e-11 1.924407e-12 1.194934e-13 4.232154e-15 1.253732e-16 6.403333e-18 3.883967e-19 2.472436e-20 1.158389e-21 3.836285e-23 1.453862e-24 1.011083e-25 1.254848e-26 2.226339e-27 1.453817e-27 6.312405e-27 4.082967e-25 4.583510e-22 1.091635e-19 3.160079e-19 2.297717e-19 7.826826e-20 9.993395e-20 1.434632e-19 1.066149e-20 4.340794e-21 6.976764e-20 2.027792e-15 8.461729e-10 2.005101e-07 2.254345e-08 1.029277e-10 8.750092e-13 1.180080e-15 1.901475e-18 3.507313e-22 2.610130e-25 3.381199e-28 1.649788e-31 4.632602e-35 4.106926e-41 0.000000e+00 0.000000e+00 0.000000e+00
0.000000e+00 0.000000e+00 0.000000e+00 0.000000e+00 0.000000e+00 1.073395e-42 3.000732e-33 2.843633e-28 3.639012e-27 1.876027e-20 1.645594e-17 7.491998e-16 6.689341e-14 1.045710e-11 3.471918e-10 3.603089e-10 3.279818e-09 3.671274e-07 2.155139e-06 1.775292e-06 3.184017e-06 1.204158e-05 1.635811e-05 3.580486e-05 8.292853e-05 9.014640e-05 1.515114e-04 1.412974e-04 1.324058e-04 1.138671e-04 8.420583e-05 9.043846e-05 7.908973e-05 9.722451e-05 1.116345e-04 1.352400e-04 1.824510e-04 2.407131e-04 2.827983e-04 3.587916e-04 4.210013e-04 4.938926e-04 6.313302e-04 6.784116e-04 8.689636e-04 1.105933e-03 1.311153e-03 1.753371e-03 2.013047e-03 2.063468e-03 2.189612e-03 2.321121e-03 2.325664e-03 2.642525e-03 3.080017e-03 3.183964e-03 3.765529e-03 4.295726e-03 3.880515e-03 3.642915e-03 3.623769e-03 2.992368e-03 2.487173e-03 2.621597e-03 2.450435e-03 2.200228e-03 2.667172e-03 3.321471e-03 3.719589e-03 4.613390e-03 5.728474e-03 5.843180e-03 5.725086e-03 6.264705e-03 6.697838e-03 6.242719e-03 5.869314e-03 5.889038e-03 5.609592e-03 5.171066e-03 4.862017e-03 4.319413e-03 3.563782e-03 3.188456e-03 3.232600e-03 3.283368e-03 3.070147e-03 2.681658e-03 2.271204e-03 1.934936e-03 1.720810e-03 1.534941e-03 1.296356e-03 1.113040e-03 9.979128e-04 8.557169e-04 6.824518e-04 5.707989e-04 5.737011e-04 6.633068e-04 7.078458e-04 6.867797e-04 6.684496e-04 7.307472e-04 8.894720e-04 1.027802e-03 1.057206e-03 1.130730e-03 1.136378e-03 1.008099e-03 7.800563e-04 5.647280e-04 4.392059e-04 3.418788e-04 2.430298e-04 1.756941e-04 1.362987e-04 1.087271e-04 8.734815e-05 7.025373e-05 5.641866e-05 5.089174e-05 4.248457e-05 2.827199e-05 1.616287e-05 7.179288e-06 4.024715e-06 4.297611e-06 7.879740e-06 1.307835e-05 1.172249e-05 5.456359e-06 1.750200e-06 6.688648e-07 4.276765e-07 2.328606e-07 7.884709e-08 2.595716e-08 6.881030e-09 1.001242e-09 7.703951e-11 3.828925e-12 2.001390e-13 9.038457e-15 2.476680e-16 6.074526e-18 1.708629e-19 6.507331e-21 3.034063e-22 5.842535e-24 7.403381e-26 7.032822e-28 4.311729e-30 4.549827e-32 1.535205e-33 4.879675e-34 7.033869e-33 9.459653e-30 1.881305e-25 1.802059e-22 2.743165e-21 2.475971e-20 6.210674e-19 9.038410e-17 1.326582e-15 9.375096e-16 6.299155e-16 1.183436e-14 5.112788e-11 5.560119e-07 2.020112e-05 1.656658e-06 7.412739e-08 8.792113e-10 1.211293e-11 2.168044e-14 1.096476e-17 6.572047e-21 2.777472e-24 1.852430e-28 1.472552e-34 9.617111e-42 0.000000e+00 0.000000e+00 0.000000e+00
0.000000e+00 0.000000e+00 0.000000e+00 0.000000e+00 0.000000e+00 3.069726e-40 2.792553e-30 2.996352e-21 8.863150e-18 2.296456e-14 2.373369e-13 8.787885e-14 1.538850e-10 5.418468e-08 6.591217e-07 3.937248e-08 4.131504e-07 1.214758e-05 5.081943e-05 2.199047e-05 1.857323e-05 3.895786e-05 3.126427e-05 9.560391e-05 1.157826e-04 2.230841e-04 1.895292e-04 2.907911e-04 3.208961e-04 2.796486e-04 2.601728e-04 1.776266e-04 1.886893e-04 1.718691e-04 2.015687e-04 2.384482e-04 2.693682e-04 3.733060e-04 4.942056e-04 5.604268e-04 7.139402e-04 7.413045e-04 8.389262e-04 1.007381e-03 9.972859e-04 1.195600e-03 1.245528e-03 1.365739e-03 1.769588e-03 2.117089e-03 2.483425e-03 2.739369e-03 2.725118e-03 2.734054e-03 3.005403e-03 3.367273e-03 3.803321e-03 4.437265e-03 4.748817e-03 4.769882e-03 4.478056e-03 4.241582e-03 4.399668e-03 4.088367e-03 4.139929e-03 4.933541e-03 5.120135e-03 5.591639e-03 7.657646e-03 9.209952e-03 9.621262e-03 1.058333e-02 1.055416e-02 9.364276e-03 8.531914e-03 7.802732e-03 6.811874e-03 6.024311e-03 5.421340e-03 4.756135e-03 4.350162e-03 4.083478e-03 3.526409e-03 2.986574e-03 2.780119e-03 2.696512e-03 2.680270e-03 2.816334e-03 2.849447e-03 2.374965e-03 1.782732e-03 1.471330e-03 1.286756e-03 1.033369e-03 7.837909e-04 6.341552e-04 5.662333e-04 5.457934e-04 5.375579e-04 5.746940e-04 6.386399e-04 7.196097e-04 8.291412e-04 1.000937e-03 1.220336e-03 1.275365e-03 1.099503e-03 9.439397e-04 8.065406e-04 7.186606e-04 5.919476e-04 4.134458e-04 2.904951e-04 2.194038e-04 1.778253e-04 1.483938e-04 1.241455e-04 1.047672e-04 8.943774e-05 6.473935e-05 3.891272e-05 2.492086e-05 1.602424e-05 1.222225e-05 1.014003e-05 7.617198e-06 5.590023e-06 4.549549e-06 4.307868e-06 4.100941e-06 3.954275e-06 2.922635e-06 1.492545e-06 7.696615e-07 3.888318e-07 1.767919e-07 9.282704e-08 4.353476e-08 1.592652e-08 2.225232e-09 1.080666e-10 2.725410e-12 4.986584e-14 4.863808e-16 3.503586e-18 3.397043e-20 6.071732e-22 2.616866e-23 9.303543e-25 2.179343e-26 2.571642e-28 1.022209e-30 1.519757e-33 1.622868e-36 9.344199e-39 8.458728e-40 1.310244e-38 1.782790e-34 9.086960e-30 3.512632e-27 1.998699e-25 3.765953e-23 7.007554e-20 4.303389e-16 3.332148e-14 1.065159e-13 3.989642e-13 4.599595e-12 2.218739e-09 3.328612e-06 2.535514e-05 6.508855e-06 8.824586e-07 1.007887e-07 2.422098e-09 1.182757e-11 9.367495e-15 1.780493e-18 4.748681e-22 1.573531e-27 2.911766e-34 2.284116e-43 0.000000e+00 0.000000e+00 0.000000e+00
0.000000e+00 0.000000e+00 0.000000e+00 1.401298e-45 1.379360e-36 8.204344e-28 4.676595e-22 1.529521e-16 1.774730e-12 3.927781e-12 1.755807e-10 1.148722e-10 1.518215e-09 2.334611e-07 2.675741e-06 3.988554e-06 7.971613e-05 5.735059e-04 3.582002e-04 2.540770e-04 1.922005e-04 3.435113e-04 2.243596e-04 3.658168e-04 4.566554e-04 3.827449e-04 6.634517e-04 4.872464e-04 5.574705e-04 5.016808e-04 5.137131e-04 4.723407e-04 3.344126e-04 3.505913e-04 3.206110e-04 4.045991e-04 4.593760e-04 4.989508e-04 6.495925e-04 8.073522e-04 9.580796e-04 1.237293e-03 1.255910e-03 1.381887e-03 1.485547e-03 1.434098e-03 1.693362e-03 1.528081e-03 1.544487e-03 1.716484e-03 1.984774e-03 2.662614e-03 3.162414e-03 3.317728e-03 3.236081e-03 3.352122e-03 3.421040e-03 3.596317e-03 4.295588e-03 4.439983e-03 4.463377e-03 4.868037e-03 4.785814e-03 5.390959e-03 6.720434e-03 7.622098e-03 9.153934e-03 1.133851e-02 1.280479e-02 1.489463e-02 1.690520e-02 1.672453e-02 1.577909e-02 1.457280e-02 1.267214e-02 1.120557e-02 1.006145e-02 8.522654e-03 6.998781e-03 6.012538e-03 5.300440e-03 4.726269e-03 4.139320e-03 3.526297e-03 3.178809e-03 3.108270e-03 3.064605e-03 2.992171e-03 3.095537e-03 3.070371e-03 2.617605e-03 2.013517e-03 1.571585e-03 1.262676e-03 9.462964e-04 7.354541e-04 6.194086e-04 5.768344e-04 5.520526e-04 5.782599e-04 7.238798e-04 9.869614e-04 1.246131e-03 1.373646e-03 1.428305e-03 1.274732e-03 1.036396e-03 8.213777e-04 6.455295e-04 5.523872e-04 4.677306e-04 3.589388e-04 2.488019e-04 1.728977e-04 1.195523e-04 8.436244e-05 5.875056e-05 4.286751e-05 3.630542e-05 3.425260e-05 3.691544e-05 3.377573e-05 2.027770e-05 9.776770e-06 4.546762e-06 3.099200e-06 3.852696e-06 6.141617e-06 6.575200e-06 4.348137e-06 2.299139e-06 1.008598e-06 4.610336e-07 1.833508e-07 4.606719e-08 1.120698e-08 4.537266e-09 3.836025e-09 3.657902e-09 1.457533e-09 3.112953e-10 3.053988e-11 8.632189e-13 3.955081e-15 5.459740e-18 6.489576e-21 1.878676e-23 8.540753e-26 6.330426e-28 8.412539e-30 8.041268e-32 3.489402e-34 2.635403e-37 1.921222e-40 8.309700e-43 3.082857e-44 2.352780e-42 2.184070e-37 2.324892e-33 6.307745e-32 5.948898e-30 7.844135e-27 8.683864e-22 5.936925e-17 1.058902e-14 2.370878e-13 4.418436e-12 4.303359e-11 1.196498e-08 8.332632e-06 3.193908e-05 8.846959e-06 4.715442e-06 6.735368e-07 2.407565e-08 1.701477e-10 7.244898e-14 2.392359e-17 4.254045e-22 2.547796e-27 2.999437e-35 2.382207e-44 0.000000e+00 0.000000e+00 0.000000e+00
0.000000e+00 0.000000e+00 1.401298e-45 6.267929e-32 1.696778e-22 1.996242e-20 2.245220e-14 2.390947e-10 1.503474e-10 1.134983e-10 4.215694e-10 3.877897e-08 2.623364e-06 1.052330e-06 1.380701e-06 2.248285e-06 1.988465e-04 2.249205e-04 2.507570e-04 3.938577e-04 4.594884e-04 6.460970e-04 7.324285e-04 1.596149e-03 1.709307e-03 1.626167e-03 1.453297e-03 1.709240e-03 1.204365e-03 1.012765e-03 7.829251e-04 8.041605e-04 6.863822e-04 6.229184e-04 5.917849e-04 5.474478e-04 6.925676e-04 7.442887e-04 8.825376e-04 9.463119e-04 1.129077e-03 1.357619e-03 1.626180e-03 1.812851e-03 2.071766e-03 2.029023e-03 2.096198e-03 2.300053e-03 2.049757e-03 2.237000e-03 2.013963e-03 2.007240e-03 2.633385e-03 2.985740e-03 3.624230e-03 3.677194e-03 3.459958e-03 3.515264e-03 3.585625e-03 3.920859e-03 4.378386e-03 4.753351e-03 5.188657e-03 5.654834e-03 6.894864e-03 8.423650e-03 1.063963e-02 1.395192e-02 1.670468e-02 1.891344e-02 2.099918e-02 2.192317e-02 2.124844e-02 1.996012e-02 1.870594e-02 1.636462e-02 1.339565e-02 1.123285e-02 9.628857e-03 8.094762e-03 6.739717e-03 6.122337e-03 5.991875e-03 5.411171e-03 4.499410e-03 4.071487e-03 4.070007e-03 3.954088e-03 3.748561e-03 3.602001e-03 3.361818e-03 2.826467e-03 2.163325e-03 1.832964e-03 1.579271e-03 1.228401e-03 8.484011e-04 6.653315e-04 6.862462e-04 8.523644e-04 1.100062e-03 1.409906e-03 1.666322e-03 1.664213e-03 1.485840e-03 1.185247e-03 9.547183e-04 8.144950e-04 6.553733e-04 4.920224e-04 3.486606e-04 2.474251e-04 1.717955e-04 1.184557e-04 8.539305e-05 7.219341e-05 6.440224e-05 5.375237e-05 3.791430e-05 2.170848e-05 1.251516e-05 7.076344e-06 4.580752e-06 4.199718e-06 4.692649e-06 5.675017e-06 6.022498e-06 4.494628e-06 2.181202e-06 9.555765e-07 5.201981e-07 3.453124e-07 2.775818e-07 2.091037e-07 7.840549e-08 1.388547e-08 2.323083e-09 7.102621e-10 2.124615e-10 4.609398e-11 1.522769e-11 1.012373e-11 6.090233e-12 3.667715e-13 1.050301e-15 9.588724e-19 7.824669e-22 4.687975e-25 9.305568e-28 3.590487e-30 1.287763e-32 2.096614e-35 7.812481e-39 5.285698e-42 7.006492e-45 0.000000e+00 1.569454e-43 2.228965e-38 3.563059e-36 1.858431e-35 2.210704e-33 3.268005e-29 5.446390e-23 3.863113e-18 3.798771e-16 3.299042e-14 7.884144e-13 7.736726e-12 4.025602e-09 1.142737e-06 3.384059e-06 3.382228e-06 2.976965e-06 1.285461e-06 3.845661e-08 1.202856e-10 1.168489e-13 4.323272e-18 2.760091e-22 1.220729e-28 3.615202e-36 1.401298e-45 0.000000e+00 0.000000e+00 0.000000e+00
0.000000e+00 0.000000e+00 1.401298e-45 2.466596e-27 3.397203e-23 2.442084e-14 5.438093e-09 1.454263e-07 1.643940e-07 3.174555e-07 3.946408e-08 8.735520e-08 8.488561e-07 1.277594e-05 2.100000e-05 2.568038e-05 1.063673e-04 6.020284e-05 1.238889e-04 3.563987e-04 1.822522e-04 3.374892e-04 3.712383e-04 9.421634e-04 1.567923e-03 1.814744e-03 2.212036e-03 2.059779e-03 2.119342e-03 1.788811e-03 1.420925e-03 8.961778e-04 9.944619e-04 7.830145e-04 8.976398e-04 8.168280e-04 7.897422e-04 9.805062e-04 9.655843e-04 1.348074e-03 1.281431e-03 1.441764e-03 1.832704e-03 1.868806e-03 2.370592e-03 3.019619e-03 2.564962e-03 2.977646e-03 2.935958e-03 2.528223e-03 3.181908e-03 2.655088e-03 2.483709e-03 2.958260e-03 3.043409e-03 3.748364e-03 4.322758e-03 4.326927e-03 4.023260e-03 4.591230e-03 5.091054e-03 4.970176e-03 6.209713e-03 6.721747e-03 6.381347e-03 7.782418e-03 9.123180e-03 1.020495e-02 1.353453e-02 1.706825e-02 1.948446e-02 2.142735e-02 2.176330e-02 2.203036e-02 2.182667e-02 1.830994e-02 1.528319e-02 1.372842e-02 1.131584e-02 9.099194e-03 8.031795e-03 7.390831e-03 6.851838e-03 6.677431e-03 6.433828e-03 5.734481e-03 5.144120e-03 4.847408e-03 4.586344e-03 4.253548e-03 3.967913e-03 3.908835e-03 3.608150e-03 2.892210e-03 2.105092e-03 1.634352e-03 1.343371e-03 1.166251e-03 1.187197e-03 1.467397e-03 1.809207e-03 2.117444e-03 2.196804e-03 2.022628e-03 1.659662e-03 1.212967e-03 8.449251e-04 6.167190e-04 4.659155e-04 3.708561e-04 3.089087e-04 2.469748e-04 1.960847e-04 1.435468e-04 8.864655e-05 4.997243e-05 2.843560e-05 2.160430e-05 2.021475e-05 1.922266e-05 1.644714e-05 1.039880e-05 5.368304e-06 3.089606e-06 2.753856e-06 4.170386e-06 6.786660e-06 7.616354e-06 4.465305e-06 1.679707e-06 5.500927e-07 1.466605e-07 4.107003e-08 1.946860e-08 9.328934e-09 2.626882e-09 5.410570e-10 1.238283e-10 2.059489e-11 2.429877e-12 2.809256e-13 7.372906e-14 6.591822e-14 8.597183e-14 2.739355e-14 9.874805e-16 2.833018e-18 3.426745e-21 9.397474e-24 1.787041e-26 9.457463e-30 3.438547e-33 3.746834e-37 6.247969e-41 4.484155e-44 4.203895e-45 2.408832e-42 2.379424e-38 6.076129e-38 4.769148e-37 1.241926e-34 2.360133e-29 4.240879e-23 1.925920e-19 5.189893e-18 5.340921e-16 6.372783e-15 3.523654e-13 4.838374e-10 3.272139e-08 2.409136e-07 4.939906e-07 3.079273e-06 2.461100e-06 7.868782e-08 3.557353e-10 3.585871e-14 5.126302e-18 4.411760e-23 2.593920e-29 1.711910e-37 0.000000e+00 0.000000e+00 0.000000e+00 0.000000e+00
0.000000e+00 0.000000e+00 1.320023e-42 9.477597e-29 1.911088e-19 2.558380e-16 8.103568e-11 2.000700e-06 1.847622e-08 1.335203e-07 2.830725e-06 5.499370e-06 3.977585e-06 8.992974e-06 9.963521e-05 1.651158e-04 9.185945e-05 3.598218e-05 3.111965e-04 3.701618e-04 2.508982e-04 3.176566e-04 3.674932e-04 4.396259e-04 7.384308e-04 1.022912e-03 1.574203e-03 1.360871e-03 1.655908e-03 1.325032e-03 1.519833e-03 1.282889e-03 8.361526e-04 1.072574e-03 7.463660e-04 1.075669e-03 9.137526e-04 9.902351e-04 1.234131e-03 1.105059e-03 1.788084e-03 1.628890e-03 1.863367e-03 2.553702e-03 2.131655e-03 2.939665e-03 3.377650e-03 3.030745e-03 3.873410e-03 3.278710e-03 3.382433e-03 3.818768e-03 3.581269e-03 4.200310e-03 4.148894e-03 4.575208e-03 5.537896e-03 5.863186e-03 7.002162e-03 6.696546e-03 6.568136e-03 7.665478e-03 7.470910e-03 7.530452e-03 8.199403e-03 8.190668e-03 8.152290e-03 8.365113e-03 9.203198e-03 1.077763e-02 1.205932e-02 1.444645e-02 1.651497e-02 1.582397e-02 1.533700e-02 1.585520e-02 1.469706e-02 1.271027e-02 1.157951e-02 1.044314e-02 9.037525e-03 7.827319e-03 6.629160e-03 5.936278e-03 6.062376e-03 6.209723e-03 5.713506e-03 5.131154e-03 4.978929e-03 5.314180e-03 5.356995e-03 4.809421e-03 4.187400e-03 3.742268e-03 3.200598e-03 2.570775e-03 2.111568e-03 2.029814e-03 2.186317e-03 2.520691e-03 2.690681e-03 2.638041e-03 2.370450e-03 2.055128e-03 1.761035e-03 1.395402e-03 9.730374e-04 6.555466e-04 4.366464e-04 3.110981e-04 2.243134e-04 1.549311e-04 1.091499e-04 8.151606e-05 6.504547e-05 5.673415e-05 4.676507e-05 3.379683e-05 2.011716e-05 1.033130e-05 5.240426e-06 3.344046e-06 3.212834e-06 3.937659e-06 5.035336e-06 4.377272e-06 2.269305e-06 1.049327e-06 5.658941e-07 3.588785e-07 2.256785e-07 1.191511e-07 5.237541e-08 2.396893e-08 1.329833e-08 6.404133e-09 1.530314e-09 2.122129e-10 1.767676e-11 9.203959e-13 2.135766e-14 4.131957e-16 2.077780e-17 4.771379e-18 3.818714e-18 3.423285e-18 7.894940e-19 6.137134e-20 1.576053e-21 4.562019e-24 1.897508e-27 4.517559e-31 2.692506e-35 3.102804e-39 2.840432e-42 5.268882e-43 2.738600e-40 1.798333e-38 8.974784e-39 4.597886e-38 2.476062e-35 7.899840e-30 1.432867e-24 9.044524e-23 1.230042e-21 3.959798e-20 1.436163e-18 5.274871e-15 6.564836e-12 7.199317e-10 5.525393e-09 1.417247e-07 2.181471e-06 5.594914e-06 4.811598e-07 6.300414e-10 2.474553e-13 5.242627e-18 1.275130e-22 2.530719e-29 2.347112e-38 0.000000e+00 0.000000e+00 0.000000e+00 0.000000e+00
0.000000e+00 2.070893e-37 4.080354e-35 6.694125e-25 5.605344e-21 3.980103e-16 4.365820e-12 1.551422e-08 7.145677e-08 7.907244e-07 2.949670e-07 1.308047e-06 9.637212e-06 2.563424e-05 3.073136e-04 1.487387e-04 4.735019e-05 1.766642e-04 3.751207e-04 2.219070e-04 2.388065e-04 6.856332e-04 6.403918e-04 6.530827e-04 6.996281e-04 9.445696e-04 1.060777e-03 1.338377e-03 9.986309e-04 1.300178e-03 8.065237e-04 1.139734e-03 9.848970e-04 8.429259e-04 1.052471e-03 7.502663e-04 1.264225e-03 9.856439e-04 1.262369e-03 1.398413e-03 1.219915e-03 2.074818e-03 1.706715e-03 2.244202e-03 2.714570e-03 2.230268e-03 3.277487e-03 3.141845e-03 3.607002e-03 4.723608e-03 3.919195e-03 5.241573e-03 5.461886e-03 5.623493e-03 7.959667e-03 7.985301e-03 8.485376e-03 1.025640e-02 1.073025e-02 1.059750e-02 1.117172e-02 1.076345e-02 9.118227e-03 9.723845e-03 1.105655e-02 9.375514e-03 9.267771e-03 1.055564e-02 8.919855e-03 7.290379e-03 8.082642e-03 8.185709e-03 7.804438e-03 8.816310e-03 9.599963e-03 9.646376e-03 9.667809e-03 9.689970e-03 9.851250e-03 1.009125e-02 8.869570e-03 7.230255e-03 6.516600e-03 5.683111e-03 4.644420e-03 4.309266e-03 4.784808e-03 5.636546e-03 5.862969e-03 5.581808e-03 5.432153e-03 5.479018e-03 5.258088e-03 4.659323e-03 4.151435e-03 3.908236e-03 3.797253e-03 3.919043e-03 3.885818e-03 3.671529e-03 3.389730e-03 2.961219e-03 2.423661e-03 1.956455e-03 1.681901e-03 1.380654e-03 9.733519e-04 6.145630e-04 3.369878e-04 2.069575e-04 1.595794e-04 1.413634e-04 1.212266e-04 8.321036e-05 4.794650e-05 2.940769e-05 2.180127e-05 1.753768e-05 1.358720e-05 1.000100e-05 6.626567e-06 4.601758e-06 3.872952e-06 4.048317e-06 4.925004e-06 4.864070e-06 3.239772e-06 1.809678e-06 9.829415e-07 4.108769e-07 1.233600e-07 3.409689e-08 8.127116e-09 1.668115e-09 4.542839e-10 2.088682e-10 9.917914e-11 3.365764e-11 7.772309e-12 1.278064e-12 6.564073e-14 7.150837e-16 3.335603e-18 2.217785e-20 4.957678e-22 3.968107e-23 7.024536e-24 8.085495e-25 4.571478e-26 4.156583e-28 1.173109e-30 1.014718e-33 4.369113e-37 2.809547e-40 1.284991e-42 3.047824e-42 5.185043e-40 6.462676e-40 6.975383e-41 5.572824e-41 4.732031e-38 1.057996e-32 7.881745e-29 4.743675e-28 3.253923e-27 3.341405e-26 5.077187e-23 5.296395e-19 9.747255e-16 3.715314e-14 1.172599e-12 2.775636e-10 1.408716e-08 2.040128e-07 2.806626e-08 2.430033e-10 1.034725e-13 1.680434e-17 3.544478e-22 4.308795e-29 1.522512e-37 0.000000e+00 0.000000e+00 0.000000e+00 0.000000e+00
5.522043e-34 1.178170e-25 6.261706e-28 8.298466e-23 4.708539e-22 7.876131e-17 6.566437e-11 4.923101e-08 3.909888e-10 9.492343e-08 3.471831e-07 1.263487e-07 9.340910e-07 1.479492e-04 9.931304e-04 3.563285e-05 2.540659e-05 1.346024e-04 3.580941e-04 2.233137e-04 2.479237e-04 4.733760e-04 6.197719e-04 1.038027e-03 1.188582e-03 1.369048e-03 1.151439e-03 1.186134e-03 1.493444e-03 1.004905e-03 1.297561e-03 7.154496e-04 1.030416e-03 8.071612e-04 9.055432e-04 1.005831e-03 8.327007e-04 1.394937e-03 1.033818e-03 1.506601e-03 1.431071e-03 1.374955e-03 2.134677e-03 1.735747e-03 2.493958e-03 2.734659e-03 2.578269e-03 3.656717e-03 3.413046e-03 4.829166e-03 6.540183e-03 6.457187e-03 8.942447e-03 9.664409e-03 1.087516e-02 1.324457e-02 1.479106e-02 1.497911e-02 1.448014e-02 1.752532e-02 1.548302e-02 1.421675e-02 1.674664e-02 1.324780e-02 1.113761e-02 1.487146e-02 1.313054e-02 1.053305e-02 1.173783e-02 1.000891e-02 7.122009e-03 6.332602e-03 5.763631e-03 5.174065e-03 5.697044e-03 5.590254e-03 5.501537e-03 6.343810e-03 6.490475e-03 6.139182e-03 6.361784e-03 6.494683e-03 5.579430e-03 4.548295e-03 4.089002e-03 4.026067e-03 4.032569e-03 4.276667e-03 4.778290e-03 5.321098e-03 5.525315e-03 5.495790e-03 5.569791e-03 5.591033e-03 5.571304e-03 5.761182e-03 6.205196e-03 6.353960e-03 5.641080e-03 4.397957e-03 3.529860e-03 3.130819e-03 2.901899e-03 2.316489e-03 1.674875e-03 1.135401e-03 8.057119e-04 5.656041e-04 3.632930e-04 2.296368e-04 1.416908e-04 8.780709e-05 5.958628e-05 4.389308e-05 3.072412e-05 2.240989e-05 1.793295e-05 1.341944e-05 9.085066e-06 6.090955e-06 4.337460e-06 3.977238e-06 4.767917e-06 4.984771e-06 3.527506e-06 1.633472e-06 6.173854e-07 2.734559e-07 1.520852e-07 9.759083e-08 6.919020e-08 5.643024e-08 4.027891e-08 1.115731e-08 1.633075e-09 2.637336e-10 4.306029e-11 4.885487e-12 3.454743e-13 2.537501e-14 1.681925e-15 4.474913e-17 3.621065e-19 1.266116e-21 4.175935e-24 3.230375e-26 3.770441e-28 3.109412e-30 3.254399e-32 1.141674e-34 1.182676e-37 9.062618e-41 1.807675e-43 1.401298e-45 0.000000e+00 3.363116e-44 1.427643e-41 1.434930e-42 7.006492e-45 1.401298e-45 6.628142e-43 4.366694e-38 9.020309e-35 5.175612e-34 3.242563e-33 9.740271e-31 1.532408e-26 3.962435e-22 1.067179e-19 2.310870e-19 4.120361e-17 3.263136e-15 2.696738e-12 5.183831e-11 3.038302e-11 7.447416e-13 2.789311e-15 1.575534e-18 4.301186e-23 5.305486e-29 2.548799e-38 0.000000e+00 0.000000e+00 0.000000e+00 0.000000e+00
