1.401298e-45 1.401298e-45 1.401298e-45 1.401298e-45 1.401298e-45 5.057847e-41 1.100272e-30 1.569985e-20 5.623975e-16 5.974845e-11 1.117699e-07 1.321704e-06 2.823367e-07 2.236596e-04 2.205546e-04 7.579592e-07 3.590457e-07 2.941863e-07 2.243972e-07 4.829078e-07 5.348335e-07 7.207815e-07 2.525225e-07 3.951413e-06 2.456430e-06 8.401872e-06 7.096654e-06 3.175888e-05 1.716520e-05 1.555001e-05 1.200108e-05 3.754207e-05 7.649288e-05 8.782743e-05 1.579445e-04 1.529627e-04 3.018090e-04 3.529457e-04 2.653735e-04 7.125167e-04 3.280973e-04 5.559274e-04 5.051989e-04 3.398477e-04 6.885652e-04 3.772496e-04 5.398850e-04 9.289919e-04 3.907478e-04 7.137828e-04 6.940878e-04 2.677787e-04 8.345849e-04 2.687337e-04 1.997048e-04 5.481237e-04 1.293396e-04 3.800722e-04 3.515784e-04 1.771098e-04 5.885663e-04 2.561817e-04 3.152700e-04 4.793419e-04 2.027697e-04 3.271495e-04 3.607331e-04 1.774273e-04 2.870944e-04 3.100620e-04 1.958431e-04 3.944316e-04 6.033074e-04 4.415864e-04 7.913361e-04 1.351530e-03 1.042731e-03 1.245824e-03 1.791314e-03 1.297418e-03 1.022806e-03 1.419289e-03 1.194567e-03 6.569149e-04 7.774689e-04 1.148771e-03 7.630528e-04 4.108715e-04 4.434003e-04 4.981664e-04 2.307292e-04 1.138759e-04 1.455549e-04 1.853510e-04 1.307729e-04 9.215117e-05 8.497429e-05 7.280525e-05 5.399182e-05 3.718001e-05 2.858889e-05 2.732908e-05 2.652748e-05 1.873201e-05 1.115040e-05 8.990502e-06 1.155870e-05 1.677095e-05 1.663816e-05 1.213190e-05 8.702812e-06 6.751417e-06 6.373569e-06 6.502050e-06 4.747119e-06 1.915029e-06 7.645102e-07 5.113655e-07 5.548487e-07 9.194698e-07 1.727886e-06 1.828889e-06 7.695992e-07 1.275761e-07 1.210890e-08 6.147854e-10 1.523687e-11 3.177717e-13 1.528180e-14 4.909626e-15 1.612513e-14 7.685597e-14 2.113274e-14 6.062737e-17 2.086640e-21 3.297479e-27 2.335653e-33 9.489537e-40 0.000000e+00 0.000000e+00 0.000000e+00 0.000000e+00 0.000000e+00 0.000000e+00 0.000000e+00 0.000000e+00 0.000000e+00 0.000000e+00 0.000000e+00 0.000000e+00 0.000000e+00 0.000000e+00 0.000000e+00 5.940104e-42 3.682938e-37 4.546453e-34 1.234485e-31 6.361351e-29 1.898321e-27 5.307677e-25 1.130473e-22 5.394084e-22 1.806234e-22 2.599290e-25 1.162270e-29 3.784597e-35 3.601337e-43 0.000000e+00 0.000000e+00 0.000000e+00 0.000000e+00 0.000000e+00 0.000000e+00 0.000000e+00 0.000000e+00 0.000000e+00 0.000000e+00 0.000000e+00 0.000000e+00 0.000000e+00 0.000000e+00 0.000000e+00 0.000000e+00 0.000000e+00 0.000000e+00
1.401298e-45 1.401298e-45 0.000000e+00 1.401298e-45 1.401298e-45 8.453151e-40 2.197405e-26 5.822683e-22 1.365164e-17 6.266150e-12 2.274536e-09 3.304461e-08 4.400845e-08 5.494426e-06 7.209615e-06 3.280244e-06 1.363725e-06 1.090688e-06 1.856452e-06 2.527652e-06 1.076456e-06 1.948079e-06 5.706912e-06 3.314834e-06 5.170782e-06 3.328911e-06 3.182840e-05 1.869465e-05 5.931017e-05 1.858643e-05 7.631765e-05 9.715740e-05 1.118256e-04 1.074568e-04 1.293876e-04 4.452815e-04 6.383686e-04 5.587651e-04 5.254597e-04 4.577920e-04 5.852443e-04 4.434123e-04 4.283334e-04 4.204663e-04 2.971519e-04 3.815984e-04 4.131402e-04 3.251397e-04 3.982817e-04 4.332569e-04 2.498957e-04 4.383422e-04 2.882481e-04 1.618133e-04 5.061044e-04 1.668854e-04 3.015545e-04 5.314589e-04 1.635738e-04 6.262847e-04 4.168147e-04 3.144657e-04 7.334750e-04 3.052556e-04 3.153664e-04 3.775579e-04 1.846382e-04 2.354417e-04 2.678495e-04 1.971654e-04 3.400765e-04 4.869048e-04 3.505661e-04 5.108966e-04 7.535413e-04 5.731384e-04 6.894508e-04 1.033319e-03 7.028044e-04 5.671933e-04 7.618053e-04 5.964826e-04 3.881542e-04 5.202044e-04 6.971218e-04 3.766973e-04 2.145145e-04 2.955158e-04 3.430934e-04 1.125012e-04 4.731012e-05 6.523816e-05 7.502906e-05 4.243175e-05 3.580427e-05 5.927430e-05 6.515577e-05 4.188365e-05 3.204191e-05 3.010706e-05 3.062412e-05 3.034058e-05 2.387248e-05 1.644351e-05 1.352347e-05 1.405568e-05 1.388349e-05 1.142660e-05 9.034216e-06 8.270645e-06 9.560170e-06 1.128194e-05 1.203944e-05 9.420836e-06 5.403485e-06 2.737434e-06 1.787219e-06 1.591264e-06 1.423246e-06 9.615554e-07 7.325976e-07 5.516323e-07 1.978545e-07 2.436589e-08 1.410994e-09 5.816815e-11 1.929844e-12 1.619967e-13 1.478301e-13 9.222135e-13 4.113303e-12 1.031933e-12 4.604616e-15 4.715060e-19 7.487423e-24 5.919808e-29 4.986936e-34 3.483634e-39 4.203895e-45 0.000000e+00 0.000000e+00 0.000000e+00 0.000000e+00 0.000000e+00 0.000000e+00 0.000000e+00 0.000000e+00 0.000000e+00 0.000000e+00 0.000000e+00 0.000000e+00 0.000000e+00 0.000000e+00 4.203895e-45 3.617452e-41 1.065640e-37 3.012673e-35 3.543823e-33 2.069568e-30 4.731527e-28 1.631873e-25 9.487108e-25 3.890663e-26 3.572098e-29 2.907749e-35 2.381226e-41 0.000000e+00 0.000000e+00 0.000000e+00 0.000000e+00 0.000000e+00 0.000000e+00 0.000000e+00 0.000000e+00 0.000000e+00 0.000000e+00 0.000000e+00 0.000000e+00 0.000000e+00 0.000000e+00 0.000000e+00 0.000000e+00 0.000000e+00 0.000000e+00 0.000000e+00
1.401298e-45 0.000000e+00 0.000000e+00 1.401298e-45 1.401298e-45 2.372092e-38 2.042696e-32 2.831318e-25 8.845095e-19 7.894941e-15 5.154303e-13 1.046849e-09 3.345298e-08 5.285779e-06 1.633555e-06 2.431187e-06 9.779199e-06 2.608542e-05 3.583141e-06 5.270255e-06 1.711019e-06 1.129457e-05 6.822143e-06 3.770284e-06 3.324619e-06 1.016501e-05 8.038965e-06 5.144543e-05 1.021843e-04 1.174071e-04 1.175465e-04 1.471187e-04 6.973477e-05 1.223432e-04 2.882001e-04 5.578575e-04 1.117308e-03 3.970750e-04 4.776359e-04 6.062842e-04 3.864474e-04 5.758180e-04 3.226501e-04 2.768351e-04 3.600344e-04 2.033291e-04 3.348364e-04 2.633122e-04 2.830548e-04 2.956642e-04 2.294257e-04 3.136037e-04 2.061357e-04 4.057162e-04 2.798244e-04 3.234255e-04 6.607426e-04 2.366678e-04 5.970763e-04 5.473481e-04 3.126645e-04 7.722724e-04 3.985666e-04 3.013815e-04 4.409131e-04 2.478306e-04 2.439056e-04 3.074683e-04 2.423160e-04 3.327797e-04 4.240422e-04 3.241736e-04 3.850038e-04 4.590543e-04 3.077579e-04 2.947073e-04 3.942838e-04 2.727563e-04 2.087002e-04 2.882561e-04 2.715808e-04 2.074939e-04 2.917144e-04 3.855697e-04 1.946710e-04 1.127287e-04 1.840594e-04 1.825627e-04 4.579454e-05 2.508247e-05 4.740108e-05 5.189727e-05 2.288225e-05 1.685837e-05 3.244825e-05 4.535473e-05 3.083306e-05 2.797153e-05 3.698466e-05 4.005249e-05 3.407635e-05 2.615406e-05 1.883660e-05 1.598867e-05 1.687845e-05 1.687818e-05 1.262285e-05 8.180349e-06 7.097953e-06 9.380537e-06 1.468056e-05 1.777053e-05 1.483875e-05 1.042450e-05 7.060539e-06 4.626910e-06 3.265722e-06 2.169530e-06 1.190653e-06 6.574586e-07 3.894193e-07 2.056723e-07 5.088434e-08 5.024463e-09 2.370721e-10 1.608851e-11 4.421563e-12 6.528974e-12 3.322902e-11 8.713395e-11 1.113313e-11 2.952828e-14 1.112750e-17 3.213904e-21 1.135761e-24 6.179724e-28 1.784764e-31 1.565741e-35 7.556922e-41 0.000000e+00 0.000000e+00 0.000000e+00 0.000000e+00 0.000000e+00 0.000000e+00 0.000000e+00 0.000000e+00 0.000000e+00 0.000000e+00 0.000000e+00 0.000000e+00 0.000000e+00 0.000000e+00 0.000000e+00 4.301986e-43 5.314566e-39 7.555574e-35 2.654075e-32 1.205906e-29 4.949409e-27 2.041986e-26 1.368613e-26 8.572176e-29 2.448414e-33 3.079749e-39 0.000000e+00 0.000000e+00 0.000000e+00 0.000000e+00 0.000000e+00 0.000000e+00 0.000000e+00 0.000000e+00 0.000000e+00 0.000000e+00 0.000000e+00 0.000000e+00 0.000000e+00 0.000000e+00 0.000000e+00 0.000000e+00 0.000000e+00 0.000000e+00 0.000000e+00 0.000000e+00
0.000000e+00 0.000000e+00 0.000000e+00 1.401298e-45 1.401298e-45 1.401298e-45 1.400472e-40 5.621847e-30 1.108976e-22 1.162646e-17 6.387093e-14 4.501211e-11 1.219993e-10 1.749523e-07 9.834470e-06 1.072852e-05 4.550206e-05 4.368832e-05 2.667957e-06 2.195615e-06 1.959294e-06 4.109007e-06 5.580750e-06 2.169023e-06 2.873778e-05 5.800556e-06 1.962985e-05 1.084777e-04 3.888197e-04 7.308085e-05 1.214739e-04 6.587188e-05 8.249370e-05 2.358155e-04 1.632000e-04 9.383833e-04 4.945053e-04 4.496267e-04 5.624079e-04 3.742638e-04 6.149376e-04 3.475295e-04 2.727110e-04 3.716645e-04 1.626668e-04 3.389260e-04 2.794951e-04 2.555377e-04 4.315541e-04 2.274182e-04 3.203879e-04 3.078845e-04 2.895230e-04 3.380094e-04 3.301162e-04 4.393898e-04 3.156939e-04 4.246256e-04 4.744639e-04 3.229676e-04 5.579709e-04 3.912177e-04 2.897865e-04 4.537035e-04 3.125743e-04 2.593828e-04 3.436895e-04 2.520160e-04 2.281749e-04 2.667544e-04 2.084327e-04 2.015302e-04 2.368421e-04 1.726831e-04 1.409889e-04 1.731482e-04 1.245172e-04 7.612147e-05 1.029591e-04 1.294398e-04 8.653475e-05 1.106033e-04 1.799673e-04 9.324424e-05 5.868099e-05 1.253045e-04 1.194989e-04 2.894702e-05 2.184589e-05 4.468484e-05 4.432589e-05 1.906846e-05 1.680711e-05 3.756172e-05 4.471047e-05 2.543550e-05 2.104736e-05 3.431922e-05 4.440119e-05 3.426577e-05 2.586955e-05 2.132119e-05 1.805236e-05 1.787859e-05 1.769386e-05 1.411463e-05 1.195733e-05 1.391818e-05 1.648225e-05 1.450361e-05 1.242111e-05 1.437018e-05 1.843916e-05 1.719130e-05 1.052652e-05 5.461135e-06 3.568264e-06 2.841394e-06 1.801117e-06 8.705287e-07 3.323615e-07 8.675153e-08 1.405945e-08 2.049290e-09 4.701859e-10 2.874067e-10 6.278824e-10 1.976236e-09 1.518901e-09 1.237605e-10 1.294790e-12 3.521149e-15 7.869859e-18 5.978289e-20 8.345004e-22 9.213615e-24 3.041430e-26 9.281592e-30 6.109868e-35 3.932043e-42 0.000000e+00 0.000000e+00 0.000000e+00 0.000000e+00 0.000000e+00 0.000000e+00 0.000000e+00 0.000000e+00 0.000000e+00 0.000000e+00 0.000000e+00 0.000000e+00 0.000000e+00 0.000000e+00 5.961684e-41 7.924612e-36 1.502381e-32 2.141244e-30 1.280967e-29 1.531178e-28 2.586360e-28 9.828810e-30 1.349608e-31 5.999550e-36 1.223053e-41 0.000000e+00 0.000000e+00 0.000000e+00 0.000000e+00 0.000000e+00 0.000000e+00 0.000000e+00 0.000000e+00 0.000000e+00 0.000000e+00 0.000000e+00 0.000000e+00 0.000000e+00 0.000000e+00 0.000000e+00 0.000000e+00 0.000000e+00 0.000000e+00 0.000000e+00 0.000000e+00
0.000000e+00 0.000000e+00 0.000000e+00 0.000000e+00 1.401298e-45 1.401298e-45 1.401298e-45 1.339762e-37 3.662505e-27 2.599225e-20 3.101304e-17 2.083629e-14 2.412449e-11 1.219219e-06 1.259667e-05 2.112448e-05 1.819586e-05 4.991972e-06 3.088105e-06 4.982673e-06 4.830744e-07 2.219228e-05 1.745454e-06 2.427962e-05 4.430874e-05 2.300814e-05 2.837641e-05 2.891153e-04 1.197949e-04 3.499271e-05 5.868770e-05 6.431225e-05 1.458295e-04 1.062639e-04 2.148901e-04 4.089560e-04 4.497567e-04 5.651928e-04 3.753359e-04 6.060406e-04 4.254686e-04 2.818035e-04 3.826419e-04 1.799752e-04 3.432313e-04 3.640077e-04 2.634385e-04 5.596206e-04 2.677309e-04 3.438451e-04 3.982607e-04 2.289907e-04 3.566655e-04 2.733082e-04 2.471005e-04 2.780095e-04 2.226454e-04 2.706328e-04 2.446117e-04 2.962682e-04 2.997673e-04 2.573344e-04 3.833829e-04 3.259367e-04 2.392271e-04 2.758873e-04 1.782800e-04 1.126176e-04 1.225801e-04 9.445380e-05 7.544533e-05 9.606213e-05 8.402889e-05 6.517919e-05 8.712667e-05 7.965745e-05 4.916205e-05 6.524129e-05 8.433483e-05 4.194977e-05 4.078050e-05 8.724297e-05 4.449458e-05 2.501049e-05 7.098595e-05 7.443249e-05 2.451577e-05 3.086991e-05 7.429618e-05 6.300231e-05 2.558510e-05 2.485107e-05 5.259145e-05 5.422868e-05 2.850655e-05 2.306186e-05 3.262649e-05 3.660518e-05 2.599482e-05 2.260068e-05 2.367078e-05 2.155462e-05 1.962898e-05 2.008366e-05 1.857744e-05 1.807436e-05 2.276326e-05 2.601850e-05 2.002310e-05 1.340725e-05 1.216701e-05 1.475862e-05 1.774015e-05 1.341914e-05 8.639127e-06 6.887772e-06 6.544763e-06 4.656985e-06 2.255127e-06 9.337883e-07 3.816523e-07 1.179421e-07 2.747777e-08 1.069577e-08 1.423766e-08 3.883162e-08 5.176966e-08 2.021434e-08 2.537113e-09 1.279642e-10 3.341287e-12 6.259381e-14 1.236342e-15 5.987747e-17 6.450168e-18 3.628103e-19 2.726902e-21 6.934743e-25 2.478624e-30 7.961198e-38 0.000000e+00 0.000000e+00 0.000000e+00 0.000000e+00 0.000000e+00 0.000000e+00 0.000000e+00 0.000000e+00 0.000000e+00 0.000000e+00 0.000000e+00 0.000000e+00 0.000000e+00 0.000000e+00 2.550924e-41 4.326546e-36 2.131885e-33 6.468191e-32 4.922354e-31 1.372639e-30 1.549148e-29 4.482037e-30 1.428759e-31 1.759018e-34 1.879220e-39 2.802597e-45 0.000000e+00 0.000000e+00 0.000000e+00 0.000000e+00 0.000000e+00 0.000000e+00 0.000000e+00 0.000000e+00 0.000000e+00 0.000000e+00 0.000000e+00 0.000000e+00 0.000000e+00 0.000000e+00 0.000000e+00 0.000000e+00 0.000000e+00 0.000000e+00 0.000000e+00
0.000000e+00 0.000000e+00 0.000000e+00 0.000000e+00 0.000000e+00 0.000000e+00 1.401298e-45 1.401298e-45 8.276444e-36 5.985616e-25 3.416671e-20 5.044634e-16 2.444121e-12 2.214550e-07 4.643855e-07 2.385261e-06 8.302366e-06 7.522254e-06 2.329477e-05 2.987460e-06 1.322499e-06 4.994622e-05 1.019544e-05 3.086554e-05 2.237325e-04 1.644436e-05 3.151579e-05 5.616753e-05 2.946009e-05 3.347813e-05 5.954738e-05 1.105394e-04 8.384301e-05 1.454557e-04 1.440019e-04 3.492385e-04 6.396453e-04 3.773765e-04 4.873990e-04 3.797285e-04 2.553269e-04 3.404277e-04 2.071569e-04 3.500973e-04 3.734308e-04 2.452878e-04 4.546031e-04 2.504011e-04 3.226906e-04 3.652736e-04 1.764884e-04 2.757898e-04 1.892312e-04 1.410125e-04 2.027527e-04 1.310443e-04 1.554362e-04 1.727226e-04 1.532072e-04 1.991883e-04 1.780718e-04 2.164988e-04 2.272492e-04 1.449012e-04 1.395591e-04 9.261057e-05 4.923683e-05 5.069512e-05 4.090793e-05 2.879003e-05 3.913421e-05 4.068611e-05 3.250222e-05 5.099607e-05 5.880881e-05 3.798310e-05 5.198233e-05 7.048467e-05 2.806536e-05 2.447083e-05 5.995949e-05 2.729435e-05 1.196206e-05 4.107046e-05 5.763329e-05 2.276532e-05 4.010660e-05 1.110280e-04 8.236151e-05 3.652885e-05 4.505031e-05 8.344584e-05 6.378995e-05 3.016326e-05 2.542229e-05 3.909010e-05 4.333676e-05 2.627104e-05 1.743285e-05 1.977115e-05 2.496563e-05 2.758838e-05 2.909623e-05 3.164820e-05 3.327801e-05 3.532362e-05 3.311364e-05 2.332899e-05 1.752526e-05 1.803035e-05 1.903563e-05 1.213366e-05 6.188967e-06 5.262853e-06 8.058945e-06 1.158752e-05 8.741396e-06 4.461825e-06 2.769312e-06 2.052531e-06 1.189527e-06 4.652665e-07 1.893488e-07 1.372953e-07 1.719891e-07 2.005335e-07 1.200471e-07 3.133042e-08 6.398340e-09 7.329446e-10 2.650903e-11 6.977538e-13 4.520404e-14 8.435596e-15 2.101780e-15 1.442070e-16 7.978840e-19 8.327877e-23 2.068964e-28 2.127387e-35 3.054831e-43 0.000000e+00 0.000000e+00 0.000000e+00 0.000000e+00 0.000000e+00 0.000000e+00 0.000000e+00 0.000000e+00 0.000000e+00 0.000000e+00 0.000000e+00 0.000000e+00 0.000000e+00 1.398496e-42 2.468727e-36 6.592602e-33 4.756986e-31 8.455148e-30 2.055375e-28 5.984445e-27 9.947095e-26 1.161538e-26 5.980115e-29 3.449814e-33 5.532890e-39 4.203895e-45 1.401298e-45 0.000000e+00 0.000000e+00 0.000000e+00 0.000000e+00 0.000000e+00 0.000000e+00 0.000000e+00 0.000000e+00 0.000000e+00 0.000000e+00 0.000000e+00 0.000000e+00 0.000000e+00 0.000000e+00 0.000000e+00 0.000000e+00 0.000000e+00
0.000000e+00 0.000000e+00 0.000000e+00 0.000000e+00 0.000000e+00 0.000000e+00 0.000000e+00 1.401298e-45 6.099712e-41 2.560904e-29 1.252908e-21 7.618808e-18 3.321193e-16 3.316383e-10 7.829175e-08 1.328562e-05 2.158862e-05 2.308579e-05 1.354775e-05 1.213258e-05 1.976770e-06 3.798598e-05 2.177632e-06 6.389252e-05 4.234650e-05 5.239222e-06 7.111801e-06 2.127727e-05 4.241549e-05 5.467662e-05 9.032732e-05 5.937016e-05 8.814727e-05 1.073358e-04 1.290889e-04 4.296253e-04 3.854120e-04 3.375935e-04 2.167931e-04 1.990944e-04 2.438095e-04 2.219383e-04 2.981746e-04 2.510254e-04 1.789956e-04 2.359718e-04 1.873523e-04 2.337416e-04 2.307249e-04 1.288254e-04 1.572283e-04 1.126017e-04 8.537823e-05 1.249064e-04 8.749632e-05 1.025667e-04 1.266856e-04 9.991044e-05 1.327731e-04 1.094681e-04 9.151651e-05 9.771086e-05 5.679615e-05 4.907763e-05 4.376328e-05 2.683418e-05 2.792472e-05 2.540476e-05 1.737529e-05 2.316793e-05 2.688953e-05 2.207022e-05 3.527945e-05 4.404048e-05 2.883347e-05 4.103886e-05 5.785155e-05 2.195162e-05 2.155597e-05 6.102831e-05 2.557479e-05 1.037096e-05 3.893855e-05 6.351009e-05 2.690006e-05 4.664077e-05 1.316322e-04 8.070942e-05 3.599796e-05 5.846202e-05 1.074088e-04 7.353470e-05 4.008969e-05 3.861487e-05 5.660870e-05 5.340300e-05 2.781815e-05 2.017809e-05 2.500088e-05 3.020560e-05 3.159659e-05 3.745815e-05 4.979565e-05 5.504479e-05 4.622737e-05 3.659374e-05 2.881973e-05 2.385644e-05 2.326957e-05 2.044251e-05 1.198221e-05 5.831244e-06 4.458875e-06 6.116220e-06 8.737861e-06 8.800580e-06 7.171661e-06 6.421798e-06 6.671788e-06 5.617699e-06 2.921797e-06 1.338073e-06 9.119638e-07 8.716652e-07 6.474756e-07 3.047455e-07 1.569770e-07 6.444997e-08 8.905584e-09 4.704168e-10 1.705303e-11 1.199020e-12 4.409960e-13 2.556449e-13 3.498417e-14 3.490386e-16 3.729828e-19 2.649954e-23 1.278987e-28 1.566675e-34 2.804979e-41 0.000000e+00 0.000000e+00 0.000000e+00 0.000000e+00 0.000000e+00 0.000000e+00 0.000000e+00 0.000000e+00 0.000000e+00 0.000000e+00 0.000000e+00 0.000000e+00 0.000000e+00 8.407791e-45 9.869084e-37 1.721970e-32 6.011109e-30 4.039546e-28 4.975117e-26 9.883970e-24 9.883819e-22 9.181815e-22 1.404793e-23 4.676252e-27 1.146891e-31 1.960674e-36 3.533514e-41 0.000000e+00 0.000000e+00 0.000000e+00 0.000000e+00 0.000000e+00 0.000000e+00 0.000000e+00 0.000000e+00 0.000000e+00 0.000000e+00 0.000000e+00 0.000000e+00 0.000000e+00 0.000000e+00 0.000000e+00 0.000000e+00 0.000000e+00
0.000000e+00 0.000000e+00 0.000000e+00 0.000000e+00 0.000000e+00 0.000000e+00 0.000000e+00 1.401298e-45 8.407791e-45 9.307458e-31 1.075685e-23 1.725941e-20 5.806877e-18 3.850631e-10 6.098613e-07 8.637150e-06 2.445223e-06 7.363788e-06 3.623513e-05 7.733247e-06 1.975352e-06 2.012176e-05 4.914162e-06 2.788182e-05 8.405928e-06 1.609031e-06 1.300281e-05 6.601977e-05 6.967164e-05 5.876609e-05 4.858054e-05 5.060174e-05 6.741924e-05 9.587178e-05 9.787526e-05 2.067182e-04 2.291512e-04 1.329110e-04 1.477919e-04 1.527726e-04 1.878656e-04 1.699603e-04 1.205480e-04 9.763827e-05 9.376329e-05 1.104360e-04 1.164490e-04 1.124998e-04 8.403014e-05 7.637199e-05 7.056957e-05 5.569904e-05 7.124359e-05 6.600167e-05 7.023000e-05 9.004979e-05 7.189929e-05 7.374386e-05 6.132582e-05 3.984440e-05 4.247301e-05 2.878252e-05 2.412537e-05 2.779924e-05 2.032985e-05 2.214693e-05 2.302046e-05 1.756732e-05 2.317626e-05 2.621304e-05 1.912074e-05 2.665829e-05 3.327770e-05 2.189909e-05 3.119967e-05 4.709879e-05 2.116358e-05 2.455717e-05 6.595915e-05 2.828516e-05 1.492111e-05 6.243898e-05 1.003869e-04 4.657486e-05 5.817138e-05 1.157723e-04 6.709443e-05 3.190749e-05 6.313334e-05 1.112480e-04 6.488566e-05 4.098464e-05 5.305607e-05 8.492469e-05 7.351321e-05 3.965271e-05 3.169141e-05 4.090601e-05 4.382614e-05 3.536536e-05 3.575443e-05 4.656756e-05 5.064669e-05 4.295310e-05 3.644580e-05 3.325849e-05 3.082427e-05 2.643456e-05 2.123853e-05 1.445632e-05 9.767567e-06 8.987882e-06 1.083423e-05 9.284952e-06 5.895161e-06 5.735294e-06 1.063000e-05 1.920290e-05 1.980619e-05 1.181271e-05 6.564092e-06 4.812049e-06 4.519448e-06 3.887099e-06 1.935932e-06 5.102788e-07 9.298740e-08 1.890828e-08 3.001914e-09 3.131722e-10 6.012398e-11 2.842337e-11 2.031105e-11 4.107218e-12 5.113233e-14 5.183399e-17 2.221259e-20 8.499693e-24 6.042449e-28 6.888858e-33 4.510788e-39 0.000000e+00 0.000000e+00 0.000000e+00 0.000000e+00 0.000000e+00 0.000000e+00 0.000000e+00 0.000000e+00 0.000000e+00 0.000000e+00 0.000000e+00 0.000000e+00 0.000000e+00 0.000000e+00 5.996305e-39 2.577644e-33 2.018242e-29 1.727843e-26 1.636260e-23 1.207362e-20 1.630200e-18 1.274925e-17 5.687275e-19 1.503766e-21 2.340012e-25 1.788402e-29 6.337603e-34 2.482360e-39 5.605194e-45 0.000000e+00 0.000000e+00 0.000000e+00 0.000000e+00 0.000000e+00 0.000000e+00 0.000000e+00 0.000000e+00 0.000000e+00 0.000000e+00 0.000000e+00 0.000000e+00 0.000000e+00 0.000000e+00 0.000000e+00
0.000000e+00 0.000000e+00 0.000000e+00 0.000000e+00 0.000000e+00 0.000000e+00 0.000000e+00 0.000000e+00 3.793315e-42 6.581025e-30 3.526316e-24 4.364371e-21 6.483514e-17 3.525958e-08 5.325439e-06 2.210989e-06 2.420803e-06 6.242608e-05 5.688983e-05 8.120642e-06 1.625407e-06 3.627129e-04 2.342559e-05 1.369953e-05 7.420135e-06 6.566376e-06 3.012675e-05 6.478040e-05 4.485660e-05 4.090723e-05 5.560607e-05 4.289651e-05 6.275926e-05 4.636644e-05 5.019619e-05 1.333694e-04 1.326135e-04 1.248640e-04 8.298397e-05 1.107535e-04 8.029368e-05 5.820985e-05 5.656440e-05 4.587266e-05 6.109432e-05 5.565118e-05 5.255732e-05 5.152281e-05 3.948587e-05 4.779591e-05 4.095079e-05 4.459214e-05 5.333831e-05 4.856815e-05 5.865341e-05 5.234416e-05 3.922035e-05 3.755395e-05 2.633758e-05 2.818582e-05 2.876757e-05 2.482170e-05 3.238752e-05 2.846036e-05 2.781904e-05 3.112125e-05 2.444327e-05 2.792061e-05 2.911998e-05 1.886929e-05 2.262023e-05 2.925943e-05 1.929478e-05 2.459268e-05 4.383865e-05 2.766942e-05 3.152277e-05 7.436418e-05 4.258534e-05 3.304956e-05 1.106759e-04 1.571203e-04 8.255302e-05 8.648074e-05 1.388950e-04 8.101982e-05 3.909510e-05 6.754999e-05 1.143475e-04 6.214272e-05 3.428830e-05 5.098198e-05 8.513749e-05 6.433620e-05 4.528455e-05 5.257505e-05 7.389438e-05 7.197136e-05 4.319754e-05 3.134659e-05 3.555539e-05 3.657021e-05 2.962411e-05 2.774826e-05 3.062513e-05 3.147084e-05 2.874155e-05 2.690241e-05 2.837886e-05 2.549373e-05 2.217446e-05 2.337133e-05 2.117086e-05 1.382847e-05 1.030219e-05 1.425989e-05 3.178039e-05 5.111960e-05 4.073581e-05 2.270514e-05 1.669932e-05 1.836739e-05 1.968311e-05 1.221224e-05 3.068281e-06 4.470975e-07 6.955054e-08 1.795578e-08 9.465482e-09 5.969258e-09 3.831257e-09 2.394456e-09 5.181581e-10 1.011731e-11 2.256506e-14 3.036613e-17 7.530539e-20 2.876756e-22 3.113828e-25 1.264578e-29 5.256092e-36 1.261169e-44 0.000000e+00 0.000000e+00 0.000000e+00 0.000000e+00 0.000000e+00 0.000000e+00 0.000000e+00 0.000000e+00 0.000000e+00 0.000000e+00 0.000000e+00 0.000000e+00 0.000000e+00 1.061764e-41 1.640374e-33 4.646762e-28 8.913064e-24 1.399512e-20 6.757123e-18 2.296825e-16 9.015736e-16 1.338685e-16 2.278357e-19 5.016389e-23 2.568794e-27 1.961629e-32 1.077046e-37 1.003330e-42 0.000000e+00 0.000000e+00 0.000000e+00 0.000000e+00 0.000000e+00 0.000000e+00 0.000000e+00 0.000000e+00 0.000000e+00 0.000000e+00 0.000000e+00 0.000000e+00 0.000000e+00 0.000000e+00 0.000000e+00
0.000000e+00 0.000000e+00 0.000000e+00 0.000000e+00 0.000000e+00 0.000000e+00 0.000000e+00 1.401298e-45 1.026045e-40 8.617325e-31 9.203959e-26 2.330351e-21 3.565226e-15 3.269552e-06 1.982476e-05 7.432590e-06 3.530247e-05 2.710974e-04 1.504405e-04 3.152257e-05 6.655840e-06 9.427099e-04 4.732902e-05 1.272618e-05 1.332976e-05 1.065348e-05 2.381341e-05 5.579140e-05 5.893072e-05 8.364250e-05 5.166262e-05 3.731453e-05 2.511530e-05 2.813045e-05 4.218429e-05 1.007922e-04 1.291614e-04 5.977550e-05 5.489585e-05 4.939501e-05 3.844496e-05 4.445399e-05 3.599095e-05 4.176554e-05 3.981598e-05 3.580166e-05 3.937993e-05 3.010807e-05 3.730275e-05 3.737714e-05 3.608260e-05 4.665303e-05 3.934359e-05 4.167378e-05 4.436578e-05 3.046233e-05 3.700192e-05 3.603565e-05 3.912160e-05 5.518257e-05 4.690115e-05 5.703887e-05 5.906263e-05 4.775701e-05 5.539786e-05 4.753054e-05 3.982034e-05 3.694615e-05 2.237962e-05 2.072053e-05 3.025353e-05 2.181133e-05 2.143752e-05 5.003063e-05 4.334884e-05 4.110708e-05 9.457505e-05 9.337233e-05 8.653092e-05 1.863747e-04 2.304211e-04 1.355205e-04 1.344495e-04 2.034637e-04 1.283408e-04 6.871901e-05 1.037300e-04 1.427740e-04 6.255337e-05 3.053429e-05 5.378122e-05 8.398079e-05 4.464633e-05 3.235539e-05 5.192450e-05 8.466601e-05 8.376494e-05 5.459801e-05 4.135103e-05 4.365139e-05 3.844819e-05 2.483180e-05 1.931355e-05 2.225961e-05 2.615560e-05 2.868273e-05 3.948492e-05 4.921229e-05 4.436812e-05 4.206034e-05 5.180177e-05 5.284457e-05 3.388861e-05 2.165308e-05 2.540635e-05 4.729182e-05 6.169546e-05 4.415789e-05 2.989325e-05 2.794057e-05 4.116992e-05 6.516788e-05 5.039460e-05 1.303258e-05 1.847439e-06 3.981641e-07 1.797067e-07 1.106315e-07 6.653713e-08 5.522420e-08 5.341550e-08 1.582223e-08 6.567749e-10 3.329931e-12 1.003007e-14 1.040479e-16 4.484209e-18 1.282826e-19 3.333507e-22 2.426204e-26 1.254550e-32 2.601511e-41 0.000000e+00 0.000000e+00 0.000000e+00 0.000000e+00 0.000000e+00 0.000000e+00 0.000000e+00 0.000000e+00 0.000000e+00 0.000000e+00 0.000000e+00 0.000000e+00 0.000000e+00 1.401298e-45 7.022869e-35 1.917226e-28 9.517502e-24 1.494232e-20 1.903031e-18 2.780234e-17 6.432872e-17 1.372928e-17 9.167758e-20 1.836931e-23 2.968509e-27 9.277363e-32 1.039122e-36 1.612726e-40 2.942727e-44 0.000000e+00 0.000000e+00 0.000000e+00 0.000000e+00 0.000000e+00 0.000000e+00 0.000000e+00 0.000000e+00 0.000000e+00 0.000000e+00 0.000000e+00 0.000000e+00 0.000000e+00 0.000000e+00
0.000000e+00 0.000000e+00 0.000000e+00 0.000000e+00 1.401298e-45 1.401298e-45 1.401298e-45 1.401298e-45 3.923636e-44 2.588438e-34 1.422815e-28 1.260576e-21 3.815047e-13 5.547495e-05 1.630713e-04 6.001037e-06 2.993101e-05 1.830125e-04 5.282921e-05 1.193570e-05 3.439266e-06 6.341661e-04 1.384788e-04 1.608164e-05 1.636619e-05 1.480667e-05 5.437188e-05 1.332390e-04 1.980422e-04 8.196118e-05 4.393258e-05 2.556272e-05 2.041169e-05 4.218001e-05 4.205430e-05 8.567706e-05 7.284454e-05 4.584008e-05 4.945201e-05 4.566595e-05 5.678687e-05 5.118411e-05 4.630916e-05 5.196045e-05 4.018482e-05 4.561076e-05 3.652139e-05 3.941848e-05 5.022615e-05 4.433853e-05 5.586425e-05 4.988744e-05 4.472493e-05 5.705471e-05 4.440653e-05 6.218275e-05 8.723494e-05 8.772726e-05 1.276861e-04 1.122661e-04 1.123593e-04 1.293905e-04 9.817001e-05 1.049480e-04 9.214054e-05 6.208801e-05 5.732141e-05 3.706161e-05 3.077753e-05 4.456759e-05 2.613292e-05 1.898107e-05 5.629002e-05 6.150782e-05 6.042201e-05 1.580765e-04 2.052681e-04 1.798118e-04 2.780574e-04 3.313334e-04 2.142928e-04 2.147130e-04 3.164826e-04 2.073936e-04 1.204597e-04 1.686270e-04 1.878683e-04 7.199965e-05 4.085033e-05 7.826107e-05 8.685174e-05 3.672801e-05 2.897592e-05 5.069004e-05 6.728727e-05 4.935092e-05 3.914952e-05 4.366551e-05 5.135155e-05 4.491897e-05 2.740465e-05 1.785677e-05 1.798501e-05 2.315372e-05 2.989213e-05 3.567333e-05 4.366228e-05 5.172583e-05 7.039186e-05 9.645638e-05 9.450574e-05 6.219080e-05 4.157324e-05 4.802941e-05 7.128313e-05 6.169642e-05 2.493328e-05 1.206967e-05 2.057804e-05 7.119655e-05 1.229689e-04 6.180684e-05 1.394143e-05 3.094560e-06 9.979910e-07 5.626308e-07 3.801814e-07 1.692136e-07 5.935068e-08 2.616746e-08 1.374940e-08 1.564927e-09 3.028358e-11 4.421560e-13 1.906735e-14 3.743285e-15 1.209406e-15 7.445595e-17 1.456552e-19 5.986397e-24 4.625276e-30 2.696609e-38 0.000000e+00 0.000000e+00 0.000000e+00 0.000000e+00 0.000000e+00 0.000000e+00 0.000000e+00 0.000000e+00 0.000000e+00 0.000000e+00 0.000000e+00 0.000000e+00 0.000000e+00 0.000000e+00 8.479178e-37 3.407985e-29 1.616997e-24 4.592241e-21 5.481465e-19 4.358146e-18 1.488041e-17 3.090056e-18 7.461957e-20 1.252362e-22 4.504817e-26 1.977067e-29 5.976383e-34 1.386719e-37 2.153473e-40 9.528830e-44 0.000000e+00 0.000000e+00 0.000000e+00 0.000000e+00 0.000000e+00 0.000000e+00 0.000000e+00 0.000000e+00 0.000000e+00 0.000000e+00 0.000000e+00 0.000000e+00 0.000000e+00
0.000000e+00 0.000000e+00 0.000000e+00 1.401298e-45 1.401298e-45 1.401298e-45 1.401298e-45 1.401298e-45 7.805232e-42 7.547359e-35 1.864286e-30 9.929740e-22 3.884155e-11 6.227272e-07 4.202522e-08 9.869663e-09 2.674699e-07 6.660269e-06 2.072157e-06 2.748571e-06 1.514555e-05 2.951534e-03 3.822313e-04 2.291443e-05 1.629344e-05 4.188366e-05 1.042145e-04 2.213903e-04 2.624439e-04 8.341350e-05 5.481824e-05 3.626734e-05 4.216641e-05 4.505797e-05 4.790238e-05 8.298781e-05 7.993270e-05 8.399198e-05 7.961774e-05 9.587630e-05 9.856943e-05 7.819102e-05 9.314841e-05 7.187999e-05 7.387272e-05 7.416293e-05 6.544456e-05 1.014002e-04 8.542935e-05 9.867394e-05 1.065332e-04 8.099750e-05 1.237466e-04 1.079997e-04 1.488311e-04 2.463455e-04 2.066158e-04 2.641634e-04 2.483387e-04 2.081186e-04 2.476127e-04 1.969918e-04 1.855162e-04 1.645617e-04 1.082800e-04 1.142214e-04 8.504793e-05 6.693850e-05 8.831301e-05 4.169824e-05 2.830150e-05 9.324733e-05 9.610154e-05 9.764609e-05 2.528987e-04 3.365607e-04 2.740718e-04 3.943297e-04 4.731884e-04 3.165411e-04 3.272671e-04 4.863573e-04 3.356444e-04 2.079541e-04 2.765965e-04 2.640813e-04 1.080650e-04 8.411954e-05 1.526965e-04 1.289001e-04 5.374840e-05 4.368752e-05 6.414923e-05 6.324571e-05 3.753926e-05 3.029301e-05 3.413536e-05 3.401845e-05 3.078184e-05 2.593860e-05 2.331724e-05 2.776108e-05 3.424366e-05 3.310506e-05 3.038474e-05 3.413178e-05 4.591675e-05 7.438190e-05 1.114812e-04 1.164806e-04 8.653073e-05 7.530450e-05 8.741400e-05 9.451192e-05 5.304400e-05 1.914495e-05 1.158403e-05 2.095432e-05 6.099456e-05 8.805768e-05 4.043754e-05 1.071609e-05 3.808755e-06 2.554580e-06 2.189740e-06 1.152735e-06 3.534481e-07 9.140535e-08 3.213302e-08 1.153584e-08 2.654058e-09 4.040718e-10 5.350489e-11 1.221271e-11 7.420093e-12 6.951626e-12 2.038648e-12 4.002153e-14 2.551419e-17 5.100865e-22 4.896009e-28 1.872239e-35 2.242078e-44 0.000000e+00 0.000000e+00 0.000000e+00 0.000000e+00 0.000000e+00 0.000000e+00 0.000000e+00 0.000000e+00 0.000000e+00 0.000000e+00 0.000000e+00 0.000000e+00 0.000000e+00 1.858933e-37 8.881085e-29 6.737131e-24 7.489483e-21 1.611225e-18 1.228276e-17 3.028552e-17 4.481906e-17 2.391256e-18 4.718236e-20 1.139672e-22 5.804839e-26 1.073112e-29 9.313118e-34 3.998585e-36 3.194183e-39 3.573311e-43 0.000000e+00 0.000000e+00 0.000000e+00 0.000000e+00 0.000000e+00 0.000000e+00 0.000000e+00 0.000000e+00 0.000000e+00 0.000000e+00 0.000000e+00 0.000000e+00
0.000000e+00 0.000000e+00 0.000000e+00 1.401298e-45 1.401298e-45 1.401298e-45 1.401298e-45 9.668959e-44 2.145775e-36 3.788518e-32 9.941101e-27 2.446283e-18 1.041350e-10 7.110434e-13 1.908852e-12 1.437529e-10 3.284041e-09 1.564596e-07 1.861092e-07 6.367025e-07 5.204184e-05 7.395101e-04 1.178901e-04 4.820080e-06 9.301551e-06 2.847686e-05 6.893133e-05 1.522214e-04 2.494231e-04 1.244090e-04 6.641752e-05 6.075373e-05 4.313602e-05 5.026881e-05 6.818515e-05 1.244523e-04 1.727560e-04 1.503820e-04 1.393144e-04 1.608883e-04 1.428082e-04 1.669070e-04 1.585631e-04 1.517815e-04 1.773668e-04 1.640226e-04 2.321856e-04 2.077422e-04 2.116396e-04 2.545572e-04 1.828465e-04 3.099136e-04 3.043075e-04 3.639603e-04 6.011183e-04 4.228864e-04 4.949181e-04 4.973175e-04 3.614687e-04 4.449224e-04 3.567172e-04 2.887589e-04 3.087675e-04 2.449965e-04 2.961558e-04 2.577126e-04 1.881347e-04 2.050445e-04 1.007104e-04 8.264435e-05 2.013360e-04 1.890853e-04 1.852521e-04 3.757800e-04 4.652841e-04 3.668022e-04 4.854861e-04 6.466496e-04 4.852368e-04 4.954874e-04 6.735870e-04 5.096415e-04 3.673562e-04 4.877388e-04 4.416102e-04 2.280366e-04 2.193430e-04 3.243039e-04 2.207322e-04 1.073206e-04 9.215280e-05 1.018147e-04 7.060382e-05 4.073540e-05 3.646180e-05 4.126453e-05 3.948303e-05 3.341372e-05 3.099250e-05 3.367872e-05 4.188958e-05 5.360712e-05 5.628025e-05 5.140023e-05 5.254111e-05 6.270189e-05 7.213180e-05 7.681600e-05 8.768772e-05 1.186714e-04 1.542862e-04 1.678782e-04 1.263162e-04 6.972463e-05 3.711020e-05 3.169056e-05 4.592157e-05 6.588033e-05 5.645104e-05 3.014885e-05 1.847150e-05 1.488558e-05 1.424598e-05 1.127683e-05 6.630781e-06 2.970125e-06 1.123698e-06 4.508818e-07 1.980058e-07 8.952764e-08 3.758592e-08 2.079852e-08 1.891343e-08 2.648460e-08 3.136357e-08 1.631448e-08 1.100281e-09 4.507711e-12 1.280457e-15 3.901783e-20 1.254348e-25 4.934621e-32 1.829444e-39 0.000000e+00 0.000000e+00 0.000000e+00 0.000000e+00 0.000000e+00 0.000000e+00 0.000000e+00 0.000000e+00 0.000000e+00 0.000000e+00 0.000000e+00 0.000000e+00 0.000000e+00 1.215006e-37 2.278946e-28 5.818910e-23 1.009346e-19 2.710812e-17 2.090831e-15 1.438536e-14 1.116170e-13 7.704822e-14 2.166289e-15 1.893056e-17 9.090987e-21 1.393117e-24 3.306350e-28 2.592504e-31 1.380401e-34 3.038786e-40 0.000000e+00 0.000000e+00 0.000000e+00 0.000000e+00 0.000000e+00 0.000000e+00 0.000000e+00 0.000000e+00 0.000000e+00 0.000000e+00 0.000000e+00 0.000000e+00
0.000000e+00 0.000000e+00 0.000000e+00 1.401298e-45 1.401298e-45 1.401298e-45 1.401298e-45 2.257548e-40 5.318997e-33 1.151610e-27 1.085734e-17 8.430299e-16 4.514596e-14 2.027812e-15 4.062354e-13 2.078901e-10 6.880117e-10 7.714520e-09 2.388784e-09 5.911360e-09 9.459145e-07 6.914094e-06 1.247491e-06 2.529891e-07 1.363669e-06 7.644712e-06 3.435295e-05 8.803145e-05 2.468124e-04 1.015121e-04 5.997417e-05 4.131064e-05 3.679253e-05 4.748490e-05 9.138578e-05 1.738071e-04 2.223721e-04 1.745504e-04 1.908568e-04 2.324551e-04 2.593346e-04 3.320000e-04 2.921038e-04 3.544901e-04 3.648803e-04 4.068853e-04 4.177823e-04 3.652316e-04 4.894106e-04 3.890011e-04 6.342710e-04 7.341905e-04 7.135435e-04 1.076411e-03 7.444969e-04 8.203553e-04 9.282760e-04 6.587701e-04 8.134134e-04 6.602439e-04 4.826602e-04 6.452756e-04 6.312863e-04 7.211061e-04 6.699294e-04 4.947782e-04 5.006283e-04 2.980905e-04 2.901253e-04 4.601062e-04 3.695088e-04 3.524085e-04 5.744122e-04 6.150705e-04 5.126419e-04 6.858080e-04 8.399395e-04 6.675241e-04 6.665156e-04 8.698214e-04 7.437248e-04 6.093539e-04 7.550070e-04 7.151370e-04 5.158875e-04 5.331066e-04 5.646991e-04 3.330974e-04 1.837773e-04 1.570784e-04 1.407131e-04 9.594207e-05 7.030622e-05 7.798785e-05 9.501117e-05 8.531517e-05 6.851060e-05 6.387338e-05 6.505635e-05 6.691180e-05 7.317054e-05 8.365510e-05 8.854773e-05 9.852058e-05 1.152442e-04 1.116759e-04 9.584311e-05 9.975012e-05 1.342026e-04 1.858954e-04 2.170971e-04 2.101098e-04 1.672604e-04 1.227486e-04 1.026961e-04 1.120961e-04 1.332801e-04 1.282740e-04 9.598371e-05 7.083317e-05 6.683198e-05 8.028182e-05 9.308086e-05 8.170109e-05 5.425575e-05 3.143147e-05 1.816734e-05 1.097052e-05 7.859839e-06 7.421988e-06 8.165261e-06 1.057985e-05 1.393000e-05 1.864800e-05 1.127124e-05 1.746919e-06 5.085841e-08 2.096420e-10 1.722744e-13 3.443922e-17 1.264270e-21 5.606829e-27 2.921184e-33 1.584266e-40 0.000000e+00 0.000000e+00 0.000000e+00 0.000000e+00 0.000000e+00 0.000000e+00 0.000000e+00 0.000000e+00 0.000000e+00 0.000000e+00 0.000000e+00 0.000000e+00 7.551656e-39 6.504746e-28 9.949501e-22 2.415103e-17 2.355881e-14 1.494254e-11 1.037800e-09 5.973646e-09 5.045801e-09 6.602746e-11 2.074372e-13 7.396595e-17 1.079745e-20 1.783515e-24 2.796709e-28 4.345780e-33 5.431867e-40 0.000000e+00 0.000000e+00 0.000000e+00 0.000000e+00 0.000000e+00 0.000000e+00 0.000000e+00 0.000000e+00 0.000000e+00 1.401298e-45 0.000000e+00 0.000000e+00
0.000000e+00 0.000000e+00 0.000000e+00 1.401298e-45 1.401298e-45 1.401298e-45 1.401298e-45 2.135999e-41 8.352949e-33 4.437301e-25 2.241850e-14 7.446494e-17 3.252965e-17 1.470737e-16 4.217955e-14 1.053078e-10 2.023521e-10 2.166164e-11 7.822626e-12 1.510054e-11 7.982748e-09 1.146237e-08 9.102145e-09 2.802602e-08 4.631426e-07 4.046323e-06 2.265588e-05 5.763623e-05 8.200792e-05 3.500845e-05 1.598757e-05 1.685403e-05 1.745687e-05 3.526039e-05 6.640879e-05 1.450089e-04 1.518445e-04 1.377302e-04 2.048106e-04 2.317058e-04 3.654221e-04 3.329918e-04 4.022309e-04 4.894451e-04 4.353939e-04 5.610211e-04 4.267121e-04 5.883337e-04 5.837986e-04 7.409809e-04 1.041854e-03 9.585694e-04 1.308495e-03 1.121563e-03 1.154226e-03 1.461374e-03 1.188948e-03 1.328648e-03 1.200651e-03 8.821997e-04 1.184816e-03 1.295407e-03 1.278489e-03 1.184684e-03 1.042085e-03 1.097307e-03 7.663407e-04 7.728607e-04 9.318891e-04 6.857796e-04 6.379731e-04 8.392729e-04 7.767052e-04 6.871360e-04 9.032282e-04 1.004087e-03 7.968538e-04 7.899912e-04 1.008206e-03 8.664168e-04 7.404676e-04 9.653304e-04 1.040661e-03 8.571137e-04 7.810605e-04 7.205853e-04 4.579729e-04 2.739668e-04 2.176318e-04 2.046709e-04 1.802940e-04 1.696135e-04 2.053335e-04 2.418803e-04 2.253149e-04 1.846688e-04 1.633266e-04 1.588203e-04 1.414054e-04 1.203645e-04 1.161278e-04 1.315001e-04 1.527223e-04 1.713664e-04 1.723652e-04 1.636540e-04 1.763487e-04 2.016060e-04 2.069394e-04 2.054200e-04 2.491491e-04 3.276791e-04 3.201192e-04 2.589280e-04 2.624675e-04 3.551628e-04 4.263902e-04 3.648613e-04 2.677814e-04 2.345455e-04 2.941231e-04 4.251824e-04 4.919912e-04 3.883285e-04 2.854118e-04 2.363668e-04 2.462748e-04 3.141504e-04 3.665116e-04 4.059183e-04 4.214829e-04 5.074260e-04 5.593562e-04 5.111399e-04 2.833398e-04 4.174438e-05 1.717119e-06 2.246733e-08 1.068297e-10 1.470741e-13 3.856305e-17 1.073012e-21 2.492818e-27 5.469992e-34 5.750929e-42 0.000000e+00 0.000000e+00 0.000000e+00 0.000000e+00 0.000000e+00 0.000000e+00 0.000000e+00 0.000000e+00 0.000000e+00 0.000000e+00 0.000000e+00 1.966442e-41 1.229021e-27 5.746587e-20 1.067319e-14 1.203518e-10 4.986354e-08 3.045537e-06 2.437161e-06 9.482115e-08 5.566831e-10 3.740019e-13 1.581736e-16 8.148692e-21 6.560347e-25 8.384066e-30 8.931622e-36 6.095648e-43 0.000000e+00 0.000000e+00 0.000000e+00 0.000000e+00 0.000000e+00 0.000000e+00 0.000000e+00 0.000000e+00 0.000000e+00 1.401298e-45 1.401298e-45 0.000000e+00
0.000000e+00 0.000000e+00 0.000000e+00 1.401298e-45 1.401298e-45 1.401298e-45 1.401298e-45 4.495971e-37 1.133463e-30 3.445159e-26 4.604407e-19 1.062268e-16 6.151370e-16 1.736902e-14 1.213374e-13 1.164575e-11 2.329682e-12 3.750558e-14 4.085835e-13 3.398736e-12 1.398273e-10 1.991578e-10 8.683511e-10 1.304066e-08 3.776498e-07 1.211622e-06 9.350048e-06 1.025519e-05 5.105909e-06 2.212238e-06 2.227619e-06 3.423522e-06 6.217568e-06 9.982731e-06 2.381443e-05 4.364317e-05 4.568482e-05 7.867013e-05 9.718379e-05 1.814686e-04 1.931483e-04 2.355258e-04 3.424861e-04 2.818971e-04 4.475765e-04 3.262329e-04 4.073645e-04 5.193585e-04 4.943560e-04 7.962774e-04 7.612917e-04 9.760089e-04 1.146606e-03 1.176644e-03 1.671342e-03 1.599880e-03 1.583654e-03 1.580967e-03 1.255875e-03 1.589009e-03 1.854514e-03 1.707911e-03 1.625096e-03 1.711784e-03 1.817755e-03 1.411141e-03 1.406423e-03 1.491472e-03 1.062598e-03 8.946288e-04 1.033101e-03 9.172398e-04 7.999481e-04 9.802561e-04 1.119986e-03 9.317613e-04 8.458490e-04 1.028378e-03 9.443163e-04 8.420724e-04 1.006761e-03 1.187645e-03 1.039890e-03 9.329553e-04 8.602132e-04 5.867355e-04 4.049533e-04 4.026277e-04 4.551251e-04 4.400165e-04 4.350783e-04 5.014730e-04 5.454677e-04 5.119268e-04 4.575086e-04 4.133215e-04 3.451380e-04 2.595311e-04 2.136129e-04 2.083758e-04 2.180223e-04 2.245386e-04 2.205396e-04 2.239050e-04 2.405868e-04 2.581522e-04 2.703934e-04 2.708518e-04 2.907791e-04 3.629670e-04 4.092323e-04 3.688832e-04 3.762902e-04 5.317875e-04 8.212635e-04 8.507706e-04 6.362500e-04 5.168014e-04 5.922087e-04 8.801399e-04 1.058483e-03 7.914077e-04 5.388992e-04 5.040042e-04 7.497682e-04 1.332587e-03 1.827917e-03 1.766490e-03 1.334354e-03 1.152128e-03 1.416073e-03 2.447397e-03 4.308565e-03 4.062890e-03 1.626969e-03 2.237852e-04 1.079064e-05 2.882771e-07 5.655822e-09 4.772144e-11 6.934039e-14 9.352775e-18 8.502742e-23 6.729901e-29 2.906903e-36 4.203895e-45 0.000000e+00 0.000000e+00 0.000000e+00 0.000000e+00 0.000000e+00 0.000000e+00 0.000000e+00 0.000000e+00 0.000000e+00 0.000000e+00 1.401298e-45 6.748787e-29 5.638024e-19 2.911235e-13 2.872866e-09 2.810971e-07 5.177237e-07 9.331313e-08 2.548927e-10 1.128901e-12 8.592365e-16 1.087705e-19 6.902767e-24 8.315200e-29 4.264461e-34 1.281810e-40 0.000000e+00 0.000000e+00 0.000000e+00 0.000000e+00 0.000000e+00 0.000000e+00 0.000000e+00 0.000000e+00 0.000000e+00 0.000000e+00 0.000000e+00 1.401298e-45 0.000000e+00
0.000000e+00 0.000000e+00 0.000000e+00 1.401298e-45 1.401298e-45 1.401298e-45 1.182696e-42 2.315019e-32 1.124893e-27 1.026232e-23 9.321116e-19 3.415455e-15 5.466198e-14 2.845873e-13 5.651603e-13 3.413528e-13 4.051069e-14 3.151606e-15 1.601135e-12 8.608603e-12 7.229883e-12 4.710188e-11 3.495041e-10 6.916868e-09 1.593187e-07 2.256093e-07 8.744256e-07 4.548853e-07 1.279510e-07 1.703033e-07 2.896950e-07 4.206606e-07 7.371544e-07 1.265618e-06 3.991456e-06 6.843872e-06 1.270420e-05 2.127341e-05 4.603218e-05 7.094092e-05 9.089185e-05 1.600237e-04 1.413625e-04 2.270739e-04 1.837533e-04 1.804206e-04 2.899793e-04 2.412929e-04 4.095803e-04 4.679392e-04 5.737905e-04 9.460563e-04 9.622493e-04 1.320608e-03 1.401711e-03 1.213773e-03 1.434157e-03 1.432292e-03 1.649452e-03 1.896906e-03 1.719110e-03 1.650759e-03 1.885141e-03 2.019708e-03 1.795649e-03 1.714214e-03 1.729913e-03 1.199622e-03 8.944583e-04 1.073465e-03 9.281626e-04 7.513168e-04 1.046595e-03 1.241404e-03 9.031137e-04 9.161581e-04 1.282974e-03 1.043311e-03 8.528383e-04 1.104903e-03 1.272032e-03 1.031671e-03 9.186707e-04 9.160139e-04 7.899757e-04 7.369281e-04 7.994832e-04 8.832245e-04 9.139134e-04 9.845569e-04 1.063497e-03 1.039378e-03 9.363504e-04 8.271705e-04 7.345832e-04 6.211893e-04 4.939649e-04 4.044796e-04 3.706964e-04 3.765860e-04 3.597541e-04 3.371238e-04 3.177930e-04 3.107781e-04 3.071029e-04 3.132234e-04 3.526565e-04 4.423661e-04 5.556573e-04 5.621497e-04 4.902270e-04 5.017265e-04 7.243665e-04 9.874372e-04 9.221080e-04 7.712421e-04 7.605141e-04 1.038318e-03 1.357283e-03 1.189251e-03 7.899947e-04 5.838842e-04 6.667538e-04 1.031524e-03 1.520516e-03 1.757101e-03 1.501175e-03 1.135014e-03 1.114330e-03 1.918337e-03 4.561735e-03 8.795887e-03 8.075060e-03 2.910231e-03 4.877555e-04 6.629613e-05 8.759851e-06 9.984658e-07 8.990163e-08 3.371146e-09 1.288500e-11 3.035095e-15 5.783719e-20 1.178453e-25 1.297009e-32 2.656722e-41 0.000000e+00 0.000000e+00 0.000000e+00 0.000000e+00 0.000000e+00 0.000000e+00 0.000000e+00 0.000000e+00 0.000000e+00 0.000000e+00 0.000000e+00 2.302812e-32 4.977025e-21 7.935962e-15 8.343926e-12 1.743867e-10 8.114502e-11 2.534922e-12 1.906431e-14 1.584123e-17 3.298648e-20 1.425925e-24 6.167280e-29 1.098028e-33 1.426264e-39 0.000000e+00 0.000000e+00 0.000000e+00 0.000000e+00 0.000000e+00 0.000000e+00 0.000000e+00 0.000000e+00 0.000000e+00 0.000000e+00 0.000000e+00 0.000000e+00 0.000000e+00 0.000000e+00
0.000000e+00 0.000000e+00 0.000000e+00 1.401298e-45 1.401298e-45 1.401298e-45 9.106928e-37 3.923460e-26 7.838128e-21 3.494918e-18 8.416003e-15 3.936403e-14 4.031032e-13 1.350299e-11 6.838621e-11 6.067873e-11 2.023439e-11 6.295109e-12 2.297547e-10 7.445021e-11 1.902561e-11 9.080614e-11 4.641678e-10 3.866011e-09 1.199949e-07 6.070272e-08 8.296001e-08 4.034678e-08 1.693312e-08 3.756591e-08 3.540340e-08 4.515218e-08 6.380649e-08 1.785899e-07 5.699488e-07 1.338887e-06 3.216141e-06 8.505502e-06 2.239616e-05 3.238938e-05 6.443563e-05 7.090857e-05 8.317741e-05 9.510238e-05 7.826682e-05 1.459095e-04 1.477504e-04 2.358717e-04 3.686569e-04 3.885966e-04 7.489364e-04 7.222221e-04 7.917261e-04 9.956092e-04 7.820054e-04 1.090284e-03 1.259597e-03 1.165215e-03 1.417833e-03 1.424623e-03 1.411556e-03 1.737365e-03 1.851905e-03 1.681315e-03 1.577327e-03 1.549109e-03 1.089443e-03 8.012264e-04 9.427356e-04 7.634150e-04 6.324382e-04 9.691244e-04 1.053667e-03 7.195375e-04 9.433098e-04 1.285686e-03 9.061678e-04 8.611829e-04 1.242561e-03 1.159511e-03 8.111645e-04 8.263522e-04 1.011911e-03 1.024479e-03 1.033813e-03 1.242658e-03 1.468309e-03 1.547683e-03 1.527716e-03 1.497366e-03 1.440981e-03 1.323711e-03 1.157259e-03 1.010161e-03 8.937359e-04 7.832653e-04 6.916818e-04 6.475891e-04 6.233684e-04 5.805734e-04 5.172740e-04 4.937311e-04 4.837632e-04 4.425461e-04 4.012896e-04 4.583222e-04 6.230174e-04 7.380351e-04 7.373114e-04 7.469283e-04 8.456286e-04 9.941510e-04 9.658831e-04 8.074830e-04 7.472092e-04 9.734260e-04 1.426687e-03 1.533457e-03 1.208635e-03 9.175512e-04 8.213545e-04 9.384823e-04 1.179198e-03 1.297382e-03 1.128962e-03 9.154199e-04 9.612688e-04 1.478072e-03 2.626621e-03 4.500620e-03 5.088400e-03 3.074502e-03 1.162540e-03 3.843621e-04 1.437979e-04 6.680125e-05 3.334701e-05 9.553075e-06 7.812658e-07 1.504723e-08 3.190381e-11 5.725633e-15 1.670956e-19 5.315271e-25 9.455317e-32 4.763252e-40 0.000000e+00 0.000000e+00 0.000000e+00 0.000000e+00 0.000000e+00 0.000000e+00 0.000000e+00 0.000000e+00 0.000000e+00 0.000000e+00 0.000000e+00 9.731822e-40 8.495914e-27 7.022125e-20 1.181105e-16 1.107278e-15 1.382077e-15 3.642147e-17 2.558529e-19 7.819898e-22 2.845111e-25 6.687639e-29 6.956616e-34 1.158058e-38 4.203895e-45 0.000000e+00 0.000000e+00 0.000000e+00 0.000000e+00 0.000000e+00 0.000000e+00 0.000000e+00 0.000000e+00 0.000000e+00 0.000000e+00 0.000000e+00 0.000000e+00 0.000000e+00 1.401298e-45
0.000000e+00 0.000000e+00 0.000000e+00 1.401298e-45 1.401298e-45 4.582246e-43 3.948003e-32 6.650669e-24 6.038614e-17 3.978481e-14 3.859323e-11 2.598765e-13 5.408287e-13 2.445056e-11 1.177807e-09 3.151257e-06 5.156517e-06 6.440413e-07 3.216302e-07 1.105190e-07 8.362608e-09 1.020829e-08 6.093380e-09 2.585189e-08 4.032686e-07 1.113313e-07 5.099960e-08 2.757658e-08 1.892582e-08 9.948431e-09 9.204242e-09 7.586667e-09 2.062135e-08 7.798256e-08 2.588398e-07 9.281465e-07 2.011112e-06 8.125514e-06 1.401146e-05 2.753140e-05 4.083869e-05 3.357799e-05 5.576969e-05 5.123234e-05 1.070091e-04 1.642350e-04 1.997787e-04 3.935409e-04 3.192770e-04 5.423832e-04 5.280733e-04 4.180237e-04 7.487583e-04 5.008947e-04 6.987626e-04 9.361529e-04 6.989029e-04 1.227619e-03 1.422721e-03 1.403348e-03 1.790234e-03 1.718669e-03 1.420079e-03 1.305769e-03 1.224516e-03 8.801770e-04 6.990889e-04 7.497622e-04 5.701420e-04 4.880404e-04 7.054303e-04 7.099463e-04 5.285188e-04 8.121923e-04 1.040681e-03 7.627907e-04 8.244899e-04 1.124614e-03 9.150676e-04 6.973248e-04 8.972355e-04 1.135847e-03 1.121712e-03 1.235886e-03 1.548113e-03 1.796624e-03 1.784854e-03 1.651992e-03 1.579511e-03 1.543763e-03 1.391752e-03 1.219858e-03 1.185122e-03 1.209976e-03 1.150430e-03 1.038192e-03 9.887405e-04 9.357816e-04 8.159225e-04 7.399488e-04 7.666262e-04 7.717664e-04 6.621105e-04 5.764156e-04 6.436175e-04 7.986932e-04 8.744163e-04 8.897816e-04 9.857122e-04 1.198970e-03 1.287393e-03 1.129269e-03 9.400249e-04 9.073981e-04 1.088354e-03 1.346732e-03 1.418363e-03 1.322585e-03 1.198883e-03 1.200958e-03 1.297468e-03 1.409943e-03 1.477450e-03 1.318897e-03 1.122450e-03 1.188880e-03 1.612956e-03 2.612813e-03 3.275864e-03 2.534772e-03 1.535972e-03 9.405558e-04 7.251360e-04 5.996378e-04 4.584653e-04 2.961888e-04 1.457380e-04 3.675021e-05 2.438646e-06 2.558776e-08 4.263265e-11 8.341447e-15 3.090834e-19 1.427735e-24 5.256795e-31 2.256209e-38 0.000000e+00 0.000000e+00 0.000000e+00 0.000000e+00 0.000000e+00 0.000000e+00 0.000000e+00 0.000000e+00 0.000000e+00 0.000000e+00 0.000000e+00 0.000000e+00 8.489108e-34 1.916257e-25 3.206416e-21 9.710784e-20 1.625818e-19 4.425610e-20 5.265372e-22 6.816720e-24 4.705753e-27 1.885030e-31 3.552803e-36 3.494838e-42 0.000000e+00 0.000000e+00 0.000000e+00 0.000000e+00 0.000000e+00 0.000000e+00 0.000000e+00 0.000000e+00 0.000000e+00 0.000000e+00 0.000000e+00 0.000000e+00 0.000000e+00 0.000000e+00 0.000000e+00
0.000000e+00 0.000000e+00 1.401298e-45 1.401298e-45 2.242078e-44 8.803598e-33 5.047131e-28 2.920782e-20 1.841614e-15 1.867051e-12 1.539160e-11 1.001078e-11 3.010198e-11 4.350945e-09 4.707908e-07 9.608366e-05 1.966265e-04 2.273908e-06 1.690287e-05 1.089494e-05 2.480407e-06 2.020240e-07 2.007653e-07 1.722438e-07 2.935116e-06 5.284194e-07 2.689770e-08 1.495864e-08 4.777916e-09 3.855959e-09 4.139960e-09 1.084278e-08 3.482303e-08 1.521151e-07 6.205105e-07 8.951491e-07 3.058585e-06 5.900226e-06 1.069109e-05 1.900158e-05 1.372822e-05 3.847250e-05 5.184782e-05 1.166436e-04 2.400563e-04 1.880119e-04 4.057107e-04 2.563049e-04 3.427160e-04 4.268881e-04 2.308095e-04 5.744451e-04 3.136899e-04 3.761105e-04 7.985746e-04 5.792963e-04 1.341820e-03 1.702138e-03 1.541271e-03 1.976934e-03 1.676722e-03 1.209934e-03 1.128930e-03 1.008227e-03 7.448826e-04 6.239656e-04 6.361289e-04 4.822132e-04 4.019793e-04 5.339474e-04 5.290576e-04 4.445006e-04 7.282171e-04 9.084636e-04 6.827351e-04 7.904205e-04 1.077423e-03 8.948363e-04 8.086967e-04 1.128926e-03 1.354269e-03 1.264399e-03 1.337798e-03 1.646976e-03 1.799341e-03 1.633245e-03 1.486963e-03 1.499636e-03 1.497841e-03 1.388885e-03 1.328416e-03 1.433063e-03 1.541549e-03 1.486660e-03 1.437979e-03 1.448220e-03 1.345669e-03 1.124125e-03 1.027668e-03 1.074348e-03 1.050645e-03 8.982018e-04 8.431893e-04 9.485423e-04 1.062998e-03 1.040924e-03 1.018035e-03 1.236380e-03 1.612355e-03 1.692881e-03 1.452451e-03 1.299398e-03 1.266290e-03 1.275677e-03 1.302441e-03 1.403700e-03 1.355800e-03 1.262225e-03 1.309900e-03 1.507642e-03 1.869685e-03 1.972325e-03 1.633491e-03 1.343084e-03 1.374019e-03 1.927688e-03 2.412979e-03 2.168576e-03 1.707495e-03 1.436966e-03 1.379016e-03 1.290892e-03 1.084234e-03 8.499443e-04 8.143646e-04 8.084200e-04 5.199934e-04 1.145125e-04 6.547187e-06 6.119523e-08 1.012683e-10 4.080514e-14 4.352144e-18 9.956049e-23 3.503233e-28 2.292374e-34 1.200955e-40 0.000000e+00 0.000000e+00 0.000000e+00 0.000000e+00 0.000000e+00 0.000000e+00 0.000000e+00 0.000000e+00 0.000000e+00 0.000000e+00 0.000000e+00 7.700065e-40 7.603851e-29 2.367536e-23 2.070716e-20 1.981601e-19 2.750981e-19 2.800231e-20 9.197876e-23 6.291849e-26 5.552601e-31 5.939097e-36 7.125182e-41 0.000000e+00 0.000000e+00 0.000000e+00 0.000000e+00 0.000000e+00 0.000000e+00 0.000000e+00 0.000000e+00 0.000000e+00 0.000000e+00 0.000000e+00 0.000000e+00 0.000000e+00 0.000000e+00 0.000000e+00
0.000000e+00 1.401298e-45 1.401298e-45 1.401298e-45 2.920662e-30 7.119406e-28 5.633158e-27 2.166303e-18 3.937620e-13 2.734522e-11 2.594057e-12 9.125405e-10 1.379371e-08 8.964217e-08 1.566337e-06 3.184643e-06 1.044152e-06 5.285774e-08 1.579693e-07 4.843886e-06 1.130112e-06 5.594632e-07 9.529775e-07 9.461699e-07 3.838143e-06 1.148211e-07 2.228344e-09 1.686830e-09 4.503772e-09 1.773733e-09 3.983190e-09 9.371809e-09 3.600018e-08 1.881206e-07 2.079338e-07 4.925577e-07 8.223361e-07 1.971504e-06 4.267848e-06 5.527969e-06 2.716687e-05 5.049929e-05 1.033946e-04 2.093466e-04 1.256119e-04 2.952365e-04 2.063499e-04 2.001242e-04 3.721199e-04 1.308583e-04 4.029237e-04 2.596728e-04 2.731891e-04 9.678995e-04 6.224646e-04 1.240342e-03 1.812502e-03 1.383719e-03 1.939614e-03 1.751117e-03 1.211859e-03 1.264331e-03 1.106070e-03 7.864815e-04 6.883032e-04 6.976156e-04 5.700052e-04 4.636187e-04 5.163821e-04 5.214966e-04 4.647977e-04 6.613777e-04 7.996744e-04 6.843376e-04 8.309176e-04 1.115705e-03 1.054956e-03 1.120105e-03 1.526459e-03 1.659857e-03 1.445524e-03 1.492887e-03 1.794558e-03 1.810891e-03 1.564940e-03 1.530339e-03 1.705842e-03 1.783236e-03 1.652291e-03 1.624572e-03 1.806627e-03 1.919866e-03 1.891403e-03 1.940079e-03 2.099461e-03 1.988528e-03 1.733358e-03 1.627123e-03 1.645505e-03 1.511899e-03 1.338482e-03 1.352070e-03 1.504940e-03 1.510538e-03 1.377410e-03 1.509291e-03 1.966642e-03 2.326714e-03 2.263664e-03 2.125798e-03 2.121051e-03 2.123678e-03 1.919123e-03 1.632708e-03 1.400351e-03 1.299775e-03 1.321289e-03 1.395061e-03 1.545947e-03 1.747434e-03 1.874141e-03 1.858102e-03 1.708590e-03 1.898514e-03 2.401413e-03 2.631393e-03 2.084266e-03 1.457761e-03 1.228161e-03 1.239904e-03 1.123871e-03 9.409744e-04 1.294550e-03 2.940417e-03 5.006196e-03 2.618356e-03 3.744838e-04 2.313463e-05 1.045553e-06 3.334641e-08 3.639044e-10 1.347588e-12 1.518461e-15 3.032085e-19 8.716482e-24 4.617937e-29 7.548544e-35 4.613775e-41 0.000000e+00 0.000000e+00 0.000000e+00 0.000000e+00 0.000000e+00 0.000000e+00 0.000000e+00 0.000000e+00 0.000000e+00 0.000000e+00 1.261169e-44 1.819837e-30 6.465589e-23 7.271741e-19 7.520252e-17 8.757540e-17 5.899590e-18 1.536871e-20 3.050144e-24 3.051269e-28 1.267253e-32 5.851673e-36 2.243124e-39 9.949219e-44 0.000000e+00 0.000000e+00 0.000000e+00 0.000000e+00 0.000000e+00 0.000000e+00 0.000000e+00 0.000000e+00 0.000000e+00 0.000000e+00 0.000000e+00 0.000000e+00 0.000000e+00
0.000000e+00 0.000000e+00 1.401298e-45 2.802597e-45 3.610740e-40 1.046626e-29 1.843057e-26 4.284580e-17 8.782230e-15 5.938795e-11 1.834802e-11 1.932554e-08 3.572468e-06 6.435231e-07 1.683119e-05 3.241319e-07 4.977157e-07 1.518146e-08 3.216264e-08 1.958298e-07 3.720598e-07 6.208597e-08 1.847953e-06 9.302927e-07 3.287383e-07 7.597812e-09 4.907267e-10 3.574644e-09 2.064970e-09 1.012434e-09 8.231740e-10 4.498899e-09 1.211955e-08 2.066811e-08 4.755089e-08 7.550103e-08 4.140500e-07 1.363630e-06 4.044153e-06 1.802797e-05 2.922957e-05 5.473820e-05 8.986821e-05 5.881841e-05 1.173507e-04 1.076367e-04 6.674087e-05 1.764692e-04 7.139969e-05 2.091561e-04 2.518443e-04 2.068404e-04 7.293520e-04 4.435588e-04 7.614393e-04 1.387383e-03 9.955711e-04 1.870695e-03 1.925099e-03 1.205139e-03 1.635768e-03 1.323102e-03 8.228453e-04 9.129267e-04 9.362340e-04 7.691111e-04 6.766512e-04 6.839132e-04 6.030588e-04 5.127042e-04 6.115889e-04 6.580170e-04 6.607779e-04 8.520327e-04 1.090218e-03 1.187290e-03 1.428462e-03 1.850436e-03 1.883301e-03 1.726417e-03 1.852485e-03 2.088512e-03 1.964858e-03 1.836507e-03 2.135097e-03 2.535037e-03 2.443940e-03 2.161207e-03 2.165939e-03 2.346392e-03 2.418404e-03 2.458648e-03 2.693310e-03 2.958852e-03 3.020524e-03 2.937980e-03 2.987907e-03 2.985080e-03 2.725614e-03 2.400081e-03 2.331667e-03 2.380371e-03 2.402914e-03 2.517903e-03 2.885177e-03 3.228761e-03 3.382066e-03 3.382353e-03 3.439124e-03 3.701584e-03 3.588215e-03 2.950827e-03 2.254990e-03 1.822887e-03 1.524663e-03 1.281085e-03 1.198564e-03 1.352506e-03 1.549959e-03 1.590613e-03 1.565388e-03 1.798425e-03 2.321087e-03 2.742280e-03 2.516867e-03 1.917253e-03 1.459913e-03 1.357890e-03 1.406339e-03 1.386627e-03 1.705876e-03 3.573098e-03 8.551206e-03 8.157702e-03 1.771528e-03 1.664096e-04 1.850698e-05 4.751410e-06 1.579774e-06 2.989491e-07 1.401410e-08 1.404719e-10 3.496283e-13 1.691950e-16 9.323421e-21 1.332383e-25 3.106977e-31 4.175586e-38 0.000000e+00 0.000000e+00 0.000000e+00 0.000000e+00 0.000000e+00 0.000000e+00 0.000000e+00 0.000000e+00 0.000000e+00 0.000000e+00 0.000000e+00 4.824071e-33 3.499615e-23 1.835043e-18 4.865807e-16 1.109941e-15 6.992102e-17 8.145938e-19 1.752629e-21 2.293517e-24 3.708862e-27 1.022804e-29 1.374516e-32 1.709473e-36 4.671929e-41 1.121039e-44 0.000000e+00 0.000000e+00 0.000000e+00 0.000000e+00 0.000000e+00 0.000000e+00 0.000000e+00 0.000000e+00 0.000000e+00 0.000000e+00 0.000000e+00
0.000000e+00 1.401298e-45 1.401298e-45 1.401298e-45 2.802597e-45 6.117432e-37 3.228389e-26 4.607100e-21 5.703360e-16 3.874349e-09 3.816654e-10 4.066854e-10 2.268570e-07 1.718268e-07 7.174970e-07 2.004960e-07 1.048171e-08 2.457206e-08 4.084939e-09 1.121851e-07 2.485134e-08 2.302435e-08 4.424006e-07 7.044476e-07 1.906623e-08 1.838917e-09 1.942934e-09 1.637207e-09 2.385046e-09 2.960688e-10 8.170810e-10 2.585759e-09 6.237516e-09 2.165468e-08 3.620976e-08 2.854796e-07 9.080775e-07 3.353618e-06 8.690130e-06 1.207899e-05 2.235426e-05 2.945959e-05 2.580437e-05 3.357867e-05 4.606046e-05 2.508225e-05 6.946040e-05 4.569946e-05 8.149127e-05 1.396378e-04 1.094221e-04 3.160301e-04 2.583991e-04 4.523807e-04 8.609361e-04 7.078425e-04 1.429919e-03 1.304641e-03 9.115524e-04 1.391159e-03 1.107760e-03 7.957201e-04 1.151879e-03 1.171196e-03 1.018639e-03 1.084133e-03 1.088744e-03 9.046110e-04 7.709098e-04 7.664911e-04 7.621209e-04 7.822394e-04 9.050966e-04 1.100602e-03 1.254933e-03 1.573849e-03 2.059474e-03 2.212043e-03 2.214393e-03 2.537572e-03 2.729185e-03 2.501928e-03 2.584067e-03 3.234456e-03 3.743911e-03 3.518553e-03 3.183661e-03 3.193109e-03 3.324838e-03 3.366923e-03 3.381388e-03 3.704925e-03 4.210884e-03 4.572164e-03 4.759145e-03 4.979516e-03 5.280228e-03 5.120975e-03 4.552818e-03 4.016957e-03 3.857685e-03 3.897700e-03 4.013557e-03 4.171823e-03 4.374722e-03 4.501048e-03 4.616523e-03 5.198681e-03 5.532533e-03 5.083879e-03 4.179243e-03 3.460527e-03 2.965253e-03 2.424631e-03 1.809930e-03 1.407434e-03 1.306927e-03 1.456661e-03 1.638399e-03 1.695355e-03 1.804006e-03 1.986955e-03 2.227489e-03 2.356963e-03 2.238952e-03 2.090344e-03 2.168183e-03 2.517143e-03 3.333057e-03 4.528730e-03 5.577624e-03 5.112953e-03 2.686961e-03 8.030891e-04 2.377062e-04 1.430535e-04 1.490279e-04 1.155707e-04 2.518947e-05 8.138475e-07 6.656482e-09 4.525373e-11 2.069151e-13 2.927609e-16 5.458507e-20 1.513317e-24 5.547059e-30 6.742941e-37 1.401298e-45 0.000000e+00 0.000000e+00 0.000000e+00 0.000000e+00 0.000000e+00 0.000000e+00 0.000000e+00 0.000000e+00 0.000000e+00 0.000000e+00 3.378977e-37 1.576339e-24 2.586291e-18 9.508606e-16 2.309509e-14 6.309145e-15 3.063028e-16 5.116464e-18 3.957505e-20 2.418671e-22 1.412741e-24 3.220146e-27 4.800576e-31 7.360099e-35 8.002629e-39 1.947805e-43 0.000000e+00 0.000000e+00 0.000000e+00 0.000000e+00 0.000000e+00 0.000000e+00 0.000000e+00 0.000000e+00 0.000000e+00 1.401298e-45
0.000000e+00 1.401298e-45 1.401298e-45 1.401298e-45 5.071165e-39 4.719428e-31 2.540874e-21 9.964877e-19 1.401261e-12 1.353859e-07 4.614961e-10 3.007176e-10 7.449532e-10 6.203111e-10 1.142583e-09 1.643374e-09 4.275216e-10 7.473931e-10 2.685725e-09 7.926030e-10 1.340376e-09 6.838815e-10 6.567517e-08 2.058434e-07 1.265938e-08 4.474479e-09 4.144262e-09 4.519714e-09 1.114238e-09 9.897377e-10 7.076516e-10 4.837828e-09 1.391629e-08 2.677538e-08 2.436129e-07 5.086417e-07 2.609282e-06 4.990058e-06 7.052412e-06 1.472133e-05 1.143739e-05 1.966622e-05 2.073418e-05 3.872583e-05 3.192730e-05 5.585271e-05 6.722672e-05 8.664637e-05 1.576720e-04 1.308295e-04 2.474695e-04 2.787868e-04 3.963421e-04 6.483931e-04 6.116317e-04 8.823696e-04 8.422197e-04 7.326851e-04 1.119330e-03 1.019647e-03 9.971372e-04 1.593532e-03 1.528316e-03 1.665085e-03 1.988468e-03 1.850779e-03 1.718838e-03 1.543461e-03 1.326590e-03 1.335591e-03 1.211020e-03 1.100305e-03 1.257702e-03 1.437865e-03 1.627204e-03 2.096655e-03 2.612787e-03 2.912768e-03 3.358060e-03 3.721587e-03 3.526124e-03 3.602664e-03 4.414838e-03 5.176268e-03 5.056767e-03 4.864215e-03 5.286640e-03 5.910975e-03 5.885968e-03 5.409363e-03 5.236716e-03 5.848838e-03 6.747822e-03 7.321952e-03 7.906018e-03 8.389730e-03 7.949923e-03 6.863358e-03 6.263650e-03 6.159090e-03 5.797561e-03 5.104640e-03 4.663686e-03 4.680910e-03 4.979793e-03 5.610354e-03 6.361523e-03 6.842985e-03 6.732521e-03 6.300068e-03 5.826037e-03 5.281603e-03 4.359539e-03 3.284147e-03 2.511210e-03 2.214235e-03 2.084214e-03 1.797425e-03 1.584825e-03 1.677634e-03 2.026688e-03 2.315776e-03 2.295518e-03 2.314118e-03 2.709406e-03 3.544032e-03 4.891576e-03 6.138299e-03 5.612442e-03 3.612660e-03 2.203005e-03 1.573886e-03 1.392385e-03 1.576774e-03 2.369681e-03 3.446111e-03 2.166279e-03 2.360933e-04 4.335105e-06 3.342643e-08 2.776629e-10 5.027626e-12 1.185285e-13 6.682769e-16 3.903763e-19 2.509914e-23 1.763494e-28 5.129988e-35 2.606415e-43 0.000000e+00 0.000000e+00 0.000000e+00 0.000000e+00 0.000000e+00 0.000000e+00 0.000000e+00 0.000000e+00 0.000000e+00 0.000000e+00 4.292177e-42 1.391917e-26 3.957816e-18 1.341544e-14 3.433115e-13 5.038260e-13 2.019629e-14 1.016804e-15 2.687766e-17 3.701893e-19 3.962465e-21 9.218219e-24 1.801941e-27 3.131425e-32 2.628163e-37 1.555441e-43 0.000000e+00 0.000000e+00 0.000000e+00 0.000000e+00 0.000000e+00 0.000000e+00 0.000000e+00 0.000000e+00 0.000000e+00 0.000000e+00
1.401298e-45 1.401298e-45 1.401298e-45 4.203895e-45 1.540652e-31 2.305023e-26 1.094422e-18 1.056284e-12 3.014656e-07 4.201356e-07 4.018208e-10 4.778715e-10 5.200235e-11 1.447524e-11 2.835034e-12 3.976195e-11 2.957170e-12 1.207980e-10 6.103857e-10 3.218027e-10 3.312574e-10 2.955465e-09 2.945852e-09 1.425637e-08 3.263661e-10 4.196591e-11 6.054088e-10 4.139577e-10 1.041067e-09 7.433719e-10 4.575660e-09 3.755199e-08 7.893582e-08 3.574014e-07 5.585387e-07 2.489518e-06 3.366095e-06 5.209343e-06 8.214816e-06 6.005018e-06 1.776878e-05 2.019878e-05 4.250932e-05 5.204175e-05 6.491036e-05 1.203176e-04 1.245289e-04 2.043730e-04 1.884801e-04 2.894926e-04 4.008519e-04 4.206760e-04 6.603423e-04 5.741424e-04 6.330528e-04 7.925254e-04 6.492232e-04 9.835935e-04 1.165852e-03 1.304645e-03 1.946965e-03 2.068911e-03 2.475360e-03 2.679039e-03 2.395643e-03 2.361791e-03 2.130261e-03 1.870920e-03 1.861253e-03 1.547777e-03 1.339811e-03 1.537675e-03 1.647014e-03 1.722164e-03 2.254189e-03 2.921317e-03 3.156948e-03 3.655286e-03 4.213437e-03 4.155889e-03 4.231004e-03 5.154299e-03 6.090930e-03 6.232972e-03 6.794909e-03 8.657129e-03 1.007569e-02 9.512040e-03 8.377446e-03 8.206226e-03 8.962613e-03 9.719172e-03 1.035560e-02 1.100346e-02 1.088987e-02 1.003720e-02 9.330550e-03 9.090648e-03 8.620230e-03 7.552074e-03 6.590066e-03 6.234188e-03 6.181236e-03 6.097097e-03 6.152269e-03 6.536976e-03 7.243457e-03 7.992213e-03 8.195330e-03 8.263360e-03 7.905426e-03 6.757481e-03 5.419726e-03 4.367579e-03 3.781632e-03 3.047282e-03 2.227603e-03 1.711635e-03 1.697105e-03 2.141288e-03 2.418306e-03 2.198562e-03 2.176821e-03 2.836938e-03 4.617251e-03 6.135128e-03 5.450342e-03 3.510171e-03 2.147685e-03 1.667246e-03 2.169715e-03 3.811349e-03 5.399882e-03 5.264409e-03 4.026969e-03 2.168759e-03 4.500057e-04 2.679733e-05 7.348134e-07 2.295428e-08 1.374433e-09 9.896691e-11 3.820382e-12 2.785763e-14 2.839529e-17 3.966726e-21 3.928861e-26 9.143229e-33 2.927453e-41 0.000000e+00 0.000000e+00 0.000000e+00 0.000000e+00 0.000000e+00 0.000000e+00 0.000000e+00 0.000000e+00 0.000000e+00 0.000000e+00 0.000000e+00 6.008901e-31 2.402642e-20 4.679707e-15 8.278535e-13 6.298050e-12 3.638518e-12 1.089178e-12 9.976616e-14 1.126307e-15 4.998683e-18 2.877166e-21 4.363072e-26 5.909981e-32 1.856957e-38 2.942727e-44 0.000000e+00 0.000000e+00 0.000000e+00 0.000000e+00 0.000000e+00 0.000000e+00 0.000000e+00 0.000000e+00 0.000000e+00 1.401298e-45
0.000000e+00 1.401298e-45 1.401298e-45 2.802597e-45 1.102820e-38 1.273780e-26 4.732157e-17 1.590253e-08 3.538713e-08 8.105920e-07 1.621806e-09 3.110199e-11 5.889051e-12 2.495250e-11 4.244450e-14 4.196046e-14 6.011436e-13 2.729792e-11 5.947219e-10 5.224132e-11 7.832416e-10 8.553081e-09 5.542325e-10 2.922377e-10 7.913240e-12 6.858723e-12 2.174280e-10 1.108825e-09 1.227408e-09 8.347659e-09 3.589422e-08 1.390913e-07 2.494485e-07 2.787669e-07 1.022922e-06 1.549186e-06 2.646617e-06 4.038916e-06 3.440042e-06 1.182338e-05 1.566077e-05 2.570334e-05 3.800506e-05 4.017428e-05 9.467490e-05 9.756102e-05 1.573986e-04 2.181824e-04 2.934657e-04 4.543846e-04 4.462177e-04 6.633064e-04 6.181531e-04 5.926175e-04 7.963901e-04 6.632037e-04 9.461384e-04 1.376695e-03 1.411507e-03 1.997497e-03 2.527614e-03 2.536455e-03 2.580116e-03 2.448136e-03 2.300590e-03 2.246483e-03 2.107873e-03 1.951137e-03 1.759846e-03 1.720791e-03 1.909084e-03 2.067512e-03 2.323276e-03 2.986127e-03 3.470881e-03 3.382770e-03 3.646427e-03 4.202169e-03 4.135716e-03 4.185540e-03 5.329865e-03 6.244844e-03 6.327525e-03 7.652717e-03 1.054461e-02 1.207991e-02 1.139678e-02 1.118969e-02 1.230194e-02 1.335212e-02 1.328213e-02 1.325305e-02 1.330178e-02 1.278833e-02 1.193692e-02 1.149616e-02 1.139415e-02 1.086946e-02 9.935140e-03 9.494285e-03 9.522690e-03 9.170367e-03 8.419902e-03 7.872219e-03 7.857569e-03 8.213175e-03 8.560638e-03 9.219853e-03 9.739899e-03 9.387436e-03 8.560267e-03 7.318953e-03 6.051263e-03 4.860857e-03 3.816969e-03 3.057758e-03 2.549185e-03 2.369579e-03 2.254693e-03 1.966687e-03 1.898235e-03 2.249473e-03 3.580582e-03 5.100165e-03 4.699974e-03 3.300652e-03 2.610012e-03 2.663766e-03 3.304206e-03 4.226198e-03 4.712712e-03 4.553884e-03 3.898293e-03 3.248867e-03 2.140674e-03 7.403356e-04 9.566372e-05 7.011479e-06 6.471828e-07 1.195724e-07 3.666728e-08 7.720756e-09 4.860423e-10 5.662229e-12 9.871115e-15 1.251524e-18 3.529049e-24 1.634486e-31 3.049127e-40 0.000000e+00 0.000000e+00 0.000000e+00 0.000000e+00 0.000000e+00 0.000000e+00 0.000000e+00 0.000000e+00 0.000000e+00 0.000000e+00 0.000000e+00 4.239980e-37 8.210202e-23 4.120607e-15 6.090874e-11 5.597302e-09 3.018266e-08 9.498765e-09 2.793298e-10 4.859642e-13 2.111133e-16 3.095504e-20 7.817610e-26 8.093820e-32 1.508996e-37 5.114739e-43 0.000000e+00 0.000000e+00 0.000000e+00 0.000000e+00 0.000000e+00 0.000000e+00 0.000000e+00 0.000000e+00 0.000000e+00 0.000000e+00
1.401298e-45 1.401298e-45 1.401298e-45 1.401298e-45 1.401298e-45 7.868502e-34 6.540555e-19 1.476073e-09 1.436513e-09 1.779059e-10 1.399665e-10 4.127417e-13 1.278273e-12 2.968127e-13 1.989405e-15 3.128204e-15 9.894536e-13 2.016910e-11 8.438612e-11 1.936593e-10 1.551756e-10 1.048772e-09 4.303516e-11 2.243152e-11 4.080389e-12 1.240299e-11 1.522016e-10 2.877046e-10 3.492797e-10 1.322909e-09 7.771868e-09 4.081084e-08 7.827359e-08 2.162224e-07 6.478230e-07 1.206667e-06 2.176212e-06 3.602589e-06 6.702046e-06 1.105503e-05 1.516862e-05 2.214330e-05 2.977312e-05 5.570335e-05 6.775196e-05 1.046000e-04 1.764787e-04 2.204617e-04 3.405589e-04 3.685362e-04 5.040780e-04 6.018102e-04 5.956732e-04 8.371036e-04 8.434831e-04 1.129865e-03 1.631810e-03 1.586499e-03 2.244923e-03 2.871603e-03 2.632430e-03 2.874037e-03 2.930614e-03 2.748681e-03 2.868883e-03 2.736277e-03 2.559632e-03 2.626504e-03 2.627066e-03 2.656167e-03 2.949448e-03 3.460363e-03 4.146238e-03 4.349069e-03 4.164892e-03 4.628066e-03 5.069570e-03 4.731727e-03 4.945318e-03 6.091592e-03 6.416043e-03 6.263020e-03 7.814510e-03 1.073876e-02 1.176097e-02 1.165842e-02 1.332042e-02 1.632647e-02 1.725270e-02 1.678992e-02 1.627788e-02 1.549507e-02 1.434082e-02 1.387119e-02 1.404500e-02 1.373345e-02 1.304592e-02 1.279613e-02 1.345285e-02 1.361140e-02 1.263233e-02 1.114910e-02 1.011634e-02 9.740219e-03 9.612886e-03 9.455114e-03 9.460832e-03 9.558265e-03 9.597209e-03 9.103557e-03 7.896226e-03 6.616484e-03 5.561497e-03 4.641578e-03 3.930158e-03 3.408466e-03 2.983911e-03 2.429473e-03 2.161841e-03 2.196738e-03 2.498972e-03 2.810543e-03 2.799581e-03 2.659512e-03 2.630323e-03 3.035427e-03 4.063999e-03 4.900861e-03 4.870113e-03 4.731706e-03 5.024409e-03 5.576965e-03 5.258617e-03 3.160563e-03 9.594079e-04 1.629673e-04 2.525671e-05 7.561341e-06 5.280446e-06 5.685850e-06 5.097510e-06 1.631700e-06 9.663967e-08 5.956368e-10 2.962599e-13 7.745959e-18 8.280099e-24 5.818804e-31 5.386425e-39 0.000000e+00 0.000000e+00 0.000000e+00 0.000000e+00 0.000000e+00 0.000000e+00 0.000000e+00 0.000000e+00 0.000000e+00 0.000000e+00 0.000000e+00 1.401298e-45 2.169368e-27 1.182750e-16 9.721073e-11 3.928620e-08 2.710030e-07 8.492444e-08 6.183173e-10 1.144586e-12 7.535001e-16 1.868336e-19 1.888460e-23 1.253117e-28 1.677899e-32 5.227332e-37 1.306010e-42 0.000000e+00 0.000000e+00 0.000000e+00 0.000000e+00 0.000000e+00 0.000000e+00 0.000000e+00 0.000000e+00 0.000000e+00
1.401298e-45 1.401298e-45 1.401298e-45 1.401298e-45 4.323964e-39 9.667742e-28 2.143661e-20 9.191188e-12 6.218926e-11 2.438788e-10 7.037008e-11 4.169716e-12 1.968395e-14 2.887898e-15 1.661041e-16 1.703417e-14 2.512859e-12 3.730211e-12 2.452637e-12 4.974699e-12 1.764033e-11 2.547453e-10 1.759096e-10 1.096498e-11 1.437452e-11 5.374892e-11 1.327620e-10 3.324109e-10 8.608569e-10 3.330035e-09 1.014699e-08 3.037142e-08 5.060168e-08 1.747901e-07 5.120693e-07 1.206035e-06 3.637853e-06 5.240519e-06 1.589779e-05 2.052035e-05 3.231781e-05 5.201028e-05 5.968791e-05 9.361502e-05 9.303773e-05 1.403402e-04 1.617657e-04 1.804087e-04 2.396298e-04 2.900008e-04 4.647264e-04 5.491580e-04 7.343112e-04 8.906024e-04 1.088210e-03 1.436425e-03 1.547785e-03 2.065487e-03 2.493512e-03 2.492366e-03 2.962232e-03 3.249339e-03 3.212175e-03 3.541886e-03 3.580790e-03 3.763581e-03 4.021312e-03 3.860078e-03 4.180568e-03 4.699610e-03 5.145223e-03 5.793320e-03 5.854594e-03 6.026685e-03 7.025807e-03 7.290963e-03 6.492813e-03 6.918028e-03 7.998822e-03 7.627408e-03 7.324875e-03 9.154031e-03 1.098408e-02 1.086344e-02 1.158208e-02 1.450669e-02 1.710609e-02 1.724391e-02 1.639530e-02 1.552913e-02 1.456707e-02 1.449439e-02 1.536828e-02 1.592497e-02 1.522373e-02 1.447823e-02 1.493038e-02 1.564734e-02 1.520812e-02 1.348507e-02 1.177131e-02 1.071011e-02 1.008975e-02 9.666172e-03 9.754560e-03 9.770219e-03 9.539707e-03 9.408529e-03 8.967967e-03 8.204712e-03 7.225102e-03 6.288419e-03 5.658868e-03 4.889457e-03 4.014470e-03 3.249482e-03 2.980510e-03 3.185641e-03 3.211461e-03 2.641489e-03 1.867291e-03 1.559856e-03 1.889259e-03 2.497431e-03 3.031403e-03 3.487054e-03 4.209082e-03 5.392722e-03 6.906383e-03 9.125129e-03 9.866357e-03 5.624798e-03 1.812830e-03 6.204477e-04 3.367156e-04 2.747937e-04 2.788051e-04 3.453374e-04 6.385951e-04 1.087644e-03 6.225029e-04 4.225006e-05 2.647729e-07 2.403424e-10 4.013454e-14 1.233231e-18 6.423307e-24 5.603174e-30 7.441391e-37 1.121039e-44 0.000000e+00 0.000000e+00 0.000000e+00 0.000000e+00 0.000000e+00 0.000000e+00 0.000000e+00 0.000000e+00 0.000000e+00 0.000000e+00 0.000000e+00 1.470569e-35 3.661233e-22 4.192682e-15 1.246364e-11 1.028057e-10 1.355635e-10 1.362110e-11 1.446526e-13 3.716783e-15 3.928196e-17 9.697295e-20 1.644251e-22 2.604526e-26 2.957915e-30 7.204422e-37 2.802597e-45 0.000000e+00 0.000000e+00 0.000000e+00 0.000000e+00 0.000000e+00 0.000000e+00 0.000000e+00 0.000000e+00
1.057201e-36 1.401298e-45 1.401298e-45 3.503246e-44 4.745102e-34 2.174046e-22 4.356178e-16 1.961183e-13 1.490577e-10 2.950987e-10 1.082358e-11 1.330168e-13 4.248048e-15 8.880317e-16 1.894403e-16 5.910836e-16 1.860818e-13 2.767024e-12 3.994393e-12 2.132728e-11 2.097620e-11 1.280244e-10 5.683801e-11 2.302300e-11 6.144615e-11 1.691486e-10 4.722780e-11 5.851133e-11 2.275975e-10 1.062868e-09 8.234880e-09 3.232543e-08 9.038027e-08 3.782962e-07 1.169243e-06 3.961389e-06 5.826133e-06 1.613375e-05 2.229316e-05 3.416305e-05 6.318225e-05 5.071760e-05 9.960189e-05 7.416703e-05 1.149217e-04 1.537974e-04 1.314881e-04 2.633132e-04 2.818086e-04 4.398257e-04 5.434732e-04 6.181090e-04 8.622056e-04 9.016466e-04 1.083763e-03 1.210450e-03 1.279227e-03 1.535052e-03 1.702835e-03 1.981978e-03 2.491457e-03 2.789665e-03 3.289882e-03 4.068027e-03 4.457544e-03 4.721341e-03 5.290859e-03 5.815133e-03 6.293056e-03 6.861162e-03 7.325286e-03 7.520937e-03 8.270854e-03 9.431220e-03 9.516804e-03 9.297726e-03 1.024033e-02 1.109933e-02 1.039764e-02 1.037184e-02 1.147265e-02 1.171506e-02 1.129061e-02 1.259596e-02 1.551104e-02 1.712097e-02 1.668128e-02 1.572695e-02 1.469411e-02 1.411636e-02 1.469997e-02 1.607740e-02 1.644183e-02 1.594831e-02 1.576255e-02 1.593726e-02 1.541897e-02 1.386534e-02 1.221426e-02 1.110810e-02 1.032614e-02 9.726678e-03 9.272971e-03 8.895190e-03 9.001664e-03 9.709918e-03 1.005600e-02 9.798525e-03 9.110986e-03 8.243871e-03 7.316362e-03 6.287818e-03 5.265729e-03 4.595559e-03 4.168245e-03 4.000512e-03 3.954074e-03 3.680793e-03 3.048880e-03 2.361425e-03 2.343802e-03 2.765315e-03 3.011239e-03 2.710190e-03 2.557909e-03 3.758786e-03 6.671701e-03 9.341620e-03 8.725363e-03 5.786136e-03 3.266943e-03 1.794770e-03 1.317069e-03 1.485041e-03 1.924747e-03 1.789428e-03 1.660857e-03 2.324298e-03 4.378273e-03 4.672092e-03 6.246647e-04 5.853376e-06 9.566651e-09 8.518647e-12 4.612590e-15 7.877275e-19 3.196066e-23 2.815416e-28 4.082318e-34 6.793635e-41 0.000000e+00 0.000000e+00 0.000000e+00 0.000000e+00 0.000000e+00 0.000000e+00 0.000000e+00 0.000000e+00 0.000000e+00 0.000000e+00 0.000000e+00 0.000000e+00 4.047832e-32 1.724373e-23 4.617690e-19 9.984230e-17 1.514564e-15 9.432791e-15 8.011448e-15 4.607692e-15 1.893965e-15 8.546310e-17 4.530259e-19 2.784683e-22 4.962864e-27 8.443384e-34 1.283954e-40 0.000000e+00 0.000000e+00 0.000000e+00 0.000000e+00 0.000000e+00 0.000000e+00 0.000000e+00 0.000000e+00
1.100925e-27 1.401298e-45 1.401298e-45 3.325426e-37 5.520180e-27 1.311004e-20 6.658058e-13 6.928107e-11 5.719436e-12 1.343129e-11 3.537970e-12 4.733549e-14 3.316886e-17 4.093502e-16 4.947247e-17 6.381507e-16 1.331309e-14 4.064324e-12 4.056048e-11 4.257669e-10 8.812800e-11 1.292257e-11 6.884292e-12 6.521984e-13 2.077481e-12 2.586613e-11 1.046471e-10 4.137347e-10 4.456653e-09 1.551668e-08 1.205574e-07 1.928097e-07 3.880162e-07 1.259623e-06 3.249236e-06 8.489350e-06 1.552288e-05 2.513305e-05 3.014480e-05 5.059698e-05 3.945625e-05 6.343699e-05 5.980558e-05 9.080656e-05 1.864887e-04 1.451389e-04 3.078559e-04 3.147338e-04 4.231716e-04 6.108859e-04 6.447545e-04 9.655362e-04 9.974126e-04 1.136465e-03 1.258306e-03 1.222010e-03 1.472936e-03 1.613812e-03 1.859436e-03 2.431401e-03 2.831372e-03 3.737586e-03 5.031467e-03 5.476911e-03 6.168723e-03 7.278758e-03 7.076395e-03 7.231280e-03 8.471205e-03 8.403546e-03 8.109652e-03 9.554143e-03 1.082099e-02 1.088294e-02 1.196533e-02 1.397495e-02 1.456311e-02 1.409714e-02 1.429985e-02 1.479226e-02 1.405482e-02 1.364996e-02 1.510233e-02 1.748314e-02 1.835659e-02 1.776096e-02 1.668449e-02 1.588840e-02 1.559033e-02 1.575475e-02 1.601938e-02 1.614607e-02 1.649097e-02 1.707343e-02 1.723292e-02 1.612912e-02 1.417078e-02 1.225949e-02 1.117515e-02 1.062019e-02 9.714531e-03 8.701797e-03 8.186636e-03 8.356861e-03 9.045557e-03 9.927824e-03 1.063627e-02 1.061423e-02 9.662168e-03 8.437780e-03 7.128558e-03 5.940190e-03 4.996382e-03 4.460427e-03 4.618874e-03 5.011054e-03 4.956697e-03 4.265654e-03 4.025236e-03 4.409866e-03 4.786503e-03 4.691570e-03 3.729887e-03 3.140227e-03 3.600859e-03 5.087697e-03 5.954934e-03 4.707785e-03 3.845015e-03 3.908414e-03 4.146103e-03 4.020262e-03 3.566431e-03 2.573764e-03 1.496789e-03 9.262807e-04 1.015827e-03 2.400424e-03 3.372092e-03 6.230354e-04 1.200253e-05 4.535762e-08 1.161977e-10 4.994533e-13 2.184810e-15 3.783353e-18 1.281228e-21 7.169232e-26 6.508701e-31 8.609601e-37 1.205117e-43 0.000000e+00 0.000000e+00 0.000000e+00 0.000000e+00 0.000000e+00 0.000000e+00 0.000000e+00 0.000000e+00 0.000000e+00 0.000000e+00 0.000000e+00 4.904545e-43 2.139983e-32 1.296871e-26 1.576096e-22 8.587233e-20 2.000633e-17 1.189093e-15 1.554128e-14 4.300775e-14 2.212222e-15 2.050096e-17 2.979310e-21 6.346546e-26 1.571794e-31 1.929292e-38 1.401298e-44 0.000000e+00 0.000000e+00 0.000000e+00 0.000000e+00 0.000000e+00 0.000000e+00 0.000000e+00
7.643741e-11 1.401298e-45 5.814254e-40 1.925476e-32 1.876094e-23 1.277436e-13 1.678824e-11 3.974879e-10 6.801692e-10 6.785438e-10 4.486387e-13 9.921196e-14 1.316874e-14 5.218354e-15 1.847606e-15 8.481947e-15 2.067570e-13 1.034441e-12 2.172546e-11 1.000398e-11 3.715588e-11 9.345418e-12 1.358347e-11 1.040126e-11 4.554995e-11 3.350167e-10 3.335880e-10 2.211496e-09 4.988498e-09 6.224169e-08 2.862883e-07 6.295165e-07 1.981295e-06 2.646962e-06 8.576225e-06 8.776327e-06 1.579141e-05 1.780706e-05 2.757153e-05 3.427597e-05 3.788249e-05 7.754502e-05 1.057220e-04 2.095232e-04 1.538227e-04 2.362812e-04 3.100117e-04 3.828255e-04 6.535574e-04 7.554477e-04 1.093047e-03 1.341914e-03 1.524072e-03 1.788271e-03 1.954656e-03 2.406754e-03 2.680368e-03 3.207156e-03 4.031063e-03 4.513671e-03 5.862291e-03 7.297920e-03 7.473808e-03 8.413236e-03 8.979329e-03 7.901165e-03 8.353618e-03 9.756819e-03 9.293747e-03 8.948319e-03 1.020909e-02 1.081856e-02 1.031827e-02 1.126094e-02 1.398571e-02 1.523212e-02 1.457804e-02 1.534291e-02 1.667798e-02 1.680014e-02 1.643818e-02 1.739278e-02 1.882811e-02 1.909700e-02 1.804668e-02 1.752752e-02 1.760276e-02 1.741611e-02 1.639848e-02 1.536036e-02 1.525398e-02 1.629222e-02 1.779068e-02 1.840283e-02 1.781149e-02 1.652062e-02 1.547595e-02 1.439086e-02 1.266662e-02 1.070993e-02 9.327293e-03 9.008279e-03 9.361699e-03 9.602634e-03 1.001797e-02 1.060747e-02 1.113549e-02 1.121405e-02 1.021354e-02 8.894041e-03 7.672532e-03 6.471996e-03 5.712511e-03 5.818038e-03 6.637789e-03 6.992271e-03 6.212121e-03 5.463449e-03 5.784946e-03 7.248987e-03 7.309351e-03 5.306439e-03 3.762030e-03 3.427826e-03 3.989188e-03 4.345049e-03 3.731672e-03 3.270173e-03 3.598397e-03 4.705332e-03 4.769958e-03 3.370924e-03 2.047955e-03 1.358027e-03 1.013555e-03 1.102352e-03 1.631158e-03 1.523765e-03 2.817199e-04 5.409820e-06 3.250669e-08 3.618790e-10 1.091298e-11 6.905968e-13 3.005696e-14 2.769606e-16 3.773518e-19 7.591714e-23 1.592635e-27 3.811900e-33 6.833586e-40 0.000000e+00 0.000000e+00 0.000000e+00 0.000000e+00 0.000000e+00 0.000000e+00 0.000000e+00 0.000000e+00 0.000000e+00 0.000000e+00 0.000000e+00 0.000000e+00 9.744560e-38 6.618260e-30 8.699473e-25 3.126479e-20 2.606883e-17 2.734640e-14 8.822828e-13 6.424753e-13 1.098562e-14 3.175628e-18 1.773786e-21 9.320387e-27 2.795440e-32 5.486299e-39 0.000000e+00 0.000000e+00 0.000000e+00 0.000000e+00 0.000000e+00 0.000000e+00 0.000000e+00 0.000000e+00
2.389725e-15 1.401298e-45 2.087173e-37 4.326100e-26 6.858664e-14 3.100470e-06 3.448648e-07 6.456946e-09 5.617671e-08 1.679409e-09 4.508091e-12 5.079606e-12 8.408383e-12 8.114871e-13 9.885505e-15 2.894121e-14 1.226026e-13 4.390193e-12 3.063574e-11 6.957982e-11 5.784297e-11 3.626959e-11 2.197687e-11 4.763926e-11 5.653778e-10 9.466986e-10 2.453079e-09 2.480140e-09 2.924083e-08 2.095250e-07 6.292505e-07 1.535441e-06 1.571498e-06 5.344391e-06 4.213365e-06 6.033636e-06 5.806860e-06 6.326398e-06 1.540429e-05 1.796430e-05 6.403905e-05 9.160147e-05 1.815159e-04 1.923954e-04 2.350141e-04 4.076961e-04 4.446573e-04 7.489825e-04 8.466834e-04 9.590794e-04 1.346309e-03 1.480764e-03 1.912807e-03 2.652897e-03 3.216271e-03 3.832346e-03 4.886581e-03 5.466727e-03 5.971177e-03 7.253687e-03 8.098348e-03 8.446148e-03 9.305798e-03 9.336047e-03 8.759683e-03 9.609005e-03 1.041490e-02 9.659095e-03 9.408688e-03 9.757162e-03 8.991509e-03 8.064103e-03 8.563022e-03 9.874278e-03 1.039411e-02 1.058397e-02 1.179785e-02 1.399218e-02 1.513855e-02 1.531413e-02 1.543036e-02 1.599459e-02 1.617276e-02 1.548573e-02 1.491749e-02 1.584955e-02 1.708235e-02 1.685937e-02 1.566545e-02 1.586384e-02 1.704269e-02 1.815751e-02 1.871476e-02 1.939213e-02 2.052758e-02 2.090982e-02 2.011249e-02 1.745316e-02 1.484488e-02 1.345412e-02 1.311638e-02 1.305488e-02 1.303187e-02 1.253520e-02 1.177297e-02 1.166828e-02 1.178458e-02 1.223812e-02 1.229446e-02 1.121363e-02 9.869713e-03 9.261042e-03 9.400663e-03 9.042983e-03 7.867512e-03 6.926145e-03 7.020381e-03 8.025999e-03 8.505656e-03 7.293315e-03 5.713238e-03 4.756724e-03 4.678026e-03 5.195451e-03 4.878202e-03 3.610918e-03 2.410417e-03 2.051096e-03 2.339287e-03 2.817042e-03 2.967031e-03 2.617372e-03 1.793568e-03 1.151354e-03 8.032570e-04 5.828972e-04 2.821780e-04 3.782789e-05 1.422646e-06 5.029226e-08 3.818582e-09 8.628737e-10 3.768811e-10 1.002915e-10 6.583843e-12 6.358468e-14 8.867652e-17 2.358652e-20 6.715047e-25 1.403941e-30 2.829151e-37 5.605194e-45 0.000000e+00 0.000000e+00 0.000000e+00 0.000000e+00 0.000000e+00 0.000000e+00 0.000000e+00 0.000000e+00 0.000000e+00 0.000000e+00 0.000000e+00 2.816032e-38 3.311279e-28 2.856016e-22 5.513546e-18 9.884094e-15 2.693122e-13 1.849326e-12 2.375604e-14 1.403952e-17 1.022261e-20 3.395281e-25 4.690418e-30 5.552624e-38 0.000000e+00 0.000000e+00 0.000000e+00 0.000000e+00 0.000000e+00 0.000000e+00 0.000000e+00 0.000000e+00 0.000000e+00
2.759154e-18 6.586103e-44 2.137662e-38 2.269830e-23 5.712603e-11 4.382797e-05 2.370100e-07 2.779383e-07 2.001835e-06 6.510810e-08 7.898453e-09 9.509368e-11 4.280683e-11 1.793373e-11 1.945730e-11 1.093434e-11 1.775995e-10 7.329836e-10 9.431353e-10 6.204297e-10 3.297690e-10 2.727946e-10 1.152674e-10 2.588727e-10 1.514116e-09 5.728967e-09 4.035785e-09 1.679742e-08 5.682320e-08 1.121359e-07 2.718910e-07 5.546277e-07 4.307864e-06 6.127805e-06 8.056337e-06 7.671356e-06 8.298273e-06 2.000086e-05 2.355912e-05 6.560934e-05 9.284184e-05 1.704174e-04 2.409988e-04 3.063953e-04 6.165194e-04 6.170881e-04 9.129799e-04 9.467294e-04 9.000864e-04 1.332220e-03 1.321005e-03 1.769902e-03 2.547554e-03 2.648938e-03 3.297489e-03 3.840952e-03 3.846318e-03 4.365001e-03 4.937306e-03 5.273174e-03 5.993578e-03 6.828994e-03 7.632911e-03 8.604249e-03 9.654028e-03 1.016647e-02 9.720441e-03 9.428678e-03 9.458547e-03 8.551933e-03 7.661695e-03 7.977775e-03 8.142877e-03 7.646805e-03 8.083463e-03 9.424354e-03 1.046814e-02 1.149944e-02 1.231959e-02 1.246655e-02 1.246958e-02 1.273664e-02 1.223943e-02 1.217527e-02 1.387770e-02 1.590280e-02 1.603966e-02 1.615270e-02 1.766691e-02 1.982930e-02 2.022352e-02 2.019098e-02 2.156664e-02 2.429537e-02 2.634510e-02 2.584194e-02 2.432477e-02 2.260331e-02 2.191827e-02 2.200493e-02 2.137888e-02 1.912067e-02 1.659754e-02 1.501806e-02 1.438319e-02 1.402349e-02 1.433465e-02 1.442262e-02 1.441855e-02 1.443512e-02 1.418948e-02 1.347233e-02 1.181945e-02 9.878429e-03 8.598670e-03 8.645761e-03 9.700797e-03 1.008168e-02 9.133754e-03 7.701771e-03 6.794864e-03 7.407413e-03 7.966182e-03 7.001459e-03 4.563290e-03 2.622889e-03 1.983497e-03 2.345077e-03 3.211053e-03 3.397275e-03 2.458244e-03 1.745229e-03 1.336124e-03 9.647800e-04 5.254815e-04 1.567313e-04 2.863525e-05 4.432104e-06 8.534478e-07 3.922723e-07 4.815540e-07 5.129541e-07 2.400504e-07 3.205852e-08 8.966525e-10 5.189730e-12 6.774417e-15 1.581063e-18 5.705341e-23 2.208208e-28 1.263271e-34 1.361502e-41 0.000000e+00 0.000000e+00 0.000000e+00 0.000000e+00 0.000000e+00 0.000000e+00 0.000000e+00 0.000000e+00 0.000000e+00 0.000000e+00 0.000000e+00 3.526689e-35 1.733705e-24 1.143488e-18 4.120861e-16 9.025468e-15 2.960472e-14 1.781753e-15 3.514270e-17 1.248167e-20 5.847367e-24 2.649884e-28 3.494857e-36 3.222986e-44 0.000000e+00 0.000000e+00 0.000000e+00 0.000000e+00 0.000000e+00 0.000000e+00 0.000000e+00 0.000000e+00 0.000000e+00
1.679532e-07 1.351164e-39 2.261131e-32 1.273623e-24 2.130745e-10 1.094911e-07 1.416663e-07 2.730139e-07 6.376044e-05 4.318959e-05 1.189773e-06 9.422489e-08 1.440699e-08 3.671518e-09 9.922895e-10 5.928187e-10 5.461207e-10 7.193455e-09 6.526699e-09 6.123982e-09 3.269644e-09 2.277691e-10 1.782970e-10 2.057117e-10 1.597629e-09 4.051285e-09 3.012540e-08 1.110575e-07 3.345002e-07 1.154378e-06 1.663568e-06 6.768752e-06 9.822501e-06 1.279084e-05 1.528212e-05 1.859941e-05 3.440944e-05 3.966908e-05 7.747699e-05 1.033518e-04 1.524949e-04 2.099521e-04 2.690705e-04 5.240134e-04 6.042027e-04 8.358547e-04 8.851563e-04 8.761066e-04 1.271970e-03 1.326999e-03 1.853150e-03 2.479366e-03 2.392557e-03 2.905876e-03 2.915723e-03 2.693334e-03 3.066303e-03 3.138548e-03 3.238801e-03 3.767583e-03 4.281995e-03 5.144921e-03 6.230926e-03 7.080440e-03 8.042488e-03 8.550125e-03 8.672739e-03 9.071665e-03 8.723874e-03 8.215914e-03 8.709395e-03 8.550926e-03 7.923758e-03 8.674761e-03 9.754576e-03 9.978240e-03 1.025943e-02 1.063035e-02 1.037758e-02 1.035505e-02 1.047796e-02 1.042878e-02 1.074443e-02 1.245470e-02 1.398208e-02 1.434909e-02 1.557934e-02 1.818961e-02 1.919458e-02 1.839050e-02 1.899843e-02 2.214756e-02 2.484146e-02 2.514909e-02 2.404293e-02 2.357773e-02 2.475662e-02 2.752324e-02 2.994824e-02 2.989140e-02 2.672257e-02 2.247832e-02 1.909733e-02 1.712464e-02 1.664350e-02 1.591046e-02 1.498908e-02 1.520596e-02 1.521183e-02 1.533963e-02 1.555121e-02 1.519915e-02 1.369225e-02 1.185655e-02 1.131686e-02 1.186616e-02 1.306092e-02 1.286420e-02 1.051608e-02 9.365560e-03 1.006135e-02 1.195918e-02 1.134961e-02 6.692117e-03 3.719065e-03 3.300433e-03 4.665641e-03 6.549876e-03 4.923965e-03 2.188391e-03 1.122595e-03 1.119796e-03 1.468473e-03 1.059472e-03 3.822256e-04 1.104829e-04 4.324049e-05 2.884625e-05 3.238718e-05 4.721981e-05 8.264370e-05 8.589798e-05 2.519690e-05 1.370806e-06 1.247298e-08 2.252355e-11 1.990991e-14 6.597077e-18 5.211885e-22 1.007708e-26 3.703842e-32 1.913910e-38 1.401298e-45 0.000000e+00 0.000000e+00 0.000000e+00 0.000000e+00 0.000000e+00 0.000000e+00 0.000000e+00 0.000000e+00 0.000000e+00 0.000000e+00 1.432156e-34 9.026616e-23 1.721547e-17 1.903358e-15 5.162863e-15 2.775519e-15 1.218041e-15 9.976784e-18 4.437209e-20 2.471508e-24 3.708277e-30 7.201550e-38 0.000000e+00 0.000000e+00 0.000000e+00 0.000000e+00 0.000000e+00 0.000000e+00 0.000000e+00 0.000000e+00 0.000000e+00 0.000000e+00
1.254683e-25 2.802597e-45 9.087874e-34 8.153135e-20 1.447848e-12 1.354489e-13 5.341935e-10 1.866290e-06 4.486637e-05 9.266175e-05 1.327551e-06 7.004757e-06 5.041949e-06 4.126586e-08 9.155076e-09 4.993443e-08 2.057370e-07 1.366048e-07 5.213512e-08 1.881746e-08 1.335018e-07 1.312062e-08 6.618738e-09 3.513481e-08 5.706384e-08 6.711416e-08 8.711620e-08 1.879110e-07 1.403831e-06 4.050540e-06 9.915263e-06 1.302546e-05 2.044570e-05 3.363686e-05 4.950890e-05 7.938495e-05 1.013023e-04 1.454657e-04 1.666186e-04 2.076596e-04 2.788678e-04 3.508324e-04 5.555602e-04 6.291037e-04 6.835256e-04 7.456679e-04 7.673009e-04 1.034359e-03 1.232062e-03 1.624711e-03 2.022356e-03 2.057683e-03 2.428982e-03 2.444160e-03 2.397791e-03 2.732851e-03 2.683181e-03 2.789085e-03 3.260177e-03 3.540934e-03 4.066273e-03 4.824727e-03 5.428085e-03 6.168675e-03 6.670513e-03 7.140009e-03 7.881911e-03 8.191897e-03 8.608744e-03 9.186377e-03 8.992730e-03 8.909724e-03 9.590395e-03 1.012316e-02 1.025051e-02 1.044326e-02 1.000962e-02 9.545288e-03 9.917678e-03 1.014519e-02 9.731849e-03 1.042595e-02 1.189090e-02 1.251891e-02 1.300870e-02 1.533454e-02 1.802491e-02 1.776112e-02 1.655944e-02 1.759790e-02 2.014652e-02 2.139492e-02 2.032271e-02 1.925400e-02 1.972368e-02 2.141992e-02 2.375579e-02 2.636026e-02 2.751890e-02 2.676426e-02 2.435912e-02 2.224301e-02 2.040872e-02 1.824783e-02 1.667207e-02 1.652988e-02 1.602638e-02 1.575906e-02 1.613073e-02 1.660727e-02 1.708455e-02 1.686348e-02 1.626277e-02 1.622614e-02 1.716899e-02 1.739146e-02 1.532142e-02 1.403911e-02 1.483945e-02 1.711819e-02 1.724709e-02 1.144621e-02 6.579903e-03 5.471457e-03 6.913352e-03 9.958141e-03 9.416364e-03 4.810970e-03 1.941945e-03 1.222552e-03 1.559399e-03 2.150151e-03 1.742837e-03 8.638365e-04 4.564242e-04 3.548576e-04 3.727225e-04 4.467945e-04 7.026076e-04 1.307070e-03 1.592058e-03 7.242045e-04 6.787778e-05 7.462298e-07 1.971168e-09 3.854812e-12 1.006342e-14 2.538233e-17 1.582711e-20 1.679992e-24 2.971203e-29 3.334390e-35 9.444752e-43 0.000000e+00 0.000000e+00 0.000000e+00 0.000000e+00 0.000000e+00 0.000000e+00 0.000000e+00 0.000000e+00 0.000000e+00 0.000000e+00 1.672664e-35 7.511703e-22 2.131324e-15 3.800944e-13 1.135593e-12 1.109558e-12 3.091307e-13 2.364565e-14 6.793874e-18 2.177843e-22 1.224933e-28 4.398493e-36 2.774571e-43 0.000000e+00 0.000000e+00 0.000000e+00 0.000000e+00 0.000000e+00 0.000000e+00 0.000000e+00 0.000000e+00 0.000000e+00
3.637529e-07 3.052640e-39 3.313843e-31 1.821396e-19 1.460564e-11 9.145939e-11 3.844787e-08 3.639876e-06 4.349862e-06 6.115550e-05 9.057980e-05 1.351543e-04 3.464247e-04 2.760980e-06 9.451596e-07 5.879921e-06 4.512474e-06 6.236340e-07 7.311489e-07 6.979366e-08 1.026075e-07 3.550629e-09 2.335742e-09 2.047507e-08 5.103696e-08 4.656966e-08 1.192437e-07 5.792156e-07 2.744840e-06 8.295725e-06 8.414825e-06 2.017610e-05 3.995864e-05 6.113671e-05 8.855152e-05 9.946265e-05 1.417153e-04 1.663202e-04 2.102071e-04 2.776037e-04 3.648064e-04 5.164594e-04 5.927114e-04 6.248496e-04 7.141414e-04 7.126305e-04 8.621929e-04 1.021115e-03 1.162027e-03 1.349502e-03 1.428675e-03 1.679699e-03 1.830958e-03 1.951543e-03 2.274928e-03 2.380762e-03 2.658251e-03 3.165523e-03 3.388362e-03 3.744683e-03 4.454014e-03 4.954563e-03 5.287445e-03 5.979812e-03 6.836363e-03 7.438505e-03 8.094513e-03 8.817392e-03 8.826759e-03 8.594587e-03 8.964067e-03 8.978178e-03 8.509242e-03 8.704135e-03 9.056919e-03 8.829258e-03 9.033679e-03 1.019543e-02 1.087799e-02 1.131011e-02 1.253594e-02 1.360916e-02 1.338401e-02 1.397138e-02 1.647198e-02 1.864138e-02 1.823151e-02 1.822343e-02 1.983622e-02 2.077285e-02 1.976297e-02 1.895300e-02 1.950843e-02 2.033168e-02 2.070850e-02 2.057198e-02 2.029462e-02 1.984947e-02 1.955510e-02 2.059529e-02 2.197819e-02 2.270988e-02 2.172139e-02 2.024561e-02 1.920545e-02 1.875718e-02 1.836493e-02 1.762711e-02 1.721631e-02 1.725581e-02 1.691982e-02 1.722230e-02 1.932968e-02 2.174188e-02 2.215825e-02 2.082512e-02 2.061391e-02 2.217302e-02 2.359119e-02 1.997519e-02 1.289747e-02 9.277208e-03 8.706369e-03 1.051667e-02 1.170374e-02 9.040903e-03 5.792444e-03 4.072317e-03 3.700867e-03 3.754785e-03 3.472554e-03 2.489370e-03 1.681892e-03 1.399216e-03 1.583573e-03 2.178903e-03 3.633325e-03 6.732552e-03 9.890079e-03 9.252587e-03 3.328587e-03 2.796148e-04 7.578193e-06 1.107535e-07 1.274937e-09 2.681236e-11 7.173065e-13 8.426822e-15 1.556887e-17 2.106977e-21 2.313288e-26 1.384242e-32 1.680591e-40 0.000000e+00 0.000000e+00 0.000000e+00 0.000000e+00 0.000000e+00 0.000000e+00 0.000000e+00 0.000000e+00 0.000000e+00 0.000000e+00 5.620935e-38 8.399477e-22 1.231659e-13 3.587389e-10 2.090357e-09 2.130006e-09 4.383241e-10 2.182666e-12 4.791675e-16 5.066089e-21 3.405610e-26 3.180500e-32 7.824654e-40 0.000000e+00 0.000000e+00 0.000000e+00 0.000000e+00 0.000000e+00 0.000000e+00 0.000000e+00 0.000000e+00 0.000000e+00
4.602215e-13 2.287213e-40 9.898942e-27 2.214722e-16 6.059221e-10 9.088372e-06 1.287482e-05 2.019013e-06 2.001183e-07 3.900243e-08 8.491330e-06 5.809394e-05 3.100047e-04 3.683096e-06 1.296776e-05 1.121809e-04 1.868106e-05 3.607074e-06 4.636705e-06 1.296504e-07 2.112291e-07 3.031074e-08 1.601029e-08 1.076429e-07 1.554775e-07 1.661849e-07 5.586575e-07 1.793998e-06 7.099705e-06 7.149951e-06 1.702654e-05 3.464332e-05 4.975229e-05 5.993899e-05 5.735079e-05 8.602037e-05 1.058527e-04 1.562310e-04 2.093694e-04 2.847066e-04 3.704408e-04 3.672622e-04 3.943142e-04 4.757371e-04 5.860002e-04 7.876033e-04 9.667452e-04 1.077622e-03 1.191242e-03 1.235966e-03 1.369331e-03 1.479392e-03 1.589681e-03 1.784530e-03 1.926005e-03 2.154240e-03 2.535879e-03 2.722474e-03 2.998076e-03 3.531499e-03 3.777996e-03 4.093639e-03 5.123781e-03 6.053107e-03 6.756287e-03 7.894302e-03 8.291316e-03 7.759653e-03 7.718377e-03 7.740548e-03 7.295041e-03 7.055102e-03 7.184114e-03 7.288002e-03 7.424107e-03 7.877888e-03 8.705609e-03 1.017846e-02 1.195846e-02 1.352285e-02 1.385123e-02 1.368886e-02 1.403377e-02 1.472516e-02 1.497073e-02 1.549238e-02 1.647990e-02 1.777047e-02 1.832134e-02 1.852177e-02 1.930954e-02 2.053428e-02 2.110083e-02 2.063988e-02 2.036130e-02 2.009573e-02 1.963216e-02 1.904024e-02 1.857905e-02 1.940388e-02 2.093608e-02 2.225361e-02 2.316516e-02 2.346049e-02 2.318103e-02 2.160628e-02 1.962206e-02 1.846879e-02 1.770967e-02 1.727355e-02 1.773384e-02 1.855055e-02 1.995327e-02 2.209486e-02 2.422108e-02 2.494822e-02 2.426977e-02 2.283840e-02 1.950646e-02 1.619270e-02 1.280880e-02 1.004107e-02 9.020153e-03 8.921917e-03 9.904775e-03 1.006470e-02 7.883923e-03 5.944233e-03 5.502397e-03 6.152534e-03 6.603477e-03 5.230465e-03 3.642651e-03 3.400457e-03 6.003086e-03 1.382871e-02 2.376228e-02 2.372386e-02 1.246255e-02 3.699439e-03 6.961121e-04 7.423679e-05 4.464175e-06 3.185692e-07 2.819771e-08 2.620460e-09 1.587845e-10 1.895388e-12 1.978385e-15 1.348117e-19 5.818724e-25 1.553916e-31 2.098564e-39 0.000000e+00 0.000000e+00 0.000000e+00 0.000000e+00 0.000000e+00 0.000000e+00 0.000000e+00 0.000000e+00 0.000000e+00 0.000000e+00 7.567012e-44 7.438692e-25 7.490348e-14 3.499360e-09 1.062687e-07 2.504407e-08 5.204642e-10 7.569446e-13 1.390226e-16 7.026698e-20 4.010575e-24 9.379929e-30 9.369113e-38 0.000000e+00 0.000000e+00 0.000000e+00 0.000000e+00 0.000000e+00 0.000000e+00 0.000000e+00 0.000000e+00 0.000000e+00
2.958841e-07 2.508324e-43 8.398034e-27 3.549607e-18 4.606154e-13 2.059627e-11 2.466485e-09 6.576111e-08 2.107348e-08 1.907819e-10 6.312848e-08 1.783583e-07 1.942132e-06 2.210311e-06 7.537890e-05 8.193295e-04 1.415823e-04 2.184668e-05 3.625610e-05 5.670507e-06 4.408912e-06 3.088440e-07 1.666405e-07 6.367502e-07 1.212130e-06 1.104634e-06 2.265014e-06 8.137899e-06 7.927054e-06 1.007269e-05 2.183786e-05 4.713157e-05 7.500624e-05 8.544333e-05 1.253130e-04 1.387783e-04 2.343732e-04 2.981082e-04 3.820445e-04 4.341150e-04 3.631072e-04 3.772159e-04 3.816404e-04 4.567663e-04 5.459465e-04 6.120459e-04 7.155067e-04 7.597018e-04 8.891115e-04 1.041971e-03 1.168699e-03 1.376144e-03 1.551382e-03 1.769977e-03 2.083596e-03 2.322576e-03 2.396704e-03 2.493403e-03 2.628871e-03 2.667767e-03 3.007151e-03 3.765844e-03 4.348991e-03 5.046720e-03 5.921433e-03 5.837843e-03 5.536562e-03 5.697735e-03 5.437100e-03 5.155941e-03 5.390219e-03 5.580108e-03 5.826004e-03 6.469584e-03 7.000022e-03 7.568276e-03 8.901121e-03 1.056059e-02 1.116250e-02 1.154478e-02 1.222521e-02 1.243556e-02 1.197665e-02 1.173765e-02 1.190425e-02 1.267907e-02 1.389923e-02 1.540038e-02 1.668635e-02 1.799106e-02 1.953194e-02 2.113222e-02 2.187002e-02 2.190890e-02 2.221839e-02 2.212596e-02 2.091293e-02 1.914623e-02 1.806438e-02 1.782771e-02 1.871103e-02 2.082635e-02 2.415305e-02 2.615672e-02 2.583586e-02 2.464733e-02 2.302554e-02 2.117717e-02 1.957494e-02 1.861688e-02 1.872071e-02 1.963721e-02 1.993492e-02 1.999964e-02 2.130095e-02 2.334414e-02 2.275778e-02 1.944008e-02 1.497173e-02 1.137294e-02 1.020244e-02 1.069541e-02 1.174628e-02 1.147660e-02 8.496584e-03 6.594521e-03 7.110138e-03 1.032407e-02 1.466407e-02 1.251325e-02 6.722850e-03 3.631946e-03 3.811573e-03 7.942077e-03 1.906024e-02 2.441506e-02 1.386258e-02 6.023785e-03 3.040789e-03 1.382560e-03 3.640922e-04 6.794938e-05 1.103228e-05 2.238069e-06 5.186848e-07 6.504384e-08 2.238488e-09 1.121485e-11 5.151911e-15 2.866274e-19 2.250812e-24 1.674410e-30 1.024080e-37 1.401298e-45 0.000000e+00 0.000000e+00 0.000000e+00 0.000000e+00 0.000000e+00 0.000000e+00 0.000000e+00 0.000000e+00 0.000000e+00 0.000000e+00 2.891526e-31 8.064286e-18 1.284234e-11 3.433818e-10 3.719780e-11 1.844332e-13 6.556415e-16 7.064963e-18 1.708971e-20 3.156573e-24 1.677674e-30 2.599979e-38 0.000000e+00 0.000000e+00 0.000000e+00 0.000000e+00 0.000000e+00 0.000000e+00 0.000000e+00 0.000000e+00 0.000000e+00
3.183571e-23 1.140462e-35 1.095282e-20 3.816018e-25 7.277442e-18 8.750227e-15 2.388458e-12 8.954899e-11 3.000889e-09 5.808027e-10 6.596140e-07 5.553872e-10 2.295088e-09 1.018892e-07 2.195469e-06 1.979007e-05 4.275380e-05 2.008313e-05 8.942239e-05 4.689221e-05 2.664147e-06 5.562000e-07 2.912736e-06 7.393353e-06 7.597705e-06 2.344296e-06 4.906642e-06 1.396228e-05 3.112982e-05 5.198055e-05 1.203654e-04 2.070994e-04 2.651413e-04 3.130117e-04 2.919746e-04 4.043967e-04 4.157054e-04 4.540714e-04 4.074838e-04 3.936599e-04 4.752340e-04 4.473265e-04 5.591158e-04 5.578375e-04 5.647122e-04 5.914370e-04 5.118080e-04 6.064732e-04 7.039491e-04 7.772994e-04 1.004713e-03 1.187312e-03 1.475748e-03 1.908427e-03 2.168391e-03 2.351359e-03 2.443323e-03 2.468887e-03 2.560348e-03 2.823150e-03 3.145209e-03 3.434834e-03 3.818090e-03 4.068505e-03 3.920035e-03 3.821771e-03 3.763154e-03 3.497961e-03 3.365284e-03 3.590353e-03 3.962403e-03 4.460812e-03 5.207011e-03 5.906259e-03 6.839694e-03 8.124992e-03 8.863497e-03 9.157399e-03 9.757064e-03 1.030029e-02 1.021225e-02 1.034135e-02 1.092189e-02 1.153254e-02 1.210011e-02 1.317833e-02 1.439086e-02 1.539671e-02 1.677039e-02 1.942904e-02 2.235006e-02 2.418760e-02 2.481565e-02 2.474592e-02 2.367308e-02 2.135464e-02 1.913108e-02 1.753366e-02 1.687833e-02 1.701606e-02 1.808391e-02 2.025594e-02 2.375660e-02 2.779002e-02 3.008336e-02 2.842929e-02 2.505634e-02 2.209264e-02 1.976637e-02 1.795525e-02 1.655963e-02 1.615604e-02 1.705905e-02 1.836116e-02 1.909579e-02 1.920386e-02 1.763092e-02 1.430574e-02 1.214628e-02 1.197827e-02 1.283342e-02 1.316143e-02 1.055544e-02 7.795388e-03 7.367609e-03 9.692653e-03 1.511937e-02 1.644525e-02 1.109463e-02 6.741116e-03 6.157963e-03 9.679244e-03 1.906177e-02 2.604049e-02 1.736396e-02 7.783239e-03 4.487087e-03 3.566335e-03 2.373348e-03 1.021943e-03 3.158494e-04 1.106659e-04 6.276958e-05 3.477062e-05 7.101495e-06 3.044323e-07 2.372373e-09 4.336009e-12 1.946697e-15 2.701550e-19 1.282806e-23 1.152036e-28 8.575189e-35 1.029114e-41 0.000000e+00 0.000000e+00 0.000000e+00 0.000000e+00 0.000000e+00 0.000000e+00 0.000000e+00 0.000000e+00 0.000000e+00 0.000000e+00 4.302210e-40 2.980034e-24 1.686935e-16 3.274243e-14 3.633833e-15 7.452617e-17 3.516964e-18 1.913114e-19 3.663602e-22 9.619789e-27 1.329843e-32 1.740893e-39 2.802597e-45 0.000000e+00 0.000000e+00 0.000000e+00 0.000000e+00 0.000000e+00 0.000000e+00 0.000000e+00 0.000000e+00
4.471879e-07 5.932203e-38 1.974783e-22 7.768786e-20 1.745048e-16 6.734733e-14 1.216463e-13 7.355454e-10 4.739953e-09 4.528604e-10 1.547759e-09 7.190796e-10 9.501596e-08 1.545922e-06 1.247284e-06 2.398496e-06 1.051522e-05 2.722579e-05 2.113910e-04 2.137413e-04 5.109582e-06 2.834256e-06 4.521634e-05 2.433395e-05 1.166966e-05 6.462061e-06 8.010365e-06 1.521978e-05 2.218118e-05 4.721638e-05 1.172685e-04 2.334929e-04 3.083310e-04 3.423599e-04 3.982516e-04 3.983549e-04 4.034639e-04 3.520350e-04 4.295747e-04 5.587253e-04 5.452920e-04 6.830691e-04 6.053786e-04 6.093524e-04 6.504054e-04 5.543001e-04 6.895154e-04 7.544345e-04 8.031439e-04 1.015387e-03 1.089500e-03 1.271079e-03 1.532101e-03 1.673239e-03 1.866982e-03 1.986889e-03 2.175012e-03 2.387806e-03 2.530274e-03 2.887307e-03 3.203633e-03 3.369939e-03 3.582138e-03 3.657643e-03 3.691836e-03 3.711538e-03 3.543886e-03 3.440336e-03 3.575395e-03 3.782363e-03 4.068029e-03 4.498732e-03 5.190087e-03 6.117154e-03 6.820559e-03 7.056902e-03 7.494041e-03 8.471247e-03 9.011198e-03 9.131694e-03 1.006805e-02 1.190908e-02 1.306063e-02 1.390649e-02 1.521052e-02 1.639814e-02 1.691425e-02 1.818072e-02 2.095939e-02 2.436587e-02 2.679736e-02 2.799923e-02 2.803804e-02 2.637671e-02 2.359816e-02 2.088206e-02 1.909904e-02 1.791887e-02 1.695926e-02 1.725663e-02 1.912228e-02 2.204982e-02 2.476683e-02 2.647642e-02 2.804489e-02 2.786634e-02 2.481777e-02 2.088225e-02 1.722590e-02 1.514581e-02 1.499094e-02 1.656923e-02 1.818514e-02 1.849242e-02 1.698281e-02 1.483945e-02 1.397094e-02 1.395787e-02 1.375953e-02 1.370753e-02 1.304353e-02 1.158547e-02 1.054928e-02 1.011438e-02 1.084897e-02 1.145813e-02 1.090707e-02 1.026387e-02 1.025471e-02 1.220935e-02 1.725995e-02 2.253894e-02 2.110561e-02 1.363813e-02 7.506295e-03 4.565570e-03 3.362550e-03 2.379670e-03 1.270246e-03 7.026503e-04 6.738077e-04 7.317707e-04 4.098839e-04 6.647938e-05 2.636815e-06 3.648147e-08 2.965278e-10 1.430600e-12 3.513257e-15 3.926909e-18 1.196050e-21 5.487047e-26 2.515736e-31 2.144642e-37 1.345247e-43 0.000000e+00 0.000000e+00 0.000000e+00 0.000000e+00 0.000000e+00 0.000000e+00 0.000000e+00 0.000000e+00 0.000000e+00 0.000000e+00 9.982796e-30 2.253493e-19 8.092860e-16 8.671238e-16 4.979863e-17 8.477107e-18 5.971501e-20 5.273243e-23 1.391579e-27 1.031737e-32 1.729116e-38 1.961818e-44 0.000000e+00 0.000000e+00 0.000000e+00 0.000000e+00 0.000000e+00 0.000000e+00 0.000000e+00 0.000000e+00
0.000000e+00 2.802597e-45 1.515241e-25 5.463503e-26 2.148098e-19 3.837404e-13 2.240594e-12 2.806754e-11 7.057292e-11 1.518533e-08 1.130777e-07 1.790437e-07 1.966723e-05 7.223249e-06 4.867771e-07 7.626009e-07 1.149377e-06 1.893664e-04 3.363472e-04 1.164278e-04 6.193377e-06 2.078015e-05 1.437289e-04 3.928760e-05 1.280853e-05 9.528221e-06 2.183213e-05 5.932984e-05 6.886662e-05 9.023298e-05 1.412066e-04 1.762106e-04 2.440281e-04 2.777076e-04 3.525807e-04 4.132765e-04 3.991540e-04 4.566312e-04 5.235409e-04 5.910610e-04 7.074203e-04 7.136327e-04 7.827161e-04 8.795307e-04 8.344172e-04 9.146532e-04 9.254453e-04 9.785090e-04 1.173099e-03 1.197099e-03 1.352330e-03 1.538594e-03 1.614567e-03 1.774790e-03 1.912507e-03 2.162245e-03 2.336911e-03 2.429458e-03 2.801867e-03 2.965959e-03 3.147067e-03 3.790428e-03 4.226586e-03 4.613861e-03 5.285088e-03 5.520341e-03 5.698985e-03 6.147768e-03 6.002717e-03 5.727937e-03 5.916247e-03 6.068897e-03 6.185353e-03 6.422757e-03 6.392016e-03 6.734900e-03 7.738828e-03 8.684657e-03 9.388478e-03 1.095072e-02 1.306834e-02 1.444789e-02 1.513139e-02 1.660301e-02 1.864307e-02 2.050060e-02 2.236561e-02 2.509063e-02 2.770367e-02 2.960565e-02 3.134938e-02 3.232955e-02 3.119570e-02 2.861510e-02 2.651166e-02 2.457533e-02 2.206351e-02 1.952749e-02 1.838079e-02 1.913381e-02 2.074863e-02 2.210370e-02 2.352907e-02 2.489817e-02 2.589419e-02 2.585633e-02 2.303866e-02 2.003472e-02 1.865648e-02 1.872770e-02 1.873306e-02 1.840237e-02 1.831858e-02 1.764969e-02 1.658034e-02 1.541171e-02 1.484583e-02 1.631252e-02 1.810762e-02 1.708326e-02 1.437018e-02 1.204200e-02 1.120569e-02 1.151419e-02 1.158991e-02 1.087631e-02 9.745194e-03 9.545891e-03 1.215513e-02 1.717082e-02 2.137214e-02 1.888909e-02 1.105635e-02 5.414107e-03 3.066726e-03 2.313557e-03 1.989290e-03 1.661310e-03 1.447986e-03 1.523218e-03 1.695815e-03 9.182682e-04 1.508476e-04 9.446592e-06 4.967198e-07 2.817257e-08 1.448085e-09 3.399694e-11 2.596555e-13 6.730001e-16 3.702058e-19 2.703016e-23 4.250020e-28 3.130807e-33 1.475500e-38 1.821688e-44 0.000000e+00 0.000000e+00 0.000000e+00 0.000000e+00 0.000000e+00 0.000000e+00 0.000000e+00 0.000000e+00 0.000000e+00 9.192733e-35 9.123717e-21 6.459160e-16 3.219048e-15 4.124300e-16 9.605344e-18 8.698012e-20 7.778661e-23 4.023148e-25 1.235142e-29 1.909404e-35 5.020292e-41 1.401298e-45 0.000000e+00 0.000000e+00 0.000000e+00 0.000000e+00 0.000000e+00 0.000000e+00 0.000000e+00
1.440737e-38 0.000000e+00 2.897067e-38 1.908831e-26 7.417361e-23 5.779366e-16 3.786921e-11 4.063605e-11 2.106227e-11 1.697949e-08 4.781007e-09 2.684780e-07 2.019887e-04 9.800774e-05 4.110376e-05 1.555524e-05 3.777110e-07 3.885157e-05 3.009109e-05 2.685024e-06 2.642331e-06 2.549943e-05 9.059401e-05 6.898519e-05 3.806236e-05 6.427414e-05 3.323115e-04 3.974867e-04 2.123349e-04 2.233383e-04 2.459615e-04 3.059267e-04 3.254544e-04 4.275177e-04 4.442734e-04 4.916075e-04 5.558720e-04 5.722066e-04 6.498988e-04 6.400991e-04 7.554250e-04 8.533245e-04 9.671560e-04 1.141715e-03 1.218722e-03 1.326513e-03 1.394766e-03 1.471940e-03 1.487497e-03 1.499778e-03 1.533363e-03 1.574834e-03 1.744863e-03 2.049629e-03 2.483652e-03 2.786399e-03 3.046793e-03 3.450995e-03 3.599688e-03 3.965199e-03 4.642678e-03 4.896707e-03 5.494392e-03 6.699235e-03 7.458027e-03 8.585275e-03 9.901864e-03 9.673160e-03 9.282110e-03 9.540202e-03 9.166698e-03 8.642623e-03 8.783726e-03 8.960715e-03 9.224734e-03 1.009468e-02 1.116829e-02 1.233049e-02 1.412016e-02 1.599722e-02 1.686401e-02 1.748463e-02 1.893442e-02 2.109361e-02 2.327826e-02 2.583042e-02 2.845897e-02 3.091710e-02 3.291062e-02 3.419147e-02 3.415345e-02 3.298590e-02 3.188564e-02 3.112531e-02 2.988850e-02 2.687506e-02 2.345735e-02 2.094425e-02 1.966303e-02 1.945364e-02 2.006816e-02 2.132754e-02 2.299717e-02 2.459818e-02 2.530582e-02 2.525863e-02 2.525758e-02 2.524878e-02 2.465362e-02 2.368493e-02 2.280890e-02 2.180683e-02 2.114511e-02 2.114662e-02 2.115305e-02 2.168039e-02 2.194296e-02 2.072657e-02 1.947436e-02 1.825696e-02 1.657599e-02 1.592933e-02 1.558912e-02 1.433331e-02 1.253093e-02 1.099230e-02 1.178322e-02 1.542395e-02 2.098286e-02 2.295784e-02 1.500419e-02 7.137254e-03 3.749165e-03 3.095629e-03 3.706777e-03 4.492139e-03 4.042878e-03 2.822772e-03 2.002690e-03 1.514233e-03 8.742169e-04 2.840740e-04 7.254403e-05 1.709783e-05 3.985518e-06 6.706727e-07 4.706190e-08 7.889890e-10 4.042688e-12 1.007436e-14 1.456390e-17 5.099930e-21 6.575486e-25 4.631180e-29 6.307258e-34 1.933386e-40 0.000000e+00 0.000000e+00 0.000000e+00 0.000000e+00 0.000000e+00 0.000000e+00 0.000000e+00 0.000000e+00 0.000000e+00 5.885454e-44 1.007867e-26 6.799398e-19 1.374183e-17 8.023961e-18 2.963628e-19 7.775662e-21 1.803292e-21 1.172068e-22 8.187951e-26 4.948333e-32 1.995292e-37 1.338100e-40 3.923636e-44 0.000000e+00 0.000000e+00 0.000000e+00 0.000000e+00 0.000000e+00 0.000000e+00
1.973028e-42 0.000000e+00 5.104930e-42 3.006002e-29 4.472316e-22 1.207845e-17 4.937779e-15 2.054022e-13 1.084201e-10 3.103280e-08 3.072683e-08 1.955072e-09 3.053514e-06 2.778638e-05 5.106347e-05 1.117327e-05 2.535699e-06 1.350675e-04 2.648937e-05 8.243388e-06 9.191224e-06 1.329138e-04 1.129767e-04 1.229320e-04 1.004153e-04 3.105537e-04 1.599456e-03 7.035418e-04 3.511138e-04 4.055606e-04 5.363431e-04 4.771092e-04 5.802861e-04 6.199689e-04 6.244152e-04 7.224861e-04 7.335732e-04 9.180693e-04 8.608497e-04 9.540166e-04 9.533100e-04 1.007896e-03 1.248021e-03 1.328946e-03 1.730697e-03 1.868890e-03 1.944422e-03 2.171411e-03 2.076031e-03 2.058623e-03 2.061881e-03 2.097742e-03 2.239898e-03 2.396410e-03 2.599394e-03 3.000956e-03 3.480657e-03 3.954418e-03 4.672534e-03 5.425503e-03 6.032970e-03 6.970800e-03 8.057351e-03 9.083864e-03 1.066642e-02 1.181638e-02 1.181763e-02 1.214651e-02 1.263810e-02 1.227139e-02 1.242149e-02 1.364490e-02 1.488995e-02 1.573454e-02 1.674501e-02 1.815527e-02 2.007779e-02 2.217386e-02 2.319285e-02 2.372268e-02 2.453843e-02 2.592640e-02 2.678176e-02 2.736667e-02 2.893230e-02 3.138725e-02 3.236912e-02 3.275124e-02 3.370915e-02 3.453680e-02 3.334734e-02 3.131745e-02 3.024520e-02 2.944305e-02 2.802369e-02 2.573915e-02 2.369660e-02 2.195380e-02 2.024898e-02 1.922764e-02 1.989130e-02 2.254539e-02 2.573553e-02 2.681786e-02 2.687806e-02 2.730121e-02 2.763163e-02 2.875257e-02 3.016342e-02 3.093584e-02 3.030804e-02 2.865865e-02 2.657484e-02 2.555420e-02 2.624707e-02 2.645392e-02 2.552468e-02 2.381627e-02 2.209884e-02 2.246401e-02 2.261142e-02 1.998846e-02 1.755144e-02 1.631890e-02 1.767179e-02 2.172514e-02 2.623731e-02 2.762713e-02 2.157720e-02 1.435364e-02 9.971624e-03 8.328841e-03 8.649961e-03 9.207251e-03 8.121406e-03 5.715015e-03 3.572723e-03 2.424566e-03 1.883007e-03 1.479220e-03 9.323365e-04 4.372110e-04 2.239415e-04 1.234878e-04 3.491204e-05 2.984944e-06 8.754822e-08 1.084164e-09 1.211327e-11 1.535963e-13 1.864501e-15 6.932037e-18 2.698196e-21 1.678448e-25 5.330377e-31 1.813966e-38 0.000000e+00 0.000000e+00 0.000000e+00 0.000000e+00 0.000000e+00 0.000000e+00 0.000000e+00 0.000000e+00 0.000000e+00 0.000000e+00 4.485877e-36 2.111611e-24 2.698476e-20 6.841626e-20 6.583995e-20 1.529349e-20 3.885570e-20 2.971744e-20 7.918477e-24 7.621475e-29 2.459925e-33 1.487085e-36 3.074169e-41 0.000000e+00 0.000000e+00 0.000000e+00 0.000000e+00 0.000000e+00 0.000000e+00
1.436959e-37 0.000000e+00 7.497067e-39 4.804463e-33 6.001890e-25 1.122583e-16 1.905227e-14 9.466019e-17 3.041679e-11 2.826501e-11 5.076000e-12 1.323472e-09 3.293914e-06 4.912441e-05 1.155242e-05 4.648271e-04 1.027268e-05 1.855044e-04 4.703740e-04 1.688359e-05 6.011702e-05 1.035728e-03 1.188947e-04 9.610884e-05 2.525303e-04 1.007724e-03 1.474566e-03 3.900411e-04 2.844105e-04 5.011748e-04 5.909149e-04 6.853190e-04 7.389198e-04 8.450675e-04 1.025227e-03 9.765144e-04 1.150097e-03 1.139032e-03 1.250252e-03 1.324714e-03 1.260702e-03 1.422697e-03 1.384323e-03 1.653278e-03 1.641042e-03 1.612875e-03 1.883519e-03 1.937127e-03 2.287243e-03 2.653961e-03 2.901828e-03 3.105713e-03 2.976937e-03 3.122179e-03 3.149214e-03 3.226080e-03 3.667776e-03 4.015218e-03 4.619709e-03 5.746372e-03 6.832899e-03 8.088616e-03 9.710093e-03 1.103537e-02 1.225154e-02 1.361764e-02 1.491581e-02 1.609471e-02 1.690428e-02 1.773764e-02 1.956368e-02 2.140494e-02 2.235922e-02 2.409202e-02 2.666109e-02 2.836186e-02 2.956947e-02 3.103217e-02 3.169678e-02 3.247778e-02 3.412423e-02 3.560254e-02 3.586468e-02 3.631373e-02 3.711918e-02 3.756276e-02 3.750757e-02 3.769587e-02 3.707351e-02 3.559040e-02 3.403617e-02 3.300211e-02 3.169591e-02 2.970921e-02 2.823918e-02 2.772658e-02 2.714535e-02 2.580801e-02 2.516553e-02 2.605874e-02 2.732798e-02 2.797889e-02 2.936770e-02 3.063481e-02 3.084303e-02 3.137484e-02 3.239356e-02 3.355720e-02 3.505838e-02 3.564095e-02 3.392415e-02 3.119527e-02 2.974481e-02 2.913531e-02 2.925155e-02 2.996100e-02 2.900275e-02 2.759930e-02 2.582940e-02 2.372820e-02 2.339035e-02 2.302727e-02 2.205784e-02 2.252734e-02 2.470731e-02 2.789452e-02 2.808211e-02 2.375891e-02 1.803595e-02 1.379027e-02 1.245160e-02 1.231408e-02 1.092849e-02 8.507602e-03 5.843193e-03 4.049606e-03 3.108421e-03 2.839107e-03 2.682422e-03 2.152946e-03 1.219990e-03 5.495537e-04 2.705392e-04 1.508298e-04 3.712278e-05 2.324591e-06 5.391630e-08 1.003196e-09 3.175655e-11 2.518629e-12 1.498229e-13 1.462386e-15 5.562609e-19 8.456374e-24 1.150744e-29 7.226319e-37 2.802597e-45 0.000000e+00 0.000000e+00 0.000000e+00 0.000000e+00 0.000000e+00 0.000000e+00 0.000000e+00 0.000000e+00 0.000000e+00 1.961818e-44 1.486016e-28 3.670384e-21 3.770822e-19 4.496491e-19 5.060696e-19 6.750293e-19 3.977100e-19 1.056396e-21 2.842795e-25 8.382534e-29 1.403240e-33 3.331027e-41 0.000000e+00 0.000000e+00 0.000000e+00 0.000000e+00 0.000000e+00 0.000000e+00
0.000000e+00 0.000000e+00 1.198573e-40 3.017159e-30 6.391436e-26 1.797616e-22 1.000746e-17 1.724710e-12 4.150276e-11 1.717986e-10 5.024420e-12 2.852972e-09 1.177825e-06 1.991488e-07 3.171908e-06 7.088751e-06 2.647974e-05 1.223659e-04 6.805882e-04 5.564473e-06 7.507992e-05 6.510764e-04 5.794430e-05 4.773038e-05 2.268774e-04 5.044942e-04 4.557563e-04 2.552792e-04 3.648220e-04 5.816684e-04 6.111953e-04 8.051398e-04 7.460678e-04 1.109662e-03 1.165923e-03 1.283053e-03 1.328885e-03 1.268785e-03 1.380801e-03 1.207079e-03 1.327195e-03 1.294570e-03 1.389581e-03 1.490323e-03 1.433238e-03 1.601916e-03 1.687289e-03 2.013474e-03 2.492695e-03 2.813701e-03 3.334108e-03 3.701890e-03 4.145158e-03 4.400453e-03 4.544446e-03 4.880733e-03 4.566009e-03 4.845409e-03 5.819289e-03 6.120757e-03 7.214556e-03 8.771596e-03 9.541844e-03 1.155117e-02 1.457335e-02 1.761376e-02 2.244239e-02 2.633161e-02 2.737334e-02 2.981437e-02 3.141635e-02 2.964429e-02 3.026433e-02 3.274122e-02 3.214521e-02 3.149564e-02 3.392599e-02 3.547530e-02 3.515010e-02 3.746107e-02 4.171694e-02 4.357519e-02 4.357612e-02 4.514607e-02 4.686694e-02 4.727914e-02 4.631511e-02 4.431137e-02 4.234937e-02 4.207451e-02 4.203594e-02 4.034788e-02 3.716822e-02 3.546466e-02 3.490113e-02 3.506224e-02 3.545074e-02 3.585962e-02 3.568044e-02 3.509035e-02 3.455471e-02 3.423411e-02 3.443540e-02 3.531883e-02 3.602220e-02 3.662023e-02 3.792576e-02 3.865949e-02 3.674048e-02 3.543907e-02 3.652056e-02 3.821519e-02 3.840119e-02 3.731836e-02 3.524003e-02 3.418919e-02 3.455693e-02 3.347473e-02 3.164655e-02 2.885504e-02 2.551413e-02 2.459589e-02 2.540014e-02 2.673413e-02 2.837523e-02 2.735462e-02 2.275454e-02 1.730854e-02 1.381758e-02 1.269004e-02 1.218791e-02 1.103931e-02 8.068266e-03 4.996764e-03 3.328871e-03 2.890168e-03 3.099059e-03 3.318098e-03 2.543459e-03 1.200242e-03 4.053615e-04 1.689020e-04 9.389473e-05 4.503473e-05 5.639528e-06 1.559820e-07 2.449097e-09 8.608796e-11 1.133482e-11 5.306009e-12 1.034908e-12 7.741946e-15 2.104246e-18 4.552652e-23 1.131049e-28 3.186906e-35 8.365752e-43 0.000000e+00 0.000000e+00 0.000000e+00 0.000000e+00 0.000000e+00 0.000000e+00 0.000000e+00 0.000000e+00 0.000000e+00 0.000000e+00 2.296889e-32 5.068918e-22 2.713063e-18 6.284139e-18 4.895450e-18 1.283464e-17 2.348263e-17 2.825372e-18 9.475400e-21 5.810684e-25 1.675907e-32 5.072700e-43 0.000000e+00 0.000000e+00 0.000000e+00 0.000000e+00 0.000000e+00 0.000000e+00
1.376179e-07 0.000000e+00 6.445973e-44 6.933493e-34 1.327941e-26 1.748037e-20 1.789784e-18 1.720553e-14 1.155181e-12 3.481102e-11 2.209377e-10 4.092336e-10 3.539049e-08 3.035962e-08 4.571315e-05 4.896204e-06 5.207339e-05 1.054029e-04 5.129569e-05 4.417824e-05 1.297212e-04 4.897333e-04 1.049664e-04 8.272877e-05 1.248516e-04 4.962265e-04 5.274877e-04 4.957071e-04 8.419727e-04 1.052556e-03 1.345038e-03 9.530139e-04 1.064920e-03 1.125806e-03 1.144458e-03 1.301044e-03 1.309601e-03 1.696342e-03 1.317130e-03 1.350858e-03 1.391392e-03 1.439932e-03 1.665569e-03 1.453258e-03 1.604746e-03 1.739591e-03 1.899312e-03 2.400786e-03 2.636702e-03 3.202592e-03 4.128651e-03 4.742823e-03 5.626399e-03 6.237834e-03 6.205465e-03 6.241579e-03 6.636435e-03 6.878435e-03 6.898334e-03 7.481060e-03 7.976506e-03 8.402640e-03 1.032547e-02 1.292131e-02 1.673443e-02 2.385378e-02 2.986952e-02 3.393726e-02 3.978674e-02 4.013352e-02 3.589705e-02 3.659891e-02 3.792550e-02 3.332781e-02 3.102357e-02 3.365602e-02 3.394796e-02 3.233478e-02 3.496357e-02 3.948145e-02 4.080037e-02 4.229969e-02 4.622255e-02 5.033942e-02 5.268260e-02 5.452198e-02 5.374771e-02 5.107741e-02 5.053624e-02 5.251665e-02 5.198308e-02 4.800351e-02 4.497426e-02 4.482355e-02 4.552940e-02 4.493858e-02 4.388016e-02 4.339207e-02 4.230769e-02 4.081133e-02 3.911532e-02 3.917870e-02 4.064906e-02 4.182284e-02 4.266138e-02 4.240899e-02 3.999430e-02 3.887559e-02 3.928402e-02 4.007512e-02 4.239244e-02 4.652440e-02 4.925233e-02 4.779803e-02 4.498801e-02 4.213111e-02 4.070080e-02 3.939432e-02 3.516676e-02 3.053481e-02 2.735462e-02 2.587142e-02 2.777801e-02 2.848107e-02 2.491017e-02 2.097362e-02 1.865628e-02 1.863430e-02 1.879724e-02 1.693362e-02 1.219161e-02 7.434798e-03 4.914615e-03 4.097695e-03 4.390749e-03 5.017197e-03 4.521662e-03 2.652188e-03 1.041761e-03 3.810528e-04 1.687219e-04 8.402957e-05 2.279727e-05 1.659717e-06 3.229351e-08 7.258522e-10 8.528372e-11 7.162339e-11 9.919594e-11 3.722438e-11 1.089033e-12 1.408976e-15 2.532161e-19 2.118667e-23 3.914677e-28 7.859428e-34 2.211319e-40 0.000000e+00 0.000000e+00 0.000000e+00 0.000000e+00 0.000000e+00 0.000000e+00 0.000000e+00 0.000000e+00 0.000000e+00 0.000000e+00 1.815808e-38 2.995764e-24 1.776507e-18 3.829457e-17 1.787946e-17 7.265429e-17 5.215090e-16 9.421375e-17 1.115785e-19 2.546049e-26 1.747901e-36 0.000000e+00 0.000000e+00 0.000000e+00 0.000000e+00 0.000000e+00 0.000000e+00 0.000000e+00
1.284272e-18 0.000000e+00 1.401298e-45 1.554458e-33 1.211052e-26 3.935673e-19 2.102570e-15 3.298743e-13 1.578800e-12 1.902497e-10 3.707285e-09 6.480251e-09 1.047543e-07 1.398770e-06 4.225944e-05 4.527963e-05 1.800457e-05 4.160078e-05 2.255709e-06 1.631219e-05 1.650414e-04 1.990322e-04 1.191998e-04 1.087682e-04 3.534492e-04 1.252582e-03 7.936895e-04 8.637742e-04 1.090256e-03 1.481183e-03 1.179042e-03 1.250156e-03 1.282829e-03 1.281475e-03 1.353237e-03 1.191337e-03 1.724695e-03 1.534270e-03 1.649294e-03 1.815245e-03 1.563783e-03 1.883606e-03 1.575554e-03 1.802113e-03 2.002259e-03 2.002391e-03 2.555763e-03 2.521765e-03 2.892127e-03 3.699734e-03 4.103826e-03 5.619037e-03 6.914777e-03 7.025104e-03 8.268677e-03 8.911294e-03 8.695734e-03 9.269838e-03 9.222305e-03 8.544617e-03 8.998506e-03 1.002494e-02 1.092289e-02 1.403742e-02 1.936816e-02 2.374786e-02 2.989515e-02 3.807465e-02 4.009708e-02 3.997709e-02 4.281507e-02 4.083465e-02 3.484185e-02 3.317414e-02 3.397122e-02 3.243378e-02 3.193003e-02 3.530716e-02 3.790746e-02 3.856343e-02 4.194715e-02 4.746839e-02 5.039820e-02 5.281314e-02 5.549641e-02 5.596629e-02 5.541420e-02 5.745609e-02 5.962937e-02 5.821401e-02 5.542999e-02 5.391825e-02 5.333547e-02 5.260804e-02 5.285385e-02 5.355396e-02 5.215675e-02 4.690005e-02 4.264007e-02 4.303728e-02 4.604962e-02 4.783516e-02 4.849077e-02 4.811356e-02 4.625035e-02 4.395405e-02 4.130220e-02 3.980257e-02 4.126206e-02 4.567342e-02 4.923100e-02 5.108714e-02 5.350334e-02 5.373574e-02 5.111904e-02 4.738869e-02 4.219311e-02 3.723947e-02 3.343420e-02 2.957344e-02 2.724923e-02 2.522953e-02 2.288993e-02 2.240006e-02 2.172097e-02 2.090830e-02 2.082440e-02 2.021574e-02 1.768473e-02 1.313228e-02 9.309351e-03 7.305827e-03 7.317198e-03 8.421958e-03 8.649169e-03 6.450924e-03 3.336375e-03 1.384138e-03 5.992212e-04 2.773365e-04 1.068687e-04 2.115012e-05 1.458030e-06 4.746535e-08 2.369556e-09 7.433602e-10 1.879699e-09 4.743285e-09 1.347716e-09 2.353771e-11 6.022011e-14 8.040225e-17 7.524401e-20 4.162811e-23 4.895303e-27 4.148822e-32 4.387753e-38 1.121039e-44 0.000000e+00 0.000000e+00 0.000000e+00 0.000000e+00 0.000000e+00 0.000000e+00 0.000000e+00 0.000000e+00 0.000000e+00 0.000000e+00 4.064523e-29 1.172959e-20 1.292477e-18 1.162447e-18 3.043766e-18 6.277630e-18 2.009831e-19 1.292053e-24 3.248644e-33 1.681558e-44 0.000000e+00 0.000000e+00 0.000000e+00 0.000000e+00 0.000000e+00 0.000000e+00 0.000000e+00
6.117355e-07 0.000000e+00 4.526194e-43 1.028103e-30 8.716318e-20 7.182288e-18 1.071799e-16 2.955360e-15 4.543622e-12 3.840566e-11 5.850545e-11 6.275353e-11 2.649735e-09 5.811141e-07 1.950200e-07 4.311287e-05 1.701623e-05 1.830310e-06 2.514834e-06 2.484818e-06 2.471793e-05 4.111997e-05 2.875415e-05 1.018541e-04 4.653624e-04 8.336152e-04 4.842075e-04 6.358051e-04 1.061943e-03 7.816070e-04 7.863168e-04 8.517519e-04 9.335886e-04 1.230318e-03 1.097107e-03 1.414794e-03 1.331577e-03 1.448390e-03 1.776024e-03 1.504622e-03 2.010920e-03 1.768456e-03 1.900182e-03 2.243400e-03 2.221998e-03 3.137450e-03 3.123696e-03 3.400918e-03 4.094226e-03 4.066925e-03 5.295711e-03 6.239013e-03 6.692533e-03 9.136599e-03 1.040078e-02 1.068602e-02 1.222869e-02 1.214920e-02 1.118191e-02 1.144830e-02 1.152394e-02 1.154013e-02 1.313781e-02 1.557558e-02 1.758420e-02 2.228580e-02 3.034955e-02 3.520925e-02 3.886848e-02 4.339433e-02 4.217555e-02 3.797733e-02 3.727518e-02 3.716203e-02 3.506284e-02 3.479871e-02 3.784510e-02 4.065382e-02 4.220938e-02 4.594602e-02 5.098360e-02 5.381628e-02 5.384906e-02 5.383906e-02 5.530033e-02 5.799634e-02 6.051961e-02 6.192267e-02 6.072001e-02 5.894965e-02 5.807815e-02 5.774590e-02 5.774689e-02 5.831729e-02 5.857847e-02 5.654319e-02 5.397183e-02 5.114939e-02 4.846590e-02 4.826127e-02 5.134334e-02 5.522417e-02 5.643514e-02 5.364250e-02 4.875905e-02 4.472186e-02 4.356264e-02 4.622490e-02 5.022962e-02 5.346913e-02 5.596706e-02 5.525451e-02 5.506126e-02 5.742761e-02 5.661740e-02 5.018909e-02 4.287490e-02 3.684579e-02 3.329123e-02 3.045137e-02 2.657699e-02 2.365004e-02 2.152869e-02 2.034984e-02 2.108971e-02 2.117957e-02 1.981309e-02 1.707755e-02 1.350368e-02 1.073299e-02 9.482012e-03 9.997794e-03 1.136584e-02 1.139803e-02 8.121379e-03 3.949970e-03 1.727321e-03 8.793685e-04 5.439282e-04 2.785999e-04 7.634958e-05 9.925740e-06 9.274020e-07 1.177379e-07 5.388991e-08 9.237959e-08 2.246811e-07 1.096676e-07 5.066844e-09 6.060939e-11 4.117569e-13 1.926852e-15 7.417490e-18 9.124136e-21 1.503704e-24 3.180379e-29 6.039263e-35 1.828274e-41 0.000000e+00 0.000000e+00 0.000000e+00 0.000000e+00 0.000000e+00 0.000000e+00 0.000000e+00 0.000000e+00 0.000000e+00 0.000000e+00 1.113121e-38 2.894551e-27 9.559153e-24 1.709207e-23 1.042215e-23 1.157701e-24 7.874181e-28 1.063302e-33 8.954297e-43 0.000000e+00 0.000000e+00 0.000000e+00 0.000000e+00 0.000000e+00 0.000000e+00 0.000000e+00 0.000000e+00
1.596088e-19 0.000000e+00 8.295687e-43 2.352808e-31 1.756236e-23 3.985400e-20 4.711423e-18 3.331887e-14 3.465642e-12 5.307841e-12 1.100729e-11 2.678509e-11 1.265722e-09 5.408756e-07 4.267923e-07 4.141286e-06 3.031361e-05 3.943655e-06 2.619500e-05 8.993830e-06 1.905513e-05 4.414045e-05 6.284215e-05 1.751827e-04 3.653652e-04 3.873374e-04 2.604735e-04 3.128347e-04 2.872985e-04 3.586423e-04 4.691150e-04 6.245891e-04 7.686074e-04 7.337652e-04 9.713157e-04 1.101066e-03 1.249422e-03 1.664367e-03 1.550148e-03 2.026817e-03 1.969394e-03 2.084864e-03 2.552856e-03 2.309456e-03 3.112169e-03 3.248765e-03 3.726272e-03 5.210767e-03 5.366046e-03 6.416391e-03 7.112165e-03 7.325340e-03 9.091489e-03 9.618274e-03 1.030432e-02 1.315690e-02 1.465233e-02 1.534824e-02 1.679850e-02 1.667294e-02 1.577231e-02 1.583684e-02 1.613708e-02 1.644157e-02 1.831461e-02 2.222004e-02 2.611904e-02 2.970293e-02 3.526611e-02 3.917637e-02 3.916871e-02 3.987602e-02 4.127971e-02 3.958622e-02 3.794907e-02 4.031588e-02 4.295348e-02 4.280736e-02 4.549828e-02 5.300833e-02 5.642458e-02 5.456360e-02 5.531396e-02 5.913020e-02 5.993238e-02 5.965977e-02 6.190434e-02 6.519400e-02 6.531613e-02 6.326813e-02 6.194301e-02 6.192213e-02 6.255914e-02 6.222966e-02 6.046117e-02 5.668228e-02 5.266679e-02 5.121277e-02 5.163642e-02 5.304694e-02 5.447289e-02 5.555364e-02 5.651822e-02 5.489662e-02 5.324844e-02 5.354526e-02 5.479205e-02 5.611119e-02 5.742292e-02 5.757556e-02 5.757958e-02 5.944962e-02 5.923629e-02 5.692457e-02 5.574935e-02 5.219779e-02 4.587509e-02 3.984838e-02 3.424066e-02 2.991967e-02 2.659542e-02 2.394450e-02 2.345821e-02 2.385564e-02 2.439697e-02 2.433363e-02 2.080527e-02 1.657899e-02 1.425557e-02 1.411551e-02 1.529887e-02 1.569714e-02 1.304621e-02 8.096671e-03 4.311914e-03 2.472157e-03 1.954896e-03 1.883385e-03 1.452531e-03 5.889130e-04 1.282457e-04 2.246465e-05 7.596598e-06 7.329846e-06 1.717005e-05 4.061246e-05 3.273860e-05 4.547043e-06 1.142123e-07 1.288678e-09 1.642994e-11 1.657298e-13 1.084680e-15 4.868007e-18 4.345859e-21 3.502577e-25 1.422828e-30 9.764592e-38 0.000000e+00 0.000000e+00 0.000000e+00 0.000000e+00 0.000000e+00 0.000000e+00 0.000000e+00 0.000000e+00 0.000000e+00 0.000000e+00 1.401298e-45 2.754040e-34 4.255681e-29 9.283574e-29 1.782978e-30 5.047746e-33 1.376388e-36 6.978466e-42 0.000000e+00 0.000000e+00 0.000000e+00 0.000000e+00 0.000000e+00 0.000000e+00 0.000000e+00 0.000000e+00 0.000000e+00
1.578202e-24 0.000000e+00 3.145915e-41 1.548956e-34 2.800192e-26 2.354245e-19 6.484702e-15 1.550962e-09 2.729554e-08 4.566834e-11 9.957364e-10 9.008896e-09 3.759295e-07 1.099962e-06 6.299906e-07 9.896645e-07 4.678715e-05 3.295910e-05 1.434748e-04 8.991182e-04 4.598360e-04 2.569678e-04 3.274818e-04 3.560561e-04 4.086675e-04 3.248026e-04 2.987428e-04 3.541628e-04 3.501129e-04 4.153980e-04 4.641678e-04 5.399786e-04 5.724874e-04 6.593634e-04 7.929162e-04 9.952040e-04 1.351901e-03 1.338273e-03 1.598764e-03 1.725675e-03 2.042283e-03 2.670864e-03 2.506665e-03 3.116308e-03 3.371065e-03 3.733624e-03 5.085494e-03 5.397907e-03 6.841743e-03 8.205064e-03 8.329972e-03 9.365716e-03 9.824012e-03 1.044698e-02 1.241623e-02 1.424872e-02 1.618630e-02 1.882950e-02 1.984640e-02 1.970887e-02 2.012210e-02 1.971932e-02 1.851439e-02 1.851305e-02 1.976969e-02 2.059830e-02 2.158940e-02 2.524267e-02 3.002377e-02 3.245923e-02 3.536917e-02 4.093995e-02 4.305298e-02 4.162246e-02 4.257347e-02 4.419517e-02 4.445823e-02 4.703296e-02 5.092730e-02 5.265340e-02 5.379262e-02 5.833388e-02 6.232837e-02 6.281146e-02 6.357060e-02 6.711420e-02 7.022499e-02 7.077576e-02 6.978867e-02 6.942088e-02 7.039576e-02 7.153871e-02 7.042605e-02 6.701884e-02 6.382733e-02 6.226378e-02 6.143055e-02 5.990499e-02 5.830530e-02 5.785402e-02 5.893597e-02 5.846272e-02 5.831234e-02 5.874282e-02 5.959959e-02 6.169649e-02 6.345566e-02 6.326401e-02 6.074013e-02 6.064536e-02 6.176737e-02 6.233892e-02 6.293426e-02 5.949003e-02 5.581111e-02 5.497883e-02 5.144266e-02 4.339853e-02 3.540869e-02 3.000609e-02 2.838194e-02 2.970401e-02 3.152962e-02 3.255557e-02 2.947434e-02 2.479826e-02 2.231142e-02 2.152691e-02 2.228981e-02 2.344587e-02 2.239627e-02 1.785019e-02 1.225287e-02 8.434913e-03 7.340240e-03 8.309832e-03 9.612436e-03 7.670323e-03 3.490254e-03 1.086771e-03 3.968459e-04 2.823878e-04 5.028668e-04 1.566845e-03 3.866211e-03 3.331411e-03 5.331541e-04 1.531474e-05 1.812434e-07 2.561597e-09 8.943863e-11 6.861631e-12 4.016749e-13 9.479679e-15 4.340126e-17 4.644006e-21 5.422249e-27 7.274596e-35 1.541428e-44 0.000000e+00 0.000000e+00 0.000000e+00 0.000000e+00 0.000000e+00 0.000000e+00 0.000000e+00 0.000000e+00 0.000000e+00 0.000000e+00 1.261006e-39 6.951944e-32 9.273074e-32 3.327013e-34 2.364666e-37 1.350880e-40 2.101948e-44 0.000000e+00 0.000000e+00 0.000000e+00 0.000000e+00 0.000000e+00 0.000000e+00 0.000000e+00 0.000000e+00 0.000000e+00
1.401298e-45 0.000000e+00 3.545285e-43 4.917683e-28 1.859008e-23 4.242834e-17 3.685470e-13 1.021853e-10 4.481631e-10 3.854570e-11 1.840008e-09 1.754472e-07 7.639806e-06 1.140273e-06 8.441576e-07 1.227940e-05 1.567439e-03 1.593945e-04 2.332500e-04 2.939036e-03 4.389784e-03 1.204884e-03 1.613110e-03 1.850675e-03 1.100028e-03 4.767493e-04 3.430931e-04 4.123093e-04 5.283136e-04 5.749548e-04 5.257288e-04 6.481918e-04 7.007878e-04 8.616691e-04 9.453617e-04 9.993742e-04 1.020792e-03 1.112755e-03 1.321204e-03 1.567540e-03 2.043032e-03 2.168734e-03 2.817052e-03 3.459818e-03 3.781451e-03 4.967171e-03 5.030630e-03 5.816918e-03 7.198372e-03 7.355105e-03 9.023909e-03 1.025911e-02 1.023612e-02 1.173940e-02 1.327224e-02 1.369280e-02 1.510364e-02 1.674181e-02 1.736152e-02 1.902064e-02 2.058985e-02 2.006157e-02 2.032765e-02 2.117218e-02 1.952194e-02 1.880478e-02 2.135280e-02 2.346572e-02 2.430743e-02 2.827801e-02 3.396347e-02 3.655361e-02 3.945255e-02 4.400086e-02 4.721159e-02 4.852379e-02 5.065219e-02 5.263627e-02 5.347420e-02 5.661858e-02 6.256752e-02 6.642421e-02 6.568143e-02 6.716144e-02 7.353134e-02 7.920907e-02 7.917841e-02 7.664187e-02 7.602082e-02 7.752566e-02 7.960289e-02 8.188428e-02 8.484145e-02 8.720784e-02 8.778303e-02 8.641392e-02 8.422802e-02 8.210718e-02 7.844027e-02 7.378227e-02 6.967351e-02 6.680482e-02 6.583916e-02 6.911713e-02 7.551585e-02 7.981978e-02 7.782206e-02 7.399657e-02 7.156935e-02 7.163936e-02 7.490575e-02 7.665818e-02 7.481107e-02 7.264575e-02 6.813106e-02 6.226649e-02 5.745075e-02 5.062617e-02 4.375103e-02 4.016534e-02 3.958151e-02 4.176324e-02 4.342429e-02 4.165741e-02 3.917602e-02 3.622783e-02 3.487883e-02 3.518370e-02 3.313639e-02 2.880328e-02 2.369251e-02 2.033391e-02 1.995536e-02 2.294887e-02 2.806150e-02 3.019026e-02 2.405451e-02 1.381026e-02 6.376444e-03 3.439641e-03 3.090424e-03 4.968990e-03 1.173482e-02 2.586226e-02 2.561846e-02 6.159255e-03 2.877401e-04 4.221989e-06 6.954868e-08 4.943758e-09 1.686067e-09 1.197673e-09 4.734548e-10 2.205535e-11 5.395660e-14 2.835186e-18 1.633181e-24 3.588685e-32 7.868571e-41 0.000000e+00 0.000000e+00 0.000000e+00 0.000000e+00 0.000000e+00 0.000000e+00 0.000000e+00 0.000000e+00 0.000000e+00 0.000000e+00 5.605194e-45 1.683074e-34 1.441173e-32 1.531154e-34 3.279316e-37 4.698960e-40 1.681558e-43 0.000000e+00 0.000000e+00 0.000000e+00 0.000000e+00 0.000000e+00 0.000000e+00 0.000000e+00 0.000000e+00 0.000000e+00
3.293051e-43 0.000000e+00 2.104066e-32 1.669570e-25 4.758667e-19 3.506455e-12 7.776919e-11 1.053221e-11 6.568598e-11 5.596651e-10 3.460630e-08 1.154463e-06 4.046829e-05 3.263546e-06 1.223950e-05 8.370450e-05 1.291075e-03 9.490248e-05 4.101618e-05 5.792173e-04 7.718495e-04 6.354786e-04 1.412432e-03 1.992719e-03 7.982599e-04 6.845785e-04 8.585390e-04 8.610026e-04 8.646286e-04 7.195995e-04 9.432933e-04 1.041995e-03 1.356347e-03 1.259532e-03 1.250639e-03 1.248385e-03 1.118181e-03 1.335673e-03 1.401283e-03 1.784523e-03 1.991793e-03 2.506644e-03 3.406589e-03 3.789097e-03 5.034192e-03 4.633054e-03 4.740357e-03 5.920063e-03 5.522999e-03 6.933345e-03 8.129528e-03 8.166592e-03 1.068043e-02 1.162143e-02 1.123556e-02 1.322860e-02 1.401808e-02 1.390797e-02 1.614893e-02 1.795292e-02 1.799667e-02 2.014550e-02 2.218354e-02 2.048279e-02 2.025880e-02 2.223208e-02 2.173911e-02 2.171397e-02 2.560734e-02 2.851935e-02 2.910118e-02 3.228775e-02 3.850927e-02 4.345416e-02 4.862034e-02 5.494457e-02 5.761835e-02 5.898429e-02 6.488409e-02 7.169610e-02 7.008234e-02 6.628110e-02 7.110791e-02 8.239736e-02 8.455435e-02 7.850163e-02 7.554783e-02 7.753475e-02 7.700869e-02 7.465070e-02 7.641578e-02 8.381377e-02 9.277976e-02 9.918371e-02 1.048186e-01 1.078728e-01 1.051361e-01 9.805505e-02 9.074918e-02 8.528502e-02 8.035881e-02 7.856154e-02 8.220502e-02 8.629328e-02 8.742311e-02 8.763430e-02 8.784359e-02 9.025182e-02 9.285450e-02 9.287224e-02 8.872101e-02 8.619086e-02 8.552413e-02 8.198867e-02 7.765579e-02 6.916914e-02 6.090588e-02 5.851172e-02 5.864688e-02 6.026502e-02 6.150205e-02 6.012233e-02 5.842330e-02 5.537020e-02 5.269293e-02 5.177514e-02 4.990243e-02 4.871814e-02 4.697777e-02 4.343504e-02 4.178080e-02 4.384024e-02 4.918832e-02 5.311915e-02 5.105436e-02 4.258254e-02 2.973211e-02 1.862939e-02 1.128560e-02 8.479683e-03 1.053672e-02 2.092055e-02 4.196244e-02 4.358007e-02 1.172587e-02 6.688786e-04 1.414069e-05 3.964356e-07 5.590809e-08 7.534142e-08 3.409829e-07 7.003355e-07 1.795660e-07 2.385226e-09 8.655500e-13 1.295130e-17 1.571874e-23 3.639096e-30 2.467895e-37 1.401298e-45 0.000000e+00 0.000000e+00 0.000000e+00 0.000000e+00 0.000000e+00 0.000000e+00 0.000000e+00 0.000000e+00 0.000000e+00 1.401298e-45 6.531291e-37 1.078965e-31 6.836273e-32 3.320020e-34 1.991776e-37 2.385010e-41 0.000000e+00 0.000000e+00 0.000000e+00 0.000000e+00 0.000000e+00 0.000000e+00 0.000000e+00 0.000000e+00 0.000000e+00
1.401298e-45 2.183784e-41 1.754696e-32 9.897585e-22 6.031875e-15 5.698612e-12 4.929849e-09 5.874119e-10 3.286316e-07 2.717532e-06 3.527038e-06 2.696425e-05 2.178881e-05 9.243086e-06 1.030536e-04 5.457264e-05 2.116391e-05 7.077683e-06 1.075987e-05 1.285999e-04 2.099344e-04 7.957804e-05 2.306294e-04 5.369976e-04 6.186340e-04 7.669901e-04 1.052301e-03 1.224795e-03 1.269262e-03 1.497537e-03 1.519957e-03 1.908342e-03 1.898266e-03 2.029739e-03 2.189831e-03 1.809045e-03 2.022381e-03 1.737841e-03 2.098384e-03 2.459161e-03 2.802786e-03 3.581058e-03 3.558422e-03 4.201919e-03 4.230125e-03 4.439809e-03 5.258178e-03 4.697718e-03 5.775178e-03 6.793506e-03 6.950313e-03 9.305162e-03 9.595426e-03 9.679290e-03 1.194974e-02 1.191949e-02 1.258235e-02 1.569176e-02 1.687864e-02 1.783847e-02 2.066676e-02 2.142586e-02 2.098194e-02 2.263037e-02 2.388806e-02 2.275851e-02 2.244010e-02 2.403985e-02 2.586879e-02 2.763375e-02 3.066084e-02 3.480028e-02 3.840028e-02 4.078289e-02 4.343293e-02 4.735137e-02 5.302903e-02 6.135605e-02 6.703878e-02 6.721067e-02 6.798778e-02 7.404711e-02 7.885465e-02 7.881636e-02 7.734372e-02 7.802677e-02 7.830361e-02 7.729750e-02 7.611858e-02 7.713007e-02 8.046116e-02 8.575000e-02 9.331441e-02 1.020408e-01 1.095528e-01 1.121578e-01 1.094640e-01 1.027955e-01 9.520965e-02 9.254294e-02 9.523360e-02 9.607043e-02 9.395937e-02 9.171122e-02 9.201001e-02 9.660421e-02 1.038322e-01 1.085548e-01 1.058994e-01 9.971805e-02 9.520552e-02 9.171649e-02 9.111058e-02 8.585925e-02 7.593782e-02 7.029910e-02 6.836949e-02 7.079748e-02 7.554960e-02 7.483730e-02 6.868405e-02 6.193506e-02 5.804963e-02 5.747326e-02 5.659552e-02 5.509937e-02 5.280377e-02 4.956141e-02 4.903595e-02 5.164534e-02 5.566268e-02 6.113333e-02 6.548566e-02 6.513949e-02 5.507924e-02 4.002274e-02 2.514367e-02 1.635006e-02 1.414355e-02 1.884647e-02 3.509960e-02 5.639990e-02 3.484153e-02 5.397778e-03 2.628608e-04 1.039628e-05 1.118623e-06 8.588430e-07 4.831773e-06 5.836712e-05 2.085930e-04 4.316742e-05 5.012086e-07 9.108841e-10 2.348838e-13 7.503776e-18 6.794970e-23 2.360799e-28 1.495441e-34 5.368374e-42 0.000000e+00 0.000000e+00 0.000000e+00 0.000000e+00 0.000000e+00 0.000000e+00 0.000000e+00 0.000000e+00 0.000000e+00 0.000000e+00 1.784935e-39 5.749006e-30 4.424519e-28 1.332799e-29 7.598396e-33 1.291092e-36 2.442743e-41 0.000000e+00 0.000000e+00 0.000000e+00 0.000000e+00 0.000000e+00 0.000000e+00 0.000000e+00 0.000000e+00
7.607082e-39 1.401298e-45 3.174212e-31 1.912994e-20 6.004579e-14 5.388784e-11 4.536341e-09 3.249912e-08 5.336811e-05 4.317613e-04 7.159122e-05 1.219111e-04 5.061609e-05 3.138983e-04 2.302450e-03 1.875054e-04 9.016773e-06 3.817380e-06 7.545565e-06 3.130429e-05 4.191604e-05 1.811425e-05 2.348857e-05 1.250814e-04 2.724860e-04 4.463521e-04 8.428508e-04 1.103112e-03 1.692350e-03 1.720184e-03 2.198343e-03 1.957651e-03 1.645653e-03 1.856500e-03 1.903694e-03 2.612538e-03 2.760490e-03 3.321569e-03 3.959381e-03 3.893650e-03 4.487496e-03 3.777259e-03 3.996093e-03 4.631800e-03 4.684438e-03 5.447750e-03 5.495683e-03 6.107491e-03 7.254067e-03 7.522484e-03 9.015256e-03 9.441919e-03 9.388706e-03 1.065044e-02 1.113546e-02 1.208472e-02 1.453005e-02 1.617072e-02 1.781037e-02 2.000695e-02 2.112211e-02 2.234751e-02 2.407542e-02 2.511545e-02 2.490109e-02 2.363432e-02 2.367007e-02 2.573924e-02 2.779757e-02 3.061819e-02 3.451033e-02 3.680954e-02 3.850184e-02 3.980821e-02 4.029697e-02 4.330522e-02 4.889880e-02 5.275658e-02 5.638508e-02 6.305677e-02 6.935583e-02 7.197397e-02 7.311081e-02 7.701245e-02 8.223667e-02 8.644138e-02 8.878259e-02 9.043361e-02 9.092654e-02 9.132495e-02 9.007274e-02 8.886127e-02 9.126181e-02 9.848436e-02 1.073391e-01 1.133297e-01 1.137183e-01 1.129867e-01 1.123982e-01 1.113762e-01 1.102761e-01 1.073445e-01 1.043583e-01 1.054188e-01 1.135500e-01 1.225507e-01 1.232862e-01 1.204407e-01 1.184828e-01 1.146260e-01 1.088231e-01 1.009945e-01 9.208938e-02 8.701610e-02 8.318020e-02 8.089995e-02 8.367507e-02 8.618735e-02 8.525159e-02 8.135492e-02 7.443015e-02 6.719899e-02 6.238590e-02 6.042854e-02 6.057188e-02 6.083208e-02 6.169711e-02 6.210914e-02 6.081675e-02 6.147225e-02 6.297103e-02 6.334340e-02 6.099400e-02 5.314352e-02 4.031880e-02 2.877632e-02 2.367660e-02 2.662285e-02 4.211171e-02 6.690048e-02 5.867021e-02 1.950262e-02 2.552249e-03 2.445418e-04 4.159170e-05 2.698602e-05 8.515057e-05 7.425325e-04 5.447967e-03 8.690733e-03 1.270121e-03 2.102746e-05 1.085619e-07 4.418103e-10 1.107811e-12 4.817028e-16 2.202871e-20 1.721422e-25 1.917566e-31 1.587227e-38 0.000000e+00 0.000000e+00 0.000000e+00 0.000000e+00 0.000000e+00 0.000000e+00 0.000000e+00 0.000000e+00 0.000000e+00 0.000000e+00 1.716591e-42 7.855718e-29 6.860769e-24 8.355429e-24 3.020599e-26 1.051162e-29 6.678588e-34 2.025423e-40 0.000000e+00 0.000000e+00 0.000000e+00 0.000000e+00 0.000000e+00 0.000000e+00 0.000000e+00
3.777902e-30 6.223869e-37 1.061272e-29 3.194243e-21 2.764577e-14 1.182758e-09 2.062439e-07 2.211215e-05 5.878064e-04 7.082918e-04 6.677676e-05 1.601159e-04 1.565881e-04 2.792058e-04 6.663175e-04 7.234968e-05 9.357921e-06 3.287976e-06 1.877672e-05 1.074253e-05 1.162732e-05 6.654602e-06 2.656034e-05 1.396959e-04 2.693169e-04 4.838985e-04 5.868496e-04 1.081543e-03 1.007229e-03 1.417193e-03 1.368951e-03 1.252210e-03 1.566126e-03 1.568425e-03 2.351865e-03 2.738852e-03 3.618977e-03 4.690680e-03 4.575454e-03 5.500722e-03 4.858378e-03 4.769376e-03 5.760959e-03 5.087591e-03 6.104001e-03 6.316937e-03 6.182381e-03 7.762541e-03 7.610295e-03 8.168203e-03 9.987364e-03 1.000524e-02 1.118260e-02 1.292431e-02 1.334240e-02 1.504079e-02 1.722933e-02 1.787457e-02 1.945247e-02 2.161574e-02 2.270705e-02 2.483739e-02 2.749732e-02 2.727950e-02 2.634632e-02 2.695357e-02 2.805270e-02 2.968031e-02 3.195263e-02 3.434398e-02 3.815975e-02 4.172594e-02 4.268589e-02 4.361879e-02 4.797830e-02 5.130084e-02 4.948695e-02 4.939158e-02 5.553371e-02 6.282454e-02 6.520814e-02 6.967127e-02 7.866368e-02 8.934537e-02 9.599517e-02 9.856144e-02 9.964222e-02 1.030530e-01 1.043458e-01 1.008877e-01 9.710562e-02 9.791087e-02 1.039444e-01 1.112719e-01 1.184813e-01 1.267468e-01 1.322312e-01 1.329333e-01 1.280649e-01 1.232662e-01 1.198449e-01 1.202999e-01 1.269814e-01 1.335486e-01 1.372353e-01 1.401538e-01 1.377030e-01 1.298683e-01 1.248576e-01 1.240018e-01 1.189307e-01 1.102350e-01 1.032604e-01 9.994350e-02 1.034468e-01 1.059910e-01 1.020321e-01 9.526596e-02 8.621614e-02 7.918873e-02 7.774259e-02 7.838958e-02 7.821604e-02 7.675796e-02 7.521562e-02 7.518836e-02 7.653064e-02 7.980502e-02 8.168725e-02 8.071612e-02 7.867470e-02 7.030004e-02 5.721701e-02 4.562239e-02 3.889628e-02 3.903451e-02 4.899347e-02 6.855275e-02 7.484615e-02 4.693088e-02 1.542001e-02 3.602150e-03 1.007779e-03 5.673631e-04 8.964482e-04 3.420066e-03 1.783693e-02 5.625805e-02 5.281858e-02 1.071377e-02 4.843957e-04 7.843500e-06 1.058280e-07 2.114484e-09 3.198442e-11 9.308805e-14 2.140737e-17 4.988256e-22 2.292138e-27 1.579879e-33 9.169957e-41 0.000000e+00 0.000000e+00 0.000000e+00 0.000000e+00 0.000000e+00 0.000000e+00 0.000000e+00 0.000000e+00 0.000000e+00 0.000000e+00 2.432564e-29 1.922952e-20 1.985165e-18 2.265373e-20 3.130721e-24 1.799003e-29 3.375826e-37 1.401298e-45 0.000000e+00 0.000000e+00 0.000000e+00 0.000000e+00 0.000000e+00 0.000000e+00
7.260260e-15 1.617587e-35 1.942738e-23 1.720527e-15 2.752568e-09 5.169535e-05 2.064399e-06 6.550720e-05 2.112611e-04 7.560075e-05 8.840118e-06 3.002003e-05 7.727063e-05 4.536478e-05 2.090504e-05 7.206683e-06 3.777472e-06 5.756425e-06 8.057648e-06 4.865070e-06 4.550521e-06 1.987813e-05 1.172014e-04 2.906666e-04 4.214220e-04 4.558796e-04 7.128335e-04 5.886564e-04 1.009182e-03 1.044686e-03 1.191658e-03 1.537423e-03 1.503783e-03 2.388495e-03 2.351950e-03 2.876109e-03 3.416443e-03 3.239827e-03 4.673116e-03 4.712209e-03 5.653452e-03 6.763906e-03 5.527765e-03 6.859718e-03 6.857420e-03 6.371059e-03 8.393358e-03 7.739462e-03 8.698190e-03 1.109052e-02 1.107281e-02 1.340118e-02 1.631748e-02 1.653045e-02 1.898062e-02 2.179105e-02 2.200254e-02 2.327574e-02 2.499344e-02 2.551558e-02 2.705200e-02 2.988538e-02 3.081239e-02 3.021268e-02 3.151314e-02 3.405776e-02 3.603985e-02 3.820128e-02 4.138072e-02 4.578197e-02 4.870838e-02 5.061722e-02 5.653147e-02 6.352665e-02 6.300186e-02 5.857754e-02 5.755671e-02 6.007617e-02 6.091262e-02 6.041019e-02 6.267107e-02 7.135849e-02 8.148513e-02 8.885749e-02 9.209017e-02 9.448868e-02 9.849475e-02 1.029807e-01 1.038414e-01 1.019033e-01 1.041353e-01 1.122521e-01 1.237888e-01 1.335523e-01 1.361695e-01 1.337229e-01 1.297712e-01 1.293989e-01 1.290694e-01 1.302343e-01 1.327974e-01 1.324061e-01 1.318871e-01 1.323452e-01 1.324844e-01 1.330010e-01 1.339440e-01 1.334929e-01 1.278162e-01 1.250632e-01 1.266819e-01 1.249929e-01 1.216816e-01 1.190528e-01 1.159927e-01 1.130747e-01 1.057754e-01 9.570187e-02 9.090949e-02 9.123759e-02 9.647417e-02 1.058115e-01 1.093706e-01 1.062779e-01 1.010440e-01 9.663703e-02 9.112508e-02 8.470070e-02 8.205581e-02 7.839566e-02 7.321346e-02 6.952464e-02 6.612778e-02 6.643891e-02 7.251222e-02 7.927218e-02 7.548656e-02 5.747337e-02 3.365948e-02 1.609609e-02 7.577495e-03 4.172557e-03 3.368949e-03 4.649127e-03 1.043340e-02 2.764990e-02 5.372144e-02 4.801729e-02 1.297724e-02 9.971589e-04 3.105407e-05 7.544465e-07 3.305910e-08 2.965322e-09 2.407217e-10 3.617698e-12 6.820771e-15 1.837745e-18 7.795960e-23 2.952953e-28 8.417668e-35 2.592402e-42 0.000000e+00 0.000000e+00 0.000000e+00 0.000000e+00 0.000000e+00 0.000000e+00 0.000000e+00 0.000000e+00 0.000000e+00 1.710901e-31 2.465530e-19 3.262180e-15 3.334677e-17 6.507154e-22 8.178980e-28 8.946510e-37 1.401298e-45 0.000000e+00 0.000000e+00 0.000000e+00 0.000000e+00 0.000000e+00 0.000000e+00
9.206717e-19 4.195921e-34 3.117915e-24 1.588726e-12 4.480318e-05 3.901224e-05 1.042812e-06 6.798910e-05 2.703462e-04 2.128463e-05 3.117736e-05 4.061525e-06 5.427866e-06 1.354972e-06 1.421955e-06 8.489902e-07 6.918255e-07 1.474823e-06 3.994004e-06 6.374759e-06 7.350076e-06 3.114425e-05 1.067993e-04 1.598708e-04 1.735568e-04 3.022485e-04 2.924151e-04 4.711150e-04 5.198902e-04 7.416413e-04 1.204003e-03 1.496083e-03 2.389239e-03 2.197809e-03 2.947958e-03 3.183202e-03 3.088533e-03 4.089862e-03 3.695231e-03 4.817246e-03 5.616702e-03 5.659881e-03 7.579771e-03 7.569146e-03 8.047411e-03 9.402393e-03 8.679907e-03 1.004264e-02 1.137921e-02 1.155183e-02 1.364555e-02 1.531510e-02 1.680591e-02 1.907046e-02 2.159377e-02 2.350809e-02 2.446606e-02 2.754730e-02 3.043569e-02 3.156867e-02 3.597395e-02 3.782090e-02 3.441240e-02 3.648108e-02 4.046695e-02 4.009310e-02 4.249736e-02 4.876176e-02 5.356257e-02 5.608946e-02 5.827794e-02 6.328473e-02 6.933956e-02 6.815758e-02 6.497502e-02 6.744744e-02 7.045975e-02 6.877222e-02 6.558984e-02 6.606236e-02 6.920297e-02 7.271843e-02 7.742354e-02 8.416470e-02 9.091661e-02 9.947371e-02 1.043216e-01 1.030481e-01 1.009641e-01 1.048768e-01 1.157577e-01 1.278846e-01 1.370351e-01 1.427857e-01 1.403617e-01 1.296120e-01 1.189716e-01 1.195271e-01 1.290491e-01 1.353040e-01 1.324534e-01 1.267301e-01 1.244814e-01 1.248006e-01 1.249093e-01 1.255492e-01 1.253984e-01 1.278846e-01 1.282165e-01 1.215218e-01 1.186523e-01 1.232775e-01 1.262701e-01 1.230038e-01 1.130725e-01 1.006223e-01 9.266494e-02 8.822829e-02 8.769187e-02 9.383965e-02 1.003254e-01 1.041637e-01 1.062656e-01 1.032972e-01 9.701145e-02 8.982688e-02 8.500092e-02 8.182227e-02 8.233406e-02 8.676272e-02 8.889430e-02 9.059296e-02 8.991991e-02 8.352966e-02 7.298803e-02 6.007383e-02 4.589039e-02 3.316099e-02 2.361158e-02 1.648742e-02 1.216219e-02 1.055822e-02 1.153564e-02 1.606047e-02 2.472716e-02 2.875250e-02 1.410046e-02 2.263785e-03 1.494559e-04 7.470506e-06 6.398823e-07 1.207970e-07 5.344396e-08 2.845264e-08 5.492049e-09 1.468323e-10 6.557383e-13 6.851780e-16 7.309361e-20 4.230780e-25 1.853326e-31 2.359912e-38 0.000000e+00 0.000000e+00 0.000000e+00 0.000000e+00 0.000000e+00 0.000000e+00 0.000000e+00 0.000000e+00 0.000000e+00 2.697863e-35 1.868020e-20 1.403953e-14 6.903039e-16 2.734123e-20 2.454847e-26 4.576209e-34 3.503246e-44 0.000000e+00 0.000000e+00 0.000000e+00 0.000000e+00 0.000000e+00 0.000000e+00
1.403397e-26 3.828361e-37 5.926208e-22 9.619640e-16 4.756883e-07 3.692946e-05 2.572578e-05 2.570471e-04 1.683573e-04 5.947169e-05 2.273512e-04 2.525856e-05 1.653085e-06 2.827098e-06 1.203675e-06 6.290476e-07 3.424665e-07 4.102493e-07 4.095968e-07 1.614879e-06 1.652463e-05 6.087860e-05 9.921195e-05 7.181229e-05 1.148006e-04 1.064452e-04 1.638288e-04 2.113570e-04 4.076467e-04 6.264353e-04 9.832347e-04 1.724237e-03 1.949493e-03 2.635329e-03 2.688502e-03 3.056861e-03 3.686912e-03 3.799518e-03 5.225398e-03 5.206955e-03 5.724015e-03 6.304489e-03 6.537291e-03 8.358203e-03 8.771153e-03 9.756614e-03 1.083062e-02 1.090006e-02 1.184755e-02 1.178554e-02 1.249325e-02 1.383924e-02 1.397969e-02 1.683445e-02 1.922803e-02 1.951630e-02 2.388390e-02 2.744048e-02 2.955028e-02 3.683444e-02 3.983908e-02 3.809531e-02 4.164144e-02 4.498316e-02 4.449051e-02 4.679117e-02 5.098534e-02 5.478713e-02 5.753650e-02 6.047795e-02 6.862376e-02 7.555414e-02 7.389371e-02 7.451372e-02 8.394246e-02 8.656473e-02 7.851597e-02 7.542017e-02 8.003560e-02 8.509073e-02 8.510420e-02 8.315429e-02 8.375014e-02 8.989783e-02 9.602495e-02 1.015880e-01 1.049109e-01 1.087739e-01 1.141007e-01 1.197924e-01 1.262744e-01 1.337354e-01 1.412647e-01 1.425186e-01 1.383990e-01 1.350872e-01 1.350337e-01 1.348525e-01 1.343901e-01 1.368741e-01 1.419358e-01 1.443933e-01 1.447036e-01 1.416124e-01 1.386090e-01 1.397414e-01 1.422994e-01 1.395960e-01 1.346480e-01 1.323067e-01 1.311520e-01 1.358424e-01 1.398261e-01 1.295163e-01 1.125513e-01 9.904604e-02 9.335540e-02 9.518845e-02 9.728508e-02 9.697828e-02 9.714639e-02 9.459677e-02 9.028198e-02 8.583695e-02 7.858134e-02 6.971551e-02 6.335577e-02 6.196294e-02 6.611338e-02 7.681432e-02 8.723188e-02 8.834938e-02 8.314387e-02 7.561679e-02 6.952955e-02 6.363688e-02 5.597542e-02 4.459093e-02 3.341984e-02 2.550291e-02 2.195610e-02 2.261494e-02 2.684630e-02 2.843330e-02 1.727100e-02 4.555263e-03 5.735985e-04 5.579449e-05 8.952329e-06 3.373374e-06 3.154903e-06 5.244165e-06 6.378325e-06 2.385004e-06 1.309568e-07 1.080254e-09 3.065380e-12 3.979221e-15 7.232957e-19 7.855542e-24 1.280749e-29 1.006913e-35 3.677007e-42 0.000000e+00 0.000000e+00 0.000000e+00 0.000000e+00 0.000000e+00 0.000000e+00 0.000000e+00 0.000000e+00 5.620328e-41 7.458483e-24 1.177877e-15 4.024442e-15 1.154864e-18 2.392181e-23 1.469587e-29 7.522120e-37 8.407791e-45 0.000000e+00 0.000000e+00 0.000000e+00 0.000000e+00 0.000000e+00
2.177946e-26 1.500751e-36 5.026236e-25 4.537545e-15 4.632000e-09 1.302111e-07 3.676866e-07 7.474185e-05 1.549162e-04 4.967682e-05 1.995953e-05 3.568617e-05 5.086937e-05 5.916071e-05 1.392250e-06 1.410754e-07 4.446630e-07 1.060326e-06 5.275364e-07 1.326636e-06 6.775032e-06 2.426249e-05 3.532973e-05 2.970666e-05 5.532599e-05 1.146447e-04 1.833058e-04 2.515982e-04 4.363828e-04 7.945239e-04 1.058957e-03 1.438127e-03 1.715925e-03 1.822363e-03 2.205590e-03 2.456646e-03 3.024023e-03 3.691682e-03 4.063048e-03 5.626759e-03 5.884198e-03 6.354227e-03 6.897679e-03 6.447750e-03 8.653203e-03 9.354732e-03 1.014951e-02 1.204351e-02 1.112500e-02 1.255654e-02 1.308735e-02 1.253727e-02 1.523447e-02 1.585076e-02 1.646827e-02 2.023959e-02 2.281369e-02 2.649034e-02 3.213663e-02 3.562513e-02 3.794648e-02 4.189973e-02 4.820373e-02 5.222678e-02 5.225409e-02 5.577331e-02 6.125546e-02 6.134975e-02 6.373767e-02 7.382021e-02 8.106659e-02 8.216161e-02 9.018978e-02 1.008531e-01 1.012956e-01 9.533658e-02 9.470478e-02 1.031385e-01 1.096457e-01 1.082271e-01 1.033085e-01 1.044386e-01 1.066843e-01 1.059587e-01 1.034304e-01 1.068264e-01 1.162365e-01 1.250137e-01 1.287043e-01 1.313023e-01 1.370725e-01 1.447536e-01 1.510347e-01 1.532065e-01 1.532955e-01 1.546445e-01 1.575265e-01 1.560356e-01 1.501176e-01 1.508242e-01 1.643162e-01 1.753915e-01 1.791089e-01 1.781621e-01 1.767017e-01 1.717952e-01 1.609263e-01 1.525278e-01 1.495723e-01 1.566783e-01 1.672617e-01 1.641530e-01 1.524061e-01 1.380670e-01 1.237690e-01 1.172885e-01 1.179174e-01 1.223907e-01 1.254670e-01 1.190136e-01 1.073207e-01 9.808858e-02 8.894498e-02 8.181047e-02 7.765345e-02 7.301805e-02 7.024974e-02 7.136472e-02 7.501198e-02 7.838717e-02 7.891765e-02 7.566828e-02 7.118031e-02 6.823585e-02 6.466702e-02 5.844257e-02 5.048437e-02 4.279615e-02 3.888812e-02 4.062530e-02 4.746956e-02 5.446801e-02 4.843836e-02 2.545746e-02 7.693895e-03 1.729739e-03 4.595460e-04 2.140597e-04 2.150128e-04 4.074446e-04 8.107263e-04 8.815931e-04 2.540397e-04 1.245513e-05 1.297849e-07 5.405266e-10 1.547919e-12 3.184580e-15 1.551154e-18 8.868318e-23 1.256848e-27 6.568336e-33 8.863092e-39 0.000000e+00 0.000000e+00 0.000000e+00 0.000000e+00 0.000000e+00 0.000000e+00 0.000000e+00 0.000000e+00 0.000000e+00 1.515691e-28 1.185640e-16 2.550859e-13 1.109371e-14 7.152003e-18 6.281693e-22 1.205459e-27 5.006085e-34 1.362062e-42 1.401298e-45 0.000000e+00 0.000000e+00 0.000000e+00
4.845198e-09 7.807780e-36 4.513679e-22 5.325423e-15 5.607504e-12 2.743494e-09 5.953792e-06 7.085001e-06 1.519437e-05 2.475891e-05 2.008100e-04 8.142265e-05 2.500461e-05 5.609486e-06 1.005570e-05 1.636247e-06 1.439199e-06 9.652720e-07 3.628900e-07 3.799789e-07 1.433853e-06 1.344046e-05 4.966091e-05 1.222251e-04 1.487658e-04 2.768859e-04 2.861170e-04 3.920858e-04 5.892312e-04 6.817639e-04 1.047268e-03 1.068155e-03 1.513500e-03 1.583012e-03 1.632338e-03 2.182436e-03 2.410171e-03 3.456397e-03 4.132705e-03 4.469956e-03 5.814585e-03 6.288955e-03 6.638405e-03 7.514621e-03 6.618494e-03 7.465624e-03 9.433789e-03 1.053309e-02 1.361481e-02 1.410861e-02 1.404306e-02 1.598119e-02 1.615950e-02 1.734963e-02 1.941940e-02 2.146945e-02 2.537278e-02 2.875939e-02 3.194284e-02 3.445597e-02 3.764458e-02 4.506914e-02 4.898647e-02 4.960261e-02 5.777194e-02 6.611366e-02 6.765356e-02 7.538538e-02 8.468668e-02 8.511539e-02 8.852083e-02 9.837352e-02 1.050545e-01 1.093058e-01 1.150672e-01 1.188271e-01 1.215531e-01 1.275312e-01 1.297483e-01 1.264628e-01 1.265989e-01 1.316786e-01 1.324312e-01 1.302502e-01 1.300556e-01 1.333254e-01 1.385995e-01 1.442556e-01 1.471830e-01 1.527690e-01 1.637160e-01 1.749631e-01 1.809850e-01 1.834724e-01 1.856194e-01 1.875567e-01 1.880757e-01 1.908557e-01 1.970279e-01 2.037793e-01 2.085938e-01 2.127960e-01 2.203214e-01 2.228222e-01 2.129824e-01 1.944530e-01 1.772380e-01 1.724788e-01 1.799904e-01 1.857457e-01 1.846913e-01 1.768989e-01 1.631636e-01 1.564773e-01 1.581736e-01 1.620388e-01 1.629327e-01 1.536333e-01 1.392162e-01 1.252009e-01 1.121638e-01 1.031846e-01 9.863679e-02 9.302457e-02 8.995669e-02 8.936824e-02 8.718558e-02 8.359255e-02 7.802913e-02 7.171898e-02 6.544565e-02 6.151524e-02 5.781836e-02 5.425600e-02 5.077499e-02 4.706722e-02 4.352890e-02 4.241577e-02 4.364333e-02 4.708157e-02 5.062917e-02 4.483614e-02 2.909478e-02 1.440105e-02 6.257433e-03 2.994539e-03 2.151338e-03 2.779945e-03 5.721321e-03 1.149635e-02 1.085415e-02 2.751343e-03 1.659244e-04 3.218479e-06 3.206419e-08 3.484502e-10 4.518841e-12 4.258327e-14 1.089445e-16 3.637195e-20 2.315334e-24 3.455159e-29 4.716399e-35 3.165533e-42 0.000000e+00 0.000000e+00 0.000000e+00 0.000000e+00 0.000000e+00 0.000000e+00 0.000000e+00 0.000000e+00 2.741558e-33 5.694312e-17 5.828737e-10 1.090560e-08 2.205900e-10 9.000996e-14 4.625067e-19 7.140985e-26 1.874404e-34 2.802597e-45 1.401298e-45 1.401298e-45 0.000000e+00
3.865929e-06 8.146443e-33 2.084157e-23 4.604864e-13 3.506841e-09 5.437130e-07 4.744805e-07 3.516137e-06 7.517374e-06 2.394489e-05 3.457337e-05 6.798271e-05 8.332271e-05 1.110864e-05 5.984558e-06 4.356370e-06 2.922149e-06 5.102236e-06 8.432596e-06 6.712170e-06 3.615971e-05 2.916698e-05 4.060590e-05 6.103464e-05 1.874304e-04 1.711130e-04 2.374094e-04 3.766053e-04 5.585001e-04 8.314503e-04 7.486255e-04 1.535803e-03 1.599404e-03 2.074461e-03 2.760216e-03 2.613801e-03 3.748641e-03 3.462745e-03 4.198727e-03 4.810957e-03 4.615120e-03 5.922850e-03 6.617018e-03 7.161362e-03 8.075039e-03 8.397936e-03 9.659814e-03 1.158733e-02 1.289430e-02 1.492972e-02 1.664277e-02 1.747705e-02 1.833669e-02 1.984681e-02 2.253235e-02 2.528527e-02 2.843729e-02 3.212582e-02 3.422153e-02 3.852485e-02 4.470799e-02 4.515387e-02 4.694468e-02 5.510419e-02 6.126476e-02 6.690320e-02 7.797229e-02 8.478411e-02 8.685926e-02 9.487560e-02 1.021509e-01 1.049892e-01 1.137071e-01 1.204347e-01 1.194577e-01 1.267221e-01 1.435910e-01 1.489249e-01 1.446286e-01 1.463439e-01 1.498797e-01 1.500237e-01 1.471010e-01 1.474768e-01 1.505750e-01 1.569378e-01 1.614956e-01 1.637258e-01 1.687142e-01 1.818795e-01 1.965779e-01 2.021848e-01 2.022493e-01 2.059125e-01 2.139285e-01 2.237209e-01 2.319538e-01 2.399033e-01 2.451402e-01 2.500235e-01 2.542685e-01 2.554433e-01 2.581192e-01 2.507476e-01 2.294937e-01 2.081567e-01 1.967073e-01 1.969771e-01 2.029714e-01 2.089906e-01 2.047538e-01 2.004210e-01 2.040258e-01 2.094986e-01 2.172169e-01 2.173743e-01 2.041983e-01 1.830125e-01 1.612211e-01 1.470210e-01 1.377146e-01 1.277818e-01 1.191560e-01 1.121680e-01 1.056911e-01 1.017851e-01 9.896000e-02 9.403913e-02 8.656405e-02 7.864025e-02 7.037321e-02 6.216853e-02 5.591332e-02 4.951257e-02 4.268672e-02 3.726808e-02 3.317167e-02 3.048730e-02 2.929097e-02 2.807362e-02 2.499860e-02 1.977393e-02 1.352878e-02 8.747637e-03 6.188501e-03 5.656253e-03 7.116961e-03 1.118505e-02 1.641246e-02 1.364979e-02 4.049752e-03 4.128253e-04 1.863054e-05 6.618986e-07 2.972814e-08 2.149412e-09 2.068690e-10 9.894243e-12 6.504087e-14 3.954209e-17 3.312970e-21 5.011965e-26 6.173410e-32 2.054219e-39 0.000000e+00 0.000000e+00 0.000000e+00 0.000000e+00 0.000000e+00 0.000000e+00 0.000000e+00 0.000000e+00 2.513676e-38 1.271378e-18 6.652986e-08 8.593033e-05 5.723235e-06 3.021117e-10 1.944865e-16 1.110302e-23 1.911492e-32 3.332288e-42 1.401298e-45 1.401298e-45 0.000000e+00
3.636239e-06 2.487767e-26 1.134328e-15 1.904649e-11 1.100155e-06 2.530160e-05 5.722246e-06 3.436262e-06 3.677388e-06 2.994144e-06 7.370485e-05 1.479961e-05 1.957128e-05 1.156300e-05 1.473396e-05 3.193981e-05 2.817786e-05 3.309733e-05 1.515605e-05 2.819181e-05 3.772230e-05 7.720317e-05 3.225668e-05 6.360730e-05 7.389465e-05 2.022378e-04 3.191628e-04 4.721794e-04 8.070012e-04 7.637882e-04 1.625308e-03 1.528034e-03 2.366780e-03 2.647843e-03 2.680701e-03 4.110909e-03 3.721387e-03 4.877520e-03 4.429294e-03 4.660580e-03 5.962959e-03 5.694691e-03 7.107948e-03 7.659644e-03 8.409188e-03 1.041449e-02 1.076587e-02 1.280070e-02 1.432338e-02 1.460139e-02 1.739609e-02 1.928025e-02 2.158656e-02 2.492766e-02 2.611051e-02 2.960168e-02 3.305735e-02 3.444377e-02 3.988932e-02 4.409484e-02 4.385864e-02 4.830233e-02 5.432960e-02 5.720189e-02 6.347295e-02 7.074874e-02 7.472933e-02 8.277432e-02 9.200153e-02 9.558109e-02 1.018648e-01 1.096580e-01 1.112469e-01 1.155473e-01 1.304772e-01 1.445562e-01 1.486324e-01 1.548610e-01 1.619495e-01 1.628633e-01 1.583845e-01 1.563731e-01 1.571454e-01 1.618748e-01 1.704744e-01 1.809994e-01 1.913440e-01 1.994948e-01 2.051835e-01 2.039270e-01 2.006081e-01 2.018589e-01 2.123236e-01 2.276506e-01 2.384453e-01 2.441029e-01 2.525366e-01 2.697929e-01 2.813225e-01 2.855510e-01 2.925640e-01 2.892571e-01 2.679478e-01 2.420321e-01 2.263627e-01 2.267661e-01 2.296479e-01 2.243679e-01 2.123013e-01 2.076942e-01 2.135167e-01 2.151426e-01 2.124061e-01 2.085600e-01 2.011299e-01 1.943650e-01 1.867547e-01 1.794618e-01 1.717804e-01 1.634100e-01 1.584380e-01 1.528850e-01 1.443460e-01 1.345878e-01 1.258669e-01 1.176355e-01 1.115462e-01 1.062136e-01 9.552016e-02 8.089212e-02 6.664133e-02 5.435020e-02 4.561581e-02 4.073042e-02 3.754499e-02 3.518815e-02 3.342355e-02 3.095722e-02 2.769280e-02 2.325313e-02 1.807376e-02 1.357166e-02 1.020147e-02 8.288017e-03 8.073980e-03 9.117327e-03 1.079280e-02 1.066818e-02 6.730558e-03 2.560671e-03 5.658923e-04 7.895107e-05 9.889720e-06 1.411968e-06 2.908875e-07 7.863454e-08 1.770667e-08 1.260434e-09 9.640634e-12 5.538802e-15 4.402512e-19 6.198205e-24 5.684052e-30 1.301951e-37 0.000000e+00 0.000000e+00 0.000000e+00 0.000000e+00 0.000000e+00 0.000000e+00 0.000000e+00 0.000000e+00 1.681558e-44 1.270824e-22 2.941638e-09 2.370272e-04 5.403118e-06 4.660618e-11 1.042454e-17 4.281871e-25 1.495745e-33 3.363116e-44 1.401298e-45 1.401298e-45 0.000000e+00
1.520371e-26 2.234897e-23 3.919352e-13 1.391492e-08 4.834384e-06 3.526162e-04 1.234429e-05 1.652512e-06 9.419620e-07 1.378818e-05 5.928185e-05 2.956192e-06 1.967022e-06 3.063072e-05 6.445051e-05 2.952328e-05 5.245970e-05 3.348582e-05 2.463719e-05 1.812658e-05 1.266715e-04 9.494017e-05 2.054157e-04 1.191422e-04 2.430045e-04 2.430167e-04 4.189317e-04 5.543247e-04 5.152795e-04 1.099549e-03 9.809941e-04 1.652956e-03 1.625098e-03 2.185520e-03 2.885351e-03 2.685133e-03 3.732200e-03 3.518671e-03 4.829711e-03 5.463697e-03 5.868489e-03 7.892762e-03 7.320812e-03 9.111896e-03 1.024411e-02 1.001927e-02 1.225794e-02 1.224372e-02 1.362674e-02 1.737639e-02 1.770189e-02 2.162024e-02 2.717062e-02 2.910198e-02 3.396393e-02 3.634139e-02 3.682345e-02 4.121498e-02 4.333116e-02 4.533436e-02 5.218159e-02 5.736334e-02 6.165407e-02 6.816743e-02 7.002809e-02 7.137518e-02 7.821466e-02 8.257075e-02 8.533695e-02 9.342066e-02 9.893890e-02 9.783611e-02 1.025594e-01 1.183548e-01 1.335741e-01 1.415635e-01 1.507131e-01 1.648897e-01 1.738489e-01 1.737215e-01 1.694003e-01 1.696101e-01 1.749601e-01 1.781169e-01 1.796636e-01 1.889610e-01 2.050313e-01 2.156135e-01 2.141960e-01 2.103606e-01 2.166645e-01 2.318952e-01 2.449296e-01 2.499462e-01 2.548374e-01 2.654825e-01 2.735551e-01 2.768366e-01 2.809536e-01 2.853222e-01 2.852698e-01 2.776972e-01 2.675315e-01 2.596657e-01 2.578005e-01 2.630003e-01 2.665918e-01 2.656818e-01 2.562069e-01 2.445097e-01 2.365415e-01 2.310658e-01 2.216306e-01 2.133887e-01 2.090821e-01 2.022061e-01 1.934905e-01 1.858541e-01 1.818527e-01 1.782538e-01 1.718031e-01 1.628350e-01 1.510819e-01 1.376442e-01 1.281317e-01 1.235453e-01 1.178483e-01 1.101618e-01 9.698834e-02 7.827286e-02 6.255456e-02 5.225888e-02 4.678787e-02 4.466370e-02 4.451742e-02 4.280863e-02 3.827418e-02 3.234302e-02 2.602583e-02 2.073131e-02 1.697387e-02 1.470760e-02 1.406503e-02 1.421754e-02 1.527527e-02 1.642739e-02 1.495377e-02 1.054217e-02 5.480528e-03 2.345593e-03 9.690088e-04 3.977123e-04 1.795446e-04 8.630362e-05 3.725498e-05 1.119248e-05 1.550449e-06 5.071263e-08 1.987836e-10 8.129850e-14 6.069626e-18 9.847565e-23 1.271383e-28 5.523172e-36 1.821688e-44 0.000000e+00 0.000000e+00 0.000000e+00 0.000000e+00 0.000000e+00 0.000000e+00 0.000000e+00 0.000000e+00 1.513448e-30 2.991182e-14 8.679294e-08 1.237538e-08 3.621803e-14 5.686919e-21 1.014536e-28 8.540715e-39 1.401298e-45 1.401298e-45 1.401298e-45 0.000000e+00
1.255852e-15 1.969547e-19 1.285612e-09 6.281452e-07 6.515618e-06 4.669976e-05 1.253856e-04 5.956534e-05 5.918768e-06 4.360708e-07 1.609160e-05 3.175925e-05 5.794756e-05 2.585829e-05 1.608926e-05 5.002191e-06 2.581156e-06 1.626840e-05 5.371289e-05 1.514338e-04 1.028060e-04 2.472238e-04 3.009740e-04 9.304666e-04 7.270148e-04 9.897670e-04 8.559011e-04 7.734899e-04 1.095892e-03 8.446514e-04 1.462788e-03 1.225732e-03 1.688147e-03 1.691998e-03 1.955493e-03 2.663926e-03 2.652964e-03 4.150540e-03 4.237939e-03 5.739933e-03 7.084901e-03 7.094194e-03 1.057743e-02 1.037552e-02 1.132033e-02 1.385022e-02 1.313268e-02 1.608481e-02 1.808626e-02 1.796038e-02 2.264882e-02 2.518566e-02 2.690581e-02 3.355679e-02 3.606385e-02 3.851497e-02 4.279934e-02 4.256590e-02 4.435359e-02 4.994959e-02 5.563162e-02 6.283180e-02 6.805048e-02 7.011874e-02 7.638968e-02 8.243799e-02 8.316224e-02 8.770596e-02 9.430494e-02 9.450312e-02 9.364188e-02 9.894713e-02 1.110495e-01 1.217139e-01 1.278460e-01 1.387645e-01 1.572735e-01 1.692684e-01 1.708583e-01 1.803309e-01 1.934891e-01 1.973349e-01 1.920707e-01 1.899175e-01 1.951661e-01 2.073792e-01 2.163979e-01 2.196910e-01 2.239073e-01 2.365559e-01 2.545569e-01 2.687447e-01 2.794318e-01 2.885697e-01 2.945646e-01 2.894962e-01 2.771284e-01 2.694721e-01 2.706035e-01 2.729464e-01 2.671308e-01 2.572976e-01 2.615317e-01 2.763468e-01 2.842963e-01 2.783382e-01 2.714856e-01 2.728080e-01 2.739134e-01 2.658223e-01 2.502458e-01 2.387706e-01 2.332291e-01 2.229288e-01 2.127055e-01 2.080497e-01 2.048844e-01 2.032350e-01 2.010820e-01 1.965146e-01 1.863067e-01 1.727871e-01 1.639215e-01 1.581106e-01 1.502924e-01 1.390623e-01 1.204405e-01 9.850607e-02 8.159073e-02 6.929260e-02 6.142092e-02 5.806047e-02 5.703688e-02 5.496114e-02 5.034756e-02 4.380884e-02 3.633406e-02 3.024368e-02 2.649594e-02 2.445738e-02 2.400353e-02 2.509230e-02 2.815268e-02 3.286494e-02 3.588076e-02 3.502246e-02 2.699547e-02 1.694198e-02 9.457111e-03 5.498078e-03 4.114384e-03 3.912732e-03 3.731502e-03 2.792473e-03 1.070071e-03 1.453283e-04 5.985213e-06 5.431114e-08 1.204725e-10 6.114240e-14 9.893728e-18 4.293596e-22 1.529896e-27 2.520255e-34 4.873716e-42 0.000000e+00 0.000000e+00 0.000000e+00 0.000000e+00 0.000000e+00 0.000000e+00 0.000000e+00 0.000000e+00 1.431847e-40 7.574970e-23 9.609411e-14 4.829319e-14 3.557847e-19 1.739413e-26 4.260368e-35 1.401298e-45 1.401298e-45 1.401298e-45 0.000000e+00 0.000000e+00
1.433300e-08 8.133548e-16 6.122073e-10 1.448394e-07 1.052450e-05 4.114729e-07 1.157123e-05 1.260441e-04 3.927367e-04 5.874999e-05 1.952838e-05 1.754042e-06 1.026657e-05 3.250939e-05 5.212533e-05 1.336020e-04 3.792887e-04 2.827802e-04 5.503608e-04 4.084676e-04 4.257360e-04 4.312964e-04 7.857691e-04 8.549936e-04 1.281248e-03 1.032195e-03 1.099134e-03 1.659768e-03 1.380250e-03 1.780523e-03 1.082126e-03 1.590028e-03 1.624679e-03 2.172291e-03 2.467872e-03 2.467245e-03 4.021386e-03 3.725414e-03 5.388448e-03 5.802832e-03 6.444671e-03 9.579444e-03 9.318816e-03 1.243668e-02 1.427931e-02 1.432772e-02 1.846356e-02 1.870030e-02 2.032922e-02 2.467131e-02 2.439077e-02 2.765594e-02 3.056995e-02 2.946519e-02 3.347026e-02 3.803987e-02 4.016148e-02 4.558860e-02 4.935992e-02 5.347819e-02 5.886619e-02 6.127300e-02 6.852058e-02 7.715870e-02 7.871594e-02 8.455867e-02 9.471060e-02 9.744094e-02 1.001038e-01 1.085059e-01 1.172901e-01 1.265530e-01 1.334656e-01 1.342957e-01 1.390501e-01 1.501427e-01 1.584220e-01 1.670087e-01 1.802288e-01 1.967585e-01 2.075518e-01 2.151374e-01 2.240617e-01 2.343194e-01 2.436646e-01 2.526546e-01 2.578630e-01 2.566519e-01 2.555948e-01 2.596461e-01 2.700061e-01 2.822320e-01 2.899790e-01 2.929819e-01 2.918028e-01 2.894103e-01 2.850375e-01 2.810540e-01 2.721809e-01 2.655325e-01 2.723264e-01 2.819769e-01 2.890563e-01 2.907442e-01 2.940730e-01 2.961607e-01 2.915379e-01 2.911878e-01 2.929547e-01 2.914854e-01 2.827969e-01 2.675193e-01 2.556271e-01 2.478428e-01 2.377290e-01 2.322623e-01 2.288748e-01 2.192375e-01 2.043052e-01 1.907761e-01 1.866091e-01 1.851638e-01 1.836518e-01 1.785638e-01 1.614950e-01 1.375341e-01 1.160044e-01 9.896268e-02 8.896753e-02 8.633250e-02 8.469518e-02 7.969958e-02 7.021640e-02 5.629642e-02 4.267786e-02 3.363466e-02 2.921101e-02 2.767314e-02 2.844540e-02 3.009498e-02 3.080509e-02 3.089216e-02 3.014506e-02 2.990214e-02 2.725162e-02 2.204305e-02 1.541571e-02 1.005405e-02 7.295766e-03 6.618544e-03 7.405152e-03 9.118920e-03 8.769111e-03 4.498390e-03 1.067550e-03 8.100842e-05 1.901965e-06 1.679455e-08 5.335563e-11 8.135512e-14 4.227174e-17 4.977813e-21 5.326886e-26 2.905173e-32 4.169995e-39 0.000000e+00 0.000000e+00 0.000000e+00 0.000000e+00 0.000000e+00 0.000000e+00 0.000000e+00 0.000000e+00 1.401298e-45 4.144191e-30 1.793087e-19 4.487294e-18 1.290244e-22 2.201052e-29 1.508113e-38 1.401298e-45 1.401298e-45 0.000000e+00 0.000000e+00 0.000000e+00
2.050937e-05 7.019397e-12 2.095548e-10 8.771079e-09 7.208697e-08 3.658535e-06 3.933657e-08 1.128524e-05 3.263641e-05 4.209039e-04 1.138481e-03 4.270553e-04 2.840807e-04 2.747155e-04 1.777150e-04 2.822587e-04 1.984329e-04 1.520367e-04 3.930609e-04 1.960290e-04 1.894752e-04 1.927215e-04 3.778500e-04 5.487622e-04 8.013992e-04 1.067710e-03 1.415238e-03 1.475837e-03 1.778273e-03 1.875489e-03 2.882797e-03 2.734907e-03 2.833026e-03 2.639252e-03 2.486741e-03 3.352824e-03 3.166861e-03 4.798121e-03 5.413732e-03 5.997840e-03 8.249193e-03 7.752359e-03 1.022224e-02 1.176984e-02 1.332140e-02 1.745780e-02 1.697347e-02 2.022152e-02 2.347759e-02 2.310896e-02 2.717208e-02 2.705552e-02 2.583237e-02 2.920707e-02 2.919171e-02 3.196566e-02 3.883427e-02 4.148103e-02 4.811389e-02 5.403901e-02 5.390335e-02 6.078722e-02 6.639629e-02 6.729595e-02 8.025862e-02 9.162095e-02 9.287453e-02 1.037956e-01 1.176503e-01 1.245049e-01 1.363066e-01 1.466299e-01 1.487969e-01 1.583100e-01 1.727067e-01 1.775926e-01 1.810075e-01 1.906339e-01 1.969116e-01 1.974722e-01 2.008762e-01 2.135669e-01 2.347453e-01 2.560451e-01 2.684831e-01 2.780624e-01 2.912021e-01 2.996374e-01 2.985463e-01 2.895470e-01 2.779168e-01 2.698176e-01 2.643028e-01 2.567093e-01 2.546686e-01 2.648420e-01 2.777077e-01 2.836762e-01 2.826112e-01 2.833307e-01 2.947262e-01 3.047081e-01 3.014445e-01 2.893227e-01 2.830976e-01 2.968856e-01 3.086939e-01 3.066209e-01 3.025569e-01 2.989373e-01 2.923792e-01 2.819572e-01 2.713410e-01 2.666013e-01 2.615578e-01 2.474637e-01 2.334844e-01 2.259171e-01 2.243418e-01 2.270505e-01 2.331450e-01 2.317233e-01 2.101406e-01 1.803620e-01 1.555807e-01 1.367126e-01 1.253527e-01 1.204372e-01 1.160200e-01 1.111860e-01 1.038516e-01 8.958330e-02 7.320213e-02 5.992062e-02 5.207721e-02 4.952845e-02 5.096056e-02 5.321977e-02 5.234850e-02 4.865691e-02 4.218655e-02 3.585511e-02 2.992601e-02 2.495730e-02 2.044430e-02 1.577416e-02 1.238818e-02 1.046579e-02 1.037023e-02 1.168118e-02 1.345436e-02 1.219612e-02 6.975713e-03 1.984825e-03 2.588085e-04 1.939605e-05 7.967758e-07 2.520175e-08 5.616539e-10 5.872598e-12 1.778030e-14 7.036837e-18 2.272799e-22 7.126283e-28 6.783409e-34 6.928720e-40 0.000000e+00 0.000000e+00 0.000000e+00 0.000000e+00 0.000000e+00 0.000000e+00 0.000000e+00 1.401298e-45 8.192072e-34 1.273191e-21 7.058078e-18 1.203584e-20 4.036764e-27 2.050294e-35 1.401298e-45 0.000000e+00 0.000000e+00 0.000000e+00 0.000000e+00
9.441349e-06 2.167821e-17 9.356761e-13 3.035475e-10 1.112553e-05 1.520030e-05 1.765316e-04 6.660629e-06 7.786124e-05 2.662330e-05 1.311198e-04 2.060774e-05 1.777862e-04 2.283844e-05 2.265079e-05 2.949536e-04 1.471028e-03 1.677885e-03 7.008453e-04 8.751382e-04 6.729307e-04 1.805257e-03 1.546404e-03 2.151455e-03 1.893868e-03 2.361600e-03 2.277785e-03 1.853731e-03 2.344720e-03 3.263160e-03 4.106960e-03 3.978641e-03 3.866012e-03 4.013224e-03 4.750636e-03 4.993393e-03 5.547242e-03 5.370181e-03 5.419453e-03 6.978435e-03 7.587066e-03 9.844570e-03 1.048119e-02 1.066981e-02 1.279500e-02 1.330490e-02 1.638490e-02 1.782047e-02 1.769313e-02 1.998141e-02 2.013390e-02 2.234814e-02 2.594872e-02 2.713240e-02 3.084179e-02 3.382327e-02 3.563216e-02 4.170692e-02 4.441358e-02 4.693297e-02 5.665273e-02 6.118331e-02 6.419439e-02 7.499684e-02 8.055270e-02 8.627985e-02 1.002855e-01 1.064007e-01 1.118316e-01 1.284828e-01 1.407314e-01 1.464012e-01 1.600640e-01 1.713636e-01 1.746339e-01 1.850657e-01 2.001819e-01 2.069028e-01 2.045167e-01 2.045453e-01 2.152797e-01 2.338594e-01 2.477078e-01 2.572566e-01 2.708440e-01 2.906050e-01 3.109996e-01 3.188268e-01 3.127930e-01 2.975204e-01 2.845216e-01 2.746352e-01 2.708149e-01 2.677612e-01 2.682596e-01 2.764234e-01 2.910038e-01 3.090075e-01 3.221359e-01 3.323991e-01 3.362491e-01 3.304966e-01 3.224022e-01 3.180596e-01 3.166003e-01 3.183826e-01 3.292830e-01 3.348475e-01 3.258015e-01 3.177000e-01 3.017220e-01 2.808769e-01 2.614287e-01 2.430715e-01 2.297961e-01 2.171539e-01 2.048379e-01 2.028378e-01 2.113622e-01 2.186019e-01 2.159543e-01 2.045482e-01 1.890140e-01 1.711729e-01 1.574547e-01 1.486616e-01 1.414171e-01 1.386267e-01 1.376689e-01 1.324310e-01 1.241491e-01 1.126743e-01 1.009612e-01 9.280517e-02 8.825259e-02 8.729795e-02 8.885460e-02 9.028131e-02 8.626674e-02 7.839860e-02 6.742052e-02 5.416419e-02 4.263599e-02 3.237880e-02 2.585896e-02 2.194612e-02 2.070780e-02 2.041181e-02 2.167906e-02 2.202656e-02 1.907706e-02 1.235146e-02 5.039641e-03 1.302556e-03 2.266048e-04 3.917466e-05 7.807535e-06 1.513137e-06 2.018038e-07 8.236330e-09 5.169281e-11 3.867846e-14 3.167401e-18 6.600534e-23 8.280787e-28 8.634633e-33 2.865919e-38 8.407791e-45 0.000000e+00 0.000000e+00 0.000000e+00 0.000000e+00 0.000000e+00 1.401298e-45 2.198836e-34 1.945091e-20 1.994936e-14 9.700250e-16 1.235979e-21 1.747307e-29 4.579233e-38 0.000000e+00 0.000000e+00 0.000000e+00 0.000000e+00
8.415071e-09 2.023383e-18 3.188882e-13 1.265209e-08 2.181454e-04 1.650364e-04 3.903899e-06 2.725698e-04 2.977196e-04 3.035155e-04 7.165810e-04 1.488005e-03 2.960831e-03 2.492168e-03 6.824984e-04 1.250099e-03 1.073069e-03 5.215490e-04 2.279698e-03 2.581573e-03 3.189221e-03 1.872592e-03 2.301866e-03 1.717378e-03 1.969321e-03 2.126866e-03 2.327178e-03 2.989595e-03 2.445083e-03 3.090304e-03 3.053485e-03 4.219304e-03 5.482462e-03 5.653698e-03 6.389548e-03 5.585985e-03 5.957991e-03 6.220676e-03 6.618288e-03 7.915720e-03 8.611088e-03 1.001391e-02 1.222719e-02 1.332945e-02 1.387712e-02 1.475606e-02 1.503728e-02 1.549991e-02 1.637754e-02 1.732379e-02 1.989253e-02 2.325042e-02 2.779674e-02 3.105368e-02 3.376903e-02 3.822949e-02 3.994855e-02 4.214197e-02 5.100019e-02 5.902446e-02 6.308117e-02 7.166140e-02 7.834972e-02 8.258462e-02 9.494124e-02 1.035800e-01 1.044904e-01 1.145288e-01 1.256479e-01 1.285400e-01 1.340593e-01 1.399400e-01 1.468898e-01 1.599933e-01 1.712306e-01 1.796612e-01 1.897565e-01 1.994352e-01 2.073090e-01 2.198801e-01 2.344672e-01 2.464911e-01 2.576602e-01 2.734292e-01 2.920599e-01 3.024779e-01 3.014595e-01 2.931157e-01 2.928270e-01 3.060481e-01 3.239854e-01 3.249876e-01 3.194636e-01 3.206743e-01 3.242456e-01 3.198836e-01 3.130006e-01 3.215181e-01 3.347898e-01 3.336033e-01 3.260118e-01 3.157009e-01 3.157299e-01 3.225913e-01 3.300519e-01 3.337760e-01 3.278448e-01 3.316651e-01 3.278820e-01 3.128606e-01 3.018754e-01 2.832476e-01 2.646642e-01 2.502521e-01 2.422465e-01 2.455368e-01 2.503219e-01 2.514721e-01 2.523918e-01 2.487107e-01 2.351122e-01 2.120690e-01 1.891754e-01 1.709638e-01 1.599784e-01 1.614291e-01 1.719909e-01 1.814805e-01 1.828511e-01 1.672540e-01 1.427769e-01 1.243920e-01 1.151356e-01 1.148718e-01 1.210721e-01 1.287670e-01 1.305844e-01 1.271871e-01 1.151653e-01 9.626026e-02 8.082110e-02 6.738162e-02 5.958809e-02 5.567596e-02 5.626459e-02 5.846095e-02 6.154941e-02 6.166290e-02 5.930699e-02 5.541076e-02 4.320039e-02 2.718896e-02 1.339926e-02 5.336673e-03 2.017879e-03 8.068057e-04 3.407229e-04 1.042802e-04 1.563765e-05 7.505711e-07 7.816019e-09 1.568015e-11 8.282192e-15 1.595921e-18 2.059865e-22 1.025944e-26 7.630533e-32 3.972464e-38 4.203895e-45 0.000000e+00 0.000000e+00 0.000000e+00 0.000000e+00 1.401298e-45 8.045286e-34 1.791675e-19 1.574157e-11 1.076518e-11 1.110867e-16 2.081993e-23 6.644154e-32 3.796118e-42 0.000000e+00 0.000000e+00 0.000000e+00
9.345195e-06 5.552188e-20 6.506798e-14 7.937163e-09 7.086401e-06 1.055111e-06 2.272785e-07 3.691025e-05 2.156152e-05 3.650582e-05 3.832073e-05 1.397864e-04 1.258106e-04 2.097985e-04 4.743984e-04 1.142210e-03 2.366388e-04 2.018140e-04 2.672531e-04 8.584612e-04 6.827755e-04 9.062276e-04 1.175116e-03 1.811116e-03 2.131026e-03 1.858971e-03 2.048057e-03 1.864000e-03 2.817635e-03 2.525348e-03 2.956162e-03 3.880143e-03 4.110782e-03 6.482407e-03 5.400728e-03 6.952715e-03 7.322901e-03 7.234270e-03 1.073367e-02 9.079339e-03 1.117175e-02 1.194603e-02 1.058966e-02 1.434815e-02 1.548434e-02 1.714261e-02 1.994878e-02 1.987929e-02 2.342428e-02 2.611873e-02 2.750640e-02 2.936597e-02 2.973400e-02 3.387734e-02 3.910905e-02 3.927218e-02 4.562987e-02 5.432675e-02 5.719938e-02 6.751541e-02 7.847449e-02 8.045585e-02 9.006803e-02 1.017134e-01 1.030487e-01 1.083262e-01 1.165709e-01 1.195206e-01 1.258656e-01 1.326749e-01 1.371042e-01 1.500963e-01 1.590276e-01 1.539820e-01 1.573009e-01 1.700870e-01 1.757351e-01 1.857604e-01 2.122097e-01 2.410108e-01 2.631325e-01 2.875589e-01 3.098911e-01 3.232618e-01 3.344850e-01 3.350479e-01 3.280160e-01 3.293826e-01 3.377296e-01 3.396219e-01 3.416645e-01 3.469857e-01 3.518811e-01 3.500103e-01 3.535354e-01 3.662699e-01 3.739231e-01 3.693351e-01 3.586966e-01 3.412215e-01 3.286893e-01 3.204974e-01 3.161611e-01 3.141083e-01 3.123978e-01 3.148562e-01 3.147185e-01 3.080686e-01 3.106678e-01 3.086872e-01 3.038453e-01 3.051173e-01 3.004963e-01 2.905755e-01 2.772951e-01 2.669405e-01 2.646005e-01 2.591827e-01 2.407564e-01 2.157277e-01 1.934710e-01 1.772997e-01 1.720586e-01 1.822116e-01 2.048280e-01 2.287612e-01 2.445185e-01 2.362426e-01 2.080507e-01 1.798925e-01 1.607936e-01 1.552595e-01 1.624975e-01 1.757387e-01 1.832105e-01 1.769594e-01 1.553153e-01 1.303241e-01 1.154235e-01 1.070573e-01 1.078484e-01 1.130104e-01 1.181610e-01 1.195099e-01 1.152462e-01 1.086116e-01 9.996752e-02 9.525014e-02 8.663953e-02 7.619331e-02 5.864953e-02 3.970287e-02 2.638056e-02 1.848532e-02 1.335230e-02 9.009029e-03 4.874941e-03 1.564362e-03 2.610170e-04 1.687892e-05 3.472404e-07 1.833434e-09 2.902169e-12 1.604371e-15 4.058479e-19 3.210389e-23 3.121931e-28 2.948288e-34 5.093860e-41 0.000000e+00 0.000000e+00 0.000000e+00 0.000000e+00 1.401298e-45 3.823193e-35 5.344136e-21 2.374211e-11 1.944672e-09 3.472060e-13 1.526747e-19 5.793151e-28 1.104618e-39 1.401298e-45 0.000000e+00 0.000000e+00
6.939493e-09 1.426438e-30 2.026515e-24 2.046758e-17 1.235996e-11 4.428862e-11 6.463462e-09 4.378821e-07 4.678009e-07 3.221377e-07 9.958192e-06 6.497642e-05 3.714498e-04 1.923094e-04 2.458647e-03 6.440283e-04 1.743809e-03 7.908590e-04 6.421601e-04 5.795860e-04 6.271670e-04 9.019646e-04 1.064577e-03 1.726702e-03 1.699697e-03 3.084956e-03 2.566495e-03 3.263426e-03 2.622788e-03 2.718711e-03 3.410438e-03 2.649711e-03 4.285282e-03 3.631272e-03 6.482005e-03 7.379170e-03 7.848842e-03 1.145887e-02 8.935052e-03 1.344369e-02 1.277248e-02 1.137542e-02 1.504143e-02 1.234792e-02 1.566996e-02 2.006972e-02 2.036295e-02 2.771528e-02 3.051476e-02 3.212385e-02 3.828439e-02 3.732276e-02 3.974838e-02 4.155186e-02 4.079171e-02 4.895553e-02 5.272789e-02 5.567071e-02 6.687468e-02 6.799336e-02 7.404293e-02 9.321209e-02 9.764674e-02 1.020053e-01 1.134339e-01 1.109906e-01 1.137821e-01 1.260504e-01 1.340551e-01 1.462133e-01 1.606440e-01 1.604277e-01 1.569108e-01 1.617529e-01 1.653143e-01 1.712113e-01 1.886625e-01 2.075031e-01 2.225842e-01 2.464299e-01 2.693088e-01 2.745648e-01 2.778867e-01 2.946586e-01 3.212851e-01 3.485847e-01 3.683886e-01 3.676789e-01 3.474113e-01 3.252889e-01 3.172919e-01 3.231654e-01 3.365814e-01 3.551424e-01 3.787439e-01 3.985825e-01 4.045995e-01 3.905633e-01 3.732569e-01 3.623684e-01 3.597277e-01 3.508308e-01 3.379302e-01 3.212754e-01 3.092867e-01 3.053333e-01 3.093051e-01 3.104503e-01 3.051824e-01 3.148914e-01 3.279300e-01 3.438393e-01 3.635628e-01 3.709223e-01 3.721167e-01 3.624094e-01 3.372616e-01 3.029352e-01 2.587953e-01 2.153023e-01 1.916813e-01 1.891358e-01 2.018429e-01 2.235230e-01 2.461483e-01 2.520754e-01 2.332674e-01 2.064067e-01 1.836691e-01 1.735421e-01 1.775402e-01 1.898300e-01 2.017712e-01 2.064548e-01 1.988830e-01 1.816742e-01 1.599837e-01 1.419461e-01 1.352261e-01 1.350120e-01 1.342691e-01 1.313724e-01 1.227674e-01 1.145658e-01 1.043668e-01 9.674544e-02 8.899175e-02 7.962093e-02 6.425395e-02 4.890771e-02 3.724713e-02 3.023388e-02 2.781009e-02 2.842885e-02 2.724698e-02 1.947761e-02 9.538072e-03 2.727018e-03 4.409575e-04 3.498502e-05 1.183203e-06 1.703239e-08 8.993394e-11 2.141291e-13 1.648397e-16 3.176275e-20 6.131387e-25 8.382649e-31 2.758032e-37 1.555441e-43 0.000000e+00 0.000000e+00 0.000000e+00 1.401298e-45 9.822103e-38 2.392222e-24 1.197336e-12 2.223116e-08 3.368515e-11 2.650843e-17 1.359051e-26 5.727703e-38 1.401298e-45 1.401298e-45 0.000000e+00
2.580629e-05 8.923077e-25 3.454970e-20 6.862816e-16 5.387839e-15 3.487363e-12 1.104623e-11 4.544120e-10 6.540056e-09 8.619051e-07 1.074957e-05 5.588186e-04 5.093441e-05 1.244242e-04 5.993081e-05 4.842226e-04 5.696891e-04 1.473721e-03 5.173979e-04 7.288237e-04 5.520927e-04 6.416725e-04 1.013412e-03 1.048215e-03 1.852374e-03 1.396884e-03 2.513244e-03 2.564574e-03 3.730269e-03 4.762399e-03 4.078547e-03 5.529536e-03 4.039810e-03 5.583998e-03 5.954123e-03 6.855339e-03 9.889322e-03 8.309108e-03 1.153968e-02 1.148610e-02 1.334498e-02 1.865749e-02 1.571559e-02 2.115396e-02 1.880084e-02 1.800448e-02 2.473038e-02 2.380258e-02 2.913208e-02 3.611634e-02 3.632599e-02 4.740574e-02 5.249941e-02 5.395056e-02 5.841631e-02 5.715887e-02 6.498206e-02 6.791846e-02 6.683111e-02 7.929219e-02 8.526675e-02 8.860720e-02 1.009192e-01 1.059982e-01 1.071965e-01 1.192446e-01 1.315270e-01 1.368019e-01 1.477136e-01 1.617479e-01 1.729208e-01 1.812151e-01 1.872699e-01 1.996272e-01 2.173209e-01 2.225499e-01 2.252938e-01 2.455734e-01 2.626879e-01 2.579142e-01 2.556331e-01 2.761599e-01 3.079721e-01 3.320942e-01 3.508073e-01 3.654212e-01 3.686996e-01 3.618342e-01 3.577858e-01 3.517619e-01 3.476466e-01 3.556170e-01 3.824104e-01 4.091510e-01 4.250604e-01 4.220747e-01 4.026770e-01 3.876825e-01 3.849958e-01 3.859432e-01 3.858693e-01 3.816335e-01 3.813110e-01 3.779161e-01 3.596998e-01 3.318827e-01 3.077329e-01 3.024738e-01 3.014459e-01 2.985344e-01 3.025876e-01 3.064759e-01 3.180661e-01 3.361183e-01 3.416531e-01 3.322983e-01 3.033883e-01 2.684704e-01 2.445865e-01 2.279349e-01 2.221975e-01 2.327074e-01 2.520846e-01 2.635224e-01 2.581306e-01 2.428334e-01 2.224893e-01 2.066603e-01 2.022878e-01 2.070507e-01 2.156278e-01 2.226208e-01 2.207891e-01 2.051225e-01 1.838463e-01 1.652694e-01 1.502314e-01 1.387126e-01 1.309970e-01 1.289516e-01 1.253040e-01 1.197307e-01 1.135947e-01 1.073825e-01 9.743889e-02 8.351689e-02 6.611057e-02 5.023760e-02 3.744635e-02 2.887484e-02 2.554688e-02 2.473547e-02 2.459547e-02 2.297047e-02 1.843721e-02 1.022972e-02 4.319772e-03 1.280838e-03 2.583353e-04 4.474737e-05 5.084019e-06 4.319975e-07 1.629295e-08 1.670920e-10 3.594001e-13 7.061565e-17 1.147075e-21 1.882320e-27 1.909008e-33 1.034246e-38 6.319856e-43 1.401298e-45 1.401298e-45 2.101948e-44 1.672793e-37 2.901587e-25 6.277026e-13 7.122714e-07 1.627416e-08 1.412871e-14 4.729877e-23 3.826302e-34 1.401298e-45 1.401298e-45 1.401298e-45
1.676412e-11 3.617037e-21 4.411406e-15 3.091164e-11 7.767604e-10 1.941269e-11 2.118727e-09 9.274164e-09 2.929661e-08 5.249846e-07 3.646821e-06 1.577963e-05 1.814470e-05 7.241453e-05 1.105979e-03 7.984359e-04 8.244786e-04 4.535635e-04 9.954459e-04 9.535545e-04 9.219980e-04 1.074548e-03 1.021984e-03 1.475840e-03 1.018255e-03 1.925856e-03 1.913542e-03 3.077175e-03 2.963658e-03 3.280086e-03 4.067857e-03 4.030247e-03 6.005715e-03 6.829878e-03 7.947579e-03 8.923165e-03 8.021457e-03 1.135430e-02 1.124674e-02 1.435913e-02 1.685829e-02 1.722590e-02 2.259774e-02 1.989012e-02 2.335185e-02 2.602482e-02 2.378880e-02 3.242539e-02 3.395401e-02 3.713554e-02 4.757733e-02 5.186966e-02 6.046543e-02 6.907730e-02 7.381113e-02 8.145200e-02 7.783045e-02 7.821400e-02 8.810603e-02 8.878186e-02 9.447405e-02 1.084008e-01 1.104855e-01 1.148109e-01 1.323079e-01 1.441664e-01 1.450636e-01 1.512620e-01 1.672813e-01 1.813731e-01 1.874419e-01 2.027827e-01 2.339194e-01 2.542787e-01 2.547706e-01 2.627179e-01 2.805781e-01 2.870618e-01 2.859139e-01 2.950619e-01 3.135712e-01 3.289965e-01 3.359310e-01 3.355558e-01 3.369085e-01 3.427086e-01 3.496641e-01 3.528947e-01 3.629864e-01 3.767894e-01 3.872662e-01 3.998579e-01 4.269847e-01 4.506638e-01 4.515223e-01 4.456872e-01 4.403717e-01 4.311238e-01 4.196477e-01 4.107332e-01 4.089753e-01 4.012412e-01 3.929496e-01 3.891407e-01 3.842836e-01 3.757690e-01 3.562141e-01 3.415936e-01 3.390956e-01 3.367644e-01 3.293154e-01 3.299498e-01 3.325512e-01 3.333884e-01 3.258117e-01 3.065243e-01 2.936260e-01 2.864907e-01 2.855724e-01 2.911497e-01 2.920413e-01 2.905577e-01 2.910633e-01 2.877401e-01 2.736498e-01 2.542023e-01 2.397123e-01 2.304912e-01 2.283184e-01 2.318844e-01 2.337773e-01 2.268754e-01 2.181840e-01 2.021773e-01 1.843119e-01 1.734990e-01 1.665779e-01 1.575495e-01 1.462675e-01 1.342869e-01 1.242619e-01 1.142384e-01 1.034015e-01 9.192570e-02 7.887571e-02 6.463630e-02 5.172306e-02 4.340156e-02 3.908537e-02 3.644057e-02 3.612025e-02 3.644586e-02 3.667122e-02 3.117981e-02 2.149132e-02 1.124720e-02 4.136250e-03 1.518269e-03 5.710479e-04 2.812395e-04 1.724314e-04 5.785128e-05 6.677265e-06 1.196253e-07 2.643019e-10 6.971427e-14 2.571245e-18 4.768218e-23 2.002378e-27 6.057972e-31 9.287112e-34 4.783727e-36 4.794393e-37 2.699624e-36 1.698647e-31 1.783071e-22 2.823543e-11 7.285956e-05 2.783981e-05 7.108836e-10 9.504514e-18 2.171666e-27 4.272573e-40 1.401298e-45 1.401298e-45
1.407636e-05 7.539977e-24 2.865142e-16 1.486684e-10 2.105208e-07 1.144062e-06 3.771869e-06 4.899436e-06 3.202827e-06 1.864474e-06 9.501478e-06 6.821170e-05 4.216433e-05 1.349139e-04 1.199405e-04 3.292600e-04 2.902306e-04 1.099415e-03 1.510537e-03 1.481115e-03 1.460137e-03 1.352263e-03 1.337932e-03 1.078208e-03 1.708515e-03 1.406078e-03 2.386255e-03 2.208529e-03 2.624961e-03 2.758847e-03 3.366283e-03 5.205122e-03 4.799282e-03 7.186965e-03 6.934272e-03 9.168101e-03 1.143317e-02 1.124508e-02 1.305462e-02 1.384440e-02 1.582758e-02 1.779115e-02 2.022844e-02 2.552673e-02 2.734525e-02 3.030392e-02 3.341804e-02 3.393467e-02 3.985870e-02 4.216448e-02 4.458280e-02 5.172613e-02 5.529033e-02 6.658041e-02 8.073479e-02 8.197566e-02 9.093104e-02 1.000173e-01 9.547859e-02 1.035310e-01 1.157734e-01 1.122738e-01 1.223091e-01 1.470434e-01 1.520918e-01 1.475121e-01 1.589445e-01 1.753329e-01 1.735264e-01 1.739738e-01 2.005274e-01 2.266555e-01 2.250311e-01 2.328541e-01 2.671978e-01 2.920978e-01 2.963947e-01 3.044132e-01 3.192941e-01 3.304605e-01 3.299890e-01 3.113469e-01 2.932447e-01 3.017347e-01 3.320742e-01 3.531678e-01 3.582476e-01 3.645314e-01 3.769425e-01 3.878971e-01 3.994060e-01 4.074442e-01 4.114266e-01 4.087145e-01 4.056961e-01 4.102284e-01 4.211715e-01 4.298640e-01 4.315689e-01 4.325542e-01 4.368392e-01 4.289587e-01 4.130598e-01 4.058714e-01 4.088269e-01 4.180686e-01 4.206471e-01 4.113137e-01 4.059231e-01 4.192117e-01 4.261484e-01 4.087080e-01 3.811012e-01 3.503125e-01 3.322582e-01 3.224179e-01 3.176758e-01 3.275350e-01 3.403587e-01 3.520050e-01 3.618926e-01 3.544521e-01 3.361731e-01 3.185275e-01 3.026831e-01 2.914326e-01 2.869596e-01 2.915880e-01 2.924581e-01 2.859464e-01 2.699193e-01 2.387824e-01 2.054462e-01 1.803524e-01 1.569764e-01 1.386324e-01 1.278595e-01 1.180478e-01 1.062568e-01 9.480876e-02 8.394688e-02 7.392801e-02 6.455728e-02 5.565346e-02 4.778014e-02 4.188863e-02 3.737334e-02 3.470532e-02 3.570965e-02 3.718037e-02 4.053230e-02 4.560382e-02 4.760471e-02 4.250910e-02 2.691066e-02 1.477092e-02 6.963373e-03 4.163882e-03 3.838835e-03 4.939941e-03 5.961264e-03 3.190337e-03 3.777690e-04 8.227182e-06 3.165129e-08 3.364815e-11 1.467352e-14 7.286522e-18 1.053907e-20 5.909683e-23 8.174627e-25 2.696644e-26 4.227984e-27 7.689719e-27 1.389959e-24 8.332659e-19 1.040269e-10 2.002966e-04 6.512362e-03 4.010785e-06 3.426609e-12 1.184962e-22 1.853116e-35 1.401298e-45 1.401298e-45
5.836876e-21 4.101736e-18 4.283545e-13 1.210025e-12 4.621601e-11 9.402606e-08 2.378026e-07 6.298079e-05 5.980490e-06 1.089403e-05 3.308516e-05 1.509534e-05 8.359178e-05 2.425702e-04 6.825425e-05 2.351493e-04 8.211338e-04 1.559184e-03 1.522960e-03 1.063178e-03 1.046475e-03 1.525558e-03 1.145800e-03 1.981492e-03 1.333377e-03 1.770923e-03 1.553946e-03 1.958186e-03 2.560370e-03 3.239329e-03 4.353179e-03 3.748337e-03 5.787279e-03 6.087401e-03 8.282990e-03 9.622594e-03 1.010352e-02 1.132341e-02 1.048301e-02 1.277481e-02 1.428386e-02 1.731156e-02 2.295371e-02 2.493802e-02 2.897047e-02 3.123544e-02 3.342427e-02 3.728168e-02 3.821706e-02 4.325864e-02 4.501966e-02 4.407257e-02 5.400610e-02 5.807365e-02 6.178713e-02 8.178926e-02 8.839141e-02 9.175605e-02 1.112689e-01 1.099081e-01 1.080685e-01 1.321317e-01 1.402932e-01 1.304199e-01 1.366029e-01 1.507464e-01 1.523072e-01 1.494122e-01 1.627243e-01 1.839556e-01 1.810341e-01 1.749882e-01 2.018532e-01 2.331947e-01 2.332601e-01 2.408069e-01 2.782410e-01 3.109388e-01 3.200483e-01 3.200220e-01 3.154403e-01 3.081154e-01 3.059877e-01 3.058330e-01 3.014734e-01 3.021826e-01 3.205629e-01 3.497691e-01 3.792238e-01 4.070922e-01 4.369989e-01 4.508779e-01 4.506542e-01 4.472885e-01 4.491335e-01 4.456623e-01 4.335611e-01 4.355240e-01 4.560291e-01 4.696290e-01 4.771010e-01 4.776978e-01 4.799879e-01 4.779943e-01 4.780239e-01 4.817884e-01 4.843810e-01 4.923668e-01 4.869744e-01 4.828680e-01 4.840744e-01 4.577086e-01 4.166751e-01 3.798200e-01 3.528910e-01 3.390931e-01 3.300817e-01 3.293996e-01 3.434130e-01 3.523297e-01 3.519424e-01 3.395447e-01 3.107948e-01 2.870144e-01 2.796451e-01 2.860510e-01 2.965669e-01 3.035631e-01 2.964728e-01 2.708237e-01 2.362846e-01 2.027293e-01 1.724886e-01 1.512768e-01 1.372388e-01 1.208980e-01 1.055134e-01 9.210502e-02 7.783403e-02 6.409598e-02 5.268805e-02 4.422509e-02 3.844956e-02 3.450025e-02 3.244242e-02 3.201802e-02 3.366048e-02 3.592744e-02 4.174908e-02 5.015792e-02 5.507428e-02 5.641166e-02 4.751160e-02 3.544839e-02 2.385943e-02 1.766931e-02 1.520445e-02 1.514537e-02 1.840485e-02 2.127216e-02 1.723267e-02 7.490107e-03 9.213594e-04 3.767271e-05 4.462096e-07 2.524901e-09 1.083283e-11 4.443855e-14 4.909006e-16 1.661241e-17 1.782199e-18 6.971169e-19 2.966584e-19 2.233906e-19 7.265044e-19 5.562575e-16 2.325898e-10 2.118569e-04 1.409433e-01 4.668378e-03 8.682202e-10 1.328589e-19 7.735704e-35 1.401298e-45 1.401298e-45
1.922595e-05 6.860751e-18 4.911619e-14 9.265200e-11 1.922600e-10 3.186019e-09 1.432988e-07 3.980319e-06 2.110966e-06 1.865784e-06 7.177037e-05 2.182956e-05 2.457630e-05 1.700411e-04 1.478545e-04 3.796018e-04 1.072097e-03 1.080097e-03 9.684025e-04 6.522298e-04 1.243693e-03 9.092754e-04 1.211387e-03 1.110545e-03 1.480498e-03 1.371237e-03 1.513158e-03 1.930567e-03 1.940891e-03 3.007820e-03 3.119031e-03 4.819786e-03 5.002676e-03 6.843155e-03 7.074683e-03 6.935357e-03 8.881320e-03 8.952649e-03 1.311417e-02 1.309426e-02 1.514383e-02 1.893423e-02 1.886429e-02 2.453980e-02 2.821280e-02 3.106047e-02 3.615123e-02 3.837311e-02 4.247095e-02 4.463667e-02 5.084841e-02 5.814946e-02 5.455368e-02 5.929998e-02 6.300273e-02 6.353548e-02 8.026363e-02 8.867155e-02 8.773678e-02 1.038630e-01 1.100626e-01 1.050448e-01 1.142806e-01 1.250251e-01 1.290184e-01 1.374794e-01 1.488586e-01 1.599910e-01 1.668319e-01 1.645864e-01 1.697032e-01 1.896921e-01 2.025444e-01 2.071756e-01 2.295551e-01 2.651334e-01 2.795178e-01 2.828597e-01 3.022304e-01 3.220772e-01 3.341700e-01 3.556962e-01 3.823804e-01 3.922071e-01 3.939668e-01 4.050544e-01 4.211263e-01 4.294174e-01 4.409725e-01 4.699351e-01 5.073454e-01 5.236357e-01 5.159087e-01 4.994666e-01 4.798670e-01 4.653808e-01 4.589293e-01 4.615532e-01 4.838319e-01 5.027503e-01 5.216293e-01 5.379804e-01 5.651636e-01 5.828826e-01 5.655873e-01 5.346143e-01 5.039026e-01 4.843959e-01 4.681384e-01 4.427736e-01 4.251454e-01 4.162881e-01 3.934331e-01 3.635189e-01 3.418660e-01 3.357629e-01 3.441063e-01 3.464226e-01 3.421577e-01 3.328450e-01 3.125982e-01 2.968752e-01 2.894153e-01 2.836539e-01 2.849838e-01 2.891257e-01 2.848451e-01 2.705971e-01 2.470066e-01 2.190843e-01 1.928147e-01 1.721644e-01 1.562404e-01 1.436519e-01 1.381269e-01 1.302325e-01 1.160501e-01 1.009724e-01 8.559771e-02 7.024281e-02 5.746514e-02 4.780462e-02 4.208784e-02 3.894568e-02 3.793839e-02 3.956901e-02 4.433259e-02 4.845162e-02 5.026549e-02 5.042999e-02 4.123673e-02 3.058224e-02 2.283072e-02 1.857754e-02 2.058086e-02 2.600021e-02 4.009673e-02 5.483194e-02 6.764034e-02 6.809434e-02 5.637342e-02 2.834678e-02 7.767387e-03 6.124001e-04 2.461452e-05 4.158167e-07 5.734970e-09 9.333342e-11 3.232109e-12 5.677593e-13 3.082018e-13 1.894510e-13 7.514029e-14 1.064116e-14 3.615891e-15 4.835025e-14 1.942317e-10 1.654247e-05 1.097823e-02 1.487300e-04 1.333971e-10 1.989651e-21 2.769528e-34 1.401298e-45 1.401298e-45
6.742656e-14 1.339513e-16 9.503085e-13 9.969718e-14 3.942293e-11 1.561547e-08 1.399034e-08 5.112594e-08 3.995731e-06 7.640836e-06 5.411007e-06 5.945899e-06 3.707687e-05 1.052021e-04 1.336450e-04 2.958269e-04 6.254713e-04 6.963219e-04 5.039260e-04 7.818589e-04 7.258346e-04 1.328446e-03 1.263849e-03 1.791931e-03 1.626686e-03 1.463206e-03 1.917491e-03 1.685364e-03 2.916761e-03 2.331191e-03 4.058294e-03 4.685502e-03 6.039838e-03 7.224323e-03 6.452745e-03 8.491340e-03 7.498113e-03 1.007252e-02 1.077690e-02 1.361002e-02 1.679792e-02 1.584369e-02 2.124070e-02 2.166004e-02 2.484673e-02 3.032221e-02 3.092619e-02 3.568564e-02 3.827731e-02 4.146774e-02 4.668100e-02 5.276631e-02 6.014839e-02 6.503264e-02 7.356631e-02 7.597668e-02 7.471076e-02 8.840931e-02 9.555203e-02 9.296814e-02 1.046669e-01 1.091022e-01 1.022756e-01 1.176780e-01 1.362734e-01 1.383170e-01 1.617244e-01 1.876014e-01 1.784247e-01 1.844062e-01 2.189057e-01 2.271473e-01 2.184294e-01 2.351489e-01 2.608946e-01 2.668267e-01 2.718593e-01 2.981823e-01 3.328069e-01 3.613846e-01 3.875810e-01 3.956002e-01 3.802895e-01 3.765943e-01 3.918600e-01 4.065660e-01 4.187156e-01 4.495439e-01 4.984073e-01 5.341218e-01 5.430235e-01 5.364938e-01 5.259969e-01 5.116667e-01 4.938683e-01 4.780732e-01 4.740123e-01 4.839778e-01 5.024065e-01 5.269110e-01 5.574505e-01 5.843145e-01 6.055225e-01 6.163738e-01 6.155136e-01 6.000330e-01 5.818003e-01 5.630197e-01 5.302237e-01 5.007823e-01 4.667727e-01 4.458803e-01 4.323193e-01 4.062259e-01 3.804178e-01 3.637376e-01 3.583857e-01 3.532069e-01 3.396458e-01 3.305355e-01 3.304924e-01 3.267202e-01 3.245391e-01 3.163629e-01 2.969195e-01 2.788650e-01 2.585640e-01 2.367720e-01 2.153551e-01 1.991362e-01 1.884471e-01 1.845188e-01 1.857291e-01 1.843881e-01 1.823850e-01 1.778527e-01 1.603618e-01 1.363530e-01 1.152754e-01 9.718842e-02 8.267260e-02 7.246298e-02 6.758930e-02 6.681325e-02 6.635808e-02 6.468569e-02 6.096178e-02 5.279644e-02 3.797951e-02 2.607300e-02 1.870233e-02 1.406469e-02 1.426265e-02 1.884028e-02 3.051451e-02 5.109911e-02 8.107804e-02 1.042396e-01 1.226411e-01 1.032401e-01 8.579124e-02 4.240860e-02 1.435133e-02 2.322486e-03 2.260009e-04 1.853682e-05 1.352507e-06 1.360651e-07 2.885638e-08 9.446231e-09 3.024361e-09 3.297312e-10 2.674288e-11 2.067753e-12 3.467457e-13 3.285625e-13 4.334868e-11 4.252581e-08 5.465013e-06 1.833090e-07 1.481563e-13 5.037184e-23 5.861487e-37 1.401298e-45 1.401298e-45
1.258172e-10 6.022578e-19 1.760778e-18 2.741628e-14 5.669232e-13 2.060985e-11 1.065315e-07 1.366380e-06 3.172350e-07 1.375123e-06 4.069548e-06 1.547477e-05 4.113462e-05 1.379425e-04 1.492926e-04 2.946653e-04 4.361480e-04 5.968304e-04 8.062924e-04 1.286384e-03 1.388557e-03 1.263236e-03 1.535776e-03 1.910312e-03 1.866157e-03 2.587971e-03 2.342578e-03 3.251008e-03 2.578342e-03 3.405259e-03 3.405311e-03 4.045103e-03 5.915657e-03 5.311585e-03 7.596787e-03 7.940325e-03 1.050348e-02 1.372532e-02 1.390885e-02 1.642207e-02 1.568814e-02 1.886642e-02 2.110683e-02 2.359226e-02 2.787305e-02 3.016801e-02 3.763121e-02 4.153932e-02 4.467481e-02 5.457864e-02 5.636938e-02 5.973133e-02 6.994234e-02 7.038066e-02 7.032581e-02 8.152115e-02 8.689159e-02 8.739778e-02 1.032182e-01 1.087643e-01 1.027916e-01 1.184863e-01 1.361287e-01 1.383838e-01 1.589410e-01 1.918441e-01 1.963939e-01 1.961633e-01 2.206818e-01 2.348018e-01 2.221212e-01 2.229135e-01 2.446007e-01 2.637812e-01 2.778498e-01 3.013602e-01 3.352928e-01 3.605510e-01 3.613099e-01 3.513308e-01 3.489437e-01 3.483452e-01 3.476525e-01 3.613250e-01 3.911674e-01 4.236002e-01 4.530681e-01 4.789745e-01 4.942648e-01 4.962684e-01 4.996872e-01 5.121443e-01 5.322875e-01 5.502852e-01 5.627945e-01 5.732461e-01 5.645963e-01 5.521630e-01 5.529971e-01 5.635235e-01 5.863071e-01 6.001006e-01 6.061125e-01 5.993218e-01 5.929322e-01 5.974408e-01 5.868268e-01 5.834165e-01 5.651449e-01 5.390087e-01 5.145211e-01 4.851523e-01 4.718970e-01 4.609097e-01 4.332303e-01 3.999725e-01 3.791019e-01 3.791431e-01 3.878738e-01 3.920313e-01 3.956940e-01 3.986119e-01 3.920867e-01 3.809330e-01 3.571825e-01 3.210216e-01 2.863322e-01 2.564566e-01 2.353434e-01 2.265934e-01 2.287358e-01 2.374642e-01 2.466177e-01 2.432646e-01 2.237067e-01 2.006916e-01 1.761559e-01 1.522466e-01 1.362745e-01 1.284481e-01 1.245295e-01 1.184121e-01 1.094883e-01 1.011963e-01 8.761018e-02 7.031340e-02 5.390556e-02 4.156349e-02 3.078925e-02 2.371072e-02 2.294519e-02 2.534159e-02 3.222956e-02 4.921045e-02 7.022050e-02 8.653427e-02 9.468312e-02 8.282593e-02 6.080270e-02 4.123130e-02 1.931740e-02 1.021543e-02 3.286985e-03 1.277083e-03 4.509609e-04 1.793181e-04 7.148168e-05 2.378472e-05 5.665529e-06 6.749128e-07 2.042435e-08 5.935497e-10 2.833886e-11 6.752831e-12 7.873584e-13 2.321079e-13 3.297682e-13 2.689638e-11 1.933787e-09 8.540173e-10 7.865902e-15 8.679438e-25 3.832285e-39 1.401298e-45 1.401298e-45
3.162334e-05 2.893092e-19 2.425269e-12 1.472551e-13 2.400235e-12 1.807550e-10 6.749782e-10 1.078979e-08 4.385203e-07 5.007915e-06 1.742873e-05 1.701635e-05 1.748281e-05 4.592881e-05 4.918153e-05 7.873270e-05 2.574960e-04 4.030067e-04 6.722935e-04 8.318691e-04 1.413252e-03 1.194129e-03 1.350650e-03 1.219204e-03 1.901272e-03 2.388728e-03 3.232096e-03 3.444192e-03 3.884745e-03 4.478727e-03 5.044984e-03 5.724104e-03 5.020528e-03 7.226177e-03 7.793946e-03 9.285098e-03 1.167233e-02 1.124711e-02 1.354116e-02 1.337683e-02 1.511437e-02 1.988769e-02 2.119821e-02 2.455153e-02 2.811157e-02 3.032434e-02 3.300597e-02 3.823913e-02 4.507393e-02 4.836547e-02 5.336394e-02 5.911419e-02 5.855146e-02 6.592403e-02 7.397567e-02 7.649281e-02 8.596940e-02 9.063316e-02 9.052435e-02 1.045526e-01 1.242306e-01 1.331563e-01 1.461776e-01 1.673253e-01 1.761546e-01 1.757217e-01 1.805515e-01 1.930370e-01 2.069506e-01 2.176068e-01 2.350976e-01 2.691739e-01 3.038554e-01 3.140379e-01 3.111509e-01 3.210676e-01 3.407924e-01 3.547135e-01 3.641905e-01 3.721053e-01 3.751618e-01 3.776795e-01 3.873742e-01 3.992772e-01 4.114488e-01 4.310606e-01 4.641380e-01 4.993144e-01 5.201626e-01 5.278708e-01 5.323708e-01 5.333009e-01 5.296459e-01 5.244238e-01 5.228897e-01 5.328844e-01 5.446875e-01 5.483665e-01 5.560971e-01 5.655704e-01 5.781833e-01 5.822686e-01 5.780289e-01 5.843989e-01 5.855200e-01 5.979080e-01 6.142951e-01 6.238267e-01 6.282954e-01 6.126685e-01 5.817678e-01 5.563508e-01 5.342559e-01 5.304690e-01 5.337893e-01 5.189574e-01 4.994687e-01 4.899596e-01 4.929155e-01 4.980276e-01 4.864199e-01 4.662581e-01 4.369179e-01 3.903227e-01 3.424378e-01 2.967339e-01 2.606204e-01 2.444547e-01 2.416431e-01 2.466359e-01 2.517147e-01 2.488349e-01 2.358128e-01 2.126928e-01 1.831548e-01 1.618605e-01 1.539035e-01 1.517743e-01 1.517159e-01 1.502469e-01 1.451534e-01 1.343702e-01 1.180965e-01 1.056838e-01 9.671620e-02 8.958090e-02 8.594218e-02 8.741767e-02 9.023675e-02 8.911905e-02 9.011868e-02 9.580341e-02 9.529559e-02 9.196585e-02 8.205455e-02 6.333698e-02 3.947118e-02 2.502718e-02 1.137771e-02 6.362693e-03 3.251485e-03 2.225755e-03 1.612772e-03 1.339660e-03 9.249892e-04 5.701726e-04 1.490781e-04 2.534661e-05 1.234525e-06 4.261678e-08 7.460936e-10 4.944214e-11 1.167665e-11 5.317211e-12 1.086733e-12 2.643115e-14 3.702347e-15 3.032274e-14 1.054461e-11 1.132202e-10 5.300971e-15 1.591375e-25 4.357001e-40 1.401298e-45 1.401298e-45
1.353490e-15 1.681397e-16 1.811758e-13 1.771464e-12 5.161798e-09 3.653170e-09 1.333636e-07 9.641104e-08 7.354840e-07 3.116394e-06 6.042721e-06 3.755519e-06 6.065065e-05 1.367765e-04 8.590296e-05 8.156539e-05 2.085746e-04 4.046884e-04 5.097709e-04 7.924901e-04 6.835210e-04 9.236500e-04 7.849982e-04 1.226811e-03 1.543471e-03 2.240740e-03 2.850813e-03 3.483209e-03 6.256986e-03 5.204572e-03 7.443383e-03 5.189354e-03 6.323055e-03 6.308056e-03 6.825726e-03 8.607752e-03 7.963710e-03 1.093881e-02 1.212855e-02 1.480538e-02 2.026670e-02 1.743467e-02 2.199391e-02 2.412154e-02 2.410037e-02 3.029830e-02 3.094727e-02 3.602424e-02 4.149335e-02 4.298686e-02 5.278470e-02 5.692671e-02 6.156084e-02 7.346846e-02 7.788263e-02 7.866157e-02 8.267339e-02 8.865666e-02 9.260326e-02 9.879443e-02 1.163514e-01 1.336361e-01 1.437483e-01 1.565144e-01 1.612500e-01 1.593315e-01 1.682162e-01 1.870242e-01 2.104593e-01 2.409474e-01 2.698639e-01 2.775640e-01 2.766978e-01 2.976595e-01 3.346385e-01 3.508005e-01 3.468633e-01 3.477260e-01 3.563766e-01 3.660648e-01 3.788098e-01 3.969899e-01 4.196179e-01 4.399498e-01 4.584387e-01 4.847321e-01 5.234098e-01 5.641511e-01 5.955525e-01 6.123137e-01 6.136037e-01 6.005974e-01 5.861471e-01 5.816099e-01 5.881200e-01 6.017458e-01 6.217070e-01 6.372992e-01 6.363181e-01 6.169631e-01 5.946611e-01 5.782413e-01 5.692260e-01 5.613343e-01 5.645264e-01 5.659064e-01 5.704079e-01 5.857888e-01 5.894416e-01 5.995986e-01 5.945468e-01 5.756192e-01 5.627403e-01 5.478869e-01 5.504943e-01 5.542435e-01 5.336633e-01 5.143804e-01 5.054862e-01 5.093622e-01 5.072840e-01 4.737535e-01 4.315536e-01 3.902411e-01 3.580020e-01 3.445920e-01 3.339958e-01 3.253282e-01 3.165787e-01 3.012548e-01 2.778025e-01 2.498022e-01 2.247809e-01 2.094118e-01 1.978536e-01 1.902979e-01 1.887819e-01 1.878404e-01 1.793835e-01 1.670948e-01 1.554751e-01 1.491096e-01 1.401988e-01 1.307615e-01 1.276755e-01 1.237491e-01 1.212814e-01 1.209226e-01 1.184510e-01 1.079272e-01 9.294461e-02 7.976773e-02 6.480905e-02 4.646249e-02 2.889239e-02 1.605422e-02 6.826207e-03 2.868766e-03 1.185101e-03 5.573647e-04 4.017793e-04 3.314990e-04 3.339380e-04 3.192380e-04 2.320613e-04 1.491239e-04 4.741876e-05 7.658227e-06 8.604478e-07 5.021004e-08 4.463712e-09 2.585342e-10 2.867375e-11 2.504872e-12 9.596111e-14 4.868566e-16 2.754450e-18 5.985988e-19 2.899991e-17 6.486193e-17 1.065522e-21 1.469050e-32 1.401298e-45 1.401298e-45 1.401298e-45
3.638089e-05 1.145058e-22 1.827319e-15 3.097854e-09 1.070006e-08 2.102520e-05 3.278915e-07 9.834810e-08 2.567286e-08 9.222102e-08 1.964256e-08 3.715815e-07 4.507448e-06 4.827141e-05 4.298858e-05 9.134247e-05 5.300403e-05 1.006921e-04 2.434649e-04 4.350853e-04 6.360888e-04 5.136513e-04 1.113413e-03 1.162244e-03 1.670712e-03 1.807539e-03 2.231102e-03 3.777517e-03 3.643870e-03 4.905463e-03 3.828862e-03 5.260878e-03 5.512203e-03 6.389996e-03 8.959330e-03 7.598955e-03 1.402499e-02 1.165012e-02 1.671748e-02 2.055174e-02 1.777482e-02 2.501680e-02 2.196993e-02 2.300578e-02 2.691810e-02 2.405677e-02 3.347417e-02 3.274668e-02 3.492754e-02 4.469636e-02 4.487846e-02 5.619467e-02 6.833044e-02 6.309280e-02 6.814290e-02 7.955493e-02 8.126274e-02 8.681224e-02 1.049002e-01 1.164020e-01 1.130495e-01 1.255007e-01 1.481593e-01 1.466083e-01 1.427240e-01 1.650838e-01 1.933580e-01 1.955099e-01 1.936823e-01 2.102931e-01 2.330500e-01 2.413014e-01 2.453512e-01 2.640601e-01 2.889315e-01 3.038248e-01 3.125243e-01 3.256980e-01 3.405125e-01 3.580013e-01 3.957774e-01 4.438592e-01 4.707382e-01 4.827382e-01 5.014011e-01 5.187362e-01 5.158551e-01 5.086605e-01 5.255381e-01 5.660338e-01 6.090326e-01 6.424379e-01 6.704835e-01 6.929354e-01 7.116821e-01 7.299610e-01 7.453839e-01 7.570001e-01 7.592298e-01 7.330977e-01 7.059800e-01 6.742166e-01 6.562467e-01 6.384982e-01 6.268702e-01 6.232645e-01 6.083985e-01 6.032217e-01 6.057543e-01 6.130847e-01 6.337472e-01 6.253664e-01 6.018317e-01 5.855204e-01 5.754694e-01 5.894063e-01 5.934115e-01 5.657166e-01 5.208444e-01 4.719001e-01 4.380702e-01 4.101533e-01 3.801890e-01 3.617962e-01 3.499792e-01 3.418476e-01 3.354824e-01 3.162418e-01 2.910071e-01 2.661308e-01 2.416716e-01 2.186161e-01 2.027855e-01 1.997274e-01 2.012132e-01 1.980994e-01 1.909485e-01 1.853383e-01 1.795185e-01 1.716043e-01 1.629341e-01 1.538045e-01 1.432894e-01 1.246402e-01 1.110529e-01 1.028131e-01 9.266073e-02 8.418688e-02 7.678781e-02 6.517397e-02 5.340634e-02 4.331654e-02 3.256647e-02 2.144428e-02 1.225022e-02 6.296759e-03 3.272236e-03 1.607368e-03 9.618573e-04 6.433464e-04 5.763003e-04 6.924794e-04 9.521376e-04 1.426315e-03 2.563227e-03 2.358464e-03 1.589747e-03 2.405867e-04 2.217907e-05 7.731001e-07 1.006898e-08 9.282628e-11 7.947234e-13 2.034916e-14 3.553990e-16 7.128318e-19 2.430776e-22 9.886260e-25 2.575485e-25 3.331314e-25 2.365241e-29 5.837755e-39 1.401298e-45 1.401298e-45 0.000000e+00
8.884880e-14 1.219787e-22 2.236070e-14 6.997127e-15 1.002430e-09 4.891573e-11 1.832000e-09 2.080570e-10 9.783238e-09 2.082774e-09 5.526227e-08 7.955586e-08 2.982595e-06 2.663604e-06 3.321310e-05 1.702672e-05 6.363571e-05 1.041496e-04 2.027540e-04 3.116791e-04 4.226129e-04 1.027442e-03 8.718879e-04 2.021834e-03 1.732032e-03 2.997849e-03 3.373584e-03 3.564647e-03 4.315869e-03 3.331140e-03 5.372102e-03 5.011792e-03 6.041747e-03 7.179220e-03 6.629670e-03 1.055184e-02 9.828864e-03 1.450775e-02 1.553698e-02 1.367853e-02 1.738334e-02 1.537131e-02 1.913673e-02 2.191438e-02 2.305015e-02 2.777023e-02 2.725226e-02 3.017266e-02 3.299917e-02 3.617212e-02 4.456112e-02 5.122999e-02 6.270622e-02 7.321579e-02 7.873545e-02 8.740827e-02 9.103792e-02 1.065399e-01 1.122186e-01 1.094043e-01 1.350963e-01 1.359051e-01 1.172382e-01 1.484636e-01 1.968499e-01 1.892990e-01 1.858963e-01 2.099455e-01 2.282702e-01 2.339895e-01 2.215758e-01 2.188826e-01 2.724464e-01 3.202668e-01 2.960293e-01 2.988616e-01 3.568780e-01 3.929532e-01 3.989577e-01 4.210706e-01 4.565650e-01 4.887769e-01 5.385517e-01 5.995841e-01 6.321401e-01 6.292222e-01 6.074761e-01 5.731131e-01 5.409079e-01 5.328774e-01 5.571256e-01 6.012719e-01 6.499875e-01 6.962736e-01 7.388068e-01 7.734388e-01 7.880420e-01 7.832663e-01 7.819791e-01 7.739297e-01 7.610008e-01 7.252968e-01 6.862430e-01 6.650357e-01 6.600835e-01 6.715263e-01 6.828318e-01 6.802976e-01 6.727732e-01 6.640171e-01 6.558984e-01 6.623742e-01 6.484652e-01 6.359786e-01 6.349195e-01 6.320478e-01 6.322063e-01 6.021837e-01 5.489826e-01 4.982502e-01 4.613129e-01 4.434374e-01 4.233468e-01 4.028148e-01 3.937805e-01 3.854313e-01 3.746636e-01 3.592396e-01 3.304321e-01 3.015873e-01 2.803027e-01 2.586949e-01 2.345902e-01 2.150002e-01 2.018904e-01 1.887469e-01 1.739462e-01 1.637750e-01 1.584034e-01 1.510161e-01 1.414839e-01 1.311128e-01 1.246784e-01 1.161518e-01 1.054755e-01 1.008262e-01 9.510224e-02 8.390739e-02 7.361490e-02 6.436399e-02 5.265108e-02 4.405636e-02 3.833613e-02 2.981846e-02 2.358424e-02 1.927018e-02 1.572070e-02 1.467362e-02 1.330301e-02 1.177753e-02 1.401943e-02 1.491607e-02 2.358704e-02 3.297408e-02 3.767113e-02 2.434283e-02 3.452272e-03 1.705173e-04 2.828076e-06 2.308965e-08 1.299731e-10 5.344467e-13 6.905786e-15 1.535894e-16 1.835117e-18 6.902224e-22 1.738165e-26 4.441802e-31 6.269758e-33 4.423126e-33 6.252008e-35 4.678936e-42 1.401298e-45 1.401298e-45 0.000000e+00
1.191596e-05 3.895587e-21 5.775588e-22 3.627641e-17 1.535671e-15 6.116688e-14 2.474362e-11 5.483354e-10 3.763569e-08 7.718108e-07 1.586015e-07 1.728705e-06 2.163250e-06 8.251449e-06 8.822446e-06 4.078489e-05 6.213907e-05 2.271333e-04 2.469113e-04 4.525060e-04 8.376149e-04 8.018638e-04 1.158863e-03 1.037432e-03 2.038230e-03 2.400717e-03 2.814138e-03 3.017210e-03 3.070549e-03 4.471317e-03 4.097705e-03 5.488452e-03 5.552541e-03 6.805328e-03 8.740857e-03 8.644501e-03 1.163153e-02 1.134081e-02 1.245556e-02 1.516884e-02 1.417306e-02 1.819821e-02 1.907965e-02 2.065947e-02 2.562140e-02 2.671208e-02 2.967164e-02 3.956186e-02 4.222626e-02 4.068991e-02 5.292692e-02 5.563157e-02 4.888627e-02 7.411619e-02 8.608202e-02 7.810992e-02 1.203612e-01 1.202178e-01 1.139986e-01 1.599291e-01 1.359625e-01 1.379732e-01 2.130128e-01 1.796709e-01 1.608552e-01 2.489064e-01 2.430569e-01 2.257124e-01 2.934364e-01 2.979991e-01 2.977000e-01 3.682528e-01 3.505923e-01 3.003342e-01 3.465814e-01 3.886642e-01 3.560516e-01 3.558388e-01 4.197126e-01 4.698642e-01 4.925949e-01 5.211659e-01 5.380608e-01 5.344946e-01 5.691760e-01 6.628215e-01 7.458960e-01 7.566824e-01 7.220588e-01 6.884785e-01 6.632843e-01 6.429629e-01 6.435270e-01 6.757255e-01 7.242545e-01 7.559306e-01 7.637465e-01 7.657940e-01 7.726437e-01 7.644781e-01 7.486234e-01 7.364050e-01 7.194895e-01 6.925179e-01 6.697172e-01 6.664854e-01 6.778511e-01 6.796851e-01 6.445621e-01 6.222805e-01 6.239145e-01 6.527525e-01 6.909968e-01 6.900226e-01 6.738476e-01 6.532058e-01 6.245987e-01 5.938613e-01 5.432013e-01 4.822802e-01 4.325200e-01 4.043655e-01 3.976071e-01 3.918703e-01 3.864095e-01 3.799664e-01 3.588317e-01 3.304164e-01 2.985649e-01 2.651210e-01 2.443227e-01 2.361121e-01 2.261456e-01 2.172658e-01 2.140908e-01 2.133629e-01 2.077001e-01 1.947123e-01 1.795623e-01 1.626210e-01 1.443630e-01 1.276046e-01 1.179854e-01 1.122005e-01 1.021429e-01 9.509967e-02 9.194177e-02 8.731277e-02 8.394652e-02 8.411177e-02 8.972467e-02 9.797296e-02 1.075330e-01 1.249553e-01 1.259189e-01 1.279792e-01 1.331803e-01 1.130760e-01 1.060472e-01 9.261187e-02 7.586740e-02 8.144215e-02 6.171121e-02 4.802578e-02 2.151597e-02 4.016561e-03 2.439277e-04 4.251946e-06 4.305165e-08 4.334484e-10 3.809828e-12 8.582199e-14 1.932288e-15 7.607869e-17 2.780071e-19 3.606185e-23 1.149978e-28 7.482305e-34 1.045401e-36 6.007405e-37 6.111581e-38 3.363116e-44 1.401298e-45 1.401298e-45 0.000000e+00
1.179520e-05 6.897890e-35 7.915845e-21 1.172493e-19 1.789126e-16 2.974722e-14 6.294164e-09 1.307899e-07 2.084863e-06 7.355535e-07 9.218154e-07 7.122923e-06 5.645698e-05 2.080771e-05 6.999422e-05 1.730449e-04 3.770301e-04 4.932284e-04 8.644819e-04 1.337172e-03 1.840729e-03 1.957597e-03 2.160739e-03 2.905009e-03 2.668974e-03 2.607808e-03 2.947813e-03 3.147045e-03 4.564348e-03 5.102247e-03 7.010008e-03 7.319791e-03 8.464226e-03 8.969714e-03 9.974316e-03 1.161281e-02 1.116523e-02 1.250507e-02 1.230715e-02 1.379087e-02 1.650890e-02 1.739649e-02 2.039926e-02 2.489818e-02 2.511033e-02 3.513239e-02 4.117484e-02 3.745504e-02 5.063533e-02 6.024195e-02 5.304100e-02 6.297957e-02 7.256453e-02 6.310999e-02 8.086120e-02 1.124399e-01 9.970911e-02 1.103616e-01 1.286618e-01 1.299812e-01 1.521082e-01 1.563211e-01 1.612434e-01 2.087954e-01 2.106225e-01 1.896048e-01 2.498741e-01 2.973301e-01 2.524032e-01 2.948437e-01 3.686377e-01 3.357501e-01 3.516797e-01 4.154474e-01 3.823158e-01 3.584662e-01 4.364002e-01 4.745815e-01 4.291958e-01 4.565032e-01 5.531788e-01 6.025479e-01 6.168981e-01 6.573261e-01 6.780087e-01 6.491598e-01 6.396587e-01 6.840634e-01 7.295995e-01 7.272365e-01 7.072932e-01 7.118539e-01 7.330151e-01 7.352098e-01 7.128795e-01 6.927574e-01 6.828960e-01 6.744218e-01 6.676167e-01 6.734581e-01 7.022932e-01 7.422171e-01 7.791176e-01 7.838289e-01 7.553414e-01 7.208448e-01 6.943059e-01 7.043836e-01 6.997470e-01 6.733790e-01 6.570305e-01 6.576377e-01 6.858262e-01 6.973649e-01 6.587523e-01 5.987201e-01 5.475858e-01 5.131387e-01 4.913150e-01 4.654468e-01 4.345026e-01 4.119199e-01 4.017470e-01 3.970571e-01 3.811410e-01 3.591476e-01 3.365502e-01 3.105012e-01 2.931240e-01 2.782564e-01 2.628481e-01 2.576258e-01 2.531230e-01 2.359432e-01 2.150218e-01 1.905842e-01 1.643636e-01 1.376109e-01 1.161520e-01 1.041423e-01 9.978396e-02 9.839178e-02 1.004616e-01 1.112235e-01 1.182406e-01 1.202796e-01 1.276605e-01 1.301224e-01 1.278956e-01 1.328146e-01 1.422606e-01 1.548623e-01 1.580011e-01 1.515424e-01 1.417977e-01 1.217129e-01 1.043657e-01 9.356119e-02 7.432256e-02 6.841699e-02 5.738412e-02 4.190512e-02 2.711740e-02 1.214983e-02 3.547374e-03 6.595846e-04 4.585179e-05 1.781347e-06 4.559472e-08 1.412358e-09 8.622070e-11 5.839068e-12 6.812615e-13 2.576574e-14 2.014951e-16 2.937940e-20 1.317409e-25 2.947161e-31 1.303061e-35 4.218793e-38 5.401725e-41 1.401298e-45 1.401298e-45 1.401298e-45 0.000000e+00
3.414253e-15 8.056038e-24 5.463163e-19 2.609779e-15 3.452378e-11 7.741133e-10 2.682553e-06 4.027708e-06 6.947142e-07 1.800703e-06 2.577365e-06 2.524013e-05 9.328142e-05 1.289007e-04 1.400211e-04 3.348490e-04 4.312322e-04 9.654204e-04 1.180058e-03 1.522868e-03 1.498802e-03 2.036119e-03 2.318835e-03 3.049860e-03 2.556213e-03 2.953965e-03 2.753465e-03 3.963237e-03 4.146148e-03 4.921401e-03 5.880514e-03 6.463331e-03 8.886418e-03 7.608677e-03 9.607454e-03 9.383156e-03 9.885135e-03 1.088161e-02 1.046968e-02 1.202465e-02 1.249990e-02 1.557577e-02 1.841077e-02 2.312043e-02 3.198817e-02 3.036544e-02 3.617818e-02 4.414996e-02 4.225257e-02 5.406701e-02 6.126793e-02 5.982297e-02 7.737461e-02 8.933222e-02 8.596812e-02 9.592649e-02 1.131961e-01 1.206529e-01 1.310527e-01 1.476851e-01 1.555486e-01 1.714138e-01 1.834365e-01 1.783781e-01 2.241973e-01 2.634956e-01 2.284737e-01 2.440911e-01 3.173581e-01 3.114324e-01 2.885934e-01 3.442489e-01 3.651958e-01 3.324207e-01 3.728434e-01 4.256472e-01 3.927105e-01 3.961926e-01 4.785500e-01 5.160520e-01 4.925779e-01 5.127990e-01 5.641387e-01 5.821560e-01 5.820159e-01 5.800261e-01 5.596548e-01 5.427859e-01 5.719339e-01 6.347938e-01 6.727147e-01 6.707696e-01 6.684589e-01 6.839294e-01 6.978055e-01 6.890389e-01 6.612827e-01 6.335427e-01 6.211419e-01 6.229634e-01 6.512172e-01 6.976719e-01 7.626389e-01 8.230428e-01 8.318816e-01 8.101225e-01 7.684085e-01 7.335795e-01 7.164074e-01 6.933755e-01 6.788365e-01 6.748681e-01 6.690001e-01 6.652114e-01 6.485766e-01 6.051490e-01 5.610119e-01 5.310779e-01 5.162526e-01 5.127390e-01 5.032421e-01 4.794782e-01 4.510302e-01 4.256403e-01 4.015759e-01 3.770586e-01 3.587379e-01 3.443920e-01 3.284116e-01 3.165517e-01 2.964000e-01 2.774119e-01 2.659659e-01 2.435375e-01 2.151946e-01 1.917559e-01 1.730214e-01 1.595693e-01 1.500776e-01 1.493622e-01 1.539687e-01 1.564631e-01 1.478292e-01 1.362324e-01 1.239908e-01 1.049699e-01 8.935638e-02 8.030218e-02 6.912348e-02 6.099110e-02 5.960605e-02 5.473085e-02 4.877173e-02 4.402881e-02 3.815086e-02 3.356571e-02 2.952447e-02 2.378342e-02 1.876458e-02 1.354948e-02 8.705907e-03 5.540079e-03 3.253923e-03 1.842224e-03 1.094127e-03 4.269596e-04 1.329160e-04 1.733177e-05 2.311615e-06 3.936084e-07 9.321982e-08 3.218100e-08 8.207879e-09 1.496299e-09 2.662892e-11 9.620827e-15 2.454192e-20 2.739329e-27 2.853759e-34 2.168818e-40 2.802597e-45 1.401298e-45 1.401298e-45 1.401298e-45 0.000000e+00
6.960054e-05 8.781415e-19 3.529638e-12 4.897538e-08 9.061885e-07 2.301951e-06 7.151303e-05 5.792082e-05 9.575502e-05 4.032133e-05 8.941565e-05 1.414853e-04 7.909408e-04 1.553228e-04 3.259262e-04 6.259558e-04 9.645897e-04 6.939552e-04 9.499349e-04 1.227743e-03 2.169214e-03 2.102977e-03 2.354271e-03 2.020483e-03 2.580296e-03 2.631327e-03 3.330354e-03 3.033438e-03 3.897997e-03 4.451866e-03 5.324801e-03 6.899925e-03 7.347365e-03 1.121400e-02 9.805743e-03 1.133018e-02 1.156279e-02 1.132678e-02 1.287290e-02 1.257291e-02 1.530622e-02 1.797451e-02 2.168545e-02 2.322628e-02 2.456821e-02 3.073538e-02 3.354867e-02 4.342980e-02 5.006951e-02 4.276257e-02 5.356554e-02 6.911786e-02 6.382098e-02 7.948225e-02 1.012782e-01 9.185348e-02 9.931850e-02 1.347605e-01 1.461765e-01 1.445747e-01 1.773933e-01 2.055852e-01 1.982387e-01 2.062043e-01 2.128669e-01 2.106151e-01 2.427338e-01 2.543114e-01 2.407610e-01 2.779499e-01 3.265824e-01 3.152500e-01 3.303519e-01 3.988481e-01 4.187503e-01 4.069688e-01 4.412233e-01 4.665868e-01 4.492023e-01 4.470396e-01 4.600721e-01 4.485021e-01 4.267791e-01 4.223133e-01 4.347908e-01 4.624003e-01 5.151377e-01 5.806080e-01 6.311286e-01 6.710662e-01 7.253478e-01 7.786417e-01 7.925799e-01 7.645561e-01 7.323368e-01 7.120126e-01 6.926631e-01 6.596601e-01 6.293303e-01 6.160767e-01 6.309827e-01 6.580532e-01 6.910243e-01 7.413622e-01 8.002486e-01 8.019836e-01 7.531402e-01 6.961272e-01 6.659293e-01 6.688359e-01 6.586210e-01 6.372664e-01 6.208787e-01 6.032414e-01 5.872117e-01 5.552077e-01 5.145883e-01 4.964170e-01 4.997982e-01 5.030355e-01 4.981000e-01 4.756657e-01 4.486709e-01 4.331003e-01 4.259677e-01 4.208587e-01 4.101225e-01 3.979190e-01 3.788388e-01 3.565750e-01 3.289810e-01 2.926366e-01 2.686864e-01 2.495232e-01 2.268163e-01 2.101354e-01 1.990502e-01 1.948173e-01 1.912749e-01 1.835280e-01 1.790691e-01 1.693251e-01 1.463876e-01 1.246158e-01 1.127327e-01 9.987962e-02 8.665455e-02 7.548940e-02 6.079809e-02 4.644924e-02 3.632085e-02 2.814876e-02 2.295123e-02 1.921538e-02 1.685367e-02 1.417255e-02 9.561235e-03 6.000820e-03 3.529474e-03 2.089153e-03 1.724983e-03 1.462928e-03 1.616371e-03 1.743165e-03 1.886652e-03 1.973534e-03 1.387094e-03 8.572142e-04 5.069582e-04 3.764300e-04 3.365033e-04 2.426418e-04 2.351632e-04 8.228513e-05 2.383760e-06 4.632686e-10 2.387116e-16 9.132776e-25 5.045224e-34 3.689619e-42 1.401298e-45 1.401298e-45 1.401298e-45 1.401298e-45 0.000000e+00
2.565152e-17 6.275049e-15 4.251927e-05 3.545291e-04 4.723358e-04 9.752534e-05 2.404513e-04 1.208217e-03 1.365730e-04 1.553775e-04 1.001154e-03 1.415349e-03 9.606842e-04 8.192344e-04 6.399975e-04 1.007978e-03 7.189721e-04 1.167504e-03 1.003481e-03 1.131680e-03 1.113805e-03 1.307861e-03 1.659945e-03 2.465992e-03 2.879708e-03 3.265920e-03 2.947917e-03 3.624251e-03 3.100523e-03 4.207930e-03 4.071284e-03 5.232527e-03 6.548257e-03 6.332372e-03 8.741734e-03 8.529017e-03 1.049206e-02 1.261354e-02 1.461008e-02 1.924443e-02 1.985536e-02 2.097800e-02 2.334195e-02 2.504407e-02 2.916236e-02 3.485031e-02 3.900634e-02 3.870825e-02 4.368757e-02 5.521305e-02 5.503940e-02 5.811120e-02 7.394618e-02 7.336335e-02 7.544575e-02 1.106787e-01 1.309944e-01 1.253895e-01 1.477468e-01 1.884390e-01 1.815941e-01 1.694984e-01 2.091406e-01 2.484081e-01 2.310619e-01 2.344271e-01 2.743677e-01 2.933977e-01 2.858970e-01 2.886535e-01 3.165963e-01 3.594825e-01 3.909116e-01 4.165990e-01 4.510285e-01 4.768482e-01 4.932515e-01 5.143965e-01 5.174618e-01 4.872415e-01 4.497604e-01 4.255186e-01 4.155307e-01 4.207420e-01 4.482504e-01 4.851020e-01 5.201052e-01 5.689771e-01 6.373336e-01 6.845011e-01 6.847516e-01 6.676781e-01 6.636097e-01 6.760578e-01 7.036627e-01 7.504222e-01 8.071530e-01 8.489816e-01 8.608515e-01 8.256335e-01 7.616996e-01 6.856406e-01 6.373155e-01 6.172816e-01 6.414033e-01 6.866937e-01 6.922190e-01 6.804285e-01 6.560848e-01 6.573840e-01 6.721023e-01 6.523829e-01 6.096192e-01 5.671415e-01 5.470754e-01 5.581415e-01 5.703449e-01 5.616081e-01 5.497485e-01 5.399290e-01 5.270048e-01 5.124896e-01 4.879817e-01 4.648261e-01 4.462105e-01 4.238452e-01 3.968746e-01 3.717853e-01 3.542305e-01 3.436017e-01 3.355024e-01 3.140114e-01 2.928628e-01 2.835982e-01 2.737127e-01 2.651346e-01 2.626148e-01 2.631011e-01 2.605058e-01 2.406523e-01 2.119354e-01 1.871040e-01 1.612078e-01 1.342991e-01 1.165808e-01 9.950694e-02 7.584473e-02 5.635351e-02 4.401017e-02 3.576318e-02 3.286060e-02 3.559561e-02 3.976209e-02 4.650921e-02 5.294647e-02 4.986352e-02 3.970842e-02 2.789523e-02 1.972915e-02 1.709770e-02 1.765863e-02 2.238243e-02 2.685603e-02 3.128777e-02 3.511908e-02 3.855442e-02 4.380771e-02 4.660407e-02 4.991946e-02 5.620256e-02 4.882551e-02 4.091175e-02 2.352886e-02 5.551449e-03 5.805067e-05 5.648721e-09 1.232671e-15 1.821659e-24 1.269825e-34 1.905766e-43 1.401298e-45 1.401298e-45 1.401298e-45 0.000000e+00 0.000000e+00
1.689129e-05 9.444052e-11 3.701206e-04 9.854973e-06 4.844861e-06 2.855336e-05 2.540673e-04 1.757648e-04 1.046899e-04 2.567513e-04 2.617633e-03 4.310662e-04 6.565323e-04 1.342514e-03 2.187390e-03 1.414545e-03 9.522542e-04 7.935033e-04 9.846798e-04 9.596701e-04 1.255470e-03 1.252883e-03 1.847879e-03 2.280859e-03 2.787024e-03 2.671220e-03 3.152775e-03 3.504049e-03 4.069726e-03 3.916485e-03 4.576941e-03 4.504394e-03 4.531906e-03 5.848944e-03 6.206612e-03 9.785526e-03 1.098979e-02 1.431117e-02 1.845703e-02 1.898936e-02 2.485934e-02 2.587288e-02 2.576691e-02 3.636001e-02 3.511330e-02 3.690298e-02 4.285198e-02 4.062333e-02 4.737925e-02 5.790774e-02 6.517870e-02 6.550427e-02 6.932547e-02 8.382161e-02 8.741832e-02 9.187821e-02 1.140221e-01 1.352551e-01 1.449647e-01 1.569403e-01 1.734880e-01 1.943837e-01 2.132984e-01 2.138439e-01 2.496337e-01 3.145020e-01 2.900921e-01 2.757455e-01 3.504657e-01 3.785350e-01 3.408277e-01 3.678906e-01 4.064802e-01 3.855525e-01 3.921205e-01 4.633344e-01 5.238280e-01 5.530714e-01 6.039829e-01 6.664197e-01 6.966594e-01 7.070007e-01 7.232682e-01 7.154632e-01 7.039782e-01 7.345440e-01 7.776096e-01 7.638202e-01 7.090200e-01 6.764102e-01 6.851214e-01 7.144902e-01 7.478622e-01 7.858648e-01 8.237182e-01 8.557596e-01 8.977727e-01 9.484802e-01 9.847055e-01 9.740741e-01 9.318307e-01 8.666908e-01 8.063873e-01 7.626274e-01 7.382314e-01 7.682433e-01 8.145871e-01 8.291599e-01 8.083975e-01 7.701000e-01 7.409134e-01 7.109271e-01 6.535110e-01 5.957611e-01 5.553909e-01 5.362697e-01 5.352840e-01 5.250138e-01 5.051228e-01 4.910224e-01 4.860093e-01 4.812681e-01 4.731407e-01 4.545790e-01 4.359464e-01 4.242812e-01 4.068473e-01 3.886373e-01 3.683357e-01 3.503479e-01 3.352823e-01 3.143336e-01 2.893980e-01 2.781824e-01 2.759607e-01 2.752062e-01 2.706385e-01 2.611345e-01 2.464277e-01 2.227655e-01 1.954678e-01 1.796480e-01 1.726620e-01 1.584427e-01 1.421875e-01 1.289636e-01 1.111536e-01 9.716169e-02 9.575040e-02 1.006793e-01 1.008819e-01 1.000477e-01 8.926983e-02 6.634886e-02 4.871295e-02 3.440169e-02 2.416245e-02 2.019217e-02 1.908458e-02 2.145652e-02 2.806206e-02 3.559488e-02 4.506715e-02 5.087306e-02 5.244454e-02 5.769316e-02 5.294520e-02 4.870759e-02 3.189506e-02 2.094723e-02 1.382919e-02 1.014903e-02 5.723485e-03 1.100219e-03 1.341943e-05 1.629830e-09 5.450156e-16 2.539705e-25 5.029580e-36 1.401298e-45 1.401298e-45 1.401298e-45 1.401298e-45 0.000000e+00 0.000000e+00
6.450816e-05 3.164707e-15 3.439111e-06 1.166632e-04 4.678670e-04 4.285638e-04 4.912185e-04 7.204508e-04 4.958573e-04 1.712390e-04 2.469856e-04 3.153107e-04 1.112623e-03 1.149409e-03 1.023948e-03 1.040091e-03 1.179149e-03 8.730929e-04 8.390269e-04 1.107749e-03 1.218683e-03 1.827444e-03 1.889559e-03 2.213521e-03 2.564337e-03 3.071919e-03 3.694572e-03 3.369013e-03 3.551283e-03 3.676630e-03 3.804654e-03 4.284556e-03 4.996458e-03 6.217762e-03 8.006595e-03 8.393131e-03 1.132613e-02 1.326289e-02 1.681521e-02 2.529163e-02 2.548408e-02 3.949699e-02 4.413113e-02 3.661318e-02 5.260682e-02 4.634663e-02 4.464804e-02 6.702410e-02 6.121883e-02 6.005762e-02 7.480222e-02 8.583046e-02 8.958441e-02 9.326739e-02 1.136717e-01 1.168784e-01 9.640446e-02 1.190657e-01 1.387036e-01 1.199294e-01 1.538852e-01 2.008689e-01 1.932346e-01 2.212706e-01 2.572584e-01 2.392529e-01 2.640169e-01 3.155221e-01 2.970123e-01 3.213941e-01 4.056845e-01 4.100216e-01 4.014904e-01 4.548951e-01 4.863297e-01 4.850774e-01 5.071498e-01 5.278228e-01 5.420867e-01 5.885717e-01 6.689627e-01 7.380550e-01 7.823835e-01 8.210648e-01 8.244956e-01 7.698356e-01 7.295209e-01 7.454277e-01 7.739660e-01 7.643926e-01 7.454097e-01 7.643849e-01 8.188210e-01 8.679301e-01 8.881419e-01 8.828411e-01 8.752033e-01 8.750330e-01 8.925557e-01 9.102288e-01 9.231313e-01 9.129062e-01 8.890831e-01 8.572161e-01 8.284308e-01 8.098546e-01 8.148175e-01 8.322865e-01 8.068967e-01 7.730749e-01 7.384206e-01 7.213973e-01 7.013018e-01 6.541201e-01 6.182486e-01 6.062505e-01 6.181531e-01 6.360506e-01 6.250640e-01 5.874545e-01 5.567695e-01 5.382650e-01 5.303034e-01 5.230541e-01 5.090539e-01 5.012628e-01 4.913881e-01 4.738806e-01 4.541602e-01 4.288540e-01 4.119668e-01 3.976247e-01 3.672438e-01 3.347039e-01 3.041647e-01 2.740010e-01 2.436725e-01 2.153427e-01 2.021929e-01 1.988499e-01 1.930179e-01 1.904225e-01 1.933154e-01 1.856555e-01 1.693819e-01 1.634667e-01 1.643433e-01 1.710544e-01 1.855872e-01 1.958171e-01 1.864605e-01 1.540919e-01 1.152222e-01 8.028001e-02 5.353113e-02 3.999408e-02 3.518394e-02 3.237655e-02 3.716105e-02 4.175195e-02 4.619139e-02 5.284818e-02 5.380991e-02 5.460390e-02 4.619419e-02 3.246562e-02 2.074607e-02 1.046626e-02 5.794653e-03 3.580628e-03 4.151532e-03 6.199941e-03 7.580335e-03 2.473546e-03 4.113801e-05 3.485687e-09 2.905193e-16 3.342034e-26 5.263022e-38 1.401298e-45 1.401298e-45 1.401298e-45 1.401298e-45 0.000000e+00 0.000000e+00
3.541076e-16 2.585527e-21 1.555615e-10 1.164570e-06 1.083124e-04 2.842866e-05 2.549884e-04 6.111954e-04 4.343541e-04 5.642686e-04 1.848696e-04 3.970993e-04 8.234270e-04 9.723452e-04 8.701574e-04 8.655800e-04 9.692570e-04 1.455894e-03 1.518376e-03 1.222002e-03 9.699537e-04 1.250273e-03 1.394759e-03 2.039443e-03 1.962490e-03 2.740426e-03 2.631716e-03 3.684361e-03 4.070795e-03 4.439400e-03 6.074658e-03 5.319407e-03 7.712748e-03 7.664221e-03 9.222829e-03 1.201202e-02 1.187496e-02 1.912014e-02 1.820427e-02 2.328125e-02 3.185983e-02 2.668053e-02 4.473204e-02 5.012055e-02 4.316416e-02 6.713457e-02 6.720465e-02 6.330921e-02 8.966389e-02 9.408675e-02 9.642246e-02 1.113584e-01 1.225754e-01 1.317863e-01 1.192610e-01 1.353222e-01 1.563471e-01 1.234156e-01 1.250844e-01 1.684856e-01 1.613249e-01 1.580051e-01 1.969318e-01 2.074699e-01 2.046278e-01 2.314899e-01 2.564359e-01 2.870831e-01 3.251496e-01 3.280121e-01 3.278801e-01 3.577701e-01 3.787954e-01 3.821181e-01 4.063020e-01 4.379379e-01 4.412349e-01 4.358684e-01 4.546455e-01 5.015437e-01 5.584472e-01 6.208696e-01 6.892016e-01 7.320232e-01 7.336454e-01 7.070217e-01 6.810002e-01 6.694418e-01 6.865936e-01 7.431361e-01 8.172352e-01 8.697921e-01 8.834957e-01 8.714086e-01 8.581748e-01 8.519080e-01 8.547460e-01 8.604825e-01 8.713657e-01 8.792754e-01 8.815698e-01 8.639697e-01 8.408145e-01 8.222922e-01 8.118129e-01 8.122425e-01 8.115789e-01 8.398964e-01 8.620819e-01 8.364618e-01 7.959538e-01 7.621749e-01 7.673509e-01 7.822464e-01 7.666519e-01 7.354219e-01 6.999205e-01 6.802636e-01 6.831362e-01 6.797061e-01 6.763077e-01 6.797552e-01 6.763808e-01 6.588589e-01 6.216614e-01 5.755359e-01 5.392402e-01 5.103694e-01 4.907683e-01 4.742352e-01 4.596031e-01 4.581412e-01 4.423458e-01 4.049114e-01 3.663488e-01 3.274022e-01 2.976578e-01 2.729543e-01 2.601067e-01 2.617820e-01 2.586356e-01 2.391555e-01 2.221899e-01 2.094561e-01 1.884533e-01 1.818635e-01 1.954346e-01 2.075131e-01 2.073349e-01 1.930581e-01 1.613032e-01 1.229845e-01 9.286267e-02 7.048932e-02 5.451920e-02 4.665391e-02 4.687381e-02 5.097294e-02 5.660865e-02 6.628065e-02 6.749929e-02 6.504453e-02 6.173318e-02 5.107673e-02 4.302872e-02 2.847924e-02 1.795130e-02 1.203705e-02 9.182874e-03 9.283521e-03 1.431189e-02 2.209109e-02 2.570486e-02 4.650799e-03 2.264305e-05 3.348057e-10 6.184116e-18 4.437427e-28 4.762411e-40 1.401298e-45 1.401298e-45 1.401298e-45 1.401298e-45 0.000000e+00 0.000000e+00
9.329639e-06 2.056736e-16 8.761972e-09 8.539864e-07 9.483869e-06 1.310539e-05 7.197777e-06 1.601078e-05 6.531904e-05 5.006049e-04 5.302793e-04 6.663603e-04 5.642482e-04 4.466043e-04 4.611393e-04 6.869903e-04 7.835902e-04 8.212547e-04 8.898888e-04 1.067320e-03 1.801662e-03 1.724326e-03 2.210793e-03 1.426636e-03 2.418166e-03 1.957293e-03 3.798878e-03 3.993641e-03 5.239522e-03 7.136694e-03 6.278530e-03 1.036314e-02 7.160382e-03 1.110978e-02 1.269399e-02 1.497162e-02 2.109771e-02 1.813133e-02 2.714664e-02 2.483569e-02 2.889708e-02 3.568038e-02 2.735606e-02 4.021505e-02 4.395715e-02 4.392718e-02 6.514419e-02 6.501178e-02 6.936938e-02 8.761060e-02 8.869402e-02 9.566159e-02 9.435277e-02 1.014130e-01 1.197902e-01 1.101068e-01 1.179804e-01 1.515281e-01 1.506500e-01 1.472536e-01 1.749939e-01 1.882240e-01 1.776091e-01 1.832513e-01 2.075541e-01 2.358923e-01 2.616773e-01 2.730617e-01 2.916732e-01 3.327609e-01 3.581442e-01 3.683774e-01 3.997492e-01 4.308032e-01 4.271272e-01 4.229932e-01 4.534255e-01 4.789219e-01 4.598182e-01 4.426588e-01 4.717693e-01 5.210383e-01 5.558472e-01 5.989172e-01 6.706302e-01 7.197547e-01 6.988880e-01 6.565692e-01 6.606371e-01 7.054794e-01 7.518483e-01 7.786943e-01 7.793422e-01 7.527432e-01 7.162551e-01 6.937740e-01 6.996518e-01 7.206032e-01 7.378916e-01 7.445700e-01 7.559081e-01 7.729011e-01 7.885185e-01 7.957113e-01 7.890848e-01 7.740384e-01 7.463256e-01 7.138466e-01 7.046458e-01 7.055221e-01 7.103271e-01 7.312610e-01 7.622779e-01 8.194727e-01 8.625629e-01 8.671364e-01 8.481654e-01 8.126645e-01 7.933165e-01 7.800761e-01 7.529320e-01 7.160385e-01 6.832175e-01 6.492988e-01 6.052746e-01 5.561708e-01 5.104375e-01 4.769850e-01 4.475949e-01 4.199159e-01 3.917935e-01 3.779529e-01 3.760462e-01 3.654992e-01 3.527009e-01 3.453096e-01 3.414280e-01 3.337126e-01 3.091106e-01 2.834097e-01 2.567461e-01 2.173909e-01 1.877276e-01 1.817060e-01 1.777884e-01 1.746371e-01 1.787331e-01 1.638264e-01 1.313496e-01 9.933665e-02 7.598142e-02 6.343656e-02 6.048398e-02 6.360786e-02 6.768305e-02 7.237793e-02 7.766332e-02 7.849568e-02 6.955842e-02 5.683276e-02 3.804226e-02 2.353848e-02 1.285630e-02 7.646542e-03 5.034657e-03 3.830879e-03 3.553046e-03 3.935533e-03 5.277456e-03 7.898313e-03 9.790409e-03 1.265323e-02 6.465449e-03 7.187068e-04 1.219648e-06 1.483826e-11 4.686180e-19 1.119247e-28 3.271149e-40 1.401298e-45 1.401298e-45 1.401298e-45 0.000000e+00 0.000000e+00 0.000000e+00
2.056213e-05 5.463734e-21 3.230386e-11 9.273434e-06 6.447076e-06 9.889716e-08 2.490557e-06 2.256658e-06 3.469507e-05 2.934186e-04 5.833093e-04 1.068319e-04 5.286812e-04 7.216121e-04 8.617193e-04 3.639102e-04 7.770801e-04 1.006104e-03 1.812367e-03 2.081702e-03 2.168159e-03 2.525350e-03 2.321846e-03 3.609329e-03 2.684300e-03 4.234861e-03 3.436713e-03 4.526003e-03 5.016142e-03 6.227851e-03 9.062706e-03 8.369585e-03 1.182579e-02 1.046555e-02 1.224964e-02 1.380560e-02 1.561435e-02 1.838566e-02 1.974732e-02 2.259761e-02 2.271437e-02 2.695874e-02 3.280959e-02 3.274526e-02 4.425402e-02 4.782187e-02 4.530131e-02 5.740607e-02 5.680593e-02 5.559714e-02 6.786812e-02 7.572914e-02 8.483417e-02 1.011154e-01 1.159511e-01 1.365145e-01 1.450804e-01 1.455774e-01 1.696399e-01 1.867011e-01 1.751116e-01 1.796420e-01 2.100095e-01 2.301663e-01 2.310417e-01 2.442808e-01 2.739702e-01 2.966695e-01 3.095265e-01 3.165121e-01 3.336687e-01 3.787648e-01 4.195428e-01 4.327671e-01 4.673463e-01 5.202355e-01 5.225486e-01 5.125581e-01 5.538504e-01 5.772323e-01 5.274802e-01 5.046386e-01 5.688238e-01 6.460652e-01 6.596258e-01 6.577822e-01 6.993291e-01 7.614520e-01 8.050914e-01 8.298393e-01 8.292759e-01 7.854551e-01 7.174592e-01 6.735051e-01 6.719678e-01 6.944599e-01 7.167222e-01 7.246293e-01 7.284212e-01 7.332628e-01 7.488279e-01 7.727217e-01 8.005272e-01 8.119111e-01 7.933820e-01 7.562621e-01 7.126045e-01 6.819765e-01 6.742169e-01 6.999285e-01 7.132260e-01 7.057371e-01 6.967897e-01 7.070579e-01 7.427279e-01 7.589213e-01 7.434565e-01 7.106001e-01 6.776966e-01 6.618370e-01 6.509520e-01 6.318589e-01 6.127087e-01 5.981141e-01 5.706227e-01 5.245549e-01 4.734852e-01 4.296450e-01 4.030721e-01 3.818599e-01 3.582964e-01 3.401571e-01 3.360420e-01 3.344001e-01 3.229305e-01 3.065346e-01 2.881417e-01 2.683325e-01 2.400154e-01 2.120118e-01 1.984922e-01 1.850395e-01 1.694940e-01 1.618921e-01 1.570712e-01 1.362834e-01 1.119100e-01 8.729254e-02 6.115364e-02 4.427225e-02 3.720783e-02 3.716842e-02 4.428112e-02 5.919787e-02 7.762665e-02 9.967731e-02 1.211543e-01 1.344859e-01 1.283469e-01 1.079722e-01 8.400378e-02 6.123187e-02 4.291593e-02 2.854382e-02 2.230509e-02 1.959157e-02 1.877285e-02 2.269007e-02 2.456613e-02 2.642293e-02 1.825930e-02 1.057425e-02 5.054142e-03 3.211267e-04 1.294118e-06 3.377058e-11 5.933082e-18 2.141050e-27 6.111058e-39 1.401298e-45 1.401298e-45 1.401298e-45 0.000000e+00 0.000000e+00 0.000000e+00
7.592433e-07 1.200959e-20 1.158212e-14 3.366220e-08 2.681075e-06 2.036963e-06 1.179117e-07 5.572239e-06 1.183321e-04 3.318512e-04 1.787531e-04 1.272607e-03 5.446729e-04 5.912981e-04 5.981345e-04 3.017454e-03 1.635439e-03 2.572744e-03 1.467415e-03 1.993227e-03 1.421913e-03 2.081555e-03 2.183383e-03 2.748844e-03 3.635757e-03 3.839798e-03 5.114403e-03 4.906318e-03 6.480306e-03 6.671132e-03 8.649493e-03 9.812185e-03 1.300042e-02 1.459698e-02 1.566296e-02 1.562761e-02 1.320742e-02 1.734101e-02 1.701248e-02 2.263867e-02 2.502893e-02 2.139683e-02 2.965641e-02 2.929589e-02 3.057683e-02 3.835132e-02 4.151361e-02 4.282782e-02 5.064111e-02 6.051078e-02 6.225983e-02 7.089358e-02 8.884615e-02 9.523100e-02 1.060288e-01 1.281046e-01 1.451079e-01 1.550898e-01 1.673996e-01 1.847750e-01 2.091269e-01 2.283675e-01 2.306803e-01 2.434400e-01 2.780350e-01 2.829891e-01 2.662141e-01 2.839584e-01 3.165195e-01 3.388644e-01 3.746290e-01 4.066924e-01 4.161690e-01 4.561339e-01 5.335648e-01 5.810950e-01 6.016753e-01 6.148315e-01 5.942091e-01 5.742843e-01 5.994471e-01 6.227518e-01 5.968249e-01 5.630406e-01 5.739549e-01 6.195407e-01 6.720176e-01 7.245675e-01 7.661177e-01 7.729336e-01 7.466567e-01 7.223690e-01 7.181016e-01 7.185122e-01 7.086111e-01 6.926010e-01 6.858881e-01 6.869721e-01 7.012746e-01 7.309931e-01 7.778639e-01 8.262798e-01 8.646446e-01 8.821725e-01 8.689871e-01 8.399793e-01 8.058720e-01 7.860073e-01 7.790477e-01 7.831209e-01 7.946259e-01 7.857891e-01 7.526680e-01 7.199595e-01 7.049313e-01 7.116868e-01 7.127317e-01 6.972390e-01 6.752247e-01 6.516700e-01 6.301449e-01 5.972470e-01 5.467809e-01 5.017307e-01 4.741395e-01 4.492707e-01 4.250301e-01 4.009982e-01 3.793524e-01 3.687804e-01 3.490393e-01 3.199519e-01 2.979534e-01 2.812859e-01 2.600329e-01 2.335822e-01 2.093888e-01 1.891765e-01 1.712367e-01 1.539573e-01 1.448196e-01 1.410792e-01 1.302825e-01 1.157315e-01 1.069502e-01 9.398076e-02 7.378612e-02 6.010174e-02 4.848178e-02 3.887929e-02 3.550695e-02 3.712169e-02 4.067394e-02 4.572393e-02 4.988056e-02 5.135597e-02 5.272633e-02 5.388749e-02 5.539582e-02 5.543776e-02 6.394917e-02 7.854820e-02 9.076815e-02 1.001248e-01 1.013014e-01 1.019417e-01 1.070171e-01 9.538077e-02 9.743840e-02 6.547353e-02 5.034357e-02 3.163033e-02 1.693830e-02 2.857696e-03 2.000238e-05 3.133300e-09 3.690123e-16 1.845698e-25 5.311667e-38 1.401298e-45 1.401298e-45 1.401298e-45 0.000000e+00 0.000000e+00 0.000000e+00
5.966661e-20 3.256397e-20 1.636801e-13 1.951493e-09 1.229765e-07 1.109714e-07 4.571069e-06 9.433280e-06 5.858365e-05 4.702173e-05 7.006486e-05 6.040638e-05 2.713749e-04 1.882054e-04 6.220977e-04 5.534784e-04 1.588536e-03 1.122494e-03 1.854324e-03 1.406970e-03 2.863364e-03 2.389542e-03 3.255686e-03 2.760206e-03 3.410285e-03 3.949029e-03 4.570770e-03 6.556187e-03 6.697503e-03 8.902271e-03 7.838170e-03 1.152735e-02 1.179924e-02 1.572633e-02 1.686521e-02 1.668739e-02 2.167309e-02 1.764845e-02 2.374883e-02 2.053739e-02 2.147923e-02 2.887350e-02 2.392199e-02 3.213476e-02 3.661564e-02 3.386133e-02 4.536579e-02 5.275996e-02 5.549014e-02 6.532556e-02 7.318120e-02 7.705659e-02 8.274602e-02 9.279644e-02 1.026477e-01 1.089233e-01 1.228343e-01 1.513214e-01 1.703596e-01 1.763828e-01 2.002166e-01 2.294804e-01 2.455418e-01 2.584950e-01 2.587061e-01 2.636112e-01 2.809508e-01 2.776231e-01 2.806944e-01 3.186297e-01 3.570307e-01 3.860045e-01 4.432091e-01 4.923455e-01 4.881951e-01 5.131704e-01 6.046243e-01 6.666582e-01 6.551378e-01 6.457674e-01 6.620052e-01 6.585653e-01 6.375837e-01 6.281487e-01 6.335556e-01 6.431317e-01 6.585248e-01 6.737421e-01 6.764702e-01 6.712389e-01 6.801158e-01 7.145972e-01 7.660482e-01 8.179191e-01 8.648648e-01 8.964281e-01 9.087914e-01 9.000428e-01 8.828758e-01 8.646922e-01 8.498713e-01 8.339105e-01 8.299751e-01 8.492200e-01 8.827373e-01 9.220465e-01 9.510846e-01 9.668866e-01 9.611431e-01 9.336095e-01 8.991126e-01 8.725519e-01 8.253127e-01 7.551830e-01 6.897666e-01 6.489178e-01 6.354707e-01 6.178123e-01 5.855149e-01 5.513247e-01 5.268461e-01 5.141965e-01 5.017460e-01 4.822078e-01 4.696069e-01 4.624510e-01 4.463154e-01 4.228368e-01 3.946350e-01 3.798657e-01 3.744306e-01 3.559874e-01 3.314764e-01 3.082226e-01 2.837405e-01 2.579361e-01 2.304959e-01 2.144282e-01 2.089705e-01 2.040035e-01 2.033788e-01 2.158645e-01 2.193783e-01 2.079935e-01 1.967812e-01 1.772305e-01 1.445177e-01 1.160147e-01 9.780315e-02 8.185165e-02 7.032358e-02 6.939093e-02 6.755219e-02 6.039459e-02 5.474383e-02 4.291718e-02 3.352392e-02 2.773420e-02 2.342855e-02 2.320870e-02 2.748894e-02 4.033688e-02 6.350875e-02 8.471242e-02 1.036974e-01 1.061290e-01 9.423543e-02 7.375319e-02 4.535963e-02 3.871565e-02 2.864675e-02 4.085124e-02 4.852461e-02 1.890770e-02 7.043258e-04 1.130218e-07 4.848032e-14 4.043801e-24 1.647698e-36 1.401298e-45 1.401298e-45 1.401298e-45 0.000000e+00 0.000000e+00 0.000000e+00
3.090305e-05 3.375726e-19 3.098635e-13 6.916594e-08 1.755378e-08 7.984112e-08 4.261899e-07 2.720262e-06 1.249141e-06 1.411982e-05 1.256042e-05 3.300144e-05 3.573387e-05 1.966411e-04 1.565444e-04 3.438567e-04 3.780761e-04 6.954313e-04 6.711477e-04 9.080759e-04 1.328741e-03 1.914685e-03 2.289320e-03 2.556987e-03 2.843924e-03 3.878181e-03 4.536350e-03 5.024901e-03 5.524125e-03 5.993778e-03 9.312457e-03 9.376027e-03 1.222937e-02 1.110677e-02 1.360699e-02 1.891313e-02 1.926978e-02 2.479573e-02 1.983881e-02 2.046434e-02 2.385798e-02 2.416342e-02 3.424588e-02 3.613057e-02 3.845810e-02 5.394204e-02 4.854147e-02 5.552315e-02 7.060841e-02 6.366510e-02 7.258900e-02 8.605050e-02 7.834738e-02 8.697839e-02 9.401494e-02 9.796496e-02 1.176874e-01 1.321787e-01 1.473923e-01 1.783155e-01 1.901941e-01 1.958247e-01 2.310157e-01 2.597567e-01 2.664047e-01 2.902562e-01 3.073241e-01 3.080686e-01 3.246551e-01 3.250960e-01 3.154430e-01 3.396812e-01 3.791836e-01 4.073882e-01 4.522709e-01 4.923319e-01 4.871151e-01 5.176460e-01 6.311779e-01 7.091566e-01 6.912245e-01 6.854035e-01 7.191107e-01 7.297693e-01 7.359999e-01 7.778975e-01 8.159106e-01 8.014154e-01 7.887191e-01 8.341203e-01 9.062908e-01 9.481001e-01 9.663721e-01 1.000405e+00 1.054938e+00 1.101585e+00 1.139630e+00 1.175736e+00 1.201640e+00 1.183175e+00 1.127689e+00 1.059154e+00 1.006299e+00 9.830156e-01 9.891416e-01 1.011736e+00 1.016909e+00 1.000472e+00 9.635157e-01 9.219539e-01 8.839784e-01 8.616856e-01 8.608505e-01 8.406009e-01 7.944173e-01 7.401936e-01 7.024420e-01 6.807536e-01 6.489855e-01 6.107465e-01 5.764031e-01 5.514517e-01 5.330151e-01 5.104846e-01 4.889216e-01 4.821079e-01 4.819764e-01 4.748014e-01 4.559983e-01 4.305465e-01 4.140462e-01 3.884207e-01 3.524318e-01 3.262077e-01 3.118405e-01 3.044940e-01 2.944692e-01 2.840791e-01 2.853666e-01 2.801549e-01 2.587695e-01 2.400925e-01 2.220366e-01 1.940162e-01 1.671031e-01 1.431938e-01 1.192304e-01 9.773241e-02 8.245990e-02 6.909048e-02 5.787077e-02 5.234534e-02 4.852115e-02 4.256478e-02 3.591717e-02 2.887837e-02 2.162246e-02 1.581142e-02 1.212211e-02 9.795228e-03 9.738538e-03 1.182045e-02 1.420743e-02 1.554705e-02 1.232378e-02 8.823401e-03 4.525918e-03 1.922375e-03 8.974778e-04 4.468485e-04 5.282164e-04 8.457165e-04 2.729819e-03 2.887314e-03 2.255411e-04 1.033285e-07 1.410299e-14 2.249829e-24 1.018508e-37 1.401298e-45 1.401298e-45 1.401298e-45 0.000000e+00 0.000000e+00 0.000000e+00
1.235309e-24 1.673509e-18 1.333276e-15 4.051210e-11 5.370267e-08 4.753932e-07 1.443824e-06 2.557491e-07 1.697856e-06 1.840218e-06 1.118087e-05 1.002561e-05 4.318600e-05 6.601802e-05 2.729313e-04 3.331822e-04 2.792485e-04 2.729089e-04 3.666692e-04 6.128172e-04 5.865338e-04 8.815111e-04 9.502459e-04 1.560571e-03 2.323649e-03 2.764364e-03 3.932996e-03 3.380102e-03 5.340797e-03 5.708768e-03 7.421259e-03 8.205328e-03 8.837705e-03 1.202677e-02 1.490078e-02 1.633837e-02 1.896952e-02 1.980912e-02 2.423258e-02 3.038027e-02 2.912201e-02 3.567486e-02 3.625786e-02 3.823547e-02 4.740832e-02 4.197379e-02 5.454190e-02 6.284492e-02 5.818730e-02 8.945327e-02 9.019834e-02 7.948663e-02 1.067379e-01 1.027228e-01 9.820475e-02 1.247799e-01 1.241000e-01 1.307899e-01 1.631759e-01 1.687276e-01 1.793163e-01 2.118811e-01 2.143844e-01 2.282706e-01 2.804281e-01 3.010189e-01 3.071517e-01 3.564624e-01 3.768437e-01 3.671515e-01 4.136570e-01 4.447472e-01 4.174692e-01 4.188092e-01 4.542891e-01 4.830602e-01 5.225618e-01 5.658135e-01 5.745128e-01 5.967236e-01 6.821291e-01 7.602650e-01 7.805987e-01 8.010411e-01 8.436269e-01 8.486566e-01 8.448265e-01 9.036516e-01 9.892241e-01 1.026605e+00 1.035876e+00 1.060793e+00 1.082801e+00 1.075236e+00 1.051526e+00 1.025571e+00 9.991405e-01 9.721467e-01 9.669648e-01 9.927855e-01 1.041483e+00 1.077364e+00 1.078926e+00 1.045784e+00 9.939055e-01 9.595215e-01 9.447047e-01 9.442176e-01 9.428566e-01 9.333329e-01 9.146287e-01 8.850884e-01 8.588272e-01 8.354503e-01 7.882591e-01 7.327887e-01 6.852345e-01 6.580836e-01 6.471173e-01 6.270067e-01 6.048482e-01 5.899159e-01 5.846339e-01 5.835772e-01 5.753334e-01 5.626225e-01 5.455097e-01 5.174849e-01 4.659821e-01 4.050269e-01 3.631323e-01 3.421366e-01 3.228953e-01 3.105420e-01 3.061544e-01 3.045434e-01 2.962698e-01 2.678384e-01 2.428742e-01 2.262622e-01 2.002075e-01 1.757836e-01 1.674704e-01 1.614255e-01 1.482614e-01 1.379999e-01 1.277813e-01 1.146621e-01 1.036425e-01 9.332792e-02 8.411433e-02 7.802933e-02 7.473874e-02 7.077262e-02 6.324813e-02 5.764094e-02 4.902779e-02 3.931985e-02 3.117270e-02 2.578791e-02 2.266199e-02 2.136459e-02 1.824144e-02 1.167505e-02 6.137177e-03 2.458542e-03 9.390746e-04 3.240331e-04 1.243683e-04 8.173715e-05 8.923360e-05 2.698361e-04 8.295582e-04 1.418172e-03 7.434712e-05 1.132756e-08 4.539861e-16 8.289435e-27 1.461596e-40 1.401298e-45 1.401298e-45 0.000000e+00 0.000000e+00 0.000000e+00 0.000000e+00
6.628949e-05 2.343083e-25 7.586133e-16 2.270377e-09 3.535864e-08 2.275877e-08 2.277766e-08 1.110348e-06 1.354098e-06 5.563985e-06 4.476381e-06 1.541733e-05 1.672202e-05 7.840461e-05 1.069743e-04 2.496467e-04 3.289345e-04 2.933480e-04 3.908486e-04 4.270489e-04 1.096364e-03 1.321409e-03 2.163120e-03 2.525485e-03 2.708623e-03 3.269944e-03 2.952637e-03 5.415697e-03 5.420166e-03 6.495037e-03 5.581168e-03 6.207820e-03 8.190367e-03 8.219659e-03 9.284257e-03 1.083160e-02 1.350328e-02 1.855118e-02 2.356043e-02 2.691992e-02 3.767299e-02 3.810364e-02 4.376179e-02 5.296151e-02 4.825199e-02 6.567629e-02 6.428484e-02 6.828339e-02 9.712624e-02 8.226039e-02 9.408619e-02 1.263898e-01 1.113120e-01 1.328628e-01 1.672261e-01 1.528151e-01 1.719095e-01 1.993393e-01 1.875290e-01 2.084477e-01 2.393029e-01 2.349021e-01 2.568882e-01 2.811503e-01 2.680450e-01 2.976108e-01 3.536523e-01 3.634632e-01 3.986041e-01 4.552891e-01 4.529887e-01 4.494342e-01 4.967374e-01 5.182014e-01 4.988911e-01 5.176614e-01 5.559897e-01 5.652083e-01 5.758890e-01 6.073193e-01 6.357463e-01 6.663799e-01 7.211289e-01 7.595156e-01 7.650295e-01 7.816950e-01 8.198940e-01 8.441758e-01 8.562264e-01 8.780324e-01 9.099377e-01 9.390520e-01 9.619775e-01 9.743993e-01 9.731385e-01 9.574304e-01 9.418601e-01 9.292820e-01 9.330990e-01 9.603084e-01 1.016292e+00 1.075597e+00 1.105383e+00 1.094273e+00 1.047014e+00 9.958166e-01 9.560797e-01 9.390577e-01 9.304302e-01 9.206586e-01 9.002761e-01 8.664125e-01 8.231862e-01 7.908275e-01 7.607368e-01 7.203804e-01 6.750641e-01 6.342233e-01 6.138946e-01 6.031147e-01 5.881094e-01 5.778993e-01 5.844823e-01 6.021461e-01 6.167066e-01 6.106893e-01 5.872725e-01 5.635306e-01 5.374458e-01 4.929471e-01 4.444596e-01 4.155285e-01 3.913419e-01 3.575358e-01 3.219126e-01 2.942211e-01 2.769200e-01 2.526854e-01 2.253405e-01 2.153096e-01 2.058340e-01 1.863221e-01 1.790183e-01 1.767348e-01 1.602711e-01 1.451881e-01 1.394805e-01 1.352237e-01 1.353275e-01 1.395191e-01 1.380750e-01 1.305881e-01 1.210466e-01 1.103885e-01 9.927147e-02 9.272675e-02 8.809521e-02 7.718781e-02 6.879920e-02 6.569257e-02 5.835572e-02 5.104645e-02 3.393849e-02 1.560476e-02 6.007812e-03 1.672096e-03 5.790609e-04 2.084314e-04 1.009962e-04 8.792396e-05 1.197570e-04 3.826531e-04 1.078049e-03 7.546541e-04 1.230594e-05 1.965678e-10 1.647024e-18 4.876836e-30 1.961818e-44 1.401298e-45 1.401298e-45 0.000000e+00 0.000000e+00 0.000000e+00 0.000000e+00
1.550498e-07 5.059441e-24 1.638914e-17 7.538982e-12 2.562829e-10 2.466453e-11 1.330867e-09 2.762386e-07 1.599030e-05 1.528186e-05 4.309679e-05 3.374586e-05 7.763224e-05 9.560464e-05 2.468579e-04 5.001888e-04 7.200183e-04 9.630329e-04 1.119472e-03 1.843597e-03 2.100365e-03 3.253270e-03 3.737515e-03 4.224200e-03 4.907840e-03 4.516789e-03 6.242350e-03 5.064828e-03 5.125637e-03 4.451639e-03 4.713725e-03 6.036460e-03 5.882072e-03 8.381035e-03 9.292702e-03 1.081943e-02 1.449043e-02 1.497959e-02 2.002811e-02 2.582113e-02 2.745295e-02 3.769590e-02 3.991693e-02 4.401172e-02 5.676337e-02 5.668591e-02 6.937213e-02 7.770059e-02 7.034179e-02 8.509811e-02 9.073174e-02 9.593254e-02 1.223956e-01 1.317574e-01 1.423247e-01 1.716096e-01 1.766382e-01 1.747163e-01 1.944446e-01 2.100552e-01 2.291347e-01 2.586651e-01 2.645232e-01 2.741345e-01 3.096895e-01 3.282471e-01 3.436024e-01 3.874823e-01 4.174874e-01 4.365063e-01 4.863621e-01 5.143611e-01 5.005373e-01 5.291126e-01 5.847510e-01 5.848232e-01 5.609474e-01 5.736849e-01 5.945782e-01 6.063252e-01 6.389363e-01 6.706940e-01 6.829659e-01 7.189732e-01 8.007232e-01 8.639358e-01 8.738863e-01 8.568550e-01 8.355045e-01 8.115700e-01 7.943526e-01 8.017790e-01 8.387405e-01 8.876215e-01 9.252297e-01 9.352698e-01 9.349021e-01 9.345833e-01 9.350698e-01 9.231398e-01 9.140205e-01 9.163092e-01 9.325663e-01 9.560901e-01 9.845489e-01 1.020014e+00 1.045481e+00 1.051261e+00 1.025811e+00 9.777007e-01 9.239148e-01 8.737171e-01 8.310081e-01 7.982954e-01 7.817486e-01 7.687168e-01 7.481903e-01 7.171755e-01 6.871139e-01 6.676513e-01 6.453035e-01 6.111089e-01 5.799357e-01 5.648349e-01 5.571622e-01 5.501248e-01 5.354522e-01 5.284201e-01 5.419244e-01 5.434326e-01 5.099673e-01 4.672536e-01 4.235463e-01 3.728609e-01 3.224971e-01 2.798057e-01 2.565318e-01 2.419722e-01 2.167200e-01 1.966454e-01 1.845725e-01 1.657147e-01 1.489580e-01 1.396790e-01 1.279277e-01 1.158864e-01 1.107963e-01 1.110805e-01 1.103332e-01 1.089389e-01 1.030482e-01 8.889212e-02 7.608145e-02 6.931116e-02 6.488743e-02 6.768540e-02 7.276527e-02 7.299000e-02 7.757633e-02 7.619386e-02 7.896312e-02 6.650256e-02 4.515006e-02 2.561957e-02 1.015432e-02 4.990896e-03 2.132636e-03 1.301025e-03 1.002906e-03 8.629970e-04 1.532495e-03 2.229532e-03 3.958783e-03 7.678479e-04 3.347400e-06 2.028097e-11 6.430093e-20 1.512334e-31 1.401298e-45 1.401298e-45 1.401298e-45 0.000000e+00 0.000000e+00 0.000000e+00 0.000000e+00
5.280949e-05 3.734487e-26 2.787821e-18 6.682827e-15 6.797786e-15 1.528833e-11 8.643294e-10 4.495191e-08 8.237211e-07 1.210946e-05 3.452762e-05 1.670632e-04 3.004018e-04 4.743987e-04 3.542713e-04 4.529356e-04 5.728052e-04 9.648482e-04 1.560142e-03 1.634266e-03 1.882115e-03 2.012808e-03 2.811004e-03 3.101825e-03 4.074859e-03 4.763775e-03 6.204201e-03 6.249157e-03 7.413632e-03 7.756765e-03 9.369469e-03 7.872808e-03 8.711829e-03 9.019135e-03 1.168367e-02 1.664577e-02 1.632111e-02 2.183423e-02 2.144789e-02 2.227817e-02 2.707703e-02 2.596728e-02 3.264781e-02 3.900308e-02 4.100028e-02 5.059964e-02 5.525680e-02 5.815682e-02 6.812994e-02 7.586210e-02 8.576480e-02 9.348905e-02 1.023703e-01 1.190079e-01 1.256653e-01 1.374115e-01 1.556895e-01 1.669984e-01 1.828703e-01 1.969119e-01 2.032253e-01 2.215278e-01 2.450048e-01 2.622274e-01 2.822672e-01 3.040649e-01 3.228444e-01 3.493143e-01 3.815747e-01 4.086652e-01 4.346968e-01 4.649299e-01 4.995561e-01 5.160813e-01 5.091174e-01 5.260881e-01 5.726113e-01 6.162226e-01 6.582187e-01 6.977122e-01 7.160544e-01 7.274463e-01 7.674248e-01 8.096622e-01 8.345929e-01 8.550857e-01 8.862458e-01 8.994774e-01 8.850281e-01 8.647892e-01 8.484552e-01 8.273498e-01 8.088378e-01 8.150373e-01 8.680716e-01 9.505952e-01 1.036963e+00 1.081175e+00 1.072573e+00 1.021169e+00 9.590249e-01 9.091106e-01 8.935799e-01 9.173785e-01 9.640095e-01 1.020258e+00 1.054377e+00 1.049559e+00 1.007318e+00 9.495040e-01 9.006251e-01 8.717883e-01 8.608029e-01 8.573906e-01 8.537426e-01 8.663081e-01 8.822976e-01 8.816230e-01 8.656614e-01 8.435080e-01 8.238160e-01 7.814969e-01 7.134580e-01 6.444401e-01 5.837313e-01 5.370746e-01 5.001113e-01 4.661248e-01 4.484484e-01 4.419582e-01 4.130133e-01 3.732482e-01 3.398119e-01 3.114397e-01 2.852350e-01 2.567917e-01 2.348292e-01 2.253731e-01 2.043335e-01 1.732770e-01 1.542679e-01 1.372151e-01 1.163553e-01 1.044122e-01 9.926701e-02 9.310257e-02 9.062636e-02 9.058884e-02 8.984621e-02 8.748457e-02 8.341447e-02 8.015218e-02 7.723524e-02 8.052205e-02 8.929425e-02 9.566965e-02 9.722911e-02 9.150936e-02 7.915292e-02 6.955729e-02 5.731336e-02 4.322809e-02 3.099469e-02 2.313756e-02 1.973856e-02 1.537494e-02 1.414404e-02 1.294954e-02 1.278290e-02 1.245251e-02 9.998081e-03 1.271088e-02 7.206283e-03 1.264539e-03 3.947764e-06 3.941309e-11 3.065108e-19 1.145150e-30 4.203895e-45 1.401298e-45 0.000000e+00 0.000000e+00 0.000000e+00 0.000000e+00 0.000000e+00
1.203946e-06 2.515700e-31 1.209866e-23 2.494700e-18 7.750415e-14 6.507680e-12 2.078678e-10 2.812371e-08 1.670125e-06 1.713718e-06 1.123656e-05 3.252530e-05 1.044399e-04 1.836191e-04 3.710214e-04 4.372776e-04 5.652171e-04 7.336364e-04 8.889607e-04 1.445713e-03 1.646275e-03 2.314364e-03 1.916309e-03 2.669224e-03 2.848575e-03 4.000667e-03 3.889823e-03 5.444774e-03 6.436539e-03 8.697724e-03 1.035567e-02 1.125251e-02 1.415342e-02 1.336932e-02 1.613154e-02 1.543559e-02 1.886390e-02 1.960080e-02 1.971231e-02 2.276324e-02 2.231019e-02 2.767986e-02 3.280691e-02 3.455447e-02 4.304050e-02 4.347687e-02 4.273783e-02 5.181484e-02 5.540417e-02 6.067114e-02 7.268998e-02 8.096509e-02 9.076083e-02 1.011127e-01 1.131225e-01 1.236954e-01 1.360306e-01 1.620175e-01 1.777388e-01 1.840118e-01 1.965034e-01 2.058709e-01 2.297652e-01 2.662200e-01 2.775912e-01 2.845043e-01 3.002071e-01 3.093536e-01 3.285942e-01 3.575563e-01 3.769082e-01 4.087658e-01 4.635909e-01 5.025038e-01 5.219389e-01 5.450260e-01 5.585605e-01 5.773745e-01 6.328478e-01 6.884596e-01 6.999003e-01 6.842552e-01 6.852344e-01 6.970318e-01 7.030481e-01 6.935824e-01 6.915917e-01 7.203318e-01 7.797778e-01 8.393378e-01 8.715149e-01 8.759578e-01 8.634610e-01 8.380989e-01 8.269480e-01 8.406594e-01 8.792845e-01 9.152741e-01 9.393537e-01 9.484648e-01 9.480088e-01 9.467332e-01 9.641358e-01 1.005353e+00 1.043766e+00 1.065335e+00 1.052377e+00 1.009138e+00 9.564474e-01 9.175336e-01 9.003271e-01 9.061698e-01 9.313310e-01 9.664754e-01 9.884876e-01 9.941306e-01 9.933289e-01 9.733672e-01 9.274105e-01 8.680122e-01 8.272620e-01 8.116992e-01 7.939088e-01 7.626618e-01 7.258617e-01 6.822333e-01 6.370140e-01 5.744672e-01 5.086336e-01 4.706303e-01 4.369510e-01 3.883752e-01 3.479398e-01 3.252712e-01 3.065057e-01 2.827288e-01 2.557227e-01 2.383584e-01 2.198760e-01 1.888887e-01 1.700217e-01 1.610510e-01 1.429148e-01 1.260161e-01 1.182206e-01 1.088004e-01 9.804340e-02 9.211949e-02 8.787932e-02 8.200312e-02 7.932777e-02 8.115160e-02 8.400492e-02 8.883638e-02 9.403636e-02 8.665230e-02 7.206476e-02 5.930316e-02 4.657075e-02 4.033944e-02 3.517598e-02 3.170798e-02 3.285516e-02 3.690849e-02 4.861626e-02 5.869447e-02 6.635257e-02 6.007901e-02 5.227654e-02 3.576440e-02 3.024931e-02 2.688153e-02 1.541313e-02 3.621851e-03 2.025827e-05 5.082170e-10 7.545772e-18 6.212996e-29 4.007714e-43 1.401298e-45 0.000000e+00 0.000000e+00 0.000000e+00 0.000000e+00 0.000000e+00
7.985274e-23 4.935411e-34 8.360880e-23 4.069255e-16 7.175112e-15 2.925710e-13 1.689387e-10 5.643344e-09 1.122531e-07 5.801859e-06 2.488328e-05 9.870190e-05 1.157573e-04 1.481555e-04 3.215713e-04 7.310514e-04 1.008812e-03 9.119622e-04 1.137703e-03 8.259247e-04 1.352207e-03 1.130493e-03 2.174832e-03 1.812188e-03 2.545869e-03 2.194621e-03 3.633491e-03 4.203366e-03 5.090095e-03 5.950423e-03 6.469548e-03 1.116436e-02 1.115303e-02 1.668924e-02 1.396070e-02 1.513258e-02 1.675170e-02 1.496561e-02 2.135132e-02 2.022156e-02 2.642442e-02 3.302382e-02 3.242514e-02 4.439918e-02 4.238345e-02 4.477822e-02 5.565708e-02 5.129314e-02 5.972023e-02 6.773374e-02 6.631336e-02 8.200998e-02 9.383633e-02 9.644899e-02 1.133796e-01 1.272811e-01 1.423729e-01 1.580968e-01 1.696800e-01 1.932815e-01 2.161936e-01 2.317107e-01 2.441910e-01 2.502658e-01 2.750107e-01 3.116308e-01 3.263814e-01 3.452741e-01 3.639095e-01 3.671602e-01 3.899439e-01 4.178544e-01 4.192584e-01 4.319412e-01 4.802291e-01 5.393885e-01 5.906646e-01 6.192781e-01 6.104920e-01 6.057521e-01 6.400835e-01 6.700613e-01 6.699032e-01 6.524054e-01 6.317120e-01 6.081790e-01 6.031196e-01 6.283514e-01 6.734188e-01 7.347815e-01 8.255040e-01 9.279869e-01 9.962515e-01 9.932867e-01 9.475330e-01 8.939382e-01 8.674510e-01 8.668913e-01 8.921036e-01 9.322248e-01 9.859674e-01 1.035199e+00 1.060233e+00 1.061504e+00 1.038585e+00 1.006871e+00 9.772393e-01 9.624122e-01 9.691668e-01 9.988348e-01 1.033499e+00 1.048859e+00 1.034084e+00 1.002425e+00 9.663258e-01 9.293450e-01 8.978240e-01 8.731112e-01 8.487297e-01 8.137922e-01 7.819909e-01 7.746359e-01 7.680642e-01 7.362673e-01 6.904106e-01 6.463664e-01 6.119856e-01 5.700634e-01 5.130402e-01 4.704117e-01 4.512665e-01 4.278895e-01 3.913426e-01 3.610804e-01 3.399668e-01 3.101557e-01 2.691706e-01 2.347586e-01 2.178757e-01 2.035445e-01 1.906960e-01 1.876171e-01 1.772227e-01 1.514385e-01 1.292130e-01 1.073344e-01 8.510052e-02 7.190417e-02 6.154744e-02 5.260529e-02 4.722649e-02 4.428507e-02 4.322077e-02 4.254474e-02 4.066928e-02 3.536496e-02 2.962472e-02 2.644070e-02 2.492316e-02 2.562312e-02 2.737846e-02 2.837311e-02 3.220892e-02 3.698337e-02 4.332980e-02 4.424068e-02 3.152109e-02 2.646147e-02 1.844585e-02 1.540475e-02 1.552222e-02 1.795784e-02 2.324823e-02 4.824344e-03 3.392226e-05 3.799373e-10 4.264763e-18 1.546207e-29 4.904545e-44 1.401298e-45 0.000000e+00 0.000000e+00 0.000000e+00 0.000000e+00 0.000000e+00
1.127893e-24 1.172358e-38 4.796479e-23 1.789175e-18 2.513777e-16 5.383073e-14 7.862713e-12 8.793918e-10 3.189743e-07 6.182258e-06 1.708054e-05 4.158477e-05 1.757779e-04 3.927087e-04 4.878564e-04 5.076560e-04 6.364376e-04 8.804814e-04 7.677402e-04 1.033095e-03 9.305228e-04 1.467812e-03 1.519742e-03 2.672607e-03 2.659736e-03 3.780489e-03 3.644395e-03 4.760920e-03 5.845211e-03 6.666608e-03 8.711214e-03 8.299449e-03 1.238108e-02 1.178203e-02 1.557120e-02 1.636594e-02 1.658100e-02 2.266974e-02 1.940649e-02 2.754164e-02 2.970031e-02 2.949638e-02 3.984443e-02 3.521832e-02 4.370218e-02 5.604574e-02 5.824575e-02 7.767257e-02 7.834398e-02 8.151867e-02 9.970310e-02 9.304709e-02 1.008253e-01 1.196653e-01 1.228079e-01 1.359749e-01 1.519259e-01 1.632463e-01 1.808625e-01 1.982397e-01 2.121613e-01 2.259518e-01 2.436416e-01 2.690987e-01 2.919092e-01 3.155818e-01 3.554184e-01 3.893584e-01 4.093882e-01 4.380668e-01 4.529959e-01 4.467854e-01 4.611219e-01 4.933065e-01 5.200582e-01 5.570068e-01 6.003757e-01 6.314097e-01 6.504889e-01 6.532645e-01 6.531126e-01 6.645926e-01 6.738797e-01 6.461679e-01 6.017482e-01 5.605414e-01 5.214269e-01 4.986627e-01 5.235785e-01 6.034202e-01 7.122529e-01 8.219070e-01 9.260972e-01 9.967706e-01 1.017826e+00 9.982737e-01 9.899994e-01 1.009729e+00 1.046799e+00 1.064944e+00 1.060444e+00 1.040093e+00 1.007532e+00 9.670675e-01 9.234235e-01 9.005110e-01 9.044780e-01 9.331952e-01 9.728942e-01 1.013201e+00 1.045057e+00 1.053685e+00 1.023170e+00 9.585626e-01 8.840817e-01 8.242850e-01 7.842743e-01 7.634712e-01 7.570580e-01 7.427112e-01 7.157076e-01 6.836880e-01 6.568916e-01 6.147724e-01 5.580151e-01 5.030839e-01 4.670696e-01 4.534708e-01 4.361738e-01 4.146326e-01 4.022769e-01 3.933580e-01 3.689771e-01 3.325208e-01 3.047398e-01 2.869788e-01 2.645441e-01 2.389039e-01 2.341224e-01 2.483074e-01 2.418998e-01 2.315171e-01 2.250672e-01 1.970317e-01 1.628216e-01 1.356428e-01 1.129155e-01 9.237732e-02 7.677656e-02 6.560150e-02 5.449331e-02 4.659858e-02 4.033306e-02 3.545412e-02 3.131148e-02 2.690395e-02 2.413544e-02 2.357512e-02 2.609374e-02 2.970000e-02 3.118894e-02 3.040259e-02 2.573922e-02 2.216962e-02 1.787443e-02 1.300212e-02 9.912736e-03 7.682793e-03 7.098719e-03 6.994118e-03 8.748374e-03 1.343860e-02 9.017401e-03 1.048979e-03 1.575290e-06 7.076344e-12 2.967948e-20 6.426513e-32 1.401298e-45 1.401298e-45 0.000000e+00 0.000000e+00 0.000000e+00 0.000000e+00 0.000000e+00
2.592335e-05 1.809875e-33 2.095840e-27 4.750098e-21 1.767095e-16 2.868445e-15 5.454253e-12 1.124792e-09 8.463483e-08 1.949589e-06 7.562503e-06 5.105654e-05 7.734227e-05 1.658575e-04 3.268586e-04 4.817111e-04 4.978289e-04 6.572078e-04 9.033111e-04 1.313473e-03 1.787278e-03 1.759485e-03 1.968865e-03 2.113621e-03 2.935970e-03 3.375497e-03 4.288961e-03 4.837083e-03 5.527457e-03 6.866967e-03 7.834954e-03 9.946310e-03 9.272327e-03 1.160891e-02 1.297632e-02 1.675177e-02 1.992603e-02 1.981667e-02 2.625816e-02 2.651173e-02 3.006250e-02 3.452918e-02 3.112969e-02 3.917509e-02 4.449200e-02 4.962757e-02 6.392497e-02 6.727102e-02 7.969515e-02 9.157386e-02 9.083526e-02 1.058593e-01 1.166859e-01 1.212379e-01 1.396784e-01 1.521756e-01 1.567513e-01 1.672413e-01 1.827256e-01 1.925650e-01 1.986757e-01 2.169642e-01 2.380166e-01 2.519297e-01 2.765256e-01 3.044608e-01 3.264994e-01 3.624080e-01 4.062614e-01 4.433563e-01 4.722152e-01 4.807985e-01 4.888134e-01 5.150331e-01 5.380974e-01 5.551481e-01 5.783404e-01 6.000838e-01 6.121489e-01 6.289638e-01 6.581034e-01 6.712917e-01 6.682208e-01 6.370053e-01 5.681883e-01 4.846347e-01 4.301702e-01 4.169069e-01 4.397351e-01 4.947658e-01 5.809098e-01 6.880176e-01 8.055524e-01 9.144959e-01 1.010656e+00 1.078642e+00 1.114280e+00 1.109941e+00 1.096707e+00 1.081916e+00 1.059501e+00 1.023138e+00 9.941526e-01 9.877005e-01 9.887474e-01 9.839061e-01 9.709221e-01 9.637566e-01 9.626076e-01 9.599427e-01 9.473050e-01 9.257154e-01 8.998584e-01 8.728234e-01 8.448436e-01 8.205853e-01 7.977944e-01 7.713268e-01 7.486270e-01 7.266579e-01 6.899358e-01 6.417094e-01 6.007897e-01 5.673119e-01 5.291368e-01 4.846736e-01 4.476135e-01 4.344232e-01 4.335331e-01 4.199819e-01 4.035629e-01 3.850961e-01 3.577417e-01 3.138183e-01 2.671993e-01 2.403159e-01 2.240712e-01 2.084957e-01 2.115501e-01 2.258539e-01 2.242466e-01 2.133654e-01 2.105804e-01 2.027193e-01 1.848166e-01 1.773221e-01 1.706802e-01 1.496253e-01 1.318263e-01 1.153800e-01 9.735308e-02 7.903594e-02 6.478567e-02 5.411961e-02 4.222741e-02 3.351760e-02 2.730578e-02 2.313855e-02 2.327859e-02 2.277020e-02 1.870429e-02 1.386950e-02 8.699886e-03 5.558895e-03 4.004015e-03 2.967526e-03 2.774676e-03 3.092726e-03 4.112251e-03 5.734078e-03 7.157855e-03 6.909045e-03 2.524605e-03 1.142745e-04 5.609857e-08 1.115066e-13 1.682486e-22 1.359739e-34 1.401298e-45 0.000000e+00 0.000000e+00 0.000000e+00 0.000000e+00 0.000000e+00 0.000000e+00
1.773941e-18 1.615573e-29 1.730885e-21 9.430193e-17 1.007378e-14 5.279291e-14 9.664680e-11 1.806558e-09 4.798974e-08 5.867718e-07 6.054403e-06 2.679284e-05 1.477663e-04 1.994574e-04 3.427038e-04 3.371271e-04 5.890195e-04 6.749817e-04 1.049413e-03 1.100491e-03 1.714673e-03 2.167665e-03 3.111047e-03 3.215202e-03 3.237093e-03 3.273898e-03 3.877975e-03 4.719570e-03 5.563311e-03 6.449732e-03 7.027014e-03 7.433814e-03 9.589468e-03 1.163475e-02 1.430716e-02 1.674545e-02 1.806717e-02 2.140978e-02 2.286195e-02 2.678412e-02 2.982336e-02 3.027411e-02 3.529169e-02 3.790903e-02 4.220771e-02 4.739240e-02 4.696717e-02 5.396654e-02 6.226587e-02 6.801406e-02 8.167390e-02 9.304977e-02 1.006353e-01 1.158068e-01 1.288782e-01 1.367986e-01 1.549094e-01 1.700558e-01 1.719907e-01 1.777737e-01 1.943609e-01 2.132643e-01 2.329190e-01 2.569268e-01 2.824841e-01 3.005001e-01 3.172140e-01 3.445726e-01 3.660285e-01 3.770014e-01 4.076981e-01 4.583916e-01 4.923508e-01 5.056916e-01 5.206199e-01 5.304223e-01 5.396999e-01 5.812414e-01 6.367450e-01 6.614724e-01 6.617910e-01 6.419242e-01 5.997545e-01 5.377260e-01 4.720008e-01 4.052264e-01 3.513077e-01 3.263918e-01 3.372816e-01 3.864002e-01 4.772414e-01 6.068065e-01 7.588268e-01 9.019622e-01 1.015538e+00 1.076758e+00 1.091654e+00 1.071848e+00 1.046825e+00 1.026791e+00 1.030022e+00 1.051041e+00 1.070971e+00 1.069038e+00 1.048912e+00 1.039559e+00 1.038460e+00 1.030727e+00 9.994802e-01 9.468942e-01 8.897700e-01 8.489233e-01 8.329187e-01 8.362179e-01 8.404930e-01 8.305882e-01 7.979045e-01 7.446703e-01 6.877525e-01 6.462737e-01 6.115359e-01 5.687184e-01 5.292447e-01 5.032755e-01 4.826390e-01 4.597866e-01 4.315737e-01 4.109576e-01 4.062427e-01 3.992262e-01 3.853268e-01 3.742489e-01 3.654993e-01 3.517871e-01 3.134339e-01 2.751621e-01 2.504584e-01 2.315708e-01 2.181448e-01 2.084200e-01 2.001251e-01 1.863624e-01 1.780652e-01 1.750494e-01 1.689883e-01 1.735919e-01 1.720728e-01 1.563619e-01 1.417099e-01 1.240559e-01 1.036751e-01 8.212259e-02 6.698725e-02 5.330846e-02 4.035437e-02 3.080833e-02 2.285866e-02 1.858212e-02 1.594136e-02 1.302203e-02 9.694643e-03 5.784539e-03 3.443020e-03 2.082873e-03 1.449732e-03 1.175202e-03 1.015664e-03 1.197583e-03 1.494895e-03 1.927973e-03 2.393507e-03 1.951052e-03 6.558703e-04 1.667880e-05 6.199501e-09 2.293855e-15 1.039150e-24 5.649935e-38 1.401298e-45 0.000000e+00 0.000000e+00 0.000000e+00 0.000000e+00 0.000000e+00 0.000000e+00
4.676559e-06 6.509479e-31 9.236334e-22 2.754374e-15 1.262920e-11 9.100628e-12 1.407653e-10 3.062630e-08 4.951312e-07 1.134709e-05 2.020334e-05 3.963344e-05 8.552236e-05 3.331367e-04 4.006903e-04 6.826949e-04 7.059012e-04 8.417580e-04 8.537658e-04 1.247772e-03 1.661399e-03 2.067585e-03 2.456850e-03 2.734187e-03 3.398348e-03 3.926754e-03 4.739294e-03 5.295288e-03 5.450331e-03 6.303217e-03 6.815813e-03 8.763845e-03 1.088955e-02 1.344784e-02 1.567536e-02 1.574536e-02 1.881645e-02 2.137695e-02 2.564252e-02 2.850164e-02 2.984311e-02 3.439789e-02 3.725711e-02 4.105487e-02 4.267819e-02 4.220949e-02 4.702691e-02 4.986610e-02 5.234761e-02 6.396145e-02 7.356366e-02 8.305972e-02 9.989297e-02 1.058405e-01 1.088418e-01 1.226790e-01 1.377494e-01 1.479918e-01 1.622329e-01 1.815419e-01 1.949968e-01 2.062671e-01 2.315380e-01 2.589948e-01 2.693989e-01 2.853565e-01 3.100352e-01 3.181229e-01 3.299501e-01 3.657853e-01 4.039299e-01 4.460970e-01 5.016114e-01 5.335237e-01 5.280992e-01 5.276324e-01 5.423239e-01 5.704548e-01 6.163900e-01 6.563323e-01 6.662070e-01 6.417590e-01 5.959478e-01 5.227852e-01 4.358972e-01 3.519653e-01 2.877942e-01 2.552398e-01 2.628066e-01 3.157259e-01 4.125722e-01 5.378127e-01 6.720275e-01 7.937550e-01 8.900265e-01 9.510070e-01 9.854864e-01 9.934889e-01 9.829351e-01 9.678244e-01 9.763885e-01 1.006113e+00 1.037365e+00 1.049659e+00 1.036166e+00 1.011297e+00 9.810918e-01 9.548016e-01 9.276891e-01 8.918344e-01 8.435732e-01 8.012801e-01 7.807391e-01 7.780765e-01 7.767462e-01 7.606300e-01 7.262704e-01 6.863863e-01 6.506979e-01 6.191111e-01 5.974631e-01 5.661817e-01 5.243835e-01 4.885961e-01 4.672816e-01 4.527110e-01 4.327341e-01 4.076619e-01 3.941653e-01 3.877409e-01 3.748808e-01 3.636241e-01 3.583031e-01 3.601355e-01 3.479624e-01 3.084739e-01 2.805599e-01 2.660689e-01 2.294248e-01 1.948843e-01 1.757150e-01 1.582080e-01 1.413731e-01 1.306634e-01 1.274232e-01 1.225588e-01 1.142536e-01 1.072329e-01 9.826795e-02 9.187772e-02 8.524992e-02 7.692835e-02 7.122929e-02 6.219512e-02 5.148320e-02 4.024678e-02 3.010993e-02 2.336853e-02 1.750764e-02 1.289019e-02 9.063184e-03 5.919043e-03 3.569100e-03 2.240941e-03 1.400000e-03 8.423434e-04 5.252619e-04 3.840630e-04 3.669785e-04 4.024304e-04 5.859706e-04 6.618701e-04 2.418084e-04 6.286247e-06 9.086609e-10 2.680935e-16 2.344876e-26 8.968618e-40 0.000000e+00 0.000000e+00 0.000000e+00 0.000000e+00 0.000000e+00 0.000000e+00 0.000000e+00
3.080020e-16 4.273417e-31 5.004354e-25 1.907133e-16 1.314411e-09 2.251474e-09 2.183093e-07 1.146551e-06 2.476010e-05 3.535308e-05 1.170198e-04 8.539535e-05 7.872201e-05 1.228920e-04 3.051801e-04 4.139017e-04 6.421849e-04 1.191976e-03 1.319931e-03 1.833797e-03 1.869716e-03 2.557350e-03 2.341802e-03 3.225274e-03 3.300630e-03 4.332589e-03 4.405634e-03 4.804176e-03 5.338363e-03 5.353906e-03 6.943851e-03 7.646487e-03 9.238589e-03 1.070902e-02 1.273477e-02 1.666149e-02 1.799409e-02 2.105988e-02 2.330791e-02 2.582908e-02 3.033199e-02 3.200961e-02 3.651997e-02 3.958744e-02 4.232402e-02 4.891007e-02 5.121838e-02 5.762273e-02 6.546054e-02 6.643025e-02 7.382170e-02 8.640762e-02 9.371477e-02 1.010215e-01 1.109085e-01 1.158165e-01 1.205683e-01 1.343140e-01 1.520797e-01 1.689812e-01 1.874485e-01 2.113283e-01 2.360471e-01 2.537997e-01 2.748071e-01 3.025227e-01 3.203702e-01 3.346502e-01 3.565956e-01 3.662759e-01 3.719877e-01 4.005480e-01 4.362909e-01 4.593554e-01 4.812531e-01 5.128831e-01 5.411592e-01 5.635993e-01 5.829368e-01 5.871928e-01 5.837926e-01 5.784519e-01 5.612809e-01 5.020500e-01 4.089218e-01 3.136258e-01 2.446835e-01 2.151646e-01 2.283885e-01 2.852235e-01 3.817619e-01 5.018315e-01 6.228628e-01 7.215799e-01 7.933202e-01 8.462849e-01 8.998550e-01 9.502255e-01 9.888484e-01 9.995909e-01 9.935520e-01 9.818914e-01 9.709521e-01 9.568848e-01 9.319320e-01 9.032537e-01 8.755224e-01 8.647515e-01 8.668020e-01 8.713423e-01 8.645091e-01 8.424571e-01 8.054410e-01 7.607284e-01 7.228485e-01 6.933119e-01 6.666748e-01 6.477848e-01 6.364349e-01 6.226587e-01 6.086734e-01 5.965821e-01 5.721146e-01 5.366859e-01 5.066233e-01 4.894346e-01 4.707197e-01 4.336924e-01 3.955564e-01 3.718973e-01 3.552425e-01 3.384199e-01 3.269422e-01 3.258471e-01 3.267317e-01 3.031298e-01 2.829108e-01 2.670382e-01 2.313451e-01 1.968350e-01 1.792762e-01 1.701308e-01 1.613892e-01 1.593610e-01 1.636516e-01 1.548594e-01 1.405559e-01 1.285955e-01 1.157338e-01 1.061847e-01 9.752087e-02 9.377225e-02 8.792558e-02 7.829494e-02 7.067076e-02 5.614937e-02 4.508571e-02 3.617822e-02 2.607978e-02 2.079920e-02 1.585285e-02 1.240816e-02 9.778731e-03 6.860253e-03 5.077539e-03 2.989925e-03 1.877750e-03 1.441253e-03 1.207328e-03 1.384756e-03 1.611527e-03 1.536189e-03 3.112866e-04 3.968877e-06 2.365840e-10 2.951446e-17 3.571316e-27 8.132716e-41 0.000000e+00 0.000000e+00 0.000000e+00 0.000000e+00 0.000000e+00 0.000000e+00 0.000000e+00
2.418047e-05 5.322440e-31 7.541658e-22 7.137663e-16 8.839405e-11 1.090803e-10 5.903400e-08 1.328754e-05 9.071305e-05 1.359115e-04 1.561707e-04 2.733868e-04 5.773854e-04 6.281812e-04 5.615834e-04 6.541861e-04 1.277889e-03 1.449075e-03 2.380241e-03 1.582101e-03 1.951786e-03 1.710451e-03 3.055187e-03 3.094531e-03 4.108495e-03 3.855443e-03 4.580196e-03 5.446547e-03 6.484094e-03 7.729997e-03 7.212013e-03 7.494827e-03 7.820267e-03 9.558981e-03 1.177693e-02 1.433434e-02 1.838429e-02 1.985233e-02 2.235260e-02 2.521396e-02 2.723624e-02 3.299962e-02 3.626104e-02 4.178925e-02 4.996983e-02 5.457677e-02 6.202453e-02 6.655584e-02 7.025120e-02 7.720347e-02 8.246501e-02 8.730889e-02 9.258740e-02 1.022285e-01 1.107299e-01 1.147888e-01 1.242476e-01 1.364558e-01 1.461729e-01 1.610161e-01 1.874652e-01 2.121232e-01 2.221157e-01 2.406937e-01 2.661225e-01 2.794180e-01 2.986208e-01 3.196458e-01 3.267774e-01 3.479773e-01 3.836780e-01 3.917513e-01 3.973478e-01 4.400094e-01 4.883941e-01 5.286508e-01 5.799276e-01 6.132710e-01 6.090205e-01 6.081455e-01 6.163323e-01 5.846845e-01 5.251455e-01 4.592273e-01 3.769550e-01 2.844377e-01 2.211065e-01 2.010415e-01 2.202588e-01 2.762972e-01 3.662918e-01 4.732086e-01 5.724064e-01 6.583996e-01 7.484874e-01 8.347129e-01 8.912289e-01 9.071198e-01 9.054986e-01 8.954096e-01 8.823571e-01 8.675160e-01 8.585613e-01 8.576977e-01 8.581154e-01 8.534673e-01 8.326480e-01 8.069285e-01 7.886617e-01 7.901994e-01 8.079449e-01 8.245852e-01 8.188454e-01 7.808421e-01 7.254233e-01 6.794412e-01 6.524245e-01 6.403745e-01 6.319482e-01 6.178026e-01 5.973145e-01 5.779387e-01 5.560830e-01 5.249639e-01 4.939424e-01 4.779222e-01 4.708387e-01 4.491670e-01 4.061266e-01 3.603097e-01 3.219610e-01 2.899971e-01 2.661815e-01 2.583667e-01 2.657178e-01 2.820737e-01 2.824659e-01 2.666575e-01 2.426143e-01 2.106141e-01 1.859559e-01 1.719573e-01 1.659879e-01 1.694752e-01 1.744062e-01 1.713350e-01 1.641858e-01 1.614408e-01 1.630471e-01 1.628066e-01 1.676786e-01 1.719031e-01 1.592668e-01 1.518817e-01 1.405079e-01 1.255294e-01 1.214964e-01 1.068398e-01 9.311951e-02 7.724573e-02 6.420510e-02 5.625891e-02 4.704123e-02 3.841624e-02 2.757832e-02 2.078642e-02 1.491441e-02 1.322137e-02 1.177963e-02 9.458434e-03 7.344983e-03 2.202710e-03 2.479737e-04 8.078403e-07 3.212598e-11 2.163901e-18 1.712332e-28 8.603973e-42 0.000000e+00 0.000000e+00 0.000000e+00 0.000000e+00 0.000000e+00 0.000000e+00 0.000000e+00
5.461568e-39 1.050309e-28 3.220176e-23 4.075824e-17 8.444251e-12 1.743623e-11 1.039452e-08 6.624271e-07 5.091314e-06 3.128220e-05 5.097304e-04 2.117920e-03 1.217139e-03 1.023444e-03 1.610021e-03 2.798285e-03 2.340722e-03 1.936545e-03 1.360939e-03 1.943846e-03 2.313844e-03 3.218202e-03 2.859528e-03 3.180314e-03 3.289387e-03 4.124913e-03 4.301850e-03 5.192755e-03 5.924675e-03 7.511280e-03 8.490593e-03 9.022318e-03 9.842002e-03 1.036089e-02 1.175685e-02 1.272389e-02 1.431847e-02 1.737851e-02 1.935820e-02 2.257720e-02 2.724187e-02 3.168703e-02 3.752719e-02 4.430380e-02 5.060932e-02 5.504091e-02 6.047883e-02 6.430988e-02 6.930636e-02 8.060144e-02 8.864110e-02 9.281401e-02 1.019256e-01 1.095525e-01 1.165207e-01 1.327629e-01 1.430246e-01 1.425858e-01 1.545525e-01 1.741002e-01 1.853618e-01 2.035170e-01 2.270276e-01 2.396446e-01 2.599636e-01 2.882839e-01 3.056417e-01 3.309774e-01 3.643664e-01 3.753369e-01 3.828451e-01 4.168077e-01 4.482154e-01 4.581656e-01 4.853474e-01 5.319453e-01 5.554342e-01 5.668856e-01 5.907607e-01 6.091068e-01 6.198869e-01 6.154100e-01 5.639955e-01 4.583662e-01 3.514885e-01 2.696969e-01 2.187028e-01 2.028266e-01 2.285119e-01 2.977900e-01 4.016626e-01 5.199992e-01 6.311656e-01 7.135491e-01 7.675955e-01 8.078420e-01 8.414373e-01 8.572307e-01 8.602542e-01 8.546385e-01 8.380319e-01 8.001722e-01 7.578787e-01 7.410366e-01 7.587139e-01 7.999430e-01 8.300601e-01 8.358631e-01 8.221375e-01 8.046976e-01 7.949313e-01 7.982225e-01 8.122094e-01 8.243955e-01 8.283811e-01 8.254531e-01 8.108322e-01 7.687902e-01 7.019896e-01 6.320706e-01 5.736381e-01 5.334760e-01 5.118964e-01 5.007591e-01 4.920695e-01 4.839033e-01 4.831507e-01 4.697473e-01 4.355160e-01 3.820278e-01 3.279787e-01 2.774169e-01 2.326359e-01 1.994595e-01 1.921632e-01 2.060437e-01 2.093468e-01 2.095594e-01 2.184732e-01 2.132777e-01 1.986931e-01 1.834236e-01 1.695991e-01 1.576010e-01 1.407069e-01 1.226734e-01 1.088794e-01 9.953998e-02 9.428845e-02 9.417602e-02 9.921998e-02 9.741081e-02 9.227140e-02 8.622215e-02 7.753529e-02 7.423688e-02 6.921604e-02 6.186715e-02 5.182044e-02 4.188136e-02 3.692157e-02 3.024583e-02 2.833411e-02 2.414567e-02 2.049133e-02 1.720154e-02 1.527382e-02 1.728709e-02 1.625123e-02 1.181089e-02 4.755814e-03 7.977858e-04 2.251696e-05 5.235579e-08 1.089822e-12 1.088409e-19 8.894214e-30 3.797519e-43 0.000000e+00 0.000000e+00 0.000000e+00 0.000000e+00 0.000000e+00 0.000000e+00 0.000000e+00
1.462511e-05 4.449312e-32 1.368963e-24 1.195111e-19 5.089968e-12 4.306685e-09 1.349204e-06 5.839332e-06 3.190697e-05 1.318962e-04 3.894467e-04 4.377180e-04 1.040858e-03 2.078458e-03 2.324408e-03 1.695797e-03 1.153211e-03 1.346472e-03 1.638579e-03 2.523312e-03 2.476183e-03 2.895539e-03 2.451689e-03 2.758525e-03 3.348893e-03 3.996269e-03 4.679249e-03 4.428327e-03 5.460232e-03 6.115403e-03 8.658498e-03 1.042287e-02 1.211586e-02 1.359028e-02 1.370434e-02 1.488220e-02 1.528061e-02 1.688452e-02 1.977464e-02 2.364608e-02 2.748784e-02 3.030519e-02 3.729431e-02 4.077265e-02 4.410008e-02 4.961330e-02 5.233690e-02 6.090380e-02 7.062248e-02 7.612362e-02 8.306627e-02 9.320091e-02 1.007552e-01 1.041960e-01 1.147344e-01 1.271825e-01 1.365868e-01 1.524755e-01 1.689217e-01 1.821298e-01 2.002632e-01 2.180619e-01 2.293106e-01 2.432482e-01 2.542249e-01 2.629010e-01 2.897206e-01 3.250272e-01 3.509487e-01 3.781251e-01 4.038218e-01 4.195178e-01 4.458335e-01 4.878075e-01 5.113650e-01 5.127530e-01 5.175631e-01 5.280776e-01 5.446249e-01 5.717719e-01 6.024449e-01 6.087816e-01 5.804202e-01 5.061887e-01 3.975829e-01 2.959844e-01 2.354392e-01 2.182846e-01 2.444067e-01 3.176958e-01 4.312953e-01 5.530790e-01 6.624343e-01 7.546902e-01 8.129382e-01 8.223220e-01 8.129859e-01 8.113361e-01 8.224414e-01 8.238466e-01 8.094499e-01 7.779862e-01 7.377259e-01 7.038055e-01 6.866995e-01 6.953116e-01 7.145762e-01 7.319130e-01 7.371030e-01 7.338653e-01 7.271686e-01 7.242557e-01 7.308289e-01 7.457488e-01 7.765624e-01 8.205367e-01 8.573450e-01 8.642682e-01 8.267535e-01 7.619538e-01 6.942598e-01 6.343611e-01 5.880980e-01 5.607013e-01 5.392714e-01 5.086732e-01 4.770174e-01 4.483999e-01 4.075665e-01 3.620054e-01 3.199084e-01 2.904125e-01 2.667780e-01 2.510037e-01 2.621673e-01 2.843291e-01 2.910216e-01 2.890130e-01 2.925252e-01 2.938971e-01 2.721154e-01 2.533378e-01 2.400394e-01 2.114187e-01 1.780181e-01 1.491338e-01 1.272276e-01 1.101757e-01 1.005852e-01 9.793247e-02 9.577565e-02 9.253588e-02 8.784831e-02 7.629534e-02 6.544719e-02 5.550871e-02 4.429773e-02 3.416073e-02 2.400647e-02 1.844294e-02 1.454164e-02 1.358886e-02 1.347300e-02 1.190070e-02 1.083910e-02 9.146397e-03 1.051757e-02 1.209667e-02 1.000581e-02 5.697453e-03 1.456050e-03 1.419087e-04 1.761734e-06 1.787750e-09 3.877386e-14 4.086059e-21 1.312034e-30 1.415311e-43 0.000000e+00 0.000000e+00 0.000000e+00 0.000000e+00 0.000000e+00 0.000000e+00 0.000000e+00
4.334841e-08 6.999652e-33 4.456003e-25 1.102854e-13 2.103918e-08 6.930721e-08 1.499428e-06 1.046524e-05 1.506616e-04 4.153584e-04 5.157029e-04 5.338255e-04 6.690592e-04 7.887983e-04 6.019614e-04 4.813580e-04 1.018358e-03 1.247414e-03 2.095958e-03 1.871105e-03 2.035516e-03 1.495714e-03 2.659400e-03 2.928813e-03 3.393353e-03 3.196659e-03 3.355952e-03 4.525623e-03 4.945687e-03 6.722758e-03 7.146608e-03 9.187135e-03 1.050229e-02 1.209726e-02 1.389251e-02 1.518975e-02 1.773546e-02 1.878111e-02 2.171620e-02 2.263471e-02 2.475592e-02 2.796065e-02 2.894325e-02 3.327046e-02 3.797425e-02 4.428247e-02 5.309288e-02 6.204483e-02 6.959278e-02 7.258447e-02 8.069540e-02 8.882210e-02 9.319098e-02 1.038280e-01 1.115752e-01 1.203548e-01 1.422129e-01 1.602769e-01 1.732436e-01 1.915589e-01 2.085483e-01 2.235460e-01 2.405434e-01 2.529280e-01 2.600578e-01 2.731779e-01 2.907647e-01 3.033598e-01 3.181172e-01 3.517295e-01 3.949750e-01 4.268362e-01 4.461612e-01 4.608499e-01 4.804367e-01 5.091565e-01 5.341060e-01 5.466253e-01 5.539880e-01 5.603515e-01 5.708488e-01 5.758944e-01 5.638939e-01 5.151428e-01 4.371091e-01 3.551545e-01 2.970536e-01 2.757512e-01 2.976132e-01 3.656833e-01 4.709360e-01 5.837018e-01 6.814256e-01 7.604747e-01 8.171380e-01 8.379545e-01 8.362314e-01 8.289765e-01 8.238425e-01 8.056269e-01 7.742918e-01 7.346572e-01 6.916619e-01 6.477420e-01 6.028211e-01 5.686319e-01 5.506718e-01 5.588503e-01 5.903865e-01 6.302704e-01 6.598316e-01 6.729560e-01 6.767497e-01 6.772042e-01 6.832411e-01 6.932083e-01 7.010679e-01 7.119449e-01 7.156750e-01 7.025273e-01 6.730066e-01 6.316188e-01 5.873994e-01 5.511450e-01 5.268790e-01 4.997882e-01 4.694844e-01 4.500378e-01 4.372053e-01 4.239562e-01 4.024317e-01 3.794244e-01 3.627144e-01 3.545845e-01 3.467503e-01 3.305840e-01 3.126159e-01 2.824415e-01 2.568083e-01 2.384167e-01 2.196529e-01 2.123275e-01 2.069379e-01 1.897932e-01 1.713403e-01 1.535858e-01 1.317016e-01 1.120754e-01 9.425906e-02 7.645144e-02 5.930555e-02 4.488561e-02 3.296018e-02 2.254505e-02 1.505734e-02 1.005922e-02 6.579225e-03 4.156374e-03 2.734351e-03 1.995672e-03 1.636362e-03 1.672165e-03 1.784335e-03 2.037000e-03 2.209337e-03 2.531020e-03 3.088592e-03 3.688717e-03 2.830446e-03 9.759464e-04 1.983061e-04 1.157169e-05 1.361580e-07 8.516970e-11 1.397590e-15 2.288071e-22 1.019101e-31 8.127531e-44 0.000000e+00 0.000000e+00 0.000000e+00 0.000000e+00 0.000000e+00 0.000000e+00 0.000000e+00
4.262295e-07 3.978861e-29 1.980369e-18 8.581467e-13 1.869076e-09 5.028364e-07 9.342431e-06 3.624482e-06 1.833514e-04 3.262213e-04 1.101936e-03 9.146366e-04 2.811697e-04 1.950399e-04 3.253727e-04 4.888737e-04 5.390976e-04 6.349351e-04 5.379628e-04 9.193158e-04 1.268595e-03 2.426694e-03 2.220800e-03 2.328938e-03 2.250876e-03 2.966536e-03 3.752515e-03 4.321992e-03 5.709426e-03 6.174091e-03 8.240912e-03 8.358641e-03 9.742620e-03 1.058603e-02 1.201560e-02 1.393564e-02 1.697759e-02 2.033776e-02 2.071398e-02 2.233753e-02 2.323808e-02 2.552855e-02 2.742248e-02 2.963678e-02 3.373035e-02 3.955905e-02 4.879319e-02 5.450441e-02 6.033032e-02 7.184856e-02 7.582868e-02 8.029974e-02 9.149714e-02 1.031643e-01 1.186432e-01 1.334784e-01 1.467350e-01 1.661920e-01 1.800734e-01 1.917028e-01 2.041861e-01 2.062730e-01 2.153144e-01 2.411312e-01 2.711077e-01 2.968175e-01 3.097556e-01 3.163690e-01 3.368202e-01 3.623155e-01 3.771624e-01 3.944909e-01 4.204088e-01 4.454102e-01 4.697927e-01 5.018591e-01 5.402274e-01 5.729282e-01 5.873379e-01 5.815653e-01 5.691385e-01 5.547703e-01 5.415728e-01 5.262489e-01 4.976208e-01 4.408320e-01 3.773299e-01 3.429780e-01 3.536353e-01 4.060942e-01 4.937241e-01 6.003746e-01 6.932589e-01 7.405369e-01 7.582780e-01 7.730625e-01 7.905445e-01 7.943573e-01 7.884375e-01 7.759683e-01 7.577994e-01 7.224407e-01 6.737519e-01 6.222495e-01 5.651156e-01 5.088418e-01 4.658450e-01 4.542052e-01 4.766034e-01 5.239824e-01 5.806664e-01 6.346692e-01 6.779033e-01 6.983190e-01 6.955547e-01 6.765618e-01 6.506436e-01 6.375106e-01 6.450085e-01 6.614116e-01 6.689135e-01 6.599799e-01 6.321803e-01 5.892729e-01 5.464132e-01 5.000513e-01 4.497821e-01 4.112720e-01 3.940597e-01 3.884095e-01 3.823836e-01 3.612089e-01 3.519356e-01 3.490618e-01 3.151689e-01 2.824064e-01 2.670849e-01 2.528495e-01 2.375823e-01 2.273392e-01 2.252669e-01 2.132082e-01 1.868807e-01 1.599400e-01 1.345636e-01 1.155494e-01 1.005635e-01 8.842133e-02 7.443321e-02 5.570991e-02 3.764744e-02 2.393002e-02 1.381752e-02 7.669988e-03 4.228909e-03 2.198628e-03 1.199613e-03 6.434825e-04 3.809321e-04 2.508044e-04 2.043296e-04 1.928304e-04 2.024036e-04 2.430651e-04 3.123184e-04 5.288575e-04 9.680158e-04 1.704053e-03 1.373591e-03 4.675126e-04 7.410309e-05 4.673348e-06 4.905677e-08 3.565952e-11 4.449775e-16 2.687513e-23 4.378560e-33 0.000000e+00 0.000000e+00 0.000000e+00 0.000000e+00 0.000000e+00 0.000000e+00 0.000000e+00 0.000000e+00
4.937607e-25 5.484431e-28 1.019183e-22 3.530078e-15 4.155683e-12 5.713092e-09 2.946047e-05 5.206187e-05 8.201431e-05 1.101504e-04 6.121162e-05 1.235902e-04 1.163327e-04 2.260675e-04 3.413320e-04 3.394599e-04 3.032459e-04 3.357647e-04 5.103636e-04 5.031983e-04 7.581714e-04 8.450727e-04 1.301851e-03 1.765027e-03 2.738008e-03 3.628035e-03 4.004415e-03 4.976766e-03 5.634661e-03 7.201748e-03 7.284942e-03 8.202951e-03 9.265791e-03 1.067800e-02 1.262947e-02 1.410777e-02 1.516857e-02 1.779902e-02 2.099349e-02 2.532050e-02 2.801600e-02 2.894699e-02 3.213054e-02 3.371891e-02 3.672127e-02 3.949993e-02 4.235342e-02 4.977160e-02 5.806116e-02 6.403583e-02 7.243854e-02 8.166245e-02 9.198857e-02 1.053687e-01 1.204053e-01 1.392797e-01 1.502590e-01 1.549952e-01 1.697773e-01 1.856370e-01 1.908906e-01 2.030671e-01 2.202701e-01 2.262262e-01 2.392377e-01 2.653303e-01 2.888926e-01 3.182119e-01 3.476107e-01 3.585827e-01 3.749203e-01 4.042846e-01 4.152198e-01 4.205117e-01 4.469992e-01 4.798072e-01 5.096850e-01 5.534844e-01 5.991851e-01 6.096277e-01 5.899575e-01 5.663878e-01 5.516839e-01 5.403779e-01 5.310697e-01 5.069764e-01 4.598325e-01 4.141611e-01 4.086106e-01 4.590269e-01 5.517561e-01 6.510229e-01 7.355967e-01 7.940774e-01 8.212563e-01 8.135049e-01 7.893437e-01 7.531251e-01 7.114195e-01 6.610364e-01 6.132905e-01 5.690408e-01 5.244563e-01 4.767683e-01 4.314696e-01 4.029250e-01 3.952648e-01 4.088227e-01 4.413675e-01 4.873035e-01 5.334603e-01 5.694804e-01 5.915743e-01 6.017573e-01 6.056464e-01 6.045373e-01 5.969642e-01 5.943040e-01 6.033553e-01 6.214091e-01 6.365316e-01 6.400738e-01 6.344058e-01 6.179944e-01 5.976370e-01 5.791053e-01 5.458410e-01 5.048906e-01 4.703220e-01 4.445347e-01 4.256657e-01 4.105903e-01 3.988651e-01 3.831220e-01 3.444716e-01 2.985851e-01 2.639164e-01 2.370075e-01 2.082279e-01 1.921075e-01 1.841170e-01 1.612125e-01 1.335163e-01 1.091034e-01 8.941598e-02 7.323381e-02 6.478078e-02 6.158310e-02 5.481577e-02 4.516283e-02 3.600778e-02 2.687955e-02 1.940172e-02 1.425717e-02 9.907879e-03 6.640567e-03 4.165979e-03 2.551031e-03 1.566540e-03 9.133460e-04 6.232043e-04 3.863473e-04 2.559108e-04 1.770459e-04 1.730379e-04 2.154341e-04 3.828045e-04 6.750964e-04 6.373137e-04 3.136587e-04 5.308985e-05 3.711599e-06 4.846587e-08 3.481302e-11 4.082321e-16 7.976033e-24 2.453712e-34 0.000000e+00 0.000000e+00 0.000000e+00 0.000000e+00 0.000000e+00 0.000000e+00 0.000000e+00 0.000000e+00
1.155028e-13 1.346005e-29 8.864835e-23 1.814110e-14 3.186954e-11 1.728371e-09 1.073244e-06 1.633647e-07 2.955572e-06 3.868423e-06 4.869322e-06 1.084433e-05 2.794641e-05 7.113350e-05 1.081555e-04 2.187491e-04 2.389930e-04 2.909219e-04 3.306601e-04 7.859048e-04 7.225033e-04 8.760369e-04 1.394225e-03 2.227289e-03 2.920941e-03 3.137423e-03 4.377986e-03 5.071560e-03 6.024044e-03 5.893641e-03 6.572060e-03 7.854992e-03 8.349538e-03 1.050118e-02 1.185375e-02 1.399681e-02 1.670048e-02 1.752653e-02 2.122794e-02 2.425548e-02 2.869542e-02 3.380273e-02 3.500209e-02 3.848420e-02 4.276563e-02 4.559581e-02 4.963355e-02 5.343013e-02 5.878231e-02 6.725518e-02 7.684737e-02 9.078778e-02 1.034903e-01 1.090927e-01 1.152629e-01 1.207415e-01 1.281437e-01 1.435513e-01 1.576206e-01 1.723503e-01 1.963194e-01 2.107444e-01 2.158696e-01 2.284404e-01 2.313367e-01 2.307625e-01 2.537727e-01 2.846115e-01 3.073430e-01 3.360288e-01 3.626651e-01 3.804609e-01 4.077351e-01 4.265023e-01 4.256582e-01 4.359047e-01 4.643905e-01 4.955604e-01 5.340651e-01 5.785685e-01 6.036450e-01 5.941341e-01 5.760010e-01 5.552816e-01 5.261153e-01 4.942617e-01 4.778871e-01 4.754755e-01 4.886425e-01 5.309018e-01 6.136585e-01 7.205570e-01 8.193526e-01 8.866878e-01 9.235382e-01 9.266422e-01 8.974569e-01 8.263906e-01 7.320899e-01 6.374672e-01 5.620826e-01 4.963826e-01 4.322971e-01 3.731437e-01 3.260214e-01 3.010656e-01 2.985437e-01 3.197007e-01 3.628593e-01 4.203381e-01 4.780217e-01 5.296937e-01 5.741872e-01 6.035406e-01 6.137778e-01 6.085142e-01 5.917272e-01 5.715172e-01 5.525859e-01 5.396042e-01 5.327582e-01 5.264699e-01 5.162603e-01 4.968942e-01 4.696536e-01 4.432418e-01 4.174302e-01 3.909872e-01 3.701754e-01 3.601466e-01 3.683830e-01 3.790573e-01 3.675697e-01 3.464248e-01 3.250284e-01 2.880769e-01 2.532039e-01 2.235184e-01 1.954540e-01 1.762343e-01 1.575732e-01 1.335171e-01 1.131530e-01 1.003178e-01 9.190030e-02 8.799652e-02 9.187106e-02 9.833576e-02 9.673155e-02 8.883074e-02 7.403300e-02 5.894798e-02 4.666649e-02 3.661065e-02 2.989699e-02 2.326055e-02 1.689414e-02 1.325858e-02 8.740082e-03 6.197750e-03 3.911279e-03 1.893178e-03 8.049033e-04 2.975160e-04 1.311482e-04 8.763761e-05 9.072109e-05 1.288906e-04 1.928889e-04 1.333302e-04 5.964818e-05 4.692842e-06 5.109343e-08 2.498353e-11 9.086727e-17 1.899207e-24 1.045244e-35 0.000000e+00 0.000000e+00 0.000000e+00 0.000000e+00 0.000000e+00 0.000000e+00 0.000000e+00 0.000000e+00
3.438623e-05 1.296591e-28 1.087730e-19 7.374965e-13 9.600187e-12 9.747717e-11 4.251369e-08 2.507475e-08 8.437859e-07 1.559220e-06 2.534730e-06 2.728034e-06 1.152809e-05 2.293522e-05 1.048744e-04 1.189592e-04 2.883726e-04 3.400091e-04 5.858954e-04 5.475634e-04 9.544693e-04 1.281793e-03 1.377303e-03 1.635882e-03 1.851798e-03 2.749906e-03 3.161065e-03 3.807385e-03 4.019313e-03 4.325777e-03 5.371999e-03 5.802849e-03 7.726951e-03 8.745246e-03 1.010208e-02 1.330265e-02 1.477531e-02 1.994894e-02 2.169339e-02 2.300204e-02 2.675899e-02 2.814015e-02 3.613411e-02 4.133647e-02 4.460591e-02 5.449364e-02 5.898441e-02 6.467050e-02 6.844766e-02 7.384367e-02 8.545579e-02 9.044281e-02 9.797079e-02 1.079262e-01 1.073909e-01 1.109834e-01 1.198541e-01 1.283732e-01 1.467980e-01 1.622720e-01 1.769509e-01 1.997742e-01 2.125144e-01 2.268287e-01 2.564437e-01 2.714815e-01 2.714746e-01 2.772638e-01 2.842591e-01 3.000336e-01 3.303781e-01 3.616748e-01 3.963237e-01 4.407378e-01 4.708973e-01 4.746098e-01 4.745381e-01 4.817191e-01 5.008246e-01 5.408061e-01 5.861313e-01 6.046345e-01 5.979849e-01 5.773393e-01 5.572159e-01 5.550030e-01 5.857307e-01 6.385462e-01 6.881905e-01 7.209587e-01 7.525936e-01 7.933795e-01 8.402957e-01 8.821666e-01 9.166635e-01 9.319637e-01 9.186459e-01 8.633631e-01 7.814968e-01 6.858136e-01 5.869249e-01 4.842549e-01 3.885885e-01 3.105914e-01 2.564036e-01 2.299562e-01 2.288887e-01 2.524719e-01 2.977882e-01 3.586533e-01 4.244877e-01 4.900667e-01 5.483329e-01 5.872793e-01 6.000645e-01 5.910793e-01 5.689457e-01 5.431697e-01 5.200323e-01 5.020282e-01 4.918489e-01 4.841404e-01 4.747774e-01 4.636632e-01 4.519917e-01 4.406717e-01 4.328446e-01 4.181173e-01 3.972250e-01 3.848235e-01 3.849573e-01 3.850435e-01 3.666376e-01 3.396714e-01 3.217138e-01 2.959183e-01 2.559956e-01 2.230999e-01 1.970533e-01 1.683395e-01 1.378641e-01 1.108167e-01 8.915439e-02 7.567956e-02 6.978164e-02 7.133256e-02 7.968255e-02 9.160624e-02 1.010187e-01 1.030613e-01 9.843757e-02 8.694521e-02 7.234909e-02 6.062126e-02 4.950230e-02 3.887559e-02 3.389329e-02 2.967356e-02 2.755568e-02 2.590846e-02 1.854916e-02 1.064667e-02 3.825667e-03 1.137763e-03 3.223529e-04 1.178403e-04 8.949594e-05 1.298239e-04 2.885539e-04 7.991521e-04 1.174832e-03 4.904246e-04 8.613169e-06 2.325645e-09 6.047698e-15 3.802133e-23 5.188271e-34 0.000000e+00 0.000000e+00 0.000000e+00 0.000000e+00 0.000000e+00 0.000000e+00 0.000000e+00 0.000000e+00
2.109160e-05 1.473497e-23 7.182217e-21 1.316201e-15 6.216389e-12 3.988988e-11 7.504001e-08 7.762237e-07 8.003545e-06 1.003676e-05 1.068602e-05 1.446095e-05 1.027346e-05 3.443268e-05 6.615748e-05 1.849372e-04 2.032754e-04 5.250598e-04 6.072052e-04 8.701783e-04 1.009206e-03 1.219231e-03 1.485996e-03 1.390427e-03 2.067202e-03 2.456903e-03 3.023066e-03 3.298738e-03 3.635289e-03 4.584327e-03 4.605298e-03 5.565828e-03 6.297633e-03 7.805892e-03 1.020626e-02 1.062174e-02 1.420511e-02 1.541150e-02 1.880270e-02 2.194282e-02 2.280352e-02 2.834229e-02 3.082726e-02 3.658689e-02 4.526008e-02 4.907198e-02 5.618603e-02 6.361972e-02 7.281202e-02 7.736596e-02 7.987391e-02 8.375137e-02 8.646884e-02 9.743106e-02 1.104261e-01 1.196543e-01 1.343384e-01 1.412100e-01 1.426947e-01 1.544403e-01 1.602139e-01 1.701922e-01 1.997672e-01 2.223280e-01 2.435224e-01 2.795982e-01 2.949314e-01 2.979967e-01 3.200670e-01 3.311594e-01 3.305088e-01 3.507671e-01 3.769052e-01 4.035873e-01 4.511762e-01 4.905750e-01 4.992188e-01 5.134740e-01 5.402016e-01 5.557397e-01 5.787883e-01 6.129088e-01 6.369144e-01 6.545376e-01 6.838697e-01 7.094695e-01 7.253407e-01 7.483500e-01 7.762139e-01 7.866136e-01 7.826032e-01 7.763028e-01 7.751297e-01 7.812991e-01 7.979351e-01 8.070780e-01 7.979212e-01 7.701136e-01 7.362186e-01 6.821361e-01 5.983121e-01 4.883468e-01 3.763311e-01 2.844265e-01 2.233908e-01 1.950174e-01 1.934948e-01 2.172364e-01 2.663975e-01 3.397123e-01 4.276233e-01 5.157322e-01 5.871662e-01 6.281524e-01 6.404892e-01 6.356171e-01 6.182037e-01 5.943306e-01 5.686714e-01 5.429315e-01 5.227458e-01 5.051661e-01 4.833463e-01 4.561128e-01 4.270960e-01 3.998523e-01 3.807001e-01 3.648076e-01 3.512399e-01 3.437542e-01 3.317877e-01 3.250046e-01 3.225136e-01 3.112974e-01 3.021478e-01 2.938323e-01 2.653668e-01 2.379956e-01 2.202687e-01 1.940711e-01 1.689361e-01 1.458860e-01 1.232124e-01 1.050450e-01 9.450316e-02 8.988827e-02 8.974244e-02 9.210635e-02 9.770225e-02 1.067169e-01 1.141879e-01 1.198677e-01 1.281208e-01 1.262812e-01 1.157748e-01 1.030571e-01 8.796877e-02 8.057066e-02 7.927331e-02 7.503988e-02 6.689758e-02 4.343028e-02 2.441785e-02 1.080369e-02 3.796488e-03 1.719562e-03 9.561476e-04 1.129811e-03 2.278581e-03 7.095474e-03 3.526735e-02 4.790906e-02 7.203701e-03 6.695619e-06 2.380529e-11 1.666737e-19 1.522167e-30 1.541428e-44 0.000000e+00 0.000000e+00 0.000000e+00 0.000000e+00 0.000000e+00 0.000000e+00 0.000000e+00
3.294100e-10 1.005776e-27 1.606665e-20 3.307262e-13 7.993614e-11 3.587824e-09 5.526666e-06 1.820997e-06 5.347194e-06 8.022336e-05 9.237648e-05 6.133802e-05 7.335346e-05 7.077509e-05 1.148928e-04 1.760379e-04 3.862552e-04 4.666460e-04 7.618689e-04 9.637328e-04 1.257493e-03 1.298728e-03 1.853334e-03 2.264086e-03 2.521828e-03 2.373279e-03 2.665548e-03 3.486933e-03 4.446625e-03 5.465600e-03 6.231054e-03 7.252876e-03 7.957309e-03 9.020088e-03 9.892591e-03 1.127313e-02 1.240761e-02 1.334393e-02 1.523357e-02 1.749341e-02 2.121551e-02 2.526783e-02 2.705824e-02 3.321223e-02 3.581689e-02 3.883428e-02 4.763141e-02 4.867414e-02 5.598686e-02 6.768911e-02 6.689518e-02 7.745261e-02 8.930090e-02 9.029195e-02 1.093240e-01 1.257312e-01 1.299588e-01 1.427578e-01 1.459529e-01 1.504947e-01 1.667503e-01 1.714700e-01 1.883203e-01 2.208091e-01 2.332096e-01 2.456633e-01 2.855187e-01 3.215206e-01 3.365197e-01 3.593533e-01 3.747746e-01 3.623406e-01 3.542008e-01 3.580270e-01 3.703808e-01 4.159122e-01 4.786929e-01 5.085779e-01 5.250586e-01 5.560319e-01 5.898566e-01 6.264747e-01 6.767037e-01 7.112628e-01 7.215354e-01 7.214133e-01 7.113246e-01 6.925596e-01 6.888351e-01 7.104103e-01 7.303643e-01 7.291921e-01 7.221840e-01 7.167957e-01 7.083884e-01 6.967104e-01 6.889818e-01 6.693032e-01 6.238835e-01 5.531924e-01 4.727154e-01 3.848055e-01 2.983294e-01 2.295640e-01 1.869572e-01 1.707597e-01 1.736975e-01 1.947870e-01 2.378231e-01 3.052941e-01 3.894575e-01 4.722956e-01 5.357367e-01 5.738785e-01 5.939153e-01 6.023425e-01 5.995914e-01 5.878255e-01 5.692282e-01 5.478739e-01 5.294344e-01 5.147291e-01 5.029101e-01 4.927461e-01 4.790817e-01 4.634488e-01 4.467761e-01 4.376601e-01 4.384648e-01 4.251419e-01 3.941135e-01 3.624801e-01 3.381743e-01 3.149293e-01 2.902993e-01 2.736467e-01 2.646100e-01 2.593285e-01 2.547786e-01 2.456384e-01 2.281199e-01 2.066947e-01 1.857339e-01 1.607728e-01 1.421389e-01 1.255332e-01 1.011253e-01 8.130842e-02 7.123756e-02 6.319369e-02 5.829082e-02 6.075833e-02 6.564771e-02 7.509895e-02 8.275111e-02 8.743108e-02 9.104671e-02 8.732804e-02 8.705761e-02 8.512868e-02 8.389555e-02 9.183518e-02 9.597746e-02 9.877755e-02 9.203155e-02 6.717233e-02 5.459267e-02 4.117060e-02 3.958005e-02 4.824372e-02 5.797671e-02 7.643735e-02 2.940702e-02 3.119068e-04 1.355178e-08 4.566283e-16 6.614405e-27 1.550831e-40 0.000000e+00 0.000000e+00 0.000000e+00 0.000000e+00 0.000000e+00 0.000000e+00 0.000000e+00
2.246293e-15 7.519840e-22 4.317154e-14 4.129612e-12 4.729998e-10 3.076125e-10 3.894449e-08 8.711545e-07 2.338941e-05 4.844824e-05 9.634650e-05 6.483540e-05 1.928295e-04 1.478720e-04 1.598105e-04 1.746334e-04 2.577938e-04 4.310041e-04 6.137561e-04 9.883912e-04 1.128688e-03 1.563719e-03 1.399097e-03 2.011280e-03 1.851159e-03 2.303978e-03 2.451017e-03 3.436718e-03 4.908377e-03 5.100167e-03 7.143329e-03 7.410197e-03 9.514991e-03 9.917440e-03 9.694546e-03 1.156102e-02 1.115264e-02 1.320372e-02 1.268678e-02 1.473373e-02 1.751461e-02 1.911451e-02 2.746523e-02 2.797254e-02 3.062738e-02 3.545544e-02 3.419977e-02 4.380880e-02 5.004003e-02 5.427168e-02 7.177003e-02 7.713747e-02 8.312607e-02 1.023933e-01 1.058075e-01 1.108879e-01 1.229300e-01 1.298201e-01 1.510344e-01 1.649040e-01 1.690023e-01 2.000763e-01 2.137907e-01 2.053687e-01 2.277615e-01 2.529712e-01 2.602522e-01 2.887955e-01 3.292431e-01 3.528858e-01 3.716880e-01 3.858457e-01 3.849187e-01 3.821339e-01 3.892124e-01 4.020245e-01 4.233617e-01 4.509086e-01 4.668350e-01 4.750525e-01 4.978982e-01 5.315375e-01 5.690122e-01 6.052706e-01 6.306492e-01 6.314349e-01 6.199274e-01 6.111010e-01 6.115971e-01 6.293290e-01 6.660689e-01 7.022533e-01 7.138575e-01 6.970974e-01 6.685945e-01 6.344252e-01 5.961598e-01 5.504553e-01 4.955100e-01 4.234724e-01 3.451502e-01 2.719432e-01 2.116539e-01 1.669564e-01 1.381850e-01 1.259738e-01 1.277956e-01 1.451967e-01 1.807575e-01 2.349720e-01 3.015303e-01 3.727845e-01 4.389977e-01 4.944202e-01 5.378999e-01 5.701155e-01 5.918438e-01 6.047613e-01 6.074472e-01 5.958398e-01 5.735399e-01 5.449001e-01 5.178931e-01 4.916985e-01 4.686223e-01 4.463311e-01 4.284959e-01 4.259708e-01 4.206254e-01 3.962310e-01 3.578031e-01 3.157747e-01 2.822059e-01 2.533775e-01 2.234275e-01 2.007813e-01 1.947158e-01 1.867623e-01 1.715059e-01 1.580570e-01 1.409495e-01 1.269948e-01 1.159321e-01 1.120204e-01 1.145496e-01 1.098819e-01 9.618573e-02 8.349490e-02 7.200335e-02 5.962974e-02 4.978908e-02 4.206380e-02 3.785963e-02 3.586962e-02 3.595779e-02 3.908361e-02 4.099310e-02 4.488567e-02 4.680322e-02 4.732053e-02 5.412287e-02 6.063826e-02 8.155689e-02 1.175330e-01 1.542711e-01 1.850672e-01 1.738628e-01 1.509241e-01 1.030768e-01 3.793987e-02 7.871506e-03 1.014214e-03 6.544706e-05 6.553664e-07 1.179523e-10 5.579945e-17 1.057521e-26 2.886100e-39 0.000000e+00 0.000000e+00 0.000000e+00 0.000000e+00 0.000000e+00 0.000000e+00 0.000000e+00
4.355074e-05 2.096830e-15 8.284756e-11 2.843178e-09 9.554528e-11 5.031440e-11 1.078279e-08 4.528516e-06 2.983983e-06 4.741217e-05 5.973964e-05 1.358463e-04 1.159071e-04 2.005403e-04 1.775575e-04 3.087280e-04 4.223961e-04 6.228585e-04 9.074633e-04 8.355217e-04 1.251983e-03 1.123504e-03 1.938648e-03 1.453544e-03 2.514191e-03 2.558657e-03 3.827297e-03 3.958772e-03 4.075365e-03 6.118390e-03 5.924918e-03 8.862925e-03 8.899974e-03 1.087436e-02 1.244741e-02 1.114461e-02 1.347739e-02 1.206700e-02 1.460748e-02 1.527129e-02 1.649747e-02 2.219450e-02 2.099723e-02 2.462911e-02 2.901534e-02 2.918559e-02 3.758701e-02 4.013396e-02 4.297350e-02 5.465437e-02 5.735897e-02 6.889720e-02 8.526400e-02 8.794799e-02 9.955461e-02 1.072106e-01 1.095093e-01 1.260601e-01 1.363582e-01 1.517907e-01 1.865133e-01 1.916158e-01 1.865065e-01 2.148215e-01 2.332885e-01 2.355660e-01 2.533791e-01 2.701772e-01 2.764672e-01 2.883576e-01 3.134219e-01 3.559832e-01 4.081912e-01 4.492251e-01 4.684224e-01 4.681964e-01 4.581514e-01 4.483573e-01 4.424632e-01 4.456004e-01 4.713134e-01 5.101938e-01 5.381112e-01 5.550355e-01 5.810718e-01 6.207978e-01 6.607373e-01 6.866308e-01 7.003829e-01 7.097753e-01 7.259094e-01 7.472630e-01 7.527021e-01 7.220477e-01 6.675566e-01 6.129835e-01 5.649624e-01 5.094963e-01 4.443978e-01 3.711816e-01 2.961186e-01 2.233072e-01 1.639577e-01 1.238844e-01 1.015344e-01 9.400233e-02 9.830699e-02 1.161194e-01 1.490387e-01 1.944063e-01 2.445496e-01 2.970948e-01 3.565538e-01 4.218618e-01 4.821737e-01 5.262917e-01 5.522572e-01 5.692449e-01 5.826001e-01 5.891567e-01 5.854811e-01 5.713061e-01 5.492156e-01 5.213637e-01 4.891493e-01 4.541650e-01 4.365807e-01 4.270774e-01 4.070823e-01 3.876271e-01 3.631881e-01 3.313786e-01 3.008210e-01 2.726041e-01 2.347200e-01 2.046426e-01 1.873400e-01 1.607203e-01 1.323035e-01 1.080287e-01 8.959822e-02 7.649827e-02 7.046738e-02 7.504643e-02 8.003585e-02 8.141415e-02 8.020514e-02 7.561520e-02 6.945331e-02 6.433871e-02 5.776262e-02 4.912626e-02 4.336870e-02 3.962611e-02 3.984559e-02 4.369061e-02 4.889885e-02 5.572588e-02 5.744172e-02 6.110766e-02 6.308901e-02 6.060335e-02 5.289850e-02 4.614148e-02 3.540533e-02 2.774943e-02 2.608743e-02 2.788030e-02 2.933070e-02 1.585724e-02 2.819479e-03 1.506348e-04 2.031426e-06 2.539740e-09 2.003371e-13 1.049530e-19 2.759646e-28 2.288552e-39 0.000000e+00 0.000000e+00 0.000000e+00 0.000000e+00 0.000000e+00 0.000000e+00 0.000000e+00
1.082807e-05 3.502122e-11 4.187113e-08 2.491331e-07 4.667565e-07 5.126934e-10 3.683715e-06 7.273256e-06 5.633918e-05 2.191203e-04 3.951714e-04 1.930692e-04 3.487529e-04 4.400463e-04 9.486642e-04 9.352403e-04 9.124756e-04 7.610398e-04 7.413053e-04 9.146162e-04 1.189954e-03 1.915334e-03 1.569834e-03 2.473964e-03 2.357684e-03 4.705604e-03 4.256011e-03 5.423337e-03 5.893608e-03 5.619486e-03 7.586966e-03 6.809279e-03 8.760278e-03 8.183580e-03 9.105775e-03 1.215468e-02 1.125253e-02 1.565071e-02 1.635152e-02 1.719251e-02 2.127052e-02 1.839979e-02 2.189204e-02 2.429130e-02 2.346415e-02 3.180855e-02 3.198614e-02 3.546613e-02 4.534893e-02 4.300492e-02 5.052497e-02 5.884443e-02 6.053314e-02 7.549872e-02 8.295695e-02 9.283503e-02 1.131914e-01 1.204474e-01 1.338917e-01 1.463814e-01 1.416238e-01 1.547780e-01 1.856321e-01 1.943591e-01 2.027194e-01 2.338840e-01 2.481888e-01 2.499285e-01 2.579497e-01 2.587851e-01 2.645502e-01 2.937010e-01 3.343031e-01 3.743572e-01 4.145118e-01 4.477470e-01 4.708914e-01 4.863133e-01 4.963320e-01 5.020601e-01 5.083148e-01 5.171494e-01 5.288662e-01 5.422479e-01 5.613644e-01 5.951810e-01 6.482742e-01 7.093647e-01 7.571217e-01 7.763022e-01 7.675477e-01 7.450836e-01 7.274845e-01 7.127317e-01 6.886267e-01 6.519210e-01 6.076235e-01 5.501974e-01 4.760544e-01 3.904211e-01 3.084558e-01 2.336018e-01 1.703575e-01 1.243394e-01 9.750956e-02 8.811889e-02 9.301446e-02 1.132830e-01 1.496023e-01 1.996047e-01 2.558004e-01 3.131868e-01 3.715365e-01 4.307829e-01 4.885054e-01 5.375195e-01 5.709223e-01 5.864376e-01 5.867714e-01 5.740184e-01 5.533906e-01 5.299671e-01 5.078152e-01 4.879313e-01 4.646498e-01 4.490074e-01 4.327464e-01 3.983420e-01 3.590131e-01 3.255038e-01 3.000000e-01 2.719909e-01 2.419413e-01 2.156793e-01 1.956303e-01 1.820082e-01 1.637759e-01 1.460917e-01 1.270117e-01 1.089381e-01 9.545802e-02 8.395796e-02 8.187184e-02 8.190498e-02 7.908370e-02 7.679114e-02 7.452405e-02 7.026576e-02 6.539532e-02 6.497204e-02 6.381252e-02 5.985929e-02 5.589647e-02 5.413760e-02 5.874396e-02 6.715757e-02 8.116984e-02 9.663035e-02 1.065994e-01 1.223434e-01 1.301240e-01 1.136979e-01 7.700202e-02 3.866388e-02 1.360431e-02 4.182746e-03 1.382805e-03 6.910756e-04 4.006637e-04 1.694107e-04 2.727717e-05 2.504438e-06 3.278344e-08 3.793934e-11 1.410523e-15 1.170267e-21 3.611768e-29 8.043603e-39 0.000000e+00 0.000000e+00 0.000000e+00 0.000000e+00 0.000000e+00 0.000000e+00 0.000000e+00
3.207596e-05 1.289004e-07 1.164616e-07 2.932442e-05 1.163065e-03 5.327442e-06 1.586288e-04 3.170231e-04 4.817886e-05 3.931243e-04 7.633099e-04 6.444312e-04 5.131037e-04 1.238647e-03 1.016934e-03 1.085878e-03 1.020008e-03 1.244306e-03 1.112202e-03 1.177052e-03 1.542810e-03 1.499725e-03 2.132583e-03 2.442926e-03 3.600718e-03 3.078027e-03 4.082151e-03 5.192037e-03 6.146096e-03 7.365388e-03 5.794220e-03 6.645757e-03 6.188564e-03 6.502478e-03 8.422910e-03 8.322174e-03 1.338050e-02 1.387000e-02 1.642757e-02 2.081137e-02 1.816999e-02 2.425360e-02 2.369145e-02 2.547791e-02 3.371383e-02 3.007758e-02 3.738742e-02 4.194298e-02 4.015798e-02 5.204122e-02 5.139865e-02 5.219777e-02 5.966709e-02 5.777449e-02 7.160853e-02 8.781120e-02 9.673893e-02 1.182028e-01 1.299303e-01 1.303854e-01 1.478609e-01 1.607837e-01 1.603401e-01 1.784912e-01 2.028503e-01 2.142354e-01 2.330371e-01 2.491503e-01 2.561379e-01 2.783342e-01 2.965958e-01 2.925830e-01 2.973441e-01 3.204422e-01 3.471858e-01 3.815624e-01 4.327094e-01 4.902629e-01 5.456204e-01 5.870738e-01 5.981119e-01 5.865353e-01 5.806862e-01 5.853845e-01 5.855183e-01 5.806981e-01 5.906163e-01 6.275756e-01 6.802275e-01 7.163547e-01 7.221361e-01 7.138748e-01 7.076572e-01 7.041258e-01 7.020856e-01 6.991862e-01 6.825517e-01 6.310228e-01 5.457405e-01 4.439358e-01 3.474568e-01 2.626559e-01 1.939744e-01 1.453272e-01 1.174384e-01 1.085589e-01 1.151541e-01 1.366774e-01 1.729203e-01 2.227635e-01 2.808849e-01 3.397155e-01 3.926481e-01 4.381576e-01 4.778842e-01 5.133591e-01 5.416083e-01 5.587473e-01 5.601646e-01 5.468503e-01 5.239654e-01 4.943835e-01 4.651125e-01 4.371640e-01 4.258962e-01 4.262865e-01 4.076584e-01 3.739248e-01 3.342218e-01 2.937857e-01 2.597053e-01 2.317592e-01 2.047908e-01 1.888076e-01 1.960734e-01 2.008069e-01 1.920251e-01 1.876428e-01 1.777631e-01 1.638503e-01 1.477183e-01 1.365314e-01 1.275926e-01 1.117785e-01 9.615275e-02 8.307983e-02 7.250174e-02 6.504205e-02 6.213294e-02 6.513502e-02 6.872493e-02 6.962298e-02 6.792572e-02 6.642099e-02 6.936383e-02 7.247131e-02 7.471552e-02 7.084832e-02 6.870700e-02 6.906537e-02 7.852079e-02 9.633835e-02 1.038277e-01 8.714465e-02 4.314350e-02 1.427845e-02 3.312901e-03 5.207778e-04 5.777349e-05 2.013396e-06 4.453320e-08 4.263158e-10 2.707782e-12 2.253238e-15 9.827969e-20 2.815341e-25 2.735955e-32 3.054620e-40 0.000000e+00 0.000000e+00 0.000000e+00 0.000000e+00 0.000000e+00 0.000000e+00 0.000000e+00
9.348493e-07 2.293402e-08 5.629235e-08 5.338764e-04 1.693617e-04 9.736892e-07 1.730980e-03 3.954510e-04 2.100582e-04 7.980365e-04 7.651977e-04 4.096932e-04 5.895438e-04 6.582323e-04 4.453821e-04 4.389393e-04 6.704095e-04 8.292681e-04 9.724666e-04 1.229556e-03 1.468693e-03 2.251153e-03 2.907153e-03 3.738714e-03 3.988451e-03 4.196386e-03 4.606505e-03 3.866035e-03 4.709023e-03 4.025720e-03 5.277983e-03 5.092777e-03 6.253414e-03 8.498870e-03 7.542945e-03 1.125639e-02 9.521661e-03 1.313399e-02 1.604321e-02 1.673803e-02 2.433573e-02 2.351007e-02 2.824885e-02 3.156640e-02 3.119794e-02 4.064057e-02 4.400659e-02 4.860488e-02 5.529113e-02 5.588208e-02 6.389523e-02 6.974011e-02 7.059830e-02 8.126305e-02 8.268247e-02 8.510523e-02 1.025561e-01 1.054199e-01 1.174086e-01 1.479355e-01 1.553927e-01 1.687011e-01 1.933481e-01 1.893916e-01 1.836033e-01 1.955272e-01 2.108775e-01 2.344793e-01 2.714132e-01 3.053974e-01 3.257986e-01 3.426863e-01 3.550552e-01 3.550566e-01 3.567477e-01 3.737497e-01 3.995308e-01 4.352076e-01 4.901464e-01 5.468653e-01 5.788856e-01 5.848243e-01 5.785049e-01 5.724770e-01 5.786789e-01 5.957662e-01 6.122136e-01 6.210080e-01 6.314012e-01 6.490312e-01 6.641005e-01 6.602693e-01 6.468576e-01 6.449201e-01 6.593292e-01 6.760234e-01 6.700385e-01 6.265791e-01 5.527951e-01 4.585221e-01 3.624708e-01 2.769713e-01 2.115349e-01 1.677362e-01 1.440185e-01 1.391525e-01 1.497997e-01 1.750401e-01 2.127134e-01 2.596512e-01 3.104559e-01 3.600334e-01 4.058335e-01 4.467095e-01 4.822483e-01 5.118151e-01 5.324141e-01 5.416086e-01 5.360300e-01 5.172251e-01 4.915745e-01 4.667514e-01 4.395660e-01 4.234518e-01 4.171362e-01 3.931746e-01 3.613961e-01 3.328443e-01 3.101356e-01 2.903861e-01 2.725806e-01 2.560003e-01 2.338117e-01 2.209704e-01 2.187520e-01 2.089304e-01 1.978410e-01 1.926935e-01 1.912543e-01 1.871769e-01 1.844163e-01 1.841753e-01 1.728873e-01 1.503896e-01 1.278523e-01 1.046167e-01 8.222213e-02 6.685026e-02 5.894052e-02 5.603328e-02 5.543048e-02 5.207641e-02 4.606612e-02 4.023641e-02 3.387591e-02 2.821576e-02 2.117661e-02 1.386524e-02 8.943414e-03 5.553783e-03 4.672070e-03 5.667463e-03 9.648178e-03 1.909748e-02 3.902480e-02 7.229114e-02 8.387187e-02 2.992728e-02 1.950931e-03 1.958692e-05 2.160990e-08 8.749946e-12 1.719651e-15 1.683627e-19 4.776529e-24 7.831537e-30 1.360896e-36 2.942727e-44 0.000000e+00 0.000000e+00 0.000000e+00 0.000000e+00 0.000000e+00 0.000000e+00 0.000000e+00
3.840103e-05 1.438220e-09 2.509869e-04 4.062082e-04 5.657751e-04 1.110508e-06 1.222051e-04 6.581744e-04 1.082642e-03 2.524258e-04 2.354608e-04 3.214501e-04 2.338676e-04 3.948274e-04 6.304670e-04 5.914707e-04 5.617166e-04 6.730479e-04 1.140683e-03 1.017209e-03 1.493081e-03 1.401637e-03 2.328614e-03 2.411942e-03 3.265064e-03 4.501812e-03 4.164570e-03 5.452675e-03 3.630608e-03 5.220601e-03 4.900207e-03 6.731807e-03 7.784138e-03 8.156152e-03 1.114451e-02 1.040691e-02 1.275850e-02 1.323687e-02 1.295330e-02 1.750465e-02 1.901926e-02 2.138983e-02 2.808218e-02 2.477061e-02 2.965205e-02 3.629215e-02 3.753760e-02 5.152694e-02 5.234762e-02 5.805559e-02 7.100372e-02 7.382736e-02 8.641348e-02 9.269325e-02 9.423272e-02 1.038894e-01 9.942570e-02 1.014380e-01 1.204266e-01 1.318927e-01 1.510241e-01 1.779055e-01 1.865560e-01 1.987782e-01 2.132314e-01 2.028795e-01 1.978175e-01 2.154175e-01 2.307030e-01 2.433335e-01 2.776064e-01 3.159131e-01 3.285955e-01 3.408420e-01 3.655248e-01 3.793120e-01 3.853998e-01 4.003875e-01 4.177748e-01 4.341014e-01 4.627343e-01 4.980677e-01 5.253522e-01 5.534654e-01 5.935985e-01 6.332884e-01 6.472138e-01 6.302264e-01 6.083101e-01 5.966497e-01 5.911784e-01 5.838428e-01 5.761490e-01 5.687131e-01 5.579226e-01 5.427383e-01 5.253657e-01 5.034015e-01 4.722807e-01 4.244620e-01 3.630147e-01 2.950476e-01 2.376210e-01 1.999621e-01 1.827181e-01 1.832413e-01 1.979087e-01 2.267430e-01 2.674414e-01 3.166349e-01 3.678208e-01 4.151475e-01 4.549233e-01 4.837366e-01 5.000585e-01 5.053385e-01 5.008968e-01 4.892803e-01 4.713283e-01 4.485131e-01 4.271270e-01 4.071866e-01 4.008087e-01 4.116191e-01 4.090494e-01 3.909770e-01 3.656927e-01 3.352132e-01 3.084313e-01 2.864505e-01 2.693273e-01 2.634749e-01 2.664836e-01 2.641690e-01 2.558616e-01 2.458689e-01 2.255092e-01 2.025748e-01 1.858639e-01 1.723827e-01 1.695703e-01 1.706498e-01 1.628318e-01 1.533991e-01 1.409849e-01 1.230229e-01 1.012125e-01 8.167249e-02 6.905030e-02 6.028498e-02 5.361593e-02 4.849117e-02 4.189327e-02 3.294577e-02 2.411285e-02 1.582207e-02 8.350660e-03 3.780383e-03 1.311833e-03 4.677130e-04 2.055434e-04 1.254144e-04 1.270803e-04 1.801899e-04 4.292659e-04 1.460855e-03 4.380087e-03 5.133928e-03 9.826038e-04 1.701413e-05 1.475100e-08 9.361274e-13 1.045790e-17 5.175460e-23 9.847049e-29 3.413739e-35 1.055178e-42 0.000000e+00 0.000000e+00 0.000000e+00 0.000000e+00 0.000000e+00 0.000000e+00 0.000000e+00 0.000000e+00
1.210982e-06 1.685062e-09 7.487996e-08 8.968529e-05 2.402168e-04 1.067535e-07 3.272585e-05 1.078369e-04 1.251218e-04 2.291354e-04 4.868244e-04 4.063307e-04 3.209264e-04 3.585086e-04 2.392461e-04 2.342326e-04 4.116535e-04 8.378073e-04 7.663667e-04 1.467333e-03 1.717427e-03 2.271340e-03 1.845071e-03 2.233515e-03 2.205899e-03 2.397728e-03 3.216485e-03 3.538639e-03 5.966071e-03 6.253107e-03 8.086388e-03 8.814172e-03 9.744175e-03 1.144914e-02 1.127410e-02 1.326223e-02 1.473345e-02 1.375125e-02 1.806570e-02 1.560547e-02 1.746394e-02 2.243462e-02 1.869479e-02 3.029904e-02 2.933991e-02 3.023574e-02 3.760189e-02 2.977113e-02 4.327258e-02 5.009111e-02 4.879821e-02 6.610160e-02 6.997402e-02 7.190127e-02 9.265158e-02 9.422751e-02 1.002304e-01 1.176455e-01 1.132148e-01 1.168696e-01 1.318122e-01 1.336098e-01 1.529179e-01 1.814691e-01 1.903057e-01 2.068535e-01 2.179795e-01 2.110276e-01 2.163022e-01 2.285636e-01 2.341384e-01 2.489921e-01 2.723977e-01 2.979403e-01 3.344340e-01 3.683676e-01 3.798156e-01 3.841402e-01 3.927955e-01 3.943480e-01 3.976378e-01 4.194976e-01 4.499580e-01 4.789007e-01 5.159000e-01 5.565442e-01 5.690436e-01 5.456995e-01 5.206529e-01 5.186381e-01 5.377114e-01 5.633871e-01 5.863517e-01 5.936040e-01 5.715136e-01 5.303560e-01 4.928912e-01 4.639805e-01 4.360252e-01 4.017030e-01 3.622429e-01 3.180546e-01 2.769678e-01 2.472111e-01 2.340332e-01 2.375548e-01 2.549039e-01 2.868462e-01 3.299398e-01 3.796809e-01 4.288983e-01 4.685983e-01 4.951371e-01 5.054533e-01 4.993776e-01 4.812581e-01 4.568706e-01 4.342247e-01 4.145005e-01 3.989355e-01 3.823023e-01 3.741852e-01 3.812561e-01 3.773790e-01 3.662782e-01 3.557593e-01 3.412372e-01 3.204628e-01 2.944637e-01 2.665159e-01 2.394651e-01 2.251363e-01 2.193720e-01 2.079321e-01 1.963187e-01 1.896714e-01 1.803502e-01 1.647574e-01 1.493369e-01 1.413248e-01 1.393174e-01 1.374977e-01 1.367930e-01 1.399944e-01 1.439645e-01 1.423400e-01 1.297804e-01 1.119315e-01 9.087169e-02 7.004484e-02 5.453109e-02 4.447285e-02 3.729954e-02 3.213016e-02 2.658973e-02 2.041554e-02 1.387258e-02 6.719649e-03 2.311720e-03 5.984101e-04 1.340921e-04 3.173571e-05 7.684773e-06 3.030421e-06 1.895062e-06 1.995393e-06 2.580476e-06 1.878336e-06 5.407863e-07 1.981180e-08 6.730393e-11 8.772481e-15 8.999729e-20 7.338328e-26 1.442457e-32 7.529779e-40 0.000000e+00 0.000000e+00 0.000000e+00 0.000000e+00 0.000000e+00 0.000000e+00 0.000000e+00 0.000000e+00 0.000000e+00
1.064178e-05 9.736413e-08 5.763677e-07 1.582818e-06 1.124924e-05 1.391803e-07 2.953972e-05 3.528818e-05 2.377614e-04 4.228451e-04 5.601574e-04 9.312549e-04 6.298450e-04 3.215481e-04 2.511027e-04 2.371903e-04 4.457890e-04 4.535282e-04 7.147071e-04 8.860446e-04 1.146506e-03 1.057722e-03 1.277044e-03 1.573691e-03 1.778653e-03 2.870717e-03 3.062673e-03 3.812513e-03 4.003557e-03 5.740519e-03 7.369726e-03 8.099622e-03 9.965591e-03 8.523871e-03 1.109472e-02 1.178876e-02 1.317504e-02 1.559066e-02 1.537564e-02 1.875619e-02 1.966244e-02 2.161356e-02 2.578912e-02 2.665477e-02 3.136806e-02 3.255581e-02 3.441457e-02 3.977174e-02 3.871306e-02 4.312721e-02 5.203824e-02 4.987630e-02 5.835555e-02 7.293364e-02 7.441295e-02 8.516020e-02 1.003893e-01 1.066896e-01 1.149869e-01 1.178601e-01 1.177507e-01 1.260672e-01 1.311738e-01 1.432929e-01 1.775832e-01 2.054814e-01 2.178802e-01 2.337389e-01 2.371533e-01 2.365606e-01 2.460948e-01 2.482020e-01 2.508198e-01 2.717060e-01 2.834254e-01 2.920876e-01 3.289294e-01 3.543279e-01 3.405226e-01 3.373597e-01 3.606845e-01 3.829532e-01 4.045466e-01 4.396410e-01 4.643986e-01 4.679891e-01 4.798855e-01 5.007976e-01 5.022464e-01 4.923783e-01 5.060862e-01 5.452100e-01 5.811794e-01 5.957712e-01 5.893986e-01 5.612130e-01 5.209212e-01 4.870299e-01 4.654814e-01 4.422926e-01 4.119858e-01 3.791107e-01 3.515542e-01 3.267165e-01 3.034093e-01 2.904271e-01 2.935368e-01 3.149467e-01 3.484268e-01 3.892314e-01 4.318517e-01 4.663507e-01 4.851517e-01 4.833046e-01 4.648055e-01 4.356724e-01 4.014521e-01 3.685191e-01 3.427206e-01 3.217069e-01 3.124270e-01 3.166949e-01 3.094797e-01 2.934031e-01 2.818726e-01 2.754809e-01 2.718927e-01 2.686877e-01 2.603512e-01 2.436966e-01 2.257485e-01 2.073600e-01 1.914693e-01 1.765974e-01 1.627006e-01 1.561053e-01 1.517967e-01 1.446613e-01 1.371634e-01 1.328219e-01 1.243477e-01 1.110365e-01 1.018169e-01 9.658968e-02 9.770703e-02 1.062457e-01 1.211144e-01 1.323850e-01 1.296766e-01 1.135632e-01 9.090486e-02 6.938457e-02 5.131133e-02 3.506960e-02 2.444256e-02 1.731879e-02 1.156320e-02 7.081405e-03 2.897524e-03 8.947178e-04 1.849601e-04 2.223684e-05 1.985165e-06 1.703762e-07 1.491096e-08 1.839260e-09 2.133705e-10 2.510989e-11 9.209228e-13 9.784481e-15 1.177761e-17 1.667011e-21 1.503064e-26 5.056989e-33 1.207121e-40 0.000000e+00 0.000000e+00 0.000000e+00 0.000000e+00 0.000000e+00 0.000000e+00 0.000000e+00 0.000000e+00 0.000000e+00 0.000000e+00
6.500604e-12 2.282997e-08 1.313696e-07 1.027129e-07 6.844801e-06 1.997956e-05 6.873861e-04 9.575918e-05 3.533071e-04 6.297408e-04 3.432299e-04 2.454727e-04 1.250162e-04 4.214776e-04 5.707795e-04 7.410094e-04 4.097113e-04 6.001109e-04 3.003724e-04 4.819027e-04 4.625757e-04 1.170344e-03 1.730997e-03 2.142902e-03 2.336639e-03 2.179884e-03 2.989952e-03 2.740688e-03 3.970012e-03 3.735234e-03 5.150782e-03 5.396616e-03 5.761666e-03 7.181526e-03 7.386554e-03 9.561899e-03 1.042937e-02 1.501470e-02 1.556162e-02 1.993151e-02 2.008022e-02 2.099656e-02 2.601800e-02 2.403372e-02 2.954609e-02 3.309419e-02 3.598368e-02 4.338416e-02 4.272112e-02 4.297470e-02 4.668811e-02 5.152911e-02 5.744024e-02 6.130998e-02 6.738958e-02 7.950289e-02 8.706946e-02 8.941824e-02 1.033539e-01 1.130365e-01 1.094538e-01 1.197841e-01 1.319836e-01 1.319450e-01 1.383985e-01 1.638874e-01 1.929617e-01 2.087868e-01 2.278430e-01 2.505140e-01 2.578475e-01 2.658673e-01 2.888626e-01 3.021091e-01 2.973868e-01 2.951417e-01 2.921692e-01 2.900060e-01 3.040378e-01 3.254112e-01 3.405038e-01 3.591991e-01 3.850755e-01 4.128834e-01 4.444152e-01 4.719950e-01 4.837256e-01 4.922037e-01 5.098146e-01 5.273647e-01 5.395790e-01 5.509220e-01 5.602985e-01 5.634991e-01 5.659117e-01 5.700933e-01 5.628598e-01 5.330587e-01 4.957354e-01 4.673608e-01 4.474922e-01 4.210113e-01 3.882720e-01 3.555750e-01 3.277877e-01 3.089631e-01 2.995849e-01 3.032861e-01 3.190185e-01 3.441077e-01 3.736433e-01 4.022377e-01 4.248585e-01 4.348741e-01 4.281018e-01 4.082206e-01 3.816615e-01 3.566432e-01 3.320495e-01 3.186331e-01 3.192072e-01 3.095706e-01 2.898406e-01 2.724811e-01 2.596720e-01 2.517152e-01 2.479708e-01 2.489090e-01 2.517191e-01 2.614368e-01 2.703625e-01 2.681076e-01 2.595876e-01 2.418437e-01 2.111690e-01 1.817891e-01 1.599154e-01 1.440069e-01 1.401151e-01 1.424185e-01 1.385733e-01 1.314114e-01 1.215596e-01 1.070111e-01 8.922932e-02 7.854751e-02 7.561689e-02 7.078211e-02 6.426416e-02 5.519446e-02 4.615704e-02 3.745640e-02 2.908401e-02 2.191686e-02 1.612663e-02 1.193012e-02 8.811882e-03 5.324120e-03 2.712546e-03 1.147342e-03 3.388211e-04 6.272326e-05 7.088468e-06 5.288419e-07 2.053016e-08 6.370391e-10 1.436960e-11 1.879156e-13 1.048561e-15 1.223599e-18 1.536864e-22 2.489533e-27 6.187791e-33 5.304027e-40 0.000000e+00 0.000000e+00 0.000000e+00 0.000000e+00 0.000000e+00 0.000000e+00 0.000000e+00 0.000000e+00 0.000000e+00 0.000000e+00 0.000000e+00
1.351844e-08 2.164481e-11 4.316255e-08 3.679578e-07 1.136420e-06 2.680738e-06 3.409382e-04 2.861039e-04 3.272154e-04 1.703361e-04 1.497851e-04 4.298694e-04 1.044783e-03 4.240511e-04 7.035795e-04 2.278189e-04 7.585511e-04 4.835335e-04 1.118782e-03 6.193843e-04 1.650993e-03 1.077866e-03 2.216519e-03 1.823063e-03 2.000246e-03 1.594851e-03 1.249043e-03 1.847153e-03 1.248944e-03 2.574305e-03 2.021379e-03 3.850000e-03 4.852416e-03 7.224302e-03 7.939470e-03 8.366860e-03 1.079890e-02 9.880090e-03 1.457308e-02 1.241107e-02 1.599800e-02 1.812345e-02 1.731099e-02 2.702593e-02 2.631051e-02 3.299404e-02 3.872519e-02 3.354963e-02 4.438351e-02 4.713682e-02 4.693297e-02 5.881122e-02 5.608340e-02 5.770592e-02 6.501210e-02 5.992135e-02 6.735216e-02 7.784766e-02 6.955276e-02 8.072462e-02 9.766655e-02 9.015932e-02 1.036893e-01 1.286763e-01 1.276927e-01 1.397933e-01 1.573670e-01 1.613829e-01 1.803822e-01 2.094976e-01 2.285227e-01 2.587784e-01 2.868378e-01 2.840418e-01 2.856385e-01 2.985362e-01 2.900210e-01 2.794059e-01 2.950719e-01 3.208712e-01 3.394487e-01 3.671541e-01 4.074672e-01 4.378565e-01 4.553717e-01 4.727015e-01 4.890198e-01 5.006239e-01 5.176483e-01 5.394147e-01 5.529673e-01 5.535703e-01 5.522045e-01 5.530638e-01 5.488233e-01 5.375398e-01 5.275989e-01 5.227948e-01 5.165477e-01 5.011030e-01 4.822815e-01 4.555561e-01 4.204786e-01 3.818600e-01 3.486174e-01 3.296238e-01 3.232341e-01 3.270709e-01 3.341222e-01 3.425529e-01 3.539294e-01 3.690701e-01 3.877986e-01 4.031428e-01 4.108946e-01 4.074686e-01 3.936363e-01 3.700167e-01 3.480143e-01 3.407740e-01 3.271143e-01 3.068509e-01 2.909035e-01 2.771581e-01 2.663152e-01 2.569292e-01 2.528522e-01 2.511910e-01 2.608760e-01 2.757611e-01 2.809158e-01 2.807557e-01 2.767969e-01 2.702173e-01 2.513766e-01 2.208999e-01 1.937648e-01 1.762085e-01 1.667860e-01 1.568211e-01 1.472710e-01 1.382949e-01 1.264115e-01 1.101837e-01 8.951922e-02 7.342803e-02 6.245439e-02 5.323357e-02 4.422450e-02 3.831438e-02 3.260539e-02 2.699575e-02 2.377059e-02 2.085214e-02 2.035547e-02 2.126581e-02 2.311845e-02 2.320396e-02 1.964243e-02 1.291511e-02 5.728832e-03 1.315699e-03 2.322507e-04 1.468346e-05 4.344401e-07 5.660420e-09 3.595457e-11 1.025966e-13 1.084952e-16 3.035211e-20 6.529134e-25 1.859393e-30 1.101730e-36 2.942727e-44 0.000000e+00 0.000000e+00 0.000000e+00 0.000000e+00 0.000000e+00 0.000000e+00 0.000000e+00 0.000000e+00 0.000000e+00 0.000000e+00 0.000000e+00
1.033296e-05 3.069164e-08 9.924839e-09 1.820945e-07 3.719011e-06 8.913065e-07 1.045187e-06 3.349850e-06 6.306505e-05 1.094292e-04 5.895046e-05 4.095313e-04 2.052226e-04 3.527317e-04 2.517256e-04 9.495732e-04 6.614298e-04 1.690690e-03 1.017733e-03 2.061311e-03 9.662171e-04 1.073960e-03 4.359469e-04 6.750950e-04 4.075858e-04 1.074831e-03 2.040174e-03 2.519037e-03 2.892381e-03 2.566534e-03 3.977281e-03 4.035779e-03 5.650112e-03 6.081522e-03 8.187520e-03 9.521802e-03 9.522525e-03 1.071656e-02 9.548227e-03 1.313269e-02 1.429850e-02 1.760069e-02 2.165760e-02 1.809734e-02 2.600870e-02 2.397732e-02 2.751861e-02 3.785907e-02 3.322624e-02 4.551262e-02 5.297067e-02 4.897722e-02 6.381502e-02 6.416568e-02 6.332558e-02 7.616948e-02 6.942627e-02 7.563987e-02 8.758346e-02 8.001425e-02 8.910997e-02 1.087087e-01 1.074039e-01 1.178151e-01 1.389574e-01 1.344901e-01 1.350503e-01 1.547168e-01 1.639847e-01 1.651369e-01 1.848241e-01 2.060319e-01 2.176652e-01 2.345055e-01 2.565813e-01 2.720989e-01 2.823448e-01 2.928453e-01 3.050455e-01 3.251959e-01 3.487671e-01 3.620069e-01 3.709975e-01 3.865249e-01 4.060069e-01 4.288428e-01 4.605141e-01 4.979565e-01 5.257403e-01 5.314719e-01 5.218138e-01 5.067553e-01 4.912370e-01 4.773045e-01 4.689395e-01 4.684893e-01 4.688558e-01 4.666164e-01 4.656668e-01 4.655862e-01 4.594901e-01 4.350454e-01 4.003875e-01 3.668658e-01 3.421583e-01 3.304802e-01 3.280633e-01 3.326754e-01 3.369080e-01 3.398958e-01 3.432567e-01 3.494461e-01 3.602380e-01 3.736158e-01 3.859184e-01 3.931372e-01 3.928825e-01 3.920735e-01 4.026223e-01 4.010572e-01 3.816355e-01 3.585135e-01 3.341152e-01 3.103985e-01 2.881109e-01 2.691050e-01 2.515213e-01 2.458312e-01 2.504929e-01 2.469273e-01 2.398903e-01 2.363381e-01 2.323113e-01 2.322848e-01 2.312600e-01 2.164170e-01 2.006505e-01 1.913644e-01 1.738365e-01 1.555819e-01 1.434379e-01 1.373566e-01 1.348827e-01 1.265702e-01 1.122447e-01 8.963659e-02 6.578358e-02 4.708578e-02 3.189754e-02 2.305837e-02 1.722787e-02 1.301931e-02 1.031322e-02 8.682713e-03 7.326033e-03 6.496990e-03 6.511250e-03 7.344197e-03 9.879329e-03 1.073841e-02 8.556752e-03 4.571054e-03 1.060758e-03 8.705029e-05 2.803645e-06 2.580800e-08 1.112718e-10 9.155946e-14 3.982610e-17 4.029196e-21 5.146377e-26 4.130828e-32 7.070453e-39 0.000000e+00 0.000000e+00 0.000000e+00 0.000000e+00 0.000000e+00 0.000000e+00 0.000000e+00 0.000000e+00 0.000000e+00 0.000000e+00 0.000000e+00 0.000000e+00
1.960889e-07 1.326954e-07 1.180271e-06 1.170390e-06 1.145947e-06 2.138109e-08 3.296720e-07 6.933030e-07 1.108814e-05 2.665304e-05 1.122767e-04 1.048478e-04 2.784924e-04 1.956925e-04 7.346299e-04 9.508732e-04 1.783630e-03 1.250831e-03 8.230705e-04 7.728175e-04 1.355921e-03 1.982443e-03 1.628557e-03 1.829262e-03 2.372170e-03 3.045958e-03 4.371776e-03 3.939862e-03 4.752552e-03 4.352329e-03 5.280802e-03 5.202963e-03 4.887167e-03 6.103701e-03 5.712044e-03 7.374694e-03 6.999331e-03 7.769054e-03 1.036779e-02 1.016711e-02 1.447521e-02 1.387961e-02 1.600327e-02 2.028679e-02 1.699266e-02 2.206210e-02 2.050903e-02 2.186403e-02 3.632628e-02 3.498823e-02 4.158854e-02 5.209328e-02 5.106140e-02 6.224929e-02 7.277112e-02 7.276779e-02 7.857657e-02 8.105649e-02 8.248278e-02 9.367033e-02 1.009129e-01 1.024863e-01 1.102438e-01 1.179966e-01 1.158200e-01 1.216985e-01 1.387303e-01 1.419195e-01 1.499392e-01 1.712503e-01 1.833210e-01 1.778213e-01 1.786638e-01 1.947094e-01 2.125188e-01 2.289471e-01 2.569492e-01 2.925357e-01 3.130935e-01 3.147156e-01 3.180642e-01 3.313887e-01 3.438498e-01 3.498129e-01 3.614583e-01 3.868016e-01 4.162965e-01 4.344865e-01 4.389304e-01 4.364420e-01 4.380840e-01 4.498826e-01 4.697818e-01 4.825529e-01 4.759978e-01 4.591979e-01 4.516560e-01 4.601327e-01 4.750002e-01 4.794135e-01 4.684535e-01 4.448400e-01 4.186188e-01 3.955163e-01 3.789624e-01 3.680460e-01 3.585307e-01 3.539197e-01 3.545852e-01 3.601670e-01 3.647989e-01 3.632839e-01 3.594299e-01 3.587833e-01 3.653465e-01 3.748851e-01 3.874766e-01 4.090244e-01 4.222535e-01 4.181365e-01 4.104398e-01 3.974810e-01 3.787914e-01 3.506496e-01 3.193176e-01 2.816546e-01 2.525496e-01 2.416381e-01 2.296021e-01 2.197789e-01 2.137848e-01 2.086810e-01 1.997866e-01 1.934231e-01 1.927743e-01 1.910961e-01 1.949564e-01 1.959290e-01 1.782250e-01 1.514771e-01 1.208089e-01 9.208035e-02 7.283393e-02 6.145250e-02 5.417816e-02 4.690854e-02 3.989656e-02 3.446177e-02 2.971859e-02 2.461319e-02 2.066449e-02 1.781294e-02 1.469566e-02 1.126365e-02 7.016379e-03 3.802923e-03 1.992233e-03 1.321587e-03 1.080334e-03 1.042838e-03 1.383201e-03 2.259565e-03 2.116445e-03 7.220255e-04 4.532568e-05 5.764234e-07 1.031094e-09 2.836373e-13 1.423100e-17 2.744864e-22 6.160483e-28 2.064541e-34 5.752330e-42 0.000000e+00 0.000000e+00 0.000000e+00 0.000000e+00 0.000000e+00 0.000000e+00 0.000000e+00 0.000000e+00 0.000000e+00 0.000000e+00 0.000000e+00 0.000000e+00
7.003247e-06 3.745083e-10 2.447079e-06 1.617733e-06 3.803957e-05 3.688900e-06 1.894795e-06 9.115098e-06 1.720049e-05 2.848734e-05 2.675050e-05 2.614477e-04 2.857668e-04 4.703640e-04 6.105395e-04 1.015088e-03 7.668259e-04 6.403363e-04 2.424299e-03 1.604894e-03 3.012201e-03 1.192122e-03 4.123310e-03 2.529896e-03 3.734255e-03 2.820477e-03 2.612968e-03 3.931487e-03 2.445936e-03 5.474602e-03 3.126970e-03 4.121446e-03 4.011774e-03 3.271968e-03 5.114911e-03 3.124808e-03 6.010184e-03 6.452301e-03 7.478822e-03 1.210862e-02 9.419827e-03 1.462214e-02 1.552703e-02 1.559238e-02 2.392550e-02 1.990052e-02 2.512665e-02 3.057787e-02 2.908828e-02 3.676314e-02 4.045636e-02 4.135828e-02 5.084210e-02 5.569068e-02 5.607592e-02 6.661541e-02 7.535030e-02 7.875484e-02 9.084141e-02 9.961375e-02 1.006836e-01 1.110702e-01 1.147927e-01 1.114314e-01 1.222168e-01 1.281246e-01 1.298450e-01 1.458218e-01 1.598756e-01 1.559270e-01 1.553805e-01 1.655401e-01 1.719757e-01 1.782151e-01 1.966263e-01 2.218237e-01 2.443926e-01 2.691436e-01 2.968233e-01 3.190942e-01 3.319775e-01 3.428976e-01 3.618339e-01 3.823362e-01 3.856946e-01 3.650458e-01 3.396785e-01 3.301452e-01 3.435827e-01 3.747573e-01 4.153500e-01 4.505439e-01 4.665169e-01 4.636154e-01 4.542476e-01 4.447072e-01 4.404846e-01 4.470640e-01 4.616297e-01 4.651099e-01 4.533243e-01 4.358592e-01 4.253465e-01 4.172257e-01 4.048335e-01 3.895421e-01 3.753242e-01 3.686307e-01 3.682171e-01 3.728832e-01 3.769771e-01 3.758653e-01 3.715640e-01 3.673165e-01 3.674074e-01 3.778094e-01 3.962890e-01 4.056987e-01 3.948271e-01 3.764837e-01 3.560253e-01 3.404187e-01 3.273474e-01 3.175233e-01 3.044076e-01 2.911617e-01 2.843663e-01 2.638412e-01 2.336662e-01 2.085409e-01 1.888551e-01 1.732644e-01 1.597334e-01 1.490572e-01 1.428105e-01 1.413676e-01 1.379119e-01 1.319598e-01 1.243247e-01 1.113590e-01 9.545954e-02 7.649868e-02 6.009443e-02 4.920753e-02 4.066499e-02 3.383905e-02 2.922253e-02 2.730778e-02 2.625408e-02 2.321650e-02 2.058429e-02 1.953813e-02 1.907805e-02 1.718414e-02 1.163047e-02 5.604377e-03 1.934524e-03 5.910571e-04 1.594441e-04 4.956481e-05 2.385885e-05 2.142013e-05 3.048506e-05 4.008338e-05 1.589026e-05 1.241776e-06 1.180405e-08 6.861512e-12 2.217800e-16 9.251818e-22 4.385805e-28 2.608257e-35 2.788584e-43 0.000000e+00 0.000000e+00 0.000000e+00 0.000000e+00 0.000000e+00 0.000000e+00 0.000000e+00 0.000000e+00 0.000000e+00 0.000000e+00 0.000000e+00 0.000000e+00
7.871009e-12 5.645712e-11 7.763002e-08 4.193184e-07 1.536294e-06 1.977583e-05 2.354651e-05 3.187785e-06 3.704269e-05 1.811887e-05 2.720436e-05 6.764198e-05 4.650714e-04 3.882164e-04 5.466376e-04 1.082987e-03 1.214987e-03 2.636564e-03 1.002479e-03 2.125866e-03 7.256561e-04 2.527552e-03 6.467346e-04 2.455978e-03 1.248297e-03 2.059572e-03 2.379084e-03 1.626874e-03 3.312814e-03 9.338100e-04 2.618405e-03 1.464990e-03 2.430303e-03 3.488949e-03 2.457989e-03 6.122925e-03 4.287826e-03 7.580144e-03 8.924165e-03 7.643786e-03 1.407554e-02 1.135724e-02 1.537679e-02 1.927414e-02 1.796282e-02 2.483894e-02 2.557853e-02 2.683610e-02 3.059033e-02 3.077025e-02 3.407087e-02 3.821666e-02 3.940519e-02 4.297221e-02 4.902189e-02 5.372904e-02 6.108245e-02 7.314755e-02 7.973717e-02 8.313370e-02 9.347065e-02 1.009167e-01 1.039931e-01 1.172475e-01 1.329091e-01 1.401455e-01 1.487270e-01 1.515599e-01 1.492483e-01 1.559711e-01 1.585759e-01 1.599856e-01 1.810308e-01 2.056215e-01 2.108410e-01 2.211477e-01 2.449908e-01 2.603250e-01 2.717683e-01 2.964827e-01 3.237356e-01 3.412068e-01 3.558089e-01 3.671327e-01 3.700756e-01 3.627906e-01 3.470181e-01 3.273096e-01 3.195833e-01 3.307246e-01 3.530394e-01 3.739167e-01 3.877726e-01 3.916144e-01 3.872527e-01 3.863373e-01 3.971186e-01 4.135119e-01 4.249986e-01 4.270015e-01 4.270177e-01 4.225717e-01 4.150388e-01 4.038240e-01 3.924595e-01 3.853036e-01 3.810074e-01 3.820106e-01 3.861751e-01 3.890485e-01 3.869608e-01 3.827372e-01 3.792597e-01 3.776481e-01 3.834444e-01 3.950732e-01 3.966354e-01 3.859138e-01 3.702309e-01 3.493018e-01 3.274043e-01 3.063474e-01 2.899460e-01 2.779245e-01 2.732216e-01 2.835699e-01 2.914768e-01 2.850907e-01 2.697283e-01 2.438854e-01 2.101711e-01 1.728294e-01 1.391181e-01 1.111171e-01 9.391526e-02 8.568115e-02 7.781936e-02 7.152823e-02 6.737830e-02 6.364396e-02 5.957652e-02 5.458828e-02 5.180834e-02 5.040360e-02 4.772180e-02 4.456275e-02 4.140696e-02 4.036134e-02 4.093580e-02 3.891675e-02 3.676077e-02 3.511721e-02 3.498647e-02 3.862953e-02 3.899503e-02 3.527867e-02 2.359494e-02 9.222889e-03 2.279224e-03 3.902210e-04 5.287672e-05 7.180504e-06 1.172134e-06 2.164756e-07 2.456538e-08 1.836197e-09 6.404411e-11 3.350041e-13 1.892418e-16 6.553818e-21 2.495687e-26 6.135207e-33 1.984323e-40 0.000000e+00 0.000000e+00 0.000000e+00 0.000000e+00 0.000000e+00 0.000000e+00 0.000000e+00 0.000000e+00 0.000000e+00 0.000000e+00 0.000000e+00 0.000000e+00
2.595126e-06 1.874196e-13 1.570561e-09 6.012573e-11 6.175584e-09 6.287248e-05 2.367458e-04 5.667031e-06 7.325887e-06 3.625359e-05 7.317326e-05 1.358655e-04 4.489814e-04 5.129407e-04 5.890940e-04 7.947817e-04 1.405897e-03 6.804883e-04 1.108020e-03 4.447740e-04 1.066681e-03 3.168228e-04 1.252311e-03 5.431005e-04 1.652193e-03 1.065069e-03 1.535078e-03 2.168220e-03 1.416021e-03 3.623572e-03 1.990019e-03 4.513483e-03 3.346493e-03 3.980383e-03 6.633013e-03 5.582319e-03 1.080445e-02 8.455256e-03 1.101464e-02 1.315313e-02 1.061146e-02 1.440364e-02 1.406773e-02 1.666874e-02 1.942007e-02 2.097110e-02 2.473108e-02 2.746528e-02 3.133935e-02 3.057755e-02 3.075281e-02 3.426511e-02 3.471286e-02 3.928921e-02 4.476564e-02 4.939529e-02 6.161202e-02 6.444526e-02 6.721614e-02 8.204367e-02 8.142938e-02 8.506507e-02 1.093936e-01 1.187012e-01 1.214763e-01 1.386475e-01 1.454118e-01 1.445690e-01 1.557133e-01 1.684155e-01 1.812693e-01 1.976558e-01 2.064456e-01 2.169137e-01 2.355137e-01 2.462733e-01 2.506556e-01 2.633266e-01 2.751823e-01 2.836271e-01 2.995684e-01 3.131837e-01 3.159949e-01 3.225199e-01 3.402168e-01 3.599469e-01 3.754269e-01 3.810114e-01 3.683036e-01 3.393513e-01 3.122009e-01 2.980629e-01 2.989549e-01 3.155437e-01 3.473659e-01 3.850783e-01 4.099635e-01 4.128487e-01 3.978750e-01 3.761048e-01 3.616274e-01 3.530382e-01 3.481961e-01 3.409411e-01 3.315410e-01 3.260275e-01 3.223388e-01 3.242357e-01 3.298099e-01 3.393571e-01 3.509083e-01 3.579656e-01 3.600503e-01 3.601031e-01 3.603585e-01 3.539581e-01 3.450839e-01 3.407101e-01 3.374454e-01 3.318868e-01 3.210972e-01 3.067499e-01 2.907757e-01 2.761728e-01 2.693537e-01 2.601592e-01 2.455145e-01 2.333616e-01 2.232482e-01 2.105759e-01 1.931757e-01 1.703864e-01 1.441668e-01 1.189497e-01 9.971064e-02 8.643381e-02 7.720141e-02 7.030105e-02 6.692845e-02 6.652121e-02 6.754115e-02 7.132646e-02 7.555962e-02 8.252195e-02 9.023654e-02 9.541801e-02 9.579003e-02 8.670115e-02 7.646417e-02 6.812327e-02 5.905849e-02 5.067545e-02 4.531093e-02 4.260779e-02 4.493453e-02 4.873350e-02 5.270818e-02 4.636706e-02 2.703932e-02 8.542405e-03 1.192414e-03 9.576276e-05 5.211736e-06 1.250127e-07 1.825641e-09 1.448131e-11 8.441322e-14 2.564978e-16 3.063275e-19 1.459428e-22 1.130883e-26 1.119974e-31 1.999477e-37 1.055178e-42 0.000000e+00 0.000000e+00 0.000000e+00 0.000000e+00 0.000000e+00 0.000000e+00 0.000000e+00 0.000000e+00 0.000000e+00 0.000000e+00 0.000000e+00
1.992925e-16 7.057485e-19 3.772972e-12 1.183325e-09 4.499373e-09 3.415702e-06 1.477728e-04 9.266078e-06 2.711834e-05 1.707088e-04 2.898875e-04 5.052637e-04 6.553613e-04 5.748625e-04 5.691883e-04 7.376528e-04 5.602354e-04 5.136573e-04 5.435015e-04 1.075449e-03 7.018165e-04 1.572683e-03 9.538168e-04 2.106192e-03 1.041568e-03 2.011969e-03 1.197024e-03 1.795997e-03 2.214674e-03 2.768020e-03 5.154280e-03 3.684644e-03 6.874536e-03 5.523980e-03 8.188250e-03 9.447707e-03 9.309521e-03 1.153931e-02 9.385804e-03 1.162968e-02 1.183929e-02 1.425605e-02 1.663098e-02 1.689800e-02 2.106129e-02 1.912142e-02 2.191290e-02 2.252620e-02 2.072506e-02 2.824106e-02 2.936323e-02 3.061201e-02 3.830296e-02 3.842316e-02 4.645696e-02 5.454522e-02 5.240384e-02 6.467810e-02 6.962495e-02 6.634545e-02 8.329480e-02 9.413081e-02 9.353554e-02 1.079881e-01 1.222195e-01 1.216650e-01 1.261592e-01 1.446164e-01 1.611391e-01 1.727467e-01 1.955343e-01 2.210777e-01 2.276535e-01 2.260134e-01 2.365992e-01 2.528607e-01 2.590126e-01 2.689762e-01 2.915174e-01 3.039638e-01 2.988965e-01 2.955390e-01 2.936197e-01 2.839134e-01 2.821474e-01 2.990820e-01 3.216400e-01 3.378237e-01 3.501991e-01 3.543227e-01 3.441615e-01 3.299388e-01 3.301512e-01 3.483783e-01 3.812123e-01 4.179271e-01 4.385816e-01 4.342623e-01 4.147393e-01 3.872818e-01 3.596782e-01 3.354681e-01 3.221461e-01 3.151622e-01 3.107133e-01 3.102241e-01 3.132721e-01 3.218138e-01 3.293908e-01 3.352246e-01 3.377801e-01 3.414292e-01 3.503090e-01 3.535405e-01 3.471881e-01 3.346065e-01 3.239897e-01 3.170314e-01 3.124179e-01 3.074363e-01 3.016748e-01 2.942840e-01 2.882073e-01 2.890482e-01 2.836478e-01 2.630654e-01 2.352283e-01 2.080408e-01 1.848124e-01 1.664621e-01 1.526131e-01 1.417439e-01 1.307469e-01 1.193252e-01 1.057276e-01 9.389928e-02 8.691233e-02 7.932260e-02 7.303224e-02 6.759186e-02 6.296740e-02 6.175698e-02 6.069449e-02 6.245817e-02 7.303361e-02 9.601577e-02 1.236560e-01 1.398936e-01 1.504081e-01 1.505306e-01 1.329095e-01 1.125323e-01 9.172437e-02 7.437684e-02 6.269471e-02 4.969052e-02 4.399475e-02 3.993914e-02 4.307292e-02 3.168159e-02 1.356322e-02 2.613888e-03 1.406574e-04 1.908916e-06 7.979427e-09 1.258835e-11 1.089311e-14 4.572727e-18 2.699399e-21 2.159191e-24 7.975170e-28 1.617560e-31 1.415113e-35 1.422918e-38 1.054372e-39 2.452847e-40 2.877286e-41 8.085492e-43 4.203895e-45 0.000000e+00 0.000000e+00 0.000000e+00 0.000000e+00 0.000000e+00 0.000000e+00
4.001374e-06 1.301448e-25 5.499142e-14 2.249470e-11 1.434971e-08 4.396984e-08 1.642723e-04 1.470525e-04 2.894987e-05 2.998834e-04 3.763125e-04 3.871414e-04 2.960252e-04 2.964523e-04 1.897199e-04 2.871200e-04 4.835067e-04 7.904594e-04 5.798343e-04 6.405470e-04 7.031568e-04 8.616582e-04 1.057610e-03 6.496476e-04 1.272456e-03 9.062704e-04 2.742095e-03 1.808437e-03 3.541187e-03 2.325934e-03 3.287169e-03 4.939558e-03 5.098306e-03 9.395259e-03 5.545985e-03 8.363271e-03 6.306475e-03 7.094634e-03 9.425746e-03 8.286405e-03 1.390529e-02 1.314140e-02 1.548197e-02 1.847426e-02 1.524532e-02 2.024774e-02 1.635856e-02 1.720186e-02 2.277669e-02 2.085624e-02 2.837048e-02 3.268275e-02 3.352615e-02 4.495274e-02 4.550336e-02 4.790983e-02 5.839537e-02 5.857941e-02 6.625084e-02 8.130810e-02 8.407865e-02 9.000733e-02 1.021396e-01 1.033464e-01 1.029861e-01 1.126829e-01 1.244635e-01 1.352168e-01 1.507398e-01 1.711251e-01 1.877933e-01 1.939796e-01 2.039786e-01 2.257980e-01 2.369648e-01 2.364503e-01 2.476213e-01 2.590080e-01 2.543737e-01 2.533097e-01 2.634832e-01 2.651618e-01 2.631327e-01 2.708318e-01 2.790178e-01 2.830997e-01 2.998500e-01 3.272128e-01 3.423481e-01 3.436548e-01 3.484937e-01 3.595279e-01 3.762742e-01 3.978032e-01 4.197286e-01 4.345580e-01 4.412630e-01 4.398830e-01 4.269861e-01 4.065574e-01 3.887241e-01 3.717299e-01 3.555481e-01 3.394558e-01 3.267012e-01 3.191265e-01 3.144481e-01 3.172395e-01 3.248115e-01 3.267546e-01 3.215780e-01 3.148931e-01 3.035701e-01 2.911307e-01 2.849739e-01 2.849144e-01 2.872088e-01 2.881689e-01 2.845323e-01 2.773488e-01 2.687613e-01 2.602473e-01 2.574338e-01 2.504390e-01 2.348252e-01 2.172837e-01 1.984022e-01 1.774941e-01 1.565520e-01 1.401541e-01 1.294847e-01 1.244356e-01 1.231173e-01 1.206693e-01 1.131391e-01 1.035126e-01 9.493624e-02 8.641355e-02 7.872786e-02 7.424884e-02 7.306729e-02 7.021584e-02 6.362049e-02 5.709094e-02 5.764020e-02 6.612748e-02 8.082084e-02 1.005052e-01 1.236333e-01 1.492203e-01 1.581673e-01 1.530181e-01 1.465765e-01 1.338871e-01 1.105409e-01 8.575465e-02 5.826677e-02 4.136067e-02 2.982629e-02 2.197084e-02 1.536237e-02 5.306033e-03 6.783364e-04 2.467087e-05 1.838303e-07 4.113183e-10 1.554888e-13 2.112635e-17 3.698137e-21 8.857318e-25 4.017876e-28 8.746150e-32 7.325667e-35 6.617918e-37 1.566594e-36 2.899326e-35 6.434158e-35 1.949839e-35 1.701590e-36 3.481257e-39 0.000000e+00 0.000000e+00 0.000000e+00 0.000000e+00 0.000000e+00
1.000838e-09 2.519423e-26 5.610042e-15 5.341032e-09 6.877543e-08 3.882235e-08 1.215831e-05 1.374843e-05 2.625984e-05 2.472434e-04 5.922596e-05 4.985387e-05 1.343353e-04 2.461231e-04 2.769698e-04 1.615988e-04 4.317063e-04 1.965916e-04 3.512975e-04 3.193107e-04 7.002172e-04 5.029257e-04 7.585275e-04 1.001546e-03 1.113525e-03 1.953558e-03 1.311970e-03 2.968190e-03 1.762449e-03 3.742573e-03 2.492830e-03 3.402710e-03 4.143973e-03 3.681208e-03 6.571279e-03 4.580212e-03 7.515415e-03 8.688200e-03 9.319358e-03 1.467565e-02 1.036877e-02 1.317765e-02 1.409117e-02 1.337551e-02 1.856145e-02 1.634688e-02 2.022708e-02 2.526177e-02 2.266128e-02 2.856834e-02 2.969175e-02 3.137473e-02 4.116334e-02 3.985291e-02 4.368629e-02 5.127948e-02 4.944308e-02 5.806377e-02 6.879829e-02 7.026878e-02 8.180068e-02 9.271278e-02 9.180280e-02 9.824581e-02 1.053861e-01 1.082040e-01 1.174686e-01 1.274100e-01 1.377694e-01 1.515263e-01 1.638575e-01 1.804672e-01 1.985784e-01 2.053274e-01 2.129995e-01 2.280946e-01 2.302301e-01 2.261970e-01 2.345255e-01 2.394476e-01 2.338834e-01 2.404248e-01 2.616800e-01 2.744113e-01 2.801302e-01 2.901053e-01 2.980770e-01 3.018434e-01 3.140717e-01 3.333514e-01 3.500216e-01 3.640260e-01 3.810860e-01 3.945126e-01 3.984391e-01 3.944281e-01 3.826680e-01 3.661304e-01 3.537711e-01 3.467045e-01 3.449623e-01 3.428000e-01 3.412184e-01 3.396683e-01 3.364384e-01 3.333023e-01 3.291464e-01 3.280044e-01 3.271679e-01 3.299124e-01 3.333378e-01 3.231016e-01 2.981217e-01 2.713519e-01 2.488216e-01 2.318190e-01 2.216054e-01 2.170335e-01 2.156576e-01 2.134064e-01 2.083624e-01 2.063125e-01 2.038820e-01 1.974874e-01 1.915396e-01 1.865221e-01 1.814463e-01 1.751904e-01 1.659497e-01 1.534377e-01 1.406230e-01 1.332134e-01 1.300405e-01 1.300247e-01 1.335108e-01 1.359861e-01 1.332986e-01 1.260520e-01 1.146643e-01 1.107308e-01 1.142496e-01 1.156612e-01 1.126178e-01 1.026955e-01 9.202809e-02 7.873808e-02 6.572064e-02 5.790959e-02 5.257605e-02 5.118131e-02 4.900100e-02 4.353381e-02 3.570691e-02 2.919002e-02 2.192466e-02 1.888930e-02 1.864051e-02 1.739959e-02 1.310344e-02 1.003319e-02 4.736611e-03 1.108835e-03 9.366254e-05 3.242560e-06 4.520475e-08 1.950490e-10 1.164944e-13 1.403847e-17 4.951415e-22 3.187519e-26 1.771699e-30 3.873209e-34 2.203071e-37 7.713136e-39 1.960338e-38 1.735692e-37 3.352199e-37 2.767270e-38 1.001276e-37 2.976946e-40 0.000000e+00 0.000000e+00 0.000000e+00 0.000000e+00 0.000000e+00
1.130336e-05 6.865898e-33 3.642863e-16 2.279930e-14 1.859072e-13 3.399444e-10 5.233405e-06 1.974950e-07 5.427686e-08 1.728642e-06 3.581889e-06 1.517979e-05 2.546774e-05 9.084645e-05 6.569357e-05 9.210002e-05 1.122452e-04 2.625553e-04 2.657144e-04 4.923354e-04 3.201932e-04 5.405339e-04 6.159185e-04 1.117020e-03 1.450454e-03 1.604183e-03 2.335601e-03 1.787724e-03 2.449201e-03 1.848391e-03 2.636004e-03 2.682071e-03 2.818747e-03 4.135135e-03 4.123612e-03 7.132247e-03 7.139418e-03 7.233695e-03 8.984153e-03 7.401345e-03 1.117883e-02 1.129061e-02 1.229671e-02 1.693514e-02 1.521149e-02 2.080494e-02 2.402067e-02 2.260581e-02 3.029417e-02 2.910893e-02 3.244889e-02 3.932331e-02 3.553481e-02 4.082870e-02 4.270678e-02 4.126176e-02 5.303084e-02 5.895640e-02 6.223254e-02 7.558490e-02 7.531175e-02 7.472917e-02 8.598448e-02 9.004205e-02 9.470737e-02 1.054662e-01 1.110699e-01 1.214895e-01 1.352729e-01 1.390561e-01 1.452963e-01 1.579733e-01 1.647695e-01 1.702885e-01 1.811646e-01 1.943324e-01 2.088857e-01 2.157184e-01 2.098129e-01 2.092800e-01 2.203987e-01 2.236785e-01 2.205766e-01 2.309012e-01 2.518829e-01 2.655187e-01 2.761753e-01 2.926455e-01 3.140092e-01 3.403837e-01 3.766477e-01 4.100055e-01 4.211574e-01 4.118502e-01 3.994736e-01 3.894561e-01 3.766408e-01 3.595057e-01 3.422576e-01 3.286186e-01 3.263845e-01 3.337356e-01 3.503876e-01 3.692806e-01 3.808000e-01 3.810743e-01 3.652342e-01 3.424235e-01 3.232688e-01 3.147710e-01 3.090695e-01 3.020280e-01 2.971886e-01 2.913579e-01 2.827218e-01 2.710920e-01 2.565469e-01 2.423102e-01 2.304121e-01 2.224420e-01 2.229939e-01 2.244767e-01 2.182631e-01 2.105575e-01 2.020830e-01 1.927181e-01 1.812596e-01 1.729518e-01 1.677426e-01 1.660056e-01 1.678519e-01 1.665203e-01 1.625227e-01 1.616620e-01 1.641662e-01 1.674866e-01 1.678438e-01 1.603327e-01 1.420096e-01 1.256957e-01 1.094068e-01 9.345239e-02 8.559856e-02 7.934934e-02 6.662251e-02 5.004510e-02 3.415050e-02 2.143484e-02 1.363309e-02 9.273545e-03 6.815834e-03 4.590026e-03 2.481124e-03 1.096296e-03 4.202196e-04 1.832619e-04 1.078235e-04 1.057000e-04 1.730415e-04 3.410214e-04 3.784908e-04 1.220477e-04 6.917130e-06 8.214089e-08 2.778958e-10 2.942925e-13 7.075023e-17 3.904043e-21 5.391849e-26 5.299067e-31 5.847837e-36 2.926682e-40 4.119817e-43 2.942727e-44 3.363116e-44 3.503246e-44 1.401298e-45 0.000000e+00 0.000000e+00 0.000000e+00 0.000000e+00 0.000000e+00 0.000000e+00 0.000000e+00 0.000000e+00
2.180388e-06 4.854322e-13 8.993735e-15 9.236371e-20 1.707987e-19 1.886364e-11 4.205825e-08 3.196169e-10 1.398249e-10 9.955067e-09 1.971288e-07 5.316070e-07 1.844956e-06 1.593538e-05 7.286292e-05 1.010926e-04 2.144351e-04 1.476382e-04 1.715735e-04 2.002896e-04 3.604522e-04 5.123588e-04 5.982289e-04 8.032510e-04 9.297992e-04 1.167754e-03 1.157953e-03 1.511527e-03 2.054541e-03 2.543373e-03 3.424638e-03 3.210277e-03 4.285913e-03 3.797910e-03 4.765708e-03 4.889746e-03 5.337746e-03 6.392937e-03 5.900880e-03 8.867729e-03 1.007315e-02 1.275447e-02 1.512853e-02 1.387141e-02 1.666733e-02 1.665171e-02 1.832198e-02 2.253482e-02 2.366868e-02 2.894094e-02 3.162695e-02 3.134207e-02 3.642776e-02 3.716892e-02 3.925854e-02 4.606601e-02 4.722741e-02 5.123362e-02 5.797979e-02 5.793397e-02 6.282438e-02 7.107487e-02 7.456440e-02 8.282514e-02 9.440972e-02 1.017779e-01 1.094758e-01 1.178055e-01 1.250403e-01 1.314972e-01 1.315020e-01 1.300403e-01 1.358162e-01 1.443713e-01 1.526651e-01 1.649538e-01 1.783639e-01 1.885101e-01 1.946136e-01 1.955809e-01 2.007301e-01 2.170400e-01 2.320298e-01 2.322341e-01 2.338381e-01 2.535166e-01 2.884169e-01 3.231393e-01 3.488743e-01 3.617460e-01 3.689166e-01 3.772497e-01 3.868432e-01 3.869908e-01 3.765923e-01 3.639544e-01 3.523075e-01 3.426803e-01 3.372658e-01 3.370413e-01 3.420053e-01 3.450874e-01 3.487449e-01 3.554663e-01 3.635574e-01 3.654709e-01 3.513055e-01 3.292667e-01 3.083884e-01 2.891484e-01 2.759690e-01 2.701309e-01 2.690744e-01 2.699592e-01 2.725694e-01 2.749595e-01 2.757324e-01 2.724960e-01 2.638806e-01 2.560746e-01 2.491717e-01 2.355746e-01 2.184623e-01 1.997371e-01 1.862692e-01 1.801019e-01 1.794585e-01 1.787740e-01 1.760506e-01 1.773522e-01 1.770819e-01 1.723434e-01 1.680883e-01 1.633202e-01 1.574676e-01 1.515736e-01 1.437843e-01 1.362538e-01 1.295870e-01 1.138409e-01 8.881186e-02 6.707438e-02 5.217457e-02 4.059052e-02 3.120768e-02 2.441806e-02 1.864071e-02 1.293245e-02 8.638817e-03 5.857099e-03 4.547966e-03 3.183509e-03 1.522330e-03 4.336508e-04 7.793526e-05 1.115171e-05 1.559506e-06 3.505048e-07 2.352235e-07 3.473709e-07 7.400462e-07 1.004118e-06 2.235896e-07 4.936035e-09 1.200473e-11 3.547717e-15 2.105323e-19 2.682673e-24 2.951907e-29 1.612913e-34 5.988575e-40 7.006492e-45 0.000000e+00 0.000000e+00 1.401298e-45 0.000000e+00 0.000000e+00 0.000000e+00 0.000000e+00 0.000000e+00 0.000000e+00 0.000000e+00 0.000000e+00 0.000000e+00 0.000000e+00
1.169711e-05 3.628490e-30 1.392999e-20 3.178171e-13 1.376047e-14 8.995579e-13 5.494609e-08 3.303160e-08 6.633826e-09 2.275658e-08 2.061279e-08 1.352518e-07 1.926293e-06 4.397273e-05 5.450991e-05 6.004812e-05 9.500580e-05 1.225557e-04 1.572779e-04 1.827757e-04 4.058744e-04 4.312405e-04 7.041980e-04 5.504693e-04 9.452838e-04 8.028371e-04 1.209546e-03 1.513839e-03 1.764954e-03 2.845877e-03 2.297187e-03 3.660451e-03 2.998669e-03 4.097314e-03 4.011212e-03 3.871149e-03 5.050065e-03 5.454679e-03 7.808210e-03 7.933884e-03 8.301901e-03 9.533756e-03 9.745858e-03 1.130727e-02 1.264860e-02 1.380836e-02 1.633479e-02 1.822313e-02 2.119737e-02 2.405436e-02 2.587032e-02 2.940063e-02 3.135338e-02 3.387020e-02 3.885523e-02 4.068349e-02 4.260057e-02 4.646228e-02 4.860531e-02 5.408093e-02 6.294064e-02 6.862596e-02 7.535134e-02 8.337486e-02 8.891890e-02 9.697293e-02 1.077120e-01 1.125646e-01 1.128485e-01 1.168574e-01 1.230551e-01 1.260285e-01 1.319264e-01 1.453573e-01 1.539475e-01 1.506939e-01 1.468525e-01 1.533012e-01 1.698207e-01 1.862494e-01 1.950127e-01 2.052498e-01 2.273230e-01 2.475705e-01 2.489971e-01 2.408483e-01 2.437520e-01 2.590740e-01 2.758737e-01 2.866037e-01 2.927361e-01 2.959722e-01 3.023635e-01 3.133039e-01 3.278852e-01 3.419667e-01 3.558296e-01 3.688896e-01 3.789339e-01 3.846120e-01 3.895445e-01 3.911296e-01 3.867047e-01 3.745366e-01 3.602215e-01 3.542975e-01 3.558711e-01 3.590769e-01 3.484122e-01 3.238463e-01 2.998944e-01 2.852903e-01 2.809176e-01 2.794692e-01 2.732477e-01 2.619514e-01 2.528256e-01 2.533822e-01 2.692833e-01 2.898166e-01 2.960413e-01 2.806927e-01 2.500898e-01 2.156166e-01 1.877908e-01 1.694118e-01 1.598010e-01 1.554148e-01 1.589677e-01 1.615675e-01 1.575070e-01 1.518712e-01 1.442430e-01 1.336515e-01 1.204464e-01 1.054350e-01 9.154730e-02 8.466617e-02 8.350871e-02 8.185339e-02 7.711799e-02 7.207680e-02 6.188860e-02 4.603051e-02 3.183843e-02 2.158639e-02 1.359370e-02 8.031793e-03 4.861993e-03 3.431702e-03 2.882833e-03 2.686322e-03 2.251813e-03 1.152939e-03 2.640131e-04 2.535297e-05 1.135176e-06 4.536397e-08 2.625410e-09 3.210320e-10 1.194397e-10 7.010675e-11 3.686547e-11 4.427352e-12 8.196676e-14 1.446706e-16 1.067310e-20 1.599113e-25 1.674765e-30 2.441679e-35 1.306459e-40 5.605194e-45 0.000000e+00 0.000000e+00 0.000000e+00 0.000000e+00 0.000000e+00 0.000000e+00 0.000000e+00 0.000000e+00 0.000000e+00 0.000000e+00 0.000000e+00 0.000000e+00 0.000000e+00
9.417041e-30 8.050424e-34 1.776389e-23 3.975050e-17 9.056436e-13 1.559794e-07 8.506150e-05 8.425586e-06 1.776806e-06 3.895947e-07 1.868242e-06 5.348610e-06 3.854367e-06 8.374333e-06 2.895200e-05 4.863290e-05 6.666417e-05 1.318736e-04 2.525775e-04 5.053558e-04 3.261318e-04 4.994177e-04 3.878368e-04 7.401207e-04 4.631519e-04 9.287299e-04 9.549184e-04 1.568818e-03 1.813524e-03 1.571076e-03 2.455465e-03 1.846091e-03 2.837507e-03 2.335155e-03 3.107760e-03 4.044837e-03 4.177488e-03 5.777578e-03 6.305187e-03 7.590609e-03 8.336544e-03 7.723163e-03 9.099091e-03 1.080724e-02 1.200557e-02 1.455963e-02 1.557046e-02 1.713894e-02 1.856208e-02 1.955678e-02 2.221574e-02 2.450565e-02 2.673219e-02 3.098004e-02 3.449954e-02 3.787245e-02 4.284070e-02 4.647268e-02 5.122793e-02 5.768886e-02 6.111800e-02 6.629526e-02 7.313973e-02 7.747185e-02 8.508125e-02 9.483406e-02 9.952941e-02 1.034580e-01 1.105256e-01 1.151065e-01 1.168270e-01 1.217276e-01 1.292444e-01 1.337822e-01 1.350969e-01 1.392853e-01 1.446724e-01 1.461363e-01 1.469546e-01 1.552647e-01 1.709058e-01 1.849517e-01 1.975807e-01 2.137302e-01 2.297886e-01 2.370785e-01 2.415030e-01 2.510511e-01 2.641423e-01 2.752330e-01 2.846778e-01 2.917231e-01 2.945647e-01 2.933851e-01 2.929640e-01 2.973151e-01 3.095434e-01 3.294632e-01 3.540921e-01 3.734951e-01 3.823175e-01 3.782455e-01 3.676232e-01 3.547851e-01 3.411388e-01 3.313130e-01 3.202403e-01 3.088042e-01 2.954570e-01 2.807927e-01 2.650513e-01 2.498942e-01 2.388694e-01 2.356064e-01 2.371079e-01 2.368154e-01 2.309712e-01 2.231016e-01 2.161224e-01 2.111748e-01 2.144522e-01 2.256313e-01 2.355625e-01 2.330935e-01 2.175572e-01 1.925269e-01 1.642893e-01 1.451705e-01 1.333631e-01 1.227200e-01 1.156666e-01 1.103778e-01 1.038590e-01 9.556274e-02 8.541190e-02 7.434870e-02 6.406703e-02 5.658548e-02 5.069308e-02 4.594645e-02 4.418860e-02 4.408020e-02 3.947808e-02 3.373626e-02 2.891544e-02 2.342953e-02 1.680947e-02 1.052751e-02 5.794441e-03 3.228765e-03 1.852981e-03 1.303059e-03 1.098422e-03 8.859113e-04 5.558258e-04 1.787442e-04 2.429244e-05 9.824336e-07 1.521789e-08 2.445096e-10 6.192488e-12 2.850923e-13 1.460108e-14 5.609111e-16 1.351686e-17 6.047600e-20 2.168149e-23 7.826059e-28 2.176711e-32 4.879514e-37 1.051394e-41 4.203895e-45 0.000000e+00 0.000000e+00 0.000000e+00 0.000000e+00 0.000000e+00 0.000000e+00 0.000000e+00 0.000000e+00 0.000000e+00 0.000000e+00 0.000000e+00 0.000000e+00 0.000000e+00
0.000000e+00 5.364116e-35 7.899849e-24 7.161198e-19 9.740018e-15 3.031522e-09 1.196030e-05 3.385696e-05 7.506657e-05 6.467727e-05 2.931694e-05 5.806705e-05 3.762777e-05 5.454211e-05 7.573725e-05 2.507194e-04 4.281770e-04 3.188987e-04 3.345260e-04 2.938617e-04 5.377442e-04 3.613643e-04 4.789635e-04 3.663915e-04 6.775404e-04 5.967838e-04 9.908155e-04 9.767168e-04 1.443049e-03 1.760085e-03 1.860215e-03 2.294306e-03 1.979548e-03 2.675400e-03 2.905870e-03 3.919234e-03 4.925079e-03 5.250831e-03 6.016311e-03 7.231244e-03 8.234875e-03 9.618700e-03 1.027144e-02 1.114136e-02 1.292674e-02 1.294707e-02 1.363573e-02 1.513815e-02 1.579874e-02 1.767399e-02 1.858245e-02 1.976611e-02 2.327834e-02 2.581487e-02 2.990430e-02 3.556938e-02 3.876317e-02 4.374550e-02 4.903291e-02 5.297172e-02 5.901011e-02 6.341787e-02 6.729718e-02 7.412639e-02 7.939354e-02 8.337663e-02 9.005941e-02 9.665628e-02 9.922532e-02 1.032923e-01 1.139208e-01 1.208707e-01 1.178211e-01 1.165523e-01 1.213077e-01 1.267406e-01 1.364237e-01 1.529167e-01 1.640110e-01 1.652325e-01 1.732879e-01 1.904485e-01 2.047185e-01 2.171110e-01 2.385197e-01 2.611346e-01 2.720347e-01 2.696068e-01 2.635331e-01 2.583589e-01 2.579968e-01 2.617484e-01 2.647570e-01 2.621341e-01 2.575136e-01 2.563908e-01 2.605338e-01 2.674748e-01 2.766196e-01 2.878058e-01 3.008613e-01 3.083091e-01 3.095254e-01 3.053863e-01 2.963828e-01 2.871487e-01 2.771409e-01 2.695851e-01 2.606067e-01 2.506289e-01 2.436726e-01 2.399446e-01 2.388675e-01 2.372764e-01 2.328310e-01 2.273095e-01 2.209928e-01 2.084872e-01 1.853646e-01 1.591665e-01 1.381353e-01 1.267707e-01 1.255995e-01 1.340288e-01 1.458992e-01 1.478299e-01 1.384584e-01 1.190923e-01 9.345474e-02 7.295304e-02 5.994872e-02 5.216418e-02 4.670362e-02 4.224059e-02 3.862615e-02 3.633235e-02 3.537289e-02 3.418027e-02 3.399075e-02 3.635296e-02 3.942721e-02 4.038272e-02 3.827745e-02 3.494928e-02 3.199830e-02 2.929192e-02 2.789900e-02 2.735648e-02 2.405336e-02 1.509901e-02 6.793103e-03 2.766599e-03 1.079655e-03 4.641496e-04 2.558346e-04 1.869614e-04 1.574520e-04 7.453528e-05 1.380106e-05 7.176952e-07 1.324654e-08 1.160735e-10 3.480262e-13 7.015460e-16 9.594691e-19 9.394899e-22 1.700190e-25 1.423581e-29 9.030903e-34 3.599970e-38 3.274835e-42 2.802597e-45 0.000000e+00 0.000000e+00 0.000000e+00 0.000000e+00 0.000000e+00 0.000000e+00 0.000000e+00 0.000000e+00 0.000000e+00 0.000000e+00 0.000000e+00 0.000000e+00 0.000000e+00
1.759694e-33 4.554220e-43 9.893542e-29 6.318234e-19 2.336741e-14 2.604811e-10 5.268809e-07 2.378502e-06 5.395939e-06 3.581787e-05 3.015675e-04 4.893646e-04 4.879324e-04 8.144499e-04 8.255883e-04 5.956047e-04 6.496035e-04 7.249485e-04 6.218985e-04 6.039423e-04 4.461988e-04 4.728563e-04 3.936207e-04 5.031118e-04 5.370521e-04 6.591188e-04 6.769910e-04 7.933734e-04 1.008078e-03 1.487168e-03 1.684274e-03 1.962570e-03 2.245090e-03 2.925898e-03 3.530495e-03 3.846992e-03 4.741446e-03 5.294221e-03 6.008558e-03 6.214470e-03 7.539378e-03 9.525307e-03 1.084093e-02 1.179842e-02 1.157529e-02 1.257905e-02 1.372640e-02 1.486072e-02 1.650316e-02 1.691511e-02 1.830670e-02 2.015713e-02 2.253432e-02 2.738000e-02 3.139217e-02 3.481168e-02 3.788368e-02 3.961946e-02 4.303525e-02 4.749243e-02 5.281447e-02 5.811145e-02 6.132089e-02 6.568156e-02 7.203284e-02 7.815061e-02 8.305741e-02 8.863108e-02 9.710164e-02 1.026975e-01 1.032291e-01 1.084732e-01 1.155780e-01 1.147873e-01 1.164879e-01 1.295905e-01 1.418343e-01 1.516081e-01 1.739048e-01 1.975559e-01 2.005282e-01 1.970120e-01 2.079602e-01 2.197757e-01 2.229511e-01 2.267449e-01 2.336045e-01 2.319997e-01 2.256486e-01 2.217349e-01 2.208619e-01 2.201839e-01 2.235668e-01 2.287826e-01 2.320535e-01 2.342915e-01 2.361393e-01 2.351283e-01 2.287687e-01 2.218939e-01 2.247820e-01 2.367941e-01 2.566372e-01 2.780566e-01 2.915302e-01 2.953120e-01 2.890669e-01 2.801051e-01 2.714230e-01 2.645363e-01 2.576285e-01 2.519188e-01 2.475028e-01 2.433765e-01 2.391707e-01 2.303273e-01 2.152968e-01 1.916737e-01 1.648339e-01 1.361641e-01 1.095160e-01 8.818343e-02 7.430180e-02 6.872740e-02 6.897805e-02 7.424708e-02 8.064760e-02 7.862228e-02 6.878275e-02 5.668892e-02 4.639749e-02 3.888122e-02 3.340828e-02 3.008661e-02 2.889393e-02 2.972055e-02 3.187720e-02 3.483695e-02 4.109527e-02 5.121424e-02 6.315070e-02 7.418864e-02 8.439403e-02 9.306399e-02 9.117030e-02 7.451716e-02 6.176048e-02 5.403392e-02 4.666281e-02 3.420645e-02 2.091508e-02 9.308054e-03 2.863586e-03 6.191070e-04 1.283097e-04 3.931149e-05 1.670416e-05 1.245462e-05 1.361853e-05 1.115041e-05 3.915723e-06 2.926932e-07 1.605890e-09 7.156900e-13 1.277597e-16 1.648511e-20 9.379868e-25 6.378233e-29 7.815700e-33 1.778903e-36 5.461897e-40 6.691200e-42 5.605194e-44 1.401298e-45 0.000000e+00 0.000000e+00 0.000000e+00 0.000000e+00 0.000000e+00 0.000000e+00 0.000000e+00 0.000000e+00 0.000000e+00 0.000000e+00 0.000000e+00
6.309071e-13 4.020644e-37 4.150212e-30 5.025863e-21 4.296423e-16 1.291485e-11 6.840311e-08 9.656430e-07 1.380911e-05 7.086174e-05 6.152833e-05 2.305347e-04 2.885942e-04 2.205157e-04 2.202880e-04 2.993620e-04 4.045103e-04 4.839867e-04 6.576199e-04 5.845561e-04 6.597264e-04 6.117284e-04 6.400223e-04 6.186757e-04 4.842746e-04 4.758648e-04 5.871764e-04 9.252480e-04 1.285568e-03 1.627095e-03 2.155731e-03 2.669471e-03 3.391934e-03 3.633464e-03 3.941267e-03 4.093831e-03 3.783941e-03 4.316985e-03 4.410356e-03 5.284977e-03 6.102881e-03 6.957351e-03 8.808885e-03 9.546658e-03 1.066467e-02 1.230393e-02 1.389651e-02 1.559179e-02 1.678120e-02 1.776766e-02 1.989891e-02 2.286953e-02 2.516603e-02 2.756674e-02 2.975184e-02 3.137023e-02 3.396250e-02 3.662052e-02 3.949063e-02 4.282536e-02 4.646386e-02 5.190806e-02 5.679825e-02 6.034133e-02 6.626391e-02 7.366019e-02 7.962375e-02 8.530980e-02 9.158336e-02 9.795653e-02 1.028056e-01 1.048916e-01 1.109990e-01 1.244965e-01 1.351543e-01 1.402369e-01 1.502350e-01 1.620527e-01 1.642241e-01 1.641699e-01 1.714006e-01 1.756555e-01 1.743799e-01 1.743806e-01 1.783178e-01 1.794489e-01 1.793832e-01 1.798574e-01 1.809789e-01 1.801446e-01 1.821321e-01 1.856003e-01 1.900929e-01 1.972161e-01 2.067829e-01 2.127763e-01 2.165492e-01 2.235558e-01 2.323632e-01 2.365784e-01 2.352914e-01 2.335871e-01 2.394832e-01 2.517917e-01 2.684142e-01 2.855612e-01 2.924252e-01 2.850529e-01 2.689330e-01 2.560292e-01 2.516322e-01 2.486311e-01 2.367583e-01 2.207115e-01 2.062070e-01 1.953891e-01 1.882884e-01 1.787507e-01 1.604065e-01 1.330437e-01 1.065666e-01 8.701085e-02 7.353912e-02 6.371277e-02 5.801361e-02 5.654348e-02 5.634123e-02 5.725842e-02 5.916122e-02 5.902829e-02 5.511695e-02 4.902324e-02 4.372723e-02 4.072818e-02 4.074852e-02 4.347336e-02 4.639776e-02 5.183263e-02 5.926249e-02 6.642472e-02 7.555815e-02 8.288116e-02 9.160602e-02 9.808844e-02 9.500094e-02 9.248444e-02 8.585075e-02 6.742040e-02 4.286891e-02 2.356247e-02 1.190105e-02 4.642041e-03 1.395403e-03 3.144178e-04 6.293997e-05 1.224413e-05 2.429927e-06 7.684396e-07 3.507860e-07 1.913462e-07 1.509719e-07 7.668002e-08 8.523013e-09 4.551428e-11 2.963333e-14 6.246735e-18 2.922242e-22 9.736476e-27 1.508173e-30 8.411242e-34 4.542058e-36 7.774094e-37 1.142793e-38 3.096870e-43 0.000000e+00 0.000000e+00 0.000000e+00 0.000000e+00 0.000000e+00 0.000000e+00 0.000000e+00 0.000000e+00 0.000000e+00 0.000000e+00 0.000000e+00
2.885671e-06 5.024464e-37 2.408649e-26 1.819793e-18 8.174201e-17 3.226647e-13 6.848394e-07 5.724579e-04 2.504325e-04 4.985745e-04 3.057777e-04 1.166163e-04 7.258427e-05 7.195275e-05 6.858166e-05 9.883297e-05 2.219782e-04 3.354288e-04 6.252489e-04 7.778981e-04 9.422636e-04 7.666023e-04 7.384142e-04 6.621781e-04 6.675467e-04 7.362150e-04 1.016578e-03 1.436206e-03 1.476722e-03 1.787572e-03 1.680481e-03 2.064030e-03 2.338411e-03 2.660726e-03 3.001091e-03 3.082455e-03 3.999593e-03 4.094033e-03 4.917272e-03 5.004054e-03 5.335710e-03 5.752415e-03 5.867014e-03 7.448222e-03 8.702710e-03 1.011497e-02 1.215024e-02 1.356728e-02 1.553593e-02 1.818478e-02 2.000229e-02 2.239375e-02 2.463633e-02 2.465683e-02 2.503424e-02 2.723292e-02 2.958197e-02 3.235723e-02 3.549159e-02 3.845542e-02 4.158150e-02 4.579074e-02 5.188146e-02 5.862181e-02 6.311177e-02 6.597387e-02 6.943583e-02 7.126345e-02 7.298048e-02 7.989364e-02 8.961219e-02 9.730866e-02 1.069449e-01 1.215288e-01 1.333841e-01 1.389771e-01 1.434535e-01 1.463471e-01 1.427350e-01 1.370288e-01 1.391655e-01 1.484559e-01 1.584020e-01 1.622310e-01 1.614363e-01 1.604535e-01 1.643906e-01 1.698843e-01 1.726284e-01 1.730158e-01 1.754042e-01 1.754725e-01 1.699652e-01 1.607632e-01 1.590810e-01 1.684113e-01 1.812265e-01 1.932444e-01 2.085277e-01 2.257278e-01 2.418399e-01 2.499672e-01 2.518969e-01 2.503427e-01 2.467174e-01 2.450409e-01 2.468716e-01 2.543962e-01 2.606461e-01 2.565070e-01 2.383945e-01 2.144545e-01 1.982469e-01 1.876074e-01 1.764410e-01 1.627309e-01 1.474718e-01 1.345194e-01 1.270362e-01 1.253061e-01 1.257193e-01 1.226816e-01 1.112321e-01 9.708762e-02 8.472031e-02 7.348458e-02 6.631404e-02 6.431212e-02 6.637887e-02 6.988007e-02 7.104123e-02 6.724357e-02 6.003202e-02 5.291247e-02 4.700639e-02 4.307078e-02 4.129532e-02 4.067185e-02 3.801536e-02 3.492429e-02 3.196732e-02 3.053562e-02 3.124389e-02 3.007208e-02 2.812911e-02 2.753112e-02 2.701679e-02 2.560485e-02 2.036626e-02 1.319712e-02 5.356348e-03 1.242182e-03 1.942165e-04 2.421419e-05 2.963712e-06 4.262647e-07 1.214377e-07 6.341133e-08 2.696837e-08 5.953280e-09 1.141618e-09 1.054517e-10 3.754345e-12 2.552173e-14 6.359961e-17 3.381086e-20 6.444534e-24 5.987124e-28 1.954819e-31 4.393072e-34 8.911311e-35 1.831669e-34 2.877980e-35 1.526943e-39 1.401298e-45 0.000000e+00 0.000000e+00 0.000000e+00 0.000000e+00 0.000000e+00 0.000000e+00 0.000000e+00 0.000000e+00 0.000000e+00 0.000000e+00
2.301662e-27 1.876139e-29 2.738967e-23 8.721512e-20 4.786253e-15 4.229424e-10 3.917155e-05 1.220585e-04 1.553054e-04 9.859406e-05 2.734587e-04 2.244816e-04 1.322804e-04 2.550597e-04 2.297909e-04 2.426044e-04 2.252280e-04 3.172881e-04 3.629996e-04 5.343134e-04 5.881111e-04 8.979676e-04 6.366943e-04 8.702523e-04 1.123003e-03 1.786358e-03 1.930778e-03 1.548709e-03 1.706860e-03 1.474424e-03 2.014806e-03 1.717111e-03 1.835432e-03 1.850724e-03 2.075829e-03 2.610120e-03 3.021440e-03 3.828601e-03 3.906925e-03 4.344185e-03 4.752385e-03 5.424254e-03 6.042094e-03 6.423229e-03 7.502355e-03 8.604890e-03 9.910597e-03 1.153388e-02 1.327866e-02 1.563383e-02 1.809086e-02 1.979207e-02 2.039419e-02 2.202161e-02 2.419599e-02 2.524655e-02 2.804945e-02 3.118454e-02 3.327334e-02 3.784277e-02 4.112279e-02 4.215077e-02 4.566923e-02 4.766809e-02 4.913040e-02 5.347092e-02 5.519975e-02 5.693433e-02 6.456240e-02 7.059821e-02 7.455894e-02 8.719039e-02 1.000859e-01 1.024725e-01 1.085044e-01 1.186741e-01 1.156914e-01 1.090757e-01 1.126261e-01 1.156999e-01 1.135396e-01 1.158966e-01 1.267472e-01 1.392515e-01 1.484915e-01 1.513244e-01 1.510639e-01 1.549605e-01 1.670834e-01 1.749894e-01 1.710808e-01 1.661692e-01 1.691487e-01 1.731527e-01 1.701647e-01 1.642530e-01 1.657693e-01 1.784324e-01 2.022716e-01 2.301304e-01 2.551390e-01 2.620344e-01 2.522686e-01 2.364534e-01 2.242338e-01 2.199096e-01 2.165079e-01 2.133736e-01 2.117081e-01 2.123682e-01 2.106889e-01 2.067343e-01 1.922282e-01 1.685318e-01 1.490008e-01 1.396849e-01 1.387566e-01 1.405917e-01 1.396644e-01 1.366413e-01 1.353662e-01 1.347697e-01 1.341907e-01 1.315219e-01 1.201830e-01 1.045121e-01 9.143241e-02 8.239622e-02 7.698557e-02 7.351079e-02 7.025532e-02 6.534389e-02 5.934093e-02 5.104622e-02 4.249470e-02 3.709090e-02 3.416728e-02 3.183368e-02 2.891837e-02 2.606216e-02 2.275857e-02 1.920251e-02 1.503348e-02 1.186081e-02 1.056776e-02 9.623053e-03 8.066340e-03 6.871628e-03 6.641213e-03 6.443895e-03 4.051501e-03 1.402486e-03 2.002189e-04 1.449066e-05 5.643071e-07 2.065965e-08 2.035785e-09 5.931209e-10 3.953806e-10 2.566919e-10 6.302946e-11 2.894008e-12 8.710016e-15 8.421149e-18 2.959115e-21 4.701708e-25 8.521078e-29 2.863080e-32 4.304382e-35 1.844129e-36 6.010958e-36 1.068438e-34 7.528944e-35 4.184543e-38 2.099145e-42 0.000000e+00 0.000000e+00 0.000000e+00 0.000000e+00 0.000000e+00 0.000000e+00 0.000000e+00 0.000000e+00 0.000000e+00 0.000000e+00
9.705465e-07 8.347244e-20 6.382685e-26 3.414106e-14 9.808423e-09 1.285870e-06 3.913913e-04 4.808245e-05 5.761229e-07 4.620140e-07 5.984657e-06 2.315668e-04 3.974316e-04 4.738922e-04 2.768118e-04 3.065654e-04 2.834271e-04 3.033740e-04 4.951986e-04 3.093520e-04 5.264250e-04 5.307571e-04 9.982241e-04 9.255618e-04 1.561027e-03 1.636485e-03 1.823941e-03 1.773754e-03 1.571476e-03 1.721800e-03 1.482138e-03 1.615203e-03 1.513170e-03 1.785639e-03 2.108644e-03 2.411359e-03 2.582346e-03 2.780061e-03 3.263137e-03 3.940819e-03 4.923382e-03 5.776935e-03 6.491520e-03 6.972158e-03 7.598091e-03 8.134344e-03 8.932197e-03 1.014880e-02 1.120133e-02 1.327760e-02 1.564587e-02 1.763191e-02 2.076334e-02 2.277949e-02 2.416158e-02 2.715433e-02 2.870949e-02 3.046431e-02 3.357165e-02 3.523323e-02 3.816043e-02 3.946530e-02 3.715627e-02 3.813919e-02 3.958163e-02 3.904588e-02 4.420387e-02 5.199032e-02 5.487893e-02 6.144617e-02 7.158625e-02 7.362940e-02 7.637377e-02 8.699583e-02 9.177218e-02 9.023981e-02 9.475736e-02 1.002168e-01 1.009021e-01 1.046199e-01 1.135358e-01 1.209643e-01 1.272294e-01 1.327541e-01 1.357917e-01 1.368548e-01 1.403577e-01 1.425814e-01 1.423087e-01 1.444940e-01 1.514090e-01 1.551046e-01 1.554997e-01 1.623233e-01 1.780937e-01 1.945903e-01 2.019775e-01 2.011347e-01 1.980072e-01 1.959074e-01 2.005019e-01 2.066670e-01 2.088018e-01 2.015003e-01 1.875914e-01 1.751199e-01 1.649105e-01 1.561578e-01 1.468802e-01 1.416617e-01 1.448244e-01 1.516741e-01 1.520225e-01 1.450202e-01 1.348649e-01 1.248522e-01 1.206774e-01 1.261659e-01 1.387849e-01 1.493645e-01 1.488337e-01 1.448929e-01 1.427338e-01 1.355726e-01 1.227623e-01 1.074479e-01 9.309652e-02 8.159961e-02 7.324152e-02 6.711083e-02 6.171038e-02 5.870521e-02 5.505274e-02 4.857523e-02 4.307371e-02 3.737417e-02 3.288817e-02 3.010445e-02 2.771273e-02 2.468697e-02 2.128324e-02 1.663868e-02 1.162752e-02 8.484346e-03 6.690389e-03 4.821362e-03 3.101429e-03 1.847332e-03 1.079500e-03 6.605691e-04 5.153065e-04 4.403638e-04 2.343386e-04 4.246189e-05 1.749012e-06 2.658474e-08 2.544475e-10 3.263804e-12 1.166516e-13 1.770646e-14 4.702027e-15 9.933458e-16 4.392093e-17 1.748346e-19 1.015166e-22 1.807796e-26 1.797808e-30 9.832638e-34 2.373972e-36 1.471377e-36 2.675693e-35 8.387835e-34 6.948218e-34 4.313169e-36 2.246353e-38 8.756714e-42 0.000000e+00 0.000000e+00 0.000000e+00 0.000000e+00 0.000000e+00 1.401298e-45 1.401298e-45 0.000000e+00 0.000000e+00
4.304044e-19 1.025295e-27 4.285030e-16 2.006587e-10 6.347675e-06 1.882687e-04 5.098320e-06 5.614963e-08 1.794950e-07 1.343486e-08 6.412666e-07 1.560259e-05 2.642319e-05 2.967865e-05 1.718685e-04 4.090650e-04 3.490474e-04 3.204666e-04 3.672346e-04 7.149908e-04 5.072799e-04 8.796748e-04 1.220655e-03 2.138853e-03 1.598937e-03 1.318697e-03 1.173021e-03 1.413397e-03 1.582917e-03 1.606117e-03 1.485050e-03 1.430594e-03 1.602061e-03 1.729372e-03 1.979026e-03 2.123070e-03 2.430852e-03 3.093646e-03 3.579512e-03 4.396156e-03 4.900734e-03 5.389281e-03 6.774690e-03 7.444072e-03 7.909728e-03 8.747707e-03 8.810823e-03 9.669897e-03 1.150923e-02 1.229493e-02 1.444220e-02 1.752682e-02 1.943074e-02 2.239730e-02 2.598477e-02 2.763349e-02 2.957868e-02 3.257985e-02 3.496591e-02 3.613469e-02 3.703389e-02 3.817016e-02 3.756573e-02 3.710872e-02 4.002450e-02 4.309236e-02 4.480987e-02 4.948571e-02 5.524918e-02 5.807815e-02 6.179176e-02 6.719074e-02 6.938212e-02 7.082292e-02 7.488182e-02 7.725571e-02 7.851391e-02 8.577942e-02 9.687077e-02 1.050788e-01 1.118486e-01 1.176109e-01 1.208508e-01 1.196414e-01 1.135965e-01 1.037404e-01 9.804889e-02 9.987860e-02 1.073538e-01 1.144994e-01 1.220448e-01 1.303847e-01 1.361489e-01 1.365051e-01 1.350859e-01 1.392566e-01 1.503553e-01 1.609206e-01 1.622034e-01 1.563857e-01 1.488577e-01 1.401743e-01 1.326938e-01 1.272096e-01 1.242384e-01 1.224720e-01 1.191637e-01 1.136787e-01 1.083089e-01 1.060415e-01 1.044726e-01 1.017633e-01 1.001699e-01 1.009232e-01 1.039998e-01 1.066041e-01 1.084110e-01 1.105505e-01 1.145438e-01 1.193567e-01 1.248265e-01 1.312387e-01 1.303457e-01 1.235218e-01 1.148151e-01 1.044979e-01 9.269396e-02 7.899891e-02 6.653717e-02 5.587912e-02 4.922412e-02 4.558369e-02 4.218475e-02 4.165284e-02 3.963900e-02 3.373823e-02 2.788084e-02 2.262001e-02 1.891269e-02 1.627142e-02 1.430972e-02 1.190801e-02 8.825464e-03 5.955516e-03 3.513901e-03 1.913228e-03 1.155747e-03 6.492921e-04 2.750434e-04 9.286580e-05 3.361793e-05 1.754501e-05 1.450587e-05 9.976361e-06 2.896661e-06 1.603434e-07 1.748857e-09 6.559525e-12 1.139435e-14 3.136471e-17 1.145316e-19 2.377857e-21 1.341391e-22 5.428232e-24 6.856226e-26 3.683151e-28 1.498927e-30 5.008483e-33 2.077302e-34 8.313594e-34 4.574627e-32 1.057414e-30 2.350083e-31 7.056697e-32 1.811809e-32 2.048264e-34 1.479225e-40 0.000000e+00 0.000000e+00 0.000000e+00 3.923636e-44 4.163258e-42 8.407791e-45 0.000000e+00 0.000000e+00
1.589089e-20 2.899457e-14 4.422710e-14 1.058738e-04 1.596344e-06 7.848766e-10 7.223186e-09 4.052075e-09 8.393253e-11 4.038378e-09 1.324939e-07 1.126745e-05 9.978754e-05 3.317299e-04 3.348716e-04 3.458131e-04 2.013209e-04 1.319107e-04 3.263876e-04 5.227185e-04 8.282659e-04 1.007887e-03 1.278824e-03 1.014862e-03 9.507484e-04 1.101557e-03 1.076507e-03 1.051433e-03 1.102369e-03 1.012386e-03 1.218251e-03 1.375618e-03 1.451329e-03 1.618389e-03 1.542314e-03 1.988651e-03 2.618355e-03 3.145555e-03 4.507843e-03 4.360810e-03 4.956216e-03 5.997019e-03 6.240731e-03 7.961572e-03 8.175611e-03 7.848264e-03 9.402968e-03 9.907125e-03 1.060465e-02 1.284014e-02 1.353929e-02 1.492795e-02 1.879753e-02 2.138483e-02 2.400954e-02 2.800699e-02 3.030472e-02 3.089944e-02 3.256528e-02 3.576333e-02 3.656581e-02 3.776024e-02 4.268682e-02 4.486054e-02 4.675348e-02 5.269314e-02 5.367658e-02 5.099485e-02 5.200128e-02 5.178698e-02 5.058042e-02 5.552473e-02 6.277490e-02 6.485245e-02 6.724665e-02 7.417408e-02 7.693565e-02 7.393710e-02 7.534570e-02 8.337489e-02 9.191123e-02 9.615240e-02 9.777945e-02 9.905677e-02 9.966801e-02 9.513449e-02 8.855318e-02 8.709799e-02 9.400624e-02 1.022302e-01 1.043761e-01 1.015371e-01 1.002137e-01 9.939726e-02 9.680456e-02 9.317034e-02 9.002037e-02 8.778591e-02 8.490105e-02 8.155689e-02 8.015335e-02 8.073603e-02 8.186208e-02 8.208275e-02 8.107474e-02 8.184913e-02 8.450359e-02 8.730748e-02 8.858277e-02 8.588766e-02 8.154672e-02 7.988264e-02 8.100802e-02 8.285257e-02 8.479707e-02 8.797269e-02 9.497470e-02 1.010578e-01 1.006388e-01 9.819268e-02 1.012360e-01 1.063934e-01 1.088511e-01 1.080969e-01 1.034230e-01 9.754723e-02 9.033582e-02 8.109007e-02 6.934056e-02 5.877002e-02 5.023858e-02 4.091932e-02 3.391930e-02 2.885718e-02 2.462113e-02 2.270078e-02 2.135486e-02 1.831983e-02 1.378880e-02 9.719254e-03 7.132922e-03 6.345304e-03 7.083239e-03 7.832308e-03 6.761461e-03 4.570847e-03 2.357317e-03 9.232143e-04 2.740828e-04 6.462514e-05 1.295477e-05 2.201032e-06 5.026284e-07 2.153003e-07 1.703769e-07 9.390318e-08 2.193424e-08 1.585150e-09 7.673422e-12 2.850437e-15 5.261140e-19 1.730134e-22 2.937332e-25 1.981934e-27 3.799184e-29 1.356655e-30 1.162866e-31 4.946704e-32 3.079932e-31 6.957272e-29 5.812881e-26 7.185437e-25 9.142451e-25 1.713327e-24 1.586791e-22 2.135303e-23 4.767882e-29 1.472720e-33 2.128641e-35 4.594166e-36 1.551793e-36 1.662006e-36 2.438259e-43 0.000000e+00 0.000000e+00
1.080448e-06 8.331023e-19 6.796712e-14 3.000158e-21 1.386564e-19 3.925227e-15 6.216043e-13 8.492397e-13 1.304775e-09 1.840459e-07 5.956506e-07 9.535446e-07 3.639519e-05 1.260371e-04 1.861649e-04 1.276311e-04 1.054256e-04 2.087353e-04 2.483325e-04 3.001963e-04 3.141131e-04 4.505485e-04 4.432263e-04 3.406317e-04 5.042926e-04 6.986763e-04 9.065776e-04 1.068649e-03 9.997842e-04 1.145553e-03 1.056714e-03 1.125163e-03 1.318948e-03 1.239607e-03 1.673021e-03 1.943571e-03 2.375637e-03 3.315102e-03 3.468283e-03 4.723866e-03 5.509437e-03 5.643326e-03 6.817139e-03 6.222827e-03 7.026231e-03 8.731264e-03 8.728875e-03 1.080789e-02 1.302622e-02 1.308554e-02 1.543716e-02 1.654983e-02 1.686510e-02 1.924660e-02 2.087379e-02 2.274081e-02 2.463223e-02 2.676961e-02 2.890778e-02 2.948825e-02 3.248833e-02 3.739642e-02 4.128053e-02 4.813776e-02 5.356118e-02 5.393450e-02 5.632728e-02 5.770373e-02 5.485542e-02 5.494734e-02 5.668316e-02 5.608557e-02 5.839336e-02 6.374659e-02 6.525784e-02 6.458166e-02 6.667698e-02 6.931745e-02 6.932101e-02 7.002142e-02 7.551190e-02 8.419825e-02 9.240074e-02 9.786905e-02 1.014860e-01 1.017473e-01 9.764251e-02 9.143148e-02 8.887751e-02 9.063637e-02 9.303581e-02 9.228075e-02 8.983383e-02 8.670864e-02 8.115716e-02 7.329224e-02 6.673431e-02 6.420207e-02 6.479274e-02 6.464159e-02 6.222237e-02 5.853200e-02 5.682258e-02 5.866366e-02 6.245025e-02 6.788059e-02 7.290653e-02 7.703409e-02 8.060668e-02 8.233601e-02 8.136000e-02 7.654636e-02 7.073966e-02 6.896470e-02 7.298066e-02 8.054152e-02 8.754746e-02 9.067725e-02 9.048528e-02 9.007078e-02 8.900765e-02 8.728624e-02 8.717816e-02 8.784928e-02 8.754718e-02 8.603670e-02 8.287903e-02 7.560489e-02 6.757633e-02 5.995863e-02 5.092216e-02 4.365876e-02 3.595906e-02 2.587758e-02 1.804989e-02 1.395812e-02 1.259744e-02 1.228743e-02 1.139136e-02 8.819513e-03 5.822871e-03 3.960823e-03 3.109425e-03 2.939785e-03 3.532236e-03 4.479617e-03 4.236729e-03 2.528179e-03 8.700269e-04 1.912381e-04 2.918427e-05 3.669845e-06 3.904810e-07 5.609774e-08 1.084024e-08 2.091197e-09 1.060147e-09 1.686562e-09 1.022734e-09 8.789631e-12 2.671023e-15 1.733320e-19 2.340956e-23 1.423290e-26 5.282337e-29 3.738110e-31 2.901330e-32 6.642557e-32 1.169078e-29 1.446227e-25 5.756813e-22 1.083329e-19 1.172230e-18 7.587063e-16 4.455682e-12 1.019770e-11 3.336389e-16 8.221315e-20 2.367997e-21 5.857780e-24 3.783374e-25 6.866322e-29 5.959916e-37 0.000000e+00 0.000000e+00
3.929149e-31 2.190206e-23 1.235564e-31 9.222498e-26 2.520536e-24 2.153846e-21 3.378304e-13 2.598014e-10 5.211717e-11 1.812498e-06 1.384811e-05 6.990159e-05 2.823909e-04 9.407388e-05 5.590837e-05 1.479477e-04 7.170971e-04 4.089373e-04 3.453481e-04 4.255370e-04 3.953689e-04 3.398349e-04 4.250013e-04 4.369719e-04 4.097401e-04 4.075826e-04 6.029137e-04 7.351472e-04 9.832549e-04 1.060233e-03 1.107830e-03 1.168265e-03 9.692485e-04 1.375250e-03 1.516489e-03 1.864630e-03 2.287577e-03 2.060981e-03 2.999550e-03 3.173526e-03 3.476862e-03 4.387395e-03 3.937039e-03 5.093156e-03 6.016866e-03 6.550221e-03 9.570886e-03 1.015241e-02 1.138749e-02 1.431342e-02 1.519421e-02 1.691798e-02 1.676341e-02 1.712181e-02 1.731905e-02 1.675054e-02 2.000435e-02 2.168013e-02 2.239746e-02 2.744751e-02 2.940295e-02 2.960352e-02 3.499687e-02 3.954935e-02 4.165999e-02 4.665234e-02 5.196298e-02 5.746227e-02 6.467548e-02 6.910180e-02 6.924963e-02 6.699550e-02 6.177416e-02 5.637140e-02 5.367155e-02 5.299284e-02 5.468025e-02 6.038447e-02 6.922543e-02 7.694260e-02 8.185489e-02 8.774668e-02 9.636938e-02 1.014868e-01 9.994664e-02 9.675257e-02 9.410620e-02 8.841502e-02 8.139348e-02 7.792079e-02 7.963774e-02 8.402337e-02 8.601804e-02 8.373936e-02 7.927656e-02 7.529850e-02 7.234105e-02 7.066201e-02 7.058295e-02 7.048039e-02 6.947839e-02 6.581993e-02 6.231013e-02 6.099059e-02 6.233615e-02 6.641100e-02 6.939177e-02 7.132356e-02 7.210013e-02 7.416981e-02 7.882538e-02 8.357776e-02 8.329973e-02 7.808293e-02 7.354593e-02 7.190584e-02 7.220296e-02 7.362340e-02 7.503499e-02 7.452123e-02 7.235979e-02 6.973416e-02 6.763215e-02 6.706066e-02 6.792755e-02 6.983881e-02 6.944502e-02 6.832661e-02 6.664874e-02 6.095808e-02 5.410787e-02 4.626324e-02 3.691719e-02 2.884093e-02 2.201200e-02 1.618249e-02 1.157658e-02 8.974629e-03 7.941184e-03 7.404824e-03 6.432363e-03 4.644155e-03 2.680361e-03 1.524017e-03 1.095735e-03 9.843069e-04 1.011342e-03 1.118299e-03 9.318191e-04 4.711944e-04 1.417529e-04 3.429019e-05 6.346012e-06 1.015022e-06 8.701493e-08 2.751390e-09 1.150994e-10 1.478887e-11 5.631886e-12 9.230108e-13 7.627594e-15 4.674335e-18 8.065515e-22 1.556154e-25 7.133877e-29 1.196931e-31 3.808358e-33 5.138463e-33 5.209154e-30 1.216667e-25 8.949939e-22 3.854210e-19 2.119711e-16 3.056840e-11 5.476758e-06 3.362241e-05 1.278198e-07 4.560992e-09 8.634383e-11 2.659367e-13 3.886031e-16 6.867838e-21 2.285148e-30 7.450704e-42 0.000000e+00
2.725141e-13 7.006492e-45 1.240804e-23 2.548642e-25 1.812312e-21 3.211931e-16 1.113679e-13 3.037582e-10 1.310719e-09 1.143349e-05 2.869499e-04 2.343057e-04 4.593734e-04 2.642200e-04 2.825857e-04 2.383261e-04 4.798687e-04 4.035880e-04 3.750752e-04 5.423782e-04 3.416835e-04 2.613269e-04 2.484992e-04 4.382269e-04 4.786332e-04 7.978752e-04 5.826788e-04 8.296150e-04 7.661629e-04 7.952201e-04 8.364077e-04 7.648735e-04 1.426031e-03 1.392975e-03 1.883700e-03 1.925569e-03 1.633125e-03 2.216244e-03 1.751677e-03 2.014707e-03 2.279222e-03 2.212485e-03 3.339117e-03 3.756847e-03 4.217627e-03 5.387374e-03 6.010289e-03 7.622728e-03 9.475734e-03 1.114530e-02 1.181560e-02 1.371992e-02 1.530797e-02 1.373118e-02 1.562005e-02 1.737092e-02 1.569660e-02 1.948369e-02 2.427435e-02 2.359032e-02 2.828548e-02 3.344318e-02 3.131873e-02 3.340751e-02 3.970505e-02 4.255560e-02 4.687750e-02 5.512994e-02 6.258257e-02 6.953701e-02 7.400323e-02 7.091790e-02 6.200372e-02 5.274593e-02 4.653891e-02 4.436390e-02 4.654643e-02 5.171417e-02 5.822523e-02 6.697471e-02 7.787890e-02 8.390027e-02 8.279274e-02 8.192506e-02 8.287907e-02 8.029052e-02 7.554314e-02 7.600661e-02 8.287478e-02 8.917828e-02 8.989877e-02 8.820774e-02 8.710311e-02 8.807118e-02 8.949693e-02 8.964954e-02 8.750871e-02 8.425310e-02 8.152719e-02 8.021967e-02 8.054674e-02 7.888775e-02 7.439481e-02 6.918117e-02 6.599955e-02 6.621630e-02 6.875041e-02 7.277049e-02 7.481188e-02 7.355002e-02 7.153358e-02 7.178548e-02 7.489860e-02 7.914110e-02 7.997771e-02 7.564569e-02 7.008612e-02 6.718122e-02 6.565126e-02 6.410301e-02 6.234603e-02 6.026065e-02 5.891193e-02 5.797680e-02 5.821911e-02 5.812541e-02 5.873179e-02 6.198066e-02 6.495257e-02 6.979881e-02 7.144498e-02 6.088039e-02 4.579495e-02 3.453098e-02 2.753689e-02 2.167427e-02 1.625370e-02 1.149627e-02 8.014197e-03 5.836656e-03 4.358516e-03 3.271752e-03 2.315076e-03 1.369912e-03 6.639928e-04 2.819620e-04 1.245060e-04 7.116503e-05 4.625775e-05 3.037073e-05 1.821226e-05 9.505639e-06 4.612651e-06 2.144956e-06 5.841056e-07 5.301250e-08 1.584223e-09 2.513796e-11 2.763707e-13 3.399368e-15 8.097810e-18 5.828686e-21 1.868783e-24 2.299997e-28 2.895732e-32 3.147807e-35 6.604183e-37 4.299710e-36 1.759604e-32 9.253335e-28 7.244830e-24 6.037909e-21 1.013018e-16 2.273390e-10 7.505226e-06 9.234046e-05 3.967122e-04 1.423974e-03 5.487618e-05 2.480811e-08 1.554108e-11 2.373583e-17 1.070787e-26 5.452237e-38 0.000000e+00
8.446743e-20 1.199827e-34 7.071273e-32 8.992599e-16 1.288604e-19 1.022618e-18 4.086177e-10 1.933430e-10 6.056831e-11 6.963966e-04 4.954284e-05 1.122148e-05 1.394401e-04 5.433829e-04 2.113794e-04 1.983435e-04 3.018043e-04 2.282469e-04 1.849566e-04 2.637294e-04 1.782626e-04 1.582936e-04 2.382875e-04 3.123418e-04 5.097334e-04 4.095333e-04 5.659807e-04 3.872299e-04 4.845650e-04 4.736238e-04 5.772001e-04 1.125253e-03 1.422332e-03 2.573451e-03 2.235309e-03 1.765435e-03 1.866649e-03 1.464854e-03 1.791245e-03 1.910185e-03 1.830543e-03 2.419950e-03 2.364014e-03 2.708025e-03 3.515000e-03 3.764916e-03 4.464344e-03 5.720314e-03 6.464092e-03 7.439576e-03 8.680033e-03 8.597784e-03 1.029791e-02 1.469727e-02 1.506037e-02 1.663312e-02 2.043956e-02 1.749114e-02 1.689243e-02 2.081949e-02 2.133938e-02 2.376893e-02 3.130856e-02 3.338756e-02 3.324529e-02 3.760558e-02 3.752285e-02 3.418244e-02 3.600163e-02 3.984164e-02 4.362701e-02 4.981169e-02 5.504882e-02 5.392835e-02 5.013103e-02 4.904511e-02 5.052196e-02 5.229305e-02 5.314580e-02 5.310534e-02 5.353849e-02 5.658814e-02 6.121956e-02 6.357154e-02 6.445386e-02 6.801352e-02 7.473435e-02 8.194362e-02 8.910489e-02 9.819457e-02 1.081923e-01 1.134111e-01 1.106750e-01 1.036699e-01 9.689475e-02 9.304453e-02 9.205569e-02 9.308455e-02 9.397785e-02 9.249925e-02 8.912080e-02 8.508162e-02 8.318168e-02 8.272793e-02 8.073384e-02 7.682412e-02 7.166834e-02 6.818434e-02 6.724500e-02 6.918211e-02 7.342751e-02 7.933291e-02 8.480158e-02 8.716398e-02 8.417746e-02 7.484857e-02 6.345878e-02 5.486074e-02 5.103581e-02 5.139880e-02 5.248895e-02 5.167656e-02 4.926586e-02 4.738861e-02 4.717506e-02 4.888897e-02 5.250177e-02 5.473839e-02 5.596934e-02 5.730521e-02 5.692542e-02 5.629772e-02 5.465603e-02 4.881046e-02 3.913872e-02 2.987546e-02 2.308300e-02 1.874032e-02 1.520509e-02 1.065182e-02 6.078993e-03 3.044186e-03 1.561419e-03 8.531506e-04 4.140045e-04 1.613975e-04 5.329578e-05 1.255607e-05 2.380897e-06 5.247876e-07 1.425969e-07 4.097907e-08 1.297504e-08 5.730332e-09 2.572410e-09 1.276200e-09 3.999373e-10 5.039862e-11 5.793047e-13 8.763402e-16 1.916661e-19 1.787759e-23 1.112153e-27 4.823302e-32 3.871084e-36 3.413105e-39 1.210442e-40 3.282535e-39 2.009724e-35 7.674573e-31 2.375792e-27 4.875793e-24 7.668744e-19 6.168090e-13 6.995606e-10 2.185275e-07 4.971301e-04 8.120646e-02 2.708677e-04 5.340562e-08 2.274701e-12 1.315409e-18 3.624137e-28 5.270817e-39 0.000000e+00
0.000000e+00 2.536070e-41 5.920915e-26 2.861468e-21 8.338658e-18 4.922507e-16 1.998570e-13 1.024515e-10 9.577595e-11 4.051801e-08 1.795951e-05 2.675275e-05 6.759073e-06 8.333654e-06 4.244476e-05 3.100064e-05 9.522984e-05 3.131425e-05 4.438693e-05 4.690997e-05 7.517477e-05 6.277335e-05 7.395165e-05 1.130243e-04 1.026842e-04 1.777227e-04 1.615468e-04 2.944953e-04 3.124243e-04 4.400151e-04 7.051337e-04 7.349798e-04 1.184182e-03 1.081516e-03 1.436831e-03 1.836387e-03 1.656411e-03 2.191762e-03 1.924367e-03 1.834709e-03 2.040877e-03 1.761032e-03 2.240371e-03 2.629610e-03 2.942060e-03 3.872207e-03 3.996485e-03 4.057030e-03 4.360121e-03 4.724326e-03 5.494997e-03 6.392013e-03 6.870816e-03 7.340429e-03 9.256648e-03 1.099450e-02 1.164563e-02 1.409364e-02 1.499010e-02 1.369055e-02 1.533873e-02 1.758970e-02 1.837776e-02 2.160571e-02 2.377273e-02 2.225451e-02 2.294923e-02 2.368110e-02 2.163982e-02 2.238069e-02 2.668711e-02 3.197170e-02 3.799101e-02 4.488876e-02 5.085685e-02 5.350534e-02 5.345549e-02 5.334477e-02 5.337297e-02 5.186620e-02 4.899934e-02 4.765211e-02 5.014334e-02 5.635211e-02 6.404875e-02 7.098145e-02 7.855545e-02 8.937183e-02 1.003409e-01 1.064907e-01 1.094951e-01 1.131929e-01 1.163748e-01 1.147695e-01 1.089056e-01 1.029000e-01 9.804674e-02 9.318093e-02 8.917188e-02 8.740465e-02 8.887322e-02 9.184838e-02 9.499601e-02 9.584010e-02 9.404132e-02 9.138753e-02 8.857376e-02 8.690613e-02 8.590253e-02 8.403189e-02 8.142293e-02 7.883440e-02 7.688005e-02 7.700104e-02 7.827259e-02 7.645253e-02 6.896834e-02 5.607079e-02 4.309325e-02 3.490036e-02 3.250168e-02 3.485652e-02 3.940284e-02 4.154900e-02 3.994707e-02 3.739048e-02 3.637958e-02 3.984764e-02 4.665651e-02 5.279734e-02 5.503067e-02 5.503014e-02 5.496903e-02 5.293581e-02 4.779869e-02 3.820440e-02 2.827299e-02 2.073810e-02 1.552993e-02 1.149688e-02 7.941340e-03 4.652941e-03 2.247306e-03 9.102230e-04 3.446680e-04 1.329121e-04 4.556049e-05 1.146597e-05 2.122462e-06 2.753711e-07 2.691796e-08 2.181513e-09 1.770086e-10 1.497025e-11 1.203290e-12 1.868813e-13 7.128171e-14 4.659707e-14 1.151514e-14 2.094362e-16 3.051330e-19 5.367378e-23 1.423612e-27 2.057190e-32 1.262139e-36 6.116177e-40 2.814648e-41 4.402880e-40 5.244862e-37 6.796642e-34 1.272634e-31 2.259496e-28 1.521904e-22 2.193532e-17 4.489234e-14 1.528830e-09 1.203937e-03 1.722153e-02 1.311813e-05 1.366712e-10 9.367480e-16 5.189454e-23 6.500540e-33 3.026805e-43 0.000000e+00
6.311373e-06 2.835342e-25 6.247815e-26 6.684800e-16 5.014002e-16 1.412695e-15 2.356263e-10 9.273220e-10 1.016848e-11 1.194572e-08 4.389253e-07 1.977065e-07 8.289266e-09 1.275704e-07 6.118806e-07 8.228902e-07 8.840628e-07 2.019859e-06 1.337003e-06 2.497674e-06 4.726045e-06 1.344455e-05 1.984826e-05 2.098843e-05 3.658876e-05 4.418046e-05 1.251542e-04 1.627579e-04 3.457987e-04 4.720279e-04 5.078812e-04 6.791295e-04 6.326617e-04 9.621565e-04 1.133265e-03 1.441658e-03 2.007531e-03 1.718898e-03 1.825634e-03 1.692255e-03 1.578566e-03 1.772063e-03 1.697428e-03 2.103024e-03 2.314141e-03 2.521960e-03 2.961895e-03 2.947971e-03 3.428247e-03 3.333260e-03 3.397103e-03 3.807203e-03 3.406937e-03 3.520977e-03 3.994283e-03 4.514590e-03 6.571166e-03 8.720578e-03 1.006431e-02 1.280363e-02 1.373739e-02 1.277081e-02 1.287157e-02 1.346746e-02 1.435645e-02 1.516863e-02 1.655581e-02 1.895239e-02 2.004226e-02 2.015937e-02 2.180913e-02 2.404962e-02 2.677663e-02 3.126813e-02 3.588888e-02 3.984028e-02 4.593755e-02 5.313835e-02 5.730129e-02 5.979058e-02 6.333406e-02 6.508575e-02 6.376541e-02 6.338614e-02 6.707191e-02 7.280755e-02 7.832535e-02 8.413972e-02 9.085069e-02 9.553172e-02 9.571605e-02 9.369382e-02 9.451677e-02 9.918568e-02 1.030235e-01 1.024347e-01 9.953767e-02 9.640138e-02 9.268287e-02 8.860465e-02 8.747651e-02 8.887617e-02 9.260589e-02 9.696886e-02 1.016576e-01 1.069245e-01 1.088647e-01 1.060185e-01 9.985588e-02 9.492099e-02 9.420144e-02 9.551641e-02 9.431788e-02 8.734466e-02 7.579674e-02 6.515387e-02 5.899516e-02 5.536267e-02 5.088732e-02 4.478626e-02 3.874058e-02 3.533036e-02 3.455150e-02 3.608130e-02 3.933894e-02 4.119729e-02 4.151575e-02 3.971030e-02 3.739724e-02 3.735132e-02 3.967059e-02 4.296849e-02 4.375526e-02 4.383627e-02 4.428594e-02 4.331707e-02 3.992629e-02 3.196736e-02 2.168502e-02 1.382239e-02 8.922927e-03 5.614783e-03 3.073714e-03 1.302249e-03 4.750974e-04 1.524092e-04 3.627871e-05 7.915064e-06 2.050895e-06 5.478428e-07 1.306278e-07 1.492753e-08 7.808311e-10 1.816834e-11 2.059814e-13 2.228046e-15 5.759849e-17 2.247903e-18 2.843944e-19 2.661432e-20 9.524908e-22 6.446102e-24 2.453809e-27 2.172572e-31 2.442588e-35 1.456821e-38 5.829976e-40 2.210739e-39 1.102315e-37 1.227745e-36 3.597350e-36 4.408806e-33 3.489346e-27 1.232995e-21 2.661995e-17 1.139902e-09 3.772217e-03 1.010720e-02 7.301824e-07 7.749262e-12 1.081523e-17 3.736793e-26 5.202235e-36 0.000000e+00 0.000000e+00
6.185646e-07 4.175184e-33 1.255752e-21 1.019394e-11 2.557608e-07 1.064285e-09 1.063247e-07 1.080721e-07 5.045874e-10 3.125678e-09 8.051011e-09 6.184132e-10 4.058893e-09 1.465749e-07 5.086730e-07 1.357352e-07 4.297179e-07 2.064634e-07 3.470212e-07 2.868569e-07 6.509367e-07 8.994838e-07 1.752900e-06 4.693929e-06 1.135937e-05 4.521687e-05 7.258621e-05 1.894835e-04 2.571053e-04 4.500223e-04 5.932312e-04 7.014265e-04 1.036366e-03 1.004846e-03 1.125053e-03 1.047161e-03 9.527886e-04 1.193271e-03 1.236967e-03 1.720752e-03 1.954452e-03 2.257942e-03 2.584147e-03 2.079991e-03 2.443465e-03 2.244043e-03 2.695662e-03 3.199556e-03 2.705266e-03 3.313985e-03 2.727294e-03 2.426409e-03 3.183609e-03 2.688222e-03 2.710478e-03 3.443372e-03 3.055973e-03 3.691572e-03 5.604952e-03 6.259918e-03 7.457829e-03 9.820758e-03 1.014753e-02 9.374538e-03 1.039734e-02 1.271063e-02 1.351728e-02 1.426858e-02 1.701299e-02 1.882945e-02 1.846015e-02 1.935562e-02 2.099140e-02 2.077344e-02 2.194118e-02 2.636215e-02 3.135394e-02 3.717620e-02 4.758373e-02 6.020761e-02 6.765584e-02 6.995995e-02 6.973337e-02 6.584334e-02 6.031282e-02 5.696945e-02 5.739436e-02 6.111316e-02 6.754836e-02 7.493704e-02 8.011242e-02 8.091719e-02 8.021510e-02 8.241202e-02 8.793446e-02 9.283576e-02 9.322949e-02 9.046528e-02 8.915576e-02 8.893646e-02 8.850116e-02 8.721711e-02 8.883853e-02 9.320189e-02 9.777965e-02 1.015148e-01 1.046832e-01 1.095672e-01 1.131354e-01 1.102444e-01 1.012373e-01 9.251490e-02 8.650867e-02 8.100482e-02 7.395054e-02 6.640103e-02 5.974069e-02 5.440176e-02 5.051481e-02 4.758564e-02 4.509094e-02 4.293871e-02 4.046297e-02 3.916219e-02 3.865256e-02 3.963142e-02 4.010019e-02 3.794416e-02 3.555311e-02 3.521008e-02 3.791692e-02 4.025704e-02 3.882323e-02 3.411250e-02 2.935640e-02 2.676599e-02 2.668300e-02 2.768008e-02 2.852331e-02 2.684608e-02 2.033551e-02 1.276304e-02 6.957625e-03 3.603920e-03 1.678498e-03 5.200927e-04 1.152176e-04 2.080115e-05 3.082901e-06 5.787615e-07 2.388727e-07 8.035840e-08 1.722853e-08 1.384641e-09 5.207976e-11 5.315259e-13 1.060757e-15 7.985208e-19 1.130360e-21 5.904793e-24 6.818858e-26 6.311979e-28 3.294761e-30 4.951762e-33 9.089090e-36 7.076411e-38 8.837017e-39 3.431732e-38 9.166607e-38 1.503491e-38 1.659768e-39 8.461295e-37 1.468205e-30 1.775802e-25 1.325363e-19 1.688528e-10 5.877109e-04 8.880371e-05 8.254071e-08 2.568225e-11 6.755008e-17 8.056594e-25 8.225406e-36 0.000000e+00 0.000000e+00
8.394820e-07 3.071207e-29 7.126506e-17 5.374793e-10 1.013845e-04 6.655624e-09 3.608199e-10 1.455951e-09 4.390956e-09 2.916432e-09 9.445174e-09 5.496459e-06 2.123330e-06 5.214953e-07 7.424694e-07 2.490933e-06 6.210846e-07 5.571465e-07 3.364339e-07 3.069229e-07 1.278980e-07 1.702239e-07 4.005435e-07 2.012189e-06 1.084024e-05 3.016955e-05 8.462790e-05 1.365730e-04 3.252541e-04 5.141590e-04 7.300632e-04 8.255187e-04 7.509908e-04 8.926310e-04 7.841368e-04 9.178332e-04 9.961381e-04 1.124662e-03 1.609450e-03 1.500546e-03 1.971542e-03 1.858384e-03 2.182146e-03 2.701823e-03 2.249780e-03 2.705814e-03 2.187885e-03 2.351172e-03 2.684128e-03 2.186187e-03 2.829654e-03 2.826911e-03 2.489635e-03 3.334967e-03 2.911948e-03 2.328933e-03 2.506256e-03 2.014557e-03 1.895265e-03 2.845205e-03 4.066053e-03 5.452606e-03 7.870368e-03 9.834891e-03 1.005448e-02 1.027821e-02 1.130141e-02 1.158883e-02 1.097104e-02 1.114794e-02 1.202996e-02 1.254037e-02 1.354624e-02 1.577342e-02 1.733227e-02 1.854185e-02 2.236743e-02 2.803083e-02 3.284111e-02 3.868515e-02 4.748982e-02 5.560739e-02 5.858584e-02 5.652833e-02 5.192240e-02 4.778694e-02 4.610036e-02 4.709110e-02 5.056093e-02 5.577968e-02 6.200454e-02 6.711648e-02 6.901398e-02 6.804000e-02 6.701722e-02 6.873412e-02 7.335763e-02 7.819192e-02 8.007064e-02 7.882341e-02 7.812583e-02 7.826521e-02 7.812735e-02 7.618960e-02 7.445464e-02 7.584040e-02 8.045235e-02 8.807735e-02 9.493031e-02 9.658986e-02 9.191636e-02 8.439570e-02 7.688663e-02 7.048335e-02 6.383140e-02 5.614228e-02 4.932369e-02 4.469984e-02 4.306175e-02 4.368062e-02 4.488132e-02 4.471387e-02 4.250195e-02 3.955329e-02 3.797843e-02 3.804053e-02 3.743977e-02 3.532222e-02 3.172639e-02 2.786427e-02 2.507591e-02 2.564271e-02 3.050732e-02 3.818209e-02 4.182486e-02 3.568618e-02 2.607447e-02 1.935612e-02 1.715416e-02 1.782443e-02 1.939571e-02 2.047920e-02 1.767973e-02 1.236147e-02 6.722385e-03 2.809608e-03 9.493616e-04 2.100939e-04 2.570031e-05 3.145426e-06 8.489963e-07 2.411329e-07 4.775473e-08 8.156620e-09 2.672036e-09 7.004379e-10 9.794099e-12 4.425989e-15 2.933693e-19 2.760295e-23 5.077763e-27 3.776672e-30 3.911640e-33 6.916467e-36 1.008785e-37 8.915410e-39 1.145010e-38 5.025303e-38 2.715447e-38 2.588535e-40 6.146095e-42 7.974914e-39 4.049038e-33 1.567222e-28 8.838350e-22 2.171435e-12 3.322909e-08 5.946145e-10 1.512959e-11 1.284843e-12 9.421160e-16 4.307690e-23 1.892020e-32 2.802597e-44 0.000000e+00
7.386079e-23 2.303870e-29 6.359501e-19 5.335617e-11 7.247524e-09 1.216076e-15 1.229587e-14 2.787566e-12 1.826785e-09 1.837141e-07 5.157471e-05 2.527486e-04 8.533500e-06 4.266413e-06 7.779453e-05 3.831504e-05 8.953026e-06 1.586709e-06 7.263092e-07 2.035521e-07 1.858406e-07 2.244284e-07 6.108090e-07 2.320727e-06 7.903403e-06 2.139310e-05 5.248162e-05 1.828361e-04 3.691075e-04 5.776475e-04 5.462046e-04 6.214539e-04 7.833973e-04 8.761106e-04 1.014038e-03 8.488639e-04 1.001495e-03 8.537760e-04 8.526565e-04 1.009988e-03 8.819703e-04 1.058669e-03 1.015798e-03 1.212392e-03 1.416182e-03 1.334088e-03 1.516088e-03 1.349430e-03 1.397074e-03 1.649157e-03 1.565530e-03 1.843418e-03 1.970397e-03 1.722737e-03 1.973844e-03 2.104783e-03 1.987851e-03 2.216004e-03 2.218477e-03 2.238200e-03 2.965964e-03 4.004554e-03 5.151322e-03 6.902925e-03 8.037250e-03 7.983925e-03 8.197158e-03 8.498469e-03 8.555445e-03 9.304272e-03 1.097225e-02 1.282798e-02 1.520565e-02 1.922635e-02 2.402833e-02 2.677269e-02 2.832541e-02 3.126711e-02 3.390663e-02 3.542301e-02 3.789930e-02 4.159255e-02 4.490918e-02 4.691117e-02 4.776868e-02 4.767627e-02 4.759163e-02 4.810902e-02 4.870634e-02 4.879981e-02 4.861227e-02 4.889223e-02 5.058097e-02 5.344447e-02 5.600671e-02 5.718392e-02 5.725432e-02 5.719052e-02 5.789395e-02 5.934221e-02 6.066601e-02 6.100580e-02 6.130642e-02 6.143296e-02 6.018443e-02 5.800601e-02 5.663554e-02 5.839664e-02 6.368322e-02 7.131004e-02 7.721771e-02 7.499235e-02 6.554966e-02 5.582961e-02 4.884863e-02 4.353126e-02 3.873106e-02 3.453244e-02 3.212859e-02 3.217521e-02 3.460653e-02 3.817471e-02 3.991701e-02 3.841558e-02 3.459540e-02 3.007583e-02 2.746963e-02 2.699276e-02 2.761509e-02 2.687312e-02 2.435072e-02 2.161457e-02 2.008600e-02 2.033000e-02 2.175995e-02 2.443710e-02 2.560447e-02 2.327967e-02 1.768743e-02 1.204243e-02 9.261254e-03 9.510124e-03 1.143971e-02 1.222193e-02 9.700849e-03 6.397467e-03 3.605395e-03 1.511108e-03 2.851727e-04 3.661446e-05 5.511935e-06 1.026599e-06 1.111698e-07 1.082870e-08 1.687186e-09 7.362975e-10 9.546102e-11 1.014120e-12 5.879747e-16 2.255769e-20 3.450685e-25 1.134674e-29 2.962879e-34 4.659021e-38 3.376387e-40 7.013219e-41 2.433761e-40 6.639422e-40 4.227998e-41 3.363116e-44 1.401298e-45 3.468214e-42 1.125997e-37 1.461585e-33 3.133698e-25 3.513953e-16 2.535498e-14 4.999929e-17 6.620613e-18 1.102620e-17 1.246435e-19 1.617092e-24 3.991839e-33 9.066401e-43 0.000000e+00
2.343728e-40 3.996924e-41 1.762446e-33 1.466582e-24 1.353507e-14 6.556593e-20 2.185981e-18 5.545878e-16 1.037890e-11 4.307817e-08 5.674738e-07 7.176839e-07 9.252314e-07 4.392754e-06 7.953226e-06 1.220218e-05 7.006312e-06 2.208367e-06 4.463658e-07 3.663019e-07 4.056040e-07 6.585603e-07 9.102002e-07 1.567419e-06 3.445658e-06 1.304996e-05 5.015362e-05 1.298648e-04 2.265466e-04 2.927246e-04 3.810794e-04 3.709340e-04 4.677757e-04 4.853299e-04 5.361331e-04 5.068699e-04 4.046317e-04 4.355886e-04 3.805815e-04 4.406548e-04 4.882843e-04 5.067157e-04 5.738137e-04 5.421254e-04 6.632630e-04 8.150124e-04 8.858735e-04 1.143884e-03 1.206045e-03 1.162153e-03 1.285496e-03 1.204679e-03 1.230380e-03 1.538543e-03 1.713073e-03 2.259506e-03 3.286070e-03 3.824731e-03 4.272358e-03 4.365587e-03 3.856255e-03 3.861269e-03 4.175224e-03 4.508681e-03 5.838098e-03 7.699009e-03 8.784856e-03 1.072682e-02 1.381768e-02 1.534485e-02 1.657317e-02 1.981135e-02 2.261643e-02 2.392809e-02 2.724303e-02 3.213525e-02 3.461055e-02 3.510648e-02 3.586827e-02 3.522248e-02 3.317962e-02 3.280983e-02 3.438272e-02 3.664972e-02 3.923731e-02 4.201283e-02 4.464103e-02 4.723980e-02 4.945602e-02 4.999314e-02 4.859834e-02 4.657676e-02 4.518243e-02 4.522903e-02 4.660943e-02 4.808140e-02 4.846784e-02 4.832813e-02 4.824117e-02 4.836940e-02 4.882457e-02 4.931944e-02 5.002121e-02 5.069168e-02 5.058951e-02 4.956739e-02 4.769655e-02 4.684923e-02 4.779604e-02 4.993067e-02 5.220913e-02 5.366601e-02 5.267729e-02 4.839047e-02 4.203078e-02 3.574879e-02 3.097626e-02 2.824621e-02 2.703208e-02 2.672380e-02 2.772216e-02 3.011785e-02 3.217813e-02 3.246048e-02 3.028166e-02 2.683594e-02 2.436814e-02 2.330769e-02 2.217370e-02 2.036852e-02 1.902535e-02 1.879208e-02 1.938807e-02 1.927611e-02 1.848531e-02 1.805114e-02 1.827040e-02 1.778702e-02 1.425282e-02 9.557455e-03 6.610821e-03 5.370028e-03 4.923387e-03 4.679347e-03 3.979305e-03 2.673766e-03 1.312163e-03 5.361847e-04 1.509338e-04 3.037215e-05 4.600619e-06 7.832253e-07 1.149027e-07 1.316194e-08 7.842964e-10 5.256605e-11 2.011084e-12 2.839274e-14 9.535055e-17 1.933686e-20 5.569563e-25 4.318020e-30 1.138771e-35 1.473045e-40 2.073922e-43 7.847271e-44 4.904545e-43 1.350852e-42 9.809089e-45 0.000000e+00 0.000000e+00 0.000000e+00 1.401298e-45 1.747279e-41 3.066109e-31 2.215784e-21 4.684981e-20 1.141515e-21 4.992295e-22 1.017255e-22 3.197119e-25 2.608421e-30 5.530784e-37 0.000000e+00 0.000000e+00
3.433132e-09 1.401298e-45 1.642322e-42 4.652769e-32 3.593032e-21 9.766525e-19 2.806862e-16 1.961758e-16 1.086494e-12 4.120611e-13 7.480264e-13 2.669086e-10 6.026256e-09 2.989297e-08 5.437583e-07 5.560461e-07 5.140695e-07 1.348771e-06 2.186652e-06 6.731683e-07 5.540085e-07 1.269178e-06 1.892734e-06 2.735357e-06 6.096883e-06 1.499351e-05 3.828715e-05 6.128705e-05 8.040891e-05 9.330163e-05 1.231528e-04 1.910714e-04 2.508460e-04 3.776583e-04 4.096467e-04 5.298883e-04 5.484619e-04 5.191787e-04 5.484315e-04 4.179715e-04 4.350599e-04 4.293809e-04 4.805380e-04 6.311119e-04 5.736064e-04 7.027779e-04 9.186943e-04 9.968719e-04 1.374952e-03 1.487282e-03 1.389358e-03 1.752320e-03 1.932044e-03 2.265137e-03 3.428276e-03 4.187292e-03 4.920553e-03 6.590040e-03 7.272666e-03 7.348007e-03 7.545114e-03 6.474141e-03 5.526624e-03 5.453864e-03 5.474914e-03 6.440144e-03 8.961815e-03 1.146586e-02 1.411365e-02 1.843710e-02 2.113508e-02 2.037149e-02 2.042343e-02 2.195266e-02 2.277884e-02 2.389037e-02 2.748722e-02 3.204840e-02 3.507213e-02 3.692133e-02 3.767417e-02 3.726330e-02 3.679747e-02 3.772350e-02 4.006648e-02 4.307263e-02 4.590615e-02 4.804633e-02 4.980376e-02 5.063921e-02 4.959323e-02 4.706055e-02 4.460686e-02 4.374873e-02 4.409203e-02 4.500710e-02 4.545951e-02 4.512160e-02 4.440296e-02 4.357770e-02 4.340449e-02 4.357623e-02 4.368128e-02 4.309245e-02 4.219354e-02 4.172323e-02 4.135523e-02 4.107902e-02 4.072285e-02 4.053998e-02 4.053069e-02 3.994149e-02 3.786251e-02 3.461142e-02 3.103040e-02 2.816919e-02 2.726327e-02 2.848083e-02 3.010032e-02 3.019101e-02 2.906079e-02 2.752413e-02 2.651657e-02 2.655068e-02 2.656617e-02 2.491113e-02 2.186224e-02 1.915229e-02 1.832636e-02 1.992148e-02 2.252967e-02 2.241193e-02 1.818771e-02 1.358107e-02 1.113807e-02 1.130941e-02 1.380952e-02 1.720450e-02 1.716034e-02 1.213498e-02 6.089855e-03 2.645074e-03 1.506057e-03 1.217213e-03 1.072981e-03 7.694177e-04 3.733676e-04 9.337271e-05 1.325610e-05 1.017616e-06 6.144013e-08 3.709009e-09 4.794837e-10 1.100062e-10 2.814528e-11 2.798288e-12 7.866894e-14 3.184760e-16 3.307349e-19 8.430456e-23 3.386904e-27 1.699405e-32 3.424986e-38 1.709584e-43 0.000000e+00 0.000000e+00 0.000000e+00 0.000000e+00 0.000000e+00 0.000000e+00 0.000000e+00 0.000000e+00 0.000000e+00 0.000000e+00 2.791536e-39 4.100577e-28 5.988700e-25 2.622652e-23 1.283548e-21 4.143467e-23 6.472406e-28 4.786686e-34 3.288847e-42 0.000000e+00 0.000000e+00
1.599326e-07 1.401298e-45 1.401298e-45 6.092237e-31 9.664376e-20 9.146400e-20 2.817703e-20 2.755869e-20 1.385194e-17 4.122829e-17 9.675430e-15 5.870193e-13 1.625746e-12 4.644383e-11 2.750864e-09 2.249953e-08 1.276457e-07 4.259233e-07 1.500235e-06 1.445034e-06 2.014039e-06 2.253816e-06 4.536437e-06 1.181355e-05 2.090986e-05 2.171194e-05 1.708711e-05 2.629041e-05 3.782775e-05 7.824315e-05 1.242893e-04 1.921788e-04 2.468623e-04 2.574833e-04 3.681586e-04 4.067770e-04 5.780046e-04 6.409553e-04 6.579685e-04 7.723687e-04 6.759313e-04 8.285189e-04 8.142340e-04 8.407090e-04 1.156767e-03 9.697006e-04 1.157851e-03 1.438916e-03 1.536364e-03 2.478781e-03 3.170088e-03 3.574437e-03 4.692456e-03 4.694840e-03 4.675561e-03 5.540039e-03 5.644801e-03 5.348726e-03 5.919775e-03 6.494911e-03 6.907442e-03 7.964733e-03 8.538516e-03 8.472184e-03 8.664120e-03 8.731564e-03 9.268774e-03 1.101931e-02 1.286423e-02 1.422065e-02 1.628132e-02 1.857235e-02 1.890360e-02 1.902253e-02 2.137148e-02 2.487278e-02 2.825786e-02 3.280884e-02 3.880081e-02 4.428111e-02 4.728016e-02 4.795232e-02 4.667138e-02 4.456905e-02 4.372144e-02 4.499180e-02 4.750215e-02 4.904157e-02 4.917668e-02 4.864471e-02 4.796471e-02 4.698665e-02 4.492261e-02 4.274295e-02 4.140517e-02 4.134399e-02 4.168343e-02 4.178567e-02 4.175575e-02 4.151885e-02 4.069919e-02 3.941073e-02 3.888660e-02 3.881449e-02 3.798619e-02 3.628748e-02 3.403625e-02 3.233103e-02 3.134847e-02 3.129351e-02 3.138034e-02 3.077588e-02 2.885796e-02 2.590274e-02 2.319528e-02 2.216115e-02 2.364478e-02 2.753054e-02 3.214393e-02 3.554986e-02 3.602637e-02 3.188530e-02 2.614992e-02 2.191003e-02 2.061462e-02 2.163166e-02 2.249363e-02 2.095552e-02 1.807719e-02 1.615185e-02 1.572125e-02 1.637230e-02 1.738225e-02 1.715756e-02 1.438169e-02 1.043838e-02 7.201037e-03 5.611375e-03 5.492324e-03 5.959548e-03 4.989120e-03 2.543285e-03 9.419962e-04 3.249034e-04 1.409365e-04 7.089354e-05 3.893802e-05 1.649183e-05 4.307358e-06 4.538316e-07 1.851958e-08 1.567342e-10 9.706086e-13 1.139729e-14 7.797063e-16 1.459602e-16 1.878417e-17 3.112421e-19 6.872592e-22 2.302693e-25 7.363786e-30 5.867691e-35 1.198839e-40 0.000000e+00 0.000000e+00 0.000000e+00 0.000000e+00 0.000000e+00 0.000000e+00 0.000000e+00 0.000000e+00 0.000000e+00 0.000000e+00 0.000000e+00 0.000000e+00 3.287604e-34 6.079356e-30 1.109614e-24 1.716830e-20 2.842557e-21 1.484624e-26 1.224971e-34 7.146622e-44 0.000000e+00 0.000000e+00
1.813208e-10 1.401298e-45 1.214886e-38 8.276595e-33 2.361272e-24 3.299651e-28 8.943175e-27 1.244913e-24 1.092477e-22 8.979471e-21 9.951393e-17 2.174634e-14 2.277955e-14 3.465660e-13 5.048553e-11 6.185461e-09 5.133744e-08 1.705318e-07 3.550002e-07 1.631960e-06 2.638123e-06 4.007255e-06 3.575955e-06 6.094325e-06 1.179836e-05 2.210641e-05 4.479026e-05 5.322376e-05 9.608681e-05 1.029183e-04 1.483544e-04 1.328425e-04 1.438469e-04 1.866030e-04 2.039125e-04 3.258086e-04 4.076368e-04 6.447490e-04 8.413745e-04 1.057151e-03 1.508886e-03 1.461051e-03 1.700309e-03 1.496252e-03 1.552993e-03 2.090194e-03 2.106360e-03 2.951762e-03 3.844518e-03 4.436260e-03 6.386487e-03 6.782870e-03 6.853031e-03 7.538509e-03 6.559607e-03 5.996007e-03 6.326979e-03 6.520517e-03 6.825871e-03 7.267901e-03 7.870788e-03 8.883650e-03 9.838521e-03 1.108426e-02 1.290651e-02 1.319598e-02 1.250430e-02 1.300657e-02 1.391012e-02 1.425860e-02 1.489053e-02 1.612951e-02 1.799294e-02 2.066390e-02 2.411036e-02 2.817081e-02 3.260256e-02 3.666352e-02 3.969110e-02 4.229900e-02 4.527979e-02 4.771348e-02 4.790182e-02 4.549234e-02 4.208588e-02 3.964220e-02 3.935821e-02 4.049267e-02 4.140527e-02 4.132854e-02 4.059948e-02 4.003061e-02 4.007609e-02 4.051990e-02 4.042561e-02 4.017837e-02 4.064522e-02 4.126927e-02 4.093115e-02 3.978677e-02 3.888442e-02 3.794149e-02 3.659787e-02 3.536082e-02 3.435263e-02 3.252111e-02 2.886147e-02 2.479731e-02 2.175328e-02 2.041833e-02 2.048102e-02 2.108009e-02 2.099796e-02 2.010901e-02 1.965446e-02 2.101783e-02 2.461347e-02 2.882301e-02 3.084330e-02 3.103800e-02 3.021191e-02 2.855605e-02 2.616933e-02 2.237724e-02 1.878184e-02 1.664739e-02 1.624661e-02 1.758759e-02 1.900682e-02 1.778576e-02 1.459170e-02 1.175240e-02 1.004567e-02 9.183347e-03 8.854729e-03 8.331443e-03 6.998358e-03 5.374876e-03 3.748075e-03 2.428024e-03 1.547229e-03 9.696403e-04 5.115715e-04 1.968010e-04 5.570463e-05 1.202242e-05 2.788879e-06 9.419404e-07 3.894706e-07 1.594662e-07 4.261311e-08 1.826768e-09 9.971524e-12 1.095030e-14 8.812240e-18 2.420438e-20 1.317223e-22 1.721781e-24 1.512148e-26 1.193324e-29 1.405577e-33 5.018838e-38 4.904545e-43 0.000000e+00 0.000000e+00 0.000000e+00 0.000000e+00 0.000000e+00 0.000000e+00 0.000000e+00 0.000000e+00 0.000000e+00 0.000000e+00 0.000000e+00 0.000000e+00 3.245747e-37 2.048425e-32 5.397530e-27 9.885644e-22 9.250881e-22 3.413629e-26 6.105898e-34 3.783506e-44 0.000000e+00 0.000000e+00
1.422302e-33 1.401298e-45 1.060440e-32 8.694973e-32 6.908336e-30 1.907564e-28 2.369513e-22 1.115167e-21 5.175874e-21 2.237920e-21 5.442390e-21 1.098233e-18 1.141544e-15 9.046123e-14 1.467989e-11 1.243674e-09 2.747176e-08 1.359732e-06 1.977178e-05 8.417457e-06 9.658596e-06 7.291499e-06 9.664384e-06 6.043359e-06 1.684363e-05 3.777893e-05 6.124460e-05 1.097773e-04 9.845287e-05 1.316409e-04 7.898776e-05 8.506054e-05 8.891343e-05 1.250605e-04 1.976350e-04 2.285107e-04 3.423266e-04 4.555368e-04 8.220866e-04 1.322327e-03 1.774678e-03 2.127814e-03 2.098212e-03 2.585720e-03 2.655359e-03 3.109575e-03 3.959666e-03 4.084185e-03 5.236983e-03 5.533052e-03 5.483582e-03 6.595099e-03 6.341023e-03 6.564625e-03 7.919911e-03 7.987095e-03 8.811172e-03 1.067360e-02 1.159441e-02 1.330029e-02 1.409394e-02 1.329341e-02 1.446881e-02 1.516791e-02 1.455118e-02 1.622274e-02 1.748980e-02 1.595899e-02 1.541856e-02 1.605120e-02 1.601884e-02 1.658792e-02 1.860961e-02 2.085539e-02 2.425862e-02 2.930649e-02 3.322338e-02 3.510252e-02 3.606555e-02 3.611793e-02 3.565238e-02 3.581226e-02 3.643997e-02 3.701685e-02 3.693947e-02 3.583970e-02 3.446316e-02 3.408314e-02 3.492831e-02 3.596194e-02 3.623938e-02 3.597806e-02 3.620292e-02 3.799938e-02 4.098077e-02 4.305476e-02 4.345322e-02 4.285687e-02 4.205232e-02 4.048206e-02 3.833918e-02 3.619596e-02 3.469758e-02 3.329515e-02 3.052235e-02 2.590086e-02 2.064253e-02 1.622260e-02 1.321800e-02 1.179268e-02 1.164012e-02 1.235837e-02 1.367586e-02 1.577436e-02 1.940019e-02 2.448597e-02 2.863825e-02 2.984983e-02 2.875015e-02 2.653944e-02 2.417520e-02 2.221929e-02 2.061526e-02 1.875872e-02 1.655719e-02 1.425995e-02 1.363256e-02 1.462566e-02 1.453085e-02 1.212930e-02 8.981518e-03 6.564974e-03 5.408621e-03 5.303456e-03 5.407551e-03 4.698800e-03 3.345679e-03 2.114420e-03 1.373119e-03 1.076323e-03 8.999925e-04 6.449583e-04 3.260306e-04 1.304402e-04 4.682655e-05 1.113728e-05 1.407789e-06 1.835345e-07 3.879970e-08 1.675401e-08 9.027163e-09 3.212850e-09 2.995467e-10 2.550093e-12 1.121327e-15 1.132585e-19 5.873818e-24 1.200872e-27 7.772132e-31 2.211785e-34 5.047929e-38 1.080401e-41 1.401298e-45 0.000000e+00 0.000000e+00 0.000000e+00 0.000000e+00 0.000000e+00 0.000000e+00 0.000000e+00 0.000000e+00 0.000000e+00 0.000000e+00 0.000000e+00 0.000000e+00 2.662305e-35 4.607462e-31 5.266139e-26 3.759506e-23 4.760800e-24 6.378416e-28 4.580765e-35 3.783506e-44 0.000000e+00 0.000000e+00
8.089904e-08 1.401298e-45 1.482294e-41 1.266896e-26 2.913006e-29 7.321712e-25 2.180665e-24 1.315063e-24 1.483150e-22 1.850912e-23 4.309998e-21 1.282119e-18 1.195666e-15 1.504179e-14 1.493460e-12 1.216824e-09 1.440669e-08 6.498679e-07 4.948038e-06 9.048455e-06 4.823393e-06 1.517573e-05 2.668549e-05 5.761121e-05 6.313144e-05 1.137990e-04 9.755692e-05 7.633580e-05 8.723251e-05 6.583478e-05 8.180741e-05 5.985398e-05 7.516462e-05 9.988945e-05 1.821823e-04 3.794291e-04 5.787656e-04 9.404110e-04 1.033285e-03 1.202577e-03 1.379488e-03 1.692710e-03 2.295503e-03 2.629915e-03 3.533670e-03 4.102187e-03 4.712427e-03 5.419277e-03 4.844351e-03 4.967351e-03 4.704658e-03 4.339188e-03 5.151722e-03 5.766984e-03 6.466103e-03 8.761724e-03 1.001714e-02 1.134300e-02 1.420495e-02 1.488589e-02 1.596200e-02 1.774448e-02 1.601202e-02 1.530671e-02 1.672835e-02 1.579849e-02 1.568236e-02 1.847940e-02 1.861143e-02 1.719709e-02 1.793639e-02 1.875811e-02 1.956088e-02 2.225743e-02 2.526137e-02 2.762892e-02 3.047480e-02 3.263499e-02 3.277576e-02 3.195638e-02 3.044988e-02 2.916991e-02 2.915225e-02 3.003043e-02 3.112503e-02 3.250188e-02 3.352312e-02 3.314571e-02 3.187275e-02 3.045613e-02 2.977444e-02 3.007233e-02 3.123922e-02 3.316666e-02 3.588786e-02 3.895696e-02 4.130445e-02 4.176479e-02 4.092251e-02 3.882777e-02 3.633540e-02 3.344607e-02 3.045842e-02 2.729777e-02 2.377136e-02 1.971525e-02 1.528186e-02 1.126997e-02 8.278486e-03 6.583825e-03 6.039214e-03 6.626467e-03 8.628139e-03 1.313346e-02 2.159387e-02 3.059323e-02 3.419574e-02 3.323207e-02 3.036025e-02 2.656996e-02 2.224868e-02 1.825514e-02 1.575574e-02 1.489051e-02 1.478346e-02 1.463804e-02 1.350398e-02 1.091370e-02 8.876871e-03 8.109536e-03 7.273242e-03 5.098638e-03 2.857417e-03 1.609481e-03 1.263677e-03 1.443830e-03 1.658346e-03 1.323948e-03 7.540075e-04 4.236510e-04 2.962627e-04 2.365878e-04 1.345838e-04 5.872956e-05 2.985903e-05 1.073059e-05 1.702878e-06 1.828062e-07 1.919917e-08 2.835191e-09 4.875810e-10 1.461700e-10 1.291901e-10 6.176904e-11 7.931810e-13 1.745186e-16 4.767067e-21 9.597523e-26 5.900565e-30 4.853067e-34 4.391518e-38 8.776332e-42 1.401298e-45 0.000000e+00 0.000000e+00 0.000000e+00 0.000000e+00 0.000000e+00 0.000000e+00 0.000000e+00 0.000000e+00 0.000000e+00 0.000000e+00 0.000000e+00 2.883452e-40 1.013058e-31 7.319064e-27 1.765118e-22 3.636576e-22 2.797729e-25 3.951340e-30 5.891839e-37 4.203895e-45 0.000000e+00 0.000000e+00
0.000000e+00 1.401298e-45 2.802597e-45 3.079234e-32 2.772113e-28 7.381898e-27 2.603373e-25 8.304618e-23 1.574985e-21 3.717703e-20 3.164601e-20 1.001813e-20 9.505675e-16 4.073682e-12 2.952224e-11 2.665591e-08 4.012181e-07 3.327047e-07 1.200878e-06 1.361020e-05 4.411366e-05 3.884554e-05 2.600306e-04 4.549749e-04 4.788779e-04 1.853413e-04 1.125353e-04 8.116575e-05 7.333275e-05 8.241200e-05 7.372643e-05 1.069268e-04 1.454061e-04 2.572048e-04 3.741247e-04 5.663331e-04 8.539024e-04 9.254832e-04 1.012068e-03 1.038924e-03 1.293372e-03 1.800620e-03 2.179428e-03 2.669987e-03 2.922811e-03 3.043032e-03 3.089816e-03 2.933705e-03 2.936030e-03 2.860609e-03 2.818407e-03 3.150286e-03 3.403013e-03 4.121472e-03 5.274222e-03 5.932465e-03 7.076776e-03 7.736327e-03 7.869005e-03 9.304470e-03 1.023809e-02 1.061889e-02 1.261259e-02 1.307695e-02 1.272201e-02 1.477467e-02 1.604126e-02 1.571441e-02 1.694902e-02 1.796309e-02 1.755874e-02 1.822627e-02 1.955211e-02 2.060704e-02 2.200848e-02 2.284443e-02 2.285734e-02 2.316146e-02 2.340340e-02 2.349367e-02 2.342015e-02 2.168791e-02 1.879954e-02 1.768760e-02 1.902774e-02 2.145555e-02 2.345424e-02 2.492945e-02 2.562718e-02 2.480271e-02 2.342877e-02 2.264695e-02 2.276861e-02 2.366470e-02 2.534301e-02 2.764393e-02 2.972839e-02 3.042204e-02 2.995381e-02 2.943210e-02 2.968869e-02 2.881797e-02 2.625347e-02 2.239441e-02 1.841484e-02 1.486388e-02 1.184136e-02 9.313281e-03 7.104853e-03 5.458035e-03 4.612529e-03 4.947041e-03 7.311738e-03 1.383691e-02 2.462385e-02 3.342332e-02 3.578490e-02 3.318415e-02 2.867852e-02 2.425575e-02 2.052583e-02 1.720165e-02 1.410317e-02 1.152305e-02 1.083695e-02 1.190295e-02 1.239373e-02 1.062430e-02 7.547620e-03 5.100446e-03 3.779985e-03 3.161449e-03 2.523771e-03 1.557710e-03 8.139490e-04 4.089871e-04 2.568553e-04 2.190404e-04 2.071253e-04 1.741437e-04 1.224623e-04 8.296993e-05 4.397378e-05 1.959979e-05 1.105753e-05 6.870768e-06 2.748555e-06 6.601676e-07 1.015480e-07 8.107322e-09 2.782365e-10 8.492815e-12 1.253769e-12 5.812959e-13 1.928092e-13 4.414776e-15 4.019743e-18 4.140872e-22 3.688891e-26 3.126725e-30 1.876440e-34 2.542340e-38 6.878974e-42 3.923636e-44 1.401298e-45 0.000000e+00 0.000000e+00 0.000000e+00 0.000000e+00 0.000000e+00 0.000000e+00 0.000000e+00 0.000000e+00 2.740099e-41 1.760980e-30 3.202211e-27 4.144498e-23 8.970476e-20 4.822712e-21 1.201770e-25 4.273204e-32 3.709729e-39 0.000000e+00 0.000000e+00 0.000000e+00
1.494741e-21 2.802597e-45 1.401298e-45 1.905360e-40 1.099373e-30 3.471136e-24 6.973548e-21 1.510705e-21 4.400296e-18 2.224062e-14 1.424268e-15 2.633335e-21 8.294773e-17 1.847626e-11 4.913682e-11 9.911933e-09 4.692545e-07 2.878219e-06 1.101404e-05 2.164351e-04 3.407348e-04 3.516551e-04 1.239535e-04 6.515576e-05 4.187400e-05 5.455290e-05 8.707710e-05 1.110258e-04 1.344786e-04 1.322391e-04 1.539315e-04 2.099243e-04 2.826122e-04 3.728470e-04 4.118025e-04 4.707915e-04 4.968212e-04 5.779306e-04 7.464542e-04 9.940809e-04 1.352599e-03 1.450348e-03 1.687132e-03 1.692753e-03 1.595737e-03 1.692944e-03 1.529097e-03 1.667630e-03 1.822199e-03 1.900029e-03 2.255917e-03 2.284045e-03 2.371524e-03 2.630314e-03 2.696036e-03 3.110447e-03 3.651173e-03 4.018397e-03 4.491218e-03 4.779902e-03 5.284314e-03 6.243897e-03 7.105974e-03 8.284378e-03 9.318467e-03 9.396932e-03 9.931033e-03 1.089278e-02 1.098464e-02 1.077004e-02 1.102983e-02 1.148914e-02 1.198683e-02 1.258538e-02 1.305614e-02 1.328230e-02 1.333992e-02 1.320523e-02 1.286133e-02 1.216742e-02 1.165935e-02 1.163440e-02 1.141119e-02 1.073708e-02 1.057706e-02 1.160509e-02 1.301088e-02 1.399093e-02 1.481146e-02 1.531705e-02 1.529288e-02 1.518123e-02 1.557726e-02 1.621751e-02 1.659259e-02 1.698638e-02 1.782485e-02 1.867335e-02 1.915571e-02 1.917467e-02 1.892985e-02 1.831463e-02 1.738900e-02 1.596339e-02 1.404161e-02 1.176114e-02 9.430050e-03 7.515458e-03 6.251655e-03 5.652755e-03 5.844386e-03 7.509335e-03 1.189920e-02 1.933349e-02 2.697125e-02 3.206595e-02 3.358684e-02 3.234430e-02 2.886163e-02 2.415248e-02 1.916485e-02 1.495416e-02 1.218005e-02 1.112532e-02 1.105123e-02 1.000990e-02 8.423677e-03 6.964494e-03 5.666914e-03 4.344457e-03 3.124222e-03 2.174018e-03 1.542373e-03 1.178649e-03 7.815349e-04 3.749135e-04 1.648518e-04 8.430840e-05 5.543714e-05 3.565755e-05 1.843432e-05 1.130931e-05 7.333101e-06 3.089723e-06 1.063741e-06 4.220199e-07 2.071415e-07 1.360085e-07 8.297941e-08 2.946509e-08 4.168560e-09 1.328061e-10 2.944278e-12 6.244838e-14 1.884235e-15 3.768132e-17 1.066218e-19 9.054329e-23 5.032836e-26 7.414185e-30 6.371326e-34 1.601179e-37 1.147481e-40 3.405155e-43 7.006492e-45 0.000000e+00 0.000000e+00 0.000000e+00 0.000000e+00 1.401298e-45 1.566652e-42 9.781063e-43 9.160633e-39 9.684665e-27 4.205237e-20 5.667031e-21 1.059339e-19 6.288148e-18 9.555657e-20 5.059669e-25 6.203416e-31 6.404346e-39 0.000000e+00 0.000000e+00 0.000000e+00
0.000000e+00 2.802597e-45 4.063766e-44 7.648592e-25 3.500039e-25 3.136045e-16 1.512358e-12 7.832847e-14 1.765703e-14 4.287523e-12 1.253196e-13 6.965777e-17 6.886280e-14 1.153595e-09 2.001634e-09 2.798146e-07 3.934450e-05 2.036161e-04 6.614296e-04 5.893971e-04 9.001448e-05 2.206762e-05 1.745480e-05 9.782071e-06 8.033004e-06 2.368553e-05 6.971505e-05 1.694804e-04 2.491814e-04 4.565226e-04 4.718738e-04 3.641640e-04 3.232865e-04 2.834798e-04 3.503503e-04 3.193220e-04 3.750654e-04 4.166442e-04 5.698926e-04 8.163823e-04 8.837603e-04 1.093370e-03 1.014455e-03 1.086732e-03 1.196983e-03 1.203756e-03 1.527091e-03 1.500446e-03 1.576956e-03 1.772279e-03 1.664410e-03 1.877562e-03 1.976732e-03 1.785208e-03 1.890040e-03 1.945683e-03 2.079227e-03 2.592425e-03 2.924911e-03 3.064506e-03 3.326692e-03 3.440395e-03 3.526261e-03 3.972420e-03 4.506390e-03 5.054684e-03 5.678370e-03 5.960078e-03 5.996869e-03 6.004014e-03 5.835963e-03 5.626118e-03 5.651281e-03 5.938964e-03 6.323843e-03 6.522955e-03 6.577099e-03 6.736386e-03 7.024299e-03 7.010482e-03 6.619175e-03 6.322679e-03 6.352304e-03 6.710681e-03 7.264250e-03 8.110505e-03 9.041735e-03 9.565557e-03 9.584123e-03 9.237796e-03 8.863421e-03 8.383464e-03 8.159373e-03 8.532726e-03 9.140221e-03 9.390227e-03 9.468256e-03 9.919984e-03 1.058117e-02 1.051833e-02 9.488432e-03 8.496189e-03 8.030561e-03 7.832268e-03 7.522122e-03 6.980468e-03 6.160347e-03 5.280152e-03 4.675699e-03 4.971873e-03 7.166508e-03 1.266487e-02 2.039958e-02 2.589748e-02 2.887806e-02 3.137987e-02 3.293550e-02 3.141955e-02 2.648593e-02 2.092861e-02 1.643853e-02 1.321026e-02 1.128374e-02 9.934808e-03 8.340403e-03 7.052277e-03 6.340626e-03 5.477089e-03 4.231405e-03 2.883526e-03 1.857255e-03 1.276917e-03 1.075728e-03 8.901386e-04 5.555176e-04 2.752685e-04 1.290849e-04 6.891903e-05 3.979680e-05 1.721619e-05 5.130452e-06 1.757000e-06 7.869201e-07 3.692231e-07 1.429574e-07 3.993659e-08 1.167602e-08 3.473114e-09 1.013098e-09 4.997631e-10 3.038566e-10 1.135008e-10 2.147274e-11 1.178564e-12 1.286864e-14 3.491164e-17 1.872779e-20 5.032356e-24 1.074469e-27 6.067885e-32 3.242027e-36 9.952274e-40 8.561934e-43 0.000000e+00 0.000000e+00 0.000000e+00 0.000000e+00 0.000000e+00 0.000000e+00 0.000000e+00 0.000000e+00 3.629363e-43 1.540034e-30 3.753463e-16 3.691379e-13 6.535748e-16 2.978258e-16 1.866385e-15 4.486597e-18 2.168029e-22 2.083916e-28 9.332457e-36 1.205117e-43 0.000000e+00 0.000000e+00
2.877138e-28 2.802597e-45 1.421392e-28 1.994157e-19 3.351169e-19 2.627571e-08 7.279554e-09 2.541720e-11 7.408796e-14 2.998746e-11 2.248325e-11 1.151280e-13 2.307534e-10 9.839757e-06 1.446250e-07 1.017849e-06 1.516919e-04 1.625818e-04 4.374009e-05 1.088048e-04 3.556478e-05 2.160296e-05 1.838806e-05 3.720632e-05 5.166663e-05 9.135837e-05 1.798353e-04 1.963459e-04 2.858569e-04 2.405795e-04 2.387625e-04 1.966051e-04 1.884887e-04 1.753429e-04 1.595104e-04 2.051919e-04 2.400303e-04 3.449558e-04 4.022675e-04 5.010901e-04 6.685458e-04 7.812909e-04 1.047997e-03 1.149139e-03 1.284907e-03 1.532077e-03 1.493338e-03 1.607996e-03 1.506460e-03 1.346522e-03 1.379582e-03 1.251930e-03 1.263904e-03 1.407854e-03 1.374504e-03 1.469817e-03 1.663136e-03 1.727317e-03 1.952867e-03 2.177989e-03 2.113336e-03 2.133074e-03 2.124435e-03 1.973313e-03 2.051825e-03 2.257300e-03 2.490226e-03 2.970130e-03 3.486191e-03 3.729163e-03 4.133653e-03 4.824704e-03 5.133659e-03 5.023911e-03 4.995463e-03 4.981840e-03 4.899315e-03 4.797737e-03 4.808682e-03 5.031818e-03 5.232699e-03 5.106423e-03 4.779585e-03 4.675518e-03 4.972562e-03 5.587227e-03 6.240578e-03 6.620731e-03 6.420462e-03 5.902319e-03 5.520884e-03 5.198323e-03 4.847404e-03 4.605970e-03 4.733361e-03 5.252832e-03 5.721989e-03 5.767068e-03 5.469456e-03 5.093888e-03 4.585989e-03 3.932484e-03 3.444778e-03 3.274064e-03 3.315381e-03 3.394791e-03 3.313686e-03 3.207461e-03 3.523436e-03 5.059836e-03 9.012650e-03 1.573218e-02 2.256639e-02 2.655001e-02 2.737729e-02 2.735020e-02 2.736738e-02 2.693826e-02 2.375224e-02 1.838795e-02 1.336949e-02 1.050846e-02 9.085290e-03 7.677273e-03 6.217423e-03 4.964372e-03 3.862420e-03 3.002208e-03 2.418049e-03 1.874437e-03 1.331111e-03 9.812905e-04 7.162609e-04 4.606381e-04 2.819428e-04 1.566858e-04 7.907597e-05 4.147009e-05 2.162831e-05 1.046337e-05 4.501420e-06 1.421199e-06 3.364959e-07 7.691829e-08 1.541625e-08 3.530442e-09 1.081212e-09 2.921638e-10 5.095447e-11 6.720096e-12 7.076576e-13 1.432100e-13 6.229186e-14 2.608492e-14 1.910399e-15 1.876957e-17 2.967450e-20 1.092828e-23 5.383415e-28 7.675057e-33 2.238209e-37 4.580705e-41 1.261169e-44 0.000000e+00 0.000000e+00 0.000000e+00 0.000000e+00 0.000000e+00 0.000000e+00 0.000000e+00 0.000000e+00 1.207078e-41 2.686730e-24 2.982883e-12 1.130580e-11 3.326372e-14 6.899025e-15 9.275318e-15 2.802675e-17 1.656183e-21 1.947999e-27 7.905834e-35 1.600283e-42 0.000000e+00 0.000000e+00
8.407791e-45 0.000000e+00 8.214088e-32 7.162368e-17 9.601258e-15 6.804265e-08 4.270158e-10 4.659162e-09 2.621818e-10 6.120271e-09 9.768090e-09 1.554496e-10 1.398282e-09 1.668203e-03 2.801219e-04 3.477993e-06 6.007037e-05 1.068500e-04 4.558288e-05 7.428777e-05 1.588620e-04 2.390132e-04 3.630695e-04 5.403974e-04 4.377617e-04 3.128711e-04 2.981141e-04 2.804288e-04 1.852300e-04 1.355234e-04 9.726235e-05 1.020829e-04 1.050687e-04 1.217159e-04 1.295179e-04 1.431600e-04 1.800315e-04 2.050714e-04 2.711798e-04 3.533061e-04 4.818076e-04 7.180425e-04 9.504291e-04 1.161837e-03 1.282393e-03 1.323948e-03 1.324564e-03 1.253917e-03 1.260381e-03 1.262890e-03 1.261889e-03 1.284647e-03 1.277835e-03 1.318698e-03 1.447252e-03 1.594194e-03 1.687507e-03 1.746079e-03 1.782213e-03 1.701699e-03 1.661855e-03 1.659428e-03 1.568680e-03 1.479372e-03 1.423469e-03 1.425657e-03 1.507647e-03 1.682236e-03 2.057786e-03 2.625486e-03 3.153868e-03 3.779729e-03 4.776336e-03 5.673775e-03 5.889764e-03 5.734506e-03 5.794995e-03 5.890750e-03 5.630028e-03 5.141072e-03 4.779975e-03 4.631964e-03 4.438345e-03 4.241868e-03 4.161040e-03 4.107829e-03 4.087016e-03 4.192203e-03 4.303024e-03 4.125887e-03 3.789378e-03 3.575043e-03 3.578426e-03 3.649749e-03 3.694466e-03 3.867090e-03 4.122572e-03 4.213690e-03 3.888951e-03 3.332112e-03 2.827564e-03 2.405687e-03 2.080817e-03 1.857078e-03 1.808029e-03 1.985673e-03 2.347164e-03 3.116510e-03 4.781332e-03 7.817226e-03 1.178117e-02 1.567031e-02 1.949027e-02 2.268403e-02 2.358698e-02 2.187596e-02 1.928742e-02 1.720151e-02 1.480068e-02 1.233627e-02 1.003820e-02 7.945569e-03 5.947415e-03 4.568661e-03 3.626629e-03 2.801447e-03 2.069116e-03 1.578559e-03 1.246857e-03 9.692254e-04 8.351311e-04 7.190823e-04 4.864966e-04 3.016733e-04 1.984559e-04 1.251003e-04 6.776083e-05 3.024374e-05 1.199148e-05 5.447958e-06 2.969683e-06 1.508516e-06 6.704504e-07 2.356700e-07 5.017198e-08 6.360496e-09 6.258375e-10 1.001821e-10 1.874024e-11 1.531510e-12 4.092250e-14 1.025510e-15 3.618696e-17 2.146721e-18 1.186111e-19 4.442252e-21 6.352761e-23 1.206086e-25 1.112726e-29 2.954097e-34 1.368859e-38 1.705380e-42 0.000000e+00 0.000000e+00 0.000000e+00 0.000000e+00 0.000000e+00 0.000000e+00 0.000000e+00 0.000000e+00 0.000000e+00 1.868703e-39 1.246253e-22 5.906949e-15 1.243274e-14 8.326951e-17 7.908694e-17 4.753356e-17 7.506512e-20 2.963203e-24 1.006647e-30 6.972218e-39 0.000000e+00 0.000000e+00 0.000000e+00
1.221710e-16 0.000000e+00 1.263384e-35 3.630297e-19 2.443369e-18 1.621906e-11 4.774824e-12 1.055867e-09 4.424954e-10 8.937184e-06 7.412610e-06 8.503951e-09 5.409428e-10 1.659689e-04 1.880888e-04 7.260966e-06 2.309115e-04 9.479743e-04 1.969225e-04 2.103778e-04 3.966538e-04 3.753520e-04 2.050408e-04 3.976607e-04 5.072215e-04 4.229840e-04 2.362122e-04 1.151433e-04 5.468210e-05 4.717300e-05 5.771555e-05 6.084409e-05 6.471349e-05 6.881772e-05 1.015224e-04 1.360150e-04 1.780324e-04 2.144622e-04 2.595101e-04 3.375208e-04 3.864687e-04 4.678235e-04 5.188982e-04 5.890694e-04 6.384563e-04 6.750390e-04 7.564939e-04 7.553525e-04 8.215192e-04 9.300176e-04 1.015863e-03 1.245563e-03 1.321754e-03 1.352852e-03 1.407362e-03 1.329847e-03 1.473562e-03 1.591903e-03 1.504336e-03 1.542695e-03 1.449725e-03 1.253146e-03 1.239069e-03 1.216369e-03 1.115032e-03 1.106276e-03 1.174640e-03 1.224520e-03 1.296440e-03 1.523321e-03 1.934384e-03 2.450710e-03 2.993727e-03 3.698964e-03 4.635826e-03 5.256156e-03 5.451889e-03 5.684753e-03 5.845436e-03 5.591482e-03 5.181142e-03 5.058823e-03 5.052248e-03 4.966823e-03 4.866527e-03 4.771093e-03 4.527375e-03 4.175165e-03 3.988857e-03 3.963212e-03 3.865193e-03 3.668848e-03 3.597811e-03 3.800034e-03 3.981858e-03 3.925287e-03 3.708308e-03 3.551031e-03 3.357296e-03 2.991109e-03 2.549207e-03 2.147147e-03 1.875120e-03 1.710115e-03 1.690505e-03 1.949382e-03 2.785484e-03 4.886156e-03 8.596595e-03 1.233942e-02 1.420402e-02 1.490132e-02 1.583052e-02 1.750784e-02 1.916792e-02 1.910409e-02 1.629532e-02 1.272996e-02 1.025040e-02 8.869180e-03 7.361813e-03 5.224256e-03 3.516613e-03 2.573293e-03 2.052828e-03 1.656507e-03 1.195152e-03 8.148680e-04 5.796806e-04 5.559150e-04 6.370316e-04 5.597672e-04 3.709973e-04 2.287539e-04 1.386598e-04 8.958255e-05 5.800039e-05 3.126675e-05 1.597749e-05 7.247031e-06 2.571396e-06 7.419221e-07 2.755608e-07 1.499517e-07 8.258060e-08 3.217819e-08 6.623522e-09 9.086781e-10 9.192767e-11 5.541540e-12 1.724382e-13 1.970099e-15 6.165928e-18 1.269209e-20 3.982688e-23 2.023458e-25 1.061569e-27 2.108525e-30 9.099691e-34 2.097570e-37 5.684647e-41 9.809089e-45 0.000000e+00 0.000000e+00 0.000000e+00 0.000000e+00 0.000000e+00 0.000000e+00 0.000000e+00 0.000000e+00 0.000000e+00 1.506973e-38 2.938262e-25 2.871725e-20 2.329460e-20 4.153910e-21 7.251774e-20 7.362599e-20 2.085985e-23 3.319799e-28 2.294811e-35 5.745324e-44 0.000000e+00 0.000000e+00 0.000000e+00
3.121336e-08 7.187820e-41 1.429601e-25 7.386591e-19 9.903445e-19 1.367135e-10 4.998633e-11 1.057833e-07 1.171235e-07 1.703807e-04 8.323479e-05 2.568655e-06 7.147311e-09 8.250476e-05 3.953492e-04 1.305051e-04 1.184361e-04 7.263529e-05 2.922498e-05 4.200654e-05 1.479801e-04 1.417277e-04 6.263214e-05 9.119343e-05 1.083648e-04 7.918155e-05 7.097873e-05 4.730625e-05 5.125190e-05 4.915756e-05 5.241805e-05 4.496864e-05 4.506551e-05 5.732551e-05 7.563020e-05 1.349808e-04 1.799913e-04 2.410626e-04 2.394787e-04 2.244558e-04 2.205683e-04 2.069932e-04 2.423191e-04 2.716070e-04 3.443556e-04 4.416248e-04 4.991131e-04 6.073804e-04 6.471868e-04 7.053738e-04 7.908492e-04 7.817848e-04 8.590675e-04 8.996056e-04 9.357096e-04 1.083608e-03 1.103661e-03 1.158885e-03 1.284960e-03 1.215381e-03 1.165863e-03 1.207454e-03 1.115641e-03 1.055709e-03 1.181247e-03 1.235347e-03 1.181366e-03 1.292067e-03 1.462046e-03 1.480088e-03 1.549604e-03 1.801986e-03 2.074037e-03 2.338209e-03 2.759144e-03 3.309396e-03 4.008793e-03 4.793647e-03 5.536171e-03 6.081053e-03 6.229117e-03 6.313568e-03 6.696981e-03 7.128465e-03 7.119969e-03 6.789975e-03 6.571864e-03 6.326849e-03 5.847948e-03 5.425227e-03 5.343182e-03 5.499965e-03 5.511826e-03 5.424099e-03 5.321484e-03 5.114025e-03 4.667856e-03 4.149099e-03 3.722323e-03 3.355187e-03 2.916920e-03 2.496251e-03 2.271269e-03 2.214993e-03 2.378943e-03 3.116929e-03 5.068744e-03 8.875262e-03 1.334966e-02 1.581159e-02 1.580203e-02 1.471196e-02 1.351901e-02 1.257803e-02 1.233495e-02 1.267350e-02 1.282234e-02 1.216629e-02 9.820289e-03 7.310345e-03 5.344565e-03 3.973252e-03 2.763583e-03 1.743484e-03 1.098737e-03 8.183384e-04 7.292785e-04 6.653524e-04 5.555965e-04 4.386296e-04 3.245847e-04 2.486020e-04 2.129005e-04 1.598664e-04 9.560681e-05 6.077235e-05 3.710852e-05 2.173351e-05 1.666541e-05 1.248468e-05 5.228792e-06 1.206947e-06 2.400904e-07 4.986224e-08 1.451910e-08 8.525904e-09 7.117588e-09 2.989492e-09 4.534567e-10 5.306420e-11 7.035806e-12 1.980593e-13 4.334100e-16 1.214519e-19 3.240506e-23 1.206570e-26 2.886204e-30 8.147450e-34 3.045073e-37 1.795540e-40 2.410233e-43 0.000000e+00 0.000000e+00 0.000000e+00 0.000000e+00 0.000000e+00 0.000000e+00 0.000000e+00 0.000000e+00 0.000000e+00 0.000000e+00 9.427412e-39 2.420391e-28 9.036404e-26 7.998972e-26 6.038679e-24 3.644601e-20 3.732884e-20 4.621110e-24 4.569112e-30 1.718851e-37 0.000000e+00 0.000000e+00 0.000000e+00 0.000000e+00
3.148349e-32 2.802597e-45 9.665947e-35 9.873203e-17 5.887088e-14 1.929952e-09 5.777381e-09 4.682025e-05 3.003116e-07 9.230333e-06 1.841965e-05 5.075486e-05 5.250710e-09 1.248918e-05 2.141498e-05 2.676883e-06 2.528370e-06 9.038966e-06 1.676296e-05 6.305097e-06 3.555231e-05 4.191971e-05 1.874979e-05 2.189088e-05 2.916572e-05 3.621684e-05 3.400119e-05 4.768674e-05 3.651717e-05 3.643737e-05 2.928740e-05 3.276804e-05 3.970951e-05 5.519535e-05 9.369839e-05 1.220054e-04 1.674804e-04 1.726156e-04 1.873952e-04 1.934756e-04 1.886450e-04 2.107782e-04 2.198431e-04 2.410478e-04 2.763701e-04 3.208863e-04 3.929549e-04 4.203593e-04 4.330857e-04 4.638578e-04 4.666009e-04 4.804313e-04 4.703318e-04 4.630231e-04 4.736176e-04 4.884934e-04 5.923092e-04 7.316219e-04 8.204694e-04 9.864250e-04 1.108289e-03 1.058441e-03 1.119873e-03 1.154489e-03 1.011029e-03 1.049581e-03 1.204931e-03 1.203011e-03 1.295857e-03 1.573525e-03 1.777098e-03 1.965896e-03 2.189948e-03 2.390909e-03 2.531785e-03 2.682122e-03 3.050398e-03 3.774042e-03 4.787392e-03 5.953796e-03 6.978440e-03 7.575227e-03 7.953020e-03 8.547154e-03 9.188225e-03 9.194442e-03 8.602078e-03 8.312305e-03 8.539428e-03 8.710901e-03 8.362507e-03 7.864470e-03 7.478659e-03 7.074101e-03 6.589023e-03 6.086926e-03 5.650800e-03 5.220865e-03 4.785395e-03 4.440085e-03 4.103083e-03 3.599855e-03 3.132685e-03 3.119229e-03 4.022795e-03 6.636279e-03 1.111379e-02 1.596703e-02 1.854620e-02 1.797050e-02 1.558817e-02 1.298224e-02 1.117280e-02 1.028853e-02 9.916190e-03 9.613106e-03 9.769419e-03 9.875552e-03 8.751438e-03 6.691962e-03 4.443666e-03 2.870219e-03 1.938304e-03 1.333013e-03 8.377426e-04 5.066714e-04 3.474020e-04 3.478778e-04 4.217536e-04 3.928938e-04 2.594379e-04 1.517053e-04 1.013843e-04 6.154158e-05 3.505378e-05 2.406093e-05 1.738315e-05 1.187673e-05 1.012008e-05 8.661645e-06 5.764181e-06 2.662528e-06 6.941276e-07 1.169948e-07 1.705555e-08 4.438954e-09 2.057574e-09 6.027445e-10 1.139946e-10 2.348505e-11 9.664038e-12 2.764098e-12 4.954438e-14 8.383121e-17 1.944973e-20 6.682054e-25 2.275636e-29 1.454028e-33 1.250825e-37 6.325882e-41 1.050974e-43 0.000000e+00 0.000000e+00 0.000000e+00 0.000000e+00 0.000000e+00 0.000000e+00 0.000000e+00 0.000000e+00 0.000000e+00 0.000000e+00 8.688050e-44 4.190304e-36 1.770947e-33 7.007445e-31 9.228295e-25 7.555517e-19 1.111915e-18 1.794479e-22 1.518416e-28 3.183883e-37 0.000000e+00 0.000000e+00 0.000000e+00 0.000000e+00
0.000000e+00 0.000000e+00 5.905376e-31 4.249883e-19 4.271881e-12 2.672272e-13 3.293624e-07 3.540941e-04 8.162326e-10 2.201431e-07 3.853642e-05 5.902110e-04 8.438440e-08 1.676533e-06 1.564861e-06 1.807337e-07 2.958087e-09 7.400222e-08 3.054836e-06 1.999648e-06 7.606166e-07 4.808497e-07 5.620919e-07 2.885557e-06 7.631475e-06 8.323835e-06 1.653090e-05 1.962072e-05 2.967239e-05 2.799036e-05 4.214421e-05 4.666943e-05 5.310954e-05 6.490764e-05 7.655995e-05 1.127960e-04 1.172016e-04 1.242660e-04 1.305239e-04 1.424052e-04 1.887797e-04 2.104978e-04 2.515183e-04 2.617889e-04 2.257063e-04 2.301909e-04 2.263585e-04 2.571685e-04 2.911002e-04 2.956531e-04 3.457486e-04 3.918879e-04 4.296702e-04 4.686741e-04 4.753646e-04 4.983363e-04 5.225198e-04 5.793038e-04 7.079563e-04 7.798438e-04 8.299195e-04 9.457442e-04 9.447042e-04 9.321304e-04 1.014942e-03 9.735730e-04 9.167247e-04 9.926411e-04 1.099954e-03 1.201032e-03 1.437714e-03 1.757518e-03 2.023239e-03 2.340238e-03 2.663539e-03 2.822445e-03 2.967023e-03 3.337285e-03 3.915310e-03 4.674313e-03 5.593945e-03 6.592401e-03 7.461044e-03 7.997030e-03 8.376011e-03 8.763861e-03 8.965014e-03 9.027475e-03 9.283004e-03 1.004608e-02 1.066180e-02 1.025352e-02 9.036728e-03 7.721498e-03 6.660590e-03 5.858499e-03 5.353304e-03 5.046342e-03 4.792078e-03 4.549791e-03 4.442133e-03 4.600751e-03 5.093811e-03 6.158037e-03 8.241404e-03 1.199505e-02 1.674893e-02 2.079293e-02 2.200784e-02 2.020735e-02 1.701832e-02 1.347916e-02 1.046756e-02 8.437144e-03 7.613546e-03 7.710893e-03 7.736207e-03 6.715395e-03 5.433938e-03 4.465567e-03 3.525277e-03 2.486097e-03 1.550216e-03 9.829972e-04 6.832065e-04 4.957279e-04 3.951741e-04 3.511117e-04 2.963683e-04 2.350114e-04 1.696801e-04 1.020065e-04 5.400800e-05 2.678165e-05 1.206106e-05 6.083155e-06 3.960748e-06 3.079525e-06 2.455927e-06 2.000472e-06 1.922575e-06 1.399673e-06 6.844384e-07 2.405569e-07 4.598622e-08 7.545611e-09 9.996475e-10 9.786399e-11 8.993101e-12 7.462594e-13 1.010549e-13 2.264287e-14 1.640233e-15 5.734614e-17 9.100240e-20 3.219533e-24 7.269538e-29 1.424731e-33 4.257233e-38 2.471330e-41 5.745324e-44 0.000000e+00 0.000000e+00 0.000000e+00 0.000000e+00 0.000000e+00 0.000000e+00 0.000000e+00 0.000000e+00 0.000000e+00 0.000000e+00 0.000000e+00 0.000000e+00 0.000000e+00 2.351791e-38 2.145484e-27 1.352293e-21 6.021752e-21 1.491291e-23 2.115947e-28 1.137864e-35 7.006492e-45 0.000000e+00 0.000000e+00 0.000000e+00
0.000000e+00 2.802597e-45 1.273920e-40 2.660270e-21 2.952850e-12 1.186706e-14 3.908757e-09 1.097927e-06 3.069447e-10 8.699354e-08 1.121675e-07 2.847173e-06 1.266589e-09 9.612432e-10 5.894419e-10 3.899380e-09 2.495849e-10 1.712706e-09 6.257386e-08 1.096750e-08 3.820656e-08 7.890528e-08 1.579638e-07 5.908956e-07 1.050956e-06 1.455490e-06 2.583406e-06 7.925390e-06 1.149607e-05 2.334404e-05 2.905956e-05 3.904935e-05 4.389960e-05 5.041884e-05 7.888280e-05 1.001234e-04 1.443201e-04 1.496797e-04 1.484726e-04 1.568795e-04 1.517584e-04 1.917478e-04 2.149285e-04 2.451599e-04 2.646661e-04 2.400009e-04 2.581348e-04 2.710687e-04 2.955702e-04 3.642736e-04 4.023491e-04 4.680267e-04 5.892147e-04 6.771185e-04 7.566232e-04 7.754841e-04 7.557123e-04 7.396091e-04 7.035270e-04 7.431898e-04 7.926645e-04 7.974419e-04 8.938850e-04 9.876856e-04 1.000457e-03 1.074670e-03 1.126320e-03 1.118251e-03 1.166552e-03 1.234628e-03 1.353445e-03 1.557279e-03 1.794924e-03 2.090653e-03 2.533840e-03 2.994555e-03 3.252860e-03 3.488078e-03 3.928180e-03 4.451666e-03 4.900951e-03 5.400144e-03 6.122675e-03 6.782214e-03 7.093895e-03 7.301519e-03 7.632394e-03 7.977898e-03 8.137657e-03 8.153358e-03 8.219408e-03 8.199167e-03 7.778431e-03 6.926364e-03 5.901149e-03 4.871556e-03 4.047402e-03 3.602058e-03 3.516208e-03 3.624101e-03 3.886709e-03 4.643266e-03 6.564572e-03 1.020939e-02 1.483739e-02 1.824530e-02 1.912614e-02 1.919023e-02 1.889029e-02 1.750084e-02 1.483943e-02 1.199522e-02 9.905875e-03 8.684710e-03 8.225421e-03 7.620525e-03 6.549396e-03 5.245923e-03 3.920371e-03 2.750490e-03 1.928348e-03 1.394648e-03 9.641577e-04 6.275671e-04 3.915350e-04 3.004503e-04 3.093914e-04 3.260088e-04 2.983181e-04 2.067805e-04 1.178626e-04 6.068051e-05 2.988845e-05 1.539985e-05 6.867748e-06 2.800446e-06 1.156667e-06 4.536087e-07 1.957765e-07 1.183235e-07 8.751257e-08 7.176959e-08 6.204959e-08 4.145026e-08 1.585619e-08 2.531304e-09 1.187840e-10 3.681794e-12 1.202182e-13 4.375013e-15 1.379551e-16 5.316828e-18 1.438720e-19 1.689212e-21 3.954774e-24 5.864462e-28 1.373188e-32 2.007007e-37 4.592055e-42 7.006492e-45 1.401298e-45 1.401298e-45 0.000000e+00 0.000000e+00 0.000000e+00 0.000000e+00 0.000000e+00 0.000000e+00 0.000000e+00 0.000000e+00 0.000000e+00 0.000000e+00 0.000000e+00 0.000000e+00 0.000000e+00 2.161373e-34 4.544061e-28 3.395114e-28 2.751523e-29 1.255786e-32 1.118580e-37 3.783506e-44 0.000000e+00 0.000000e+00 0.000000e+00
0.000000e+00 0.000000e+00 1.401298e-45 5.147251e-36 1.874381e-22 1.539171e-23 3.114176e-14 9.140674e-12 1.604390e-11 8.588664e-09 3.755402e-10 1.940046e-09 5.209189e-12 4.256389e-14 2.658681e-14 4.026648e-12 3.477248e-12 1.236883e-10 2.141688e-09 2.867846e-09 2.713703e-08 1.916631e-07 6.082735e-08 6.287939e-08 1.177520e-07 2.353395e-07 6.528620e-07 1.533235e-06 4.234265e-06 6.884331e-06 1.693859e-05 2.090322e-05 2.982123e-05 4.563177e-05 6.739124e-05 1.184018e-04 1.436675e-04 1.914927e-04 1.921188e-04 1.739047e-04 1.685616e-04 1.440338e-04 1.682334e-04 1.981525e-04 2.318647e-04 2.887186e-04 2.992748e-04 3.331658e-04 3.701782e-04 3.657031e-04 4.331782e-04 4.787979e-04 5.148906e-04 6.575402e-04 7.832351e-04 8.924003e-04 9.956844e-04 1.035284e-03 1.051363e-03 1.026924e-03 1.015334e-03 1.029147e-03 1.067664e-03 1.191879e-03 1.393671e-03 1.625750e-03 1.756524e-03 1.869977e-03 2.054555e-03 2.137901e-03 2.190050e-03 2.379728e-03 2.652211e-03 2.882722e-03 3.105385e-03 3.526787e-03 4.117427e-03 4.472224e-03 4.636247e-03 5.121238e-03 5.783362e-03 6.069426e-03 6.107577e-03 6.291681e-03 6.564571e-03 6.700228e-03 6.747305e-03 6.579589e-03 6.112889e-03 5.503992e-03 5.030477e-03 4.731497e-03 4.498130e-03 4.139383e-03 3.625492e-03 3.016317e-03 2.443735e-03 2.063701e-03 1.993036e-03 2.301419e-03 3.127371e-03 4.559241e-03 7.094273e-03 1.106730e-02 1.551952e-02 1.801615e-02 1.708899e-02 1.483321e-02 1.287094e-02 1.171847e-02 1.089900e-02 9.692623e-03 8.320814e-03 7.577036e-03 7.201145e-03 6.204166e-03 4.770292e-03 3.382361e-03 2.252763e-03 1.415701e-03 8.776392e-04 5.805287e-04 4.319256e-04 3.569706e-04 3.119814e-04 3.007991e-04 2.855321e-04 2.836776e-04 2.606388e-04 1.678445e-04 8.291226e-05 3.538256e-05 1.394471e-05 6.551992e-06 3.773297e-06 2.076980e-06 8.011502e-07 2.197492e-07 5.017040e-08 8.696251e-09 1.967812e-09 8.525784e-10 4.849467e-10 4.050775e-10 3.281868e-10 9.233472e-11 5.251883e-12 5.766848e-14 3.053571e-16 1.734341e-18 1.454075e-20 1.831723e-22 1.282086e-24 3.137591e-27 4.134811e-30 1.433408e-33 4.287947e-38 4.372051e-43 1.401298e-45 1.401298e-45 0.000000e+00 0.000000e+00 0.000000e+00 0.000000e+00 0.000000e+00 0.000000e+00 0.000000e+00 0.000000e+00 0.000000e+00 0.000000e+00 0.000000e+00 0.000000e+00 0.000000e+00 0.000000e+00 0.000000e+00 8.361534e-40 5.312781e-36 2.278044e-34 1.691900e-36 5.970888e-39 1.886148e-42 0.000000e+00 0.000000e+00 0.000000e+00 0.000000e+00
0.000000e+00 0.000000e+00 0.000000e+00 2.608657e-41 5.150633e-32 2.623100e-30 5.303703e-19 9.135231e-18 8.834404e-18 1.530510e-14 3.913796e-15 5.541366e-14 2.257656e-16 2.011539e-14 4.566142e-12 1.297204e-11 2.491602e-12 4.439371e-11 1.365332e-09 9.490596e-10 3.148247e-08 4.896775e-08 2.050940e-08 8.103166e-09 9.747493e-09 1.917578e-08 6.160516e-08 3.236848e-07 8.209939e-07 2.118992e-06 4.002224e-06 1.154388e-05 1.986621e-05 3.704831e-05 5.878105e-05 8.960256e-05 1.431465e-04 1.571071e-04 1.944433e-04 1.946935e-04 1.991486e-04 2.058562e-04 1.912245e-04 2.228879e-04 2.445443e-04 2.790501e-04 3.636882e-04 4.007121e-04 4.698663e-04 5.180927e-04 4.920615e-04 5.592023e-04 5.990069e-04 6.284183e-04 7.771992e-04 9.305083e-04 1.144063e-03 1.383024e-03 1.531377e-03 1.702754e-03 1.853502e-03 1.921599e-03 2.074118e-03 2.244800e-03 2.370769e-03 2.688194e-03 3.081477e-03 3.329947e-03 3.617937e-03 4.062019e-03 4.535358e-03 4.761247e-03 4.933537e-03 5.568271e-03 6.303135e-03 6.401123e-03 6.486281e-03 7.129056e-03 7.445757e-03 7.023182e-03 6.892435e-03 7.283256e-03 7.384878e-03 6.825499e-03 6.048407e-03 5.508621e-03 5.208581e-03 4.888876e-03 4.435962e-03 3.768079e-03 3.105583e-03 2.640210e-03 2.367937e-03 2.163577e-03 1.931312e-03 1.629754e-03 1.345823e-03 1.134955e-03 1.101542e-03 1.374316e-03 2.298843e-03 4.287675e-03 7.302301e-03 9.872852e-03 1.107377e-02 1.161008e-02 1.146793e-02 1.040958e-02 8.620047e-03 7.011947e-03 6.052152e-03 5.529266e-03 5.173632e-03 4.790013e-03 4.218603e-03 3.652504e-03 3.040790e-03 2.276131e-03 1.562260e-03 1.018598e-03 6.459258e-04 4.044104e-04 2.623279e-04 2.053834e-04 1.998494e-04 2.007839e-04 1.712163e-04 1.289659e-04 9.051412e-05 6.185220e-05 3.977359e-05 2.047765e-05 7.517806e-06 2.931890e-06 1.529143e-06 8.404937e-07 4.068139e-07 1.698597e-07 4.683118e-08 6.650885e-09 7.347272e-10 8.903961e-11 1.600888e-11 5.575924e-12 2.358498e-12 9.809205e-13 1.576336e-13 3.625282e-15 1.698599e-17 2.097182e-20 2.179599e-23 2.312907e-26 1.453310e-29 1.475277e-32 1.748546e-35 5.998202e-39 3.349103e-43 0.000000e+00 0.000000e+00 0.000000e+00 0.000000e+00 0.000000e+00 0.000000e+00 0.000000e+00 0.000000e+00 0.000000e+00 0.000000e+00 0.000000e+00 0.000000e+00 0.000000e+00 0.000000e+00 0.000000e+00 0.000000e+00 0.000000e+00 0.000000e+00 2.802597e-43 4.778264e-38 1.105664e-38 6.305409e-40 5.745324e-43 0.000000e+00 0.000000e+00 0.000000e+00 0.000000e+00 0.000000e+00
0.000000e+00 0.000000e+00 1.401298e-45 1.401298e-45 4.049753e-43 2.724553e-31 1.459927e-23 5.577529e-24 6.735698e-21 1.736245e-17 2.908187e-18 5.170811e-16 2.362700e-16 1.438341e-14 6.291770e-12 5.999051e-11 4.547368e-12 3.998876e-10 3.906847e-08 4.414095e-09 1.148685e-08 6.781808e-09 2.673419e-09 3.516197e-09 3.917639e-09 7.395682e-09 1.309311e-08 9.424372e-08 3.856254e-07 1.161575e-06 3.055306e-06 6.272729e-06 1.537630e-05 2.256521e-05 3.784672e-05 5.281358e-05 8.534380e-05 1.223133e-04 1.363735e-04 1.687884e-04 1.801694e-04 2.244207e-04 2.621487e-04 2.766282e-04 3.316441e-04 3.308293e-04 3.613636e-04 4.451879e-04 4.888555e-04 6.037063e-04 6.746953e-04 7.121898e-04 8.561239e-04 9.142234e-04 1.000823e-03 1.164850e-03 1.274541e-03 1.559013e-03 1.866747e-03 2.066120e-03 2.358224e-03 2.618953e-03 2.940373e-03 3.410010e-03 3.668154e-03 3.888265e-03 4.336972e-03 4.609381e-03 4.962382e-03 5.633156e-03 6.254807e-03 7.150216e-03 8.025120e-03 8.345494e-03 9.155175e-03 1.059812e-02 1.101536e-02 1.038519e-02 1.030246e-02 1.038965e-02 9.517369e-03 8.619187e-03 8.219658e-03 7.452414e-03 5.970874e-03 4.488683e-03 3.490992e-03 2.921544e-03 2.610321e-03 2.324337e-03 1.976381e-03 1.642813e-03 1.411975e-03 1.278749e-03 1.189260e-03 1.049102e-03 8.876278e-04 7.773116e-04 8.273061e-04 1.174524e-03 2.123001e-03 3.932056e-03 6.306394e-03 7.977947e-03 8.218934e-03 7.503780e-03 6.540878e-03 5.815009e-03 4.963275e-03 3.986402e-03 3.267926e-03 2.989156e-03 2.930953e-03 2.687477e-03 2.194955e-03 1.686938e-03 1.318876e-03 1.009422e-03 6.559574e-04 3.807058e-04 2.398853e-04 1.802482e-04 1.626833e-04 1.729288e-04 2.034495e-04 2.378529e-04 2.122556e-04 1.205736e-04 5.430365e-05 2.329376e-05 1.178086e-05 6.989191e-06 4.125901e-06 2.231732e-06 9.387881e-07 3.289058e-07 1.258663e-07 5.074282e-08 1.895372e-08 5.761464e-09 1.322637e-09 2.134961e-10 2.887237e-11 4.703355e-12 8.387703e-13 1.284494e-13 1.301392e-14 6.602585e-16 1.516021e-17 6.174010e-20 3.765145e-23 4.978232e-27 1.711004e-31 1.425434e-35 4.543225e-39 4.035740e-43 0.000000e+00 0.000000e+00 0.000000e+00 0.000000e+00 0.000000e+00 0.000000e+00 0.000000e+00 0.000000e+00 0.000000e+00 0.000000e+00 0.000000e+00 0.000000e+00 0.000000e+00 0.000000e+00 0.000000e+00 0.000000e+00 0.000000e+00 0.000000e+00 0.000000e+00 1.541428e-42 5.548301e-41 7.020786e-41 2.407431e-42 0.000000e+00 0.000000e+00 0.000000e+00 0.000000e+00 0.000000e+00 0.000000e+00
0.000000e+00 0.000000e+00 0.000000e+00 1.401298e-45 1.401298e-45 2.606798e-39 3.430422e-34 1.170765e-26 3.209711e-22 2.952675e-20 2.317330e-17 1.772545e-12 2.226151e-15 1.008892e-15 3.107919e-13 6.742851e-10 1.273006e-12 1.709332e-11 1.842788e-08 2.675422e-09 9.189531e-09 1.011956e-08 4.964982e-09 2.425417e-09 6.340296e-09 2.123847e-08 4.260695e-08 7.765138e-08 2.393421e-07 4.882881e-07 1.417538e-06 3.001368e-06 6.242851e-06 1.339782e-05 2.290548e-05 4.684609e-05 6.705908e-05 1.172331e-04 1.550705e-04 1.680971e-04 2.069033e-04 2.205289e-04 2.879282e-04 3.310376e-04 3.471590e-04 4.000129e-04 3.819703e-04 4.451291e-04 5.555527e-04 6.349406e-04 8.503274e-04 9.854797e-04 1.163237e-03 1.533154e-03 1.705152e-03 1.930283e-03 2.209362e-03 2.244792e-03 2.435729e-03 2.766406e-03 2.910702e-03 3.045680e-03 3.314712e-03 3.801404e-03 4.304977e-03 4.572129e-03 4.943041e-03 5.421496e-03 5.584170e-03 5.951747e-03 6.802769e-03 7.462369e-03 8.132125e-03 9.234573e-03 9.998681e-03 1.045241e-02 1.148477e-02 1.220812e-02 1.196929e-02 1.173270e-02 1.140399e-02 1.025488e-02 8.629139e-03 7.213746e-03 5.787573e-03 4.298548e-03 3.035974e-03 2.126436e-03 1.590504e-03 1.286625e-03 1.111146e-03 1.008340e-03 9.363244e-04 8.669635e-04 8.056231e-04 7.676345e-04 7.752130e-04 8.514618e-04 1.049693e-03 1.523811e-03 2.456200e-03 3.579075e-03 4.416985e-03 4.882389e-03 5.206288e-03 5.192406e-03 4.550633e-03 3.672577e-03 2.856463e-03 2.253423e-03 1.864883e-03 1.564190e-03 1.364950e-03 1.226777e-03 1.001647e-03 6.678390e-04 4.280715e-04 3.192332e-04 2.812441e-04 2.542929e-04 2.069438e-04 1.683654e-04 1.645111e-04 1.744410e-04 1.617639e-04 1.291369e-04 9.140964e-05 6.219739e-05 3.281550e-05 1.312501e-05 5.117315e-06 2.480838e-06 1.756996e-06 1.500317e-06 9.460813e-07 3.786982e-07 1.317921e-07 4.436775e-08 1.328388e-08 4.046881e-09 1.519588e-09 5.328025e-10 1.686007e-10 5.001416e-11 7.489140e-12 4.620014e-13 2.369453e-14 1.597306e-15 1.958716e-16 8.510883e-18 1.138375e-20 1.429800e-24 2.941426e-29 4.653511e-34 3.484931e-38 6.459986e-43 0.000000e+00 0.000000e+00 0.000000e+00 0.000000e+00 0.000000e+00 0.000000e+00 0.000000e+00 0.000000e+00 0.000000e+00 0.000000e+00 0.000000e+00 0.000000e+00 0.000000e+00 0.000000e+00 0.000000e+00 0.000000e+00 0.000000e+00 0.000000e+00 0.000000e+00 7.006492e-45 2.802597e-45 0.000000e+00 0.000000e+00 0.000000e+00 0.000000e+00 0.000000e+00 0.000000e+00 0.000000e+00 0.000000e+00
0.000000e+00 0.000000e+00 1.401298e-45 1.401298e-45 1.401298e-45 6.614129e-43 1.191980e-34 3.601092e-21 1.317777e-21 9.920272e-19 1.007385e-17 1.477941e-14 1.133420e-15 5.094976e-16 2.156672e-15 9.024613e-11 9.383232e-11 5.124724e-12 1.470687e-09 4.752085e-10 7.838857e-10 1.965278e-09 1.120687e-08 6.476899e-09 1.498179e-08 5.175689e-08 7.133816e-08 1.182228e-07 2.052381e-07 4.872571e-07 6.729284e-07 1.879684e-06 3.799938e-06 8.322069e-06 1.780379e-05 3.397991e-05 7.061360e-05 9.907284e-05 1.559271e-04 1.863101e-04 1.931717e-04 2.236352e-04 2.324678e-04 2.992633e-04 3.432028e-04 3.698492e-04 4.165010e-04 4.255768e-04 5.322185e-04 6.622493e-04 8.202866e-04 1.194371e-03 1.476267e-03 1.849675e-03 2.624802e-03 3.052083e-03 3.496568e-03 4.174659e-03 4.129004e-03 4.144994e-03 4.650844e-03 4.795964e-03 4.607196e-03 4.574713e-03 4.741856e-03 4.766513e-03 4.740024e-03 5.209640e-03 5.830783e-03 5.756942e-03 5.834223e-03 6.736360e-03 7.057162e-03 7.012618e-03 8.073209e-03 9.310228e-03 9.517549e-03 9.662480e-03 1.042589e-02 1.060410e-02 9.787977e-03 9.064412e-03 8.010760e-03 6.220387e-03 4.590160e-03 3.553464e-03 2.737370e-03 1.907340e-03 1.263813e-03 9.028592e-04 7.302075e-04 6.339357e-04 5.698965e-04 5.510044e-04 5.898863e-04 7.026761e-04 8.695725e-04 1.148565e-03 1.592642e-03 2.179545e-03 2.754883e-03 3.116816e-03 3.273977e-03 3.181106e-03 3.036994e-03 3.014046e-03 3.035686e-03 2.838403e-03 2.194798e-03 1.402929e-03 8.827684e-04 6.329130e-04 5.438190e-04 5.173361e-04 4.900989e-04 3.995276e-04 2.655108e-04 1.528877e-04 9.236945e-05 7.482008e-05 7.743216e-05 9.289839e-05 1.288384e-04 1.779204e-04 1.954012e-04 1.615901e-04 1.308869e-04 9.720500e-05 5.639021e-05 2.741508e-05 1.097276e-05 3.850911e-06 1.535486e-06 9.075265e-07 5.390199e-07 2.547477e-07 1.502623e-07 8.545152e-08 3.517740e-08 1.576440e-08 8.837849e-09 4.775584e-09 2.170305e-09 9.208853e-10 2.149600e-10 1.288729e-11 2.911910e-13 8.509642e-15 1.369070e-15 3.163517e-16 7.693717e-18 1.203825e-20 8.854753e-25 1.953707e-29 7.761741e-34 2.067292e-38 2.983364e-42 1.401298e-45 0.000000e+00 0.000000e+00 0.000000e+00 0.000000e+00 0.000000e+00 0.000000e+00 0.000000e+00 0.000000e+00 0.000000e+00 0.000000e+00 0.000000e+00 0.000000e+00 0.000000e+00 0.000000e+00 0.000000e+00 0.000000e+00 0.000000e+00 4.596259e-43 1.401298e-45 0.000000e+00 0.000000e+00 0.000000e+00 0.000000e+00 0.000000e+00 0.000000e+00 0.000000e+00 0.000000e+00
0.000000e+00 0.000000e+00 0.000000e+00 1.401298e-45 1.401298e-45 1.401298e-45 8.350010e-33 2.706220e-23 1.311976e-23 1.937168e-20 9.510554e-20 1.191291e-16 1.313361e-14 1.099502e-13 6.471965e-16 1.659016e-13 3.904941e-11 1.545716e-11 5.260988e-10 2.449678e-09 1.290292e-09 4.268585e-09 4.827282e-08 6.598311e-08 4.298449e-08 4.262303e-08 3.818620e-08 4.893818e-08 1.320137e-07 2.966033e-07 6.681140e-07 1.124472e-06 2.697652e-06 4.731980e-06 9.463341e-06 2.044228e-05 3.898107e-05 7.823002e-05 1.058704e-04 1.410970e-04 1.645845e-04 1.778747e-04 1.919663e-04 2.032476e-04 2.565043e-04 3.002754e-04 3.678935e-04 4.435482e-04 5.382965e-04 7.347199e-04 9.364767e-04 1.224505e-03 1.786287e-03 2.213308e-03 2.678709e-03 3.617130e-03 4.185073e-03 4.886018e-03 5.983184e-03 6.309445e-03 6.597707e-03 7.366008e-03 7.679705e-03 7.098194e-03 6.366729e-03 5.855461e-03 5.257770e-03 4.789214e-03 4.968873e-03 5.433152e-03 5.267349e-03 5.021374e-03 5.419510e-03 5.775078e-03 5.850608e-03 6.649256e-03 7.756796e-03 7.771677e-03 7.279287e-03 7.213817e-03 6.934830e-03 6.089852e-03 5.278722e-03 4.564778e-03 3.422671e-03 2.222650e-03 1.570111e-03 1.289809e-03 1.047280e-03 7.278802e-04 4.854308e-04 3.910117e-04 3.884645e-04 4.390897e-04 5.453365e-04 7.804303e-04 1.186298e-03 1.693715e-03 2.081606e-03 2.356216e-03 2.591200e-03 2.632748e-03 2.419543e-03 2.164731e-03 2.106279e-03 2.196609e-03 2.196467e-03 2.000955e-03 1.546559e-03 1.017291e-03 6.221830e-04 3.984297e-04 2.889667e-04 2.437441e-04 2.149958e-04 1.714706e-04 1.365594e-04 1.044046e-04 7.487030e-05 6.148305e-05 7.084257e-05 1.179138e-04 2.007377e-04 2.432132e-04 1.956569e-04 1.249280e-04 7.136344e-05 4.006950e-05 2.688265e-05 2.089163e-05 1.737035e-05 9.811750e-06 3.809550e-06 1.576367e-06 6.119849e-07 2.420479e-07 1.274815e-07 6.752156e-08 3.753721e-08 2.323264e-08 2.315352e-08 2.899619e-08 1.689454e-08 6.388906e-09 1.605019e-09 2.036919e-10 8.852828e-12 1.387387e-13 2.803021e-15 8.314266e-17 3.779870e-18 5.297592e-20 5.781929e-23 1.127148e-26 1.561813e-30 1.253844e-34 2.258812e-38 2.425928e-41 4.203895e-45 0.000000e+00 0.000000e+00 0.000000e+00 0.000000e+00 0.000000e+00 0.000000e+00 0.000000e+00 0.000000e+00 0.000000e+00 0.000000e+00 0.000000e+00 0.000000e+00 0.000000e+00 0.000000e+00 0.000000e+00 3.857817e-40 1.970345e-37 1.218023e-40 0.000000e+00 0.000000e+00 0.000000e+00 0.000000e+00 0.000000e+00 0.000000e+00 0.000000e+00 0.000000e+00
0.000000e+00 0.000000e+00 0.000000e+00 1.401298e-45 1.401298e-45 1.121039e-43 3.208571e-39 1.401522e-32 2.614823e-23 1.374672e-19 1.536401e-18 9.136769e-18 1.155371e-16 4.642832e-15 9.619805e-16 9.934437e-14 2.253121e-10 2.798295e-10 3.171534e-09 1.529289e-08 1.041181e-08 1.090076e-08 4.031438e-08 4.005618e-08 3.923186e-08 3.223575e-08 4.404431e-08 4.978684e-08 9.740682e-08 2.561367e-07 4.687045e-07 1.099380e-06 1.687211e-06 3.163199e-06 5.333121e-06 9.782210e-06 2.112182e-05 4.021146e-05 7.356810e-05 9.633591e-05 1.182446e-04 1.423294e-04 1.696837e-04 1.861920e-04 2.121380e-04 2.571993e-04 3.136670e-04 4.317684e-04 5.599479e-04 7.445011e-04 1.054395e-03 1.315122e-03 1.713559e-03 2.325549e-03 2.797843e-03 3.366229e-03 3.985471e-03 4.470921e-03 5.245577e-03 6.119688e-03 6.999652e-03 7.886917e-03 8.964095e-03 9.822546e-03 9.296498e-03 8.385770e-03 7.560864e-03 6.403511e-03 5.691633e-03 5.613963e-03 5.490642e-03 5.217365e-03 5.313129e-03 5.493801e-03 5.473833e-03 5.399204e-03 5.592889e-03 5.803550e-03 5.442394e-03 4.823193e-03 4.391199e-03 4.054363e-03 3.406272e-03 2.582520e-03 1.943639e-03 1.444386e-03 1.012262e-03 6.927598e-04 5.211944e-04 4.272095e-04 3.476241e-04 2.991293e-04 2.997818e-04 3.859363e-04 6.187580e-04 1.075400e-03 1.692744e-03 2.200644e-03 2.335707e-03 2.216761e-03 2.044277e-03 1.898172e-03 1.759897e-03 1.524699e-03 1.328132e-03 1.366249e-03 1.681659e-03 1.991129e-03 1.568252e-03 8.536977e-04 4.321661e-04 2.558284e-04 1.749600e-04 1.301738e-04 1.056467e-04 9.653694e-05 9.362059e-05 7.994672e-05 6.392639e-05 5.708980e-05 6.341714e-05 8.600761e-05 1.167210e-04 1.438089e-04 1.699820e-04 1.985830e-04 1.842585e-04 1.267424e-04 7.110513e-05 4.518766e-05 3.298141e-05 2.032750e-05 8.596097e-06 2.461477e-06 7.120869e-07 2.182902e-07 6.030830e-08 2.357677e-08 1.471941e-08 1.137559e-08 1.254741e-08 1.212126e-08 6.378897e-09 1.842458e-09 3.263840e-10 8.009904e-11 1.439037e-11 8.208172e-13 1.357133e-14 7.262262e-17 2.845721e-19 5.746583e-22 3.297748e-25 1.188801e-28 5.996824e-32 1.357971e-35 6.896518e-39 1.026031e-41 1.401298e-45 0.000000e+00 0.000000e+00 0.000000e+00 0.000000e+00 0.000000e+00 0.000000e+00 0.000000e+00 0.000000e+00 0.000000e+00 0.000000e+00 0.000000e+00 0.000000e+00 0.000000e+00 0.000000e+00 0.000000e+00 2.684382e-35 2.223404e-32 5.935260e-34 2.378202e-39 0.000000e+00 0.000000e+00 0.000000e+00 0.000000e+00 0.000000e+00 0.000000e+00 0.000000e+00
0.000000e+00 0.000000e+00 0.000000e+00 1.401298e-45 1.401298e-45 1.401298e-45 6.642141e-40 1.199123e-31 7.218152e-23 5.598101e-20 1.113331e-17 2.007387e-18 7.818583e-17 4.584799e-15 9.233655e-15 2.014925e-12 1.079145e-08 5.344703e-09 1.224649e-08 1.796174e-07 8.118780e-08 9.969487e-08 1.243598e-07 1.097087e-07 5.547554e-08 4.463480e-08 3.963244e-08 3.564179e-08 6.143036e-08 1.409116e-07 3.123918e-07 4.832896e-07 1.083272e-06 1.889992e-06 3.898349e-06 7.603785e-06 1.442599e-05 3.191419e-05 5.651037e-05 9.234642e-05 1.182188e-04 1.403363e-04 1.683189e-04 2.036654e-04 2.286553e-04 2.675748e-04 3.130996e-04 3.920539e-04 5.943049e-04 7.945896e-04 1.096073e-03 1.498231e-03 1.772405e-03 2.310071e-03 2.813185e-03 3.209302e-03 3.812826e-03 4.041213e-03 4.231544e-03 4.834834e-03 5.295766e-03 5.918649e-03 7.082043e-03 8.219388e-03 9.021271e-03 9.461107e-03 9.296747e-03 8.564427e-03 7.762852e-03 7.124095e-03 6.669920e-03 6.566589e-03 6.364763e-03 5.933230e-03 5.721537e-03 5.324655e-03 4.610765e-03 4.017881e-03 3.741955e-03 3.530653e-03 3.032170e-03 2.449639e-03 2.023116e-03 1.666441e-03 1.269034e-03 8.777112e-04 5.976202e-04 4.172208e-04 3.125096e-04 2.641223e-04 2.417149e-04 2.414050e-04 2.929030e-04 4.942830e-04 9.818774e-04 1.636312e-03 1.989340e-03 2.006087e-03 1.882890e-03 1.702000e-03 1.452325e-03 1.180626e-03 9.887349e-04 9.681580e-04 1.094852e-03 1.246212e-03 1.205775e-03 1.042096e-03 8.473989e-04 6.128319e-04 3.809623e-04 2.320431e-04 1.616333e-04 1.342878e-04 1.134822e-04 8.522354e-05 6.540658e-05 5.920762e-05 6.553171e-05 1.015914e-04 2.032511e-04 3.664904e-04 4.142472e-04 2.618681e-04 1.117016e-04 5.282217e-05 3.465284e-05 2.597782e-05 2.429351e-05 2.217575e-05 1.668525e-05 1.414810e-05 1.077369e-05 5.776692e-06 2.409432e-06 5.949648e-07 8.907313e-08 1.576902e-08 5.981184e-09 4.919116e-09 3.822445e-09 1.997632e-09 6.639708e-10 8.483800e-11 5.165684e-12 3.782302e-13 5.439465e-14 1.105887e-14 1.032598e-15 2.233311e-17 7.406593e-20 6.841395e-23 1.388076e-26 2.408196e-30 5.770749e-34 1.011684e-37 8.811505e-41 3.082857e-44 1.401298e-45 0.000000e+00 0.000000e+00 0.000000e+00 0.000000e+00 0.000000e+00 0.000000e+00 0.000000e+00 0.000000e+00 0.000000e+00 0.000000e+00 0.000000e+00 0.000000e+00 0.000000e+00 0.000000e+00 0.000000e+00 1.121733e-34 2.847007e-30 1.969338e-30 1.492365e-33 2.831234e-39 0.000000e+00 0.000000e+00 0.000000e+00 0.000000e+00 0.000000e+00 0.000000e+00
0.000000e+00 0.000000e+00 0.000000e+00 1.401298e-45 1.401298e-45 1.401298e-45 1.200745e-35 9.887004e-30 6.317340e-21 1.912059e-14 7.122415e-13 5.702360e-16 4.319447e-15 7.147667e-14 3.309251e-14 2.075397e-12 7.595232e-08 1.405635e-07 1.842699e-07 2.193607e-06 1.219518e-06 2.375464e-07 2.380681e-07 2.118726e-07 7.561022e-08 3.735366e-08 6.346424e-08 4.817588e-08 5.691040e-08 1.220027e-07 2.504586e-07 5.363557e-07 7.964223e-07 1.662510e-06 3.044647e-06 6.727340e-06 1.441873e-05 2.597950e-05 5.148447e-05 8.075911e-05 1.203219e-04 1.599233e-04 1.816398e-04 2.181560e-04 2.508709e-04 2.756031e-04 3.283714e-04 3.682492e-04 4.861295e-04 7.513355e-04 1.017484e-03 1.458695e-03 1.883576e-03 2.219021e-03 2.893864e-03 3.315590e-03 3.687976e-03 4.235804e-03 4.332081e-03 4.376177e-03 4.831888e-03 5.153350e-03 5.297641e-03 5.997285e-03 6.910481e-03 7.245110e-03 7.808247e-03 8.560616e-03 8.248703e-03 7.681180e-03 7.443625e-03 6.927812e-03 6.028386e-03 5.442563e-03 5.063477e-03 4.294618e-03 3.409690e-03 2.841886e-03 2.462786e-03 2.096116e-03 1.725551e-03 1.396592e-03 1.147387e-03 9.789781e-04 8.128906e-04 5.944549e-04 4.166547e-04 3.287057e-04 2.857774e-04 2.534616e-04 2.405595e-04 2.952938e-04 5.018825e-04 9.935497e-04 1.726809e-03 2.295331e-03 2.292762e-03 1.863105e-03 1.408998e-03 1.145268e-03 9.949482e-04 8.573286e-04 7.463463e-04 6.904938e-04 6.922769e-04 7.328789e-04 7.663500e-04 7.388116e-04 6.088020e-04 4.576034e-04 3.297541e-04 2.257627e-04 1.471350e-04 1.078988e-04 9.005918e-05 8.288219e-05 8.278034e-05 8.445522e-05 9.345330e-05 1.126537e-04 1.242521e-04 1.261986e-04 1.304095e-04 1.337576e-04 1.152843e-04 8.470826e-05 5.492496e-05 4.422544e-05 4.753850e-05 3.603988e-05 1.937826e-05 8.878515e-06 3.930110e-06 2.067638e-06 1.162731e-06 4.745251e-07 1.048177e-07 1.904357e-08 7.439537e-09 5.409368e-09 3.323774e-09 1.278577e-09 3.341535e-10 4.221080e-11 1.760542e-12 2.351673e-14 3.023159e-16 7.520087e-18 3.165296e-19 1.331921e-20 2.046873e-22 9.534967e-25 1.449028e-27 9.344131e-31 2.421298e-34 7.709321e-38 3.569528e-41 1.401298e-45 0.000000e+00 0.000000e+00 0.000000e+00 0.000000e+00 0.000000e+00 0.000000e+00 0.000000e+00 0.000000e+00 0.000000e+00 0.000000e+00 0.000000e+00 0.000000e+00 0.000000e+00 0.000000e+00 0.000000e+00 1.401298e-45 5.220620e-35 6.187973e-32 1.055618e-31 3.553682e-33 1.999309e-37 8.267661e-43 0.000000e+00 0.000000e+00 0.000000e+00 0.000000e+00 0.000000e+00
0.000000e+00 0.000000e+00 0.000000e+00 1.401298e-45 1.401298e-45 1.401298e-45 1.121039e-43 2.250292e-32 9.516715e-22 8.515243e-14 1.494712e-10 1.880518e-11 1.213257e-09 6.342715e-10 3.954581e-11 7.279537e-11 2.044525e-06 1.141948e-05 2.290936e-06 6.917642e-06 5.617064e-06 1.819223e-06 7.682185e-07 1.990675e-06 9.865234e-07 4.166220e-07 2.917371e-07 2.352736e-07 1.674036e-07 1.697883e-07 2.695148e-07 4.462740e-07 8.845817e-07 1.374243e-06 2.771685e-06 5.390721e-06 1.201452e-05 2.675030e-05 4.517862e-05 7.726006e-05 1.045192e-04 1.388679e-04 1.859358e-04 2.137146e-04 2.536421e-04 2.890416e-04 3.191199e-04 3.930900e-04 4.562172e-04 6.009688e-04 8.748019e-04 1.148794e-03 1.647497e-03 2.090791e-03 2.457291e-03 3.007171e-03 3.266307e-03 3.590139e-03 3.997912e-03 4.257952e-03 4.638580e-03 4.886606e-03 5.132475e-03 5.292216e-03 5.039187e-03 5.233690e-03 5.925516e-03 5.946043e-03 5.996045e-03 6.413488e-03 6.096359e-03 5.291655e-03 4.839286e-03 4.455226e-03 3.583926e-03 2.551008e-03 1.930906e-03 1.626492e-03 1.337688e-03 1.052781e-03 8.942646e-04 8.236824e-04 7.115848e-04 5.556610e-04 4.608668e-04 4.314819e-04 4.087083e-04 3.750181e-04 3.648900e-04 4.212316e-04 5.531125e-04 7.970647e-04 1.245703e-03 1.896402e-03 2.454497e-03 2.644808e-03 2.513742e-03 2.143553e-03 1.542412e-03 1.006605e-03 7.067132e-04 5.628238e-04 5.140707e-04 5.091470e-04 5.472948e-04 5.960134e-04 6.013193e-04 5.704604e-04 4.996956e-04 3.922491e-04 2.873106e-04 2.203639e-04 1.843303e-04 1.613637e-04 1.400628e-04 1.224789e-04 1.097864e-04 1.160962e-04 1.616546e-04 2.385107e-04 2.870721e-04 2.484194e-04 1.604087e-04 9.022653e-05 5.261276e-05 2.912326e-05 1.643927e-05 1.059965e-05 7.273625e-06 5.847521e-06 5.581561e-06 4.875974e-06 3.428418e-06 2.040262e-06 1.131959e-06 6.367216e-07 2.643714e-07 7.225366e-08 1.769710e-08 5.518822e-09 2.574537e-09 1.281596e-09 5.632970e-10 1.058011e-10 7.514818e-12 1.638343e-13 1.247773e-15 3.557569e-18 4.801709e-21 9.719842e-24 3.384346e-26 1.138339e-28 6.210735e-31 1.810955e-33 2.974244e-36 5.853163e-39 1.603085e-42 1.401298e-45 0.000000e+00 0.000000e+00 0.000000e+00 0.000000e+00 0.000000e+00 0.000000e+00 0.000000e+00 0.000000e+00 0.000000e+00 0.000000e+00 0.000000e+00 0.000000e+00 0.000000e+00 0.000000e+00 0.000000e+00 5.465064e-44 3.947282e-36 7.360057e-34 1.348827e-34 4.515742e-38 6.337933e-41 1.401298e-45 0.000000e+00 0.000000e+00 0.000000e+00 0.000000e+00 0.000000e+00
0.000000e+00 0.000000e+00 0.000000e+00 1.401298e-45 1.401298e-45 1.401298e-45 1.825892e-42 1.728369e-31 7.118831e-25 1.344232e-15 1.068342e-09 1.851759e-09 2.844747e-07 3.218275e-06 4.512966e-07 3.016547e-08 6.008329e-05 5.339687e-04 3.009761e-05 6.606591e-06 6.143735e-06 2.912949e-06 1.905079e-06 4.385551e-06 4.097183e-06 2.362002e-06 1.756686e-06 7.772667e-07 4.890672e-07 3.832349e-07 3.247798e-07 3.489104e-07 5.074756e-07 1.009385e-06 1.788197e-06 3.533633e-06 7.913487e-06 1.791492e-05 4.111482e-05 6.908213e-05 1.006564e-04 1.339964e-04 1.553204e-04 1.943687e-04 2.268041e-04 2.609164e-04 3.212300e-04 3.651622e-04 4.796036e-04 6.018833e-04 7.520779e-04 1.026889e-03 1.277642e-03 1.689142e-03 2.157969e-03 2.471953e-03 2.680450e-03 2.812183e-03 2.932356e-03 2.995526e-03 3.481779e-03 4.148783e-03 4.287165e-03 4.659405e-03 4.901857e-03 4.231351e-03 3.739525e-03 3.805967e-03 3.911220e-03 3.647455e-03 3.393030e-03 3.681810e-03 3.774477e-03 2.916146e-03 2.328519e-03 2.286707e-03 1.776038e-03 9.567087e-04 6.404135e-04 6.549384e-04 6.152950e-04 4.515381e-04 3.842342e-04 4.329605e-04 4.921364e-04 4.699440e-04 4.308802e-04 4.910451e-04 7.122462e-04 1.103648e-03 1.571531e-03 2.020395e-03 2.367260e-03 2.620364e-03 2.824207e-03 2.766128e-03 2.362196e-03 1.881780e-03 1.445424e-03 1.009846e-03 6.769007e-04 5.015007e-04 4.367797e-04 3.960497e-04 3.612849e-04 3.647415e-04 4.186465e-04 4.966513e-04 5.310099e-04 4.942791e-04 4.178567e-04 3.195733e-04 2.295654e-04 1.865132e-04 1.839066e-04 2.083113e-04 2.616604e-04 3.227195e-04 3.269223e-04 2.362564e-04 1.320627e-04 7.100375e-05 4.087580e-05 2.650568e-05 2.469056e-05 3.697033e-05 5.815702e-05 5.989258e-05 4.034494e-05 2.030957e-05 9.643959e-06 4.707558e-06 2.275310e-06 8.855942e-07 3.561093e-07 2.325158e-07 2.110056e-07 1.812739e-07 7.791663e-08 1.551240e-08 2.700610e-09 9.072521e-10 4.519894e-10 1.196086e-10 2.871787e-11 8.877191e-12 1.191439e-12 1.051043e-14 3.678851e-18 4.294710e-22 7.358609e-26 2.961852e-29 2.481866e-32 3.145595e-35 1.328049e-37 3.585516e-40 7.567012e-44 1.401298e-45 0.000000e+00 0.000000e+00 0.000000e+00 0.000000e+00 0.000000e+00 0.000000e+00 0.000000e+00 0.000000e+00 0.000000e+00 0.000000e+00 0.000000e+00 0.000000e+00 0.000000e+00 0.000000e+00 0.000000e+00 6.232976e-42 4.073156e-36 8.859182e-35 2.862890e-37 1.210792e-40 0.000000e+00 0.000000e+00 0.000000e+00 0.000000e+00 0.000000e+00 0.000000e+00 0.000000e+00
0.000000e+00 0.000000e+00 0.000000e+00 0.000000e+00 1.401298e-45 1.401298e-45 1.327117e-37 2.087130e-29 3.911826e-23 5.889613e-12 3.275895e-06 1.392065e-08 4.337651e-07 8.417845e-05 1.154996e-04 3.011627e-07 1.083719e-05 1.002300e-04 7.508744e-06 1.128316e-06 1.236049e-06 1.650707e-06 1.628120e-06 1.218571e-05 1.805811e-05 2.254783e-05 1.820416e-05 7.933255e-06 2.692554e-06 1.092234e-06 7.517876e-07 5.220832e-07 5.638921e-07 7.037514e-07 1.391768e-06 2.678636e-06 5.200553e-06 1.217650e-05 2.321487e-05 5.103264e-05 8.120033e-05 1.082977e-04 1.607918e-04 1.784737e-04 2.183262e-04 2.500370e-04 2.683062e-04 3.527394e-04 4.125101e-04 5.481833e-04 7.287167e-04 8.459281e-04 1.127882e-03 1.435136e-03 1.587588e-03 1.948443e-03 2.259083e-03 2.167090e-03 2.285973e-03 2.362513e-03 2.152095e-03 2.490424e-03 3.081530e-03 3.163795e-03 3.480097e-03 3.753491e-03 3.218708e-03 2.789235e-03 2.649137e-03 2.336221e-03 2.210821e-03 2.312728e-03 2.129669e-03 1.984063e-03 1.986530e-03 1.617472e-03 1.229135e-03 1.065937e-03 8.319821e-04 5.439313e-04 3.931884e-04 3.485334e-04 3.319415e-04 3.384570e-04 4.008694e-04 5.141927e-04 6.539665e-04 9.063389e-04 1.381719e-03 1.999308e-03 2.540357e-03 2.936156e-03 3.125070e-03 2.958638e-03 2.641535e-03 2.350963e-03 2.014160e-03 1.508428e-03 1.089942e-03 8.746076e-04 7.265358e-04 5.236932e-04 3.566691e-04 2.817290e-04 2.616116e-04 2.677269e-04 3.068703e-04 4.118225e-04 5.317816e-04 5.453888e-04 4.554952e-04 3.785412e-04 3.349556e-04 3.181794e-04 2.845580e-04 2.846159e-04 3.259357e-04 3.767260e-04 3.777861e-04 3.365708e-04 2.736784e-04 1.844933e-04 9.474498e-05 3.567383e-05 1.440644e-05 7.159898e-06 4.154009e-06 3.468124e-06 3.637043e-06 3.696683e-06 3.574179e-06 4.852410e-06 6.619985e-06 4.815167e-06 2.764221e-06 1.351400e-06 7.981385e-07 8.771539e-07 7.497144e-07 1.863004e-07 1.693491e-08 1.866803e-09 2.262369e-10 1.502939e-11 1.674107e-12 1.184796e-12 5.761407e-12 1.567841e-11 7.040410e-13 8.445696e-16 1.246427e-19 1.734815e-23 4.687699e-27 3.725646e-30 5.045658e-33 3.268072e-36 2.239527e-40 1.401298e-45 0.000000e+00 0.000000e+00 0.000000e+00 0.000000e+00 0.000000e+00 0.000000e+00 0.000000e+00 0.000000e+00 0.000000e+00 0.000000e+00 0.000000e+00 0.000000e+00 0.000000e+00 0.000000e+00 0.000000e+00 1.449205e-38 1.570376e-35 2.662758e-35 6.596114e-37 2.115260e-41 0.000000e+00 0.000000e+00 0.000000e+00 0.000000e+00 0.000000e+00 0.000000e+00 0.000000e+00
0.000000e+00 0.000000e+00 0.000000e+00 0.000000e+00 1.401298e-45 1.598167e-40 6.246549e-34 1.350273e-26 3.379794e-21 3.441649e-09 4.660873e-05 7.091310e-07 3.700761e-06 2.502375e-06 7.513272e-08 7.419698e-10 1.801843e-08 1.520266e-07 5.602149e-08 3.493971e-08 4.826859e-07 3.265570e-06 7.868273e-06 3.411386e-05 8.929459e-05 1.136422e-04 1.361675e-04 6.052673e-05 2.034920e-05 6.179284e-06 2.295971e-06 1.394528e-06 9.175783e-07 1.089982e-06 1.223156e-06 2.509223e-06 5.339849e-06 1.059257e-05 2.536138e-05 4.077073e-05 7.811005e-05 1.112363e-04 1.345096e-04 2.014069e-04 2.319995e-04 3.052902e-04 3.616947e-04 3.647854e-04 4.767359e-04 5.539652e-04 6.630424e-04 8.957167e-04 9.557484e-04 1.133671e-03 1.493962e-03 1.508232e-03 1.681269e-03 2.071543e-03 2.017677e-03 2.079939e-03 2.256556e-03 1.931971e-03 1.851297e-03 2.183030e-03 2.137092e-03 2.126167e-03 2.549670e-03 2.381027e-03 1.946373e-03 2.049982e-03 1.884162e-03 1.450666e-03 1.533362e-03 1.747330e-03 1.447365e-03 1.124650e-03 1.047771e-03 9.451645e-04 7.289329e-04 5.513292e-04 4.627182e-04 4.113465e-04 3.554609e-04 3.212190e-04 3.750479e-04 5.912184e-04 9.959076e-04 1.505834e-03 1.979596e-03 2.420502e-03 2.809102e-03 2.964748e-03 2.830839e-03 2.503867e-03 2.074198e-03 1.657062e-03 1.403909e-03 1.216551e-03 9.321837e-04 6.521542e-04 5.001546e-04 4.228629e-04 3.324306e-04 2.427515e-04 2.022254e-04 2.074248e-04 2.240464e-04 2.532871e-04 3.180582e-04 4.112763e-04 4.607833e-04 4.113959e-04 3.198408e-04 2.563506e-04 2.476558e-04 2.834182e-04 3.349455e-04 3.617433e-04 3.035826e-04 1.961270e-04 9.233609e-05 4.288361e-05 2.888894e-05 2.884225e-05 3.374202e-05 2.982193e-05 2.073707e-05 1.366479e-05 9.222258e-06 4.779376e-06 1.965273e-06 1.119458e-06 7.199750e-07 6.079114e-07 5.981332e-07 3.773405e-07 2.710774e-07 3.746320e-07 1.036072e-06 1.699562e-06 6.239684e-07 9.277983e-08 5.507243e-09 9.358103e-11 8.452917e-13 2.035385e-14 9.306381e-15 6.972862e-14 7.504046e-13 1.288371e-12 6.304995e-14 3.253724e-16 1.182883e-18 3.870948e-21 3.500145e-24 1.130552e-27 1.275702e-32 1.317935e-39 1.401298e-45 1.401298e-45 0.000000e+00 0.000000e+00 0.000000e+00 0.000000e+00 0.000000e+00 0.000000e+00 0.000000e+00 0.000000e+00 0.000000e+00 0.000000e+00 0.000000e+00 0.000000e+00 3.082857e-44 4.910066e-38 6.598142e-37 1.553264e-37 9.299619e-40 6.824324e-43 0.000000e+00 0.000000e+00 0.000000e+00 0.000000e+00 0.000000e+00 0.000000e+00 0.000000e+00
0.000000e+00 0.000000e+00 0.000000e+00 0.000000e+00 1.401298e-45 1.693192e-39 2.736789e-29 1.137831e-24 2.538780e-25 5.321057e-16 1.417825e-08 8.113066e-09 8.672720e-09 2.799079e-09 1.446960e-11 2.623292e-14 5.687315e-13 7.737327e-11 8.498082e-10 4.259436e-09 7.785205e-08 3.672018e-06 2.068690e-05 1.712700e-04 2.060758e-04 3.642988e-04 3.143538e-04 2.392749e-04 7.632976e-05 2.245576e-05 7.150331e-06 3.004727e-06 2.091062e-06 1.609535e-06 2.252290e-06 2.567994e-06 5.449401e-06 1.248170e-05 2.647217e-05 6.236052e-05 8.853334e-05 1.493723e-04 1.966040e-04 2.193380e-04 2.945231e-04 3.294935e-04 4.477568e-04 5.941754e-04 6.336516e-04 8.236113e-04 9.702389e-04 1.030772e-03 1.368442e-03 1.426058e-03 1.304218e-03 1.564677e-03 1.541564e-03 1.508708e-03 1.941380e-03 2.093246e-03 2.122443e-03 2.458927e-03 2.270054e-03 1.895466e-03 2.016964e-03 1.983791e-03 1.679873e-03 1.783193e-03 1.941459e-03 1.678292e-03 1.512588e-03 1.572810e-03 1.471925e-03 1.251775e-03 1.224310e-03 1.275426e-03 1.087048e-03 7.774372e-04 6.390381e-04 6.307060e-04 5.574652e-04 4.444312e-04 4.403824e-04 5.763788e-04 7.563694e-04 9.557575e-04 1.404510e-03 2.226093e-03 2.847880e-03 2.873812e-03 2.757950e-03 2.575393e-03 2.242249e-03 1.838744e-03 1.544550e-03 1.324378e-03 1.086742e-03 8.409455e-04 6.168782e-04 4.277178e-04 3.009599e-04 2.432269e-04 2.237801e-04 2.051412e-04 1.761931e-04 1.588508e-04 1.612327e-04 1.751204e-04 1.866717e-04 1.966732e-04 2.042823e-04 1.997697e-04 2.055824e-04 2.269501e-04 2.535798e-04 2.324214e-04 1.758687e-04 1.342066e-04 1.302521e-04 1.419417e-04 1.268167e-04 7.780948e-05 3.615738e-05 1.595435e-05 6.896905e-06 3.201120e-06 1.612256e-06 9.019149e-07 7.525330e-07 9.565664e-07 1.215478e-06 1.426754e-06 1.898183e-06 2.954860e-06 2.959615e-06 1.593985e-06 4.797433e-07 1.139565e-07 6.014740e-08 6.996196e-08 1.079653e-07 1.491683e-07 8.055551e-08 1.043239e-08 1.897782e-10 6.968885e-13 4.498495e-15 2.366786e-16 1.181742e-16 2.812636e-16 5.605330e-16 2.362420e-16 4.982825e-17 3.647260e-18 4.780948e-20 9.868615e-23 5.177013e-27 2.963291e-33 2.619475e-40 1.401298e-45 1.401298e-45 0.000000e+00 0.000000e+00 0.000000e+00 0.000000e+00 0.000000e+00 0.000000e+00 0.000000e+00 0.000000e+00 0.000000e+00 0.000000e+00 0.000000e+00 7.541788e-42 1.093858e-38 7.167793e-39 1.394292e-41 1.401298e-44 0.000000e+00 0.000000e+00 0.000000e+00 0.000000e+00 0.000000e+00 0.000000e+00 0.000000e+00 0.000000e+00
0.000000e+00 0.000000e+00 0.000000e+00 0.000000e+00 0.000000e+00 9.809089e-44 1.610824e-35 3.232488e-29 1.086847e-27 9.359938e-21 7.804061e-14 2.269855e-11 2.818057e-12 2.709147e-13 4.763976e-15 4.122880e-16 2.530594e-14 3.674203e-12 3.381859e-10 2.210137e-08 6.193059e-07 9.629328e-06 5.401275e-05 2.464166e-04 4.377988e-04 4.068302e-04 5.121829e-04 3.023831e-04 1.714880e-04 4.667343e-05 1.781185e-05 6.712042e-06 3.681009e-06 3.218243e-06 3.006154e-06 4.707267e-06 5.989939e-06 1.177130e-05 2.544777e-05 4.923238e-05 1.029819e-04 1.352778e-04 2.108532e-04 2.773864e-04 2.958038e-04 3.881934e-04 4.141948e-04 5.180274e-04 7.589647e-04 8.419303e-04 1.129127e-03 1.555499e-03 1.550539e-03 2.074237e-03 2.428751e-03 1.813106e-03 1.895543e-03 1.875567e-03 1.480449e-03 1.823386e-03 2.245584e-03 2.125152e-03 2.480817e-03 2.729454e-03 2.292462e-03 2.162107e-03 2.224418e-03 1.996567e-03 1.745916e-03 1.724570e-03 1.859388e-03 1.767120e-03 1.548672e-03 1.496098e-03 1.466401e-03 1.269340e-03 1.067148e-03 9.744675e-04 8.731034e-04 6.953209e-04 5.875041e-04 6.220400e-04 7.692757e-04 1.052709e-03 1.545102e-03 2.119689e-03 2.563332e-03 3.039664e-03 3.540145e-03 3.504921e-03 2.912125e-03 2.325036e-03 1.915140e-03 1.554200e-03 1.231815e-03 1.010487e-03 8.392931e-04 6.613543e-04 4.724004e-04 3.184798e-04 2.157904e-04 1.535644e-04 1.284286e-04 1.290927e-04 1.360326e-04 1.274724e-04 1.135232e-04 1.101915e-04 1.130714e-04 1.152975e-04 1.019520e-04 8.652610e-05 8.229859e-05 8.887417e-05 1.008814e-04 1.159970e-04 1.201269e-04 1.031139e-04 6.613223e-05 3.632425e-05 2.529994e-05 2.087042e-05 1.801096e-05 1.601905e-05 1.384521e-05 1.108762e-05 8.087415e-06 3.830848e-06 1.300104e-06 4.678256e-07 1.646124e-07 5.679344e-08 2.601086e-08 2.664502e-08 5.161081e-08 1.548375e-07 3.364899e-07 2.220230e-07 4.177845e-08 6.460132e-09 2.275642e-09 1.470598e-09 1.155489e-09 1.019453e-09 4.475141e-10 3.593468e-11 4.713027e-13 2.186457e-15 2.024919e-17 7.154815e-19 1.161118e-19 3.564890e-20 5.176559e-21 5.319061e-22 2.929679e-23 2.440265e-25 2.714400e-28 1.209909e-32 4.435070e-38 2.690493e-43 1.401298e-45 0.000000e+00 0.000000e+00 0.000000e+00 0.000000e+00 0.000000e+00 0.000000e+00 0.000000e+00 0.000000e+00 0.000000e+00 0.000000e+00 0.000000e+00 2.420743e-41 1.492774e-38 9.847919e-40 2.455075e-42 0.000000e+00 0.000000e+00 0.000000e+00 0.000000e+00 0.000000e+00 0.000000e+00 0.000000e+00 0.000000e+00 0.000000e+00
0.000000e+00 0.000000e+00 0.000000e+00 0.000000e+00 0.000000e+00 2.802597e-45 1.487268e-39 1.437472e-32 4.749378e-28 3.122058e-22 4.661372e-18 2.855405e-16 6.190267e-16 4.089610e-16 1.018379e-16 1.520967e-16 9.402218e-14 1.325440e-11 3.461193e-10 7.465515e-09 2.322416e-07 6.211965e-06 2.561350e-05 7.002779e-05 7.404680e-05 9.527116e-05 8.093647e-05 7.775898e-05 4.393325e-05 2.382966e-05 9.162695e-06 5.143773e-06 3.191894e-06 2.689596e-06 3.302836e-06 4.258263e-06 8.262909e-06 1.262493e-05 2.372188e-05 4.612599e-05 7.371241e-05 1.382956e-04 1.658424e-04 2.361878e-04 3.397088e-04 3.578804e-04 4.925535e-04 5.467274e-04 5.752135e-04 8.409495e-04 9.084425e-04 1.121248e-03 1.773445e-03 1.826940e-03 2.224616e-03 3.064267e-03 2.454907e-03 2.318228e-03 2.506476e-03 1.860079e-03 1.807401e-03 2.182261e-03 2.037407e-03 2.085846e-03 2.351082e-03 2.247033e-03 2.149650e-03 2.180516e-03 2.191217e-03 2.252974e-03 2.134932e-03 2.025525e-03 2.289130e-03 2.391838e-03 1.925785e-03 1.582180e-03 1.543122e-03 1.337197e-03 9.975402e-04 9.102974e-04 1.026619e-03 1.147313e-03 1.354352e-03 1.856969e-03 2.540547e-03 3.226646e-03 3.800526e-03 3.828145e-03 3.479019e-03 3.156042e-03 2.768543e-03 2.192216e-03 1.617110e-03 1.253546e-03 1.020357e-03 8.222121e-04 6.404442e-04 4.854854e-04 3.528335e-04 2.554717e-04 1.956527e-04 1.511038e-04 1.163565e-04 9.446921e-05 8.803233e-05 8.703902e-05 8.395578e-05 7.964718e-05 6.719109e-05 5.209221e-05 4.328341e-05 4.664892e-05 6.340726e-05 8.115378e-05 7.758828e-05 5.923952e-05 4.320407e-05 3.716552e-05 3.445271e-05 2.997472e-05 2.300444e-05 1.374531e-05 6.599223e-06 2.982818e-06 1.177843e-06 5.087276e-07 3.472197e-07 3.073356e-07 3.253289e-07 4.246973e-07 6.693296e-07 9.214299e-07 7.319237e-07 3.972475e-07 1.708334e-07 1.022134e-07 1.005247e-07 8.141220e-08 2.733800e-08 5.727517e-09 9.177574e-10 1.060477e-10 1.008903e-11 1.374701e-12 4.204139e-13 1.197650e-13 1.264672e-14 3.522776e-16 5.290579e-18 8.495389e-20 2.585279e-21 9.478482e-23 1.519934e-24 2.605178e-26 1.250830e-28 2.164661e-31 4.501580e-34 1.415073e-37 9.416726e-42 1.821688e-44 0.000000e+00 0.000000e+00 0.000000e+00 0.000000e+00 0.000000e+00 0.000000e+00 0.000000e+00 0.000000e+00 0.000000e+00 0.000000e+00 0.000000e+00 0.000000e+00 7.592515e-41 6.269272e-39 1.731622e-38 1.498689e-41 0.000000e+00 0.000000e+00 0.000000e+00 0.000000e+00 0.000000e+00 0.000000e+00 0.000000e+00 0.000000e+00 0.000000e+00
0.000000e+00 0.000000e+00 0.000000e+00 0.000000e+00 0.000000e+00 2.802597e-45 2.802597e-45 2.678670e-35 1.817013e-31 2.045229e-29 2.868777e-24 7.924029e-19 2.063963e-18 8.362358e-18 2.494458e-17 2.898417e-16 1.061321e-13 6.303773e-11 3.759242e-09 2.799190e-08 8.478546e-08 1.532776e-06 7.534907e-06 2.093062e-05 1.825813e-05 1.561874e-05 1.397150e-05 9.804545e-06 7.236025e-06 3.469215e-06 2.238186e-06 1.224184e-06 1.116889e-06 1.240196e-06 1.689936e-06 3.021717e-06 5.304646e-06 1.304094e-05 2.314542e-05 4.230893e-05 7.620481e-05 1.031886e-04 1.743161e-04 2.085524e-04 2.653462e-04 4.173071e-04 4.763459e-04 6.390789e-04 8.067570e-04 7.858750e-04 9.880023e-04 1.057108e-03 1.082577e-03 1.558440e-03 1.707846e-03 1.907102e-03 2.590231e-03 2.541178e-03 2.567603e-03 2.782577e-03 2.210409e-03 1.936008e-03 1.918905e-03 1.565725e-03 1.554373e-03 1.735953e-03 1.532982e-03 1.623049e-03 2.023209e-03 1.968246e-03 2.109013e-03 2.713038e-03 2.641206e-03 2.415862e-03 2.791783e-03 2.788210e-03 2.089065e-03 1.798865e-03 1.866309e-03 1.802502e-03 1.824148e-03 2.135084e-03 2.469354e-03 2.806161e-03 3.247298e-03 3.426966e-03 3.388641e-03 3.427605e-03 3.127299e-03 2.402530e-03 1.807074e-03 1.477281e-03 1.178213e-03 8.939606e-04 6.974079e-04 5.544435e-04 4.196025e-04 3.095500e-04 2.426814e-04 1.997036e-04 1.655197e-04 1.327185e-04 1.089560e-04 8.962570e-05 7.410674e-05 5.967990e-05 4.769530e-05 4.030760e-05 3.718099e-05 3.884506e-05 4.763621e-05 6.073505e-05 6.655155e-05 5.980980e-05 4.991233e-05 4.058234e-05 2.974636e-05 2.138781e-05 1.467810e-05 9.291370e-06 6.124823e-06 4.199826e-06 3.405909e-06 3.017194e-06 2.218843e-06 1.290804e-06 5.915122e-07 2.194259e-07 5.508495e-08 1.341340e-08 5.358547e-09 4.819892e-09 1.178575e-08 4.254542e-08 9.240025e-08 9.222903e-08 4.280563e-08 1.212348e-08 3.344730e-09 1.455398e-09 5.275761e-10 4.546838e-11 1.087628e-12 2.595990e-14 9.923957e-16 4.014608e-17 6.436763e-19 5.165025e-21 4.624689e-23 7.548013e-25 2.094735e-26 2.754846e-28 2.018979e-30 1.127232e-32 1.042680e-35 6.864020e-39 1.222072e-41 5.605194e-45 1.401298e-45 1.401298e-45 0.000000e+00 0.000000e+00 0.000000e+00 0.000000e+00 0.000000e+00 0.000000e+00 0.000000e+00 0.000000e+00 0.000000e+00 0.000000e+00 0.000000e+00 1.401298e-45 2.773730e-41 1.699796e-39 6.622018e-39 4.740873e-41 0.000000e+00 0.000000e+00 0.000000e+00 0.000000e+00 0.000000e+00 0.000000e+00 0.000000e+00 0.000000e+00 0.000000e+00
0.000000e+00 0.000000e+00 0.000000e+00 0.000000e+00 0.000000e+00 2.802597e-45 2.129974e-43 1.402677e-39 1.130360e-38 6.414562e-37 1.320992e-31 5.785070e-24 8.666872e-21 7.158752e-20 4.009716e-20 5.903841e-19 7.756237e-16 1.799805e-12 3.314772e-10 1.275159e-08 6.766686e-08 6.267131e-07 2.033474e-06 5.980468e-06 7.018762e-06 6.254217e-06 4.568843e-06 3.375307e-06 2.207513e-06 1.357180e-06 8.531896e-07 7.526461e-07 5.600852e-07 7.108205e-07 1.048389e-06 1.961729e-06 4.727822e-06 9.650367e-06 2.526152e-05 4.564952e-05 6.994196e-05 1.210022e-04 1.511219e-04 2.188102e-04 2.890361e-04 3.047632e-04 4.813503e-04 6.001508e-04 7.127469e-04 1.028808e-03 1.014925e-03 1.152936e-03 1.206382e-03 1.095660e-03 1.294523e-03 1.320956e-03 1.412374e-03 1.748613e-03 1.744304e-03 1.894770e-03 2.123699e-03 1.663682e-03 1.372635e-03 1.412301e-03 1.042068e-03 8.407936e-04 1.149850e-03 1.138242e-03 9.300754e-04 1.346611e-03 1.850671e-03 1.732253e-03 1.982102e-03 2.504693e-03 2.577198e-03 2.583799e-03 2.779422e-03 3.109189e-03 3.518935e-03 3.513050e-03 3.304582e-03 3.705463e-03 4.200744e-03 3.785537e-03 3.324141e-03 3.340447e-03 3.082467e-03 2.420092e-03 2.016551e-03 1.751359e-03 1.249889e-03 8.282254e-04 6.308811e-04 4.981537e-04 3.593063e-04 2.629276e-04 2.226518e-04 1.999201e-04 1.650014e-04 1.294864e-04 1.109669e-04 9.823892e-05 8.131590e-05 6.301431e-05 4.881826e-05 3.885052e-05 3.120932e-05 2.791890e-05 2.686428e-05 2.977059e-05 4.069306e-05 6.145571e-05 7.803325e-05 6.779775e-05 4.445482e-05 2.437458e-05 1.396542e-05 1.032131e-05 8.452184e-06 7.505685e-06 5.682743e-06 3.164468e-06 1.503521e-06 6.247242e-07 2.475828e-07 1.068171e-07 5.430690e-08 3.860878e-08 3.613598e-08 2.828590e-08 1.100024e-08 4.859217e-09 4.925791e-09 1.171464e-08 3.462322e-08 5.842474e-08 3.133363e-08 5.277734e-09 8.262532e-10 3.002565e-10 8.374885e-11 7.645486e-12 5.133359e-13 3.286134e-14 1.855400e-15 1.327818e-17 7.327548e-21 2.943645e-24 1.124090e-27 1.478952e-30 7.031206e-33 1.468498e-35 3.354947e-38 6.975524e-41 6.866362e-44 1.401298e-45 1.401298e-45 1.401298e-45 1.401298e-45 0.000000e+00 0.000000e+00 0.000000e+00 0.000000e+00 0.000000e+00 0.000000e+00 0.000000e+00 0.000000e+00 0.000000e+00 0.000000e+00 0.000000e+00 0.000000e+00 6.165713e-43 4.683980e-41 9.559518e-41 2.320410e-41 7.847271e-44 0.000000e+00 0.000000e+00 0.000000e+00 0.000000e+00 0.000000e+00 0.000000e+00 0.000000e+00 0.000000e+00 0.000000e+00
0.000000e+00 0.000000e+00 0.000000e+00 0.000000e+00 0.000000e+00 0.000000e+00 2.802597e-45 2.802597e-45 4.203895e-45 2.519789e-38 2.411782e-33 1.021867e-24 8.663700e-22 4.757092e-20 1.990120e-20 1.230514e-20 3.694988e-17 1.304585e-12 6.430041e-11 1.321743e-09 2.559903e-08 4.821180e-07 1.303087e-06 4.401162e-06 6.672723e-06 7.874590e-06 6.775883e-06 6.482397e-06 4.039519e-06 1.998624e-06 1.230288e-06 9.705822e-07 1.168810e-06 1.044473e-06 1.570418e-06 2.369232e-06 4.994119e-06 1.316648e-05 2.726171e-05 6.977298e-05 1.211402e-04 1.448633e-04 2.394907e-04 2.566234e-04 3.328042e-04 4.574292e-04 4.033173e-04 6.140890e-04 7.080437e-04 7.495774e-04 1.112492e-03 1.056945e-03 1.102760e-03 1.223757e-03 1.005636e-03 1.027481e-03 1.108482e-03 9.883541e-04 1.043383e-03 1.101060e-03 9.517291e-04 9.684381e-04 9.152049e-04 6.874957e-04 6.499601e-04 6.243760e-04 4.973992e-04 5.617520e-04 7.733965e-04 7.899992e-04 8.482127e-04 1.206529e-03 1.563218e-03 1.699567e-03 1.918260e-03 2.545597e-03 3.437581e-03 3.916255e-03 4.358035e-03 5.321049e-03 5.551622e-03 4.566963e-03 4.193857e-03 4.424133e-03 3.744863e-03 2.787143e-03 2.457703e-03 2.226054e-03 1.620322e-03 1.156047e-03 8.880786e-04 5.703428e-04 3.166676e-04 2.174762e-04 1.909502e-04 1.629633e-04 1.240266e-04 1.044912e-04 9.865480e-05 8.598501e-05 6.715586e-05 5.240667e-05 4.243761e-05 3.870729e-05 3.452374e-05 2.936746e-05 2.295902e-05 2.096713e-05 2.603790e-05 4.360242e-05 6.672797e-05 6.856852e-05 4.825493e-05 2.768898e-05 1.830506e-05 1.410940e-05 1.185787e-05 8.651502e-06 4.900824e-06 2.575273e-06 1.375404e-06 9.094527e-07 7.692419e-07 6.327454e-07 3.886863e-07 1.769240e-07 4.620234e-08 8.887523e-09 2.253327e-09 1.037984e-09 6.545141e-10 7.852954e-10 1.736250e-09 2.749234e-09 2.800847e-09 3.531147e-09 2.289934e-09 4.269525e-10 6.570287e-11 1.714292e-11 3.290529e-12 2.560857e-13 9.773003e-15 1.458611e-15 1.898160e-15 3.294621e-16 7.038599e-19 6.220513e-23 3.198171e-27 1.138454e-30 1.988862e-33 2.454231e-36 8.059918e-40 2.606415e-43 1.401298e-45 1.401298e-45 1.401298e-45 1.401298e-45 1.401298e-45 0.000000e+00 0.000000e+00 0.000000e+00 0.000000e+00 0.000000e+00 0.000000e+00 0.000000e+00 0.000000e+00 0.000000e+00 0.000000e+00 0.000000e+00 3.932604e-41 1.198449e-36 3.713535e-37 2.255388e-39 7.623064e-42 0.000000e+00 0.000000e+00 0.000000e+00 0.000000e+00 0.000000e+00 0.000000e+00 0.000000e+00 0.000000e+00 0.000000e+00 0.000000e+00
0.000000e+00 0.000000e+00 0.000000e+00 0.000000e+00 0.000000e+00 0.000000e+00 0.000000e+00 2.802597e-45 4.203895e-45 2.684636e-40 3.971398e-35 2.421627e-25 1.472642e-22 1.382312e-20 5.501741e-19 8.505825e-19 2.576600e-16 7.994676e-12 7.806470e-10 1.009054e-08 4.055774e-08 5.975174e-07 1.093429e-06 3.294460e-06 3.555172e-06 4.105359e-06 4.080156e-06 5.243889e-06 7.625382e-06 4.150001e-06 2.898634e-06 1.775529e-06 1.693273e-06 2.374004e-06 2.537633e-06 4.695477e-06 6.808868e-06 1.494695e-05 3.663477e-05 6.989587e-05 1.729091e-04 2.827807e-04 3.267970e-04 4.953927e-04 4.264674e-04 5.270569e-04 6.846860e-04 5.497473e-04 7.999398e-04 8.361161e-04 7.388023e-04 1.068470e-03 9.638178e-04 8.249051e-04 1.046895e-03 8.593656e-04 7.358476e-04 9.321493e-04 7.814816e-04 5.752409e-04 6.037619e-04 5.264943e-04 3.747675e-04 3.754281e-04 4.463785e-04 3.587581e-04 3.047803e-04 3.923581e-04 4.111845e-04 4.120875e-04 6.582234e-04 1.035082e-03 1.164657e-03 1.546103e-03 2.599225e-03 3.348200e-03 3.588722e-03 4.383374e-03 5.078162e-03 4.839642e-03 4.759400e-03 4.588219e-03 3.644602e-03 2.944919e-03 2.787073e-03 2.420667e-03 1.790103e-03 1.468949e-03 1.271732e-03 9.120827e-04 5.858631e-04 3.925497e-04 2.348853e-04 1.241662e-04 8.657138e-05 8.765169e-05 8.388574e-05 6.677973e-05 5.364575e-05 4.843071e-05 4.325570e-05 3.470255e-05 2.612252e-05 2.107132e-05 1.842201e-05 1.691605e-05 1.968045e-05 3.128302e-05 5.076174e-05 6.706211e-05 6.266317e-05 4.962460e-05 3.482026e-05 1.954555e-05 9.467382e-06 4.784185e-06 2.999652e-06 2.428315e-06 2.215600e-06 1.976269e-06 1.455952e-06 7.934150e-07 3.805985e-07 1.546448e-07 6.501246e-08 3.090618e-08 1.503970e-08 5.336930e-09 1.350875e-09 4.461309e-10 2.523153e-10 3.131718e-10 4.911392e-10 4.714775e-10 2.925346e-10 2.373680e-10 2.189650e-10 7.108115e-11 5.999102e-12 3.658926e-13 3.088907e-14 1.728344e-15 3.003318e-17 7.109136e-19 6.845217e-20 2.554511e-20 6.536856e-21 1.218880e-22 1.189054e-25 7.756949e-29 2.016707e-31 5.363148e-34 4.941298e-37 3.239704e-40 3.363116e-44 1.401298e-45 1.401298e-45 1.401298e-45 1.401298e-45 0.000000e+00 0.000000e+00 0.000000e+00 0.000000e+00 0.000000e+00 0.000000e+00 0.000000e+00 0.000000e+00 0.000000e+00 0.000000e+00 3.300058e-42 1.777100e-30 7.938522e-29 4.872899e-32 3.641675e-35 2.344793e-40 0.000000e+00 0.000000e+00 0.000000e+00 0.000000e+00 0.000000e+00 0.000000e+00 0.000000e+00 0.000000e+00 0.000000e+00 0.000000e+00
0.000000e+00 0.000000e+00 0.000000e+00 0.000000e+00 0.000000e+00 0.000000e+00 2.802597e-45 2.802597e-45 0.000000e+00 1.462815e-41 2.145082e-36 2.869499e-25 9.399691e-20 6.969146e-18 2.039908e-18 2.836074e-18 3.481924e-16 1.634191e-12 9.634892e-10 2.020768e-08 4.189678e-08 2.396866e-07 5.951315e-07 1.961489e-06 3.016547e-06 2.658093e-06 2.824764e-06 3.685217e-06 3.791344e-06 5.376987e-06 3.740545e-06 4.616080e-06 3.318747e-06 4.062444e-06 5.900548e-06 7.606654e-06 1.523525e-05 2.246329e-05 4.560278e-05 8.958171e-05 1.456655e-04 3.063019e-04 4.735714e-04 5.970380e-04 8.221913e-04 6.987823e-04 7.896385e-04 8.736845e-04 7.390532e-04 9.625820e-04 1.004662e-03 8.674552e-04 1.078068e-03 1.017273e-03 8.417259e-04 9.579081e-04 8.313647e-04 6.956108e-04 7.237197e-04 6.062976e-04 4.440792e-04 3.494763e-04 3.305422e-04 2.938797e-04 2.432808e-04 3.232375e-04 3.984330e-04 3.004732e-04 3.406295e-04 5.252577e-04 5.895811e-04 8.262139e-04 1.673061e-03 2.647962e-03 3.182428e-03 4.241360e-03 5.458774e-03 5.249528e-03 4.382983e-03 3.661965e-03 3.084383e-03 2.843378e-03 2.648841e-03 2.161453e-03 1.682497e-03 1.430652e-03 1.134353e-03 8.095746e-04 6.306021e-04 5.196978e-04 3.747739e-04 2.454508e-04 1.638704e-04 1.020783e-04 5.501016e-05 3.706790e-05 3.669997e-05 4.101918e-05 3.687570e-05 2.910734e-05 2.565801e-05 2.216515e-05 1.691232e-05 1.175771e-05 1.111308e-05 1.491160e-05 2.560369e-05 4.845912e-05 7.219009e-05 8.148159e-05 6.082493e-05 3.169240e-05 1.501470e-05 8.110992e-06 5.095937e-06 3.512528e-06 2.173992e-06 1.139604e-06 5.880029e-07 3.823655e-07 2.941340e-07 2.424383e-07 1.976408e-07 1.429849e-07 7.687117e-08 2.510598e-08 6.552520e-09 1.449161e-09 3.733510e-10 2.700525e-10 5.452382e-10 9.207997e-10 6.116582e-10 1.847083e-10 3.659773e-11 8.112292e-12 2.617606e-12 7.719027e-13 8.241488e-14 4.361171e-15 1.538733e-16 4.095603e-18 5.892780e-20 3.271561e-22 1.457566e-24 1.541594e-26 5.136114e-28 2.529638e-29 3.318091e-31 2.368165e-33 8.941003e-36 2.967400e-38 3.173128e-40 4.791039e-42 1.261169e-44 1.401298e-45 1.401298e-45 1.401298e-45 2.802597e-45 2.367634e-41 7.851756e-41 3.525667e-42 4.203895e-45 0.000000e+00 0.000000e+00 0.000000e+00 0.000000e+00 0.000000e+00 2.101948e-43 5.257892e-29 2.960728e-20 9.899089e-22 5.828986e-25 2.737832e-30 7.155203e-35 2.997377e-42 0.000000e+00 0.000000e+00 0.000000e+00 0.000000e+00 0.000000e+00 0.000000e+00 0.000000e+00 0.000000e+00 0.000000e+00
0.000000e+00 0.000000e+00 0.000000e+00 0.000000e+00 0.000000e+00 0.000000e+00 0.000000e+00 2.802597e-45 0.000000e+00 5.273086e-42 9.324704e-37 2.991218e-28 2.002101e-20 9.323443e-17 7.690265e-15 4.903103e-16 1.894855e-14 5.237219e-11 1.544577e-09 4.469158e-09 3.402126e-08 9.438373e-07 6.950547e-07 7.084960e-06 6.703537e-06 1.209561e-05 8.321093e-06 9.712336e-06 1.116980e-05 7.774553e-06 1.050852e-05 6.527179e-06 9.143533e-06 8.279715e-06 1.154559e-05 1.783110e-05 2.627313e-05 4.400888e-05 7.010650e-05 1.180997e-04 1.814959e-04 2.667223e-04 3.787475e-04 5.508068e-04 7.382557e-04 8.765858e-04 9.728951e-04 1.031293e-03 9.442538e-04 9.436568e-04 1.086697e-03 1.078091e-03 1.118351e-03 1.265773e-03 1.107108e-03 1.164834e-03 1.240911e-03 8.993017e-04 8.847959e-04 8.086581e-04 5.085334e-04 4.596963e-04 3.934230e-04 2.862828e-04 3.070971e-04 3.426223e-04 3.656619e-04 5.135064e-04 6.900997e-04 8.139458e-04 1.084506e-03 1.528148e-03 2.264312e-03 3.370300e-03 4.105380e-03 4.568065e-03 5.167582e-03 4.639626e-03 3.554979e-03 2.915543e-03 2.241857e-03 1.648998e-03 1.451357e-03 1.464749e-03 1.206969e-03 8.721630e-04 6.898275e-04 5.373463e-04 3.515664e-04 2.303349e-04 1.828348e-04 1.494804e-04 1.044377e-04 6.577658e-05 3.885050e-05 2.391780e-05 1.749107e-05 1.653789e-05 1.800604e-05 1.662009e-05 1.436297e-05 1.334437e-05 1.261380e-05 1.113282e-05 1.162520e-05 1.767377e-05 3.362435e-05 5.806350e-05 5.748631e-05 4.140655e-05 2.859765e-05 1.873728e-05 1.186595e-05 7.016760e-06 3.629285e-06 2.058152e-06 1.313474e-06 8.788037e-07 5.655914e-07 3.287987e-07 1.739888e-07 9.160694e-08 4.667601e-08 2.547305e-08 1.782022e-08 1.099074e-08 5.783063e-09 2.464257e-09 8.496999e-10 4.307583e-10 3.910275e-10 3.188313e-10 1.527106e-10 6.701287e-11 2.758796e-11 7.046548e-12 9.671953e-13 9.137016e-14 6.907574e-15 1.812586e-16 1.909278e-18 1.956131e-20 1.669009e-22 4.849430e-25 4.391953e-28 2.992889e-31 6.368358e-34 1.707153e-36 4.585311e-39 6.318455e-42 2.802597e-45 1.401298e-45 1.401298e-45 1.401298e-45 1.401298e-45 1.401298e-45 1.401298e-45 1.401298e-45 2.410233e-43 1.951524e-38 1.599946e-37 7.938919e-38 8.502271e-39 1.485174e-38 3.560793e-38 1.800753e-40 3.446634e-41 1.520330e-38 4.343386e-29 3.368699e-17 5.059334e-12 1.133196e-13 4.327359e-18 5.592980e-22 1.744617e-27 5.522385e-33 1.871925e-40 0.000000e+00 0.000000e+00 0.000000e+00 0.000000e+00 0.000000e+00 0.000000e+00 0.000000e+00 0.000000e+00
0.000000e+00 0.000000e+00 0.000000e+00 0.000000e+00 0.000000e+00 0.000000e+00 2.802597e-45 2.802597e-45 4.203895e-45 2.271072e-32 9.206636e-27 9.206791e-24 8.075217e-20 4.141914e-16 1.528060e-13 3.367947e-14 4.975332e-13 2.338014e-09 5.868961e-08 3.722989e-08 8.980197e-08 1.115080e-06 1.863732e-06 8.337734e-06 3.522013e-05 3.363041e-05 7.181078e-05 6.074826e-05 5.939196e-05 5.106055e-05 2.736119e-05 2.559259e-05 1.466381e-05 1.667100e-05 1.906921e-05 2.610258e-05 4.542951e-05 7.607805e-05 1.049676e-04 1.726349e-04 2.275848e-04 2.950563e-04 4.360861e-04 4.334716e-04 5.861840e-04 7.395283e-04 7.886481e-04 1.076112e-03 1.156280e-03 1.056405e-03 1.097249e-03 1.164362e-03 1.031479e-03 1.183491e-03 1.400894e-03 1.237237e-03 1.508563e-03 1.740789e-03 1.290859e-03 1.106312e-03 1.058914e-03 7.043045e-04 4.940956e-04 5.647313e-04 5.034500e-04 4.224785e-04 6.455811e-04 9.840417e-04 1.195619e-03 1.864326e-03 3.087265e-03 3.528802e-03 3.540587e-03 4.278885e-03 4.920698e-03 4.170663e-03 3.472934e-03 3.231607e-03 2.645463e-03 2.014584e-03 1.687011e-03 1.359340e-03 9.607084e-04 7.631580e-04 7.380791e-04 7.069147e-04 5.787257e-04 4.151659e-04 2.779489e-04 1.851844e-04 1.327525e-04 9.559332e-05 6.191222e-05 4.182494e-05 3.107217e-05 2.125308e-05 1.264276e-05 8.387268e-06 8.231407e-06 1.090224e-05 1.234784e-05 1.154871e-05 1.094388e-05 1.317420e-05 1.973065e-05 2.661917e-05 2.855477e-05 3.399367e-05 3.640394e-05 3.032270e-05 1.868068e-05 9.785455e-06 5.941674e-06 3.687977e-06 1.936402e-06 1.055303e-06 6.514720e-07 4.135564e-07 2.581388e-07 1.577354e-07 9.486912e-08 7.190658e-08 4.792217e-08 2.111262e-08 7.195174e-09 1.485550e-09 4.889701e-10 6.086764e-10 2.314122e-09 7.106287e-09 6.028141e-09 1.294505e-09 1.266073e-10 1.749925e-11 7.072492e-12 2.130949e-12 2.485169e-13 2.871755e-14 2.257841e-15 5.059639e-17 2.769731e-19 5.807167e-22 1.320944e-24 2.137048e-27 1.234858e-30 5.844817e-34 3.410262e-37 3.318681e-40 4.582246e-43 0.000000e+00 1.401298e-45 1.401298e-45 1.401298e-45 1.401298e-45 0.000000e+00 0.000000e+00 1.401298e-45 1.401298e-45 1.401298e-45 3.222986e-44 8.409192e-42 7.645078e-40 6.301931e-37 2.146856e-32 6.340916e-30 3.519825e-30 1.916431e-30 1.148271e-27 6.309693e-20 2.408609e-11 7.326649e-08 9.186252e-10 3.837016e-12 1.218573e-15 4.325536e-19 2.177218e-24 5.713092e-31 1.884272e-37 3.082857e-44 0.000000e+00 0.000000e+00 0.000000e+00 0.000000e+00 0.000000e+00 0.000000e+00
0.000000e+00 0.000000e+00 0.000000e+00 0.000000e+00 0.000000e+00 0.000000e+00 2.802597e-45 2.366695e-35 4.453168e-29 1.654675e-22 5.886973e-20 6.180697e-21 1.545368e-14 6.760640e-10 3.414644e-08 4.012796e-11 1.517404e-09 6.603667e-07 9.578420e-06 1.804688e-06 1.078934e-06 4.760643e-06 2.958166e-06 2.852272e-05 3.148622e-05 9.059317e-05 6.179993e-05 1.277148e-04 1.453206e-04 1.146600e-04 1.055042e-04 4.254369e-05 3.976385e-05 2.509343e-05 2.656508e-05 3.312314e-05 3.994132e-05 7.888571e-05 1.420168e-04 1.904415e-04 3.273078e-04 3.423881e-04 4.229162e-04 5.463347e-04 4.738356e-04 6.401900e-04 6.339006e-04 6.640123e-04 8.957252e-04 9.930481e-04 1.122358e-03 1.214236e-03 1.127587e-03 1.058834e-03 1.156363e-03 1.244485e-03 1.326224e-03 1.552646e-03 1.527186e-03 1.386405e-03 1.169693e-03 9.794765e-04 1.006322e-03 8.756095e-04 8.910905e-04 1.263332e-03 1.415414e-03 1.742773e-03 3.284428e-03 4.773692e-03 5.298734e-03 6.840922e-03 7.487782e-03 6.310406e-03 5.552163e-03 4.913183e-03 3.800669e-03 2.903839e-03 2.318739e-03 1.765524e-03 1.419290e-03 1.204133e-03 9.068899e-04 6.801555e-04 5.969991e-04 5.279468e-04 4.656081e-04 4.553350e-04 4.200221e-04 2.707288e-04 1.464666e-04 9.841481e-05 7.394323e-05 4.552009e-05 2.446997e-05 1.501660e-05 1.133057e-05 1.008483e-05 9.427856e-06 1.047629e-05 1.252011e-05 1.527722e-05 1.955848e-05 2.789851e-05 4.129334e-05 4.512237e-05 3.330491e-05 2.439732e-05 1.764941e-05 1.410474e-05 9.818085e-06 4.974584e-06 2.562570e-06 1.508377e-06 1.005260e-06 6.975226e-07 4.789090e-07 3.344391e-07 2.405250e-07 1.243211e-07 4.356470e-08 1.704510e-08 6.622948e-09 3.671246e-09 2.524881e-09 1.461215e-09 8.165418e-10 5.784311e-10 5.802503e-10 6.147701e-10 6.798140e-10 4.266849e-10 1.206309e-10 3.297456e-11 8.202451e-12 1.595210e-12 4.148231e-13 9.081592e-14 1.286246e-14 2.433433e-16 4.775673e-19 2.353356e-22 6.070979e-26 4.299824e-30 1.665322e-34 1.144043e-38 2.487305e-42 4.203895e-45 0.000000e+00 0.000000e+00 0.000000e+00 0.000000e+00 0.000000e+00 0.000000e+00 0.000000e+00 0.000000e+00 0.000000e+00 1.401298e-45 1.401298e-45 1.401298e-45 1.401298e-45 1.401298e-45 6.854656e-39 5.630701e-31 5.431345e-27 6.876446e-26 1.339719e-24 3.002155e-22 1.673595e-16 1.089665e-09 1.314644e-07 1.775208e-08 8.107960e-10 2.728174e-11 3.407523e-14 1.328703e-18 9.062407e-25 2.937680e-32 1.564041e-39 0.000000e+00 0.000000e+00 0.000000e+00 0.000000e+00 0.000000e+00 0.000000e+00
0.000000e+00 0.000000e+00 0.000000e+00 0.000000e+00 0.000000e+00 0.000000e+00 2.098713e-37 2.701708e-26 6.131609e-19 1.239103e-18 2.789567e-15 9.892259e-16 3.227889e-13 3.563511e-09 1.385859e-07 7.374832e-08 1.301893e-05 4.812763e-04 1.748592e-04 8.343501e-05 3.612813e-05 1.155330e-04 5.893471e-05 1.877652e-04 2.737925e-04 1.407871e-04 3.342950e-04 1.812008e-04 2.502195e-04 2.008376e-04 1.889448e-04 1.439370e-04 6.200647e-05 6.147769e-05 4.068071e-05 5.038913e-05 5.767637e-05 6.329669e-05 1.113772e-04 1.748983e-04 2.482641e-04 4.254909e-04 4.072721e-04 4.827084e-04 5.159930e-04 4.327124e-04 6.068565e-04 4.985788e-04 5.344346e-04 6.431927e-04 6.955764e-04 9.890273e-04 1.162878e-03 1.130973e-03 1.011191e-03 1.023033e-03 9.484921e-04 9.151787e-04 1.149102e-03 1.059752e-03 9.685036e-04 1.124571e-03 1.001238e-03 1.184860e-03 1.819666e-03 2.185993e-03 2.975264e-03 4.605633e-03 5.872693e-03 7.885882e-03 1.028741e-02 1.024571e-02 9.672929e-03 9.178225e-03 7.505640e-03 6.147125e-03 5.255938e-03 3.953733e-03 2.723336e-03 2.054661e-03 1.649798e-03 1.362069e-03 1.089543e-03 8.294965e-04 6.997460e-04 6.649539e-04 6.056984e-04 5.188718e-04 4.922542e-04 4.305303e-04 2.851895e-04 1.622570e-04 1.000460e-04 6.646188e-05 3.759262e-05 2.236804e-05 1.546660e-05 1.308194e-05 1.170489e-05 1.273661e-05 2.018165e-05 3.774896e-05 5.868491e-05 6.728821e-05 6.815757e-05 5.126858e-05 3.278135e-05 2.048516e-05 1.270438e-05 9.255221e-06 6.450445e-06 3.667185e-06 1.736711e-06 8.568908e-07 4.231115e-07 2.131341e-07 1.006343e-07 5.114662e-08 3.552941e-08 3.179928e-08 3.824898e-08 3.257592e-08 1.131162e-08 2.447479e-09 4.961104e-10 2.241986e-10 3.523005e-10 9.324502e-10 1.129418e-09 5.530704e-10 1.842152e-10 4.298107e-11 1.082258e-11 1.943780e-12 1.258162e-13 7.084664e-15 1.086422e-15 7.776656e-16 7.277666e-16 1.087479e-16 4.271009e-18 3.327643e-20 2.021543e-23 2.971965e-28 3.717005e-34 3.182755e-40 1.401298e-45 0.000000e+00 0.000000e+00 0.000000e+00 0.000000e+00 0.000000e+00 0.000000e+00 0.000000e+00 0.000000e+00 0.000000e+00 0.000000e+00 0.000000e+00 0.000000e+00 0.000000e+00 0.000000e+00 1.401298e-45 7.230700e-43 9.691138e-33 4.951730e-28 3.620509e-25 1.943722e-22 2.959315e-20 5.427848e-15 7.430164e-09 2.294873e-07 3.819754e-08 3.044721e-08 1.671813e-09 4.968252e-12 3.855235e-16 8.403842e-23 7.093860e-30 1.811983e-39 0.000000e+00 0.000000e+00 0.000000e+00 0.000000e+00 0.000000e+00 0.000000e+00
0.000000e+00 0.000000e+00 0.000000e+00 0.000000e+00 1.882275e-39 8.244479e-36 4.614141e-24 2.221171e-15 1.343179e-15 5.605111e-16 5.177333e-15 4.044001e-11 2.054981e-07 2.256050e-08 1.792757e-08 2.019523e-08 6.600847e-05 5.570178e-05 6.775434e-05 1.687076e-04 1.382415e-04 2.315209e-04 2.836918e-04 1.730632e-03 2.007294e-03 1.616239e-03 1.027692e-03 1.227456e-03 6.313701e-04 5.274449e-04 3.059538e-04 2.519092e-04 1.562835e-04 1.119250e-04 9.471600e-05 7.113707e-05 9.493175e-05 9.667941e-05 1.260049e-04 1.443612e-04 1.946019e-04 2.665982e-04 3.643079e-04 3.901779e-04 4.861395e-04 4.414477e-04 4.347333e-04 5.334684e-04 4.296222e-04 5.630443e-04 5.080968e-04 4.779222e-04 7.167571e-04 7.497349e-04 9.139374e-04 8.564013e-04 7.198923e-04 7.054633e-04 7.013325e-04 7.871084e-04 8.770002e-04 9.703801e-04 1.157577e-03 1.280170e-03 1.788021e-03 2.603266e-03 3.729495e-03 5.753916e-03 7.824401e-03 9.551714e-03 1.148860e-02 1.271431e-02 1.206351e-02 1.095199e-02 1.039476e-02 8.501115e-03 5.939523e-03 4.376785e-03 3.395982e-03 2.567259e-03 1.907061e-03 1.655667e-03 1.643015e-03 1.398035e-03 1.029046e-03 8.936101e-04 9.006260e-04 8.013240e-04 6.533635e-04 5.413037e-04 4.262536e-04 2.793258e-04 1.575455e-04 1.138666e-04 8.598238e-05 5.180246e-05 2.424088e-05 1.488957e-05 1.644066e-05 2.674708e-05 4.680578e-05 7.984693e-05 1.139960e-04 1.135881e-04 8.883017e-05 5.464064e-05 3.411736e-05 2.404409e-05 1.503685e-05 8.133810e-06 3.899408e-06 1.894635e-06 8.997411e-07 4.315424e-07 2.302002e-07 1.688325e-07 1.328992e-07 8.739832e-08 3.984351e-08 1.195115e-08 3.717177e-09 1.138168e-09 4.687842e-10 4.028753e-10 5.292865e-10 8.140538e-10 9.419147e-10 5.155926e-10 1.165193e-10 2.246945e-11 7.293372e-12 3.824527e-12 3.142847e-12 2.281257e-12 3.727967e-13 1.196455e-14 3.217842e-16 2.927059e-17 2.448930e-18 9.953862e-20 9.315944e-21 3.693926e-21 1.213128e-21 3.573302e-24 1.938955e-29 9.302487e-36 3.150119e-42 0.000000e+00 0.000000e+00 0.000000e+00 0.000000e+00 0.000000e+00 0.000000e+00 0.000000e+00 0.000000e+00 0.000000e+00 0.000000e+00 0.000000e+00 0.000000e+00 0.000000e+00 0.000000e+00 1.401298e-45 4.203895e-45 3.285438e-35 4.880164e-31 5.766962e-27 4.831164e-24 7.327006e-22 4.745464e-16 1.055460e-10 2.115158e-09 5.217488e-09 1.266266e-08 7.129818e-09 1.415426e-11 2.307635e-16 2.245138e-22 2.675399e-31 7.545250e-40 0.000000e+00 0.000000e+00 0.000000e+00 0.000000e+00 0.000000e+00 0.000000e+00
0.000000e+00 0.000000e+00 0.000000e+00 0.000000e+00 2.275989e-41 2.135950e-23 1.820525e-13 8.802532e-11 1.376994e-10 4.283300e-10 1.491636e-11 7.925219e-11 6.964260e-09 9.404110e-07 1.330776e-06 1.348593e-06 1.839902e-05 3.392371e-06 1.166410e-05 9.230658e-05 1.836798e-05 5.279305e-05 5.956283e-05 3.421780e-04 9.101207e-04 1.062445e-03 1.507832e-03 1.276870e-03 1.290602e-03 8.893707e-04 5.880344e-04 2.155822e-04 2.188727e-04 1.168509e-04 1.378578e-04 1.078281e-04 9.654436e-05 1.410270e-04 1.234249e-04 2.207629e-04 1.873483e-04 2.109826e-04 3.123034e-04 2.942791e-04 3.899336e-04 5.828346e-04 3.895982e-04 4.967958e-04 4.927258e-04 3.499107e-04 5.750473e-04 4.236497e-04 3.749087e-04 5.419023e-04 5.202097e-04 6.778482e-04 8.168223e-04 7.781478e-04 6.558600e-04 8.752454e-04 1.106061e-03 9.919880e-04 1.514936e-03 1.822053e-03 1.551402e-03 2.229867e-03 3.051120e-03 3.420693e-03 5.403782e-03 7.969788e-03 9.357110e-03 1.061068e-02 1.096369e-02 1.114505e-02 1.075873e-02 7.623945e-03 5.417833e-03 4.539329e-03 3.284225e-03 2.327255e-03 2.021106e-03 1.880564e-03 1.703853e-03 1.645315e-03 1.542853e-03 1.249959e-03 1.031402e-03 9.197702e-04 7.994574e-04 6.447068e-04 5.154287e-04 4.627378e-04 3.728031e-04 2.334841e-04 1.232884e-04 7.443894e-05 4.942828e-05 3.617892e-05 3.727704e-05 5.918037e-05 9.557938e-05 1.378655e-04 1.541146e-04 1.357903e-04 9.655789e-05 5.529475e-05 2.863081e-05 1.609822e-05 9.459412e-06 5.957434e-06 3.931769e-06 2.309944e-06 1.336734e-06 6.740103e-07 2.492394e-07 7.859508e-08 2.552725e-08 1.501067e-08 1.336875e-08 1.199031e-08 8.394536e-09 3.099911e-09 7.522972e-10 2.330929e-10 1.822991e-10 4.285317e-10 1.166757e-09 1.472321e-09 4.982676e-10 7.073885e-11 7.902801e-12 6.006949e-13 5.179722e-14 1.357018e-14 3.663425e-15 3.225341e-16 1.441896e-17 7.708062e-19 2.006726e-20 2.411130e-22 2.688583e-24 1.596645e-25 1.195150e-25 2.069669e-25 1.984854e-26 1.910523e-29 8.662649e-35 6.396227e-41 0.000000e+00 0.000000e+00 0.000000e+00 0.000000e+00 0.000000e+00 0.000000e+00 0.000000e+00 0.000000e+00 0.000000e+00 0.000000e+00 0.000000e+00 0.000000e+00 0.000000e+00 1.401298e-45 1.401298e-45 6.805032e-38 6.822027e-35 1.061237e-30 2.064618e-28 1.047953e-24 5.051879e-18 5.655099e-14 7.956877e-12 9.528660e-11 1.319348e-08 2.874168e-08 6.791096e-11 2.255409e-15 2.268188e-23 3.635479e-31 2.061590e-41 0.000000e+00 0.000000e+00 0.000000e+00 0.000000e+00 0.000000e+00 0.000000e+00
0.000000e+00 0.000000e+00 0.000000e+00 0.000000e+00 7.433861e-34 5.012344e-27 1.709513e-16 1.061959e-07 1.716591e-12 3.615635e-11 1.860031e-08 1.032473e-07 7.011825e-08 2.918622e-07 2.073759e-05 4.707622e-05 1.169430e-05 1.339578e-06 6.797061e-05 7.001718e-05 2.363992e-05 3.921511e-05 5.314316e-05 7.805078e-05 1.795581e-04 2.638661e-04 5.325391e-04 4.163716e-04 6.495852e-04 3.865991e-04 4.180690e-04 2.559815e-04 9.894079e-05 1.509826e-04 6.385337e-05 1.250963e-04 8.705107e-05 1.031123e-04 1.698522e-04 1.297742e-04 3.091179e-04 2.304009e-04 2.544254e-04 4.289405e-04 2.713526e-04 4.390195e-04 5.210089e-04 3.695858e-04 5.685759e-04 4.016732e-04 3.973890e-04 4.931887e-04 4.149003e-04 5.636066e-04 5.706407e-04 7.100153e-04 1.030662e-03 1.101573e-03 1.537647e-03 1.386832e-03 1.375948e-03 2.010159e-03 1.872250e-03 1.907865e-03 2.376954e-03 2.305546e-03 2.300909e-03 2.565501e-03 2.983712e-03 3.875566e-03 4.604514e-03 5.848039e-03 6.858675e-03 5.971632e-03 5.363322e-03 5.389399e-03 4.369092e-03 3.202344e-03 2.735006e-03 2.371618e-03 1.952066e-03 1.668856e-03 1.365898e-03 1.172431e-03 1.210818e-03 1.207034e-03 9.795517e-04 7.743059e-04 7.232024e-04 8.140754e-04 8.041749e-04 6.182892e-04 4.425030e-04 3.353951e-04 2.353048e-04 1.491163e-04 1.010071e-04 9.541296e-05 1.118526e-04 1.488111e-04 1.690471e-04 1.618731e-04 1.300684e-04 9.815743e-05 7.583899e-05 5.302252e-05 2.945677e-05 1.515398e-05 7.407043e-06 4.064704e-06 2.252562e-06 1.114563e-06 5.495988e-07 2.919140e-07 1.721188e-07 1.208661e-07 7.662815e-08 3.815932e-08 1.314430e-08 3.361330e-09 8.290149e-10 3.264813e-10 2.999186e-10 4.598981e-10 7.646353e-10 5.583898e-10 1.379531e-10 2.711960e-11 7.642781e-12 3.196373e-12 1.394674e-12 4.423521e-13 9.538082e-14 2.213473e-14 7.656944e-15 1.979069e-15 1.206704e-16 2.346707e-18 1.500427e-20 3.462289e-23 1.455487e-26 4.025460e-30 7.969993e-33 3.852946e-34 2.447464e-34 1.777442e-34 7.308286e-36 3.123571e-38 1.216747e-41 0.000000e+00 0.000000e+00 0.000000e+00 0.000000e+00 0.000000e+00 0.000000e+00 0.000000e+00 0.000000e+00 0.000000e+00 0.000000e+00 0.000000e+00 0.000000e+00 1.401298e-45 1.401298e-45 8.407791e-45 2.225262e-42 3.029903e-39 5.634849e-36 1.701232e-28 6.586096e-22 1.967440e-17 3.148906e-15 7.200021e-12 6.731382e-09 1.612140e-07 3.103204e-09 8.236095e-15 1.330662e-21 4.387903e-31 1.979362e-40 0.000000e+00 0.000000e+00 0.000000e+00 0.000000e+00 0.000000e+00 0.000000e+00
0.000000e+00 0.000000e+00 0.000000e+00 7.006492e-45 3.321419e-37 1.789100e-26 1.303950e-18 1.807313e-11 1.098989e-10 3.814481e-09 4.231077e-10 5.323979e-09 1.866920e-07 1.167154e-06 1.592597e-04 2.732923e-05 2.486363e-06 2.873976e-05 1.145852e-04 2.910552e-05 2.281509e-05 1.592912e-04 1.431246e-04 1.639091e-04 1.830901e-04 2.581998e-04 2.359583e-04 3.425521e-04 1.958106e-04 3.367283e-04 1.146221e-04 1.830706e-04 1.059248e-04 6.701906e-05 9.861456e-05 4.425322e-05 1.220179e-04 7.419707e-05 1.254373e-04 1.660784e-04 1.236587e-04 3.251220e-04 1.926995e-04 2.818121e-04 3.728500e-04 2.326858e-04 4.524836e-04 3.729375e-04 4.263461e-04 6.709365e-04 4.257483e-04 6.986022e-04 7.116972e-04 6.734058e-04 1.300204e-03 1.321754e-03 1.552990e-03 2.417487e-03 2.739636e-03 2.714943e-03 2.972295e-03 2.904137e-03 2.260261e-03 2.489231e-03 3.220551e-03 2.451905e-03 2.412477e-03 3.374556e-03 2.725800e-03 1.901729e-03 2.409149e-03 2.474521e-03 2.051038e-03 2.363435e-03 2.567362e-03 2.390368e-03 2.187814e-03 1.993523e-03 1.950252e-03 2.077277e-03 1.701796e-03 1.214840e-03 1.087937e-03 9.305127e-04 6.749541e-04 5.782417e-04 6.614674e-04 8.397300e-04 8.526593e-04 7.483440e-04 6.943813e-04 6.881229e-04 6.142949e-04 4.695360e-04 3.646793e-04 3.153166e-04 2.888511e-04 3.032122e-04 2.970934e-04 2.659672e-04 2.265958e-04 1.721563e-04 1.147989e-04 7.461073e-05 5.597024e-05 3.974128e-05 2.173371e-05 9.870953e-06 3.370769e-06 1.429064e-06 9.531346e-07 8.388776e-07 6.799734e-07 3.360120e-07 1.096857e-07 3.876441e-08 1.985405e-08 1.213572e-08 7.055762e-09 3.768026e-09 1.635952e-09 7.824484e-10 5.527225e-10 6.050554e-10 8.801714e-10 8.049417e-10 3.207091e-10 9.052258e-11 2.565286e-11 4.573119e-12 4.412950e-13 3.712938e-14 2.275882e-15 9.971085e-17 7.680169e-18 1.765946e-18 4.456073e-19 5.552898e-20 2.993146e-21 7.840873e-23 1.799413e-25 1.583274e-29 2.407988e-34 7.614767e-39 2.676480e-42 1.121039e-44 0.000000e+00 0.000000e+00 0.000000e+00 0.000000e+00 0.000000e+00 0.000000e+00 0.000000e+00 0.000000e+00 0.000000e+00 0.000000e+00 0.000000e+00 0.000000e+00 0.000000e+00 0.000000e+00 0.000000e+00 0.000000e+00 0.000000e+00 0.000000e+00 0.000000e+00 0.000000e+00 4.203895e-45 9.308770e-37 7.645599e-30 2.628903e-26 7.692786e-23 1.856616e-17 1.987584e-13 1.664779e-10 8.915519e-12 1.153914e-15 2.418251e-22 5.475456e-30 1.834862e-39 0.000000e+00 0.000000e+00 0.000000e+00 0.000000e+00 0.000000e+00 0.000000e+00
1.401298e-45 1.401298e-45 0.000000e+00 6.294955e-40 9.849958e-39 1.381988e-28 1.237448e-16 2.536704e-10 9.179072e-15 1.191653e-10 7.435584e-10 8.124840e-11 1.874898e-09 2.599544e-05 1.401554e-03 2.006877e-06 6.608092e-07 1.281250e-05 8.141181e-05 3.527098e-05 3.450308e-05 9.506838e-05 1.315850e-04 3.357547e-04 4.224105e-04 5.244578e-04 3.169721e-04 2.854952e-04 4.110079e-04 1.706514e-04 2.740558e-04 7.434231e-05 1.331344e-04 6.444112e-05 6.873916e-05 7.766399e-05 4.764730e-05 1.262559e-04 6.760418e-05 1.428743e-04 1.296265e-04 1.164237e-04 2.558911e-04 1.519556e-04 2.763083e-04 3.069488e-04 2.564635e-04 4.926208e-04 3.995948e-04 6.794520e-04 1.089401e-03 9.382380e-04 1.617803e-03 1.761643e-03 1.996911e-03 2.721181e-03 3.346716e-03 3.583199e-03 3.446792e-03 5.403304e-03 4.455707e-03 3.600379e-03 5.209345e-03 3.588281e-03 2.464616e-03 4.446174e-03 3.664084e-03 2.367269e-03 3.265797e-03 2.830765e-03 1.618916e-03 1.397183e-03 1.223012e-03 9.777397e-04 1.120886e-03 9.978979e-04 9.074179e-04 1.134327e-03 1.071015e-03 8.795826e-04 9.343738e-04 1.006575e-03 7.703970e-04 5.329095e-04 4.616509e-04 4.811743e-04 4.907412e-04 5.190244e-04 5.814836e-04 6.529474e-04 6.668552e-04 6.510705e-04 6.665806e-04 6.543141e-04 6.240517e-04 6.418062e-04 7.205837e-04 7.267589e-04 5.486720e-04 3.236325e-04 2.077301e-04 1.658232e-04 1.462125e-04 9.566113e-05 5.137745e-05 2.426231e-05 1.261913e-05 6.551934e-06 2.922194e-06 1.306548e-06 5.737570e-07 2.583945e-07 1.398799e-07 8.793366e-08 4.705945e-08 2.544113e-08 1.555044e-08 7.938574e-09 3.272927e-09 1.345995e-09 6.528118e-10 5.598779e-10 8.670217e-10 1.016067e-09 5.146204e-10 1.044938e-10 1.357281e-11 2.447217e-12 7.317456e-13 3.118825e-13 1.711421e-13 1.284764e-13 7.301648e-14 5.664802e-15 1.164893e-16 3.088761e-18 8.655355e-20 1.111246e-21 5.112177e-24 2.491414e-26 9.629028e-29 5.615443e-32 2.892197e-36 2.445546e-41 0.000000e+00 0.000000e+00 0.000000e+00 0.000000e+00 0.000000e+00 0.000000e+00 0.000000e+00 0.000000e+00 0.000000e+00 0.000000e+00 0.000000e+00 0.000000e+00 0.000000e+00 0.000000e+00 0.000000e+00 0.000000e+00 0.000000e+00 0.000000e+00 0.000000e+00 0.000000e+00 0.000000e+00 0.000000e+00 0.000000e+00 3.475220e-43 5.370916e-38 4.664086e-37 4.906389e-32 1.200212e-27 4.104086e-21 6.245153e-18 6.166129e-18 7.819942e-21 1.404541e-25 4.714474e-32 2.758456e-41 0.000000e+00 0.000000e+00 0.000000e+00 0.000000e+00 0.000000e+00 0.000000e+00
